FinanceProductionOrderSettlementKey,SettlementDateKey,PostingDateKey,FinanceProductionSettlementKey,ProductKey,PlantKey,WorkCenterKey,CostCenterKey,FinanceCostElementDetailKey,FinancePostingStatusKey,CurrencyKey,ProductionOrderNumber,SettledQuantity,SettledAmount,WipReliefAmount,SourceSystemKey,BatchId,LoadedAtUtc
1,20260623,20260807,27,15,256,182,66,419,8,2,FPOS000001,0.8000,11.3700,11.3700,1,1,2026-08-24T00:00:00.000
2,20260701,20260716,405,312,259,473,154,387,3,2,FPOS000002,1.5000,12.7400,12.7400,1,1,2026-08-24T00:00:00.000
3,20260713,20260811,493,455,293,92,336,396,6,5,FPOS000003,2.2000,14.1100,14.1100,1,1,2026-08-24T00:00:00.000
4,20260717,20260702,101,30,189,282,12,305,2,2,FPOS000004,2.9000,15.4800,15.4800,1,1,2026-08-24T00:00:00.000
5,20260530,20260707,444,252,337,297,163,361,4,3,FPOS000005,3.6000,16.8500,16.8500,1,1,2026-08-24T00:00:00.000
6,20260629,20260812,243,274,326,495,497,448,1,5,FPOS000006,4.3000,18.2200,18.2200,1,1,2026-08-24T00:00:00.000
7,20260722,20260725,163,303,67,456,280,255,1,5,FPOS000007,5.0000,19.5900,19.5900,1,1,2026-08-24T00:00:00.000
8,20260815,20260609,155,35,305,378,309,387,9,3,FPOS000008,5.7000,20.9600,20.9600,1,1,2026-08-24T00:00:00.000
9,20260602,20260821,410,179,196,61,356,1,9,1,FPOS000009,6.4000,22.3300,22.3300,1,1,2026-08-24T00:00:00.000
10,20260626,20260623,258,467,27,180,196,438,2,3,FPOS000010,7.1000,23.7000,23.7000,1,1,2026-08-24T00:00:00.000
11,20260617,20260704,82,361,97,405,86,348,8,5,FPOS000011,7.8000,25.0700,25.0700,1,1,2026-08-24T00:00:00.000
12,20260730,20260725,264,256,277,14,1,244,7,1,FPOS000012,8.5000,26.4400,26.4400,1,1,2026-08-24T00:00:00.000
13,20260815,20260817,349,263,133,286,269,17,3,5,FPOS000013,9.2000,27.8100,27.8100,1,1,2026-08-24T00:00:00.000
14,20260623,20260607,321,268,327,412,325,405,4,3,FPOS000014,9.9000,29.1800,29.1800,1,1,2026-08-24T00:00:00.000
15,20260730,20260812,71,334,177,262,352,29,2,2,FPOS000015,10.6000,30.5500,30.5500,1,1,2026-08-24T00:00:00.000
16,20260722,20260710,184,368,338,383,200,475,9,3,FPOS000016,11.3000,31.9200,31.9200,1,1,2026-08-24T00:00:00.000
17,20260801,20260807,281,87,21,-1,-1,205,8,1,FPOS000017,12.0000,33.2900,33.2900,1,1,2026-08-24T00:00:00.000
18,20260715,20260602,78,427,134,233,291,338,4,4,FPOS000018,12.7000,34.6600,34.6600,1,1,2026-08-24T00:00:00.000
19,20260722,20260714,85,12,84,30,197,265,2,2,FPOS000019,13.4000,36.0300,36.0300,1,1,2026-08-24T00:00:00.000
20,20260711,20260721,16,225,85,319,350,132,4,4,FPOS000020,14.1000,37.4000,37.4000,1,1,2026-08-24T00:00:00.000
21,20260717,20260623,386,176,222,331,465,407,8,5,FPOS000021,14.8000,38.7700,38.7700,1,1,2026-08-24T00:00:00.000
22,20260713,20260722,183,309,96,221,368,298,3,5,FPOS000022,15.5000,40.1400,40.1400,1,1,2026-08-24T00:00:00.000
23,20260527,20260805,68,334,276,481,282,393,6,3,FPOS000023,16.2000,41.5100,41.5100,1,1,2026-08-24T00:00:00.000
24,20260725,20260613,35,363,311,192,336,328,3,1,FPOS000024,16.9000,42.8800,42.8800,1,1,2026-08-24T00:00:00.000
25,20260626,20260720,381,57,30,151,469,494,3,2,FPOS000025,17.6000,44.2500,44.2500,1,1,2026-08-24T00:00:00.000
26,20260619,20260731,331,82,310,246,310,202,2,4,FPOS000026,18.3000,45.6200,45.6200,1,1,2026-08-24T00:00:00.000
27,20260818,20260601,498,251,269,216,16,146,9,3,FPOS000027,19.0000,46.9900,46.9900,1,1,2026-08-24T00:00:00.000
28,20260627,20260725,155,315,23,231,246,435,3,5,FPOS000028,19.7000,48.3600,48.3600,1,1,2026-08-24T00:00:00.000
29,20260706,20260612,412,446,45,350,204,252,5,5,FPOS000029,20.4000,49.7300,49.7300,1,1,2026-08-24T00:00:00.000
30,20260628,20260721,477,389,22,235,95,448,9,1,FPOS000030,21.1000,51.1000,51.1000,1,1,2026-08-24T00:00:00.000
31,20260611,20260818,229,134,342,2,314,294,2,1,FPOS000031,21.8000,52.4700,52.4700,1,1,2026-08-24T00:00:00.000
32,20260711,20260626,233,202,280,487,401,286,3,3,FPOS000032,22.5000,53.8400,53.8400,1,1,2026-08-24T00:00:00.000
33,20260815,20260724,40,305,42,412,428,293,3,2,FPOS000033,23.2000,55.2100,55.2100,1,1,2026-08-24T00:00:00.000
34,20260712,20260719,71,414,186,-1,-1,168,1,1,FPOS000034,23.9000,56.5800,56.5800,1,1,2026-08-24T00:00:00.000
35,20260717,20260824,168,176,38,222,251,42,10,4,FPOS000035,24.6000,57.9500,57.9500,1,1,2026-08-24T00:00:00.000
36,20260601,20260609,421,159,111,449,489,229,1,3,FPOS000036,25.3000,59.3200,59.3200,1,1,2026-08-24T00:00:00.000
37,20260629,20260613,314,488,42,230,52,114,7,1,FPOS000037,26.0000,60.6900,60.6900,1,1,2026-08-24T00:00:00.000
38,20260531,20260611,96,271,56,224,286,55,7,1,FPOS000038,26.7000,62.0600,62.0600,1,1,2026-08-24T00:00:00.000
39,20260624,20260723,238,217,104,367,433,357,7,3,FPOS000039,27.4000,63.4300,63.4300,1,1,2026-08-24T00:00:00.000
40,20260812,20260627,142,281,94,340,142,12,10,5,FPOS000040,28.1000,64.8000,64.8000,1,1,2026-08-24T00:00:00.000
41,20260820,20260608,140,164,32,386,320,478,2,3,FPOS000041,28.8000,66.1700,66.1700,1,1,2026-08-24T00:00:00.000
42,20260607,20260725,321,143,221,217,199,317,9,5,FPOS000042,29.5000,67.5400,67.5400,1,1,2026-08-24T00:00:00.000
43,20260809,20260822,226,427,214,124,164,298,9,4,FPOS000043,30.2000,68.9100,68.9100,1,1,2026-08-24T00:00:00.000
44,20260721,20260824,3,315,193,286,178,192,1,3,FPOS000044,30.9000,70.2800,70.2800,1,1,2026-08-24T00:00:00.000
45,20260820,20260804,105,302,84,285,11,140,6,2,FPOS000045,31.6000,71.6500,71.6500,1,1,2026-08-24T00:00:00.000
46,20260801,20260814,159,342,306,324,189,267,4,3,FPOS000046,32.3000,73.0200,73.0200,1,1,2026-08-24T00:00:00.000
47,20260731,20260629,2,141,123,250,416,367,4,4,FPOS000047,33.0000,74.3900,74.3900,1,1,2026-08-24T00:00:00.000
48,20260707,20260821,329,467,12,134,468,343,6,4,FPOS000048,33.7000,75.7600,75.7600,1,1,2026-08-24T00:00:00.000
49,20260625,20260605,39,145,291,159,322,94,3,5,FPOS000049,34.4000,77.1300,77.1300,1,1,2026-08-24T00:00:00.000
50,20260528,20260622,138,468,225,22,29,245,5,4,FPOS000050,35.1000,78.5000,78.5000,1,1,2026-08-24T00:00:00.000
51,20260707,20260704,244,478,29,-1,-1,490,1,1,FPOS000051,35.8000,79.8700,79.8700,1,1,2026-08-24T00:00:00.000
52,20260623,20260729,207,230,68,24,15,69,8,4,FPOS000052,36.5000,81.2400,81.2400,1,1,2026-08-24T00:00:00.000
53,20260703,20260615,204,390,66,180,104,84,2,3,FPOS000053,37.2000,82.6100,82.6100,1,1,2026-08-24T00:00:00.000
54,20260628,20260720,402,397,196,128,447,235,6,5,FPOS000054,37.9000,83.9800,83.9800,1,1,2026-08-24T00:00:00.000
55,20260702,20260810,407,398,3,246,330,483,3,4,FPOS000055,38.6000,85.3500,85.3500,1,1,2026-08-24T00:00:00.000
56,20260606,20260701,12,414,82,349,184,418,4,1,FPOS000056,39.3000,86.7200,86.7200,1,1,2026-08-24T00:00:00.000
57,20260616,20260614,334,269,73,437,331,401,3,2,FPOS000057,40.0000,88.0900,88.0900,1,1,2026-08-24T00:00:00.000
58,20260814,20260628,193,493,303,320,456,158,2,1,FPOS000058,40.7000,89.4600,89.4600,1,1,2026-08-24T00:00:00.000
59,20260617,20260723,405,367,221,119,17,440,9,3,FPOS000059,41.4000,90.8300,90.8300,1,1,2026-08-24T00:00:00.000
60,20260724,20260728,471,73,23,139,361,256,4,2,FPOS000060,42.1000,92.2000,92.2000,1,1,2026-08-24T00:00:00.000
61,20260615,20260816,144,140,285,186,457,287,4,1,FPOS000061,42.8000,93.5700,93.5700,1,1,2026-08-24T00:00:00.000
62,20260626,20260627,129,140,271,112,131,69,7,3,FPOS000062,43.5000,94.9400,94.9400,1,1,2026-08-24T00:00:00.000
63,20260605,20260622,174,144,325,169,111,122,3,1,FPOS000063,44.2000,96.3100,96.3100,1,1,2026-08-24T00:00:00.000
64,20260607,20260627,47,494,296,296,224,320,9,1,FPOS000064,44.9000,97.6800,97.6800,1,1,2026-08-24T00:00:00.000
65,20260626,20260714,194,232,245,346,445,321,5,5,FPOS000065,45.6000,99.0500,99.0500,1,1,2026-08-24T00:00:00.000
66,20260705,20260824,154,84,52,251,442,39,1,2,FPOS000066,46.3000,100.4200,100.4200,1,1,2026-08-24T00:00:00.000
67,20260612,20260531,402,270,203,480,399,354,6,2,FPOS000067,47.0000,101.7900,101.7900,1,1,2026-08-24T00:00:00.000
68,20260706,20260713,402,56,300,-1,-1,451,6,2,FPOS000068,47.7000,103.1600,103.1600,1,1,2026-08-24T00:00:00.000
69,20260813,20260626,146,63,203,264,264,78,3,3,FPOS000069,48.4000,104.5300,104.5300,1,1,2026-08-24T00:00:00.000
70,20260725,20260811,137,351,240,48,277,278,2,1,FPOS000070,49.1000,105.9000,105.9000,1,1,2026-08-24T00:00:00.000
71,20260620,20260710,34,385,182,6,292,246,9,5,FPOS000071,49.8000,107.2700,107.2700,1,1,2026-08-24T00:00:00.000
72,20260617,20260813,20,371,278,479,184,439,4,2,FPOS000072,50.5000,108.6400,108.6400,1,1,2026-08-24T00:00:00.000
73,20260630,20260824,275,426,64,291,287,125,4,5,FPOS000073,51.2000,110.0100,110.0100,1,1,2026-08-24T00:00:00.000
74,20260606,20260811,469,232,170,108,437,429,4,1,FPOS000074,51.9000,111.3800,111.3800,1,1,2026-08-24T00:00:00.000
75,20260702,20260527,13,110,170,161,178,12,2,5,FPOS000075,52.6000,112.7500,112.7500,1,1,2026-08-24T00:00:00.000
76,20260720,20260717,367,325,164,236,151,231,4,1,FPOS000076,53.3000,114.1200,114.1200,1,1,2026-08-24T00:00:00.000
77,20260816,20260726,130,171,248,388,431,460,3,4,FPOS000077,54.0000,115.4900,115.4900,1,1,2026-08-24T00:00:00.000
78,20260627,20260610,347,437,228,270,202,359,10,4,FPOS000078,54.7000,116.8600,116.8600,1,1,2026-08-24T00:00:00.000
79,20260626,20260608,90,375,314,372,217,302,2,2,FPOS000079,55.4000,118.2300,118.2300,1,1,2026-08-24T00:00:00.000
80,20260727,20260629,213,233,82,213,103,287,9,1,FPOS000080,56.1000,119.6000,119.6000,1,1,2026-08-24T00:00:00.000
81,20260727,20260713,203,247,258,41,3,286,8,4,FPOS000081,56.8000,120.9700,120.9700,1,1,2026-08-24T00:00:00.000
82,20260731,20260614,188,126,205,113,437,373,2,5,FPOS000082,57.5000,122.3400,122.3400,1,1,2026-08-24T00:00:00.000
83,20260820,20260604,364,484,239,59,116,289,8,5,FPOS000083,58.2000,123.7100,123.7100,1,1,2026-08-24T00:00:00.000
84,20260718,20260716,4,471,197,95,143,73,10,4,FPOS000084,58.9000,125.0800,125.0800,1,1,2026-08-24T00:00:00.000
85,20260528,20260807,490,66,78,-1,-1,160,4,5,FPOS000085,59.6000,126.4500,126.4500,1,1,2026-08-24T00:00:00.000
86,20260610,20260801,406,266,225,341,273,486,9,5,FPOS000086,60.3000,127.8200,127.8200,1,1,2026-08-24T00:00:00.000
87,20260707,20260625,339,40,49,458,232,238,5,3,FPOS000087,61.0000,129.1900,129.1900,1,1,2026-08-24T00:00:00.000
88,20260723,20260624,104,77,346,185,280,434,8,1,FPOS000088,61.7000,130.5600,130.5600,1,1,2026-08-24T00:00:00.000
89,20260717,20260715,401,212,120,168,4,284,9,5,FPOS000089,62.4000,131.9300,131.9300,1,1,2026-08-24T00:00:00.000
90,20260714,20260530,232,377,287,149,470,317,6,3,FPOS000090,63.1000,133.3000,133.3000,1,1,2026-08-24T00:00:00.000
91,20260824,20260605,184,396,40,325,377,324,4,4,FPOS000091,63.8000,134.6700,134.6700,1,1,2026-08-24T00:00:00.000
92,20260822,20260616,181,130,107,158,177,29,7,5,FPOS000092,64.5000,136.0400,136.0400,1,1,2026-08-24T00:00:00.000
93,20260531,20260607,222,50,65,194,399,197,1,3,FPOS000093,65.2000,137.4100,137.4100,1,1,2026-08-24T00:00:00.000
94,20260626,20260731,110,2,71,199,296,265,8,2,FPOS000094,65.9000,138.7800,138.7800,1,1,2026-08-24T00:00:00.000
95,20260529,20260813,471,96,227,101,489,352,9,1,FPOS000095,66.6000,140.1500,140.1500,1,1,2026-08-24T00:00:00.000
96,20260814,20260622,462,490,329,55,42,241,8,1,FPOS000096,67.3000,141.5200,141.5200,1,1,2026-08-24T00:00:00.000
97,20260708,20260625,70,490,200,451,82,253,7,2,FPOS000097,68.0000,142.8900,142.8900,1,1,2026-08-24T00:00:00.000
98,20260615,20260701,359,350,35,22,302,146,7,3,FPOS000098,68.7000,144.2600,144.2600,1,1,2026-08-24T00:00:00.000
99,20260814,20260815,47,80,205,498,429,396,10,4,FPOS000099,69.4000,145.6300,145.6300,1,1,2026-08-24T00:00:00.000
100,20260730,20260803,134,75,152,413,16,85,4,4,FPOS000100,70.1000,147.0000,147.0000,1,1,2026-08-24T00:00:00.000
101,20260601,20260724,47,128,172,127,435,454,2,3,FPOS000101,70.8000,148.3700,148.3700,1,1,2026-08-24T00:00:00.000
102,20260617,20260705,389,266,248,-1,-1,16,1,5,FPOS000102,71.5000,149.7400,149.7400,1,1,2026-08-24T00:00:00.000
103,20260530,20260726,240,454,263,219,309,44,10,3,FPOS000103,72.2000,151.1100,151.1100,1,1,2026-08-24T00:00:00.000
104,20260626,20260626,452,407,62,84,235,202,5,2,FPOS000104,72.9000,152.4800,152.4800,1,1,2026-08-24T00:00:00.000
105,20260807,20260722,462,54,143,298,40,497,2,3,FPOS000105,73.6000,153.8500,153.8500,1,1,2026-08-24T00:00:00.000
106,20260811,20260805,495,421,59,337,461,418,3,5,FPOS000106,74.3000,155.2200,155.2200,1,1,2026-08-24T00:00:00.000
107,20260625,20260806,490,440,276,119,417,278,3,5,FPOS000107,75.0000,156.5900,156.5900,1,1,2026-08-24T00:00:00.000
108,20260819,20260530,474,397,19,231,326,343,4,1,FPOS000108,75.7000,157.9600,157.9600,1,1,2026-08-24T00:00:00.000
109,20260615,20260606,322,378,202,459,337,203,8,4,FPOS000109,76.4000,159.3300,159.3300,1,1,2026-08-24T00:00:00.000
110,20260621,20260609,55,205,244,487,132,422,5,4,FPOS000110,77.1000,160.7000,160.7000,1,1,2026-08-24T00:00:00.000
111,20260612,20260731,485,274,153,363,179,228,8,5,FPOS000111,77.8000,162.0700,162.0700,1,1,2026-08-24T00:00:00.000
112,20260706,20260730,284,473,291,5,427,296,10,1,FPOS000112,78.5000,163.4400,163.4400,1,1,2026-08-24T00:00:00.000
113,20260822,20260822,113,267,289,395,119,221,8,3,FPOS000113,79.2000,164.8100,164.8100,1,1,2026-08-24T00:00:00.000
114,20260623,20260620,62,348,16,437,126,377,1,2,FPOS000114,79.9000,166.1800,166.1800,1,1,2026-08-24T00:00:00.000
115,20260711,20260616,349,148,276,122,93,415,9,2,FPOS000115,80.6000,167.5500,167.5500,1,1,2026-08-24T00:00:00.000
116,20260626,20260809,243,340,212,73,454,227,8,2,FPOS000116,81.3000,168.9200,168.9200,1,1,2026-08-24T00:00:00.000
117,20260709,20260615,95,366,117,299,78,165,8,2,FPOS000117,82.0000,170.2900,170.2900,1,1,2026-08-24T00:00:00.000
118,20260623,20260628,478,406,210,38,335,433,9,1,FPOS000118,82.7000,171.6600,171.6600,1,1,2026-08-24T00:00:00.000
119,20260730,20260815,54,334,101,-1,-1,243,10,2,FPOS000119,83.4000,173.0300,173.0300,1,1,2026-08-24T00:00:00.000
120,20260711,20260821,153,195,214,33,392,231,1,4,FPOS000120,84.1000,174.4000,174.4000,1,1,2026-08-24T00:00:00.000
121,20260615,20260814,373,500,89,72,348,279,10,1,FPOS000121,84.8000,175.7700,175.7700,1,1,2026-08-24T00:00:00.000
122,20260821,20260608,278,64,303,207,253,431,5,4,FPOS000122,85.5000,177.1400,177.1400,1,1,2026-08-24T00:00:00.000
123,20260801,20260716,338,130,94,209,405,78,5,3,FPOS000123,86.2000,178.5100,178.5100,1,1,2026-08-24T00:00:00.000
124,20260723,20260722,38,468,95,252,11,140,4,2,FPOS000124,86.9000,179.8800,179.8800,1,1,2026-08-24T00:00:00.000
125,20260624,20260818,110,448,177,57,343,327,5,5,FPOS000125,87.6000,181.2500,181.2500,1,1,2026-08-24T00:00:00.000
126,20260717,20260728,428,201,296,40,255,288,6,5,FPOS000126,88.3000,182.6200,182.6200,1,1,2026-08-24T00:00:00.000
127,20260812,20260623,213,79,44,327,238,108,1,2,FPOS000127,89.0000,183.9900,183.9900,1,1,2026-08-24T00:00:00.000
128,20260816,20260616,212,182,289,197,318,219,1,2,FPOS000128,89.7000,185.3600,185.3600,1,1,2026-08-24T00:00:00.000
129,20260705,20260702,51,457,345,128,69,292,10,4,FPOS000129,90.4000,186.7300,186.7300,1,1,2026-08-24T00:00:00.000
130,20260717,20260606,105,285,136,264,482,332,2,3,FPOS000130,91.1000,188.1000,188.1000,1,1,2026-08-24T00:00:00.000
131,20260727,20260815,299,270,10,452,190,412,4,5,FPOS000131,91.8000,189.4700,189.4700,1,1,2026-08-24T00:00:00.000
132,20260629,20260808,444,43,204,92,121,176,10,4,FPOS000132,92.5000,190.8400,190.8400,1,1,2026-08-24T00:00:00.000
133,20260722,20260611,294,252,72,132,233,82,8,1,FPOS000133,93.2000,192.2100,192.2100,1,1,2026-08-24T00:00:00.000
134,20260610,20260725,309,369,205,9,48,457,8,2,FPOS000134,93.9000,193.5800,193.5800,1,1,2026-08-24T00:00:00.000
135,20260615,20260624,48,47,149,47,99,193,7,1,FPOS000135,94.6000,194.9500,194.9500,1,1,2026-08-24T00:00:00.000
136,20260627,20260816,368,489,212,-1,-1,499,4,2,FPOS000136,95.3000,196.3200,196.3200,1,1,2026-08-24T00:00:00.000
137,20260823,20260529,180,489,23,389,377,152,8,5,FPOS000137,96.0000,197.6900,197.6900,1,1,2026-08-24T00:00:00.000
138,20260806,20260729,103,265,258,199,448,137,3,1,FPOS000138,96.7000,199.0600,199.0600,1,1,2026-08-24T00:00:00.000
139,20260530,20260814,240,306,3,375,111,331,3,2,FPOS000139,97.4000,200.4300,200.4300,1,1,2026-08-24T00:00:00.000
140,20260801,20260617,299,184,275,7,42,26,2,1,FPOS000140,98.1000,201.8000,201.8000,1,1,2026-08-24T00:00:00.000
141,20260620,20260812,132,179,152,432,267,72,9,5,FPOS000141,98.8000,203.1700,203.1700,1,1,2026-08-24T00:00:00.000
142,20260727,20260718,352,279,257,216,114,278,10,3,FPOS000142,99.5000,204.5400,204.5400,1,1,2026-08-24T00:00:00.000
143,20260613,20260723,140,233,304,270,250,67,1,5,FPOS000143,100.2000,205.9100,205.9100,1,1,2026-08-24T00:00:00.000
144,20260710,20260723,424,27,36,477,289,483,5,1,FPOS000144,100.9000,207.2800,207.2800,1,1,2026-08-24T00:00:00.000
145,20260817,20260609,452,143,182,66,329,140,6,4,FPOS000145,101.6000,208.6500,208.6500,1,1,2026-08-24T00:00:00.000
146,20260704,20260528,434,313,308,406,206,15,2,4,FPOS000146,102.3000,210.0200,210.0200,1,1,2026-08-24T00:00:00.000
147,20260719,20260803,169,315,300,168,200,380,5,3,FPOS000147,103.0000,211.3900,211.3900,1,1,2026-08-24T00:00:00.000
148,20260627,20260629,441,199,149,316,463,216,10,5,FPOS000148,103.7000,212.7600,212.7600,1,1,2026-08-24T00:00:00.000
149,20260807,20260725,315,14,188,434,219,133,9,4,FPOS000149,104.4000,214.1300,214.1300,1,1,2026-08-24T00:00:00.000
150,20260622,20260821,411,478,279,201,183,116,4,2,FPOS000150,105.1000,215.5000,215.5000,1,1,2026-08-24T00:00:00.000
151,20260624,20260816,123,93,288,295,220,424,1,4,FPOS000151,105.8000,216.8700,216.8700,1,1,2026-08-24T00:00:00.000
152,20260605,20260622,68,238,213,60,326,369,4,4,FPOS000152,106.5000,218.2400,218.2400,1,1,2026-08-24T00:00:00.000
153,20260718,20260719,192,40,98,-1,-1,344,8,3,FPOS000153,107.2000,219.6100,219.6100,1,1,2026-08-24T00:00:00.000
154,20260731,20260614,328,271,128,484,466,159,3,4,FPOS000154,107.9000,220.9800,220.9800,1,1,2026-08-24T00:00:00.000
155,20260802,20260623,1,197,105,61,17,11,6,1,FPOS000155,108.6000,222.3500,222.3500,1,1,2026-08-24T00:00:00.000
156,20260527,20260701,76,220,283,57,5,358,5,4,FPOS000156,109.3000,223.7200,223.7200,1,1,2026-08-24T00:00:00.000
157,20260621,20260824,379,419,297,356,195,129,9,5,FPOS000157,110.0000,225.0900,225.0900,1,1,2026-08-24T00:00:00.000
158,20260824,20260708,42,392,133,444,322,71,9,4,FPOS000158,110.7000,226.4600,226.4600,1,1,2026-08-24T00:00:00.000
159,20260707,20260630,329,376,104,39,23,312,5,5,FPOS000159,111.4000,227.8300,227.8300,1,1,2026-08-24T00:00:00.000
160,20260628,20260813,226,104,147,492,278,407,2,4,FPOS000160,112.1000,229.2000,229.2000,1,1,2026-08-24T00:00:00.000
161,20260707,20260802,160,431,208,342,52,454,7,5,FPOS000161,112.8000,230.5700,230.5700,1,1,2026-08-24T00:00:00.000
162,20260816,20260703,85,13,159,25,138,417,5,4,FPOS000162,113.5000,231.9400,231.9400,1,1,2026-08-24T00:00:00.000
163,20260819,20260713,67,47,220,292,297,246,9,3,FPOS000163,114.2000,233.3100,233.3100,1,1,2026-08-24T00:00:00.000
164,20260614,20260624,303,236,46,134,289,449,6,3,FPOS000164,114.9000,234.6800,234.6800,1,1,2026-08-24T00:00:00.000
165,20260606,20260811,284,131,81,142,6,131,5,4,FPOS000165,115.6000,236.0500,236.0500,1,1,2026-08-24T00:00:00.000
166,20260701,20260809,210,262,6,42,254,121,8,3,FPOS000166,116.3000,237.4200,237.4200,1,1,2026-08-24T00:00:00.000
167,20260612,20260713,366,109,57,165,214,110,7,3,FPOS000167,117.0000,238.7900,238.7900,1,1,2026-08-24T00:00:00.000
168,20260708,20260818,485,42,83,34,478,296,2,4,FPOS000168,117.7000,240.1600,240.1600,1,1,2026-08-24T00:00:00.000
169,20260722,20260704,42,276,47,147,187,294,6,3,FPOS000169,118.4000,241.5300,241.5300,1,1,2026-08-24T00:00:00.000
170,20260615,20260723,218,441,183,-1,-1,249,6,5,FPOS000170,119.1000,242.9000,242.9000,1,1,2026-08-24T00:00:00.000
171,20260711,20260802,492,109,154,67,423,362,4,4,FPOS000171,119.8000,244.2700,244.2700,1,1,2026-08-24T00:00:00.000
172,20260731,20260819,274,345,217,165,76,9,4,4,FPOS000172,120.5000,245.6400,245.6400,1,1,2026-08-24T00:00:00.000
173,20260714,20260531,21,291,305,300,347,37,3,4,FPOS000173,121.2000,247.0100,247.0100,1,1,2026-08-24T00:00:00.000
174,20260615,20260619,402,3,250,472,247,188,4,3,FPOS000174,121.9000,248.3800,248.3800,1,1,2026-08-24T00:00:00.000
175,20260813,20260818,488,403,220,103,221,189,9,1,FPOS000175,122.6000,249.7500,249.7500,1,1,2026-08-24T00:00:00.000
176,20260806,20260619,456,28,291,330,408,257,9,4,FPOS000176,123.3000,251.1200,251.1200,1,1,2026-08-24T00:00:00.000
177,20260702,20260603,481,472,104,443,444,384,2,2,FPOS000177,124.0000,252.4900,252.4900,1,1,2026-08-24T00:00:00.000
178,20260707,20260820,46,425,293,456,201,121,10,2,FPOS000178,124.7000,253.8600,253.8600,1,1,2026-08-24T00:00:00.000
179,20260729,20260615,157,215,97,8,392,408,1,3,FPOS000179,125.4000,255.2300,255.2300,1,1,2026-08-24T00:00:00.000
180,20260702,20260712,485,312,21,203,41,7,10,5,FPOS000180,126.1000,256.6000,256.6000,1,1,2026-08-24T00:00:00.000
181,20260815,20260627,167,177,228,267,426,415,2,4,FPOS000181,126.8000,257.9700,257.9700,1,1,2026-08-24T00:00:00.000
182,20260605,20260605,84,460,342,51,480,94,7,2,FPOS000182,127.5000,259.3400,259.3400,1,1,2026-08-24T00:00:00.000
183,20260717,20260724,229,423,119,221,24,471,9,2,FPOS000183,128.2000,260.7100,260.7100,1,1,2026-08-24T00:00:00.000
184,20260812,20260807,441,188,217,10,481,427,6,3,FPOS000184,128.9000,262.0800,262.0800,1,1,2026-08-24T00:00:00.000
185,20260806,20260629,462,37,241,399,241,498,1,4,FPOS000185,129.6000,263.4500,263.4500,1,1,2026-08-24T00:00:00.000
186,20260705,20260823,87,471,349,54,280,354,10,3,FPOS000186,130.3000,264.8200,264.8200,1,1,2026-08-24T00:00:00.000
187,20260808,20260618,132,279,109,-1,-1,124,4,5,FPOS000187,131.0000,266.1900,266.1900,1,1,2026-08-24T00:00:00.000
188,20260806,20260723,292,110,229,419,92,100,8,1,FPOS000188,131.7000,267.5600,267.5600,1,1,2026-08-24T00:00:00.000
189,20260531,20260713,178,219,108,420,376,195,3,4,FPOS000189,132.4000,268.9300,268.9300,1,1,2026-08-24T00:00:00.000
190,20260823,20260714,369,437,263,201,144,426,8,4,FPOS000190,133.1000,270.3000,270.3000,1,1,2026-08-24T00:00:00.000
191,20260819,20260705,138,197,129,129,441,488,9,1,FPOS000191,133.8000,271.6700,271.6700,1,1,2026-08-24T00:00:00.000
192,20260729,20260607,364,393,265,224,51,160,1,3,FPOS000192,134.5000,273.0400,273.0400,1,1,2026-08-24T00:00:00.000
193,20260609,20260609,373,349,39,316,272,362,6,3,FPOS000193,135.2000,274.4100,274.4100,1,1,2026-08-24T00:00:00.000
194,20260719,20260702,423,182,88,279,285,349,4,3,FPOS000194,135.9000,275.7800,275.7800,1,1,2026-08-24T00:00:00.000
195,20260813,20260718,419,225,331,482,469,365,10,3,FPOS000195,136.6000,277.1500,277.1500,1,1,2026-08-24T00:00:00.000
196,20260724,20260706,120,428,332,44,460,204,9,2,FPOS000196,137.3000,278.5200,278.5200,1,1,2026-08-24T00:00:00.000
197,20260724,20260708,106,330,303,391,408,212,9,2,FPOS000197,138.0000,279.8900,279.8900,1,1,2026-08-24T00:00:00.000
198,20260621,20260620,316,298,298,475,4,204,4,5,FPOS000198,138.7000,281.2600,281.2600,1,1,2026-08-24T00:00:00.000
199,20260622,20260627,10,289,203,102,254,485,4,2,FPOS000199,139.4000,282.6300,282.6300,1,1,2026-08-24T00:00:00.000
200,20260819,20260724,409,430,10,258,130,406,6,2,FPOS000200,140.1000,284.0000,284.0000,1,1,2026-08-24T00:00:00.000
201,20260801,20260623,314,352,278,312,188,338,7,4,FPOS000201,140.8000,285.3700,285.3700,1,1,2026-08-24T00:00:00.000
202,20260712,20260820,448,150,303,146,86,309,8,2,FPOS000202,141.5000,286.7400,286.7400,1,1,2026-08-24T00:00:00.000
203,20260803,20260531,9,3,58,86,287,243,5,4,FPOS000203,142.2000,288.1100,288.1100,1,1,2026-08-24T00:00:00.000
204,20260812,20260703,46,209,230,-1,-1,324,10,4,FPOS000204,142.9000,289.4800,289.4800,1,1,2026-08-24T00:00:00.000
205,20260813,20260730,151,243,150,333,299,99,9,5,FPOS000205,143.6000,290.8500,290.8500,1,1,2026-08-24T00:00:00.000
206,20260622,20260717,420,260,300,367,316,341,6,3,FPOS000206,144.3000,292.2200,292.2200,1,1,2026-08-24T00:00:00.000
207,20260714,20260721,459,446,207,303,210,26,10,3,FPOS000207,145.0000,293.5900,293.5900,1,1,2026-08-24T00:00:00.000
208,20260814,20260723,137,169,285,277,306,248,5,4,FPOS000208,145.7000,294.9600,294.9600,1,1,2026-08-24T00:00:00.000
209,20260728,20260720,393,212,211,458,361,317,7,4,FPOS000209,146.4000,296.3300,296.3300,1,1,2026-08-24T00:00:00.000
210,20260821,20260623,159,445,313,214,205,489,7,4,FPOS000210,147.1000,297.7000,297.7000,1,1,2026-08-24T00:00:00.000
211,20260715,20260731,343,228,40,76,2,417,8,4,FPOS000211,147.8000,299.0700,299.0700,1,1,2026-08-24T00:00:00.000
212,20260806,20260604,282,355,179,387,26,56,9,2,FPOS000212,148.5000,300.4400,300.4400,1,1,2026-08-24T00:00:00.000
213,20260627,20260819,193,466,102,315,286,157,8,4,FPOS000213,149.2000,301.8100,301.8100,1,1,2026-08-24T00:00:00.000
214,20260813,20260815,27,272,233,369,139,75,8,2,FPOS000214,149.9000,303.1800,303.1800,1,1,2026-08-24T00:00:00.000
215,20260804,20260818,384,482,213,256,248,187,10,4,FPOS000215,150.6000,304.5500,304.5500,1,1,2026-08-24T00:00:00.000
216,20260808,20260529,9,107,47,144,378,73,5,4,FPOS000216,151.3000,305.9200,305.9200,1,1,2026-08-24T00:00:00.000
217,20260719,20260719,164,443,268,196,446,496,2,1,FPOS000217,152.0000,307.2900,307.2900,1,1,2026-08-24T00:00:00.000
218,20260608,20260727,463,392,252,410,431,118,8,4,FPOS000218,152.7000,308.6600,308.6600,1,1,2026-08-24T00:00:00.000
219,20260802,20260811,233,234,209,197,415,331,4,1,FPOS000219,153.4000,310.0300,310.0300,1,1,2026-08-24T00:00:00.000
220,20260630,20260531,173,468,332,274,112,284,10,5,FPOS000220,154.1000,311.4000,311.4000,1,1,2026-08-24T00:00:00.000
221,20260625,20260527,180,76,240,-1,-1,100,3,4,FPOS000221,154.8000,312.7700,312.7700,1,1,2026-08-24T00:00:00.000
222,20260702,20260711,112,313,103,370,288,351,8,5,FPOS000222,155.5000,314.1400,314.1400,1,1,2026-08-24T00:00:00.000
223,20260821,20260604,331,365,48,349,219,182,6,4,FPOS000223,156.2000,315.5100,315.5100,1,1,2026-08-24T00:00:00.000
224,20260805,20260819,203,414,156,450,309,257,3,3,FPOS000224,156.9000,316.8800,316.8800,1,1,2026-08-24T00:00:00.000
225,20260618,20260624,453,416,156,312,199,70,2,3,FPOS000225,157.6000,318.2500,318.2500,1,1,2026-08-24T00:00:00.000
226,20260726,20260731,327,276,141,258,493,216,2,3,FPOS000226,158.3000,319.6200,319.6200,1,1,2026-08-24T00:00:00.000
227,20260621,20260802,479,10,74,160,6,462,1,5,FPOS000227,159.0000,320.9900,320.9900,1,1,2026-08-24T00:00:00.000
228,20260623,20260726,303,11,319,180,5,33,2,3,FPOS000228,159.7000,322.3600,322.3600,1,1,2026-08-24T00:00:00.000
229,20260621,20260628,325,171,287,286,262,9,1,3,FPOS000229,160.4000,323.7300,323.7300,1,1,2026-08-24T00:00:00.000
230,20260726,20260713,90,13,21,238,321,411,4,4,FPOS000230,161.1000,325.1000,325.1000,1,1,2026-08-24T00:00:00.000
231,20260608,20260626,201,40,114,360,39,156,2,5,FPOS000231,161.8000,326.4700,326.4700,1,1,2026-08-24T00:00:00.000
232,20260605,20260606,471,430,197,142,118,83,4,3,FPOS000232,162.5000,327.8400,327.8400,1,1,2026-08-24T00:00:00.000
233,20260715,20260728,449,293,117,472,252,260,2,1,FPOS000233,163.2000,329.2100,329.2100,1,1,2026-08-24T00:00:00.000
234,20260710,20260822,273,462,262,74,54,24,9,3,FPOS000234,163.9000,330.5800,330.5800,1,1,2026-08-24T00:00:00.000
235,20260705,20260821,202,98,175,206,399,443,5,3,FPOS000235,164.6000,331.9500,331.9500,1,1,2026-08-24T00:00:00.000
236,20260704,20260806,231,197,323,190,419,67,5,4,FPOS000236,165.3000,333.3200,333.3200,1,1,2026-08-24T00:00:00.000
237,20260620,20260620,367,25,302,191,162,161,3,4,FPOS000237,166.0000,334.6900,334.6900,1,1,2026-08-24T00:00:00.000
238,20260817,20260712,491,480,316,-1,-1,122,1,5,FPOS000238,166.7000,336.0600,336.0600,1,1,2026-08-24T00:00:00.000
239,20260814,20260718,462,443,187,248,466,359,8,1,FPOS000239,167.4000,337.4300,337.4300,1,1,2026-08-24T00:00:00.000
240,20260531,20260731,411,86,340,420,340,443,7,5,FPOS000240,168.1000,338.8000,338.8000,1,1,2026-08-24T00:00:00.000
241,20260814,20260622,313,83,266,395,355,492,6,1,FPOS000241,168.8000,340.1700,340.1700,1,1,2026-08-24T00:00:00.000
242,20260602,20260725,32,409,21,137,330,189,1,3,FPOS000242,169.5000,341.5400,341.5400,1,1,2026-08-24T00:00:00.000
243,20260824,20260623,3,262,270,232,278,132,6,5,FPOS000243,170.2000,342.9100,342.9100,1,1,2026-08-24T00:00:00.000
244,20260818,20260620,26,21,197,282,486,268,2,4,FPOS000244,170.9000,344.2800,344.2800,1,1,2026-08-24T00:00:00.000
245,20260629,20260606,404,275,163,146,341,449,9,5,FPOS000245,171.6000,345.6500,345.6500,1,1,2026-08-24T00:00:00.000
246,20260718,20260701,221,30,266,285,483,492,6,2,FPOS000246,172.3000,347.0200,347.0200,1,1,2026-08-24T00:00:00.000
247,20260724,20260731,135,460,233,294,159,286,1,1,FPOS000247,173.0000,348.3900,348.3900,1,1,2026-08-24T00:00:00.000
248,20260626,20260802,296,227,3,72,34,135,4,5,FPOS000248,173.7000,349.7600,349.7600,1,1,2026-08-24T00:00:00.000
249,20260718,20260603,392,424,297,271,163,328,5,2,FPOS000249,174.4000,351.1300,351.1300,1,1,2026-08-24T00:00:00.000
250,20260810,20260815,428,418,150,166,463,40,2,2,FPOS000250,175.1000,352.5000,352.5000,1,1,2026-08-24T00:00:00.000
251,20260804,20260821,420,270,322,138,491,361,9,1,FPOS000251,175.8000,353.8700,353.8700,1,1,2026-08-24T00:00:00.000
252,20260724,20260817,198,259,85,332,36,78,7,3,FPOS000252,176.5000,355.2400,355.2400,1,1,2026-08-24T00:00:00.000
253,20260824,20260718,200,225,163,242,165,373,1,5,FPOS000253,177.2000,356.6100,356.6100,1,1,2026-08-24T00:00:00.000
254,20260815,20260824,258,480,86,297,305,170,6,2,FPOS000254,177.9000,357.9800,357.9800,1,1,2026-08-24T00:00:00.000
255,20260604,20260721,74,348,253,-1,-1,303,2,3,FPOS000255,178.6000,359.3500,359.3500,1,1,2026-08-24T00:00:00.000
256,20260709,20260626,347,420,13,40,308,435,5,3,FPOS000256,179.3000,360.7200,360.7200,1,1,2026-08-24T00:00:00.000
257,20260718,20260724,8,196,344,440,216,395,8,4,FPOS000257,180.0000,362.0900,362.0900,1,1,2026-08-24T00:00:00.000
258,20260817,20260813,401,249,295,179,494,95,2,5,FPOS000258,180.7000,363.4600,363.4600,1,1,2026-08-24T00:00:00.000
259,20260626,20260819,419,51,99,442,197,429,6,4,FPOS000259,181.4000,364.8300,364.8300,1,1,2026-08-24T00:00:00.000
260,20260712,20260721,142,364,253,13,178,265,7,4,FPOS000260,182.1000,366.2000,366.2000,1,1,2026-08-24T00:00:00.000
261,20260710,20260710,118,330,169,392,318,231,1,5,FPOS000261,182.8000,367.5700,367.5700,1,1,2026-08-24T00:00:00.000
262,20260805,20260613,21,489,23,423,347,51,9,4,FPOS000262,183.5000,368.9400,368.9400,1,1,2026-08-24T00:00:00.000
263,20260610,20260818,363,101,257,203,17,275,7,3,FPOS000263,184.2000,370.3100,370.3100,1,1,2026-08-24T00:00:00.000
264,20260814,20260616,318,215,148,17,69,103,7,4,FPOS000264,184.9000,371.6800,371.6800,1,1,2026-08-24T00:00:00.000
265,20260724,20260610,244,146,232,465,391,246,2,3,FPOS000265,185.6000,373.0500,373.0500,1,1,2026-08-24T00:00:00.000
266,20260706,20260619,377,411,36,117,408,188,8,4,FPOS000266,186.3000,374.4200,374.4200,1,1,2026-08-24T00:00:00.000
267,20260626,20260604,224,144,51,172,28,12,3,1,FPOS000267,187.0000,375.7900,375.7900,1,1,2026-08-24T00:00:00.000
268,20260621,20260806,14,52,334,19,263,321,9,4,FPOS000268,187.7000,377.1600,377.1600,1,1,2026-08-24T00:00:00.000
269,20260813,20260601,379,439,343,425,50,157,6,2,FPOS000269,188.4000,378.5300,378.5300,1,1,2026-08-24T00:00:00.000
270,20260822,20260810,161,261,338,434,170,314,1,3,FPOS000270,189.1000,379.9000,379.9000,1,1,2026-08-24T00:00:00.000
271,20260812,20260613,133,120,51,427,203,176,1,3,FPOS000271,189.8000,381.2700,381.2700,1,1,2026-08-24T00:00:00.000
272,20260705,20260620,339,315,112,-1,-1,98,4,2,FPOS000272,190.5000,382.6400,382.6400,1,1,2026-08-24T00:00:00.000
273,20260823,20260729,15,371,301,64,329,17,3,1,FPOS000273,191.2000,384.0100,384.0100,1,1,2026-08-24T00:00:00.000
274,20260806,20260703,209,324,350,61,416,118,7,3,FPOS000274,191.9000,385.3800,385.3800,1,1,2026-08-24T00:00:00.000
275,20260728,20260531,221,33,181,277,47,65,2,2,FPOS000275,192.6000,386.7500,386.7500,1,1,2026-08-24T00:00:00.000
276,20260816,20260806,228,108,107,80,74,66,9,3,FPOS000276,193.3000,388.1200,388.1200,1,1,2026-08-24T00:00:00.000
277,20260714,20260713,404,262,127,416,106,428,5,1,FPOS000277,194.0000,389.4900,389.4900,1,1,2026-08-24T00:00:00.000
278,20260726,20260810,275,310,38,491,17,290,10,1,FPOS000278,194.7000,390.8600,390.8600,1,1,2026-08-24T00:00:00.000
279,20260729,20260706,1,165,55,195,404,100,1,2,FPOS000279,195.4000,392.2300,392.2300,1,1,2026-08-24T00:00:00.000
280,20260609,20260717,387,420,234,399,56,450,2,5,FPOS000280,196.1000,393.6000,393.6000,1,1,2026-08-24T00:00:00.000
281,20260706,20260717,447,215,192,27,374,362,2,1,FPOS000281,196.8000,394.9700,394.9700,1,1,2026-08-24T00:00:00.000
282,20260702,20260812,482,334,277,115,426,71,6,3,FPOS000282,197.5000,396.3400,396.3400,1,1,2026-08-24T00:00:00.000
283,20260612,20260619,142,483,29,248,466,102,4,2,FPOS000283,198.2000,397.7100,397.7100,1,1,2026-08-24T00:00:00.000
284,20260706,20260615,452,282,317,381,439,28,6,4,FPOS000284,198.9000,399.0800,399.0800,1,1,2026-08-24T00:00:00.000
285,20260807,20260719,124,36,175,129,290,494,3,5,FPOS000285,199.6000,400.4500,400.4500,1,1,2026-08-24T00:00:00.000
286,20260530,20260619,163,81,277,491,127,15,9,2,FPOS000286,200.3000,401.8200,401.8200,1,1,2026-08-24T00:00:00.000
287,20260711,20260719,121,166,129,470,359,340,6,5,FPOS000287,201.0000,403.1900,403.1900,1,1,2026-08-24T00:00:00.000
288,20260702,20260716,10,180,6,388,204,362,9,1,FPOS000288,201.7000,404.5600,404.5600,1,1,2026-08-24T00:00:00.000
289,20260702,20260630,20,453,187,-1,-1,15,4,2,FPOS000289,202.4000,405.9300,405.9300,1,1,2026-08-24T00:00:00.000
290,20260820,20260729,46,88,195,452,482,421,6,4,FPOS000290,203.1000,407.3000,407.3000,1,1,2026-08-24T00:00:00.000
291,20260725,20260821,256,41,227,304,22,287,2,3,FPOS000291,203.8000,408.6700,408.6700,1,1,2026-08-24T00:00:00.000
292,20260804,20260703,10,258,349,407,19,165,7,1,FPOS000292,204.5000,410.0400,410.0400,1,1,2026-08-24T00:00:00.000
293,20260714,20260722,309,472,76,491,384,159,1,2,FPOS000293,205.2000,411.4100,411.4100,1,1,2026-08-24T00:00:00.000
294,20260717,20260530,384,145,275,131,24,359,3,2,FPOS000294,205.9000,412.7800,412.7800,1,1,2026-08-24T00:00:00.000
295,20260822,20260726,150,220,50,137,460,310,8,3,FPOS000295,206.6000,414.1500,414.1500,1,1,2026-08-24T00:00:00.000
296,20260703,20260617,102,452,216,270,376,430,6,3,FPOS000296,207.3000,415.5200,415.5200,1,1,2026-08-24T00:00:00.000
297,20260801,20260615,201,214,61,159,192,324,3,5,FPOS000297,208.0000,416.8900,416.8900,1,1,2026-08-24T00:00:00.000
298,20260811,20260810,381,190,170,364,487,18,8,1,FPOS000298,208.7000,418.2600,418.2600,1,1,2026-08-24T00:00:00.000
299,20260821,20260622,352,211,112,439,86,341,10,4,FPOS000299,209.4000,419.6300,419.6300,1,1,2026-08-24T00:00:00.000
300,20260626,20260818,234,367,24,473,3,445,9,4,FPOS000300,210.1000,421.0000,421.0000,1,1,2026-08-24T00:00:00.000
301,20260617,20260730,366,111,218,22,410,408,3,5,FPOS000301,210.8000,422.3700,422.3700,1,1,2026-08-24T00:00:00.000
302,20260616,20260606,193,102,268,25,365,341,2,2,FPOS000302,211.5000,423.7400,423.7400,1,1,2026-08-24T00:00:00.000
303,20260818,20260822,378,83,344,355,465,431,9,5,FPOS000303,212.2000,425.1100,425.1100,1,1,2026-08-24T00:00:00.000
304,20260628,20260617,482,392,309,110,433,137,4,5,FPOS000304,212.9000,426.4800,426.4800,1,1,2026-08-24T00:00:00.000
305,20260724,20260726,273,81,134,118,432,322,1,4,FPOS000305,213.6000,427.8500,427.8500,1,1,2026-08-24T00:00:00.000
306,20260811,20260719,205,140,61,-1,-1,376,10,3,FPOS000306,214.3000,429.2200,429.2200,1,1,2026-08-24T00:00:00.000
307,20260530,20260714,194,26,183,314,2,334,7,1,FPOS000307,215.0000,430.5900,430.5900,1,1,2026-08-24T00:00:00.000
308,20260616,20260531,378,380,325,475,36,39,5,4,FPOS000308,215.7000,431.9600,431.9600,1,1,2026-08-24T00:00:00.000
309,20260818,20260821,174,34,20,185,113,60,9,3,FPOS000309,216.4000,433.3300,433.3300,1,1,2026-08-24T00:00:00.000
310,20260812,20260629,498,154,237,336,295,394,9,3,FPOS000310,217.1000,434.7000,434.7000,1,1,2026-08-24T00:00:00.000
311,20260706,20260705,195,419,201,256,362,177,6,1,FPOS000311,217.8000,436.0700,436.0700,1,1,2026-08-24T00:00:00.000
312,20260602,20260705,241,380,254,380,354,409,5,4,FPOS000312,218.5000,437.4400,437.4400,1,1,2026-08-24T00:00:00.000
313,20260822,20260708,74,333,184,368,206,340,2,5,FPOS000313,219.2000,438.8100,438.8100,1,1,2026-08-24T00:00:00.000
314,20260708,20260710,110,337,1,9,124,64,7,2,FPOS000314,219.9000,440.1800,440.1800,1,1,2026-08-24T00:00:00.000
315,20260718,20260819,398,349,348,7,410,337,10,2,FPOS000315,220.6000,441.5500,441.5500,1,1,2026-08-24T00:00:00.000
316,20260710,20260717,55,498,69,67,327,317,8,3,FPOS000316,221.3000,442.9200,442.9200,1,1,2026-08-24T00:00:00.000
317,20260811,20260617,83,124,235,371,178,352,7,3,FPOS000317,222.0000,444.2900,444.2900,1,1,2026-08-24T00:00:00.000
318,20260615,20260726,8,3,106,447,241,286,3,2,FPOS000318,222.7000,445.6600,445.6600,1,1,2026-08-24T00:00:00.000
319,20260615,20260620,448,477,101,173,166,198,3,4,FPOS000319,223.4000,447.0300,447.0300,1,1,2026-08-24T00:00:00.000
320,20260705,20260824,35,257,174,108,338,194,8,2,FPOS000320,224.1000,448.4000,448.4000,1,1,2026-08-24T00:00:00.000
321,20260823,20260705,348,282,209,126,209,365,7,5,FPOS000321,224.8000,449.7700,449.7700,1,1,2026-08-24T00:00:00.000
322,20260623,20260528,73,167,164,136,399,34,6,3,FPOS000322,225.5000,451.1400,451.1400,1,1,2026-08-24T00:00:00.000
323,20260821,20260528,416,398,244,-1,-1,215,5,3,FPOS000323,226.2000,452.5100,452.5100,1,1,2026-08-24T00:00:00.000
324,20260718,20260531,45,450,71,262,65,237,8,2,FPOS000324,226.9000,453.8800,453.8800,1,1,2026-08-24T00:00:00.000
325,20260817,20260604,66,295,36,294,339,134,3,3,FPOS000325,227.6000,455.2500,455.2500,1,1,2026-08-24T00:00:00.000
326,20260630,20260602,66,51,324,119,244,292,4,3,FPOS000326,228.3000,456.6200,456.6200,1,1,2026-08-24T00:00:00.000
327,20260620,20260817,423,339,257,488,334,118,7,5,FPOS000327,229.0000,457.9900,457.9900,1,1,2026-08-24T00:00:00.000
328,20260625,20260629,78,39,61,255,144,259,5,1,FPOS000328,229.7000,459.3600,459.3600,1,1,2026-08-24T00:00:00.000
329,20260819,20260618,446,39,241,465,290,353,3,1,FPOS000329,230.4000,460.7300,460.7300,1,1,2026-08-24T00:00:00.000
330,20260820,20260804,83,364,318,371,461,320,7,3,FPOS000330,231.1000,462.1000,462.1000,1,1,2026-08-24T00:00:00.000
331,20260614,20260711,101,196,324,404,448,471,5,4,FPOS000331,231.8000,463.4700,463.4700,1,1,2026-08-24T00:00:00.000
332,20260527,20260820,332,124,13,263,47,15,6,1,FPOS000332,232.5000,464.8400,464.8400,1,1,2026-08-24T00:00:00.000
333,20260611,20260717,113,161,333,323,293,294,1,5,FPOS000333,233.2000,466.2100,466.2100,1,1,2026-08-24T00:00:00.000
334,20260715,20260710,466,373,285,247,296,119,6,3,FPOS000334,233.9000,467.5800,467.5800,1,1,2026-08-24T00:00:00.000
335,20260817,20260716,94,340,326,377,244,243,2,5,FPOS000335,234.6000,468.9500,468.9500,1,1,2026-08-24T00:00:00.000
336,20260621,20260628,96,118,42,132,353,11,1,4,FPOS000336,235.3000,470.3200,470.3200,1,1,2026-08-24T00:00:00.000
337,20260610,20260617,385,161,189,34,163,64,2,4,FPOS000337,236.0000,471.6900,471.6900,1,1,2026-08-24T00:00:00.000
338,20260617,20260819,385,216,210,439,123,194,2,4,FPOS000338,236.7000,473.0600,473.0600,1,1,2026-08-24T00:00:00.000
339,20260802,20260705,446,25,247,191,170,452,2,5,FPOS000339,237.4000,474.4300,474.4300,1,1,2026-08-24T00:00:00.000
340,20260608,20260817,437,211,74,-1,-1,104,7,1,FPOS000340,238.1000,475.8000,475.8000,1,1,2026-08-24T00:00:00.000
341,20260613,20260601,184,361,62,341,438,407,5,2,FPOS000341,238.8000,477.1700,477.1700,1,1,2026-08-24T00:00:00.000
342,20260601,20260608,256,139,169,294,375,436,2,4,FPOS000342,239.5000,478.5400,478.5400,1,1,2026-08-24T00:00:00.000
343,20260621,20260601,441,90,21,125,142,357,6,4,FPOS000343,240.2000,479.9100,479.9100,1,1,2026-08-24T00:00:00.000
344,20260702,20260530,28,277,218,97,115,403,9,5,FPOS000344,240.9000,481.2800,481.2800,1,1,2026-08-24T00:00:00.000
345,20260624,20260814,493,26,258,170,195,75,4,4,FPOS000345,241.6000,482.6500,482.6500,1,1,2026-08-24T00:00:00.000
346,20260801,20260821,88,173,111,247,229,60,5,2,FPOS000346,242.3000,484.0200,484.0200,1,1,2026-08-24T00:00:00.000
347,20260811,20260807,240,439,197,106,146,122,5,3,FPOS000347,243.0000,485.3900,485.3900,1,1,2026-08-24T00:00:00.000
348,20260709,20260721,46,225,131,450,497,254,2,4,FPOS000348,243.7000,486.7600,486.7600,1,1,2026-08-24T00:00:00.000
349,20260704,20260729,208,289,85,268,14,27,8,4,FPOS000349,244.4000,488.1300,488.1300,1,1,2026-08-24T00:00:00.000
350,20260527,20260626,153,159,3,143,485,354,7,4,FPOS000350,245.1000,489.5000,489.5000,1,1,2026-08-24T00:00:00.000
351,20260702,20260709,285,393,62,492,353,214,6,1,FPOS000351,245.8000,490.8700,490.8700,1,1,2026-08-24T00:00:00.000
352,20260704,20260527,392,402,214,32,444,181,1,1,FPOS000352,246.5000,492.2400,492.2400,1,1,2026-08-24T00:00:00.000
353,20260608,20260629,254,396,235,22,496,248,9,4,FPOS000353,247.2000,493.6100,493.6100,1,1,2026-08-24T00:00:00.000
354,20260815,20260721,53,120,242,27,89,384,2,5,FPOS000354,247.9000,494.9800,494.9800,1,1,2026-08-24T00:00:00.000
355,20260629,20260712,368,53,219,211,64,109,8,4,FPOS000355,248.6000,496.3500,496.3500,1,1,2026-08-24T00:00:00.000
356,20260617,20260727,217,433,207,22,57,384,2,5,FPOS000356,249.3000,497.7200,497.7200,1,1,2026-08-24T00:00:00.000
357,20260722,20260611,10,144,170,-1,-1,474,4,2,FPOS000357,250.0000,499.0900,499.0900,1,1,2026-08-24T00:00:00.000
358,20260720,20260719,284,424,274,393,400,264,9,2,FPOS000358,250.7000,500.4600,500.4600,1,1,2026-08-24T00:00:00.000
359,20260804,20260617,108,416,156,169,347,441,4,5,FPOS000359,251.4000,501.8300,501.8300,1,1,2026-08-24T00:00:00.000
360,20260809,20260616,96,240,95,449,42,470,4,4,FPOS000360,252.1000,503.2000,503.2000,1,1,2026-08-24T00:00:00.000
361,20260704,20260602,218,357,11,425,192,470,6,3,FPOS000361,252.8000,504.5700,504.5700,1,1,2026-08-24T00:00:00.000
362,20260527,20260726,72,310,76,317,330,172,3,3,FPOS000362,253.5000,505.9400,505.9400,1,1,2026-08-24T00:00:00.000
363,20260718,20260620,445,348,190,292,378,39,6,2,FPOS000363,254.2000,507.3100,507.3100,1,1,2026-08-24T00:00:00.000
364,20260821,20260804,199,4,181,469,47,230,4,4,FPOS000364,254.9000,508.6800,508.6800,1,1,2026-08-24T00:00:00.000
365,20260714,20260614,52,241,274,419,158,420,1,2,FPOS000365,255.6000,510.0500,510.0500,1,1,2026-08-24T00:00:00.000
366,20260820,20260606,342,357,239,474,50,110,6,1,FPOS000366,256.3000,511.4200,511.4200,1,1,2026-08-24T00:00:00.000
367,20260820,20260811,464,70,111,325,300,126,6,4,FPOS000367,257.0000,512.7900,512.7900,1,1,2026-08-24T00:00:00.000
368,20260624,20260726,193,53,280,109,88,317,2,2,FPOS000368,257.7000,514.1600,514.1600,1,1,2026-08-24T00:00:00.000
369,20260810,20260819,115,21,237,252,368,268,7,1,FPOS000369,258.4000,515.5300,515.5300,1,1,2026-08-24T00:00:00.000
370,20260628,20260816,76,83,223,462,468,183,2,1,FPOS000370,259.1000,516.9000,516.9000,1,1,2026-08-24T00:00:00.000
371,20260731,20260527,69,103,312,84,94,378,4,1,FPOS000371,259.8000,518.2700,518.2700,1,1,2026-08-24T00:00:00.000
372,20260529,20260710,436,38,51,260,379,166,2,4,FPOS000372,260.5000,519.6400,519.6400,1,1,2026-08-24T00:00:00.000
373,20260703,20260724,60,242,178,408,364,185,1,3,FPOS000373,261.2000,521.0100,521.0100,1,1,2026-08-24T00:00:00.000
374,20260813,20260731,155,482,298,-1,-1,132,4,3,FPOS000374,261.9000,522.3800,522.3800,1,1,2026-08-24T00:00:00.000
375,20260610,20260726,128,52,169,32,430,27,9,3,FPOS000375,262.6000,523.7500,523.7500,1,1,2026-08-24T00:00:00.000
376,20260811,20260707,8,470,186,421,55,108,10,1,FPOS000376,263.3000,525.1200,525.1200,1,1,2026-08-24T00:00:00.000
377,20260704,20260817,463,106,195,36,407,78,6,4,FPOS000377,264.0000,526.4900,526.4900,1,1,2026-08-24T00:00:00.000
378,20260821,20260720,318,346,250,423,162,205,9,4,FPOS000378,264.7000,527.8600,527.8600,1,1,2026-08-24T00:00:00.000
379,20260628,20260529,362,178,317,187,482,287,6,4,FPOS000379,265.4000,529.2300,529.2300,1,1,2026-08-24T00:00:00.000
380,20260718,20260726,298,434,77,240,38,263,9,3,FPOS000380,266.1000,530.6000,530.6000,1,1,2026-08-24T00:00:00.000
381,20260823,20260717,102,371,106,295,169,61,5,4,FPOS000381,266.8000,531.9700,531.9700,1,1,2026-08-24T00:00:00.000
382,20260624,20260703,422,345,106,336,446,444,1,2,FPOS000382,267.5000,533.3400,533.3400,1,1,2026-08-24T00:00:00.000
383,20260727,20260801,294,470,92,317,249,214,4,3,FPOS000383,268.2000,534.7100,534.7100,1,1,2026-08-24T00:00:00.000
384,20260620,20260613,140,456,9,131,13,490,5,4,FPOS000384,268.9000,536.0800,536.0800,1,1,2026-08-24T00:00:00.000
385,20260528,20260701,448,444,23,315,356,312,5,3,FPOS000385,269.6000,537.4500,537.4500,1,1,2026-08-24T00:00:00.000
386,20260725,20260623,492,395,226,424,54,131,7,5,FPOS000386,270.3000,538.8200,538.8200,1,1,2026-08-24T00:00:00.000
387,20260730,20260804,396,467,228,182,428,499,2,1,FPOS000387,271.0000,540.1900,540.1900,1,1,2026-08-24T00:00:00.000
388,20260618,20260810,9,46,271,278,421,247,8,3,FPOS000388,271.7000,541.5600,541.5600,1,1,2026-08-24T00:00:00.000
389,20260724,20260713,127,497,286,218,233,494,5,5,FPOS000389,272.4000,542.9300,542.9300,1,1,2026-08-24T00:00:00.000
390,20260701,20260816,26,202,227,150,367,371,5,4,FPOS000390,273.1000,544.3000,544.3000,1,1,2026-08-24T00:00:00.000
391,20260711,20260710,310,456,159,-1,-1,8,6,2,FPOS000391,273.8000,545.6700,545.6700,1,1,2026-08-24T00:00:00.000
392,20260724,20260723,160,246,188,400,257,206,4,4,FPOS000392,274.5000,547.0400,547.0400,1,1,2026-08-24T00:00:00.000
393,20260611,20260528,11,43,182,473,197,302,10,2,FPOS000393,275.2000,548.4100,548.4100,1,1,2026-08-24T00:00:00.000
394,20260816,20260821,69,235,313,231,350,180,6,1,FPOS000394,275.9000,549.7800,549.7800,1,1,2026-08-24T00:00:00.000
395,20260714,20260821,73,17,198,273,131,435,8,3,FPOS000395,276.6000,551.1500,551.1500,1,1,2026-08-24T00:00:00.000
396,20260819,20260702,150,282,87,406,359,68,8,4,FPOS000396,277.3000,552.5200,552.5200,1,1,2026-08-24T00:00:00.000
397,20260616,20260711,108,137,181,128,449,199,4,1,FPOS000397,278.0000,553.8900,553.8900,1,1,2026-08-24T00:00:00.000
398,20260813,20260804,428,26,182,23,357,23,5,2,FPOS000398,278.7000,555.2600,555.2600,1,1,2026-08-24T00:00:00.000
399,20260626,20260711,113,420,127,480,149,122,5,1,FPOS000399,279.4000,556.6300,556.6300,1,1,2026-08-24T00:00:00.000
400,20260605,20260712,442,352,94,274,225,357,3,3,FPOS000400,280.1000,558.0000,558.0000,1,1,2026-08-24T00:00:00.000
401,20260527,20260627,379,452,34,189,457,434,7,4,FPOS000401,280.8000,559.3700,559.3700,1,1,2026-08-24T00:00:00.000
402,20260614,20260805,140,335,289,148,274,333,4,3,FPOS000402,281.5000,560.7400,560.7400,1,1,2026-08-24T00:00:00.000
403,20260814,20260810,149,321,37,316,332,389,8,3,FPOS000403,282.2000,562.1100,562.1100,1,1,2026-08-24T00:00:00.000
404,20260611,20260625,92,163,75,356,378,491,6,5,FPOS000404,282.9000,563.4800,563.4800,1,1,2026-08-24T00:00:00.000
405,20260618,20260607,154,401,135,177,258,473,5,1,FPOS000405,283.6000,564.8500,564.8500,1,1,2026-08-24T00:00:00.000
406,20260531,20260811,67,268,239,300,481,20,8,3,FPOS000406,284.3000,566.2200,566.2200,1,1,2026-08-24T00:00:00.000
407,20260705,20260628,292,493,285,460,242,294,6,2,FPOS000407,285.0000,567.5900,567.5900,1,1,2026-08-24T00:00:00.000
408,20260806,20260821,58,273,303,-1,-1,137,10,1,FPOS000408,285.7000,568.9600,568.9600,1,1,2026-08-24T00:00:00.000
409,20260618,20260802,153,167,212,60,202,233,5,1,FPOS000409,286.4000,570.3300,570.3300,1,1,2026-08-24T00:00:00.000
410,20260614,20260810,194,318,104,461,45,432,7,2,FPOS000410,287.1000,571.7000,571.7000,1,1,2026-08-24T00:00:00.000
411,20260711,20260604,176,55,318,273,95,106,3,3,FPOS000411,287.8000,573.0700,573.0700,1,1,2026-08-24T00:00:00.000
412,20260720,20260810,466,389,226,467,74,206,2,2,FPOS000412,288.5000,574.4400,574.4400,1,1,2026-08-24T00:00:00.000
413,20260720,20260725,30,485,242,268,426,283,9,2,FPOS000413,289.2000,575.8100,575.8100,1,1,2026-08-24T00:00:00.000
414,20260608,20260807,411,59,347,193,237,122,10,1,FPOS000414,289.9000,577.1800,577.1800,1,1,2026-08-24T00:00:00.000
415,20260707,20260806,89,240,84,284,180,156,4,3,FPOS000415,290.6000,578.5500,578.5500,1,1,2026-08-24T00:00:00.000
416,20260701,20260701,51,120,291,322,197,359,7,1,FPOS000416,291.3000,579.9200,579.9200,1,1,2026-08-24T00:00:00.000
417,20260712,20260528,40,438,115,153,37,254,3,3,FPOS000417,292.0000,581.2900,581.2900,1,1,2026-08-24T00:00:00.000
418,20260729,20260722,388,345,62,160,423,239,8,5,FPOS000418,292.7000,582.6600,582.6600,1,1,2026-08-24T00:00:00.000
419,20260821,20260623,407,144,35,279,269,135,7,4,FPOS000419,293.4000,584.0300,584.0300,1,1,2026-08-24T00:00:00.000
420,20260529,20260809,225,377,65,219,490,149,9,4,FPOS000420,294.1000,585.4000,585.4000,1,1,2026-08-24T00:00:00.000
421,20260608,20260612,458,5,22,390,317,494,3,1,FPOS000421,294.8000,586.7700,586.7700,1,1,2026-08-24T00:00:00.000
422,20260625,20260628,122,252,81,262,426,350,1,2,FPOS000422,295.5000,588.1400,588.1400,1,1,2026-08-24T00:00:00.000
423,20260729,20260822,113,487,208,163,428,440,6,4,FPOS000423,296.2000,589.5100,589.5100,1,1,2026-08-24T00:00:00.000
424,20260801,20260608,218,187,114,180,391,416,7,1,FPOS000424,296.9000,590.8800,590.8800,1,1,2026-08-24T00:00:00.000
425,20260824,20260626,130,63,165,-1,-1,146,6,1,FPOS000425,297.6000,592.2500,592.2500,1,1,2026-08-24T00:00:00.000
426,20260606,20260716,271,241,5,360,282,147,7,1,FPOS000426,298.3000,593.6200,593.6200,1,1,2026-08-24T00:00:00.000
427,20260530,20260630,456,129,263,209,450,185,8,4,FPOS000427,299.0000,594.9900,594.9900,1,1,2026-08-24T00:00:00.000
428,20260629,20260617,377,288,311,26,22,454,5,1,FPOS000428,299.7000,596.3600,596.3600,1,1,2026-08-24T00:00:00.000
429,20260818,20260730,385,270,261,249,493,235,9,1,FPOS000429,300.4000,597.7300,597.7300,1,1,2026-08-24T00:00:00.000
430,20260601,20260629,17,258,97,415,446,182,2,1,FPOS000430,301.1000,599.1000,599.1000,1,1,2026-08-24T00:00:00.000
431,20260618,20260624,416,412,349,418,55,354,1,2,FPOS000431,301.8000,600.4700,600.4700,1,1,2026-08-24T00:00:00.000
432,20260729,20260604,297,237,127,106,138,368,5,3,FPOS000432,302.5000,601.8400,601.8400,1,1,2026-08-24T00:00:00.000
433,20260707,20260811,190,348,51,60,133,170,10,4,FPOS000433,303.2000,603.2100,603.2100,1,1,2026-08-24T00:00:00.000
434,20260820,20260815,423,123,166,84,18,235,8,5,FPOS000434,303.9000,604.5800,604.5800,1,1,2026-08-24T00:00:00.000
435,20260622,20260718,294,18,3,231,54,232,6,2,FPOS000435,304.6000,605.9500,605.9500,1,1,2026-08-24T00:00:00.000
436,20260621,20260724,450,397,296,354,329,30,1,3,FPOS000436,305.3000,607.3200,607.3200,1,1,2026-08-24T00:00:00.000
437,20260719,20260622,448,173,252,232,17,463,6,1,FPOS000437,306.0000,608.6900,608.6900,1,1,2026-08-24T00:00:00.000
438,20260607,20260824,440,189,253,361,104,219,8,5,FPOS000438,306.7000,610.0600,610.0600,1,1,2026-08-24T00:00:00.000
439,20260629,20260618,13,273,242,29,266,480,7,4,FPOS000439,307.4000,611.4300,611.4300,1,1,2026-08-24T00:00:00.000
440,20260609,20260530,307,448,263,70,170,168,8,2,FPOS000440,308.1000,612.8000,612.8000,1,1,2026-08-24T00:00:00.000
441,20260628,20260528,497,318,295,299,236,254,1,1,FPOS000441,308.8000,614.1700,614.1700,1,1,2026-08-24T00:00:00.000
442,20260717,20260609,252,290,108,-1,-1,496,6,4,FPOS000442,309.5000,615.5400,615.5400,1,1,2026-08-24T00:00:00.000
443,20260801,20260603,469,458,348,422,74,484,7,2,FPOS000443,310.2000,616.9100,616.9100,1,1,2026-08-24T00:00:00.000
444,20260530,20260602,273,379,147,91,24,276,9,5,FPOS000444,310.9000,618.2800,618.2800,1,1,2026-08-24T00:00:00.000
445,20260620,20260628,341,106,271,240,59,273,2,2,FPOS000445,311.6000,619.6500,619.6500,1,1,2026-08-24T00:00:00.000
446,20260619,20260608,469,196,29,313,8,302,4,2,FPOS000446,312.3000,621.0200,621.0200,1,1,2026-08-24T00:00:00.000
447,20260809,20260622,219,222,286,358,54,354,1,5,FPOS000447,313.0000,622.3900,622.3900,1,1,2026-08-24T00:00:00.000
448,20260627,20260701,45,5,87,123,360,156,7,1,FPOS000448,313.7000,623.7600,623.7600,1,1,2026-08-24T00:00:00.000
449,20260815,20260727,214,123,118,170,379,476,4,3,FPOS000449,314.4000,625.1300,625.1300,1,1,2026-08-24T00:00:00.000
450,20260821,20260628,370,25,1,498,244,346,8,4,FPOS000450,315.1000,626.5000,626.5000,1,1,2026-08-24T00:00:00.000
451,20260622,20260720,495,452,262,369,309,37,2,1,FPOS000451,315.8000,627.8700,627.8700,1,1,2026-08-24T00:00:00.000
452,20260609,20260801,84,320,307,122,283,167,2,4,FPOS000452,316.5000,629.2400,629.2400,1,1,2026-08-24T00:00:00.000
453,20260804,20260705,254,126,341,408,465,45,9,1,FPOS000453,317.2000,630.6100,630.6100,1,1,2026-08-24T00:00:00.000
454,20260618,20260824,205,500,221,199,487,354,5,2,FPOS000454,317.9000,631.9800,631.9800,1,1,2026-08-24T00:00:00.000
455,20260702,20260802,8,177,207,102,314,381,4,2,FPOS000455,318.6000,633.3500,633.3500,1,1,2026-08-24T00:00:00.000
456,20260728,20260528,194,135,338,353,240,145,2,2,FPOS000456,319.3000,634.7200,634.7200,1,1,2026-08-24T00:00:00.000
457,20260530,20260613,444,360,17,13,122,198,2,5,FPOS000457,320.0000,636.0900,636.0900,1,1,2026-08-24T00:00:00.000
458,20260727,20260610,392,492,36,290,184,315,5,2,FPOS000458,320.7000,637.4600,637.4600,1,1,2026-08-24T00:00:00.000
459,20260612,20260710,481,199,241,-1,-1,109,2,1,FPOS000459,321.4000,638.8300,638.8300,1,1,2026-08-24T00:00:00.000
460,20260811,20260802,199,381,231,436,122,135,9,2,FPOS000460,322.1000,640.2000,640.2000,1,1,2026-08-24T00:00:00.000
461,20260623,20260614,454,355,77,390,495,282,5,3,FPOS000461,322.8000,641.5700,641.5700,1,1,2026-08-24T00:00:00.000
462,20260616,20260813,184,129,203,171,433,155,4,5,FPOS000462,323.5000,642.9400,642.9400,1,1,2026-08-24T00:00:00.000
463,20260604,20260603,235,248,184,196,257,75,3,5,FPOS000463,324.2000,644.3100,644.3100,1,1,2026-08-24T00:00:00.000
464,20260715,20260619,27,92,176,322,372,263,1,3,FPOS000464,324.9000,645.6800,645.6800,1,1,2026-08-24T00:00:00.000
465,20260609,20260615,344,410,222,161,441,95,2,5,FPOS000465,325.6000,647.0500,647.0500,1,1,2026-08-24T00:00:00.000
466,20260614,20260706,85,32,108,192,348,321,8,5,FPOS000466,326.3000,648.4200,648.4200,1,1,2026-08-24T00:00:00.000
467,20260704,20260609,242,498,134,478,58,282,3,3,FPOS000467,327.0000,649.7900,649.7900,1,1,2026-08-24T00:00:00.000
468,20260615,20260724,359,497,24,455,288,390,1,2,FPOS000468,327.7000,651.1600,651.1600,1,1,2026-08-24T00:00:00.000
469,20260720,20260619,430,119,26,371,360,37,6,5,FPOS000469,328.4000,652.5300,652.5300,1,1,2026-08-24T00:00:00.000
470,20260702,20260708,490,348,336,404,378,144,5,5,FPOS000470,329.1000,653.9000,653.9000,1,1,2026-08-24T00:00:00.000
471,20260709,20260704,212,490,265,379,127,253,3,3,FPOS000471,329.8000,655.2700,655.2700,1,1,2026-08-24T00:00:00.000
472,20260817,20260716,204,393,310,4,494,69,7,5,FPOS000472,330.5000,656.6400,656.6400,1,1,2026-08-24T00:00:00.000
473,20260528,20260702,154,213,350,169,389,284,1,3,FPOS000473,331.2000,658.0100,658.0100,1,1,2026-08-24T00:00:00.000
474,20260621,20260718,55,38,295,166,442,284,2,3,FPOS000474,331.9000,659.3800,659.3800,1,1,2026-08-24T00:00:00.000
475,20260819,20260527,396,488,101,358,416,256,9,3,FPOS000475,332.6000,660.7500,660.7500,1,1,2026-08-24T00:00:00.000
476,20260530,20260615,343,81,264,-1,-1,303,5,5,FPOS000476,333.3000,662.1200,662.1200,1,1,2026-08-24T00:00:00.000
477,20260706,20260810,411,182,2,261,159,171,6,3,FPOS000477,334.0000,663.4900,663.4900,1,1,2026-08-24T00:00:00.000
478,20260803,20260702,266,59,72,9,246,26,8,1,FPOS000478,334.7000,664.8600,664.8600,1,1,2026-08-24T00:00:00.000
479,20260803,20260701,157,381,294,136,454,406,3,4,FPOS000479,335.4000,666.2300,666.2300,1,1,2026-08-24T00:00:00.000
480,20260706,20260629,311,115,19,89,81,357,7,4,FPOS000480,336.1000,667.6000,667.6000,1,1,2026-08-24T00:00:00.000
481,20260618,20260813,406,475,99,63,204,94,6,4,FPOS000481,336.8000,668.9700,668.9700,1,1,2026-08-24T00:00:00.000
482,20260712,20260620,226,34,316,22,47,498,3,4,FPOS000482,337.5000,670.3400,670.3400,1,1,2026-08-24T00:00:00.000
483,20260604,20260807,55,344,238,369,204,102,6,3,FPOS000483,338.2000,671.7100,671.7100,1,1,2026-08-24T00:00:00.000
484,20260710,20260714,358,35,179,187,257,89,9,3,FPOS000484,338.9000,673.0800,673.0800,1,1,2026-08-24T00:00:00.000
485,20260611,20260621,340,143,173,127,310,189,6,4,FPOS000485,339.6000,674.4500,674.4500,1,1,2026-08-24T00:00:00.000
486,20260811,20260822,342,217,198,21,491,390,4,5,FPOS000486,340.3000,675.8200,675.8200,1,1,2026-08-24T00:00:00.000
487,20260619,20260529,355,86,125,61,165,88,4,3,FPOS000487,341.0000,677.1900,677.1900,1,1,2026-08-24T00:00:00.000
488,20260612,20260723,88,233,71,457,153,227,4,5,FPOS000488,341.7000,678.5600,678.5600,1,1,2026-08-24T00:00:00.000
489,20260801,20260730,248,352,273,379,135,23,5,4,FPOS000489,342.4000,679.9300,679.9300,1,1,2026-08-24T00:00:00.000
490,20260802,20260601,294,319,33,68,248,225,6,4,FPOS000490,343.1000,681.3000,681.3000,1,1,2026-08-24T00:00:00.000
491,20260725,20260713,469,376,99,172,162,256,8,4,FPOS000491,343.8000,682.6700,682.6700,1,1,2026-08-24T00:00:00.000
492,20260722,20260620,322,178,2,21,178,102,10,1,FPOS000492,344.5000,684.0400,684.0400,1,1,2026-08-24T00:00:00.000
493,20260627,20260823,416,42,106,-1,-1,426,4,3,FPOS000493,345.2000,685.4100,685.4100,1,1,2026-08-24T00:00:00.000
494,20260802,20260730,104,124,224,288,269,293,9,1,FPOS000494,345.9000,686.7800,686.7800,1,1,2026-08-24T00:00:00.000
495,20260731,20260620,112,458,163,168,7,243,6,3,FPOS000495,346.6000,688.1500,688.1500,1,1,2026-08-24T00:00:00.000
496,20260617,20260807,221,30,159,162,297,493,5,3,FPOS000496,347.3000,689.5200,689.5200,1,1,2026-08-24T00:00:00.000
497,20260802,20260801,96,9,207,291,145,490,7,4,FPOS000497,348.0000,690.8900,690.8900,1,1,2026-08-24T00:00:00.000
498,20260701,20260718,309,451,220,291,416,254,6,4,FPOS000498,348.7000,692.2600,692.2600,1,1,2026-08-24T00:00:00.000
499,20260608,20260527,246,127,8,289,278,50,10,1,FPOS000499,349.4000,693.6300,693.6300,1,1,2026-08-24T00:00:00.000
500,20260703,20260609,383,199,128,125,232,234,1,3,FPOS000500,350.1000,695.0000,695.0000,1,1,2026-08-24T00:00:00.000
501,20260818,20260803,119,498,344,317,304,451,8,4,FPOS000501,350.8000,696.3700,696.3700,1,1,2026-08-24T00:00:00.000
502,20260619,20260716,444,436,343,277,299,243,9,1,FPOS000502,351.5000,697.7400,697.7400,1,1,2026-08-24T00:00:00.000
503,20260701,20260617,462,186,315,336,302,212,3,1,FPOS000503,352.2000,699.1100,699.1100,1,1,2026-08-24T00:00:00.000
504,20260725,20260627,253,25,110,331,135,425,4,3,FPOS000504,352.9000,700.4800,700.4800,1,1,2026-08-24T00:00:00.000
505,20260711,20260610,242,310,116,271,412,469,2,3,FPOS000505,353.6000,701.8500,701.8500,1,1,2026-08-24T00:00:00.000
506,20260702,20260704,464,209,318,475,169,241,4,1,FPOS000506,354.3000,703.2200,703.2200,1,1,2026-08-24T00:00:00.000
507,20260806,20260715,351,172,232,23,395,168,5,3,FPOS000507,355.0000,704.5900,704.5900,1,1,2026-08-24T00:00:00.000
508,20260620,20260609,404,22,84,65,162,250,5,5,FPOS000508,355.7000,705.9600,705.9600,1,1,2026-08-24T00:00:00.000
509,20260622,20260729,359,409,275,372,116,70,10,3,FPOS000509,356.4000,707.3300,707.3300,1,1,2026-08-24T00:00:00.000
510,20260707,20260714,438,50,69,-1,-1,206,1,2,FPOS000510,357.1000,708.7000,708.7000,1,1,2026-08-24T00:00:00.000
511,20260708,20260623,455,126,198,356,65,253,7,2,FPOS000511,357.8000,710.0700,710.0700,1,1,2026-08-24T00:00:00.000
512,20260601,20260723,459,5,165,486,105,69,4,5,FPOS000512,358.5000,711.4400,711.4400,1,1,2026-08-24T00:00:00.000
513,20260824,20260813,135,266,334,182,119,457,9,4,FPOS000513,359.2000,712.8100,712.8100,1,1,2026-08-24T00:00:00.000
514,20260625,20260718,319,131,79,422,235,281,6,4,FPOS000514,359.9000,714.1800,714.1800,1,1,2026-08-24T00:00:00.000
515,20260625,20260608,442,173,277,479,369,409,6,3,FPOS000515,360.6000,715.5500,715.5500,1,1,2026-08-24T00:00:00.000
516,20260723,20260630,266,195,224,131,14,162,9,3,FPOS000516,361.3000,716.9200,716.9200,1,1,2026-08-24T00:00:00.000
517,20260717,20260718,248,485,141,112,294,194,1,3,FPOS000517,362.0000,718.2900,718.2900,1,1,2026-08-24T00:00:00.000
518,20260724,20260604,437,402,95,298,440,426,10,1,FPOS000518,362.7000,719.6600,719.6600,1,1,2026-08-24T00:00:00.000
519,20260809,20260707,395,325,59,483,411,463,2,3,FPOS000519,363.4000,721.0300,721.0300,1,1,2026-08-24T00:00:00.000
520,20260605,20260820,22,390,109,25,278,35,8,5,FPOS000520,364.1000,722.4000,722.4000,1,1,2026-08-24T00:00:00.000
521,20260817,20260725,255,441,274,468,313,405,1,2,FPOS000521,364.8000,723.7700,723.7700,1,1,2026-08-24T00:00:00.000
522,20260722,20260812,142,442,147,336,352,72,1,1,FPOS000522,365.5000,725.1400,725.1400,1,1,2026-08-24T00:00:00.000
523,20260803,20260614,485,304,214,220,467,101,10,1,FPOS000523,366.2000,726.5100,726.5100,1,1,2026-08-24T00:00:00.000
524,20260606,20260530,311,24,50,273,9,52,7,3,FPOS000524,366.9000,727.8800,727.8800,1,1,2026-08-24T00:00:00.000
525,20260605,20260722,500,50,202,231,298,231,6,2,FPOS000525,367.6000,729.2500,729.2500,1,1,2026-08-24T00:00:00.000
526,20260728,20260609,137,239,35,178,382,155,9,3,FPOS000526,368.3000,730.6200,730.6200,1,1,2026-08-24T00:00:00.000
527,20260722,20260531,274,218,41,-1,-1,45,5,1,FPOS000527,369.0000,731.9900,731.9900,1,1,2026-08-24T00:00:00.000
528,20260603,20260608,243,147,279,423,351,325,6,5,FPOS000528,369.7000,733.3600,733.3600,1,1,2026-08-24T00:00:00.000
529,20260721,20260606,24,97,310,108,332,495,1,5,FPOS000529,370.4000,734.7300,734.7300,1,1,2026-08-24T00:00:00.000
530,20260728,20260607,245,245,282,149,391,163,3,1,FPOS000530,371.1000,736.1000,736.1000,1,1,2026-08-24T00:00:00.000
531,20260619,20260602,395,173,173,15,263,203,9,4,FPOS000531,371.8000,737.4700,737.4700,1,1,2026-08-24T00:00:00.000
532,20260728,20260814,4,231,138,319,66,217,1,5,FPOS000532,372.5000,738.8400,738.8400,1,1,2026-08-24T00:00:00.000
533,20260712,20260702,254,215,103,310,132,345,9,3,FPOS000533,373.2000,740.2100,740.2100,1,1,2026-08-24T00:00:00.000
534,20260528,20260703,194,485,145,424,249,259,1,4,FPOS000534,373.9000,741.5800,741.5800,1,1,2026-08-24T00:00:00.000
535,20260626,20260610,469,416,226,266,464,406,2,2,FPOS000535,374.6000,742.9500,742.9500,1,1,2026-08-24T00:00:00.000
536,20260610,20260821,142,300,41,372,369,359,2,2,FPOS000536,375.3000,744.3200,744.3200,1,1,2026-08-24T00:00:00.000
537,20260701,20260712,156,361,191,133,250,252,10,1,FPOS000537,376.0000,745.6900,745.6900,1,1,2026-08-24T00:00:00.000
538,20260725,20260817,96,276,47,351,227,185,7,5,FPOS000538,376.7000,747.0600,747.0600,1,1,2026-08-24T00:00:00.000
539,20260717,20260715,438,450,5,324,382,131,1,1,FPOS000539,377.4000,748.4300,748.4300,1,1,2026-08-24T00:00:00.000
540,20260711,20260624,260,325,107,64,168,498,1,1,FPOS000540,378.1000,749.8000,749.8000,1,1,2026-08-24T00:00:00.000
541,20260607,20260728,266,426,190,71,113,169,8,2,FPOS000541,378.8000,751.1700,751.1700,1,1,2026-08-24T00:00:00.000
542,20260707,20260720,86,248,172,297,101,89,7,4,FPOS000542,379.5000,752.5400,752.5400,1,1,2026-08-24T00:00:00.000
543,20260616,20260531,144,229,176,48,186,458,10,5,FPOS000543,380.2000,753.9100,753.9100,1,1,2026-08-24T00:00:00.000
544,20260807,20260628,218,115,149,-1,-1,288,10,3,FPOS000544,380.9000,755.2800,755.2800,1,1,2026-08-24T00:00:00.000
545,20260621,20260720,119,288,202,420,305,284,2,4,FPOS000545,381.6000,756.6500,756.6500,1,1,2026-08-24T00:00:00.000
546,20260611,20260705,200,478,258,295,41,214,4,2,FPOS000546,382.3000,758.0200,758.0200,1,1,2026-08-24T00:00:00.000
547,20260717,20260725,361,130,145,283,402,213,2,1,FPOS000547,383.0000,759.3900,759.3900,1,1,2026-08-24T00:00:00.000
548,20260630,20260603,232,55,121,240,385,27,9,4,FPOS000548,383.7000,760.7600,760.7600,1,1,2026-08-24T00:00:00.000
549,20260823,20260630,247,332,216,424,267,440,3,3,FPOS000549,384.4000,762.1300,762.1300,1,1,2026-08-24T00:00:00.000
550,20260623,20260801,385,139,214,348,25,327,3,2,FPOS000550,385.1000,763.5000,763.5000,1,1,2026-08-24T00:00:00.000
551,20260605,20260621,458,71,335,322,272,279,5,3,FPOS000551,385.8000,764.8700,764.8700,1,1,2026-08-24T00:00:00.000
552,20260622,20260810,451,44,315,142,226,350,5,5,FPOS000552,386.5000,766.2400,766.2400,1,1,2026-08-24T00:00:00.000
553,20260703,20260713,250,474,8,131,338,37,3,2,FPOS000553,387.2000,767.6100,767.6100,1,1,2026-08-24T00:00:00.000
554,20260616,20260618,6,436,143,216,87,133,8,2,FPOS000554,387.9000,768.9800,768.9800,1,1,2026-08-24T00:00:00.000
555,20260603,20260615,1,282,133,317,464,219,7,5,FPOS000555,388.6000,770.3500,770.3500,1,1,2026-08-24T00:00:00.000
556,20260810,20260817,435,303,127,493,370,400,2,4,FPOS000556,389.3000,771.7200,771.7200,1,1,2026-08-24T00:00:00.000
557,20260717,20260730,447,27,303,239,340,383,7,2,FPOS000557,390.0000,773.0900,773.0900,1,1,2026-08-24T00:00:00.000
558,20260604,20260724,261,112,71,460,194,165,7,5,FPOS000558,390.7000,774.4600,774.4600,1,1,2026-08-24T00:00:00.000
559,20260720,20260726,82,313,111,420,367,395,5,2,FPOS000559,391.4000,775.8300,775.8300,1,1,2026-08-24T00:00:00.000
560,20260710,20260629,429,319,72,52,445,255,9,1,FPOS000560,392.1000,777.2000,777.2000,1,1,2026-08-24T00:00:00.000
561,20260611,20260802,388,149,204,-1,-1,305,6,1,FPOS000561,392.8000,778.5700,778.5700,1,1,2026-08-24T00:00:00.000
562,20260718,20260621,187,228,121,3,153,377,4,1,FPOS000562,393.5000,779.9400,779.9400,1,1,2026-08-24T00:00:00.000
563,20260626,20260609,331,435,329,229,303,304,6,4,FPOS000563,394.2000,781.3100,781.3100,1,1,2026-08-24T00:00:00.000
564,20260726,20260721,108,99,89,259,287,351,3,4,FPOS000564,394.9000,782.6800,782.6800,1,1,2026-08-24T00:00:00.000
565,20260615,20260627,336,329,205,229,168,419,6,2,FPOS000565,395.6000,784.0500,784.0500,1,1,2026-08-24T00:00:00.000
566,20260807,20260621,196,239,54,427,320,187,8,5,FPOS000566,396.3000,785.4200,785.4200,1,1,2026-08-24T00:00:00.000
567,20260612,20260817,99,475,344,10,400,116,2,5,FPOS000567,397.0000,786.7900,786.7900,1,1,2026-08-24T00:00:00.000
568,20260702,20260702,326,241,208,392,380,15,6,4,FPOS000568,397.7000,788.1600,788.1600,1,1,2026-08-24T00:00:00.000
569,20260714,20260814,2,376,284,253,13,156,4,1,FPOS000569,398.4000,789.5300,789.5300,1,1,2026-08-24T00:00:00.000
570,20260621,20260727,386,496,215,391,355,285,1,1,FPOS000570,399.1000,790.9000,790.9000,1,1,2026-08-24T00:00:00.000
571,20260627,20260818,164,279,57,121,206,64,9,5,FPOS000571,399.8000,792.2700,792.2700,1,1,2026-08-24T00:00:00.000
572,20260810,20260608,368,198,212,215,35,46,3,4,FPOS000572,400.5000,793.6400,793.6400,1,1,2026-08-24T00:00:00.000
573,20260816,20260530,293,147,24,7,147,18,10,4,FPOS000573,401.2000,795.0100,795.0100,1,1,2026-08-24T00:00:00.000
574,20260711,20260812,88,88,154,442,356,128,9,5,FPOS000574,401.9000,796.3800,796.3800,1,1,2026-08-24T00:00:00.000
575,20260810,20260721,160,313,202,110,388,440,7,4,FPOS000575,402.6000,797.7500,797.7500,1,1,2026-08-24T00:00:00.000
576,20260815,20260805,297,441,300,126,195,371,9,4,FPOS000576,403.3000,799.1200,799.1200,1,1,2026-08-24T00:00:00.000
577,20260715,20260726,386,36,76,368,405,377,7,4,FPOS000577,404.0000,800.4900,800.4900,1,1,2026-08-24T00:00:00.000
578,20260814,20260623,44,198,250,-1,-1,33,1,1,FPOS000578,404.7000,801.8600,801.8600,1,1,2026-08-24T00:00:00.000
579,20260816,20260610,236,94,35,487,191,111,5,1,FPOS000579,405.4000,803.2300,803.2300,1,1,2026-08-24T00:00:00.000
580,20260708,20260707,340,400,293,328,67,32,3,2,FPOS000580,406.1000,804.6000,804.6000,1,1,2026-08-24T00:00:00.000
581,20260701,20260727,478,1,109,22,159,392,5,4,FPOS000581,406.8000,805.9700,805.9700,1,1,2026-08-24T00:00:00.000
582,20260805,20260527,224,445,105,406,376,51,5,1,FPOS000582,407.5000,807.3400,807.3400,1,1,2026-08-24T00:00:00.000
583,20260618,20260714,409,123,114,277,9,379,7,1,FPOS000583,408.2000,808.7100,808.7100,1,1,2026-08-24T00:00:00.000
584,20260725,20260609,275,400,82,41,173,283,8,1,FPOS000584,408.9000,810.0800,810.0800,1,1,2026-08-24T00:00:00.000
585,20260610,20260623,31,496,307,416,119,248,5,3,FPOS000585,409.6000,811.4500,811.4500,1,1,2026-08-24T00:00:00.000
586,20260725,20260730,478,176,322,250,96,458,3,1,FPOS000586,410.3000,812.8200,812.8200,1,1,2026-08-24T00:00:00.000
587,20260618,20260726,45,328,67,437,63,457,2,1,FPOS000587,411.0000,814.1900,814.1900,1,1,2026-08-24T00:00:00.000
588,20260727,20260727,424,156,210,29,45,336,6,5,FPOS000588,411.7000,815.5600,815.5600,1,1,2026-08-24T00:00:00.000
589,20260803,20260810,210,494,330,108,58,347,1,3,FPOS000589,412.4000,816.9300,816.9300,1,1,2026-08-24T00:00:00.000
590,20260822,20260816,424,58,194,229,428,386,6,5,FPOS000590,413.1000,818.3000,818.3000,1,1,2026-08-24T00:00:00.000
591,20260715,20260815,374,225,134,349,409,70,9,5,FPOS000591,413.8000,819.6700,819.6700,1,1,2026-08-24T00:00:00.000
592,20260531,20260612,297,414,262,100,42,444,8,5,FPOS000592,414.5000,821.0400,821.0400,1,1,2026-08-24T00:00:00.000
593,20260723,20260708,405,449,265,168,350,278,8,1,FPOS000593,415.2000,822.4100,822.4100,1,1,2026-08-24T00:00:00.000
594,20260703,20260728,454,222,136,251,420,111,8,2,FPOS000594,415.9000,823.7800,823.7800,1,1,2026-08-24T00:00:00.000
595,20260707,20260623,230,250,214,-1,-1,330,8,4,FPOS000595,416.6000,825.1500,825.1500,1,1,2026-08-24T00:00:00.000
596,20260611,20260725,490,224,176,84,314,138,10,4,FPOS000596,417.3000,826.5200,826.5200,1,1,2026-08-24T00:00:00.000
597,20260726,20260810,124,184,191,279,357,293,3,3,FPOS000597,418.0000,827.8900,827.8900,1,1,2026-08-24T00:00:00.000
598,20260612,20260810,170,261,128,415,65,491,1,3,FPOS000598,418.7000,829.2600,829.2600,1,1,2026-08-24T00:00:00.000
599,20260715,20260813,300,341,209,8,331,162,7,5,FPOS000599,419.4000,830.6300,830.6300,1,1,2026-08-24T00:00:00.000
600,20260708,20260702,167,219,160,70,285,65,5,5,FPOS000600,420.1000,832.0000,832.0000,1,1,2026-08-24T00:00:00.000
601,20260822,20260712,198,337,347,181,31,330,9,1,FPOS000601,420.8000,833.3700,833.3700,1,1,2026-08-24T00:00:00.000
602,20260819,20260629,380,451,39,102,494,325,6,3,FPOS000602,421.5000,834.7400,834.7400,1,1,2026-08-24T00:00:00.000
603,20260706,20260605,298,45,150,112,299,489,4,4,FPOS000603,422.2000,836.1100,836.1100,1,1,2026-08-24T00:00:00.000
604,20260619,20260813,420,288,186,252,197,394,5,1,FPOS000604,422.9000,837.4800,837.4800,1,1,2026-08-24T00:00:00.000
605,20260616,20260715,360,406,170,317,390,215,4,2,FPOS000605,423.6000,838.8500,838.8500,1,1,2026-08-24T00:00:00.000
606,20260720,20260731,471,484,266,336,81,211,2,5,FPOS000606,424.3000,840.2200,840.2200,1,1,2026-08-24T00:00:00.000
607,20260808,20260528,20,356,168,176,181,239,6,2,FPOS000607,425.0000,841.5900,841.5900,1,1,2026-08-24T00:00:00.000
608,20260809,20260527,130,356,94,82,475,64,4,1,FPOS000608,425.7000,842.9600,842.9600,1,1,2026-08-24T00:00:00.000
609,20260812,20260603,295,79,4,429,59,25,4,1,FPOS000609,426.4000,844.3300,844.3300,1,1,2026-08-24T00:00:00.000
610,20260711,20260711,253,411,1,35,441,147,3,2,FPOS000610,427.1000,845.7000,845.7000,1,1,2026-08-24T00:00:00.000
611,20260725,20260720,408,400,27,88,254,460,4,4,FPOS000611,427.8000,847.0700,847.0700,1,1,2026-08-24T00:00:00.000
612,20260604,20260723,19,37,143,-1,-1,226,7,3,FPOS000612,428.5000,848.4400,848.4400,1,1,2026-08-24T00:00:00.000
613,20260713,20260701,67,249,152,461,126,417,4,3,FPOS000613,429.2000,849.8100,849.8100,1,1,2026-08-24T00:00:00.000
614,20260808,20260531,306,183,45,219,56,404,8,5,FPOS000614,429.9000,851.1800,851.1800,1,1,2026-08-24T00:00:00.000
615,20260725,20260626,295,160,111,122,246,79,1,5,FPOS000615,430.6000,852.5500,852.5500,1,1,2026-08-24T00:00:00.000
616,20260617,20260810,39,247,22,2,494,98,1,4,FPOS000616,431.3000,853.9200,853.9200,1,1,2026-08-24T00:00:00.000
617,20260625,20260626,386,422,178,161,172,183,4,1,FPOS000617,432.0000,855.2900,855.2900,1,1,2026-08-24T00:00:00.000
618,20260807,20260730,259,246,262,363,474,103,10,4,FPOS000618,432.7000,856.6600,856.6600,1,1,2026-08-24T00:00:00.000
619,20260806,20260627,395,199,45,97,68,152,1,3,FPOS000619,433.4000,858.0300,858.0300,1,1,2026-08-24T00:00:00.000
620,20260730,20260801,237,193,104,197,111,278,3,2,FPOS000620,434.1000,859.4000,859.4000,1,1,2026-08-24T00:00:00.000
621,20260703,20260529,11,360,215,393,448,343,6,3,FPOS000621,434.8000,860.7700,860.7700,1,1,2026-08-24T00:00:00.000
622,20260812,20260716,243,59,251,353,416,103,2,3,FPOS000622,435.5000,862.1400,862.1400,1,1,2026-08-24T00:00:00.000
623,20260821,20260820,402,47,278,465,49,169,5,2,FPOS000623,436.2000,863.5100,863.5100,1,1,2026-08-24T00:00:00.000
624,20260823,20260724,12,424,25,236,433,116,3,3,FPOS000624,436.9000,864.8800,864.8800,1,1,2026-08-24T00:00:00.000
625,20260722,20260709,304,254,5,492,235,403,2,5,FPOS000625,437.6000,866.2500,866.2500,1,1,2026-08-24T00:00:00.000
626,20260724,20260719,18,72,210,415,75,249,2,2,FPOS000626,438.3000,867.6200,867.6200,1,1,2026-08-24T00:00:00.000
627,20260706,20260814,89,363,180,285,204,496,8,5,FPOS000627,439.0000,868.9900,868.9900,1,1,2026-08-24T00:00:00.000
628,20260531,20260714,144,263,10,289,149,156,1,4,FPOS000628,439.7000,870.3600,870.3600,1,1,2026-08-24T00:00:00.000
629,20260701,20260711,67,231,158,-1,-1,161,9,4,FPOS000629,440.4000,871.7300,871.7300,1,1,2026-08-24T00:00:00.000
630,20260530,20260616,500,319,242,339,425,276,7,3,FPOS000630,441.1000,873.1000,873.1000,1,1,2026-08-24T00:00:00.000
631,20260707,20260728,409,467,45,260,490,175,9,2,FPOS000631,441.8000,874.4700,874.4700,1,1,2026-08-24T00:00:00.000
632,20260604,20260813,80,284,152,113,465,297,9,2,FPOS000632,442.5000,875.8400,875.8400,1,1,2026-08-24T00:00:00.000
633,20260615,20260801,43,443,203,382,493,89,2,3,FPOS000633,443.2000,877.2100,877.2100,1,1,2026-08-24T00:00:00.000
634,20260818,20260803,31,269,155,72,496,259,7,1,FPOS000634,443.9000,878.5800,878.5800,1,1,2026-08-24T00:00:00.000
635,20260604,20260613,294,500,214,213,239,116,7,2,FPOS000635,444.6000,879.9500,879.9500,1,1,2026-08-24T00:00:00.000
636,20260713,20260706,150,74,38,443,205,331,6,5,FPOS000636,445.3000,881.3200,881.3200,1,1,2026-08-24T00:00:00.000
637,20260813,20260823,313,91,277,187,484,237,5,3,FPOS000637,446.0000,882.6900,882.6900,1,1,2026-08-24T00:00:00.000
638,20260707,20260815,407,66,314,409,385,75,8,2,FPOS000638,446.7000,884.0600,884.0600,1,1,2026-08-24T00:00:00.000
639,20260710,20260601,365,457,133,329,77,193,5,3,FPOS000639,447.4000,885.4300,885.4300,1,1,2026-08-24T00:00:00.000
640,20260706,20260529,407,236,285,291,69,73,5,3,FPOS000640,448.1000,886.8000,886.8000,1,1,2026-08-24T00:00:00.000
641,20260727,20260723,239,322,5,165,199,152,3,1,FPOS000641,448.8000,888.1700,888.1700,1,1,2026-08-24T00:00:00.000
642,20260611,20260717,423,226,206,335,163,447,3,4,FPOS000642,449.5000,889.5400,889.5400,1,1,2026-08-24T00:00:00.000
643,20260719,20260730,473,473,107,383,182,54,10,3,FPOS000643,450.2000,890.9100,890.9100,1,1,2026-08-24T00:00:00.000
644,20260629,20260705,315,474,336,178,463,183,9,2,FPOS000644,450.9000,892.2800,892.2800,1,1,2026-08-24T00:00:00.000
645,20260531,20260727,355,481,277,234,499,114,7,4,FPOS000645,451.6000,893.6500,893.6500,1,1,2026-08-24T00:00:00.000
646,20260530,20260722,10,271,300,-1,-1,176,6,4,FPOS000646,452.3000,895.0200,895.0200,1,1,2026-08-24T00:00:00.000
647,20260528,20260816,443,238,137,313,110,39,1,4,FPOS000647,453.0000,896.3900,896.3900,1,1,2026-08-24T00:00:00.000
648,20260530,20260715,285,441,272,200,282,206,10,1,FPOS000648,453.7000,897.7600,897.7600,1,1,2026-08-24T00:00:00.000
649,20260605,20260706,331,381,11,393,277,254,2,3,FPOS000649,454.4000,899.1300,899.1300,1,1,2026-08-24T00:00:00.000
650,20260719,20260529,308,479,208,163,212,337,1,4,FPOS000650,455.1000,900.5000,900.5000,1,1,2026-08-24T00:00:00.000
651,20260610,20260724,99,114,112,44,136,407,2,1,FPOS000651,455.8000,901.8700,901.8700,1,1,2026-08-24T00:00:00.000
652,20260722,20260603,164,171,143,151,228,263,8,3,FPOS000652,456.5000,903.2400,903.2400,1,1,2026-08-24T00:00:00.000
653,20260820,20260711,273,457,127,149,50,50,10,3,FPOS000653,457.2000,904.6100,904.6100,1,1,2026-08-24T00:00:00.000
654,20260607,20260803,338,394,267,387,181,309,9,1,FPOS000654,457.9000,905.9800,905.9800,1,1,2026-08-24T00:00:00.000
655,20260613,20260626,132,46,69,268,425,272,7,5,FPOS000655,458.6000,907.3500,907.3500,1,1,2026-08-24T00:00:00.000
656,20260607,20260615,139,98,164,473,325,61,1,4,FPOS000656,459.3000,908.7200,908.7200,1,1,2026-08-24T00:00:00.000
657,20260626,20260603,407,203,207,481,368,340,9,2,FPOS000657,460.0000,910.0900,910.0900,1,1,2026-08-24T00:00:00.000
658,20260628,20260718,326,280,198,124,436,171,2,1,FPOS000658,460.7000,911.4600,911.4600,1,1,2026-08-24T00:00:00.000
659,20260708,20260620,301,466,56,386,158,267,2,4,FPOS000659,461.4000,912.8300,912.8300,1,1,2026-08-24T00:00:00.000
660,20260720,20260623,159,226,3,251,279,293,10,1,FPOS000660,462.1000,914.2000,914.2000,1,1,2026-08-24T00:00:00.000
661,20260713,20260530,294,472,8,456,312,309,5,5,FPOS000661,462.8000,915.5700,915.5700,1,1,2026-08-24T00:00:00.000
662,20260804,20260814,443,166,196,252,238,298,3,1,FPOS000662,463.5000,916.9400,916.9400,1,1,2026-08-24T00:00:00.000
663,20260808,20260620,350,469,220,-1,-1,376,6,5,FPOS000663,464.2000,918.3100,918.3100,1,1,2026-08-24T00:00:00.000
664,20260628,20260619,233,421,106,279,261,67,1,5,FPOS000664,464.9000,919.6800,919.6800,1,1,2026-08-24T00:00:00.000
665,20260804,20260812,130,379,57,245,151,244,3,2,FPOS000665,465.6000,921.0500,921.0500,1,1,2026-08-24T00:00:00.000
666,20260724,20260813,158,123,70,3,468,416,5,3,FPOS000666,466.3000,922.4200,922.4200,1,1,2026-08-24T00:00:00.000
667,20260708,20260803,182,158,128,157,175,234,8,5,FPOS000667,467.0000,923.7900,923.7900,1,1,2026-08-24T00:00:00.000
668,20260529,20260712,307,268,292,152,396,169,4,2,FPOS000668,467.7000,925.1600,925.1600,1,1,2026-08-24T00:00:00.000
669,20260621,20260603,297,99,132,356,149,407,6,2,FPOS000669,468.4000,926.5300,926.5300,1,1,2026-08-24T00:00:00.000
670,20260804,20260613,157,436,209,438,281,420,7,1,FPOS000670,469.1000,927.9000,927.9000,1,1,2026-08-24T00:00:00.000
671,20260813,20260717,190,209,235,273,434,468,5,1,FPOS000671,469.8000,929.2700,929.2700,1,1,2026-08-24T00:00:00.000
672,20260727,20260731,186,482,68,81,205,71,8,1,FPOS000672,470.5000,930.6400,930.6400,1,1,2026-08-24T00:00:00.000
673,20260610,20260628,225,71,259,69,111,108,2,5,FPOS000673,471.2000,932.0100,932.0100,1,1,2026-08-24T00:00:00.000
674,20260730,20260704,155,321,303,1,432,312,1,1,FPOS000674,471.9000,933.3800,933.3800,1,1,2026-08-24T00:00:00.000
675,20260607,20260811,355,42,75,245,347,350,3,5,FPOS000675,472.6000,934.7500,934.7500,1,1,2026-08-24T00:00:00.000
676,20260711,20260614,103,440,18,25,457,462,6,2,FPOS000676,473.3000,936.1200,936.1200,1,1,2026-08-24T00:00:00.000
677,20260817,20260624,4,65,29,310,241,419,6,5,FPOS000677,474.0000,937.4900,937.4900,1,1,2026-08-24T00:00:00.000
678,20260625,20260620,301,496,166,199,170,447,8,5,FPOS000678,474.7000,938.8600,938.8600,1,1,2026-08-24T00:00:00.000
679,20260718,20260710,172,307,337,7,20,317,4,2,FPOS000679,475.4000,940.2300,940.2300,1,1,2026-08-24T00:00:00.000
680,20260801,20260729,366,305,247,-1,-1,81,1,2,FPOS000680,476.1000,941.6000,941.6000,1,1,2026-08-24T00:00:00.000
681,20260824,20260713,495,213,55,323,117,134,3,1,FPOS000681,476.8000,942.9700,942.9700,1,1,2026-08-24T00:00:00.000
682,20260803,20260630,100,465,205,53,103,172,2,2,FPOS000682,477.5000,944.3400,944.3400,1,1,2026-08-24T00:00:00.000
683,20260723,20260615,257,325,78,472,34,113,5,4,FPOS000683,478.2000,945.7100,945.7100,1,1,2026-08-24T00:00:00.000
684,20260802,20260726,54,53,250,432,30,314,4,3,FPOS000684,478.9000,947.0800,947.0800,1,1,2026-08-24T00:00:00.000
685,20260709,20260801,32,206,172,124,217,55,1,1,FPOS000685,479.6000,948.4500,948.4500,1,1,2026-08-24T00:00:00.000
686,20260611,20260618,497,162,99,36,57,141,5,2,FPOS000686,480.3000,949.8200,949.8200,1,1,2026-08-24T00:00:00.000
687,20260809,20260704,48,149,320,478,146,112,6,3,FPOS000687,481.0000,951.1900,951.1900,1,1,2026-08-24T00:00:00.000
688,20260718,20260623,226,325,154,347,339,116,8,2,FPOS000688,481.7000,952.5600,952.5600,1,1,2026-08-24T00:00:00.000
689,20260726,20260529,93,133,256,279,373,220,5,3,FPOS000689,482.4000,953.9300,953.9300,1,1,2026-08-24T00:00:00.000
690,20260720,20260724,409,274,147,128,497,223,2,4,FPOS000690,483.1000,955.3000,955.3000,1,1,2026-08-24T00:00:00.000
691,20260730,20260809,427,13,272,496,41,76,4,1,FPOS000691,483.8000,956.6700,956.6700,1,1,2026-08-24T00:00:00.000
692,20260529,20260609,300,445,13,14,122,380,1,4,FPOS000692,484.5000,958.0400,958.0400,1,1,2026-08-24T00:00:00.000
693,20260615,20260719,259,360,9,273,390,181,5,1,FPOS000693,485.2000,959.4100,959.4100,1,1,2026-08-24T00:00:00.000
694,20260527,20260606,413,467,195,47,192,329,1,1,FPOS000694,485.9000,960.7800,960.7800,1,1,2026-08-24T00:00:00.000
695,20260714,20260803,147,462,252,299,80,140,9,1,FPOS000695,486.6000,962.1500,962.1500,1,1,2026-08-24T00:00:00.000
696,20260721,20260808,208,498,40,340,122,54,4,1,FPOS000696,487.3000,963.5200,963.5200,1,1,2026-08-24T00:00:00.000
697,20260820,20260805,343,329,65,-1,-1,107,1,2,FPOS000697,488.0000,964.8900,964.8900,1,1,2026-08-24T00:00:00.000
698,20260623,20260807,249,279,302,294,443,98,6,5,FPOS000698,488.7000,966.2600,966.2600,1,1,2026-08-24T00:00:00.000
699,20260620,20260802,407,401,113,25,48,415,3,2,FPOS000699,489.4000,967.6300,967.6300,1,1,2026-08-24T00:00:00.000
700,20260718,20260713,259,60,63,285,362,446,4,3,FPOS000700,490.1000,969.0000,969.0000,1,1,2026-08-24T00:00:00.000
701,20260531,20260705,390,318,208,351,410,424,6,4,FPOS000701,490.8000,970.3700,970.3700,1,1,2026-08-24T00:00:00.000
702,20260805,20260613,71,113,253,318,103,405,1,1,FPOS000702,491.5000,971.7400,971.7400,1,1,2026-08-24T00:00:00.000
703,20260624,20260730,472,282,198,219,396,375,1,1,FPOS000703,492.2000,973.1100,973.1100,1,1,2026-08-24T00:00:00.000
704,20260810,20260619,138,286,30,123,252,498,2,1,FPOS000704,492.9000,974.4800,974.4800,1,1,2026-08-24T00:00:00.000
705,20260718,20260623,450,353,114,281,1,235,7,2,FPOS000705,493.6000,975.8500,975.8500,1,1,2026-08-24T00:00:00.000
706,20260808,20260702,474,430,266,379,33,433,9,5,FPOS000706,494.3000,977.2200,977.2200,1,1,2026-08-24T00:00:00.000
707,20260616,20260708,176,449,303,456,375,232,1,3,FPOS000707,495.0000,978.5900,978.5900,1,1,2026-08-24T00:00:00.000
708,20260824,20260807,445,91,38,434,77,249,10,2,FPOS000708,495.7000,979.9600,979.9600,1,1,2026-08-24T00:00:00.000
709,20260609,20260530,28,114,134,94,278,287,2,5,FPOS000709,496.4000,981.3300,981.3300,1,1,2026-08-24T00:00:00.000
710,20260628,20260710,238,27,234,44,169,442,6,3,FPOS000710,497.1000,982.7000,982.7000,1,1,2026-08-24T00:00:00.000
711,20260705,20260610,250,285,114,334,3,260,6,3,FPOS000711,497.8000,984.0700,984.0700,1,1,2026-08-24T00:00:00.000
712,20260701,20260701,313,263,62,48,476,120,3,3,FPOS000712,498.5000,985.4400,985.4400,1,1,2026-08-24T00:00:00.000
713,20260804,20260720,361,124,200,177,174,26,7,4,FPOS000713,499.2000,986.8100,986.8100,1,1,2026-08-24T00:00:00.000
714,20260610,20260712,437,109,182,-1,-1,108,6,4,FPOS000714,499.9000,988.1800,988.1800,1,1,2026-08-24T00:00:00.000
715,20260805,20260630,380,115,168,205,372,109,5,1,FPOS000715,500.6000,989.5500,989.5500,1,1,2026-08-24T00:00:00.000
716,20260622,20260717,331,446,116,497,151,459,7,4,FPOS000716,501.3000,990.9200,990.9200,1,1,2026-08-24T00:00:00.000
717,20260806,20260624,229,83,230,258,12,213,5,3,FPOS000717,502.0000,992.2900,992.2900,1,1,2026-08-24T00:00:00.000
718,20260822,20260805,219,186,290,49,215,421,4,3,FPOS000718,502.7000,993.6600,993.6600,1,1,2026-08-24T00:00:00.000
719,20260726,20260708,301,326,144,36,133,109,5,2,FPOS000719,503.4000,995.0300,995.0300,1,1,2026-08-24T00:00:00.000
720,20260807,20260804,97,396,294,361,91,108,7,2,FPOS000720,504.1000,996.4000,996.4000,1,1,2026-08-24T00:00:00.000
721,20260816,20260621,267,133,237,323,24,479,8,2,FPOS000721,504.8000,997.7700,997.7700,1,1,2026-08-24T00:00:00.000
722,20260616,20260607,24,353,231,195,282,45,1,1,FPOS000722,505.5000,999.1400,999.1400,1,1,2026-08-24T00:00:00.000
723,20260530,20260812,85,26,233,94,227,440,4,3,FPOS000723,506.2000,1000.5100,1000.5100,1,1,2026-08-24T00:00:00.000
724,20260821,20260613,500,95,314,465,27,430,6,3,FPOS000724,506.9000,1001.8800,1001.8800,1,1,2026-08-24T00:00:00.000
725,20260709,20260824,471,176,227,305,399,65,3,5,FPOS000725,507.6000,1003.2500,1003.2500,1,1,2026-08-24T00:00:00.000
726,20260618,20260819,5,269,217,426,76,378,3,2,FPOS000726,508.3000,1004.6200,1004.6200,1,1,2026-08-24T00:00:00.000
727,20260608,20260716,336,50,85,199,38,392,10,4,FPOS000727,509.0000,1005.9900,1005.9900,1,1,2026-08-24T00:00:00.000
728,20260805,20260814,96,262,192,316,340,186,4,2,FPOS000728,509.7000,1007.3600,1007.3600,1,1,2026-08-24T00:00:00.000
729,20260623,20260816,123,150,47,284,490,97,8,4,FPOS000729,510.4000,1008.7300,1008.7300,1,1,2026-08-24T00:00:00.000
730,20260709,20260730,20,140,12,291,162,436,4,1,FPOS000730,511.1000,1010.1000,1010.1000,1,1,2026-08-24T00:00:00.000
731,20260603,20260809,122,132,91,-1,-1,239,5,5,FPOS000731,511.8000,1011.4700,1011.4700,1,1,2026-08-24T00:00:00.000
732,20260619,20260811,458,387,235,434,89,94,5,5,FPOS000732,512.5000,1012.8400,1012.8400,1,1,2026-08-24T00:00:00.000
733,20260626,20260527,221,180,234,207,336,411,10,3,FPOS000733,513.2000,1014.2100,1014.2100,1,1,2026-08-24T00:00:00.000
734,20260819,20260527,321,131,21,186,306,439,3,4,FPOS000734,513.9000,1015.5800,1015.5800,1,1,2026-08-24T00:00:00.000
735,20260818,20260605,353,379,136,184,407,193,3,2,FPOS000735,514.6000,1016.9500,1016.9500,1,1,2026-08-24T00:00:00.000
736,20260808,20260803,227,386,49,209,333,435,4,5,FPOS000736,515.3000,1018.3200,1018.3200,1,1,2026-08-24T00:00:00.000
737,20260813,20260709,492,162,313,312,18,400,6,3,FPOS000737,516.0000,1019.6900,1019.6900,1,1,2026-08-24T00:00:00.000
738,20260706,20260610,461,135,270,172,384,253,9,2,FPOS000738,516.7000,1021.0600,1021.0600,1,1,2026-08-24T00:00:00.000
739,20260630,20260712,331,175,77,415,127,220,4,3,FPOS000739,517.4000,1022.4300,1022.4300,1,1,2026-08-24T00:00:00.000
740,20260627,20260703,387,84,192,57,7,100,6,5,FPOS000740,518.1000,1023.8000,1023.8000,1,1,2026-08-24T00:00:00.000
741,20260812,20260612,310,179,328,161,116,77,6,5,FPOS000741,518.8000,1025.1700,1025.1700,1,1,2026-08-24T00:00:00.000
742,20260803,20260610,277,115,24,307,246,146,7,2,FPOS000742,519.5000,1026.5400,1026.5400,1,1,2026-08-24T00:00:00.000
743,20260801,20260702,260,499,305,284,497,190,3,5,FPOS000743,520.2000,1027.9100,1027.9100,1,1,2026-08-24T00:00:00.000
744,20260801,20260726,338,399,315,455,313,83,6,1,FPOS000744,520.9000,1029.2800,1029.2800,1,1,2026-08-24T00:00:00.000
745,20260715,20260722,16,457,151,21,353,264,7,4,FPOS000745,521.6000,1030.6500,1030.6500,1,1,2026-08-24T00:00:00.000
746,20260722,20260711,485,119,238,460,467,382,4,1,FPOS000746,522.3000,1032.0200,1032.0200,1,1,2026-08-24T00:00:00.000
747,20260725,20260713,211,489,168,343,263,488,10,4,FPOS000747,523.0000,1033.3900,1033.3900,1,1,2026-08-24T00:00:00.000
748,20260815,20260606,142,443,202,-1,-1,332,3,2,FPOS000748,523.7000,1034.7600,1034.7600,1,1,2026-08-24T00:00:00.000
749,20260624,20260705,263,441,11,22,172,83,9,3,FPOS000749,524.4000,1036.1300,1036.1300,1,1,2026-08-24T00:00:00.000
750,20260810,20260815,390,313,128,361,470,147,5,1,FPOS000750,525.1000,1037.5000,1037.5000,1,1,2026-08-24T00:00:00.000
751,20260810,20260818,91,144,261,149,290,437,5,1,FPOS000751,525.8000,1038.8700,1038.8700,1,1,2026-08-24T00:00:00.000
752,20260704,20260707,99,370,181,396,380,289,7,3,FPOS000752,526.5000,1040.2400,1040.2400,1,1,2026-08-24T00:00:00.000
753,20260630,20260731,466,302,50,212,148,280,7,5,FPOS000753,527.2000,1041.6100,1041.6100,1,1,2026-08-24T00:00:00.000
754,20260803,20260619,78,51,311,156,235,440,10,3,FPOS000754,527.9000,1042.9800,1042.9800,1,1,2026-08-24T00:00:00.000
755,20260726,20260628,185,489,80,30,342,10,9,1,FPOS000755,528.6000,1044.3500,1044.3500,1,1,2026-08-24T00:00:00.000
756,20260811,20260607,158,384,189,424,443,345,8,1,FPOS000756,529.3000,1045.7200,1045.7200,1,1,2026-08-24T00:00:00.000
757,20260608,20260714,417,393,46,359,383,73,4,1,FPOS000757,530.0000,1047.0900,1047.0900,1,1,2026-08-24T00:00:00.000
758,20260719,20260530,233,455,304,441,399,444,4,4,FPOS000758,530.7000,1048.4600,1048.4600,1,1,2026-08-24T00:00:00.000
759,20260612,20260806,499,468,276,37,250,241,4,1,FPOS000759,531.4000,1049.8300,1049.8300,1,1,2026-08-24T00:00:00.000
760,20260807,20260803,323,266,65,93,138,267,5,2,FPOS000760,532.1000,1051.2000,1051.2000,1,1,2026-08-24T00:00:00.000
761,20260616,20260614,387,317,45,353,305,5,2,1,FPOS000761,532.8000,1052.5700,1052.5700,1,1,2026-08-24T00:00:00.000
762,20260726,20260711,278,169,178,349,108,220,9,2,FPOS000762,533.5000,1053.9400,1053.9400,1,1,2026-08-24T00:00:00.000
763,20260821,20260811,416,38,73,196,292,477,7,5,FPOS000763,534.2000,1055.3100,1055.3100,1,1,2026-08-24T00:00:00.000
764,20260607,20260715,340,50,325,133,482,339,4,5,FPOS000764,534.9000,1056.6800,1056.6800,1,1,2026-08-24T00:00:00.000
765,20260703,20260716,328,491,212,-1,-1,378,8,5,FPOS000765,535.6000,1058.0500,1058.0500,1,1,2026-08-24T00:00:00.000
766,20260809,20260603,128,395,152,356,25,79,8,1,FPOS000766,536.3000,1059.4200,1059.4200,1,1,2026-08-24T00:00:00.000
767,20260727,20260625,397,344,304,292,309,303,9,2,FPOS000767,537.0000,1060.7900,1060.7900,1,1,2026-08-24T00:00:00.000
768,20260622,20260627,498,332,153,36,465,398,2,3,FPOS000768,537.7000,1062.1600,1062.1600,1,1,2026-08-24T00:00:00.000
769,20260713,20260715,326,220,11,72,115,216,9,3,FPOS000769,538.4000,1063.5300,1063.5300,1,1,2026-08-24T00:00:00.000
770,20260807,20260608,398,492,287,408,95,184,10,3,FPOS000770,539.1000,1064.9000,1064.9000,1,1,2026-08-24T00:00:00.000
771,20260822,20260627,57,487,1,7,189,286,6,2,FPOS000771,539.8000,1066.2700,1066.2700,1,1,2026-08-24T00:00:00.000
772,20260702,20260621,84,289,166,208,154,94,8,2,FPOS000772,540.5000,1067.6400,1067.6400,1,1,2026-08-24T00:00:00.000
773,20260720,20260604,460,94,24,186,276,177,2,5,FPOS000773,541.2000,1069.0100,1069.0100,1,1,2026-08-24T00:00:00.000
774,20260620,20260716,33,132,9,310,498,227,6,1,FPOS000774,541.9000,1070.3800,1070.3800,1,1,2026-08-24T00:00:00.000
775,20260616,20260716,313,131,329,23,411,294,10,3,FPOS000775,542.6000,1071.7500,1071.7500,1,1,2026-08-24T00:00:00.000
776,20260709,20260725,471,212,149,447,89,121,1,3,FPOS000776,543.3000,1073.1200,1073.1200,1,1,2026-08-24T00:00:00.000
777,20260807,20260618,169,326,179,449,308,366,8,4,FPOS000777,544.0000,1074.4900,1074.4900,1,1,2026-08-24T00:00:00.000
778,20260725,20260609,311,287,236,432,117,140,3,3,FPOS000778,544.7000,1075.8600,1075.8600,1,1,2026-08-24T00:00:00.000
779,20260805,20260705,235,180,331,121,244,217,6,3,FPOS000779,545.4000,1077.2300,1077.2300,1,1,2026-08-24T00:00:00.000
780,20260813,20260626,304,137,140,239,184,330,6,2,FPOS000780,546.1000,1078.6000,1078.6000,1,1,2026-08-24T00:00:00.000
781,20260613,20260819,52,37,250,490,317,282,6,2,FPOS000781,546.8000,1079.9700,1079.9700,1,1,2026-08-24T00:00:00.000
782,20260623,20260807,336,227,243,-1,-1,182,10,5,FPOS000782,547.5000,1081.3400,1081.3400,1,1,2026-08-24T00:00:00.000
783,20260724,20260824,486,87,335,239,148,169,7,5,FPOS000783,548.2000,1082.7100,1082.7100,1,1,2026-08-24T00:00:00.000
784,20260716,20260710,172,250,149,468,451,40,3,2,FPOS000784,548.9000,1084.0800,1084.0800,1,1,2026-08-24T00:00:00.000
785,20260807,20260710,166,293,97,410,211,171,6,2,FPOS000785,549.6000,1085.4500,1085.4500,1,1,2026-08-24T00:00:00.000
786,20260625,20260819,127,165,116,32,481,208,1,5,FPOS000786,550.3000,1086.8200,1086.8200,1,1,2026-08-24T00:00:00.000
787,20260805,20260610,66,4,225,111,130,30,3,4,FPOS000787,551.0000,1088.1900,1088.1900,1,1,2026-08-24T00:00:00.000
788,20260623,20260704,411,149,66,469,119,36,7,2,FPOS000788,551.7000,1089.5600,1089.5600,1,1,2026-08-24T00:00:00.000
789,20260711,20260726,488,326,167,65,278,409,3,3,FPOS000789,552.4000,1090.9300,1090.9300,1,1,2026-08-24T00:00:00.000
790,20260713,20260605,237,273,322,378,197,439,6,4,FPOS000790,553.1000,1092.3000,1092.3000,1,1,2026-08-24T00:00:00.000
791,20260815,20260824,337,254,342,130,396,365,4,1,FPOS000791,553.8000,1093.6700,1093.6700,1,1,2026-08-24T00:00:00.000
792,20260627,20260804,213,46,145,485,72,265,3,3,FPOS000792,554.5000,1095.0400,1095.0400,1,1,2026-08-24T00:00:00.000
793,20260728,20260615,415,181,132,315,49,479,7,2,FPOS000793,555.2000,1096.4100,1096.4100,1,1,2026-08-24T00:00:00.000
794,20260528,20260719,16,203,58,407,120,227,10,5,FPOS000794,555.9000,1097.7800,1097.7800,1,1,2026-08-24T00:00:00.000
795,20260712,20260803,374,107,220,471,433,162,2,5,FPOS000795,556.6000,1099.1500,1099.1500,1,1,2026-08-24T00:00:00.000
796,20260608,20260724,2,147,228,178,283,335,6,4,FPOS000796,557.3000,1100.5200,1100.5200,1,1,2026-08-24T00:00:00.000
797,20260730,20260703,350,325,52,146,131,439,10,4,FPOS000797,558.0000,1101.8900,1101.8900,1,1,2026-08-24T00:00:00.000
798,20260629,20260807,155,294,150,103,400,39,3,2,FPOS000798,558.7000,1103.2600,1103.2600,1,1,2026-08-24T00:00:00.000
799,20260703,20260710,480,72,105,-1,-1,228,3,3,FPOS000799,559.4000,1104.6300,1104.6300,1,1,2026-08-24T00:00:00.000
800,20260822,20260621,474,214,273,482,368,333,8,5,FPOS000800,560.1000,1106.0000,1106.0000,1,1,2026-08-24T00:00:00.000
801,20260607,20260819,193,277,235,158,66,344,4,5,FPOS000801,560.8000,1107.3700,1107.3700,1,1,2026-08-24T00:00:00.000
802,20260712,20260806,203,375,31,139,324,140,6,4,FPOS000802,561.5000,1108.7400,1108.7400,1,1,2026-08-24T00:00:00.000
803,20260601,20260715,327,392,316,64,208,9,6,5,FPOS000803,562.2000,1110.1100,1110.1100,1,1,2026-08-24T00:00:00.000
804,20260717,20260608,201,17,242,71,438,80,3,4,FPOS000804,562.9000,1111.4800,1111.4800,1,1,2026-08-24T00:00:00.000
805,20260725,20260605,331,10,309,330,289,66,7,5,FPOS000805,563.6000,1112.8500,1112.8500,1,1,2026-08-24T00:00:00.000
806,20260601,20260814,166,12,142,93,464,379,2,3,FPOS000806,564.3000,1114.2200,1114.2200,1,1,2026-08-24T00:00:00.000
807,20260712,20260705,83,148,76,454,131,293,8,1,FPOS000807,565.0000,1115.5900,1115.5900,1,1,2026-08-24T00:00:00.000
808,20260609,20260801,268,454,29,279,312,38,10,1,FPOS000808,565.7000,1116.9600,1116.9600,1,1,2026-08-24T00:00:00.000
809,20260623,20260602,249,367,25,411,360,236,3,3,FPOS000809,566.4000,1118.3300,1118.3300,1,1,2026-08-24T00:00:00.000
810,20260621,20260611,151,370,349,455,62,493,8,5,FPOS000810,567.1000,1119.7000,1119.7000,1,1,2026-08-24T00:00:00.000
811,20260809,20260813,191,45,311,288,77,314,1,1,FPOS000811,567.8000,1121.0700,1121.0700,1,1,2026-08-24T00:00:00.000
812,20260714,20260710,295,459,127,180,15,289,9,3,FPOS000812,568.5000,1122.4400,1122.4400,1,1,2026-08-24T00:00:00.000
813,20260718,20260708,298,60,160,202,424,436,9,5,FPOS000813,569.2000,1123.8100,1123.8100,1,1,2026-08-24T00:00:00.000
814,20260802,20260715,407,460,321,392,274,371,9,2,FPOS000814,569.9000,1125.1800,1125.1800,1,1,2026-08-24T00:00:00.000
815,20260824,20260604,104,452,239,464,209,405,1,1,FPOS000815,570.6000,1126.5500,1126.5500,1,1,2026-08-24T00:00:00.000
816,20260605,20260602,393,477,201,-1,-1,77,8,2,FPOS000816,571.3000,1127.9200,1127.9200,1,1,2026-08-24T00:00:00.000
817,20260818,20260726,483,431,4,136,288,352,3,2,FPOS000817,572.0000,1129.2900,1129.2900,1,1,2026-08-24T00:00:00.000
818,20260712,20260801,308,250,29,296,435,262,3,4,FPOS000818,572.7000,1130.6600,1130.6600,1,1,2026-08-24T00:00:00.000
819,20260531,20260617,251,235,208,124,70,171,6,4,FPOS000819,573.4000,1132.0300,1132.0300,1,1,2026-08-24T00:00:00.000
820,20260712,20260622,325,232,64,294,460,105,7,2,FPOS000820,574.1000,1133.4000,1133.4000,1,1,2026-08-24T00:00:00.000
821,20260715,20260711,32,241,80,6,415,209,2,5,FPOS000821,574.8000,1134.7700,1134.7700,1,1,2026-08-24T00:00:00.000
822,20260607,20260727,67,53,112,496,145,427,10,4,FPOS000822,575.5000,1136.1400,1136.1400,1,1,2026-08-24T00:00:00.000
823,20260730,20260801,31,97,290,309,465,273,9,2,FPOS000823,576.2000,1137.5100,1137.5100,1,1,2026-08-24T00:00:00.000
824,20260718,20260605,51,27,37,401,458,479,3,3,FPOS000824,576.9000,1138.8800,1138.8800,1,1,2026-08-24T00:00:00.000
825,20260627,20260814,469,215,164,363,497,353,4,5,FPOS000825,577.6000,1140.2500,1140.2500,1,1,2026-08-24T00:00:00.000
826,20260728,20260707,193,458,36,101,137,405,6,2,FPOS000826,578.3000,1141.6200,1141.6200,1,1,2026-08-24T00:00:00.000
827,20260617,20260812,202,461,167,206,472,215,2,3,FPOS000827,579.0000,1142.9900,1142.9900,1,1,2026-08-24T00:00:00.000
828,20260806,20260703,468,455,250,57,161,388,9,2,FPOS000828,579.7000,1144.3600,1144.3600,1,1,2026-08-24T00:00:00.000
829,20260807,20260713,262,377,144,101,75,152,1,3,FPOS000829,580.4000,1145.7300,1145.7300,1,1,2026-08-24T00:00:00.000
830,20260727,20260711,182,413,308,301,149,471,3,4,FPOS000830,581.1000,1147.1000,1147.1000,1,1,2026-08-24T00:00:00.000
831,20260613,20260629,65,37,152,12,179,388,7,4,FPOS000831,581.8000,1148.4700,1148.4700,1,1,2026-08-24T00:00:00.000
832,20260628,20260608,307,52,142,371,234,65,5,4,FPOS000832,582.5000,1149.8400,1149.8400,1,1,2026-08-24T00:00:00.000
833,20260608,20260714,472,360,77,-1,-1,497,4,3,FPOS000833,583.2000,1151.2100,1151.2100,1,1,2026-08-24T00:00:00.000
834,20260723,20260529,229,137,122,218,272,493,8,5,FPOS000834,583.9000,1152.5800,1152.5800,1,1,2026-08-24T00:00:00.000
835,20260531,20260713,135,344,338,275,229,138,4,2,FPOS000835,584.6000,1153.9500,1153.9500,1,1,2026-08-24T00:00:00.000
836,20260712,20260612,80,206,160,171,379,105,2,1,FPOS000836,585.3000,1155.3200,1155.3200,1,1,2026-08-24T00:00:00.000
837,20260802,20260814,295,61,76,281,331,406,3,1,FPOS000837,586.0000,1156.6900,1156.6900,1,1,2026-08-24T00:00:00.000
838,20260813,20260528,181,395,4,347,57,37,10,2,FPOS000838,586.7000,1158.0600,1158.0600,1,1,2026-08-24T00:00:00.000
839,20260727,20260720,276,150,350,110,323,6,7,4,FPOS000839,587.4000,1159.4300,1159.4300,1,1,2026-08-24T00:00:00.000
840,20260623,20260711,368,186,194,19,82,28,3,3,FPOS000840,588.1000,1160.8000,1160.8000,1,1,2026-08-24T00:00:00.000
841,20260607,20260701,102,1,287,278,121,439,8,1,FPOS000841,588.8000,1162.1700,1162.1700,1,1,2026-08-24T00:00:00.000
842,20260613,20260805,258,211,121,84,52,424,6,4,FPOS000842,589.5000,1163.5400,1163.5400,1,1,2026-08-24T00:00:00.000
843,20260719,20260613,15,302,3,140,9,302,10,5,FPOS000843,590.2000,1164.9100,1164.9100,1,1,2026-08-24T00:00:00.000
844,20260617,20260602,148,487,194,284,173,112,9,2,FPOS000844,590.9000,1166.2800,1166.2800,1,1,2026-08-24T00:00:00.000
845,20260808,20260728,75,258,280,349,312,182,6,4,FPOS000845,591.6000,1167.6500,1167.6500,1,1,2026-08-24T00:00:00.000
846,20260617,20260725,262,481,115,265,313,266,1,2,FPOS000846,592.3000,1169.0200,1169.0200,1,1,2026-08-24T00:00:00.000
847,20260802,20260719,276,86,176,402,312,141,5,5,FPOS000847,593.0000,1170.3900,1170.3900,1,1,2026-08-24T00:00:00.000
848,20260628,20260609,224,293,138,201,104,323,10,3,FPOS000848,593.7000,1171.7600,1171.7600,1,1,2026-08-24T00:00:00.000
849,20260824,20260710,332,121,11,360,33,427,9,3,FPOS000849,594.4000,1173.1300,1173.1300,1,1,2026-08-24T00:00:00.000
850,20260710,20260801,348,7,23,-1,-1,491,5,1,FPOS000850,595.1000,1174.5000,1174.5000,1,1,2026-08-24T00:00:00.000
851,20260627,20260622,218,378,152,460,7,245,4,3,FPOS000851,595.8000,1175.8700,1175.8700,1,1,2026-08-24T00:00:00.000
852,20260803,20260604,80,134,44,467,138,168,2,2,FPOS000852,596.5000,1177.2400,1177.2400,1,1,2026-08-24T00:00:00.000
853,20260729,20260803,120,269,281,321,161,229,7,1,FPOS000853,597.2000,1178.6100,1178.6100,1,1,2026-08-24T00:00:00.000
854,20260716,20260606,144,215,262,274,81,207,3,3,FPOS000854,597.9000,1179.9800,1179.9800,1,1,2026-08-24T00:00:00.000
855,20260619,20260608,418,383,175,255,312,409,6,4,FPOS000855,598.6000,1181.3500,1181.3500,1,1,2026-08-24T00:00:00.000
856,20260627,20260816,480,430,211,485,472,192,10,2,FPOS000856,599.3000,1182.7200,1182.7200,1,1,2026-08-24T00:00:00.000
857,20260813,20260629,132,324,225,252,282,372,10,5,FPOS000857,600.0000,1184.0900,1184.0900,1,1,2026-08-24T00:00:00.000
858,20260528,20260609,10,136,340,425,393,24,10,3,FPOS000858,600.7000,1185.4600,1185.4600,1,1,2026-08-24T00:00:00.000
859,20260606,20260624,323,14,31,372,433,372,2,4,FPOS000859,601.4000,1186.8300,1186.8300,1,1,2026-08-24T00:00:00.000
860,20260620,20260718,47,338,71,346,226,363,3,3,FPOS000860,602.1000,1188.2000,1188.2000,1,1,2026-08-24T00:00:00.000
861,20260709,20260709,106,118,340,78,174,160,6,5,FPOS000861,602.8000,1189.5700,1189.5700,1,1,2026-08-24T00:00:00.000
862,20260624,20260615,458,291,231,471,71,479,7,3,FPOS000862,603.5000,1190.9400,1190.9400,1,1,2026-08-24T00:00:00.000
863,20260619,20260609,142,58,14,270,107,361,5,1,FPOS000863,604.2000,1192.3100,1192.3100,1,1,2026-08-24T00:00:00.000
864,20260622,20260617,462,310,291,321,20,330,2,5,FPOS000864,604.9000,1193.6800,1193.6800,1,1,2026-08-24T00:00:00.000
865,20260820,20260818,48,479,73,315,229,247,3,2,FPOS000865,605.6000,1195.0500,1195.0500,1,1,2026-08-24T00:00:00.000
866,20260817,20260527,229,384,342,457,353,207,8,2,FPOS000866,606.3000,1196.4200,1196.4200,1,1,2026-08-24T00:00:00.000
867,20260625,20260814,363,376,186,-1,-1,262,5,3,FPOS000867,607.0000,1197.7900,1197.7900,1,1,2026-08-24T00:00:00.000
868,20260811,20260725,133,436,176,463,328,59,7,2,FPOS000868,607.7000,1199.1600,1199.1600,1,1,2026-08-24T00:00:00.000
869,20260623,20260616,70,48,233,83,151,115,9,2,FPOS000869,608.4000,1200.5300,1200.5300,1,1,2026-08-24T00:00:00.000
870,20260528,20260603,316,484,216,244,39,151,5,4,FPOS000870,609.1000,1201.9000,1201.9000,1,1,2026-08-24T00:00:00.000
871,20260726,20260616,24,185,294,382,4,310,6,5,FPOS000871,609.8000,1203.2700,1203.2700,1,1,2026-08-24T00:00:00.000
872,20260815,20260611,335,268,315,146,491,188,2,1,FPOS000872,610.5000,1204.6400,1204.6400,1,1,2026-08-24T00:00:00.000
873,20260710,20260729,363,376,221,338,155,113,5,5,FPOS000873,611.2000,1206.0100,1206.0100,1,1,2026-08-24T00:00:00.000
874,20260810,20260614,448,229,234,381,258,369,9,4,FPOS000874,611.9000,1207.3800,1207.3800,1,1,2026-08-24T00:00:00.000
875,20260731,20260721,28,300,243,342,39,328,2,2,FPOS000875,612.6000,1208.7500,1208.7500,1,1,2026-08-24T00:00:00.000
876,20260628,20260612,258,82,49,88,332,202,3,5,FPOS000876,613.3000,1210.1200,1210.1200,1,1,2026-08-24T00:00:00.000
877,20260601,20260708,156,6,91,58,374,460,3,2,FPOS000877,614.0000,1211.4900,1211.4900,1,1,2026-08-24T00:00:00.000
878,20260724,20260630,313,176,226,52,166,265,5,1,FPOS000878,614.7000,1212.8600,1212.8600,1,1,2026-08-24T00:00:00.000
879,20260614,20260615,423,130,325,307,412,378,10,1,FPOS000879,615.4000,1214.2300,1214.2300,1,1,2026-08-24T00:00:00.000
880,20260614,20260614,100,364,204,444,442,350,8,1,FPOS000880,616.1000,1215.6000,1215.6000,1,1,2026-08-24T00:00:00.000
881,20260713,20260617,142,401,145,341,5,5,4,4,FPOS000881,616.8000,1216.9700,1216.9700,1,1,2026-08-24T00:00:00.000
882,20260818,20260613,312,163,22,391,172,211,10,1,FPOS000882,617.5000,1218.3400,1218.3400,1,1,2026-08-24T00:00:00.000
883,20260626,20260721,148,101,211,458,243,150,9,4,FPOS000883,618.2000,1219.7100,1219.7100,1,1,2026-08-24T00:00:00.000
884,20260804,20260809,228,134,198,-1,-1,429,8,1,FPOS000884,618.9000,1221.0800,1221.0800,1,1,2026-08-24T00:00:00.000
885,20260528,20260723,196,46,308,212,188,31,8,4,FPOS000885,619.6000,1222.4500,1222.4500,1,1,2026-08-24T00:00:00.000
886,20260806,20260728,451,121,124,91,494,242,7,3,FPOS000886,620.3000,1223.8200,1223.8200,1,1,2026-08-24T00:00:00.000
887,20260809,20260709,384,245,204,433,423,206,6,5,FPOS000887,621.0000,1225.1900,1225.1900,1,1,2026-08-24T00:00:00.000
888,20260718,20260711,98,85,108,487,433,104,2,3,FPOS000888,621.7000,1226.5600,1226.5600,1,1,2026-08-24T00:00:00.000
889,20260802,20260529,250,48,291,285,346,290,2,2,FPOS000889,622.4000,1227.9300,1227.9300,1,1,2026-08-24T00:00:00.000
890,20260721,20260706,219,181,291,129,263,119,7,1,FPOS000890,623.1000,1229.3000,1229.3000,1,1,2026-08-24T00:00:00.000
891,20260812,20260530,66,233,236,32,285,235,4,2,FPOS000891,623.8000,1230.6700,1230.6700,1,1,2026-08-24T00:00:00.000
892,20260530,20260528,110,34,182,465,119,267,8,5,FPOS000892,624.5000,1232.0400,1232.0400,1,1,2026-08-24T00:00:00.000
893,20260529,20260615,197,341,141,443,455,306,7,4,FPOS000893,625.2000,1233.4100,1233.4100,1,1,2026-08-24T00:00:00.000
894,20260810,20260529,343,433,132,144,306,365,10,2,FPOS000894,625.9000,1234.7800,1234.7800,1,1,2026-08-24T00:00:00.000
895,20260714,20260603,255,220,102,474,137,32,1,5,FPOS000895,626.6000,1236.1500,1236.1500,1,1,2026-08-24T00:00:00.000
896,20260727,20260711,426,116,46,317,449,91,1,1,FPOS000896,627.3000,1237.5200,1237.5200,1,1,2026-08-24T00:00:00.000
897,20260615,20260607,353,461,260,1,408,326,9,3,FPOS000897,628.0000,1238.8900,1238.8900,1,1,2026-08-24T00:00:00.000
898,20260606,20260629,242,422,350,476,413,472,10,1,FPOS000898,628.7000,1240.2600,1240.2600,1,1,2026-08-24T00:00:00.000
899,20260716,20260712,25,231,91,112,162,90,8,4,FPOS000899,629.4000,1241.6300,1241.6300,1,1,2026-08-24T00:00:00.000
900,20260527,20260821,136,223,272,387,466,381,2,1,FPOS000900,630.1000,1243.0000,1243.0000,1,1,2026-08-24T00:00:00.000
901,20260623,20260608,351,253,151,-1,-1,333,6,3,FPOS000901,630.8000,1244.3700,1244.3700,1,1,2026-08-24T00:00:00.000
902,20260609,20260703,8,267,97,294,259,466,7,5,FPOS000902,631.5000,1245.7400,1245.7400,1,1,2026-08-24T00:00:00.000
903,20260530,20260602,99,307,61,109,408,328,9,3,FPOS000903,632.2000,1247.1100,1247.1100,1,1,2026-08-24T00:00:00.000
904,20260806,20260613,108,82,289,109,256,215,5,1,FPOS000904,632.9000,1248.4800,1248.4800,1,1,2026-08-24T00:00:00.000
905,20260719,20260613,27,313,135,145,387,52,6,1,FPOS000905,633.6000,1249.8500,1249.8500,1,1,2026-08-24T00:00:00.000
906,20260729,20260824,332,395,237,316,164,2,9,4,FPOS000906,634.3000,1251.2200,1251.2200,1,1,2026-08-24T00:00:00.000
907,20260604,20260812,464,143,308,306,110,122,3,4,FPOS000907,635.0000,1252.5900,1252.5900,1,1,2026-08-24T00:00:00.000
908,20260708,20260805,193,447,113,311,309,253,6,3,FPOS000908,635.7000,1253.9600,1253.9600,1,1,2026-08-24T00:00:00.000
909,20260529,20260528,476,260,278,162,431,419,6,4,FPOS000909,636.4000,1255.3300,1255.3300,1,1,2026-08-24T00:00:00.000
910,20260717,20260626,8,339,116,209,276,471,6,3,FPOS000910,637.1000,1256.7000,1256.7000,1,1,2026-08-24T00:00:00.000
911,20260812,20260529,145,397,307,357,343,304,8,4,FPOS000911,637.8000,1258.0700,1258.0700,1,1,2026-08-24T00:00:00.000
912,20260808,20260706,454,112,25,52,315,83,7,5,FPOS000912,638.5000,1259.4400,1259.4400,1,1,2026-08-24T00:00:00.000
913,20260613,20260804,204,396,164,452,220,317,6,2,FPOS000913,639.2000,1260.8100,1260.8100,1,1,2026-08-24T00:00:00.000
914,20260712,20260705,52,106,337,58,280,194,1,3,FPOS000914,639.9000,1262.1800,1262.1800,1,1,2026-08-24T00:00:00.000
915,20260726,20260820,78,78,169,334,271,53,9,4,FPOS000915,640.6000,1263.5500,1263.5500,1,1,2026-08-24T00:00:00.000
916,20260723,20260822,288,176,43,41,235,253,6,2,FPOS000916,641.3000,1264.9200,1264.9200,1,1,2026-08-24T00:00:00.000
917,20260703,20260716,275,377,299,278,178,386,5,5,FPOS000917,642.0000,1266.2900,1266.2900,1,1,2026-08-24T00:00:00.000
918,20260606,20260607,104,334,133,-1,-1,498,7,4,FPOS000918,642.7000,1267.6600,1267.6600,1,1,2026-08-24T00:00:00.000
919,20260806,20260601,442,476,150,236,355,279,10,3,FPOS000919,643.4000,1269.0300,1269.0300,1,1,2026-08-24T00:00:00.000
920,20260623,20260707,20,66,271,214,71,38,1,4,FPOS000920,644.1000,1270.4000,1270.4000,1,1,2026-08-24T00:00:00.000
921,20260627,20260618,110,42,176,154,436,441,7,2,FPOS000921,644.8000,1271.7700,1271.7700,1,1,2026-08-24T00:00:00.000
922,20260727,20260813,396,386,347,132,494,85,6,3,FPOS000922,645.5000,1273.1400,1273.1400,1,1,2026-08-24T00:00:00.000
923,20260603,20260823,204,178,152,334,5,256,9,5,FPOS000923,646.2000,1274.5100,1274.5100,1,1,2026-08-24T00:00:00.000
924,20260529,20260705,139,436,271,77,493,53,7,2,FPOS000924,646.9000,1275.8800,1275.8800,1,1,2026-08-24T00:00:00.000
925,20260605,20260725,494,398,12,164,209,2,5,5,FPOS000925,647.6000,1277.2500,1277.2500,1,1,2026-08-24T00:00:00.000
926,20260702,20260715,122,16,210,302,369,145,5,2,FPOS000926,648.3000,1278.6200,1278.6200,1,1,2026-08-24T00:00:00.000
927,20260821,20260613,317,449,335,446,92,40,4,4,FPOS000927,649.0000,1279.9900,1279.9900,1,1,2026-08-24T00:00:00.000
928,20260628,20260629,453,337,217,23,156,89,7,4,FPOS000928,649.7000,1281.3600,1281.3600,1,1,2026-08-24T00:00:00.000
929,20260702,20260729,262,26,119,348,320,139,7,4,FPOS000929,650.4000,1282.7300,1282.7300,1,1,2026-08-24T00:00:00.000
930,20260630,20260530,464,225,289,398,472,383,7,4,FPOS000930,651.1000,1284.1000,1284.1000,1,1,2026-08-24T00:00:00.000
931,20260804,20260606,263,239,185,273,49,301,4,3,FPOS000931,651.8000,1285.4700,1285.4700,1,1,2026-08-24T00:00:00.000
932,20260619,20260719,131,491,201,5,328,106,5,1,FPOS000932,652.5000,1286.8400,1286.8400,1,1,2026-08-24T00:00:00.000
933,20260618,20260807,255,222,43,89,256,82,3,3,FPOS000933,653.2000,1288.2100,1288.2100,1,1,2026-08-24T00:00:00.000
934,20260702,20260805,145,325,229,364,291,480,2,2,FPOS000934,653.9000,1289.5800,1289.5800,1,1,2026-08-24T00:00:00.000
935,20260713,20260801,356,427,52,-1,-1,104,9,5,FPOS000935,654.6000,1290.9500,1290.9500,1,1,2026-08-24T00:00:00.000
936,20260709,20260528,214,368,307,287,14,58,2,4,FPOS000936,655.3000,1292.3200,1292.3200,1,1,2026-08-24T00:00:00.000
937,20260712,20260821,364,390,304,19,269,4,10,2,FPOS000937,656.0000,1293.6900,1293.6900,1,1,2026-08-24T00:00:00.000
938,20260604,20260804,229,461,44,238,217,212,2,5,FPOS000938,656.7000,1295.0600,1295.0600,1,1,2026-08-24T00:00:00.000
939,20260711,20260702,250,230,159,479,458,115,4,4,FPOS000939,657.4000,1296.4300,1296.4300,1,1,2026-08-24T00:00:00.000
940,20260713,20260810,321,347,63,189,382,492,4,1,FPOS000940,658.1000,1297.8000,1297.8000,1,1,2026-08-24T00:00:00.000
941,20260623,20260609,439,14,15,367,386,40,4,5,FPOS000941,658.8000,1299.1700,1299.1700,1,1,2026-08-24T00:00:00.000
942,20260730,20260816,164,283,313,467,437,458,6,4,FPOS000942,659.5000,1300.5400,1300.5400,1,1,2026-08-24T00:00:00.000
943,20260610,20260823,229,411,272,196,166,272,6,4,FPOS000943,660.2000,1301.9100,1301.9100,1,1,2026-08-24T00:00:00.000
944,20260609,20260630,419,419,188,27,162,19,7,5,FPOS000944,660.9000,1303.2800,1303.2800,1,1,2026-08-24T00:00:00.000
945,20260605,20260726,139,147,147,47,433,457,10,2,FPOS000945,661.6000,1304.6500,1304.6500,1,1,2026-08-24T00:00:00.000
946,20260822,20260621,314,489,345,14,425,398,2,5,FPOS000946,662.3000,1306.0200,1306.0200,1,1,2026-08-24T00:00:00.000
947,20260710,20260711,23,37,182,431,180,380,5,4,FPOS000947,663.0000,1307.3900,1307.3900,1,1,2026-08-24T00:00:00.000
948,20260711,20260705,321,392,99,496,234,63,6,3,FPOS000948,663.7000,1308.7600,1308.7600,1,1,2026-08-24T00:00:00.000
949,20260809,20260805,326,11,32,378,39,18,2,5,FPOS000949,664.4000,1310.1300,1310.1300,1,1,2026-08-24T00:00:00.000
950,20260713,20260622,168,280,96,276,430,374,10,5,FPOS000950,665.1000,1311.5000,1311.5000,1,1,2026-08-24T00:00:00.000
951,20260714,20260610,89,252,235,254,260,334,9,1,FPOS000951,665.8000,1312.8700,1312.8700,1,1,2026-08-24T00:00:00.000
952,20260629,20260801,1,231,136,-1,-1,77,7,5,FPOS000952,666.5000,1314.2400,1314.2400,1,1,2026-08-24T00:00:00.000
953,20260818,20260728,90,314,158,498,133,395,6,3,FPOS000953,667.2000,1315.6100,1315.6100,1,1,2026-08-24T00:00:00.000
954,20260630,20260610,399,158,19,333,365,351,1,5,FPOS000954,667.9000,1316.9800,1316.9800,1,1,2026-08-24T00:00:00.000
955,20260706,20260802,135,75,121,172,484,330,6,1,FPOS000955,668.6000,1318.3500,1318.3500,1,1,2026-08-24T00:00:00.000
956,20260730,20260707,322,312,245,485,9,179,4,5,FPOS000956,669.3000,1319.7200,1319.7200,1,1,2026-08-24T00:00:00.000
957,20260715,20260618,411,256,182,347,188,210,8,5,FPOS000957,670.0000,1321.0900,1321.0900,1,1,2026-08-24T00:00:00.000
958,20260824,20260807,221,198,69,221,29,192,4,4,FPOS000958,670.7000,1322.4600,1322.4600,1,1,2026-08-24T00:00:00.000
959,20260715,20260711,119,241,234,241,257,173,4,1,FPOS000959,671.4000,1323.8300,1323.8300,1,1,2026-08-24T00:00:00.000
960,20260816,20260814,260,37,299,247,168,35,4,4,FPOS000960,672.1000,1325.2000,1325.2000,1,1,2026-08-24T00:00:00.000
961,20260810,20260710,459,201,262,149,227,231,1,3,FPOS000961,672.8000,1326.5700,1326.5700,1,1,2026-08-24T00:00:00.000
962,20260824,20260705,63,275,196,311,467,301,1,2,FPOS000962,673.5000,1327.9400,1327.9400,1,1,2026-08-24T00:00:00.000
963,20260821,20260823,112,186,289,273,469,395,6,2,FPOS000963,674.2000,1329.3100,1329.3100,1,1,2026-08-24T00:00:00.000
964,20260623,20260806,398,366,209,174,168,476,3,3,FPOS000964,674.9000,1330.6800,1330.6800,1,1,2026-08-24T00:00:00.000
965,20260716,20260724,368,299,282,400,420,57,3,1,FPOS000965,675.6000,1332.0500,1332.0500,1,1,2026-08-24T00:00:00.000
966,20260726,20260818,73,217,308,478,469,286,2,4,FPOS000966,676.3000,1333.4200,1333.4200,1,1,2026-08-24T00:00:00.000
967,20260820,20260703,260,456,23,319,234,492,1,1,FPOS000967,677.0000,1334.7900,1334.7900,1,1,2026-08-24T00:00:00.000
968,20260605,20260802,193,153,135,386,83,358,9,3,FPOS000968,677.7000,1336.1600,1336.1600,1,1,2026-08-24T00:00:00.000
969,20260731,20260529,60,391,279,-1,-1,456,2,1,FPOS000969,678.4000,1337.5300,1337.5300,1,1,2026-08-24T00:00:00.000
970,20260529,20260608,410,402,118,345,157,266,5,5,FPOS000970,679.1000,1338.9000,1338.9000,1,1,2026-08-24T00:00:00.000
971,20260615,20260716,26,89,307,31,128,273,3,4,FPOS000971,679.8000,1340.2700,1340.2700,1,1,2026-08-24T00:00:00.000
972,20260527,20260624,127,272,179,498,277,443,4,2,FPOS000972,680.5000,1341.6400,1341.6400,1,1,2026-08-24T00:00:00.000
973,20260707,20260605,442,399,299,224,40,275,8,3,FPOS000973,681.2000,1343.0100,1343.0100,1,1,2026-08-24T00:00:00.000
974,20260611,20260703,470,206,309,257,110,297,7,4,FPOS000974,681.9000,1344.3800,1344.3800,1,1,2026-08-24T00:00:00.000
975,20260625,20260713,221,115,336,118,273,340,3,2,FPOS000975,682.6000,1345.7500,1345.7500,1,1,2026-08-24T00:00:00.000
976,20260808,20260617,491,298,157,211,165,319,3,1,FPOS000976,683.3000,1347.1200,1347.1200,1,1,2026-08-24T00:00:00.000
977,20260824,20260807,25,367,247,27,216,130,4,5,FPOS000977,684.0000,1348.4900,1348.4900,1,1,2026-08-24T00:00:00.000
978,20260715,20260711,451,234,178,251,460,415,10,4,FPOS000978,684.7000,1349.8600,1349.8600,1,1,2026-08-24T00:00:00.000
979,20260812,20260620,24,43,95,458,500,28,7,1,FPOS000979,685.4000,1351.2300,1351.2300,1,1,2026-08-24T00:00:00.000
980,20260824,20260721,145,93,339,404,44,396,10,1,FPOS000980,686.1000,1352.6000,1352.6000,1,1,2026-08-24T00:00:00.000
981,20260704,20260801,150,337,302,245,178,144,5,4,FPOS000981,686.8000,1353.9700,1353.9700,1,1,2026-08-24T00:00:00.000
982,20260808,20260812,37,311,316,58,225,200,3,5,FPOS000982,687.5000,1355.3400,1355.3400,1,1,2026-08-24T00:00:00.000
983,20260720,20260812,28,371,292,242,108,193,7,3,FPOS000983,688.2000,1356.7100,1356.7100,1,1,2026-08-24T00:00:00.000
984,20260803,20260709,45,494,172,55,31,187,4,1,FPOS000984,688.9000,1358.0800,1358.0800,1,1,2026-08-24T00:00:00.000
985,20260820,20260702,111,169,218,146,208,123,4,5,FPOS000985,689.6000,1359.4500,1359.4500,1,1,2026-08-24T00:00:00.000
986,20260623,20260722,31,458,188,-1,-1,356,6,5,FPOS000986,690.3000,1360.8200,1360.8200,1,1,2026-08-24T00:00:00.000
987,20260705,20260613,40,226,271,234,320,362,3,5,FPOS000987,691.0000,1362.1900,1362.1900,1,1,2026-08-24T00:00:00.000
988,20260626,20260717,49,109,115,64,139,444,4,1,FPOS000988,691.7000,1363.5600,1363.5600,1,1,2026-08-24T00:00:00.000
989,20260615,20260621,3,71,123,224,403,447,7,3,FPOS000989,692.4000,1364.9300,1364.9300,1,1,2026-08-24T00:00:00.000
990,20260612,20260822,82,140,60,348,71,382,2,2,FPOS000990,693.1000,1366.3000,1366.3000,1,1,2026-08-24T00:00:00.000
991,20260629,20260807,296,499,135,29,397,286,3,2,FPOS000991,693.8000,1367.6700,1367.6700,1,1,2026-08-24T00:00:00.000
992,20260605,20260714,25,463,291,207,478,324,2,2,FPOS000992,694.5000,1369.0400,1369.0400,1,1,2026-08-24T00:00:00.000
993,20260712,20260823,417,87,303,287,67,454,2,3,FPOS000993,695.2000,1370.4100,1370.4100,1,1,2026-08-24T00:00:00.000
994,20260807,20260723,499,421,303,120,116,381,9,2,FPOS000994,695.9000,1371.7800,1371.7800,1,1,2026-08-24T00:00:00.000
995,20260714,20260531,117,11,278,204,372,466,1,2,FPOS000995,696.6000,1373.1500,1373.1500,1,1,2026-08-24T00:00:00.000
996,20260704,20260809,297,470,213,460,11,38,4,4,FPOS000996,697.3000,1374.5200,1374.5200,1,1,2026-08-24T00:00:00.000
997,20260702,20260812,25,495,211,299,249,442,5,4,FPOS000997,698.0000,1375.8900,1375.8900,1,1,2026-08-24T00:00:00.000
998,20260716,20260710,157,246,176,183,78,387,6,3,FPOS000998,698.7000,1377.2600,1377.2600,1,1,2026-08-24T00:00:00.000
999,20260626,20260610,46,338,109,223,323,196,10,1,FPOS000999,699.4000,1378.6300,1378.6300,1,1,2026-08-24T00:00:00.000
1000,20260809,20260702,152,429,163,136,298,132,4,3,FPOS001000,700.1000,1380.0000,1380.0000,1,1,2026-08-24T00:00:00.000
1001,20260714,20260809,34,81,260,164,189,451,3,2,FPOS001001,700.8000,1381.3700,1381.3700,1,1,2026-08-24T00:00:00.000
1002,20260629,20260529,151,244,114,266,203,319,7,3,FPOS001002,701.5000,1382.7400,1382.7400,1,1,2026-08-24T00:00:00.000
1003,20260529,20260823,324,464,314,-1,-1,309,10,3,FPOS001003,702.2000,1384.1100,1384.1100,1,1,2026-08-24T00:00:00.000
1004,20260712,20260622,292,253,69,231,158,409,4,5,FPOS001004,702.9000,1385.4800,1385.4800,1,1,2026-08-24T00:00:00.000
1005,20260720,20260718,402,178,4,379,280,135,3,5,FPOS001005,703.6000,1386.8500,1386.8500,1,1,2026-08-24T00:00:00.000
1006,20260808,20260819,175,347,112,333,273,304,4,4,FPOS001006,704.3000,1388.2200,1388.2200,1,1,2026-08-24T00:00:00.000
1007,20260610,20260531,365,428,229,307,23,418,7,5,FPOS001007,705.0000,1389.5900,1389.5900,1,1,2026-08-24T00:00:00.000
1008,20260727,20260806,440,17,78,264,202,300,1,4,FPOS001008,705.7000,1390.9600,1390.9600,1,1,2026-08-24T00:00:00.000
1009,20260719,20260626,148,35,220,481,261,342,9,5,FPOS001009,706.4000,1392.3300,1392.3300,1,1,2026-08-24T00:00:00.000
1010,20260814,20260719,350,476,110,270,440,158,4,3,FPOS001010,707.1000,1393.7000,1393.7000,1,1,2026-08-24T00:00:00.000
1011,20260530,20260604,15,84,115,232,101,19,4,4,FPOS001011,707.8000,1395.0700,1395.0700,1,1,2026-08-24T00:00:00.000
1012,20260607,20260608,134,77,41,139,91,163,2,4,FPOS001012,708.5000,1396.4400,1396.4400,1,1,2026-08-24T00:00:00.000
1013,20260620,20260702,148,373,346,340,254,66,8,2,FPOS001013,709.2000,1397.8100,1397.8100,1,1,2026-08-24T00:00:00.000
1014,20260705,20260616,261,240,68,472,233,335,10,1,FPOS001014,709.9000,1399.1800,1399.1800,1,1,2026-08-24T00:00:00.000
1015,20260629,20260719,406,249,174,441,17,321,9,3,FPOS001015,710.6000,1400.5500,1400.5500,1,1,2026-08-24T00:00:00.000
1016,20260612,20260809,260,230,113,63,70,7,10,3,FPOS001016,711.3000,1401.9200,1401.9200,1,1,2026-08-24T00:00:00.000
1017,20260714,20260626,421,325,12,342,149,229,7,4,FPOS001017,712.0000,1403.2900,1403.2900,1,1,2026-08-24T00:00:00.000
1018,20260701,20260811,474,195,329,271,289,209,6,1,FPOS001018,712.7000,1404.6600,1404.6600,1,1,2026-08-24T00:00:00.000
1019,20260628,20260819,296,275,299,228,13,175,10,1,FPOS001019,713.4000,1406.0300,1406.0300,1,1,2026-08-24T00:00:00.000
1020,20260705,20260725,51,309,171,-1,-1,235,4,2,FPOS001020,714.1000,1407.4000,1407.4000,1,1,2026-08-24T00:00:00.000
1021,20260709,20260712,309,377,122,109,81,8,8,5,FPOS001021,714.8000,1408.7700,1408.7700,1,1,2026-08-24T00:00:00.000
1022,20260627,20260626,280,452,264,382,40,406,2,4,FPOS001022,715.5000,1410.1400,1410.1400,1,1,2026-08-24T00:00:00.000
1023,20260617,20260809,343,151,29,182,82,112,7,2,FPOS001023,716.2000,1411.5100,1411.5100,1,1,2026-08-24T00:00:00.000
1024,20260816,20260628,284,389,131,236,305,349,9,1,FPOS001024,716.9000,1412.8800,1412.8800,1,1,2026-08-24T00:00:00.000
1025,20260615,20260731,249,386,249,46,163,306,3,3,FPOS001025,717.6000,1414.2500,1414.2500,1,1,2026-08-24T00:00:00.000
1026,20260528,20260620,366,153,340,432,171,447,5,4,FPOS001026,718.3000,1415.6200,1415.6200,1,1,2026-08-24T00:00:00.000
1027,20260720,20260824,57,8,259,263,94,471,4,5,FPOS001027,719.0000,1416.9900,1416.9900,1,1,2026-08-24T00:00:00.000
1028,20260723,20260530,448,471,308,120,425,369,10,2,FPOS001028,719.7000,1418.3600,1418.3600,1,1,2026-08-24T00:00:00.000
1029,20260814,20260624,297,163,79,44,154,444,7,3,FPOS001029,720.4000,1419.7300,1419.7300,1,1,2026-08-24T00:00:00.000
1030,20260725,20260730,71,475,227,468,112,437,10,2,FPOS001030,721.1000,1421.1000,1421.1000,1,1,2026-08-24T00:00:00.000
1031,20260614,20260620,24,212,144,419,440,427,1,3,FPOS001031,721.8000,1422.4700,1422.4700,1,1,2026-08-24T00:00:00.000
1032,20260804,20260702,117,236,283,316,383,159,2,3,FPOS001032,722.5000,1423.8400,1423.8400,1,1,2026-08-24T00:00:00.000
1033,20260605,20260801,161,151,122,250,348,271,1,5,FPOS001033,723.2000,1425.2100,1425.2100,1,1,2026-08-24T00:00:00.000
1034,20260708,20260623,304,489,209,249,289,44,1,1,FPOS001034,723.9000,1426.5800,1426.5800,1,1,2026-08-24T00:00:00.000
1035,20260619,20260607,377,190,293,52,440,157,5,4,FPOS001035,724.6000,1427.9500,1427.9500,1,1,2026-08-24T00:00:00.000
1036,20260625,20260809,230,78,203,387,38,487,6,2,FPOS001036,725.3000,1429.3200,1429.3200,1,1,2026-08-24T00:00:00.000
1037,20260617,20260702,364,412,338,-1,-1,80,1,5,FPOS001037,726.0000,1430.6900,1430.6900,1,1,2026-08-24T00:00:00.000
1038,20260821,20260716,341,47,188,54,466,394,1,2,FPOS001038,726.7000,1432.0600,1432.0600,1,1,2026-08-24T00:00:00.000
1039,20260720,20260804,293,98,282,443,426,77,10,3,FPOS001039,727.4000,1433.4300,1433.4300,1,1,2026-08-24T00:00:00.000
1040,20260716,20260530,246,210,71,318,361,317,1,2,FPOS001040,728.1000,1434.8000,1434.8000,1,1,2026-08-24T00:00:00.000
1041,20260708,20260714,69,54,151,64,498,166,7,5,FPOS001041,728.8000,1436.1700,1436.1700,1,1,2026-08-24T00:00:00.000
1042,20260731,20260619,47,488,121,2,424,301,4,5,FPOS001042,729.5000,1437.5400,1437.5400,1,1,2026-08-24T00:00:00.000
1043,20260811,20260807,248,382,160,170,76,235,10,1,FPOS001043,730.2000,1438.9100,1438.9100,1,1,2026-08-24T00:00:00.000
1044,20260812,20260719,217,194,63,439,492,65,4,5,FPOS001044,730.9000,1440.2800,1440.2800,1,1,2026-08-24T00:00:00.000
1045,20260701,20260805,10,332,281,159,98,192,2,3,FPOS001045,731.6000,1441.6500,1441.6500,1,1,2026-08-24T00:00:00.000
1046,20260726,20260627,211,68,93,466,326,224,8,4,FPOS001046,732.3000,1443.0200,1443.0200,1,1,2026-08-24T00:00:00.000
1047,20260726,20260713,306,124,144,44,438,116,3,4,FPOS001047,733.0000,1444.3900,1444.3900,1,1,2026-08-24T00:00:00.000
1048,20260612,20260703,258,8,214,373,42,180,8,3,FPOS001048,733.7000,1445.7600,1445.7600,1,1,2026-08-24T00:00:00.000
1049,20260529,20260721,175,486,92,384,62,335,7,2,FPOS001049,734.4000,1447.1300,1447.1300,1,1,2026-08-24T00:00:00.000
1050,20260527,20260628,330,63,345,10,36,86,4,1,FPOS001050,735.1000,1448.5000,1448.5000,1,1,2026-08-24T00:00:00.000
1051,20260802,20260609,37,206,239,179,306,48,2,5,FPOS001051,735.8000,1449.8700,1449.8700,1,1,2026-08-24T00:00:00.000
1052,20260820,20260623,124,208,8,281,176,484,10,1,FPOS001052,736.5000,1451.2400,1451.2400,1,1,2026-08-24T00:00:00.000
1053,20260629,20260823,231,52,81,226,277,3,4,1,FPOS001053,737.2000,1452.6100,1452.6100,1,1,2026-08-24T00:00:00.000
1054,20260823,20260612,423,337,115,-1,-1,228,3,5,FPOS001054,737.9000,1453.9800,1453.9800,1,1,2026-08-24T00:00:00.000
1055,20260707,20260716,373,304,248,495,467,291,5,5,FPOS001055,738.6000,1455.3500,1455.3500,1,1,2026-08-24T00:00:00.000
1056,20260807,20260614,300,77,266,2,275,388,6,2,FPOS001056,739.3000,1456.7200,1456.7200,1,1,2026-08-24T00:00:00.000
1057,20260823,20260710,286,317,148,98,484,33,4,3,FPOS001057,740.0000,1458.0900,1458.0900,1,1,2026-08-24T00:00:00.000
1058,20260806,20260630,429,239,125,77,214,383,7,3,FPOS001058,740.7000,1459.4600,1459.4600,1,1,2026-08-24T00:00:00.000
1059,20260618,20260604,413,309,28,255,108,390,9,1,FPOS001059,741.4000,1460.8300,1460.8300,1,1,2026-08-24T00:00:00.000
1060,20260817,20260629,458,141,69,136,21,283,1,5,FPOS001060,742.1000,1462.2000,1462.2000,1,1,2026-08-24T00:00:00.000
1061,20260703,20260715,178,75,101,432,155,117,5,5,FPOS001061,742.8000,1463.5700,1463.5700,1,1,2026-08-24T00:00:00.000
1062,20260528,20260625,36,443,208,348,221,368,6,3,FPOS001062,743.5000,1464.9400,1464.9400,1,1,2026-08-24T00:00:00.000
1063,20260621,20260727,305,465,291,362,157,433,8,2,FPOS001063,744.2000,1466.3100,1466.3100,1,1,2026-08-24T00:00:00.000
1064,20260625,20260807,420,145,95,491,200,435,9,5,FPOS001064,744.9000,1467.6800,1467.6800,1,1,2026-08-24T00:00:00.000
1065,20260530,20260716,408,471,64,395,456,12,7,3,FPOS001065,745.6000,1469.0500,1469.0500,1,1,2026-08-24T00:00:00.000
1066,20260809,20260618,110,328,58,36,250,416,2,1,FPOS001066,746.3000,1470.4200,1470.4200,1,1,2026-08-24T00:00:00.000
1067,20260819,20260530,18,249,270,429,222,409,7,5,FPOS001067,747.0000,1471.7900,1471.7900,1,1,2026-08-24T00:00:00.000
1068,20260712,20260708,257,228,47,394,188,385,2,3,FPOS001068,747.7000,1473.1600,1473.1600,1,1,2026-08-24T00:00:00.000
1069,20260803,20260623,128,317,105,435,315,495,3,2,FPOS001069,748.4000,1474.5300,1474.5300,1,1,2026-08-24T00:00:00.000
1070,20260706,20260717,422,254,159,453,68,344,1,5,FPOS001070,749.1000,1475.9000,1475.9000,1,1,2026-08-24T00:00:00.000
1071,20260723,20260624,489,49,133,-1,-1,19,9,4,FPOS001071,749.8000,1477.2700,1477.2700,1,1,2026-08-24T00:00:00.000
1072,20260822,20260814,138,17,342,428,393,190,2,3,FPOS001072,750.5000,1478.6400,1478.6400,1,1,2026-08-24T00:00:00.000
1073,20260530,20260818,309,156,176,327,345,134,5,3,FPOS001073,751.2000,1480.0100,1480.0100,1,1,2026-08-24T00:00:00.000
1074,20260818,20260722,431,162,103,490,54,105,9,3,FPOS001074,751.9000,1481.3800,1481.3800,1,1,2026-08-24T00:00:00.000
1075,20260611,20260610,252,282,150,425,322,408,2,4,FPOS001075,752.6000,1482.7500,1482.7500,1,1,2026-08-24T00:00:00.000
1076,20260612,20260609,72,161,59,239,244,409,2,1,FPOS001076,753.3000,1484.1200,1484.1200,1,1,2026-08-24T00:00:00.000
1077,20260707,20260701,185,178,21,200,282,188,2,1,FPOS001077,754.0000,1485.4900,1485.4900,1,1,2026-08-24T00:00:00.000
1078,20260714,20260821,157,214,162,477,297,491,7,1,FPOS001078,754.7000,1486.8600,1486.8600,1,1,2026-08-24T00:00:00.000
1079,20260703,20260805,348,351,235,281,274,80,4,2,FPOS001079,755.4000,1488.2300,1488.2300,1,1,2026-08-24T00:00:00.000
1080,20260605,20260721,459,420,171,183,23,301,2,1,FPOS001080,756.1000,1489.6000,1489.6000,1,1,2026-08-24T00:00:00.000
1081,20260617,20260810,87,153,17,93,70,164,1,4,FPOS001081,756.8000,1490.9700,1490.9700,1,1,2026-08-24T00:00:00.000
1082,20260713,20260718,7,166,323,480,178,249,3,3,FPOS001082,757.5000,1492.3400,1492.3400,1,1,2026-08-24T00:00:00.000
1083,20260721,20260529,465,63,265,498,97,460,6,5,FPOS001083,758.2000,1493.7100,1493.7100,1,1,2026-08-24T00:00:00.000
1084,20260724,20260703,127,110,267,464,426,433,10,2,FPOS001084,758.9000,1495.0800,1495.0800,1,1,2026-08-24T00:00:00.000
1085,20260529,20260606,205,415,83,261,379,169,9,3,FPOS001085,759.6000,1496.4500,1496.4500,1,1,2026-08-24T00:00:00.000
1086,20260610,20260729,270,393,225,22,151,490,5,2,FPOS001086,760.3000,1497.8200,1497.8200,1,1,2026-08-24T00:00:00.000
1087,20260820,20260617,413,30,105,399,301,184,5,1,FPOS001087,761.0000,1499.1900,1499.1900,1,1,2026-08-24T00:00:00.000
1088,20260618,20260614,185,349,120,-1,-1,307,8,1,FPOS001088,761.7000,1500.5600,1500.5600,1,1,2026-08-24T00:00:00.000
1089,20260530,20260606,444,386,22,223,91,180,9,4,FPOS001089,762.4000,1501.9300,1501.9300,1,1,2026-08-24T00:00:00.000
1090,20260708,20260611,53,414,156,305,301,41,5,4,FPOS001090,763.1000,1503.3000,1503.3000,1,1,2026-08-24T00:00:00.000
1091,20260721,20260620,201,303,55,51,121,425,8,4,FPOS001091,763.8000,1504.6700,1504.6700,1,1,2026-08-24T00:00:00.000
1092,20260620,20260620,388,481,282,211,145,406,3,4,FPOS001092,764.5000,1506.0400,1506.0400,1,1,2026-08-24T00:00:00.000
1093,20260812,20260621,107,490,12,226,179,238,10,4,FPOS001093,765.2000,1507.4100,1507.4100,1,1,2026-08-24T00:00:00.000
1094,20260712,20260610,294,474,84,417,449,106,7,1,FPOS001094,765.9000,1508.7800,1508.7800,1,1,2026-08-24T00:00:00.000
1095,20260810,20260611,339,213,96,223,446,57,7,1,FPOS001095,766.6000,1510.1500,1510.1500,1,1,2026-08-24T00:00:00.000
1096,20260805,20260709,458,82,75,396,143,325,3,1,FPOS001096,767.3000,1511.5200,1511.5200,1,1,2026-08-24T00:00:00.000
1097,20260726,20260618,405,474,240,193,64,243,9,2,FPOS001097,768.0000,1512.8900,1512.8900,1,1,2026-08-24T00:00:00.000
1098,20260805,20260805,15,354,133,63,64,343,6,3,FPOS001098,768.7000,1514.2600,1514.2600,1,1,2026-08-24T00:00:00.000
1099,20260805,20260723,264,323,48,54,207,372,10,4,FPOS001099,769.4000,1515.6300,1515.6300,1,1,2026-08-24T00:00:00.000
1100,20260624,20260815,53,368,249,188,435,182,6,4,FPOS001100,770.1000,1517.0000,1517.0000,1,1,2026-08-24T00:00:00.000
1101,20260824,20260730,108,111,135,498,336,439,9,4,FPOS001101,770.8000,1518.3700,1518.3700,1,1,2026-08-24T00:00:00.000
1102,20260603,20260701,369,225,49,54,269,292,4,5,FPOS001102,771.5000,1519.7400,1519.7400,1,1,2026-08-24T00:00:00.000
1103,20260818,20260804,468,407,242,322,6,205,1,4,FPOS001103,772.2000,1521.1100,1521.1100,1,1,2026-08-24T00:00:00.000
1104,20260814,20260804,261,209,13,236,167,397,9,2,FPOS001104,772.9000,1522.4800,1522.4800,1,1,2026-08-24T00:00:00.000
1105,20260719,20260607,358,228,4,-1,-1,421,9,3,FPOS001105,773.6000,1523.8500,1523.8500,1,1,2026-08-24T00:00:00.000
1106,20260811,20260628,29,32,254,391,55,412,9,4,FPOS001106,774.3000,1525.2200,1525.2200,1,1,2026-08-24T00:00:00.000
1107,20260603,20260822,17,351,321,477,328,451,2,2,FPOS001107,775.0000,1526.5900,1526.5900,1,1,2026-08-24T00:00:00.000
1108,20260720,20260724,188,237,68,142,453,324,6,4,FPOS001108,775.7000,1527.9600,1527.9600,1,1,2026-08-24T00:00:00.000
1109,20260530,20260807,111,142,216,291,451,376,5,3,FPOS001109,776.4000,1529.3300,1529.3300,1,1,2026-08-24T00:00:00.000
1110,20260823,20260806,398,13,69,278,193,240,4,4,FPOS001110,777.1000,1530.7000,1530.7000,1,1,2026-08-24T00:00:00.000
1111,20260624,20260622,87,39,37,500,204,124,1,2,FPOS001111,777.8000,1532.0700,1532.0700,1,1,2026-08-24T00:00:00.000
1112,20260529,20260727,197,149,19,490,174,13,1,2,FPOS001112,778.5000,1533.4400,1533.4400,1,1,2026-08-24T00:00:00.000
1113,20260814,20260628,287,346,21,193,482,79,9,4,FPOS001113,779.2000,1534.8100,1534.8100,1,1,2026-08-24T00:00:00.000
1114,20260809,20260606,257,194,336,406,125,169,8,2,FPOS001114,779.9000,1536.1800,1536.1800,1,1,2026-08-24T00:00:00.000
1115,20260727,20260802,35,384,287,484,94,319,7,5,FPOS001115,780.6000,1537.5500,1537.5500,1,1,2026-08-24T00:00:00.000
1116,20260706,20260721,274,107,263,221,415,426,5,2,FPOS001116,781.3000,1538.9200,1538.9200,1,1,2026-08-24T00:00:00.000
1117,20260531,20260822,146,251,280,108,405,250,6,3,FPOS001117,782.0000,1540.2900,1540.2900,1,1,2026-08-24T00:00:00.000
1118,20260807,20260717,251,180,248,142,194,15,7,4,FPOS001118,782.7000,1541.6600,1541.6600,1,1,2026-08-24T00:00:00.000
1119,20260616,20260823,460,291,225,188,67,468,4,2,FPOS001119,783.4000,1543.0300,1543.0300,1,1,2026-08-24T00:00:00.000
1120,20260620,20260616,295,384,117,171,416,88,6,3,FPOS001120,784.1000,1544.4000,1544.4000,1,1,2026-08-24T00:00:00.000
1121,20260714,20260726,457,78,142,14,360,213,3,2,FPOS001121,784.8000,1545.7700,1545.7700,1,1,2026-08-24T00:00:00.000
1122,20260528,20260824,475,286,120,-1,-1,203,5,5,FPOS001122,785.5000,1547.1400,1547.1400,1,1,2026-08-24T00:00:00.000
1123,20260715,20260718,222,462,87,237,305,92,9,2,FPOS001123,786.2000,1548.5100,1548.5100,1,1,2026-08-24T00:00:00.000
1124,20260817,20260804,381,234,152,211,46,143,6,4,FPOS001124,786.9000,1549.8800,1549.8800,1,1,2026-08-24T00:00:00.000
1125,20260715,20260622,165,117,18,123,16,331,3,1,FPOS001125,787.6000,1551.2500,1551.2500,1,1,2026-08-24T00:00:00.000
1126,20260606,20260808,94,455,70,31,312,90,9,2,FPOS001126,788.3000,1552.6200,1552.6200,1,1,2026-08-24T00:00:00.000
1127,20260617,20260708,161,385,330,363,80,272,2,4,FPOS001127,789.0000,1553.9900,1553.9900,1,1,2026-08-24T00:00:00.000
1128,20260610,20260722,300,269,137,420,41,407,5,1,FPOS001128,789.7000,1555.3600,1555.3600,1,1,2026-08-24T00:00:00.000
1129,20260609,20260720,87,302,276,32,16,163,6,1,FPOS001129,790.4000,1556.7300,1556.7300,1,1,2026-08-24T00:00:00.000
1130,20260713,20260617,322,34,43,99,43,98,5,5,FPOS001130,791.1000,1558.1000,1558.1000,1,1,2026-08-24T00:00:00.000
1131,20260624,20260813,402,136,199,352,28,3,3,3,FPOS001131,791.8000,1559.4700,1559.4700,1,1,2026-08-24T00:00:00.000
1132,20260630,20260606,107,366,84,371,41,64,2,4,FPOS001132,792.5000,1560.8400,1560.8400,1,1,2026-08-24T00:00:00.000
1133,20260814,20260723,409,209,204,390,251,176,3,3,FPOS001133,793.2000,1562.2100,1562.2100,1,1,2026-08-24T00:00:00.000
1134,20260616,20260612,492,103,76,304,487,298,10,5,FPOS001134,793.9000,1563.5800,1563.5800,1,1,2026-08-24T00:00:00.000
1135,20260820,20260715,481,54,118,57,231,37,4,2,FPOS001135,794.6000,1564.9500,1564.9500,1,1,2026-08-24T00:00:00.000
1136,20260604,20260604,126,285,250,81,425,168,10,1,FPOS001136,795.3000,1566.3200,1566.3200,1,1,2026-08-24T00:00:00.000
1137,20260625,20260628,500,24,27,284,398,82,9,4,FPOS001137,796.0000,1567.6900,1567.6900,1,1,2026-08-24T00:00:00.000
1138,20260529,20260813,152,153,1,188,123,427,8,4,FPOS001138,796.7000,1569.0600,1569.0600,1,1,2026-08-24T00:00:00.000
1139,20260809,20260804,12,133,311,-1,-1,421,1,2,FPOS001139,797.4000,1570.4300,1570.4300,1,1,2026-08-24T00:00:00.000
1140,20260814,20260621,343,239,57,374,454,499,10,1,FPOS001140,798.1000,1571.8000,1571.8000,1,1,2026-08-24T00:00:00.000
1141,20260809,20260806,21,445,121,340,279,33,10,2,FPOS001141,798.8000,1573.1700,1573.1700,1,1,2026-08-24T00:00:00.000
1142,20260716,20260724,348,499,317,152,205,51,1,5,FPOS001142,799.5000,1574.5400,1574.5400,1,1,2026-08-24T00:00:00.000
1143,20260605,20260611,181,217,303,309,201,487,4,4,FPOS001143,800.2000,1575.9100,1575.9100,1,1,2026-08-24T00:00:00.000
1144,20260714,20260809,299,95,116,133,130,498,4,1,FPOS001144,800.9000,1577.2800,1577.2800,1,1,2026-08-24T00:00:00.000
1145,20260623,20260816,466,209,12,228,321,303,2,3,FPOS001145,801.6000,1578.6500,1578.6500,1,1,2026-08-24T00:00:00.000
1146,20260803,20260817,169,354,103,260,317,303,7,2,FPOS001146,802.3000,1580.0200,1580.0200,1,1,2026-08-24T00:00:00.000
1147,20260817,20260610,325,20,7,460,206,341,9,4,FPOS001147,803.0000,1581.3900,1581.3900,1,1,2026-08-24T00:00:00.000
1148,20260714,20260627,313,17,161,3,59,404,10,4,FPOS001148,803.7000,1582.7600,1582.7600,1,1,2026-08-24T00:00:00.000
1149,20260629,20260612,57,360,116,330,23,177,3,5,FPOS001149,804.4000,1584.1300,1584.1300,1,1,2026-08-24T00:00:00.000
1150,20260711,20260715,89,443,279,203,254,421,5,4,FPOS001150,805.1000,1585.5000,1585.5000,1,1,2026-08-24T00:00:00.000
1151,20260702,20260531,363,87,99,245,416,307,3,4,FPOS001151,805.8000,1586.8700,1586.8700,1,1,2026-08-24T00:00:00.000
1152,20260804,20260630,11,39,212,154,455,386,2,4,FPOS001152,806.5000,1588.2400,1588.2400,1,1,2026-08-24T00:00:00.000
1153,20260719,20260807,243,124,47,328,247,114,6,1,FPOS001153,807.2000,1589.6100,1589.6100,1,1,2026-08-24T00:00:00.000
1154,20260624,20260801,64,500,58,252,456,470,1,4,FPOS001154,807.9000,1590.9800,1590.9800,1,1,2026-08-24T00:00:00.000
1155,20260820,20260612,379,379,122,55,374,77,5,4,FPOS001155,808.6000,1592.3500,1592.3500,1,1,2026-08-24T00:00:00.000
1156,20260811,20260718,475,83,286,-1,-1,99,6,4,FPOS001156,809.3000,1593.7200,1593.7200,1,1,2026-08-24T00:00:00.000
1157,20260708,20260806,401,233,153,488,191,159,4,5,FPOS001157,810.0000,1595.0900,1595.0900,1,1,2026-08-24T00:00:00.000
1158,20260624,20260621,45,42,285,415,138,339,4,4,FPOS001158,810.7000,1596.4600,1596.4600,1,1,2026-08-24T00:00:00.000
1159,20260612,20260821,141,414,6,184,43,17,7,4,FPOS001159,811.4000,1597.8300,1597.8300,1,1,2026-08-24T00:00:00.000
1160,20260616,20260610,135,156,163,343,419,348,10,1,FPOS001160,812.1000,1599.2000,1599.2000,1,1,2026-08-24T00:00:00.000
1161,20260609,20260802,6,168,336,386,92,74,10,4,FPOS001161,812.8000,1600.5700,1600.5700,1,1,2026-08-24T00:00:00.000
1162,20260715,20260622,132,326,113,449,330,431,8,5,FPOS001162,813.5000,1601.9400,1601.9400,1,1,2026-08-24T00:00:00.000
1163,20260623,20260726,435,333,97,114,86,239,9,2,FPOS001163,814.2000,1603.3100,1603.3100,1,1,2026-08-24T00:00:00.000
1164,20260807,20260604,100,204,43,350,306,308,1,2,FPOS001164,814.9000,1604.6800,1604.6800,1,1,2026-08-24T00:00:00.000
1165,20260819,20260818,167,321,4,315,10,275,5,5,FPOS001165,815.6000,1606.0500,1606.0500,1,1,2026-08-24T00:00:00.000
1166,20260731,20260624,3,440,128,317,30,54,9,5,FPOS001166,816.3000,1607.4200,1607.4200,1,1,2026-08-24T00:00:00.000
1167,20260621,20260801,21,462,309,352,25,352,8,5,FPOS001167,817.0000,1608.7900,1608.7900,1,1,2026-08-24T00:00:00.000
1168,20260703,20260821,437,27,103,75,304,468,7,1,FPOS001168,817.7000,1610.1600,1610.1600,1,1,2026-08-24T00:00:00.000
1169,20260815,20260819,471,438,96,414,211,345,5,2,FPOS001169,818.4000,1611.5300,1611.5300,1,1,2026-08-24T00:00:00.000
1170,20260715,20260805,112,330,10,162,352,284,8,3,FPOS001170,819.1000,1612.9000,1612.9000,1,1,2026-08-24T00:00:00.000
1171,20260607,20260722,104,128,298,22,403,286,7,3,FPOS001171,819.8000,1614.2700,1614.2700,1,1,2026-08-24T00:00:00.000
1172,20260702,20260624,76,399,289,109,488,213,4,3,FPOS001172,820.5000,1615.6400,1615.6400,1,1,2026-08-24T00:00:00.000
1173,20260620,20260619,222,209,75,-1,-1,242,5,4,FPOS001173,821.2000,1617.0100,1617.0100,1,1,2026-08-24T00:00:00.000
1174,20260615,20260628,45,302,297,69,118,37,7,3,FPOS001174,821.9000,1618.3800,1618.3800,1,1,2026-08-24T00:00:00.000
1175,20260629,20260805,259,36,10,231,408,350,5,2,FPOS001175,822.6000,1619.7500,1619.7500,1,1,2026-08-24T00:00:00.000
1176,20260608,20260712,394,325,258,404,414,135,7,3,FPOS001176,823.3000,1621.1200,1621.1200,1,1,2026-08-24T00:00:00.000
1177,20260806,20260630,209,25,22,114,473,104,5,1,FPOS001177,824.0000,1622.4900,1622.4900,1,1,2026-08-24T00:00:00.000
1178,20260612,20260601,193,184,297,366,276,154,7,3,FPOS001178,824.7000,1623.8600,1623.8600,1,1,2026-08-24T00:00:00.000
1179,20260609,20260727,148,23,24,394,347,408,3,4,FPOS001179,825.4000,1625.2300,1625.2300,1,1,2026-08-24T00:00:00.000
1180,20260710,20260809,423,51,206,220,490,32,2,1,FPOS001180,826.1000,1626.6000,1626.6000,1,1,2026-08-24T00:00:00.000
1181,20260608,20260606,157,213,306,312,10,101,7,3,FPOS001181,826.8000,1627.9700,1627.9700,1,1,2026-08-24T00:00:00.000
1182,20260626,20260710,458,486,126,199,113,87,2,1,FPOS001182,827.5000,1629.3400,1629.3400,1,1,2026-08-24T00:00:00.000
1183,20260716,20260621,153,329,69,469,38,227,3,3,FPOS001183,828.2000,1630.7100,1630.7100,1,1,2026-08-24T00:00:00.000
1184,20260701,20260809,67,74,280,122,17,323,9,2,FPOS001184,828.9000,1632.0800,1632.0800,1,1,2026-08-24T00:00:00.000
1185,20260619,20260616,193,357,56,98,310,249,1,5,FPOS001185,829.6000,1633.4500,1633.4500,1,1,2026-08-24T00:00:00.000
1186,20260727,20260621,127,138,55,242,90,340,2,1,FPOS001186,830.3000,1634.8200,1634.8200,1,1,2026-08-24T00:00:00.000
1187,20260715,20260705,269,24,281,15,229,96,6,2,FPOS001187,831.0000,1636.1900,1636.1900,1,1,2026-08-24T00:00:00.000
1188,20260630,20260803,288,212,247,3,322,324,7,4,FPOS001188,831.7000,1637.5600,1637.5600,1,1,2026-08-24T00:00:00.000
1189,20260808,20260803,423,80,160,70,437,491,8,3,FPOS001189,832.4000,1638.9300,1638.9300,1,1,2026-08-24T00:00:00.000
1190,20260620,20260609,462,322,200,-1,-1,202,2,5,FPOS001190,833.1000,1640.3000,1640.3000,1,1,2026-08-24T00:00:00.000
1191,20260626,20260626,27,465,141,222,372,122,5,3,FPOS001191,833.8000,1641.6700,1641.6700,1,1,2026-08-24T00:00:00.000
1192,20260620,20260528,243,298,172,95,160,9,1,2,FPOS001192,834.5000,1643.0400,1643.0400,1,1,2026-08-24T00:00:00.000
1193,20260719,20260824,192,215,108,141,6,52,10,1,FPOS001193,835.2000,1644.4100,1644.4100,1,1,2026-08-24T00:00:00.000
1194,20260810,20260811,189,192,164,183,338,487,9,4,FPOS001194,835.9000,1645.7800,1645.7800,1,1,2026-08-24T00:00:00.000
1195,20260602,20260707,294,320,228,55,143,121,2,3,FPOS001195,836.6000,1647.1500,1647.1500,1,1,2026-08-24T00:00:00.000
1196,20260811,20260725,265,393,341,84,288,97,4,3,FPOS001196,837.3000,1648.5200,1648.5200,1,1,2026-08-24T00:00:00.000
1197,20260531,20260803,76,412,217,308,51,265,4,1,FPOS001197,838.0000,1649.8900,1649.8900,1,1,2026-08-24T00:00:00.000
1198,20260606,20260707,76,474,300,379,380,73,4,4,FPOS001198,838.7000,1651.2600,1651.2600,1,1,2026-08-24T00:00:00.000
1199,20260822,20260804,261,52,109,368,129,37,7,4,FPOS001199,839.4000,1652.6300,1652.6300,1,1,2026-08-24T00:00:00.000
1200,20260808,20260611,263,64,9,244,431,46,9,2,FPOS001200,840.1000,1654.0000,1654.0000,1,1,2026-08-24T00:00:00.000
1201,20260724,20260823,50,2,133,178,405,288,8,3,FPOS001201,840.8000,1655.3700,1655.3700,1,1,2026-08-24T00:00:00.000
1202,20260728,20260805,104,400,257,412,5,319,6,2,FPOS001202,841.5000,1656.7400,1656.7400,1,1,2026-08-24T00:00:00.000
1203,20260805,20260802,58,301,119,258,322,227,10,2,FPOS001203,842.2000,1658.1100,1658.1100,1,1,2026-08-24T00:00:00.000
1204,20260709,20260706,399,477,70,260,256,403,4,4,FPOS001204,842.9000,1659.4800,1659.4800,1,1,2026-08-24T00:00:00.000
1205,20260819,20260605,9,8,10,246,361,82,9,1,FPOS001205,843.6000,1660.8500,1660.8500,1,1,2026-08-24T00:00:00.000
1206,20260804,20260613,21,52,261,305,387,395,3,4,FPOS001206,844.3000,1662.2200,1662.2200,1,1,2026-08-24T00:00:00.000
1207,20260721,20260617,226,444,164,-1,-1,11,9,4,FPOS001207,845.0000,1663.5900,1663.5900,1,1,2026-08-24T00:00:00.000
1208,20260809,20260716,257,14,143,215,119,267,5,3,FPOS001208,845.7000,1664.9600,1664.9600,1,1,2026-08-24T00:00:00.000
1209,20260613,20260717,326,158,267,158,242,488,3,5,FPOS001209,846.4000,1666.3300,1666.3300,1,1,2026-08-24T00:00:00.000
1210,20260608,20260713,185,450,30,434,346,253,1,1,FPOS001210,847.1000,1667.7000,1667.7000,1,1,2026-08-24T00:00:00.000
1211,20260718,20260802,293,182,94,26,104,227,5,5,FPOS001211,847.8000,1669.0700,1669.0700,1,1,2026-08-24T00:00:00.000
1212,20260802,20260808,391,228,101,262,143,112,3,5,FPOS001212,848.5000,1670.4400,1670.4400,1,1,2026-08-24T00:00:00.000
1213,20260724,20260731,165,332,270,212,376,132,2,1,FPOS001213,849.2000,1671.8100,1671.8100,1,1,2026-08-24T00:00:00.000
1214,20260613,20260714,162,463,341,217,63,356,8,5,FPOS001214,849.9000,1673.1800,1673.1800,1,1,2026-08-24T00:00:00.000
1215,20260625,20260804,118,129,259,266,376,204,2,1,FPOS001215,850.6000,1674.5500,1674.5500,1,1,2026-08-24T00:00:00.000
1216,20260812,20260804,493,374,98,62,35,330,10,4,FPOS001216,851.3000,1675.9200,1675.9200,1,1,2026-08-24T00:00:00.000
1217,20260822,20260720,466,433,140,467,128,421,8,3,FPOS001217,852.0000,1677.2900,1677.2900,1,1,2026-08-24T00:00:00.000
1218,20260618,20260707,98,60,109,249,200,117,6,4,FPOS001218,852.7000,1678.6600,1678.6600,1,1,2026-08-24T00:00:00.000
1219,20260604,20260627,91,471,281,18,231,433,3,2,FPOS001219,853.4000,1680.0300,1680.0300,1,1,2026-08-24T00:00:00.000
1220,20260608,20260804,261,47,169,409,424,45,9,3,FPOS001220,854.1000,1681.4000,1681.4000,1,1,2026-08-24T00:00:00.000
1221,20260630,20260708,246,97,256,398,379,5,1,5,FPOS001221,854.8000,1682.7700,1682.7700,1,1,2026-08-24T00:00:00.000
1222,20260809,20260612,363,468,340,134,81,208,9,4,FPOS001222,855.5000,1684.1400,1684.1400,1,1,2026-08-24T00:00:00.000
1223,20260712,20260813,126,375,164,95,15,465,8,1,FPOS001223,856.2000,1685.5100,1685.5100,1,1,2026-08-24T00:00:00.000
1224,20260607,20260814,356,185,307,-1,-1,88,6,3,FPOS001224,856.9000,1686.8800,1686.8800,1,1,2026-08-24T00:00:00.000
1225,20260531,20260727,466,274,131,405,312,99,5,5,FPOS001225,857.6000,1688.2500,1688.2500,1,1,2026-08-24T00:00:00.000
1226,20260621,20260626,411,496,16,45,220,335,8,4,FPOS001226,858.3000,1689.6200,1689.6200,1,1,2026-08-24T00:00:00.000
1227,20260612,20260622,285,226,342,273,1,491,8,4,FPOS001227,859.0000,1690.9900,1690.9900,1,1,2026-08-24T00:00:00.000
1228,20260808,20260613,414,121,162,212,51,127,10,1,FPOS001228,859.7000,1692.3600,1692.3600,1,1,2026-08-24T00:00:00.000
1229,20260807,20260630,346,88,341,279,330,424,3,5,FPOS001229,860.4000,1693.7300,1693.7300,1,1,2026-08-24T00:00:00.000
1230,20260728,20260529,295,302,84,331,385,90,9,3,FPOS001230,861.1000,1695.1000,1695.1000,1,1,2026-08-24T00:00:00.000
1231,20260808,20260620,8,270,266,415,102,81,5,2,FPOS001231,861.8000,1696.4700,1696.4700,1,1,2026-08-24T00:00:00.000
1232,20260719,20260630,210,169,308,174,424,108,2,5,FPOS001232,862.5000,1697.8400,1697.8400,1,1,2026-08-24T00:00:00.000
1233,20260727,20260628,273,180,167,484,403,85,8,1,FPOS001233,863.2000,1699.2100,1699.2100,1,1,2026-08-24T00:00:00.000
1234,20260720,20260711,36,47,60,452,162,309,4,5,FPOS001234,863.9000,1700.5800,1700.5800,1,1,2026-08-24T00:00:00.000
1235,20260812,20260812,380,49,276,73,42,106,5,2,FPOS001235,864.6000,1701.9500,1701.9500,1,1,2026-08-24T00:00:00.000
1236,20260802,20260619,257,118,286,84,283,493,4,5,FPOS001236,865.3000,1703.3200,1703.3200,1,1,2026-08-24T00:00:00.000
1237,20260613,20260712,396,331,325,208,191,319,10,3,FPOS001237,866.0000,1704.6900,1704.6900,1,1,2026-08-24T00:00:00.000
1238,20260625,20260715,288,308,43,443,231,123,5,5,FPOS001238,866.7000,1706.0600,1706.0600,1,1,2026-08-24T00:00:00.000
1239,20260811,20260806,69,247,302,440,480,495,6,5,FPOS001239,867.4000,1707.4300,1707.4300,1,1,2026-08-24T00:00:00.000
1240,20260806,20260610,197,410,256,269,13,151,3,4,FPOS001240,868.1000,1708.8000,1708.8000,1,1,2026-08-24T00:00:00.000
1241,20260628,20260722,384,142,14,-1,-1,46,6,5,FPOS001241,868.8000,1710.1700,1710.1700,1,1,2026-08-24T00:00:00.000
1242,20260604,20260711,192,270,1,56,428,443,4,5,FPOS001242,869.5000,1711.5400,1711.5400,1,1,2026-08-24T00:00:00.000
1243,20260704,20260611,495,279,314,338,352,313,1,3,FPOS001243,870.2000,1712.9100,1712.9100,1,1,2026-08-24T00:00:00.000
1244,20260620,20260723,273,59,132,490,306,474,4,4,FPOS001244,870.9000,1714.2800,1714.2800,1,1,2026-08-24T00:00:00.000
1245,20260530,20260529,223,39,212,459,219,274,2,3,FPOS001245,871.6000,1715.6500,1715.6500,1,1,2026-08-24T00:00:00.000
1246,20260707,20260606,294,422,241,481,35,320,10,3,FPOS001246,872.3000,1717.0200,1717.0200,1,1,2026-08-24T00:00:00.000
1247,20260713,20260615,418,349,124,234,366,34,1,1,FPOS001247,873.0000,1718.3900,1718.3900,1,1,2026-08-24T00:00:00.000
1248,20260801,20260820,227,19,165,106,104,127,5,2,FPOS001248,873.7000,1719.7600,1719.7600,1,1,2026-08-24T00:00:00.000
1249,20260627,20260813,268,253,31,495,411,53,10,1,FPOS001249,874.4000,1721.1300,1721.1300,1,1,2026-08-24T00:00:00.000
1250,20260531,20260529,414,346,268,123,119,223,9,1,FPOS001250,875.1000,1722.5000,1722.5000,1,1,2026-08-24T00:00:00.000
1251,20260720,20260803,358,15,181,86,381,138,6,1,FPOS001251,875.8000,1723.8700,1723.8700,1,1,2026-08-24T00:00:00.000
1252,20260701,20260816,256,462,322,351,321,492,6,2,FPOS001252,876.5000,1725.2400,1725.2400,1,1,2026-08-24T00:00:00.000
1253,20260529,20260723,190,414,131,117,91,197,8,3,FPOS001253,877.2000,1726.6100,1726.6100,1,1,2026-08-24T00:00:00.000
1254,20260613,20260729,281,395,90,494,474,80,3,2,FPOS001254,877.9000,1727.9800,1727.9800,1,1,2026-08-24T00:00:00.000
1255,20260803,20260709,300,9,255,337,105,286,8,4,FPOS001255,878.6000,1729.3500,1729.3500,1,1,2026-08-24T00:00:00.000
1256,20260813,20260529,22,316,327,453,125,146,9,1,FPOS001256,879.3000,1730.7200,1730.7200,1,1,2026-08-24T00:00:00.000
1257,20260704,20260806,125,497,313,378,362,64,3,4,FPOS001257,880.0000,1732.0900,1732.0900,1,1,2026-08-24T00:00:00.000
1258,20260707,20260613,189,433,272,-1,-1,392,8,5,FPOS001258,880.7000,1733.4600,1733.4600,1,1,2026-08-24T00:00:00.000
1259,20260623,20260809,480,225,337,62,312,181,7,3,FPOS001259,881.4000,1734.8300,1734.8300,1,1,2026-08-24T00:00:00.000
1260,20260817,20260624,365,149,267,129,446,231,3,1,FPOS001260,882.1000,1736.2000,1736.2000,1,1,2026-08-24T00:00:00.000
1261,20260605,20260729,160,129,238,172,269,467,9,3,FPOS001261,882.8000,1737.5700,1737.5700,1,1,2026-08-24T00:00:00.000
1262,20260529,20260714,163,307,43,145,477,79,8,2,FPOS001262,883.5000,1738.9400,1738.9400,1,1,2026-08-24T00:00:00.000
1263,20260806,20260806,327,152,315,208,441,482,4,3,FPOS001263,884.2000,1740.3100,1740.3100,1,1,2026-08-24T00:00:00.000
1264,20260824,20260621,466,302,252,172,60,233,8,3,FPOS001264,884.9000,1741.6800,1741.6800,1,1,2026-08-24T00:00:00.000
1265,20260613,20260609,275,279,326,265,481,52,7,3,FPOS001265,885.6000,1743.0500,1743.0500,1,1,2026-08-24T00:00:00.000
1266,20260711,20260804,103,463,131,321,56,356,2,2,FPOS001266,886.3000,1744.4200,1744.4200,1,1,2026-08-24T00:00:00.000
1267,20260617,20260601,232,190,146,229,365,345,2,4,FPOS001267,887.0000,1745.7900,1745.7900,1,1,2026-08-24T00:00:00.000
1268,20260705,20260710,372,288,111,268,200,9,5,3,FPOS001268,887.7000,1747.1600,1747.1600,1,1,2026-08-24T00:00:00.000
1269,20260816,20260610,24,103,114,306,259,159,2,2,FPOS001269,888.4000,1748.5300,1748.5300,1,1,2026-08-24T00:00:00.000
1270,20260627,20260725,197,254,80,182,3,405,3,3,FPOS001270,889.1000,1749.9000,1749.9000,1,1,2026-08-24T00:00:00.000
1271,20260527,20260722,304,47,47,442,469,391,5,4,FPOS001271,889.8000,1751.2700,1751.2700,1,1,2026-08-24T00:00:00.000
1272,20260822,20260730,132,394,241,327,206,438,3,1,FPOS001272,890.5000,1752.6400,1752.6400,1,1,2026-08-24T00:00:00.000
1273,20260818,20260630,356,496,196,420,436,442,5,2,FPOS001273,891.2000,1754.0100,1754.0100,1,1,2026-08-24T00:00:00.000
1274,20260805,20260701,269,117,232,203,434,500,5,3,FPOS001274,891.9000,1755.3800,1755.3800,1,1,2026-08-24T00:00:00.000
1275,20260808,20260821,348,66,159,-1,-1,173,3,1,FPOS001275,892.6000,1756.7500,1756.7500,1,1,2026-08-24T00:00:00.000
1276,20260723,20260718,253,423,84,174,453,472,10,1,FPOS001276,893.3000,1758.1200,1758.1200,1,1,2026-08-24T00:00:00.000
1277,20260706,20260730,472,90,95,86,155,151,7,4,FPOS001277,894.0000,1759.4900,1759.4900,1,1,2026-08-24T00:00:00.000
1278,20260708,20260621,358,65,19,219,33,416,6,2,FPOS001278,894.7000,1760.8600,1760.8600,1,1,2026-08-24T00:00:00.000
1279,20260808,20260622,337,285,22,284,380,354,8,3,FPOS001279,895.4000,1762.2300,1762.2300,1,1,2026-08-24T00:00:00.000
1280,20260601,20260611,423,341,300,241,67,266,5,2,FPOS001280,896.1000,1763.6000,1763.6000,1,1,2026-08-24T00:00:00.000
1281,20260528,20260721,39,110,245,250,277,175,2,5,FPOS001281,896.8000,1764.9700,1764.9700,1,1,2026-08-24T00:00:00.000
1282,20260715,20260708,471,275,73,314,14,454,9,3,FPOS001282,897.5000,1766.3400,1766.3400,1,1,2026-08-24T00:00:00.000
1283,20260730,20260528,440,14,155,265,4,317,9,2,FPOS001283,898.2000,1767.7100,1767.7100,1,1,2026-08-24T00:00:00.000
1284,20260720,20260617,88,326,236,150,256,358,4,2,FPOS001284,898.9000,1769.0800,1769.0800,1,1,2026-08-24T00:00:00.000
1285,20260808,20260814,497,60,199,330,277,117,1,1,FPOS001285,899.6000,1770.4500,1770.4500,1,1,2026-08-24T00:00:00.000
1286,20260621,20260625,211,33,313,368,297,432,5,3,FPOS001286,900.3000,1771.8200,1771.8200,1,1,2026-08-24T00:00:00.000
1287,20260706,20260811,388,209,137,489,450,192,7,4,FPOS001287,901.0000,1773.1900,1773.1900,1,1,2026-08-24T00:00:00.000
1288,20260812,20260713,360,416,123,245,13,342,8,5,FPOS001288,901.7000,1774.5600,1774.5600,1,1,2026-08-24T00:00:00.000
1289,20260807,20260603,144,140,203,406,202,386,1,3,FPOS001289,902.4000,1775.9300,1775.9300,1,1,2026-08-24T00:00:00.000
1290,20260624,20260704,141,344,316,17,286,478,8,3,FPOS001290,903.1000,1777.3000,1777.3000,1,1,2026-08-24T00:00:00.000
1291,20260605,20260706,445,172,161,106,337,309,3,1,FPOS001291,903.8000,1778.6700,1778.6700,1,1,2026-08-24T00:00:00.000
1292,20260615,20260811,46,450,32,-1,-1,179,3,1,FPOS001292,904.5000,1780.0400,1780.0400,1,1,2026-08-24T00:00:00.000
1293,20260626,20260709,88,271,29,398,420,108,8,4,FPOS001293,905.2000,1781.4100,1781.4100,1,1,2026-08-24T00:00:00.000
1294,20260607,20260608,486,218,148,455,302,41,6,5,FPOS001294,905.9000,1782.7800,1782.7800,1,1,2026-08-24T00:00:00.000
1295,20260805,20260707,119,463,22,39,6,280,6,5,FPOS001295,906.6000,1784.1500,1784.1500,1,1,2026-08-24T00:00:00.000
1296,20260630,20260613,338,274,264,186,15,252,1,1,FPOS001296,907.3000,1785.5200,1785.5200,1,1,2026-08-24T00:00:00.000
1297,20260704,20260722,397,208,191,361,178,482,4,3,FPOS001297,908.0000,1786.8900,1786.8900,1,1,2026-08-24T00:00:00.000
1298,20260802,20260616,265,135,317,24,55,163,2,4,FPOS001298,908.7000,1788.2600,1788.2600,1,1,2026-08-24T00:00:00.000
1299,20260610,20260616,267,462,123,165,153,136,7,2,FPOS001299,909.4000,1789.6300,1789.6300,1,1,2026-08-24T00:00:00.000
1300,20260809,20260725,345,402,304,145,139,54,2,2,FPOS001300,910.1000,1791.0000,1791.0000,1,1,2026-08-24T00:00:00.000
1301,20260729,20260610,381,377,326,462,34,146,1,2,FPOS001301,910.8000,1792.3700,1792.3700,1,1,2026-08-24T00:00:00.000
1302,20260805,20260719,71,354,50,360,1,220,10,1,FPOS001302,911.5000,1793.7400,1793.7400,1,1,2026-08-24T00:00:00.000
1303,20260613,20260709,72,38,129,100,135,178,10,4,FPOS001303,912.2000,1795.1100,1795.1100,1,1,2026-08-24T00:00:00.000
1304,20260630,20260705,474,284,205,10,338,392,4,5,FPOS001304,912.9000,1796.4800,1796.4800,1,1,2026-08-24T00:00:00.000
1305,20260615,20260730,197,443,166,102,257,421,2,2,FPOS001305,913.6000,1797.8500,1797.8500,1,1,2026-08-24T00:00:00.000
1306,20260623,20260601,16,427,108,101,110,202,9,3,FPOS001306,914.3000,1799.2200,1799.2200,1,1,2026-08-24T00:00:00.000
1307,20260607,20260719,310,142,253,400,488,120,10,3,FPOS001307,915.0000,1800.5900,1800.5900,1,1,2026-08-24T00:00:00.000
1308,20260819,20260616,109,369,161,282,248,412,7,1,FPOS001308,915.7000,1801.9600,1801.9600,1,1,2026-08-24T00:00:00.000
1309,20260730,20260622,178,292,107,-1,-1,203,10,5,FPOS001309,916.4000,1803.3300,1803.3300,1,1,2026-08-24T00:00:00.000
1310,20260617,20260821,381,332,289,266,31,92,2,4,FPOS001310,917.1000,1804.7000,1804.7000,1,1,2026-08-24T00:00:00.000
1311,20260605,20260614,29,327,333,241,445,202,1,5,FPOS001311,917.8000,1806.0700,1806.0700,1,1,2026-08-24T00:00:00.000
1312,20260730,20260814,126,247,9,328,202,136,7,4,FPOS001312,918.5000,1807.4400,1807.4400,1,1,2026-08-24T00:00:00.000
1313,20260824,20260821,211,65,289,63,49,86,6,4,FPOS001313,919.2000,1808.8100,1808.8100,1,1,2026-08-24T00:00:00.000
1314,20260605,20260824,131,385,149,458,25,182,6,1,FPOS001314,919.9000,1810.1800,1810.1800,1,1,2026-08-24T00:00:00.000
1315,20260805,20260609,153,46,153,83,252,163,1,2,FPOS001315,920.6000,1811.5500,1811.5500,1,1,2026-08-24T00:00:00.000
1316,20260612,20260619,206,140,52,119,382,193,3,2,FPOS001316,921.3000,1812.9200,1812.9200,1,1,2026-08-24T00:00:00.000
1317,20260623,20260615,287,324,171,326,371,150,3,4,FPOS001317,922.0000,1814.2900,1814.2900,1,1,2026-08-24T00:00:00.000
1318,20260529,20260621,141,372,337,373,439,207,1,4,FPOS001318,922.7000,1815.6600,1815.6600,1,1,2026-08-24T00:00:00.000
1319,20260705,20260723,121,97,195,3,178,366,4,1,FPOS001319,923.4000,1817.0300,1817.0300,1,1,2026-08-24T00:00:00.000
1320,20260727,20260819,315,404,112,83,142,175,1,1,FPOS001320,924.1000,1818.4000,1818.4000,1,1,2026-08-24T00:00:00.000
1321,20260614,20260601,153,305,313,325,316,355,4,3,FPOS001321,924.8000,1819.7700,1819.7700,1,1,2026-08-24T00:00:00.000
1322,20260809,20260819,199,20,115,181,456,158,6,2,FPOS001322,925.5000,1821.1400,1821.1400,1,1,2026-08-24T00:00:00.000
1323,20260806,20260804,404,224,122,245,433,334,2,2,FPOS001323,926.2000,1822.5100,1822.5100,1,1,2026-08-24T00:00:00.000
1324,20260718,20260817,248,472,12,350,474,207,9,5,FPOS001324,926.9000,1823.8800,1823.8800,1,1,2026-08-24T00:00:00.000
1325,20260624,20260611,240,87,317,160,417,368,2,5,FPOS001325,927.6000,1825.2500,1825.2500,1,1,2026-08-24T00:00:00.000
1326,20260614,20260706,438,433,136,-1,-1,88,1,3,FPOS001326,928.3000,1826.6200,1826.6200,1,1,2026-08-24T00:00:00.000
1327,20260722,20260704,13,172,247,91,413,67,9,4,FPOS001327,929.0000,1827.9900,1827.9900,1,1,2026-08-24T00:00:00.000
1328,20260816,20260616,462,322,43,165,219,103,6,1,FPOS001328,929.7000,1829.3600,1829.3600,1,1,2026-08-24T00:00:00.000
1329,20260607,20260627,240,134,251,393,434,55,9,1,FPOS001329,930.4000,1830.7300,1830.7300,1,1,2026-08-24T00:00:00.000
1330,20260527,20260731,482,290,126,83,163,467,10,3,FPOS001330,931.1000,1832.1000,1832.1000,1,1,2026-08-24T00:00:00.000
1331,20260723,20260820,226,475,76,482,286,419,2,5,FPOS001331,931.8000,1833.4700,1833.4700,1,1,2026-08-24T00:00:00.000
1332,20260610,20260803,263,69,68,152,79,118,3,4,FPOS001332,932.5000,1834.8400,1834.8400,1,1,2026-08-24T00:00:00.000
1333,20260703,20260814,483,28,314,353,215,79,2,1,FPOS001333,933.2000,1836.2100,1836.2100,1,1,2026-08-24T00:00:00.000
1334,20260627,20260809,305,35,282,160,330,294,3,5,FPOS001334,933.9000,1837.5800,1837.5800,1,1,2026-08-24T00:00:00.000
1335,20260714,20260606,388,165,139,341,233,41,4,4,FPOS001335,934.6000,1838.9500,1838.9500,1,1,2026-08-24T00:00:00.000
1336,20260730,20260621,4,67,217,382,5,88,9,5,FPOS001336,935.3000,1840.3200,1840.3200,1,1,2026-08-24T00:00:00.000
1337,20260704,20260715,261,143,204,252,498,330,8,3,FPOS001337,936.0000,1841.6900,1841.6900,1,1,2026-08-24T00:00:00.000
1338,20260813,20260729,88,183,248,98,356,94,4,2,FPOS001338,936.7000,1843.0600,1843.0600,1,1,2026-08-24T00:00:00.000
1339,20260628,20260701,38,238,44,473,277,101,7,3,FPOS001339,937.4000,1844.4300,1844.4300,1,1,2026-08-24T00:00:00.000
1340,20260723,20260626,198,51,253,53,445,348,6,4,FPOS001340,938.1000,1845.8000,1845.8000,1,1,2026-08-24T00:00:00.000
1341,20260602,20260530,184,62,300,4,116,9,9,1,FPOS001341,938.8000,1847.1700,1847.1700,1,1,2026-08-24T00:00:00.000
1342,20260724,20260605,480,247,306,358,80,314,1,2,FPOS001342,939.5000,1848.5400,1848.5400,1,1,2026-08-24T00:00:00.000
1343,20260628,20260531,39,114,257,-1,-1,67,10,2,FPOS001343,940.2000,1849.9100,1849.9100,1,1,2026-08-24T00:00:00.000
1344,20260710,20260824,142,154,322,487,418,272,10,5,FPOS001344,940.9000,1851.2800,1851.2800,1,1,2026-08-24T00:00:00.000
1345,20260725,20260724,98,280,9,89,412,64,9,2,FPOS001345,941.6000,1852.6500,1852.6500,1,1,2026-08-24T00:00:00.000
1346,20260601,20260615,427,136,273,187,289,274,3,1,FPOS001346,942.3000,1854.0200,1854.0200,1,1,2026-08-24T00:00:00.000
1347,20260714,20260705,140,249,109,443,335,396,6,4,FPOS001347,943.0000,1855.3900,1855.3900,1,1,2026-08-24T00:00:00.000
1348,20260712,20260614,231,495,156,210,47,467,5,2,FPOS001348,943.7000,1856.7600,1856.7600,1,1,2026-08-24T00:00:00.000
1349,20260609,20260712,399,438,248,440,242,40,5,5,FPOS001349,944.4000,1858.1300,1858.1300,1,1,2026-08-24T00:00:00.000
1350,20260704,20260627,139,364,154,110,172,13,4,2,FPOS001350,945.1000,1859.5000,1859.5000,1,1,2026-08-24T00:00:00.000
1351,20260610,20260617,323,175,165,418,372,472,10,3,FPOS001351,945.8000,1860.8700,1860.8700,1,1,2026-08-24T00:00:00.000
1352,20260801,20260607,181,481,157,159,456,352,4,5,FPOS001352,946.5000,1862.2400,1862.2400,1,1,2026-08-24T00:00:00.000
1353,20260527,20260804,123,484,337,36,25,111,10,3,FPOS001353,947.2000,1863.6100,1863.6100,1,1,2026-08-24T00:00:00.000
1354,20260717,20260710,177,361,335,292,352,242,1,3,FPOS001354,947.9000,1864.9800,1864.9800,1,1,2026-08-24T00:00:00.000
1355,20260606,20260617,202,238,8,449,201,306,3,5,FPOS001355,948.6000,1866.3500,1866.3500,1,1,2026-08-24T00:00:00.000
1356,20260728,20260721,283,219,29,353,356,122,9,3,FPOS001356,949.3000,1867.7200,1867.7200,1,1,2026-08-24T00:00:00.000
1357,20260605,20260702,476,445,323,80,103,472,3,1,FPOS001357,950.0000,1869.0900,1869.0900,1,1,2026-08-24T00:00:00.000
1358,20260711,20260806,298,206,140,38,46,304,5,3,FPOS001358,950.7000,1870.4600,1870.4600,1,1,2026-08-24T00:00:00.000
1359,20260702,20260712,135,478,197,110,468,406,9,1,FPOS001359,951.4000,1871.8300,1871.8300,1,1,2026-08-24T00:00:00.000
1360,20260530,20260613,208,131,91,-1,-1,119,6,1,FPOS001360,952.1000,1873.2000,1873.2000,1,1,2026-08-24T00:00:00.000
1361,20260814,20260805,31,426,49,416,367,102,7,2,FPOS001361,952.8000,1874.5700,1874.5700,1,1,2026-08-24T00:00:00.000
1362,20260824,20260609,270,359,258,356,172,394,7,4,FPOS001362,953.5000,1875.9400,1875.9400,1,1,2026-08-24T00:00:00.000
1363,20260627,20260809,465,104,133,445,146,376,2,4,FPOS001363,954.2000,1877.3100,1877.3100,1,1,2026-08-24T00:00:00.000
1364,20260730,20260823,484,116,307,144,471,198,1,4,FPOS001364,954.9000,1878.6800,1878.6800,1,1,2026-08-24T00:00:00.000
1365,20260727,20260823,320,147,132,371,326,346,3,2,FPOS001365,955.6000,1880.0500,1880.0500,1,1,2026-08-24T00:00:00.000
1366,20260603,20260807,93,173,152,279,70,177,9,5,FPOS001366,956.3000,1881.4200,1881.4200,1,1,2026-08-24T00:00:00.000
1367,20260620,20260608,280,138,106,339,306,35,3,1,FPOS001367,957.0000,1882.7900,1882.7900,1,1,2026-08-24T00:00:00.000
1368,20260807,20260606,76,218,6,467,243,430,3,3,FPOS001368,957.7000,1884.1600,1884.1600,1,1,2026-08-24T00:00:00.000
1369,20260703,20260629,165,77,126,233,497,210,10,4,FPOS001369,958.4000,1885.5300,1885.5300,1,1,2026-08-24T00:00:00.000
1370,20260616,20260617,214,340,70,48,400,313,7,5,FPOS001370,959.1000,1886.9000,1886.9000,1,1,2026-08-24T00:00:00.000
1371,20260814,20260720,479,195,237,327,36,321,3,1,FPOS001371,959.8000,1888.2700,1888.2700,1,1,2026-08-24T00:00:00.000
1372,20260808,20260724,157,314,296,400,464,352,5,5,FPOS001372,960.5000,1889.6400,1889.6400,1,1,2026-08-24T00:00:00.000
1373,20260717,20260812,390,383,212,449,284,433,3,2,FPOS001373,961.2000,1891.0100,1891.0100,1,1,2026-08-24T00:00:00.000
1374,20260726,20260821,308,393,185,237,130,127,10,5,FPOS001374,961.9000,1892.3800,1892.3800,1,1,2026-08-24T00:00:00.000
1375,20260711,20260527,165,201,267,227,222,99,6,4,FPOS001375,962.6000,1893.7500,1893.7500,1,1,2026-08-24T00:00:00.000
1376,20260531,20260805,325,488,213,433,30,23,6,3,FPOS001376,963.3000,1895.1200,1895.1200,1,1,2026-08-24T00:00:00.000
1377,20260713,20260817,27,62,216,-1,-1,78,9,3,FPOS001377,964.0000,1896.4900,1896.4900,1,1,2026-08-24T00:00:00.000
1378,20260823,20260629,441,75,172,99,398,98,1,4,FPOS001378,964.7000,1897.8600,1897.8600,1,1,2026-08-24T00:00:00.000
1379,20260621,20260719,73,482,50,483,26,497,3,4,FPOS001379,965.4000,1899.2300,1899.2300,1,1,2026-08-24T00:00:00.000
1380,20260621,20260702,163,419,245,111,402,81,4,5,FPOS001380,966.1000,1900.6000,1900.6000,1,1,2026-08-24T00:00:00.000
1381,20260625,20260710,210,90,152,160,181,136,9,5,FPOS001381,966.8000,1901.9700,1901.9700,1,1,2026-08-24T00:00:00.000
1382,20260602,20260604,46,260,194,388,218,275,4,4,FPOS001382,967.5000,1903.3400,1903.3400,1,1,2026-08-24T00:00:00.000
1383,20260718,20260728,14,26,295,57,476,85,4,1,FPOS001383,968.2000,1904.7100,1904.7100,1,1,2026-08-24T00:00:00.000
1384,20260717,20260823,497,254,239,496,191,164,6,5,FPOS001384,968.9000,1906.0800,1906.0800,1,1,2026-08-24T00:00:00.000
1385,20260705,20260726,55,242,206,495,109,418,3,3,FPOS001385,969.6000,1907.4500,1907.4500,1,1,2026-08-24T00:00:00.000
1386,20260611,20260816,13,424,43,123,153,108,2,2,FPOS001386,970.3000,1908.8200,1908.8200,1,1,2026-08-24T00:00:00.000
1387,20260819,20260608,234,282,208,190,2,119,10,1,FPOS001387,971.0000,1910.1900,1910.1900,1,1,2026-08-24T00:00:00.000
1388,20260609,20260809,86,121,14,13,482,77,10,5,FPOS001388,971.7000,1911.5600,1911.5600,1,1,2026-08-24T00:00:00.000
1389,20260711,20260708,451,309,248,499,193,137,4,4,FPOS001389,972.4000,1912.9300,1912.9300,1,1,2026-08-24T00:00:00.000
1390,20260719,20260731,36,92,265,12,241,107,3,5,FPOS001390,973.1000,1914.3000,1914.3000,1,1,2026-08-24T00:00:00.000
1391,20260717,20260702,313,195,12,170,83,102,5,1,FPOS001391,973.8000,1915.6700,1915.6700,1,1,2026-08-24T00:00:00.000
1392,20260728,20260602,60,96,265,216,314,379,10,5,FPOS001392,974.5000,1917.0400,1917.0400,1,1,2026-08-24T00:00:00.000
1393,20260803,20260626,127,189,144,387,101,109,4,2,FPOS001393,975.2000,1918.4100,1918.4100,1,1,2026-08-24T00:00:00.000
1394,20260708,20260710,454,110,27,-1,-1,441,10,1,FPOS001394,975.9000,1919.7800,1919.7800,1,1,2026-08-24T00:00:00.000
1395,20260612,20260711,497,12,24,46,87,56,10,4,FPOS001395,976.6000,1921.1500,1921.1500,1,1,2026-08-24T00:00:00.000
1396,20260611,20260805,58,459,159,207,185,117,6,5,FPOS001396,977.3000,1922.5200,1922.5200,1,1,2026-08-24T00:00:00.000
1397,20260608,20260824,335,200,154,179,359,354,5,4,FPOS001397,978.0000,1923.8900,1923.8900,1,1,2026-08-24T00:00:00.000
1398,20260701,20260715,300,268,108,30,496,131,4,3,FPOS001398,978.7000,1925.2600,1925.2600,1,1,2026-08-24T00:00:00.000
1399,20260704,20260819,232,491,78,167,68,485,2,1,FPOS001399,979.4000,1926.6300,1926.6300,1,1,2026-08-24T00:00:00.000
1400,20260620,20260613,396,388,262,17,487,48,8,3,FPOS001400,980.1000,1928.0000,1928.0000,1,1,2026-08-24T00:00:00.000
1401,20260809,20260807,181,194,209,119,216,70,7,5,FPOS001401,980.8000,1929.3700,1929.3700,1,1,2026-08-24T00:00:00.000
1402,20260723,20260625,110,388,17,412,408,256,1,4,FPOS001402,981.5000,1930.7400,1930.7400,1,1,2026-08-24T00:00:00.000
1403,20260626,20260617,282,170,175,400,351,241,2,3,FPOS001403,982.2000,1932.1100,1932.1100,1,1,2026-08-24T00:00:00.000
1404,20260727,20260716,141,109,28,218,143,303,7,1,FPOS001404,982.9000,1933.4800,1933.4800,1,1,2026-08-24T00:00:00.000
1405,20260807,20260619,345,187,245,58,494,10,2,4,FPOS001405,983.6000,1934.8500,1934.8500,1,1,2026-08-24T00:00:00.000
1406,20260814,20260723,395,199,117,325,159,113,6,2,FPOS001406,984.3000,1936.2200,1936.2200,1,1,2026-08-24T00:00:00.000
1407,20260824,20260606,299,169,157,248,304,117,10,3,FPOS001407,985.0000,1937.5900,1937.5900,1,1,2026-08-24T00:00:00.000
1408,20260803,20260811,419,350,326,392,427,53,1,5,FPOS001408,985.7000,1938.9600,1938.9600,1,1,2026-08-24T00:00:00.000
1409,20260704,20260718,374,75,245,48,180,30,7,4,FPOS001409,986.4000,1940.3300,1940.3300,1,1,2026-08-24T00:00:00.000
1410,20260727,20260701,488,478,271,329,405,108,7,2,FPOS001410,987.1000,1941.7000,1941.7000,1,1,2026-08-24T00:00:00.000
1411,20260810,20260605,7,350,6,-1,-1,52,5,5,FPOS001411,987.8000,1943.0700,1943.0700,1,1,2026-08-24T00:00:00.000
1412,20260704,20260611,490,248,39,155,263,27,10,1,FPOS001412,988.5000,1944.4400,1944.4400,1,1,2026-08-24T00:00:00.000
1413,20260804,20260714,326,94,317,141,351,205,4,3,FPOS001413,989.2000,1945.8100,1945.8100,1,1,2026-08-24T00:00:00.000
1414,20260714,20260725,90,33,232,241,160,132,6,5,FPOS001414,989.9000,1947.1800,1947.1800,1,1,2026-08-24T00:00:00.000
1415,20260715,20260803,388,290,301,380,390,118,2,2,FPOS001415,990.6000,1948.5500,1948.5500,1,1,2026-08-24T00:00:00.000
1416,20260701,20260801,373,280,247,253,292,464,1,5,FPOS001416,991.3000,1949.9200,1949.9200,1,1,2026-08-24T00:00:00.000
1417,20260714,20260803,488,88,247,333,272,9,7,2,FPOS001417,992.0000,1951.2900,1951.2900,1,1,2026-08-24T00:00:00.000
1418,20260722,20260818,419,130,267,355,95,359,5,1,FPOS001418,992.7000,1952.6600,1952.6600,1,1,2026-08-24T00:00:00.000
1419,20260616,20260822,415,411,223,3,449,337,10,3,FPOS001419,993.4000,1954.0300,1954.0300,1,1,2026-08-24T00:00:00.000
1420,20260711,20260616,330,483,341,95,268,253,8,3,FPOS001420,994.1000,1955.4000,1955.4000,1,1,2026-08-24T00:00:00.000
1421,20260808,20260724,407,69,250,465,371,460,2,2,FPOS001421,994.8000,1956.7700,1956.7700,1,1,2026-08-24T00:00:00.000
1422,20260623,20260806,228,130,28,489,59,40,10,1,FPOS001422,995.5000,1958.1400,1958.1400,1,1,2026-08-24T00:00:00.000
1423,20260803,20260528,462,294,81,425,266,285,7,5,FPOS001423,996.2000,1959.5100,1959.5100,1,1,2026-08-24T00:00:00.000
1424,20260724,20260809,199,384,62,194,180,286,2,5,FPOS001424,996.9000,1960.8800,1960.8800,1,1,2026-08-24T00:00:00.000
1425,20260803,20260818,68,217,141,309,208,128,9,4,FPOS001425,997.6000,1962.2500,1962.2500,1,1,2026-08-24T00:00:00.000
1426,20260719,20260815,438,313,43,455,69,113,9,4,FPOS001426,998.3000,1963.6200,1963.6200,1,1,2026-08-24T00:00:00.000
1427,20260723,20260822,308,119,288,85,207,137,2,5,FPOS001427,999.0000,1964.9900,1964.9900,1,1,2026-08-24T00:00:00.000
1428,20260602,20260623,134,120,194,-1,-1,290,6,1,FPOS001428,999.7000,1966.3600,1966.3600,1,1,2026-08-24T00:00:00.000
1429,20260531,20260807,186,235,33,264,164,244,2,4,FPOS001429,0.4000,1967.7300,1967.7300,1,1,2026-08-24T00:00:00.000
1430,20260628,20260812,251,22,43,391,80,213,1,1,FPOS001430,1.1000,1969.1000,1969.1000,1,1,2026-08-24T00:00:00.000
1431,20260810,20260729,436,147,283,132,387,415,5,3,FPOS001431,1.8000,1970.4700,1970.4700,1,1,2026-08-24T00:00:00.000
1432,20260814,20260706,170,34,310,98,271,159,2,1,FPOS001432,2.5000,1971.8400,1971.8400,1,1,2026-08-24T00:00:00.000
1433,20260707,20260601,7,46,151,219,433,262,4,3,FPOS001433,3.2000,1973.2100,1973.2100,1,1,2026-08-24T00:00:00.000
1434,20260821,20260719,159,242,334,417,162,383,2,5,FPOS001434,3.9000,1974.5800,1974.5800,1,1,2026-08-24T00:00:00.000
1435,20260718,20260824,401,433,222,479,177,369,6,2,FPOS001435,4.6000,1975.9500,1975.9500,1,1,2026-08-24T00:00:00.000
1436,20260821,20260731,309,68,172,404,91,309,9,2,FPOS001436,5.3000,1977.3200,1977.3200,1,1,2026-08-24T00:00:00.000
1437,20260822,20260711,380,34,154,259,115,456,7,2,FPOS001437,6.0000,1978.6900,1978.6900,1,1,2026-08-24T00:00:00.000
1438,20260607,20260719,47,470,350,253,202,254,10,4,FPOS001438,6.7000,1980.0600,1980.0600,1,1,2026-08-24T00:00:00.000
1439,20260530,20260719,191,140,307,38,253,187,5,5,FPOS001439,7.4000,1981.4300,1981.4300,1,1,2026-08-24T00:00:00.000
1440,20260630,20260807,421,398,154,24,184,225,8,1,FPOS001440,8.1000,1982.8000,1982.8000,1,1,2026-08-24T00:00:00.000
1441,20260527,20260619,14,42,114,38,76,105,10,3,FPOS001441,8.8000,1984.1700,1984.1700,1,1,2026-08-24T00:00:00.000
1442,20260730,20260605,319,431,193,241,218,259,3,4,FPOS001442,9.5000,1985.5400,1985.5400,1,1,2026-08-24T00:00:00.000
1443,20260814,20260815,465,475,88,75,344,204,8,5,FPOS001443,10.2000,1986.9100,1986.9100,1,1,2026-08-24T00:00:00.000
1444,20260618,20260715,66,104,168,460,62,220,2,1,FPOS001444,10.9000,1988.2800,1988.2800,1,1,2026-08-24T00:00:00.000
1445,20260723,20260614,332,107,37,-1,-1,408,4,5,FPOS001445,11.6000,1989.6500,1989.6500,1,1,2026-08-24T00:00:00.000
1446,20260809,20260705,294,348,179,339,471,301,7,2,FPOS001446,12.3000,1991.0200,1991.0200,1,1,2026-08-24T00:00:00.000
1447,20260621,20260621,379,232,163,452,192,462,5,4,FPOS001447,13.0000,1992.3900,1992.3900,1,1,2026-08-24T00:00:00.000
1448,20260819,20260611,178,264,313,204,457,24,6,1,FPOS001448,13.7000,1993.7600,1993.7600,1,1,2026-08-24T00:00:00.000
1449,20260625,20260731,413,449,262,63,486,42,6,1,FPOS001449,14.4000,1995.1300,1995.1300,1,1,2026-08-24T00:00:00.000
1450,20260613,20260801,242,381,296,217,317,406,7,3,FPOS001450,15.1000,1996.5000,1996.5000,1,1,2026-08-24T00:00:00.000
1451,20260804,20260602,330,222,138,489,400,131,6,3,FPOS001451,15.8000,1997.8700,1997.8700,1,1,2026-08-24T00:00:00.000
1452,20260809,20260813,174,309,74,113,464,202,8,1,FPOS001452,16.5000,1999.2400,1999.2400,1,1,2026-08-24T00:00:00.000
1453,20260707,20260812,56,447,196,281,226,286,6,3,FPOS001453,17.2000,2000.6100,2000.6100,1,1,2026-08-24T00:00:00.000
1454,20260627,20260809,424,334,175,298,156,18,5,1,FPOS001454,17.9000,2001.9800,2001.9800,1,1,2026-08-24T00:00:00.000
1455,20260818,20260705,488,56,167,79,5,123,4,4,FPOS001455,18.6000,2003.3500,2003.3500,1,1,2026-08-24T00:00:00.000
1456,20260807,20260821,242,194,103,102,301,311,6,3,FPOS001456,19.3000,2004.7200,2004.7200,1,1,2026-08-24T00:00:00.000
1457,20260618,20260818,86,46,46,277,219,142,3,5,FPOS001457,20.0000,2006.0900,2006.0900,1,1,2026-08-24T00:00:00.000
1458,20260703,20260820,139,26,249,487,222,12,1,2,FPOS001458,20.7000,2007.4600,2007.4600,1,1,2026-08-24T00:00:00.000
1459,20260615,20260617,298,266,247,325,17,487,9,3,FPOS001459,21.4000,2008.8300,2008.8300,1,1,2026-08-24T00:00:00.000
1460,20260629,20260822,181,23,79,364,407,491,8,2,FPOS001460,22.1000,2010.2000,2010.2000,1,1,2026-08-24T00:00:00.000
1461,20260626,20260712,121,66,86,117,136,310,2,1,FPOS001461,22.8000,2011.5700,2011.5700,1,1,2026-08-24T00:00:00.000
1462,20260630,20260816,72,57,166,-1,-1,243,1,1,FPOS001462,23.5000,2012.9400,2012.9400,1,1,2026-08-24T00:00:00.000
1463,20260813,20260730,12,2,13,288,227,86,4,1,FPOS001463,24.2000,2014.3100,2014.3100,1,1,2026-08-24T00:00:00.000
1464,20260530,20260527,483,347,34,121,348,328,7,4,FPOS001464,24.9000,2015.6800,2015.6800,1,1,2026-08-24T00:00:00.000
1465,20260725,20260719,424,101,345,179,151,495,1,5,FPOS001465,25.6000,2017.0500,2017.0500,1,1,2026-08-24T00:00:00.000
1466,20260720,20260603,111,297,196,8,234,394,10,2,FPOS001466,26.3000,2018.4200,2018.4200,1,1,2026-08-24T00:00:00.000
1467,20260815,20260712,496,176,327,7,363,305,3,2,FPOS001467,27.0000,2019.7900,2019.7900,1,1,2026-08-24T00:00:00.000
1468,20260713,20260725,201,178,99,108,13,478,10,1,FPOS001468,27.7000,2021.1600,2021.1600,1,1,2026-08-24T00:00:00.000
1469,20260721,20260626,339,65,206,491,182,268,2,3,FPOS001469,28.4000,2022.5300,2022.5300,1,1,2026-08-24T00:00:00.000
1470,20260816,20260602,159,15,251,415,237,118,9,2,FPOS001470,29.1000,2023.9000,2023.9000,1,1,2026-08-24T00:00:00.000
1471,20260804,20260617,168,328,277,133,376,130,4,5,FPOS001471,29.8000,2025.2700,2025.2700,1,1,2026-08-24T00:00:00.000
1472,20260727,20260802,223,445,65,329,427,217,9,2,FPOS001472,30.5000,2026.6400,2026.6400,1,1,2026-08-24T00:00:00.000
1473,20260723,20260604,179,61,300,410,253,237,1,3,FPOS001473,31.2000,2028.0100,2028.0100,1,1,2026-08-24T00:00:00.000
1474,20260601,20260623,500,269,300,262,206,483,9,4,FPOS001474,31.9000,2029.3800,2029.3800,1,1,2026-08-24T00:00:00.000
1475,20260527,20260801,411,51,324,330,61,168,7,5,FPOS001475,32.6000,2030.7500,2030.7500,1,1,2026-08-24T00:00:00.000
1476,20260706,20260609,458,35,97,371,358,31,5,4,FPOS001476,33.3000,2032.1200,2032.1200,1,1,2026-08-24T00:00:00.000
1477,20260812,20260529,398,33,182,204,457,399,8,3,FPOS001477,34.0000,2033.4900,2033.4900,1,1,2026-08-24T00:00:00.000
1478,20260719,20260808,404,231,49,249,295,23,6,3,FPOS001478,34.7000,2034.8600,2034.8600,1,1,2026-08-24T00:00:00.000
1479,20260813,20260716,398,389,159,-1,-1,187,7,4,FPOS001479,35.4000,2036.2300,2036.2300,1,1,2026-08-24T00:00:00.000
1480,20260627,20260622,162,407,12,344,305,258,1,2,FPOS001480,36.1000,2037.6000,2037.6000,1,1,2026-08-24T00:00:00.000
1481,20260815,20260710,328,77,292,110,243,157,4,1,FPOS001481,36.8000,2038.9700,2038.9700,1,1,2026-08-24T00:00:00.000
1482,20260607,20260813,31,148,274,464,458,241,4,2,FPOS001482,37.5000,2040.3400,2040.3400,1,1,2026-08-24T00:00:00.000
1483,20260527,20260621,432,273,101,138,368,327,6,1,FPOS001483,38.2000,2041.7100,2041.7100,1,1,2026-08-24T00:00:00.000
1484,20260731,20260528,422,17,297,374,398,443,4,1,FPOS001484,38.9000,2043.0800,2043.0800,1,1,2026-08-24T00:00:00.000
1485,20260616,20260809,32,140,109,63,221,188,5,1,FPOS001485,39.6000,2044.4500,2044.4500,1,1,2026-08-24T00:00:00.000
1486,20260601,20260712,487,101,127,220,310,46,6,4,FPOS001486,40.3000,2045.8200,2045.8200,1,1,2026-08-24T00:00:00.000
1487,20260623,20260721,201,177,324,234,424,472,4,4,FPOS001487,41.0000,2047.1900,2047.1900,1,1,2026-08-24T00:00:00.000
1488,20260803,20260727,226,308,278,2,402,332,2,1,FPOS001488,41.7000,2048.5600,2048.5600,1,1,2026-08-24T00:00:00.000
1489,20260722,20260712,493,423,171,189,301,58,4,4,FPOS001489,42.4000,2049.9300,2049.9300,1,1,2026-08-24T00:00:00.000
1490,20260703,20260714,188,387,349,310,307,472,7,3,FPOS001490,43.1000,2051.3000,2051.3000,1,1,2026-08-24T00:00:00.000
1491,20260803,20260702,7,48,244,128,148,180,9,1,FPOS001491,43.8000,2052.6700,2052.6700,1,1,2026-08-24T00:00:00.000
1492,20260620,20260614,432,136,69,360,234,86,9,4,FPOS001492,44.5000,2054.0400,2054.0400,1,1,2026-08-24T00:00:00.000
1493,20260613,20260718,398,354,251,164,492,330,2,1,FPOS001493,45.2000,2055.4100,2055.4100,1,1,2026-08-24T00:00:00.000
1494,20260607,20260610,346,7,4,52,23,345,8,3,FPOS001494,45.9000,2056.7800,2056.7800,1,1,2026-08-24T00:00:00.000
1495,20260817,20260628,344,125,84,70,107,476,3,3,FPOS001495,46.6000,2058.1500,2058.1500,1,1,2026-08-24T00:00:00.000
1496,20260630,20260613,494,182,225,-1,-1,390,3,5,FPOS001496,47.3000,2059.5200,2059.5200,1,1,2026-08-24T00:00:00.000
1497,20260618,20260618,357,10,171,222,218,208,1,4,FPOS001497,48.0000,2060.8900,2060.8900,1,1,2026-08-24T00:00:00.000
1498,20260622,20260822,256,241,146,433,178,282,5,5,FPOS001498,48.7000,2062.2600,2062.2600,1,1,2026-08-24T00:00:00.000
1499,20260727,20260602,253,59,98,495,388,13,4,3,FPOS001499,49.4000,2063.6300,2063.6300,1,1,2026-08-24T00:00:00.000
1500,20260612,20260607,467,418,130,112,445,496,2,5,FPOS001500,50.1000,2065.0000,2065.0000,1,1,2026-08-24T00:00:00.000
1501,20260816,20260823,261,322,325,191,37,216,10,2,FPOS001501,50.8000,2066.3700,2066.3700,1,1,2026-08-24T00:00:00.000
1502,20260530,20260801,77,247,189,340,445,49,4,2,FPOS001502,51.5000,2067.7400,2067.7400,1,1,2026-08-24T00:00:00.000
1503,20260601,20260711,179,13,227,430,153,222,3,1,FPOS001503,52.2000,2069.1100,2069.1100,1,1,2026-08-24T00:00:00.000
1504,20260528,20260716,491,272,112,167,451,101,5,3,FPOS001504,52.9000,2070.4800,2070.4800,1,1,2026-08-24T00:00:00.000
1505,20260529,20260813,41,122,270,370,393,61,1,5,FPOS001505,53.6000,2071.8500,2071.8500,1,1,2026-08-24T00:00:00.000
1506,20260612,20260611,214,120,149,442,496,111,4,4,FPOS001506,54.3000,2073.2200,2073.2200,1,1,2026-08-24T00:00:00.000
1507,20260824,20260602,369,247,102,91,305,84,7,2,FPOS001507,55.0000,2074.5900,2074.5900,1,1,2026-08-24T00:00:00.000
1508,20260730,20260730,484,58,10,200,411,99,1,2,FPOS001508,55.7000,2075.9600,2075.9600,1,1,2026-08-24T00:00:00.000
1509,20260716,20260619,427,232,336,225,313,307,8,2,FPOS001509,56.4000,2077.3300,2077.3300,1,1,2026-08-24T00:00:00.000
1510,20260715,20260807,324,126,52,128,254,235,3,4,FPOS001510,57.1000,2078.7000,2078.7000,1,1,2026-08-24T00:00:00.000
1511,20260713,20260823,395,90,129,189,428,177,9,1,FPOS001511,57.8000,2080.0700,2080.0700,1,1,2026-08-24T00:00:00.000
1512,20260725,20260806,114,335,171,156,370,205,1,5,FPOS001512,58.5000,2081.4400,2081.4400,1,1,2026-08-24T00:00:00.000
1513,20260617,20260726,352,114,164,-1,-1,331,7,2,FPOS001513,59.2000,2082.8100,2082.8100,1,1,2026-08-24T00:00:00.000
1514,20260625,20260531,124,314,344,94,208,182,7,5,FPOS001514,59.9000,2084.1800,2084.1800,1,1,2026-08-24T00:00:00.000
1515,20260712,20260806,4,269,60,315,119,441,1,4,FPOS001515,60.6000,2085.5500,2085.5500,1,1,2026-08-24T00:00:00.000
1516,20260811,20260726,180,345,83,449,410,334,1,1,FPOS001516,61.3000,2086.9200,2086.9200,1,1,2026-08-24T00:00:00.000
1517,20260805,20260710,18,2,65,302,55,232,4,3,FPOS001517,62.0000,2088.2900,2088.2900,1,1,2026-08-24T00:00:00.000
1518,20260722,20260624,312,133,60,255,444,198,3,2,FPOS001518,62.7000,2089.6600,2089.6600,1,1,2026-08-24T00:00:00.000
1519,20260614,20260530,444,359,243,443,66,436,5,1,FPOS001519,63.4000,2091.0300,2091.0300,1,1,2026-08-24T00:00:00.000
1520,20260531,20260813,36,490,70,25,167,390,5,1,FPOS001520,64.1000,2092.4000,2092.4000,1,1,2026-08-24T00:00:00.000
1521,20260622,20260725,442,100,257,413,371,259,6,4,FPOS001521,64.8000,2093.7700,2093.7700,1,1,2026-08-24T00:00:00.000
1522,20260612,20260530,88,350,54,57,208,210,8,5,FPOS001522,65.5000,2095.1400,2095.1400,1,1,2026-08-24T00:00:00.000
1523,20260710,20260528,387,18,149,98,98,217,8,3,FPOS001523,66.2000,2096.5100,2096.5100,1,1,2026-08-24T00:00:00.000
1524,20260616,20260809,55,444,313,231,256,462,9,2,FPOS001524,66.9000,2097.8800,2097.8800,1,1,2026-08-24T00:00:00.000
1525,20260723,20260627,123,485,169,265,3,18,6,4,FPOS001525,67.6000,2099.2500,2099.2500,1,1,2026-08-24T00:00:00.000
1526,20260711,20260616,499,185,200,261,363,335,3,5,FPOS001526,68.3000,2100.6200,2100.6200,1,1,2026-08-24T00:00:00.000
1527,20260527,20260602,4,100,217,334,473,69,9,5,FPOS001527,69.0000,2101.9900,2101.9900,1,1,2026-08-24T00:00:00.000
1528,20260709,20260807,114,297,155,185,27,67,1,3,FPOS001528,69.7000,2103.3600,2103.3600,1,1,2026-08-24T00:00:00.000
1529,20260728,20260718,338,432,22,18,4,78,2,3,FPOS001529,70.4000,2104.7300,2104.7300,1,1,2026-08-24T00:00:00.000
1530,20260623,20260621,227,336,256,-1,-1,86,1,3,FPOS001530,71.1000,2106.1000,2106.1000,1,1,2026-08-24T00:00:00.000
1531,20260803,20260709,184,335,156,62,380,52,5,5,FPOS001531,71.8000,2107.4700,2107.4700,1,1,2026-08-24T00:00:00.000
1532,20260619,20260721,403,320,237,137,222,112,1,2,FPOS001532,72.5000,2108.8400,2108.8400,1,1,2026-08-24T00:00:00.000
1533,20260720,20260807,87,378,314,48,171,398,1,5,FPOS001533,73.2000,2110.2100,2110.2100,1,1,2026-08-24T00:00:00.000
1534,20260605,20260621,443,430,57,237,485,105,9,4,FPOS001534,73.9000,2111.5800,2111.5800,1,1,2026-08-24T00:00:00.000
1535,20260718,20260809,54,200,273,298,298,347,9,1,FPOS001535,74.6000,2112.9500,2112.9500,1,1,2026-08-24T00:00:00.000
1536,20260705,20260617,339,249,51,116,47,433,1,5,FPOS001536,75.3000,2114.3200,2114.3200,1,1,2026-08-24T00:00:00.000
1537,20260702,20260618,491,416,340,384,426,73,6,5,FPOS001537,76.0000,2115.6900,2115.6900,1,1,2026-08-24T00:00:00.000
1538,20260818,20260709,110,276,117,160,193,92,8,1,FPOS001538,76.7000,2117.0600,2117.0600,1,1,2026-08-24T00:00:00.000
1539,20260611,20260807,99,114,256,290,461,495,6,4,FPOS001539,77.4000,2118.4300,2118.4300,1,1,2026-08-24T00:00:00.000
1540,20260604,20260607,123,496,198,328,126,126,10,4,FPOS001540,78.1000,2119.8000,2119.8000,1,1,2026-08-24T00:00:00.000
1541,20260813,20260814,387,3,142,31,332,420,10,4,FPOS001541,78.8000,2121.1700,2121.1700,1,1,2026-08-24T00:00:00.000
1542,20260724,20260820,202,267,40,408,446,433,9,1,FPOS001542,79.5000,2122.5400,2122.5400,1,1,2026-08-24T00:00:00.000
1543,20260813,20260722,407,418,39,470,336,80,1,2,FPOS001543,80.2000,2123.9100,2123.9100,1,1,2026-08-24T00:00:00.000
1544,20260705,20260813,386,376,53,248,170,149,2,3,FPOS001544,80.9000,2125.2800,2125.2800,1,1,2026-08-24T00:00:00.000
1545,20260811,20260723,389,310,77,480,130,388,7,4,FPOS001545,81.6000,2126.6500,2126.6500,1,1,2026-08-24T00:00:00.000
1546,20260706,20260604,166,492,291,301,43,147,10,2,FPOS001546,82.3000,2128.0200,2128.0200,1,1,2026-08-24T00:00:00.000
1547,20260814,20260819,7,500,212,-1,-1,35,7,5,FPOS001547,83.0000,2129.3900,2129.3900,1,1,2026-08-24T00:00:00.000
1548,20260621,20260622,130,258,291,353,411,466,5,4,FPOS001548,83.7000,2130.7600,2130.7600,1,1,2026-08-24T00:00:00.000
1549,20260823,20260703,223,179,158,73,411,6,1,3,FPOS001549,84.4000,2132.1300,2132.1300,1,1,2026-08-24T00:00:00.000
1550,20260620,20260623,419,250,49,187,144,182,8,3,FPOS001550,85.1000,2133.5000,2133.5000,1,1,2026-08-24T00:00:00.000
1551,20260811,20260615,345,134,347,14,399,253,4,1,FPOS001551,85.8000,2134.8700,2134.8700,1,1,2026-08-24T00:00:00.000
1552,20260720,20260723,185,340,267,47,189,284,2,3,FPOS001552,86.5000,2136.2400,2136.2400,1,1,2026-08-24T00:00:00.000
1553,20260710,20260729,393,104,155,179,144,464,5,5,FPOS001553,87.2000,2137.6100,2137.6100,1,1,2026-08-24T00:00:00.000
1554,20260618,20260627,228,25,188,174,366,109,7,1,FPOS001554,87.9000,2138.9800,2138.9800,1,1,2026-08-24T00:00:00.000
1555,20260729,20260624,265,210,183,147,272,60,1,5,FPOS001555,88.6000,2140.3500,2140.3500,1,1,2026-08-24T00:00:00.000
1556,20260613,20260806,300,324,110,60,466,97,10,3,FPOS001556,89.3000,2141.7200,2141.7200,1,1,2026-08-24T00:00:00.000
1557,20260731,20260809,146,427,229,63,242,245,5,4,FPOS001557,90.0000,2143.0900,2143.0900,1,1,2026-08-24T00:00:00.000
1558,20260612,20260607,168,5,273,102,224,340,3,2,FPOS001558,90.7000,2144.4600,2144.4600,1,1,2026-08-24T00:00:00.000
1559,20260715,20260606,61,403,329,341,255,417,5,5,FPOS001559,91.4000,2145.8300,2145.8300,1,1,2026-08-24T00:00:00.000
1560,20260529,20260705,410,368,141,146,419,302,4,2,FPOS001560,92.1000,2147.2000,2147.2000,1,1,2026-08-24T00:00:00.000
1561,20260701,20260618,80,299,64,467,105,75,9,1,FPOS001561,92.8000,2148.5700,2148.5700,1,1,2026-08-24T00:00:00.000
1562,20260714,20260729,173,484,31,100,69,235,3,1,FPOS001562,93.5000,2149.9400,2149.9400,1,1,2026-08-24T00:00:00.000
1563,20260604,20260625,400,196,228,83,489,470,9,4,FPOS001563,94.2000,2151.3100,2151.3100,1,1,2026-08-24T00:00:00.000
1564,20260629,20260802,289,200,132,-1,-1,464,2,4,FPOS001564,94.9000,2152.6800,2152.6800,1,1,2026-08-24T00:00:00.000
1565,20260611,20260630,481,434,108,346,171,216,8,1,FPOS001565,95.6000,2154.0500,2154.0500,1,1,2026-08-24T00:00:00.000
1566,20260628,20260729,47,185,34,181,115,173,2,2,FPOS001566,96.3000,2155.4200,2155.4200,1,1,2026-08-24T00:00:00.000
1567,20260605,20260530,252,414,137,456,200,471,10,1,FPOS001567,97.0000,2156.7900,2156.7900,1,1,2026-08-24T00:00:00.000
1568,20260528,20260814,3,144,3,91,247,143,8,5,FPOS001568,97.7000,2158.1600,2158.1600,1,1,2026-08-24T00:00:00.000
1569,20260805,20260626,407,191,291,160,451,38,1,2,FPOS001569,98.4000,2159.5300,2159.5300,1,1,2026-08-24T00:00:00.000
1570,20260721,20260708,318,439,54,332,273,416,8,1,FPOS001570,99.1000,2160.9000,2160.9000,1,1,2026-08-24T00:00:00.000
1571,20260822,20260606,94,466,47,403,472,365,7,1,FPOS001571,99.8000,2162.2700,2162.2700,1,1,2026-08-24T00:00:00.000
1572,20260627,20260528,240,212,75,177,415,56,6,5,FPOS001572,100.5000,2163.6400,2163.6400,1,1,2026-08-24T00:00:00.000
1573,20260815,20260719,61,437,213,371,429,149,10,5,FPOS001573,101.2000,2165.0100,2165.0100,1,1,2026-08-24T00:00:00.000
1574,20260614,20260822,247,198,64,12,275,72,10,5,FPOS001574,101.9000,2166.3800,2166.3800,1,1,2026-08-24T00:00:00.000
1575,20260704,20260713,424,456,216,34,65,136,4,3,FPOS001575,102.6000,2167.7500,2167.7500,1,1,2026-08-24T00:00:00.000
1576,20260619,20260803,221,163,59,63,463,41,8,5,FPOS001576,103.3000,2169.1200,2169.1200,1,1,2026-08-24T00:00:00.000
1577,20260704,20260628,450,83,332,163,479,358,7,5,FPOS001577,104.0000,2170.4900,2170.4900,1,1,2026-08-24T00:00:00.000
1578,20260802,20260603,112,91,253,188,346,164,8,3,FPOS001578,104.7000,2171.8600,2171.8600,1,1,2026-08-24T00:00:00.000
1579,20260612,20260812,178,222,244,314,493,452,9,4,FPOS001579,105.4000,2173.2300,2173.2300,1,1,2026-08-24T00:00:00.000
1580,20260729,20260703,280,95,160,393,352,383,6,2,FPOS001580,106.1000,2174.6000,2174.6000,1,1,2026-08-24T00:00:00.000
1581,20260814,20260806,448,477,284,-1,-1,496,4,1,FPOS001581,106.8000,2175.9700,2175.9700,1,1,2026-08-24T00:00:00.000
1582,20260814,20260812,126,38,57,358,238,65,8,5,FPOS001582,107.5000,2177.3400,2177.3400,1,1,2026-08-24T00:00:00.000
1583,20260531,20260730,32,495,299,434,159,78,2,2,FPOS001583,108.2000,2178.7100,2178.7100,1,1,2026-08-24T00:00:00.000
1584,20260619,20260609,65,120,36,343,343,148,10,3,FPOS001584,108.9000,2180.0800,2180.0800,1,1,2026-08-24T00:00:00.000
1585,20260802,20260815,291,231,156,217,272,94,4,1,FPOS001585,109.6000,2181.4500,2181.4500,1,1,2026-08-24T00:00:00.000
1586,20260821,20260809,193,330,215,422,396,210,9,5,FPOS001586,110.3000,2182.8200,2182.8200,1,1,2026-08-24T00:00:00.000
1587,20260620,20260818,269,342,268,227,351,494,1,1,FPOS001587,111.0000,2184.1900,2184.1900,1,1,2026-08-24T00:00:00.000
1588,20260808,20260820,444,349,286,390,199,477,5,1,FPOS001588,111.7000,2185.5600,2185.5600,1,1,2026-08-24T00:00:00.000
1589,20260807,20260719,316,18,59,112,491,92,9,1,FPOS001589,112.4000,2186.9300,2186.9300,1,1,2026-08-24T00:00:00.000
1590,20260822,20260606,423,404,127,117,293,161,4,2,FPOS001590,113.1000,2188.3000,2188.3000,1,1,2026-08-24T00:00:00.000
1591,20260717,20260716,86,139,155,488,251,430,9,4,FPOS001591,113.8000,2189.6700,2189.6700,1,1,2026-08-24T00:00:00.000
1592,20260608,20260620,384,405,224,138,98,189,2,2,FPOS001592,114.5000,2191.0400,2191.0400,1,1,2026-08-24T00:00:00.000
1593,20260717,20260615,327,234,95,429,342,365,6,2,FPOS001593,115.2000,2192.4100,2192.4100,1,1,2026-08-24T00:00:00.000
1594,20260628,20260712,295,440,191,448,404,78,6,5,FPOS001594,115.9000,2193.7800,2193.7800,1,1,2026-08-24T00:00:00.000
1595,20260820,20260604,70,218,246,244,432,306,10,4,FPOS001595,116.6000,2195.1500,2195.1500,1,1,2026-08-24T00:00:00.000
1596,20260719,20260612,462,134,35,36,302,91,6,2,FPOS001596,117.3000,2196.5200,2196.5200,1,1,2026-08-24T00:00:00.000
1597,20260615,20260618,38,378,35,391,375,446,6,2,FPOS001597,118.0000,2197.8900,2197.8900,1,1,2026-08-24T00:00:00.000
1598,20260816,20260703,90,404,107,-1,-1,181,7,2,FPOS001598,118.7000,2199.2600,2199.2600,1,1,2026-08-24T00:00:00.000
1599,20260706,20260802,323,127,303,357,244,445,7,4,FPOS001599,119.4000,2200.6300,2200.6300,1,1,2026-08-24T00:00:00.000
1600,20260818,20260702,328,286,52,212,85,95,3,2,FPOS001600,120.1000,2202.0000,2202.0000,1,1,2026-08-24T00:00:00.000
1601,20260710,20260710,258,214,23,148,347,338,5,2,FPOS001601,120.8000,2203.3700,2203.3700,1,1,2026-08-24T00:00:00.000
1602,20260702,20260608,468,358,223,28,477,90,2,4,FPOS001602,121.5000,2204.7400,2204.7400,1,1,2026-08-24T00:00:00.000
1603,20260814,20260528,99,288,261,160,313,407,4,3,FPOS001603,122.2000,2206.1100,2206.1100,1,1,2026-08-24T00:00:00.000
1604,20260704,20260729,381,175,205,323,88,242,4,3,FPOS001604,122.9000,2207.4800,2207.4800,1,1,2026-08-24T00:00:00.000
1605,20260823,20260708,72,107,26,207,324,86,5,4,FPOS001605,123.6000,2208.8500,2208.8500,1,1,2026-08-24T00:00:00.000
1606,20260701,20260704,179,240,273,450,18,453,3,1,FPOS001606,124.3000,2210.2200,2210.2200,1,1,2026-08-24T00:00:00.000
1607,20260822,20260530,144,184,20,310,472,493,5,4,FPOS001607,125.0000,2211.5900,2211.5900,1,1,2026-08-24T00:00:00.000
1608,20260804,20260711,316,454,199,69,178,254,9,5,FPOS001608,125.7000,2212.9600,2212.9600,1,1,2026-08-24T00:00:00.000
1609,20260802,20260621,6,42,44,333,322,163,6,1,FPOS001609,126.4000,2214.3300,2214.3300,1,1,2026-08-24T00:00:00.000
1610,20260715,20260602,48,460,43,238,466,276,4,3,FPOS001610,127.1000,2215.7000,2215.7000,1,1,2026-08-24T00:00:00.000
1611,20260806,20260812,147,81,156,386,49,337,2,2,FPOS001611,127.8000,2217.0700,2217.0700,1,1,2026-08-24T00:00:00.000
1612,20260718,20260627,165,132,282,10,58,15,1,5,FPOS001612,128.5000,2218.4400,2218.4400,1,1,2026-08-24T00:00:00.000
1613,20260712,20260821,411,31,300,441,193,467,4,4,FPOS001613,129.2000,2219.8100,2219.8100,1,1,2026-08-24T00:00:00.000
1614,20260805,20260530,130,220,191,387,103,489,8,4,FPOS001614,129.9000,2221.1800,2221.1800,1,1,2026-08-24T00:00:00.000
1615,20260809,20260820,224,33,335,-1,-1,296,6,2,FPOS001615,130.6000,2222.5500,2222.5500,1,1,2026-08-24T00:00:00.000
1616,20260616,20260723,108,324,349,321,309,63,1,4,FPOS001616,131.3000,2223.9200,2223.9200,1,1,2026-08-24T00:00:00.000
1617,20260810,20260823,480,11,341,211,110,191,1,3,FPOS001617,132.0000,2225.2900,2225.2900,1,1,2026-08-24T00:00:00.000
1618,20260722,20260630,343,280,70,472,19,497,7,4,FPOS001618,132.7000,2226.6600,2226.6600,1,1,2026-08-24T00:00:00.000
1619,20260824,20260711,430,418,26,33,194,294,5,3,FPOS001619,133.4000,2228.0300,2228.0300,1,1,2026-08-24T00:00:00.000
1620,20260609,20260823,203,252,246,31,167,185,6,1,FPOS001620,134.1000,2229.4000,2229.4000,1,1,2026-08-24T00:00:00.000
1621,20260729,20260822,236,393,221,424,424,32,8,2,FPOS001621,134.8000,2230.7700,2230.7700,1,1,2026-08-24T00:00:00.000
1622,20260722,20260531,480,101,12,376,36,69,6,2,FPOS001622,135.5000,2232.1400,2232.1400,1,1,2026-08-24T00:00:00.000
1623,20260805,20260629,379,309,6,117,128,495,9,4,FPOS001623,136.2000,2233.5100,2233.5100,1,1,2026-08-24T00:00:00.000
1624,20260608,20260716,443,115,42,236,67,293,10,2,FPOS001624,136.9000,2234.8800,2234.8800,1,1,2026-08-24T00:00:00.000
1625,20260605,20260818,117,310,54,337,116,480,3,3,FPOS001625,137.6000,2236.2500,2236.2500,1,1,2026-08-24T00:00:00.000
1626,20260613,20260723,40,488,316,452,410,499,6,4,FPOS001626,138.3000,2237.6200,2237.6200,1,1,2026-08-24T00:00:00.000
1627,20260731,20260728,461,176,30,70,321,69,10,3,FPOS001627,139.0000,2238.9900,2238.9900,1,1,2026-08-24T00:00:00.000
1628,20260801,20260531,195,52,270,306,10,229,7,1,FPOS001628,139.7000,2240.3600,2240.3600,1,1,2026-08-24T00:00:00.000
1629,20260530,20260612,353,221,6,173,351,442,4,4,FPOS001629,140.4000,2241.7300,2241.7300,1,1,2026-08-24T00:00:00.000
1630,20260821,20260708,246,94,155,250,153,246,5,1,FPOS001630,141.1000,2243.1000,2243.1000,1,1,2026-08-24T00:00:00.000
1631,20260808,20260702,454,42,64,404,115,401,10,2,FPOS001631,141.8000,2244.4700,2244.4700,1,1,2026-08-24T00:00:00.000
1632,20260721,20260820,256,86,109,-1,-1,77,3,3,FPOS001632,142.5000,2245.8400,2245.8400,1,1,2026-08-24T00:00:00.000
1633,20260712,20260614,47,307,165,58,236,24,10,1,FPOS001633,143.2000,2247.2100,2247.2100,1,1,2026-08-24T00:00:00.000
1634,20260804,20260610,37,14,189,215,328,25,10,5,FPOS001634,143.9000,2248.5800,2248.5800,1,1,2026-08-24T00:00:00.000
1635,20260610,20260610,407,376,319,110,158,84,9,5,FPOS001635,144.6000,2249.9500,2249.9500,1,1,2026-08-24T00:00:00.000
1636,20260617,20260602,460,216,28,278,205,35,2,2,FPOS001636,145.3000,2251.3200,2251.3200,1,1,2026-08-24T00:00:00.000
1637,20260717,20260821,317,303,92,358,234,246,2,3,FPOS001637,146.0000,2252.6900,2252.6900,1,1,2026-08-24T00:00:00.000
1638,20260713,20260804,257,36,230,229,231,408,1,5,FPOS001638,146.7000,2254.0600,2254.0600,1,1,2026-08-24T00:00:00.000
1639,20260812,20260804,120,497,74,352,38,349,10,2,FPOS001639,147.4000,2255.4300,2255.4300,1,1,2026-08-24T00:00:00.000
1640,20260715,20260709,179,452,347,370,166,346,7,4,FPOS001640,148.1000,2256.8000,2256.8000,1,1,2026-08-24T00:00:00.000
1641,20260802,20260621,358,432,61,416,347,7,9,4,FPOS001641,148.8000,2258.1700,2258.1700,1,1,2026-08-24T00:00:00.000
1642,20260729,20260823,492,127,246,115,439,111,3,1,FPOS001642,149.5000,2259.5400,2259.5400,1,1,2026-08-24T00:00:00.000
1643,20260714,20260726,13,103,333,31,141,290,2,1,FPOS001643,150.2000,2260.9100,2260.9100,1,1,2026-08-24T00:00:00.000
1644,20260803,20260821,284,375,2,109,160,213,5,3,FPOS001644,150.9000,2262.2800,2262.2800,1,1,2026-08-24T00:00:00.000
1645,20260729,20260807,439,220,47,205,298,100,5,1,FPOS001645,151.6000,2263.6500,2263.6500,1,1,2026-08-24T00:00:00.000
1646,20260703,20260805,135,98,147,491,31,151,8,1,FPOS001646,152.3000,2265.0200,2265.0200,1,1,2026-08-24T00:00:00.000
1647,20260810,20260726,129,90,316,342,388,124,8,3,FPOS001647,153.0000,2266.3900,2266.3900,1,1,2026-08-24T00:00:00.000
1648,20260801,20260615,314,52,7,304,45,174,4,5,FPOS001648,153.7000,2267.7600,2267.7600,1,1,2026-08-24T00:00:00.000
1649,20260821,20260702,194,333,245,-1,-1,297,2,4,FPOS001649,154.4000,2269.1300,2269.1300,1,1,2026-08-24T00:00:00.000
1650,20260624,20260603,76,410,133,384,227,398,7,3,FPOS001650,155.1000,2270.5000,2270.5000,1,1,2026-08-24T00:00:00.000
1651,20260802,20260623,220,137,156,47,38,358,10,3,FPOS001651,155.8000,2271.8700,2271.8700,1,1,2026-08-24T00:00:00.000
1652,20260604,20260609,348,439,48,424,440,118,7,3,FPOS001652,156.5000,2273.2400,2273.2400,1,1,2026-08-24T00:00:00.000
1653,20260809,20260725,205,10,55,379,82,118,3,4,FPOS001653,157.2000,2274.6100,2274.6100,1,1,2026-08-24T00:00:00.000
1654,20260716,20260620,376,123,78,13,36,99,1,1,FPOS001654,157.9000,2275.9800,2275.9800,1,1,2026-08-24T00:00:00.000
1655,20260611,20260614,411,500,51,140,281,379,9,5,FPOS001655,158.6000,2277.3500,2277.3500,1,1,2026-08-24T00:00:00.000
1656,20260824,20260810,98,15,314,135,471,237,10,4,FPOS001656,159.3000,2278.7200,2278.7200,1,1,2026-08-24T00:00:00.000
1657,20260822,20260723,432,385,301,224,366,207,4,5,FPOS001657,160.0000,2280.0900,2280.0900,1,1,2026-08-24T00:00:00.000
1658,20260821,20260722,377,100,95,435,6,106,3,3,FPOS001658,160.7000,2281.4600,2281.4600,1,1,2026-08-24T00:00:00.000
1659,20260611,20260607,41,30,21,329,485,383,1,3,FPOS001659,161.4000,2282.8300,2282.8300,1,1,2026-08-24T00:00:00.000
1660,20260815,20260806,233,362,291,265,483,447,7,2,FPOS001660,162.1000,2284.2000,2284.2000,1,1,2026-08-24T00:00:00.000
1661,20260709,20260730,420,33,50,448,198,497,3,5,FPOS001661,162.8000,2285.5700,2285.5700,1,1,2026-08-24T00:00:00.000
1662,20260625,20260823,373,458,124,179,226,415,4,5,FPOS001662,163.5000,2286.9400,2286.9400,1,1,2026-08-24T00:00:00.000
1663,20260711,20260609,44,473,124,5,68,406,5,5,FPOS001663,164.2000,2288.3100,2288.3100,1,1,2026-08-24T00:00:00.000
1664,20260721,20260717,329,63,281,14,107,455,6,2,FPOS001664,164.9000,2289.6800,2289.6800,1,1,2026-08-24T00:00:00.000
1665,20260705,20260615,477,48,36,175,29,130,6,5,FPOS001665,165.6000,2291.0500,2291.0500,1,1,2026-08-24T00:00:00.000
1666,20260527,20260626,230,108,42,-1,-1,273,5,2,FPOS001666,166.3000,2292.4200,2292.4200,1,1,2026-08-24T00:00:00.000
1667,20260705,20260708,454,317,317,25,329,66,8,2,FPOS001667,167.0000,2293.7900,2293.7900,1,1,2026-08-24T00:00:00.000
1668,20260814,20260604,234,367,45,10,221,402,7,3,FPOS001668,167.7000,2295.1600,2295.1600,1,1,2026-08-24T00:00:00.000
1669,20260815,20260808,399,360,219,161,229,349,3,4,FPOS001669,168.4000,2296.5300,2296.5300,1,1,2026-08-24T00:00:00.000
1670,20260816,20260815,452,58,324,59,148,88,5,5,FPOS001670,169.1000,2297.9000,2297.9000,1,1,2026-08-24T00:00:00.000
1671,20260814,20260821,20,175,147,58,75,344,10,3,FPOS001671,169.8000,2299.2700,2299.2700,1,1,2026-08-24T00:00:00.000
1672,20260817,20260705,173,336,223,97,96,167,2,2,FPOS001672,170.5000,2300.6400,2300.6400,1,1,2026-08-24T00:00:00.000
1673,20260619,20260615,127,39,270,170,356,327,3,4,FPOS001673,171.2000,2302.0100,2302.0100,1,1,2026-08-24T00:00:00.000
1674,20260722,20260616,106,202,118,499,376,425,7,5,FPOS001674,171.9000,2303.3800,2303.3800,1,1,2026-08-24T00:00:00.000
1675,20260813,20260804,397,110,187,42,395,176,3,1,FPOS001675,172.6000,2304.7500,2304.7500,1,1,2026-08-24T00:00:00.000
1676,20260627,20260603,197,436,4,123,101,139,5,3,FPOS001676,173.3000,2306.1200,2306.1200,1,1,2026-08-24T00:00:00.000
1677,20260822,20260630,373,359,100,18,212,465,2,3,FPOS001677,174.0000,2307.4900,2307.4900,1,1,2026-08-24T00:00:00.000
1678,20260818,20260817,436,278,104,308,296,226,4,5,FPOS001678,174.7000,2308.8600,2308.8600,1,1,2026-08-24T00:00:00.000
1679,20260612,20260531,3,69,31,309,378,41,10,2,FPOS001679,175.4000,2310.2300,2310.2300,1,1,2026-08-24T00:00:00.000
1680,20260731,20260801,389,475,253,60,33,132,8,5,FPOS001680,176.1000,2311.6000,2311.6000,1,1,2026-08-24T00:00:00.000
1681,20260606,20260714,8,371,39,447,76,268,5,4,FPOS001681,176.8000,2312.9700,2312.9700,1,1,2026-08-24T00:00:00.000
1682,20260707,20260804,348,467,152,188,167,139,6,4,FPOS001682,177.5000,2314.3400,2314.3400,1,1,2026-08-24T00:00:00.000
1683,20260703,20260731,426,257,130,-1,-1,80,9,2,FPOS001683,178.2000,2315.7100,2315.7100,1,1,2026-08-24T00:00:00.000
1684,20260730,20260720,159,242,334,148,480,134,1,1,FPOS001684,178.9000,2317.0800,2317.0800,1,1,2026-08-24T00:00:00.000
1685,20260613,20260710,338,393,230,43,461,426,6,2,FPOS001685,179.6000,2318.4500,2318.4500,1,1,2026-08-24T00:00:00.000
1686,20260716,20260630,473,260,245,316,205,428,8,2,FPOS001686,180.3000,2319.8200,2319.8200,1,1,2026-08-24T00:00:00.000
1687,20260730,20260806,243,283,340,355,367,302,7,3,FPOS001687,181.0000,2321.1900,2321.1900,1,1,2026-08-24T00:00:00.000
1688,20260729,20260715,139,128,248,330,341,154,5,1,FPOS001688,181.7000,2322.5600,2322.5600,1,1,2026-08-24T00:00:00.000
1689,20260630,20260719,38,285,56,489,61,107,5,1,FPOS001689,182.4000,2323.9300,2323.9300,1,1,2026-08-24T00:00:00.000
1690,20260708,20260729,412,260,80,196,97,474,3,5,FPOS001690,183.1000,2325.3000,2325.3000,1,1,2026-08-24T00:00:00.000
1691,20260821,20260601,329,456,108,82,300,139,6,5,FPOS001691,183.8000,2326.6700,2326.6700,1,1,2026-08-24T00:00:00.000
1692,20260821,20260530,453,342,193,201,13,288,4,4,FPOS001692,184.5000,2328.0400,2328.0400,1,1,2026-08-24T00:00:00.000
1693,20260703,20260712,238,470,133,222,189,376,2,2,FPOS001693,185.2000,2329.4100,2329.4100,1,1,2026-08-24T00:00:00.000
1694,20260709,20260530,233,130,230,150,108,119,6,5,FPOS001694,185.9000,2330.7800,2330.7800,1,1,2026-08-24T00:00:00.000
1695,20260731,20260529,274,232,216,430,26,154,7,4,FPOS001695,186.6000,2332.1500,2332.1500,1,1,2026-08-24T00:00:00.000
1696,20260529,20260704,60,202,336,459,424,336,7,4,FPOS001696,187.3000,2333.5200,2333.5200,1,1,2026-08-24T00:00:00.000
1697,20260812,20260801,388,313,252,268,480,455,1,2,FPOS001697,188.0000,2334.8900,2334.8900,1,1,2026-08-24T00:00:00.000
1698,20260721,20260618,359,393,240,89,22,99,1,1,FPOS001698,188.7000,2336.2600,2336.2600,1,1,2026-08-24T00:00:00.000
1699,20260708,20260624,208,431,217,391,388,414,4,3,FPOS001699,189.4000,2337.6300,2337.6300,1,1,2026-08-24T00:00:00.000
1700,20260816,20260702,459,389,218,-1,-1,172,10,5,FPOS001700,190.1000,2339.0000,2339.0000,1,1,2026-08-24T00:00:00.000
1701,20260731,20260603,13,28,123,65,437,458,5,5,FPOS001701,190.8000,2340.3700,2340.3700,1,1,2026-08-24T00:00:00.000
1702,20260802,20260604,39,55,168,225,237,39,8,1,FPOS001702,191.5000,2341.7400,2341.7400,1,1,2026-08-24T00:00:00.000
1703,20260808,20260601,174,411,318,261,77,366,8,5,FPOS001703,192.2000,2343.1100,2343.1100,1,1,2026-08-24T00:00:00.000
1704,20260717,20260731,206,286,137,106,203,451,5,1,FPOS001704,192.9000,2344.4800,2344.4800,1,1,2026-08-24T00:00:00.000
1705,20260821,20260702,320,198,301,53,76,310,1,2,FPOS001705,193.6000,2345.8500,2345.8500,1,1,2026-08-24T00:00:00.000
1706,20260810,20260722,206,35,39,181,455,116,2,1,FPOS001706,194.3000,2347.2200,2347.2200,1,1,2026-08-24T00:00:00.000
1707,20260611,20260605,391,379,22,134,260,434,10,5,FPOS001707,195.0000,2348.5900,2348.5900,1,1,2026-08-24T00:00:00.000
1708,20260530,20260617,381,383,236,176,211,98,7,2,FPOS001708,195.7000,2349.9600,2349.9600,1,1,2026-08-24T00:00:00.000
1709,20260818,20260803,75,327,172,272,291,301,3,5,FPOS001709,196.4000,2351.3300,2351.3300,1,1,2026-08-24T00:00:00.000
1710,20260624,20260616,467,291,45,146,186,427,3,3,FPOS001710,197.1000,2352.7000,2352.7000,1,1,2026-08-24T00:00:00.000
1711,20260711,20260729,129,389,239,424,397,73,8,3,FPOS001711,197.8000,2354.0700,2354.0700,1,1,2026-08-24T00:00:00.000
1712,20260706,20260808,278,61,204,408,159,87,8,4,FPOS001712,198.5000,2355.4400,2355.4400,1,1,2026-08-24T00:00:00.000
1713,20260611,20260725,390,14,75,179,95,272,5,5,FPOS001713,199.2000,2356.8100,2356.8100,1,1,2026-08-24T00:00:00.000
1714,20260810,20260810,64,55,67,70,411,483,7,4,FPOS001714,199.9000,2358.1800,2358.1800,1,1,2026-08-24T00:00:00.000
1715,20260613,20260712,253,2,266,252,307,33,2,1,FPOS001715,200.6000,2359.5500,2359.5500,1,1,2026-08-24T00:00:00.000
1716,20260604,20260713,139,42,350,463,205,27,3,2,FPOS001716,201.3000,2360.9200,2360.9200,1,1,2026-08-24T00:00:00.000
1717,20260613,20260624,456,459,335,-1,-1,218,9,3,FPOS001717,202.0000,2362.2900,2362.2900,1,1,2026-08-24T00:00:00.000
1718,20260712,20260723,454,461,17,45,258,86,6,3,FPOS001718,202.7000,2363.6600,2363.6600,1,1,2026-08-24T00:00:00.000
1719,20260704,20260702,268,369,219,440,265,429,8,5,FPOS001719,203.4000,2365.0300,2365.0300,1,1,2026-08-24T00:00:00.000
1720,20260624,20260716,250,232,184,274,493,183,3,2,FPOS001720,204.1000,2366.4000,2366.4000,1,1,2026-08-24T00:00:00.000
1721,20260630,20260630,442,388,202,322,65,476,9,2,FPOS001721,204.8000,2367.7700,2367.7700,1,1,2026-08-24T00:00:00.000
1722,20260724,20260801,206,383,239,375,61,315,7,3,FPOS001722,205.5000,2369.1400,2369.1400,1,1,2026-08-24T00:00:00.000
1723,20260808,20260705,74,341,246,38,74,50,1,4,FPOS001723,206.2000,2370.5100,2370.5100,1,1,2026-08-24T00:00:00.000
1724,20260725,20260703,434,426,276,25,332,480,1,4,FPOS001724,206.9000,2371.8800,2371.8800,1,1,2026-08-24T00:00:00.000
1725,20260819,20260823,248,337,241,378,158,445,9,1,FPOS001725,207.6000,2373.2500,2373.2500,1,1,2026-08-24T00:00:00.000
1726,20260626,20260802,269,498,35,158,100,194,6,2,FPOS001726,208.3000,2374.6200,2374.6200,1,1,2026-08-24T00:00:00.000
1727,20260625,20260808,342,441,132,231,161,198,9,5,FPOS001727,209.0000,2375.9900,2375.9900,1,1,2026-08-24T00:00:00.000
1728,20260723,20260624,48,410,133,128,353,107,5,2,FPOS001728,209.7000,2377.3600,2377.3600,1,1,2026-08-24T00:00:00.000
1729,20260719,20260728,438,77,180,315,318,81,4,1,FPOS001729,210.4000,2378.7300,2378.7300,1,1,2026-08-24T00:00:00.000
1730,20260824,20260812,57,163,127,122,147,175,5,2,FPOS001730,211.1000,2380.1000,2380.1000,1,1,2026-08-24T00:00:00.000
1731,20260624,20260623,260,468,193,357,498,493,9,3,FPOS001731,211.8000,2381.4700,2381.4700,1,1,2026-08-24T00:00:00.000
1732,20260625,20260707,129,227,300,367,258,276,1,4,FPOS001732,212.5000,2382.8400,2382.8400,1,1,2026-08-24T00:00:00.000
1733,20260821,20260816,280,243,87,26,24,389,7,5,FPOS001733,213.2000,2384.2100,2384.2100,1,1,2026-08-24T00:00:00.000
1734,20260611,20260819,37,190,80,-1,-1,166,3,3,FPOS001734,213.9000,2385.5800,2385.5800,1,1,2026-08-24T00:00:00.000
1735,20260820,20260706,483,363,262,429,17,48,3,2,FPOS001735,214.6000,2386.9500,2386.9500,1,1,2026-08-24T00:00:00.000
1736,20260802,20260729,413,46,195,25,111,24,9,4,FPOS001736,215.3000,2388.3200,2388.3200,1,1,2026-08-24T00:00:00.000
1737,20260721,20260529,84,269,245,212,16,217,3,3,FPOS001737,216.0000,2389.6900,2389.6900,1,1,2026-08-24T00:00:00.000
1738,20260727,20260616,446,126,117,276,198,241,8,2,FPOS001738,216.7000,2391.0600,2391.0600,1,1,2026-08-24T00:00:00.000
1739,20260724,20260715,456,361,60,137,124,124,7,4,FPOS001739,217.4000,2392.4300,2392.4300,1,1,2026-08-24T00:00:00.000
1740,20260609,20260814,340,109,147,450,491,29,7,3,FPOS001740,218.1000,2393.8000,2393.8000,1,1,2026-08-24T00:00:00.000
1741,20260528,20260731,108,392,305,411,186,62,7,1,FPOS001741,218.8000,2395.1700,2395.1700,1,1,2026-08-24T00:00:00.000
1742,20260729,20260723,310,87,259,387,472,484,9,2,FPOS001742,219.5000,2396.5400,2396.5400,1,1,2026-08-24T00:00:00.000
1743,20260528,20260805,139,9,187,83,377,326,1,4,FPOS001743,220.2000,2397.9100,2397.9100,1,1,2026-08-24T00:00:00.000
1744,20260810,20260715,203,229,36,393,226,407,2,3,FPOS001744,220.9000,2399.2800,2399.2800,1,1,2026-08-24T00:00:00.000
1745,20260809,20260607,456,66,302,92,304,345,1,1,FPOS001745,221.6000,2400.6500,2400.6500,1,1,2026-08-24T00:00:00.000
1746,20260724,20260711,201,53,70,367,475,367,10,2,FPOS001746,222.3000,2402.0200,2402.0200,1,1,2026-08-24T00:00:00.000
1747,20260609,20260709,6,447,316,292,166,60,9,5,FPOS001747,223.0000,2403.3900,2403.3900,1,1,2026-08-24T00:00:00.000
1748,20260724,20260724,200,81,52,137,35,325,1,2,FPOS001748,223.7000,2404.7600,2404.7600,1,1,2026-08-24T00:00:00.000
1749,20260614,20260718,265,91,340,365,149,264,9,4,FPOS001749,224.4000,2406.1300,2406.1300,1,1,2026-08-24T00:00:00.000
1750,20260628,20260723,15,437,327,29,305,363,1,5,FPOS001750,225.1000,2407.5000,2407.5000,1,1,2026-08-24T00:00:00.000
1751,20260713,20260714,408,302,262,-1,-1,429,5,1,FPOS001751,225.8000,2408.8700,2408.8700,1,1,2026-08-24T00:00:00.000
1752,20260620,20260727,468,432,324,94,301,107,9,5,FPOS001752,226.5000,2410.2400,2410.2400,1,1,2026-08-24T00:00:00.000
1753,20260719,20260723,81,367,313,388,154,42,4,4,FPOS001753,227.2000,2411.6100,2411.6100,1,1,2026-08-24T00:00:00.000
1754,20260721,20260606,191,196,29,124,441,118,6,3,FPOS001754,227.9000,2412.9800,2412.9800,1,1,2026-08-24T00:00:00.000
1755,20260728,20260704,86,181,328,298,341,143,2,2,FPOS001755,228.6000,2414.3500,2414.3500,1,1,2026-08-24T00:00:00.000
1756,20260813,20260528,332,54,317,146,3,482,3,4,FPOS001756,229.3000,2415.7200,2415.7200,1,1,2026-08-24T00:00:00.000
1757,20260710,20260531,289,498,193,438,214,378,1,3,FPOS001757,230.0000,2417.0900,2417.0900,1,1,2026-08-24T00:00:00.000
1758,20260807,20260711,350,35,218,335,89,104,5,4,FPOS001758,230.7000,2418.4600,2418.4600,1,1,2026-08-24T00:00:00.000
1759,20260806,20260723,265,278,48,204,204,467,8,2,FPOS001759,231.4000,2419.8300,2419.8300,1,1,2026-08-24T00:00:00.000
1760,20260630,20260715,65,376,166,111,6,139,9,4,FPOS001760,232.1000,2421.2000,2421.2000,1,1,2026-08-24T00:00:00.000
1761,20260710,20260802,436,474,7,148,337,173,9,3,FPOS001761,232.8000,2422.5700,2422.5700,1,1,2026-08-24T00:00:00.000
1762,20260812,20260714,423,235,244,489,365,349,9,3,FPOS001762,233.5000,2423.9400,2423.9400,1,1,2026-08-24T00:00:00.000
1763,20260824,20260726,374,188,291,89,459,1,9,1,FPOS001763,234.2000,2425.3100,2425.3100,1,1,2026-08-24T00:00:00.000
1764,20260529,20260717,202,194,192,89,428,453,4,2,FPOS001764,234.9000,2426.6800,2426.6800,1,1,2026-08-24T00:00:00.000
1765,20260729,20260711,459,407,256,195,259,488,6,3,FPOS001765,235.6000,2428.0500,2428.0500,1,1,2026-08-24T00:00:00.000
1766,20260814,20260804,373,466,90,473,185,319,6,1,FPOS001766,236.3000,2429.4200,2429.4200,1,1,2026-08-24T00:00:00.000
1767,20260604,20260801,309,275,224,117,267,469,5,2,FPOS001767,237.0000,2430.7900,2430.7900,1,1,2026-08-24T00:00:00.000
1768,20260622,20260824,16,82,171,-1,-1,180,6,5,FPOS001768,237.7000,2432.1600,2432.1600,1,1,2026-08-24T00:00:00.000
1769,20260601,20260714,17,284,178,78,443,283,5,5,FPOS001769,238.4000,2433.5300,2433.5300,1,1,2026-08-24T00:00:00.000
1770,20260601,20260624,136,406,212,46,396,397,5,3,FPOS001770,239.1000,2434.9000,2434.9000,1,1,2026-08-24T00:00:00.000
1771,20260717,20260610,408,419,242,421,10,389,7,4,FPOS001771,239.8000,2436.2700,2436.2700,1,1,2026-08-24T00:00:00.000
1772,20260722,20260819,75,391,155,63,383,440,8,1,FPOS001772,240.5000,2437.6400,2437.6400,1,1,2026-08-24T00:00:00.000
1773,20260527,20260714,360,327,153,249,480,356,10,1,FPOS001773,241.2000,2439.0100,2439.0100,1,1,2026-08-24T00:00:00.000
1774,20260725,20260724,127,35,263,390,191,39,2,4,FPOS001774,241.9000,2440.3800,2440.3800,1,1,2026-08-24T00:00:00.000
1775,20260610,20260626,274,33,261,353,154,480,5,1,FPOS001775,242.6000,2441.7500,2441.7500,1,1,2026-08-24T00:00:00.000
1776,20260725,20260622,128,406,137,320,451,378,3,4,FPOS001776,243.3000,2443.1200,2443.1200,1,1,2026-08-24T00:00:00.000
1777,20260530,20260720,359,102,118,355,383,324,10,2,FPOS001777,244.0000,2444.4900,2444.4900,1,1,2026-08-24T00:00:00.000
1778,20260811,20260719,156,327,137,263,258,156,2,5,FPOS001778,244.7000,2445.8600,2445.8600,1,1,2026-08-24T00:00:00.000
1779,20260602,20260602,165,482,342,161,379,313,4,3,FPOS001779,245.4000,2447.2300,2447.2300,1,1,2026-08-24T00:00:00.000
1780,20260713,20260620,478,149,52,236,32,17,4,5,FPOS001780,246.1000,2448.6000,2448.6000,1,1,2026-08-24T00:00:00.000
1781,20260728,20260626,176,94,74,192,5,226,5,1,FPOS001781,246.8000,2449.9700,2449.9700,1,1,2026-08-24T00:00:00.000
1782,20260720,20260717,53,258,14,424,489,74,7,2,FPOS001782,247.5000,2451.3400,2451.3400,1,1,2026-08-24T00:00:00.000
1783,20260817,20260629,366,262,91,487,47,262,6,1,FPOS001783,248.2000,2452.7100,2452.7100,1,1,2026-08-24T00:00:00.000
1784,20260603,20260712,243,346,53,210,293,466,5,1,FPOS001784,248.9000,2454.0800,2454.0800,1,1,2026-08-24T00:00:00.000
1785,20260716,20260824,306,286,225,-1,-1,380,6,1,FPOS001785,249.6000,2455.4500,2455.4500,1,1,2026-08-24T00:00:00.000
1786,20260616,20260629,170,135,14,344,238,312,10,3,FPOS001786,250.3000,2456.8200,2456.8200,1,1,2026-08-24T00:00:00.000
1787,20260623,20260619,479,328,118,149,88,415,7,5,FPOS001787,251.0000,2458.1900,2458.1900,1,1,2026-08-24T00:00:00.000
1788,20260528,20260626,175,97,124,302,356,346,10,1,FPOS001788,251.7000,2459.5600,2459.5600,1,1,2026-08-24T00:00:00.000
1789,20260627,20260622,414,461,348,170,247,393,5,5,FPOS001789,252.4000,2460.9300,2460.9300,1,1,2026-08-24T00:00:00.000
1790,20260624,20260809,121,418,350,62,221,247,2,2,FPOS001790,253.1000,2462.3000,2462.3000,1,1,2026-08-24T00:00:00.000
1791,20260602,20260813,481,450,69,359,442,473,2,4,FPOS001791,253.8000,2463.6700,2463.6700,1,1,2026-08-24T00:00:00.000
1792,20260614,20260722,372,466,44,227,287,414,2,5,FPOS001792,254.5000,2465.0400,2465.0400,1,1,2026-08-24T00:00:00.000
1793,20260711,20260530,433,205,51,471,145,244,3,2,FPOS001793,255.2000,2466.4100,2466.4100,1,1,2026-08-24T00:00:00.000
1794,20260824,20260721,254,290,143,145,49,434,9,3,FPOS001794,255.9000,2467.7800,2467.7800,1,1,2026-08-24T00:00:00.000
1795,20260724,20260730,180,425,326,153,287,86,5,5,FPOS001795,256.6000,2469.1500,2469.1500,1,1,2026-08-24T00:00:00.000
1796,20260817,20260701,71,225,339,223,249,110,1,4,FPOS001796,257.3000,2470.5200,2470.5200,1,1,2026-08-24T00:00:00.000
1797,20260810,20260731,475,280,208,380,397,106,4,4,FPOS001797,258.0000,2471.8900,2471.8900,1,1,2026-08-24T00:00:00.000
1798,20260718,20260629,347,409,334,483,453,351,2,3,FPOS001798,258.7000,2473.2600,2473.2600,1,1,2026-08-24T00:00:00.000
1799,20260727,20260802,181,5,261,8,104,42,9,3,FPOS001799,259.4000,2474.6300,2474.6300,1,1,2026-08-24T00:00:00.000
1800,20260801,20260822,428,99,152,279,494,496,5,4,FPOS001800,260.1000,2476.0000,2476.0000,1,1,2026-08-24T00:00:00.000
1801,20260617,20260717,238,202,161,11,73,219,8,1,FPOS001801,260.8000,2477.3700,2477.3700,1,1,2026-08-24T00:00:00.000
1802,20260616,20260722,326,165,58,-1,-1,316,5,3,FPOS001802,261.5000,2478.7400,2478.7400,1,1,2026-08-24T00:00:00.000
1803,20260722,20260615,247,232,30,241,143,305,4,3,FPOS001803,262.2000,2480.1100,2480.1100,1,1,2026-08-24T00:00:00.000
1804,20260709,20260623,102,481,61,185,210,82,8,5,FPOS001804,262.9000,2481.4800,2481.4800,1,1,2026-08-24T00:00:00.000
1805,20260626,20260819,68,498,94,203,199,328,8,1,FPOS001805,263.6000,2482.8500,2482.8500,1,1,2026-08-24T00:00:00.000
1806,20260721,20260711,98,361,34,240,96,230,2,1,FPOS001806,264.3000,2484.2200,2484.2200,1,1,2026-08-24T00:00:00.000
1807,20260729,20260626,273,202,182,130,58,115,6,2,FPOS001807,265.0000,2485.5900,2485.5900,1,1,2026-08-24T00:00:00.000
1808,20260718,20260601,214,76,145,437,418,282,6,4,FPOS001808,265.7000,2486.9600,2486.9600,1,1,2026-08-24T00:00:00.000
1809,20260728,20260606,436,311,143,1,407,358,8,5,FPOS001809,266.4000,2488.3300,2488.3300,1,1,2026-08-24T00:00:00.000
1810,20260722,20260718,133,145,337,132,81,313,2,3,FPOS001810,267.1000,2489.7000,2489.7000,1,1,2026-08-24T00:00:00.000
1811,20260712,20260813,311,348,112,329,233,155,1,4,FPOS001811,267.8000,2491.0700,2491.0700,1,1,2026-08-24T00:00:00.000
1812,20260604,20260813,300,187,50,282,401,329,6,3,FPOS001812,268.5000,2492.4400,2492.4400,1,1,2026-08-24T00:00:00.000
1813,20260822,20260710,383,156,81,480,230,402,2,5,FPOS001813,269.2000,2493.8100,2493.8100,1,1,2026-08-24T00:00:00.000
1814,20260617,20260720,323,199,11,80,495,71,2,4,FPOS001814,269.9000,2495.1800,2495.1800,1,1,2026-08-24T00:00:00.000
1815,20260729,20260620,386,364,330,397,178,22,2,3,FPOS001815,270.6000,2496.5500,2496.5500,1,1,2026-08-24T00:00:00.000
1816,20260824,20260614,463,235,70,29,89,104,6,1,FPOS001816,271.3000,2497.9200,2497.9200,1,1,2026-08-24T00:00:00.000
1817,20260701,20260706,400,253,156,466,174,234,1,2,FPOS001817,272.0000,2499.2900,2499.2900,1,1,2026-08-24T00:00:00.000
1818,20260619,20260804,498,47,167,23,298,71,8,1,FPOS001818,272.7000,2500.6600,2500.6600,1,1,2026-08-24T00:00:00.000
1819,20260730,20260812,98,406,26,-1,-1,307,5,5,FPOS001819,273.4000,2502.0300,2502.0300,1,1,2026-08-24T00:00:00.000
1820,20260702,20260808,449,39,167,280,78,151,5,2,FPOS001820,274.1000,2503.4000,2503.4000,1,1,2026-08-24T00:00:00.000
1821,20260620,20260529,160,413,134,383,42,367,9,3,FPOS001821,274.8000,2504.7700,2504.7700,1,1,2026-08-24T00:00:00.000
1822,20260804,20260712,118,318,296,344,292,199,7,3,FPOS001822,275.5000,2506.1400,2506.1400,1,1,2026-08-24T00:00:00.000
1823,20260618,20260715,42,210,12,464,334,77,3,2,FPOS001823,276.2000,2507.5100,2507.5100,1,1,2026-08-24T00:00:00.000
1824,20260630,20260617,31,89,344,78,268,461,9,3,FPOS001824,276.9000,2508.8800,2508.8800,1,1,2026-08-24T00:00:00.000
1825,20260626,20260702,73,324,202,456,31,373,8,3,FPOS001825,277.6000,2510.2500,2510.2500,1,1,2026-08-24T00:00:00.000
1826,20260605,20260715,356,275,36,372,88,99,7,1,FPOS001826,278.3000,2511.6200,2511.6200,1,1,2026-08-24T00:00:00.000
1827,20260615,20260627,112,216,193,300,233,275,8,5,FPOS001827,279.0000,2512.9900,2512.9900,1,1,2026-08-24T00:00:00.000
1828,20260715,20260702,304,264,44,431,6,318,5,1,FPOS001828,279.7000,2514.3600,2514.3600,1,1,2026-08-24T00:00:00.000
1829,20260609,20260715,456,39,144,472,427,165,7,5,FPOS001829,280.4000,2515.7300,2515.7300,1,1,2026-08-24T00:00:00.000
1830,20260717,20260624,287,100,31,276,215,215,1,5,FPOS001830,281.1000,2517.1000,2517.1000,1,1,2026-08-24T00:00:00.000
1831,20260815,20260718,254,26,166,165,340,361,9,3,FPOS001831,281.8000,2518.4700,2518.4700,1,1,2026-08-24T00:00:00.000
1832,20260621,20260612,323,114,259,257,399,81,4,2,FPOS001832,282.5000,2519.8400,2519.8400,1,1,2026-08-24T00:00:00.000
1833,20260619,20260819,351,408,103,16,368,10,4,4,FPOS001833,283.2000,2521.2100,2521.2100,1,1,2026-08-24T00:00:00.000
1834,20260705,20260612,65,87,165,415,33,88,9,2,FPOS001834,283.9000,2522.5800,2522.5800,1,1,2026-08-24T00:00:00.000
1835,20260730,20260622,395,302,290,426,153,318,4,5,FPOS001835,284.6000,2523.9500,2523.9500,1,1,2026-08-24T00:00:00.000
1836,20260818,20260607,486,481,95,-1,-1,34,9,4,FPOS001836,285.3000,2525.3200,2525.3200,1,1,2026-08-24T00:00:00.000
1837,20260805,20260729,321,303,51,499,284,323,1,1,FPOS001837,286.0000,2526.6900,2526.6900,1,1,2026-08-24T00:00:00.000
1838,20260601,20260613,238,135,285,482,6,185,2,2,FPOS001838,286.7000,2528.0600,2528.0600,1,1,2026-08-24T00:00:00.000
1839,20260802,20260603,461,302,314,137,254,333,3,5,FPOS001839,287.4000,2529.4300,2529.4300,1,1,2026-08-24T00:00:00.000
1840,20260607,20260817,278,37,43,220,188,122,9,3,FPOS001840,288.1000,2530.8000,2530.8000,1,1,2026-08-24T00:00:00.000
1841,20260531,20260611,335,475,186,167,38,319,7,2,FPOS001841,288.8000,2532.1700,2532.1700,1,1,2026-08-24T00:00:00.000
1842,20260822,20260707,287,36,241,481,385,457,5,5,FPOS001842,289.5000,2533.5400,2533.5400,1,1,2026-08-24T00:00:00.000
1843,20260626,20260601,66,94,6,446,194,294,8,3,FPOS001843,290.2000,2534.9100,2534.9100,1,1,2026-08-24T00:00:00.000
1844,20260529,20260528,278,475,200,74,394,463,3,5,FPOS001844,290.9000,2536.2800,2536.2800,1,1,2026-08-24T00:00:00.000
1845,20260615,20260820,374,299,278,128,289,39,3,5,FPOS001845,291.6000,2537.6500,2537.6500,1,1,2026-08-24T00:00:00.000
1846,20260713,20260701,197,103,335,117,365,372,9,4,FPOS001846,292.3000,2539.0200,2539.0200,1,1,2026-08-24T00:00:00.000
1847,20260608,20260711,307,308,348,375,355,298,8,2,FPOS001847,293.0000,2540.3900,2540.3900,1,1,2026-08-24T00:00:00.000
1848,20260626,20260616,223,479,81,195,267,340,7,2,FPOS001848,293.7000,2541.7600,2541.7600,1,1,2026-08-24T00:00:00.000
1849,20260818,20260621,280,150,48,427,101,294,6,5,FPOS001849,294.4000,2543.1300,2543.1300,1,1,2026-08-24T00:00:00.000
1850,20260819,20260811,460,151,20,411,118,61,1,1,FPOS001850,295.1000,2544.5000,2544.5000,1,1,2026-08-24T00:00:00.000
1851,20260729,20260718,311,112,125,199,229,2,2,2,FPOS001851,295.8000,2545.8700,2545.8700,1,1,2026-08-24T00:00:00.000
1852,20260711,20260623,258,299,340,61,2,5,1,5,FPOS001852,296.5000,2547.2400,2547.2400,1,1,2026-08-24T00:00:00.000
1853,20260611,20260703,352,18,103,-1,-1,204,10,4,FPOS001853,297.2000,2548.6100,2548.6100,1,1,2026-08-24T00:00:00.000
1854,20260527,20260722,391,312,66,421,188,201,5,4,FPOS001854,297.9000,2549.9800,2549.9800,1,1,2026-08-24T00:00:00.000
1855,20260714,20260721,372,147,50,433,260,85,2,3,FPOS001855,298.6000,2551.3500,2551.3500,1,1,2026-08-24T00:00:00.000
1856,20260527,20260809,245,291,331,89,105,487,2,3,FPOS001856,299.3000,2552.7200,2552.7200,1,1,2026-08-24T00:00:00.000
1857,20260611,20260819,226,172,17,139,151,14,6,2,FPOS001857,300.0000,2554.0900,2554.0900,1,1,2026-08-24T00:00:00.000
1858,20260613,20260619,200,94,48,391,375,333,7,2,FPOS001858,300.7000,2555.4600,2555.4600,1,1,2026-08-24T00:00:00.000
1859,20260701,20260823,89,127,62,104,229,388,8,2,FPOS001859,301.4000,2556.8300,2556.8300,1,1,2026-08-24T00:00:00.000
1860,20260626,20260824,317,171,273,496,186,215,6,2,FPOS001860,302.1000,2558.2000,2558.2000,1,1,2026-08-24T00:00:00.000
1861,20260629,20260708,424,160,2,274,39,325,2,2,FPOS001861,302.8000,2559.5700,2559.5700,1,1,2026-08-24T00:00:00.000
1862,20260813,20260805,191,88,318,324,177,192,3,3,FPOS001862,303.5000,2560.9400,2560.9400,1,1,2026-08-24T00:00:00.000
1863,20260624,20260704,84,411,252,442,250,367,7,3,FPOS001863,304.2000,2562.3100,2562.3100,1,1,2026-08-24T00:00:00.000
1864,20260722,20260802,145,21,212,75,233,484,9,3,FPOS001864,304.9000,2563.6800,2563.6800,1,1,2026-08-24T00:00:00.000
1865,20260602,20260824,141,332,334,442,148,152,3,1,FPOS001865,305.6000,2565.0500,2565.0500,1,1,2026-08-24T00:00:00.000
1866,20260707,20260606,397,27,41,169,42,85,9,1,FPOS001866,306.3000,2566.4200,2566.4200,1,1,2026-08-24T00:00:00.000
1867,20260606,20260615,226,364,14,352,11,372,10,4,FPOS001867,307.0000,2567.7900,2567.7900,1,1,2026-08-24T00:00:00.000
1868,20260615,20260820,407,308,287,219,388,396,2,2,FPOS001868,307.7000,2569.1600,2569.1600,1,1,2026-08-24T00:00:00.000
1869,20260704,20260725,141,47,217,272,107,247,1,2,FPOS001869,308.4000,2570.5300,2570.5300,1,1,2026-08-24T00:00:00.000
1870,20260620,20260609,352,323,88,-1,-1,351,5,2,FPOS001870,309.1000,2571.9000,2571.9000,1,1,2026-08-24T00:00:00.000
1871,20260719,20260813,288,366,262,147,365,486,7,4,FPOS001871,309.8000,2573.2700,2573.2700,1,1,2026-08-24T00:00:00.000
1872,20260810,20260626,448,75,314,476,103,86,3,2,FPOS001872,310.5000,2574.6400,2574.6400,1,1,2026-08-24T00:00:00.000
1873,20260621,20260814,28,475,13,481,55,146,9,5,FPOS001873,311.2000,2576.0100,2576.0100,1,1,2026-08-24T00:00:00.000
1874,20260731,20260811,172,414,298,470,338,414,9,3,FPOS001874,311.9000,2577.3800,2577.3800,1,1,2026-08-24T00:00:00.000
1875,20260717,20260629,11,483,27,411,50,47,6,3,FPOS001875,312.6000,2578.7500,2578.7500,1,1,2026-08-24T00:00:00.000
1876,20260714,20260717,302,147,152,235,357,71,9,3,FPOS001876,313.3000,2580.1200,2580.1200,1,1,2026-08-24T00:00:00.000
1877,20260603,20260818,145,339,234,280,431,362,9,4,FPOS001877,314.0000,2581.4900,2581.4900,1,1,2026-08-24T00:00:00.000
1878,20260711,20260714,148,183,117,263,2,25,8,2,FPOS001878,314.7000,2582.8600,2582.8600,1,1,2026-08-24T00:00:00.000
1879,20260727,20260810,330,342,262,327,367,150,6,5,FPOS001879,315.4000,2584.2300,2584.2300,1,1,2026-08-24T00:00:00.000
1880,20260729,20260610,35,342,45,437,219,236,6,2,FPOS001880,316.1000,2585.6000,2585.6000,1,1,2026-08-24T00:00:00.000
1881,20260815,20260708,496,455,260,493,124,49,7,3,FPOS001881,316.8000,2586.9700,2586.9700,1,1,2026-08-24T00:00:00.000
1882,20260817,20260805,351,23,154,263,24,489,8,5,FPOS001882,317.5000,2588.3400,2588.3400,1,1,2026-08-24T00:00:00.000
1883,20260821,20260704,122,131,40,11,157,436,4,3,FPOS001883,318.2000,2589.7100,2589.7100,1,1,2026-08-24T00:00:00.000
1884,20260819,20260619,251,193,338,450,497,479,6,5,FPOS001884,318.9000,2591.0800,2591.0800,1,1,2026-08-24T00:00:00.000
1885,20260611,20260729,250,437,282,494,289,412,5,4,FPOS001885,319.6000,2592.4500,2592.4500,1,1,2026-08-24T00:00:00.000
1886,20260706,20260628,245,99,205,367,416,315,6,4,FPOS001886,320.3000,2593.8200,2593.8200,1,1,2026-08-24T00:00:00.000
1887,20260804,20260708,458,455,104,-1,-1,54,8,3,FPOS001887,321.0000,2595.1900,2595.1900,1,1,2026-08-24T00:00:00.000
1888,20260624,20260603,477,423,269,124,310,379,9,3,FPOS001888,321.7000,2596.5600,2596.5600,1,1,2026-08-24T00:00:00.000
1889,20260821,20260712,222,146,337,85,112,340,7,2,FPOS001889,322.4000,2597.9300,2597.9300,1,1,2026-08-24T00:00:00.000
1890,20260629,20260725,277,455,46,231,209,17,4,4,FPOS001890,323.1000,2599.3000,2599.3000,1,1,2026-08-24T00:00:00.000
1891,20260721,20260715,186,345,114,132,38,442,5,5,FPOS001891,323.8000,2600.6700,2600.6700,1,1,2026-08-24T00:00:00.000
1892,20260730,20260629,336,10,18,336,224,215,1,3,FPOS001892,324.5000,2602.0400,2602.0400,1,1,2026-08-24T00:00:00.000
1893,20260727,20260606,304,301,58,60,365,304,9,2,FPOS001893,325.2000,2603.4100,2603.4100,1,1,2026-08-24T00:00:00.000
1894,20260607,20260604,408,148,51,328,159,147,6,3,FPOS001894,325.9000,2604.7800,2604.7800,1,1,2026-08-24T00:00:00.000
1895,20260719,20260706,432,293,192,398,251,60,6,1,FPOS001895,326.6000,2606.1500,2606.1500,1,1,2026-08-24T00:00:00.000
1896,20260615,20260527,188,207,112,320,344,292,7,4,FPOS001896,327.3000,2607.5200,2607.5200,1,1,2026-08-24T00:00:00.000
1897,20260728,20260729,231,138,140,462,317,447,2,4,FPOS001897,328.0000,2608.8900,2608.8900,1,1,2026-08-24T00:00:00.000
1898,20260809,20260615,77,68,315,331,312,403,6,2,FPOS001898,328.7000,2610.2600,2610.2600,1,1,2026-08-24T00:00:00.000
1899,20260820,20260815,55,317,189,49,457,159,2,1,FPOS001899,329.4000,2611.6300,2611.6300,1,1,2026-08-24T00:00:00.000
1900,20260529,20260601,412,307,213,380,343,353,7,2,FPOS001900,330.1000,2613.0000,2613.0000,1,1,2026-08-24T00:00:00.000
1901,20260609,20260704,15,306,125,349,47,424,1,3,FPOS001901,330.8000,2614.3700,2614.3700,1,1,2026-08-24T00:00:00.000
1902,20260608,20260807,153,127,47,111,432,192,9,2,FPOS001902,331.5000,2615.7400,2615.7400,1,1,2026-08-24T00:00:00.000
1903,20260728,20260818,242,49,196,429,439,175,9,5,FPOS001903,332.2000,2617.1100,2617.1100,1,1,2026-08-24T00:00:00.000
1904,20260807,20260817,221,345,23,-1,-1,131,10,2,FPOS001904,332.9000,2618.4800,2618.4800,1,1,2026-08-24T00:00:00.000
1905,20260720,20260616,31,226,245,391,46,275,3,1,FPOS001905,333.6000,2619.8500,2619.8500,1,1,2026-08-24T00:00:00.000
1906,20260818,20260704,279,222,230,189,375,388,4,4,FPOS001906,334.3000,2621.2200,2621.2200,1,1,2026-08-24T00:00:00.000
1907,20260727,20260605,66,147,325,411,471,17,9,3,FPOS001907,335.0000,2622.5900,2622.5900,1,1,2026-08-24T00:00:00.000
1908,20260807,20260612,352,230,150,429,209,380,5,2,FPOS001908,335.7000,2623.9600,2623.9600,1,1,2026-08-24T00:00:00.000
1909,20260807,20260619,497,256,85,36,499,218,1,5,FPOS001909,336.4000,2625.3300,2625.3300,1,1,2026-08-24T00:00:00.000
1910,20260715,20260531,376,326,8,55,37,344,5,5,FPOS001910,337.1000,2626.7000,2626.7000,1,1,2026-08-24T00:00:00.000
1911,20260719,20260809,61,121,283,20,261,433,3,4,FPOS001911,337.8000,2628.0700,2628.0700,1,1,2026-08-24T00:00:00.000
1912,20260617,20260722,488,334,19,42,159,368,6,1,FPOS001912,338.5000,2629.4400,2629.4400,1,1,2026-08-24T00:00:00.000
1913,20260729,20260819,95,448,28,261,428,138,2,3,FPOS001913,339.2000,2630.8100,2630.8100,1,1,2026-08-24T00:00:00.000
1914,20260815,20260814,61,468,191,434,356,68,7,3,FPOS001914,339.9000,2632.1800,2632.1800,1,1,2026-08-24T00:00:00.000
1915,20260614,20260821,458,181,190,48,271,376,2,1,FPOS001915,340.6000,2633.5500,2633.5500,1,1,2026-08-24T00:00:00.000
1916,20260714,20260720,412,215,61,208,146,241,4,2,FPOS001916,341.3000,2634.9200,2634.9200,1,1,2026-08-24T00:00:00.000
1917,20260717,20260626,400,164,307,493,99,155,2,1,FPOS001917,342.0000,2636.2900,2636.2900,1,1,2026-08-24T00:00:00.000
1918,20260824,20260709,308,482,161,88,306,285,5,1,FPOS001918,342.7000,2637.6600,2637.6600,1,1,2026-08-24T00:00:00.000
1919,20260818,20260708,362,228,255,364,342,19,3,4,FPOS001919,343.4000,2639.0300,2639.0300,1,1,2026-08-24T00:00:00.000
1920,20260622,20260629,188,253,301,62,65,333,8,2,FPOS001920,344.1000,2640.4000,2640.4000,1,1,2026-08-24T00:00:00.000
1921,20260628,20260621,447,308,109,-1,-1,151,2,5,FPOS001921,344.8000,2641.7700,2641.7700,1,1,2026-08-24T00:00:00.000
1922,20260720,20260811,34,33,303,383,331,485,8,2,FPOS001922,345.5000,2643.1400,2643.1400,1,1,2026-08-24T00:00:00.000
1923,20260701,20260805,160,63,215,111,166,438,10,5,FPOS001923,346.2000,2644.5100,2644.5100,1,1,2026-08-24T00:00:00.000
1924,20260630,20260711,416,239,122,258,438,423,3,3,FPOS001924,346.9000,2645.8800,2645.8800,1,1,2026-08-24T00:00:00.000
1925,20260630,20260817,396,86,208,471,340,17,5,3,FPOS001925,347.6000,2647.2500,2647.2500,1,1,2026-08-24T00:00:00.000
1926,20260711,20260710,72,142,49,62,242,376,3,4,FPOS001926,348.3000,2648.6200,2648.6200,1,1,2026-08-24T00:00:00.000
1927,20260604,20260705,235,278,258,145,496,290,6,5,FPOS001927,349.0000,2649.9900,2649.9900,1,1,2026-08-24T00:00:00.000
1928,20260820,20260706,434,90,339,352,385,282,7,2,FPOS001928,349.7000,2651.3600,2651.3600,1,1,2026-08-24T00:00:00.000
1929,20260603,20260609,37,2,217,12,407,478,6,2,FPOS001929,350.4000,2652.7300,2652.7300,1,1,2026-08-24T00:00:00.000
1930,20260728,20260527,378,422,262,179,160,289,6,1,FPOS001930,351.1000,2654.1000,2654.1000,1,1,2026-08-24T00:00:00.000
1931,20260622,20260802,304,6,288,239,274,44,9,5,FPOS001931,351.8000,2655.4700,2655.4700,1,1,2026-08-24T00:00:00.000
1932,20260722,20260623,58,5,139,185,277,498,9,2,FPOS001932,352.5000,2656.8400,2656.8400,1,1,2026-08-24T00:00:00.000
1933,20260706,20260801,303,335,349,173,47,273,6,5,FPOS001933,353.2000,2658.2100,2658.2100,1,1,2026-08-24T00:00:00.000
1934,20260809,20260823,452,334,337,171,206,411,1,4,FPOS001934,353.9000,2659.5800,2659.5800,1,1,2026-08-24T00:00:00.000
1935,20260709,20260806,311,287,90,22,315,112,1,4,FPOS001935,354.6000,2660.9500,2660.9500,1,1,2026-08-24T00:00:00.000
1936,20260806,20260610,327,69,85,318,427,432,4,3,FPOS001936,355.3000,2662.3200,2662.3200,1,1,2026-08-24T00:00:00.000
1937,20260815,20260816,67,4,258,228,494,69,1,4,FPOS001937,356.0000,2663.6900,2663.6900,1,1,2026-08-24T00:00:00.000
1938,20260720,20260619,408,288,329,-1,-1,305,6,3,FPOS001938,356.7000,2665.0600,2665.0600,1,1,2026-08-24T00:00:00.000
1939,20260630,20260809,385,217,40,42,242,275,7,3,FPOS001939,357.4000,2666.4300,2666.4300,1,1,2026-08-24T00:00:00.000
1940,20260530,20260627,106,159,4,138,126,401,2,5,FPOS001940,358.1000,2667.8000,2667.8000,1,1,2026-08-24T00:00:00.000
1941,20260527,20260630,401,303,226,388,283,108,10,3,FPOS001941,358.8000,2669.1700,2669.1700,1,1,2026-08-24T00:00:00.000
1942,20260715,20260814,195,55,3,294,481,471,7,4,FPOS001942,359.5000,2670.5400,2670.5400,1,1,2026-08-24T00:00:00.000
1943,20260630,20260608,327,466,224,322,202,33,1,3,FPOS001943,360.2000,2671.9100,2671.9100,1,1,2026-08-24T00:00:00.000
1944,20260823,20260817,338,240,227,396,20,118,9,5,FPOS001944,360.9000,2673.2800,2673.2800,1,1,2026-08-24T00:00:00.000
1945,20260605,20260803,209,130,33,261,495,390,2,3,FPOS001945,361.6000,2674.6500,2674.6500,1,1,2026-08-24T00:00:00.000
1946,20260601,20260712,362,424,192,367,137,148,4,3,FPOS001946,362.3000,2676.0200,2676.0200,1,1,2026-08-24T00:00:00.000
1947,20260729,20260531,473,341,246,28,205,378,5,4,FPOS001947,363.0000,2677.3900,2677.3900,1,1,2026-08-24T00:00:00.000
1948,20260822,20260609,481,65,243,293,403,260,7,4,FPOS001948,363.7000,2678.7600,2678.7600,1,1,2026-08-24T00:00:00.000
1949,20260822,20260731,410,90,93,200,434,413,2,5,FPOS001949,364.4000,2680.1300,2680.1300,1,1,2026-08-24T00:00:00.000
1950,20260711,20260801,102,120,349,122,28,72,1,2,FPOS001950,365.1000,2681.5000,2681.5000,1,1,2026-08-24T00:00:00.000
1951,20260727,20260729,34,287,45,453,115,29,9,2,FPOS001951,365.8000,2682.8700,2682.8700,1,1,2026-08-24T00:00:00.000
1952,20260528,20260610,424,131,118,446,251,278,3,3,FPOS001952,366.5000,2684.2400,2684.2400,1,1,2026-08-24T00:00:00.000
1953,20260625,20260527,169,173,275,104,138,115,6,3,FPOS001953,367.2000,2685.6100,2685.6100,1,1,2026-08-24T00:00:00.000
1954,20260610,20260718,114,267,123,346,439,88,6,1,FPOS001954,367.9000,2686.9800,2686.9800,1,1,2026-08-24T00:00:00.000
1955,20260819,20260821,418,315,294,-1,-1,160,3,3,FPOS001955,368.6000,2688.3500,2688.3500,1,1,2026-08-24T00:00:00.000
1956,20260601,20260729,259,149,178,447,137,238,7,4,FPOS001956,369.3000,2689.7200,2689.7200,1,1,2026-08-24T00:00:00.000
1957,20260527,20260729,312,429,233,347,82,392,3,3,FPOS001957,370.0000,2691.0900,2691.0900,1,1,2026-08-24T00:00:00.000
1958,20260812,20260710,299,307,220,244,239,454,10,5,FPOS001958,370.7000,2692.4600,2692.4600,1,1,2026-08-24T00:00:00.000
1959,20260727,20260606,469,464,68,146,403,300,7,5,FPOS001959,371.4000,2693.8300,2693.8300,1,1,2026-08-24T00:00:00.000
1960,20260610,20260810,278,65,31,59,95,161,7,4,FPOS001960,372.1000,2695.2000,2695.2000,1,1,2026-08-24T00:00:00.000
1961,20260720,20260608,32,171,106,263,374,348,3,2,FPOS001961,372.8000,2696.5700,2696.5700,1,1,2026-08-24T00:00:00.000
1962,20260622,20260712,9,312,136,253,269,70,4,2,FPOS001962,373.5000,2697.9400,2697.9400,1,1,2026-08-24T00:00:00.000
1963,20260705,20260821,180,447,181,489,81,397,9,2,FPOS001963,374.2000,2699.3100,2699.3100,1,1,2026-08-24T00:00:00.000
1964,20260628,20260605,214,99,306,156,485,228,4,5,FPOS001964,374.9000,2700.6800,2700.6800,1,1,2026-08-24T00:00:00.000
1965,20260719,20260820,471,167,256,397,418,299,6,1,FPOS001965,375.6000,2702.0500,2702.0500,1,1,2026-08-24T00:00:00.000
1966,20260714,20260718,253,383,328,370,114,59,2,4,FPOS001966,376.3000,2703.4200,2703.4200,1,1,2026-08-24T00:00:00.000
1967,20260607,20260810,95,418,223,96,206,239,6,3,FPOS001967,377.0000,2704.7900,2704.7900,1,1,2026-08-24T00:00:00.000
1968,20260806,20260723,419,125,3,92,196,307,5,2,FPOS001968,377.7000,2706.1600,2706.1600,1,1,2026-08-24T00:00:00.000
1969,20260731,20260810,31,91,67,33,126,349,8,4,FPOS001969,378.4000,2707.5300,2707.5300,1,1,2026-08-24T00:00:00.000
1970,20260720,20260820,286,266,321,413,388,72,8,3,FPOS001970,379.1000,2708.9000,2708.9000,1,1,2026-08-24T00:00:00.000
1971,20260627,20260722,65,417,169,342,172,22,6,4,FPOS001971,379.8000,2710.2700,2710.2700,1,1,2026-08-24T00:00:00.000
1972,20260810,20260815,254,260,122,-1,-1,210,2,5,FPOS001972,380.5000,2711.6400,2711.6400,1,1,2026-08-24T00:00:00.000
1973,20260610,20260729,407,253,299,188,233,467,2,2,FPOS001973,381.2000,2713.0100,2713.0100,1,1,2026-08-24T00:00:00.000
1974,20260824,20260528,359,198,77,316,425,475,1,2,FPOS001974,381.9000,2714.3800,2714.3800,1,1,2026-08-24T00:00:00.000
1975,20260720,20260726,122,334,212,369,467,73,4,5,FPOS001975,382.6000,2715.7500,2715.7500,1,1,2026-08-24T00:00:00.000
1976,20260808,20260713,477,191,321,450,214,430,2,4,FPOS001976,383.3000,2717.1200,2717.1200,1,1,2026-08-24T00:00:00.000
1977,20260805,20260609,13,218,51,404,214,225,7,5,FPOS001977,384.0000,2718.4900,2718.4900,1,1,2026-08-24T00:00:00.000
1978,20260812,20260529,482,393,259,37,189,355,8,4,FPOS001978,384.7000,2719.8600,2719.8600,1,1,2026-08-24T00:00:00.000
1979,20260728,20260715,132,449,79,283,454,374,10,3,FPOS001979,385.4000,2721.2300,2721.2300,1,1,2026-08-24T00:00:00.000
1980,20260623,20260819,80,393,53,344,453,399,7,5,FPOS001980,386.1000,2722.6000,2722.6000,1,1,2026-08-24T00:00:00.000
1981,20260626,20260723,494,113,344,361,381,335,9,2,FPOS001981,386.8000,2723.9700,2723.9700,1,1,2026-08-24T00:00:00.000
1982,20260815,20260606,402,122,350,170,186,242,9,3,FPOS001982,387.5000,2725.3400,2725.3400,1,1,2026-08-24T00:00:00.000
1983,20260703,20260606,243,46,249,338,366,16,3,1,FPOS001983,388.2000,2726.7100,2726.7100,1,1,2026-08-24T00:00:00.000
1984,20260527,20260713,440,71,236,53,270,52,8,2,FPOS001984,388.9000,2728.0800,2728.0800,1,1,2026-08-24T00:00:00.000
1985,20260725,20260602,483,494,123,433,232,478,2,3,FPOS001985,389.6000,2729.4500,2729.4500,1,1,2026-08-24T00:00:00.000
1986,20260813,20260620,220,369,342,273,230,436,10,5,FPOS001986,390.3000,2730.8200,2730.8200,1,1,2026-08-24T00:00:00.000
1987,20260625,20260818,441,479,196,189,415,375,8,4,FPOS001987,391.0000,2732.1900,2732.1900,1,1,2026-08-24T00:00:00.000
1988,20260624,20260729,179,137,111,425,446,405,7,4,FPOS001988,391.7000,2733.5600,2733.5600,1,1,2026-08-24T00:00:00.000
1989,20260621,20260730,482,293,290,-1,-1,474,10,1,FPOS001989,392.4000,2734.9300,2734.9300,1,1,2026-08-24T00:00:00.000
1990,20260628,20260613,121,437,176,130,191,379,8,1,FPOS001990,393.1000,2736.3000,2736.3000,1,1,2026-08-24T00:00:00.000
1991,20260821,20260615,124,250,112,391,353,103,2,5,FPOS001991,393.8000,2737.6700,2737.6700,1,1,2026-08-24T00:00:00.000
1992,20260725,20260727,258,247,186,407,58,227,7,3,FPOS001992,394.5000,2739.0400,2739.0400,1,1,2026-08-24T00:00:00.000
1993,20260627,20260602,125,19,290,347,441,267,6,4,FPOS001993,395.2000,2740.4100,2740.4100,1,1,2026-08-24T00:00:00.000
1994,20260804,20260628,15,187,40,480,353,36,8,1,FPOS001994,395.9000,2741.7800,2741.7800,1,1,2026-08-24T00:00:00.000
1995,20260606,20260622,50,206,42,492,343,220,8,5,FPOS001995,396.6000,2743.1500,2743.1500,1,1,2026-08-24T00:00:00.000
1996,20260609,20260728,19,290,262,76,257,187,10,1,FPOS001996,397.3000,2744.5200,2744.5200,1,1,2026-08-24T00:00:00.000
1997,20260804,20260605,20,29,86,181,445,288,10,2,FPOS001997,398.0000,2745.8900,2745.8900,1,1,2026-08-24T00:00:00.000
1998,20260620,20260608,439,46,130,139,487,487,4,1,FPOS001998,398.7000,2747.2600,2747.2600,1,1,2026-08-24T00:00:00.000
1999,20260707,20260627,198,376,224,105,151,488,7,1,FPOS001999,399.4000,2748.6300,2748.6300,1,1,2026-08-24T00:00:00.000
2000,20260703,20260807,467,438,218,72,238,386,6,3,FPOS002000,400.1000,2750.0000,2750.0000,1,1,2026-08-24T00:00:00.000
2001,20260821,20260527,126,456,51,79,431,441,8,2,FPOS002001,400.8000,2751.3700,2751.3700,1,1,2026-08-24T00:00:00.000
2002,20260629,20260816,234,2,233,289,279,172,5,5,FPOS002002,401.5000,2752.7400,2752.7400,1,1,2026-08-24T00:00:00.000
2003,20260717,20260823,297,314,268,139,188,363,6,3,FPOS002003,402.2000,2754.1100,2754.1100,1,1,2026-08-24T00:00:00.000
2004,20260606,20260701,388,2,135,428,216,139,7,1,FPOS002004,402.9000,2755.4800,2755.4800,1,1,2026-08-24T00:00:00.000
2005,20260814,20260622,335,79,97,140,474,313,3,1,FPOS002005,403.6000,2756.8500,2756.8500,1,1,2026-08-24T00:00:00.000
2006,20260728,20260802,235,188,16,-1,-1,242,3,3,FPOS002006,404.3000,2758.2200,2758.2200,1,1,2026-08-24T00:00:00.000
2007,20260808,20260627,343,246,277,433,486,269,1,4,FPOS002007,405.0000,2759.5900,2759.5900,1,1,2026-08-24T00:00:00.000
2008,20260821,20260712,420,500,179,416,115,219,5,4,FPOS002008,405.7000,2760.9600,2760.9600,1,1,2026-08-24T00:00:00.000
2009,20260805,20260605,9,235,44,276,425,101,8,2,FPOS002009,406.4000,2762.3300,2762.3300,1,1,2026-08-24T00:00:00.000
2010,20260804,20260621,103,301,211,345,33,319,9,5,FPOS002010,407.1000,2763.7000,2763.7000,1,1,2026-08-24T00:00:00.000
2011,20260603,20260621,407,113,337,95,435,306,1,4,FPOS002011,407.8000,2765.0700,2765.0700,1,1,2026-08-24T00:00:00.000
2012,20260705,20260607,205,242,224,457,34,445,8,1,FPOS002012,408.5000,2766.4400,2766.4400,1,1,2026-08-24T00:00:00.000
2013,20260704,20260719,85,21,107,438,431,369,10,4,FPOS002013,409.2000,2767.8100,2767.8100,1,1,2026-08-24T00:00:00.000
2014,20260712,20260621,87,427,221,205,404,299,10,2,FPOS002014,409.9000,2769.1800,2769.1800,1,1,2026-08-24T00:00:00.000
2015,20260808,20260726,224,130,112,435,270,73,6,4,FPOS002015,410.6000,2770.5500,2770.5500,1,1,2026-08-24T00:00:00.000
2016,20260615,20260628,176,88,177,59,303,233,10,4,FPOS002016,411.3000,2771.9200,2771.9200,1,1,2026-08-24T00:00:00.000
2017,20260715,20260628,44,27,203,15,335,282,10,2,FPOS002017,412.0000,2773.2900,2773.2900,1,1,2026-08-24T00:00:00.000
2018,20260813,20260606,465,190,229,421,55,43,10,4,FPOS002018,412.7000,2774.6600,2774.6600,1,1,2026-08-24T00:00:00.000
2019,20260607,20260713,349,111,179,420,120,53,6,2,FPOS002019,413.4000,2776.0300,2776.0300,1,1,2026-08-24T00:00:00.000
2020,20260710,20260623,477,294,89,313,177,500,3,3,FPOS002020,414.1000,2777.4000,2777.4000,1,1,2026-08-24T00:00:00.000
2021,20260721,20260812,267,339,55,63,341,344,7,3,FPOS002021,414.8000,2778.7700,2778.7700,1,1,2026-08-24T00:00:00.000
2022,20260615,20260628,436,65,158,462,141,213,4,4,FPOS002022,415.5000,2780.1400,2780.1400,1,1,2026-08-24T00:00:00.000
2023,20260630,20260719,496,310,145,-1,-1,232,9,3,FPOS002023,416.2000,2781.5100,2781.5100,1,1,2026-08-24T00:00:00.000
2024,20260824,20260706,231,23,105,317,381,79,4,2,FPOS002024,416.9000,2782.8800,2782.8800,1,1,2026-08-24T00:00:00.000
2025,20260804,20260813,483,394,151,231,387,95,1,1,FPOS002025,417.6000,2784.2500,2784.2500,1,1,2026-08-24T00:00:00.000
2026,20260611,20260616,171,440,213,303,49,49,6,1,FPOS002026,418.3000,2785.6200,2785.6200,1,1,2026-08-24T00:00:00.000
2027,20260607,20260817,89,19,58,28,465,375,10,1,FPOS002027,419.0000,2786.9900,2786.9900,1,1,2026-08-24T00:00:00.000
2028,20260612,20260613,131,446,56,324,205,64,6,3,FPOS002028,419.7000,2788.3600,2788.3600,1,1,2026-08-24T00:00:00.000
2029,20260802,20260601,225,47,161,5,127,259,10,2,FPOS002029,420.4000,2789.7300,2789.7300,1,1,2026-08-24T00:00:00.000
2030,20260616,20260720,429,225,156,393,22,205,3,2,FPOS002030,421.1000,2791.1000,2791.1000,1,1,2026-08-24T00:00:00.000
2031,20260623,20260802,43,263,78,296,17,154,3,5,FPOS002031,421.8000,2792.4700,2792.4700,1,1,2026-08-24T00:00:00.000
2032,20260608,20260714,156,188,272,378,388,312,5,1,FPOS002032,422.5000,2793.8400,2793.8400,1,1,2026-08-24T00:00:00.000
2033,20260713,20260608,453,206,236,5,190,325,1,5,FPOS002033,423.2000,2795.2100,2795.2100,1,1,2026-08-24T00:00:00.000
2034,20260711,20260801,152,8,216,435,18,428,3,4,FPOS002034,423.9000,2796.5800,2796.5800,1,1,2026-08-24T00:00:00.000
2035,20260608,20260703,445,452,68,256,435,105,4,1,FPOS002035,424.6000,2797.9500,2797.9500,1,1,2026-08-24T00:00:00.000
2036,20260815,20260603,278,114,4,337,119,13,2,4,FPOS002036,425.3000,2799.3200,2799.3200,1,1,2026-08-24T00:00:00.000
2037,20260626,20260620,406,171,272,470,454,151,7,4,FPOS002037,426.0000,2800.6900,2800.6900,1,1,2026-08-24T00:00:00.000
2038,20260724,20260811,207,177,257,56,406,397,2,2,FPOS002038,426.7000,2802.0600,2802.0600,1,1,2026-08-24T00:00:00.000
2039,20260612,20260711,417,39,56,433,212,279,5,2,FPOS002039,427.4000,2803.4300,2803.4300,1,1,2026-08-24T00:00:00.000
2040,20260706,20260806,70,333,167,-1,-1,430,4,4,FPOS002040,428.1000,2804.8000,2804.8000,1,1,2026-08-24T00:00:00.000
2041,20260710,20260720,1,184,236,482,389,310,6,3,FPOS002041,428.8000,2806.1700,2806.1700,1,1,2026-08-24T00:00:00.000
2042,20260728,20260628,205,73,92,11,478,37,4,2,FPOS002042,429.5000,2807.5400,2807.5400,1,1,2026-08-24T00:00:00.000
2043,20260720,20260815,115,233,164,147,201,401,4,5,FPOS002043,430.2000,2808.9100,2808.9100,1,1,2026-08-24T00:00:00.000
2044,20260821,20260717,53,131,347,489,265,232,9,1,FPOS002044,430.9000,2810.2800,2810.2800,1,1,2026-08-24T00:00:00.000
2045,20260625,20260713,186,496,239,426,144,246,2,1,FPOS002045,431.6000,2811.6500,2811.6500,1,1,2026-08-24T00:00:00.000
2046,20260820,20260709,217,178,50,478,462,154,6,5,FPOS002046,432.3000,2813.0200,2813.0200,1,1,2026-08-24T00:00:00.000
2047,20260711,20260624,300,274,32,105,27,232,4,5,FPOS002047,433.0000,2814.3900,2814.3900,1,1,2026-08-24T00:00:00.000
2048,20260610,20260722,397,203,195,376,357,74,10,5,FPOS002048,433.7000,2815.7600,2815.7600,1,1,2026-08-24T00:00:00.000
2049,20260605,20260806,417,120,23,144,217,359,10,5,FPOS002049,434.4000,2817.1300,2817.1300,1,1,2026-08-24T00:00:00.000
2050,20260803,20260802,83,205,259,308,279,120,9,1,FPOS002050,435.1000,2818.5000,2818.5000,1,1,2026-08-24T00:00:00.000
2051,20260604,20260803,13,161,317,320,42,349,6,4,FPOS002051,435.8000,2819.8700,2819.8700,1,1,2026-08-24T00:00:00.000
2052,20260710,20260713,439,232,271,440,260,350,10,2,FPOS002052,436.5000,2821.2400,2821.2400,1,1,2026-08-24T00:00:00.000
2053,20260614,20260712,10,461,201,352,495,48,4,5,FPOS002053,437.2000,2822.6100,2822.6100,1,1,2026-08-24T00:00:00.000
2054,20260621,20260629,497,343,256,137,451,439,7,3,FPOS002054,437.9000,2823.9800,2823.9800,1,1,2026-08-24T00:00:00.000
2055,20260712,20260618,25,233,286,65,101,154,6,2,FPOS002055,438.6000,2825.3500,2825.3500,1,1,2026-08-24T00:00:00.000
2056,20260730,20260806,152,409,343,102,3,254,5,4,FPOS002056,439.3000,2826.7200,2826.7200,1,1,2026-08-24T00:00:00.000
2057,20260604,20260616,456,247,50,-1,-1,46,7,5,FPOS002057,440.0000,2828.0900,2828.0900,1,1,2026-08-24T00:00:00.000
2058,20260823,20260610,483,397,98,4,167,491,7,5,FPOS002058,440.7000,2829.4600,2829.4600,1,1,2026-08-24T00:00:00.000
2059,20260818,20260707,303,1,61,413,201,30,8,5,FPOS002059,441.4000,2830.8300,2830.8300,1,1,2026-08-24T00:00:00.000
2060,20260809,20260824,331,240,86,161,361,90,1,4,FPOS002060,442.1000,2832.2000,2832.2000,1,1,2026-08-24T00:00:00.000
2061,20260709,20260627,471,312,299,235,80,388,8,3,FPOS002061,442.8000,2833.5700,2833.5700,1,1,2026-08-24T00:00:00.000
2062,20260709,20260727,445,72,23,470,485,252,1,4,FPOS002062,443.5000,2834.9400,2834.9400,1,1,2026-08-24T00:00:00.000
2063,20260605,20260726,120,296,286,273,372,283,9,5,FPOS002063,444.2000,2836.3100,2836.3100,1,1,2026-08-24T00:00:00.000
2064,20260531,20260730,5,66,208,338,450,203,3,2,FPOS002064,444.9000,2837.6800,2837.6800,1,1,2026-08-24T00:00:00.000
2065,20260614,20260721,345,124,39,216,52,485,4,1,FPOS002065,445.6000,2839.0500,2839.0500,1,1,2026-08-24T00:00:00.000
2066,20260609,20260707,336,339,199,4,8,30,8,4,FPOS002066,446.3000,2840.4200,2840.4200,1,1,2026-08-24T00:00:00.000
2067,20260802,20260712,353,242,16,407,317,404,6,5,FPOS002067,447.0000,2841.7900,2841.7900,1,1,2026-08-24T00:00:00.000
2068,20260728,20260616,392,357,334,107,368,486,8,3,FPOS002068,447.7000,2843.1600,2843.1600,1,1,2026-08-24T00:00:00.000
2069,20260819,20260604,355,181,304,171,43,258,10,4,FPOS002069,448.4000,2844.5300,2844.5300,1,1,2026-08-24T00:00:00.000
2070,20260603,20260821,313,6,324,40,252,229,4,2,FPOS002070,449.1000,2845.9000,2845.9000,1,1,2026-08-24T00:00:00.000
2071,20260807,20260612,172,227,231,416,72,361,2,1,FPOS002071,449.8000,2847.2700,2847.2700,1,1,2026-08-24T00:00:00.000
2072,20260811,20260617,483,404,223,459,490,362,5,1,FPOS002072,450.5000,2848.6400,2848.6400,1,1,2026-08-24T00:00:00.000
2073,20260607,20260727,220,60,100,22,429,387,2,3,FPOS002073,451.2000,2850.0100,2850.0100,1,1,2026-08-24T00:00:00.000
2074,20260625,20260816,273,325,299,-1,-1,315,3,5,FPOS002074,451.9000,2851.3800,2851.3800,1,1,2026-08-24T00:00:00.000
2075,20260706,20260715,355,151,307,40,291,144,2,2,FPOS002075,452.6000,2852.7500,2852.7500,1,1,2026-08-24T00:00:00.000
2076,20260527,20260728,251,357,234,26,358,195,8,3,FPOS002076,453.3000,2854.1200,2854.1200,1,1,2026-08-24T00:00:00.000
2077,20260611,20260608,114,34,27,45,254,227,4,1,FPOS002077,454.0000,2855.4900,2855.4900,1,1,2026-08-24T00:00:00.000
2078,20260729,20260702,314,374,43,385,139,462,4,3,FPOS002078,454.7000,2856.8600,2856.8600,1,1,2026-08-24T00:00:00.000
2079,20260810,20260601,151,211,166,212,357,58,4,1,FPOS002079,455.4000,2858.2300,2858.2300,1,1,2026-08-24T00:00:00.000
2080,20260721,20260621,248,264,2,193,158,448,5,2,FPOS002080,456.1000,2859.6000,2859.6000,1,1,2026-08-24T00:00:00.000
2081,20260720,20260712,231,254,227,392,143,331,4,1,FPOS002081,456.8000,2860.9700,2860.9700,1,1,2026-08-24T00:00:00.000
2082,20260721,20260816,341,255,80,100,380,383,5,5,FPOS002082,457.5000,2862.3400,2862.3400,1,1,2026-08-24T00:00:00.000
2083,20260606,20260821,283,244,18,408,431,322,10,1,FPOS002083,458.2000,2863.7100,2863.7100,1,1,2026-08-24T00:00:00.000
2084,20260801,20260607,167,142,54,121,158,12,8,4,FPOS002084,458.9000,2865.0800,2865.0800,1,1,2026-08-24T00:00:00.000
2085,20260610,20260621,256,312,330,493,16,57,7,5,FPOS002085,459.6000,2866.4500,2866.4500,1,1,2026-08-24T00:00:00.000
2086,20260612,20260806,59,81,313,27,267,21,10,5,FPOS002086,460.3000,2867.8200,2867.8200,1,1,2026-08-24T00:00:00.000
2087,20260806,20260804,474,249,244,292,219,197,8,5,FPOS002087,461.0000,2869.1900,2869.1900,1,1,2026-08-24T00:00:00.000
2088,20260721,20260612,358,356,298,401,483,488,6,3,FPOS002088,461.7000,2870.5600,2870.5600,1,1,2026-08-24T00:00:00.000
2089,20260804,20260805,301,254,138,308,39,101,10,4,FPOS002089,462.4000,2871.9300,2871.9300,1,1,2026-08-24T00:00:00.000
2090,20260616,20260605,75,11,38,314,278,237,4,5,FPOS002090,463.1000,2873.3000,2873.3000,1,1,2026-08-24T00:00:00.000
2091,20260723,20260717,1,334,270,-1,-1,408,2,3,FPOS002091,463.8000,2874.6700,2874.6700,1,1,2026-08-24T00:00:00.000
2092,20260601,20260607,118,67,41,269,403,164,9,2,FPOS002092,464.5000,2876.0400,2876.0400,1,1,2026-08-24T00:00:00.000
2093,20260626,20260604,391,261,150,23,124,272,10,2,FPOS002093,465.2000,2877.4100,2877.4100,1,1,2026-08-24T00:00:00.000
2094,20260621,20260824,201,180,258,238,493,141,4,5,FPOS002094,465.9000,2878.7800,2878.7800,1,1,2026-08-24T00:00:00.000
2095,20260805,20260725,402,165,310,183,84,326,10,5,FPOS002095,466.6000,2880.1500,2880.1500,1,1,2026-08-24T00:00:00.000
2096,20260725,20260803,191,170,325,395,490,390,8,1,FPOS002096,467.3000,2881.5200,2881.5200,1,1,2026-08-24T00:00:00.000
2097,20260719,20260527,491,337,70,194,13,221,1,2,FPOS002097,468.0000,2882.8900,2882.8900,1,1,2026-08-24T00:00:00.000
2098,20260616,20260705,179,322,85,196,412,424,3,5,FPOS002098,468.7000,2884.2600,2884.2600,1,1,2026-08-24T00:00:00.000
2099,20260715,20260815,156,349,210,136,72,252,4,1,FPOS002099,469.4000,2885.6300,2885.6300,1,1,2026-08-24T00:00:00.000
2100,20260810,20260716,449,427,252,228,307,298,2,3,FPOS002100,470.1000,2887.0000,2887.0000,1,1,2026-08-24T00:00:00.000
2101,20260529,20260816,40,386,232,124,325,41,8,2,FPOS002101,470.8000,2888.3700,2888.3700,1,1,2026-08-24T00:00:00.000
2102,20260603,20260818,412,175,269,337,93,236,1,3,FPOS002102,471.5000,2889.7400,2889.7400,1,1,2026-08-24T00:00:00.000
2103,20260616,20260628,283,348,187,417,235,19,9,2,FPOS002103,472.2000,2891.1100,2891.1100,1,1,2026-08-24T00:00:00.000
2104,20260725,20260802,345,419,49,272,178,340,10,5,FPOS002104,472.9000,2892.4800,2892.4800,1,1,2026-08-24T00:00:00.000
2105,20260805,20260810,348,12,153,137,147,264,10,2,FPOS002105,473.6000,2893.8500,2893.8500,1,1,2026-08-24T00:00:00.000
2106,20260528,20260613,401,280,123,413,3,460,8,1,FPOS002106,474.3000,2895.2200,2895.2200,1,1,2026-08-24T00:00:00.000
2107,20260813,20260726,104,210,109,448,178,431,10,5,FPOS002107,475.0000,2896.5900,2896.5900,1,1,2026-08-24T00:00:00.000
2108,20260718,20260719,253,470,108,-1,-1,373,3,5,FPOS002108,475.7000,2897.9600,2897.9600,1,1,2026-08-24T00:00:00.000
2109,20260811,20260719,136,400,169,43,157,11,7,2,FPOS002109,476.4000,2899.3300,2899.3300,1,1,2026-08-24T00:00:00.000
2110,20260709,20260629,44,140,319,163,44,425,3,3,FPOS002110,477.1000,2900.7000,2900.7000,1,1,2026-08-24T00:00:00.000
2111,20260608,20260619,178,157,247,66,464,378,8,2,FPOS002111,477.8000,2902.0700,2902.0700,1,1,2026-08-24T00:00:00.000
2112,20260815,20260727,27,183,219,436,500,100,5,4,FPOS002112,478.5000,2903.4400,2903.4400,1,1,2026-08-24T00:00:00.000
2113,20260628,20260804,392,192,32,400,225,286,7,2,FPOS002113,479.2000,2904.8100,2904.8100,1,1,2026-08-24T00:00:00.000
2114,20260621,20260802,312,443,314,15,440,92,1,1,FPOS002114,479.9000,2906.1800,2906.1800,1,1,2026-08-24T00:00:00.000
2115,20260723,20260807,3,250,191,411,142,49,10,2,FPOS002115,480.6000,2907.5500,2907.5500,1,1,2026-08-24T00:00:00.000
2116,20260804,20260812,11,70,220,497,443,54,6,2,FPOS002116,481.3000,2908.9200,2908.9200,1,1,2026-08-24T00:00:00.000
2117,20260805,20260815,282,149,68,336,416,343,7,3,FPOS002117,482.0000,2910.2900,2910.2900,1,1,2026-08-24T00:00:00.000
2118,20260726,20260729,33,349,291,296,279,183,5,3,FPOS002118,482.7000,2911.6600,2911.6600,1,1,2026-08-24T00:00:00.000
2119,20260627,20260608,8,337,268,339,62,109,5,1,FPOS002119,483.4000,2913.0300,2913.0300,1,1,2026-08-24T00:00:00.000
2120,20260715,20260606,283,53,218,304,461,167,2,1,FPOS002120,484.1000,2914.4000,2914.4000,1,1,2026-08-24T00:00:00.000
2121,20260710,20260708,470,165,143,479,83,397,6,1,FPOS002121,484.8000,2915.7700,2915.7700,1,1,2026-08-24T00:00:00.000
2122,20260614,20260617,64,40,270,453,308,215,8,4,FPOS002122,485.5000,2917.1400,2917.1400,1,1,2026-08-24T00:00:00.000
2123,20260618,20260605,168,88,92,334,235,234,5,5,FPOS002123,486.2000,2918.5100,2918.5100,1,1,2026-08-24T00:00:00.000
2124,20260710,20260703,70,361,315,373,165,411,10,5,FPOS002124,486.9000,2919.8800,2919.8800,1,1,2026-08-24T00:00:00.000
2125,20260608,20260622,431,140,218,-1,-1,164,9,4,FPOS002125,487.6000,2921.2500,2921.2500,1,1,2026-08-24T00:00:00.000
2126,20260821,20260714,494,201,80,437,90,407,1,2,FPOS002126,488.3000,2922.6200,2922.6200,1,1,2026-08-24T00:00:00.000
2127,20260709,20260720,216,66,252,308,227,376,8,4,FPOS002127,489.0000,2923.9900,2923.9900,1,1,2026-08-24T00:00:00.000
2128,20260723,20260810,310,44,292,246,456,181,4,2,FPOS002128,489.7000,2925.3600,2925.3600,1,1,2026-08-24T00:00:00.000
2129,20260605,20260528,249,326,202,178,354,51,2,2,FPOS002129,490.4000,2926.7300,2926.7300,1,1,2026-08-24T00:00:00.000
2130,20260808,20260720,383,429,174,362,472,210,4,3,FPOS002130,491.1000,2928.1000,2928.1000,1,1,2026-08-24T00:00:00.000
2131,20260816,20260823,53,15,7,300,180,269,1,2,FPOS002131,491.8000,2929.4700,2929.4700,1,1,2026-08-24T00:00:00.000
2132,20260714,20260619,87,304,187,348,126,121,6,2,FPOS002132,492.5000,2930.8400,2930.8400,1,1,2026-08-24T00:00:00.000
2133,20260816,20260819,357,6,249,500,438,52,10,4,FPOS002133,493.2000,2932.2100,2932.2100,1,1,2026-08-24T00:00:00.000
2134,20260527,20260701,132,262,279,12,86,213,9,3,FPOS002134,493.9000,2933.5800,2933.5800,1,1,2026-08-24T00:00:00.000
2135,20260707,20260806,167,485,13,325,145,492,2,1,FPOS002135,494.6000,2934.9500,2934.9500,1,1,2026-08-24T00:00:00.000
2136,20260710,20260709,201,168,50,483,14,257,10,4,FPOS002136,495.3000,2936.3200,2936.3200,1,1,2026-08-24T00:00:00.000
2137,20260531,20260810,1,476,334,292,370,450,4,4,FPOS002137,496.0000,2937.6900,2937.6900,1,1,2026-08-24T00:00:00.000
2138,20260616,20260809,360,93,109,262,445,65,8,3,FPOS002138,496.7000,2939.0600,2939.0600,1,1,2026-08-24T00:00:00.000
2139,20260710,20260715,198,402,68,125,149,21,6,1,FPOS002139,497.4000,2940.4300,2940.4300,1,1,2026-08-24T00:00:00.000
2140,20260607,20260609,164,157,345,391,466,221,6,2,FPOS002140,498.1000,2941.8000,2941.8000,1,1,2026-08-24T00:00:00.000
2141,20260601,20260624,364,3,36,300,258,416,2,1,FPOS002141,498.8000,2943.1700,2943.1700,1,1,2026-08-24T00:00:00.000
2142,20260626,20260723,163,279,21,-1,-1,389,10,3,FPOS002142,499.5000,2944.5400,2944.5400,1,1,2026-08-24T00:00:00.000
2143,20260702,20260704,415,252,77,49,138,420,2,3,FPOS002143,500.2000,2945.9100,2945.9100,1,1,2026-08-24T00:00:00.000
2144,20260702,20260606,497,368,198,307,261,281,5,4,FPOS002144,500.9000,2947.2800,2947.2800,1,1,2026-08-24T00:00:00.000
2145,20260813,20260609,274,383,179,372,405,18,4,5,FPOS002145,501.6000,2948.6500,2948.6500,1,1,2026-08-24T00:00:00.000
2146,20260607,20260630,408,346,257,346,1,305,2,4,FPOS002146,502.3000,2950.0200,2950.0200,1,1,2026-08-24T00:00:00.000
2147,20260531,20260727,257,315,308,337,285,219,8,1,FPOS002147,503.0000,2951.3900,2951.3900,1,1,2026-08-24T00:00:00.000
2148,20260616,20260619,80,338,225,312,129,311,9,3,FPOS002148,503.7000,2952.7600,2952.7600,1,1,2026-08-24T00:00:00.000
2149,20260707,20260709,311,489,183,384,107,448,9,3,FPOS002149,504.4000,2954.1300,2954.1300,1,1,2026-08-24T00:00:00.000
2150,20260531,20260714,185,408,167,432,419,25,10,3,FPOS002150,505.1000,2955.5000,2955.5000,1,1,2026-08-24T00:00:00.000
2151,20260612,20260819,472,65,273,388,320,291,1,1,FPOS002151,505.8000,2956.8700,2956.8700,1,1,2026-08-24T00:00:00.000
2152,20260824,20260727,148,426,206,213,265,460,2,4,FPOS002152,506.5000,2958.2400,2958.2400,1,1,2026-08-24T00:00:00.000
2153,20260614,20260814,255,461,140,493,189,467,8,5,FPOS002153,507.2000,2959.6100,2959.6100,1,1,2026-08-24T00:00:00.000
2154,20260702,20260817,401,370,183,468,137,224,6,2,FPOS002154,507.9000,2960.9800,2960.9800,1,1,2026-08-24T00:00:00.000
2155,20260720,20260701,425,118,14,488,481,21,9,3,FPOS002155,508.6000,2962.3500,2962.3500,1,1,2026-08-24T00:00:00.000
2156,20260720,20260607,293,192,236,380,80,72,10,2,FPOS002156,509.3000,2963.7200,2963.7200,1,1,2026-08-24T00:00:00.000
2157,20260819,20260624,49,105,192,44,212,6,5,4,FPOS002157,510.0000,2965.0900,2965.0900,1,1,2026-08-24T00:00:00.000
2158,20260530,20260811,115,473,12,254,61,22,10,5,FPOS002158,510.7000,2966.4600,2966.4600,1,1,2026-08-24T00:00:00.000
2159,20260614,20260620,231,264,98,-1,-1,380,2,5,FPOS002159,511.4000,2967.8300,2967.8300,1,1,2026-08-24T00:00:00.000
2160,20260807,20260815,3,23,348,141,460,342,6,5,FPOS002160,512.1000,2969.2000,2969.2000,1,1,2026-08-24T00:00:00.000
2161,20260810,20260720,56,358,86,380,151,101,6,2,FPOS002161,512.8000,2970.5700,2970.5700,1,1,2026-08-24T00:00:00.000
2162,20260809,20260707,62,357,332,337,426,71,4,5,FPOS002162,513.5000,2971.9400,2971.9400,1,1,2026-08-24T00:00:00.000
2163,20260608,20260606,286,150,213,149,162,239,1,4,FPOS002163,514.2000,2973.3100,2973.3100,1,1,2026-08-24T00:00:00.000
2164,20260725,20260625,44,435,255,496,181,352,1,2,FPOS002164,514.9000,2974.6800,2974.6800,1,1,2026-08-24T00:00:00.000
2165,20260702,20260703,211,209,285,454,315,247,7,5,FPOS002165,515.6000,2976.0500,2976.0500,1,1,2026-08-24T00:00:00.000
2166,20260708,20260801,132,30,39,155,45,493,1,1,FPOS002166,516.3000,2977.4200,2977.4200,1,1,2026-08-24T00:00:00.000
2167,20260604,20260527,18,439,232,13,462,23,10,3,FPOS002167,517.0000,2978.7900,2978.7900,1,1,2026-08-24T00:00:00.000
2168,20260531,20260702,293,478,89,155,59,420,5,2,FPOS002168,517.7000,2980.1600,2980.1600,1,1,2026-08-24T00:00:00.000
2169,20260704,20260614,450,481,268,465,298,445,4,5,FPOS002169,518.4000,2981.5300,2981.5300,1,1,2026-08-24T00:00:00.000
2170,20260620,20260820,497,385,132,201,126,483,4,4,FPOS002170,519.1000,2982.9000,2982.9000,1,1,2026-08-24T00:00:00.000
2171,20260727,20260824,339,383,78,480,310,62,1,5,FPOS002171,519.8000,2984.2700,2984.2700,1,1,2026-08-24T00:00:00.000
2172,20260618,20260613,342,4,185,137,24,207,2,4,FPOS002172,520.5000,2985.6400,2985.6400,1,1,2026-08-24T00:00:00.000
2173,20260613,20260703,377,286,45,476,36,321,1,3,FPOS002173,521.2000,2987.0100,2987.0100,1,1,2026-08-24T00:00:00.000
2174,20260813,20260808,153,289,5,26,417,486,3,3,FPOS002174,521.9000,2988.3800,2988.3800,1,1,2026-08-24T00:00:00.000
2175,20260728,20260813,74,272,83,197,94,99,10,4,FPOS002175,522.6000,2989.7500,2989.7500,1,1,2026-08-24T00:00:00.000
2176,20260630,20260710,429,404,105,-1,-1,450,3,5,FPOS002176,523.3000,2991.1200,2991.1200,1,1,2026-08-24T00:00:00.000
2177,20260627,20260807,227,43,8,401,149,234,6,5,FPOS002177,524.0000,2992.4900,2992.4900,1,1,2026-08-24T00:00:00.000
2178,20260801,20260628,408,227,236,217,180,225,4,1,FPOS002178,524.7000,2993.8600,2993.8600,1,1,2026-08-24T00:00:00.000
2179,20260614,20260802,427,109,19,487,140,150,4,3,FPOS002179,525.4000,2995.2300,2995.2300,1,1,2026-08-24T00:00:00.000
2180,20260802,20260611,64,376,279,110,258,248,9,3,FPOS002180,526.1000,2996.6000,2996.6000,1,1,2026-08-24T00:00:00.000
2181,20260610,20260708,432,365,149,209,370,327,3,2,FPOS002181,526.8000,2997.9700,2997.9700,1,1,2026-08-24T00:00:00.000
2182,20260823,20260714,174,153,108,213,103,214,6,2,FPOS002182,527.5000,2999.3400,2999.3400,1,1,2026-08-24T00:00:00.000
2183,20260713,20260802,187,403,306,46,69,122,6,5,FPOS002183,528.2000,3000.7100,3000.7100,1,1,2026-08-24T00:00:00.000
2184,20260612,20260706,337,16,237,57,53,272,2,1,FPOS002184,528.9000,3002.0800,3002.0800,1,1,2026-08-24T00:00:00.000
2185,20260601,20260702,345,254,73,147,116,288,4,2,FPOS002185,529.6000,3003.4500,3003.4500,1,1,2026-08-24T00:00:00.000
2186,20260804,20260809,35,497,278,301,222,97,5,3,FPOS002186,530.3000,3004.8200,3004.8200,1,1,2026-08-24T00:00:00.000
2187,20260801,20260801,29,419,83,206,33,237,3,1,FPOS002187,531.0000,3006.1900,3006.1900,1,1,2026-08-24T00:00:00.000
2188,20260625,20260625,393,438,327,105,210,87,1,1,FPOS002188,531.7000,3007.5600,3007.5600,1,1,2026-08-24T00:00:00.000
2189,20260822,20260818,237,498,278,27,177,265,1,2,FPOS002189,532.4000,3008.9300,3008.9300,1,1,2026-08-24T00:00:00.000
2190,20260718,20260712,415,208,237,431,475,188,6,4,FPOS002190,533.1000,3010.3000,3010.3000,1,1,2026-08-24T00:00:00.000
2191,20260628,20260616,136,378,271,86,249,82,10,3,FPOS002191,533.8000,3011.6700,3011.6700,1,1,2026-08-24T00:00:00.000
2192,20260702,20260812,171,29,101,483,150,79,2,1,FPOS002192,534.5000,3013.0400,3013.0400,1,1,2026-08-24T00:00:00.000
2193,20260619,20260801,297,38,229,-1,-1,305,4,1,FPOS002193,535.2000,3014.4100,3014.4100,1,1,2026-08-24T00:00:00.000
2194,20260619,20260809,438,46,39,435,325,370,5,2,FPOS002194,535.9000,3015.7800,3015.7800,1,1,2026-08-24T00:00:00.000
2195,20260811,20260527,467,199,103,8,439,300,3,5,FPOS002195,536.6000,3017.1500,3017.1500,1,1,2026-08-24T00:00:00.000
2196,20260812,20260724,228,61,65,195,44,456,9,1,FPOS002196,537.3000,3018.5200,3018.5200,1,1,2026-08-24T00:00:00.000
2197,20260725,20260806,162,458,347,57,464,388,10,3,FPOS002197,538.0000,3019.8900,3019.8900,1,1,2026-08-24T00:00:00.000
2198,20260710,20260725,284,8,281,93,231,139,7,2,FPOS002198,538.7000,3021.2600,3021.2600,1,1,2026-08-24T00:00:00.000
2199,20260627,20260618,5,404,267,53,226,116,5,1,FPOS002199,539.4000,3022.6300,3022.6300,1,1,2026-08-24T00:00:00.000
2200,20260701,20260722,344,137,76,427,402,367,10,4,FPOS002200,540.1000,3024.0000,3024.0000,1,1,2026-08-24T00:00:00.000
2201,20260729,20260706,105,447,288,378,484,299,4,1,FPOS002201,540.8000,3025.3700,3025.3700,1,1,2026-08-24T00:00:00.000
2202,20260814,20260728,76,3,12,338,16,255,10,2,FPOS002202,541.5000,3026.7400,3026.7400,1,1,2026-08-24T00:00:00.000
2203,20260710,20260816,440,329,225,224,19,404,4,5,FPOS002203,542.2000,3028.1100,3028.1100,1,1,2026-08-24T00:00:00.000
2204,20260620,20260809,359,466,16,103,257,180,1,3,FPOS002204,542.9000,3029.4800,3029.4800,1,1,2026-08-24T00:00:00.000
2205,20260611,20260529,342,216,246,466,409,319,5,4,FPOS002205,543.6000,3030.8500,3030.8500,1,1,2026-08-24T00:00:00.000
2206,20260603,20260814,192,337,185,256,335,433,6,2,FPOS002206,544.3000,3032.2200,3032.2200,1,1,2026-08-24T00:00:00.000
2207,20260625,20260729,51,153,20,166,460,311,2,4,FPOS002207,545.0000,3033.5900,3033.5900,1,1,2026-08-24T00:00:00.000
2208,20260626,20260709,1,47,300,190,229,378,7,1,FPOS002208,545.7000,3034.9600,3034.9600,1,1,2026-08-24T00:00:00.000
2209,20260527,20260716,294,141,269,458,146,416,5,5,FPOS002209,546.4000,3036.3300,3036.3300,1,1,2026-08-24T00:00:00.000
2210,20260819,20260725,429,35,281,-1,-1,15,1,2,FPOS002210,547.1000,3037.7000,3037.7000,1,1,2026-08-24T00:00:00.000
2211,20260810,20260604,176,292,135,205,421,397,10,3,FPOS002211,547.8000,3039.0700,3039.0700,1,1,2026-08-24T00:00:00.000
2212,20260719,20260530,440,316,19,251,156,232,8,3,FPOS002212,548.5000,3040.4400,3040.4400,1,1,2026-08-24T00:00:00.000
2213,20260802,20260615,327,218,59,319,378,425,8,4,FPOS002213,549.2000,3041.8100,3041.8100,1,1,2026-08-24T00:00:00.000
2214,20260622,20260609,430,398,14,423,478,114,9,4,FPOS002214,549.9000,3043.1800,3043.1800,1,1,2026-08-24T00:00:00.000
2215,20260531,20260531,169,256,228,319,480,473,7,3,FPOS002215,550.6000,3044.5500,3044.5500,1,1,2026-08-24T00:00:00.000
2216,20260630,20260810,189,187,184,202,240,303,10,3,FPOS002216,551.3000,3045.9200,3045.9200,1,1,2026-08-24T00:00:00.000
2217,20260723,20260721,295,457,312,202,97,24,6,5,FPOS002217,552.0000,3047.2900,3047.2900,1,1,2026-08-24T00:00:00.000
2218,20260714,20260712,393,184,206,268,215,393,1,3,FPOS002218,552.7000,3048.6600,3048.6600,1,1,2026-08-24T00:00:00.000
2219,20260630,20260725,82,81,39,362,331,256,6,5,FPOS002219,553.4000,3050.0300,3050.0300,1,1,2026-08-24T00:00:00.000
2220,20260703,20260818,457,102,82,20,147,289,2,4,FPOS002220,554.1000,3051.4000,3051.4000,1,1,2026-08-24T00:00:00.000
2221,20260714,20260725,57,304,243,101,424,228,1,2,FPOS002221,554.8000,3052.7700,3052.7700,1,1,2026-08-24T00:00:00.000
2222,20260623,20260627,194,3,304,347,297,264,4,2,FPOS002222,555.5000,3054.1400,3054.1400,1,1,2026-08-24T00:00:00.000
2223,20260730,20260719,73,44,296,246,209,302,7,3,FPOS002223,556.2000,3055.5100,3055.5100,1,1,2026-08-24T00:00:00.000
2224,20260530,20260613,242,424,94,77,197,376,10,2,FPOS002224,556.9000,3056.8800,3056.8800,1,1,2026-08-24T00:00:00.000
2225,20260712,20260801,26,186,5,242,51,201,5,4,FPOS002225,557.6000,3058.2500,3058.2500,1,1,2026-08-24T00:00:00.000
2226,20260607,20260703,489,70,259,47,242,142,3,3,FPOS002226,558.3000,3059.6200,3059.6200,1,1,2026-08-24T00:00:00.000
2227,20260614,20260808,83,245,234,-1,-1,201,5,2,FPOS002227,559.0000,3060.9900,3060.9900,1,1,2026-08-24T00:00:00.000
2228,20260609,20260619,197,292,258,81,482,389,1,1,FPOS002228,559.7000,3062.3600,3062.3600,1,1,2026-08-24T00:00:00.000
2229,20260728,20260722,153,220,193,384,123,14,6,2,FPOS002229,560.4000,3063.7300,3063.7300,1,1,2026-08-24T00:00:00.000
2230,20260613,20260823,61,428,44,401,134,270,9,1,FPOS002230,561.1000,3065.1000,3065.1000,1,1,2026-08-24T00:00:00.000
2231,20260710,20260804,281,442,107,25,494,58,5,3,FPOS002231,561.8000,3066.4700,3066.4700,1,1,2026-08-24T00:00:00.000
2232,20260725,20260709,295,198,55,145,47,218,9,3,FPOS002232,562.5000,3067.8400,3067.8400,1,1,2026-08-24T00:00:00.000
2233,20260612,20260622,35,337,327,62,162,248,8,1,FPOS002233,563.2000,3069.2100,3069.2100,1,1,2026-08-24T00:00:00.000
2234,20260807,20260715,230,474,159,485,1,6,10,2,FPOS002234,563.9000,3070.5800,3070.5800,1,1,2026-08-24T00:00:00.000
2235,20260702,20260629,326,335,210,174,179,419,9,2,FPOS002235,564.6000,3071.9500,3071.9500,1,1,2026-08-24T00:00:00.000
2236,20260624,20260601,21,416,175,146,202,96,4,5,FPOS002236,565.3000,3073.3200,3073.3200,1,1,2026-08-24T00:00:00.000
2237,20260722,20260705,158,125,294,454,355,166,9,5,FPOS002237,566.0000,3074.6900,3074.6900,1,1,2026-08-24T00:00:00.000
2238,20260609,20260813,500,362,263,80,280,210,9,3,FPOS002238,566.7000,3076.0600,3076.0600,1,1,2026-08-24T00:00:00.000
2239,20260818,20260527,166,471,346,122,120,53,9,2,FPOS002239,567.4000,3077.4300,3077.4300,1,1,2026-08-24T00:00:00.000
2240,20260814,20260820,150,10,7,489,158,162,6,2,FPOS002240,568.1000,3078.8000,3078.8000,1,1,2026-08-24T00:00:00.000
2241,20260819,20260804,290,486,146,361,344,382,8,4,FPOS002241,568.8000,3080.1700,3080.1700,1,1,2026-08-24T00:00:00.000
2242,20260621,20260630,95,387,16,268,428,358,7,5,FPOS002242,569.5000,3081.5400,3081.5400,1,1,2026-08-24T00:00:00.000
2243,20260609,20260816,306,404,43,249,84,354,4,2,FPOS002243,570.2000,3082.9100,3082.9100,1,1,2026-08-24T00:00:00.000
2244,20260530,20260601,299,10,156,-1,-1,315,8,2,FPOS002244,570.9000,3084.2800,3084.2800,1,1,2026-08-24T00:00:00.000
2245,20260805,20260731,335,267,156,376,159,295,8,1,FPOS002245,571.6000,3085.6500,3085.6500,1,1,2026-08-24T00:00:00.000
2246,20260821,20260615,56,106,93,342,51,433,5,1,FPOS002246,572.3000,3087.0200,3087.0200,1,1,2026-08-24T00:00:00.000
2247,20260619,20260801,44,470,304,138,187,346,1,2,FPOS002247,573.0000,3088.3900,3088.3900,1,1,2026-08-24T00:00:00.000
2248,20260708,20260718,27,414,277,347,294,16,9,1,FPOS002248,573.7000,3089.7600,3089.7600,1,1,2026-08-24T00:00:00.000
2249,20260619,20260613,293,347,116,403,332,335,4,4,FPOS002249,574.4000,3091.1300,3091.1300,1,1,2026-08-24T00:00:00.000
2250,20260615,20260707,378,340,94,342,130,476,3,5,FPOS002250,575.1000,3092.5000,3092.5000,1,1,2026-08-24T00:00:00.000
2251,20260626,20260805,146,399,40,53,438,406,2,5,FPOS002251,575.8000,3093.8700,3093.8700,1,1,2026-08-24T00:00:00.000
2252,20260630,20260702,319,152,349,338,179,310,6,1,FPOS002252,576.5000,3095.2400,3095.2400,1,1,2026-08-24T00:00:00.000
2253,20260821,20260705,259,443,263,498,21,70,4,2,FPOS002253,577.2000,3096.6100,3096.6100,1,1,2026-08-24T00:00:00.000
2254,20260715,20260627,287,167,243,172,499,493,5,3,FPOS002254,577.9000,3097.9800,3097.9800,1,1,2026-08-24T00:00:00.000
2255,20260713,20260618,144,8,175,303,234,18,7,3,FPOS002255,578.6000,3099.3500,3099.3500,1,1,2026-08-24T00:00:00.000
2256,20260710,20260720,481,63,8,51,381,119,3,3,FPOS002256,579.3000,3100.7200,3100.7200,1,1,2026-08-24T00:00:00.000
2257,20260711,20260706,78,63,5,27,301,153,9,5,FPOS002257,580.0000,3102.0900,3102.0900,1,1,2026-08-24T00:00:00.000
2258,20260620,20260801,494,286,328,488,346,416,7,1,FPOS002258,580.7000,3103.4600,3103.4600,1,1,2026-08-24T00:00:00.000
2259,20260805,20260609,192,413,22,324,461,374,8,3,FPOS002259,581.4000,3104.8300,3104.8300,1,1,2026-08-24T00:00:00.000
2260,20260712,20260718,439,124,304,67,232,410,9,1,FPOS002260,582.1000,3106.2000,3106.2000,1,1,2026-08-24T00:00:00.000
2261,20260718,20260602,217,272,89,-1,-1,246,9,5,FPOS002261,582.8000,3107.5700,3107.5700,1,1,2026-08-24T00:00:00.000
2262,20260824,20260709,133,133,33,206,195,84,7,2,FPOS002262,583.5000,3108.9400,3108.9400,1,1,2026-08-24T00:00:00.000
2263,20260812,20260823,498,470,59,213,25,223,3,2,FPOS002263,584.2000,3110.3100,3110.3100,1,1,2026-08-24T00:00:00.000
2264,20260618,20260725,292,403,153,174,327,155,9,2,FPOS002264,584.9000,3111.6800,3111.6800,1,1,2026-08-24T00:00:00.000
2265,20260721,20260623,313,381,149,259,496,316,8,3,FPOS002265,585.6000,3113.0500,3113.0500,1,1,2026-08-24T00:00:00.000
2266,20260628,20260626,85,143,209,228,244,40,2,4,FPOS002266,586.3000,3114.4200,3114.4200,1,1,2026-08-24T00:00:00.000
2267,20260806,20260707,323,222,93,469,202,406,10,1,FPOS002267,587.0000,3115.7900,3115.7900,1,1,2026-08-24T00:00:00.000
2268,20260725,20260704,188,331,25,451,61,36,2,2,FPOS002268,587.7000,3117.1600,3117.1600,1,1,2026-08-24T00:00:00.000
2269,20260529,20260806,498,377,73,129,325,460,8,4,FPOS002269,588.4000,3118.5300,3118.5300,1,1,2026-08-24T00:00:00.000
2270,20260630,20260723,231,264,274,91,145,464,6,5,FPOS002270,589.1000,3119.9000,3119.9000,1,1,2026-08-24T00:00:00.000
2271,20260612,20260729,426,14,95,422,227,460,4,1,FPOS002271,589.8000,3121.2700,3121.2700,1,1,2026-08-24T00:00:00.000
2272,20260729,20260615,160,99,146,64,190,290,7,5,FPOS002272,590.5000,3122.6400,3122.6400,1,1,2026-08-24T00:00:00.000
2273,20260601,20260623,382,420,294,9,184,156,4,1,FPOS002273,591.2000,3124.0100,3124.0100,1,1,2026-08-24T00:00:00.000
2274,20260726,20260602,246,357,132,46,475,172,2,2,FPOS002274,591.9000,3125.3800,3125.3800,1,1,2026-08-24T00:00:00.000
2275,20260709,20260808,428,74,252,354,368,357,3,3,FPOS002275,592.6000,3126.7500,3126.7500,1,1,2026-08-24T00:00:00.000
2276,20260716,20260624,279,234,69,148,326,192,2,3,FPOS002276,593.3000,3128.1200,3128.1200,1,1,2026-08-24T00:00:00.000
2277,20260530,20260617,493,448,67,394,471,372,5,3,FPOS002277,594.0000,3129.4900,3129.4900,1,1,2026-08-24T00:00:00.000
2278,20260610,20260815,105,481,168,-1,-1,261,9,2,FPOS002278,594.7000,3130.8600,3130.8600,1,1,2026-08-24T00:00:00.000
2279,20260530,20260726,127,266,65,218,292,415,3,5,FPOS002279,595.4000,3132.2300,3132.2300,1,1,2026-08-24T00:00:00.000
2280,20260601,20260608,26,449,320,344,157,190,5,5,FPOS002280,596.1000,3133.6000,3133.6000,1,1,2026-08-24T00:00:00.000
2281,20260722,20260707,239,366,156,236,186,374,4,2,FPOS002281,596.8000,3134.9700,3134.9700,1,1,2026-08-24T00:00:00.000
2282,20260724,20260715,171,414,33,456,415,219,5,1,FPOS002282,597.5000,3136.3400,3136.3400,1,1,2026-08-24T00:00:00.000
2283,20260815,20260621,373,5,200,440,289,39,9,5,FPOS002283,598.2000,3137.7100,3137.7100,1,1,2026-08-24T00:00:00.000
2284,20260718,20260610,221,330,47,156,74,169,4,2,FPOS002284,598.9000,3139.0800,3139.0800,1,1,2026-08-24T00:00:00.000
2285,20260819,20260617,273,305,328,22,475,96,7,1,FPOS002285,599.6000,3140.4500,3140.4500,1,1,2026-08-24T00:00:00.000
2286,20260709,20260809,50,212,239,193,447,367,5,4,FPOS002286,600.3000,3141.8200,3141.8200,1,1,2026-08-24T00:00:00.000
2287,20260728,20260723,383,44,298,271,164,227,9,4,FPOS002287,601.0000,3143.1900,3143.1900,1,1,2026-08-24T00:00:00.000
2288,20260710,20260806,112,488,66,353,26,1,7,1,FPOS002288,601.7000,3144.5600,3144.5600,1,1,2026-08-24T00:00:00.000
2289,20260626,20260725,284,262,329,98,380,74,8,2,FPOS002289,602.4000,3145.9300,3145.9300,1,1,2026-08-24T00:00:00.000
2290,20260721,20260718,236,80,340,149,69,345,8,4,FPOS002290,603.1000,3147.3000,3147.3000,1,1,2026-08-24T00:00:00.000
2291,20260622,20260815,306,10,177,219,20,64,1,1,FPOS002291,603.8000,3148.6700,3148.6700,1,1,2026-08-24T00:00:00.000
2292,20260818,20260711,5,401,32,175,266,18,6,5,FPOS002292,604.5000,3150.0400,3150.0400,1,1,2026-08-24T00:00:00.000
2293,20260622,20260724,24,83,323,199,424,62,3,1,FPOS002293,605.2000,3151.4100,3151.4100,1,1,2026-08-24T00:00:00.000
2294,20260715,20260614,131,3,99,265,395,489,6,1,FPOS002294,605.9000,3152.7800,3152.7800,1,1,2026-08-24T00:00:00.000
2295,20260603,20260711,175,360,261,-1,-1,315,5,1,FPOS002295,606.6000,3154.1500,3154.1500,1,1,2026-08-24T00:00:00.000
2296,20260817,20260702,494,42,279,13,388,120,2,5,FPOS002296,607.3000,3155.5200,3155.5200,1,1,2026-08-24T00:00:00.000
2297,20260702,20260629,439,395,342,429,438,366,5,3,FPOS002297,608.0000,3156.8900,3156.8900,1,1,2026-08-24T00:00:00.000
2298,20260610,20260815,10,6,96,268,336,312,3,1,FPOS002298,608.7000,3158.2600,3158.2600,1,1,2026-08-24T00:00:00.000
2299,20260612,20260715,111,473,218,46,15,465,6,2,FPOS002299,609.4000,3159.6300,3159.6300,1,1,2026-08-24T00:00:00.000
2300,20260702,20260823,467,407,203,257,382,473,1,3,FPOS002300,610.1000,3161.0000,3161.0000,1,1,2026-08-24T00:00:00.000
2301,20260811,20260723,270,433,171,209,495,414,2,1,FPOS002301,610.8000,3162.3700,3162.3700,1,1,2026-08-24T00:00:00.000
2302,20260628,20260619,226,457,287,301,331,403,4,4,FPOS002302,611.5000,3163.7400,3163.7400,1,1,2026-08-24T00:00:00.000
2303,20260627,20260729,392,395,247,50,451,368,9,1,FPOS002303,612.2000,3165.1100,3165.1100,1,1,2026-08-24T00:00:00.000
2304,20260609,20260609,461,237,161,415,277,260,8,5,FPOS002304,612.9000,3166.4800,3166.4800,1,1,2026-08-24T00:00:00.000
2305,20260701,20260711,497,334,81,466,347,486,8,4,FPOS002305,613.6000,3167.8500,3167.8500,1,1,2026-08-24T00:00:00.000
2306,20260626,20260622,357,252,255,196,250,117,5,2,FPOS002306,614.3000,3169.2200,3169.2200,1,1,2026-08-24T00:00:00.000
2307,20260715,20260801,367,495,4,63,366,319,4,5,FPOS002307,615.0000,3170.5900,3170.5900,1,1,2026-08-24T00:00:00.000
2308,20260820,20260708,265,93,299,498,252,380,9,3,FPOS002308,615.7000,3171.9600,3171.9600,1,1,2026-08-24T00:00:00.000
2309,20260727,20260707,222,392,127,254,490,272,8,5,FPOS002309,616.4000,3173.3300,3173.3300,1,1,2026-08-24T00:00:00.000
2310,20260614,20260728,256,317,5,374,220,416,5,4,FPOS002310,617.1000,3174.7000,3174.7000,1,1,2026-08-24T00:00:00.000
2311,20260805,20260623,308,484,209,431,36,430,2,2,FPOS002311,617.8000,3176.0700,3176.0700,1,1,2026-08-24T00:00:00.000
2312,20260628,20260613,374,452,209,-1,-1,122,3,1,FPOS002312,618.5000,3177.4400,3177.4400,1,1,2026-08-24T00:00:00.000
2313,20260703,20260625,432,358,154,317,212,27,5,4,FPOS002313,619.2000,3178.8100,3178.8100,1,1,2026-08-24T00:00:00.000
2314,20260814,20260616,106,16,138,218,71,428,1,2,FPOS002314,619.9000,3180.1800,3180.1800,1,1,2026-08-24T00:00:00.000
2315,20260707,20260527,341,221,201,61,261,187,8,3,FPOS002315,620.6000,3181.5500,3181.5500,1,1,2026-08-24T00:00:00.000
2316,20260711,20260530,223,179,203,347,379,51,2,5,FPOS002316,621.3000,3182.9200,3182.9200,1,1,2026-08-24T00:00:00.000
2317,20260719,20260529,448,9,305,79,35,486,1,2,FPOS002317,622.0000,3184.2900,3184.2900,1,1,2026-08-24T00:00:00.000
2318,20260721,20260729,33,437,210,223,343,55,2,3,FPOS002318,622.7000,3185.6600,3185.6600,1,1,2026-08-24T00:00:00.000
2319,20260725,20260705,153,488,70,242,396,76,9,3,FPOS002319,623.4000,3187.0300,3187.0300,1,1,2026-08-24T00:00:00.000
2320,20260729,20260618,429,88,177,487,338,173,1,2,FPOS002320,624.1000,3188.4000,3188.4000,1,1,2026-08-24T00:00:00.000
2321,20260819,20260710,434,297,171,331,467,202,7,2,FPOS002321,624.8000,3189.7700,3189.7700,1,1,2026-08-24T00:00:00.000
2322,20260617,20260711,294,159,170,215,482,54,3,2,FPOS002322,625.5000,3191.1400,3191.1400,1,1,2026-08-24T00:00:00.000
2323,20260725,20260724,476,455,49,206,161,426,7,2,FPOS002323,626.2000,3192.5100,3192.5100,1,1,2026-08-24T00:00:00.000
2324,20260731,20260804,295,225,252,81,307,104,4,3,FPOS002324,626.9000,3193.8800,3193.8800,1,1,2026-08-24T00:00:00.000
2325,20260821,20260616,51,42,162,143,77,358,7,1,FPOS002325,627.6000,3195.2500,3195.2500,1,1,2026-08-24T00:00:00.000
2326,20260710,20260821,282,373,9,289,325,121,3,1,FPOS002326,628.3000,3196.6200,3196.6200,1,1,2026-08-24T00:00:00.000
2327,20260801,20260603,215,383,49,309,40,17,4,5,FPOS002327,629.0000,3197.9900,3197.9900,1,1,2026-08-24T00:00:00.000
2328,20260813,20260723,214,113,267,9,312,497,9,4,FPOS002328,629.7000,3199.3600,3199.3600,1,1,2026-08-24T00:00:00.000
2329,20260707,20260808,197,157,59,-1,-1,177,6,2,FPOS002329,630.4000,3200.7300,3200.7300,1,1,2026-08-24T00:00:00.000
2330,20260619,20260803,208,432,249,434,329,55,10,1,FPOS002330,631.1000,3202.1000,3202.1000,1,1,2026-08-24T00:00:00.000
2331,20260711,20260601,370,164,184,186,41,168,5,4,FPOS002331,631.8000,3203.4700,3203.4700,1,1,2026-08-24T00:00:00.000
2332,20260804,20260710,112,329,10,103,94,20,3,5,FPOS002332,632.5000,3204.8400,3204.8400,1,1,2026-08-24T00:00:00.000
2333,20260630,20260705,408,163,299,169,64,59,10,2,FPOS002333,633.2000,3206.2100,3206.2100,1,1,2026-08-24T00:00:00.000
2334,20260612,20260816,338,110,74,142,476,34,3,2,FPOS002334,633.9000,3207.5800,3207.5800,1,1,2026-08-24T00:00:00.000
2335,20260619,20260723,293,115,264,499,298,227,10,4,FPOS002335,634.6000,3208.9500,3208.9500,1,1,2026-08-24T00:00:00.000
2336,20260813,20260622,284,371,136,233,450,282,1,5,FPOS002336,635.3000,3210.3200,3210.3200,1,1,2026-08-24T00:00:00.000
2337,20260813,20260624,62,168,74,285,254,446,10,2,FPOS002337,636.0000,3211.6900,3211.6900,1,1,2026-08-24T00:00:00.000
2338,20260701,20260624,364,337,252,248,460,409,10,5,FPOS002338,636.7000,3213.0600,3213.0600,1,1,2026-08-24T00:00:00.000
2339,20260802,20260730,252,157,346,339,252,364,8,1,FPOS002339,637.4000,3214.4300,3214.4300,1,1,2026-08-24T00:00:00.000
2340,20260815,20260718,72,110,45,498,404,54,3,4,FPOS002340,638.1000,3215.8000,3215.8000,1,1,2026-08-24T00:00:00.000
2341,20260705,20260728,76,44,2,11,25,403,8,4,FPOS002341,638.8000,3217.1700,3217.1700,1,1,2026-08-24T00:00:00.000
2342,20260620,20260617,24,325,304,21,277,363,6,3,FPOS002342,639.5000,3218.5400,3218.5400,1,1,2026-08-24T00:00:00.000
2343,20260617,20260816,159,413,257,144,308,15,1,5,FPOS002343,640.2000,3219.9100,3219.9100,1,1,2026-08-24T00:00:00.000
2344,20260816,20260810,29,402,133,464,105,157,9,1,FPOS002344,640.9000,3221.2800,3221.2800,1,1,2026-08-24T00:00:00.000
2345,20260530,20260719,304,334,185,277,239,425,9,5,FPOS002345,641.6000,3222.6500,3222.6500,1,1,2026-08-24T00:00:00.000
2346,20260604,20260716,264,351,103,-1,-1,327,2,5,FPOS002346,642.3000,3224.0200,3224.0200,1,1,2026-08-24T00:00:00.000
2347,20260729,20260711,304,5,241,46,98,190,2,1,FPOS002347,643.0000,3225.3900,3225.3900,1,1,2026-08-24T00:00:00.000
2348,20260612,20260705,100,361,141,88,488,124,4,4,FPOS002348,643.7000,3226.7600,3226.7600,1,1,2026-08-24T00:00:00.000
2349,20260714,20260601,408,390,91,359,339,402,5,1,FPOS002349,644.4000,3228.1300,3228.1300,1,1,2026-08-24T00:00:00.000
2350,20260703,20260614,485,409,5,358,14,188,8,1,FPOS002350,645.1000,3229.5000,3229.5000,1,1,2026-08-24T00:00:00.000
2351,20260720,20260810,350,35,236,114,32,42,4,3,FPOS002351,645.8000,3230.8700,3230.8700,1,1,2026-08-24T00:00:00.000
2352,20260630,20260809,360,205,140,86,402,472,8,1,FPOS002352,646.5000,3232.2400,3232.2400,1,1,2026-08-24T00:00:00.000
2353,20260609,20260723,237,491,36,376,463,377,5,1,FPOS002353,647.2000,3233.6100,3233.6100,1,1,2026-08-24T00:00:00.000
2354,20260609,20260720,275,193,281,247,230,187,1,4,FPOS002354,647.9000,3234.9800,3234.9800,1,1,2026-08-24T00:00:00.000
2355,20260824,20260618,371,384,80,450,18,59,7,4,FPOS002355,648.6000,3236.3500,3236.3500,1,1,2026-08-24T00:00:00.000
2356,20260531,20260604,487,288,213,196,453,271,5,4,FPOS002356,649.3000,3237.7200,3237.7200,1,1,2026-08-24T00:00:00.000
2357,20260617,20260630,453,3,106,403,415,385,7,5,FPOS002357,650.0000,3239.0900,3239.0900,1,1,2026-08-24T00:00:00.000
2358,20260614,20260625,226,411,304,171,267,377,7,3,FPOS002358,650.7000,3240.4600,3240.4600,1,1,2026-08-24T00:00:00.000
2359,20260805,20260627,222,471,150,287,282,74,7,4,FPOS002359,651.4000,3241.8300,3241.8300,1,1,2026-08-24T00:00:00.000
2360,20260815,20260701,384,205,232,2,418,146,2,5,FPOS002360,652.1000,3243.2000,3243.2000,1,1,2026-08-24T00:00:00.000
2361,20260601,20260821,283,187,193,405,133,396,7,3,FPOS002361,652.8000,3244.5700,3244.5700,1,1,2026-08-24T00:00:00.000
2362,20260615,20260530,295,304,267,76,40,167,8,4,FPOS002362,653.5000,3245.9400,3245.9400,1,1,2026-08-24T00:00:00.000
2363,20260614,20260721,147,56,23,-1,-1,97,2,4,FPOS002363,654.2000,3247.3100,3247.3100,1,1,2026-08-24T00:00:00.000
2364,20260807,20260612,64,5,264,159,374,135,2,5,FPOS002364,654.9000,3248.6800,3248.6800,1,1,2026-08-24T00:00:00.000
2365,20260605,20260805,210,495,347,33,125,465,7,2,FPOS002365,655.6000,3250.0500,3250.0500,1,1,2026-08-24T00:00:00.000
2366,20260708,20260623,233,152,331,364,186,102,1,5,FPOS002366,656.3000,3251.4200,3251.4200,1,1,2026-08-24T00:00:00.000
2367,20260813,20260813,386,230,49,351,352,396,5,1,FPOS002367,657.0000,3252.7900,3252.7900,1,1,2026-08-24T00:00:00.000
2368,20260620,20260802,340,271,138,147,166,459,4,4,FPOS002368,657.7000,3254.1600,3254.1600,1,1,2026-08-24T00:00:00.000
2369,20260809,20260711,330,401,286,157,377,462,4,1,FPOS002369,658.4000,3255.5300,3255.5300,1,1,2026-08-24T00:00:00.000
2370,20260616,20260817,158,87,344,450,290,374,5,1,FPOS002370,659.1000,3256.9000,3256.9000,1,1,2026-08-24T00:00:00.000
2371,20260812,20260601,121,436,271,394,226,5,3,4,FPOS002371,659.8000,3258.2700,3258.2700,1,1,2026-08-24T00:00:00.000
2372,20260602,20260728,295,332,67,464,203,46,7,3,FPOS002372,660.5000,3259.6400,3259.6400,1,1,2026-08-24T00:00:00.000
2373,20260609,20260822,276,190,131,303,418,195,3,4,FPOS002373,661.2000,3261.0100,3261.0100,1,1,2026-08-24T00:00:00.000
2374,20260816,20260713,234,427,38,245,228,52,6,4,FPOS002374,661.9000,3262.3800,3262.3800,1,1,2026-08-24T00:00:00.000
2375,20260819,20260705,257,269,223,325,383,440,9,5,FPOS002375,662.6000,3263.7500,3263.7500,1,1,2026-08-24T00:00:00.000
2376,20260701,20260822,432,273,308,51,301,413,9,3,FPOS002376,663.3000,3265.1200,3265.1200,1,1,2026-08-24T00:00:00.000
2377,20260701,20260614,327,118,110,7,378,466,1,1,FPOS002377,664.0000,3266.4900,3266.4900,1,1,2026-08-24T00:00:00.000
2378,20260623,20260619,40,171,87,362,476,373,2,1,FPOS002378,664.7000,3267.8600,3267.8600,1,1,2026-08-24T00:00:00.000
2379,20260529,20260611,246,209,60,241,217,362,5,5,FPOS002379,665.4000,3269.2300,3269.2300,1,1,2026-08-24T00:00:00.000
2380,20260814,20260625,215,372,253,-1,-1,439,3,5,FPOS002380,666.1000,3270.6000,3270.6000,1,1,2026-08-24T00:00:00.000
2381,20260728,20260706,457,390,180,185,11,74,6,3,FPOS002381,666.8000,3271.9700,3271.9700,1,1,2026-08-24T00:00:00.000
2382,20260809,20260705,428,172,62,153,172,239,4,4,FPOS002382,667.5000,3273.3400,3273.3400,1,1,2026-08-24T00:00:00.000
2383,20260809,20260527,180,287,65,438,128,192,3,4,FPOS002383,668.2000,3274.7100,3274.7100,1,1,2026-08-24T00:00:00.000
2384,20260726,20260610,231,494,304,462,227,474,1,1,FPOS002384,668.9000,3276.0800,3276.0800,1,1,2026-08-24T00:00:00.000
2385,20260731,20260719,320,33,172,92,424,322,2,5,FPOS002385,669.6000,3277.4500,3277.4500,1,1,2026-08-24T00:00:00.000
2386,20260723,20260803,368,432,246,185,251,316,4,2,FPOS002386,670.3000,3278.8200,3278.8200,1,1,2026-08-24T00:00:00.000
2387,20260822,20260623,66,16,98,153,143,59,3,5,FPOS002387,671.0000,3280.1900,3280.1900,1,1,2026-08-24T00:00:00.000
2388,20260717,20260616,464,194,205,84,385,21,8,1,FPOS002388,671.7000,3281.5600,3281.5600,1,1,2026-08-24T00:00:00.000
2389,20260617,20260730,39,348,148,452,434,378,3,2,FPOS002389,672.4000,3282.9300,3282.9300,1,1,2026-08-24T00:00:00.000
2390,20260821,20260627,60,273,282,475,265,106,8,5,FPOS002390,673.1000,3284.3000,3284.3000,1,1,2026-08-24T00:00:00.000
2391,20260804,20260730,487,487,95,66,176,257,5,2,FPOS002391,673.8000,3285.6700,3285.6700,1,1,2026-08-24T00:00:00.000
2392,20260623,20260604,159,150,206,340,105,482,3,4,FPOS002392,674.5000,3287.0400,3287.0400,1,1,2026-08-24T00:00:00.000
2393,20260705,20260809,207,238,262,234,410,183,3,1,FPOS002393,675.2000,3288.4100,3288.4100,1,1,2026-08-24T00:00:00.000
2394,20260604,20260717,39,368,186,220,102,382,9,5,FPOS002394,675.9000,3289.7800,3289.7800,1,1,2026-08-24T00:00:00.000
2395,20260624,20260621,162,96,290,6,240,394,10,3,FPOS002395,676.6000,3291.1500,3291.1500,1,1,2026-08-24T00:00:00.000
2396,20260822,20260814,198,424,16,292,437,421,2,3,FPOS002396,677.3000,3292.5200,3292.5200,1,1,2026-08-24T00:00:00.000
2397,20260808,20260613,196,143,184,-1,-1,75,7,3,FPOS002397,678.0000,3293.8900,3293.8900,1,1,2026-08-24T00:00:00.000
2398,20260704,20260725,153,179,278,251,13,254,9,2,FPOS002398,678.7000,3295.2600,3295.2600,1,1,2026-08-24T00:00:00.000
2399,20260713,20260817,165,67,292,85,311,51,7,1,FPOS002399,679.4000,3296.6300,3296.6300,1,1,2026-08-24T00:00:00.000
2400,20260711,20260728,405,267,139,100,154,478,1,1,FPOS002400,680.1000,3298.0000,3298.0000,1,1,2026-08-24T00:00:00.000
2401,20260703,20260729,465,361,66,412,71,367,7,2,FPOS002401,680.8000,3299.3700,3299.3700,1,1,2026-08-24T00:00:00.000
2402,20260703,20260604,175,404,27,397,323,58,3,5,FPOS002402,681.5000,3300.7400,3300.7400,1,1,2026-08-24T00:00:00.000
2403,20260607,20260705,237,170,21,133,307,97,3,4,FPOS002403,682.2000,3302.1100,3302.1100,1,1,2026-08-24T00:00:00.000
2404,20260609,20260719,294,311,19,48,269,369,2,3,FPOS002404,682.9000,3303.4800,3303.4800,1,1,2026-08-24T00:00:00.000
2405,20260711,20260625,142,126,64,96,466,467,7,5,FPOS002405,683.6000,3304.8500,3304.8500,1,1,2026-08-24T00:00:00.000
2406,20260809,20260715,262,285,40,22,106,385,5,2,FPOS002406,684.3000,3306.2200,3306.2200,1,1,2026-08-24T00:00:00.000
2407,20260726,20260811,100,353,46,247,375,172,1,3,FPOS002407,685.0000,3307.5900,3307.5900,1,1,2026-08-24T00:00:00.000
2408,20260606,20260703,354,462,92,216,359,251,8,4,FPOS002408,685.7000,3308.9600,3308.9600,1,1,2026-08-24T00:00:00.000
2409,20260608,20260612,286,334,154,77,402,23,10,3,FPOS002409,686.4000,3310.3300,3310.3300,1,1,2026-08-24T00:00:00.000
2410,20260614,20260626,17,125,316,37,464,206,9,4,FPOS002410,687.1000,3311.7000,3311.7000,1,1,2026-08-24T00:00:00.000
2411,20260703,20260812,247,221,219,332,301,111,4,2,FPOS002411,687.8000,3313.0700,3313.0700,1,1,2026-08-24T00:00:00.000
2412,20260729,20260624,57,103,71,465,196,434,7,2,FPOS002412,688.5000,3314.4400,3314.4400,1,1,2026-08-24T00:00:00.000
2413,20260601,20260615,376,439,321,176,453,31,9,1,FPOS002413,689.2000,3315.8100,3315.8100,1,1,2026-08-24T00:00:00.000
2414,20260602,20260802,497,241,199,-1,-1,2,5,2,FPOS002414,689.9000,3317.1800,3317.1800,1,1,2026-08-24T00:00:00.000
2415,20260625,20260710,370,222,68,122,437,67,6,5,FPOS002415,690.6000,3318.5500,3318.5500,1,1,2026-08-24T00:00:00.000
2416,20260815,20260606,444,474,1,7,460,309,10,1,FPOS002416,691.3000,3319.9200,3319.9200,1,1,2026-08-24T00:00:00.000
2417,20260715,20260809,12,185,232,78,438,358,4,3,FPOS002417,692.0000,3321.2900,3321.2900,1,1,2026-08-24T00:00:00.000
2418,20260627,20260801,4,141,320,423,184,112,2,1,FPOS002418,692.7000,3322.6600,3322.6600,1,1,2026-08-24T00:00:00.000
2419,20260803,20260623,350,427,54,12,8,229,7,4,FPOS002419,693.4000,3324.0300,3324.0300,1,1,2026-08-24T00:00:00.000
2420,20260527,20260618,426,257,252,406,314,260,1,3,FPOS002420,694.1000,3325.4000,3325.4000,1,1,2026-08-24T00:00:00.000
2421,20260621,20260710,333,102,81,495,430,313,9,2,FPOS002421,694.8000,3326.7700,3326.7700,1,1,2026-08-24T00:00:00.000
2422,20260717,20260728,476,51,349,234,332,370,2,1,FPOS002422,695.5000,3328.1400,3328.1400,1,1,2026-08-24T00:00:00.000
2423,20260721,20260621,466,382,240,287,363,158,5,4,FPOS002423,696.2000,3329.5100,3329.5100,1,1,2026-08-24T00:00:00.000
2424,20260527,20260803,448,150,166,89,447,499,1,3,FPOS002424,696.9000,3330.8800,3330.8800,1,1,2026-08-24T00:00:00.000
2425,20260615,20260607,451,285,73,95,414,218,1,4,FPOS002425,697.6000,3332.2500,3332.2500,1,1,2026-08-24T00:00:00.000
2426,20260715,20260603,245,306,71,310,391,200,7,2,FPOS002426,698.3000,3333.6200,3333.6200,1,1,2026-08-24T00:00:00.000
2427,20260731,20260710,261,426,274,364,261,36,6,3,FPOS002427,699.0000,3334.9900,3334.9900,1,1,2026-08-24T00:00:00.000
2428,20260805,20260824,265,64,1,402,84,3,9,2,FPOS002428,699.7000,3336.3600,3336.3600,1,1,2026-08-24T00:00:00.000
2429,20260731,20260804,181,61,299,415,172,56,4,3,FPOS002429,700.4000,3337.7300,3337.7300,1,1,2026-08-24T00:00:00.000
2430,20260627,20260810,87,402,101,476,189,364,7,5,FPOS002430,701.1000,3339.1000,3339.1000,1,1,2026-08-24T00:00:00.000
2431,20260705,20260721,131,431,224,-1,-1,425,5,2,FPOS002431,701.8000,3340.4700,3340.4700,1,1,2026-08-24T00:00:00.000
2432,20260730,20260702,391,242,322,35,302,56,2,1,FPOS002432,702.5000,3341.8400,3341.8400,1,1,2026-08-24T00:00:00.000
2433,20260820,20260704,41,374,93,319,349,420,4,1,FPOS002433,703.2000,3343.2100,3343.2100,1,1,2026-08-24T00:00:00.000
2434,20260618,20260615,404,132,91,421,202,65,3,3,FPOS002434,703.9000,3344.5800,3344.5800,1,1,2026-08-24T00:00:00.000
2435,20260713,20260821,26,263,236,313,203,136,10,2,FPOS002435,704.6000,3345.9500,3345.9500,1,1,2026-08-24T00:00:00.000
2436,20260531,20260718,451,500,306,431,314,472,1,4,FPOS002436,705.3000,3347.3200,3347.3200,1,1,2026-08-24T00:00:00.000
2437,20260713,20260705,427,454,217,492,227,25,6,1,FPOS002437,706.0000,3348.6900,3348.6900,1,1,2026-08-24T00:00:00.000
2438,20260815,20260527,367,337,153,355,428,445,7,3,FPOS002438,706.7000,3350.0600,3350.0600,1,1,2026-08-24T00:00:00.000
2439,20260618,20260724,172,305,227,267,328,256,6,1,FPOS002439,707.4000,3351.4300,3351.4300,1,1,2026-08-24T00:00:00.000
2440,20260823,20260801,131,458,183,395,345,125,6,3,FPOS002440,708.1000,3352.8000,3352.8000,1,1,2026-08-24T00:00:00.000
2441,20260811,20260707,352,2,279,355,46,47,8,2,FPOS002441,708.8000,3354.1700,3354.1700,1,1,2026-08-24T00:00:00.000
2442,20260625,20260610,336,431,164,308,301,54,8,3,FPOS002442,709.5000,3355.5400,3355.5400,1,1,2026-08-24T00:00:00.000
2443,20260814,20260730,173,328,120,188,363,148,7,1,FPOS002443,710.2000,3356.9100,3356.9100,1,1,2026-08-24T00:00:00.000
2444,20260611,20260615,229,95,333,7,425,398,6,2,FPOS002444,710.9000,3358.2800,3358.2800,1,1,2026-08-24T00:00:00.000
2445,20260802,20260718,432,422,86,113,392,332,2,5,FPOS002445,711.6000,3359.6500,3359.6500,1,1,2026-08-24T00:00:00.000
2446,20260629,20260708,84,243,103,440,123,430,1,5,FPOS002446,712.3000,3361.0200,3361.0200,1,1,2026-08-24T00:00:00.000
2447,20260605,20260605,338,227,333,11,88,384,6,2,FPOS002447,713.0000,3362.3900,3362.3900,1,1,2026-08-24T00:00:00.000
2448,20260530,20260812,399,53,44,-1,-1,133,1,2,FPOS002448,713.7000,3363.7600,3363.7600,1,1,2026-08-24T00:00:00.000
2449,20260527,20260612,109,455,34,76,195,495,2,4,FPOS002449,714.4000,3365.1300,3365.1300,1,1,2026-08-24T00:00:00.000
2450,20260723,20260812,383,484,257,368,462,71,6,5,FPOS002450,715.1000,3366.5000,3366.5000,1,1,2026-08-24T00:00:00.000
2451,20260627,20260804,369,73,343,269,159,395,10,4,FPOS002451,715.8000,3367.8700,3367.8700,1,1,2026-08-24T00:00:00.000
2452,20260630,20260802,223,410,168,16,303,111,2,1,FPOS002452,716.5000,3369.2400,3369.2400,1,1,2026-08-24T00:00:00.000
2453,20260728,20260812,485,405,140,26,473,378,2,5,FPOS002453,717.2000,3370.6100,3370.6100,1,1,2026-08-24T00:00:00.000
2454,20260622,20260809,82,294,232,480,28,222,4,2,FPOS002454,717.9000,3371.9800,3371.9800,1,1,2026-08-24T00:00:00.000
2455,20260818,20260727,80,414,171,265,147,185,6,5,FPOS002455,718.6000,3373.3500,3373.3500,1,1,2026-08-24T00:00:00.000
2456,20260814,20260606,372,338,74,396,359,194,9,2,FPOS002456,719.3000,3374.7200,3374.7200,1,1,2026-08-24T00:00:00.000
2457,20260819,20260604,348,24,59,186,49,85,6,3,FPOS002457,720.0000,3376.0900,3376.0900,1,1,2026-08-24T00:00:00.000
2458,20260603,20260821,228,306,340,445,359,33,7,1,FPOS002458,720.7000,3377.4600,3377.4600,1,1,2026-08-24T00:00:00.000
2459,20260613,20260816,16,264,100,239,232,428,8,3,FPOS002459,721.4000,3378.8300,3378.8300,1,1,2026-08-24T00:00:00.000
2460,20260806,20260604,345,321,210,293,52,429,6,4,FPOS002460,722.1000,3380.2000,3380.2000,1,1,2026-08-24T00:00:00.000
2461,20260803,20260623,331,159,98,172,255,244,4,3,FPOS002461,722.8000,3381.5700,3381.5700,1,1,2026-08-24T00:00:00.000
2462,20260824,20260630,278,275,195,444,303,237,3,4,FPOS002462,723.5000,3382.9400,3382.9400,1,1,2026-08-24T00:00:00.000
2463,20260708,20260723,297,199,11,354,25,241,2,3,FPOS002463,724.2000,3384.3100,3384.3100,1,1,2026-08-24T00:00:00.000
2464,20260717,20260806,352,265,31,495,366,266,9,3,FPOS002464,724.9000,3385.6800,3385.6800,1,1,2026-08-24T00:00:00.000
2465,20260710,20260709,309,10,295,-1,-1,62,4,4,FPOS002465,725.6000,3387.0500,3387.0500,1,1,2026-08-24T00:00:00.000
2466,20260630,20260712,7,206,82,222,6,398,7,4,FPOS002466,726.3000,3388.4200,3388.4200,1,1,2026-08-24T00:00:00.000
2467,20260823,20260602,343,199,77,499,118,440,2,3,FPOS002467,727.0000,3389.7900,3389.7900,1,1,2026-08-24T00:00:00.000
2468,20260610,20260802,75,412,140,168,230,100,9,3,FPOS002468,727.7000,3391.1600,3391.1600,1,1,2026-08-24T00:00:00.000
2469,20260712,20260820,169,413,295,462,438,239,1,1,FPOS002469,728.4000,3392.5300,3392.5300,1,1,2026-08-24T00:00:00.000
2470,20260614,20260701,248,266,110,333,327,131,7,2,FPOS002470,729.1000,3393.9000,3393.9000,1,1,2026-08-24T00:00:00.000
2471,20260805,20260708,52,260,185,496,221,156,8,1,FPOS002471,729.8000,3395.2700,3395.2700,1,1,2026-08-24T00:00:00.000
2472,20260731,20260821,35,464,50,139,361,345,9,2,FPOS002472,730.5000,3396.6400,3396.6400,1,1,2026-08-24T00:00:00.000
2473,20260812,20260723,454,435,211,5,328,367,8,3,FPOS002473,731.2000,3398.0100,3398.0100,1,1,2026-08-24T00:00:00.000
2474,20260724,20260720,405,182,212,327,66,19,10,4,FPOS002474,731.9000,3399.3800,3399.3800,1,1,2026-08-24T00:00:00.000
2475,20260801,20260603,341,87,256,461,291,488,3,3,FPOS002475,732.6000,3400.7500,3400.7500,1,1,2026-08-24T00:00:00.000
2476,20260819,20260629,57,4,7,210,263,88,7,2,FPOS002476,733.3000,3402.1200,3402.1200,1,1,2026-08-24T00:00:00.000
2477,20260706,20260625,306,238,182,244,361,10,10,3,FPOS002477,734.0000,3403.4900,3403.4900,1,1,2026-08-24T00:00:00.000
2478,20260626,20260804,370,12,122,265,406,358,3,2,FPOS002478,734.7000,3404.8600,3404.8600,1,1,2026-08-24T00:00:00.000
2479,20260623,20260728,488,298,336,221,471,10,1,5,FPOS002479,735.4000,3406.2300,3406.2300,1,1,2026-08-24T00:00:00.000
2480,20260710,20260706,393,27,239,464,499,103,8,4,FPOS002480,736.1000,3407.6000,3407.6000,1,1,2026-08-24T00:00:00.000
2481,20260608,20260618,202,474,256,247,75,314,8,2,FPOS002481,736.8000,3408.9700,3408.9700,1,1,2026-08-24T00:00:00.000
2482,20260630,20260707,465,261,237,-1,-1,298,10,4,FPOS002482,737.5000,3410.3400,3410.3400,1,1,2026-08-24T00:00:00.000
2483,20260715,20260601,203,36,268,235,297,359,5,3,FPOS002483,738.2000,3411.7100,3411.7100,1,1,2026-08-24T00:00:00.000
2484,20260729,20260729,496,240,270,65,456,275,2,3,FPOS002484,738.9000,3413.0800,3413.0800,1,1,2026-08-24T00:00:00.000
2485,20260718,20260724,350,314,241,59,197,209,1,3,FPOS002485,739.6000,3414.4500,3414.4500,1,1,2026-08-24T00:00:00.000
2486,20260627,20260727,126,479,164,257,303,374,4,1,FPOS002486,740.3000,3415.8200,3415.8200,1,1,2026-08-24T00:00:00.000
2487,20260807,20260725,367,413,304,220,171,324,2,1,FPOS002487,741.0000,3417.1900,3417.1900,1,1,2026-08-24T00:00:00.000
2488,20260811,20260726,83,419,232,259,135,119,6,5,FPOS002488,741.7000,3418.5600,3418.5600,1,1,2026-08-24T00:00:00.000
2489,20260711,20260730,461,268,239,33,48,384,7,3,FPOS002489,742.4000,3419.9300,3419.9300,1,1,2026-08-24T00:00:00.000
2490,20260702,20260809,255,235,305,442,416,170,9,5,FPOS002490,743.1000,3421.3000,3421.3000,1,1,2026-08-24T00:00:00.000
2491,20260609,20260629,61,193,50,224,91,179,8,1,FPOS002491,743.8000,3422.6700,3422.6700,1,1,2026-08-24T00:00:00.000
2492,20260711,20260731,78,316,86,6,378,289,5,5,FPOS002492,744.5000,3424.0400,3424.0400,1,1,2026-08-24T00:00:00.000
2493,20260808,20260707,493,394,169,59,204,360,8,5,FPOS002493,745.2000,3425.4100,3425.4100,1,1,2026-08-24T00:00:00.000
2494,20260613,20260531,66,264,52,329,264,374,10,4,FPOS002494,745.9000,3426.7800,3426.7800,1,1,2026-08-24T00:00:00.000
2495,20260824,20260608,386,80,87,81,321,104,4,2,FPOS002495,746.6000,3428.1500,3428.1500,1,1,2026-08-24T00:00:00.000
2496,20260527,20260614,252,72,236,274,262,482,8,2,FPOS002496,747.3000,3429.5200,3429.5200,1,1,2026-08-24T00:00:00.000
2497,20260716,20260724,230,158,66,174,110,238,9,1,FPOS002497,748.0000,3430.8900,3430.8900,1,1,2026-08-24T00:00:00.000
2498,20260715,20260816,457,354,59,301,23,298,3,2,FPOS002498,748.7000,3432.2600,3432.2600,1,1,2026-08-24T00:00:00.000
2499,20260813,20260716,455,74,273,-1,-1,28,6,5,FPOS002499,749.4000,3433.6300,3433.6300,1,1,2026-08-24T00:00:00.000
2500,20260530,20260707,376,464,256,30,175,319,5,4,FPOS002500,750.1000,3435.0000,3435.0000,1,1,2026-08-24T00:00:00.000
2501,20260620,20260529,65,313,59,425,76,335,10,1,FPOS002501,750.8000,3436.3700,3436.3700,1,1,2026-08-24T00:00:00.000
2502,20260601,20260627,405,415,181,411,440,354,9,3,FPOS002502,751.5000,3437.7400,3437.7400,1,1,2026-08-24T00:00:00.000
2503,20260615,20260824,436,204,136,132,201,184,7,4,FPOS002503,752.2000,3439.1100,3439.1100,1,1,2026-08-24T00:00:00.000
2504,20260721,20260727,345,157,103,468,64,115,2,2,FPOS002504,752.9000,3440.4800,3440.4800,1,1,2026-08-24T00:00:00.000
2505,20260721,20260805,472,450,194,222,130,227,2,5,FPOS002505,753.6000,3441.8500,3441.8500,1,1,2026-08-24T00:00:00.000
2506,20260813,20260728,284,429,108,372,356,453,9,1,FPOS002506,754.3000,3443.2200,3443.2200,1,1,2026-08-24T00:00:00.000
2507,20260617,20260530,82,301,169,85,290,260,6,1,FPOS002507,755.0000,3444.5900,3444.5900,1,1,2026-08-24T00:00:00.000
2508,20260720,20260809,438,258,27,401,457,224,9,3,FPOS002508,755.7000,3445.9600,3445.9600,1,1,2026-08-24T00:00:00.000
2509,20260815,20260623,2,195,203,151,233,318,10,4,FPOS002509,756.4000,3447.3300,3447.3300,1,1,2026-08-24T00:00:00.000
2510,20260605,20260701,430,109,181,266,67,77,2,5,FPOS002510,757.1000,3448.7000,3448.7000,1,1,2026-08-24T00:00:00.000
2511,20260628,20260610,207,305,66,143,163,407,5,2,FPOS002511,757.8000,3450.0700,3450.0700,1,1,2026-08-24T00:00:00.000
2512,20260630,20260805,243,340,168,261,85,448,2,4,FPOS002512,758.5000,3451.4400,3451.4400,1,1,2026-08-24T00:00:00.000
2513,20260714,20260812,208,262,141,72,379,136,3,5,FPOS002513,759.2000,3452.8100,3452.8100,1,1,2026-08-24T00:00:00.000
2514,20260814,20260822,387,431,334,157,369,154,1,3,FPOS002514,759.9000,3454.1800,3454.1800,1,1,2026-08-24T00:00:00.000
2515,20260725,20260601,105,407,217,48,237,176,1,5,FPOS002515,760.6000,3455.5500,3455.5500,1,1,2026-08-24T00:00:00.000
2516,20260608,20260607,170,470,161,-1,-1,271,4,3,FPOS002516,761.3000,3456.9200,3456.9200,1,1,2026-08-24T00:00:00.000
2517,20260621,20260704,358,144,105,115,100,365,2,5,FPOS002517,762.0000,3458.2900,3458.2900,1,1,2026-08-24T00:00:00.000
2518,20260709,20260704,234,423,260,252,213,260,8,3,FPOS002518,762.7000,3459.6600,3459.6600,1,1,2026-08-24T00:00:00.000
2519,20260806,20260806,272,328,255,146,406,163,3,1,FPOS002519,763.4000,3461.0300,3461.0300,1,1,2026-08-24T00:00:00.000
2520,20260530,20260704,439,447,30,493,114,145,7,4,FPOS002520,764.1000,3462.4000,3462.4000,1,1,2026-08-24T00:00:00.000
2521,20260528,20260702,42,190,202,297,136,127,4,3,FPOS002521,764.8000,3463.7700,3463.7700,1,1,2026-08-24T00:00:00.000
2522,20260722,20260725,229,145,298,496,482,41,3,4,FPOS002522,765.5000,3465.1400,3465.1400,1,1,2026-08-24T00:00:00.000
2523,20260720,20260719,396,213,47,256,81,366,7,5,FPOS002523,766.2000,3466.5100,3466.5100,1,1,2026-08-24T00:00:00.000
2524,20260815,20260709,233,393,252,341,365,478,9,5,FPOS002524,766.9000,3467.8800,3467.8800,1,1,2026-08-24T00:00:00.000
2525,20260805,20260712,219,244,288,213,107,20,10,5,FPOS002525,767.6000,3469.2500,3469.2500,1,1,2026-08-24T00:00:00.000
2526,20260730,20260721,464,320,321,42,240,393,9,5,FPOS002526,768.3000,3470.6200,3470.6200,1,1,2026-08-24T00:00:00.000
2527,20260810,20260728,318,34,280,281,94,198,10,3,FPOS002527,769.0000,3471.9900,3471.9900,1,1,2026-08-24T00:00:00.000
2528,20260723,20260725,289,14,32,402,139,65,9,4,FPOS002528,769.7000,3473.3600,3473.3600,1,1,2026-08-24T00:00:00.000
2529,20260730,20260718,483,366,201,131,220,188,7,3,FPOS002529,770.4000,3474.7300,3474.7300,1,1,2026-08-24T00:00:00.000
2530,20260813,20260810,270,181,151,53,169,170,9,5,FPOS002530,771.1000,3476.1000,3476.1000,1,1,2026-08-24T00:00:00.000
2531,20260824,20260820,250,476,237,328,115,64,4,1,FPOS002531,771.8000,3477.4700,3477.4700,1,1,2026-08-24T00:00:00.000
2532,20260728,20260813,493,466,9,64,208,16,2,2,FPOS002532,772.5000,3478.8400,3478.8400,1,1,2026-08-24T00:00:00.000
2533,20260723,20260629,4,203,50,-1,-1,54,7,1,FPOS002533,773.2000,3480.2100,3480.2100,1,1,2026-08-24T00:00:00.000
2534,20260823,20260619,355,305,50,432,71,40,6,3,FPOS002534,773.9000,3481.5800,3481.5800,1,1,2026-08-24T00:00:00.000
2535,20260529,20260621,301,347,185,125,273,138,7,5,FPOS002535,774.6000,3482.9500,3482.9500,1,1,2026-08-24T00:00:00.000
2536,20260811,20260727,417,485,239,72,297,141,10,5,FPOS002536,775.3000,3484.3200,3484.3200,1,1,2026-08-24T00:00:00.000
2537,20260801,20260609,26,311,67,495,220,474,9,3,FPOS002537,776.0000,3485.6900,3485.6900,1,1,2026-08-24T00:00:00.000
2538,20260816,20260810,215,234,76,416,62,151,3,5,FPOS002538,776.7000,3487.0600,3487.0600,1,1,2026-08-24T00:00:00.000
2539,20260823,20260701,89,419,252,94,164,114,8,5,FPOS002539,777.4000,3488.4300,3488.4300,1,1,2026-08-24T00:00:00.000
2540,20260717,20260612,346,316,307,401,82,368,7,3,FPOS002540,778.1000,3489.8000,3489.8000,1,1,2026-08-24T00:00:00.000
2541,20260819,20260804,27,197,293,311,39,155,2,3,FPOS002541,778.8000,3491.1700,3491.1700,1,1,2026-08-24T00:00:00.000
2542,20260709,20260603,312,411,33,289,38,304,1,1,FPOS002542,779.5000,3492.5400,3492.5400,1,1,2026-08-24T00:00:00.000
2543,20260714,20260706,183,357,211,67,81,72,9,2,FPOS002543,780.2000,3493.9100,3493.9100,1,1,2026-08-24T00:00:00.000
2544,20260717,20260617,117,153,188,20,121,377,9,3,FPOS002544,780.9000,3495.2800,3495.2800,1,1,2026-08-24T00:00:00.000
2545,20260704,20260807,336,416,136,123,308,149,2,1,FPOS002545,781.6000,3496.6500,3496.6500,1,1,2026-08-24T00:00:00.000
2546,20260822,20260723,55,4,27,312,12,53,6,5,FPOS002546,782.3000,3498.0200,3498.0200,1,1,2026-08-24T00:00:00.000
2547,20260821,20260810,421,477,219,254,304,53,8,4,FPOS002547,783.0000,3499.3900,3499.3900,1,1,2026-08-24T00:00:00.000
2548,20260719,20260730,221,386,100,8,309,111,10,2,FPOS002548,783.7000,3500.7600,3500.7600,1,1,2026-08-24T00:00:00.000
2549,20260530,20260621,128,372,205,385,251,217,7,1,FPOS002549,784.4000,3502.1300,3502.1300,1,1,2026-08-24T00:00:00.000
2550,20260707,20260815,12,370,250,-1,-1,180,10,4,FPOS002550,785.1000,3503.5000,3503.5000,1,1,2026-08-24T00:00:00.000
2551,20260802,20260812,236,343,158,147,380,487,6,4,FPOS002551,785.8000,3504.8700,3504.8700,1,1,2026-08-24T00:00:00.000
2552,20260705,20260531,326,314,130,487,32,76,3,5,FPOS002552,786.5000,3506.2400,3506.2400,1,1,2026-08-24T00:00:00.000
2553,20260706,20260615,410,356,276,232,478,484,9,3,FPOS002553,787.2000,3507.6100,3507.6100,1,1,2026-08-24T00:00:00.000
2554,20260616,20260802,371,385,109,455,80,138,1,2,FPOS002554,787.9000,3508.9800,3508.9800,1,1,2026-08-24T00:00:00.000
2555,20260702,20260712,360,339,331,240,362,338,3,5,FPOS002555,788.6000,3510.3500,3510.3500,1,1,2026-08-24T00:00:00.000
2556,20260713,20260712,438,94,317,483,458,35,1,1,FPOS002556,789.3000,3511.7200,3511.7200,1,1,2026-08-24T00:00:00.000
2557,20260625,20260710,119,249,191,467,135,20,2,5,FPOS002557,790.0000,3513.0900,3513.0900,1,1,2026-08-24T00:00:00.000
2558,20260821,20260726,471,320,45,304,145,186,10,4,FPOS002558,790.7000,3514.4600,3514.4600,1,1,2026-08-24T00:00:00.000
2559,20260716,20260724,339,33,188,223,207,172,1,5,FPOS002559,791.4000,3515.8300,3515.8300,1,1,2026-08-24T00:00:00.000
2560,20260707,20260728,33,31,194,99,321,387,1,5,FPOS002560,792.1000,3517.2000,3517.2000,1,1,2026-08-24T00:00:00.000
2561,20260618,20260724,180,260,293,446,397,311,10,5,FPOS002561,792.8000,3518.5700,3518.5700,1,1,2026-08-24T00:00:00.000
2562,20260705,20260528,63,357,236,289,293,212,8,5,FPOS002562,793.5000,3519.9400,3519.9400,1,1,2026-08-24T00:00:00.000
2563,20260606,20260818,311,306,276,263,94,367,1,4,FPOS002563,794.2000,3521.3100,3521.3100,1,1,2026-08-24T00:00:00.000
2564,20260615,20260802,306,292,177,74,255,69,3,4,FPOS002564,794.9000,3522.6800,3522.6800,1,1,2026-08-24T00:00:00.000
2565,20260805,20260716,412,324,245,473,428,357,8,2,FPOS002565,795.6000,3524.0500,3524.0500,1,1,2026-08-24T00:00:00.000
2566,20260822,20260719,332,10,246,330,234,406,3,3,FPOS002566,796.3000,3525.4200,3525.4200,1,1,2026-08-24T00:00:00.000
2567,20260617,20260611,431,122,39,-1,-1,312,8,2,FPOS002567,797.0000,3526.7900,3526.7900,1,1,2026-08-24T00:00:00.000
2568,20260824,20260628,354,281,16,389,266,161,3,3,FPOS002568,797.7000,3528.1600,3528.1600,1,1,2026-08-24T00:00:00.000
2569,20260822,20260703,448,16,218,182,106,395,2,5,FPOS002569,798.4000,3529.5300,3529.5300,1,1,2026-08-24T00:00:00.000
2570,20260608,20260715,281,408,79,427,268,105,10,5,FPOS002570,799.1000,3530.9000,3530.9000,1,1,2026-08-24T00:00:00.000
2571,20260630,20260819,406,91,135,282,58,67,5,2,FPOS002571,799.8000,3532.2700,3532.2700,1,1,2026-08-24T00:00:00.000
2572,20260709,20260819,325,428,214,477,403,234,8,1,FPOS002572,800.5000,3533.6400,3533.6400,1,1,2026-08-24T00:00:00.000
2573,20260619,20260619,471,201,96,165,371,460,3,2,FPOS002573,801.2000,3535.0100,3535.0100,1,1,2026-08-24T00:00:00.000
2574,20260529,20260604,484,163,72,368,73,431,10,4,FPOS002574,801.9000,3536.3800,3536.3800,1,1,2026-08-24T00:00:00.000
2575,20260705,20260801,375,150,190,138,347,484,4,2,FPOS002575,802.6000,3537.7500,3537.7500,1,1,2026-08-24T00:00:00.000
2576,20260804,20260715,453,142,131,44,378,339,4,1,FPOS002576,803.3000,3539.1200,3539.1200,1,1,2026-08-24T00:00:00.000
2577,20260709,20260615,107,73,260,281,41,181,2,2,FPOS002577,804.0000,3540.4900,3540.4900,1,1,2026-08-24T00:00:00.000
2578,20260708,20260702,391,58,344,441,78,446,4,4,FPOS002578,804.7000,3541.8600,3541.8600,1,1,2026-08-24T00:00:00.000
2579,20260730,20260814,296,140,109,336,179,237,5,3,FPOS002579,805.4000,3543.2300,3543.2300,1,1,2026-08-24T00:00:00.000
2580,20260630,20260815,108,447,107,398,233,223,4,4,FPOS002580,806.1000,3544.6000,3544.6000,1,1,2026-08-24T00:00:00.000
2581,20260817,20260601,222,383,153,15,293,216,10,5,FPOS002581,806.8000,3545.9700,3545.9700,1,1,2026-08-24T00:00:00.000
2582,20260616,20260602,316,144,43,273,346,405,10,2,FPOS002582,807.5000,3547.3400,3547.3400,1,1,2026-08-24T00:00:00.000
2583,20260623,20260818,56,477,63,201,453,424,1,1,FPOS002583,808.2000,3548.7100,3548.7100,1,1,2026-08-24T00:00:00.000
2584,20260802,20260816,162,150,127,-1,-1,45,3,5,FPOS002584,808.9000,3550.0800,3550.0800,1,1,2026-08-24T00:00:00.000
2585,20260726,20260701,270,17,53,373,372,390,6,4,FPOS002585,809.6000,3551.4500,3551.4500,1,1,2026-08-24T00:00:00.000
2586,20260727,20260702,220,80,10,363,392,204,8,5,FPOS002586,810.3000,3552.8200,3552.8200,1,1,2026-08-24T00:00:00.000
2587,20260720,20260807,182,240,198,275,8,465,6,2,FPOS002587,811.0000,3554.1900,3554.1900,1,1,2026-08-24T00:00:00.000
2588,20260824,20260711,407,243,344,497,96,246,5,5,FPOS002588,811.7000,3555.5600,3555.5600,1,1,2026-08-24T00:00:00.000
2589,20260823,20260820,251,484,263,396,233,453,5,2,FPOS002589,812.4000,3556.9300,3556.9300,1,1,2026-08-24T00:00:00.000
2590,20260807,20260710,244,444,14,136,280,347,3,2,FPOS002590,813.1000,3558.3000,3558.3000,1,1,2026-08-24T00:00:00.000
2591,20260724,20260822,350,317,132,133,289,491,5,4,FPOS002591,813.8000,3559.6700,3559.6700,1,1,2026-08-24T00:00:00.000
2592,20260811,20260708,204,101,313,347,491,76,7,2,FPOS002592,814.5000,3561.0400,3561.0400,1,1,2026-08-24T00:00:00.000
2593,20260808,20260710,107,496,16,117,214,151,6,2,FPOS002593,815.2000,3562.4100,3562.4100,1,1,2026-08-24T00:00:00.000
2594,20260802,20260623,403,117,190,419,75,311,2,1,FPOS002594,815.9000,3563.7800,3563.7800,1,1,2026-08-24T00:00:00.000
2595,20260820,20260626,464,21,86,398,274,84,4,5,FPOS002595,816.6000,3565.1500,3565.1500,1,1,2026-08-24T00:00:00.000
2596,20260604,20260818,197,289,139,469,356,163,1,2,FPOS002596,817.3000,3566.5200,3566.5200,1,1,2026-08-24T00:00:00.000
2597,20260721,20260707,66,380,187,372,12,150,5,3,FPOS002597,818.0000,3567.8900,3567.8900,1,1,2026-08-24T00:00:00.000
2598,20260605,20260624,24,43,266,489,278,53,5,4,FPOS002598,818.7000,3569.2600,3569.2600,1,1,2026-08-24T00:00:00.000
2599,20260729,20260702,49,183,101,261,81,26,10,3,FPOS002599,819.4000,3570.6300,3570.6300,1,1,2026-08-24T00:00:00.000
2600,20260730,20260805,286,249,117,59,170,23,2,2,FPOS002600,820.1000,3572.0000,3572.0000,1,1,2026-08-24T00:00:00.000
2601,20260531,20260626,147,97,49,-1,-1,232,10,2,FPOS002601,820.8000,3573.3700,3573.3700,1,1,2026-08-24T00:00:00.000
2602,20260617,20260731,26,206,262,405,305,426,5,4,FPOS002602,821.5000,3574.7400,3574.7400,1,1,2026-08-24T00:00:00.000
2603,20260613,20260625,463,470,344,206,198,15,10,4,FPOS002603,822.2000,3576.1100,3576.1100,1,1,2026-08-24T00:00:00.000
2604,20260808,20260603,480,67,218,259,362,255,10,5,FPOS002604,822.9000,3577.4800,3577.4800,1,1,2026-08-24T00:00:00.000
2605,20260722,20260708,238,101,57,348,74,347,6,2,FPOS002605,823.6000,3578.8500,3578.8500,1,1,2026-08-24T00:00:00.000
2606,20260802,20260805,128,195,198,477,352,478,5,3,FPOS002606,824.3000,3580.2200,3580.2200,1,1,2026-08-24T00:00:00.000
2607,20260603,20260729,143,10,147,234,222,238,3,5,FPOS002607,825.0000,3581.5900,3581.5900,1,1,2026-08-24T00:00:00.000
2608,20260626,20260620,497,219,165,441,314,12,2,5,FPOS002608,825.7000,3582.9600,3582.9600,1,1,2026-08-24T00:00:00.000
2609,20260607,20260608,364,193,296,254,400,382,3,5,FPOS002609,826.4000,3584.3300,3584.3300,1,1,2026-08-24T00:00:00.000
2610,20260630,20260708,387,166,47,265,202,79,7,2,FPOS002610,827.1000,3585.7000,3585.7000,1,1,2026-08-24T00:00:00.000
2611,20260824,20260720,493,325,327,364,189,330,7,5,FPOS002611,827.8000,3587.0700,3587.0700,1,1,2026-08-24T00:00:00.000
2612,20260818,20260814,333,308,292,60,346,63,5,3,FPOS002612,828.5000,3588.4400,3588.4400,1,1,2026-08-24T00:00:00.000
2613,20260728,20260618,225,347,219,412,30,118,7,1,FPOS002613,829.2000,3589.8100,3589.8100,1,1,2026-08-24T00:00:00.000
2614,20260604,20260716,310,250,220,50,13,367,4,5,FPOS002614,829.9000,3591.1800,3591.1800,1,1,2026-08-24T00:00:00.000
2615,20260529,20260706,282,460,327,410,439,415,10,5,FPOS002615,830.6000,3592.5500,3592.5500,1,1,2026-08-24T00:00:00.000
2616,20260818,20260605,497,392,118,167,106,33,4,3,FPOS002616,831.3000,3593.9200,3593.9200,1,1,2026-08-24T00:00:00.000
2617,20260821,20260619,54,306,309,274,215,413,4,1,FPOS002617,832.0000,3595.2900,3595.2900,1,1,2026-08-24T00:00:00.000
2618,20260713,20260624,270,222,155,-1,-1,442,10,1,FPOS002618,832.7000,3596.6600,3596.6600,1,1,2026-08-24T00:00:00.000
2619,20260716,20260629,389,324,19,77,98,39,10,4,FPOS002619,833.4000,3598.0300,3598.0300,1,1,2026-08-24T00:00:00.000
2620,20260621,20260814,339,247,9,324,19,428,3,3,FPOS002620,834.1000,3599.4000,3599.4000,1,1,2026-08-24T00:00:00.000
2621,20260605,20260611,374,227,152,113,190,87,8,1,FPOS002621,834.8000,3600.7700,3600.7700,1,1,2026-08-24T00:00:00.000
2622,20260703,20260531,49,479,193,280,285,81,9,3,FPOS002622,835.5000,3602.1400,3602.1400,1,1,2026-08-24T00:00:00.000
2623,20260715,20260702,432,483,202,341,477,266,1,4,FPOS002623,836.2000,3603.5100,3603.5100,1,1,2026-08-24T00:00:00.000
2624,20260807,20260703,67,376,14,122,175,292,10,1,FPOS002624,836.9000,3604.8800,3604.8800,1,1,2026-08-24T00:00:00.000
2625,20260723,20260707,51,124,149,442,133,420,8,4,FPOS002625,837.6000,3606.2500,3606.2500,1,1,2026-08-24T00:00:00.000
2626,20260530,20260720,242,344,223,417,374,265,2,5,FPOS002626,838.3000,3607.6200,3607.6200,1,1,2026-08-24T00:00:00.000
2627,20260613,20260722,42,62,307,320,383,90,10,3,FPOS002627,839.0000,3608.9900,3608.9900,1,1,2026-08-24T00:00:00.000
2628,20260530,20260816,7,320,167,180,157,291,1,2,FPOS002628,839.7000,3610.3600,3610.3600,1,1,2026-08-24T00:00:00.000
2629,20260622,20260619,420,421,301,425,301,65,10,1,FPOS002629,840.4000,3611.7300,3611.7300,1,1,2026-08-24T00:00:00.000
2630,20260611,20260621,20,132,74,382,220,55,6,1,FPOS002630,841.1000,3613.1000,3613.1000,1,1,2026-08-24T00:00:00.000
2631,20260722,20260806,101,90,51,7,472,156,1,2,FPOS002631,841.8000,3614.4700,3614.4700,1,1,2026-08-24T00:00:00.000
2632,20260604,20260729,316,412,321,203,279,39,4,1,FPOS002632,842.5000,3615.8400,3615.8400,1,1,2026-08-24T00:00:00.000
2633,20260604,20260717,12,50,326,411,330,116,2,4,FPOS002633,843.2000,3617.2100,3617.2100,1,1,2026-08-24T00:00:00.000
2634,20260614,20260713,75,304,91,481,202,317,4,1,FPOS002634,843.9000,3618.5800,3618.5800,1,1,2026-08-24T00:00:00.000
2635,20260616,20260622,474,124,174,-1,-1,487,4,3,FPOS002635,844.6000,3619.9500,3619.9500,1,1,2026-08-24T00:00:00.000
2636,20260707,20260815,390,44,335,10,361,360,4,1,FPOS002636,845.3000,3621.3200,3621.3200,1,1,2026-08-24T00:00:00.000
2637,20260617,20260711,315,19,58,183,491,496,10,4,FPOS002637,846.0000,3622.6900,3622.6900,1,1,2026-08-24T00:00:00.000
2638,20260720,20260818,347,438,5,433,421,474,5,2,FPOS002638,846.7000,3624.0600,3624.0600,1,1,2026-08-24T00:00:00.000
2639,20260612,20260725,379,35,299,491,175,331,10,2,FPOS002639,847.4000,3625.4300,3625.4300,1,1,2026-08-24T00:00:00.000
2640,20260706,20260603,229,490,122,412,63,365,2,5,FPOS002640,848.1000,3626.8000,3626.8000,1,1,2026-08-24T00:00:00.000
2641,20260710,20260708,350,58,210,216,167,30,9,5,FPOS002641,848.8000,3628.1700,3628.1700,1,1,2026-08-24T00:00:00.000
2642,20260810,20260622,95,225,346,263,210,436,7,5,FPOS002642,849.5000,3629.5400,3629.5400,1,1,2026-08-24T00:00:00.000
2643,20260820,20260627,313,83,4,58,469,424,6,4,FPOS002643,850.2000,3630.9100,3630.9100,1,1,2026-08-24T00:00:00.000
2644,20260624,20260716,25,163,106,245,497,2,9,3,FPOS002644,850.9000,3632.2800,3632.2800,1,1,2026-08-24T00:00:00.000
2645,20260625,20260719,456,10,328,218,7,346,2,2,FPOS002645,851.6000,3633.6500,3633.6500,1,1,2026-08-24T00:00:00.000
2646,20260601,20260726,368,318,111,463,181,64,5,3,FPOS002646,852.3000,3635.0200,3635.0200,1,1,2026-08-24T00:00:00.000
2647,20260625,20260817,485,253,343,263,9,26,4,4,FPOS002647,853.0000,3636.3900,3636.3900,1,1,2026-08-24T00:00:00.000
2648,20260622,20260607,476,35,140,294,338,281,7,3,FPOS002648,853.7000,3637.7600,3637.7600,1,1,2026-08-24T00:00:00.000
2649,20260702,20260714,357,214,158,446,462,232,5,4,FPOS002649,854.4000,3639.1300,3639.1300,1,1,2026-08-24T00:00:00.000
2650,20260809,20260722,385,163,118,7,105,248,9,5,FPOS002650,855.1000,3640.5000,3640.5000,1,1,2026-08-24T00:00:00.000
2651,20260622,20260620,196,470,272,447,82,115,7,2,FPOS002651,855.8000,3641.8700,3641.8700,1,1,2026-08-24T00:00:00.000
2652,20260701,20260613,408,89,31,-1,-1,223,4,2,FPOS002652,856.5000,3643.2400,3643.2400,1,1,2026-08-24T00:00:00.000
2653,20260716,20260811,223,497,294,449,197,270,9,1,FPOS002653,857.2000,3644.6100,3644.6100,1,1,2026-08-24T00:00:00.000
2654,20260721,20260716,494,426,172,117,326,89,10,1,FPOS002654,857.9000,3645.9800,3645.9800,1,1,2026-08-24T00:00:00.000
2655,20260808,20260814,73,415,161,10,483,369,4,4,FPOS002655,858.6000,3647.3500,3647.3500,1,1,2026-08-24T00:00:00.000
2656,20260605,20260707,239,119,86,172,405,392,3,3,FPOS002656,859.3000,3648.7200,3648.7200,1,1,2026-08-24T00:00:00.000
2657,20260629,20260528,435,415,118,146,452,104,2,3,FPOS002657,860.0000,3650.0900,3650.0900,1,1,2026-08-24T00:00:00.000
2658,20260615,20260617,282,107,334,311,477,234,10,5,FPOS002658,860.7000,3651.4600,3651.4600,1,1,2026-08-24T00:00:00.000
2659,20260627,20260609,283,480,170,66,297,31,5,5,FPOS002659,861.4000,3652.8300,3652.8300,1,1,2026-08-24T00:00:00.000
2660,20260702,20260703,50,342,129,338,160,373,3,3,FPOS002660,862.1000,3654.2000,3654.2000,1,1,2026-08-24T00:00:00.000
2661,20260605,20260614,89,188,171,65,329,409,4,5,FPOS002661,862.8000,3655.5700,3655.5700,1,1,2026-08-24T00:00:00.000
2662,20260804,20260610,209,334,230,471,30,405,8,5,FPOS002662,863.5000,3656.9400,3656.9400,1,1,2026-08-24T00:00:00.000
2663,20260810,20260718,95,205,70,55,260,213,5,4,FPOS002663,864.2000,3658.3100,3658.3100,1,1,2026-08-24T00:00:00.000
2664,20260708,20260626,165,238,84,122,165,96,10,3,FPOS002664,864.9000,3659.6800,3659.6800,1,1,2026-08-24T00:00:00.000
2665,20260529,20260623,79,176,267,295,210,226,5,1,FPOS002665,865.6000,3661.0500,3661.0500,1,1,2026-08-24T00:00:00.000
2666,20260626,20260710,158,450,37,159,30,424,2,3,FPOS002666,866.3000,3662.4200,3662.4200,1,1,2026-08-24T00:00:00.000
2667,20260731,20260726,92,255,282,333,85,414,6,1,FPOS002667,867.0000,3663.7900,3663.7900,1,1,2026-08-24T00:00:00.000
2668,20260823,20260528,470,377,258,132,327,317,4,1,FPOS002668,867.7000,3665.1600,3665.1600,1,1,2026-08-24T00:00:00.000
2669,20260809,20260710,135,328,166,-1,-1,19,7,3,FPOS002669,868.4000,3666.5300,3666.5300,1,1,2026-08-24T00:00:00.000
2670,20260615,20260623,39,229,76,147,84,326,7,3,FPOS002670,869.1000,3667.9000,3667.9000,1,1,2026-08-24T00:00:00.000
2671,20260719,20260814,64,47,150,151,174,225,4,1,FPOS002671,869.8000,3669.2700,3669.2700,1,1,2026-08-24T00:00:00.000
2672,20260630,20260721,459,51,168,90,497,287,8,1,FPOS002672,870.5000,3670.6400,3670.6400,1,1,2026-08-24T00:00:00.000
2673,20260626,20260801,229,421,211,22,180,391,1,4,FPOS002673,871.2000,3672.0100,3672.0100,1,1,2026-08-24T00:00:00.000
2674,20260820,20260722,79,53,234,52,216,372,3,1,FPOS002674,871.9000,3673.3800,3673.3800,1,1,2026-08-24T00:00:00.000
2675,20260803,20260615,3,435,23,137,299,125,2,5,FPOS002675,872.6000,3674.7500,3674.7500,1,1,2026-08-24T00:00:00.000
2676,20260808,20260823,446,37,155,486,181,259,10,2,FPOS002676,873.3000,3676.1200,3676.1200,1,1,2026-08-24T00:00:00.000
2677,20260611,20260811,335,9,327,227,146,236,6,3,FPOS002677,874.0000,3677.4900,3677.4900,1,1,2026-08-24T00:00:00.000
2678,20260528,20260719,409,478,336,311,463,170,10,1,FPOS002678,874.7000,3678.8600,3678.8600,1,1,2026-08-24T00:00:00.000
2679,20260629,20260805,76,87,232,110,455,420,6,2,FPOS002679,875.4000,3680.2300,3680.2300,1,1,2026-08-24T00:00:00.000
2680,20260628,20260527,25,217,175,316,304,24,8,5,FPOS002680,876.1000,3681.6000,3681.6000,1,1,2026-08-24T00:00:00.000
2681,20260614,20260811,223,39,298,9,299,38,3,2,FPOS002681,876.8000,3682.9700,3682.9700,1,1,2026-08-24T00:00:00.000
2682,20260725,20260606,233,476,229,59,122,246,8,1,FPOS002682,877.5000,3684.3400,3684.3400,1,1,2026-08-24T00:00:00.000
2683,20260715,20260716,226,28,208,345,432,374,10,2,FPOS002683,878.2000,3685.7100,3685.7100,1,1,2026-08-24T00:00:00.000
2684,20260701,20260613,38,220,157,74,402,62,2,3,FPOS002684,878.9000,3687.0800,3687.0800,1,1,2026-08-24T00:00:00.000
2685,20260824,20260818,263,199,265,434,369,398,3,2,FPOS002685,879.6000,3688.4500,3688.4500,1,1,2026-08-24T00:00:00.000
2686,20260807,20260817,315,357,65,-1,-1,400,7,1,FPOS002686,880.3000,3689.8200,3689.8200,1,1,2026-08-24T00:00:00.000
2687,20260730,20260802,170,63,16,84,274,198,7,5,FPOS002687,881.0000,3691.1900,3691.1900,1,1,2026-08-24T00:00:00.000
2688,20260816,20260613,76,497,345,404,325,471,1,3,FPOS002688,881.7000,3692.5600,3692.5600,1,1,2026-08-24T00:00:00.000
2689,20260721,20260824,376,40,231,453,445,187,1,2,FPOS002689,882.4000,3693.9300,3693.9300,1,1,2026-08-24T00:00:00.000
2690,20260711,20260607,425,114,94,311,444,270,1,3,FPOS002690,883.1000,3695.3000,3695.3000,1,1,2026-08-24T00:00:00.000
2691,20260716,20260808,395,400,126,371,117,168,7,5,FPOS002691,883.8000,3696.6700,3696.6700,1,1,2026-08-24T00:00:00.000
2692,20260713,20260529,435,272,95,199,139,187,7,5,FPOS002692,884.5000,3698.0400,3698.0400,1,1,2026-08-24T00:00:00.000
2693,20260607,20260722,50,294,133,64,344,495,4,1,FPOS002693,885.2000,3699.4100,3699.4100,1,1,2026-08-24T00:00:00.000
2694,20260702,20260704,254,1,258,285,299,352,1,3,FPOS002694,885.9000,3700.7800,3700.7800,1,1,2026-08-24T00:00:00.000
2695,20260708,20260817,409,205,156,479,346,204,1,1,FPOS002695,886.6000,3702.1500,3702.1500,1,1,2026-08-24T00:00:00.000
2696,20260707,20260727,440,298,12,468,183,338,6,3,FPOS002696,887.3000,3703.5200,3703.5200,1,1,2026-08-24T00:00:00.000
2697,20260823,20260602,475,246,48,274,261,372,9,3,FPOS002697,888.0000,3704.8900,3704.8900,1,1,2026-08-24T00:00:00.000
2698,20260702,20260721,138,48,202,336,178,377,8,1,FPOS002698,888.7000,3706.2600,3706.2600,1,1,2026-08-24T00:00:00.000
2699,20260823,20260604,169,419,257,368,255,41,4,3,FPOS002699,889.4000,3707.6300,3707.6300,1,1,2026-08-24T00:00:00.000
2700,20260824,20260715,333,11,208,83,455,152,3,4,FPOS002700,890.1000,3709.0000,3709.0000,1,1,2026-08-24T00:00:00.000
2701,20260527,20260715,446,385,238,349,87,11,6,1,FPOS002701,890.8000,3710.3700,3710.3700,1,1,2026-08-24T00:00:00.000
2702,20260613,20260814,476,433,8,482,300,84,2,5,FPOS002702,891.5000,3711.7400,3711.7400,1,1,2026-08-24T00:00:00.000
2703,20260809,20260721,8,13,273,-1,-1,343,4,3,FPOS002703,892.2000,3713.1100,3713.1100,1,1,2026-08-24T00:00:00.000
2704,20260705,20260818,92,125,271,241,193,147,9,5,FPOS002704,892.9000,3714.4800,3714.4800,1,1,2026-08-24T00:00:00.000
2705,20260811,20260807,62,246,207,417,69,498,9,1,FPOS002705,893.6000,3715.8500,3715.8500,1,1,2026-08-24T00:00:00.000
2706,20260801,20260822,445,470,116,344,326,460,2,4,FPOS002706,894.3000,3717.2200,3717.2200,1,1,2026-08-24T00:00:00.000
2707,20260620,20260610,123,479,339,39,488,152,1,1,FPOS002707,895.0000,3718.5900,3718.5900,1,1,2026-08-24T00:00:00.000
2708,20260824,20260730,26,84,89,279,335,468,2,1,FPOS002708,895.7000,3719.9600,3719.9600,1,1,2026-08-24T00:00:00.000
2709,20260624,20260602,331,343,321,3,74,151,8,4,FPOS002709,896.4000,3721.3300,3721.3300,1,1,2026-08-24T00:00:00.000
2710,20260727,20260604,74,322,200,2,18,199,7,2,FPOS002710,897.1000,3722.7000,3722.7000,1,1,2026-08-24T00:00:00.000
2711,20260719,20260602,300,323,72,358,272,58,10,5,FPOS002711,897.8000,3724.0700,3724.0700,1,1,2026-08-24T00:00:00.000
2712,20260709,20260805,93,180,153,195,498,146,5,1,FPOS002712,898.5000,3725.4400,3725.4400,1,1,2026-08-24T00:00:00.000
2713,20260707,20260608,485,66,157,120,24,322,4,4,FPOS002713,899.2000,3726.8100,3726.8100,1,1,2026-08-24T00:00:00.000
2714,20260715,20260729,26,98,284,130,297,128,8,1,FPOS002714,899.9000,3728.1800,3728.1800,1,1,2026-08-24T00:00:00.000
2715,20260719,20260720,27,108,84,14,260,155,4,2,FPOS002715,900.6000,3729.5500,3729.5500,1,1,2026-08-24T00:00:00.000
2716,20260721,20260608,238,48,45,218,500,492,7,5,FPOS002716,901.3000,3730.9200,3730.9200,1,1,2026-08-24T00:00:00.000
2717,20260721,20260727,457,231,298,109,34,388,10,1,FPOS002717,902.0000,3732.2900,3732.2900,1,1,2026-08-24T00:00:00.000
2718,20260528,20260609,317,315,231,185,311,428,8,5,FPOS002718,902.7000,3733.6600,3733.6600,1,1,2026-08-24T00:00:00.000
2719,20260821,20260607,484,223,260,451,85,50,6,5,FPOS002719,903.4000,3735.0300,3735.0300,1,1,2026-08-24T00:00:00.000
2720,20260726,20260809,296,243,6,-1,-1,169,4,4,FPOS002720,904.1000,3736.4000,3736.4000,1,1,2026-08-24T00:00:00.000
2721,20260713,20260614,277,279,133,307,82,198,1,4,FPOS002721,904.8000,3737.7700,3737.7700,1,1,2026-08-24T00:00:00.000
2722,20260625,20260806,174,322,329,79,318,98,3,4,FPOS002722,905.5000,3739.1400,3739.1400,1,1,2026-08-24T00:00:00.000
2723,20260706,20260707,191,191,315,37,262,498,7,1,FPOS002723,906.2000,3740.5100,3740.5100,1,1,2026-08-24T00:00:00.000
2724,20260805,20260803,336,51,188,403,311,167,6,2,FPOS002724,906.9000,3741.8800,3741.8800,1,1,2026-08-24T00:00:00.000
2725,20260824,20260531,496,218,130,109,239,167,9,5,FPOS002725,907.6000,3743.2500,3743.2500,1,1,2026-08-24T00:00:00.000
2726,20260531,20260818,85,324,175,8,399,91,7,3,FPOS002726,908.3000,3744.6200,3744.6200,1,1,2026-08-24T00:00:00.000
2727,20260714,20260719,438,196,58,484,12,43,1,1,FPOS002727,909.0000,3745.9900,3745.9900,1,1,2026-08-24T00:00:00.000
2728,20260720,20260815,320,246,11,447,53,494,1,5,FPOS002728,909.7000,3747.3600,3747.3600,1,1,2026-08-24T00:00:00.000
2729,20260716,20260811,390,373,227,278,59,326,1,1,FPOS002729,910.4000,3748.7300,3748.7300,1,1,2026-08-24T00:00:00.000
2730,20260612,20260807,414,21,288,407,234,456,9,3,FPOS002730,911.1000,3750.1000,3750.1000,1,1,2026-08-24T00:00:00.000
2731,20260719,20260626,113,317,247,175,81,27,3,3,FPOS002731,911.8000,3751.4700,3751.4700,1,1,2026-08-24T00:00:00.000
2732,20260605,20260802,25,314,312,100,456,367,2,2,FPOS002732,912.5000,3752.8400,3752.8400,1,1,2026-08-24T00:00:00.000
2733,20260708,20260818,422,462,209,114,146,296,6,4,FPOS002733,913.2000,3754.2100,3754.2100,1,1,2026-08-24T00:00:00.000
2734,20260707,20260608,340,53,101,377,225,205,7,5,FPOS002734,913.9000,3755.5800,3755.5800,1,1,2026-08-24T00:00:00.000
2735,20260822,20260811,236,316,77,177,80,233,1,4,FPOS002735,914.6000,3756.9500,3756.9500,1,1,2026-08-24T00:00:00.000
2736,20260729,20260602,402,297,91,447,141,424,3,5,FPOS002736,915.3000,3758.3200,3758.3200,1,1,2026-08-24T00:00:00.000
2737,20260808,20260705,469,60,285,-1,-1,398,6,1,FPOS002737,916.0000,3759.6900,3759.6900,1,1,2026-08-24T00:00:00.000
2738,20260721,20260715,107,197,228,78,491,361,9,4,FPOS002738,916.7000,3761.0600,3761.0600,1,1,2026-08-24T00:00:00.000
2739,20260811,20260530,172,377,10,244,408,474,6,4,FPOS002739,917.4000,3762.4300,3762.4300,1,1,2026-08-24T00:00:00.000
2740,20260824,20260627,4,210,279,151,299,80,6,4,FPOS002740,918.1000,3763.8000,3763.8000,1,1,2026-08-24T00:00:00.000
2741,20260529,20260725,403,335,3,193,162,193,3,3,FPOS002741,918.8000,3765.1700,3765.1700,1,1,2026-08-24T00:00:00.000
2742,20260709,20260801,292,234,229,387,46,22,5,5,FPOS002742,919.5000,3766.5400,3766.5400,1,1,2026-08-24T00:00:00.000
2743,20260805,20260531,41,375,252,259,391,423,6,3,FPOS002743,920.2000,3767.9100,3767.9100,1,1,2026-08-24T00:00:00.000
2744,20260816,20260810,377,420,13,396,3,402,4,1,FPOS002744,920.9000,3769.2800,3769.2800,1,1,2026-08-24T00:00:00.000
2745,20260824,20260818,116,86,317,230,133,238,8,2,FPOS002745,921.6000,3770.6500,3770.6500,1,1,2026-08-24T00:00:00.000
2746,20260722,20260602,467,212,337,447,367,260,2,5,FPOS002746,922.3000,3772.0200,3772.0200,1,1,2026-08-24T00:00:00.000
2747,20260626,20260716,143,73,69,208,232,311,2,5,FPOS002747,923.0000,3773.3900,3773.3900,1,1,2026-08-24T00:00:00.000
2748,20260710,20260806,15,401,259,3,252,385,2,5,FPOS002748,923.7000,3774.7600,3774.7600,1,1,2026-08-24T00:00:00.000
2749,20260709,20260612,442,67,14,79,245,257,1,4,FPOS002749,924.4000,3776.1300,3776.1300,1,1,2026-08-24T00:00:00.000
2750,20260706,20260804,452,458,234,394,321,233,3,4,FPOS002750,925.1000,3777.5000,3777.5000,1,1,2026-08-24T00:00:00.000
2751,20260728,20260623,383,262,97,239,359,36,4,5,FPOS002751,925.8000,3778.8700,3778.8700,1,1,2026-08-24T00:00:00.000
2752,20260622,20260727,434,474,164,125,409,3,4,3,FPOS002752,926.5000,3780.2400,3780.2400,1,1,2026-08-24T00:00:00.000
2753,20260622,20260801,499,206,130,383,207,397,8,3,FPOS002753,927.2000,3781.6100,3781.6100,1,1,2026-08-24T00:00:00.000
2754,20260705,20260712,28,452,206,-1,-1,494,1,2,FPOS002754,927.9000,3782.9800,3782.9800,1,1,2026-08-24T00:00:00.000
2755,20260711,20260814,44,36,124,350,312,319,9,2,FPOS002755,928.6000,3784.3500,3784.3500,1,1,2026-08-24T00:00:00.000
2756,20260629,20260608,193,451,206,415,66,148,1,1,FPOS002756,929.3000,3785.7200,3785.7200,1,1,2026-08-24T00:00:00.000
2757,20260810,20260717,451,256,144,206,57,266,4,1,FPOS002757,930.0000,3787.0900,3787.0900,1,1,2026-08-24T00:00:00.000
2758,20260620,20260617,35,404,309,227,472,393,5,5,FPOS002758,930.7000,3788.4600,3788.4600,1,1,2026-08-24T00:00:00.000
2759,20260821,20260627,125,367,334,318,472,336,4,5,FPOS002759,931.4000,3789.8300,3789.8300,1,1,2026-08-24T00:00:00.000
2760,20260823,20260716,420,242,20,129,495,275,7,3,FPOS002760,932.1000,3791.2000,3791.2000,1,1,2026-08-24T00:00:00.000
2761,20260814,20260628,373,145,165,207,104,69,5,2,FPOS002761,932.8000,3792.5700,3792.5700,1,1,2026-08-24T00:00:00.000
2762,20260602,20260811,361,267,193,165,334,21,6,2,FPOS002762,933.5000,3793.9400,3793.9400,1,1,2026-08-24T00:00:00.000
2763,20260729,20260609,99,163,274,59,385,343,5,4,FPOS002763,934.2000,3795.3100,3795.3100,1,1,2026-08-24T00:00:00.000
2764,20260823,20260604,488,134,167,259,296,22,3,1,FPOS002764,934.9000,3796.6800,3796.6800,1,1,2026-08-24T00:00:00.000
2765,20260628,20260531,238,87,330,429,453,252,4,5,FPOS002765,935.6000,3798.0500,3798.0500,1,1,2026-08-24T00:00:00.000
2766,20260711,20260607,282,142,55,195,259,163,7,4,FPOS002766,936.3000,3799.4200,3799.4200,1,1,2026-08-24T00:00:00.000
2767,20260817,20260621,149,304,113,106,456,176,2,4,FPOS002767,937.0000,3800.7900,3800.7900,1,1,2026-08-24T00:00:00.000
2768,20260714,20260808,191,345,347,414,24,358,2,2,FPOS002768,937.7000,3802.1600,3802.1600,1,1,2026-08-24T00:00:00.000
2769,20260801,20260819,147,134,209,94,32,482,9,4,FPOS002769,938.4000,3803.5300,3803.5300,1,1,2026-08-24T00:00:00.000
2770,20260809,20260602,99,493,337,139,443,471,6,5,FPOS002770,939.1000,3804.9000,3804.9000,1,1,2026-08-24T00:00:00.000
2771,20260725,20260720,415,342,29,-1,-1,139,10,2,FPOS002771,939.8000,3806.2700,3806.2700,1,1,2026-08-24T00:00:00.000
2772,20260714,20260616,224,150,184,109,389,281,9,5,FPOS002772,940.5000,3807.6400,3807.6400,1,1,2026-08-24T00:00:00.000
2773,20260707,20260626,175,446,151,497,280,58,10,3,FPOS002773,941.2000,3809.0100,3809.0100,1,1,2026-08-24T00:00:00.000
2774,20260703,20260728,415,402,38,474,110,220,8,2,FPOS002774,941.9000,3810.3800,3810.3800,1,1,2026-08-24T00:00:00.000
2775,20260803,20260711,306,470,242,272,279,470,6,5,FPOS002775,942.6000,3811.7500,3811.7500,1,1,2026-08-24T00:00:00.000
2776,20260720,20260703,353,316,301,221,446,75,10,5,FPOS002776,943.3000,3813.1200,3813.1200,1,1,2026-08-24T00:00:00.000
2777,20260706,20260623,423,77,343,148,269,449,5,5,FPOS002777,944.0000,3814.4900,3814.4900,1,1,2026-08-24T00:00:00.000
2778,20260601,20260703,221,2,316,71,288,219,1,1,FPOS002778,944.7000,3815.8600,3815.8600,1,1,2026-08-24T00:00:00.000
2779,20260613,20260626,21,15,226,479,275,210,8,4,FPOS002779,945.4000,3817.2300,3817.2300,1,1,2026-08-24T00:00:00.000
2780,20260608,20260726,21,69,28,381,270,176,9,2,FPOS002780,946.1000,3818.6000,3818.6000,1,1,2026-08-24T00:00:00.000
2781,20260622,20260625,436,448,68,8,344,65,2,3,FPOS002781,946.8000,3819.9700,3819.9700,1,1,2026-08-24T00:00:00.000
2782,20260812,20260709,146,3,258,101,450,462,3,4,FPOS002782,947.5000,3821.3400,3821.3400,1,1,2026-08-24T00:00:00.000
2783,20260713,20260816,332,141,280,384,450,206,8,3,FPOS002783,948.2000,3822.7100,3822.7100,1,1,2026-08-24T00:00:00.000
2784,20260724,20260722,8,453,115,38,50,493,5,5,FPOS002784,948.9000,3824.0800,3824.0800,1,1,2026-08-24T00:00:00.000
2785,20260711,20260709,235,429,250,262,64,29,5,2,FPOS002785,949.6000,3825.4500,3825.4500,1,1,2026-08-24T00:00:00.000
2786,20260628,20260527,455,345,85,71,398,66,7,4,FPOS002786,950.3000,3826.8200,3826.8200,1,1,2026-08-24T00:00:00.000
2787,20260618,20260725,406,177,196,270,323,200,8,4,FPOS002787,951.0000,3828.1900,3828.1900,1,1,2026-08-24T00:00:00.000
2788,20260621,20260606,488,452,195,-1,-1,151,2,2,FPOS002788,951.7000,3829.5600,3829.5600,1,1,2026-08-24T00:00:00.000
2789,20260530,20260806,374,470,236,202,192,362,1,2,FPOS002789,952.4000,3830.9300,3830.9300,1,1,2026-08-24T00:00:00.000
2790,20260530,20260607,387,211,45,491,242,258,1,5,FPOS002790,953.1000,3832.3000,3832.3000,1,1,2026-08-24T00:00:00.000
2791,20260531,20260608,434,280,313,146,79,471,2,5,FPOS002791,953.8000,3833.6700,3833.6700,1,1,2026-08-24T00:00:00.000
2792,20260531,20260717,157,81,269,53,302,467,3,5,FPOS002792,954.5000,3835.0400,3835.0400,1,1,2026-08-24T00:00:00.000
2793,20260815,20260628,138,123,294,319,389,53,6,3,FPOS002793,955.2000,3836.4100,3836.4100,1,1,2026-08-24T00:00:00.000
2794,20260616,20260804,318,269,262,8,468,3,8,3,FPOS002794,955.9000,3837.7800,3837.7800,1,1,2026-08-24T00:00:00.000
2795,20260712,20260725,138,153,271,205,284,353,3,5,FPOS002795,956.6000,3839.1500,3839.1500,1,1,2026-08-24T00:00:00.000
2796,20260724,20260824,468,293,165,103,212,196,8,4,FPOS002796,957.3000,3840.5200,3840.5200,1,1,2026-08-24T00:00:00.000
2797,20260815,20260811,448,148,315,227,393,209,2,5,FPOS002797,958.0000,3841.8900,3841.8900,1,1,2026-08-24T00:00:00.000
2798,20260606,20260824,26,109,31,238,46,122,8,5,FPOS002798,958.7000,3843.2600,3843.2600,1,1,2026-08-24T00:00:00.000
2799,20260605,20260614,420,68,31,332,395,121,10,2,FPOS002799,959.4000,3844.6300,3844.6300,1,1,2026-08-24T00:00:00.000
2800,20260820,20260709,494,334,100,473,332,446,3,4,FPOS002800,960.1000,3846.0000,3846.0000,1,1,2026-08-24T00:00:00.000
2801,20260625,20260823,230,157,347,466,338,192,5,5,FPOS002801,960.8000,3847.3700,3847.3700,1,1,2026-08-24T00:00:00.000
2802,20260705,20260610,206,134,132,441,224,358,1,4,FPOS002802,961.5000,3848.7400,3848.7400,1,1,2026-08-24T00:00:00.000
2803,20260817,20260807,266,348,74,85,325,456,9,3,FPOS002803,962.2000,3850.1100,3850.1100,1,1,2026-08-24T00:00:00.000
2804,20260614,20260703,380,320,180,116,110,153,5,1,FPOS002804,962.9000,3851.4800,3851.4800,1,1,2026-08-24T00:00:00.000
2805,20260612,20260620,132,193,320,-1,-1,32,8,1,FPOS002805,963.6000,3852.8500,3852.8500,1,1,2026-08-24T00:00:00.000
2806,20260816,20260706,53,101,331,78,89,265,8,1,FPOS002806,964.3000,3854.2200,3854.2200,1,1,2026-08-24T00:00:00.000
2807,20260621,20260618,43,203,291,123,440,394,4,5,FPOS002807,965.0000,3855.5900,3855.5900,1,1,2026-08-24T00:00:00.000
2808,20260607,20260630,193,344,111,382,255,31,7,2,FPOS002808,965.7000,3856.9600,3856.9600,1,1,2026-08-24T00:00:00.000
2809,20260812,20260819,228,466,256,306,379,498,4,3,FPOS002809,966.4000,3858.3300,3858.3300,1,1,2026-08-24T00:00:00.000
2810,20260809,20260718,104,319,241,235,475,206,3,1,FPOS002810,967.1000,3859.7000,3859.7000,1,1,2026-08-24T00:00:00.000
2811,20260622,20260531,428,301,321,2,230,3,9,1,FPOS002811,967.8000,3861.0700,3861.0700,1,1,2026-08-24T00:00:00.000
2812,20260716,20260818,40,36,219,328,350,312,5,1,FPOS002812,968.5000,3862.4400,3862.4400,1,1,2026-08-24T00:00:00.000
2813,20260709,20260809,317,437,28,12,281,117,4,2,FPOS002813,969.2000,3863.8100,3863.8100,1,1,2026-08-24T00:00:00.000
2814,20260716,20260821,180,76,101,444,443,16,10,4,FPOS002814,969.9000,3865.1800,3865.1800,1,1,2026-08-24T00:00:00.000
2815,20260708,20260801,361,9,117,148,147,402,7,3,FPOS002815,970.6000,3866.5500,3866.5500,1,1,2026-08-24T00:00:00.000
2816,20260801,20260809,265,154,238,306,345,500,10,3,FPOS002816,971.3000,3867.9200,3867.9200,1,1,2026-08-24T00:00:00.000
2817,20260815,20260608,181,43,218,357,364,443,6,4,FPOS002817,972.0000,3869.2900,3869.2900,1,1,2026-08-24T00:00:00.000
2818,20260605,20260612,219,447,43,412,294,79,6,2,FPOS002818,972.7000,3870.6600,3870.6600,1,1,2026-08-24T00:00:00.000
2819,20260609,20260601,34,292,257,216,498,394,6,3,FPOS002819,973.4000,3872.0300,3872.0300,1,1,2026-08-24T00:00:00.000
2820,20260708,20260801,359,59,312,286,287,146,1,4,FPOS002820,974.1000,3873.4000,3873.4000,1,1,2026-08-24T00:00:00.000
2821,20260715,20260727,434,261,48,14,163,326,5,3,FPOS002821,974.8000,3874.7700,3874.7700,1,1,2026-08-24T00:00:00.000
2822,20260603,20260612,350,325,53,-1,-1,353,5,3,FPOS002822,975.5000,3876.1400,3876.1400,1,1,2026-08-24T00:00:00.000
2823,20260605,20260704,489,50,61,476,203,475,2,3,FPOS002823,976.2000,3877.5100,3877.5100,1,1,2026-08-24T00:00:00.000
2824,20260805,20260706,369,145,309,144,179,6,4,2,FPOS002824,976.9000,3878.8800,3878.8800,1,1,2026-08-24T00:00:00.000
2825,20260611,20260626,234,106,304,323,219,65,7,4,FPOS002825,977.6000,3880.2500,3880.2500,1,1,2026-08-24T00:00:00.000
2826,20260711,20260823,276,463,127,263,74,55,3,2,FPOS002826,978.3000,3881.6200,3881.6200,1,1,2026-08-24T00:00:00.000
2827,20260731,20260822,384,25,40,448,76,20,7,5,FPOS002827,979.0000,3882.9900,3882.9900,1,1,2026-08-24T00:00:00.000
2828,20260605,20260625,92,57,277,500,73,355,7,2,FPOS002828,979.7000,3884.3600,3884.3600,1,1,2026-08-24T00:00:00.000
2829,20260620,20260601,85,183,5,373,52,391,5,2,FPOS002829,980.4000,3885.7300,3885.7300,1,1,2026-08-24T00:00:00.000
2830,20260615,20260720,350,406,251,481,452,146,9,5,FPOS002830,981.1000,3887.1000,3887.1000,1,1,2026-08-24T00:00:00.000
2831,20260627,20260822,278,397,300,23,26,245,6,1,FPOS002831,981.8000,3888.4700,3888.4700,1,1,2026-08-24T00:00:00.000
2832,20260815,20260814,395,299,255,271,276,309,1,4,FPOS002832,982.5000,3889.8400,3889.8400,1,1,2026-08-24T00:00:00.000
2833,20260803,20260809,464,366,316,148,289,442,5,2,FPOS002833,983.2000,3891.2100,3891.2100,1,1,2026-08-24T00:00:00.000
2834,20260701,20260808,364,334,124,226,106,189,6,2,FPOS002834,983.9000,3892.5800,3892.5800,1,1,2026-08-24T00:00:00.000
2835,20260729,20260629,11,345,73,159,381,495,10,4,FPOS002835,984.6000,3893.9500,3893.9500,1,1,2026-08-24T00:00:00.000
2836,20260703,20260627,78,376,57,108,177,263,7,5,FPOS002836,985.3000,3895.3200,3895.3200,1,1,2026-08-24T00:00:00.000
2837,20260814,20260722,137,103,341,380,454,356,4,5,FPOS002837,986.0000,3896.6900,3896.6900,1,1,2026-08-24T00:00:00.000
2838,20260610,20260728,60,147,194,178,122,205,5,2,FPOS002838,986.7000,3898.0600,3898.0600,1,1,2026-08-24T00:00:00.000
2839,20260716,20260620,197,367,241,-1,-1,252,7,1,FPOS002839,987.4000,3899.4300,3899.4300,1,1,2026-08-24T00:00:00.000
2840,20260707,20260626,402,87,314,423,125,130,1,5,FPOS002840,988.1000,3900.8000,3900.8000,1,1,2026-08-24T00:00:00.000
2841,20260708,20260812,267,326,61,462,378,161,9,4,FPOS002841,988.8000,3902.1700,3902.1700,1,1,2026-08-24T00:00:00.000
2842,20260530,20260816,436,251,132,477,414,457,2,5,FPOS002842,989.5000,3903.5400,3903.5400,1,1,2026-08-24T00:00:00.000
2843,20260528,20260702,431,301,207,470,339,52,4,1,FPOS002843,990.2000,3904.9100,3904.9100,1,1,2026-08-24T00:00:00.000
2844,20260715,20260723,488,159,151,146,122,241,7,4,FPOS002844,990.9000,3906.2800,3906.2800,1,1,2026-08-24T00:00:00.000
2845,20260612,20260719,187,292,159,227,246,306,9,2,FPOS002845,991.6000,3907.6500,3907.6500,1,1,2026-08-24T00:00:00.000
2846,20260809,20260623,373,182,254,484,343,410,7,3,FPOS002846,992.3000,3909.0200,3909.0200,1,1,2026-08-24T00:00:00.000
2847,20260712,20260606,19,425,306,93,70,165,2,1,FPOS002847,993.0000,3910.3900,3910.3900,1,1,2026-08-24T00:00:00.000
2848,20260605,20260606,31,83,8,96,313,406,4,2,FPOS002848,993.7000,3911.7600,3911.7600,1,1,2026-08-24T00:00:00.000
2849,20260624,20260530,313,292,65,113,417,162,4,1,FPOS002849,994.4000,3913.1300,3913.1300,1,1,2026-08-24T00:00:00.000
2850,20260731,20260601,105,14,252,178,325,488,8,5,FPOS002850,995.1000,3914.5000,3914.5000,1,1,2026-08-24T00:00:00.000
2851,20260719,20260725,232,199,50,152,269,76,7,1,FPOS002851,995.8000,3915.8700,3915.8700,1,1,2026-08-24T00:00:00.000
2852,20260601,20260619,36,413,75,273,434,140,7,1,FPOS002852,996.5000,3917.2400,3917.2400,1,1,2026-08-24T00:00:00.000
2853,20260604,20260725,356,229,123,483,25,240,7,3,FPOS002853,997.2000,3918.6100,3918.6100,1,1,2026-08-24T00:00:00.000
2854,20260801,20260805,120,466,44,76,473,460,4,1,FPOS002854,997.9000,3919.9800,3919.9800,1,1,2026-08-24T00:00:00.000
2855,20260627,20260603,473,170,185,238,14,460,3,5,FPOS002855,998.6000,3921.3500,3921.3500,1,1,2026-08-24T00:00:00.000
2856,20260723,20260724,256,421,170,-1,-1,149,2,1,FPOS002856,999.3000,3922.7200,3922.7200,1,1,2026-08-24T00:00:00.000
2857,20260615,20260709,318,237,314,349,479,347,10,3,FPOS002857,1000.0000,3924.0900,3924.0900,1,1,2026-08-24T00:00:00.000
2858,20260814,20260720,363,377,18,116,106,35,8,4,FPOS002858,0.7000,3925.4600,3925.4600,1,1,2026-08-24T00:00:00.000
2859,20260701,20260601,108,452,335,89,246,135,4,4,FPOS002859,1.4000,3926.8300,3926.8300,1,1,2026-08-24T00:00:00.000
2860,20260811,20260603,210,312,71,243,387,256,4,5,FPOS002860,2.1000,3928.2000,3928.2000,1,1,2026-08-24T00:00:00.000
2861,20260716,20260816,34,114,62,252,338,416,3,5,FPOS002861,2.8000,3929.5700,3929.5700,1,1,2026-08-24T00:00:00.000
2862,20260531,20260824,391,277,138,355,41,493,6,3,FPOS002862,3.5000,3930.9400,3930.9400,1,1,2026-08-24T00:00:00.000
2863,20260817,20260718,482,493,171,94,96,427,10,2,FPOS002863,4.2000,3932.3100,3932.3100,1,1,2026-08-24T00:00:00.000
2864,20260612,20260710,154,298,170,212,236,72,6,3,FPOS002864,4.9000,3933.6800,3933.6800,1,1,2026-08-24T00:00:00.000
2865,20260621,20260718,304,328,90,387,126,308,3,2,FPOS002865,5.6000,3935.0500,3935.0500,1,1,2026-08-24T00:00:00.000
2866,20260705,20260627,203,410,92,98,223,97,2,4,FPOS002866,6.3000,3936.4200,3936.4200,1,1,2026-08-24T00:00:00.000
2867,20260626,20260817,259,343,279,385,376,37,10,3,FPOS002867,7.0000,3937.7900,3937.7900,1,1,2026-08-24T00:00:00.000
2868,20260717,20260623,41,63,284,387,167,432,1,1,FPOS002868,7.7000,3939.1600,3939.1600,1,1,2026-08-24T00:00:00.000
2869,20260629,20260614,260,316,93,64,324,264,4,3,FPOS002869,8.4000,3940.5300,3940.5300,1,1,2026-08-24T00:00:00.000
2870,20260620,20260731,473,222,188,135,361,354,2,3,FPOS002870,9.1000,3941.9000,3941.9000,1,1,2026-08-24T00:00:00.000
2871,20260630,20260814,385,324,275,229,194,190,2,4,FPOS002871,9.8000,3943.2700,3943.2700,1,1,2026-08-24T00:00:00.000
2872,20260728,20260624,258,78,262,323,271,457,10,1,FPOS002872,10.5000,3944.6400,3944.6400,1,1,2026-08-24T00:00:00.000
2873,20260730,20260617,446,128,171,-1,-1,158,7,2,FPOS002873,11.2000,3946.0100,3946.0100,1,1,2026-08-24T00:00:00.000
2874,20260628,20260627,194,33,44,220,398,420,8,4,FPOS002874,11.9000,3947.3800,3947.3800,1,1,2026-08-24T00:00:00.000
2875,20260715,20260603,368,336,119,312,104,175,6,3,FPOS002875,12.6000,3948.7500,3948.7500,1,1,2026-08-24T00:00:00.000
2876,20260803,20260623,315,487,306,13,43,142,9,1,FPOS002876,13.3000,3950.1200,3950.1200,1,1,2026-08-24T00:00:00.000
2877,20260607,20260725,18,172,206,81,362,367,1,4,FPOS002877,14.0000,3951.4900,3951.4900,1,1,2026-08-24T00:00:00.000
2878,20260712,20260717,251,329,89,44,256,384,4,4,FPOS002878,14.7000,3952.8600,3952.8600,1,1,2026-08-24T00:00:00.000
2879,20260819,20260622,485,282,337,485,10,3,2,5,FPOS002879,15.4000,3954.2300,3954.2300,1,1,2026-08-24T00:00:00.000
2880,20260728,20260723,167,282,68,437,315,354,2,2,FPOS002880,16.1000,3955.6000,3955.6000,1,1,2026-08-24T00:00:00.000
2881,20260606,20260814,363,178,20,259,356,64,9,5,FPOS002881,16.8000,3956.9700,3956.9700,1,1,2026-08-24T00:00:00.000
2882,20260804,20260611,104,6,209,444,433,263,3,2,FPOS002882,17.5000,3958.3400,3958.3400,1,1,2026-08-24T00:00:00.000
2883,20260618,20260624,290,4,118,175,210,324,3,5,FPOS002883,18.2000,3959.7100,3959.7100,1,1,2026-08-24T00:00:00.000
2884,20260725,20260726,347,359,110,110,421,410,7,3,FPOS002884,18.9000,3961.0800,3961.0800,1,1,2026-08-24T00:00:00.000
2885,20260806,20260809,304,323,150,3,167,158,4,2,FPOS002885,19.6000,3962.4500,3962.4500,1,1,2026-08-24T00:00:00.000
2886,20260621,20260814,276,272,32,168,286,350,4,4,FPOS002886,20.3000,3963.8200,3963.8200,1,1,2026-08-24T00:00:00.000
2887,20260811,20260717,434,154,263,386,162,306,7,3,FPOS002887,21.0000,3965.1900,3965.1900,1,1,2026-08-24T00:00:00.000
2888,20260817,20260627,213,212,272,392,264,29,6,3,FPOS002888,21.7000,3966.5600,3966.5600,1,1,2026-08-24T00:00:00.000
2889,20260604,20260802,174,359,24,56,455,318,7,5,FPOS002889,22.4000,3967.9300,3967.9300,1,1,2026-08-24T00:00:00.000
2890,20260717,20260628,333,151,88,-1,-1,484,3,2,FPOS002890,23.1000,3969.3000,3969.3000,1,1,2026-08-24T00:00:00.000
2891,20260603,20260605,281,430,236,435,410,417,3,5,FPOS002891,23.8000,3970.6700,3970.6700,1,1,2026-08-24T00:00:00.000
2892,20260726,20260803,25,283,141,55,444,139,4,2,FPOS002892,24.5000,3972.0400,3972.0400,1,1,2026-08-24T00:00:00.000
2893,20260612,20260801,37,311,184,106,478,167,3,5,FPOS002893,25.2000,3973.4100,3973.4100,1,1,2026-08-24T00:00:00.000
2894,20260602,20260706,54,160,347,39,476,355,10,1,FPOS002894,25.9000,3974.7800,3974.7800,1,1,2026-08-24T00:00:00.000
2895,20260627,20260720,184,89,259,315,222,472,7,2,FPOS002895,26.6000,3976.1500,3976.1500,1,1,2026-08-24T00:00:00.000
2896,20260609,20260823,207,317,339,108,272,227,4,3,FPOS002896,27.3000,3977.5200,3977.5200,1,1,2026-08-24T00:00:00.000
2897,20260704,20260630,10,63,37,98,288,430,5,1,FPOS002897,28.0000,3978.8900,3978.8900,1,1,2026-08-24T00:00:00.000
2898,20260709,20260708,75,365,146,416,169,277,1,5,FPOS002898,28.7000,3980.2600,3980.2600,1,1,2026-08-24T00:00:00.000
2899,20260712,20260702,249,340,186,65,29,323,2,5,FPOS002899,29.4000,3981.6300,3981.6300,1,1,2026-08-24T00:00:00.000
2900,20260729,20260712,280,51,286,327,11,39,6,4,FPOS002900,30.1000,3983.0000,3983.0000,1,1,2026-08-24T00:00:00.000
2901,20260704,20260620,162,40,72,176,373,161,6,2,FPOS002901,30.8000,3984.3700,3984.3700,1,1,2026-08-24T00:00:00.000
2902,20260708,20260808,366,287,214,382,337,123,5,5,FPOS002902,31.5000,3985.7400,3985.7400,1,1,2026-08-24T00:00:00.000
2903,20260819,20260630,203,156,216,320,381,291,8,5,FPOS002903,32.2000,3987.1100,3987.1100,1,1,2026-08-24T00:00:00.000
2904,20260601,20260610,449,146,15,143,275,101,8,1,FPOS002904,32.9000,3988.4800,3988.4800,1,1,2026-08-24T00:00:00.000
2905,20260801,20260711,347,125,244,398,500,260,10,1,FPOS002905,33.6000,3989.8500,3989.8500,1,1,2026-08-24T00:00:00.000
2906,20260715,20260725,180,255,77,139,57,60,2,2,FPOS002906,34.3000,3991.2200,3991.2200,1,1,2026-08-24T00:00:00.000
2907,20260528,20260626,314,91,170,-1,-1,499,2,4,FPOS002907,35.0000,3992.5900,3992.5900,1,1,2026-08-24T00:00:00.000
2908,20260824,20260605,396,314,205,407,59,441,7,3,FPOS002908,35.7000,3993.9600,3993.9600,1,1,2026-08-24T00:00:00.000
2909,20260723,20260606,440,112,235,187,102,246,5,3,FPOS002909,36.4000,3995.3300,3995.3300,1,1,2026-08-24T00:00:00.000
2910,20260614,20260714,459,112,340,445,16,446,9,4,FPOS002910,37.1000,3996.7000,3996.7000,1,1,2026-08-24T00:00:00.000
2911,20260815,20260724,327,106,322,380,435,158,10,4,FPOS002911,37.8000,3998.0700,3998.0700,1,1,2026-08-24T00:00:00.000
2912,20260706,20260718,222,333,193,220,112,492,7,3,FPOS002912,38.5000,3999.4400,3999.4400,1,1,2026-08-24T00:00:00.000
2913,20260818,20260605,16,139,224,30,50,469,2,5,FPOS002913,39.2000,4000.8100,4000.8100,1,1,2026-08-24T00:00:00.000
2914,20260809,20260706,211,152,301,365,165,313,5,3,FPOS002914,39.9000,4002.1800,4002.1800,1,1,2026-08-24T00:00:00.000
2915,20260804,20260803,108,22,105,231,224,314,1,3,FPOS002915,40.6000,4003.5500,4003.5500,1,1,2026-08-24T00:00:00.000
2916,20260717,20260814,1,170,93,441,172,8,10,5,FPOS002916,41.3000,4004.9200,4004.9200,1,1,2026-08-24T00:00:00.000
2917,20260702,20260604,271,51,108,417,384,64,3,4,FPOS002917,42.0000,4006.2900,4006.2900,1,1,2026-08-24T00:00:00.000
2918,20260723,20260702,436,172,150,411,426,222,1,4,FPOS002918,42.7000,4007.6600,4007.6600,1,1,2026-08-24T00:00:00.000
2919,20260722,20260820,259,464,94,84,27,334,10,1,FPOS002919,43.4000,4009.0300,4009.0300,1,1,2026-08-24T00:00:00.000
2920,20260812,20260608,285,429,340,196,418,18,7,3,FPOS002920,44.1000,4010.4000,4010.4000,1,1,2026-08-24T00:00:00.000
2921,20260817,20260822,386,408,209,188,209,90,2,4,FPOS002921,44.8000,4011.7700,4011.7700,1,1,2026-08-24T00:00:00.000
2922,20260824,20260714,428,229,52,234,321,299,1,4,FPOS002922,45.5000,4013.1400,4013.1400,1,1,2026-08-24T00:00:00.000
2923,20260702,20260620,357,475,133,151,180,331,6,2,FPOS002923,46.2000,4014.5100,4014.5100,1,1,2026-08-24T00:00:00.000
2924,20260530,20260719,251,6,90,-1,-1,335,4,3,FPOS002924,46.9000,4015.8800,4015.8800,1,1,2026-08-24T00:00:00.000
2925,20260705,20260601,18,307,103,319,442,343,6,4,FPOS002925,47.6000,4017.2500,4017.2500,1,1,2026-08-24T00:00:00.000
2926,20260624,20260811,308,103,306,128,378,246,1,4,FPOS002926,48.3000,4018.6200,4018.6200,1,1,2026-08-24T00:00:00.000
2927,20260728,20260621,333,154,179,169,104,499,8,5,FPOS002927,49.0000,4019.9900,4019.9900,1,1,2026-08-24T00:00:00.000
2928,20260813,20260729,197,23,25,89,51,233,2,2,FPOS002928,49.7000,4021.3600,4021.3600,1,1,2026-08-24T00:00:00.000
2929,20260823,20260617,252,303,166,458,219,336,8,1,FPOS002929,50.4000,4022.7300,4022.7300,1,1,2026-08-24T00:00:00.000
2930,20260528,20260710,287,196,68,348,488,159,6,4,FPOS002930,51.1000,4024.1000,4024.1000,1,1,2026-08-24T00:00:00.000
2931,20260703,20260702,175,21,30,179,204,312,9,2,FPOS002931,51.8000,4025.4700,4025.4700,1,1,2026-08-24T00:00:00.000
2932,20260620,20260705,43,411,47,452,428,275,6,2,FPOS002932,52.5000,4026.8400,4026.8400,1,1,2026-08-24T00:00:00.000
2933,20260629,20260604,438,13,41,161,123,405,8,5,FPOS002933,53.2000,4028.2100,4028.2100,1,1,2026-08-24T00:00:00.000
2934,20260817,20260706,171,161,201,239,154,389,2,4,FPOS002934,53.9000,4029.5800,4029.5800,1,1,2026-08-24T00:00:00.000
2935,20260731,20260803,165,161,168,18,254,13,5,2,FPOS002935,54.6000,4030.9500,4030.9500,1,1,2026-08-24T00:00:00.000
2936,20260608,20260630,76,374,260,211,107,198,5,5,FPOS002936,55.3000,4032.3200,4032.3200,1,1,2026-08-24T00:00:00.000
2937,20260630,20260615,271,197,90,66,192,72,4,5,FPOS002937,56.0000,4033.6900,4033.6900,1,1,2026-08-24T00:00:00.000
2938,20260620,20260602,429,174,216,128,126,150,2,5,FPOS002938,56.7000,4035.0600,4035.0600,1,1,2026-08-24T00:00:00.000
2939,20260815,20260806,316,353,89,246,358,23,8,5,FPOS002939,57.4000,4036.4300,4036.4300,1,1,2026-08-24T00:00:00.000
2940,20260602,20260625,389,268,311,123,172,145,4,5,FPOS002940,58.1000,4037.8000,4037.8000,1,1,2026-08-24T00:00:00.000
2941,20260816,20260724,244,324,183,-1,-1,163,5,4,FPOS002941,58.8000,4039.1700,4039.1700,1,1,2026-08-24T00:00:00.000
2942,20260807,20260718,140,456,189,137,392,264,2,4,FPOS002942,59.5000,4040.5400,4040.5400,1,1,2026-08-24T00:00:00.000
2943,20260721,20260621,247,395,284,46,317,361,10,2,FPOS002943,60.2000,4041.9100,4041.9100,1,1,2026-08-24T00:00:00.000
2944,20260815,20260603,133,119,234,304,456,455,2,3,FPOS002944,60.9000,4043.2800,4043.2800,1,1,2026-08-24T00:00:00.000
2945,20260614,20260819,226,191,214,354,237,86,8,3,FPOS002945,61.6000,4044.6500,4044.6500,1,1,2026-08-24T00:00:00.000
2946,20260701,20260802,352,419,53,500,288,423,10,2,FPOS002946,62.3000,4046.0200,4046.0200,1,1,2026-08-24T00:00:00.000
2947,20260713,20260701,163,36,218,311,263,385,10,3,FPOS002947,63.0000,4047.3900,4047.3900,1,1,2026-08-24T00:00:00.000
2948,20260802,20260809,421,216,214,340,174,238,1,4,FPOS002948,63.7000,4048.7600,4048.7600,1,1,2026-08-24T00:00:00.000
2949,20260822,20260620,216,28,257,140,164,418,6,1,FPOS002949,64.4000,4050.1300,4050.1300,1,1,2026-08-24T00:00:00.000
2950,20260623,20260730,354,488,143,176,312,383,2,5,FPOS002950,65.1000,4051.5000,4051.5000,1,1,2026-08-24T00:00:00.000
2951,20260717,20260720,287,27,280,87,153,413,2,2,FPOS002951,65.8000,4052.8700,4052.8700,1,1,2026-08-24T00:00:00.000
2952,20260626,20260820,92,495,9,371,362,340,3,2,FPOS002952,66.5000,4054.2400,4054.2400,1,1,2026-08-24T00:00:00.000
2953,20260811,20260811,166,199,38,417,446,97,10,5,FPOS002953,67.2000,4055.6100,4055.6100,1,1,2026-08-24T00:00:00.000
2954,20260623,20260729,431,453,153,2,346,482,5,2,FPOS002954,67.9000,4056.9800,4056.9800,1,1,2026-08-24T00:00:00.000
2955,20260530,20260705,382,363,37,133,371,108,7,4,FPOS002955,68.6000,4058.3500,4058.3500,1,1,2026-08-24T00:00:00.000
2956,20260602,20260817,49,188,291,240,191,122,6,3,FPOS002956,69.3000,4059.7200,4059.7200,1,1,2026-08-24T00:00:00.000
2957,20260714,20260816,219,274,305,473,258,466,2,1,FPOS002957,70.0000,4061.0900,4061.0900,1,1,2026-08-24T00:00:00.000
2958,20260708,20260609,351,265,98,-1,-1,272,2,2,FPOS002958,70.7000,4062.4600,4062.4600,1,1,2026-08-24T00:00:00.000
2959,20260726,20260716,237,248,152,346,252,458,4,2,FPOS002959,71.4000,4063.8300,4063.8300,1,1,2026-08-24T00:00:00.000
2960,20260809,20260625,474,482,273,28,63,139,7,1,FPOS002960,72.1000,4065.2000,4065.2000,1,1,2026-08-24T00:00:00.000
2961,20260724,20260607,298,101,233,252,342,234,6,2,FPOS002961,72.8000,4066.5700,4066.5700,1,1,2026-08-24T00:00:00.000
2962,20260725,20260731,172,385,132,326,133,145,8,4,FPOS002962,73.5000,4067.9400,4067.9400,1,1,2026-08-24T00:00:00.000
2963,20260608,20260623,237,247,214,256,49,248,7,3,FPOS002963,74.2000,4069.3100,4069.3100,1,1,2026-08-24T00:00:00.000
2964,20260815,20260717,122,317,8,233,319,173,9,5,FPOS002964,74.9000,4070.6800,4070.6800,1,1,2026-08-24T00:00:00.000
2965,20260805,20260715,187,90,71,450,136,121,8,4,FPOS002965,75.6000,4072.0500,4072.0500,1,1,2026-08-24T00:00:00.000
2966,20260807,20260707,107,208,52,41,144,460,8,2,FPOS002966,76.3000,4073.4200,4073.4200,1,1,2026-08-24T00:00:00.000
2967,20260822,20260722,197,206,12,361,20,411,1,5,FPOS002967,77.0000,4074.7900,4074.7900,1,1,2026-08-24T00:00:00.000
2968,20260815,20260714,186,335,112,476,162,461,4,5,FPOS002968,77.7000,4076.1600,4076.1600,1,1,2026-08-24T00:00:00.000
2969,20260613,20260624,331,1,68,469,232,229,3,5,FPOS002969,78.4000,4077.5300,4077.5300,1,1,2026-08-24T00:00:00.000
2970,20260701,20260719,458,439,40,161,490,164,5,4,FPOS002970,79.1000,4078.9000,4078.9000,1,1,2026-08-24T00:00:00.000
2971,20260803,20260530,466,33,281,498,277,269,4,3,FPOS002971,79.8000,4080.2700,4080.2700,1,1,2026-08-24T00:00:00.000
2972,20260820,20260718,419,235,90,197,271,359,7,5,FPOS002972,80.5000,4081.6400,4081.6400,1,1,2026-08-24T00:00:00.000
2973,20260807,20260820,460,397,178,41,79,498,8,1,FPOS002973,81.2000,4083.0100,4083.0100,1,1,2026-08-24T00:00:00.000
2974,20260814,20260601,388,400,110,154,277,465,9,4,FPOS002974,81.9000,4084.3800,4084.3800,1,1,2026-08-24T00:00:00.000
2975,20260704,20260626,497,276,106,-1,-1,93,2,5,FPOS002975,82.6000,4085.7500,4085.7500,1,1,2026-08-24T00:00:00.000
2976,20260602,20260625,145,175,258,275,476,476,7,1,FPOS002976,83.3000,4087.1200,4087.1200,1,1,2026-08-24T00:00:00.000
2977,20260622,20260730,204,369,291,239,413,307,4,5,FPOS002977,84.0000,4088.4900,4088.4900,1,1,2026-08-24T00:00:00.000
2978,20260714,20260619,153,329,207,17,473,498,7,5,FPOS002978,84.7000,4089.8600,4089.8600,1,1,2026-08-24T00:00:00.000
2979,20260722,20260803,111,183,195,279,411,303,8,1,FPOS002979,85.4000,4091.2300,4091.2300,1,1,2026-08-24T00:00:00.000
2980,20260822,20260711,19,181,234,221,35,159,9,1,FPOS002980,86.1000,4092.6000,4092.6000,1,1,2026-08-24T00:00:00.000
2981,20260706,20260824,409,473,190,416,173,206,9,4,FPOS002981,86.8000,4093.9700,4093.9700,1,1,2026-08-24T00:00:00.000
2982,20260609,20260820,125,170,143,426,384,11,1,4,FPOS002982,87.5000,4095.3400,4095.3400,1,1,2026-08-24T00:00:00.000
2983,20260725,20260812,284,481,202,115,60,33,1,5,FPOS002983,88.2000,4096.7100,4096.7100,1,1,2026-08-24T00:00:00.000
2984,20260704,20260614,235,451,111,499,378,326,2,3,FPOS002984,88.9000,4098.0800,4098.0800,1,1,2026-08-24T00:00:00.000
2985,20260718,20260612,319,428,152,29,325,490,2,3,FPOS002985,89.6000,4099.4500,4099.4500,1,1,2026-08-24T00:00:00.000
2986,20260710,20260704,22,323,202,453,247,234,1,2,FPOS002986,90.3000,4100.8200,4100.8200,1,1,2026-08-24T00:00:00.000
2987,20260629,20260712,322,457,346,491,441,425,5,2,FPOS002987,91.0000,4102.1900,4102.1900,1,1,2026-08-24T00:00:00.000
2988,20260612,20260624,159,41,226,300,228,97,6,5,FPOS002988,91.7000,4103.5600,4103.5600,1,1,2026-08-24T00:00:00.000
2989,20260621,20260608,260,232,161,385,233,16,3,1,FPOS002989,92.4000,4104.9300,4104.9300,1,1,2026-08-24T00:00:00.000
2990,20260712,20260811,269,198,106,240,491,33,7,1,FPOS002990,93.1000,4106.3000,4106.3000,1,1,2026-08-24T00:00:00.000
2991,20260612,20260527,300,234,105,36,373,423,9,3,FPOS002991,93.8000,4107.6700,4107.6700,1,1,2026-08-24T00:00:00.000
2992,20260711,20260608,393,344,4,-1,-1,173,5,3,FPOS002992,94.5000,4109.0400,4109.0400,1,1,2026-08-24T00:00:00.000
2993,20260607,20260626,356,132,22,497,310,243,4,5,FPOS002993,95.2000,4110.4100,4110.4100,1,1,2026-08-24T00:00:00.000
2994,20260613,20260812,164,387,25,103,72,190,8,3,FPOS002994,95.9000,4111.7800,4111.7800,1,1,2026-08-24T00:00:00.000
2995,20260823,20260620,139,280,160,385,34,461,7,1,FPOS002995,96.6000,4113.1500,4113.1500,1,1,2026-08-24T00:00:00.000
2996,20260614,20260820,121,4,265,55,432,156,4,1,FPOS002996,97.3000,4114.5200,4114.5200,1,1,2026-08-24T00:00:00.000
2997,20260704,20260806,414,386,25,294,112,179,8,4,FPOS002997,98.0000,4115.8900,4115.8900,1,1,2026-08-24T00:00:00.000
2998,20260617,20260622,89,243,325,205,12,265,8,4,FPOS002998,98.7000,4117.2600,4117.2600,1,1,2026-08-24T00:00:00.000
2999,20260718,20260703,176,484,268,8,91,41,5,1,FPOS002999,99.4000,4118.6300,4118.6300,1,1,2026-08-24T00:00:00.000
3000,20260612,20260601,102,79,186,230,433,115,7,3,FPOS003000,100.1000,4120.0000,4120.0000,1,1,2026-08-24T00:00:00.000
3001,20260626,20260804,303,377,29,468,74,84,6,5,FPOS003001,100.8000,4121.3700,4121.3700,1,1,2026-08-24T00:00:00.000
3002,20260808,20260528,107,225,158,400,299,322,4,1,FPOS003002,101.5000,4122.7400,4122.7400,1,1,2026-08-24T00:00:00.000
3003,20260728,20260602,460,484,162,324,219,277,6,3,FPOS003003,102.2000,4124.1100,4124.1100,1,1,2026-08-24T00:00:00.000
3004,20260714,20260717,1,265,248,114,500,86,1,4,FPOS003004,102.9000,4125.4800,4125.4800,1,1,2026-08-24T00:00:00.000
3005,20260819,20260706,251,136,118,2,389,60,9,2,FPOS003005,103.6000,4126.8500,4126.8500,1,1,2026-08-24T00:00:00.000
3006,20260806,20260720,161,289,205,210,358,223,9,5,FPOS003006,104.3000,4128.2200,4128.2200,1,1,2026-08-24T00:00:00.000
3007,20260527,20260709,234,11,303,84,407,292,1,1,FPOS003007,105.0000,4129.5900,4129.5900,1,1,2026-08-24T00:00:00.000
3008,20260531,20260705,431,344,178,20,415,125,7,2,FPOS003008,105.7000,4130.9600,4130.9600,1,1,2026-08-24T00:00:00.000
3009,20260703,20260705,484,21,220,-1,-1,204,5,3,FPOS003009,106.4000,4132.3300,4132.3300,1,1,2026-08-24T00:00:00.000
3010,20260606,20260803,418,206,250,176,219,466,10,2,FPOS003010,107.1000,4133.7000,4133.7000,1,1,2026-08-24T00:00:00.000
3011,20260731,20260628,374,292,151,388,91,420,4,5,FPOS003011,107.8000,4135.0700,4135.0700,1,1,2026-08-24T00:00:00.000
3012,20260716,20260626,75,497,195,191,160,208,5,2,FPOS003012,108.5000,4136.4400,4136.4400,1,1,2026-08-24T00:00:00.000
3013,20260703,20260705,409,480,149,482,228,417,5,3,FPOS003013,109.2000,4137.8100,4137.8100,1,1,2026-08-24T00:00:00.000
3014,20260815,20260628,215,52,80,488,237,447,7,2,FPOS003014,109.9000,4139.1800,4139.1800,1,1,2026-08-24T00:00:00.000
3015,20260616,20260815,314,464,204,335,335,50,9,1,FPOS003015,110.6000,4140.5500,4140.5500,1,1,2026-08-24T00:00:00.000
3016,20260620,20260627,205,465,273,219,402,452,5,5,FPOS003016,111.3000,4141.9200,4141.9200,1,1,2026-08-24T00:00:00.000
3017,20260810,20260809,6,187,234,378,430,435,4,1,FPOS003017,112.0000,4143.2900,4143.2900,1,1,2026-08-24T00:00:00.000
3018,20260615,20260606,326,205,187,148,433,97,10,4,FPOS003018,112.7000,4144.6600,4144.6600,1,1,2026-08-24T00:00:00.000
3019,20260802,20260528,339,74,161,420,322,451,2,4,FPOS003019,113.4000,4146.0300,4146.0300,1,1,2026-08-24T00:00:00.000
3020,20260629,20260730,355,199,195,401,493,59,8,5,FPOS003020,114.1000,4147.4000,4147.4000,1,1,2026-08-24T00:00:00.000
3021,20260718,20260705,107,370,68,152,125,441,7,3,FPOS003021,114.8000,4148.7700,4148.7700,1,1,2026-08-24T00:00:00.000
3022,20260628,20260618,423,447,124,273,473,4,6,2,FPOS003022,115.5000,4150.1400,4150.1400,1,1,2026-08-24T00:00:00.000
3023,20260818,20260628,482,103,112,496,30,339,2,4,FPOS003023,116.2000,4151.5100,4151.5100,1,1,2026-08-24T00:00:00.000
3024,20260726,20260727,276,220,148,50,93,222,10,5,FPOS003024,116.9000,4152.8800,4152.8800,1,1,2026-08-24T00:00:00.000
3025,20260719,20260621,197,471,299,442,232,280,3,1,FPOS003025,117.6000,4154.2500,4154.2500,1,1,2026-08-24T00:00:00.000
3026,20260702,20260817,339,271,173,-1,-1,362,7,2,FPOS003026,118.3000,4155.6200,4155.6200,1,1,2026-08-24T00:00:00.000
3027,20260815,20260621,453,363,284,202,177,387,1,5,FPOS003027,119.0000,4156.9900,4156.9900,1,1,2026-08-24T00:00:00.000
3028,20260731,20260803,265,360,115,292,147,243,4,4,FPOS003028,119.7000,4158.3600,4158.3600,1,1,2026-08-24T00:00:00.000
3029,20260630,20260803,498,78,345,347,59,300,4,2,FPOS003029,120.4000,4159.7300,4159.7300,1,1,2026-08-24T00:00:00.000
3030,20260817,20260604,306,467,39,462,287,114,9,3,FPOS003030,121.1000,4161.1000,4161.1000,1,1,2026-08-24T00:00:00.000
3031,20260803,20260721,27,49,52,336,418,87,10,4,FPOS003031,121.8000,4162.4700,4162.4700,1,1,2026-08-24T00:00:00.000
3032,20260622,20260531,259,337,264,430,208,14,4,5,FPOS003032,122.5000,4163.8400,4163.8400,1,1,2026-08-24T00:00:00.000
3033,20260726,20260805,457,377,58,161,164,153,2,1,FPOS003033,123.2000,4165.2100,4165.2100,1,1,2026-08-24T00:00:00.000
3034,20260716,20260718,328,348,14,47,389,180,8,5,FPOS003034,123.9000,4166.5800,4166.5800,1,1,2026-08-24T00:00:00.000
3035,20260703,20260613,500,306,168,356,441,139,4,2,FPOS003035,124.6000,4167.9500,4167.9500,1,1,2026-08-24T00:00:00.000
3036,20260703,20260701,76,411,260,184,459,205,2,5,FPOS003036,125.3000,4169.3200,4169.3200,1,1,2026-08-24T00:00:00.000
3037,20260824,20260627,10,333,180,86,229,133,5,4,FPOS003037,126.0000,4170.6900,4170.6900,1,1,2026-08-24T00:00:00.000
3038,20260628,20260803,122,224,269,471,204,313,9,1,FPOS003038,126.7000,4172.0600,4172.0600,1,1,2026-08-24T00:00:00.000
3039,20260704,20260627,116,447,71,263,114,461,8,5,FPOS003039,127.4000,4173.4300,4173.4300,1,1,2026-08-24T00:00:00.000
3040,20260723,20260812,279,129,218,480,347,305,8,2,FPOS003040,128.1000,4174.8000,4174.8000,1,1,2026-08-24T00:00:00.000
3041,20260627,20260630,252,429,34,340,393,32,2,3,FPOS003041,128.8000,4176.1700,4176.1700,1,1,2026-08-24T00:00:00.000
3042,20260613,20260821,192,369,79,403,355,48,9,3,FPOS003042,129.5000,4177.5400,4177.5400,1,1,2026-08-24T00:00:00.000
3043,20260528,20260816,42,84,257,-1,-1,469,2,1,FPOS003043,130.2000,4178.9100,4178.9100,1,1,2026-08-24T00:00:00.000
3044,20260623,20260610,200,71,145,299,242,95,5,3,FPOS003044,130.9000,4180.2800,4180.2800,1,1,2026-08-24T00:00:00.000
3045,20260802,20260806,36,311,345,239,255,84,3,4,FPOS003045,131.6000,4181.6500,4181.6500,1,1,2026-08-24T00:00:00.000
3046,20260618,20260613,337,250,332,81,361,367,6,3,FPOS003046,132.3000,4183.0200,4183.0200,1,1,2026-08-24T00:00:00.000
3047,20260608,20260619,152,90,162,190,221,69,8,3,FPOS003047,133.0000,4184.3900,4184.3900,1,1,2026-08-24T00:00:00.000
3048,20260626,20260618,330,445,86,379,310,466,5,3,FPOS003048,133.7000,4185.7600,4185.7600,1,1,2026-08-24T00:00:00.000
3049,20260718,20260617,138,380,45,117,106,228,9,1,FPOS003049,134.4000,4187.1300,4187.1300,1,1,2026-08-24T00:00:00.000
3050,20260701,20260625,104,283,168,404,190,194,6,2,FPOS003050,135.1000,4188.5000,4188.5000,1,1,2026-08-24T00:00:00.000
3051,20260808,20260721,52,435,16,131,9,113,8,5,FPOS003051,135.8000,4189.8700,4189.8700,1,1,2026-08-24T00:00:00.000
3052,20260716,20260823,276,453,165,405,486,34,5,2,FPOS003052,136.5000,4191.2400,4191.2400,1,1,2026-08-24T00:00:00.000
3053,20260603,20260529,15,294,161,350,29,293,1,1,FPOS003053,137.2000,4192.6100,4192.6100,1,1,2026-08-24T00:00:00.000
3054,20260609,20260713,220,88,319,138,463,163,6,4,FPOS003054,137.9000,4193.9800,4193.9800,1,1,2026-08-24T00:00:00.000
3055,20260712,20260626,100,20,67,352,95,86,6,2,FPOS003055,138.6000,4195.3500,4195.3500,1,1,2026-08-24T00:00:00.000
3056,20260628,20260824,378,173,49,379,46,381,1,3,FPOS003056,139.3000,4196.7200,4196.7200,1,1,2026-08-24T00:00:00.000
3057,20260625,20260812,75,131,194,214,445,378,4,4,FPOS003057,140.0000,4198.0900,4198.0900,1,1,2026-08-24T00:00:00.000
3058,20260713,20260716,79,262,323,471,254,304,8,3,FPOS003058,140.7000,4199.4600,4199.4600,1,1,2026-08-24T00:00:00.000
3059,20260614,20260528,207,294,19,354,166,152,1,1,FPOS003059,141.4000,4200.8300,4200.8300,1,1,2026-08-24T00:00:00.000
3060,20260823,20260712,201,52,267,-1,-1,83,3,4,FPOS003060,142.1000,4202.2000,4202.2000,1,1,2026-08-24T00:00:00.000
3061,20260610,20260706,77,250,151,42,476,384,1,4,FPOS003061,142.8000,4203.5700,4203.5700,1,1,2026-08-24T00:00:00.000
3062,20260802,20260728,437,97,254,24,497,339,3,1,FPOS003062,143.5000,4204.9400,4204.9400,1,1,2026-08-24T00:00:00.000
3063,20260808,20260801,393,431,120,138,242,417,7,4,FPOS003063,144.2000,4206.3100,4206.3100,1,1,2026-08-24T00:00:00.000
3064,20260802,20260531,389,251,61,372,458,78,9,5,FPOS003064,144.9000,4207.6800,4207.6800,1,1,2026-08-24T00:00:00.000
3065,20260527,20260809,91,83,242,442,482,233,3,5,FPOS003065,145.6000,4209.0500,4209.0500,1,1,2026-08-24T00:00:00.000
3066,20260626,20260726,153,159,301,178,360,414,6,4,FPOS003066,146.3000,4210.4200,4210.4200,1,1,2026-08-24T00:00:00.000
3067,20260703,20260731,122,442,136,494,69,397,5,1,FPOS003067,147.0000,4211.7900,4211.7900,1,1,2026-08-24T00:00:00.000
3068,20260713,20260630,119,217,28,215,101,214,5,5,FPOS003068,147.7000,4213.1600,4213.1600,1,1,2026-08-24T00:00:00.000
3069,20260710,20260606,179,150,135,274,432,354,1,3,FPOS003069,148.4000,4214.5300,4214.5300,1,1,2026-08-24T00:00:00.000
3070,20260730,20260723,258,289,122,94,241,305,9,4,FPOS003070,149.1000,4215.9000,4215.9000,1,1,2026-08-24T00:00:00.000
3071,20260718,20260715,126,24,159,6,8,132,7,5,FPOS003071,149.8000,4217.2700,4217.2700,1,1,2026-08-24T00:00:00.000
3072,20260616,20260702,11,290,211,127,439,267,2,5,FPOS003072,150.5000,4218.6400,4218.6400,1,1,2026-08-24T00:00:00.000
3073,20260806,20260803,478,336,2,424,285,180,5,2,FPOS003073,151.2000,4220.0100,4220.0100,1,1,2026-08-24T00:00:00.000
3074,20260704,20260609,184,266,193,262,191,191,3,1,FPOS003074,151.9000,4221.3800,4221.3800,1,1,2026-08-24T00:00:00.000
3075,20260817,20260729,239,274,136,125,15,2,1,4,FPOS003075,152.6000,4222.7500,4222.7500,1,1,2026-08-24T00:00:00.000
3076,20260713,20260628,34,279,164,489,149,371,2,5,FPOS003076,153.3000,4224.1200,4224.1200,1,1,2026-08-24T00:00:00.000
3077,20260610,20260726,297,497,252,-1,-1,12,3,2,FPOS003077,154.0000,4225.4900,4225.4900,1,1,2026-08-24T00:00:00.000
3078,20260726,20260819,98,369,53,11,432,392,3,4,FPOS003078,154.7000,4226.8600,4226.8600,1,1,2026-08-24T00:00:00.000
3079,20260719,20260630,126,148,158,356,473,275,6,4,FPOS003079,155.4000,4228.2300,4228.2300,1,1,2026-08-24T00:00:00.000
3080,20260607,20260810,24,237,167,402,47,128,8,1,FPOS003080,156.1000,4229.6000,4229.6000,1,1,2026-08-24T00:00:00.000
3081,20260616,20260820,101,21,247,406,345,489,8,3,FPOS003081,156.8000,4230.9700,4230.9700,1,1,2026-08-24T00:00:00.000
3082,20260806,20260606,489,398,112,260,190,117,6,3,FPOS003082,157.5000,4232.3400,4232.3400,1,1,2026-08-24T00:00:00.000
3083,20260724,20260718,483,435,191,262,86,441,10,3,FPOS003083,158.2000,4233.7100,4233.7100,1,1,2026-08-24T00:00:00.000
3084,20260626,20260602,405,145,54,330,469,293,5,1,FPOS003084,158.9000,4235.0800,4235.0800,1,1,2026-08-24T00:00:00.000
3085,20260724,20260819,299,287,270,74,131,150,1,5,FPOS003085,159.6000,4236.4500,4236.4500,1,1,2026-08-24T00:00:00.000
3086,20260612,20260623,294,161,267,467,497,386,2,1,FPOS003086,160.3000,4237.8200,4237.8200,1,1,2026-08-24T00:00:00.000
3087,20260809,20260610,241,231,218,362,65,283,3,4,FPOS003087,161.0000,4239.1900,4239.1900,1,1,2026-08-24T00:00:00.000
3088,20260801,20260614,155,115,282,210,4,432,4,1,FPOS003088,161.7000,4240.5600,4240.5600,1,1,2026-08-24T00:00:00.000
3089,20260617,20260824,478,41,277,270,202,350,7,1,FPOS003089,162.4000,4241.9300,4241.9300,1,1,2026-08-24T00:00:00.000
3090,20260623,20260604,26,382,329,200,285,447,10,4,FPOS003090,163.1000,4243.3000,4243.3000,1,1,2026-08-24T00:00:00.000
3091,20260626,20260608,117,368,226,19,54,338,8,1,FPOS003091,163.8000,4244.6700,4244.6700,1,1,2026-08-24T00:00:00.000
3092,20260604,20260817,64,412,323,444,89,192,10,2,FPOS003092,164.5000,4246.0400,4246.0400,1,1,2026-08-24T00:00:00.000
3093,20260817,20260713,50,233,7,45,244,29,6,3,FPOS003093,165.2000,4247.4100,4247.4100,1,1,2026-08-24T00:00:00.000
3094,20260730,20260729,420,353,317,-1,-1,263,3,5,FPOS003094,165.9000,4248.7800,4248.7800,1,1,2026-08-24T00:00:00.000
3095,20260814,20260728,201,207,22,486,124,207,4,1,FPOS003095,166.6000,4250.1500,4250.1500,1,1,2026-08-24T00:00:00.000
3096,20260730,20260706,137,7,282,285,206,372,3,1,FPOS003096,167.3000,4251.5200,4251.5200,1,1,2026-08-24T00:00:00.000
3097,20260609,20260607,164,124,161,115,19,191,2,2,FPOS003097,168.0000,4252.8900,4252.8900,1,1,2026-08-24T00:00:00.000
3098,20260705,20260720,26,276,79,345,399,390,5,5,FPOS003098,168.7000,4254.2600,4254.2600,1,1,2026-08-24T00:00:00.000
3099,20260531,20260729,21,404,204,454,41,456,9,5,FPOS003099,169.4000,4255.6300,4255.6300,1,1,2026-08-24T00:00:00.000
3100,20260820,20260816,44,259,139,182,365,223,9,4,FPOS003100,170.1000,4257.0000,4257.0000,1,1,2026-08-24T00:00:00.000
3101,20260603,20260605,54,244,327,114,186,298,4,2,FPOS003101,170.8000,4258.3700,4258.3700,1,1,2026-08-24T00:00:00.000
3102,20260707,20260727,320,337,16,425,116,473,7,4,FPOS003102,171.5000,4259.7400,4259.7400,1,1,2026-08-24T00:00:00.000
3103,20260817,20260607,395,143,50,136,231,31,2,5,FPOS003103,172.2000,4261.1100,4261.1100,1,1,2026-08-24T00:00:00.000
3104,20260723,20260720,199,470,254,39,496,184,7,1,FPOS003104,172.9000,4262.4800,4262.4800,1,1,2026-08-24T00:00:00.000
3105,20260810,20260619,208,42,232,285,71,257,3,5,FPOS003105,173.6000,4263.8500,4263.8500,1,1,2026-08-24T00:00:00.000
3106,20260805,20260618,366,91,16,478,332,219,4,3,FPOS003106,174.3000,4265.2200,4265.2200,1,1,2026-08-24T00:00:00.000
3107,20260727,20260802,344,296,311,443,109,451,7,2,FPOS003107,175.0000,4266.5900,4266.5900,1,1,2026-08-24T00:00:00.000
3108,20260627,20260813,177,140,166,369,437,455,9,3,FPOS003108,175.7000,4267.9600,4267.9600,1,1,2026-08-24T00:00:00.000
3109,20260812,20260601,264,422,195,455,46,101,10,3,FPOS003109,176.4000,4269.3300,4269.3300,1,1,2026-08-24T00:00:00.000
3110,20260813,20260723,161,13,105,367,465,413,4,4,FPOS003110,177.1000,4270.7000,4270.7000,1,1,2026-08-24T00:00:00.000
3111,20260703,20260713,441,383,9,-1,-1,140,7,1,FPOS003111,177.8000,4272.0700,4272.0700,1,1,2026-08-24T00:00:00.000
3112,20260823,20260703,68,385,55,461,35,474,8,5,FPOS003112,178.5000,4273.4400,4273.4400,1,1,2026-08-24T00:00:00.000
3113,20260702,20260614,467,5,118,265,354,442,8,2,FPOS003113,179.2000,4274.8100,4274.8100,1,1,2026-08-24T00:00:00.000
3114,20260727,20260708,93,377,193,447,260,72,6,4,FPOS003114,179.9000,4276.1800,4276.1800,1,1,2026-08-24T00:00:00.000
3115,20260605,20260714,31,86,74,403,94,346,7,2,FPOS003115,180.6000,4277.5500,4277.5500,1,1,2026-08-24T00:00:00.000
3116,20260702,20260707,165,77,305,179,221,132,4,5,FPOS003116,181.3000,4278.9200,4278.9200,1,1,2026-08-24T00:00:00.000
3117,20260804,20260613,151,482,289,281,149,390,8,3,FPOS003117,182.0000,4280.2900,4280.2900,1,1,2026-08-24T00:00:00.000
3118,20260811,20260718,54,27,215,286,1,243,3,4,FPOS003118,182.7000,4281.6600,4281.6600,1,1,2026-08-24T00:00:00.000
3119,20260815,20260813,303,291,43,89,351,58,10,4,FPOS003119,183.4000,4283.0300,4283.0300,1,1,2026-08-24T00:00:00.000
3120,20260711,20260707,418,415,316,452,275,474,2,2,FPOS003120,184.1000,4284.4000,4284.4000,1,1,2026-08-24T00:00:00.000
3121,20260714,20260619,41,241,218,149,307,155,1,2,FPOS003121,184.8000,4285.7700,4285.7700,1,1,2026-08-24T00:00:00.000
3122,20260625,20260605,405,325,311,377,483,24,8,2,FPOS003122,185.5000,4287.1400,4287.1400,1,1,2026-08-24T00:00:00.000
3123,20260823,20260811,500,103,17,358,355,349,4,2,FPOS003123,186.2000,4288.5100,4288.5100,1,1,2026-08-24T00:00:00.000
3124,20260605,20260802,421,297,323,372,5,58,9,5,FPOS003124,186.9000,4289.8800,4289.8800,1,1,2026-08-24T00:00:00.000
3125,20260818,20260809,478,260,102,203,366,171,10,3,FPOS003125,187.6000,4291.2500,4291.2500,1,1,2026-08-24T00:00:00.000
3126,20260730,20260602,94,270,244,341,78,76,3,1,FPOS003126,188.3000,4292.6200,4292.6200,1,1,2026-08-24T00:00:00.000
3127,20260601,20260722,256,242,206,384,54,53,1,1,FPOS003127,189.0000,4293.9900,4293.9900,1,1,2026-08-24T00:00:00.000
3128,20260718,20260802,383,347,120,-1,-1,31,7,4,FPOS003128,189.7000,4295.3600,4295.3600,1,1,2026-08-24T00:00:00.000
3129,20260620,20260622,213,185,66,200,252,310,8,5,FPOS003129,190.4000,4296.7300,4296.7300,1,1,2026-08-24T00:00:00.000
3130,20260722,20260820,482,236,173,389,323,176,1,1,FPOS003130,191.1000,4298.1000,4298.1000,1,1,2026-08-24T00:00:00.000
3131,20260819,20260823,304,267,117,114,213,70,1,4,FPOS003131,191.8000,4299.4700,4299.4700,1,1,2026-08-24T00:00:00.000
3132,20260614,20260820,422,258,95,60,169,26,2,3,FPOS003132,192.5000,4300.8400,4300.8400,1,1,2026-08-24T00:00:00.000
3133,20260726,20260815,229,350,345,125,393,71,3,5,FPOS003133,193.2000,4302.2100,4302.2100,1,1,2026-08-24T00:00:00.000
3134,20260703,20260720,472,328,232,434,337,330,10,1,FPOS003134,193.9000,4303.5800,4303.5800,1,1,2026-08-24T00:00:00.000
3135,20260815,20260823,327,17,278,232,254,110,1,3,FPOS003135,194.6000,4304.9500,4304.9500,1,1,2026-08-24T00:00:00.000
3136,20260812,20260625,20,187,175,377,248,322,5,4,FPOS003136,195.3000,4306.3200,4306.3200,1,1,2026-08-24T00:00:00.000
3137,20260621,20260703,1,177,273,51,180,309,9,3,FPOS003137,196.0000,4307.6900,4307.6900,1,1,2026-08-24T00:00:00.000
3138,20260824,20260811,239,354,290,312,64,353,7,3,FPOS003138,196.7000,4309.0600,4309.0600,1,1,2026-08-24T00:00:00.000
3139,20260626,20260714,27,86,267,423,406,157,4,4,FPOS003139,197.4000,4310.4300,4310.4300,1,1,2026-08-24T00:00:00.000
3140,20260629,20260608,327,218,274,163,388,138,10,2,FPOS003140,198.1000,4311.8000,4311.8000,1,1,2026-08-24T00:00:00.000
3141,20260701,20260804,228,307,141,433,101,159,10,2,FPOS003141,198.8000,4313.1700,4313.1700,1,1,2026-08-24T00:00:00.000
3142,20260811,20260614,216,134,338,43,17,208,6,1,FPOS003142,199.5000,4314.5400,4314.5400,1,1,2026-08-24T00:00:00.000
3143,20260708,20260810,478,181,295,117,217,298,5,2,FPOS003143,200.2000,4315.9100,4315.9100,1,1,2026-08-24T00:00:00.000
3144,20260814,20260807,63,401,54,203,442,344,1,5,FPOS003144,200.9000,4317.2800,4317.2800,1,1,2026-08-24T00:00:00.000
3145,20260720,20260716,149,263,130,-1,-1,86,5,3,FPOS003145,201.6000,4318.6500,4318.6500,1,1,2026-08-24T00:00:00.000
3146,20260714,20260727,169,313,334,452,318,317,9,4,FPOS003146,202.3000,4320.0200,4320.0200,1,1,2026-08-24T00:00:00.000
3147,20260729,20260809,474,365,151,261,462,215,1,5,FPOS003147,203.0000,4321.3900,4321.3900,1,1,2026-08-24T00:00:00.000
3148,20260702,20260616,192,34,233,87,438,152,2,5,FPOS003148,203.7000,4322.7600,4322.7600,1,1,2026-08-24T00:00:00.000
3149,20260731,20260813,161,28,164,89,152,199,3,2,FPOS003149,204.4000,4324.1300,4324.1300,1,1,2026-08-24T00:00:00.000
3150,20260824,20260609,489,5,336,347,200,449,1,3,FPOS003150,205.1000,4325.5000,4325.5000,1,1,2026-08-24T00:00:00.000
3151,20260817,20260817,111,355,191,434,299,142,9,5,FPOS003151,205.8000,4326.8700,4326.8700,1,1,2026-08-24T00:00:00.000
3152,20260706,20260820,268,140,50,480,285,476,9,1,FPOS003152,206.5000,4328.2400,4328.2400,1,1,2026-08-24T00:00:00.000
3153,20260727,20260707,248,496,24,349,198,113,5,1,FPOS003153,207.2000,4329.6100,4329.6100,1,1,2026-08-24T00:00:00.000
3154,20260822,20260811,36,392,129,58,140,399,1,5,FPOS003154,207.9000,4330.9800,4330.9800,1,1,2026-08-24T00:00:00.000
3155,20260628,20260622,339,211,160,250,270,354,2,2,FPOS003155,208.6000,4332.3500,4332.3500,1,1,2026-08-24T00:00:00.000
3156,20260820,20260818,103,224,252,436,480,252,10,3,FPOS003156,209.3000,4333.7200,4333.7200,1,1,2026-08-24T00:00:00.000
3157,20260604,20260819,242,486,270,313,17,303,3,1,FPOS003157,210.0000,4335.0900,4335.0900,1,1,2026-08-24T00:00:00.000
3158,20260724,20260606,83,310,304,383,408,173,5,3,FPOS003158,210.7000,4336.4600,4336.4600,1,1,2026-08-24T00:00:00.000
3159,20260602,20260708,147,469,32,169,81,118,9,3,FPOS003159,211.4000,4337.8300,4337.8300,1,1,2026-08-24T00:00:00.000
3160,20260811,20260713,450,485,179,206,186,478,4,1,FPOS003160,212.1000,4339.2000,4339.2000,1,1,2026-08-24T00:00:00.000
3161,20260718,20260703,49,355,332,316,187,177,5,3,FPOS003161,212.8000,4340.5700,4340.5700,1,1,2026-08-24T00:00:00.000
3162,20260807,20260822,314,294,120,-1,-1,20,1,2,FPOS003162,213.5000,4341.9400,4341.9400,1,1,2026-08-24T00:00:00.000
3163,20260804,20260702,209,385,122,137,428,82,5,2,FPOS003163,214.2000,4343.3100,4343.3100,1,1,2026-08-24T00:00:00.000
3164,20260803,20260816,98,281,107,80,39,287,5,4,FPOS003164,214.9000,4344.6800,4344.6800,1,1,2026-08-24T00:00:00.000
3165,20260529,20260527,146,89,256,465,116,41,3,4,FPOS003165,215.6000,4346.0500,4346.0500,1,1,2026-08-24T00:00:00.000
3166,20260627,20260729,245,70,340,117,116,8,6,5,FPOS003166,216.3000,4347.4200,4347.4200,1,1,2026-08-24T00:00:00.000
3167,20260606,20260704,354,385,270,404,217,422,8,4,FPOS003167,217.0000,4348.7900,4348.7900,1,1,2026-08-24T00:00:00.000
3168,20260816,20260818,484,314,70,198,439,418,10,5,FPOS003168,217.7000,4350.1600,4350.1600,1,1,2026-08-24T00:00:00.000
3169,20260820,20260730,69,273,199,59,156,97,3,2,FPOS003169,218.4000,4351.5300,4351.5300,1,1,2026-08-24T00:00:00.000
3170,20260815,20260725,469,196,326,53,334,144,1,5,FPOS003170,219.1000,4352.9000,4352.9000,1,1,2026-08-24T00:00:00.000
3171,20260602,20260601,409,135,303,422,340,214,4,1,FPOS003171,219.8000,4354.2700,4354.2700,1,1,2026-08-24T00:00:00.000
3172,20260815,20260712,218,447,183,425,183,317,5,3,FPOS003172,220.5000,4355.6400,4355.6400,1,1,2026-08-24T00:00:00.000
3173,20260808,20260817,456,340,139,467,268,282,1,1,FPOS003173,221.2000,4357.0100,4357.0100,1,1,2026-08-24T00:00:00.000
3174,20260803,20260714,102,179,283,440,87,82,6,1,FPOS003174,221.9000,4358.3800,4358.3800,1,1,2026-08-24T00:00:00.000
3175,20260804,20260702,106,94,288,102,17,188,8,3,FPOS003175,222.6000,4359.7500,4359.7500,1,1,2026-08-24T00:00:00.000
3176,20260806,20260804,137,298,101,443,407,334,8,4,FPOS003176,223.3000,4361.1200,4361.1200,1,1,2026-08-24T00:00:00.000
3177,20260628,20260706,467,217,270,454,143,202,4,4,FPOS003177,224.0000,4362.4900,4362.4900,1,1,2026-08-24T00:00:00.000
3178,20260718,20260803,155,275,56,61,260,160,1,5,FPOS003178,224.7000,4363.8600,4363.8600,1,1,2026-08-24T00:00:00.000
3179,20260601,20260608,199,317,90,-1,-1,56,10,4,FPOS003179,225.4000,4365.2300,4365.2300,1,1,2026-08-24T00:00:00.000
3180,20260717,20260708,480,187,162,305,245,445,6,1,FPOS003180,226.1000,4366.6000,4366.6000,1,1,2026-08-24T00:00:00.000
3181,20260706,20260610,186,296,18,251,20,412,9,3,FPOS003181,226.8000,4367.9700,4367.9700,1,1,2026-08-24T00:00:00.000
3182,20260610,20260709,60,230,8,206,140,372,2,5,FPOS003182,227.5000,4369.3400,4369.3400,1,1,2026-08-24T00:00:00.000
3183,20260802,20260616,388,391,345,245,488,118,5,3,FPOS003183,228.2000,4370.7100,4370.7100,1,1,2026-08-24T00:00:00.000
3184,20260606,20260805,499,159,320,240,360,339,4,2,FPOS003184,228.9000,4372.0800,4372.0800,1,1,2026-08-24T00:00:00.000
3185,20260601,20260814,124,335,267,130,148,346,10,4,FPOS003185,229.6000,4373.4500,4373.4500,1,1,2026-08-24T00:00:00.000
3186,20260802,20260628,492,406,105,475,369,427,10,4,FPOS003186,230.3000,4374.8200,4374.8200,1,1,2026-08-24T00:00:00.000
3187,20260810,20260702,321,336,67,477,260,204,7,2,FPOS003187,231.0000,4376.1900,4376.1900,1,1,2026-08-24T00:00:00.000
3188,20260808,20260531,33,29,86,383,272,257,10,4,FPOS003188,231.7000,4377.5600,4377.5600,1,1,2026-08-24T00:00:00.000
3189,20260626,20260612,236,74,114,170,90,237,7,4,FPOS003189,232.4000,4378.9300,4378.9300,1,1,2026-08-24T00:00:00.000
3190,20260723,20260801,5,111,241,346,368,391,5,2,FPOS003190,233.1000,4380.3000,4380.3000,1,1,2026-08-24T00:00:00.000
3191,20260531,20260611,337,274,299,203,499,157,2,5,FPOS003191,233.8000,4381.6700,4381.6700,1,1,2026-08-24T00:00:00.000
3192,20260623,20260626,323,424,145,265,495,17,3,4,FPOS003192,234.5000,4383.0400,4383.0400,1,1,2026-08-24T00:00:00.000
3193,20260712,20260616,79,339,128,478,348,20,10,4,FPOS003193,235.2000,4384.4100,4384.4100,1,1,2026-08-24T00:00:00.000
3194,20260701,20260623,164,468,315,305,113,23,7,5,FPOS003194,235.9000,4385.7800,4385.7800,1,1,2026-08-24T00:00:00.000
3195,20260816,20260803,278,35,307,499,319,189,7,1,FPOS003195,236.6000,4387.1500,4387.1500,1,1,2026-08-24T00:00:00.000
3196,20260701,20260629,432,71,316,-1,-1,179,6,4,FPOS003196,237.3000,4388.5200,4388.5200,1,1,2026-08-24T00:00:00.000
3197,20260806,20260624,138,131,335,402,449,370,8,4,FPOS003197,238.0000,4389.8900,4389.8900,1,1,2026-08-24T00:00:00.000
3198,20260723,20260527,413,233,114,383,106,189,5,3,FPOS003198,238.7000,4391.2600,4391.2600,1,1,2026-08-24T00:00:00.000
3199,20260806,20260727,227,210,323,55,192,190,8,3,FPOS003199,239.4000,4392.6300,4392.6300,1,1,2026-08-24T00:00:00.000
3200,20260813,20260816,149,95,23,457,443,57,4,4,FPOS003200,240.1000,4394.0000,4394.0000,1,1,2026-08-24T00:00:00.000
3201,20260703,20260610,28,10,174,436,197,475,10,1,FPOS003201,240.8000,4395.3700,4395.3700,1,1,2026-08-24T00:00:00.000
3202,20260530,20260719,414,371,294,396,356,166,4,5,FPOS003202,241.5000,4396.7400,4396.7400,1,1,2026-08-24T00:00:00.000
3203,20260706,20260611,154,389,29,359,466,232,7,4,FPOS003203,242.2000,4398.1100,4398.1100,1,1,2026-08-24T00:00:00.000
3204,20260823,20260710,280,84,2,43,215,468,1,5,FPOS003204,242.9000,4399.4800,4399.4800,1,1,2026-08-24T00:00:00.000
3205,20260713,20260730,251,207,188,394,496,381,3,4,FPOS003205,243.6000,4400.8500,4400.8500,1,1,2026-08-24T00:00:00.000
3206,20260707,20260619,380,42,170,48,51,215,2,3,FPOS003206,244.3000,4402.2200,4402.2200,1,1,2026-08-24T00:00:00.000
3207,20260630,20260717,12,19,27,60,186,148,8,4,FPOS003207,245.0000,4403.5900,4403.5900,1,1,2026-08-24T00:00:00.000
3208,20260607,20260629,352,438,36,442,301,248,2,2,FPOS003208,245.7000,4404.9600,4404.9600,1,1,2026-08-24T00:00:00.000
3209,20260813,20260530,486,33,34,369,459,499,10,2,FPOS003209,246.4000,4406.3300,4406.3300,1,1,2026-08-24T00:00:00.000
3210,20260802,20260717,26,262,283,419,374,431,8,4,FPOS003210,247.1000,4407.7000,4407.7000,1,1,2026-08-24T00:00:00.000
3211,20260812,20260618,445,309,6,75,347,394,2,5,FPOS003211,247.8000,4409.0700,4409.0700,1,1,2026-08-24T00:00:00.000
3212,20260709,20260705,201,125,212,415,85,184,9,2,FPOS003212,248.5000,4410.4400,4410.4400,1,1,2026-08-24T00:00:00.000
3213,20260710,20260727,294,112,350,-1,-1,261,3,5,FPOS003213,249.2000,4411.8100,4411.8100,1,1,2026-08-24T00:00:00.000
3214,20260817,20260622,425,26,345,21,50,444,3,1,FPOS003214,249.9000,4413.1800,4413.1800,1,1,2026-08-24T00:00:00.000
3215,20260529,20260801,39,275,143,241,135,330,4,3,FPOS003215,250.6000,4414.5500,4414.5500,1,1,2026-08-24T00:00:00.000
3216,20260620,20260808,7,326,350,462,113,430,9,3,FPOS003216,251.3000,4415.9200,4415.9200,1,1,2026-08-24T00:00:00.000
3217,20260711,20260628,341,109,270,234,105,332,7,1,FPOS003217,252.0000,4417.2900,4417.2900,1,1,2026-08-24T00:00:00.000
3218,20260622,20260725,436,143,86,3,372,470,7,2,FPOS003218,252.7000,4418.6600,4418.6600,1,1,2026-08-24T00:00:00.000
3219,20260620,20260621,467,387,34,50,302,283,6,3,FPOS003219,253.4000,4420.0300,4420.0300,1,1,2026-08-24T00:00:00.000
3220,20260529,20260718,73,136,325,497,227,50,8,4,FPOS003220,254.1000,4421.4000,4421.4000,1,1,2026-08-24T00:00:00.000
3221,20260610,20260602,448,244,26,158,141,432,1,4,FPOS003221,254.8000,4422.7700,4422.7700,1,1,2026-08-24T00:00:00.000
3222,20260715,20260711,438,5,250,160,266,93,4,1,FPOS003222,255.5000,4424.1400,4424.1400,1,1,2026-08-24T00:00:00.000
3223,20260807,20260727,269,490,40,473,212,121,3,3,FPOS003223,256.2000,4425.5100,4425.5100,1,1,2026-08-24T00:00:00.000
3224,20260801,20260704,462,106,81,365,242,448,10,4,FPOS003224,256.9000,4426.8800,4426.8800,1,1,2026-08-24T00:00:00.000
3225,20260610,20260722,151,211,126,224,197,21,1,5,FPOS003225,257.6000,4428.2500,4428.2500,1,1,2026-08-24T00:00:00.000
3226,20260601,20260727,411,462,137,150,178,234,5,5,FPOS003226,258.3000,4429.6200,4429.6200,1,1,2026-08-24T00:00:00.000
3227,20260808,20260707,51,230,186,448,16,42,8,5,FPOS003227,259.0000,4430.9900,4430.9900,1,1,2026-08-24T00:00:00.000
3228,20260725,20260619,210,169,226,275,229,422,3,5,FPOS003228,259.7000,4432.3600,4432.3600,1,1,2026-08-24T00:00:00.000
3229,20260720,20260609,195,69,49,493,182,365,7,4,FPOS003229,260.4000,4433.7300,4433.7300,1,1,2026-08-24T00:00:00.000
3230,20260801,20260627,75,265,339,-1,-1,317,5,1,FPOS003230,261.1000,4435.1000,4435.1000,1,1,2026-08-24T00:00:00.000
3231,20260725,20260727,228,132,64,232,335,68,6,5,FPOS003231,261.8000,4436.4700,4436.4700,1,1,2026-08-24T00:00:00.000
3232,20260614,20260601,439,209,319,304,197,471,9,5,FPOS003232,262.5000,4437.8400,4437.8400,1,1,2026-08-24T00:00:00.000
3233,20260727,20260712,67,449,1,355,225,119,4,3,FPOS003233,263.2000,4439.2100,4439.2100,1,1,2026-08-24T00:00:00.000
3234,20260531,20260815,230,364,175,360,57,324,6,1,FPOS003234,263.9000,4440.5800,4440.5800,1,1,2026-08-24T00:00:00.000
3235,20260621,20260627,496,10,106,235,35,397,10,4,FPOS003235,264.6000,4441.9500,4441.9500,1,1,2026-08-24T00:00:00.000
3236,20260721,20260717,120,271,222,283,404,325,7,3,FPOS003236,265.3000,4443.3200,4443.3200,1,1,2026-08-24T00:00:00.000
3237,20260812,20260713,2,384,38,42,448,212,5,2,FPOS003237,266.0000,4444.6900,4444.6900,1,1,2026-08-24T00:00:00.000
3238,20260719,20260605,101,486,248,169,418,298,2,5,FPOS003238,266.7000,4446.0600,4446.0600,1,1,2026-08-24T00:00:00.000
3239,20260717,20260727,166,348,344,291,155,12,7,2,FPOS003239,267.4000,4447.4300,4447.4300,1,1,2026-08-24T00:00:00.000
3240,20260730,20260605,136,404,151,373,488,153,1,1,FPOS003240,268.1000,4448.8000,4448.8000,1,1,2026-08-24T00:00:00.000
3241,20260716,20260530,288,91,2,264,228,307,2,3,FPOS003241,268.8000,4450.1700,4450.1700,1,1,2026-08-24T00:00:00.000
3242,20260820,20260610,138,209,192,292,246,48,1,3,FPOS003242,269.5000,4451.5400,4451.5400,1,1,2026-08-24T00:00:00.000
3243,20260628,20260807,235,35,261,287,216,255,5,1,FPOS003243,270.2000,4452.9100,4452.9100,1,1,2026-08-24T00:00:00.000
3244,20260531,20260530,449,174,211,369,185,205,9,3,FPOS003244,270.9000,4454.2800,4454.2800,1,1,2026-08-24T00:00:00.000
3245,20260728,20260810,352,216,114,335,210,325,10,4,FPOS003245,271.6000,4455.6500,4455.6500,1,1,2026-08-24T00:00:00.000
3246,20260817,20260709,225,357,230,142,359,224,3,4,FPOS003246,272.3000,4457.0200,4457.0200,1,1,2026-08-24T00:00:00.000
3247,20260809,20260713,317,94,97,-1,-1,330,9,1,FPOS003247,273.0000,4458.3900,4458.3900,1,1,2026-08-24T00:00:00.000
3248,20260729,20260805,214,40,201,400,447,115,5,1,FPOS003248,273.7000,4459.7600,4459.7600,1,1,2026-08-24T00:00:00.000
3249,20260626,20260705,95,321,248,160,481,41,7,4,FPOS003249,274.4000,4461.1300,4461.1300,1,1,2026-08-24T00:00:00.000
3250,20260611,20260807,227,270,187,92,212,275,2,2,FPOS003250,275.1000,4462.5000,4462.5000,1,1,2026-08-24T00:00:00.000
3251,20260815,20260729,48,299,346,234,481,1,7,5,FPOS003251,275.8000,4463.8700,4463.8700,1,1,2026-08-24T00:00:00.000
3252,20260804,20260809,8,464,41,238,325,83,1,2,FPOS003252,276.5000,4465.2400,4465.2400,1,1,2026-08-24T00:00:00.000
3253,20260603,20260708,210,41,165,323,488,370,10,1,FPOS003253,277.2000,4466.6100,4466.6100,1,1,2026-08-24T00:00:00.000
3254,20260807,20260530,395,247,249,289,129,343,2,1,FPOS003254,277.9000,4467.9800,4467.9800,1,1,2026-08-24T00:00:00.000
3255,20260624,20260705,482,84,2,341,416,393,5,3,FPOS003255,278.6000,4469.3500,4469.3500,1,1,2026-08-24T00:00:00.000
3256,20260727,20260808,13,352,206,198,86,42,4,3,FPOS003256,279.3000,4470.7200,4470.7200,1,1,2026-08-24T00:00:00.000
3257,20260818,20260528,414,186,306,394,357,465,4,1,FPOS003257,280.0000,4472.0900,4472.0900,1,1,2026-08-24T00:00:00.000
3258,20260721,20260717,484,248,326,84,365,484,5,2,FPOS003258,280.7000,4473.4600,4473.4600,1,1,2026-08-24T00:00:00.000
3259,20260704,20260604,259,201,114,195,370,98,8,1,FPOS003259,281.4000,4474.8300,4474.8300,1,1,2026-08-24T00:00:00.000
3260,20260817,20260815,83,270,203,337,333,200,10,2,FPOS003260,282.1000,4476.2000,4476.2000,1,1,2026-08-24T00:00:00.000
3261,20260817,20260527,462,140,342,438,116,44,10,3,FPOS003261,282.8000,4477.5700,4477.5700,1,1,2026-08-24T00:00:00.000
3262,20260706,20260728,399,396,45,45,40,354,10,4,FPOS003262,283.5000,4478.9400,4478.9400,1,1,2026-08-24T00:00:00.000
3263,20260603,20260710,429,169,328,286,307,250,9,3,FPOS003263,284.2000,4480.3100,4480.3100,1,1,2026-08-24T00:00:00.000
3264,20260624,20260621,316,174,191,-1,-1,205,4,4,FPOS003264,284.9000,4481.6800,4481.6800,1,1,2026-08-24T00:00:00.000
3265,20260801,20260808,2,147,257,47,15,172,8,1,FPOS003265,285.6000,4483.0500,4483.0500,1,1,2026-08-24T00:00:00.000
3266,20260725,20260730,14,364,295,110,73,236,7,1,FPOS003266,286.3000,4484.4200,4484.4200,1,1,2026-08-24T00:00:00.000
3267,20260615,20260728,282,487,295,321,160,147,4,4,FPOS003267,287.0000,4485.7900,4485.7900,1,1,2026-08-24T00:00:00.000
3268,20260708,20260721,29,336,84,10,129,425,7,2,FPOS003268,287.7000,4487.1600,4487.1600,1,1,2026-08-24T00:00:00.000
3269,20260723,20260606,12,247,250,484,176,215,5,1,FPOS003269,288.4000,4488.5300,4488.5300,1,1,2026-08-24T00:00:00.000
3270,20260713,20260610,366,465,142,129,135,327,2,3,FPOS003270,289.1000,4489.9000,4489.9000,1,1,2026-08-24T00:00:00.000
3271,20260730,20260709,283,431,101,442,377,203,4,1,FPOS003271,289.8000,4491.2700,4491.2700,1,1,2026-08-24T00:00:00.000
3272,20260716,20260621,306,305,157,59,431,313,6,2,FPOS003272,290.5000,4492.6400,4492.6400,1,1,2026-08-24T00:00:00.000
3273,20260621,20260609,158,84,285,26,491,246,7,2,FPOS003273,291.2000,4494.0100,4494.0100,1,1,2026-08-24T00:00:00.000
3274,20260707,20260807,315,259,93,46,198,274,8,5,FPOS003274,291.9000,4495.3800,4495.3800,1,1,2026-08-24T00:00:00.000
3275,20260527,20260602,394,438,46,280,88,232,9,3,FPOS003275,292.6000,4496.7500,4496.7500,1,1,2026-08-24T00:00:00.000
3276,20260623,20260730,90,181,213,223,1,450,4,5,FPOS003276,293.3000,4498.1200,4498.1200,1,1,2026-08-24T00:00:00.000
3277,20260816,20260719,424,455,190,303,302,174,1,1,FPOS003277,294.0000,4499.4900,4499.4900,1,1,2026-08-24T00:00:00.000
3278,20260725,20260625,46,261,125,234,104,353,4,1,FPOS003278,294.7000,4500.8600,4500.8600,1,1,2026-08-24T00:00:00.000
3279,20260619,20260529,264,250,167,357,449,259,9,1,FPOS003279,295.4000,4502.2300,4502.2300,1,1,2026-08-24T00:00:00.000
3280,20260615,20260822,83,304,154,92,46,148,8,1,FPOS003280,296.1000,4503.6000,4503.6000,1,1,2026-08-24T00:00:00.000
3281,20260601,20260709,382,51,94,-1,-1,367,4,2,FPOS003281,296.8000,4504.9700,4504.9700,1,1,2026-08-24T00:00:00.000
3282,20260607,20260629,371,479,108,37,147,384,5,4,FPOS003282,297.5000,4506.3400,4506.3400,1,1,2026-08-24T00:00:00.000
3283,20260813,20260806,193,329,94,128,155,172,6,5,FPOS003283,298.2000,4507.7100,4507.7100,1,1,2026-08-24T00:00:00.000
3284,20260608,20260822,39,471,260,282,88,454,7,1,FPOS003284,298.9000,4509.0800,4509.0800,1,1,2026-08-24T00:00:00.000
3285,20260811,20260607,56,322,45,371,344,357,6,4,FPOS003285,299.6000,4510.4500,4510.4500,1,1,2026-08-24T00:00:00.000
3286,20260815,20260712,353,136,267,385,443,66,8,3,FPOS003286,300.3000,4511.8200,4511.8200,1,1,2026-08-24T00:00:00.000
3287,20260809,20260820,455,357,190,459,139,332,8,2,FPOS003287,301.0000,4513.1900,4513.1900,1,1,2026-08-24T00:00:00.000
3288,20260727,20260727,338,206,203,23,210,158,4,1,FPOS003288,301.7000,4514.5600,4514.5600,1,1,2026-08-24T00:00:00.000
3289,20260628,20260703,439,184,292,31,247,303,10,3,FPOS003289,302.4000,4515.9300,4515.9300,1,1,2026-08-24T00:00:00.000
3290,20260718,20260813,309,27,91,481,206,110,9,5,FPOS003290,303.1000,4517.3000,4517.3000,1,1,2026-08-24T00:00:00.000
3291,20260602,20260717,304,459,184,19,446,38,8,1,FPOS003291,303.8000,4518.6700,4518.6700,1,1,2026-08-24T00:00:00.000
3292,20260628,20260823,368,3,323,382,450,418,7,3,FPOS003292,304.5000,4520.0400,4520.0400,1,1,2026-08-24T00:00:00.000
3293,20260729,20260815,285,195,6,334,67,467,9,4,FPOS003293,305.2000,4521.4100,4521.4100,1,1,2026-08-24T00:00:00.000
3294,20260704,20260627,481,27,189,21,65,40,8,4,FPOS003294,305.9000,4522.7800,4522.7800,1,1,2026-08-24T00:00:00.000
3295,20260815,20260731,335,222,162,103,326,55,2,5,FPOS003295,306.6000,4524.1500,4524.1500,1,1,2026-08-24T00:00:00.000
3296,20260717,20260719,89,419,201,492,248,273,4,2,FPOS003296,307.3000,4525.5200,4525.5200,1,1,2026-08-24T00:00:00.000
3297,20260528,20260606,188,341,308,20,290,326,4,1,FPOS003297,308.0000,4526.8900,4526.8900,1,1,2026-08-24T00:00:00.000
3298,20260816,20260803,204,79,105,-1,-1,356,9,2,FPOS003298,308.7000,4528.2600,4528.2600,1,1,2026-08-24T00:00:00.000
3299,20260722,20260609,350,397,255,291,186,418,8,3,FPOS003299,309.4000,4529.6300,4529.6300,1,1,2026-08-24T00:00:00.000
3300,20260610,20260803,275,356,189,333,334,204,6,5,FPOS003300,310.1000,4531.0000,4531.0000,1,1,2026-08-24T00:00:00.000
3301,20260715,20260630,41,445,142,78,221,498,9,3,FPOS003301,310.8000,4532.3700,4532.3700,1,1,2026-08-24T00:00:00.000
3302,20260805,20260819,255,396,67,485,485,54,7,5,FPOS003302,311.5000,4533.7400,4533.7400,1,1,2026-08-24T00:00:00.000
3303,20260708,20260606,122,228,311,320,51,218,6,3,FPOS003303,312.2000,4535.1100,4535.1100,1,1,2026-08-24T00:00:00.000
3304,20260814,20260801,465,432,5,350,26,316,1,3,FPOS003304,312.9000,4536.4800,4536.4800,1,1,2026-08-24T00:00:00.000
3305,20260704,20260610,40,347,145,412,16,411,7,4,FPOS003305,313.6000,4537.8500,4537.8500,1,1,2026-08-24T00:00:00.000
3306,20260701,20260624,20,369,96,58,195,148,3,5,FPOS003306,314.3000,4539.2200,4539.2200,1,1,2026-08-24T00:00:00.000
3307,20260531,20260615,488,500,323,249,131,459,1,2,FPOS003307,315.0000,4540.5900,4540.5900,1,1,2026-08-24T00:00:00.000
3308,20260529,20260530,133,94,233,79,499,301,8,2,FPOS003308,315.7000,4541.9600,4541.9600,1,1,2026-08-24T00:00:00.000
3309,20260613,20260730,5,47,278,13,173,479,3,4,FPOS003309,316.4000,4543.3300,4543.3300,1,1,2026-08-24T00:00:00.000
3310,20260725,20260731,268,161,49,322,442,222,4,4,FPOS003310,317.1000,4544.7000,4544.7000,1,1,2026-08-24T00:00:00.000
3311,20260816,20260816,178,167,89,481,383,248,5,3,FPOS003311,317.8000,4546.0700,4546.0700,1,1,2026-08-24T00:00:00.000
3312,20260602,20260722,407,260,328,494,348,498,10,4,FPOS003312,318.5000,4547.4400,4547.4400,1,1,2026-08-24T00:00:00.000
3313,20260611,20260817,44,195,342,247,400,56,7,2,FPOS003313,319.2000,4548.8100,4548.8100,1,1,2026-08-24T00:00:00.000
3314,20260805,20260607,309,230,25,82,292,234,8,5,FPOS003314,319.9000,4550.1800,4550.1800,1,1,2026-08-24T00:00:00.000
3315,20260731,20260801,52,433,78,-1,-1,281,5,2,FPOS003315,320.6000,4551.5500,4551.5500,1,1,2026-08-24T00:00:00.000
3316,20260625,20260616,352,216,166,296,251,380,3,2,FPOS003316,321.3000,4552.9200,4552.9200,1,1,2026-08-24T00:00:00.000
3317,20260702,20260802,474,353,8,46,298,345,1,3,FPOS003317,322.0000,4554.2900,4554.2900,1,1,2026-08-24T00:00:00.000
3318,20260626,20260628,178,369,75,52,345,292,5,5,FPOS003318,322.7000,4555.6600,4555.6600,1,1,2026-08-24T00:00:00.000
3319,20260803,20260609,288,147,312,86,459,310,9,1,FPOS003319,323.4000,4557.0300,4557.0300,1,1,2026-08-24T00:00:00.000
3320,20260713,20260813,488,29,349,150,229,446,7,3,FPOS003320,324.1000,4558.4000,4558.4000,1,1,2026-08-24T00:00:00.000
3321,20260714,20260606,255,6,194,489,319,219,4,3,FPOS003321,324.8000,4559.7700,4559.7700,1,1,2026-08-24T00:00:00.000
3322,20260708,20260613,18,366,204,237,185,316,6,1,FPOS003322,325.5000,4561.1400,4561.1400,1,1,2026-08-24T00:00:00.000
3323,20260725,20260616,58,468,91,430,105,95,4,5,FPOS003323,326.2000,4562.5100,4562.5100,1,1,2026-08-24T00:00:00.000
3324,20260531,20260527,259,132,223,193,175,278,6,3,FPOS003324,326.9000,4563.8800,4563.8800,1,1,2026-08-24T00:00:00.000
3325,20260803,20260720,317,383,227,31,246,467,7,1,FPOS003325,327.6000,4565.2500,4565.2500,1,1,2026-08-24T00:00:00.000
3326,20260608,20260627,353,243,207,269,395,374,3,3,FPOS003326,328.3000,4566.6200,4566.6200,1,1,2026-08-24T00:00:00.000
3327,20260714,20260606,65,473,171,248,113,358,5,5,FPOS003327,329.0000,4567.9900,4567.9900,1,1,2026-08-24T00:00:00.000
3328,20260816,20260703,273,498,103,84,280,224,4,5,FPOS003328,329.7000,4569.3600,4569.3600,1,1,2026-08-24T00:00:00.000
3329,20260813,20260710,40,9,344,449,445,280,7,4,FPOS003329,330.4000,4570.7300,4570.7300,1,1,2026-08-24T00:00:00.000
3330,20260707,20260529,460,237,168,450,33,414,3,4,FPOS003330,331.1000,4572.1000,4572.1000,1,1,2026-08-24T00:00:00.000
3331,20260602,20260715,433,89,91,193,153,489,6,5,FPOS003331,331.8000,4573.4700,4573.4700,1,1,2026-08-24T00:00:00.000
3332,20260718,20260604,410,415,243,-1,-1,399,2,2,FPOS003332,332.5000,4574.8400,4574.8400,1,1,2026-08-24T00:00:00.000
3333,20260612,20260814,496,414,5,442,420,342,9,3,FPOS003333,333.2000,4576.2100,4576.2100,1,1,2026-08-24T00:00:00.000
3334,20260710,20260605,33,283,58,121,224,447,4,1,FPOS003334,333.9000,4577.5800,4577.5800,1,1,2026-08-24T00:00:00.000
3335,20260621,20260617,322,447,139,285,416,484,2,5,FPOS003335,334.6000,4578.9500,4578.9500,1,1,2026-08-24T00:00:00.000
3336,20260609,20260625,148,435,179,299,465,369,4,3,FPOS003336,335.3000,4580.3200,4580.3200,1,1,2026-08-24T00:00:00.000
3337,20260821,20260720,414,260,190,218,347,353,7,2,FPOS003337,336.0000,4581.6900,4581.6900,1,1,2026-08-24T00:00:00.000
3338,20260722,20260718,302,277,293,55,333,443,7,3,FPOS003338,336.7000,4583.0600,4583.0600,1,1,2026-08-24T00:00:00.000
3339,20260706,20260605,27,336,258,480,428,319,5,4,FPOS003339,337.4000,4584.4300,4584.4300,1,1,2026-08-24T00:00:00.000
3340,20260718,20260821,272,457,262,123,384,248,4,5,FPOS003340,338.1000,4585.8000,4585.8000,1,1,2026-08-24T00:00:00.000
3341,20260812,20260716,3,431,227,194,307,495,8,3,FPOS003341,338.8000,4587.1700,4587.1700,1,1,2026-08-24T00:00:00.000
3342,20260616,20260824,322,460,196,418,147,84,10,2,FPOS003342,339.5000,4588.5400,4588.5400,1,1,2026-08-24T00:00:00.000
3343,20260718,20260720,481,14,321,433,41,408,2,5,FPOS003343,340.2000,4589.9100,4589.9100,1,1,2026-08-24T00:00:00.000
3344,20260703,20260821,71,68,29,398,277,25,5,2,FPOS003344,340.9000,4591.2800,4591.2800,1,1,2026-08-24T00:00:00.000
3345,20260712,20260618,111,64,335,354,83,29,5,3,FPOS003345,341.6000,4592.6500,4592.6500,1,1,2026-08-24T00:00:00.000
3346,20260706,20260718,330,419,207,415,326,316,7,5,FPOS003346,342.3000,4594.0200,4594.0200,1,1,2026-08-24T00:00:00.000
3347,20260817,20260616,22,53,159,415,314,383,2,1,FPOS003347,343.0000,4595.3900,4595.3900,1,1,2026-08-24T00:00:00.000
3348,20260807,20260702,371,127,249,259,8,98,6,2,FPOS003348,343.7000,4596.7600,4596.7600,1,1,2026-08-24T00:00:00.000
3349,20260706,20260728,488,142,151,-1,-1,473,3,1,FPOS003349,344.4000,4598.1300,4598.1300,1,1,2026-08-24T00:00:00.000
3350,20260713,20260611,328,406,19,474,92,349,3,4,FPOS003350,345.1000,4599.5000,4599.5000,1,1,2026-08-24T00:00:00.000
3351,20260603,20260802,1,120,259,321,268,46,6,2,FPOS003351,345.8000,4600.8700,4600.8700,1,1,2026-08-24T00:00:00.000
3352,20260626,20260726,327,99,161,284,438,128,9,1,FPOS003352,346.5000,4602.2400,4602.2400,1,1,2026-08-24T00:00:00.000
3353,20260722,20260724,500,421,247,483,329,17,6,4,FPOS003353,347.2000,4603.6100,4603.6100,1,1,2026-08-24T00:00:00.000
3354,20260823,20260707,81,414,153,60,489,322,10,1,FPOS003354,347.9000,4604.9800,4604.9800,1,1,2026-08-24T00:00:00.000
3355,20260630,20260529,353,116,250,433,80,46,4,5,FPOS003355,348.6000,4606.3500,4606.3500,1,1,2026-08-24T00:00:00.000
3356,20260607,20260708,318,175,245,258,395,243,10,5,FPOS003356,349.3000,4607.7200,4607.7200,1,1,2026-08-24T00:00:00.000
3357,20260616,20260726,304,245,150,344,130,490,2,2,FPOS003357,350.0000,4609.0900,4609.0900,1,1,2026-08-24T00:00:00.000
3358,20260530,20260702,119,343,11,428,293,348,2,2,FPOS003358,350.7000,4610.4600,4610.4600,1,1,2026-08-24T00:00:00.000
3359,20260712,20260625,489,334,348,172,301,34,7,5,FPOS003359,351.4000,4611.8300,4611.8300,1,1,2026-08-24T00:00:00.000
3360,20260709,20260701,231,53,115,55,237,339,5,3,FPOS003360,352.1000,4613.2000,4613.2000,1,1,2026-08-24T00:00:00.000
3361,20260730,20260620,113,105,25,66,377,403,2,1,FPOS003361,352.8000,4614.5700,4614.5700,1,1,2026-08-24T00:00:00.000
3362,20260530,20260822,249,447,173,412,125,312,3,2,FPOS003362,353.5000,4615.9400,4615.9400,1,1,2026-08-24T00:00:00.000
3363,20260820,20260617,237,271,309,2,378,269,10,3,FPOS003363,354.2000,4617.3100,4617.3100,1,1,2026-08-24T00:00:00.000
3364,20260705,20260726,178,31,149,293,330,488,8,1,FPOS003364,354.9000,4618.6800,4618.6800,1,1,2026-08-24T00:00:00.000
3365,20260820,20260808,188,473,234,338,272,500,2,4,FPOS003365,355.6000,4620.0500,4620.0500,1,1,2026-08-24T00:00:00.000
3366,20260624,20260721,375,349,248,-1,-1,270,3,3,FPOS003366,356.3000,4621.4200,4621.4200,1,1,2026-08-24T00:00:00.000
3367,20260718,20260609,50,379,325,393,298,232,7,4,FPOS003367,357.0000,4622.7900,4622.7900,1,1,2026-08-24T00:00:00.000
3368,20260602,20260811,317,250,7,155,475,325,2,2,FPOS003368,357.7000,4624.1600,4624.1600,1,1,2026-08-24T00:00:00.000
3369,20260814,20260803,68,168,303,2,226,27,5,5,FPOS003369,358.4000,4625.5300,4625.5300,1,1,2026-08-24T00:00:00.000
3370,20260723,20260711,350,491,21,23,261,363,7,1,FPOS003370,359.1000,4626.9000,4626.9000,1,1,2026-08-24T00:00:00.000
3371,20260607,20260624,148,283,282,107,418,88,2,3,FPOS003371,359.8000,4628.2700,4628.2700,1,1,2026-08-24T00:00:00.000
3372,20260630,20260623,187,39,250,297,261,416,8,2,FPOS003372,360.5000,4629.6400,4629.6400,1,1,2026-08-24T00:00:00.000
3373,20260728,20260629,117,190,228,471,205,417,1,4,FPOS003373,361.2000,4631.0100,4631.0100,1,1,2026-08-24T00:00:00.000
3374,20260708,20260804,412,41,31,308,315,204,3,3,FPOS003374,361.9000,4632.3800,4632.3800,1,1,2026-08-24T00:00:00.000
3375,20260814,20260530,74,20,287,128,102,5,2,2,FPOS003375,362.6000,4633.7500,4633.7500,1,1,2026-08-24T00:00:00.000
3376,20260722,20260717,84,145,44,198,371,158,3,4,FPOS003376,363.3000,4635.1200,4635.1200,1,1,2026-08-24T00:00:00.000
3377,20260807,20260726,188,66,236,427,346,297,10,3,FPOS003377,364.0000,4636.4900,4636.4900,1,1,2026-08-24T00:00:00.000
3378,20260823,20260802,106,364,124,127,267,262,3,3,FPOS003378,364.7000,4637.8600,4637.8600,1,1,2026-08-24T00:00:00.000
3379,20260610,20260722,152,365,230,164,39,226,9,2,FPOS003379,365.4000,4639.2300,4639.2300,1,1,2026-08-24T00:00:00.000
3380,20260629,20260724,417,340,324,288,53,314,4,3,FPOS003380,366.1000,4640.6000,4640.6000,1,1,2026-08-24T00:00:00.000
3381,20260819,20260811,148,293,63,332,138,495,9,4,FPOS003381,366.8000,4641.9700,4641.9700,1,1,2026-08-24T00:00:00.000
3382,20260820,20260808,146,395,219,23,485,134,9,1,FPOS003382,367.5000,4643.3400,4643.3400,1,1,2026-08-24T00:00:00.000
3383,20260603,20260710,172,28,94,-1,-1,46,7,5,FPOS003383,368.2000,4644.7100,4644.7100,1,1,2026-08-24T00:00:00.000
3384,20260713,20260822,211,347,258,321,111,36,5,2,FPOS003384,368.9000,4646.0800,4646.0800,1,1,2026-08-24T00:00:00.000
3385,20260601,20260803,268,123,59,254,173,324,2,4,FPOS003385,369.6000,4647.4500,4647.4500,1,1,2026-08-24T00:00:00.000
3386,20260728,20260628,56,21,48,397,419,247,3,5,FPOS003386,370.3000,4648.8200,4648.8200,1,1,2026-08-24T00:00:00.000
3387,20260604,20260728,81,16,87,201,121,249,8,3,FPOS003387,371.0000,4650.1900,4650.1900,1,1,2026-08-24T00:00:00.000
3388,20260701,20260727,138,236,278,486,446,228,10,5,FPOS003388,371.7000,4651.5600,4651.5600,1,1,2026-08-24T00:00:00.000
3389,20260715,20260624,394,431,274,89,345,111,3,1,FPOS003389,372.4000,4652.9300,4652.9300,1,1,2026-08-24T00:00:00.000
3390,20260719,20260821,282,17,250,108,431,64,8,1,FPOS003390,373.1000,4654.3000,4654.3000,1,1,2026-08-24T00:00:00.000
3391,20260725,20260809,351,163,246,434,37,481,6,4,FPOS003391,373.8000,4655.6700,4655.6700,1,1,2026-08-24T00:00:00.000
3392,20260810,20260823,232,280,54,177,147,204,7,5,FPOS003392,374.5000,4657.0400,4657.0400,1,1,2026-08-24T00:00:00.000
3393,20260624,20260731,106,85,281,192,191,69,3,1,FPOS003393,375.2000,4658.4100,4658.4100,1,1,2026-08-24T00:00:00.000
3394,20260713,20260819,49,39,285,82,132,367,6,5,FPOS003394,375.9000,4659.7800,4659.7800,1,1,2026-08-24T00:00:00.000
3395,20260808,20260807,306,273,307,165,29,334,3,4,FPOS003395,376.6000,4661.1500,4661.1500,1,1,2026-08-24T00:00:00.000
3396,20260702,20260815,103,41,250,118,114,198,2,4,FPOS003396,377.3000,4662.5200,4662.5200,1,1,2026-08-24T00:00:00.000
3397,20260802,20260612,205,397,185,246,229,88,2,1,FPOS003397,378.0000,4663.8900,4663.8900,1,1,2026-08-24T00:00:00.000
3398,20260713,20260726,385,193,292,211,149,194,8,1,FPOS003398,378.7000,4665.2600,4665.2600,1,1,2026-08-24T00:00:00.000
3399,20260822,20260823,131,284,271,82,175,155,1,1,FPOS003399,379.4000,4666.6300,4666.6300,1,1,2026-08-24T00:00:00.000
3400,20260628,20260806,251,488,213,-1,-1,227,8,4,FPOS003400,380.1000,4668.0000,4668.0000,1,1,2026-08-24T00:00:00.000
3401,20260706,20260622,315,31,24,483,372,447,1,2,FPOS003401,380.8000,4669.3700,4669.3700,1,1,2026-08-24T00:00:00.000
3402,20260630,20260818,242,316,207,397,426,259,6,1,FPOS003402,381.5000,4670.7400,4670.7400,1,1,2026-08-24T00:00:00.000
3403,20260530,20260619,250,14,265,60,229,384,9,4,FPOS003403,382.2000,4672.1100,4672.1100,1,1,2026-08-24T00:00:00.000
3404,20260619,20260606,297,56,344,277,476,482,4,1,FPOS003404,382.9000,4673.4800,4673.4800,1,1,2026-08-24T00:00:00.000
3405,20260706,20260602,405,242,162,137,470,196,9,1,FPOS003405,383.6000,4674.8500,4674.8500,1,1,2026-08-24T00:00:00.000
3406,20260617,20260702,280,111,216,170,7,89,9,2,FPOS003406,384.3000,4676.2200,4676.2200,1,1,2026-08-24T00:00:00.000
3407,20260616,20260823,450,286,100,221,138,284,3,5,FPOS003407,385.0000,4677.5900,4677.5900,1,1,2026-08-24T00:00:00.000
3408,20260701,20260705,195,141,71,26,108,37,7,5,FPOS003408,385.7000,4678.9600,4678.9600,1,1,2026-08-24T00:00:00.000
3409,20260808,20260610,22,181,74,141,187,396,5,2,FPOS003409,386.4000,4680.3300,4680.3300,1,1,2026-08-24T00:00:00.000
3410,20260608,20260601,339,257,116,36,121,102,10,3,FPOS003410,387.1000,4681.7000,4681.7000,1,1,2026-08-24T00:00:00.000
3411,20260815,20260602,233,3,221,361,211,278,6,3,FPOS003411,387.8000,4683.0700,4683.0700,1,1,2026-08-24T00:00:00.000
3412,20260528,20260720,423,62,319,463,337,60,7,5,FPOS003412,388.5000,4684.4400,4684.4400,1,1,2026-08-24T00:00:00.000
3413,20260714,20260616,52,344,58,154,331,360,4,1,FPOS003413,389.2000,4685.8100,4685.8100,1,1,2026-08-24T00:00:00.000
3414,20260715,20260623,79,157,170,196,475,180,6,4,FPOS003414,389.9000,4687.1800,4687.1800,1,1,2026-08-24T00:00:00.000
3415,20260707,20260530,433,327,169,32,444,251,7,3,FPOS003415,390.6000,4688.5500,4688.5500,1,1,2026-08-24T00:00:00.000
3416,20260718,20260703,308,467,29,379,475,488,9,2,FPOS003416,391.3000,4689.9200,4689.9200,1,1,2026-08-24T00:00:00.000
3417,20260712,20260813,351,348,113,-1,-1,29,4,1,FPOS003417,392.0000,4691.2900,4691.2900,1,1,2026-08-24T00:00:00.000
3418,20260616,20260725,411,249,55,131,272,217,2,3,FPOS003418,392.7000,4692.6600,4692.6600,1,1,2026-08-24T00:00:00.000
3419,20260820,20260727,474,109,168,312,244,338,10,2,FPOS003419,393.4000,4694.0300,4694.0300,1,1,2026-08-24T00:00:00.000
3420,20260716,20260601,38,80,97,242,319,195,6,5,FPOS003420,394.1000,4695.4000,4695.4000,1,1,2026-08-24T00:00:00.000
3421,20260708,20260820,147,322,112,486,86,467,5,4,FPOS003421,394.8000,4696.7700,4696.7700,1,1,2026-08-24T00:00:00.000
3422,20260714,20260818,218,281,251,255,489,252,9,2,FPOS003422,395.5000,4698.1400,4698.1400,1,1,2026-08-24T00:00:00.000
3423,20260719,20260718,487,98,94,185,244,250,4,1,FPOS003423,396.2000,4699.5100,4699.5100,1,1,2026-08-24T00:00:00.000
3424,20260706,20260820,8,7,326,295,247,441,1,1,FPOS003424,396.9000,4700.8800,4700.8800,1,1,2026-08-24T00:00:00.000
3425,20260717,20260807,341,365,76,316,124,71,1,1,FPOS003425,397.6000,4702.2500,4702.2500,1,1,2026-08-24T00:00:00.000
3426,20260615,20260814,91,172,319,146,156,428,4,5,FPOS003426,398.3000,4703.6200,4703.6200,1,1,2026-08-24T00:00:00.000
3427,20260812,20260611,15,157,208,267,310,338,8,4,FPOS003427,399.0000,4704.9900,4704.9900,1,1,2026-08-24T00:00:00.000
3428,20260627,20260701,228,34,159,316,350,209,5,2,FPOS003428,399.7000,4706.3600,4706.3600,1,1,2026-08-24T00:00:00.000
3429,20260715,20260616,387,240,158,102,178,90,10,2,FPOS003429,400.4000,4707.7300,4707.7300,1,1,2026-08-24T00:00:00.000
3430,20260708,20260606,285,10,233,348,190,308,9,2,FPOS003430,401.1000,4709.1000,4709.1000,1,1,2026-08-24T00:00:00.000
3431,20260630,20260824,214,104,298,133,360,155,7,5,FPOS003431,401.8000,4710.4700,4710.4700,1,1,2026-08-24T00:00:00.000
3432,20260803,20260612,75,369,347,443,310,281,10,4,FPOS003432,402.5000,4711.8400,4711.8400,1,1,2026-08-24T00:00:00.000
3433,20260823,20260528,376,355,37,257,63,108,10,4,FPOS003433,403.2000,4713.2100,4713.2100,1,1,2026-08-24T00:00:00.000
3434,20260711,20260615,24,39,325,-1,-1,111,3,4,FPOS003434,403.9000,4714.5800,4714.5800,1,1,2026-08-24T00:00:00.000
3435,20260606,20260817,239,177,203,91,223,380,2,4,FPOS003435,404.6000,4715.9500,4715.9500,1,1,2026-08-24T00:00:00.000
3436,20260803,20260822,55,288,38,308,484,271,3,3,FPOS003436,405.3000,4717.3200,4717.3200,1,1,2026-08-24T00:00:00.000
3437,20260624,20260611,420,68,11,39,133,173,2,1,FPOS003437,406.0000,4718.6900,4718.6900,1,1,2026-08-24T00:00:00.000
3438,20260727,20260823,413,375,247,316,176,469,5,5,FPOS003438,406.7000,4720.0600,4720.0600,1,1,2026-08-24T00:00:00.000
3439,20260804,20260528,220,120,263,292,373,93,1,1,FPOS003439,407.4000,4721.4300,4721.4300,1,1,2026-08-24T00:00:00.000
3440,20260809,20260606,457,248,46,404,377,59,6,3,FPOS003440,408.1000,4722.8000,4722.8000,1,1,2026-08-24T00:00:00.000
3441,20260531,20260807,494,134,53,451,42,55,4,5,FPOS003441,408.8000,4724.1700,4724.1700,1,1,2026-08-24T00:00:00.000
3442,20260811,20260811,161,232,121,339,209,472,9,1,FPOS003442,409.5000,4725.5400,4725.5400,1,1,2026-08-24T00:00:00.000
3443,20260729,20260810,369,106,347,223,101,13,8,2,FPOS003443,410.2000,4726.9100,4726.9100,1,1,2026-08-24T00:00:00.000
3444,20260705,20260713,98,221,87,472,397,302,10,5,FPOS003444,410.9000,4728.2800,4728.2800,1,1,2026-08-24T00:00:00.000
3445,20260721,20260723,38,223,125,106,253,333,6,2,FPOS003445,411.6000,4729.6500,4729.6500,1,1,2026-08-24T00:00:00.000
3446,20260527,20260707,89,311,185,399,423,228,4,2,FPOS003446,412.3000,4731.0200,4731.0200,1,1,2026-08-24T00:00:00.000
3447,20260622,20260615,299,244,186,446,245,149,7,1,FPOS003447,413.0000,4732.3900,4732.3900,1,1,2026-08-24T00:00:00.000
3448,20260821,20260823,173,416,66,96,498,278,6,3,FPOS003448,413.7000,4733.7600,4733.7600,1,1,2026-08-24T00:00:00.000
3449,20260717,20260616,68,430,189,265,359,443,8,4,FPOS003449,414.4000,4735.1300,4735.1300,1,1,2026-08-24T00:00:00.000
3450,20260601,20260607,102,380,197,26,165,307,6,5,FPOS003450,415.1000,4736.5000,4736.5000,1,1,2026-08-24T00:00:00.000
3451,20260810,20260816,209,202,21,-1,-1,35,2,1,FPOS003451,415.8000,4737.8700,4737.8700,1,1,2026-08-24T00:00:00.000
3452,20260608,20260801,86,329,254,291,59,357,2,5,FPOS003452,416.5000,4739.2400,4739.2400,1,1,2026-08-24T00:00:00.000
3453,20260704,20260624,387,436,286,386,220,306,7,2,FPOS003453,417.2000,4740.6100,4740.6100,1,1,2026-08-24T00:00:00.000
3454,20260609,20260609,269,199,347,488,277,13,6,3,FPOS003454,417.9000,4741.9800,4741.9800,1,1,2026-08-24T00:00:00.000
3455,20260705,20260610,200,288,211,270,111,236,2,3,FPOS003455,418.6000,4743.3500,4743.3500,1,1,2026-08-24T00:00:00.000
3456,20260713,20260726,313,442,222,37,30,370,1,4,FPOS003456,419.3000,4744.7200,4744.7200,1,1,2026-08-24T00:00:00.000
3457,20260718,20260813,237,312,57,163,302,485,5,5,FPOS003457,420.0000,4746.0900,4746.0900,1,1,2026-08-24T00:00:00.000
3458,20260717,20260801,301,174,22,399,498,11,3,4,FPOS003458,420.7000,4747.4600,4747.4600,1,1,2026-08-24T00:00:00.000
3459,20260803,20260725,180,42,322,483,68,37,3,5,FPOS003459,421.4000,4748.8300,4748.8300,1,1,2026-08-24T00:00:00.000
3460,20260611,20260615,136,346,229,484,497,357,9,1,FPOS003460,422.1000,4750.2000,4750.2000,1,1,2026-08-24T00:00:00.000
3461,20260824,20260802,387,455,316,4,452,278,3,5,FPOS003461,422.8000,4751.5700,4751.5700,1,1,2026-08-24T00:00:00.000
3462,20260821,20260605,452,186,182,233,44,367,10,3,FPOS003462,423.5000,4752.9400,4752.9400,1,1,2026-08-24T00:00:00.000
3463,20260729,20260529,181,375,105,298,67,320,9,1,FPOS003463,424.2000,4754.3100,4754.3100,1,1,2026-08-24T00:00:00.000
3464,20260610,20260722,83,8,34,451,408,496,3,2,FPOS003464,424.9000,4755.6800,4755.6800,1,1,2026-08-24T00:00:00.000
3465,20260608,20260614,208,274,282,186,14,424,1,5,FPOS003465,425.6000,4757.0500,4757.0500,1,1,2026-08-24T00:00:00.000
3466,20260701,20260624,358,3,127,3,74,229,1,1,FPOS003466,426.3000,4758.4200,4758.4200,1,1,2026-08-24T00:00:00.000
3467,20260618,20260527,218,449,132,333,143,427,1,1,FPOS003467,427.0000,4759.7900,4759.7900,1,1,2026-08-24T00:00:00.000
3468,20260705,20260814,150,65,21,-1,-1,310,10,2,FPOS003468,427.7000,4761.1600,4761.1600,1,1,2026-08-24T00:00:00.000
3469,20260604,20260820,21,159,90,195,364,204,2,4,FPOS003469,428.4000,4762.5300,4762.5300,1,1,2026-08-24T00:00:00.000
3470,20260608,20260725,210,10,129,214,463,157,3,5,FPOS003470,429.1000,4763.9000,4763.9000,1,1,2026-08-24T00:00:00.000
3471,20260724,20260724,372,97,215,348,231,344,7,1,FPOS003471,429.8000,4765.2700,4765.2700,1,1,2026-08-24T00:00:00.000
3472,20260609,20260712,77,181,103,156,277,312,9,3,FPOS003472,430.5000,4766.6400,4766.6400,1,1,2026-08-24T00:00:00.000
3473,20260609,20260708,407,160,188,49,183,349,2,1,FPOS003473,431.2000,4768.0100,4768.0100,1,1,2026-08-24T00:00:00.000
3474,20260621,20260612,64,493,157,320,138,328,10,4,FPOS003474,431.9000,4769.3800,4769.3800,1,1,2026-08-24T00:00:00.000
3475,20260708,20260529,359,327,1,55,327,289,8,4,FPOS003475,432.6000,4770.7500,4770.7500,1,1,2026-08-24T00:00:00.000
3476,20260722,20260531,113,124,232,298,499,358,2,1,FPOS003476,433.3000,4772.1200,4772.1200,1,1,2026-08-24T00:00:00.000
3477,20260824,20260710,28,133,48,413,446,453,6,2,FPOS003477,434.0000,4773.4900,4773.4900,1,1,2026-08-24T00:00:00.000
3478,20260714,20260613,139,486,238,45,471,362,9,3,FPOS003478,434.7000,4774.8600,4774.8600,1,1,2026-08-24T00:00:00.000
3479,20260703,20260816,40,144,203,471,166,468,3,3,FPOS003479,435.4000,4776.2300,4776.2300,1,1,2026-08-24T00:00:00.000
3480,20260626,20260730,60,140,233,394,424,465,8,5,FPOS003480,436.1000,4777.6000,4777.6000,1,1,2026-08-24T00:00:00.000
3481,20260805,20260730,134,154,284,91,136,264,10,3,FPOS003481,436.8000,4778.9700,4778.9700,1,1,2026-08-24T00:00:00.000
3482,20260815,20260731,296,373,228,300,245,192,8,2,FPOS003482,437.5000,4780.3400,4780.3400,1,1,2026-08-24T00:00:00.000
3483,20260630,20260604,247,156,184,246,462,262,5,5,FPOS003483,438.2000,4781.7100,4781.7100,1,1,2026-08-24T00:00:00.000
3484,20260720,20260706,242,68,39,26,410,466,1,5,FPOS003484,438.9000,4783.0800,4783.0800,1,1,2026-08-24T00:00:00.000
3485,20260714,20260725,413,265,335,-1,-1,73,6,1,FPOS003485,439.6000,4784.4500,4784.4500,1,1,2026-08-24T00:00:00.000
3486,20260711,20260616,202,354,36,448,15,36,3,3,FPOS003486,440.3000,4785.8200,4785.8200,1,1,2026-08-24T00:00:00.000
3487,20260531,20260619,189,374,340,307,441,65,4,2,FPOS003487,441.0000,4787.1900,4787.1900,1,1,2026-08-24T00:00:00.000
3488,20260721,20260813,96,47,115,413,197,225,1,3,FPOS003488,441.7000,4788.5600,4788.5600,1,1,2026-08-24T00:00:00.000
3489,20260616,20260616,232,58,4,457,126,134,7,5,FPOS003489,442.4000,4789.9300,4789.9300,1,1,2026-08-24T00:00:00.000
3490,20260528,20260812,299,319,133,82,19,310,4,5,FPOS003490,443.1000,4791.3000,4791.3000,1,1,2026-08-24T00:00:00.000
3491,20260709,20260621,405,145,34,366,66,458,5,3,FPOS003491,443.8000,4792.6700,4792.6700,1,1,2026-08-24T00:00:00.000
3492,20260805,20260808,466,355,327,187,261,313,10,1,FPOS003492,444.5000,4794.0400,4794.0400,1,1,2026-08-24T00:00:00.000
3493,20260613,20260715,354,436,190,346,390,109,8,5,FPOS003493,445.2000,4795.4100,4795.4100,1,1,2026-08-24T00:00:00.000
3494,20260821,20260610,417,268,147,29,44,123,4,2,FPOS003494,445.9000,4796.7800,4796.7800,1,1,2026-08-24T00:00:00.000
3495,20260819,20260625,320,243,108,388,160,185,5,2,FPOS003495,446.6000,4798.1500,4798.1500,1,1,2026-08-24T00:00:00.000
3496,20260531,20260612,309,229,314,440,311,402,2,4,FPOS003496,447.3000,4799.5200,4799.5200,1,1,2026-08-24T00:00:00.000
3497,20260721,20260814,242,487,309,290,23,175,10,3,FPOS003497,448.0000,4800.8900,4800.8900,1,1,2026-08-24T00:00:00.000
3498,20260628,20260602,185,41,212,81,52,7,2,4,FPOS003498,448.7000,4802.2600,4802.2600,1,1,2026-08-24T00:00:00.000
3499,20260821,20260717,237,27,81,44,299,205,2,4,FPOS003499,449.4000,4803.6300,4803.6300,1,1,2026-08-24T00:00:00.000
3500,20260824,20260529,223,107,292,333,343,224,7,5,FPOS003500,450.1000,4805.0000,4805.0000,1,1,2026-08-24T00:00:00.000
3501,20260617,20260529,48,147,303,293,105,176,1,1,FPOS003501,450.8000,4806.3700,4806.3700,1,1,2026-08-24T00:00:00.000
3502,20260604,20260818,98,85,104,-1,-1,316,6,1,FPOS003502,451.5000,4807.7400,4807.7400,1,1,2026-08-24T00:00:00.000
3503,20260713,20260724,160,39,73,26,212,440,6,2,FPOS003503,452.2000,4809.1100,4809.1100,1,1,2026-08-24T00:00:00.000
3504,20260702,20260720,166,398,307,313,145,98,9,2,FPOS003504,452.9000,4810.4800,4810.4800,1,1,2026-08-24T00:00:00.000
3505,20260529,20260710,117,345,168,330,399,437,6,4,FPOS003505,453.6000,4811.8500,4811.8500,1,1,2026-08-24T00:00:00.000
3506,20260701,20260801,240,240,62,32,404,54,5,4,FPOS003506,454.3000,4813.2200,4813.2200,1,1,2026-08-24T00:00:00.000
3507,20260819,20260706,27,71,148,227,373,460,3,3,FPOS003507,455.0000,4814.5900,4814.5900,1,1,2026-08-24T00:00:00.000
3508,20260615,20260809,468,264,159,9,458,104,1,2,FPOS003508,455.7000,4815.9600,4815.9600,1,1,2026-08-24T00:00:00.000
3509,20260608,20260620,67,103,38,17,370,4,1,2,FPOS003509,456.4000,4817.3300,4817.3300,1,1,2026-08-24T00:00:00.000
3510,20260712,20260711,493,120,12,255,215,33,7,4,FPOS003510,457.1000,4818.7000,4818.7000,1,1,2026-08-24T00:00:00.000
3511,20260702,20260703,167,210,218,299,51,391,5,5,FPOS003511,457.8000,4820.0700,4820.0700,1,1,2026-08-24T00:00:00.000
3512,20260708,20260708,227,114,224,389,81,39,4,1,FPOS003512,458.5000,4821.4400,4821.4400,1,1,2026-08-24T00:00:00.000
3513,20260709,20260820,135,272,331,5,207,240,10,2,FPOS003513,459.2000,4822.8100,4822.8100,1,1,2026-08-24T00:00:00.000
3514,20260817,20260817,91,497,18,298,479,203,5,4,FPOS003514,459.9000,4824.1800,4824.1800,1,1,2026-08-24T00:00:00.000
3515,20260616,20260817,460,357,88,85,250,246,9,1,FPOS003515,460.6000,4825.5500,4825.5500,1,1,2026-08-24T00:00:00.000
3516,20260717,20260721,53,483,262,479,58,107,7,5,FPOS003516,461.3000,4826.9200,4826.9200,1,1,2026-08-24T00:00:00.000
3517,20260612,20260528,21,28,161,77,30,333,3,1,FPOS003517,462.0000,4828.2900,4828.2900,1,1,2026-08-24T00:00:00.000
3518,20260630,20260619,153,256,340,202,359,336,8,3,FPOS003518,462.7000,4829.6600,4829.6600,1,1,2026-08-24T00:00:00.000
3519,20260803,20260627,343,207,12,-1,-1,72,4,4,FPOS003519,463.4000,4831.0300,4831.0300,1,1,2026-08-24T00:00:00.000
3520,20260713,20260626,426,170,218,263,369,426,7,3,FPOS003520,464.1000,4832.4000,4832.4000,1,1,2026-08-24T00:00:00.000
3521,20260817,20260529,469,145,298,177,78,488,6,2,FPOS003521,464.8000,4833.7700,4833.7700,1,1,2026-08-24T00:00:00.000
3522,20260624,20260806,493,222,57,464,103,160,9,3,FPOS003522,465.5000,4835.1400,4835.1400,1,1,2026-08-24T00:00:00.000
3523,20260715,20260617,214,361,195,279,184,146,10,2,FPOS003523,466.2000,4836.5100,4836.5100,1,1,2026-08-24T00:00:00.000
3524,20260803,20260810,318,31,203,202,85,361,1,4,FPOS003524,466.9000,4837.8800,4837.8800,1,1,2026-08-24T00:00:00.000
3525,20260604,20260713,74,326,125,17,316,186,3,3,FPOS003525,467.6000,4839.2500,4839.2500,1,1,2026-08-24T00:00:00.000
3526,20260529,20260629,273,475,171,375,483,462,4,1,FPOS003526,468.3000,4840.6200,4840.6200,1,1,2026-08-24T00:00:00.000
3527,20260623,20260704,10,79,118,191,404,70,8,5,FPOS003527,469.0000,4841.9900,4841.9900,1,1,2026-08-24T00:00:00.000
3528,20260615,20260609,365,109,303,80,169,95,2,3,FPOS003528,469.7000,4843.3600,4843.3600,1,1,2026-08-24T00:00:00.000
3529,20260528,20260629,472,204,12,461,421,335,1,2,FPOS003529,470.4000,4844.7300,4844.7300,1,1,2026-08-24T00:00:00.000
3530,20260822,20260712,222,62,69,126,337,62,10,3,FPOS003530,471.1000,4846.1000,4846.1000,1,1,2026-08-24T00:00:00.000
3531,20260813,20260619,374,110,90,230,379,375,6,5,FPOS003531,471.8000,4847.4700,4847.4700,1,1,2026-08-24T00:00:00.000
3532,20260529,20260727,98,12,131,70,430,165,8,2,FPOS003532,472.5000,4848.8400,4848.8400,1,1,2026-08-24T00:00:00.000
3533,20260622,20260705,44,336,75,179,485,92,2,4,FPOS003533,473.2000,4850.2100,4850.2100,1,1,2026-08-24T00:00:00.000
3534,20260604,20260820,312,76,219,477,349,240,5,2,FPOS003534,473.9000,4851.5800,4851.5800,1,1,2026-08-24T00:00:00.000
3535,20260616,20260723,289,176,78,393,147,420,2,3,FPOS003535,474.6000,4852.9500,4852.9500,1,1,2026-08-24T00:00:00.000
3536,20260819,20260812,157,95,42,-1,-1,436,2,1,FPOS003536,475.3000,4854.3200,4854.3200,1,1,2026-08-24T00:00:00.000
3537,20260623,20260814,252,307,37,350,173,308,7,5,FPOS003537,476.0000,4855.6900,4855.6900,1,1,2026-08-24T00:00:00.000
3538,20260716,20260607,243,414,60,193,162,315,3,1,FPOS003538,476.7000,4857.0600,4857.0600,1,1,2026-08-24T00:00:00.000
3539,20260726,20260822,378,428,152,204,331,140,5,2,FPOS003539,477.4000,4858.4300,4858.4300,1,1,2026-08-24T00:00:00.000
3540,20260610,20260618,444,370,176,26,415,50,3,2,FPOS003540,478.1000,4859.8000,4859.8000,1,1,2026-08-24T00:00:00.000
3541,20260806,20260713,387,134,53,312,385,371,4,1,FPOS003541,478.8000,4861.1700,4861.1700,1,1,2026-08-24T00:00:00.000
3542,20260822,20260603,109,169,65,410,135,429,3,5,FPOS003542,479.5000,4862.5400,4862.5400,1,1,2026-08-24T00:00:00.000
3543,20260606,20260819,335,449,343,351,276,312,8,5,FPOS003543,480.2000,4863.9100,4863.9100,1,1,2026-08-24T00:00:00.000
3544,20260715,20260807,487,409,304,484,150,18,2,1,FPOS003544,480.9000,4865.2800,4865.2800,1,1,2026-08-24T00:00:00.000
3545,20260612,20260726,119,43,55,468,166,81,2,4,FPOS003545,481.6000,4866.6500,4866.6500,1,1,2026-08-24T00:00:00.000
3546,20260620,20260730,29,22,67,39,273,150,5,1,FPOS003546,482.3000,4868.0200,4868.0200,1,1,2026-08-24T00:00:00.000
3547,20260604,20260817,301,58,38,491,345,228,6,1,FPOS003547,483.0000,4869.3900,4869.3900,1,1,2026-08-24T00:00:00.000
3548,20260726,20260810,356,328,204,478,96,111,6,4,FPOS003548,483.7000,4870.7600,4870.7600,1,1,2026-08-24T00:00:00.000
3549,20260603,20260607,227,228,278,279,391,24,5,3,FPOS003549,484.4000,4872.1300,4872.1300,1,1,2026-08-24T00:00:00.000
3550,20260629,20260615,76,99,221,401,36,98,3,4,FPOS003550,485.1000,4873.5000,4873.5000,1,1,2026-08-24T00:00:00.000
3551,20260713,20260707,326,475,268,477,299,410,9,4,FPOS003551,485.8000,4874.8700,4874.8700,1,1,2026-08-24T00:00:00.000
3552,20260625,20260630,350,119,90,287,85,342,4,5,FPOS003552,486.5000,4876.2400,4876.2400,1,1,2026-08-24T00:00:00.000
3553,20260813,20260729,248,22,189,-1,-1,181,5,5,FPOS003553,487.2000,4877.6100,4877.6100,1,1,2026-08-24T00:00:00.000
3554,20260812,20260720,267,66,325,337,105,213,4,5,FPOS003554,487.9000,4878.9800,4878.9800,1,1,2026-08-24T00:00:00.000
3555,20260611,20260606,347,500,244,194,245,269,9,5,FPOS003555,488.6000,4880.3500,4880.3500,1,1,2026-08-24T00:00:00.000
3556,20260621,20260811,336,473,115,95,332,350,10,3,FPOS003556,489.3000,4881.7200,4881.7200,1,1,2026-08-24T00:00:00.000
3557,20260709,20260527,173,4,75,429,206,99,6,4,FPOS003557,490.0000,4883.0900,4883.0900,1,1,2026-08-24T00:00:00.000
3558,20260718,20260824,15,230,148,89,203,290,5,4,FPOS003558,490.7000,4884.4600,4884.4600,1,1,2026-08-24T00:00:00.000
3559,20260618,20260720,299,243,117,188,10,178,6,4,FPOS003559,491.4000,4885.8300,4885.8300,1,1,2026-08-24T00:00:00.000
3560,20260810,20260722,447,94,314,477,438,429,3,5,FPOS003560,492.1000,4887.2000,4887.2000,1,1,2026-08-24T00:00:00.000
3561,20260618,20260612,109,336,180,385,389,223,7,1,FPOS003561,492.8000,4888.5700,4888.5700,1,1,2026-08-24T00:00:00.000
3562,20260812,20260803,227,353,226,61,411,210,5,2,FPOS003562,493.5000,4889.9400,4889.9400,1,1,2026-08-24T00:00:00.000
3563,20260728,20260815,60,309,229,94,189,374,10,3,FPOS003563,494.2000,4891.3100,4891.3100,1,1,2026-08-24T00:00:00.000
3564,20260731,20260812,335,376,60,490,86,442,1,3,FPOS003564,494.9000,4892.6800,4892.6800,1,1,2026-08-24T00:00:00.000
3565,20260717,20260805,362,205,322,424,413,97,5,1,FPOS003565,495.6000,4894.0500,4894.0500,1,1,2026-08-24T00:00:00.000
3566,20260809,20260820,210,52,95,30,331,356,2,5,FPOS003566,496.3000,4895.4200,4895.4200,1,1,2026-08-24T00:00:00.000
3567,20260616,20260718,158,476,196,118,22,131,2,3,FPOS003567,497.0000,4896.7900,4896.7900,1,1,2026-08-24T00:00:00.000
3568,20260702,20260529,259,216,200,254,49,422,7,1,FPOS003568,497.7000,4898.1600,4898.1600,1,1,2026-08-24T00:00:00.000
3569,20260627,20260530,220,114,103,113,93,312,1,2,FPOS003569,498.4000,4899.5300,4899.5300,1,1,2026-08-24T00:00:00.000
3570,20260531,20260704,175,48,85,-1,-1,235,6,5,FPOS003570,499.1000,4900.9000,4900.9000,1,1,2026-08-24T00:00:00.000
3571,20260819,20260528,207,194,284,393,10,326,6,1,FPOS003571,499.8000,4902.2700,4902.2700,1,1,2026-08-24T00:00:00.000
3572,20260613,20260817,146,495,106,278,251,133,4,4,FPOS003572,500.5000,4903.6400,4903.6400,1,1,2026-08-24T00:00:00.000
3573,20260629,20260613,275,373,159,329,68,367,6,1,FPOS003573,501.2000,4905.0100,4905.0100,1,1,2026-08-24T00:00:00.000
3574,20260622,20260610,120,464,114,180,426,435,10,1,FPOS003574,501.9000,4906.3800,4906.3800,1,1,2026-08-24T00:00:00.000
3575,20260723,20260712,210,475,78,98,45,365,2,4,FPOS003575,502.6000,4907.7500,4907.7500,1,1,2026-08-24T00:00:00.000
3576,20260726,20260717,474,246,246,299,99,381,8,4,FPOS003576,503.3000,4909.1200,4909.1200,1,1,2026-08-24T00:00:00.000
3577,20260604,20260729,455,118,141,354,68,41,9,3,FPOS003577,504.0000,4910.4900,4910.4900,1,1,2026-08-24T00:00:00.000
3578,20260527,20260811,153,295,215,242,122,247,6,4,FPOS003578,504.7000,4911.8600,4911.8600,1,1,2026-08-24T00:00:00.000
3579,20260815,20260720,238,54,129,285,228,496,3,5,FPOS003579,505.4000,4913.2300,4913.2300,1,1,2026-08-24T00:00:00.000
3580,20260714,20260527,196,49,58,357,14,416,2,5,FPOS003580,506.1000,4914.6000,4914.6000,1,1,2026-08-24T00:00:00.000
3581,20260623,20260812,114,183,245,492,249,313,6,3,FPOS003581,506.8000,4915.9700,4915.9700,1,1,2026-08-24T00:00:00.000
3582,20260726,20260626,213,118,346,286,401,317,10,1,FPOS003582,507.5000,4917.3400,4917.3400,1,1,2026-08-24T00:00:00.000
3583,20260605,20260730,498,158,197,433,166,3,5,3,FPOS003583,508.2000,4918.7100,4918.7100,1,1,2026-08-24T00:00:00.000
3584,20260819,20260703,416,20,72,70,215,486,3,4,FPOS003584,508.9000,4920.0800,4920.0800,1,1,2026-08-24T00:00:00.000
3585,20260716,20260806,473,274,177,354,35,253,8,1,FPOS003585,509.6000,4921.4500,4921.4500,1,1,2026-08-24T00:00:00.000
3586,20260817,20260603,466,147,242,193,382,191,4,4,FPOS003586,510.3000,4922.8200,4922.8200,1,1,2026-08-24T00:00:00.000
3587,20260602,20260617,161,398,46,-1,-1,340,6,5,FPOS003587,511.0000,4924.1900,4924.1900,1,1,2026-08-24T00:00:00.000
3588,20260715,20260708,442,140,83,321,415,416,5,4,FPOS003588,511.7000,4925.5600,4925.5600,1,1,2026-08-24T00:00:00.000
3589,20260709,20260531,434,457,188,403,293,305,3,4,FPOS003589,512.4000,4926.9300,4926.9300,1,1,2026-08-24T00:00:00.000
3590,20260602,20260621,368,487,88,76,7,3,3,4,FPOS003590,513.1000,4928.3000,4928.3000,1,1,2026-08-24T00:00:00.000
3591,20260603,20260708,327,345,74,479,132,356,1,3,FPOS003591,513.8000,4929.6700,4929.6700,1,1,2026-08-24T00:00:00.000
3592,20260721,20260602,322,370,255,364,260,72,1,2,FPOS003592,514.5000,4931.0400,4931.0400,1,1,2026-08-24T00:00:00.000
3593,20260724,20260817,272,31,319,482,326,87,3,2,FPOS003593,515.2000,4932.4100,4932.4100,1,1,2026-08-24T00:00:00.000
3594,20260602,20260725,132,416,257,335,433,456,6,4,FPOS003594,515.9000,4933.7800,4933.7800,1,1,2026-08-24T00:00:00.000
3595,20260703,20260731,190,67,84,120,281,146,2,4,FPOS003595,516.6000,4935.1500,4935.1500,1,1,2026-08-24T00:00:00.000
3596,20260723,20260729,26,377,279,461,119,274,5,5,FPOS003596,517.3000,4936.5200,4936.5200,1,1,2026-08-24T00:00:00.000
3597,20260618,20260527,62,312,303,211,63,304,4,5,FPOS003597,518.0000,4937.8900,4937.8900,1,1,2026-08-24T00:00:00.000
3598,20260603,20260728,184,240,28,15,327,390,9,3,FPOS003598,518.7000,4939.2600,4939.2600,1,1,2026-08-24T00:00:00.000
3599,20260614,20260609,204,371,11,456,69,187,5,1,FPOS003599,519.4000,4940.6300,4940.6300,1,1,2026-08-24T00:00:00.000
3600,20260725,20260708,166,139,148,408,387,164,9,3,FPOS003600,520.1000,4942.0000,4942.0000,1,1,2026-08-24T00:00:00.000
3601,20260802,20260709,28,345,143,157,329,22,4,5,FPOS003601,520.8000,4943.3700,4943.3700,1,1,2026-08-24T00:00:00.000
3602,20260823,20260720,25,171,202,478,222,345,7,1,FPOS003602,521.5000,4944.7400,4944.7400,1,1,2026-08-24T00:00:00.000
3603,20260717,20260613,96,165,233,348,425,307,8,3,FPOS003603,522.2000,4946.1100,4946.1100,1,1,2026-08-24T00:00:00.000
3604,20260607,20260602,72,98,71,-1,-1,330,7,3,FPOS003604,522.9000,4947.4800,4947.4800,1,1,2026-08-24T00:00:00.000
3605,20260619,20260610,137,444,29,106,223,79,8,1,FPOS003605,523.6000,4948.8500,4948.8500,1,1,2026-08-24T00:00:00.000
3606,20260729,20260621,146,327,53,176,84,41,4,2,FPOS003606,524.3000,4950.2200,4950.2200,1,1,2026-08-24T00:00:00.000
3607,20260527,20260722,256,29,240,238,286,248,7,1,FPOS003607,525.0000,4951.5900,4951.5900,1,1,2026-08-24T00:00:00.000
3608,20260809,20260710,25,242,67,338,371,14,7,5,FPOS003608,525.7000,4952.9600,4952.9600,1,1,2026-08-24T00:00:00.000
3609,20260730,20260727,401,345,255,446,89,35,2,3,FPOS003609,526.4000,4954.3300,4954.3300,1,1,2026-08-24T00:00:00.000
3610,20260609,20260822,284,307,344,196,223,161,1,5,FPOS003610,527.1000,4955.7000,4955.7000,1,1,2026-08-24T00:00:00.000
3611,20260705,20260819,284,318,268,197,403,266,7,2,FPOS003611,527.8000,4957.0700,4957.0700,1,1,2026-08-24T00:00:00.000
3612,20260610,20260624,26,416,62,350,107,129,2,2,FPOS003612,528.5000,4958.4400,4958.4400,1,1,2026-08-24T00:00:00.000
3613,20260803,20260810,229,464,58,70,401,365,3,4,FPOS003613,529.2000,4959.8100,4959.8100,1,1,2026-08-24T00:00:00.000
3614,20260716,20260719,464,477,9,466,395,436,4,1,FPOS003614,529.9000,4961.1800,4961.1800,1,1,2026-08-24T00:00:00.000
3615,20260608,20260709,207,160,186,212,439,275,1,4,FPOS003615,530.6000,4962.5500,4962.5500,1,1,2026-08-24T00:00:00.000
3616,20260723,20260604,348,23,149,311,149,252,8,4,FPOS003616,531.3000,4963.9200,4963.9200,1,1,2026-08-24T00:00:00.000
3617,20260824,20260726,29,50,195,437,338,198,8,5,FPOS003617,532.0000,4965.2900,4965.2900,1,1,2026-08-24T00:00:00.000
3618,20260819,20260730,437,255,55,395,487,239,6,1,FPOS003618,532.7000,4966.6600,4966.6600,1,1,2026-08-24T00:00:00.000
3619,20260813,20260624,170,162,192,231,51,85,2,1,FPOS003619,533.4000,4968.0300,4968.0300,1,1,2026-08-24T00:00:00.000
3620,20260818,20260814,203,183,258,181,360,274,8,1,FPOS003620,534.1000,4969.4000,4969.4000,1,1,2026-08-24T00:00:00.000
3621,20260811,20260731,434,238,248,-1,-1,226,6,1,FPOS003621,534.8000,4970.7700,4970.7700,1,1,2026-08-24T00:00:00.000
3622,20260708,20260605,248,272,246,153,254,350,9,4,FPOS003622,535.5000,4972.1400,4972.1400,1,1,2026-08-24T00:00:00.000
3623,20260731,20260819,134,367,116,157,77,153,2,1,FPOS003623,536.2000,4973.5100,4973.5100,1,1,2026-08-24T00:00:00.000
3624,20260619,20260713,283,35,341,325,46,407,3,3,FPOS003624,536.9000,4974.8800,4974.8800,1,1,2026-08-24T00:00:00.000
3625,20260621,20260617,399,349,269,491,396,333,6,1,FPOS003625,537.6000,4976.2500,4976.2500,1,1,2026-08-24T00:00:00.000
3626,20260531,20260804,50,411,242,477,25,433,5,4,FPOS003626,538.3000,4977.6200,4977.6200,1,1,2026-08-24T00:00:00.000
3627,20260721,20260627,119,240,29,22,451,434,2,1,FPOS003627,539.0000,4978.9900,4978.9900,1,1,2026-08-24T00:00:00.000
3628,20260812,20260625,138,259,245,40,23,479,2,2,FPOS003628,539.7000,4980.3600,4980.3600,1,1,2026-08-24T00:00:00.000
3629,20260706,20260824,302,140,216,95,182,311,10,3,FPOS003629,540.4000,4981.7300,4981.7300,1,1,2026-08-24T00:00:00.000
3630,20260725,20260817,54,448,139,44,487,467,6,5,FPOS003630,541.1000,4983.1000,4983.1000,1,1,2026-08-24T00:00:00.000
3631,20260627,20260717,383,88,197,334,399,486,3,3,FPOS003631,541.8000,4984.4700,4984.4700,1,1,2026-08-24T00:00:00.000
3632,20260731,20260707,336,385,189,57,131,38,7,5,FPOS003632,542.5000,4985.8400,4985.8400,1,1,2026-08-24T00:00:00.000
3633,20260807,20260628,494,83,52,371,453,181,4,1,FPOS003633,543.2000,4987.2100,4987.2100,1,1,2026-08-24T00:00:00.000
3634,20260819,20260817,73,11,328,15,220,162,10,3,FPOS003634,543.9000,4988.5800,4988.5800,1,1,2026-08-24T00:00:00.000
3635,20260621,20260818,212,499,57,113,136,281,7,4,FPOS003635,544.6000,4989.9500,4989.9500,1,1,2026-08-24T00:00:00.000
3636,20260726,20260602,191,141,248,232,172,51,4,3,FPOS003636,545.3000,4991.3200,4991.3200,1,1,2026-08-24T00:00:00.000
3637,20260610,20260708,371,218,65,196,347,447,8,1,FPOS003637,546.0000,4992.6900,4992.6900,1,1,2026-08-24T00:00:00.000
3638,20260711,20260617,34,183,274,-1,-1,91,4,1,FPOS003638,546.7000,4994.0600,4994.0600,1,1,2026-08-24T00:00:00.000
3639,20260620,20260730,300,290,127,337,459,195,9,1,FPOS003639,547.4000,4995.4300,4995.4300,1,1,2026-08-24T00:00:00.000
3640,20260626,20260614,32,209,279,364,412,3,9,2,FPOS003640,548.1000,4996.8000,4996.8000,1,1,2026-08-24T00:00:00.000
3641,20260707,20260529,469,336,283,492,329,187,8,1,FPOS003641,548.8000,4998.1700,4998.1700,1,1,2026-08-24T00:00:00.000
3642,20260625,20260818,74,220,263,224,154,322,6,1,FPOS003642,549.5000,4999.5400,4999.5400,1,1,2026-08-24T00:00:00.000
3643,20260609,20260807,436,389,171,160,106,392,4,4,FPOS003643,550.2000,5000.9100,5000.9100,1,1,2026-08-24T00:00:00.000
3644,20260808,20260808,161,169,292,397,322,71,3,4,FPOS003644,550.9000,5002.2800,5002.2800,1,1,2026-08-24T00:00:00.000
3645,20260610,20260823,195,172,35,486,380,88,2,5,FPOS003645,551.6000,5003.6500,5003.6500,1,1,2026-08-24T00:00:00.000
3646,20260605,20260621,344,474,212,387,172,284,8,4,FPOS003646,552.3000,5005.0200,5005.0200,1,1,2026-08-24T00:00:00.000
3647,20260715,20260816,300,299,229,82,390,303,7,4,FPOS003647,553.0000,5006.3900,5006.3900,1,1,2026-08-24T00:00:00.000
3648,20260605,20260720,250,47,167,394,144,409,6,4,FPOS003648,553.7000,5007.7600,5007.7600,1,1,2026-08-24T00:00:00.000
3649,20260809,20260630,164,118,162,11,242,155,8,1,FPOS003649,554.4000,5009.1300,5009.1300,1,1,2026-08-24T00:00:00.000
3650,20260616,20260623,277,82,69,24,33,424,7,5,FPOS003650,555.1000,5010.5000,5010.5000,1,1,2026-08-24T00:00:00.000
3651,20260714,20260627,468,490,219,391,114,214,4,3,FPOS003651,555.8000,5011.8700,5011.8700,1,1,2026-08-24T00:00:00.000
3652,20260727,20260715,110,487,118,23,53,165,8,5,FPOS003652,556.5000,5013.2400,5013.2400,1,1,2026-08-24T00:00:00.000
3653,20260730,20260621,206,488,190,140,175,278,8,3,FPOS003653,557.2000,5014.6100,5014.6100,1,1,2026-08-24T00:00:00.000
3654,20260610,20260730,109,185,194,272,485,437,5,4,FPOS003654,557.9000,5015.9800,5015.9800,1,1,2026-08-24T00:00:00.000
3655,20260624,20260716,243,48,299,-1,-1,40,5,1,FPOS003655,558.6000,5017.3500,5017.3500,1,1,2026-08-24T00:00:00.000
3656,20260610,20260619,346,381,37,458,405,266,5,1,FPOS003656,559.3000,5018.7200,5018.7200,1,1,2026-08-24T00:00:00.000
3657,20260707,20260701,164,181,341,179,366,250,9,1,FPOS003657,560.0000,5020.0900,5020.0900,1,1,2026-08-24T00:00:00.000
3658,20260630,20260724,159,136,199,423,269,20,10,4,FPOS003658,560.7000,5021.4600,5021.4600,1,1,2026-08-24T00:00:00.000
3659,20260624,20260715,93,130,11,12,498,118,7,2,FPOS003659,561.4000,5022.8300,5022.8300,1,1,2026-08-24T00:00:00.000
3660,20260610,20260727,218,270,47,320,72,351,5,3,FPOS003660,562.1000,5024.2000,5024.2000,1,1,2026-08-24T00:00:00.000
3661,20260614,20260704,382,334,121,345,208,394,3,3,FPOS003661,562.8000,5025.5700,5025.5700,1,1,2026-08-24T00:00:00.000
3662,20260603,20260616,427,169,206,108,174,314,4,1,FPOS003662,563.5000,5026.9400,5026.9400,1,1,2026-08-24T00:00:00.000
3663,20260627,20260804,177,385,137,356,178,167,8,5,FPOS003663,564.2000,5028.3100,5028.3100,1,1,2026-08-24T00:00:00.000
3664,20260623,20260529,385,389,157,461,114,110,8,3,FPOS003664,564.9000,5029.6800,5029.6800,1,1,2026-08-24T00:00:00.000
3665,20260717,20260615,327,464,56,346,341,149,4,4,FPOS003665,565.6000,5031.0500,5031.0500,1,1,2026-08-24T00:00:00.000
3666,20260812,20260709,177,209,209,319,145,238,2,2,FPOS003666,566.3000,5032.4200,5032.4200,1,1,2026-08-24T00:00:00.000
3667,20260710,20260729,289,182,232,478,381,20,2,4,FPOS003667,567.0000,5033.7900,5033.7900,1,1,2026-08-24T00:00:00.000
3668,20260606,20260812,465,326,96,412,491,304,3,3,FPOS003668,567.7000,5035.1600,5035.1600,1,1,2026-08-24T00:00:00.000
3669,20260812,20260815,190,405,65,163,187,264,8,1,FPOS003669,568.4000,5036.5300,5036.5300,1,1,2026-08-24T00:00:00.000
3670,20260817,20260805,364,30,205,235,215,390,3,1,FPOS003670,569.1000,5037.9000,5037.9000,1,1,2026-08-24T00:00:00.000
3671,20260602,20260527,304,275,173,291,135,132,7,1,FPOS003671,569.8000,5039.2700,5039.2700,1,1,2026-08-24T00:00:00.000
3672,20260710,20260717,246,186,110,-1,-1,200,8,5,FPOS003672,570.5000,5040.6400,5040.6400,1,1,2026-08-24T00:00:00.000
3673,20260709,20260625,193,177,210,88,202,263,6,2,FPOS003673,571.2000,5042.0100,5042.0100,1,1,2026-08-24T00:00:00.000
3674,20260716,20260815,56,247,172,145,361,482,8,2,FPOS003674,571.9000,5043.3800,5043.3800,1,1,2026-08-24T00:00:00.000
3675,20260803,20260627,297,112,3,246,286,223,4,5,FPOS003675,572.6000,5044.7500,5044.7500,1,1,2026-08-24T00:00:00.000
3676,20260530,20260703,364,196,325,337,310,56,4,1,FPOS003676,573.3000,5046.1200,5046.1200,1,1,2026-08-24T00:00:00.000
3677,20260802,20260529,222,313,259,162,347,389,3,1,FPOS003677,574.0000,5047.4900,5047.4900,1,1,2026-08-24T00:00:00.000
3678,20260820,20260719,420,418,71,485,455,423,10,3,FPOS003678,574.7000,5048.8600,5048.8600,1,1,2026-08-24T00:00:00.000
3679,20260617,20260609,420,282,283,289,297,123,4,2,FPOS003679,575.4000,5050.2300,5050.2300,1,1,2026-08-24T00:00:00.000
