FinanceManufacturingVarianceKey,PostingDateKey,ProductionDateKey,ProductKey,PlantKey,WorkCenterKey,CostCenterKey,FinanceCostElementDetailKey,FinanceVarianceTypeKey,CurrencyKey,ProductionOrderNumber,OperationSequenceNumber,StandardAmount,ActualAmount,VarianceAmount,VarianceQuantity,SourceSystemKey,BatchId,LoadedAtUtc
1,20260618,20260617,114,273,76,102,260,2,4,FMV000001,1,11.3700,11.3700,11.3700,0.8000,1,1,2026-08-24T00:00:00.000
2,20260811,20260713,47,47,404,150,356,15,4,FMV000002,2,12.7400,12.7400,12.7400,1.5000,1,1,2026-08-24T00:00:00.000
3,20260727,20260727,345,327,339,435,490,16,5,FMV000003,3,14.1100,14.1100,14.1100,2.2000,1,1,2026-08-24T00:00:00.000
4,20260720,20260806,473,233,127,317,371,9,4,FMV000004,4,15.4800,15.4800,15.4800,2.9000,1,1,2026-08-24T00:00:00.000
5,20260602,20260625,153,79,313,36,468,18,1,FMV000005,5,16.8500,16.8500,16.8500,3.6000,1,1,2026-08-24T00:00:00.000
6,20260601,20260725,491,315,477,121,144,2,3,FMV000006,6,18.2200,18.2200,18.2200,4.3000,1,1,2026-08-24T00:00:00.000
7,20260710,20260813,183,39,101,354,438,5,4,FMV000007,7,19.5900,19.5900,19.5900,5.0000,1,1,2026-08-24T00:00:00.000
8,20260728,20260622,241,193,321,34,93,18,2,FMV000008,8,20.9600,20.9600,20.9600,5.7000,1,1,2026-08-24T00:00:00.000
9,20260824,20260709,211,32,378,202,26,5,3,FMV000009,9,22.3300,22.3300,22.3300,6.4000,1,1,2026-08-24T00:00:00.000
10,20260726,20260714,397,157,338,287,83,13,4,FMV000010,10,23.7000,23.7000,23.7000,7.1000,1,1,2026-08-24T00:00:00.000
11,20260715,20260720,237,307,91,396,85,15,1,FMV000011,11,25.0700,25.0700,25.0700,7.8000,1,1,2026-08-24T00:00:00.000
12,20260821,20260618,300,89,485,56,186,16,5,FMV000012,12,26.4400,26.4400,26.4400,8.5000,1,1,2026-08-24T00:00:00.000
13,20260612,20260706,135,99,55,131,202,6,1,FMV000013,13,27.8100,27.8100,27.8100,9.2000,1,1,2026-08-24T00:00:00.000
14,20260720,20260702,215,260,199,241,14,5,3,FMV000014,14,29.1800,29.1800,29.1800,9.9000,1,1,2026-08-24T00:00:00.000
15,20260607,20260620,60,246,199,293,387,17,2,FMV000015,15,30.5500,30.5500,30.5500,10.6000,1,1,2026-08-24T00:00:00.000
16,20260607,20260811,147,66,352,113,477,17,5,FMV000016,16,31.9200,31.9200,31.9200,11.3000,1,1,2026-08-24T00:00:00.000
17,20260728,20260822,77,119,-1,-1,490,19,1,FMV000017,17,33.2900,33.2900,33.2900,12.0000,1,1,2026-08-24T00:00:00.000
18,20260606,20260726,116,44,450,431,460,7,2,FMV000018,18,34.6600,34.6600,34.6600,12.7000,1,1,2026-08-24T00:00:00.000
19,20260807,20260610,380,319,247,58,410,1,5,FMV000019,19,36.0300,36.0300,36.0300,13.4000,1,1,2026-08-24T00:00:00.000
20,20260723,20260706,51,126,198,461,303,20,3,FMV000020,20,37.4000,37.4000,37.4000,14.1000,1,1,2026-08-24T00:00:00.000
21,20260804,20260529,306,326,89,33,194,1,4,FMV000021,21,38.7700,38.7700,38.7700,14.8000,1,1,2026-08-24T00:00:00.000
22,20260719,20260814,150,222,443,178,114,12,5,FMV000022,22,40.1400,40.1400,40.1400,15.5000,1,1,2026-08-24T00:00:00.000
23,20260801,20260610,233,228,356,4,236,15,2,FMV000023,23,41.5100,41.5100,41.5100,16.2000,1,1,2026-08-24T00:00:00.000
24,20260712,20260626,203,195,345,278,335,20,4,FMV000024,24,42.8800,42.8800,42.8800,16.9000,1,1,2026-08-24T00:00:00.000
25,20260819,20260820,286,112,497,189,301,5,4,FMV000025,25,44.2500,44.2500,44.2500,17.6000,1,1,2026-08-24T00:00:00.000
26,20260701,20260603,367,202,384,252,493,20,2,FMV000026,26,45.6200,45.6200,45.6200,18.3000,1,1,2026-08-24T00:00:00.000
27,20260709,20260628,20,114,75,54,115,3,4,FMV000027,27,46.9900,46.9900,46.9900,19.0000,1,1,2026-08-24T00:00:00.000
28,20260528,20260721,391,35,6,213,85,1,1,FMV000028,28,48.3600,48.3600,48.3600,19.7000,1,1,2026-08-24T00:00:00.000
29,20260630,20260529,420,59,498,176,291,16,4,FMV000029,29,49.7300,49.7300,49.7300,20.4000,1,1,2026-08-24T00:00:00.000
30,20260810,20260630,400,225,307,222,410,10,3,FMV000030,30,51.1000,51.1000,51.1000,21.1000,1,1,2026-08-24T00:00:00.000
31,20260529,20260822,104,166,52,214,256,2,5,FMV000031,31,52.4700,52.4700,52.4700,21.8000,1,1,2026-08-24T00:00:00.000
32,20260812,20260717,464,240,357,477,305,6,3,FMV000032,32,53.8400,53.8400,53.8400,22.5000,1,1,2026-08-24T00:00:00.000
33,20260616,20260811,188,263,497,354,418,15,3,FMV000033,33,55.2100,55.2100,55.2100,23.2000,1,1,2026-08-24T00:00:00.000
34,20260704,20260722,83,173,-1,-1,493,9,5,FMV000034,34,56.5800,56.5800,56.5800,23.9000,1,1,2026-08-24T00:00:00.000
35,20260620,20260527,497,224,163,327,38,11,3,FMV000035,35,57.9500,57.9500,57.9500,24.6000,1,1,2026-08-24T00:00:00.000
36,20260702,20260810,326,57,18,196,202,19,2,FMV000036,36,59.3200,59.3200,59.3200,25.3000,1,1,2026-08-24T00:00:00.000
37,20260601,20260705,181,152,429,170,386,9,5,FMV000037,37,60.6900,60.6900,60.6900,26.0000,1,1,2026-08-24T00:00:00.000
38,20260627,20260705,66,54,90,138,473,16,4,FMV000038,38,62.0600,62.0600,62.0600,26.7000,1,1,2026-08-24T00:00:00.000
39,20260604,20260619,163,76,18,464,140,17,4,FMV000039,39,63.4300,63.4300,63.4300,27.4000,1,1,2026-08-24T00:00:00.000
40,20260622,20260704,128,325,413,128,369,10,3,FMV000040,40,64.8000,64.8000,64.8000,28.1000,1,1,2026-08-24T00:00:00.000
41,20260604,20260601,379,85,126,405,5,13,5,FMV000041,41,66.1700,66.1700,66.1700,28.8000,1,1,2026-08-24T00:00:00.000
42,20260619,20260714,135,131,371,427,393,1,1,FMV000042,42,67.5400,67.5400,67.5400,29.5000,1,1,2026-08-24T00:00:00.000
43,20260709,20260712,189,45,336,112,217,19,5,FMV000043,43,68.9100,68.9100,68.9100,30.2000,1,1,2026-08-24T00:00:00.000
44,20260629,20260815,443,37,208,125,343,10,4,FMV000044,44,70.2800,70.2800,70.2800,30.9000,1,1,2026-08-24T00:00:00.000
45,20260605,20260812,27,183,372,13,435,14,4,FMV000045,45,71.6500,71.6500,71.6500,31.6000,1,1,2026-08-24T00:00:00.000
46,20260605,20260814,81,97,1,151,64,17,5,FMV000046,46,73.0200,73.0200,73.0200,32.3000,1,1,2026-08-24T00:00:00.000
47,20260617,20260621,215,204,142,413,303,19,1,FMV000047,47,74.3900,74.3900,74.3900,33.0000,1,1,2026-08-24T00:00:00.000
48,20260607,20260821,67,176,169,214,490,11,2,FMV000048,48,75.7600,75.7600,75.7600,33.7000,1,1,2026-08-24T00:00:00.000
49,20260717,20260824,245,121,173,138,287,10,5,FMV000049,49,77.1300,77.1300,77.1300,34.4000,1,1,2026-08-24T00:00:00.000
50,20260615,20260624,263,10,6,279,398,8,5,FMV000050,50,78.5000,78.5000,78.5000,35.1000,1,1,2026-08-24T00:00:00.000
51,20260819,20260609,86,163,-1,-1,307,19,1,FMV000051,51,79.8700,79.8700,79.8700,35.8000,1,1,2026-08-24T00:00:00.000
52,20260607,20260730,183,188,470,311,33,18,3,FMV000052,52,81.2400,81.2400,81.2400,36.5000,1,1,2026-08-24T00:00:00.000
53,20260809,20260709,241,263,411,181,109,3,1,FMV000053,53,82.6100,82.6100,82.6100,37.2000,1,1,2026-08-24T00:00:00.000
54,20260613,20260702,16,199,382,51,487,15,1,FMV000054,54,83.9800,83.9800,83.9800,37.9000,1,1,2026-08-24T00:00:00.000
55,20260630,20260610,62,251,441,88,487,17,3,FMV000055,55,85.3500,85.3500,85.3500,38.6000,1,1,2026-08-24T00:00:00.000
56,20260530,20260625,287,214,397,500,381,9,4,FMV000056,56,86.7200,86.7200,86.7200,39.3000,1,1,2026-08-24T00:00:00.000
57,20260823,20260605,477,7,388,407,431,17,2,FMV000057,57,88.0900,88.0900,88.0900,40.0000,1,1,2026-08-24T00:00:00.000
58,20260814,20260822,50,334,114,457,362,15,2,FMV000058,58,89.4600,89.4600,89.4600,40.7000,1,1,2026-08-24T00:00:00.000
59,20260731,20260819,490,146,44,131,335,16,4,FMV000059,59,90.8300,90.8300,90.8300,41.4000,1,1,2026-08-24T00:00:00.000
60,20260822,20260718,17,332,122,56,398,9,2,FMV000060,60,92.2000,92.2000,92.2000,42.1000,1,1,2026-08-24T00:00:00.000
61,20260802,20260822,448,331,136,254,51,8,1,FMV000061,61,93.5700,93.5700,93.5700,42.8000,1,1,2026-08-24T00:00:00.000
62,20260815,20260625,415,134,452,325,211,17,5,FMV000062,62,94.9400,94.9400,94.9400,43.5000,1,1,2026-08-24T00:00:00.000
63,20260719,20260611,345,148,293,454,381,5,5,FMV000063,63,96.3100,96.3100,96.3100,44.2000,1,1,2026-08-24T00:00:00.000
64,20260802,20260817,28,24,237,476,465,17,1,FMV000064,64,97.6800,97.6800,97.6800,44.9000,1,1,2026-08-24T00:00:00.000
65,20260801,20260610,365,7,183,43,343,4,4,FMV000065,65,99.0500,99.0500,99.0500,45.6000,1,1,2026-08-24T00:00:00.000
66,20260531,20260612,6,203,75,361,375,18,3,FMV000066,66,100.4200,100.4200,100.4200,46.3000,1,1,2026-08-24T00:00:00.000
67,20260722,20260623,27,52,408,347,243,17,5,FMV000067,67,101.7900,101.7900,101.7900,47.0000,1,1,2026-08-24T00:00:00.000
68,20260813,20260616,234,337,-1,-1,202,11,2,FMV000068,68,103.1600,103.1600,103.1600,47.7000,1,1,2026-08-24T00:00:00.000
69,20260527,20260607,429,212,311,435,250,15,3,FMV000069,69,104.5300,104.5300,104.5300,48.4000,1,1,2026-08-24T00:00:00.000
70,20260821,20260821,421,14,226,224,488,12,1,FMV000070,70,105.9000,105.9000,105.9000,49.1000,1,1,2026-08-24T00:00:00.000
71,20260615,20260706,397,3,239,12,448,19,3,FMV000071,71,107.2700,107.2700,107.2700,49.8000,1,1,2026-08-24T00:00:00.000
72,20260611,20260609,266,37,47,189,100,6,3,FMV000072,72,108.6400,108.6400,108.6400,50.5000,1,1,2026-08-24T00:00:00.000
73,20260620,20260725,354,248,470,150,105,9,5,FMV000073,73,110.0100,110.0100,110.0100,51.2000,1,1,2026-08-24T00:00:00.000
74,20260610,20260530,463,220,323,490,140,13,2,FMV000074,74,111.3800,111.3800,111.3800,51.9000,1,1,2026-08-24T00:00:00.000
75,20260808,20260815,175,41,395,426,63,2,4,FMV000075,75,112.7500,112.7500,112.7500,52.6000,1,1,2026-08-24T00:00:00.000
76,20260815,20260614,378,52,467,451,101,9,5,FMV000076,76,114.1200,114.1200,114.1200,53.3000,1,1,2026-08-24T00:00:00.000
77,20260611,20260625,102,182,399,193,152,7,5,FMV000077,77,115.4900,115.4900,115.4900,54.0000,1,1,2026-08-24T00:00:00.000
78,20260815,20260719,164,340,282,395,300,1,3,FMV000078,78,116.8600,116.8600,116.8600,54.7000,1,1,2026-08-24T00:00:00.000
79,20260714,20260527,348,310,30,399,342,3,5,FMV000079,79,118.2300,118.2300,118.2300,55.4000,1,1,2026-08-24T00:00:00.000
80,20260804,20260806,379,193,124,171,167,19,4,FMV000080,80,119.6000,119.6000,119.6000,56.1000,1,1,2026-08-24T00:00:00.000
81,20260729,20260717,6,335,19,4,168,6,2,FMV000081,81,120.9700,120.9700,120.9700,56.8000,1,1,2026-08-24T00:00:00.000
82,20260601,20260611,495,80,455,252,450,12,5,FMV000082,82,122.3400,122.3400,122.3400,57.5000,1,1,2026-08-24T00:00:00.000
83,20260815,20260626,248,140,296,392,316,14,1,FMV000083,83,123.7100,123.7100,123.7100,58.2000,1,1,2026-08-24T00:00:00.000
84,20260603,20260812,6,188,192,433,197,18,3,FMV000084,84,125.0800,125.0800,125.0800,58.9000,1,1,2026-08-24T00:00:00.000
85,20260814,20260619,281,67,-1,-1,439,10,4,FMV000085,85,126.4500,126.4500,126.4500,59.6000,1,1,2026-08-24T00:00:00.000
86,20260607,20260818,216,68,156,213,347,11,2,FMV000086,86,127.8200,127.8200,127.8200,60.3000,1,1,2026-08-24T00:00:00.000
87,20260710,20260604,128,185,171,144,441,19,3,FMV000087,87,129.1900,129.1900,129.1900,61.0000,1,1,2026-08-24T00:00:00.000
88,20260625,20260715,185,85,499,2,447,17,3,FMV000088,88,130.5600,130.5600,130.5600,61.7000,1,1,2026-08-24T00:00:00.000
89,20260811,20260710,167,239,325,177,170,9,4,FMV000089,89,131.9300,131.9300,131.9300,62.4000,1,1,2026-08-24T00:00:00.000
90,20260813,20260815,393,248,408,210,133,9,3,FMV000090,90,133.3000,133.3000,133.3000,63.1000,1,1,2026-08-24T00:00:00.000
91,20260819,20260615,197,328,418,18,153,2,5,FMV000091,91,134.6700,134.6700,134.6700,63.8000,1,1,2026-08-24T00:00:00.000
92,20260612,20260619,108,330,206,309,202,6,5,FMV000092,92,136.0400,136.0400,136.0400,64.5000,1,1,2026-08-24T00:00:00.000
93,20260809,20260823,228,209,430,247,152,19,1,FMV000093,93,137.4100,137.4100,137.4100,65.2000,1,1,2026-08-24T00:00:00.000
94,20260711,20260627,43,107,140,174,85,16,1,FMV000094,94,138.7800,138.7800,138.7800,65.9000,1,1,2026-08-24T00:00:00.000
95,20260701,20260601,169,72,92,339,264,8,5,FMV000095,95,140.1500,140.1500,140.1500,66.6000,1,1,2026-08-24T00:00:00.000
96,20260720,20260709,379,87,399,466,409,1,5,FMV000096,96,141.5200,141.5200,141.5200,67.3000,1,1,2026-08-24T00:00:00.000
97,20260625,20260620,474,51,389,20,203,16,1,FMV000097,97,142.8900,142.8900,142.8900,68.0000,1,1,2026-08-24T00:00:00.000
98,20260702,20260607,182,321,416,347,153,3,3,FMV000098,98,144.2600,144.2600,144.2600,68.7000,1,1,2026-08-24T00:00:00.000
99,20260613,20260809,111,331,135,1,325,4,4,FMV000099,99,145.6300,145.6300,145.6300,69.4000,1,1,2026-08-24T00:00:00.000
100,20260804,20260810,374,38,237,425,195,20,3,FMV000100,100,147.0000,147.0000,147.0000,70.1000,1,1,2026-08-24T00:00:00.000
101,20260710,20260805,4,228,84,387,392,16,2,FMV000101,101,148.3700,148.3700,148.3700,70.8000,1,1,2026-08-24T00:00:00.000
102,20260530,20260724,195,220,-1,-1,362,16,3,FMV000102,102,149.7400,149.7400,149.7400,71.5000,1,1,2026-08-24T00:00:00.000
103,20260622,20260628,379,311,100,169,483,19,1,FMV000103,103,151.1100,151.1100,151.1100,72.2000,1,1,2026-08-24T00:00:00.000
104,20260709,20260607,317,118,25,289,175,15,5,FMV000104,104,152.4800,152.4800,152.4800,72.9000,1,1,2026-08-24T00:00:00.000
105,20260720,20260726,460,11,399,317,375,14,4,FMV000105,105,153.8500,153.8500,153.8500,73.6000,1,1,2026-08-24T00:00:00.000
106,20260727,20260624,214,320,253,400,261,1,4,FMV000106,106,155.2200,155.2200,155.2200,74.3000,1,1,2026-08-24T00:00:00.000
107,20260704,20260614,88,167,39,2,299,2,5,FMV000107,107,156.5900,156.5900,156.5900,75.0000,1,1,2026-08-24T00:00:00.000
108,20260713,20260630,273,25,103,119,442,20,1,FMV000108,108,157.9600,157.9600,157.9600,75.7000,1,1,2026-08-24T00:00:00.000
109,20260704,20260705,391,249,249,421,432,9,3,FMV000109,109,159.3300,159.3300,159.3300,76.4000,1,1,2026-08-24T00:00:00.000
110,20260628,20260716,140,257,11,485,77,14,3,FMV000110,110,160.7000,160.7000,160.7000,77.1000,1,1,2026-08-24T00:00:00.000
111,20260617,20260820,143,296,35,407,67,1,4,FMV000111,111,162.0700,162.0700,162.0700,77.8000,1,1,2026-08-24T00:00:00.000
112,20260808,20260624,226,289,31,354,64,10,1,FMV000112,112,163.4400,163.4400,163.4400,78.5000,1,1,2026-08-24T00:00:00.000
113,20260816,20260617,33,231,425,92,256,2,3,FMV000113,113,164.8100,164.8100,164.8100,79.2000,1,1,2026-08-24T00:00:00.000
114,20260608,20260712,229,318,203,130,404,12,5,FMV000114,114,166.1800,166.1800,166.1800,79.9000,1,1,2026-08-24T00:00:00.000
115,20260613,20260821,265,269,261,350,218,12,1,FMV000115,115,167.5500,167.5500,167.5500,80.6000,1,1,2026-08-24T00:00:00.000
116,20260711,20260612,322,66,468,155,200,20,5,FMV000116,116,168.9200,168.9200,168.9200,81.3000,1,1,2026-08-24T00:00:00.000
117,20260809,20260614,105,68,414,379,101,17,5,FMV000117,117,170.2900,170.2900,170.2900,82.0000,1,1,2026-08-24T00:00:00.000
118,20260620,20260707,460,67,11,135,125,1,1,FMV000118,118,171.6600,171.6600,171.6600,82.7000,1,1,2026-08-24T00:00:00.000
119,20260817,20260614,492,273,-1,-1,40,15,3,FMV000119,119,173.0300,173.0300,173.0300,83.4000,1,1,2026-08-24T00:00:00.000
120,20260527,20260824,187,272,413,62,331,10,1,FMV000120,120,174.4000,174.4000,174.4000,84.1000,1,1,2026-08-24T00:00:00.000
121,20260527,20260527,159,238,305,14,347,3,3,FMV000121,121,175.7700,175.7700,175.7700,84.8000,1,1,2026-08-24T00:00:00.000
122,20260805,20260623,495,151,113,127,111,6,4,FMV000122,122,177.1400,177.1400,177.1400,85.5000,1,1,2026-08-24T00:00:00.000
123,20260530,20260729,16,12,352,345,210,14,1,FMV000123,123,178.5100,178.5100,178.5100,86.2000,1,1,2026-08-24T00:00:00.000
124,20260628,20260614,90,49,223,376,367,2,2,FMV000124,124,179.8800,179.8800,179.8800,86.9000,1,1,2026-08-24T00:00:00.000
125,20260615,20260531,309,163,139,338,182,2,3,FMV000125,125,181.2500,181.2500,181.2500,87.6000,1,1,2026-08-24T00:00:00.000
126,20260726,20260718,176,64,499,298,425,12,4,FMV000126,126,182.6200,182.6200,182.6200,88.3000,1,1,2026-08-24T00:00:00.000
127,20260625,20260729,389,339,292,205,56,6,5,FMV000127,127,183.9900,183.9900,183.9900,89.0000,1,1,2026-08-24T00:00:00.000
128,20260627,20260812,243,106,493,363,348,12,2,FMV000128,128,185.3600,185.3600,185.3600,89.7000,1,1,2026-08-24T00:00:00.000
129,20260617,20260818,3,168,67,94,212,2,2,FMV000129,129,186.7300,186.7300,186.7300,90.4000,1,1,2026-08-24T00:00:00.000
130,20260805,20260701,474,14,302,64,100,10,5,FMV000130,130,188.1000,188.1000,188.1000,91.1000,1,1,2026-08-24T00:00:00.000
131,20260530,20260719,147,317,388,91,329,3,2,FMV000131,131,189.4700,189.4700,189.4700,91.8000,1,1,2026-08-24T00:00:00.000
132,20260602,20260529,436,303,189,482,409,1,5,FMV000132,132,190.8400,190.8400,190.8400,92.5000,1,1,2026-08-24T00:00:00.000
133,20260712,20260823,327,234,415,364,86,3,2,FMV000133,133,192.2100,192.2100,192.2100,93.2000,1,1,2026-08-24T00:00:00.000
134,20260722,20260615,8,315,157,155,487,12,2,FMV000134,134,193.5800,193.5800,193.5800,93.9000,1,1,2026-08-24T00:00:00.000
135,20260724,20260802,61,259,446,209,445,12,2,FMV000135,135,194.9500,194.9500,194.9500,94.6000,1,1,2026-08-24T00:00:00.000
136,20260714,20260815,498,43,-1,-1,115,14,4,FMV000136,136,196.3200,196.3200,196.3200,95.3000,1,1,2026-08-24T00:00:00.000
137,20260720,20260814,251,157,343,458,229,7,1,FMV000137,137,197.6900,197.6900,197.6900,96.0000,1,1,2026-08-24T00:00:00.000
138,20260701,20260620,221,267,258,376,165,7,5,FMV000138,138,199.0600,199.0600,199.0600,96.7000,1,1,2026-08-24T00:00:00.000
139,20260630,20260628,180,156,174,259,197,1,2,FMV000139,139,200.4300,200.4300,200.4300,97.4000,1,1,2026-08-24T00:00:00.000
140,20260709,20260824,269,3,310,499,274,19,2,FMV000140,140,201.8000,201.8000,201.8000,98.1000,1,1,2026-08-24T00:00:00.000
141,20260617,20260805,163,41,263,195,25,4,1,FMV000141,141,203.1700,203.1700,203.1700,98.8000,1,1,2026-08-24T00:00:00.000
142,20260621,20260602,473,33,358,141,29,9,3,FMV000142,142,204.5400,204.5400,204.5400,99.5000,1,1,2026-08-24T00:00:00.000
143,20260711,20260823,33,63,221,369,419,12,2,FMV000143,143,205.9100,205.9100,205.9100,100.2000,1,1,2026-08-24T00:00:00.000
144,20260806,20260718,62,275,34,228,366,12,3,FMV000144,144,207.2800,207.2800,207.2800,100.9000,1,1,2026-08-24T00:00:00.000
145,20260719,20260817,454,80,441,385,202,6,2,FMV000145,145,208.6500,208.6500,208.6500,101.6000,1,1,2026-08-24T00:00:00.000
146,20260818,20260824,414,318,414,129,131,1,3,FMV000146,146,210.0200,210.0200,210.0200,102.3000,1,1,2026-08-24T00:00:00.000
147,20260805,20260708,296,119,371,287,4,8,2,FMV000147,147,211.3900,211.3900,211.3900,103.0000,1,1,2026-08-24T00:00:00.000
148,20260624,20260731,156,213,448,100,55,9,3,FMV000148,148,212.7600,212.7600,212.7600,103.7000,1,1,2026-08-24T00:00:00.000
149,20260703,20260714,117,124,186,91,335,4,1,FMV000149,149,214.1300,214.1300,214.1300,104.4000,1,1,2026-08-24T00:00:00.000
150,20260803,20260704,354,295,370,437,391,18,1,FMV000150,150,215.5000,215.5000,215.5000,105.1000,1,1,2026-08-24T00:00:00.000
151,20260622,20260818,499,261,436,212,413,6,1,FMV000151,151,216.8700,216.8700,216.8700,105.8000,1,1,2026-08-24T00:00:00.000
152,20260807,20260816,443,185,431,227,179,7,3,FMV000152,152,218.2400,218.2400,218.2400,106.5000,1,1,2026-08-24T00:00:00.000
153,20260719,20260717,107,197,-1,-1,135,17,2,FMV000153,153,219.6100,219.6100,219.6100,107.2000,1,1,2026-08-24T00:00:00.000
154,20260702,20260616,72,99,270,58,137,17,1,FMV000154,154,220.9800,220.9800,220.9800,107.9000,1,1,2026-08-24T00:00:00.000
155,20260609,20260706,433,337,92,265,465,8,4,FMV000155,155,222.3500,222.3500,222.3500,108.6000,1,1,2026-08-24T00:00:00.000
156,20260704,20260603,227,328,299,7,152,18,1,FMV000156,156,223.7200,223.7200,223.7200,109.3000,1,1,2026-08-24T00:00:00.000
157,20260726,20260716,224,172,179,462,500,3,5,FMV000157,157,225.0900,225.0900,225.0900,110.0000,1,1,2026-08-24T00:00:00.000
158,20260812,20260801,89,323,250,60,137,3,2,FMV000158,158,226.4600,226.4600,226.4600,110.7000,1,1,2026-08-24T00:00:00.000
159,20260706,20260615,474,68,359,231,410,8,4,FMV000159,159,227.8300,227.8300,227.8300,111.4000,1,1,2026-08-24T00:00:00.000
160,20260606,20260824,125,68,495,282,238,3,5,FMV000160,160,229.2000,229.2000,229.2000,112.1000,1,1,2026-08-24T00:00:00.000
161,20260706,20260614,102,192,419,59,323,5,5,FMV000161,161,230.5700,230.5700,230.5700,112.8000,1,1,2026-08-24T00:00:00.000
162,20260813,20260626,441,164,359,491,146,18,2,FMV000162,162,231.9400,231.9400,231.9400,113.5000,1,1,2026-08-24T00:00:00.000
163,20260603,20260814,206,100,173,420,493,19,2,FMV000163,163,233.3100,233.3100,233.3100,114.2000,1,1,2026-08-24T00:00:00.000
164,20260811,20260804,25,293,27,479,162,12,3,FMV000164,164,234.6800,234.6800,234.6800,114.9000,1,1,2026-08-24T00:00:00.000
165,20260714,20260715,453,264,65,275,473,10,1,FMV000165,165,236.0500,236.0500,236.0500,115.6000,1,1,2026-08-24T00:00:00.000
166,20260807,20260716,260,99,449,395,428,7,2,FMV000166,166,237.4200,237.4200,237.4200,116.3000,1,1,2026-08-24T00:00:00.000
167,20260809,20260609,89,5,285,138,144,13,1,FMV000167,167,238.7900,238.7900,238.7900,117.0000,1,1,2026-08-24T00:00:00.000
168,20260613,20260820,358,127,135,164,380,19,2,FMV000168,168,240.1600,240.1600,240.1600,117.7000,1,1,2026-08-24T00:00:00.000
169,20260608,20260723,303,85,222,282,389,4,1,FMV000169,169,241.5300,241.5300,241.5300,118.4000,1,1,2026-08-24T00:00:00.000
170,20260813,20260812,196,58,-1,-1,308,20,1,FMV000170,170,242.9000,242.9000,242.9000,119.1000,1,1,2026-08-24T00:00:00.000
171,20260528,20260709,201,301,13,362,102,12,5,FMV000171,171,244.2700,244.2700,244.2700,119.8000,1,1,2026-08-24T00:00:00.000
172,20260702,20260704,172,109,393,200,49,3,5,FMV000172,172,245.6400,245.6400,245.6400,120.5000,1,1,2026-08-24T00:00:00.000
173,20260815,20260628,197,10,233,472,112,5,5,FMV000173,173,247.0100,247.0100,247.0100,121.2000,1,1,2026-08-24T00:00:00.000
174,20260620,20260709,173,339,194,307,32,6,1,FMV000174,174,248.3800,248.3800,248.3800,121.9000,1,1,2026-08-24T00:00:00.000
175,20260630,20260802,113,275,243,100,132,14,3,FMV000175,175,249.7500,249.7500,249.7500,122.6000,1,1,2026-08-24T00:00:00.000
176,20260707,20260709,439,66,311,175,397,18,3,FMV000176,176,251.1200,251.1200,251.1200,123.3000,1,1,2026-08-24T00:00:00.000
177,20260615,20260618,202,43,350,454,45,20,3,FMV000177,177,252.4900,252.4900,252.4900,124.0000,1,1,2026-08-24T00:00:00.000
178,20260618,20260803,334,131,133,147,231,20,3,FMV000178,178,253.8600,253.8600,253.8600,124.7000,1,1,2026-08-24T00:00:00.000
179,20260813,20260721,281,100,84,64,331,11,4,FMV000179,179,255.2300,255.2300,255.2300,125.4000,1,1,2026-08-24T00:00:00.000
180,20260720,20260706,232,248,171,183,231,13,3,FMV000180,180,256.6000,256.6000,256.6000,126.1000,1,1,2026-08-24T00:00:00.000
181,20260622,20260618,482,94,364,51,1,12,2,FMV000181,181,257.9700,257.9700,257.9700,126.8000,1,1,2026-08-24T00:00:00.000
182,20260623,20260727,99,53,200,446,83,2,1,FMV000182,182,259.3400,259.3400,259.3400,127.5000,1,1,2026-08-24T00:00:00.000
183,20260606,20260618,382,284,211,75,194,4,2,FMV000183,183,260.7100,260.7100,260.7100,128.2000,1,1,2026-08-24T00:00:00.000
184,20260703,20260715,13,196,172,213,52,2,1,FMV000184,184,262.0800,262.0800,262.0800,128.9000,1,1,2026-08-24T00:00:00.000
185,20260701,20260726,307,333,318,247,210,13,3,FMV000185,185,263.4500,263.4500,263.4500,129.6000,1,1,2026-08-24T00:00:00.000
186,20260815,20260723,272,187,334,169,82,16,2,FMV000186,186,264.8200,264.8200,264.8200,130.3000,1,1,2026-08-24T00:00:00.000
187,20260531,20260712,241,208,-1,-1,409,8,5,FMV000187,187,266.1900,266.1900,266.1900,131.0000,1,1,2026-08-24T00:00:00.000
188,20260822,20260719,246,173,275,359,412,15,4,FMV000188,188,267.5600,267.5600,267.5600,131.7000,1,1,2026-08-24T00:00:00.000
189,20260620,20260725,260,255,256,248,102,4,2,FMV000189,189,268.9300,268.9300,268.9300,132.4000,1,1,2026-08-24T00:00:00.000
190,20260616,20260707,6,179,392,168,448,9,2,FMV000190,190,270.3000,270.3000,270.3000,133.1000,1,1,2026-08-24T00:00:00.000
191,20260804,20260614,290,13,227,498,210,18,2,FMV000191,191,271.6700,271.6700,271.6700,133.8000,1,1,2026-08-24T00:00:00.000
192,20260813,20260609,391,106,261,49,330,17,5,FMV000192,192,273.0400,273.0400,273.0400,134.5000,1,1,2026-08-24T00:00:00.000
193,20260626,20260801,323,308,300,239,379,10,2,FMV000193,193,274.4100,274.4100,274.4100,135.2000,1,1,2026-08-24T00:00:00.000
194,20260604,20260624,356,321,471,172,395,16,4,FMV000194,194,275.7800,275.7800,275.7800,135.9000,1,1,2026-08-24T00:00:00.000
195,20260815,20260626,435,23,281,290,224,9,1,FMV000195,195,277.1500,277.1500,277.1500,136.6000,1,1,2026-08-24T00:00:00.000
196,20260603,20260808,84,88,242,331,224,9,2,FMV000196,196,278.5200,278.5200,278.5200,137.3000,1,1,2026-08-24T00:00:00.000
197,20260704,20260706,56,151,143,391,453,11,4,FMV000197,197,279.8900,279.8900,279.8900,138.0000,1,1,2026-08-24T00:00:00.000
198,20260612,20260729,364,118,374,387,457,17,5,FMV000198,198,281.2600,281.2600,281.2600,138.7000,1,1,2026-08-24T00:00:00.000
199,20260811,20260822,233,27,76,30,295,6,4,FMV000199,199,282.6300,282.6300,282.6300,139.4000,1,1,2026-08-24T00:00:00.000
200,20260619,20260527,469,179,431,142,205,14,2,FMV000200,200,284.0000,284.0000,284.0000,140.1000,1,1,2026-08-24T00:00:00.000
201,20260624,20260612,455,28,79,479,401,7,4,FMV000201,201,285.3700,285.3700,285.3700,140.8000,1,1,2026-08-24T00:00:00.000
202,20260804,20260722,450,43,428,16,382,20,3,FMV000202,202,286.7400,286.7400,286.7400,141.5000,1,1,2026-08-24T00:00:00.000
203,20260613,20260822,87,269,52,214,124,18,3,FMV000203,203,288.1100,288.1100,288.1100,142.2000,1,1,2026-08-24T00:00:00.000
204,20260708,20260805,383,319,-1,-1,225,4,4,FMV000204,204,289.4800,289.4800,289.4800,142.9000,1,1,2026-08-24T00:00:00.000
205,20260719,20260813,291,152,67,339,394,10,5,FMV000205,205,290.8500,290.8500,290.8500,143.6000,1,1,2026-08-24T00:00:00.000
206,20260626,20260619,414,163,233,178,201,17,5,FMV000206,206,292.2200,292.2200,292.2200,144.3000,1,1,2026-08-24T00:00:00.000
207,20260823,20260721,206,322,318,114,493,6,1,FMV000207,207,293.5900,293.5900,293.5900,145.0000,1,1,2026-08-24T00:00:00.000
208,20260608,20260809,175,345,427,2,89,10,2,FMV000208,208,294.9600,294.9600,294.9600,145.7000,1,1,2026-08-24T00:00:00.000
209,20260528,20260617,118,257,242,308,208,10,4,FMV000209,209,296.3300,296.3300,296.3300,146.4000,1,1,2026-08-24T00:00:00.000
210,20260808,20260527,141,54,128,466,94,14,5,FMV000210,210,297.7000,297.7000,297.7000,147.1000,1,1,2026-08-24T00:00:00.000
211,20260714,20260719,334,283,467,260,243,9,3,FMV000211,211,299.0700,299.0700,299.0700,147.8000,1,1,2026-08-24T00:00:00.000
212,20260727,20260822,41,115,489,127,157,11,5,FMV000212,212,300.4400,300.4400,300.4400,148.5000,1,1,2026-08-24T00:00:00.000
213,20260718,20260701,292,250,476,332,9,5,2,FMV000213,213,301.8100,301.8100,301.8100,149.2000,1,1,2026-08-24T00:00:00.000
214,20260615,20260612,344,64,171,78,270,3,4,FMV000214,214,303.1800,303.1800,303.1800,149.9000,1,1,2026-08-24T00:00:00.000
215,20260724,20260823,479,158,186,335,219,8,2,FMV000215,215,304.5500,304.5500,304.5500,150.6000,1,1,2026-08-24T00:00:00.000
216,20260630,20260803,289,313,202,298,272,17,5,FMV000216,216,305.9200,305.9200,305.9200,151.3000,1,1,2026-08-24T00:00:00.000
217,20260712,20260626,41,302,185,279,120,9,1,FMV000217,217,307.2900,307.2900,307.2900,152.0000,1,1,2026-08-24T00:00:00.000
218,20260710,20260730,400,186,448,391,61,10,3,FMV000218,218,308.6600,308.6600,308.6600,152.7000,1,1,2026-08-24T00:00:00.000
219,20260623,20260724,291,74,415,129,333,12,1,FMV000219,219,310.0300,310.0300,310.0300,153.4000,1,1,2026-08-24T00:00:00.000
220,20260818,20260807,12,17,336,264,233,2,3,FMV000220,220,311.4000,311.4000,311.4000,154.1000,1,1,2026-08-24T00:00:00.000
221,20260713,20260529,457,289,-1,-1,226,12,2,FMV000221,221,312.7700,312.7700,312.7700,154.8000,1,1,2026-08-24T00:00:00.000
222,20260528,20260806,7,259,181,44,397,18,1,FMV000222,222,314.1400,314.1400,314.1400,155.5000,1,1,2026-08-24T00:00:00.000
223,20260818,20260723,445,114,81,451,310,3,5,FMV000223,223,315.5100,315.5100,315.5100,156.2000,1,1,2026-08-24T00:00:00.000
224,20260812,20260620,178,206,336,373,259,9,5,FMV000224,224,316.8800,316.8800,316.8800,156.9000,1,1,2026-08-24T00:00:00.000
225,20260618,20260628,482,342,428,497,318,1,5,FMV000225,225,318.2500,318.2500,318.2500,157.6000,1,1,2026-08-24T00:00:00.000
226,20260811,20260621,410,301,250,409,353,9,5,FMV000226,226,319.6200,319.6200,319.6200,158.3000,1,1,2026-08-24T00:00:00.000
227,20260813,20260705,282,278,72,137,184,5,2,FMV000227,227,320.9900,320.9900,320.9900,159.0000,1,1,2026-08-24T00:00:00.000
228,20260803,20260727,114,77,172,429,340,7,5,FMV000228,228,322.3600,322.3600,322.3600,159.7000,1,1,2026-08-24T00:00:00.000
229,20260619,20260715,330,48,250,70,170,20,4,FMV000229,229,323.7300,323.7300,323.7300,160.4000,1,1,2026-08-24T00:00:00.000
230,20260819,20260714,437,264,185,267,326,11,1,FMV000230,230,325.1000,325.1000,325.1000,161.1000,1,1,2026-08-24T00:00:00.000
231,20260705,20260728,346,181,203,399,329,9,5,FMV000231,231,326.4700,326.4700,326.4700,161.8000,1,1,2026-08-24T00:00:00.000
232,20260609,20260530,13,141,350,433,231,18,3,FMV000232,232,327.8400,327.8400,327.8400,162.5000,1,1,2026-08-24T00:00:00.000
233,20260602,20260617,231,31,70,134,283,1,5,FMV000233,233,329.2100,329.2100,329.2100,163.2000,1,1,2026-08-24T00:00:00.000
234,20260620,20260719,468,25,13,271,191,4,2,FMV000234,234,330.5800,330.5800,330.5800,163.9000,1,1,2026-08-24T00:00:00.000
235,20260717,20260626,432,244,479,63,500,13,5,FMV000235,235,331.9500,331.9500,331.9500,164.6000,1,1,2026-08-24T00:00:00.000
236,20260725,20260807,132,33,371,18,436,11,4,FMV000236,236,333.3200,333.3200,333.3200,165.3000,1,1,2026-08-24T00:00:00.000
237,20260812,20260824,329,13,55,495,177,10,4,FMV000237,237,334.6900,334.6900,334.6900,166.0000,1,1,2026-08-24T00:00:00.000
238,20260802,20260707,454,152,-1,-1,109,19,2,FMV000238,238,336.0600,336.0600,336.0600,166.7000,1,1,2026-08-24T00:00:00.000
239,20260803,20260617,169,52,343,14,257,12,3,FMV000239,239,337.4300,337.4300,337.4300,167.4000,1,1,2026-08-24T00:00:00.000
240,20260814,20260615,39,57,135,355,75,7,4,FMV000240,240,338.8000,338.8000,338.8000,168.1000,1,1,2026-08-24T00:00:00.000
241,20260728,20260804,451,162,82,472,232,10,1,FMV000241,241,340.1700,340.1700,340.1700,168.8000,1,1,2026-08-24T00:00:00.000
242,20260625,20260728,336,293,46,416,185,8,3,FMV000242,242,341.5400,341.5400,341.5400,169.5000,1,1,2026-08-24T00:00:00.000
243,20260626,20260608,329,92,101,41,256,14,5,FMV000243,243,342.9100,342.9100,342.9100,170.2000,1,1,2026-08-24T00:00:00.000
244,20260702,20260626,348,345,185,86,473,14,1,FMV000244,244,344.2800,344.2800,344.2800,170.9000,1,1,2026-08-24T00:00:00.000
245,20260613,20260701,201,169,193,224,485,20,4,FMV000245,245,345.6500,345.6500,345.6500,171.6000,1,1,2026-08-24T00:00:00.000
246,20260620,20260603,304,321,479,253,205,18,1,FMV000246,246,347.0200,347.0200,347.0200,172.3000,1,1,2026-08-24T00:00:00.000
247,20260529,20260731,93,34,366,269,308,6,4,FMV000247,247,348.3900,348.3900,348.3900,173.0000,1,1,2026-08-24T00:00:00.000
248,20260702,20260721,481,294,123,164,424,10,1,FMV000248,248,349.7600,349.7600,349.7600,173.7000,1,1,2026-08-24T00:00:00.000
249,20260618,20260809,65,38,260,366,479,16,5,FMV000249,249,351.1300,351.1300,351.1300,174.4000,1,1,2026-08-24T00:00:00.000
250,20260801,20260705,428,306,411,254,10,19,4,FMV000250,250,352.5000,352.5000,352.5000,175.1000,1,1,2026-08-24T00:00:00.000
251,20260821,20260704,380,305,350,429,318,20,4,FMV000251,251,353.8700,353.8700,353.8700,175.8000,1,1,2026-08-24T00:00:00.000
252,20260613,20260618,61,219,141,472,110,3,5,FMV000252,252,355.2400,355.2400,355.2400,176.5000,1,1,2026-08-24T00:00:00.000
253,20260703,20260821,36,214,403,170,36,3,3,FMV000253,253,356.6100,356.6100,356.6100,177.2000,1,1,2026-08-24T00:00:00.000
254,20260705,20260811,409,333,443,312,475,1,1,FMV000254,254,357.9800,357.9800,357.9800,177.9000,1,1,2026-08-24T00:00:00.000
255,20260731,20260808,187,12,-1,-1,55,10,4,FMV000255,255,359.3500,359.3500,359.3500,178.6000,1,1,2026-08-24T00:00:00.000
256,20260705,20260616,458,319,291,88,122,9,1,FMV000256,256,360.7200,360.7200,360.7200,179.3000,1,1,2026-08-24T00:00:00.000
257,20260608,20260708,461,96,159,114,3,8,4,FMV000257,257,362.0900,362.0900,362.0900,180.0000,1,1,2026-08-24T00:00:00.000
258,20260620,20260725,474,90,207,144,131,16,1,FMV000258,258,363.4600,363.4600,363.4600,180.7000,1,1,2026-08-24T00:00:00.000
259,20260730,20260817,97,85,417,118,144,16,3,FMV000259,259,364.8300,364.8300,364.8300,181.4000,1,1,2026-08-24T00:00:00.000
260,20260723,20260605,361,149,275,156,355,11,1,FMV000260,260,366.2000,366.2000,366.2000,182.1000,1,1,2026-08-24T00:00:00.000
261,20260719,20260804,256,308,393,277,277,5,5,FMV000261,261,367.5700,367.5700,367.5700,182.8000,1,1,2026-08-24T00:00:00.000
262,20260725,20260624,348,149,420,322,370,6,5,FMV000262,262,368.9400,368.9400,368.9400,183.5000,1,1,2026-08-24T00:00:00.000
263,20260529,20260609,111,242,190,145,207,17,5,FMV000263,263,370.3100,370.3100,370.3100,184.2000,1,1,2026-08-24T00:00:00.000
264,20260811,20260628,312,312,95,149,211,3,4,FMV000264,264,371.6800,371.6800,371.6800,184.9000,1,1,2026-08-24T00:00:00.000
265,20260528,20260617,472,69,226,350,281,8,4,FMV000265,265,373.0500,373.0500,373.0500,185.6000,1,1,2026-08-24T00:00:00.000
266,20260529,20260814,5,16,494,110,321,2,2,FMV000266,266,374.4200,374.4200,374.4200,186.3000,1,1,2026-08-24T00:00:00.000
267,20260710,20260814,413,326,48,125,280,20,3,FMV000267,267,375.7900,375.7900,375.7900,187.0000,1,1,2026-08-24T00:00:00.000
268,20260812,20260824,321,133,142,122,148,8,2,FMV000268,268,377.1600,377.1600,377.1600,187.7000,1,1,2026-08-24T00:00:00.000
269,20260709,20260607,248,263,458,127,111,15,4,FMV000269,269,378.5300,378.5300,378.5300,188.4000,1,1,2026-08-24T00:00:00.000
270,20260712,20260713,53,338,187,386,251,4,5,FMV000270,270,379.9000,379.9000,379.9000,189.1000,1,1,2026-08-24T00:00:00.000
271,20260821,20260715,24,83,259,305,289,5,3,FMV000271,271,381.2700,381.2700,381.2700,189.8000,1,1,2026-08-24T00:00:00.000
272,20260729,20260723,477,199,-1,-1,91,6,4,FMV000272,272,382.6400,382.6400,382.6400,190.5000,1,1,2026-08-24T00:00:00.000
273,20260819,20260724,239,334,316,264,105,8,4,FMV000273,273,384.0100,384.0100,384.0100,191.2000,1,1,2026-08-24T00:00:00.000
274,20260607,20260601,480,46,420,129,453,7,5,FMV000274,274,385.3800,385.3800,385.3800,191.9000,1,1,2026-08-24T00:00:00.000
275,20260626,20260617,110,318,490,65,435,3,1,FMV000275,275,386.7500,386.7500,386.7500,192.6000,1,1,2026-08-24T00:00:00.000
276,20260604,20260705,233,315,295,406,152,6,3,FMV000276,276,388.1200,388.1200,388.1200,193.3000,1,1,2026-08-24T00:00:00.000
277,20260619,20260720,338,164,251,265,249,10,2,FMV000277,277,389.4900,389.4900,389.4900,194.0000,1,1,2026-08-24T00:00:00.000
278,20260701,20260815,55,297,175,200,271,11,2,FMV000278,278,390.8600,390.8600,390.8600,194.7000,1,1,2026-08-24T00:00:00.000
279,20260805,20260818,147,212,146,295,336,12,3,FMV000279,279,392.2300,392.2300,392.2300,195.4000,1,1,2026-08-24T00:00:00.000
280,20260808,20260705,482,261,359,16,225,20,4,FMV000280,280,393.6000,393.6000,393.6000,196.1000,1,1,2026-08-24T00:00:00.000
281,20260611,20260621,86,171,29,407,13,1,1,FMV000281,281,394.9700,394.9700,394.9700,196.8000,1,1,2026-08-24T00:00:00.000
282,20260630,20260611,478,267,52,158,61,13,2,FMV000282,282,396.3400,396.3400,396.3400,197.5000,1,1,2026-08-24T00:00:00.000
283,20260824,20260618,317,278,394,235,390,12,1,FMV000283,283,397.7100,397.7100,397.7100,198.2000,1,1,2026-08-24T00:00:00.000
284,20260610,20260528,264,235,233,234,344,19,1,FMV000284,284,399.0800,399.0800,399.0800,198.9000,1,1,2026-08-24T00:00:00.000
285,20260806,20260618,223,69,430,261,182,9,2,FMV000285,285,400.4500,400.4500,400.4500,199.6000,1,1,2026-08-24T00:00:00.000
286,20260531,20260812,184,68,154,406,390,7,1,FMV000286,286,401.8200,401.8200,401.8200,200.3000,1,1,2026-08-24T00:00:00.000
287,20260727,20260810,137,161,103,474,365,14,4,FMV000287,287,403.1900,403.1900,403.1900,201.0000,1,1,2026-08-24T00:00:00.000
288,20260726,20260814,199,47,98,278,479,18,2,FMV000288,288,404.5600,404.5600,404.5600,201.7000,1,1,2026-08-24T00:00:00.000
289,20260713,20260617,392,231,-1,-1,282,20,3,FMV000289,289,405.9300,405.9300,405.9300,202.4000,1,1,2026-08-24T00:00:00.000
290,20260818,20260809,134,115,416,195,345,10,5,FMV000290,290,407.3000,407.3000,407.3000,203.1000,1,1,2026-08-24T00:00:00.000
291,20260824,20260817,489,142,414,392,216,6,5,FMV000291,291,408.6700,408.6700,408.6700,203.8000,1,1,2026-08-24T00:00:00.000
292,20260620,20260705,194,56,70,42,91,20,5,FMV000292,292,410.0400,410.0400,410.0400,204.5000,1,1,2026-08-24T00:00:00.000
293,20260628,20260731,286,114,403,484,63,2,3,FMV000293,293,411.4100,411.4100,411.4100,205.2000,1,1,2026-08-24T00:00:00.000
294,20260818,20260711,375,99,250,445,52,7,3,FMV000294,294,412.7800,412.7800,412.7800,205.9000,1,1,2026-08-24T00:00:00.000
295,20260616,20260618,347,211,380,321,49,11,1,FMV000295,295,414.1500,414.1500,414.1500,206.6000,1,1,2026-08-24T00:00:00.000
296,20260803,20260626,186,249,263,137,33,18,5,FMV000296,296,415.5200,415.5200,415.5200,207.3000,1,1,2026-08-24T00:00:00.000
297,20260724,20260728,335,297,251,100,112,8,5,FMV000297,297,416.8900,416.8900,416.8900,208.0000,1,1,2026-08-24T00:00:00.000
298,20260712,20260605,351,53,203,231,403,15,3,FMV000298,298,418.2600,418.2600,418.2600,208.7000,1,1,2026-08-24T00:00:00.000
299,20260707,20260627,466,298,477,126,164,8,5,FMV000299,299,419.6300,419.6300,419.6300,209.4000,1,1,2026-08-24T00:00:00.000
300,20260620,20260615,335,297,468,234,132,3,3,FMV000300,300,421.0000,421.0000,421.0000,210.1000,1,1,2026-08-24T00:00:00.000
301,20260621,20260723,120,232,5,308,325,14,3,FMV000301,301,422.3700,422.3700,422.3700,210.8000,1,1,2026-08-24T00:00:00.000
302,20260613,20260604,132,202,83,166,121,6,4,FMV000302,302,423.7400,423.7400,423.7400,211.5000,1,1,2026-08-24T00:00:00.000
303,20260606,20260619,62,66,391,135,15,9,4,FMV000303,303,425.1100,425.1100,425.1100,212.2000,1,1,2026-08-24T00:00:00.000
304,20260802,20260621,448,186,19,82,39,20,5,FMV000304,304,426.4800,426.4800,426.4800,212.9000,1,1,2026-08-24T00:00:00.000
305,20260805,20260527,271,236,106,477,403,13,3,FMV000305,305,427.8500,427.8500,427.8500,213.6000,1,1,2026-08-24T00:00:00.000
306,20260618,20260621,7,253,-1,-1,160,9,1,FMV000306,306,429.2200,429.2200,429.2200,214.3000,1,1,2026-08-24T00:00:00.000
307,20260810,20260703,455,80,44,40,282,1,3,FMV000307,307,430.5900,430.5900,430.5900,215.0000,1,1,2026-08-24T00:00:00.000
308,20260813,20260707,89,182,221,422,240,7,5,FMV000308,308,431.9600,431.9600,431.9600,215.7000,1,1,2026-08-24T00:00:00.000
309,20260610,20260622,468,279,432,58,478,15,1,FMV000309,309,433.3300,433.3300,433.3300,216.4000,1,1,2026-08-24T00:00:00.000
310,20260723,20260701,246,276,197,100,164,2,4,FMV000310,310,434.7000,434.7000,434.7000,217.1000,1,1,2026-08-24T00:00:00.000
311,20260725,20260717,5,176,252,350,236,16,5,FMV000311,311,436.0700,436.0700,436.0700,217.8000,1,1,2026-08-24T00:00:00.000
312,20260606,20260813,316,136,54,86,449,16,1,FMV000312,312,437.4400,437.4400,437.4400,218.5000,1,1,2026-08-24T00:00:00.000
313,20260713,20260804,266,97,195,177,195,8,4,FMV000313,313,438.8100,438.8100,438.8100,219.2000,1,1,2026-08-24T00:00:00.000
314,20260627,20260722,267,70,384,254,474,14,4,FMV000314,314,440.1800,440.1800,440.1800,219.9000,1,1,2026-08-24T00:00:00.000
315,20260624,20260731,119,323,191,8,240,19,4,FMV000315,315,441.5500,441.5500,441.5500,220.6000,1,1,2026-08-24T00:00:00.000
316,20260811,20260626,315,250,202,256,398,18,4,FMV000316,316,442.9200,442.9200,442.9200,221.3000,1,1,2026-08-24T00:00:00.000
317,20260707,20260717,177,188,129,386,386,20,2,FMV000317,317,444.2900,444.2900,444.2900,222.0000,1,1,2026-08-24T00:00:00.000
318,20260710,20260809,300,140,321,158,290,4,2,FMV000318,318,445.6600,445.6600,445.6600,222.7000,1,1,2026-08-24T00:00:00.000
319,20260625,20260701,369,224,228,150,469,6,3,FMV000319,319,447.0300,447.0300,447.0300,223.4000,1,1,2026-08-24T00:00:00.000
320,20260722,20260627,22,26,493,174,5,16,2,FMV000320,320,448.4000,448.4000,448.4000,224.1000,1,1,2026-08-24T00:00:00.000
321,20260527,20260530,89,200,381,101,400,14,2,FMV000321,321,449.7700,449.7700,449.7700,224.8000,1,1,2026-08-24T00:00:00.000
322,20260607,20260715,210,213,105,78,36,9,5,FMV000322,322,451.1400,451.1400,451.1400,225.5000,1,1,2026-08-24T00:00:00.000
323,20260730,20260727,311,306,-1,-1,325,20,2,FMV000323,323,452.5100,452.5100,452.5100,226.2000,1,1,2026-08-24T00:00:00.000
324,20260626,20260711,24,350,431,316,99,19,5,FMV000324,324,453.8800,453.8800,453.8800,226.9000,1,1,2026-08-24T00:00:00.000
325,20260716,20260823,136,338,362,438,283,17,4,FMV000325,325,455.2500,455.2500,455.2500,227.6000,1,1,2026-08-24T00:00:00.000
326,20260720,20260621,176,268,27,317,354,10,2,FMV000326,326,456.6200,456.6200,456.6200,228.3000,1,1,2026-08-24T00:00:00.000
327,20260731,20260820,159,317,87,473,453,14,2,FMV000327,327,457.9900,457.9900,457.9900,229.0000,1,1,2026-08-24T00:00:00.000
328,20260824,20260716,459,122,484,82,305,9,4,FMV000328,328,459.3600,459.3600,459.3600,229.7000,1,1,2026-08-24T00:00:00.000
329,20260804,20260823,460,295,430,129,432,13,5,FMV000329,329,460.7300,460.7300,460.7300,230.4000,1,1,2026-08-24T00:00:00.000
330,20260718,20260730,181,214,177,483,342,14,4,FMV000330,330,462.1000,462.1000,462.1000,231.1000,1,1,2026-08-24T00:00:00.000
331,20260805,20260612,158,86,89,264,432,8,5,FMV000331,331,463.4700,463.4700,463.4700,231.8000,1,1,2026-08-24T00:00:00.000
332,20260609,20260617,356,289,216,454,80,18,1,FMV000332,332,464.8400,464.8400,464.8400,232.5000,1,1,2026-08-24T00:00:00.000
333,20260731,20260817,81,131,266,20,97,8,2,FMV000333,333,466.2100,466.2100,466.2100,233.2000,1,1,2026-08-24T00:00:00.000
334,20260730,20260810,229,29,309,249,387,15,1,FMV000334,334,467.5800,467.5800,467.5800,233.9000,1,1,2026-08-24T00:00:00.000
335,20260813,20260527,33,350,155,189,2,15,2,FMV000335,335,468.9500,468.9500,468.9500,234.6000,1,1,2026-08-24T00:00:00.000
336,20260703,20260618,88,107,52,104,24,5,2,FMV000336,336,470.3200,470.3200,470.3200,235.3000,1,1,2026-08-24T00:00:00.000
337,20260817,20260703,47,271,374,416,82,15,2,FMV000337,337,471.6900,471.6900,471.6900,236.0000,1,1,2026-08-24T00:00:00.000
338,20260617,20260720,313,122,23,166,470,9,4,FMV000338,338,473.0600,473.0600,473.0600,236.7000,1,1,2026-08-24T00:00:00.000
339,20260716,20260722,249,79,356,171,500,6,3,FMV000339,339,474.4300,474.4300,474.4300,237.4000,1,1,2026-08-24T00:00:00.000
340,20260527,20260606,45,233,-1,-1,389,15,1,FMV000340,340,475.8000,475.8000,475.8000,238.1000,1,1,2026-08-24T00:00:00.000
341,20260722,20260710,199,82,6,122,413,14,5,FMV000341,341,477.1700,477.1700,477.1700,238.8000,1,1,2026-08-24T00:00:00.000
342,20260707,20260817,278,283,199,20,9,2,4,FMV000342,342,478.5400,478.5400,478.5400,239.5000,1,1,2026-08-24T00:00:00.000
343,20260625,20260628,130,342,483,60,118,7,3,FMV000343,343,479.9100,479.9100,479.9100,240.2000,1,1,2026-08-24T00:00:00.000
344,20260625,20260721,238,225,255,217,277,10,2,FMV000344,344,481.2800,481.2800,481.2800,240.9000,1,1,2026-08-24T00:00:00.000
345,20260622,20260714,341,303,136,321,463,11,4,FMV000345,345,482.6500,482.6500,482.6500,241.6000,1,1,2026-08-24T00:00:00.000
346,20260812,20260622,84,99,151,62,58,5,5,FMV000346,346,484.0200,484.0200,484.0200,242.3000,1,1,2026-08-24T00:00:00.000
347,20260627,20260718,253,181,355,178,389,14,5,FMV000347,347,485.3900,485.3900,485.3900,243.0000,1,1,2026-08-24T00:00:00.000
348,20260708,20260604,16,138,385,24,325,16,4,FMV000348,348,486.7600,486.7600,486.7600,243.7000,1,1,2026-08-24T00:00:00.000
349,20260723,20260602,298,177,291,363,107,6,3,FMV000349,349,488.1300,488.1300,488.1300,244.4000,1,1,2026-08-24T00:00:00.000
350,20260815,20260702,213,2,478,72,31,4,2,FMV000350,350,489.5000,489.5000,489.5000,245.1000,1,1,2026-08-24T00:00:00.000
351,20260708,20260604,490,298,95,158,386,10,3,FMV000351,351,490.8700,490.8700,490.8700,245.8000,1,1,2026-08-24T00:00:00.000
352,20260815,20260723,239,182,328,350,93,3,1,FMV000352,352,492.2400,492.2400,492.2400,246.5000,1,1,2026-08-24T00:00:00.000
353,20260717,20260810,416,198,292,488,134,12,3,FMV000353,353,493.6100,493.6100,493.6100,247.2000,1,1,2026-08-24T00:00:00.000
354,20260625,20260629,245,3,322,7,144,1,2,FMV000354,354,494.9800,494.9800,494.9800,247.9000,1,1,2026-08-24T00:00:00.000
355,20260629,20260628,361,155,23,320,40,2,4,FMV000355,355,496.3500,496.3500,496.3500,248.6000,1,1,2026-08-24T00:00:00.000
356,20260819,20260613,416,220,288,221,391,14,1,FMV000356,356,497.7200,497.7200,497.7200,249.3000,1,1,2026-08-24T00:00:00.000
357,20260824,20260617,280,209,-1,-1,405,4,3,FMV000357,357,499.0900,499.0900,499.0900,250.0000,1,1,2026-08-24T00:00:00.000
358,20260707,20260730,256,258,226,180,380,16,2,FMV000358,358,500.4600,500.4600,500.4600,250.7000,1,1,2026-08-24T00:00:00.000
359,20260626,20260712,130,335,319,493,36,2,1,FMV000359,359,501.8300,501.8300,501.8300,251.4000,1,1,2026-08-24T00:00:00.000
360,20260629,20260530,87,285,190,332,65,4,4,FMV000360,360,503.2000,503.2000,503.2000,252.1000,1,1,2026-08-24T00:00:00.000
361,20260612,20260704,308,253,89,499,211,19,1,FMV000361,361,504.5700,504.5700,504.5700,252.8000,1,1,2026-08-24T00:00:00.000
362,20260619,20260623,320,74,328,361,101,7,3,FMV000362,362,505.9400,505.9400,505.9400,253.5000,1,1,2026-08-24T00:00:00.000
363,20260701,20260628,115,328,193,187,175,14,2,FMV000363,363,507.3100,507.3100,507.3100,254.2000,1,1,2026-08-24T00:00:00.000
364,20260824,20260630,361,320,380,36,399,11,2,FMV000364,364,508.6800,508.6800,508.6800,254.9000,1,1,2026-08-24T00:00:00.000
365,20260528,20260531,424,334,422,195,274,3,2,FMV000365,365,510.0500,510.0500,510.0500,255.6000,1,1,2026-08-24T00:00:00.000
366,20260623,20260627,213,167,496,270,343,14,5,FMV000366,366,511.4200,511.4200,511.4200,256.3000,1,1,2026-08-24T00:00:00.000
367,20260626,20260726,437,242,202,353,204,10,4,FMV000367,367,512.7900,512.7900,512.7900,257.0000,1,1,2026-08-24T00:00:00.000
368,20260531,20260705,380,92,147,120,18,7,1,FMV000368,368,514.1600,514.1600,514.1600,257.7000,1,1,2026-08-24T00:00:00.000
369,20260701,20260614,500,335,59,390,30,17,5,FMV000369,369,515.5300,515.5300,515.5300,258.4000,1,1,2026-08-24T00:00:00.000
370,20260730,20260620,178,114,91,132,333,12,3,FMV000370,370,516.9000,516.9000,516.9000,259.1000,1,1,2026-08-24T00:00:00.000
371,20260808,20260706,465,174,204,384,30,9,3,FMV000371,371,518.2700,518.2700,518.2700,259.8000,1,1,2026-08-24T00:00:00.000
372,20260707,20260801,145,129,397,356,347,7,1,FMV000372,372,519.6400,519.6400,519.6400,260.5000,1,1,2026-08-24T00:00:00.000
373,20260805,20260717,389,112,415,73,367,10,3,FMV000373,373,521.0100,521.0100,521.0100,261.2000,1,1,2026-08-24T00:00:00.000
374,20260824,20260823,43,20,-1,-1,206,11,5,FMV000374,374,522.3800,522.3800,522.3800,261.9000,1,1,2026-08-24T00:00:00.000
375,20260615,20260727,209,163,333,100,169,9,5,FMV000375,375,523.7500,523.7500,523.7500,262.6000,1,1,2026-08-24T00:00:00.000
376,20260706,20260802,245,308,20,496,349,1,3,FMV000376,376,525.1200,525.1200,525.1200,263.3000,1,1,2026-08-24T00:00:00.000
377,20260721,20260602,203,152,221,43,261,15,2,FMV000377,377,526.4900,526.4900,526.4900,264.0000,1,1,2026-08-24T00:00:00.000
378,20260702,20260804,121,16,460,63,129,11,5,FMV000378,378,527.8600,527.8600,527.8600,264.7000,1,1,2026-08-24T00:00:00.000
379,20260624,20260717,228,272,456,371,202,6,5,FMV000379,379,529.2300,529.2300,529.2300,265.4000,1,1,2026-08-24T00:00:00.000
380,20260714,20260609,214,262,312,83,337,12,4,FMV000380,380,530.6000,530.6000,530.6000,266.1000,1,1,2026-08-24T00:00:00.000
381,20260618,20260815,43,161,374,423,403,1,3,FMV000381,381,531.9700,531.9700,531.9700,266.8000,1,1,2026-08-24T00:00:00.000
382,20260810,20260706,130,179,368,283,418,5,5,FMV000382,382,533.3400,533.3400,533.3400,267.5000,1,1,2026-08-24T00:00:00.000
383,20260723,20260708,159,12,246,479,245,10,3,FMV000383,383,534.7100,534.7100,534.7100,268.2000,1,1,2026-08-24T00:00:00.000
384,20260617,20260619,132,143,397,408,393,8,5,FMV000384,384,536.0800,536.0800,536.0800,268.9000,1,1,2026-08-24T00:00:00.000
385,20260613,20260714,119,245,291,290,245,14,3,FMV000385,385,537.4500,537.4500,537.4500,269.6000,1,1,2026-08-24T00:00:00.000
386,20260808,20260528,170,319,374,299,177,15,4,FMV000386,386,538.8200,538.8200,538.8200,270.3000,1,1,2026-08-24T00:00:00.000
387,20260708,20260619,231,275,382,32,331,3,5,FMV000387,387,540.1900,540.1900,540.1900,271.0000,1,1,2026-08-24T00:00:00.000
388,20260812,20260529,72,324,275,304,157,10,2,FMV000388,388,541.5600,541.5600,541.5600,271.7000,1,1,2026-08-24T00:00:00.000
389,20260818,20260627,94,137,285,283,488,3,4,FMV000389,389,542.9300,542.9300,542.9300,272.4000,1,1,2026-08-24T00:00:00.000
390,20260720,20260608,427,19,205,270,22,18,4,FMV000390,390,544.3000,544.3000,544.3000,273.1000,1,1,2026-08-24T00:00:00.000
391,20260615,20260628,470,208,-1,-1,28,13,5,FMV000391,391,545.6700,545.6700,545.6700,273.8000,1,1,2026-08-24T00:00:00.000
392,20260704,20260703,225,190,294,249,452,16,5,FMV000392,392,547.0400,547.0400,547.0400,274.5000,1,1,2026-08-24T00:00:00.000
393,20260808,20260730,98,59,257,275,189,16,2,FMV000393,393,548.4100,548.4100,548.4100,275.2000,1,1,2026-08-24T00:00:00.000
394,20260807,20260809,171,310,240,444,146,14,5,FMV000394,394,549.7800,549.7800,549.7800,275.9000,1,1,2026-08-24T00:00:00.000
395,20260601,20260802,147,280,85,181,498,15,5,FMV000395,395,551.1500,551.1500,551.1500,276.6000,1,1,2026-08-24T00:00:00.000
396,20260802,20260811,425,344,170,129,473,5,4,FMV000396,396,552.5200,552.5200,552.5200,277.3000,1,1,2026-08-24T00:00:00.000
397,20260721,20260618,240,299,362,451,351,8,2,FMV000397,397,553.8900,553.8900,553.8900,278.0000,1,1,2026-08-24T00:00:00.000
398,20260730,20260806,250,194,338,383,265,6,2,FMV000398,398,555.2600,555.2600,555.2600,278.7000,1,1,2026-08-24T00:00:00.000
399,20260601,20260622,36,305,478,337,396,10,5,FMV000399,399,556.6300,556.6300,556.6300,279.4000,1,1,2026-08-24T00:00:00.000
400,20260712,20260823,440,82,394,148,170,15,1,FMV000400,400,558.0000,558.0000,558.0000,280.1000,1,1,2026-08-24T00:00:00.000
401,20260624,20260803,304,257,333,454,429,20,3,FMV000401,401,559.3700,559.3700,559.3700,280.8000,1,1,2026-08-24T00:00:00.000
402,20260713,20260723,403,132,442,41,161,7,4,FMV000402,402,560.7400,560.7400,560.7400,281.5000,1,1,2026-08-24T00:00:00.000
403,20260701,20260527,406,161,28,368,2,12,1,FMV000403,403,562.1100,562.1100,562.1100,282.2000,1,1,2026-08-24T00:00:00.000
404,20260711,20260724,41,88,193,121,289,15,1,FMV000404,404,563.4800,563.4800,563.4800,282.9000,1,1,2026-08-24T00:00:00.000
405,20260531,20260712,146,256,299,477,64,2,4,FMV000405,405,564.8500,564.8500,564.8500,283.6000,1,1,2026-08-24T00:00:00.000
406,20260701,20260720,305,225,229,48,151,19,3,FMV000406,406,566.2200,566.2200,566.2200,284.3000,1,1,2026-08-24T00:00:00.000
407,20260720,20260722,361,345,195,6,279,6,1,FMV000407,407,567.5900,567.5900,567.5900,285.0000,1,1,2026-08-24T00:00:00.000
408,20260803,20260529,129,179,-1,-1,160,15,5,FMV000408,408,568.9600,568.9600,568.9600,285.7000,1,1,2026-08-24T00:00:00.000
409,20260819,20260620,29,160,250,94,167,15,1,FMV000409,409,570.3300,570.3300,570.3300,286.4000,1,1,2026-08-24T00:00:00.000
410,20260611,20260701,125,48,324,498,168,13,2,FMV000410,410,571.7000,571.7000,571.7000,287.1000,1,1,2026-08-24T00:00:00.000
411,20260703,20260619,239,168,324,164,214,15,5,FMV000411,411,573.0700,573.0700,573.0700,287.8000,1,1,2026-08-24T00:00:00.000
412,20260803,20260801,73,166,435,68,281,6,5,FMV000412,412,574.4400,574.4400,574.4400,288.5000,1,1,2026-08-24T00:00:00.000
413,20260702,20260715,160,325,399,460,52,13,1,FMV000413,413,575.8100,575.8100,575.8100,289.2000,1,1,2026-08-24T00:00:00.000
414,20260612,20260709,323,270,119,272,358,2,3,FMV000414,414,577.1800,577.1800,577.1800,289.9000,1,1,2026-08-24T00:00:00.000
415,20260730,20260724,350,294,408,225,482,19,2,FMV000415,415,578.5500,578.5500,578.5500,290.6000,1,1,2026-08-24T00:00:00.000
416,20260531,20260621,250,1,81,339,433,8,2,FMV000416,416,579.9200,579.9200,579.9200,291.3000,1,1,2026-08-24T00:00:00.000
417,20260604,20260814,456,81,443,32,480,5,3,FMV000417,417,581.2900,581.2900,581.2900,292.0000,1,1,2026-08-24T00:00:00.000
418,20260617,20260804,66,260,492,381,228,3,3,FMV000418,418,582.6600,582.6600,582.6600,292.7000,1,1,2026-08-24T00:00:00.000
419,20260727,20260823,85,60,189,103,437,14,2,FMV000419,419,584.0300,584.0300,584.0300,293.4000,1,1,2026-08-24T00:00:00.000
420,20260806,20260728,270,33,466,316,458,6,2,FMV000420,420,585.4000,585.4000,585.4000,294.1000,1,1,2026-08-24T00:00:00.000
421,20260605,20260731,440,273,468,484,332,1,2,FMV000421,421,586.7700,586.7700,586.7700,294.8000,1,1,2026-08-24T00:00:00.000
422,20260707,20260618,258,24,453,108,227,6,1,FMV000422,422,588.1400,588.1400,588.1400,295.5000,1,1,2026-08-24T00:00:00.000
423,20260604,20260729,308,334,340,289,19,2,3,FMV000423,423,589.5100,589.5100,589.5100,296.2000,1,1,2026-08-24T00:00:00.000
424,20260607,20260630,272,216,374,289,27,11,3,FMV000424,424,590.8800,590.8800,590.8800,296.9000,1,1,2026-08-24T00:00:00.000
425,20260819,20260818,346,224,-1,-1,494,12,1,FMV000425,425,592.2500,592.2500,592.2500,297.6000,1,1,2026-08-24T00:00:00.000
426,20260729,20260818,312,304,242,3,486,9,5,FMV000426,426,593.6200,593.6200,593.6200,298.3000,1,1,2026-08-24T00:00:00.000
427,20260529,20260603,426,217,401,245,92,6,2,FMV000427,427,594.9900,594.9900,594.9900,299.0000,1,1,2026-08-24T00:00:00.000
428,20260628,20260714,164,270,486,276,117,9,4,FMV000428,428,596.3600,596.3600,596.3600,299.7000,1,1,2026-08-24T00:00:00.000
429,20260807,20260808,492,265,438,168,188,13,1,FMV000429,429,597.7300,597.7300,597.7300,300.4000,1,1,2026-08-24T00:00:00.000
430,20260804,20260808,106,69,484,343,99,3,5,FMV000430,430,599.1000,599.1000,599.1000,301.1000,1,1,2026-08-24T00:00:00.000
431,20260813,20260710,14,234,472,179,272,18,1,FMV000431,431,600.4700,600.4700,600.4700,301.8000,1,1,2026-08-24T00:00:00.000
432,20260731,20260622,426,128,414,83,423,13,1,FMV000432,432,601.8400,601.8400,601.8400,302.5000,1,1,2026-08-24T00:00:00.000
433,20260625,20260622,283,324,141,294,62,14,1,FMV000433,433,603.2100,603.2100,603.2100,303.2000,1,1,2026-08-24T00:00:00.000
434,20260718,20260722,309,33,18,396,397,17,1,FMV000434,434,604.5800,604.5800,604.5800,303.9000,1,1,2026-08-24T00:00:00.000
435,20260728,20260701,354,41,354,388,257,16,1,FMV000435,435,605.9500,605.9500,605.9500,304.6000,1,1,2026-08-24T00:00:00.000
436,20260709,20260604,464,109,80,150,119,17,1,FMV000436,436,607.3200,607.3200,607.3200,305.3000,1,1,2026-08-24T00:00:00.000
437,20260622,20260720,228,122,279,258,416,6,3,FMV000437,437,608.6900,608.6900,608.6900,306.0000,1,1,2026-08-24T00:00:00.000
438,20260616,20260620,427,314,447,358,180,19,3,FMV000438,438,610.0600,610.0600,610.0600,306.7000,1,1,2026-08-24T00:00:00.000
439,20260709,20260822,243,283,177,67,404,7,5,FMV000439,439,611.4300,611.4300,611.4300,307.4000,1,1,2026-08-24T00:00:00.000
440,20260718,20260822,355,64,246,363,431,10,2,FMV000440,440,612.8000,612.8000,612.8000,308.1000,1,1,2026-08-24T00:00:00.000
441,20260626,20260630,148,293,229,297,60,8,2,FMV000441,441,614.1700,614.1700,614.1700,308.8000,1,1,2026-08-24T00:00:00.000
442,20260612,20260707,494,321,-1,-1,343,6,1,FMV000442,442,615.5400,615.5400,615.5400,309.5000,1,1,2026-08-24T00:00:00.000
443,20260820,20260615,139,171,223,212,71,12,5,FMV000443,443,616.9100,616.9100,616.9100,310.2000,1,1,2026-08-24T00:00:00.000
444,20260718,20260718,27,152,364,318,31,1,3,FMV000444,444,618.2800,618.2800,618.2800,310.9000,1,1,2026-08-24T00:00:00.000
445,20260608,20260710,254,59,487,235,12,1,4,FMV000445,445,619.6500,619.6500,619.6500,311.6000,1,1,2026-08-24T00:00:00.000
446,20260622,20260623,398,116,231,362,184,15,2,FMV000446,446,621.0200,621.0200,621.0200,312.3000,1,1,2026-08-24T00:00:00.000
447,20260612,20260820,183,75,382,443,435,5,4,FMV000447,447,622.3900,622.3900,622.3900,313.0000,1,1,2026-08-24T00:00:00.000
448,20260810,20260603,417,220,328,84,358,7,1,FMV000448,448,623.7600,623.7600,623.7600,313.7000,1,1,2026-08-24T00:00:00.000
449,20260714,20260707,130,15,40,31,212,5,2,FMV000449,449,625.1300,625.1300,625.1300,314.4000,1,1,2026-08-24T00:00:00.000
450,20260724,20260818,415,223,286,461,228,1,3,FMV000450,450,626.5000,626.5000,626.5000,315.1000,1,1,2026-08-24T00:00:00.000
451,20260612,20260813,132,274,23,139,55,13,1,FMV000451,451,627.8700,627.8700,627.8700,315.8000,1,1,2026-08-24T00:00:00.000
452,20260607,20260726,157,9,319,116,29,3,2,FMV000452,452,629.2400,629.2400,629.2400,316.5000,1,1,2026-08-24T00:00:00.000
453,20260729,20260807,236,272,441,132,441,2,4,FMV000453,453,630.6100,630.6100,630.6100,317.2000,1,1,2026-08-24T00:00:00.000
454,20260729,20260622,500,179,89,73,400,17,1,FMV000454,454,631.9800,631.9800,631.9800,317.9000,1,1,2026-08-24T00:00:00.000
455,20260816,20260808,143,175,158,163,326,18,2,FMV000455,455,633.3500,633.3500,633.3500,318.6000,1,1,2026-08-24T00:00:00.000
456,20260725,20260604,114,7,463,352,452,17,5,FMV000456,456,634.7200,634.7200,634.7200,319.3000,1,1,2026-08-24T00:00:00.000
457,20260729,20260624,151,36,355,121,228,2,3,FMV000457,457,636.0900,636.0900,636.0900,320.0000,1,1,2026-08-24T00:00:00.000
458,20260607,20260819,60,214,218,485,251,16,4,FMV000458,458,637.4600,637.4600,637.4600,320.7000,1,1,2026-08-24T00:00:00.000
459,20260801,20260624,282,45,-1,-1,465,11,2,FMV000459,459,638.8300,638.8300,638.8300,321.4000,1,1,2026-08-24T00:00:00.000
460,20260627,20260814,320,116,179,327,68,12,3,FMV000460,460,640.2000,640.2000,640.2000,322.1000,1,1,2026-08-24T00:00:00.000
461,20260630,20260720,364,255,60,134,240,11,5,FMV000461,461,641.5700,641.5700,641.5700,322.8000,1,1,2026-08-24T00:00:00.000
462,20260725,20260806,447,66,427,311,265,5,3,FMV000462,462,642.9400,642.9400,642.9400,323.5000,1,1,2026-08-24T00:00:00.000
463,20260717,20260609,408,196,275,6,376,15,3,FMV000463,463,644.3100,644.3100,644.3100,324.2000,1,1,2026-08-24T00:00:00.000
464,20260623,20260805,115,304,299,356,496,16,5,FMV000464,464,645.6800,645.6800,645.6800,324.9000,1,1,2026-08-24T00:00:00.000
465,20260812,20260709,467,258,473,97,170,9,3,FMV000465,465,647.0500,647.0500,647.0500,325.6000,1,1,2026-08-24T00:00:00.000
466,20260619,20260806,16,1,409,82,254,11,1,FMV000466,466,648.4200,648.4200,648.4200,326.3000,1,1,2026-08-24T00:00:00.000
467,20260630,20260531,407,22,350,375,280,14,4,FMV000467,467,649.7900,649.7900,649.7900,327.0000,1,1,2026-08-24T00:00:00.000
468,20260730,20260727,325,269,7,141,109,17,3,FMV000468,468,651.1600,651.1600,651.1600,327.7000,1,1,2026-08-24T00:00:00.000
469,20260715,20260804,417,44,148,78,53,1,1,FMV000469,469,652.5300,652.5300,652.5300,328.4000,1,1,2026-08-24T00:00:00.000
470,20260604,20260529,498,200,12,409,11,7,3,FMV000470,470,653.9000,653.9000,653.9000,329.1000,1,1,2026-08-24T00:00:00.000
471,20260709,20260602,188,269,119,407,446,4,3,FMV000471,471,655.2700,655.2700,655.2700,329.8000,1,1,2026-08-24T00:00:00.000
472,20260618,20260815,265,330,84,295,52,15,5,FMV000472,472,656.6400,656.6400,656.6400,330.5000,1,1,2026-08-24T00:00:00.000
473,20260531,20260719,173,333,22,395,466,19,2,FMV000473,473,658.0100,658.0100,658.0100,331.2000,1,1,2026-08-24T00:00:00.000
474,20260702,20260801,443,258,497,86,131,8,5,FMV000474,474,659.3800,659.3800,659.3800,331.9000,1,1,2026-08-24T00:00:00.000
475,20260603,20260707,476,284,337,333,317,14,4,FMV000475,475,660.7500,660.7500,660.7500,332.6000,1,1,2026-08-24T00:00:00.000
476,20260705,20260609,481,335,-1,-1,3,20,5,FMV000476,476,662.1200,662.1200,662.1200,333.3000,1,1,2026-08-24T00:00:00.000
477,20260824,20260804,22,163,230,126,223,13,1,FMV000477,477,663.4900,663.4900,663.4900,334.0000,1,1,2026-08-24T00:00:00.000
478,20260529,20260801,186,92,53,108,350,12,5,FMV000478,478,664.8600,664.8600,664.8600,334.7000,1,1,2026-08-24T00:00:00.000
479,20260820,20260708,293,277,392,401,264,19,2,FMV000479,479,666.2300,666.2300,666.2300,335.4000,1,1,2026-08-24T00:00:00.000
480,20260620,20260527,88,225,356,198,159,5,5,FMV000480,480,667.6000,667.6000,667.6000,336.1000,1,1,2026-08-24T00:00:00.000
481,20260729,20260629,110,155,75,346,356,2,2,FMV000481,481,668.9700,668.9700,668.9700,336.8000,1,1,2026-08-24T00:00:00.000
482,20260605,20260720,241,219,122,173,17,20,4,FMV000482,482,670.3400,670.3400,670.3400,337.5000,1,1,2026-08-24T00:00:00.000
483,20260625,20260707,168,250,249,144,232,6,2,FMV000483,483,671.7100,671.7100,671.7100,338.2000,1,1,2026-08-24T00:00:00.000
484,20260822,20260716,3,61,398,262,356,19,3,FMV000484,484,673.0800,673.0800,673.0800,338.9000,1,1,2026-08-24T00:00:00.000
485,20260620,20260630,105,287,499,441,462,3,5,FMV000485,485,674.4500,674.4500,674.4500,339.6000,1,1,2026-08-24T00:00:00.000
486,20260612,20260614,291,67,253,184,478,1,2,FMV000486,486,675.8200,675.8200,675.8200,340.3000,1,1,2026-08-24T00:00:00.000
487,20260714,20260627,232,276,184,331,369,6,5,FMV000487,487,677.1900,677.1900,677.1900,341.0000,1,1,2026-08-24T00:00:00.000
488,20260814,20260706,218,105,103,406,436,5,5,FMV000488,488,678.5600,678.5600,678.5600,341.7000,1,1,2026-08-24T00:00:00.000
489,20260610,20260708,324,173,232,199,130,6,3,FMV000489,489,679.9300,679.9300,679.9300,342.4000,1,1,2026-08-24T00:00:00.000
490,20260622,20260726,288,136,119,383,459,1,1,FMV000490,490,681.3000,681.3000,681.3000,343.1000,1,1,2026-08-24T00:00:00.000
491,20260621,20260621,361,203,97,223,144,3,4,FMV000491,491,682.6700,682.6700,682.6700,343.8000,1,1,2026-08-24T00:00:00.000
492,20260528,20260711,335,259,83,94,257,20,4,FMV000492,492,684.0400,684.0400,684.0400,344.5000,1,1,2026-08-24T00:00:00.000
493,20260601,20260620,184,6,-1,-1,486,11,1,FMV000493,493,685.4100,685.4100,685.4100,345.2000,1,1,2026-08-24T00:00:00.000
494,20260701,20260710,393,129,362,272,13,17,4,FMV000494,494,686.7800,686.7800,686.7800,345.9000,1,1,2026-08-24T00:00:00.000
495,20260708,20260723,122,44,128,475,367,4,3,FMV000495,495,688.1500,688.1500,688.1500,346.6000,1,1,2026-08-24T00:00:00.000
496,20260530,20260625,110,62,221,240,6,2,4,FMV000496,496,689.5200,689.5200,689.5200,347.3000,1,1,2026-08-24T00:00:00.000
497,20260604,20260720,312,341,368,134,249,1,5,FMV000497,497,690.8900,690.8900,690.8900,348.0000,1,1,2026-08-24T00:00:00.000
498,20260716,20260823,231,238,112,42,28,8,3,FMV000498,498,692.2600,692.2600,692.2600,348.7000,1,1,2026-08-24T00:00:00.000
499,20260729,20260731,363,201,67,343,393,6,2,FMV000499,499,693.6300,693.6300,693.6300,349.4000,1,1,2026-08-24T00:00:00.000
500,20260623,20260620,126,196,117,66,9,20,5,FMV000500,500,695.0000,695.0000,695.0000,350.1000,1,1,2026-08-24T00:00:00.000
501,20260819,20260617,497,16,192,51,132,17,3,FMV000501,501,696.3700,696.3700,696.3700,350.8000,1,1,2026-08-24T00:00:00.000
502,20260610,20260702,175,278,171,460,175,17,3,FMV000502,502,697.7400,697.7400,697.7400,351.5000,1,1,2026-08-24T00:00:00.000
503,20260818,20260726,148,333,408,389,264,2,1,FMV000503,503,699.1100,699.1100,699.1100,352.2000,1,1,2026-08-24T00:00:00.000
504,20260618,20260719,307,36,320,171,435,1,4,FMV000504,504,700.4800,700.4800,700.4800,352.9000,1,1,2026-08-24T00:00:00.000
505,20260617,20260609,10,143,451,333,316,15,2,FMV000505,505,701.8500,701.8500,701.8500,353.6000,1,1,2026-08-24T00:00:00.000
506,20260805,20260621,470,239,183,64,219,9,4,FMV000506,506,703.2200,703.2200,703.2200,354.3000,1,1,2026-08-24T00:00:00.000
507,20260621,20260621,363,162,34,128,340,9,4,FMV000507,507,704.5900,704.5900,704.5900,355.0000,1,1,2026-08-24T00:00:00.000
508,20260630,20260712,136,15,117,310,208,18,3,FMV000508,508,705.9600,705.9600,705.9600,355.7000,1,1,2026-08-24T00:00:00.000
509,20260817,20260625,252,215,399,222,469,18,3,FMV000509,509,707.3300,707.3300,707.3300,356.4000,1,1,2026-08-24T00:00:00.000
510,20260724,20260623,479,165,-1,-1,37,18,5,FMV000510,510,708.7000,708.7000,708.7000,357.1000,1,1,2026-08-24T00:00:00.000
511,20260619,20260810,128,242,316,443,327,7,5,FMV000511,511,710.0700,710.0700,710.0700,357.8000,1,1,2026-08-24T00:00:00.000
512,20260704,20260817,369,224,178,193,404,3,3,FMV000512,512,711.4400,711.4400,711.4400,358.5000,1,1,2026-08-24T00:00:00.000
513,20260531,20260609,360,247,176,383,38,6,1,FMV000513,513,712.8100,712.8100,712.8100,359.2000,1,1,2026-08-24T00:00:00.000
514,20260817,20260609,247,4,463,452,102,19,2,FMV000514,514,714.1800,714.1800,714.1800,359.9000,1,1,2026-08-24T00:00:00.000
515,20260817,20260622,370,129,38,499,249,18,2,FMV000515,515,715.5500,715.5500,715.5500,360.6000,1,1,2026-08-24T00:00:00.000
516,20260624,20260812,112,135,357,58,464,1,5,FMV000516,516,716.9200,716.9200,716.9200,361.3000,1,1,2026-08-24T00:00:00.000
517,20260808,20260811,221,8,237,472,134,8,5,FMV000517,517,718.2900,718.2900,718.2900,362.0000,1,1,2026-08-24T00:00:00.000
518,20260601,20260623,380,127,184,318,473,9,3,FMV000518,518,719.6600,719.6600,719.6600,362.7000,1,1,2026-08-24T00:00:00.000
519,20260824,20260628,424,208,231,34,69,2,4,FMV000519,519,721.0300,721.0300,721.0300,363.4000,1,1,2026-08-24T00:00:00.000
520,20260824,20260822,309,231,36,230,81,1,1,FMV000520,520,722.4000,722.4000,722.4000,364.1000,1,1,2026-08-24T00:00:00.000
521,20260704,20260726,264,67,331,76,434,14,1,FMV000521,521,723.7700,723.7700,723.7700,364.8000,1,1,2026-08-24T00:00:00.000
522,20260606,20260623,24,230,343,495,457,14,5,FMV000522,522,725.1400,725.1400,725.1400,365.5000,1,1,2026-08-24T00:00:00.000
523,20260821,20260603,483,194,489,340,405,10,3,FMV000523,523,726.5100,726.5100,726.5100,366.2000,1,1,2026-08-24T00:00:00.000
524,20260725,20260618,87,343,21,384,309,3,2,FMV000524,524,727.8800,727.8800,727.8800,366.9000,1,1,2026-08-24T00:00:00.000
525,20260814,20260711,94,233,464,459,265,18,3,FMV000525,525,729.2500,729.2500,729.2500,367.6000,1,1,2026-08-24T00:00:00.000
526,20260818,20260712,74,64,359,376,364,6,2,FMV000526,526,730.6200,730.6200,730.6200,368.3000,1,1,2026-08-24T00:00:00.000
527,20260618,20260615,207,221,-1,-1,463,7,1,FMV000527,527,731.9900,731.9900,731.9900,369.0000,1,1,2026-08-24T00:00:00.000
528,20260613,20260812,122,252,134,411,465,3,4,FMV000528,528,733.3600,733.3600,733.3600,369.7000,1,1,2026-08-24T00:00:00.000
529,20260617,20260623,407,207,119,499,11,1,4,FMV000529,529,734.7300,734.7300,734.7300,370.4000,1,1,2026-08-24T00:00:00.000
530,20260820,20260613,206,293,450,340,12,4,1,FMV000530,530,736.1000,736.1000,736.1000,371.1000,1,1,2026-08-24T00:00:00.000
531,20260630,20260627,319,170,235,143,272,19,2,FMV000531,531,737.4700,737.4700,737.4700,371.8000,1,1,2026-08-24T00:00:00.000
532,20260725,20260807,274,100,89,278,199,17,2,FMV000532,532,738.8400,738.8400,738.8400,372.5000,1,1,2026-08-24T00:00:00.000
533,20260821,20260619,488,310,155,289,282,20,2,FMV000533,533,740.2100,740.2100,740.2100,373.2000,1,1,2026-08-24T00:00:00.000
534,20260712,20260621,50,47,81,389,98,2,5,FMV000534,534,741.5800,741.5800,741.5800,373.9000,1,1,2026-08-24T00:00:00.000
535,20260718,20260815,258,160,464,186,489,16,1,FMV000535,535,742.9500,742.9500,742.9500,374.6000,1,1,2026-08-24T00:00:00.000
536,20260618,20260610,282,107,96,340,428,4,4,FMV000536,536,744.3200,744.3200,744.3200,375.3000,1,1,2026-08-24T00:00:00.000
537,20260805,20260628,169,324,66,430,276,11,5,FMV000537,537,745.6900,745.6900,745.6900,376.0000,1,1,2026-08-24T00:00:00.000
538,20260730,20260605,39,75,313,190,165,19,4,FMV000538,538,747.0600,747.0600,747.0600,376.7000,1,1,2026-08-24T00:00:00.000
539,20260703,20260807,121,172,278,217,232,16,2,FMV000539,539,748.4300,748.4300,748.4300,377.4000,1,1,2026-08-24T00:00:00.000
540,20260725,20260528,45,231,207,15,153,8,5,FMV000540,540,749.8000,749.8000,749.8000,378.1000,1,1,2026-08-24T00:00:00.000
541,20260812,20260623,299,226,97,263,100,19,2,FMV000541,541,751.1700,751.1700,751.1700,378.8000,1,1,2026-08-24T00:00:00.000
542,20260817,20260731,453,142,60,246,142,15,2,FMV000542,542,752.5400,752.5400,752.5400,379.5000,1,1,2026-08-24T00:00:00.000
543,20260610,20260711,473,279,57,438,428,12,4,FMV000543,543,753.9100,753.9100,753.9100,380.2000,1,1,2026-08-24T00:00:00.000
544,20260528,20260624,97,140,-1,-1,370,17,1,FMV000544,544,755.2800,755.2800,755.2800,380.9000,1,1,2026-08-24T00:00:00.000
545,20260808,20260824,442,203,153,48,229,10,1,FMV000545,545,756.6500,756.6500,756.6500,381.6000,1,1,2026-08-24T00:00:00.000
546,20260612,20260531,40,229,478,316,439,1,5,FMV000546,546,758.0200,758.0200,758.0200,382.3000,1,1,2026-08-24T00:00:00.000
547,20260606,20260811,8,141,71,274,55,6,1,FMV000547,547,759.3900,759.3900,759.3900,383.0000,1,1,2026-08-24T00:00:00.000
548,20260722,20260817,399,226,391,424,38,11,1,FMV000548,548,760.7600,760.7600,760.7600,383.7000,1,1,2026-08-24T00:00:00.000
549,20260730,20260806,345,308,38,86,399,20,5,FMV000549,549,762.1300,762.1300,762.1300,384.4000,1,1,2026-08-24T00:00:00.000
550,20260721,20260610,462,113,383,17,426,4,3,FMV000550,550,763.5000,763.5000,763.5000,385.1000,1,1,2026-08-24T00:00:00.000
551,20260803,20260728,454,39,321,373,484,15,1,FMV000551,551,764.8700,764.8700,764.8700,385.8000,1,1,2026-08-24T00:00:00.000
552,20260701,20260810,485,177,105,482,321,12,3,FMV000552,552,766.2400,766.2400,766.2400,386.5000,1,1,2026-08-24T00:00:00.000
553,20260704,20260702,18,166,372,497,139,2,4,FMV000553,553,767.6100,767.6100,767.6100,387.2000,1,1,2026-08-24T00:00:00.000
554,20260713,20260730,280,92,101,476,418,15,3,FMV000554,554,768.9800,768.9800,768.9800,387.9000,1,1,2026-08-24T00:00:00.000
555,20260731,20260722,139,311,180,331,152,11,3,FMV000555,555,770.3500,770.3500,770.3500,388.6000,1,1,2026-08-24T00:00:00.000
556,20260808,20260815,222,115,157,147,470,3,3,FMV000556,556,771.7200,771.7200,771.7200,389.3000,1,1,2026-08-24T00:00:00.000
557,20260722,20260630,273,119,399,137,353,1,3,FMV000557,557,773.0900,773.0900,773.0900,390.0000,1,1,2026-08-24T00:00:00.000
558,20260712,20260529,292,285,270,471,456,10,5,FMV000558,558,774.4600,774.4600,774.4600,390.7000,1,1,2026-08-24T00:00:00.000
559,20260611,20260713,403,116,188,55,431,12,4,FMV000559,559,775.8300,775.8300,775.8300,391.4000,1,1,2026-08-24T00:00:00.000
560,20260822,20260614,428,292,102,427,114,7,2,FMV000560,560,777.2000,777.2000,777.2000,392.1000,1,1,2026-08-24T00:00:00.000
561,20260813,20260823,500,280,-1,-1,165,1,4,FMV000561,561,778.5700,778.5700,778.5700,392.8000,1,1,2026-08-24T00:00:00.000
562,20260725,20260629,216,12,4,371,329,15,4,FMV000562,562,779.9400,779.9400,779.9400,393.5000,1,1,2026-08-24T00:00:00.000
563,20260727,20260702,82,282,496,27,470,3,4,FMV000563,563,781.3100,781.3100,781.3100,394.2000,1,1,2026-08-24T00:00:00.000
564,20260622,20260716,396,285,278,279,56,12,2,FMV000564,564,782.6800,782.6800,782.6800,394.9000,1,1,2026-08-24T00:00:00.000
565,20260810,20260622,377,159,134,328,253,6,4,FMV000565,565,784.0500,784.0500,784.0500,395.6000,1,1,2026-08-24T00:00:00.000
566,20260623,20260629,386,76,291,482,391,8,2,FMV000566,566,785.4200,785.4200,785.4200,396.3000,1,1,2026-08-24T00:00:00.000
567,20260709,20260704,215,252,45,131,464,18,2,FMV000567,567,786.7900,786.7900,786.7900,397.0000,1,1,2026-08-24T00:00:00.000
568,20260605,20260608,165,55,96,30,71,14,2,FMV000568,568,788.1600,788.1600,788.1600,397.7000,1,1,2026-08-24T00:00:00.000
569,20260725,20260629,389,332,271,278,419,12,3,FMV000569,569,789.5300,789.5300,789.5300,398.4000,1,1,2026-08-24T00:00:00.000
570,20260618,20260721,430,206,371,92,10,3,2,FMV000570,570,790.9000,790.9000,790.9000,399.1000,1,1,2026-08-24T00:00:00.000
571,20260731,20260809,113,161,287,452,111,4,4,FMV000571,571,792.2700,792.2700,792.2700,399.8000,1,1,2026-08-24T00:00:00.000
572,20260721,20260818,464,325,254,296,283,18,1,FMV000572,572,793.6400,793.6400,793.6400,400.5000,1,1,2026-08-24T00:00:00.000
573,20260527,20260725,113,38,449,347,399,10,3,FMV000573,573,795.0100,795.0100,795.0100,401.2000,1,1,2026-08-24T00:00:00.000
574,20260608,20260607,498,142,282,174,59,8,4,FMV000574,574,796.3800,796.3800,796.3800,401.9000,1,1,2026-08-24T00:00:00.000
575,20260709,20260808,441,143,271,128,193,8,3,FMV000575,575,797.7500,797.7500,797.7500,402.6000,1,1,2026-08-24T00:00:00.000
576,20260624,20260819,421,185,173,461,107,9,3,FMV000576,576,799.1200,799.1200,799.1200,403.3000,1,1,2026-08-24T00:00:00.000
577,20260704,20260630,41,99,461,12,382,17,2,FMV000577,577,800.4900,800.4900,800.4900,404.0000,1,1,2026-08-24T00:00:00.000
578,20260804,20260802,322,238,-1,-1,165,13,3,FMV000578,578,801.8600,801.8600,801.8600,404.7000,1,1,2026-08-24T00:00:00.000
579,20260819,20260722,212,56,316,283,112,8,3,FMV000579,579,803.2300,803.2300,803.2300,405.4000,1,1,2026-08-24T00:00:00.000
580,20260609,20260721,122,305,313,102,39,9,4,FMV000580,580,804.6000,804.6000,804.6000,406.1000,1,1,2026-08-24T00:00:00.000
581,20260716,20260608,385,241,246,262,315,9,3,FMV000581,581,805.9700,805.9700,805.9700,406.8000,1,1,2026-08-24T00:00:00.000
582,20260623,20260527,186,340,195,389,227,2,3,FMV000582,582,807.3400,807.3400,807.3400,407.5000,1,1,2026-08-24T00:00:00.000
583,20260809,20260812,126,58,74,81,431,19,3,FMV000583,583,808.7100,808.7100,808.7100,408.2000,1,1,2026-08-24T00:00:00.000
584,20260724,20260819,392,143,236,395,106,6,5,FMV000584,584,810.0800,810.0800,810.0800,408.9000,1,1,2026-08-24T00:00:00.000
585,20260805,20260703,26,306,131,147,268,5,4,FMV000585,585,811.4500,811.4500,811.4500,409.6000,1,1,2026-08-24T00:00:00.000
586,20260727,20260805,67,110,158,488,100,1,3,FMV000586,586,812.8200,812.8200,812.8200,410.3000,1,1,2026-08-24T00:00:00.000
587,20260530,20260720,350,5,226,6,70,16,5,FMV000587,587,814.1900,814.1900,814.1900,411.0000,1,1,2026-08-24T00:00:00.000
588,20260716,20260609,4,214,68,197,329,4,5,FMV000588,588,815.5600,815.5600,815.5600,411.7000,1,1,2026-08-24T00:00:00.000
589,20260527,20260707,308,41,479,368,80,20,2,FMV000589,589,816.9300,816.9300,816.9300,412.4000,1,1,2026-08-24T00:00:00.000
590,20260725,20260730,460,115,477,74,410,9,1,FMV000590,590,818.3000,818.3000,818.3000,413.1000,1,1,2026-08-24T00:00:00.000
591,20260808,20260731,158,127,19,475,232,2,3,FMV000591,591,819.6700,819.6700,819.6700,413.8000,1,1,2026-08-24T00:00:00.000
592,20260625,20260819,394,284,41,419,172,12,1,FMV000592,592,821.0400,821.0400,821.0400,414.5000,1,1,2026-08-24T00:00:00.000
593,20260528,20260730,480,74,448,250,14,6,2,FMV000593,593,822.4100,822.4100,822.4100,415.2000,1,1,2026-08-24T00:00:00.000
594,20260709,20260527,197,136,231,211,455,17,3,FMV000594,594,823.7800,823.7800,823.7800,415.9000,1,1,2026-08-24T00:00:00.000
595,20260820,20260705,235,325,-1,-1,431,3,1,FMV000595,595,825.1500,825.1500,825.1500,416.6000,1,1,2026-08-24T00:00:00.000
596,20260729,20260701,441,208,75,183,284,13,4,FMV000596,596,826.5200,826.5200,826.5200,417.3000,1,1,2026-08-24T00:00:00.000
597,20260530,20260629,263,217,367,409,70,15,5,FMV000597,597,827.8900,827.8900,827.8900,418.0000,1,1,2026-08-24T00:00:00.000
598,20260711,20260820,112,3,413,456,178,2,2,FMV000598,598,829.2600,829.2600,829.2600,418.7000,1,1,2026-08-24T00:00:00.000
599,20260630,20260731,99,184,12,89,174,10,3,FMV000599,599,830.6300,830.6300,830.6300,419.4000,1,1,2026-08-24T00:00:00.000
600,20260823,20260702,66,156,17,435,295,3,4,FMV000600,600,832.0000,832.0000,832.0000,420.1000,1,1,2026-08-24T00:00:00.000
601,20260725,20260706,459,252,12,261,384,9,3,FMV000601,601,833.3700,833.3700,833.3700,420.8000,1,1,2026-08-24T00:00:00.000
602,20260614,20260527,384,212,80,435,363,16,4,FMV000602,602,834.7400,834.7400,834.7400,421.5000,1,1,2026-08-24T00:00:00.000
603,20260824,20260611,172,111,213,481,372,17,4,FMV000603,603,836.1100,836.1100,836.1100,422.2000,1,1,2026-08-24T00:00:00.000
604,20260604,20260603,284,241,410,321,321,13,2,FMV000604,604,837.4800,837.4800,837.4800,422.9000,1,1,2026-08-24T00:00:00.000
605,20260531,20260823,173,262,317,12,421,13,2,FMV000605,605,838.8500,838.8500,838.8500,423.6000,1,1,2026-08-24T00:00:00.000
606,20260814,20260619,29,240,420,26,371,7,1,FMV000606,606,840.2200,840.2200,840.2200,424.3000,1,1,2026-08-24T00:00:00.000
607,20260706,20260608,184,235,417,60,343,20,3,FMV000607,607,841.5900,841.5900,841.5900,425.0000,1,1,2026-08-24T00:00:00.000
608,20260807,20260813,255,111,327,343,221,8,2,FMV000608,608,842.9600,842.9600,842.9600,425.7000,1,1,2026-08-24T00:00:00.000
609,20260701,20260731,153,181,449,335,277,9,5,FMV000609,609,844.3300,844.3300,844.3300,426.4000,1,1,2026-08-24T00:00:00.000
610,20260625,20260612,465,52,29,410,324,1,2,FMV000610,610,845.7000,845.7000,845.7000,427.1000,1,1,2026-08-24T00:00:00.000
611,20260722,20260704,132,108,289,244,191,20,4,FMV000611,611,847.0700,847.0700,847.0700,427.8000,1,1,2026-08-24T00:00:00.000
612,20260812,20260803,365,206,-1,-1,446,13,1,FMV000612,612,848.4400,848.4400,848.4400,428.5000,1,1,2026-08-24T00:00:00.000
613,20260606,20260708,286,130,383,189,10,18,3,FMV000613,613,849.8100,849.8100,849.8100,429.2000,1,1,2026-08-24T00:00:00.000
614,20260822,20260614,243,306,293,421,206,12,1,FMV000614,614,851.1800,851.1800,851.1800,429.9000,1,1,2026-08-24T00:00:00.000
615,20260603,20260606,3,94,325,297,466,16,1,FMV000615,615,852.5500,852.5500,852.5500,430.6000,1,1,2026-08-24T00:00:00.000
616,20260629,20260527,21,56,10,226,10,11,3,FMV000616,616,853.9200,853.9200,853.9200,431.3000,1,1,2026-08-24T00:00:00.000
617,20260708,20260824,82,148,8,274,257,12,4,FMV000617,617,855.2900,855.2900,855.2900,432.0000,1,1,2026-08-24T00:00:00.000
618,20260703,20260601,421,322,403,49,201,19,4,FMV000618,618,856.6600,856.6600,856.6600,432.7000,1,1,2026-08-24T00:00:00.000
619,20260603,20260610,346,56,304,431,212,5,5,FMV000619,619,858.0300,858.0300,858.0300,433.4000,1,1,2026-08-24T00:00:00.000
620,20260704,20260720,356,41,267,353,321,3,5,FMV000620,620,859.4000,859.4000,859.4000,434.1000,1,1,2026-08-24T00:00:00.000
621,20260717,20260821,408,305,383,161,349,2,1,FMV000621,621,860.7700,860.7700,860.7700,434.8000,1,1,2026-08-24T00:00:00.000
622,20260821,20260711,219,116,320,217,253,16,3,FMV000622,622,862.1400,862.1400,862.1400,435.5000,1,1,2026-08-24T00:00:00.000
623,20260625,20260602,282,203,219,448,134,3,1,FMV000623,623,863.5100,863.5100,863.5100,436.2000,1,1,2026-08-24T00:00:00.000
624,20260529,20260724,401,194,440,309,96,10,1,FMV000624,624,864.8800,864.8800,864.8800,436.9000,1,1,2026-08-24T00:00:00.000
625,20260531,20260713,248,341,174,24,295,14,3,FMV000625,625,866.2500,866.2500,866.2500,437.6000,1,1,2026-08-24T00:00:00.000
626,20260602,20260609,332,193,147,497,246,14,1,FMV000626,626,867.6200,867.6200,867.6200,438.3000,1,1,2026-08-24T00:00:00.000
627,20260722,20260815,49,50,392,229,53,20,5,FMV000627,627,868.9900,868.9900,868.9900,439.0000,1,1,2026-08-24T00:00:00.000
628,20260809,20260814,468,279,250,79,82,17,5,FMV000628,628,870.3600,870.3600,870.3600,439.7000,1,1,2026-08-24T00:00:00.000
629,20260818,20260628,199,155,-1,-1,73,16,4,FMV000629,629,871.7300,871.7300,871.7300,440.4000,1,1,2026-08-24T00:00:00.000
630,20260817,20260820,345,225,428,227,169,11,1,FMV000630,630,873.1000,873.1000,873.1000,441.1000,1,1,2026-08-24T00:00:00.000
631,20260703,20260527,405,245,96,493,355,19,4,FMV000631,631,874.4700,874.4700,874.4700,441.8000,1,1,2026-08-24T00:00:00.000
632,20260802,20260604,296,257,445,44,342,2,4,FMV000632,632,875.8400,875.8400,875.8400,442.5000,1,1,2026-08-24T00:00:00.000
633,20260605,20260620,275,130,155,483,35,1,3,FMV000633,633,877.2100,877.2100,877.2100,443.2000,1,1,2026-08-24T00:00:00.000
634,20260527,20260720,220,257,242,289,161,11,1,FMV000634,634,878.5800,878.5800,878.5800,443.9000,1,1,2026-08-24T00:00:00.000
635,20260701,20260624,486,115,315,103,89,14,1,FMV000635,635,879.9500,879.9500,879.9500,444.6000,1,1,2026-08-24T00:00:00.000
636,20260604,20260702,43,317,236,447,243,9,1,FMV000636,636,881.3200,881.3200,881.3200,445.3000,1,1,2026-08-24T00:00:00.000
637,20260812,20260614,411,283,499,294,366,17,2,FMV000637,637,882.6900,882.6900,882.6900,446.0000,1,1,2026-08-24T00:00:00.000
638,20260814,20260822,453,69,487,467,447,12,2,FMV000638,638,884.0600,884.0600,884.0600,446.7000,1,1,2026-08-24T00:00:00.000
639,20260824,20260613,63,266,132,158,477,10,2,FMV000639,639,885.4300,885.4300,885.4300,447.4000,1,1,2026-08-24T00:00:00.000
640,20260724,20260616,308,196,451,381,178,18,1,FMV000640,640,886.8000,886.8000,886.8000,448.1000,1,1,2026-08-24T00:00:00.000
641,20260705,20260824,400,222,372,239,37,6,2,FMV000641,641,888.1700,888.1700,888.1700,448.8000,1,1,2026-08-24T00:00:00.000
642,20260725,20260804,156,114,344,123,202,15,3,FMV000642,642,889.5400,889.5400,889.5400,449.5000,1,1,2026-08-24T00:00:00.000
643,20260813,20260821,322,221,17,41,377,5,1,FMV000643,643,890.9100,890.9100,890.9100,450.2000,1,1,2026-08-24T00:00:00.000
644,20260717,20260808,383,227,127,54,322,9,1,FMV000644,644,892.2800,892.2800,892.2800,450.9000,1,1,2026-08-24T00:00:00.000
645,20260803,20260629,362,152,277,259,82,8,2,FMV000645,645,893.6500,893.6500,893.6500,451.6000,1,1,2026-08-24T00:00:00.000
646,20260815,20260721,67,31,-1,-1,346,1,5,FMV000646,646,895.0200,895.0200,895.0200,452.3000,1,1,2026-08-24T00:00:00.000
647,20260816,20260627,493,115,257,104,95,12,4,FMV000647,647,896.3900,896.3900,896.3900,453.0000,1,1,2026-08-24T00:00:00.000
648,20260603,20260602,477,288,416,184,484,7,4,FMV000648,648,897.7600,897.7600,897.7600,453.7000,1,1,2026-08-24T00:00:00.000
649,20260705,20260818,224,82,225,50,363,10,4,FMV000649,649,899.1300,899.1300,899.1300,454.4000,1,1,2026-08-24T00:00:00.000
650,20260812,20260716,109,156,238,352,431,7,5,FMV000650,650,900.5000,900.5000,900.5000,455.1000,1,1,2026-08-24T00:00:00.000
651,20260708,20260606,223,165,380,24,341,14,2,FMV000651,651,901.8700,901.8700,901.8700,455.8000,1,1,2026-08-24T00:00:00.000
652,20260724,20260805,91,139,345,38,438,19,3,FMV000652,652,903.2400,903.2400,903.2400,456.5000,1,1,2026-08-24T00:00:00.000
653,20260613,20260816,286,194,95,287,300,2,5,FMV000653,653,904.6100,904.6100,904.6100,457.2000,1,1,2026-08-24T00:00:00.000
654,20260621,20260706,487,282,293,212,184,18,1,FMV000654,654,905.9800,905.9800,905.9800,457.9000,1,1,2026-08-24T00:00:00.000
655,20260626,20260530,260,183,385,204,496,3,4,FMV000655,655,907.3500,907.3500,907.3500,458.6000,1,1,2026-08-24T00:00:00.000
656,20260614,20260805,301,42,108,493,113,3,5,FMV000656,656,908.7200,908.7200,908.7200,459.3000,1,1,2026-08-24T00:00:00.000
657,20260615,20260801,1,56,4,410,167,13,3,FMV000657,657,910.0900,910.0900,910.0900,460.0000,1,1,2026-08-24T00:00:00.000
658,20260820,20260727,84,336,216,65,262,6,3,FMV000658,658,911.4600,911.4600,911.4600,460.7000,1,1,2026-08-24T00:00:00.000
659,20260809,20260814,355,162,151,355,173,6,5,FMV000659,659,912.8300,912.8300,912.8300,461.4000,1,1,2026-08-24T00:00:00.000
660,20260809,20260807,193,195,139,256,23,12,5,FMV000660,660,914.2000,914.2000,914.2000,462.1000,1,1,2026-08-24T00:00:00.000
661,20260723,20260710,417,282,301,151,55,6,1,FMV000661,661,915.5700,915.5700,915.5700,462.8000,1,1,2026-08-24T00:00:00.000
662,20260601,20260527,358,279,201,231,67,9,4,FMV000662,662,916.9400,916.9400,916.9400,463.5000,1,1,2026-08-24T00:00:00.000
663,20260720,20260809,179,302,-1,-1,370,18,3,FMV000663,663,918.3100,918.3100,918.3100,464.2000,1,1,2026-08-24T00:00:00.000
664,20260621,20260629,492,64,50,188,323,9,2,FMV000664,664,919.6800,919.6800,919.6800,464.9000,1,1,2026-08-24T00:00:00.000
665,20260817,20260824,356,103,241,115,17,10,2,FMV000665,665,921.0500,921.0500,921.0500,465.6000,1,1,2026-08-24T00:00:00.000
666,20260815,20260813,160,241,93,492,105,13,3,FMV000666,666,922.4200,922.4200,922.4200,466.3000,1,1,2026-08-24T00:00:00.000
667,20260722,20260530,348,277,193,455,425,7,3,FMV000667,667,923.7900,923.7900,923.7900,467.0000,1,1,2026-08-24T00:00:00.000
668,20260817,20260722,207,220,366,343,117,18,4,FMV000668,668,925.1600,925.1600,925.1600,467.7000,1,1,2026-08-24T00:00:00.000
669,20260710,20260621,209,298,378,284,121,1,2,FMV000669,669,926.5300,926.5300,926.5300,468.4000,1,1,2026-08-24T00:00:00.000
670,20260601,20260728,415,209,356,73,490,16,4,FMV000670,670,927.9000,927.9000,927.9000,469.1000,1,1,2026-08-24T00:00:00.000
671,20260719,20260628,222,246,56,428,269,19,5,FMV000671,671,929.2700,929.2700,929.2700,469.8000,1,1,2026-08-24T00:00:00.000
672,20260702,20260727,493,13,292,355,7,6,4,FMV000672,672,930.6400,930.6400,930.6400,470.5000,1,1,2026-08-24T00:00:00.000
673,20260616,20260816,253,79,213,368,473,11,1,FMV000673,673,932.0100,932.0100,932.0100,471.2000,1,1,2026-08-24T00:00:00.000
674,20260609,20260731,321,149,169,488,72,16,3,FMV000674,674,933.3800,933.3800,933.3800,471.9000,1,1,2026-08-24T00:00:00.000
675,20260612,20260812,112,49,262,462,262,20,3,FMV000675,675,934.7500,934.7500,934.7500,472.6000,1,1,2026-08-24T00:00:00.000
676,20260722,20260613,177,289,310,257,436,14,5,FMV000676,676,936.1200,936.1200,936.1200,473.3000,1,1,2026-08-24T00:00:00.000
677,20260730,20260711,254,339,157,164,353,4,4,FMV000677,677,937.4900,937.4900,937.4900,474.0000,1,1,2026-08-24T00:00:00.000
678,20260805,20260728,340,167,339,465,12,19,2,FMV000678,678,938.8600,938.8600,938.8600,474.7000,1,1,2026-08-24T00:00:00.000
679,20260813,20260617,2,123,163,197,225,8,1,FMV000679,679,940.2300,940.2300,940.2300,475.4000,1,1,2026-08-24T00:00:00.000
680,20260715,20260823,446,170,-1,-1,325,4,1,FMV000680,680,941.6000,941.6000,941.6000,476.1000,1,1,2026-08-24T00:00:00.000
681,20260823,20260708,256,117,265,455,489,13,2,FMV000681,681,942.9700,942.9700,942.9700,476.8000,1,1,2026-08-24T00:00:00.000
682,20260608,20260802,486,85,429,243,105,6,5,FMV000682,682,944.3400,944.3400,944.3400,477.5000,1,1,2026-08-24T00:00:00.000
683,20260604,20260821,226,343,29,422,414,13,3,FMV000683,683,945.7100,945.7100,945.7100,478.2000,1,1,2026-08-24T00:00:00.000
684,20260622,20260812,401,246,165,115,201,20,1,FMV000684,684,947.0800,947.0800,947.0800,478.9000,1,1,2026-08-24T00:00:00.000
685,20260707,20260626,63,72,431,71,3,3,1,FMV000685,685,948.4500,948.4500,948.4500,479.6000,1,1,2026-08-24T00:00:00.000
686,20260813,20260820,83,25,304,436,419,6,4,FMV000686,686,949.8200,949.8200,949.8200,480.3000,1,1,2026-08-24T00:00:00.000
687,20260805,20260802,30,34,31,392,177,15,4,FMV000687,687,951.1900,951.1900,951.1900,481.0000,1,1,2026-08-24T00:00:00.000
688,20260801,20260715,319,268,94,325,360,17,4,FMV000688,688,952.5600,952.5600,952.5600,481.7000,1,1,2026-08-24T00:00:00.000
689,20260717,20260623,189,195,436,439,145,17,3,FMV000689,689,953.9300,953.9300,953.9300,482.4000,1,1,2026-08-24T00:00:00.000
690,20260811,20260713,42,209,231,289,451,17,1,FMV000690,690,955.3000,955.3000,955.3000,483.1000,1,1,2026-08-24T00:00:00.000
691,20260610,20260805,88,131,311,465,49,15,1,FMV000691,691,956.6700,956.6700,956.6700,483.8000,1,1,2026-08-24T00:00:00.000
692,20260625,20260714,150,150,495,79,53,11,5,FMV000692,692,958.0400,958.0400,958.0400,484.5000,1,1,2026-08-24T00:00:00.000
693,20260707,20260601,187,158,51,242,246,13,3,FMV000693,693,959.4100,959.4100,959.4100,485.2000,1,1,2026-08-24T00:00:00.000
694,20260618,20260627,485,140,17,60,157,19,4,FMV000694,694,960.7800,960.7800,960.7800,485.9000,1,1,2026-08-24T00:00:00.000
695,20260711,20260529,230,96,229,214,280,7,1,FMV000695,695,962.1500,962.1500,962.1500,486.6000,1,1,2026-08-24T00:00:00.000
696,20260619,20260724,305,56,465,113,256,4,3,FMV000696,696,963.5200,963.5200,963.5200,487.3000,1,1,2026-08-24T00:00:00.000
697,20260601,20260818,467,95,-1,-1,273,19,2,FMV000697,697,964.8900,964.8900,964.8900,488.0000,1,1,2026-08-24T00:00:00.000
698,20260627,20260616,287,165,300,68,487,20,2,FMV000698,698,966.2600,966.2600,966.2600,488.7000,1,1,2026-08-24T00:00:00.000
699,20260712,20260807,67,332,432,337,388,20,2,FMV000699,699,967.6300,967.6300,967.6300,489.4000,1,1,2026-08-24T00:00:00.000
700,20260630,20260721,258,234,384,83,350,6,3,FMV000700,700,969.0000,969.0000,969.0000,490.1000,1,1,2026-08-24T00:00:00.000
701,20260605,20260803,483,108,127,320,202,7,5,FMV000701,701,970.3700,970.3700,970.3700,490.8000,1,1,2026-08-24T00:00:00.000
702,20260614,20260705,228,114,57,190,305,15,1,FMV000702,702,971.7400,971.7400,971.7400,491.5000,1,1,2026-08-24T00:00:00.000
703,20260727,20260727,16,350,80,263,364,15,2,FMV000703,703,973.1100,973.1100,973.1100,492.2000,1,1,2026-08-24T00:00:00.000
704,20260706,20260527,205,298,14,149,402,8,3,FMV000704,704,974.4800,974.4800,974.4800,492.9000,1,1,2026-08-24T00:00:00.000
705,20260609,20260713,104,194,208,226,397,7,1,FMV000705,705,975.8500,975.8500,975.8500,493.6000,1,1,2026-08-24T00:00:00.000
706,20260821,20260610,244,99,43,340,334,6,4,FMV000706,706,977.2200,977.2200,977.2200,494.3000,1,1,2026-08-24T00:00:00.000
707,20260716,20260623,421,202,404,226,232,13,3,FMV000707,707,978.5900,978.5900,978.5900,495.0000,1,1,2026-08-24T00:00:00.000
708,20260613,20260808,211,109,337,223,112,2,1,FMV000708,708,979.9600,979.9600,979.9600,495.7000,1,1,2026-08-24T00:00:00.000
709,20260527,20260728,258,86,109,7,384,2,4,FMV000709,709,981.3300,981.3300,981.3300,496.4000,1,1,2026-08-24T00:00:00.000
710,20260530,20260713,355,84,93,12,335,10,3,FMV000710,710,982.7000,982.7000,982.7000,497.1000,1,1,2026-08-24T00:00:00.000
711,20260723,20260608,498,77,486,467,50,3,3,FMV000711,711,984.0700,984.0700,984.0700,497.8000,1,1,2026-08-24T00:00:00.000
712,20260528,20260528,60,101,195,218,143,4,3,FMV000712,712,985.4400,985.4400,985.4400,498.5000,1,1,2026-08-24T00:00:00.000
713,20260629,20260614,166,191,110,59,203,16,4,FMV000713,713,986.8100,986.8100,986.8100,499.2000,1,1,2026-08-24T00:00:00.000
714,20260620,20260715,43,13,-1,-1,295,3,4,FMV000714,714,988.1800,988.1800,988.1800,499.9000,1,1,2026-08-24T00:00:00.000
715,20260713,20260622,287,257,272,345,44,10,4,FMV000715,715,989.5500,989.5500,989.5500,500.6000,1,1,2026-08-24T00:00:00.000
716,20260729,20260724,351,195,179,77,4,2,5,FMV000716,716,990.9200,990.9200,990.9200,501.3000,1,1,2026-08-24T00:00:00.000
717,20260528,20260528,74,118,90,470,26,11,1,FMV000717,717,992.2900,992.2900,992.2900,502.0000,1,1,2026-08-24T00:00:00.000
718,20260817,20260624,8,95,427,159,162,2,5,FMV000718,718,993.6600,993.6600,993.6600,502.7000,1,1,2026-08-24T00:00:00.000
719,20260614,20260608,140,265,461,249,6,16,1,FMV000719,719,995.0300,995.0300,995.0300,503.4000,1,1,2026-08-24T00:00:00.000
720,20260809,20260730,248,113,184,321,446,13,1,FMV000720,720,996.4000,996.4000,996.4000,504.1000,1,1,2026-08-24T00:00:00.000
721,20260621,20260810,244,178,32,414,238,15,2,FMV000721,721,997.7700,997.7700,997.7700,504.8000,1,1,2026-08-24T00:00:00.000
722,20260722,20260824,3,350,213,49,330,5,1,FMV000722,722,999.1400,999.1400,999.1400,505.5000,1,1,2026-08-24T00:00:00.000
723,20260715,20260806,220,5,305,343,314,14,2,FMV000723,723,1000.5100,1000.5100,1000.5100,506.2000,1,1,2026-08-24T00:00:00.000
724,20260606,20260629,149,51,189,316,376,13,5,FMV000724,724,1001.8800,1001.8800,1001.8800,506.9000,1,1,2026-08-24T00:00:00.000
725,20260714,20260630,440,101,76,270,463,9,1,FMV000725,725,1003.2500,1003.2500,1003.2500,507.6000,1,1,2026-08-24T00:00:00.000
726,20260807,20260723,20,196,145,28,165,4,1,FMV000726,726,1004.6200,1004.6200,1004.6200,508.3000,1,1,2026-08-24T00:00:00.000
727,20260725,20260604,181,172,20,241,40,1,4,FMV000727,727,1005.9900,1005.9900,1005.9900,509.0000,1,1,2026-08-24T00:00:00.000
728,20260611,20260720,75,274,418,239,52,6,4,FMV000728,728,1007.3600,1007.3600,1007.3600,509.7000,1,1,2026-08-24T00:00:00.000
729,20260807,20260617,214,342,494,296,116,13,5,FMV000729,729,1008.7300,1008.7300,1008.7300,510.4000,1,1,2026-08-24T00:00:00.000
730,20260816,20260621,267,293,229,55,271,7,4,FMV000730,730,1010.1000,1010.1000,1010.1000,511.1000,1,1,2026-08-24T00:00:00.000
731,20260724,20260605,207,76,-1,-1,268,5,4,FMV000731,731,1011.4700,1011.4700,1011.4700,511.8000,1,1,2026-08-24T00:00:00.000
732,20260809,20260817,347,167,404,402,235,7,3,FMV000732,732,1012.8400,1012.8400,1012.8400,512.5000,1,1,2026-08-24T00:00:00.000
733,20260629,20260822,216,60,30,226,72,4,1,FMV000733,733,1014.2100,1014.2100,1014.2100,513.2000,1,1,2026-08-24T00:00:00.000
734,20260626,20260630,281,189,108,425,343,2,2,FMV000734,734,1015.5800,1015.5800,1015.5800,513.9000,1,1,2026-08-24T00:00:00.000
735,20260608,20260728,471,205,80,247,192,12,2,FMV000735,735,1016.9500,1016.9500,1016.9500,514.6000,1,1,2026-08-24T00:00:00.000
736,20260531,20260804,462,214,27,29,360,1,2,FMV000736,736,1018.3200,1018.3200,1018.3200,515.3000,1,1,2026-08-24T00:00:00.000
737,20260816,20260618,483,326,60,388,1,9,1,FMV000737,737,1019.6900,1019.6900,1019.6900,516.0000,1,1,2026-08-24T00:00:00.000
738,20260818,20260701,297,344,428,317,258,6,1,FMV000738,738,1021.0600,1021.0600,1021.0600,516.7000,1,1,2026-08-24T00:00:00.000
739,20260610,20260624,18,346,396,247,94,10,3,FMV000739,739,1022.4300,1022.4300,1022.4300,517.4000,1,1,2026-08-24T00:00:00.000
740,20260821,20260612,282,166,133,370,449,8,5,FMV000740,740,1023.8000,1023.8000,1023.8000,518.1000,1,1,2026-08-24T00:00:00.000
741,20260528,20260611,405,165,255,218,380,19,4,FMV000741,741,1025.1700,1025.1700,1025.1700,518.8000,1,1,2026-08-24T00:00:00.000
742,20260806,20260604,96,37,139,159,475,13,4,FMV000742,742,1026.5400,1026.5400,1026.5400,519.5000,1,1,2026-08-24T00:00:00.000
743,20260820,20260717,352,289,457,224,164,2,5,FMV000743,743,1027.9100,1027.9100,1027.9100,520.2000,1,1,2026-08-24T00:00:00.000
744,20260715,20260601,62,278,53,320,206,3,1,FMV000744,744,1029.2800,1029.2800,1029.2800,520.9000,1,1,2026-08-24T00:00:00.000
745,20260717,20260808,44,98,245,68,52,7,2,FMV000745,745,1030.6500,1030.6500,1030.6500,521.6000,1,1,2026-08-24T00:00:00.000
746,20260528,20260801,344,77,424,226,254,6,4,FMV000746,746,1032.0200,1032.0200,1032.0200,522.3000,1,1,2026-08-24T00:00:00.000
747,20260603,20260726,243,206,366,239,211,16,4,FMV000747,747,1033.3900,1033.3900,1033.3900,523.0000,1,1,2026-08-24T00:00:00.000
748,20260723,20260731,337,178,-1,-1,456,1,1,FMV000748,748,1034.7600,1034.7600,1034.7600,523.7000,1,1,2026-08-24T00:00:00.000
749,20260808,20260728,129,198,232,391,189,10,3,FMV000749,749,1036.1300,1036.1300,1036.1300,524.4000,1,1,2026-08-24T00:00:00.000
750,20260702,20260803,282,19,393,426,186,13,1,FMV000750,750,1037.5000,1037.5000,1037.5000,525.1000,1,1,2026-08-24T00:00:00.000
751,20260619,20260528,177,232,306,271,14,6,5,FMV000751,751,1038.8700,1038.8700,1038.8700,525.8000,1,1,2026-08-24T00:00:00.000
752,20260818,20260606,465,273,448,420,113,17,3,FMV000752,752,1040.2400,1040.2400,1040.2400,526.5000,1,1,2026-08-24T00:00:00.000
753,20260713,20260809,27,146,74,330,295,16,1,FMV000753,753,1041.6100,1041.6100,1041.6100,527.2000,1,1,2026-08-24T00:00:00.000
754,20260606,20260709,86,296,108,209,408,14,3,FMV000754,754,1042.9800,1042.9800,1042.9800,527.9000,1,1,2026-08-24T00:00:00.000
755,20260618,20260620,203,119,301,424,281,2,4,FMV000755,755,1044.3500,1044.3500,1044.3500,528.6000,1,1,2026-08-24T00:00:00.000
756,20260719,20260720,317,231,414,63,135,12,1,FMV000756,756,1045.7200,1045.7200,1045.7200,529.3000,1,1,2026-08-24T00:00:00.000
757,20260617,20260820,474,331,404,74,134,18,1,FMV000757,757,1047.0900,1047.0900,1047.0900,530.0000,1,1,2026-08-24T00:00:00.000
758,20260730,20260707,469,26,34,254,272,2,5,FMV000758,758,1048.4600,1048.4600,1048.4600,530.7000,1,1,2026-08-24T00:00:00.000
759,20260723,20260823,183,133,46,215,289,4,5,FMV000759,759,1049.8300,1049.8300,1049.8300,531.4000,1,1,2026-08-24T00:00:00.000
760,20260530,20260805,305,136,257,168,463,15,5,FMV000760,760,1051.2000,1051.2000,1051.2000,532.1000,1,1,2026-08-24T00:00:00.000
761,20260617,20260807,488,88,296,346,475,10,4,FMV000761,761,1052.5700,1052.5700,1052.5700,532.8000,1,1,2026-08-24T00:00:00.000
762,20260606,20260806,89,133,169,31,16,10,5,FMV000762,762,1053.9400,1053.9400,1053.9400,533.5000,1,1,2026-08-24T00:00:00.000
763,20260628,20260805,376,155,89,94,22,16,5,FMV000763,763,1055.3100,1055.3100,1055.3100,534.2000,1,1,2026-08-24T00:00:00.000
764,20260725,20260807,498,187,500,5,404,2,3,FMV000764,764,1056.6800,1056.6800,1056.6800,534.9000,1,1,2026-08-24T00:00:00.000
765,20260816,20260824,260,144,-1,-1,9,1,1,FMV000765,765,1058.0500,1058.0500,1058.0500,535.6000,1,1,2026-08-24T00:00:00.000
766,20260716,20260801,450,267,234,359,281,17,4,FMV000766,766,1059.4200,1059.4200,1059.4200,536.3000,1,1,2026-08-24T00:00:00.000
767,20260625,20260612,41,89,425,365,361,5,2,FMV000767,767,1060.7900,1060.7900,1060.7900,537.0000,1,1,2026-08-24T00:00:00.000
768,20260801,20260703,484,284,263,137,150,15,3,FMV000768,768,1062.1600,1062.1600,1062.1600,537.7000,1,1,2026-08-24T00:00:00.000
769,20260616,20260815,354,275,53,15,16,7,5,FMV000769,769,1063.5300,1063.5300,1063.5300,538.4000,1,1,2026-08-24T00:00:00.000
770,20260726,20260804,437,206,291,366,404,19,5,FMV000770,770,1064.9000,1064.9000,1064.9000,539.1000,1,1,2026-08-24T00:00:00.000
771,20260619,20260610,360,5,315,65,257,1,1,FMV000771,771,1066.2700,1066.2700,1066.2700,539.8000,1,1,2026-08-24T00:00:00.000
772,20260709,20260823,251,326,57,58,315,6,1,FMV000772,772,1067.6400,1067.6400,1067.6400,540.5000,1,1,2026-08-24T00:00:00.000
773,20260602,20260618,373,164,486,316,390,6,1,FMV000773,773,1069.0100,1069.0100,1069.0100,541.2000,1,1,2026-08-24T00:00:00.000
774,20260817,20260820,113,59,412,160,488,3,5,FMV000774,774,1070.3800,1070.3800,1070.3800,541.9000,1,1,2026-08-24T00:00:00.000
775,20260528,20260805,96,162,175,435,167,9,1,FMV000775,775,1071.7500,1071.7500,1071.7500,542.6000,1,1,2026-08-24T00:00:00.000
776,20260816,20260730,161,78,242,102,203,10,2,FMV000776,776,1073.1200,1073.1200,1073.1200,543.3000,1,1,2026-08-24T00:00:00.000
777,20260811,20260720,142,291,250,139,319,11,1,FMV000777,777,1074.4900,1074.4900,1074.4900,544.0000,1,1,2026-08-24T00:00:00.000
778,20260822,20260813,276,302,481,137,192,18,3,FMV000778,778,1075.8600,1075.8600,1075.8600,544.7000,1,1,2026-08-24T00:00:00.000
779,20260819,20260729,16,253,18,314,180,19,1,FMV000779,779,1077.2300,1077.2300,1077.2300,545.4000,1,1,2026-08-24T00:00:00.000
780,20260622,20260728,468,329,397,349,97,4,4,FMV000780,780,1078.6000,1078.6000,1078.6000,546.1000,1,1,2026-08-24T00:00:00.000
781,20260608,20260527,426,73,186,336,349,14,1,FMV000781,781,1079.9700,1079.9700,1079.9700,546.8000,1,1,2026-08-24T00:00:00.000
782,20260726,20260720,291,95,-1,-1,278,1,2,FMV000782,782,1081.3400,1081.3400,1081.3400,547.5000,1,1,2026-08-24T00:00:00.000
783,20260803,20260729,85,297,353,433,274,12,1,FMV000783,783,1082.7100,1082.7100,1082.7100,548.2000,1,1,2026-08-24T00:00:00.000
784,20260609,20260709,309,71,308,53,124,15,5,FMV000784,784,1084.0800,1084.0800,1084.0800,548.9000,1,1,2026-08-24T00:00:00.000
785,20260615,20260820,352,33,399,139,163,16,5,FMV000785,785,1085.4500,1085.4500,1085.4500,549.6000,1,1,2026-08-24T00:00:00.000
786,20260701,20260528,48,283,340,170,396,14,5,FMV000786,786,1086.8200,1086.8200,1086.8200,550.3000,1,1,2026-08-24T00:00:00.000
787,20260629,20260715,342,167,88,189,416,14,5,FMV000787,787,1088.1900,1088.1900,1088.1900,551.0000,1,1,2026-08-24T00:00:00.000
788,20260531,20260824,65,239,91,131,52,9,5,FMV000788,788,1089.5600,1089.5600,1089.5600,551.7000,1,1,2026-08-24T00:00:00.000
789,20260622,20260707,360,251,362,209,375,7,3,FMV000789,789,1090.9300,1090.9300,1090.9300,552.4000,1,1,2026-08-24T00:00:00.000
790,20260613,20260704,385,228,384,419,84,17,2,FMV000790,790,1092.3000,1092.3000,1092.3000,553.1000,1,1,2026-08-24T00:00:00.000
791,20260809,20260706,165,344,307,297,407,15,3,FMV000791,791,1093.6700,1093.6700,1093.6700,553.8000,1,1,2026-08-24T00:00:00.000
792,20260712,20260809,379,186,154,396,414,16,5,FMV000792,792,1095.0400,1095.0400,1095.0400,554.5000,1,1,2026-08-24T00:00:00.000
793,20260709,20260708,40,30,406,170,265,11,3,FMV000793,793,1096.4100,1096.4100,1096.4100,555.2000,1,1,2026-08-24T00:00:00.000
794,20260613,20260626,209,31,364,460,36,9,1,FMV000794,794,1097.7800,1097.7800,1097.7800,555.9000,1,1,2026-08-24T00:00:00.000
795,20260709,20260812,498,215,280,429,430,6,2,FMV000795,795,1099.1500,1099.1500,1099.1500,556.6000,1,1,2026-08-24T00:00:00.000
796,20260723,20260811,438,323,28,112,285,13,1,FMV000796,796,1100.5200,1100.5200,1100.5200,557.3000,1,1,2026-08-24T00:00:00.000
797,20260811,20260718,226,119,57,236,404,19,3,FMV000797,797,1101.8900,1101.8900,1101.8900,558.0000,1,1,2026-08-24T00:00:00.000
798,20260717,20260711,227,292,119,174,388,11,4,FMV000798,798,1103.2600,1103.2600,1103.2600,558.7000,1,1,2026-08-24T00:00:00.000
799,20260626,20260630,260,135,-1,-1,421,20,3,FMV000799,799,1104.6300,1104.6300,1104.6300,559.4000,1,1,2026-08-24T00:00:00.000
800,20260706,20260701,119,10,280,424,198,16,4,FMV000800,800,1106.0000,1106.0000,1106.0000,560.1000,1,1,2026-08-24T00:00:00.000
801,20260719,20260729,396,214,215,480,217,5,4,FMV000801,801,1107.3700,1107.3700,1107.3700,560.8000,1,1,2026-08-24T00:00:00.000
802,20260809,20260701,33,195,320,28,154,19,5,FMV000802,802,1108.7400,1108.7400,1108.7400,561.5000,1,1,2026-08-24T00:00:00.000
803,20260727,20260623,75,285,215,340,366,8,2,FMV000803,803,1110.1100,1110.1100,1110.1100,562.2000,1,1,2026-08-24T00:00:00.000
804,20260622,20260728,352,167,391,46,429,5,2,FMV000804,804,1111.4800,1111.4800,1111.4800,562.9000,1,1,2026-08-24T00:00:00.000
805,20260806,20260804,4,266,292,475,215,3,1,FMV000805,805,1112.8500,1112.8500,1112.8500,563.6000,1,1,2026-08-24T00:00:00.000
806,20260608,20260713,373,244,47,208,247,16,4,FMV000806,806,1114.2200,1114.2200,1114.2200,564.3000,1,1,2026-08-24T00:00:00.000
807,20260623,20260628,28,220,16,319,215,3,2,FMV000807,807,1115.5900,1115.5900,1115.5900,565.0000,1,1,2026-08-24T00:00:00.000
808,20260822,20260809,80,330,313,252,451,2,5,FMV000808,808,1116.9600,1116.9600,1116.9600,565.7000,1,1,2026-08-24T00:00:00.000
809,20260802,20260613,304,140,322,308,405,9,5,FMV000809,809,1118.3300,1118.3300,1118.3300,566.4000,1,1,2026-08-24T00:00:00.000
810,20260710,20260711,281,347,401,175,79,1,5,FMV000810,810,1119.7000,1119.7000,1119.7000,567.1000,1,1,2026-08-24T00:00:00.000
811,20260627,20260725,491,153,465,364,280,17,2,FMV000811,811,1121.0700,1121.0700,1121.0700,567.8000,1,1,2026-08-24T00:00:00.000
812,20260618,20260724,190,60,60,2,254,18,4,FMV000812,812,1122.4400,1122.4400,1122.4400,568.5000,1,1,2026-08-24T00:00:00.000
813,20260607,20260626,34,237,18,36,302,11,4,FMV000813,813,1123.8100,1123.8100,1123.8100,569.2000,1,1,2026-08-24T00:00:00.000
814,20260824,20260804,201,242,312,473,425,18,3,FMV000814,814,1125.1800,1125.1800,1125.1800,569.9000,1,1,2026-08-24T00:00:00.000
815,20260620,20260617,41,329,61,291,187,7,5,FMV000815,815,1126.5500,1126.5500,1126.5500,570.6000,1,1,2026-08-24T00:00:00.000
816,20260712,20260808,246,117,-1,-1,256,4,3,FMV000816,816,1127.9200,1127.9200,1127.9200,571.3000,1,1,2026-08-24T00:00:00.000
817,20260803,20260611,396,125,116,435,415,9,1,FMV000817,817,1129.2900,1129.2900,1129.2900,572.0000,1,1,2026-08-24T00:00:00.000
818,20260619,20260804,416,324,303,156,461,3,1,FMV000818,818,1130.6600,1130.6600,1130.6600,572.7000,1,1,2026-08-24T00:00:00.000
819,20260527,20260529,40,168,198,358,82,15,4,FMV000819,819,1132.0300,1132.0300,1132.0300,573.4000,1,1,2026-08-24T00:00:00.000
820,20260613,20260630,141,20,254,225,326,16,5,FMV000820,820,1133.4000,1133.4000,1133.4000,574.1000,1,1,2026-08-24T00:00:00.000
821,20260613,20260609,94,283,263,456,214,18,5,FMV000821,821,1134.7700,1134.7700,1134.7700,574.8000,1,1,2026-08-24T00:00:00.000
822,20260609,20260622,362,83,273,309,294,12,5,FMV000822,822,1136.1400,1136.1400,1136.1400,575.5000,1,1,2026-08-24T00:00:00.000
823,20260615,20260804,131,61,448,105,23,9,3,FMV000823,823,1137.5100,1137.5100,1137.5100,576.2000,1,1,2026-08-24T00:00:00.000
824,20260818,20260819,282,153,372,387,372,20,1,FMV000824,824,1138.8800,1138.8800,1138.8800,576.9000,1,1,2026-08-24T00:00:00.000
825,20260716,20260709,1,112,2,295,419,6,3,FMV000825,825,1140.2500,1140.2500,1140.2500,577.6000,1,1,2026-08-24T00:00:00.000
826,20260820,20260721,131,349,307,347,50,7,3,FMV000826,826,1141.6200,1141.6200,1141.6200,578.3000,1,1,2026-08-24T00:00:00.000
827,20260824,20260706,16,118,38,98,48,2,5,FMV000827,827,1142.9900,1142.9900,1142.9900,579.0000,1,1,2026-08-24T00:00:00.000
828,20260822,20260618,314,153,323,211,245,7,5,FMV000828,828,1144.3600,1144.3600,1144.3600,579.7000,1,1,2026-08-24T00:00:00.000
829,20260614,20260719,23,234,55,410,264,4,5,FMV000829,829,1145.7300,1145.7300,1145.7300,580.4000,1,1,2026-08-24T00:00:00.000
830,20260527,20260715,220,308,241,411,146,3,3,FMV000830,830,1147.1000,1147.1000,1147.1000,581.1000,1,1,2026-08-24T00:00:00.000
831,20260821,20260601,160,82,192,231,146,1,5,FMV000831,831,1148.4700,1148.4700,1148.4700,581.8000,1,1,2026-08-24T00:00:00.000
832,20260816,20260528,342,8,237,308,399,5,1,FMV000832,832,1149.8400,1149.8400,1149.8400,582.5000,1,1,2026-08-24T00:00:00.000
833,20260811,20260605,486,6,-1,-1,53,12,1,FMV000833,833,1151.2100,1151.2100,1151.2100,583.2000,1,1,2026-08-24T00:00:00.000
834,20260705,20260609,435,155,15,321,105,3,5,FMV000834,834,1152.5800,1152.5800,1152.5800,583.9000,1,1,2026-08-24T00:00:00.000
835,20260607,20260706,186,314,474,102,166,1,4,FMV000835,835,1153.9500,1153.9500,1153.9500,584.6000,1,1,2026-08-24T00:00:00.000
836,20260816,20260706,360,24,437,462,457,14,5,FMV000836,836,1155.3200,1155.3200,1155.3200,585.3000,1,1,2026-08-24T00:00:00.000
837,20260613,20260821,252,118,467,36,162,9,1,FMV000837,837,1156.6900,1156.6900,1156.6900,586.0000,1,1,2026-08-24T00:00:00.000
838,20260719,20260609,36,3,86,83,449,3,2,FMV000838,838,1158.0600,1158.0600,1158.0600,586.7000,1,1,2026-08-24T00:00:00.000
839,20260614,20260621,85,210,307,461,97,5,1,FMV000839,839,1159.4300,1159.4300,1159.4300,587.4000,1,1,2026-08-24T00:00:00.000
840,20260606,20260613,263,252,98,78,304,11,4,FMV000840,840,1160.8000,1160.8000,1160.8000,588.1000,1,1,2026-08-24T00:00:00.000
841,20260527,20260722,159,42,345,488,289,18,5,FMV000841,841,1162.1700,1162.1700,1162.1700,588.8000,1,1,2026-08-24T00:00:00.000
842,20260811,20260607,3,87,428,201,48,6,3,FMV000842,842,1163.5400,1163.5400,1163.5400,589.5000,1,1,2026-08-24T00:00:00.000
843,20260719,20260727,104,290,359,360,437,9,5,FMV000843,843,1164.9100,1164.9100,1164.9100,590.2000,1,1,2026-08-24T00:00:00.000
844,20260716,20260626,481,127,319,41,473,16,3,FMV000844,844,1166.2800,1166.2800,1166.2800,590.9000,1,1,2026-08-24T00:00:00.000
845,20260731,20260803,123,325,200,480,342,20,2,FMV000845,845,1167.6500,1167.6500,1167.6500,591.6000,1,1,2026-08-24T00:00:00.000
846,20260713,20260801,405,273,435,396,460,18,5,FMV000846,846,1169.0200,1169.0200,1169.0200,592.3000,1,1,2026-08-24T00:00:00.000
847,20260723,20260724,25,109,32,407,51,7,4,FMV000847,847,1170.3900,1170.3900,1170.3900,593.0000,1,1,2026-08-24T00:00:00.000
848,20260701,20260626,251,203,452,413,348,12,3,FMV000848,848,1171.7600,1171.7600,1171.7600,593.7000,1,1,2026-08-24T00:00:00.000
849,20260711,20260721,439,210,433,7,215,5,5,FMV000849,849,1173.1300,1173.1300,1173.1300,594.4000,1,1,2026-08-24T00:00:00.000
850,20260822,20260721,157,28,-1,-1,337,7,4,FMV000850,850,1174.5000,1174.5000,1174.5000,595.1000,1,1,2026-08-24T00:00:00.000
851,20260621,20260620,46,128,438,165,366,11,3,FMV000851,851,1175.8700,1175.8700,1175.8700,595.8000,1,1,2026-08-24T00:00:00.000
852,20260815,20260803,360,94,23,405,496,4,2,FMV000852,852,1177.2400,1177.2400,1177.2400,596.5000,1,1,2026-08-24T00:00:00.000
853,20260711,20260723,441,169,145,219,466,18,4,FMV000853,853,1178.6100,1178.6100,1178.6100,597.2000,1,1,2026-08-24T00:00:00.000
854,20260719,20260820,275,39,108,81,259,5,3,FMV000854,854,1179.9800,1179.9800,1179.9800,597.9000,1,1,2026-08-24T00:00:00.000
855,20260810,20260619,364,167,238,79,261,1,3,FMV000855,855,1181.3500,1181.3500,1181.3500,598.6000,1,1,2026-08-24T00:00:00.000
856,20260616,20260715,154,69,284,26,381,5,2,FMV000856,856,1182.7200,1182.7200,1182.7200,599.3000,1,1,2026-08-24T00:00:00.000
857,20260627,20260728,112,113,408,283,231,14,1,FMV000857,857,1184.0900,1184.0900,1184.0900,600.0000,1,1,2026-08-24T00:00:00.000
858,20260810,20260712,279,153,13,406,238,1,5,FMV000858,858,1185.4600,1185.4600,1185.4600,600.7000,1,1,2026-08-24T00:00:00.000
859,20260809,20260616,376,273,182,122,102,4,4,FMV000859,859,1186.8300,1186.8300,1186.8300,601.4000,1,1,2026-08-24T00:00:00.000
860,20260708,20260613,34,287,344,8,381,5,1,FMV000860,860,1188.2000,1188.2000,1188.2000,602.1000,1,1,2026-08-24T00:00:00.000
861,20260719,20260815,248,275,399,21,285,5,1,FMV000861,861,1189.5700,1189.5700,1189.5700,602.8000,1,1,2026-08-24T00:00:00.000
862,20260614,20260601,448,320,64,206,274,5,5,FMV000862,862,1190.9400,1190.9400,1190.9400,603.5000,1,1,2026-08-24T00:00:00.000
863,20260803,20260819,109,128,266,104,409,6,4,FMV000863,863,1192.3100,1192.3100,1192.3100,604.2000,1,1,2026-08-24T00:00:00.000
864,20260628,20260816,296,55,454,497,446,19,3,FMV000864,864,1193.6800,1193.6800,1193.6800,604.9000,1,1,2026-08-24T00:00:00.000
865,20260730,20260618,10,10,74,226,368,5,2,FMV000865,865,1195.0500,1195.0500,1195.0500,605.6000,1,1,2026-08-24T00:00:00.000
866,20260623,20260624,397,143,111,417,209,7,1,FMV000866,866,1196.4200,1196.4200,1196.4200,606.3000,1,1,2026-08-24T00:00:00.000
867,20260607,20260801,215,345,-1,-1,73,14,2,FMV000867,867,1197.7900,1197.7900,1197.7900,607.0000,1,1,2026-08-24T00:00:00.000
868,20260730,20260701,340,267,459,268,400,10,2,FMV000868,868,1199.1600,1199.1600,1199.1600,607.7000,1,1,2026-08-24T00:00:00.000
869,20260727,20260716,392,224,176,193,285,20,3,FMV000869,869,1200.5300,1200.5300,1200.5300,608.4000,1,1,2026-08-24T00:00:00.000
870,20260603,20260816,83,53,394,203,53,16,5,FMV000870,870,1201.9000,1201.9000,1201.9000,609.1000,1,1,2026-08-24T00:00:00.000
871,20260815,20260616,17,140,22,84,328,6,2,FMV000871,871,1203.2700,1203.2700,1203.2700,609.8000,1,1,2026-08-24T00:00:00.000
872,20260613,20260817,260,64,8,323,1,8,2,FMV000872,872,1204.6400,1204.6400,1204.6400,610.5000,1,1,2026-08-24T00:00:00.000
873,20260712,20260813,344,27,259,345,221,8,1,FMV000873,873,1206.0100,1206.0100,1206.0100,611.2000,1,1,2026-08-24T00:00:00.000
874,20260623,20260614,32,344,101,495,165,13,2,FMV000874,874,1207.3800,1207.3800,1207.3800,611.9000,1,1,2026-08-24T00:00:00.000
875,20260715,20260718,132,303,194,403,303,2,4,FMV000875,875,1208.7500,1208.7500,1208.7500,612.6000,1,1,2026-08-24T00:00:00.000
876,20260528,20260720,233,282,86,344,364,7,4,FMV000876,876,1210.1200,1210.1200,1210.1200,613.3000,1,1,2026-08-24T00:00:00.000
877,20260609,20260815,49,173,382,27,422,9,1,FMV000877,877,1211.4900,1211.4900,1211.4900,614.0000,1,1,2026-08-24T00:00:00.000
878,20260731,20260626,26,255,120,280,58,18,1,FMV000878,878,1212.8600,1212.8600,1212.8600,614.7000,1,1,2026-08-24T00:00:00.000
879,20260730,20260613,248,35,96,88,483,6,4,FMV000879,879,1214.2300,1214.2300,1214.2300,615.4000,1,1,2026-08-24T00:00:00.000
880,20260709,20260608,377,291,377,1,357,3,5,FMV000880,880,1215.6000,1215.6000,1215.6000,616.1000,1,1,2026-08-24T00:00:00.000
881,20260809,20260727,34,86,387,363,463,3,3,FMV000881,881,1216.9700,1216.9700,1216.9700,616.8000,1,1,2026-08-24T00:00:00.000
882,20260627,20260707,48,39,487,198,467,20,4,FMV000882,882,1218.3400,1218.3400,1218.3400,617.5000,1,1,2026-08-24T00:00:00.000
883,20260819,20260708,178,331,162,297,79,10,1,FMV000883,883,1219.7100,1219.7100,1219.7100,618.2000,1,1,2026-08-24T00:00:00.000
884,20260714,20260624,328,35,-1,-1,319,6,4,FMV000884,884,1221.0800,1221.0800,1221.0800,618.9000,1,1,2026-08-24T00:00:00.000
885,20260815,20260806,184,310,452,72,281,3,3,FMV000885,885,1222.4500,1222.4500,1222.4500,619.6000,1,1,2026-08-24T00:00:00.000
886,20260629,20260622,282,242,83,30,236,19,3,FMV000886,886,1223.8200,1223.8200,1223.8200,620.3000,1,1,2026-08-24T00:00:00.000
887,20260809,20260815,487,330,263,376,326,5,5,FMV000887,887,1225.1900,1225.1900,1225.1900,621.0000,1,1,2026-08-24T00:00:00.000
888,20260626,20260724,485,140,205,491,302,16,5,FMV000888,888,1226.5600,1226.5600,1226.5600,621.7000,1,1,2026-08-24T00:00:00.000
889,20260620,20260707,26,77,66,24,154,12,4,FMV000889,889,1227.9300,1227.9300,1227.9300,622.4000,1,1,2026-08-24T00:00:00.000
890,20260819,20260530,85,66,25,166,148,19,4,FMV000890,890,1229.3000,1229.3000,1229.3000,623.1000,1,1,2026-08-24T00:00:00.000
891,20260629,20260731,488,53,136,156,231,6,2,FMV000891,891,1230.6700,1230.6700,1230.6700,623.8000,1,1,2026-08-24T00:00:00.000
892,20260719,20260717,201,313,32,369,50,12,3,FMV000892,892,1232.0400,1232.0400,1232.0400,624.5000,1,1,2026-08-24T00:00:00.000
893,20260719,20260622,261,63,250,468,12,14,1,FMV000893,893,1233.4100,1233.4100,1233.4100,625.2000,1,1,2026-08-24T00:00:00.000
894,20260818,20260725,143,334,473,285,147,12,3,FMV000894,894,1234.7800,1234.7800,1234.7800,625.9000,1,1,2026-08-24T00:00:00.000
895,20260623,20260612,38,319,382,392,247,4,2,FMV000895,895,1236.1500,1236.1500,1236.1500,626.6000,1,1,2026-08-24T00:00:00.000
896,20260808,20260625,193,200,47,132,131,15,5,FMV000896,896,1237.5200,1237.5200,1237.5200,627.3000,1,1,2026-08-24T00:00:00.000
897,20260616,20260713,483,58,124,272,21,4,5,FMV000897,897,1238.8900,1238.8900,1238.8900,628.0000,1,1,2026-08-24T00:00:00.000
898,20260711,20260708,210,234,7,182,97,15,2,FMV000898,898,1240.2600,1240.2600,1240.2600,628.7000,1,1,2026-08-24T00:00:00.000
899,20260812,20260802,310,313,192,242,124,14,2,FMV000899,899,1241.6300,1241.6300,1241.6300,629.4000,1,1,2026-08-24T00:00:00.000
900,20260721,20260816,415,114,492,302,58,12,4,FMV000900,900,1243.0000,1243.0000,1243.0000,630.1000,1,1,2026-08-24T00:00:00.000
901,20260614,20260718,59,39,-1,-1,144,8,5,FMV000901,901,1244.3700,1244.3700,1244.3700,630.8000,1,1,2026-08-24T00:00:00.000
902,20260605,20260627,244,179,470,245,262,18,3,FMV000902,902,1245.7400,1245.7400,1245.7400,631.5000,1,1,2026-08-24T00:00:00.000
903,20260623,20260716,497,16,387,92,429,7,1,FMV000903,903,1247.1100,1247.1100,1247.1100,632.2000,1,1,2026-08-24T00:00:00.000
904,20260809,20260530,94,291,351,63,333,8,4,FMV000904,904,1248.4800,1248.4800,1248.4800,632.9000,1,1,2026-08-24T00:00:00.000
905,20260617,20260731,209,83,78,366,251,18,4,FMV000905,905,1249.8500,1249.8500,1249.8500,633.6000,1,1,2026-08-24T00:00:00.000
906,20260621,20260709,476,105,358,39,187,4,2,FMV000906,906,1251.2200,1251.2200,1251.2200,634.3000,1,1,2026-08-24T00:00:00.000
907,20260709,20260612,115,118,380,452,261,8,5,FMV000907,907,1252.5900,1252.5900,1252.5900,635.0000,1,1,2026-08-24T00:00:00.000
908,20260803,20260705,293,164,94,320,134,20,3,FMV000908,908,1253.9600,1253.9600,1253.9600,635.7000,1,1,2026-08-24T00:00:00.000
909,20260612,20260527,272,207,203,324,411,6,2,FMV000909,909,1255.3300,1255.3300,1255.3300,636.4000,1,1,2026-08-24T00:00:00.000
910,20260822,20260610,59,15,158,426,489,7,3,FMV000910,910,1256.7000,1256.7000,1256.7000,637.1000,1,1,2026-08-24T00:00:00.000
911,20260819,20260623,433,206,104,231,456,6,3,FMV000911,911,1258.0700,1258.0700,1258.0700,637.8000,1,1,2026-08-24T00:00:00.000
912,20260612,20260821,195,79,152,263,123,16,4,FMV000912,912,1259.4400,1259.4400,1259.4400,638.5000,1,1,2026-08-24T00:00:00.000
913,20260812,20260610,306,273,97,380,247,20,3,FMV000913,913,1260.8100,1260.8100,1260.8100,639.2000,1,1,2026-08-24T00:00:00.000
914,20260723,20260820,14,181,55,384,376,16,2,FMV000914,914,1262.1800,1262.1800,1262.1800,639.9000,1,1,2026-08-24T00:00:00.000
915,20260730,20260618,137,133,360,254,214,2,4,FMV000915,915,1263.5500,1263.5500,1263.5500,640.6000,1,1,2026-08-24T00:00:00.000
916,20260731,20260612,464,199,468,230,81,13,3,FMV000916,916,1264.9200,1264.9200,1264.9200,641.3000,1,1,2026-08-24T00:00:00.000
917,20260607,20260816,320,247,131,246,319,1,5,FMV000917,917,1266.2900,1266.2900,1266.2900,642.0000,1,1,2026-08-24T00:00:00.000
918,20260608,20260709,4,26,-1,-1,156,2,1,FMV000918,918,1267.6600,1267.6600,1267.6600,642.7000,1,1,2026-08-24T00:00:00.000
919,20260622,20260820,217,259,28,209,262,20,2,FMV000919,919,1269.0300,1269.0300,1269.0300,643.4000,1,1,2026-08-24T00:00:00.000
920,20260623,20260715,228,3,46,283,289,4,3,FMV000920,920,1270.4000,1270.4000,1270.4000,644.1000,1,1,2026-08-24T00:00:00.000
921,20260704,20260607,345,207,440,452,293,11,2,FMV000921,921,1271.7700,1271.7700,1271.7700,644.8000,1,1,2026-08-24T00:00:00.000
922,20260628,20260614,146,61,74,373,494,11,3,FMV000922,922,1273.1400,1273.1400,1273.1400,645.5000,1,1,2026-08-24T00:00:00.000
923,20260608,20260813,204,234,123,162,47,7,1,FMV000923,923,1274.5100,1274.5100,1274.5100,646.2000,1,1,2026-08-24T00:00:00.000
924,20260710,20260708,93,176,358,17,280,1,5,FMV000924,924,1275.8800,1275.8800,1275.8800,646.9000,1,1,2026-08-24T00:00:00.000
925,20260607,20260807,153,169,13,475,138,16,2,FMV000925,925,1277.2500,1277.2500,1277.2500,647.6000,1,1,2026-08-24T00:00:00.000
926,20260721,20260611,48,188,361,262,409,19,5,FMV000926,926,1278.6200,1278.6200,1278.6200,648.3000,1,1,2026-08-24T00:00:00.000
927,20260529,20260713,307,340,203,12,268,2,5,FMV000927,927,1279.9900,1279.9900,1279.9900,649.0000,1,1,2026-08-24T00:00:00.000
928,20260619,20260823,452,22,204,70,132,1,2,FMV000928,928,1281.3600,1281.3600,1281.3600,649.7000,1,1,2026-08-24T00:00:00.000
929,20260703,20260702,425,322,13,236,190,1,1,FMV000929,929,1282.7300,1282.7300,1282.7300,650.4000,1,1,2026-08-24T00:00:00.000
930,20260711,20260602,3,327,194,96,491,4,1,FMV000930,930,1284.1000,1284.1000,1284.1000,651.1000,1,1,2026-08-24T00:00:00.000
931,20260717,20260701,30,3,364,201,38,15,3,FMV000931,931,1285.4700,1285.4700,1285.4700,651.8000,1,1,2026-08-24T00:00:00.000
932,20260805,20260702,457,260,163,21,124,7,2,FMV000932,932,1286.8400,1286.8400,1286.8400,652.5000,1,1,2026-08-24T00:00:00.000
933,20260821,20260529,457,316,70,306,61,19,5,FMV000933,933,1288.2100,1288.2100,1288.2100,653.2000,1,1,2026-08-24T00:00:00.000
934,20260614,20260627,49,223,203,148,59,7,2,FMV000934,934,1289.5800,1289.5800,1289.5800,653.9000,1,1,2026-08-24T00:00:00.000
935,20260603,20260629,378,196,-1,-1,77,15,5,FMV000935,935,1290.9500,1290.9500,1290.9500,654.6000,1,1,2026-08-24T00:00:00.000
936,20260527,20260819,487,331,433,102,118,1,1,FMV000936,936,1292.3200,1292.3200,1292.3200,655.3000,1,1,2026-08-24T00:00:00.000
937,20260811,20260820,458,34,255,464,272,20,3,FMV000937,937,1293.6900,1293.6900,1293.6900,656.0000,1,1,2026-08-24T00:00:00.000
938,20260606,20260605,46,8,230,463,125,8,2,FMV000938,938,1295.0600,1295.0600,1295.0600,656.7000,1,1,2026-08-24T00:00:00.000
939,20260616,20260629,444,76,335,319,231,15,4,FMV000939,939,1296.4300,1296.4300,1296.4300,657.4000,1,1,2026-08-24T00:00:00.000
940,20260714,20260821,181,11,105,150,7,15,1,FMV000940,940,1297.8000,1297.8000,1297.8000,658.1000,1,1,2026-08-24T00:00:00.000
941,20260824,20260619,186,342,284,307,289,1,2,FMV000941,941,1299.1700,1299.1700,1299.1700,658.8000,1,1,2026-08-24T00:00:00.000
942,20260606,20260612,42,200,131,391,33,17,3,FMV000942,942,1300.5400,1300.5400,1300.5400,659.5000,1,1,2026-08-24T00:00:00.000
943,20260705,20260811,180,14,147,484,492,3,1,FMV000943,943,1301.9100,1301.9100,1301.9100,660.2000,1,1,2026-08-24T00:00:00.000
944,20260707,20260705,220,74,22,38,359,12,5,FMV000944,944,1303.2800,1303.2800,1303.2800,660.9000,1,1,2026-08-24T00:00:00.000
945,20260709,20260810,446,71,350,192,213,5,5,FMV000945,945,1304.6500,1304.6500,1304.6500,661.6000,1,1,2026-08-24T00:00:00.000
946,20260723,20260617,52,111,225,190,178,11,3,FMV000946,946,1306.0200,1306.0200,1306.0200,662.3000,1,1,2026-08-24T00:00:00.000
947,20260603,20260613,10,18,42,191,119,15,3,FMV000947,947,1307.3900,1307.3900,1307.3900,663.0000,1,1,2026-08-24T00:00:00.000
948,20260819,20260816,233,100,231,483,169,10,1,FMV000948,948,1308.7600,1308.7600,1308.7600,663.7000,1,1,2026-08-24T00:00:00.000
949,20260720,20260606,245,35,130,284,87,20,2,FMV000949,949,1310.1300,1310.1300,1310.1300,664.4000,1,1,2026-08-24T00:00:00.000
950,20260721,20260729,484,48,33,309,224,16,1,FMV000950,950,1311.5000,1311.5000,1311.5000,665.1000,1,1,2026-08-24T00:00:00.000
951,20260806,20260713,8,17,124,85,434,2,5,FMV000951,951,1312.8700,1312.8700,1312.8700,665.8000,1,1,2026-08-24T00:00:00.000
952,20260730,20260624,479,161,-1,-1,158,14,3,FMV000952,952,1314.2400,1314.2400,1314.2400,666.5000,1,1,2026-08-24T00:00:00.000
953,20260624,20260605,257,32,188,255,398,12,5,FMV000953,953,1315.6100,1315.6100,1315.6100,667.2000,1,1,2026-08-24T00:00:00.000
954,20260801,20260708,193,113,189,323,437,17,1,FMV000954,954,1316.9800,1316.9800,1316.9800,667.9000,1,1,2026-08-24T00:00:00.000
955,20260724,20260801,1,101,134,235,127,7,2,FMV000955,955,1318.3500,1318.3500,1318.3500,668.6000,1,1,2026-08-24T00:00:00.000
956,20260812,20260615,441,38,207,94,106,8,1,FMV000956,956,1319.7200,1319.7200,1319.7200,669.3000,1,1,2026-08-24T00:00:00.000
957,20260720,20260822,26,181,56,333,349,16,5,FMV000957,957,1321.0900,1321.0900,1321.0900,670.0000,1,1,2026-08-24T00:00:00.000
958,20260720,20260609,434,165,238,187,303,11,5,FMV000958,958,1322.4600,1322.4600,1322.4600,670.7000,1,1,2026-08-24T00:00:00.000
959,20260812,20260807,102,187,176,331,155,2,4,FMV000959,959,1323.8300,1323.8300,1323.8300,671.4000,1,1,2026-08-24T00:00:00.000
960,20260801,20260619,261,31,172,208,3,10,1,FMV000960,960,1325.2000,1325.2000,1325.2000,672.1000,1,1,2026-08-24T00:00:00.000
961,20260613,20260726,75,5,171,294,246,3,1,FMV000961,961,1326.5700,1326.5700,1326.5700,672.8000,1,1,2026-08-24T00:00:00.000
962,20260808,20260625,300,59,145,139,439,7,4,FMV000962,962,1327.9400,1327.9400,1327.9400,673.5000,1,1,2026-08-24T00:00:00.000
963,20260808,20260528,416,215,57,165,110,15,4,FMV000963,963,1329.3100,1329.3100,1329.3100,674.2000,1,1,2026-08-24T00:00:00.000
964,20260628,20260703,115,104,211,17,291,3,4,FMV000964,964,1330.6800,1330.6800,1330.6800,674.9000,1,1,2026-08-24T00:00:00.000
965,20260723,20260802,330,265,146,29,161,19,5,FMV000965,965,1332.0500,1332.0500,1332.0500,675.6000,1,1,2026-08-24T00:00:00.000
966,20260610,20260625,458,100,91,45,322,6,5,FMV000966,966,1333.4200,1333.4200,1333.4200,676.3000,1,1,2026-08-24T00:00:00.000
967,20260726,20260628,323,266,331,497,41,1,5,FMV000967,967,1334.7900,1334.7900,1334.7900,677.0000,1,1,2026-08-24T00:00:00.000
968,20260817,20260723,14,159,186,222,44,9,2,FMV000968,968,1336.1600,1336.1600,1336.1600,677.7000,1,1,2026-08-24T00:00:00.000
969,20260820,20260619,48,156,-1,-1,329,10,4,FMV000969,969,1337.5300,1337.5300,1337.5300,678.4000,1,1,2026-08-24T00:00:00.000
970,20260714,20260821,403,125,161,248,17,17,2,FMV000970,970,1338.9000,1338.9000,1338.9000,679.1000,1,1,2026-08-24T00:00:00.000
971,20260605,20260816,286,7,130,78,266,6,2,FMV000971,971,1340.2700,1340.2700,1340.2700,679.8000,1,1,2026-08-24T00:00:00.000
972,20260613,20260607,322,22,129,260,297,12,3,FMV000972,972,1341.6400,1341.6400,1341.6400,680.5000,1,1,2026-08-24T00:00:00.000
973,20260729,20260809,478,122,209,170,342,11,1,FMV000973,973,1343.0100,1343.0100,1343.0100,681.2000,1,1,2026-08-24T00:00:00.000
974,20260815,20260710,165,66,382,419,144,12,2,FMV000974,974,1344.3800,1344.3800,1344.3800,681.9000,1,1,2026-08-24T00:00:00.000
975,20260701,20260720,76,239,496,386,146,18,4,FMV000975,975,1345.7500,1345.7500,1345.7500,682.6000,1,1,2026-08-24T00:00:00.000
976,20260822,20260610,83,256,459,117,140,9,4,FMV000976,976,1347.1200,1347.1200,1347.1200,683.3000,1,1,2026-08-24T00:00:00.000
977,20260616,20260819,285,171,51,496,479,2,2,FMV000977,977,1348.4900,1348.4900,1348.4900,684.0000,1,1,2026-08-24T00:00:00.000
978,20260805,20260715,343,35,239,24,5,14,2,FMV000978,978,1349.8600,1349.8600,1349.8600,684.7000,1,1,2026-08-24T00:00:00.000
979,20260619,20260623,68,164,438,226,32,14,1,FMV000979,979,1351.2300,1351.2300,1351.2300,685.4000,1,1,2026-08-24T00:00:00.000
980,20260809,20260529,332,125,72,64,36,9,2,FMV000980,980,1352.6000,1352.6000,1352.6000,686.1000,1,1,2026-08-24T00:00:00.000
981,20260613,20260728,77,205,110,374,23,6,4,FMV000981,981,1353.9700,1353.9700,1353.9700,686.8000,1,1,2026-08-24T00:00:00.000
982,20260621,20260704,134,85,164,103,317,17,4,FMV000982,982,1355.3400,1355.3400,1355.3400,687.5000,1,1,2026-08-24T00:00:00.000
983,20260528,20260605,88,47,443,110,384,3,3,FMV000983,983,1356.7100,1356.7100,1356.7100,688.2000,1,1,2026-08-24T00:00:00.000
984,20260702,20260609,253,336,456,149,304,11,2,FMV000984,984,1358.0800,1358.0800,1358.0800,688.9000,1,1,2026-08-24T00:00:00.000
985,20260813,20260627,181,344,475,462,445,15,5,FMV000985,985,1359.4500,1359.4500,1359.4500,689.6000,1,1,2026-08-24T00:00:00.000
986,20260802,20260702,272,287,-1,-1,164,15,3,FMV000986,986,1360.8200,1360.8200,1360.8200,690.3000,1,1,2026-08-24T00:00:00.000
987,20260814,20260721,6,53,470,212,247,9,1,FMV000987,987,1362.1900,1362.1900,1362.1900,691.0000,1,1,2026-08-24T00:00:00.000
988,20260720,20260815,42,285,180,195,441,10,1,FMV000988,988,1363.5600,1363.5600,1363.5600,691.7000,1,1,2026-08-24T00:00:00.000
989,20260817,20260807,403,170,187,500,8,17,5,FMV000989,989,1364.9300,1364.9300,1364.9300,692.4000,1,1,2026-08-24T00:00:00.000
990,20260621,20260610,315,86,71,460,162,6,5,FMV000990,990,1366.3000,1366.3000,1366.3000,693.1000,1,1,2026-08-24T00:00:00.000
991,20260708,20260701,281,105,407,153,480,3,3,FMV000991,991,1367.6700,1367.6700,1367.6700,693.8000,1,1,2026-08-24T00:00:00.000
992,20260605,20260811,189,222,66,479,477,16,5,FMV000992,992,1369.0400,1369.0400,1369.0400,694.5000,1,1,2026-08-24T00:00:00.000
993,20260529,20260820,238,207,30,152,251,11,5,FMV000993,993,1370.4100,1370.4100,1370.4100,695.2000,1,1,2026-08-24T00:00:00.000
994,20260615,20260617,327,7,162,255,474,14,3,FMV000994,994,1371.7800,1371.7800,1371.7800,695.9000,1,1,2026-08-24T00:00:00.000
995,20260823,20260527,373,214,376,362,73,14,5,FMV000995,995,1373.1500,1373.1500,1373.1500,696.6000,1,1,2026-08-24T00:00:00.000
996,20260707,20260812,194,186,267,1,217,12,4,FMV000996,996,1374.5200,1374.5200,1374.5200,697.3000,1,1,2026-08-24T00:00:00.000
997,20260713,20260627,242,77,14,334,79,13,5,FMV000997,997,1375.8900,1375.8900,1375.8900,698.0000,1,1,2026-08-24T00:00:00.000
998,20260617,20260719,362,225,228,464,11,9,2,FMV000998,998,1377.2600,1377.2600,1377.2600,698.7000,1,1,2026-08-24T00:00:00.000
999,20260731,20260530,318,42,409,135,310,6,4,FMV000999,999,1378.6300,1378.6300,1378.6300,699.4000,1,1,2026-08-24T00:00:00.000
1000,20260806,20260724,268,64,352,44,64,11,1,FMV001000,1000,1380.0000,1380.0000,1380.0000,700.1000,1,1,2026-08-24T00:00:00.000
1001,20260704,20260603,55,79,294,351,31,17,2,FMV001001,1001,1381.3700,1381.3700,1381.3700,700.8000,1,1,2026-08-24T00:00:00.000
1002,20260724,20260624,319,62,141,415,362,6,5,FMV001002,1002,1382.7400,1382.7400,1382.7400,701.5000,1,1,2026-08-24T00:00:00.000
1003,20260716,20260712,393,163,-1,-1,191,11,5,FMV001003,1003,1384.1100,1384.1100,1384.1100,702.2000,1,1,2026-08-24T00:00:00.000
1004,20260705,20260805,362,288,381,127,9,20,2,FMV001004,1004,1385.4800,1385.4800,1385.4800,702.9000,1,1,2026-08-24T00:00:00.000
1005,20260710,20260615,456,4,334,236,206,3,4,FMV001005,1005,1386.8500,1386.8500,1386.8500,703.6000,1,1,2026-08-24T00:00:00.000
1006,20260604,20260719,429,74,382,36,87,4,3,FMV001006,1006,1388.2200,1388.2200,1388.2200,704.3000,1,1,2026-08-24T00:00:00.000
1007,20260814,20260731,38,68,138,148,353,5,5,FMV001007,1007,1389.5900,1389.5900,1389.5900,705.0000,1,1,2026-08-24T00:00:00.000
1008,20260726,20260624,179,340,1,409,231,9,5,FMV001008,1008,1390.9600,1390.9600,1390.9600,705.7000,1,1,2026-08-24T00:00:00.000
1009,20260527,20260824,173,90,335,423,266,15,2,FMV001009,1009,1392.3300,1392.3300,1392.3300,706.4000,1,1,2026-08-24T00:00:00.000
1010,20260605,20260613,60,345,143,39,417,16,5,FMV001010,1010,1393.7000,1393.7000,1393.7000,707.1000,1,1,2026-08-24T00:00:00.000
1011,20260812,20260711,98,126,132,477,392,11,3,FMV001011,1011,1395.0700,1395.0700,1395.0700,707.8000,1,1,2026-08-24T00:00:00.000
1012,20260812,20260810,496,106,119,457,196,18,3,FMV001012,1012,1396.4400,1396.4400,1396.4400,708.5000,1,1,2026-08-24T00:00:00.000
1013,20260729,20260529,416,195,483,76,271,18,3,FMV001013,1013,1397.8100,1397.8100,1397.8100,709.2000,1,1,2026-08-24T00:00:00.000
1014,20260607,20260530,157,182,49,372,460,8,5,FMV001014,1014,1399.1800,1399.1800,1399.1800,709.9000,1,1,2026-08-24T00:00:00.000
1015,20260625,20260726,84,20,21,407,341,7,2,FMV001015,1015,1400.5500,1400.5500,1400.5500,710.6000,1,1,2026-08-24T00:00:00.000
1016,20260630,20260606,14,273,71,415,271,3,5,FMV001016,1016,1401.9200,1401.9200,1401.9200,711.3000,1,1,2026-08-24T00:00:00.000
1017,20260806,20260725,70,72,111,174,69,16,2,FMV001017,1017,1403.2900,1403.2900,1403.2900,712.0000,1,1,2026-08-24T00:00:00.000
1018,20260712,20260619,417,67,269,283,439,19,3,FMV001018,1018,1404.6600,1404.6600,1404.6600,712.7000,1,1,2026-08-24T00:00:00.000
1019,20260527,20260814,470,210,245,215,85,8,1,FMV001019,1019,1406.0300,1406.0300,1406.0300,713.4000,1,1,2026-08-24T00:00:00.000
1020,20260723,20260620,189,242,-1,-1,196,13,3,FMV001020,1020,1407.4000,1407.4000,1407.4000,714.1000,1,1,2026-08-24T00:00:00.000
1021,20260730,20260801,103,336,425,218,464,16,4,FMV001021,1021,1408.7700,1408.7700,1408.7700,714.8000,1,1,2026-08-24T00:00:00.000
1022,20260609,20260820,340,109,286,301,485,9,3,FMV001022,1022,1410.1400,1410.1400,1410.1400,715.5000,1,1,2026-08-24T00:00:00.000
1023,20260808,20260716,167,199,164,303,298,16,1,FMV001023,1023,1411.5100,1411.5100,1411.5100,716.2000,1,1,2026-08-24T00:00:00.000
1024,20260725,20260724,260,229,400,463,41,1,5,FMV001024,1024,1412.8800,1412.8800,1412.8800,716.9000,1,1,2026-08-24T00:00:00.000
1025,20260621,20260614,113,311,328,61,489,6,4,FMV001025,1025,1414.2500,1414.2500,1414.2500,717.6000,1,1,2026-08-24T00:00:00.000
1026,20260723,20260706,360,32,287,211,182,15,4,FMV001026,1026,1415.6200,1415.6200,1415.6200,718.3000,1,1,2026-08-24T00:00:00.000
1027,20260709,20260824,151,119,496,353,32,12,5,FMV001027,1027,1416.9900,1416.9900,1416.9900,719.0000,1,1,2026-08-24T00:00:00.000
1028,20260603,20260629,65,123,274,201,406,15,5,FMV001028,1028,1418.3600,1418.3600,1418.3600,719.7000,1,1,2026-08-24T00:00:00.000
1029,20260814,20260729,98,180,253,265,264,20,4,FMV001029,1029,1419.7300,1419.7300,1419.7300,720.4000,1,1,2026-08-24T00:00:00.000
1030,20260803,20260622,433,187,478,432,298,6,3,FMV001030,1030,1421.1000,1421.1000,1421.1000,721.1000,1,1,2026-08-24T00:00:00.000
1031,20260707,20260715,230,295,136,228,261,12,4,FMV001031,1031,1422.4700,1422.4700,1422.4700,721.8000,1,1,2026-08-24T00:00:00.000
1032,20260819,20260614,18,45,245,275,144,12,4,FMV001032,1032,1423.8400,1423.8400,1423.8400,722.5000,1,1,2026-08-24T00:00:00.000
1033,20260624,20260615,442,137,140,276,45,15,3,FMV001033,1033,1425.2100,1425.2100,1425.2100,723.2000,1,1,2026-08-24T00:00:00.000
1034,20260726,20260618,310,321,432,29,494,3,1,FMV001034,1034,1426.5800,1426.5800,1426.5800,723.9000,1,1,2026-08-24T00:00:00.000
1035,20260814,20260816,443,125,237,483,372,10,3,FMV001035,1035,1427.9500,1427.9500,1427.9500,724.6000,1,1,2026-08-24T00:00:00.000
1036,20260609,20260602,452,44,441,365,3,5,2,FMV001036,1036,1429.3200,1429.3200,1429.3200,725.3000,1,1,2026-08-24T00:00:00.000
1037,20260613,20260809,283,149,-1,-1,437,19,3,FMV001037,1037,1430.6900,1430.6900,1430.6900,726.0000,1,1,2026-08-24T00:00:00.000
1038,20260820,20260803,295,62,462,369,153,20,4,FMV001038,1038,1432.0600,1432.0600,1432.0600,726.7000,1,1,2026-08-24T00:00:00.000
1039,20260603,20260623,94,280,338,139,428,7,2,FMV001039,1039,1433.4300,1433.4300,1433.4300,727.4000,1,1,2026-08-24T00:00:00.000
1040,20260703,20260722,239,151,392,367,166,17,5,FMV001040,1040,1434.8000,1434.8000,1434.8000,728.1000,1,1,2026-08-24T00:00:00.000
1041,20260823,20260818,399,151,165,75,296,16,3,FMV001041,1041,1436.1700,1436.1700,1436.1700,728.8000,1,1,2026-08-24T00:00:00.000
1042,20260801,20260708,251,307,416,156,240,3,4,FMV001042,1042,1437.5400,1437.5400,1437.5400,729.5000,1,1,2026-08-24T00:00:00.000
1043,20260710,20260709,60,77,332,349,86,11,5,FMV001043,1043,1438.9100,1438.9100,1438.9100,730.2000,1,1,2026-08-24T00:00:00.000
1044,20260721,20260809,396,140,445,84,423,8,1,FMV001044,1044,1440.2800,1440.2800,1440.2800,730.9000,1,1,2026-08-24T00:00:00.000
1045,20260711,20260728,232,185,38,42,321,10,1,FMV001045,1045,1441.6500,1441.6500,1441.6500,731.6000,1,1,2026-08-24T00:00:00.000
1046,20260703,20260723,211,198,154,298,64,3,2,FMV001046,1046,1443.0200,1443.0200,1443.0200,732.3000,1,1,2026-08-24T00:00:00.000
1047,20260717,20260623,371,237,342,353,345,17,1,FMV001047,1047,1444.3900,1444.3900,1444.3900,733.0000,1,1,2026-08-24T00:00:00.000
1048,20260718,20260627,123,128,251,285,382,6,4,FMV001048,1048,1445.7600,1445.7600,1445.7600,733.7000,1,1,2026-08-24T00:00:00.000
1049,20260811,20260603,370,269,120,68,439,11,3,FMV001049,1049,1447.1300,1447.1300,1447.1300,734.4000,1,1,2026-08-24T00:00:00.000
1050,20260616,20260804,263,96,58,19,295,16,4,FMV001050,1050,1448.5000,1448.5000,1448.5000,735.1000,1,1,2026-08-24T00:00:00.000
1051,20260807,20260723,162,317,340,176,383,14,4,FMV001051,1051,1449.8700,1449.8700,1449.8700,735.8000,1,1,2026-08-24T00:00:00.000
1052,20260527,20260821,195,57,243,336,290,6,2,FMV001052,1052,1451.2400,1451.2400,1451.2400,736.5000,1,1,2026-08-24T00:00:00.000
1053,20260618,20260618,482,68,473,367,408,17,3,FMV001053,1053,1452.6100,1452.6100,1452.6100,737.2000,1,1,2026-08-24T00:00:00.000
1054,20260811,20260607,165,317,-1,-1,60,5,5,FMV001054,1054,1453.9800,1453.9800,1453.9800,737.9000,1,1,2026-08-24T00:00:00.000
1055,20260723,20260716,193,171,342,408,9,16,2,FMV001055,1055,1455.3500,1455.3500,1455.3500,738.6000,1,1,2026-08-24T00:00:00.000
1056,20260726,20260709,115,240,171,31,372,14,3,FMV001056,1056,1456.7200,1456.7200,1456.7200,739.3000,1,1,2026-08-24T00:00:00.000
1057,20260603,20260629,376,231,457,247,113,2,1,FMV001057,1057,1458.0900,1458.0900,1458.0900,740.0000,1,1,2026-08-24T00:00:00.000
1058,20260806,20260630,449,164,291,488,198,19,3,FMV001058,1058,1459.4600,1459.4600,1459.4600,740.7000,1,1,2026-08-24T00:00:00.000
1059,20260813,20260817,106,136,232,443,359,19,5,FMV001059,1059,1460.8300,1460.8300,1460.8300,741.4000,1,1,2026-08-24T00:00:00.000
1060,20260614,20260716,22,187,347,361,249,17,1,FMV001060,1060,1462.2000,1462.2000,1462.2000,742.1000,1,1,2026-08-24T00:00:00.000
1061,20260609,20260729,33,37,230,318,218,16,5,FMV001061,1061,1463.5700,1463.5700,1463.5700,742.8000,1,1,2026-08-24T00:00:00.000
1062,20260615,20260725,115,87,15,317,389,11,1,FMV001062,1062,1464.9400,1464.9400,1464.9400,743.5000,1,1,2026-08-24T00:00:00.000
1063,20260714,20260613,319,105,100,191,80,13,3,FMV001063,1063,1466.3100,1466.3100,1466.3100,744.2000,1,1,2026-08-24T00:00:00.000
1064,20260819,20260710,177,230,77,382,312,13,2,FMV001064,1064,1467.6800,1467.6800,1467.6800,744.9000,1,1,2026-08-24T00:00:00.000
1065,20260822,20260801,351,103,397,203,168,18,4,FMV001065,1065,1469.0500,1469.0500,1469.0500,745.6000,1,1,2026-08-24T00:00:00.000
1066,20260822,20260609,430,309,229,292,401,6,5,FMV001066,1066,1470.4200,1470.4200,1470.4200,746.3000,1,1,2026-08-24T00:00:00.000
1067,20260608,20260819,362,147,334,453,97,9,4,FMV001067,1067,1471.7900,1471.7900,1471.7900,747.0000,1,1,2026-08-24T00:00:00.000
1068,20260726,20260612,446,117,271,216,391,15,5,FMV001068,1068,1473.1600,1473.1600,1473.1600,747.7000,1,1,2026-08-24T00:00:00.000
1069,20260817,20260721,96,123,378,375,311,8,3,FMV001069,1069,1474.5300,1474.5300,1474.5300,748.4000,1,1,2026-08-24T00:00:00.000
1070,20260604,20260611,482,294,410,100,42,5,1,FMV001070,1070,1475.9000,1475.9000,1475.9000,749.1000,1,1,2026-08-24T00:00:00.000
1071,20260531,20260807,195,107,-1,-1,184,19,4,FMV001071,1071,1477.2700,1477.2700,1477.2700,749.8000,1,1,2026-08-24T00:00:00.000
1072,20260721,20260721,110,210,159,273,340,6,4,FMV001072,1072,1478.6400,1478.6400,1478.6400,750.5000,1,1,2026-08-24T00:00:00.000
1073,20260614,20260602,463,177,68,196,460,4,4,FMV001073,1073,1480.0100,1480.0100,1480.0100,751.2000,1,1,2026-08-24T00:00:00.000
1074,20260707,20260604,219,130,204,290,66,5,1,FMV001074,1074,1481.3800,1481.3800,1481.3800,751.9000,1,1,2026-08-24T00:00:00.000
1075,20260530,20260719,46,88,358,201,63,16,4,FMV001075,1075,1482.7500,1482.7500,1482.7500,752.6000,1,1,2026-08-24T00:00:00.000
1076,20260610,20260726,201,59,5,195,136,6,2,FMV001076,1076,1484.1200,1484.1200,1484.1200,753.3000,1,1,2026-08-24T00:00:00.000
1077,20260730,20260730,315,254,89,28,206,1,1,FMV001077,1077,1485.4900,1485.4900,1485.4900,754.0000,1,1,2026-08-24T00:00:00.000
1078,20260811,20260730,275,345,426,454,87,13,5,FMV001078,1078,1486.8600,1486.8600,1486.8600,754.7000,1,1,2026-08-24T00:00:00.000
1079,20260805,20260609,53,305,436,21,387,16,3,FMV001079,1079,1488.2300,1488.2300,1488.2300,755.4000,1,1,2026-08-24T00:00:00.000
1080,20260703,20260812,138,60,406,170,87,16,4,FMV001080,1080,1489.6000,1489.6000,1489.6000,756.1000,1,1,2026-08-24T00:00:00.000
1081,20260721,20260720,145,170,491,302,282,7,5,FMV001081,1081,1490.9700,1490.9700,1490.9700,756.8000,1,1,2026-08-24T00:00:00.000
1082,20260704,20260628,344,211,94,294,487,13,4,FMV001082,1082,1492.3400,1492.3400,1492.3400,757.5000,1,1,2026-08-24T00:00:00.000
1083,20260816,20260702,263,152,92,404,148,13,4,FMV001083,1083,1493.7100,1493.7100,1493.7100,758.2000,1,1,2026-08-24T00:00:00.000
1084,20260610,20260603,292,293,473,360,309,8,1,FMV001084,1084,1495.0800,1495.0800,1495.0800,758.9000,1,1,2026-08-24T00:00:00.000
1085,20260817,20260630,447,298,436,396,206,7,4,FMV001085,1085,1496.4500,1496.4500,1496.4500,759.6000,1,1,2026-08-24T00:00:00.000
1086,20260707,20260626,227,221,100,37,49,11,1,FMV001086,1086,1497.8200,1497.8200,1497.8200,760.3000,1,1,2026-08-24T00:00:00.000
1087,20260730,20260708,209,26,429,60,311,16,3,FMV001087,1087,1499.1900,1499.1900,1499.1900,761.0000,1,1,2026-08-24T00:00:00.000
1088,20260730,20260612,325,21,-1,-1,136,19,2,FMV001088,1088,1500.5600,1500.5600,1500.5600,761.7000,1,1,2026-08-24T00:00:00.000
1089,20260814,20260809,490,195,283,454,296,17,2,FMV001089,1089,1501.9300,1501.9300,1501.9300,762.4000,1,1,2026-08-24T00:00:00.000
1090,20260812,20260609,341,287,446,425,262,4,4,FMV001090,1090,1503.3000,1503.3000,1503.3000,763.1000,1,1,2026-08-24T00:00:00.000
1091,20260703,20260613,227,273,499,223,419,7,4,FMV001091,1091,1504.6700,1504.6700,1504.6700,763.8000,1,1,2026-08-24T00:00:00.000
1092,20260823,20260821,200,334,279,380,302,19,5,FMV001092,1092,1506.0400,1506.0400,1506.0400,764.5000,1,1,2026-08-24T00:00:00.000
1093,20260813,20260602,82,32,337,132,427,3,5,FMV001093,1093,1507.4100,1507.4100,1507.4100,765.2000,1,1,2026-08-24T00:00:00.000
1094,20260727,20260731,233,269,132,255,146,3,5,FMV001094,1094,1508.7800,1508.7800,1508.7800,765.9000,1,1,2026-08-24T00:00:00.000
1095,20260820,20260628,132,186,156,411,142,14,3,FMV001095,1095,1510.1500,1510.1500,1510.1500,766.6000,1,1,2026-08-24T00:00:00.000
1096,20260702,20260628,327,188,105,281,395,17,5,FMV001096,1096,1511.5200,1511.5200,1511.5200,767.3000,1,1,2026-08-24T00:00:00.000
1097,20260817,20260804,445,275,389,86,184,2,5,FMV001097,1097,1512.8900,1512.8900,1512.8900,768.0000,1,1,2026-08-24T00:00:00.000
1098,20260804,20260702,12,100,90,231,483,1,4,FMV001098,1098,1514.2600,1514.2600,1514.2600,768.7000,1,1,2026-08-24T00:00:00.000
1099,20260731,20260821,14,319,441,465,412,15,5,FMV001099,1099,1515.6300,1515.6300,1515.6300,769.4000,1,1,2026-08-24T00:00:00.000
1100,20260711,20260618,182,74,489,420,11,5,2,FMV001100,1100,1517.0000,1517.0000,1517.0000,770.1000,1,1,2026-08-24T00:00:00.000
1101,20260602,20260810,175,156,206,87,126,5,3,FMV001101,1101,1518.3700,1518.3700,1518.3700,770.8000,1,1,2026-08-24T00:00:00.000
1102,20260714,20260605,497,249,291,199,356,14,5,FMV001102,1102,1519.7400,1519.7400,1519.7400,771.5000,1,1,2026-08-24T00:00:00.000
1103,20260613,20260730,1,113,287,12,427,7,4,FMV001103,1103,1521.1100,1521.1100,1521.1100,772.2000,1,1,2026-08-24T00:00:00.000
1104,20260615,20260628,273,251,37,411,453,6,5,FMV001104,1104,1522.4800,1522.4800,1522.4800,772.9000,1,1,2026-08-24T00:00:00.000
1105,20260801,20260624,396,30,-1,-1,315,7,3,FMV001105,1105,1523.8500,1523.8500,1523.8500,773.6000,1,1,2026-08-24T00:00:00.000
1106,20260819,20260616,285,1,370,138,129,18,3,FMV001106,1106,1525.2200,1525.2200,1525.2200,774.3000,1,1,2026-08-24T00:00:00.000
1107,20260724,20260714,309,145,100,300,303,12,3,FMV001107,1107,1526.5900,1526.5900,1526.5900,775.0000,1,1,2026-08-24T00:00:00.000
1108,20260624,20260706,108,232,262,49,312,1,3,FMV001108,1108,1527.9600,1527.9600,1527.9600,775.7000,1,1,2026-08-24T00:00:00.000
1109,20260802,20260724,52,109,179,450,239,1,4,FMV001109,1109,1529.3300,1529.3300,1529.3300,776.4000,1,1,2026-08-24T00:00:00.000
1110,20260720,20260810,409,323,232,358,117,17,5,FMV001110,1110,1530.7000,1530.7000,1530.7000,777.1000,1,1,2026-08-24T00:00:00.000
1111,20260530,20260808,19,207,426,190,266,11,3,FMV001111,1111,1532.0700,1532.0700,1532.0700,777.8000,1,1,2026-08-24T00:00:00.000
1112,20260808,20260724,347,260,93,439,436,18,4,FMV001112,1112,1533.4400,1533.4400,1533.4400,778.5000,1,1,2026-08-24T00:00:00.000
1113,20260705,20260817,272,242,415,279,100,5,2,FMV001113,1113,1534.8100,1534.8100,1534.8100,779.2000,1,1,2026-08-24T00:00:00.000
1114,20260616,20260703,444,92,284,238,476,9,3,FMV001114,1114,1536.1800,1536.1800,1536.1800,779.9000,1,1,2026-08-24T00:00:00.000
1115,20260731,20260603,65,212,283,214,279,13,3,FMV001115,1115,1537.5500,1537.5500,1537.5500,780.6000,1,1,2026-08-24T00:00:00.000
1116,20260620,20260801,417,227,213,48,300,18,3,FMV001116,1116,1538.9200,1538.9200,1538.9200,781.3000,1,1,2026-08-24T00:00:00.000
1117,20260528,20260609,497,294,132,485,195,9,3,FMV001117,1117,1540.2900,1540.2900,1540.2900,782.0000,1,1,2026-08-24T00:00:00.000
1118,20260530,20260727,176,348,195,403,495,20,2,FMV001118,1118,1541.6600,1541.6600,1541.6600,782.7000,1,1,2026-08-24T00:00:00.000
1119,20260530,20260624,438,157,118,39,320,6,4,FMV001119,1119,1543.0300,1543.0300,1543.0300,783.4000,1,1,2026-08-24T00:00:00.000
1120,20260722,20260821,253,116,273,387,112,8,3,FMV001120,1120,1544.4000,1544.4000,1544.4000,784.1000,1,1,2026-08-24T00:00:00.000
1121,20260702,20260803,284,75,349,380,375,12,5,FMV001121,1121,1545.7700,1545.7700,1545.7700,784.8000,1,1,2026-08-24T00:00:00.000
1122,20260617,20260616,482,47,-1,-1,454,8,3,FMV001122,1122,1547.1400,1547.1400,1547.1400,785.5000,1,1,2026-08-24T00:00:00.000
1123,20260620,20260724,425,45,351,323,388,14,3,FMV001123,1123,1548.5100,1548.5100,1548.5100,786.2000,1,1,2026-08-24T00:00:00.000
1124,20260721,20260701,167,280,378,426,162,17,3,FMV001124,1124,1549.8800,1549.8800,1549.8800,786.9000,1,1,2026-08-24T00:00:00.000
1125,20260619,20260711,362,64,309,296,445,14,2,FMV001125,1125,1551.2500,1551.2500,1551.2500,787.6000,1,1,2026-08-24T00:00:00.000
1126,20260624,20260609,332,29,202,424,216,10,5,FMV001126,1126,1552.6200,1552.6200,1552.6200,788.3000,1,1,2026-08-24T00:00:00.000
1127,20260707,20260530,119,46,268,231,299,11,2,FMV001127,1127,1553.9900,1553.9900,1553.9900,789.0000,1,1,2026-08-24T00:00:00.000
1128,20260609,20260615,169,43,185,190,88,14,5,FMV001128,1128,1555.3600,1555.3600,1555.3600,789.7000,1,1,2026-08-24T00:00:00.000
1129,20260811,20260724,289,238,229,355,283,3,4,FMV001129,1129,1556.7300,1556.7300,1556.7300,790.4000,1,1,2026-08-24T00:00:00.000
1130,20260721,20260809,65,215,68,254,110,7,1,FMV001130,1130,1558.1000,1558.1000,1558.1000,791.1000,1,1,2026-08-24T00:00:00.000
1131,20260802,20260602,151,337,82,56,179,3,3,FMV001131,1131,1559.4700,1559.4700,1559.4700,791.8000,1,1,2026-08-24T00:00:00.000
1132,20260622,20260530,236,50,352,140,410,2,1,FMV001132,1132,1560.8400,1560.8400,1560.8400,792.5000,1,1,2026-08-24T00:00:00.000
1133,20260718,20260601,40,43,329,489,38,11,5,FMV001133,1133,1562.2100,1562.2100,1562.2100,793.2000,1,1,2026-08-24T00:00:00.000
1134,20260629,20260529,133,307,189,225,333,2,1,FMV001134,1134,1563.5800,1563.5800,1563.5800,793.9000,1,1,2026-08-24T00:00:00.000
1135,20260529,20260608,378,313,197,5,312,16,4,FMV001135,1135,1564.9500,1564.9500,1564.9500,794.6000,1,1,2026-08-24T00:00:00.000
1136,20260701,20260711,300,259,481,89,493,11,1,FMV001136,1136,1566.3200,1566.3200,1566.3200,795.3000,1,1,2026-08-24T00:00:00.000
1137,20260816,20260530,58,144,30,473,11,18,4,FMV001137,1137,1567.6900,1567.6900,1567.6900,796.0000,1,1,2026-08-24T00:00:00.000
1138,20260720,20260713,256,151,140,8,310,15,3,FMV001138,1138,1569.0600,1569.0600,1569.0600,796.7000,1,1,2026-08-24T00:00:00.000
1139,20260608,20260608,234,50,-1,-1,173,8,5,FMV001139,1139,1570.4300,1570.4300,1570.4300,797.4000,1,1,2026-08-24T00:00:00.000
1140,20260714,20260702,285,121,325,166,110,5,3,FMV001140,1140,1571.8000,1571.8000,1571.8000,798.1000,1,1,2026-08-24T00:00:00.000
1141,20260803,20260618,326,201,459,409,356,15,2,FMV001141,1141,1573.1700,1573.1700,1573.1700,798.8000,1,1,2026-08-24T00:00:00.000
1142,20260627,20260726,469,189,298,442,210,6,4,FMV001142,1142,1574.5400,1574.5400,1574.5400,799.5000,1,1,2026-08-24T00:00:00.000
1143,20260806,20260806,284,281,216,118,254,2,4,FMV001143,1143,1575.9100,1575.9100,1575.9100,800.2000,1,1,2026-08-24T00:00:00.000
1144,20260718,20260812,286,270,378,257,239,15,5,FMV001144,1144,1577.2800,1577.2800,1577.2800,800.9000,1,1,2026-08-24T00:00:00.000
1145,20260719,20260615,405,322,47,447,232,19,4,FMV001145,1145,1578.6500,1578.6500,1578.6500,801.6000,1,1,2026-08-24T00:00:00.000
1146,20260725,20260616,444,337,428,114,473,6,3,FMV001146,1146,1580.0200,1580.0200,1580.0200,802.3000,1,1,2026-08-24T00:00:00.000
1147,20260602,20260804,385,253,76,339,277,7,5,FMV001147,1147,1581.3900,1581.3900,1581.3900,803.0000,1,1,2026-08-24T00:00:00.000
1148,20260724,20260719,133,71,187,239,76,6,4,FMV001148,1148,1582.7600,1582.7600,1582.7600,803.7000,1,1,2026-08-24T00:00:00.000
1149,20260813,20260705,427,256,211,309,61,13,1,FMV001149,1149,1584.1300,1584.1300,1584.1300,804.4000,1,1,2026-08-24T00:00:00.000
1150,20260614,20260701,162,273,221,446,15,13,3,FMV001150,1150,1585.5000,1585.5000,1585.5000,805.1000,1,1,2026-08-24T00:00:00.000
1151,20260707,20260611,177,174,295,180,88,8,4,FMV001151,1151,1586.8700,1586.8700,1586.8700,805.8000,1,1,2026-08-24T00:00:00.000
1152,20260815,20260617,136,95,462,485,465,2,2,FMV001152,1152,1588.2400,1588.2400,1588.2400,806.5000,1,1,2026-08-24T00:00:00.000
1153,20260706,20260809,22,350,314,347,70,5,4,FMV001153,1153,1589.6100,1589.6100,1589.6100,807.2000,1,1,2026-08-24T00:00:00.000
1154,20260701,20260606,498,100,296,201,387,2,1,FMV001154,1154,1590.9800,1590.9800,1590.9800,807.9000,1,1,2026-08-24T00:00:00.000
1155,20260824,20260725,404,314,78,450,154,11,1,FMV001155,1155,1592.3500,1592.3500,1592.3500,808.6000,1,1,2026-08-24T00:00:00.000
1156,20260728,20260630,271,17,-1,-1,110,5,3,FMV001156,1156,1593.7200,1593.7200,1593.7200,809.3000,1,1,2026-08-24T00:00:00.000
1157,20260724,20260713,23,11,285,486,76,10,1,FMV001157,1157,1595.0900,1595.0900,1595.0900,810.0000,1,1,2026-08-24T00:00:00.000
1158,20260801,20260605,324,240,244,322,488,1,3,FMV001158,1158,1596.4600,1596.4600,1596.4600,810.7000,1,1,2026-08-24T00:00:00.000
1159,20260702,20260624,136,148,31,95,479,10,1,FMV001159,1159,1597.8300,1597.8300,1597.8300,811.4000,1,1,2026-08-24T00:00:00.000
1160,20260820,20260527,212,8,27,170,500,5,1,FMV001160,1160,1599.2000,1599.2000,1599.2000,812.1000,1,1,2026-08-24T00:00:00.000
1161,20260611,20260629,205,44,217,25,185,10,4,FMV001161,1161,1600.5700,1600.5700,1600.5700,812.8000,1,1,2026-08-24T00:00:00.000
1162,20260725,20260707,459,272,145,393,261,13,4,FMV001162,1162,1601.9400,1601.9400,1601.9400,813.5000,1,1,2026-08-24T00:00:00.000
1163,20260717,20260719,459,260,261,350,159,5,2,FMV001163,1163,1603.3100,1603.3100,1603.3100,814.2000,1,1,2026-08-24T00:00:00.000
1164,20260726,20260725,299,258,149,375,342,15,3,FMV001164,1164,1604.6800,1604.6800,1604.6800,814.9000,1,1,2026-08-24T00:00:00.000
1165,20260627,20260720,341,219,10,50,499,8,1,FMV001165,1165,1606.0500,1606.0500,1606.0500,815.6000,1,1,2026-08-24T00:00:00.000
1166,20260612,20260613,160,330,202,249,64,12,5,FMV001166,1166,1607.4200,1607.4200,1607.4200,816.3000,1,1,2026-08-24T00:00:00.000
1167,20260718,20260601,55,30,242,167,127,11,4,FMV001167,1167,1608.7900,1608.7900,1608.7900,817.0000,1,1,2026-08-24T00:00:00.000
1168,20260611,20260621,142,279,228,163,429,2,5,FMV001168,1168,1610.1600,1610.1600,1610.1600,817.7000,1,1,2026-08-24T00:00:00.000
1169,20260607,20260810,466,112,153,259,399,10,2,FMV001169,1169,1611.5300,1611.5300,1611.5300,818.4000,1,1,2026-08-24T00:00:00.000
1170,20260609,20260726,108,280,26,370,11,12,2,FMV001170,1170,1612.9000,1612.9000,1612.9000,819.1000,1,1,2026-08-24T00:00:00.000
1171,20260613,20260719,434,114,332,222,377,19,2,FMV001171,1171,1614.2700,1614.2700,1614.2700,819.8000,1,1,2026-08-24T00:00:00.000
1172,20260612,20260812,428,308,168,498,44,19,4,FMV001172,1172,1615.6400,1615.6400,1615.6400,820.5000,1,1,2026-08-24T00:00:00.000
1173,20260529,20260728,401,192,-1,-1,88,13,2,FMV001173,1173,1617.0100,1617.0100,1617.0100,821.2000,1,1,2026-08-24T00:00:00.000
1174,20260824,20260714,210,230,262,300,103,20,4,FMV001174,1174,1618.3800,1618.3800,1618.3800,821.9000,1,1,2026-08-24T00:00:00.000
1175,20260723,20260528,79,249,129,157,106,14,4,FMV001175,1175,1619.7500,1619.7500,1619.7500,822.6000,1,1,2026-08-24T00:00:00.000
1176,20260616,20260817,311,54,238,139,48,17,2,FMV001176,1176,1621.1200,1621.1200,1621.1200,823.3000,1,1,2026-08-24T00:00:00.000
1177,20260530,20260712,416,203,459,14,293,5,2,FMV001177,1177,1622.4900,1622.4900,1622.4900,824.0000,1,1,2026-08-24T00:00:00.000
1178,20260817,20260801,56,144,84,366,59,3,4,FMV001178,1178,1623.8600,1623.8600,1623.8600,824.7000,1,1,2026-08-24T00:00:00.000
1179,20260810,20260806,387,307,186,227,480,11,1,FMV001179,1179,1625.2300,1625.2300,1625.2300,825.4000,1,1,2026-08-24T00:00:00.000
1180,20260812,20260720,61,57,478,416,143,12,1,FMV001180,1180,1626.6000,1626.6000,1626.6000,826.1000,1,1,2026-08-24T00:00:00.000
1181,20260721,20260618,326,156,311,79,352,17,4,FMV001181,1181,1627.9700,1627.9700,1627.9700,826.8000,1,1,2026-08-24T00:00:00.000
1182,20260708,20260803,349,54,418,187,188,5,1,FMV001182,1182,1629.3400,1629.3400,1629.3400,827.5000,1,1,2026-08-24T00:00:00.000
1183,20260716,20260704,19,331,271,320,121,3,5,FMV001183,1183,1630.7100,1630.7100,1630.7100,828.2000,1,1,2026-08-24T00:00:00.000
1184,20260610,20260723,264,282,465,124,414,19,2,FMV001184,1184,1632.0800,1632.0800,1632.0800,828.9000,1,1,2026-08-24T00:00:00.000
1185,20260718,20260527,145,63,430,215,396,2,4,FMV001185,1185,1633.4500,1633.4500,1633.4500,829.6000,1,1,2026-08-24T00:00:00.000
1186,20260702,20260823,308,260,122,213,58,19,1,FMV001186,1186,1634.8200,1634.8200,1634.8200,830.3000,1,1,2026-08-24T00:00:00.000
1187,20260528,20260802,209,241,314,107,250,5,2,FMV001187,1187,1636.1900,1636.1900,1636.1900,831.0000,1,1,2026-08-24T00:00:00.000
1188,20260609,20260801,180,281,320,113,140,4,4,FMV001188,1188,1637.5600,1637.5600,1637.5600,831.7000,1,1,2026-08-24T00:00:00.000
1189,20260629,20260622,54,48,357,193,67,18,1,FMV001189,1189,1638.9300,1638.9300,1638.9300,832.4000,1,1,2026-08-24T00:00:00.000
1190,20260807,20260605,25,238,-1,-1,301,15,5,FMV001190,1190,1640.3000,1640.3000,1640.3000,833.1000,1,1,2026-08-24T00:00:00.000
1191,20260601,20260809,409,8,280,296,421,19,4,FMV001191,1191,1641.6700,1641.6700,1641.6700,833.8000,1,1,2026-08-24T00:00:00.000
1192,20260630,20260601,334,188,95,138,359,16,3,FMV001192,1192,1643.0400,1643.0400,1643.0400,834.5000,1,1,2026-08-24T00:00:00.000
1193,20260724,20260531,222,180,164,223,369,10,4,FMV001193,1193,1644.4100,1644.4100,1644.4100,835.2000,1,1,2026-08-24T00:00:00.000
1194,20260602,20260620,150,174,361,450,14,7,5,FMV001194,1194,1645.7800,1645.7800,1645.7800,835.9000,1,1,2026-08-24T00:00:00.000
1195,20260725,20260803,114,321,450,460,272,18,4,FMV001195,1195,1647.1500,1647.1500,1647.1500,836.6000,1,1,2026-08-24T00:00:00.000
1196,20260809,20260814,84,306,436,3,406,8,5,FMV001196,1196,1648.5200,1648.5200,1648.5200,837.3000,1,1,2026-08-24T00:00:00.000
1197,20260713,20260819,451,12,402,404,62,6,4,FMV001197,1197,1649.8900,1649.8900,1649.8900,838.0000,1,1,2026-08-24T00:00:00.000
1198,20260702,20260731,20,252,38,344,405,13,3,FMV001198,1198,1651.2600,1651.2600,1651.2600,838.7000,1,1,2026-08-24T00:00:00.000
1199,20260810,20260619,344,179,240,474,7,18,2,FMV001199,1199,1652.6300,1652.6300,1652.6300,839.4000,1,1,2026-08-24T00:00:00.000
1200,20260731,20260820,33,321,387,42,254,17,4,FMV001200,1200,1654.0000,1654.0000,1654.0000,840.1000,1,1,2026-08-24T00:00:00.000
1201,20260817,20260613,363,152,154,493,56,3,2,FMV001201,1201,1655.3700,1655.3700,1655.3700,840.8000,1,1,2026-08-24T00:00:00.000
1202,20260618,20260704,404,153,429,72,43,10,4,FMV001202,1202,1656.7400,1656.7400,1656.7400,841.5000,1,1,2026-08-24T00:00:00.000
1203,20260708,20260604,246,19,135,400,300,1,5,FMV001203,1203,1658.1100,1658.1100,1658.1100,842.2000,1,1,2026-08-24T00:00:00.000
1204,20260705,20260824,203,109,84,390,326,15,1,FMV001204,1204,1659.4800,1659.4800,1659.4800,842.9000,1,1,2026-08-24T00:00:00.000
1205,20260531,20260621,200,193,329,415,483,9,3,FMV001205,1205,1660.8500,1660.8500,1660.8500,843.6000,1,1,2026-08-24T00:00:00.000
1206,20260616,20260627,286,174,225,183,391,2,1,FMV001206,1206,1662.2200,1662.2200,1662.2200,844.3000,1,1,2026-08-24T00:00:00.000
1207,20260612,20260620,2,316,-1,-1,258,20,2,FMV001207,1207,1663.5900,1663.5900,1663.5900,845.0000,1,1,2026-08-24T00:00:00.000
1208,20260704,20260717,419,271,125,49,80,9,3,FMV001208,1208,1664.9600,1664.9600,1664.9600,845.7000,1,1,2026-08-24T00:00:00.000
1209,20260619,20260818,467,46,65,131,451,15,1,FMV001209,1209,1666.3300,1666.3300,1666.3300,846.4000,1,1,2026-08-24T00:00:00.000
1210,20260723,20260820,393,158,26,38,12,20,1,FMV001210,1210,1667.7000,1667.7000,1667.7000,847.1000,1,1,2026-08-24T00:00:00.000
1211,20260708,20260623,28,120,453,24,119,17,4,FMV001211,1211,1669.0700,1669.0700,1669.0700,847.8000,1,1,2026-08-24T00:00:00.000
1212,20260627,20260815,3,146,378,196,165,8,4,FMV001212,1212,1670.4400,1670.4400,1670.4400,848.5000,1,1,2026-08-24T00:00:00.000
1213,20260817,20260621,279,71,247,37,469,19,2,FMV001213,1213,1671.8100,1671.8100,1671.8100,849.2000,1,1,2026-08-24T00:00:00.000
1214,20260630,20260616,480,311,77,118,204,4,1,FMV001214,1214,1673.1800,1673.1800,1673.1800,849.9000,1,1,2026-08-24T00:00:00.000
1215,20260810,20260707,220,247,2,127,463,12,2,FMV001215,1215,1674.5500,1674.5500,1674.5500,850.6000,1,1,2026-08-24T00:00:00.000
1216,20260725,20260730,88,244,181,453,300,7,4,FMV001216,1216,1675.9200,1675.9200,1675.9200,851.3000,1,1,2026-08-24T00:00:00.000
1217,20260712,20260707,100,245,273,270,125,15,4,FMV001217,1217,1677.2900,1677.2900,1677.2900,852.0000,1,1,2026-08-24T00:00:00.000
1218,20260604,20260619,371,301,107,435,411,12,1,FMV001218,1218,1678.6600,1678.6600,1678.6600,852.7000,1,1,2026-08-24T00:00:00.000
1219,20260620,20260705,109,42,249,69,212,1,4,FMV001219,1219,1680.0300,1680.0300,1680.0300,853.4000,1,1,2026-08-24T00:00:00.000
1220,20260601,20260716,113,334,399,42,307,11,2,FMV001220,1220,1681.4000,1681.4000,1681.4000,854.1000,1,1,2026-08-24T00:00:00.000
1221,20260605,20260527,128,189,12,247,27,14,4,FMV001221,1221,1682.7700,1682.7700,1682.7700,854.8000,1,1,2026-08-24T00:00:00.000
1222,20260811,20260628,58,326,149,128,455,3,4,FMV001222,1222,1684.1400,1684.1400,1684.1400,855.5000,1,1,2026-08-24T00:00:00.000
1223,20260531,20260801,289,108,476,35,141,9,2,FMV001223,1223,1685.5100,1685.5100,1685.5100,856.2000,1,1,2026-08-24T00:00:00.000
1224,20260817,20260701,29,27,-1,-1,22,20,1,FMV001224,1224,1686.8800,1686.8800,1686.8800,856.9000,1,1,2026-08-24T00:00:00.000
1225,20260813,20260712,287,68,134,402,356,20,2,FMV001225,1225,1688.2500,1688.2500,1688.2500,857.6000,1,1,2026-08-24T00:00:00.000
1226,20260601,20260820,157,140,144,397,326,6,1,FMV001226,1226,1689.6200,1689.6200,1689.6200,858.3000,1,1,2026-08-24T00:00:00.000
1227,20260722,20260602,102,253,315,148,113,12,5,FMV001227,1227,1690.9900,1690.9900,1690.9900,859.0000,1,1,2026-08-24T00:00:00.000
1228,20260718,20260622,60,9,59,105,96,10,4,FMV001228,1228,1692.3600,1692.3600,1692.3600,859.7000,1,1,2026-08-24T00:00:00.000
1229,20260806,20260716,459,293,319,307,423,12,3,FMV001229,1229,1693.7300,1693.7300,1693.7300,860.4000,1,1,2026-08-24T00:00:00.000
1230,20260812,20260712,155,65,1,16,30,13,2,FMV001230,1230,1695.1000,1695.1000,1695.1000,861.1000,1,1,2026-08-24T00:00:00.000
1231,20260803,20260623,248,12,370,417,466,7,5,FMV001231,1231,1696.4700,1696.4700,1696.4700,861.8000,1,1,2026-08-24T00:00:00.000
1232,20260801,20260726,48,9,10,385,149,4,3,FMV001232,1232,1697.8400,1697.8400,1697.8400,862.5000,1,1,2026-08-24T00:00:00.000
1233,20260722,20260612,66,225,137,276,245,10,3,FMV001233,1233,1699.2100,1699.2100,1699.2100,863.2000,1,1,2026-08-24T00:00:00.000
1234,20260607,20260621,209,242,341,101,144,5,1,FMV001234,1234,1700.5800,1700.5800,1700.5800,863.9000,1,1,2026-08-24T00:00:00.000
1235,20260809,20260725,259,182,241,282,193,7,4,FMV001235,1235,1701.9500,1701.9500,1701.9500,864.6000,1,1,2026-08-24T00:00:00.000
1236,20260530,20260705,116,205,52,217,147,5,2,FMV001236,1236,1703.3200,1703.3200,1703.3200,865.3000,1,1,2026-08-24T00:00:00.000
1237,20260725,20260819,473,87,123,298,345,5,1,FMV001237,1237,1704.6900,1704.6900,1704.6900,866.0000,1,1,2026-08-24T00:00:00.000
1238,20260711,20260802,17,50,482,479,438,5,4,FMV001238,1238,1706.0600,1706.0600,1706.0600,866.7000,1,1,2026-08-24T00:00:00.000
1239,20260723,20260612,212,229,122,29,126,8,1,FMV001239,1239,1707.4300,1707.4300,1707.4300,867.4000,1,1,2026-08-24T00:00:00.000
1240,20260718,20260725,382,252,61,343,7,18,2,FMV001240,1240,1708.8000,1708.8000,1708.8000,868.1000,1,1,2026-08-24T00:00:00.000
1241,20260807,20260610,241,79,-1,-1,179,3,5,FMV001241,1241,1710.1700,1710.1700,1710.1700,868.8000,1,1,2026-08-24T00:00:00.000
1242,20260703,20260628,391,332,345,459,475,4,1,FMV001242,1242,1711.5400,1711.5400,1711.5400,869.5000,1,1,2026-08-24T00:00:00.000
1243,20260803,20260615,381,116,90,56,327,14,1,FMV001243,1243,1712.9100,1712.9100,1712.9100,870.2000,1,1,2026-08-24T00:00:00.000
1244,20260613,20260611,440,168,187,433,137,4,5,FMV001244,1244,1714.2800,1714.2800,1714.2800,870.9000,1,1,2026-08-24T00:00:00.000
1245,20260819,20260602,66,166,78,164,54,15,4,FMV001245,1245,1715.6500,1715.6500,1715.6500,871.6000,1,1,2026-08-24T00:00:00.000
1246,20260619,20260528,310,3,318,112,21,17,2,FMV001246,1246,1717.0200,1717.0200,1717.0200,872.3000,1,1,2026-08-24T00:00:00.000
1247,20260705,20260624,22,192,29,354,486,4,4,FMV001247,1247,1718.3900,1718.3900,1718.3900,873.0000,1,1,2026-08-24T00:00:00.000
1248,20260721,20260618,124,95,313,487,337,19,2,FMV001248,1248,1719.7600,1719.7600,1719.7600,873.7000,1,1,2026-08-24T00:00:00.000
1249,20260726,20260807,476,331,476,269,113,1,1,FMV001249,1249,1721.1300,1721.1300,1721.1300,874.4000,1,1,2026-08-24T00:00:00.000
1250,20260620,20260716,154,174,116,81,289,4,3,FMV001250,1250,1722.5000,1722.5000,1722.5000,875.1000,1,1,2026-08-24T00:00:00.000
1251,20260613,20260530,285,307,76,499,361,18,4,FMV001251,1251,1723.8700,1723.8700,1723.8700,875.8000,1,1,2026-08-24T00:00:00.000
1252,20260622,20260731,368,72,361,150,110,6,3,FMV001252,1252,1725.2400,1725.2400,1725.2400,876.5000,1,1,2026-08-24T00:00:00.000
1253,20260716,20260528,195,81,426,309,18,20,4,FMV001253,1253,1726.6100,1726.6100,1726.6100,877.2000,1,1,2026-08-24T00:00:00.000
1254,20260602,20260823,299,288,298,345,437,3,5,FMV001254,1254,1727.9800,1727.9800,1727.9800,877.9000,1,1,2026-08-24T00:00:00.000
1255,20260821,20260823,276,157,95,405,372,9,2,FMV001255,1255,1729.3500,1729.3500,1729.3500,878.6000,1,1,2026-08-24T00:00:00.000
1256,20260719,20260822,419,110,483,93,233,18,4,FMV001256,1256,1730.7200,1730.7200,1730.7200,879.3000,1,1,2026-08-24T00:00:00.000
1257,20260603,20260529,137,17,261,343,132,15,5,FMV001257,1257,1732.0900,1732.0900,1732.0900,880.0000,1,1,2026-08-24T00:00:00.000
1258,20260618,20260616,403,50,-1,-1,206,2,5,FMV001258,1258,1733.4600,1733.4600,1733.4600,880.7000,1,1,2026-08-24T00:00:00.000
1259,20260804,20260806,260,157,366,354,83,14,4,FMV001259,1259,1734.8300,1734.8300,1734.8300,881.4000,1,1,2026-08-24T00:00:00.000
1260,20260605,20260604,102,107,288,255,134,18,1,FMV001260,1260,1736.2000,1736.2000,1736.2000,882.1000,1,1,2026-08-24T00:00:00.000
1261,20260811,20260815,379,338,383,187,91,17,5,FMV001261,1261,1737.5700,1737.5700,1737.5700,882.8000,1,1,2026-08-24T00:00:00.000
1262,20260715,20260622,324,312,389,321,246,5,5,FMV001262,1262,1738.9400,1738.9400,1738.9400,883.5000,1,1,2026-08-24T00:00:00.000
1263,20260823,20260727,421,244,143,286,263,15,4,FMV001263,1263,1740.3100,1740.3100,1740.3100,884.2000,1,1,2026-08-24T00:00:00.000
1264,20260623,20260809,155,229,282,135,252,16,4,FMV001264,1264,1741.6800,1741.6800,1741.6800,884.9000,1,1,2026-08-24T00:00:00.000
1265,20260724,20260626,441,57,464,454,96,19,4,FMV001265,1265,1743.0500,1743.0500,1743.0500,885.6000,1,1,2026-08-24T00:00:00.000
1266,20260802,20260602,180,158,48,156,370,17,4,FMV001266,1266,1744.4200,1744.4200,1744.4200,886.3000,1,1,2026-08-24T00:00:00.000
1267,20260707,20260820,110,291,472,468,293,7,5,FMV001267,1267,1745.7900,1745.7900,1745.7900,887.0000,1,1,2026-08-24T00:00:00.000
1268,20260731,20260615,183,319,349,325,324,14,3,FMV001268,1268,1747.1600,1747.1600,1747.1600,887.7000,1,1,2026-08-24T00:00:00.000
1269,20260718,20260803,53,308,181,165,58,18,3,FMV001269,1269,1748.5300,1748.5300,1748.5300,888.4000,1,1,2026-08-24T00:00:00.000
1270,20260726,20260601,462,255,2,330,255,17,5,FMV001270,1270,1749.9000,1749.9000,1749.9000,889.1000,1,1,2026-08-24T00:00:00.000
1271,20260623,20260615,351,349,398,216,71,1,5,FMV001271,1271,1751.2700,1751.2700,1751.2700,889.8000,1,1,2026-08-24T00:00:00.000
1272,20260623,20260622,445,296,108,108,224,19,5,FMV001272,1272,1752.6400,1752.6400,1752.6400,890.5000,1,1,2026-08-24T00:00:00.000
1273,20260613,20260811,497,99,410,122,224,16,5,FMV001273,1273,1754.0100,1754.0100,1754.0100,891.2000,1,1,2026-08-24T00:00:00.000
1274,20260806,20260711,289,175,210,401,356,2,5,FMV001274,1274,1755.3800,1755.3800,1755.3800,891.9000,1,1,2026-08-24T00:00:00.000
1275,20260622,20260619,246,112,-1,-1,154,11,2,FMV001275,1275,1756.7500,1756.7500,1756.7500,892.6000,1,1,2026-08-24T00:00:00.000
1276,20260809,20260707,8,292,480,340,470,20,1,FMV001276,1276,1758.1200,1758.1200,1758.1200,893.3000,1,1,2026-08-24T00:00:00.000
1277,20260628,20260711,192,173,333,10,60,14,1,FMV001277,1277,1759.4900,1759.4900,1759.4900,894.0000,1,1,2026-08-24T00:00:00.000
1278,20260617,20260621,312,208,54,108,17,3,3,FMV001278,1278,1760.8600,1760.8600,1760.8600,894.7000,1,1,2026-08-24T00:00:00.000
1279,20260615,20260528,24,146,489,378,391,9,2,FMV001279,1279,1762.2300,1762.2300,1762.2300,895.4000,1,1,2026-08-24T00:00:00.000
1280,20260617,20260712,356,52,67,130,83,6,1,FMV001280,1280,1763.6000,1763.6000,1763.6000,896.1000,1,1,2026-08-24T00:00:00.000
1281,20260726,20260531,15,320,478,74,423,6,1,FMV001281,1281,1764.9700,1764.9700,1764.9700,896.8000,1,1,2026-08-24T00:00:00.000
1282,20260716,20260627,7,118,97,426,277,3,3,FMV001282,1282,1766.3400,1766.3400,1766.3400,897.5000,1,1,2026-08-24T00:00:00.000
1283,20260723,20260529,71,64,106,479,342,4,2,FMV001283,1283,1767.7100,1767.7100,1767.7100,898.2000,1,1,2026-08-24T00:00:00.000
1284,20260625,20260629,169,12,21,262,79,20,2,FMV001284,1284,1769.0800,1769.0800,1769.0800,898.9000,1,1,2026-08-24T00:00:00.000
1285,20260626,20260722,26,259,198,292,403,12,1,FMV001285,1285,1770.4500,1770.4500,1770.4500,899.6000,1,1,2026-08-24T00:00:00.000
1286,20260814,20260727,8,69,223,46,81,9,1,FMV001286,1286,1771.8200,1771.8200,1771.8200,900.3000,1,1,2026-08-24T00:00:00.000
1287,20260715,20260706,144,348,462,200,40,4,5,FMV001287,1287,1773.1900,1773.1900,1773.1900,901.0000,1,1,2026-08-24T00:00:00.000
1288,20260622,20260724,205,341,156,57,184,17,4,FMV001288,1288,1774.5600,1774.5600,1774.5600,901.7000,1,1,2026-08-24T00:00:00.000
1289,20260527,20260604,72,93,483,88,277,18,5,FMV001289,1289,1775.9300,1775.9300,1775.9300,902.4000,1,1,2026-08-24T00:00:00.000
1290,20260709,20260731,384,225,346,289,120,7,5,FMV001290,1290,1777.3000,1777.3000,1777.3000,903.1000,1,1,2026-08-24T00:00:00.000
1291,20260708,20260824,486,81,97,52,328,19,2,FMV001291,1291,1778.6700,1778.6700,1778.6700,903.8000,1,1,2026-08-24T00:00:00.000
1292,20260708,20260803,35,246,-1,-1,156,15,3,FMV001292,1292,1780.0400,1780.0400,1780.0400,904.5000,1,1,2026-08-24T00:00:00.000
1293,20260721,20260616,325,42,103,167,39,14,4,FMV001293,1293,1781.4100,1781.4100,1781.4100,905.2000,1,1,2026-08-24T00:00:00.000
1294,20260724,20260529,409,100,231,445,200,20,2,FMV001294,1294,1782.7800,1782.7800,1782.7800,905.9000,1,1,2026-08-24T00:00:00.000
1295,20260612,20260706,78,84,252,384,297,15,4,FMV001295,1295,1784.1500,1784.1500,1784.1500,906.6000,1,1,2026-08-24T00:00:00.000
1296,20260610,20260601,229,47,488,429,491,13,1,FMV001296,1296,1785.5200,1785.5200,1785.5200,907.3000,1,1,2026-08-24T00:00:00.000
1297,20260718,20260531,184,166,500,422,408,13,2,FMV001297,1297,1786.8900,1786.8900,1786.8900,908.0000,1,1,2026-08-24T00:00:00.000
1298,20260615,20260726,88,11,280,186,377,9,4,FMV001298,1298,1788.2600,1788.2600,1788.2600,908.7000,1,1,2026-08-24T00:00:00.000
1299,20260601,20260601,329,26,231,287,9,9,4,FMV001299,1299,1789.6300,1789.6300,1789.6300,909.4000,1,1,2026-08-24T00:00:00.000
1300,20260821,20260706,381,174,478,148,420,18,1,FMV001300,1300,1791.0000,1791.0000,1791.0000,910.1000,1,1,2026-08-24T00:00:00.000
1301,20260705,20260704,490,102,122,390,271,13,4,FMV001301,1301,1792.3700,1792.3700,1792.3700,910.8000,1,1,2026-08-24T00:00:00.000
1302,20260630,20260725,100,247,410,99,377,5,3,FMV001302,1302,1793.7400,1793.7400,1793.7400,911.5000,1,1,2026-08-24T00:00:00.000
1303,20260627,20260811,174,164,141,458,335,11,1,FMV001303,1303,1795.1100,1795.1100,1795.1100,912.2000,1,1,2026-08-24T00:00:00.000
1304,20260814,20260701,482,284,413,304,467,14,4,FMV001304,1304,1796.4800,1796.4800,1796.4800,912.9000,1,1,2026-08-24T00:00:00.000
1305,20260625,20260626,113,161,77,315,367,4,2,FMV001305,1305,1797.8500,1797.8500,1797.8500,913.6000,1,1,2026-08-24T00:00:00.000
1306,20260723,20260617,92,14,108,387,151,6,3,FMV001306,1306,1799.2200,1799.2200,1799.2200,914.3000,1,1,2026-08-24T00:00:00.000
1307,20260625,20260822,11,206,245,147,396,14,4,FMV001307,1307,1800.5900,1800.5900,1800.5900,915.0000,1,1,2026-08-24T00:00:00.000
1308,20260811,20260805,447,302,278,134,132,2,1,FMV001308,1308,1801.9600,1801.9600,1801.9600,915.7000,1,1,2026-08-24T00:00:00.000
1309,20260806,20260809,392,339,-1,-1,435,11,4,FMV001309,1309,1803.3300,1803.3300,1803.3300,916.4000,1,1,2026-08-24T00:00:00.000
1310,20260807,20260715,243,201,215,232,20,4,5,FMV001310,1310,1804.7000,1804.7000,1804.7000,917.1000,1,1,2026-08-24T00:00:00.000
1311,20260806,20260724,284,141,123,288,221,7,1,FMV001311,1311,1806.0700,1806.0700,1806.0700,917.8000,1,1,2026-08-24T00:00:00.000
1312,20260718,20260705,452,140,275,66,282,11,3,FMV001312,1312,1807.4400,1807.4400,1807.4400,918.5000,1,1,2026-08-24T00:00:00.000
1313,20260616,20260707,72,91,2,439,297,13,1,FMV001313,1313,1808.8100,1808.8100,1808.8100,919.2000,1,1,2026-08-24T00:00:00.000
1314,20260817,20260722,179,191,28,277,437,7,2,FMV001314,1314,1810.1800,1810.1800,1810.1800,919.9000,1,1,2026-08-24T00:00:00.000
1315,20260611,20260606,11,269,170,223,198,17,2,FMV001315,1315,1811.5500,1811.5500,1811.5500,920.6000,1,1,2026-08-24T00:00:00.000
1316,20260731,20260626,58,168,22,150,356,4,2,FMV001316,1316,1812.9200,1812.9200,1812.9200,921.3000,1,1,2026-08-24T00:00:00.000
1317,20260608,20260812,319,55,95,248,407,1,3,FMV001317,1317,1814.2900,1814.2900,1814.2900,922.0000,1,1,2026-08-24T00:00:00.000
1318,20260802,20260817,245,228,82,49,352,1,1,FMV001318,1318,1815.6600,1815.6600,1815.6600,922.7000,1,1,2026-08-24T00:00:00.000
1319,20260619,20260602,135,156,1,483,433,1,1,FMV001319,1319,1817.0300,1817.0300,1817.0300,923.4000,1,1,2026-08-24T00:00:00.000
1320,20260621,20260705,422,56,320,138,156,14,2,FMV001320,1320,1818.4000,1818.4000,1818.4000,924.1000,1,1,2026-08-24T00:00:00.000
1321,20260621,20260818,100,257,274,379,454,6,3,FMV001321,1321,1819.7700,1819.7700,1819.7700,924.8000,1,1,2026-08-24T00:00:00.000
1322,20260729,20260607,265,181,230,36,204,12,5,FMV001322,1322,1821.1400,1821.1400,1821.1400,925.5000,1,1,2026-08-24T00:00:00.000
1323,20260729,20260709,112,43,448,39,248,15,2,FMV001323,1323,1822.5100,1822.5100,1822.5100,926.2000,1,1,2026-08-24T00:00:00.000
1324,20260630,20260626,228,207,338,448,493,12,3,FMV001324,1324,1823.8800,1823.8800,1823.8800,926.9000,1,1,2026-08-24T00:00:00.000
1325,20260613,20260531,396,102,114,192,419,5,2,FMV001325,1325,1825.2500,1825.2500,1825.2500,927.6000,1,1,2026-08-24T00:00:00.000
1326,20260723,20260617,229,72,-1,-1,342,4,5,FMV001326,1326,1826.6200,1826.6200,1826.6200,928.3000,1,1,2026-08-24T00:00:00.000
1327,20260804,20260718,431,179,146,268,233,20,4,FMV001327,1327,1827.9900,1827.9900,1827.9900,929.0000,1,1,2026-08-24T00:00:00.000
1328,20260531,20260726,19,113,383,203,438,11,5,FMV001328,1328,1829.3600,1829.3600,1829.3600,929.7000,1,1,2026-08-24T00:00:00.000
1329,20260803,20260801,400,273,200,120,353,3,2,FMV001329,1329,1830.7300,1830.7300,1830.7300,930.4000,1,1,2026-08-24T00:00:00.000
1330,20260610,20260603,16,303,463,82,135,13,5,FMV001330,1330,1832.1000,1832.1000,1832.1000,931.1000,1,1,2026-08-24T00:00:00.000
1331,20260623,20260618,111,148,55,126,435,3,5,FMV001331,1331,1833.4700,1833.4700,1833.4700,931.8000,1,1,2026-08-24T00:00:00.000
1332,20260808,20260730,75,130,63,364,292,6,2,FMV001332,1332,1834.8400,1834.8400,1834.8400,932.5000,1,1,2026-08-24T00:00:00.000
1333,20260715,20260812,456,20,213,387,43,7,4,FMV001333,1333,1836.2100,1836.2100,1836.2100,933.2000,1,1,2026-08-24T00:00:00.000
1334,20260708,20260703,223,205,282,377,70,19,5,FMV001334,1334,1837.5800,1837.5800,1837.5800,933.9000,1,1,2026-08-24T00:00:00.000
1335,20260802,20260627,486,61,183,497,117,5,1,FMV001335,1335,1838.9500,1838.9500,1838.9500,934.6000,1,1,2026-08-24T00:00:00.000
1336,20260622,20260615,346,170,83,355,261,5,5,FMV001336,1336,1840.3200,1840.3200,1840.3200,935.3000,1,1,2026-08-24T00:00:00.000
1337,20260807,20260530,373,45,325,138,222,16,5,FMV001337,1337,1841.6900,1841.6900,1841.6900,936.0000,1,1,2026-08-24T00:00:00.000
1338,20260621,20260730,129,243,156,500,81,13,4,FMV001338,1338,1843.0600,1843.0600,1843.0600,936.7000,1,1,2026-08-24T00:00:00.000
1339,20260813,20260713,331,189,139,430,288,12,5,FMV001339,1339,1844.4300,1844.4300,1844.4300,937.4000,1,1,2026-08-24T00:00:00.000
1340,20260528,20260817,121,100,203,374,355,12,4,FMV001340,1340,1845.8000,1845.8000,1845.8000,938.1000,1,1,2026-08-24T00:00:00.000
1341,20260715,20260731,117,101,378,341,2,13,4,FMV001341,1341,1847.1700,1847.1700,1847.1700,938.8000,1,1,2026-08-24T00:00:00.000
1342,20260812,20260625,382,191,141,166,365,3,4,FMV001342,1342,1848.5400,1848.5400,1848.5400,939.5000,1,1,2026-08-24T00:00:00.000
1343,20260530,20260530,423,167,-1,-1,492,16,2,FMV001343,1343,1849.9100,1849.9100,1849.9100,940.2000,1,1,2026-08-24T00:00:00.000
1344,20260709,20260702,476,218,372,399,137,18,2,FMV001344,1344,1851.2800,1851.2800,1851.2800,940.9000,1,1,2026-08-24T00:00:00.000
1345,20260706,20260813,274,39,446,450,125,13,3,FMV001345,1345,1852.6500,1852.6500,1852.6500,941.6000,1,1,2026-08-24T00:00:00.000
1346,20260712,20260708,348,336,19,123,259,3,5,FMV001346,1346,1854.0200,1854.0200,1854.0200,942.3000,1,1,2026-08-24T00:00:00.000
1347,20260729,20260729,240,50,401,496,468,17,4,FMV001347,1347,1855.3900,1855.3900,1855.3900,943.0000,1,1,2026-08-24T00:00:00.000
1348,20260819,20260802,318,308,68,131,306,16,2,FMV001348,1348,1856.7600,1856.7600,1856.7600,943.7000,1,1,2026-08-24T00:00:00.000
1349,20260727,20260807,456,62,85,42,379,10,1,FMV001349,1349,1858.1300,1858.1300,1858.1300,944.4000,1,1,2026-08-24T00:00:00.000
1350,20260715,20260610,387,112,57,249,128,10,1,FMV001350,1350,1859.5000,1859.5000,1859.5000,945.1000,1,1,2026-08-24T00:00:00.000
1351,20260630,20260721,34,170,491,86,149,19,2,FMV001351,1351,1860.8700,1860.8700,1860.8700,945.8000,1,1,2026-08-24T00:00:00.000
1352,20260814,20260701,466,63,120,358,139,7,5,FMV001352,1352,1862.2400,1862.2400,1862.2400,946.5000,1,1,2026-08-24T00:00:00.000
1353,20260722,20260725,181,134,489,322,20,15,4,FMV001353,1353,1863.6100,1863.6100,1863.6100,947.2000,1,1,2026-08-24T00:00:00.000
1354,20260811,20260610,237,109,90,115,357,1,3,FMV001354,1354,1864.9800,1864.9800,1864.9800,947.9000,1,1,2026-08-24T00:00:00.000
1355,20260817,20260722,443,271,446,18,154,19,4,FMV001355,1355,1866.3500,1866.3500,1866.3500,948.6000,1,1,2026-08-24T00:00:00.000
1356,20260731,20260602,301,130,475,410,46,5,4,FMV001356,1356,1867.7200,1867.7200,1867.7200,949.3000,1,1,2026-08-24T00:00:00.000
1357,20260611,20260629,441,88,413,352,379,18,5,FMV001357,1357,1869.0900,1869.0900,1869.0900,950.0000,1,1,2026-08-24T00:00:00.000
1358,20260601,20260711,220,61,231,201,274,6,5,FMV001358,1358,1870.4600,1870.4600,1870.4600,950.7000,1,1,2026-08-24T00:00:00.000
1359,20260708,20260605,354,36,420,139,147,12,3,FMV001359,1359,1871.8300,1871.8300,1871.8300,951.4000,1,1,2026-08-24T00:00:00.000
1360,20260712,20260803,420,30,-1,-1,126,16,4,FMV001360,1360,1873.2000,1873.2000,1873.2000,952.1000,1,1,2026-08-24T00:00:00.000
1361,20260611,20260612,279,221,29,1,59,2,4,FMV001361,1361,1874.5700,1874.5700,1874.5700,952.8000,1,1,2026-08-24T00:00:00.000
1362,20260625,20260823,475,346,6,208,121,16,4,FMV001362,1362,1875.9400,1875.9400,1875.9400,953.5000,1,1,2026-08-24T00:00:00.000
1363,20260613,20260605,254,95,294,338,32,18,5,FMV001363,1363,1877.3100,1877.3100,1877.3100,954.2000,1,1,2026-08-24T00:00:00.000
1364,20260608,20260730,243,321,338,244,56,4,1,FMV001364,1364,1878.6800,1878.6800,1878.6800,954.9000,1,1,2026-08-24T00:00:00.000
1365,20260820,20260726,21,12,17,336,365,10,2,FMV001365,1365,1880.0500,1880.0500,1880.0500,955.6000,1,1,2026-08-24T00:00:00.000
1366,20260714,20260801,137,42,482,114,155,8,5,FMV001366,1366,1881.4200,1881.4200,1881.4200,956.3000,1,1,2026-08-24T00:00:00.000
1367,20260720,20260708,366,293,478,164,350,10,3,FMV001367,1367,1882.7900,1882.7900,1882.7900,957.0000,1,1,2026-08-24T00:00:00.000
1368,20260814,20260702,364,202,65,252,168,11,2,FMV001368,1368,1884.1600,1884.1600,1884.1600,957.7000,1,1,2026-08-24T00:00:00.000
1369,20260604,20260812,196,38,454,279,423,19,2,FMV001369,1369,1885.5300,1885.5300,1885.5300,958.4000,1,1,2026-08-24T00:00:00.000
1370,20260604,20260806,267,218,445,224,422,6,4,FMV001370,1370,1886.9000,1886.9000,1886.9000,959.1000,1,1,2026-08-24T00:00:00.000
1371,20260709,20260623,30,53,393,291,202,8,2,FMV001371,1371,1888.2700,1888.2700,1888.2700,959.8000,1,1,2026-08-24T00:00:00.000
1372,20260708,20260531,180,273,343,163,254,19,3,FMV001372,1372,1889.6400,1889.6400,1889.6400,960.5000,1,1,2026-08-24T00:00:00.000
1373,20260527,20260808,248,275,255,52,271,19,1,FMV001373,1373,1891.0100,1891.0100,1891.0100,961.2000,1,1,2026-08-24T00:00:00.000
1374,20260730,20260622,302,179,245,144,258,1,3,FMV001374,1374,1892.3800,1892.3800,1892.3800,961.9000,1,1,2026-08-24T00:00:00.000
1375,20260821,20260615,137,210,111,347,315,4,2,FMV001375,1375,1893.7500,1893.7500,1893.7500,962.6000,1,1,2026-08-24T00:00:00.000
1376,20260723,20260819,396,314,266,215,402,16,1,FMV001376,1376,1895.1200,1895.1200,1895.1200,963.3000,1,1,2026-08-24T00:00:00.000
1377,20260623,20260723,414,191,-1,-1,21,1,5,FMV001377,1377,1896.4900,1896.4900,1896.4900,964.0000,1,1,2026-08-24T00:00:00.000
1378,20260728,20260718,350,130,281,53,445,12,3,FMV001378,1378,1897.8600,1897.8600,1897.8600,964.7000,1,1,2026-08-24T00:00:00.000
1379,20260623,20260627,68,280,205,159,476,9,2,FMV001379,1379,1899.2300,1899.2300,1899.2300,965.4000,1,1,2026-08-24T00:00:00.000
1380,20260730,20260616,283,11,451,483,136,5,4,FMV001380,1380,1900.6000,1900.6000,1900.6000,966.1000,1,1,2026-08-24T00:00:00.000
1381,20260530,20260705,45,12,176,231,359,12,5,FMV001381,1381,1901.9700,1901.9700,1901.9700,966.8000,1,1,2026-08-24T00:00:00.000
1382,20260725,20260705,174,60,438,27,150,11,1,FMV001382,1382,1903.3400,1903.3400,1903.3400,967.5000,1,1,2026-08-24T00:00:00.000
1383,20260823,20260618,499,22,449,250,127,17,1,FMV001383,1383,1904.7100,1904.7100,1904.7100,968.2000,1,1,2026-08-24T00:00:00.000
1384,20260708,20260713,191,217,194,5,305,17,4,FMV001384,1384,1906.0800,1906.0800,1906.0800,968.9000,1,1,2026-08-24T00:00:00.000
1385,20260801,20260601,443,265,139,382,480,3,5,FMV001385,1385,1907.4500,1907.4500,1907.4500,969.6000,1,1,2026-08-24T00:00:00.000
1386,20260725,20260618,354,111,22,242,109,11,4,FMV001386,1386,1908.8200,1908.8200,1908.8200,970.3000,1,1,2026-08-24T00:00:00.000
1387,20260701,20260715,22,144,472,334,340,10,4,FMV001387,1387,1910.1900,1910.1900,1910.1900,971.0000,1,1,2026-08-24T00:00:00.000
1388,20260706,20260712,103,184,426,6,146,18,5,FMV001388,1388,1911.5600,1911.5600,1911.5600,971.7000,1,1,2026-08-24T00:00:00.000
1389,20260816,20260611,207,121,301,328,431,4,2,FMV001389,1389,1912.9300,1912.9300,1912.9300,972.4000,1,1,2026-08-24T00:00:00.000
1390,20260711,20260603,338,98,180,419,132,4,2,FMV001390,1390,1914.3000,1914.3000,1914.3000,973.1000,1,1,2026-08-24T00:00:00.000
1391,20260618,20260709,137,119,108,39,443,19,1,FMV001391,1391,1915.6700,1915.6700,1915.6700,973.8000,1,1,2026-08-24T00:00:00.000
1392,20260807,20260728,198,242,161,274,20,8,1,FMV001392,1392,1917.0400,1917.0400,1917.0400,974.5000,1,1,2026-08-24T00:00:00.000
1393,20260822,20260717,456,97,11,208,445,19,4,FMV001393,1393,1918.4100,1918.4100,1918.4100,975.2000,1,1,2026-08-24T00:00:00.000
1394,20260815,20260701,36,43,-1,-1,2,10,5,FMV001394,1394,1919.7800,1919.7800,1919.7800,975.9000,1,1,2026-08-24T00:00:00.000
1395,20260725,20260623,282,73,65,127,123,18,2,FMV001395,1395,1921.1500,1921.1500,1921.1500,976.6000,1,1,2026-08-24T00:00:00.000
1396,20260813,20260620,140,23,167,279,336,19,1,FMV001396,1396,1922.5200,1922.5200,1922.5200,977.3000,1,1,2026-08-24T00:00:00.000
1397,20260624,20260818,324,48,157,395,393,15,4,FMV001397,1397,1923.8900,1923.8900,1923.8900,978.0000,1,1,2026-08-24T00:00:00.000
1398,20260611,20260822,23,318,262,426,477,3,1,FMV001398,1398,1925.2600,1925.2600,1925.2600,978.7000,1,1,2026-08-24T00:00:00.000
1399,20260608,20260609,314,255,367,381,401,1,3,FMV001399,1399,1926.6300,1926.6300,1926.6300,979.4000,1,1,2026-08-24T00:00:00.000
1400,20260530,20260726,386,109,126,483,343,13,4,FMV001400,1400,1928.0000,1928.0000,1928.0000,980.1000,1,1,2026-08-24T00:00:00.000
1401,20260617,20260824,103,34,438,80,262,15,5,FMV001401,1401,1929.3700,1929.3700,1929.3700,980.8000,1,1,2026-08-24T00:00:00.000
1402,20260623,20260802,432,215,15,440,432,13,5,FMV001402,1402,1930.7400,1930.7400,1930.7400,981.5000,1,1,2026-08-24T00:00:00.000
1403,20260710,20260609,187,328,402,128,70,15,1,FMV001403,1403,1932.1100,1932.1100,1932.1100,982.2000,1,1,2026-08-24T00:00:00.000
1404,20260729,20260621,151,112,105,371,98,8,5,FMV001404,1404,1933.4800,1933.4800,1933.4800,982.9000,1,1,2026-08-24T00:00:00.000
1405,20260613,20260812,90,294,495,480,468,5,3,FMV001405,1405,1934.8500,1934.8500,1934.8500,983.6000,1,1,2026-08-24T00:00:00.000
1406,20260817,20260618,347,71,172,484,493,17,4,FMV001406,1406,1936.2200,1936.2200,1936.2200,984.3000,1,1,2026-08-24T00:00:00.000
1407,20260617,20260724,205,133,357,128,148,9,1,FMV001407,1407,1937.5900,1937.5900,1937.5900,985.0000,1,1,2026-08-24T00:00:00.000
1408,20260610,20260816,405,138,18,307,422,20,2,FMV001408,1408,1938.9600,1938.9600,1938.9600,985.7000,1,1,2026-08-24T00:00:00.000
1409,20260816,20260703,341,127,422,335,427,11,2,FMV001409,1409,1940.3300,1940.3300,1940.3300,986.4000,1,1,2026-08-24T00:00:00.000
1410,20260806,20260531,274,126,154,63,85,1,5,FMV001410,1410,1941.7000,1941.7000,1941.7000,987.1000,1,1,2026-08-24T00:00:00.000
1411,20260821,20260724,111,51,-1,-1,432,4,2,FMV001411,1411,1943.0700,1943.0700,1943.0700,987.8000,1,1,2026-08-24T00:00:00.000
1412,20260819,20260818,296,318,94,474,437,16,4,FMV001412,1412,1944.4400,1944.4400,1944.4400,988.5000,1,1,2026-08-24T00:00:00.000
1413,20260726,20260714,186,177,106,435,487,8,3,FMV001413,1413,1945.8100,1945.8100,1945.8100,989.2000,1,1,2026-08-24T00:00:00.000
1414,20260729,20260703,211,224,234,481,381,7,5,FMV001414,1414,1947.1800,1947.1800,1947.1800,989.9000,1,1,2026-08-24T00:00:00.000
1415,20260621,20260805,222,221,160,447,267,5,3,FMV001415,1415,1948.5500,1948.5500,1948.5500,990.6000,1,1,2026-08-24T00:00:00.000
1416,20260717,20260810,391,207,11,276,372,16,2,FMV001416,1416,1949.9200,1949.9200,1949.9200,991.3000,1,1,2026-08-24T00:00:00.000
1417,20260529,20260819,255,345,412,388,276,17,4,FMV001417,1417,1951.2900,1951.2900,1951.2900,992.0000,1,1,2026-08-24T00:00:00.000
1418,20260618,20260528,182,199,211,5,153,18,1,FMV001418,1418,1952.6600,1952.6600,1952.6600,992.7000,1,1,2026-08-24T00:00:00.000
1419,20260704,20260618,208,107,115,16,121,10,3,FMV001419,1419,1954.0300,1954.0300,1954.0300,993.4000,1,1,2026-08-24T00:00:00.000
1420,20260704,20260530,398,167,14,190,289,15,5,FMV001420,1420,1955.4000,1955.4000,1955.4000,994.1000,1,1,2026-08-24T00:00:00.000
1421,20260614,20260708,204,337,107,471,229,17,5,FMV001421,1421,1956.7700,1956.7700,1956.7700,994.8000,1,1,2026-08-24T00:00:00.000
1422,20260708,20260603,147,269,191,131,213,13,2,FMV001422,1422,1958.1400,1958.1400,1958.1400,995.5000,1,1,2026-08-24T00:00:00.000
1423,20260527,20260527,168,249,4,12,450,10,2,FMV001423,1423,1959.5100,1959.5100,1959.5100,996.2000,1,1,2026-08-24T00:00:00.000
1424,20260705,20260727,148,13,293,54,364,2,2,FMV001424,1424,1960.8800,1960.8800,1960.8800,996.9000,1,1,2026-08-24T00:00:00.000
1425,20260806,20260530,395,307,106,450,434,4,2,FMV001425,1425,1962.2500,1962.2500,1962.2500,997.6000,1,1,2026-08-24T00:00:00.000
1426,20260624,20260628,85,200,14,452,365,2,1,FMV001426,1426,1963.6200,1963.6200,1963.6200,998.3000,1,1,2026-08-24T00:00:00.000
1427,20260717,20260716,17,340,42,414,145,11,1,FMV001427,1427,1964.9900,1964.9900,1964.9900,999.0000,1,1,2026-08-24T00:00:00.000
1428,20260816,20260708,470,272,-1,-1,420,4,3,FMV001428,1428,1966.3600,1966.3600,1966.3600,999.7000,1,1,2026-08-24T00:00:00.000
1429,20260714,20260602,267,212,100,350,53,16,1,FMV001429,1429,1967.7300,1967.7300,1967.7300,0.4000,1,1,2026-08-24T00:00:00.000
1430,20260705,20260730,325,110,190,17,176,9,4,FMV001430,1430,1969.1000,1969.1000,1969.1000,1.1000,1,1,2026-08-24T00:00:00.000
1431,20260821,20260702,7,117,335,163,154,14,3,FMV001431,1431,1970.4700,1970.4700,1970.4700,1.8000,1,1,2026-08-24T00:00:00.000
1432,20260625,20260704,78,297,484,13,187,18,4,FMV001432,1432,1971.8400,1971.8400,1971.8400,2.5000,1,1,2026-08-24T00:00:00.000
1433,20260802,20260617,381,296,359,32,159,7,3,FMV001433,1433,1973.2100,1973.2100,1973.2100,3.2000,1,1,2026-08-24T00:00:00.000
1434,20260714,20260612,382,170,481,188,486,20,2,FMV001434,1434,1974.5800,1974.5800,1974.5800,3.9000,1,1,2026-08-24T00:00:00.000
1435,20260627,20260624,175,225,245,68,144,8,1,FMV001435,1435,1975.9500,1975.9500,1975.9500,4.6000,1,1,2026-08-24T00:00:00.000
1436,20260729,20260605,180,81,261,30,99,15,3,FMV001436,1436,1977.3200,1977.3200,1977.3200,5.3000,1,1,2026-08-24T00:00:00.000
1437,20260815,20260530,49,142,213,499,465,19,2,FMV001437,1437,1978.6900,1978.6900,1978.6900,6.0000,1,1,2026-08-24T00:00:00.000
1438,20260705,20260729,218,315,295,386,332,8,4,FMV001438,1438,1980.0600,1980.0600,1980.0600,6.7000,1,1,2026-08-24T00:00:00.000
1439,20260730,20260605,412,31,385,350,118,15,1,FMV001439,1439,1981.4300,1981.4300,1981.4300,7.4000,1,1,2026-08-24T00:00:00.000
1440,20260613,20260628,488,309,337,133,66,15,5,FMV001440,1440,1982.8000,1982.8000,1982.8000,8.1000,1,1,2026-08-24T00:00:00.000
1441,20260606,20260816,432,78,198,257,436,16,5,FMV001441,1441,1984.1700,1984.1700,1984.1700,8.8000,1,1,2026-08-24T00:00:00.000
1442,20260809,20260608,488,298,100,389,169,15,1,FMV001442,1442,1985.5400,1985.5400,1985.5400,9.5000,1,1,2026-08-24T00:00:00.000
1443,20260713,20260724,482,166,264,14,176,2,5,FMV001443,1443,1986.9100,1986.9100,1986.9100,10.2000,1,1,2026-08-24T00:00:00.000
1444,20260614,20260616,304,196,305,457,220,6,3,FMV001444,1444,1988.2800,1988.2800,1988.2800,10.9000,1,1,2026-08-24T00:00:00.000
1445,20260612,20260805,413,149,-1,-1,74,8,5,FMV001445,1445,1989.6500,1989.6500,1989.6500,11.6000,1,1,2026-08-24T00:00:00.000
1446,20260821,20260821,330,143,437,69,94,7,5,FMV001446,1446,1991.0200,1991.0200,1991.0200,12.3000,1,1,2026-08-24T00:00:00.000
1447,20260725,20260622,478,299,344,201,263,11,4,FMV001447,1447,1992.3900,1992.3900,1992.3900,13.0000,1,1,2026-08-24T00:00:00.000
1448,20260729,20260710,404,106,328,438,375,9,3,FMV001448,1448,1993.7600,1993.7600,1993.7600,13.7000,1,1,2026-08-24T00:00:00.000
1449,20260722,20260817,86,96,216,498,382,14,3,FMV001449,1449,1995.1300,1995.1300,1995.1300,14.4000,1,1,2026-08-24T00:00:00.000
1450,20260709,20260703,182,45,275,261,420,14,2,FMV001450,1450,1996.5000,1996.5000,1996.5000,15.1000,1,1,2026-08-24T00:00:00.000
1451,20260801,20260704,250,119,74,158,78,17,3,FMV001451,1451,1997.8700,1997.8700,1997.8700,15.8000,1,1,2026-08-24T00:00:00.000
1452,20260701,20260807,76,301,436,265,196,2,2,FMV001452,1452,1999.2400,1999.2400,1999.2400,16.5000,1,1,2026-08-24T00:00:00.000
1453,20260820,20260812,158,349,150,52,229,14,5,FMV001453,1453,2000.6100,2000.6100,2000.6100,17.2000,1,1,2026-08-24T00:00:00.000
1454,20260622,20260724,358,80,285,423,237,9,5,FMV001454,1454,2001.9800,2001.9800,2001.9800,17.9000,1,1,2026-08-24T00:00:00.000
1455,20260805,20260601,471,343,168,258,280,4,3,FMV001455,1455,2003.3500,2003.3500,2003.3500,18.6000,1,1,2026-08-24T00:00:00.000
1456,20260624,20260715,441,36,376,86,115,18,2,FMV001456,1456,2004.7200,2004.7200,2004.7200,19.3000,1,1,2026-08-24T00:00:00.000
1457,20260601,20260701,403,315,152,102,310,5,3,FMV001457,1457,2006.0900,2006.0900,2006.0900,20.0000,1,1,2026-08-24T00:00:00.000
1458,20260817,20260529,373,125,410,16,361,18,2,FMV001458,1458,2007.4600,2007.4600,2007.4600,20.7000,1,1,2026-08-24T00:00:00.000
1459,20260712,20260705,78,89,223,221,122,4,3,FMV001459,1459,2008.8300,2008.8300,2008.8300,21.4000,1,1,2026-08-24T00:00:00.000
1460,20260623,20260707,50,165,212,80,106,5,3,FMV001460,1460,2010.2000,2010.2000,2010.2000,22.1000,1,1,2026-08-24T00:00:00.000
1461,20260628,20260605,459,64,48,274,23,10,5,FMV001461,1461,2011.5700,2011.5700,2011.5700,22.8000,1,1,2026-08-24T00:00:00.000
1462,20260528,20260624,359,309,-1,-1,303,3,2,FMV001462,1462,2012.9400,2012.9400,2012.9400,23.5000,1,1,2026-08-24T00:00:00.000
1463,20260802,20260630,308,170,35,91,259,16,2,FMV001463,1463,2014.3100,2014.3100,2014.3100,24.2000,1,1,2026-08-24T00:00:00.000
1464,20260824,20260617,197,222,185,106,283,15,5,FMV001464,1464,2015.6800,2015.6800,2015.6800,24.9000,1,1,2026-08-24T00:00:00.000
1465,20260618,20260729,437,142,100,170,282,18,2,FMV001465,1465,2017.0500,2017.0500,2017.0500,25.6000,1,1,2026-08-24T00:00:00.000
1466,20260725,20260721,201,30,182,339,132,20,5,FMV001466,1466,2018.4200,2018.4200,2018.4200,26.3000,1,1,2026-08-24T00:00:00.000
1467,20260614,20260821,415,220,37,107,51,20,5,FMV001467,1467,2019.7900,2019.7900,2019.7900,27.0000,1,1,2026-08-24T00:00:00.000
1468,20260629,20260528,413,24,401,498,495,3,4,FMV001468,1468,2021.1600,2021.1600,2021.1600,27.7000,1,1,2026-08-24T00:00:00.000
1469,20260820,20260812,8,8,163,403,229,3,5,FMV001469,1469,2022.5300,2022.5300,2022.5300,28.4000,1,1,2026-08-24T00:00:00.000
1470,20260723,20260623,32,24,114,346,2,6,4,FMV001470,1470,2023.9000,2023.9000,2023.9000,29.1000,1,1,2026-08-24T00:00:00.000
1471,20260811,20260605,475,325,95,436,30,12,1,FMV001471,1471,2025.2700,2025.2700,2025.2700,29.8000,1,1,2026-08-24T00:00:00.000
1472,20260718,20260622,97,199,500,495,99,20,1,FMV001472,1472,2026.6400,2026.6400,2026.6400,30.5000,1,1,2026-08-24T00:00:00.000
1473,20260601,20260703,329,103,151,364,254,5,1,FMV001473,1473,2028.0100,2028.0100,2028.0100,31.2000,1,1,2026-08-24T00:00:00.000
1474,20260813,20260629,29,334,65,442,328,7,1,FMV001474,1474,2029.3800,2029.3800,2029.3800,31.9000,1,1,2026-08-24T00:00:00.000
1475,20260615,20260702,57,46,175,384,310,4,1,FMV001475,1475,2030.7500,2030.7500,2030.7500,32.6000,1,1,2026-08-24T00:00:00.000
1476,20260624,20260709,350,173,71,153,332,5,4,FMV001476,1476,2032.1200,2032.1200,2032.1200,33.3000,1,1,2026-08-24T00:00:00.000
1477,20260629,20260812,249,64,421,470,323,6,1,FMV001477,1477,2033.4900,2033.4900,2033.4900,34.0000,1,1,2026-08-24T00:00:00.000
1478,20260810,20260803,50,68,127,387,322,13,1,FMV001478,1478,2034.8600,2034.8600,2034.8600,34.7000,1,1,2026-08-24T00:00:00.000
1479,20260622,20260823,364,349,-1,-1,78,16,2,FMV001479,1479,2036.2300,2036.2300,2036.2300,35.4000,1,1,2026-08-24T00:00:00.000
1480,20260610,20260808,170,65,195,99,73,15,5,FMV001480,1480,2037.6000,2037.6000,2037.6000,36.1000,1,1,2026-08-24T00:00:00.000
1481,20260604,20260603,86,114,13,439,64,1,3,FMV001481,1481,2038.9700,2038.9700,2038.9700,36.8000,1,1,2026-08-24T00:00:00.000
1482,20260808,20260727,252,225,65,463,384,5,3,FMV001482,1482,2040.3400,2040.3400,2040.3400,37.5000,1,1,2026-08-24T00:00:00.000
1483,20260528,20260820,79,179,280,300,376,11,4,FMV001483,1483,2041.7100,2041.7100,2041.7100,38.2000,1,1,2026-08-24T00:00:00.000
1484,20260721,20260821,112,280,475,328,296,1,4,FMV001484,1484,2043.0800,2043.0800,2043.0800,38.9000,1,1,2026-08-24T00:00:00.000
1485,20260606,20260824,210,88,118,226,483,11,1,FMV001485,1485,2044.4500,2044.4500,2044.4500,39.6000,1,1,2026-08-24T00:00:00.000
1486,20260707,20260705,94,154,50,272,90,2,1,FMV001486,1486,2045.8200,2045.8200,2045.8200,40.3000,1,1,2026-08-24T00:00:00.000
1487,20260714,20260603,106,68,475,140,133,15,5,FMV001487,1487,2047.1900,2047.1900,2047.1900,41.0000,1,1,2026-08-24T00:00:00.000
1488,20260813,20260531,254,59,436,372,481,20,4,FMV001488,1488,2048.5600,2048.5600,2048.5600,41.7000,1,1,2026-08-24T00:00:00.000
1489,20260705,20260613,438,262,197,226,327,20,5,FMV001489,1489,2049.9300,2049.9300,2049.9300,42.4000,1,1,2026-08-24T00:00:00.000
1490,20260803,20260820,15,95,244,32,158,6,3,FMV001490,1490,2051.3000,2051.3000,2051.3000,43.1000,1,1,2026-08-24T00:00:00.000
1491,20260819,20260610,474,121,377,215,303,15,5,FMV001491,1491,2052.6700,2052.6700,2052.6700,43.8000,1,1,2026-08-24T00:00:00.000
1492,20260729,20260803,500,67,407,295,99,17,4,FMV001492,1492,2054.0400,2054.0400,2054.0400,44.5000,1,1,2026-08-24T00:00:00.000
1493,20260822,20260801,22,158,237,6,347,18,2,FMV001493,1493,2055.4100,2055.4100,2055.4100,45.2000,1,1,2026-08-24T00:00:00.000
1494,20260625,20260820,258,84,199,271,37,10,5,FMV001494,1494,2056.7800,2056.7800,2056.7800,45.9000,1,1,2026-08-24T00:00:00.000
1495,20260627,20260624,101,211,348,17,83,8,4,FMV001495,1495,2058.1500,2058.1500,2058.1500,46.6000,1,1,2026-08-24T00:00:00.000
1496,20260703,20260614,317,344,-1,-1,461,6,4,FMV001496,1496,2059.5200,2059.5200,2059.5200,47.3000,1,1,2026-08-24T00:00:00.000
1497,20260710,20260818,229,210,462,458,107,8,2,FMV001497,1497,2060.8900,2060.8900,2060.8900,48.0000,1,1,2026-08-24T00:00:00.000
1498,20260814,20260604,171,202,422,269,407,14,3,FMV001498,1498,2062.2600,2062.2600,2062.2600,48.7000,1,1,2026-08-24T00:00:00.000
1499,20260815,20260705,439,73,493,461,314,4,4,FMV001499,1499,2063.6300,2063.6300,2063.6300,49.4000,1,1,2026-08-24T00:00:00.000
1500,20260702,20260804,9,90,409,307,345,19,3,FMV001500,1500,2065.0000,2065.0000,2065.0000,50.1000,1,1,2026-08-24T00:00:00.000
1501,20260529,20260729,358,12,283,88,416,15,4,FMV001501,1501,2066.3700,2066.3700,2066.3700,50.8000,1,1,2026-08-24T00:00:00.000
1502,20260628,20260810,253,12,226,381,332,13,3,FMV001502,1502,2067.7400,2067.7400,2067.7400,51.5000,1,1,2026-08-24T00:00:00.000
1503,20260715,20260614,231,327,330,196,56,18,4,FMV001503,1503,2069.1100,2069.1100,2069.1100,52.2000,1,1,2026-08-24T00:00:00.000
1504,20260617,20260527,34,178,418,2,47,1,5,FMV001504,1504,2070.4800,2070.4800,2070.4800,52.9000,1,1,2026-08-24T00:00:00.000
1505,20260608,20260609,272,206,322,39,379,2,1,FMV001505,1505,2071.8500,2071.8500,2071.8500,53.6000,1,1,2026-08-24T00:00:00.000
1506,20260602,20260814,438,219,92,403,426,2,1,FMV001506,1506,2073.2200,2073.2200,2073.2200,54.3000,1,1,2026-08-24T00:00:00.000
1507,20260730,20260624,239,210,149,493,475,7,4,FMV001507,1507,2074.5900,2074.5900,2074.5900,55.0000,1,1,2026-08-24T00:00:00.000
1508,20260811,20260609,208,28,53,266,155,13,2,FMV001508,1508,2075.9600,2075.9600,2075.9600,55.7000,1,1,2026-08-24T00:00:00.000
1509,20260806,20260704,209,55,347,207,216,16,1,FMV001509,1509,2077.3300,2077.3300,2077.3300,56.4000,1,1,2026-08-24T00:00:00.000
1510,20260723,20260821,115,24,153,433,466,13,2,FMV001510,1510,2078.7000,2078.7000,2078.7000,57.1000,1,1,2026-08-24T00:00:00.000
1511,20260619,20260814,421,46,318,342,18,7,2,FMV001511,1511,2080.0700,2080.0700,2080.0700,57.8000,1,1,2026-08-24T00:00:00.000
1512,20260804,20260531,39,231,12,9,293,16,4,FMV001512,1512,2081.4400,2081.4400,2081.4400,58.5000,1,1,2026-08-24T00:00:00.000
1513,20260606,20260729,459,276,-1,-1,450,20,4,FMV001513,1513,2082.8100,2082.8100,2082.8100,59.2000,1,1,2026-08-24T00:00:00.000
1514,20260803,20260629,165,197,415,152,470,5,1,FMV001514,1514,2084.1800,2084.1800,2084.1800,59.9000,1,1,2026-08-24T00:00:00.000
1515,20260629,20260715,175,240,132,111,359,9,5,FMV001515,1515,2085.5500,2085.5500,2085.5500,60.6000,1,1,2026-08-24T00:00:00.000
1516,20260629,20260625,257,261,320,100,400,20,3,FMV001516,1516,2086.9200,2086.9200,2086.9200,61.3000,1,1,2026-08-24T00:00:00.000
1517,20260816,20260704,202,322,107,110,330,6,2,FMV001517,1517,2088.2900,2088.2900,2088.2900,62.0000,1,1,2026-08-24T00:00:00.000
1518,20260628,20260627,9,140,339,383,67,3,4,FMV001518,1518,2089.6600,2089.6600,2089.6600,62.7000,1,1,2026-08-24T00:00:00.000
1519,20260812,20260723,146,214,451,44,234,8,2,FMV001519,1519,2091.0300,2091.0300,2091.0300,63.4000,1,1,2026-08-24T00:00:00.000
1520,20260629,20260711,346,56,52,404,417,4,4,FMV001520,1520,2092.4000,2092.4000,2092.4000,64.1000,1,1,2026-08-24T00:00:00.000
1521,20260601,20260605,57,216,196,166,267,14,1,FMV001521,1521,2093.7700,2093.7700,2093.7700,64.8000,1,1,2026-08-24T00:00:00.000
1522,20260824,20260708,18,136,216,22,285,7,3,FMV001522,1522,2095.1400,2095.1400,2095.1400,65.5000,1,1,2026-08-24T00:00:00.000
1523,20260703,20260727,170,170,249,79,438,2,1,FMV001523,1523,2096.5100,2096.5100,2096.5100,66.2000,1,1,2026-08-24T00:00:00.000
1524,20260608,20260617,38,7,48,297,8,6,2,FMV001524,1524,2097.8800,2097.8800,2097.8800,66.9000,1,1,2026-08-24T00:00:00.000
1525,20260612,20260527,56,333,430,308,63,17,3,FMV001525,1525,2099.2500,2099.2500,2099.2500,67.6000,1,1,2026-08-24T00:00:00.000
1526,20260618,20260812,373,145,315,148,22,16,3,FMV001526,1526,2100.6200,2100.6200,2100.6200,68.3000,1,1,2026-08-24T00:00:00.000
1527,20260620,20260603,94,138,196,439,371,2,2,FMV001527,1527,2101.9900,2101.9900,2101.9900,69.0000,1,1,2026-08-24T00:00:00.000
1528,20260822,20260822,14,172,391,140,219,9,5,FMV001528,1528,2103.3600,2103.3600,2103.3600,69.7000,1,1,2026-08-24T00:00:00.000
1529,20260822,20260809,429,169,13,101,399,10,4,FMV001529,1529,2104.7300,2104.7300,2104.7300,70.4000,1,1,2026-08-24T00:00:00.000
1530,20260724,20260626,78,278,-1,-1,484,14,4,FMV001530,1530,2106.1000,2106.1000,2106.1000,71.1000,1,1,2026-08-24T00:00:00.000
1531,20260625,20260717,28,116,379,491,405,9,3,FMV001531,1531,2107.4700,2107.4700,2107.4700,71.8000,1,1,2026-08-24T00:00:00.000
1532,20260724,20260804,191,46,35,219,166,14,5,FMV001532,1532,2108.8400,2108.8400,2108.8400,72.5000,1,1,2026-08-24T00:00:00.000
1533,20260601,20260716,80,296,162,62,273,17,4,FMV001533,1533,2110.2100,2110.2100,2110.2100,73.2000,1,1,2026-08-24T00:00:00.000
1534,20260720,20260706,14,112,363,24,348,5,4,FMV001534,1534,2111.5800,2111.5800,2111.5800,73.9000,1,1,2026-08-24T00:00:00.000
1535,20260703,20260620,397,17,500,286,334,5,5,FMV001535,1535,2112.9500,2112.9500,2112.9500,74.6000,1,1,2026-08-24T00:00:00.000
1536,20260603,20260703,124,229,475,381,123,6,3,FMV001536,1536,2114.3200,2114.3200,2114.3200,75.3000,1,1,2026-08-24T00:00:00.000
1537,20260623,20260607,425,303,112,338,163,16,4,FMV001537,1537,2115.6900,2115.6900,2115.6900,76.0000,1,1,2026-08-24T00:00:00.000
1538,20260711,20260808,9,83,140,1,335,2,4,FMV001538,1538,2117.0600,2117.0600,2117.0600,76.7000,1,1,2026-08-24T00:00:00.000
1539,20260721,20260602,461,225,357,23,154,6,4,FMV001539,1539,2118.4300,2118.4300,2118.4300,77.4000,1,1,2026-08-24T00:00:00.000
1540,20260602,20260606,439,141,488,186,446,8,4,FMV001540,1540,2119.8000,2119.8000,2119.8000,78.1000,1,1,2026-08-24T00:00:00.000
1541,20260822,20260817,449,93,149,226,165,17,5,FMV001541,1541,2121.1700,2121.1700,2121.1700,78.8000,1,1,2026-08-24T00:00:00.000
1542,20260612,20260727,447,27,367,82,75,5,2,FMV001542,1542,2122.5400,2122.5400,2122.5400,79.5000,1,1,2026-08-24T00:00:00.000
1543,20260725,20260808,436,243,387,29,408,13,4,FMV001543,1543,2123.9100,2123.9100,2123.9100,80.2000,1,1,2026-08-24T00:00:00.000
1544,20260812,20260801,242,43,410,32,412,2,3,FMV001544,1544,2125.2800,2125.2800,2125.2800,80.9000,1,1,2026-08-24T00:00:00.000
1545,20260725,20260529,453,21,344,159,422,20,5,FMV001545,1545,2126.6500,2126.6500,2126.6500,81.6000,1,1,2026-08-24T00:00:00.000
1546,20260605,20260629,102,95,485,239,483,3,3,FMV001546,1546,2128.0200,2128.0200,2128.0200,82.3000,1,1,2026-08-24T00:00:00.000
1547,20260622,20260705,249,55,-1,-1,208,14,2,FMV001547,1547,2129.3900,2129.3900,2129.3900,83.0000,1,1,2026-08-24T00:00:00.000
1548,20260731,20260717,134,210,317,438,40,12,2,FMV001548,1548,2130.7600,2130.7600,2130.7600,83.7000,1,1,2026-08-24T00:00:00.000
1549,20260620,20260601,417,229,428,37,133,11,3,FMV001549,1549,2132.1300,2132.1300,2132.1300,84.4000,1,1,2026-08-24T00:00:00.000
1550,20260603,20260727,490,310,362,407,55,6,4,FMV001550,1550,2133.5000,2133.5000,2133.5000,85.1000,1,1,2026-08-24T00:00:00.000
1551,20260712,20260808,366,179,48,408,480,16,5,FMV001551,1551,2134.8700,2134.8700,2134.8700,85.8000,1,1,2026-08-24T00:00:00.000
1552,20260808,20260812,47,20,139,140,491,19,4,FMV001552,1552,2136.2400,2136.2400,2136.2400,86.5000,1,1,2026-08-24T00:00:00.000
1553,20260824,20260626,187,106,488,229,94,8,3,FMV001553,1553,2137.6100,2137.6100,2137.6100,87.2000,1,1,2026-08-24T00:00:00.000
1554,20260712,20260715,195,93,45,218,487,12,4,FMV001554,1554,2138.9800,2138.9800,2138.9800,87.9000,1,1,2026-08-24T00:00:00.000
1555,20260802,20260815,460,82,474,268,466,13,3,FMV001555,1555,2140.3500,2140.3500,2140.3500,88.6000,1,1,2026-08-24T00:00:00.000
1556,20260718,20260712,381,226,287,44,429,2,3,FMV001556,1556,2141.7200,2141.7200,2141.7200,89.3000,1,1,2026-08-24T00:00:00.000
1557,20260621,20260816,365,195,213,43,212,15,2,FMV001557,1557,2143.0900,2143.0900,2143.0900,90.0000,1,1,2026-08-24T00:00:00.000
1558,20260810,20260803,163,216,159,281,226,9,5,FMV001558,1558,2144.4600,2144.4600,2144.4600,90.7000,1,1,2026-08-24T00:00:00.000
1559,20260708,20260612,420,127,293,208,4,1,5,FMV001559,1559,2145.8300,2145.8300,2145.8300,91.4000,1,1,2026-08-24T00:00:00.000
1560,20260804,20260803,88,40,91,453,499,10,5,FMV001560,1560,2147.2000,2147.2000,2147.2000,92.1000,1,1,2026-08-24T00:00:00.000
1561,20260604,20260528,332,178,256,337,499,13,1,FMV001561,1561,2148.5700,2148.5700,2148.5700,92.8000,1,1,2026-08-24T00:00:00.000
1562,20260725,20260712,320,180,146,297,29,15,5,FMV001562,1562,2149.9400,2149.9400,2149.9400,93.5000,1,1,2026-08-24T00:00:00.000
1563,20260528,20260617,313,27,51,347,133,20,3,FMV001563,1563,2151.3100,2151.3100,2151.3100,94.2000,1,1,2026-08-24T00:00:00.000
1564,20260812,20260624,370,67,-1,-1,58,19,2,FMV001564,1564,2152.6800,2152.6800,2152.6800,94.9000,1,1,2026-08-24T00:00:00.000
1565,20260701,20260606,120,312,73,54,440,19,5,FMV001565,1565,2154.0500,2154.0500,2154.0500,95.6000,1,1,2026-08-24T00:00:00.000
1566,20260731,20260817,20,316,479,230,9,8,2,FMV001566,1566,2155.4200,2155.4200,2155.4200,96.3000,1,1,2026-08-24T00:00:00.000
1567,20260719,20260627,414,76,200,260,23,15,5,FMV001567,1567,2156.7900,2156.7900,2156.7900,97.0000,1,1,2026-08-24T00:00:00.000
1568,20260712,20260804,105,349,369,164,465,10,3,FMV001568,1568,2158.1600,2158.1600,2158.1600,97.7000,1,1,2026-08-24T00:00:00.000
1569,20260818,20260729,430,236,235,300,447,18,2,FMV001569,1569,2159.5300,2159.5300,2159.5300,98.4000,1,1,2026-08-24T00:00:00.000
1570,20260815,20260726,221,65,468,282,35,2,4,FMV001570,1570,2160.9000,2160.9000,2160.9000,99.1000,1,1,2026-08-24T00:00:00.000
1571,20260618,20260530,198,322,21,400,225,20,4,FMV001571,1571,2162.2700,2162.2700,2162.2700,99.8000,1,1,2026-08-24T00:00:00.000
1572,20260714,20260615,438,217,171,85,142,5,2,FMV001572,1572,2163.6400,2163.6400,2163.6400,100.5000,1,1,2026-08-24T00:00:00.000
1573,20260804,20260608,402,170,388,404,211,6,3,FMV001573,1573,2165.0100,2165.0100,2165.0100,101.2000,1,1,2026-08-24T00:00:00.000
1574,20260815,20260811,144,93,174,416,455,20,4,FMV001574,1574,2166.3800,2166.3800,2166.3800,101.9000,1,1,2026-08-24T00:00:00.000
1575,20260817,20260730,398,198,135,102,488,11,4,FMV001575,1575,2167.7500,2167.7500,2167.7500,102.6000,1,1,2026-08-24T00:00:00.000
1576,20260628,20260531,146,263,278,273,177,10,5,FMV001576,1576,2169.1200,2169.1200,2169.1200,103.3000,1,1,2026-08-24T00:00:00.000
1577,20260627,20260728,374,192,480,185,367,19,3,FMV001577,1577,2170.4900,2170.4900,2170.4900,104.0000,1,1,2026-08-24T00:00:00.000
1578,20260621,20260603,498,172,419,212,236,12,4,FMV001578,1578,2171.8600,2171.8600,2171.8600,104.7000,1,1,2026-08-24T00:00:00.000
1579,20260604,20260726,92,36,48,75,228,12,3,FMV001579,1579,2173.2300,2173.2300,2173.2300,105.4000,1,1,2026-08-24T00:00:00.000
1580,20260729,20260622,105,18,438,218,127,17,4,FMV001580,1580,2174.6000,2174.6000,2174.6000,106.1000,1,1,2026-08-24T00:00:00.000
1581,20260804,20260711,28,108,-1,-1,24,2,1,FMV001581,1581,2175.9700,2175.9700,2175.9700,106.8000,1,1,2026-08-24T00:00:00.000
1582,20260712,20260617,216,80,26,177,46,18,2,FMV001582,1582,2177.3400,2177.3400,2177.3400,107.5000,1,1,2026-08-24T00:00:00.000
1583,20260629,20260818,124,208,357,23,111,14,5,FMV001583,1583,2178.7100,2178.7100,2178.7100,108.2000,1,1,2026-08-24T00:00:00.000
1584,20260819,20260530,309,157,82,276,233,17,2,FMV001584,1584,2180.0800,2180.0800,2180.0800,108.9000,1,1,2026-08-24T00:00:00.000
1585,20260820,20260711,362,76,107,205,225,1,5,FMV001585,1585,2181.4500,2181.4500,2181.4500,109.6000,1,1,2026-08-24T00:00:00.000
1586,20260622,20260725,302,302,306,415,398,1,5,FMV001586,1586,2182.8200,2182.8200,2182.8200,110.3000,1,1,2026-08-24T00:00:00.000
1587,20260618,20260622,295,129,300,457,449,15,1,FMV001587,1587,2184.1900,2184.1900,2184.1900,111.0000,1,1,2026-08-24T00:00:00.000
1588,20260617,20260627,98,320,343,401,149,11,5,FMV001588,1588,2185.5600,2185.5600,2185.5600,111.7000,1,1,2026-08-24T00:00:00.000
1589,20260603,20260816,20,21,187,65,193,8,5,FMV001589,1589,2186.9300,2186.9300,2186.9300,112.4000,1,1,2026-08-24T00:00:00.000
1590,20260718,20260723,382,73,426,306,427,8,3,FMV001590,1590,2188.3000,2188.3000,2188.3000,113.1000,1,1,2026-08-24T00:00:00.000
1591,20260626,20260812,32,63,2,326,471,5,3,FMV001591,1591,2189.6700,2189.6700,2189.6700,113.8000,1,1,2026-08-24T00:00:00.000
1592,20260630,20260625,43,205,435,292,371,14,1,FMV001592,1592,2191.0400,2191.0400,2191.0400,114.5000,1,1,2026-08-24T00:00:00.000
1593,20260528,20260803,436,99,433,123,450,16,2,FMV001593,1593,2192.4100,2192.4100,2192.4100,115.2000,1,1,2026-08-24T00:00:00.000
1594,20260715,20260707,104,130,305,298,305,10,2,FMV001594,1594,2193.7800,2193.7800,2193.7800,115.9000,1,1,2026-08-24T00:00:00.000
1595,20260607,20260805,50,236,273,206,452,9,1,FMV001595,1595,2195.1500,2195.1500,2195.1500,116.6000,1,1,2026-08-24T00:00:00.000
1596,20260729,20260705,261,205,38,198,167,6,3,FMV001596,1596,2196.5200,2196.5200,2196.5200,117.3000,1,1,2026-08-24T00:00:00.000
1597,20260604,20260601,166,266,397,49,404,7,2,FMV001597,1597,2197.8900,2197.8900,2197.8900,118.0000,1,1,2026-08-24T00:00:00.000
1598,20260726,20260803,13,197,-1,-1,431,18,1,FMV001598,1598,2199.2600,2199.2600,2199.2600,118.7000,1,1,2026-08-24T00:00:00.000
1599,20260717,20260605,443,350,143,137,466,12,1,FMV001599,1599,2200.6300,2200.6300,2200.6300,119.4000,1,1,2026-08-24T00:00:00.000
1600,20260810,20260619,6,75,430,367,318,4,1,FMV001600,1600,2202.0000,2202.0000,2202.0000,120.1000,1,1,2026-08-24T00:00:00.000
1601,20260804,20260601,329,243,142,463,366,9,5,FMV001601,1601,2203.3700,2203.3700,2203.3700,120.8000,1,1,2026-08-24T00:00:00.000
1602,20260618,20260604,142,60,300,150,161,9,5,FMV001602,1602,2204.7400,2204.7400,2204.7400,121.5000,1,1,2026-08-24T00:00:00.000
1603,20260709,20260820,209,309,41,195,165,13,2,FMV001603,1603,2206.1100,2206.1100,2206.1100,122.2000,1,1,2026-08-24T00:00:00.000
1604,20260714,20260729,209,176,155,218,46,11,1,FMV001604,1604,2207.4800,2207.4800,2207.4800,122.9000,1,1,2026-08-24T00:00:00.000
1605,20260816,20260709,427,42,337,145,142,20,4,FMV001605,1605,2208.8500,2208.8500,2208.8500,123.6000,1,1,2026-08-24T00:00:00.000
1606,20260712,20260726,102,22,373,155,79,18,5,FMV001606,1606,2210.2200,2210.2200,2210.2200,124.3000,1,1,2026-08-24T00:00:00.000
1607,20260810,20260814,381,284,451,394,191,13,1,FMV001607,1607,2211.5900,2211.5900,2211.5900,125.0000,1,1,2026-08-24T00:00:00.000
1608,20260612,20260802,175,148,136,105,327,15,4,FMV001608,1608,2212.9600,2212.9600,2212.9600,125.7000,1,1,2026-08-24T00:00:00.000
1609,20260618,20260708,265,88,244,439,264,10,4,FMV001609,1609,2214.3300,2214.3300,2214.3300,126.4000,1,1,2026-08-24T00:00:00.000
1610,20260815,20260528,294,251,495,462,247,2,2,FMV001610,1610,2215.7000,2215.7000,2215.7000,127.1000,1,1,2026-08-24T00:00:00.000
1611,20260810,20260726,376,21,114,351,447,11,1,FMV001611,1611,2217.0700,2217.0700,2217.0700,127.8000,1,1,2026-08-24T00:00:00.000
1612,20260604,20260730,200,322,265,132,16,8,1,FMV001612,1612,2218.4400,2218.4400,2218.4400,128.5000,1,1,2026-08-24T00:00:00.000
1613,20260527,20260527,377,167,416,410,440,7,3,FMV001613,1613,2219.8100,2219.8100,2219.8100,129.2000,1,1,2026-08-24T00:00:00.000
1614,20260716,20260605,476,313,149,137,313,7,4,FMV001614,1614,2221.1800,2221.1800,2221.1800,129.9000,1,1,2026-08-24T00:00:00.000
1615,20260626,20260803,181,342,-1,-1,217,3,2,FMV001615,1615,2222.5500,2222.5500,2222.5500,130.6000,1,1,2026-08-24T00:00:00.000
1616,20260529,20260531,474,68,441,327,401,13,4,FMV001616,1616,2223.9200,2223.9200,2223.9200,131.3000,1,1,2026-08-24T00:00:00.000
1617,20260702,20260530,488,336,43,488,56,12,3,FMV001617,1617,2225.2900,2225.2900,2225.2900,132.0000,1,1,2026-08-24T00:00:00.000
1618,20260720,20260717,137,2,197,313,486,19,2,FMV001618,1618,2226.6600,2226.6600,2226.6600,132.7000,1,1,2026-08-24T00:00:00.000
1619,20260724,20260614,273,251,390,108,90,5,1,FMV001619,1619,2228.0300,2228.0300,2228.0300,133.4000,1,1,2026-08-24T00:00:00.000
1620,20260611,20260713,186,7,495,207,306,18,4,FMV001620,1620,2229.4000,2229.4000,2229.4000,134.1000,1,1,2026-08-24T00:00:00.000
1621,20260803,20260810,442,225,297,316,374,14,3,FMV001621,1621,2230.7700,2230.7700,2230.7700,134.8000,1,1,2026-08-24T00:00:00.000
1622,20260713,20260716,383,113,96,224,262,1,2,FMV001622,1622,2232.1400,2232.1400,2232.1400,135.5000,1,1,2026-08-24T00:00:00.000
1623,20260719,20260601,432,322,97,95,271,10,1,FMV001623,1623,2233.5100,2233.5100,2233.5100,136.2000,1,1,2026-08-24T00:00:00.000
1624,20260607,20260604,2,267,435,271,18,10,3,FMV001624,1624,2234.8800,2234.8800,2234.8800,136.9000,1,1,2026-08-24T00:00:00.000
1625,20260815,20260527,133,188,86,79,451,16,5,FMV001625,1625,2236.2500,2236.2500,2236.2500,137.6000,1,1,2026-08-24T00:00:00.000
1626,20260706,20260813,179,343,171,306,111,7,2,FMV001626,1626,2237.6200,2237.6200,2237.6200,138.3000,1,1,2026-08-24T00:00:00.000
1627,20260601,20260611,183,210,207,309,79,15,5,FMV001627,1627,2238.9900,2238.9900,2238.9900,139.0000,1,1,2026-08-24T00:00:00.000
1628,20260703,20260715,288,167,494,299,447,9,5,FMV001628,1628,2240.3600,2240.3600,2240.3600,139.7000,1,1,2026-08-24T00:00:00.000
1629,20260715,20260817,296,9,421,16,377,1,1,FMV001629,1629,2241.7300,2241.7300,2241.7300,140.4000,1,1,2026-08-24T00:00:00.000
1630,20260704,20260527,346,218,348,452,424,19,1,FMV001630,1630,2243.1000,2243.1000,2243.1000,141.1000,1,1,2026-08-24T00:00:00.000
1631,20260727,20260622,214,186,1,446,288,5,2,FMV001631,1631,2244.4700,2244.4700,2244.4700,141.8000,1,1,2026-08-24T00:00:00.000
1632,20260824,20260809,394,322,-1,-1,384,17,5,FMV001632,1632,2245.8400,2245.8400,2245.8400,142.5000,1,1,2026-08-24T00:00:00.000
1633,20260528,20260811,243,234,234,412,44,10,2,FMV001633,1633,2247.2100,2247.2100,2247.2100,143.2000,1,1,2026-08-24T00:00:00.000
1634,20260625,20260603,186,327,456,285,451,3,4,FMV001634,1634,2248.5800,2248.5800,2248.5800,143.9000,1,1,2026-08-24T00:00:00.000
1635,20260730,20260614,122,197,165,466,29,1,3,FMV001635,1635,2249.9500,2249.9500,2249.9500,144.6000,1,1,2026-08-24T00:00:00.000
1636,20260721,20260626,153,11,122,192,117,4,4,FMV001636,1636,2251.3200,2251.3200,2251.3200,145.3000,1,1,2026-08-24T00:00:00.000
1637,20260614,20260819,428,132,268,23,104,7,3,FMV001637,1637,2252.6900,2252.6900,2252.6900,146.0000,1,1,2026-08-24T00:00:00.000
1638,20260820,20260724,493,72,320,427,315,2,2,FMV001638,1638,2254.0600,2254.0600,2254.0600,146.7000,1,1,2026-08-24T00:00:00.000
1639,20260807,20260625,278,31,53,272,141,11,4,FMV001639,1639,2255.4300,2255.4300,2255.4300,147.4000,1,1,2026-08-24T00:00:00.000
1640,20260707,20260819,214,208,483,271,409,13,3,FMV001640,1640,2256.8000,2256.8000,2256.8000,148.1000,1,1,2026-08-24T00:00:00.000
1641,20260528,20260721,436,165,183,382,259,5,1,FMV001641,1641,2258.1700,2258.1700,2258.1700,148.8000,1,1,2026-08-24T00:00:00.000
1642,20260804,20260601,63,165,249,491,27,11,2,FMV001642,1642,2259.5400,2259.5400,2259.5400,149.5000,1,1,2026-08-24T00:00:00.000
1643,20260721,20260527,5,342,462,130,385,16,1,FMV001643,1643,2260.9100,2260.9100,2260.9100,150.2000,1,1,2026-08-24T00:00:00.000
1644,20260806,20260527,170,228,216,248,225,11,2,FMV001644,1644,2262.2800,2262.2800,2262.2800,150.9000,1,1,2026-08-24T00:00:00.000
1645,20260820,20260715,333,268,159,32,359,2,1,FMV001645,1645,2263.6500,2263.6500,2263.6500,151.6000,1,1,2026-08-24T00:00:00.000
1646,20260801,20260818,377,227,157,288,23,20,5,FMV001646,1646,2265.0200,2265.0200,2265.0200,152.3000,1,1,2026-08-24T00:00:00.000
1647,20260811,20260727,35,340,362,368,390,6,1,FMV001647,1647,2266.3900,2266.3900,2266.3900,153.0000,1,1,2026-08-24T00:00:00.000
1648,20260704,20260625,60,274,443,404,219,4,4,FMV001648,1648,2267.7600,2267.7600,2267.7600,153.7000,1,1,2026-08-24T00:00:00.000
1649,20260803,20260529,411,73,-1,-1,228,10,1,FMV001649,1649,2269.1300,2269.1300,2269.1300,154.4000,1,1,2026-08-24T00:00:00.000
1650,20260704,20260723,124,134,359,245,184,16,3,FMV001650,1650,2270.5000,2270.5000,2270.5000,155.1000,1,1,2026-08-24T00:00:00.000
1651,20260625,20260731,2,172,450,50,342,6,3,FMV001651,1651,2271.8700,2271.8700,2271.8700,155.8000,1,1,2026-08-24T00:00:00.000
1652,20260804,20260809,261,81,44,3,486,16,2,FMV001652,1652,2273.2400,2273.2400,2273.2400,156.5000,1,1,2026-08-24T00:00:00.000
1653,20260805,20260531,54,337,400,33,201,8,3,FMV001653,1653,2274.6100,2274.6100,2274.6100,157.2000,1,1,2026-08-24T00:00:00.000
1654,20260720,20260704,343,271,134,95,281,14,2,FMV001654,1654,2275.9800,2275.9800,2275.9800,157.9000,1,1,2026-08-24T00:00:00.000
1655,20260806,20260607,477,279,149,61,121,1,4,FMV001655,1655,2277.3500,2277.3500,2277.3500,158.6000,1,1,2026-08-24T00:00:00.000
1656,20260625,20260728,124,5,250,302,449,17,4,FMV001656,1656,2278.7200,2278.7200,2278.7200,159.3000,1,1,2026-08-24T00:00:00.000
1657,20260528,20260803,494,86,435,166,230,20,4,FMV001657,1657,2280.0900,2280.0900,2280.0900,160.0000,1,1,2026-08-24T00:00:00.000
1658,20260625,20260527,337,227,152,168,296,3,1,FMV001658,1658,2281.4600,2281.4600,2281.4600,160.7000,1,1,2026-08-24T00:00:00.000
1659,20260606,20260802,387,215,79,310,405,20,4,FMV001659,1659,2282.8300,2282.8300,2282.8300,161.4000,1,1,2026-08-24T00:00:00.000
1660,20260714,20260809,188,249,196,157,125,16,4,FMV001660,1660,2284.2000,2284.2000,2284.2000,162.1000,1,1,2026-08-24T00:00:00.000
1661,20260731,20260718,391,247,173,187,459,6,4,FMV001661,1661,2285.5700,2285.5700,2285.5700,162.8000,1,1,2026-08-24T00:00:00.000
1662,20260824,20260805,153,227,282,459,123,6,4,FMV001662,1662,2286.9400,2286.9400,2286.9400,163.5000,1,1,2026-08-24T00:00:00.000
1663,20260820,20260623,314,343,52,4,137,18,4,FMV001663,1663,2288.3100,2288.3100,2288.3100,164.2000,1,1,2026-08-24T00:00:00.000
1664,20260716,20260606,439,115,378,379,378,11,2,FMV001664,1664,2289.6800,2289.6800,2289.6800,164.9000,1,1,2026-08-24T00:00:00.000
1665,20260604,20260624,161,212,396,379,384,6,4,FMV001665,1665,2291.0500,2291.0500,2291.0500,165.6000,1,1,2026-08-24T00:00:00.000
1666,20260627,20260607,256,196,-1,-1,383,1,4,FMV001666,1666,2292.4200,2292.4200,2292.4200,166.3000,1,1,2026-08-24T00:00:00.000
1667,20260720,20260619,163,207,101,28,249,7,5,FMV001667,1667,2293.7900,2293.7900,2293.7900,167.0000,1,1,2026-08-24T00:00:00.000
1668,20260821,20260617,89,144,457,251,216,3,5,FMV001668,1668,2295.1600,2295.1600,2295.1600,167.7000,1,1,2026-08-24T00:00:00.000
1669,20260529,20260527,478,303,315,237,110,14,2,FMV001669,1669,2296.5300,2296.5300,2296.5300,168.4000,1,1,2026-08-24T00:00:00.000
1670,20260602,20260722,459,306,423,146,383,7,4,FMV001670,1670,2297.9000,2297.9000,2297.9000,169.1000,1,1,2026-08-24T00:00:00.000
1671,20260726,20260806,317,338,55,147,5,15,1,FMV001671,1671,2299.2700,2299.2700,2299.2700,169.8000,1,1,2026-08-24T00:00:00.000
1672,20260610,20260805,428,222,55,454,378,5,5,FMV001672,1672,2300.6400,2300.6400,2300.6400,170.5000,1,1,2026-08-24T00:00:00.000
1673,20260707,20260603,301,187,331,445,324,3,5,FMV001673,1673,2302.0100,2302.0100,2302.0100,171.2000,1,1,2026-08-24T00:00:00.000
1674,20260601,20260819,255,104,155,182,95,20,2,FMV001674,1674,2303.3800,2303.3800,2303.3800,171.9000,1,1,2026-08-24T00:00:00.000
1675,20260619,20260823,121,213,390,125,130,7,1,FMV001675,1675,2304.7500,2304.7500,2304.7500,172.6000,1,1,2026-08-24T00:00:00.000
1676,20260708,20260702,409,108,90,484,165,12,2,FMV001676,1676,2306.1200,2306.1200,2306.1200,173.3000,1,1,2026-08-24T00:00:00.000
1677,20260614,20260815,263,336,432,408,440,13,2,FMV001677,1677,2307.4900,2307.4900,2307.4900,174.0000,1,1,2026-08-24T00:00:00.000
1678,20260622,20260701,250,217,407,88,500,5,4,FMV001678,1678,2308.8600,2308.8600,2308.8600,174.7000,1,1,2026-08-24T00:00:00.000
1679,20260605,20260717,432,217,307,417,105,20,2,FMV001679,1679,2310.2300,2310.2300,2310.2300,175.4000,1,1,2026-08-24T00:00:00.000
1680,20260620,20260709,157,207,261,330,441,4,3,FMV001680,1680,2311.6000,2311.6000,2311.6000,176.1000,1,1,2026-08-24T00:00:00.000
1681,20260812,20260705,460,336,245,105,329,5,2,FMV001681,1681,2312.9700,2312.9700,2312.9700,176.8000,1,1,2026-08-24T00:00:00.000
1682,20260703,20260817,430,308,303,263,353,5,4,FMV001682,1682,2314.3400,2314.3400,2314.3400,177.5000,1,1,2026-08-24T00:00:00.000
1683,20260601,20260810,173,130,-1,-1,234,10,5,FMV001683,1683,2315.7100,2315.7100,2315.7100,178.2000,1,1,2026-08-24T00:00:00.000
1684,20260624,20260729,129,146,354,461,462,3,5,FMV001684,1684,2317.0800,2317.0800,2317.0800,178.9000,1,1,2026-08-24T00:00:00.000
1685,20260530,20260701,187,324,282,19,234,10,3,FMV001685,1685,2318.4500,2318.4500,2318.4500,179.6000,1,1,2026-08-24T00:00:00.000
1686,20260624,20260610,211,46,208,387,295,6,1,FMV001686,1686,2319.8200,2319.8200,2319.8200,180.3000,1,1,2026-08-24T00:00:00.000
1687,20260604,20260811,452,202,278,416,251,20,3,FMV001687,1687,2321.1900,2321.1900,2321.1900,181.0000,1,1,2026-08-24T00:00:00.000
1688,20260622,20260819,359,104,353,476,119,10,2,FMV001688,1688,2322.5600,2322.5600,2322.5600,181.7000,1,1,2026-08-24T00:00:00.000
1689,20260727,20260731,405,112,325,379,196,9,2,FMV001689,1689,2323.9300,2323.9300,2323.9300,182.4000,1,1,2026-08-24T00:00:00.000
1690,20260626,20260613,482,279,162,209,226,10,4,FMV001690,1690,2325.3000,2325.3000,2325.3000,183.1000,1,1,2026-08-24T00:00:00.000
1691,20260607,20260621,352,290,164,159,419,19,1,FMV001691,1691,2326.6700,2326.6700,2326.6700,183.8000,1,1,2026-08-24T00:00:00.000
1692,20260728,20260721,480,342,15,139,230,15,5,FMV001692,1692,2328.0400,2328.0400,2328.0400,184.5000,1,1,2026-08-24T00:00:00.000
1693,20260704,20260727,365,149,186,62,463,2,5,FMV001693,1693,2329.4100,2329.4100,2329.4100,185.2000,1,1,2026-08-24T00:00:00.000
1694,20260820,20260619,141,252,275,323,314,14,5,FMV001694,1694,2330.7800,2330.7800,2330.7800,185.9000,1,1,2026-08-24T00:00:00.000
1695,20260709,20260627,257,75,272,39,298,2,2,FMV001695,1695,2332.1500,2332.1500,2332.1500,186.6000,1,1,2026-08-24T00:00:00.000
1696,20260812,20260815,413,10,326,364,147,9,4,FMV001696,1696,2333.5200,2333.5200,2333.5200,187.3000,1,1,2026-08-24T00:00:00.000
1697,20260727,20260606,382,132,221,6,239,14,1,FMV001697,1697,2334.8900,2334.8900,2334.8900,188.0000,1,1,2026-08-24T00:00:00.000
1698,20260705,20260724,96,342,423,294,34,9,1,FMV001698,1698,2336.2600,2336.2600,2336.2600,188.7000,1,1,2026-08-24T00:00:00.000
1699,20260627,20260613,113,337,264,157,105,6,4,FMV001699,1699,2337.6300,2337.6300,2337.6300,189.4000,1,1,2026-08-24T00:00:00.000
1700,20260725,20260808,313,98,-1,-1,416,12,3,FMV001700,1700,2339.0000,2339.0000,2339.0000,190.1000,1,1,2026-08-24T00:00:00.000
1701,20260707,20260814,29,70,68,461,433,11,5,FMV001701,1701,2340.3700,2340.3700,2340.3700,190.8000,1,1,2026-08-24T00:00:00.000
1702,20260606,20260815,441,116,60,88,226,7,1,FMV001702,1702,2341.7400,2341.7400,2341.7400,191.5000,1,1,2026-08-24T00:00:00.000
1703,20260804,20260703,472,189,407,258,314,8,3,FMV001703,1703,2343.1100,2343.1100,2343.1100,192.2000,1,1,2026-08-24T00:00:00.000
1704,20260630,20260624,415,16,360,102,425,11,4,FMV001704,1704,2344.4800,2344.4800,2344.4800,192.9000,1,1,2026-08-24T00:00:00.000
1705,20260807,20260621,136,14,92,318,233,6,5,FMV001705,1705,2345.8500,2345.8500,2345.8500,193.6000,1,1,2026-08-24T00:00:00.000
1706,20260802,20260626,61,196,137,194,253,12,3,FMV001706,1706,2347.2200,2347.2200,2347.2200,194.3000,1,1,2026-08-24T00:00:00.000
1707,20260618,20260607,246,344,356,381,349,5,1,FMV001707,1707,2348.5900,2348.5900,2348.5900,195.0000,1,1,2026-08-24T00:00:00.000
1708,20260618,20260805,400,139,101,115,425,19,2,FMV001708,1708,2349.9600,2349.9600,2349.9600,195.7000,1,1,2026-08-24T00:00:00.000
1709,20260723,20260809,150,185,274,228,232,20,2,FMV001709,1709,2351.3300,2351.3300,2351.3300,196.4000,1,1,2026-08-24T00:00:00.000
1710,20260722,20260624,3,204,487,250,317,16,2,FMV001710,1710,2352.7000,2352.7000,2352.7000,197.1000,1,1,2026-08-24T00:00:00.000
1711,20260630,20260625,144,246,460,200,475,17,4,FMV001711,1711,2354.0700,2354.0700,2354.0700,197.8000,1,1,2026-08-24T00:00:00.000
1712,20260810,20260616,82,229,154,341,111,20,1,FMV001712,1712,2355.4400,2355.4400,2355.4400,198.5000,1,1,2026-08-24T00:00:00.000
1713,20260806,20260821,24,194,280,329,451,5,3,FMV001713,1713,2356.8100,2356.8100,2356.8100,199.2000,1,1,2026-08-24T00:00:00.000
1714,20260711,20260823,457,339,137,183,92,10,1,FMV001714,1714,2358.1800,2358.1800,2358.1800,199.9000,1,1,2026-08-24T00:00:00.000
1715,20260613,20260822,374,133,439,461,356,4,1,FMV001715,1715,2359.5500,2359.5500,2359.5500,200.6000,1,1,2026-08-24T00:00:00.000
1716,20260611,20260727,481,331,231,376,490,13,1,FMV001716,1716,2360.9200,2360.9200,2360.9200,201.3000,1,1,2026-08-24T00:00:00.000
1717,20260820,20260814,203,167,-1,-1,274,2,5,FMV001717,1717,2362.2900,2362.2900,2362.2900,202.0000,1,1,2026-08-24T00:00:00.000
1718,20260709,20260821,212,60,360,231,333,8,1,FMV001718,1718,2363.6600,2363.6600,2363.6600,202.7000,1,1,2026-08-24T00:00:00.000
1719,20260616,20260729,470,216,267,283,113,10,3,FMV001719,1719,2365.0300,2365.0300,2365.0300,203.4000,1,1,2026-08-24T00:00:00.000
1720,20260627,20260622,436,230,451,406,49,5,4,FMV001720,1720,2366.4000,2366.4000,2366.4000,204.1000,1,1,2026-08-24T00:00:00.000
1721,20260607,20260624,106,242,425,266,423,18,3,FMV001721,1721,2367.7700,2367.7700,2367.7700,204.8000,1,1,2026-08-24T00:00:00.000
1722,20260606,20260824,331,349,60,1,278,1,5,FMV001722,1722,2369.1400,2369.1400,2369.1400,205.5000,1,1,2026-08-24T00:00:00.000
1723,20260718,20260824,465,350,414,285,22,11,1,FMV001723,1723,2370.5100,2370.5100,2370.5100,206.2000,1,1,2026-08-24T00:00:00.000
1724,20260719,20260728,479,120,307,264,481,19,2,FMV001724,1724,2371.8800,2371.8800,2371.8800,206.9000,1,1,2026-08-24T00:00:00.000
1725,20260817,20260818,380,26,45,454,206,3,2,FMV001725,1725,2373.2500,2373.2500,2373.2500,207.6000,1,1,2026-08-24T00:00:00.000
1726,20260709,20260724,372,30,437,276,93,4,3,FMV001726,1726,2374.6200,2374.6200,2374.6200,208.3000,1,1,2026-08-24T00:00:00.000
1727,20260715,20260627,285,343,481,338,209,11,1,FMV001727,1727,2375.9900,2375.9900,2375.9900,209.0000,1,1,2026-08-24T00:00:00.000
1728,20260705,20260725,424,134,151,239,456,17,2,FMV001728,1728,2377.3600,2377.3600,2377.3600,209.7000,1,1,2026-08-24T00:00:00.000
1729,20260628,20260803,420,92,291,426,321,4,1,FMV001729,1729,2378.7300,2378.7300,2378.7300,210.4000,1,1,2026-08-24T00:00:00.000
1730,20260614,20260712,55,339,284,446,491,16,4,FMV001730,1730,2380.1000,2380.1000,2380.1000,211.1000,1,1,2026-08-24T00:00:00.000
1731,20260721,20260816,415,221,373,462,474,14,1,FMV001731,1731,2381.4700,2381.4700,2381.4700,211.8000,1,1,2026-08-24T00:00:00.000
1732,20260714,20260703,356,221,336,497,81,9,5,FMV001732,1732,2382.8400,2382.8400,2382.8400,212.5000,1,1,2026-08-24T00:00:00.000
1733,20260819,20260728,99,234,1,447,283,13,1,FMV001733,1733,2384.2100,2384.2100,2384.2100,213.2000,1,1,2026-08-24T00:00:00.000
1734,20260731,20260612,497,73,-1,-1,471,13,3,FMV001734,1734,2385.5800,2385.5800,2385.5800,213.9000,1,1,2026-08-24T00:00:00.000
1735,20260804,20260823,215,243,112,443,483,1,5,FMV001735,1735,2386.9500,2386.9500,2386.9500,214.6000,1,1,2026-08-24T00:00:00.000
1736,20260803,20260629,169,35,350,244,36,9,5,FMV001736,1736,2388.3200,2388.3200,2388.3200,215.3000,1,1,2026-08-24T00:00:00.000
1737,20260805,20260818,376,171,65,392,400,7,2,FMV001737,1737,2389.6900,2389.6900,2389.6900,216.0000,1,1,2026-08-24T00:00:00.000
1738,20260713,20260708,132,41,409,234,431,12,1,FMV001738,1738,2391.0600,2391.0600,2391.0600,216.7000,1,1,2026-08-24T00:00:00.000
1739,20260818,20260722,298,236,374,276,195,7,2,FMV001739,1739,2392.4300,2392.4300,2392.4300,217.4000,1,1,2026-08-24T00:00:00.000
1740,20260625,20260824,25,192,102,19,193,13,1,FMV001740,1740,2393.8000,2393.8000,2393.8000,218.1000,1,1,2026-08-24T00:00:00.000
1741,20260618,20260612,194,55,228,355,206,12,2,FMV001741,1741,2395.1700,2395.1700,2395.1700,218.8000,1,1,2026-08-24T00:00:00.000
1742,20260811,20260818,298,65,397,245,151,18,5,FMV001742,1742,2396.5400,2396.5400,2396.5400,219.5000,1,1,2026-08-24T00:00:00.000
1743,20260629,20260811,390,184,259,250,177,3,5,FMV001743,1743,2397.9100,2397.9100,2397.9100,220.2000,1,1,2026-08-24T00:00:00.000
1744,20260716,20260716,371,246,256,289,119,3,2,FMV001744,1744,2399.2800,2399.2800,2399.2800,220.9000,1,1,2026-08-24T00:00:00.000
1745,20260621,20260817,62,297,38,39,314,15,2,FMV001745,1745,2400.6500,2400.6500,2400.6500,221.6000,1,1,2026-08-24T00:00:00.000
1746,20260708,20260728,6,56,81,78,461,18,5,FMV001746,1746,2402.0200,2402.0200,2402.0200,222.3000,1,1,2026-08-24T00:00:00.000
1747,20260804,20260719,410,258,317,115,191,4,5,FMV001747,1747,2403.3900,2403.3900,2403.3900,223.0000,1,1,2026-08-24T00:00:00.000
1748,20260628,20260605,415,152,488,224,22,3,5,FMV001748,1748,2404.7600,2404.7600,2404.7600,223.7000,1,1,2026-08-24T00:00:00.000
1749,20260628,20260812,140,235,115,66,337,8,3,FMV001749,1749,2406.1300,2406.1300,2406.1300,224.4000,1,1,2026-08-24T00:00:00.000
1750,20260715,20260620,202,281,66,440,185,16,4,FMV001750,1750,2407.5000,2407.5000,2407.5000,225.1000,1,1,2026-08-24T00:00:00.000
1751,20260721,20260821,328,202,-1,-1,238,7,3,FMV001751,1751,2408.8700,2408.8700,2408.8700,225.8000,1,1,2026-08-24T00:00:00.000
1752,20260528,20260808,119,320,497,429,344,12,3,FMV001752,1752,2410.2400,2410.2400,2410.2400,226.5000,1,1,2026-08-24T00:00:00.000
1753,20260527,20260713,450,342,452,319,283,20,4,FMV001753,1753,2411.6100,2411.6100,2411.6100,227.2000,1,1,2026-08-24T00:00:00.000
1754,20260813,20260802,368,177,214,92,246,3,2,FMV001754,1754,2412.9800,2412.9800,2412.9800,227.9000,1,1,2026-08-24T00:00:00.000
1755,20260804,20260530,475,17,67,342,430,11,5,FMV001755,1755,2414.3500,2414.3500,2414.3500,228.6000,1,1,2026-08-24T00:00:00.000
1756,20260803,20260611,136,12,240,494,61,3,1,FMV001756,1756,2415.7200,2415.7200,2415.7200,229.3000,1,1,2026-08-24T00:00:00.000
1757,20260623,20260718,53,167,346,440,276,6,1,FMV001757,1757,2417.0900,2417.0900,2417.0900,230.0000,1,1,2026-08-24T00:00:00.000
1758,20260615,20260707,173,62,73,114,427,8,1,FMV001758,1758,2418.4600,2418.4600,2418.4600,230.7000,1,1,2026-08-24T00:00:00.000
1759,20260811,20260706,324,224,355,98,27,8,3,FMV001759,1759,2419.8300,2419.8300,2419.8300,231.4000,1,1,2026-08-24T00:00:00.000
1760,20260721,20260812,349,150,500,133,349,17,5,FMV001760,1760,2421.2000,2421.2000,2421.2000,232.1000,1,1,2026-08-24T00:00:00.000
1761,20260620,20260722,322,347,302,14,192,5,4,FMV001761,1761,2422.5700,2422.5700,2422.5700,232.8000,1,1,2026-08-24T00:00:00.000
1762,20260813,20260616,132,118,424,297,426,19,3,FMV001762,1762,2423.9400,2423.9400,2423.9400,233.5000,1,1,2026-08-24T00:00:00.000
1763,20260822,20260811,293,271,495,473,233,20,3,FMV001763,1763,2425.3100,2425.3100,2425.3100,234.2000,1,1,2026-08-24T00:00:00.000
1764,20260626,20260528,496,336,322,371,391,4,1,FMV001764,1764,2426.6800,2426.6800,2426.6800,234.9000,1,1,2026-08-24T00:00:00.000
1765,20260709,20260702,268,129,191,238,125,3,4,FMV001765,1765,2428.0500,2428.0500,2428.0500,235.6000,1,1,2026-08-24T00:00:00.000
1766,20260602,20260706,47,303,302,66,448,16,4,FMV001766,1766,2429.4200,2429.4200,2429.4200,236.3000,1,1,2026-08-24T00:00:00.000
1767,20260617,20260716,128,310,174,18,172,15,2,FMV001767,1767,2430.7900,2430.7900,2430.7900,237.0000,1,1,2026-08-24T00:00:00.000
1768,20260609,20260813,494,96,-1,-1,66,6,3,FMV001768,1768,2432.1600,2432.1600,2432.1600,237.7000,1,1,2026-08-24T00:00:00.000
1769,20260622,20260805,226,333,176,425,193,2,1,FMV001769,1769,2433.5300,2433.5300,2433.5300,238.4000,1,1,2026-08-24T00:00:00.000
1770,20260609,20260622,451,27,466,293,216,6,4,FMV001770,1770,2434.9000,2434.9000,2434.9000,239.1000,1,1,2026-08-24T00:00:00.000
1771,20260713,20260724,123,160,67,419,388,15,3,FMV001771,1771,2436.2700,2436.2700,2436.2700,239.8000,1,1,2026-08-24T00:00:00.000
1772,20260814,20260807,207,94,337,427,478,17,4,FMV001772,1772,2437.6400,2437.6400,2437.6400,240.5000,1,1,2026-08-24T00:00:00.000
1773,20260707,20260707,62,163,131,190,229,1,3,FMV001773,1773,2439.0100,2439.0100,2439.0100,241.2000,1,1,2026-08-24T00:00:00.000
1774,20260804,20260611,366,339,455,353,312,9,5,FMV001774,1774,2440.3800,2440.3800,2440.3800,241.9000,1,1,2026-08-24T00:00:00.000
1775,20260807,20260708,108,321,471,321,402,11,3,FMV001775,1775,2441.7500,2441.7500,2441.7500,242.6000,1,1,2026-08-24T00:00:00.000
1776,20260628,20260614,499,265,248,466,321,20,5,FMV001776,1776,2443.1200,2443.1200,2443.1200,243.3000,1,1,2026-08-24T00:00:00.000
1777,20260602,20260614,413,349,320,195,395,4,4,FMV001777,1777,2444.4900,2444.4900,2444.4900,244.0000,1,1,2026-08-24T00:00:00.000
1778,20260730,20260808,193,6,63,277,422,10,1,FMV001778,1778,2445.8600,2445.8600,2445.8600,244.7000,1,1,2026-08-24T00:00:00.000
1779,20260731,20260626,352,122,258,362,486,16,4,FMV001779,1779,2447.2300,2447.2300,2447.2300,245.4000,1,1,2026-08-24T00:00:00.000
1780,20260529,20260814,499,277,18,432,162,20,3,FMV001780,1780,2448.6000,2448.6000,2448.6000,246.1000,1,1,2026-08-24T00:00:00.000
1781,20260528,20260610,11,9,487,247,461,1,2,FMV001781,1781,2449.9700,2449.9700,2449.9700,246.8000,1,1,2026-08-24T00:00:00.000
1782,20260615,20260814,202,199,218,182,92,19,3,FMV001782,1782,2451.3400,2451.3400,2451.3400,247.5000,1,1,2026-08-24T00:00:00.000
1783,20260529,20260626,52,169,481,377,264,15,4,FMV001783,1783,2452.7100,2452.7100,2452.7100,248.2000,1,1,2026-08-24T00:00:00.000
1784,20260604,20260814,432,97,166,361,66,14,2,FMV001784,1784,2454.0800,2454.0800,2454.0800,248.9000,1,1,2026-08-24T00:00:00.000
1785,20260705,20260709,398,14,-1,-1,385,18,4,FMV001785,1785,2455.4500,2455.4500,2455.4500,249.6000,1,1,2026-08-24T00:00:00.000
1786,20260604,20260624,364,260,431,367,112,4,1,FMV001786,1786,2456.8200,2456.8200,2456.8200,250.3000,1,1,2026-08-24T00:00:00.000
1787,20260806,20260701,9,279,326,216,33,13,5,FMV001787,1787,2458.1900,2458.1900,2458.1900,251.0000,1,1,2026-08-24T00:00:00.000
1788,20260805,20260622,263,257,199,210,422,20,3,FMV001788,1788,2459.5600,2459.5600,2459.5600,251.7000,1,1,2026-08-24T00:00:00.000
1789,20260817,20260702,288,71,439,366,113,18,2,FMV001789,1789,2460.9300,2460.9300,2460.9300,252.4000,1,1,2026-08-24T00:00:00.000
1790,20260731,20260806,109,129,439,297,84,2,5,FMV001790,1790,2462.3000,2462.3000,2462.3000,253.1000,1,1,2026-08-24T00:00:00.000
1791,20260731,20260610,73,214,25,17,72,19,1,FMV001791,1791,2463.6700,2463.6700,2463.6700,253.8000,1,1,2026-08-24T00:00:00.000
1792,20260602,20260813,143,296,78,477,75,7,3,FMV001792,1792,2465.0400,2465.0400,2465.0400,254.5000,1,1,2026-08-24T00:00:00.000
1793,20260806,20260703,467,192,241,433,82,7,5,FMV001793,1793,2466.4100,2466.4100,2466.4100,255.2000,1,1,2026-08-24T00:00:00.000
1794,20260602,20260614,51,287,303,342,115,2,4,FMV001794,1794,2467.7800,2467.7800,2467.7800,255.9000,1,1,2026-08-24T00:00:00.000
1795,20260606,20260815,22,60,144,113,199,7,4,FMV001795,1795,2469.1500,2469.1500,2469.1500,256.6000,1,1,2026-08-24T00:00:00.000
1796,20260707,20260601,300,213,72,24,167,1,2,FMV001796,1796,2470.5200,2470.5200,2470.5200,257.3000,1,1,2026-08-24T00:00:00.000
1797,20260715,20260814,247,310,468,192,392,9,2,FMV001797,1797,2471.8900,2471.8900,2471.8900,258.0000,1,1,2026-08-24T00:00:00.000
1798,20260613,20260604,68,27,3,210,478,1,5,FMV001798,1798,2473.2600,2473.2600,2473.2600,258.7000,1,1,2026-08-24T00:00:00.000
1799,20260806,20260531,336,229,127,231,38,16,1,FMV001799,1799,2474.6300,2474.6300,2474.6300,259.4000,1,1,2026-08-24T00:00:00.000
1800,20260621,20260722,13,114,49,26,487,13,2,FMV001800,1800,2476.0000,2476.0000,2476.0000,260.1000,1,1,2026-08-24T00:00:00.000
1801,20260813,20260804,453,203,126,37,160,16,2,FMV001801,1801,2477.3700,2477.3700,2477.3700,260.8000,1,1,2026-08-24T00:00:00.000
1802,20260822,20260814,73,323,-1,-1,329,14,2,FMV001802,1802,2478.7400,2478.7400,2478.7400,261.5000,1,1,2026-08-24T00:00:00.000
1803,20260620,20260719,390,35,440,187,286,12,5,FMV001803,1803,2480.1100,2480.1100,2480.1100,262.2000,1,1,2026-08-24T00:00:00.000
1804,20260621,20260531,22,271,245,104,175,3,1,FMV001804,1804,2481.4800,2481.4800,2481.4800,262.9000,1,1,2026-08-24T00:00:00.000
1805,20260604,20260609,280,45,298,321,479,13,4,FMV001805,1805,2482.8500,2482.8500,2482.8500,263.6000,1,1,2026-08-24T00:00:00.000
1806,20260703,20260619,270,319,47,94,96,15,5,FMV001806,1806,2484.2200,2484.2200,2484.2200,264.3000,1,1,2026-08-24T00:00:00.000
1807,20260815,20260530,89,121,265,388,80,7,3,FMV001807,1807,2485.5900,2485.5900,2485.5900,265.0000,1,1,2026-08-24T00:00:00.000
1808,20260610,20260812,355,101,32,189,415,10,3,FMV001808,1808,2486.9600,2486.9600,2486.9600,265.7000,1,1,2026-08-24T00:00:00.000
1809,20260706,20260724,169,326,204,311,165,13,5,FMV001809,1809,2488.3300,2488.3300,2488.3300,266.4000,1,1,2026-08-24T00:00:00.000
1810,20260629,20260817,443,291,341,198,131,15,1,FMV001810,1810,2489.7000,2489.7000,2489.7000,267.1000,1,1,2026-08-24T00:00:00.000
1811,20260809,20260624,41,308,402,6,128,18,1,FMV001811,1811,2491.0700,2491.0700,2491.0700,267.8000,1,1,2026-08-24T00:00:00.000
1812,20260723,20260625,4,313,42,481,494,14,3,FMV001812,1812,2492.4400,2492.4400,2492.4400,268.5000,1,1,2026-08-24T00:00:00.000
1813,20260626,20260605,295,54,451,428,211,9,2,FMV001813,1813,2493.8100,2493.8100,2493.8100,269.2000,1,1,2026-08-24T00:00:00.000
1814,20260722,20260804,91,135,499,268,387,13,4,FMV001814,1814,2495.1800,2495.1800,2495.1800,269.9000,1,1,2026-08-24T00:00:00.000
1815,20260824,20260727,293,122,385,139,369,17,5,FMV001815,1815,2496.5500,2496.5500,2496.5500,270.6000,1,1,2026-08-24T00:00:00.000
1816,20260604,20260803,160,152,68,191,256,17,5,FMV001816,1816,2497.9200,2497.9200,2497.9200,271.3000,1,1,2026-08-24T00:00:00.000
1817,20260708,20260802,409,50,2,223,364,12,2,FMV001817,1817,2499.2900,2499.2900,2499.2900,272.0000,1,1,2026-08-24T00:00:00.000
1818,20260619,20260812,316,172,282,499,366,12,3,FMV001818,1818,2500.6600,2500.6600,2500.6600,272.7000,1,1,2026-08-24T00:00:00.000
1819,20260608,20260604,305,315,-1,-1,409,8,5,FMV001819,1819,2502.0300,2502.0300,2502.0300,273.4000,1,1,2026-08-24T00:00:00.000
1820,20260621,20260813,451,341,234,253,194,2,4,FMV001820,1820,2503.4000,2503.4000,2503.4000,274.1000,1,1,2026-08-24T00:00:00.000
1821,20260627,20260610,282,162,87,67,346,14,4,FMV001821,1821,2504.7700,2504.7700,2504.7700,274.8000,1,1,2026-08-24T00:00:00.000
1822,20260808,20260730,460,48,312,133,305,8,4,FMV001822,1822,2506.1400,2506.1400,2506.1400,275.5000,1,1,2026-08-24T00:00:00.000
1823,20260629,20260627,213,301,271,429,2,7,1,FMV001823,1823,2507.5100,2507.5100,2507.5100,276.2000,1,1,2026-08-24T00:00:00.000
1824,20260613,20260730,416,161,2,321,253,17,3,FMV001824,1824,2508.8800,2508.8800,2508.8800,276.9000,1,1,2026-08-24T00:00:00.000
1825,20260804,20260623,429,23,353,397,6,2,1,FMV001825,1825,2510.2500,2510.2500,2510.2500,277.6000,1,1,2026-08-24T00:00:00.000
1826,20260811,20260805,497,64,38,259,41,7,4,FMV001826,1826,2511.6200,2511.6200,2511.6200,278.3000,1,1,2026-08-24T00:00:00.000
1827,20260609,20260527,445,249,198,460,436,4,2,FMV001827,1827,2512.9900,2512.9900,2512.9900,279.0000,1,1,2026-08-24T00:00:00.000
1828,20260725,20260803,265,146,309,112,278,10,5,FMV001828,1828,2514.3600,2514.3600,2514.3600,279.7000,1,1,2026-08-24T00:00:00.000
1829,20260629,20260607,331,237,37,454,436,1,5,FMV001829,1829,2515.7300,2515.7300,2515.7300,280.4000,1,1,2026-08-24T00:00:00.000
1830,20260728,20260616,414,170,334,411,443,9,3,FMV001830,1830,2517.1000,2517.1000,2517.1000,281.1000,1,1,2026-08-24T00:00:00.000
1831,20260614,20260808,196,319,23,50,488,17,1,FMV001831,1831,2518.4700,2518.4700,2518.4700,281.8000,1,1,2026-08-24T00:00:00.000
1832,20260813,20260731,249,301,359,109,249,5,3,FMV001832,1832,2519.8400,2519.8400,2519.8400,282.5000,1,1,2026-08-24T00:00:00.000
1833,20260801,20260612,159,291,295,156,242,19,1,FMV001833,1833,2521.2100,2521.2100,2521.2100,283.2000,1,1,2026-08-24T00:00:00.000
1834,20260611,20260801,234,296,52,482,143,5,1,FMV001834,1834,2522.5800,2522.5800,2522.5800,283.9000,1,1,2026-08-24T00:00:00.000
1835,20260717,20260708,432,346,477,161,495,20,3,FMV001835,1835,2523.9500,2523.9500,2523.9500,284.6000,1,1,2026-08-24T00:00:00.000
1836,20260805,20260621,225,69,-1,-1,394,15,5,FMV001836,1836,2525.3200,2525.3200,2525.3200,285.3000,1,1,2026-08-24T00:00:00.000
1837,20260803,20260822,23,142,6,182,325,8,3,FMV001837,1837,2526.6900,2526.6900,2526.6900,286.0000,1,1,2026-08-24T00:00:00.000
1838,20260625,20260622,266,175,115,215,400,13,1,FMV001838,1838,2528.0600,2528.0600,2528.0600,286.7000,1,1,2026-08-24T00:00:00.000
1839,20260620,20260603,375,106,293,81,485,13,4,FMV001839,1839,2529.4300,2529.4300,2529.4300,287.4000,1,1,2026-08-24T00:00:00.000
1840,20260608,20260730,437,124,492,63,188,10,4,FMV001840,1840,2530.8000,2530.8000,2530.8000,288.1000,1,1,2026-08-24T00:00:00.000
1841,20260703,20260710,452,101,107,191,230,11,4,FMV001841,1841,2532.1700,2532.1700,2532.1700,288.8000,1,1,2026-08-24T00:00:00.000
1842,20260718,20260726,419,134,243,120,27,16,3,FMV001842,1842,2533.5400,2533.5400,2533.5400,289.5000,1,1,2026-08-24T00:00:00.000
1843,20260606,20260815,270,254,145,133,42,7,2,FMV001843,1843,2534.9100,2534.9100,2534.9100,290.2000,1,1,2026-08-24T00:00:00.000
1844,20260713,20260713,66,205,499,198,349,16,3,FMV001844,1844,2536.2800,2536.2800,2536.2800,290.9000,1,1,2026-08-24T00:00:00.000
1845,20260623,20260621,74,341,156,34,260,4,5,FMV001845,1845,2537.6500,2537.6500,2537.6500,291.6000,1,1,2026-08-24T00:00:00.000
1846,20260801,20260614,286,82,154,97,414,17,1,FMV001846,1846,2539.0200,2539.0200,2539.0200,292.3000,1,1,2026-08-24T00:00:00.000
1847,20260814,20260721,266,298,245,321,332,12,4,FMV001847,1847,2540.3900,2540.3900,2540.3900,293.0000,1,1,2026-08-24T00:00:00.000
1848,20260822,20260606,16,154,446,337,490,12,4,FMV001848,1848,2541.7600,2541.7600,2541.7600,293.7000,1,1,2026-08-24T00:00:00.000
1849,20260813,20260802,355,263,446,487,241,5,2,FMV001849,1849,2543.1300,2543.1300,2543.1300,294.4000,1,1,2026-08-24T00:00:00.000
1850,20260702,20260531,60,61,478,439,175,12,4,FMV001850,1850,2544.5000,2544.5000,2544.5000,295.1000,1,1,2026-08-24T00:00:00.000
1851,20260527,20260703,116,228,301,250,225,1,2,FMV001851,1851,2545.8700,2545.8700,2545.8700,295.8000,1,1,2026-08-24T00:00:00.000
1852,20260710,20260615,440,8,168,495,423,8,4,FMV001852,1852,2547.2400,2547.2400,2547.2400,296.5000,1,1,2026-08-24T00:00:00.000
1853,20260613,20260804,288,150,-1,-1,22,3,3,FMV001853,1853,2548.6100,2548.6100,2548.6100,297.2000,1,1,2026-08-24T00:00:00.000
1854,20260623,20260610,289,30,30,172,51,10,1,FMV001854,1854,2549.9800,2549.9800,2549.9800,297.9000,1,1,2026-08-24T00:00:00.000
1855,20260822,20260625,425,53,52,38,38,5,5,FMV001855,1855,2551.3500,2551.3500,2551.3500,298.6000,1,1,2026-08-24T00:00:00.000
1856,20260623,20260625,96,260,161,131,73,2,3,FMV001856,1856,2552.7200,2552.7200,2552.7200,299.3000,1,1,2026-08-24T00:00:00.000
1857,20260606,20260712,312,259,116,167,369,8,2,FMV001857,1857,2554.0900,2554.0900,2554.0900,300.0000,1,1,2026-08-24T00:00:00.000
1858,20260602,20260601,174,27,326,449,188,19,2,FMV001858,1858,2555.4600,2555.4600,2555.4600,300.7000,1,1,2026-08-24T00:00:00.000
1859,20260715,20260728,289,264,451,498,395,18,3,FMV001859,1859,2556.8300,2556.8300,2556.8300,301.4000,1,1,2026-08-24T00:00:00.000
1860,20260802,20260706,265,108,88,430,81,10,3,FMV001860,1860,2558.2000,2558.2000,2558.2000,302.1000,1,1,2026-08-24T00:00:00.000
1861,20260623,20260813,41,136,64,51,240,19,3,FMV001861,1861,2559.5700,2559.5700,2559.5700,302.8000,1,1,2026-08-24T00:00:00.000
1862,20260604,20260805,105,313,403,397,475,7,3,FMV001862,1862,2560.9400,2560.9400,2560.9400,303.5000,1,1,2026-08-24T00:00:00.000
1863,20260606,20260807,281,258,146,330,165,8,2,FMV001863,1863,2562.3100,2562.3100,2562.3100,304.2000,1,1,2026-08-24T00:00:00.000
1864,20260612,20260605,76,202,35,21,437,8,3,FMV001864,1864,2563.6800,2563.6800,2563.6800,304.9000,1,1,2026-08-24T00:00:00.000
1865,20260730,20260719,342,66,405,175,155,12,3,FMV001865,1865,2565.0500,2565.0500,2565.0500,305.6000,1,1,2026-08-24T00:00:00.000
1866,20260625,20260627,345,138,380,152,166,9,1,FMV001866,1866,2566.4200,2566.4200,2566.4200,306.3000,1,1,2026-08-24T00:00:00.000
1867,20260819,20260722,433,292,352,137,88,19,1,FMV001867,1867,2567.7900,2567.7900,2567.7900,307.0000,1,1,2026-08-24T00:00:00.000
1868,20260622,20260816,219,203,292,477,221,7,5,FMV001868,1868,2569.1600,2569.1600,2569.1600,307.7000,1,1,2026-08-24T00:00:00.000
1869,20260822,20260628,189,207,457,328,343,16,2,FMV001869,1869,2570.5300,2570.5300,2570.5300,308.4000,1,1,2026-08-24T00:00:00.000
1870,20260812,20260615,445,86,-1,-1,296,18,5,FMV001870,1870,2571.9000,2571.9000,2571.9000,309.1000,1,1,2026-08-24T00:00:00.000
1871,20260613,20260529,401,57,145,12,318,12,5,FMV001871,1871,2573.2700,2573.2700,2573.2700,309.8000,1,1,2026-08-24T00:00:00.000
1872,20260603,20260603,253,62,315,375,146,20,1,FMV001872,1872,2574.6400,2574.6400,2574.6400,310.5000,1,1,2026-08-24T00:00:00.000
1873,20260724,20260624,68,118,135,141,335,18,3,FMV001873,1873,2576.0100,2576.0100,2576.0100,311.2000,1,1,2026-08-24T00:00:00.000
1874,20260811,20260709,500,252,405,173,188,6,4,FMV001874,1874,2577.3800,2577.3800,2577.3800,311.9000,1,1,2026-08-24T00:00:00.000
1875,20260622,20260818,215,177,3,463,497,2,1,FMV001875,1875,2578.7500,2578.7500,2578.7500,312.6000,1,1,2026-08-24T00:00:00.000
1876,20260729,20260703,477,46,216,198,273,2,1,FMV001876,1876,2580.1200,2580.1200,2580.1200,313.3000,1,1,2026-08-24T00:00:00.000
1877,20260708,20260606,128,5,60,147,333,5,1,FMV001877,1877,2581.4900,2581.4900,2581.4900,314.0000,1,1,2026-08-24T00:00:00.000
1878,20260805,20260602,119,309,118,81,431,18,4,FMV001878,1878,2582.8600,2582.8600,2582.8600,314.7000,1,1,2026-08-24T00:00:00.000
1879,20260808,20260529,444,238,243,417,382,2,2,FMV001879,1879,2584.2300,2584.2300,2584.2300,315.4000,1,1,2026-08-24T00:00:00.000
1880,20260720,20260820,168,73,107,73,405,9,3,FMV001880,1880,2585.6000,2585.6000,2585.6000,316.1000,1,1,2026-08-24T00:00:00.000
1881,20260720,20260703,167,76,82,178,181,12,4,FMV001881,1881,2586.9700,2586.9700,2586.9700,316.8000,1,1,2026-08-24T00:00:00.000
1882,20260725,20260629,153,10,207,317,24,11,1,FMV001882,1882,2588.3400,2588.3400,2588.3400,317.5000,1,1,2026-08-24T00:00:00.000
1883,20260812,20260606,433,328,483,446,482,4,3,FMV001883,1883,2589.7100,2589.7100,2589.7100,318.2000,1,1,2026-08-24T00:00:00.000
1884,20260820,20260718,372,85,273,353,173,14,2,FMV001884,1884,2591.0800,2591.0800,2591.0800,318.9000,1,1,2026-08-24T00:00:00.000
1885,20260804,20260606,32,19,340,168,47,14,1,FMV001885,1885,2592.4500,2592.4500,2592.4500,319.6000,1,1,2026-08-24T00:00:00.000
1886,20260722,20260818,327,330,327,154,150,9,2,FMV001886,1886,2593.8200,2593.8200,2593.8200,320.3000,1,1,2026-08-24T00:00:00.000
1887,20260627,20260628,336,286,-1,-1,458,4,1,FMV001887,1887,2595.1900,2595.1900,2595.1900,321.0000,1,1,2026-08-24T00:00:00.000
1888,20260723,20260629,370,53,218,468,165,16,5,FMV001888,1888,2596.5600,2596.5600,2596.5600,321.7000,1,1,2026-08-24T00:00:00.000
1889,20260803,20260630,18,234,324,268,240,12,2,FMV001889,1889,2597.9300,2597.9300,2597.9300,322.4000,1,1,2026-08-24T00:00:00.000
1890,20260624,20260701,356,26,244,481,228,14,4,FMV001890,1890,2599.3000,2599.3000,2599.3000,323.1000,1,1,2026-08-24T00:00:00.000
1891,20260720,20260527,257,51,275,65,107,1,5,FMV001891,1891,2600.6700,2600.6700,2600.6700,323.8000,1,1,2026-08-24T00:00:00.000
1892,20260629,20260620,71,286,178,374,123,1,1,FMV001892,1892,2602.0400,2602.0400,2602.0400,324.5000,1,1,2026-08-24T00:00:00.000
1893,20260607,20260527,351,116,211,346,245,5,3,FMV001893,1893,2603.4100,2603.4100,2603.4100,325.2000,1,1,2026-08-24T00:00:00.000
1894,20260624,20260624,454,261,221,33,1,18,5,FMV001894,1894,2604.7800,2604.7800,2604.7800,325.9000,1,1,2026-08-24T00:00:00.000
1895,20260717,20260821,71,156,195,334,210,1,1,FMV001895,1895,2606.1500,2606.1500,2606.1500,326.6000,1,1,2026-08-24T00:00:00.000
1896,20260731,20260604,204,5,143,29,447,17,4,FMV001896,1896,2607.5200,2607.5200,2607.5200,327.3000,1,1,2026-08-24T00:00:00.000
1897,20260616,20260617,119,14,207,475,50,2,2,FMV001897,1897,2608.8900,2608.8900,2608.8900,328.0000,1,1,2026-08-24T00:00:00.000
1898,20260617,20260705,54,215,376,353,321,19,5,FMV001898,1898,2610.2600,2610.2600,2610.2600,328.7000,1,1,2026-08-24T00:00:00.000
1899,20260820,20260801,418,10,453,45,253,3,3,FMV001899,1899,2611.6300,2611.6300,2611.6300,329.4000,1,1,2026-08-24T00:00:00.000
1900,20260608,20260616,3,210,242,62,262,9,2,FMV001900,1900,2613.0000,2613.0000,2613.0000,330.1000,1,1,2026-08-24T00:00:00.000
1901,20260601,20260528,343,112,238,284,432,2,1,FMV001901,1901,2614.3700,2614.3700,2614.3700,330.8000,1,1,2026-08-24T00:00:00.000
1902,20260702,20260613,6,331,396,461,474,18,5,FMV001902,1902,2615.7400,2615.7400,2615.7400,331.5000,1,1,2026-08-24T00:00:00.000
1903,20260801,20260717,324,113,69,433,406,20,4,FMV001903,1903,2617.1100,2617.1100,2617.1100,332.2000,1,1,2026-08-24T00:00:00.000
1904,20260720,20260610,148,331,-1,-1,246,12,4,FMV001904,1904,2618.4800,2618.4800,2618.4800,332.9000,1,1,2026-08-24T00:00:00.000
1905,20260626,20260717,480,177,240,206,377,11,4,FMV001905,1905,2619.8500,2619.8500,2619.8500,333.6000,1,1,2026-08-24T00:00:00.000
1906,20260603,20260616,425,236,82,480,121,4,3,FMV001906,1906,2621.2200,2621.2200,2621.2200,334.3000,1,1,2026-08-24T00:00:00.000
1907,20260728,20260628,130,293,111,71,415,3,5,FMV001907,1907,2622.5900,2622.5900,2622.5900,335.0000,1,1,2026-08-24T00:00:00.000
1908,20260626,20260812,122,90,41,389,308,8,1,FMV001908,1908,2623.9600,2623.9600,2623.9600,335.7000,1,1,2026-08-24T00:00:00.000
1909,20260527,20260818,300,308,83,24,5,13,1,FMV001909,1909,2625.3300,2625.3300,2625.3300,336.4000,1,1,2026-08-24T00:00:00.000
1910,20260531,20260815,306,133,358,492,172,15,4,FMV001910,1910,2626.7000,2626.7000,2626.7000,337.1000,1,1,2026-08-24T00:00:00.000
1911,20260803,20260728,459,28,183,407,14,5,1,FMV001911,1911,2628.0700,2628.0700,2628.0700,337.8000,1,1,2026-08-24T00:00:00.000
1912,20260707,20260711,230,347,289,70,358,3,3,FMV001912,1912,2629.4400,2629.4400,2629.4400,338.5000,1,1,2026-08-24T00:00:00.000
1913,20260707,20260712,360,224,161,189,218,18,3,FMV001913,1913,2630.8100,2630.8100,2630.8100,339.2000,1,1,2026-08-24T00:00:00.000
1914,20260814,20260821,346,8,341,109,317,17,3,FMV001914,1914,2632.1800,2632.1800,2632.1800,339.9000,1,1,2026-08-24T00:00:00.000
1915,20260706,20260808,4,315,253,368,348,10,5,FMV001915,1915,2633.5500,2633.5500,2633.5500,340.6000,1,1,2026-08-24T00:00:00.000
1916,20260814,20260626,356,265,38,189,334,14,4,FMV001916,1916,2634.9200,2634.9200,2634.9200,341.3000,1,1,2026-08-24T00:00:00.000
1917,20260626,20260804,143,89,333,177,147,1,4,FMV001917,1917,2636.2900,2636.2900,2636.2900,342.0000,1,1,2026-08-24T00:00:00.000
1918,20260606,20260726,199,147,75,459,65,6,5,FMV001918,1918,2637.6600,2637.6600,2637.6600,342.7000,1,1,2026-08-24T00:00:00.000
1919,20260726,20260610,4,265,427,404,228,10,3,FMV001919,1919,2639.0300,2639.0300,2639.0300,343.4000,1,1,2026-08-24T00:00:00.000
1920,20260603,20260722,452,104,63,181,415,12,1,FMV001920,1920,2640.4000,2640.4000,2640.4000,344.1000,1,1,2026-08-24T00:00:00.000
1921,20260625,20260608,113,218,-1,-1,313,3,5,FMV001921,1921,2641.7700,2641.7700,2641.7700,344.8000,1,1,2026-08-24T00:00:00.000
1922,20260719,20260731,33,239,12,162,8,5,4,FMV001922,1922,2643.1400,2643.1400,2643.1400,345.5000,1,1,2026-08-24T00:00:00.000
1923,20260820,20260718,400,321,336,30,48,15,3,FMV001923,1923,2644.5100,2644.5100,2644.5100,346.2000,1,1,2026-08-24T00:00:00.000
1924,20260627,20260817,343,169,144,255,175,17,3,FMV001924,1924,2645.8800,2645.8800,2645.8800,346.9000,1,1,2026-08-24T00:00:00.000
1925,20260702,20260811,216,345,299,41,69,12,2,FMV001925,1925,2647.2500,2647.2500,2647.2500,347.6000,1,1,2026-08-24T00:00:00.000
1926,20260626,20260628,384,101,268,368,312,15,5,FMV001926,1926,2648.6200,2648.6200,2648.6200,348.3000,1,1,2026-08-24T00:00:00.000
1927,20260630,20260630,259,4,277,100,197,20,2,FMV001927,1927,2649.9900,2649.9900,2649.9900,349.0000,1,1,2026-08-24T00:00:00.000
1928,20260810,20260805,162,344,56,202,236,18,4,FMV001928,1928,2651.3600,2651.3600,2651.3600,349.7000,1,1,2026-08-24T00:00:00.000
1929,20260628,20260625,399,81,303,316,227,11,3,FMV001929,1929,2652.7300,2652.7300,2652.7300,350.4000,1,1,2026-08-24T00:00:00.000
1930,20260614,20260615,265,269,310,309,421,3,2,FMV001930,1930,2654.1000,2654.1000,2654.1000,351.1000,1,1,2026-08-24T00:00:00.000
1931,20260823,20260622,59,97,368,55,7,19,1,FMV001931,1931,2655.4700,2655.4700,2655.4700,351.8000,1,1,2026-08-24T00:00:00.000
1932,20260819,20260728,322,29,263,234,2,5,3,FMV001932,1932,2656.8400,2656.8400,2656.8400,352.5000,1,1,2026-08-24T00:00:00.000
1933,20260706,20260817,179,89,374,435,121,14,2,FMV001933,1933,2658.2100,2658.2100,2658.2100,353.2000,1,1,2026-08-24T00:00:00.000
1934,20260612,20260627,421,45,320,223,317,6,3,FMV001934,1934,2659.5800,2659.5800,2659.5800,353.9000,1,1,2026-08-24T00:00:00.000
1935,20260807,20260805,42,222,85,343,43,5,3,FMV001935,1935,2660.9500,2660.9500,2660.9500,354.6000,1,1,2026-08-24T00:00:00.000
1936,20260713,20260808,30,1,235,479,149,19,5,FMV001936,1936,2662.3200,2662.3200,2662.3200,355.3000,1,1,2026-08-24T00:00:00.000
1937,20260611,20260711,496,318,195,242,196,14,3,FMV001937,1937,2663.6900,2663.6900,2663.6900,356.0000,1,1,2026-08-24T00:00:00.000
1938,20260616,20260726,437,33,-1,-1,59,3,1,FMV001938,1938,2665.0600,2665.0600,2665.0600,356.7000,1,1,2026-08-24T00:00:00.000
1939,20260715,20260727,335,143,302,418,248,15,2,FMV001939,1939,2666.4300,2666.4300,2666.4300,357.4000,1,1,2026-08-24T00:00:00.000
1940,20260615,20260804,239,94,409,370,246,10,1,FMV001940,1940,2667.8000,2667.8000,2667.8000,358.1000,1,1,2026-08-24T00:00:00.000
1941,20260804,20260816,60,136,271,81,268,12,2,FMV001941,1941,2669.1700,2669.1700,2669.1700,358.8000,1,1,2026-08-24T00:00:00.000
1942,20260725,20260822,343,348,456,198,190,8,1,FMV001942,1942,2670.5400,2670.5400,2670.5400,359.5000,1,1,2026-08-24T00:00:00.000
1943,20260723,20260604,341,168,313,456,43,20,3,FMV001943,1943,2671.9100,2671.9100,2671.9100,360.2000,1,1,2026-08-24T00:00:00.000
1944,20260611,20260815,377,26,140,38,299,9,4,FMV001944,1944,2673.2800,2673.2800,2673.2800,360.9000,1,1,2026-08-24T00:00:00.000
1945,20260623,20260701,454,224,83,114,265,14,3,FMV001945,1945,2674.6500,2674.6500,2674.6500,361.6000,1,1,2026-08-24T00:00:00.000
1946,20260716,20260527,70,51,134,133,416,10,1,FMV001946,1946,2676.0200,2676.0200,2676.0200,362.3000,1,1,2026-08-24T00:00:00.000
1947,20260730,20260529,157,86,334,262,1,20,1,FMV001947,1947,2677.3900,2677.3900,2677.3900,363.0000,1,1,2026-08-24T00:00:00.000
1948,20260608,20260709,264,260,326,377,250,20,2,FMV001948,1948,2678.7600,2678.7600,2678.7600,363.7000,1,1,2026-08-24T00:00:00.000
1949,20260619,20260605,306,211,301,178,6,14,5,FMV001949,1949,2680.1300,2680.1300,2680.1300,364.4000,1,1,2026-08-24T00:00:00.000
1950,20260728,20260719,461,295,299,230,48,9,4,FMV001950,1950,2681.5000,2681.5000,2681.5000,365.1000,1,1,2026-08-24T00:00:00.000
1951,20260613,20260717,27,170,283,306,394,8,4,FMV001951,1951,2682.8700,2682.8700,2682.8700,365.8000,1,1,2026-08-24T00:00:00.000
1952,20260527,20260726,351,327,283,323,113,7,5,FMV001952,1952,2684.2400,2684.2400,2684.2400,366.5000,1,1,2026-08-24T00:00:00.000
1953,20260821,20260707,355,116,260,52,248,3,1,FMV001953,1953,2685.6100,2685.6100,2685.6100,367.2000,1,1,2026-08-24T00:00:00.000
1954,20260611,20260814,147,127,384,248,454,1,1,FMV001954,1954,2686.9800,2686.9800,2686.9800,367.9000,1,1,2026-08-24T00:00:00.000
1955,20260812,20260708,71,42,-1,-1,239,12,1,FMV001955,1955,2688.3500,2688.3500,2688.3500,368.6000,1,1,2026-08-24T00:00:00.000
1956,20260821,20260724,100,163,229,300,372,1,2,FMV001956,1956,2689.7200,2689.7200,2689.7200,369.3000,1,1,2026-08-24T00:00:00.000
1957,20260610,20260620,471,63,239,451,81,18,3,FMV001957,1957,2691.0900,2691.0900,2691.0900,370.0000,1,1,2026-08-24T00:00:00.000
1958,20260722,20260803,23,298,296,371,38,11,1,FMV001958,1958,2692.4600,2692.4600,2692.4600,370.7000,1,1,2026-08-24T00:00:00.000
1959,20260615,20260809,171,294,290,465,229,13,5,FMV001959,1959,2693.8300,2693.8300,2693.8300,371.4000,1,1,2026-08-24T00:00:00.000
1960,20260614,20260818,294,233,431,146,216,8,4,FMV001960,1960,2695.2000,2695.2000,2695.2000,372.1000,1,1,2026-08-24T00:00:00.000
1961,20260624,20260806,241,180,476,417,4,11,3,FMV001961,1961,2696.5700,2696.5700,2696.5700,372.8000,1,1,2026-08-24T00:00:00.000
1962,20260817,20260815,202,259,403,104,171,3,3,FMV001962,1962,2697.9400,2697.9400,2697.9400,373.5000,1,1,2026-08-24T00:00:00.000
1963,20260603,20260813,414,45,96,363,267,7,3,FMV001963,1963,2699.3100,2699.3100,2699.3100,374.2000,1,1,2026-08-24T00:00:00.000
1964,20260820,20260608,262,119,272,37,250,13,1,FMV001964,1964,2700.6800,2700.6800,2700.6800,374.9000,1,1,2026-08-24T00:00:00.000
1965,20260707,20260714,263,84,60,135,246,7,1,FMV001965,1965,2702.0500,2702.0500,2702.0500,375.6000,1,1,2026-08-24T00:00:00.000
1966,20260628,20260809,72,245,201,463,278,11,1,FMV001966,1966,2703.4200,2703.4200,2703.4200,376.3000,1,1,2026-08-24T00:00:00.000
1967,20260714,20260614,243,279,425,416,192,9,5,FMV001967,1967,2704.7900,2704.7900,2704.7900,377.0000,1,1,2026-08-24T00:00:00.000
1968,20260730,20260712,207,118,75,497,284,19,5,FMV001968,1968,2706.1600,2706.1600,2706.1600,377.7000,1,1,2026-08-24T00:00:00.000
1969,20260616,20260628,291,236,67,140,242,5,1,FMV001969,1969,2707.5300,2707.5300,2707.5300,378.4000,1,1,2026-08-24T00:00:00.000
1970,20260618,20260820,272,298,240,314,259,8,3,FMV001970,1970,2708.9000,2708.9000,2708.9000,379.1000,1,1,2026-08-24T00:00:00.000
1971,20260820,20260708,500,129,245,125,44,20,1,FMV001971,1971,2710.2700,2710.2700,2710.2700,379.8000,1,1,2026-08-24T00:00:00.000
1972,20260818,20260722,474,114,-1,-1,326,12,3,FMV001972,1972,2711.6400,2711.6400,2711.6400,380.5000,1,1,2026-08-24T00:00:00.000
1973,20260623,20260728,30,59,129,253,283,20,2,FMV001973,1973,2713.0100,2713.0100,2713.0100,381.2000,1,1,2026-08-24T00:00:00.000
1974,20260605,20260725,358,56,158,357,30,2,3,FMV001974,1974,2714.3800,2714.3800,2714.3800,381.9000,1,1,2026-08-24T00:00:00.000
1975,20260710,20260604,317,185,243,229,269,19,3,FMV001975,1975,2715.7500,2715.7500,2715.7500,382.6000,1,1,2026-08-24T00:00:00.000
1976,20260715,20260820,272,271,465,430,236,7,4,FMV001976,1976,2717.1200,2717.1200,2717.1200,383.3000,1,1,2026-08-24T00:00:00.000
1977,20260602,20260805,254,289,204,44,160,9,2,FMV001977,1977,2718.4900,2718.4900,2718.4900,384.0000,1,1,2026-08-24T00:00:00.000
1978,20260809,20260819,397,191,455,491,415,10,3,FMV001978,1978,2719.8600,2719.8600,2719.8600,384.7000,1,1,2026-08-24T00:00:00.000
1979,20260531,20260710,116,310,219,93,215,11,5,FMV001979,1979,2721.2300,2721.2300,2721.2300,385.4000,1,1,2026-08-24T00:00:00.000
1980,20260603,20260816,381,85,456,141,203,8,3,FMV001980,1980,2722.6000,2722.6000,2722.6000,386.1000,1,1,2026-08-24T00:00:00.000
1981,20260727,20260813,10,155,31,404,189,6,4,FMV001981,1981,2723.9700,2723.9700,2723.9700,386.8000,1,1,2026-08-24T00:00:00.000
1982,20260709,20260801,7,341,378,31,204,12,2,FMV001982,1982,2725.3400,2725.3400,2725.3400,387.5000,1,1,2026-08-24T00:00:00.000
1983,20260708,20260722,122,228,168,392,448,19,5,FMV001983,1983,2726.7100,2726.7100,2726.7100,388.2000,1,1,2026-08-24T00:00:00.000
1984,20260715,20260813,293,88,337,209,229,16,2,FMV001984,1984,2728.0800,2728.0800,2728.0800,388.9000,1,1,2026-08-24T00:00:00.000
1985,20260815,20260714,32,118,269,121,314,20,3,FMV001985,1985,2729.4500,2729.4500,2729.4500,389.6000,1,1,2026-08-24T00:00:00.000
1986,20260731,20260810,408,308,24,96,72,8,5,FMV001986,1986,2730.8200,2730.8200,2730.8200,390.3000,1,1,2026-08-24T00:00:00.000
1987,20260630,20260701,55,89,394,26,62,4,1,FMV001987,1987,2732.1900,2732.1900,2732.1900,391.0000,1,1,2026-08-24T00:00:00.000
1988,20260626,20260803,496,219,121,14,294,13,1,FMV001988,1988,2733.5600,2733.5600,2733.5600,391.7000,1,1,2026-08-24T00:00:00.000
1989,20260702,20260802,91,105,-1,-1,135,9,5,FMV001989,1989,2734.9300,2734.9300,2734.9300,392.4000,1,1,2026-08-24T00:00:00.000
1990,20260819,20260816,278,146,340,27,444,17,1,FMV001990,1990,2736.3000,2736.3000,2736.3000,393.1000,1,1,2026-08-24T00:00:00.000
1991,20260731,20260622,50,23,240,140,449,3,2,FMV001991,1991,2737.6700,2737.6700,2737.6700,393.8000,1,1,2026-08-24T00:00:00.000
1992,20260806,20260527,391,257,171,329,280,14,5,FMV001992,1992,2739.0400,2739.0400,2739.0400,394.5000,1,1,2026-08-24T00:00:00.000
1993,20260815,20260818,79,269,360,499,380,3,3,FMV001993,1993,2740.4100,2740.4100,2740.4100,395.2000,1,1,2026-08-24T00:00:00.000
1994,20260724,20260704,332,147,333,176,234,4,4,FMV001994,1994,2741.7800,2741.7800,2741.7800,395.9000,1,1,2026-08-24T00:00:00.000
1995,20260529,20260603,307,158,309,374,168,5,2,FMV001995,1995,2743.1500,2743.1500,2743.1500,396.6000,1,1,2026-08-24T00:00:00.000
1996,20260808,20260819,236,289,442,121,43,19,1,FMV001996,1996,2744.5200,2744.5200,2744.5200,397.3000,1,1,2026-08-24T00:00:00.000
1997,20260814,20260804,483,302,75,446,237,19,4,FMV001997,1997,2745.8900,2745.8900,2745.8900,398.0000,1,1,2026-08-24T00:00:00.000
1998,20260723,20260620,381,211,383,287,387,5,2,FMV001998,1998,2747.2600,2747.2600,2747.2600,398.7000,1,1,2026-08-24T00:00:00.000
1999,20260820,20260804,142,337,15,487,113,16,1,FMV001999,1999,2748.6300,2748.6300,2748.6300,399.4000,1,1,2026-08-24T00:00:00.000
2000,20260715,20260804,459,235,230,5,33,6,2,FMV002000,2000,2750.0000,2750.0000,2750.0000,400.1000,1,1,2026-08-24T00:00:00.000
2001,20260625,20260616,314,70,384,461,474,7,2,FMV002001,2001,2751.3700,2751.3700,2751.3700,400.8000,1,1,2026-08-24T00:00:00.000
2002,20260627,20260618,371,188,119,171,475,20,3,FMV002002,2002,2752.7400,2752.7400,2752.7400,401.5000,1,1,2026-08-24T00:00:00.000
2003,20260809,20260712,124,82,415,324,214,12,3,FMV002003,2003,2754.1100,2754.1100,2754.1100,402.2000,1,1,2026-08-24T00:00:00.000
2004,20260816,20260613,465,52,498,265,172,11,4,FMV002004,2004,2755.4800,2755.4800,2755.4800,402.9000,1,1,2026-08-24T00:00:00.000
2005,20260709,20260720,159,239,227,332,128,1,2,FMV002005,2005,2756.8500,2756.8500,2756.8500,403.6000,1,1,2026-08-24T00:00:00.000
2006,20260820,20260714,249,244,-1,-1,271,12,3,FMV002006,2006,2758.2200,2758.2200,2758.2200,404.3000,1,1,2026-08-24T00:00:00.000
2007,20260712,20260717,213,267,314,117,76,16,4,FMV002007,2007,2759.5900,2759.5900,2759.5900,405.0000,1,1,2026-08-24T00:00:00.000
2008,20260710,20260822,303,122,5,359,38,13,3,FMV002008,2008,2760.9600,2760.9600,2760.9600,405.7000,1,1,2026-08-24T00:00:00.000
2009,20260817,20260803,163,60,198,351,387,19,2,FMV002009,2009,2762.3300,2762.3300,2762.3300,406.4000,1,1,2026-08-24T00:00:00.000
2010,20260820,20260611,326,345,363,279,160,2,4,FMV002010,2010,2763.7000,2763.7000,2763.7000,407.1000,1,1,2026-08-24T00:00:00.000
2011,20260626,20260723,173,42,253,168,425,3,1,FMV002011,2011,2765.0700,2765.0700,2765.0700,407.8000,1,1,2026-08-24T00:00:00.000
2012,20260824,20260731,351,80,280,311,115,4,5,FMV002012,2012,2766.4400,2766.4400,2766.4400,408.5000,1,1,2026-08-24T00:00:00.000
2013,20260713,20260804,47,47,12,380,332,19,2,FMV002013,2013,2767.8100,2767.8100,2767.8100,409.2000,1,1,2026-08-24T00:00:00.000
2014,20260619,20260709,22,172,344,475,27,4,2,FMV002014,2014,2769.1800,2769.1800,2769.1800,409.9000,1,1,2026-08-24T00:00:00.000
2015,20260629,20260627,272,127,21,200,403,5,3,FMV002015,2015,2770.5500,2770.5500,2770.5500,410.6000,1,1,2026-08-24T00:00:00.000
2016,20260712,20260810,120,231,49,236,408,2,2,FMV002016,2016,2771.9200,2771.9200,2771.9200,411.3000,1,1,2026-08-24T00:00:00.000
2017,20260622,20260607,57,174,264,312,264,18,3,FMV002017,2017,2773.2900,2773.2900,2773.2900,412.0000,1,1,2026-08-24T00:00:00.000
2018,20260725,20260808,263,250,206,198,326,8,4,FMV002018,2018,2774.6600,2774.6600,2774.6600,412.7000,1,1,2026-08-24T00:00:00.000
2019,20260609,20260723,313,119,391,21,159,17,1,FMV002019,2019,2776.0300,2776.0300,2776.0300,413.4000,1,1,2026-08-24T00:00:00.000
2020,20260703,20260705,240,274,80,374,279,18,5,FMV002020,2020,2777.4000,2777.4000,2777.4000,414.1000,1,1,2026-08-24T00:00:00.000
2021,20260605,20260811,422,321,150,182,105,5,5,FMV002021,2021,2778.7700,2778.7700,2778.7700,414.8000,1,1,2026-08-24T00:00:00.000
2022,20260609,20260623,239,325,159,253,484,7,3,FMV002022,2022,2780.1400,2780.1400,2780.1400,415.5000,1,1,2026-08-24T00:00:00.000
2023,20260803,20260707,358,348,-1,-1,252,19,4,FMV002023,2023,2781.5100,2781.5100,2781.5100,416.2000,1,1,2026-08-24T00:00:00.000
2024,20260612,20260815,490,267,399,171,186,2,4,FMV002024,2024,2782.8800,2782.8800,2782.8800,416.9000,1,1,2026-08-24T00:00:00.000
2025,20260615,20260611,262,338,175,263,171,5,4,FMV002025,2025,2784.2500,2784.2500,2784.2500,417.6000,1,1,2026-08-24T00:00:00.000
2026,20260727,20260610,393,185,369,121,282,9,1,FMV002026,2026,2785.6200,2785.6200,2785.6200,418.3000,1,1,2026-08-24T00:00:00.000
2027,20260602,20260810,291,341,122,441,111,20,3,FMV002027,2027,2786.9900,2786.9900,2786.9900,419.0000,1,1,2026-08-24T00:00:00.000
2028,20260605,20260708,18,336,34,173,327,16,1,FMV002028,2028,2788.3600,2788.3600,2788.3600,419.7000,1,1,2026-08-24T00:00:00.000
2029,20260705,20260603,434,225,364,479,479,9,2,FMV002029,2029,2789.7300,2789.7300,2789.7300,420.4000,1,1,2026-08-24T00:00:00.000
2030,20260822,20260817,451,171,96,131,278,6,4,FMV002030,2030,2791.1000,2791.1000,2791.1000,421.1000,1,1,2026-08-24T00:00:00.000
2031,20260708,20260630,302,316,353,443,380,11,2,FMV002031,2031,2792.4700,2792.4700,2792.4700,421.8000,1,1,2026-08-24T00:00:00.000
2032,20260725,20260822,451,205,50,146,353,5,2,FMV002032,2032,2793.8400,2793.8400,2793.8400,422.5000,1,1,2026-08-24T00:00:00.000
2033,20260707,20260712,458,276,366,356,123,20,2,FMV002033,2033,2795.2100,2795.2100,2795.2100,423.2000,1,1,2026-08-24T00:00:00.000
2034,20260817,20260720,229,201,14,122,262,14,2,FMV002034,2034,2796.5800,2796.5800,2796.5800,423.9000,1,1,2026-08-24T00:00:00.000
2035,20260628,20260603,303,109,301,213,342,2,3,FMV002035,2035,2797.9500,2797.9500,2797.9500,424.6000,1,1,2026-08-24T00:00:00.000
2036,20260821,20260809,85,97,482,337,489,7,5,FMV002036,2036,2799.3200,2799.3200,2799.3200,425.3000,1,1,2026-08-24T00:00:00.000
2037,20260806,20260715,34,98,67,312,227,7,5,FMV002037,2037,2800.6900,2800.6900,2800.6900,426.0000,1,1,2026-08-24T00:00:00.000
2038,20260821,20260704,377,211,284,175,331,17,1,FMV002038,2038,2802.0600,2802.0600,2802.0600,426.7000,1,1,2026-08-24T00:00:00.000
2039,20260717,20260818,320,187,170,131,18,7,1,FMV002039,2039,2803.4300,2803.4300,2803.4300,427.4000,1,1,2026-08-24T00:00:00.000
2040,20260821,20260602,192,15,-1,-1,201,1,4,FMV002040,2040,2804.8000,2804.8000,2804.8000,428.1000,1,1,2026-08-24T00:00:00.000
2041,20260619,20260718,300,108,227,372,416,1,2,FMV002041,2041,2806.1700,2806.1700,2806.1700,428.8000,1,1,2026-08-24T00:00:00.000
2042,20260628,20260709,4,274,344,483,438,15,2,FMV002042,2042,2807.5400,2807.5400,2807.5400,429.5000,1,1,2026-08-24T00:00:00.000
2043,20260731,20260712,264,310,319,168,80,20,4,FMV002043,2043,2808.9100,2808.9100,2808.9100,430.2000,1,1,2026-08-24T00:00:00.000
2044,20260721,20260727,251,170,131,484,89,20,4,FMV002044,2044,2810.2800,2810.2800,2810.2800,430.9000,1,1,2026-08-24T00:00:00.000
2045,20260714,20260603,325,216,279,408,79,4,5,FMV002045,2045,2811.6500,2811.6500,2811.6500,431.6000,1,1,2026-08-24T00:00:00.000
2046,20260626,20260816,415,183,271,486,221,15,3,FMV002046,2046,2813.0200,2813.0200,2813.0200,432.3000,1,1,2026-08-24T00:00:00.000
2047,20260819,20260720,112,244,241,441,308,3,5,FMV002047,2047,2814.3900,2814.3900,2814.3900,433.0000,1,1,2026-08-24T00:00:00.000
2048,20260806,20260719,498,317,25,42,317,9,2,FMV002048,2048,2815.7600,2815.7600,2815.7600,433.7000,1,1,2026-08-24T00:00:00.000
2049,20260728,20260622,9,333,241,227,230,17,1,FMV002049,2049,2817.1300,2817.1300,2817.1300,434.4000,1,1,2026-08-24T00:00:00.000
2050,20260530,20260720,430,299,260,441,47,19,5,FMV002050,2050,2818.5000,2818.5000,2818.5000,435.1000,1,1,2026-08-24T00:00:00.000
2051,20260813,20260707,289,159,292,123,45,14,1,FMV002051,2051,2819.8700,2819.8700,2819.8700,435.8000,1,1,2026-08-24T00:00:00.000
2052,20260707,20260613,250,207,315,54,68,15,2,FMV002052,2052,2821.2400,2821.2400,2821.2400,436.5000,1,1,2026-08-24T00:00:00.000
2053,20260805,20260627,4,306,267,97,415,15,5,FMV002053,2053,2822.6100,2822.6100,2822.6100,437.2000,1,1,2026-08-24T00:00:00.000
2054,20260612,20260813,257,203,106,179,253,14,4,FMV002054,2054,2823.9800,2823.9800,2823.9800,437.9000,1,1,2026-08-24T00:00:00.000
2055,20260721,20260607,448,317,472,447,215,4,3,FMV002055,2055,2825.3500,2825.3500,2825.3500,438.6000,1,1,2026-08-24T00:00:00.000
2056,20260814,20260605,308,249,23,128,193,7,3,FMV002056,2056,2826.7200,2826.7200,2826.7200,439.3000,1,1,2026-08-24T00:00:00.000
2057,20260710,20260720,410,246,-1,-1,293,17,2,FMV002057,2057,2828.0900,2828.0900,2828.0900,440.0000,1,1,2026-08-24T00:00:00.000
2058,20260530,20260717,81,104,244,229,83,5,3,FMV002058,2058,2829.4600,2829.4600,2829.4600,440.7000,1,1,2026-08-24T00:00:00.000
2059,20260710,20260816,343,201,438,11,445,20,5,FMV002059,2059,2830.8300,2830.8300,2830.8300,441.4000,1,1,2026-08-24T00:00:00.000
2060,20260809,20260712,324,142,180,458,37,12,4,FMV002060,2060,2832.2000,2832.2000,2832.2000,442.1000,1,1,2026-08-24T00:00:00.000
2061,20260808,20260816,247,71,318,390,223,13,4,FMV002061,2061,2833.5700,2833.5700,2833.5700,442.8000,1,1,2026-08-24T00:00:00.000
2062,20260611,20260625,283,77,429,301,419,13,5,FMV002062,2062,2834.9400,2834.9400,2834.9400,443.5000,1,1,2026-08-24T00:00:00.000
2063,20260726,20260707,94,311,421,155,257,17,1,FMV002063,2063,2836.3100,2836.3100,2836.3100,444.2000,1,1,2026-08-24T00:00:00.000
2064,20260812,20260604,245,2,67,318,410,7,3,FMV002064,2064,2837.6800,2837.6800,2837.6800,444.9000,1,1,2026-08-24T00:00:00.000
2065,20260802,20260721,305,50,208,293,286,1,4,FMV002065,2065,2839.0500,2839.0500,2839.0500,445.6000,1,1,2026-08-24T00:00:00.000
2066,20260713,20260529,437,37,421,382,21,15,3,FMV002066,2066,2840.4200,2840.4200,2840.4200,446.3000,1,1,2026-08-24T00:00:00.000
2067,20260625,20260607,280,157,464,329,206,4,1,FMV002067,2067,2841.7900,2841.7900,2841.7900,447.0000,1,1,2026-08-24T00:00:00.000
2068,20260629,20260815,455,207,115,181,312,7,4,FMV002068,2068,2843.1600,2843.1600,2843.1600,447.7000,1,1,2026-08-24T00:00:00.000
2069,20260819,20260801,60,258,194,357,70,13,5,FMV002069,2069,2844.5300,2844.5300,2844.5300,448.4000,1,1,2026-08-24T00:00:00.000
2070,20260610,20260823,167,50,413,64,250,7,2,FMV002070,2070,2845.9000,2845.9000,2845.9000,449.1000,1,1,2026-08-24T00:00:00.000
2071,20260803,20260721,240,150,115,448,37,8,4,FMV002071,2071,2847.2700,2847.2700,2847.2700,449.8000,1,1,2026-08-24T00:00:00.000
2072,20260718,20260724,150,319,65,226,493,7,4,FMV002072,2072,2848.6400,2848.6400,2848.6400,450.5000,1,1,2026-08-24T00:00:00.000
2073,20260628,20260602,342,151,301,310,211,20,1,FMV002073,2073,2850.0100,2850.0100,2850.0100,451.2000,1,1,2026-08-24T00:00:00.000
2074,20260801,20260607,498,123,-1,-1,254,15,1,FMV002074,2074,2851.3800,2851.3800,2851.3800,451.9000,1,1,2026-08-24T00:00:00.000
2075,20260607,20260710,263,206,110,43,279,2,1,FMV002075,2075,2852.7500,2852.7500,2852.7500,452.6000,1,1,2026-08-24T00:00:00.000
2076,20260614,20260815,58,186,460,384,3,9,3,FMV002076,2076,2854.1200,2854.1200,2854.1200,453.3000,1,1,2026-08-24T00:00:00.000
2077,20260629,20260529,254,123,252,471,201,9,4,FMV002077,2077,2855.4900,2855.4900,2855.4900,454.0000,1,1,2026-08-24T00:00:00.000
2078,20260808,20260816,343,57,6,246,210,17,4,FMV002078,2078,2856.8600,2856.8600,2856.8600,454.7000,1,1,2026-08-24T00:00:00.000
2079,20260613,20260626,438,12,340,29,335,13,3,FMV002079,2079,2858.2300,2858.2300,2858.2300,455.4000,1,1,2026-08-24T00:00:00.000
2080,20260717,20260815,277,100,21,36,11,12,5,FMV002080,2080,2859.6000,2859.6000,2859.6000,456.1000,1,1,2026-08-24T00:00:00.000
2081,20260628,20260709,439,290,359,126,216,16,5,FMV002081,2081,2860.9700,2860.9700,2860.9700,456.8000,1,1,2026-08-24T00:00:00.000
2082,20260816,20260624,269,83,406,469,244,17,4,FMV002082,2082,2862.3400,2862.3400,2862.3400,457.5000,1,1,2026-08-24T00:00:00.000
2083,20260622,20260621,447,122,314,471,146,2,3,FMV002083,2083,2863.7100,2863.7100,2863.7100,458.2000,1,1,2026-08-24T00:00:00.000
2084,20260727,20260718,27,42,156,262,429,15,4,FMV002084,2084,2865.0800,2865.0800,2865.0800,458.9000,1,1,2026-08-24T00:00:00.000
2085,20260819,20260620,121,50,14,107,13,11,3,FMV002085,2085,2866.4500,2866.4500,2866.4500,459.6000,1,1,2026-08-24T00:00:00.000
2086,20260607,20260823,362,298,376,20,124,7,5,FMV002086,2086,2867.8200,2867.8200,2867.8200,460.3000,1,1,2026-08-24T00:00:00.000
2087,20260628,20260604,329,79,401,123,180,19,5,FMV002087,2087,2869.1900,2869.1900,2869.1900,461.0000,1,1,2026-08-24T00:00:00.000
2088,20260528,20260609,332,210,359,97,335,9,4,FMV002088,2088,2870.5600,2870.5600,2870.5600,461.7000,1,1,2026-08-24T00:00:00.000
2089,20260707,20260711,81,269,337,428,457,16,5,FMV002089,2089,2871.9300,2871.9300,2871.9300,462.4000,1,1,2026-08-24T00:00:00.000
2090,20260613,20260809,365,272,18,146,269,2,1,FMV002090,2090,2873.3000,2873.3000,2873.3000,463.1000,1,1,2026-08-24T00:00:00.000
2091,20260821,20260627,13,129,-1,-1,113,15,5,FMV002091,2091,2874.6700,2874.6700,2874.6700,463.8000,1,1,2026-08-24T00:00:00.000
2092,20260601,20260717,244,192,426,123,262,8,3,FMV002092,2092,2876.0400,2876.0400,2876.0400,464.5000,1,1,2026-08-24T00:00:00.000
2093,20260811,20260814,109,117,490,242,128,5,5,FMV002093,2093,2877.4100,2877.4100,2877.4100,465.2000,1,1,2026-08-24T00:00:00.000
2094,20260622,20260721,209,53,35,319,352,16,5,FMV002094,2094,2878.7800,2878.7800,2878.7800,465.9000,1,1,2026-08-24T00:00:00.000
2095,20260712,20260811,444,324,70,96,286,4,5,FMV002095,2095,2880.1500,2880.1500,2880.1500,466.6000,1,1,2026-08-24T00:00:00.000
2096,20260802,20260527,242,32,206,209,439,12,3,FMV002096,2096,2881.5200,2881.5200,2881.5200,467.3000,1,1,2026-08-24T00:00:00.000
2097,20260814,20260716,112,157,472,494,274,17,1,FMV002097,2097,2882.8900,2882.8900,2882.8900,468.0000,1,1,2026-08-24T00:00:00.000
2098,20260601,20260812,211,162,386,374,191,6,4,FMV002098,2098,2884.2600,2884.2600,2884.2600,468.7000,1,1,2026-08-24T00:00:00.000
2099,20260628,20260712,468,327,141,337,393,10,3,FMV002099,2099,2885.6300,2885.6300,2885.6300,469.4000,1,1,2026-08-24T00:00:00.000
2100,20260715,20260629,408,299,302,305,394,17,5,FMV002100,2100,2887.0000,2887.0000,2887.0000,470.1000,1,1,2026-08-24T00:00:00.000
2101,20260714,20260722,393,12,54,262,46,1,5,FMV002101,2101,2888.3700,2888.3700,2888.3700,470.8000,1,1,2026-08-24T00:00:00.000
2102,20260810,20260812,434,13,105,37,147,17,4,FMV002102,2102,2889.7400,2889.7400,2889.7400,471.5000,1,1,2026-08-24T00:00:00.000
2103,20260703,20260710,479,236,114,227,82,11,3,FMV002103,2103,2891.1100,2891.1100,2891.1100,472.2000,1,1,2026-08-24T00:00:00.000
2104,20260701,20260602,305,240,265,166,115,3,3,FMV002104,2104,2892.4800,2892.4800,2892.4800,472.9000,1,1,2026-08-24T00:00:00.000
2105,20260618,20260601,5,229,273,261,309,16,1,FMV002105,2105,2893.8500,2893.8500,2893.8500,473.6000,1,1,2026-08-24T00:00:00.000
2106,20260621,20260625,414,279,480,377,99,2,2,FMV002106,2106,2895.2200,2895.2200,2895.2200,474.3000,1,1,2026-08-24T00:00:00.000
2107,20260626,20260706,191,274,79,6,12,14,5,FMV002107,2107,2896.5900,2896.5900,2896.5900,475.0000,1,1,2026-08-24T00:00:00.000
2108,20260707,20260720,165,311,-1,-1,74,13,3,FMV002108,2108,2897.9600,2897.9600,2897.9600,475.7000,1,1,2026-08-24T00:00:00.000
2109,20260705,20260822,28,322,328,441,456,9,4,FMV002109,2109,2899.3300,2899.3300,2899.3300,476.4000,1,1,2026-08-24T00:00:00.000
2110,20260630,20260820,477,273,472,125,275,13,5,FMV002110,2110,2900.7000,2900.7000,2900.7000,477.1000,1,1,2026-08-24T00:00:00.000
2111,20260626,20260709,27,56,9,190,341,15,5,FMV002111,2111,2902.0700,2902.0700,2902.0700,477.8000,1,1,2026-08-24T00:00:00.000
2112,20260530,20260823,46,313,4,134,409,4,5,FMV002112,2112,2903.4400,2903.4400,2903.4400,478.5000,1,1,2026-08-24T00:00:00.000
2113,20260710,20260528,165,228,52,338,85,11,2,FMV002113,2113,2904.8100,2904.8100,2904.8100,479.2000,1,1,2026-08-24T00:00:00.000
2114,20260819,20260609,283,86,318,36,183,14,4,FMV002114,2114,2906.1800,2906.1800,2906.1800,479.9000,1,1,2026-08-24T00:00:00.000
2115,20260729,20260528,419,61,425,361,54,19,4,FMV002115,2115,2907.5500,2907.5500,2907.5500,480.6000,1,1,2026-08-24T00:00:00.000
2116,20260622,20260601,426,342,141,167,10,4,4,FMV002116,2116,2908.9200,2908.9200,2908.9200,481.3000,1,1,2026-08-24T00:00:00.000
2117,20260527,20260731,370,119,400,29,210,1,5,FMV002117,2117,2910.2900,2910.2900,2910.2900,482.0000,1,1,2026-08-24T00:00:00.000
2118,20260602,20260610,11,319,417,225,388,10,1,FMV002118,2118,2911.6600,2911.6600,2911.6600,482.7000,1,1,2026-08-24T00:00:00.000
2119,20260704,20260612,423,225,297,104,385,15,3,FMV002119,2119,2913.0300,2913.0300,2913.0300,483.4000,1,1,2026-08-24T00:00:00.000
2120,20260601,20260713,91,152,341,189,361,5,2,FMV002120,2120,2914.4000,2914.4000,2914.4000,484.1000,1,1,2026-08-24T00:00:00.000
2121,20260601,20260607,312,84,329,492,221,1,4,FMV002121,2121,2915.7700,2915.7700,2915.7700,484.8000,1,1,2026-08-24T00:00:00.000
2122,20260801,20260528,5,302,156,189,189,13,4,FMV002122,2122,2917.1400,2917.1400,2917.1400,485.5000,1,1,2026-08-24T00:00:00.000
2123,20260604,20260612,475,70,432,416,484,4,2,FMV002123,2123,2918.5100,2918.5100,2918.5100,486.2000,1,1,2026-08-24T00:00:00.000
2124,20260819,20260730,425,350,236,226,398,7,2,FMV002124,2124,2919.8800,2919.8800,2919.8800,486.9000,1,1,2026-08-24T00:00:00.000
2125,20260527,20260617,436,96,-1,-1,311,1,1,FMV002125,2125,2921.2500,2921.2500,2921.2500,487.6000,1,1,2026-08-24T00:00:00.000
2126,20260624,20260819,294,155,404,216,332,5,1,FMV002126,2126,2922.6200,2922.6200,2922.6200,488.3000,1,1,2026-08-24T00:00:00.000
2127,20260626,20260623,180,45,171,126,457,19,4,FMV002127,2127,2923.9900,2923.9900,2923.9900,489.0000,1,1,2026-08-24T00:00:00.000
2128,20260706,20260527,204,348,337,95,302,3,5,FMV002128,2128,2925.3600,2925.3600,2925.3600,489.7000,1,1,2026-08-24T00:00:00.000
2129,20260528,20260625,425,69,118,399,191,8,5,FMV002129,2129,2926.7300,2926.7300,2926.7300,490.4000,1,1,2026-08-24T00:00:00.000
2130,20260803,20260809,308,254,156,459,1,12,4,FMV002130,2130,2928.1000,2928.1000,2928.1000,491.1000,1,1,2026-08-24T00:00:00.000
2131,20260618,20260720,101,59,219,436,321,17,4,FMV002131,2131,2929.4700,2929.4700,2929.4700,491.8000,1,1,2026-08-24T00:00:00.000
2132,20260813,20260702,69,252,233,469,48,5,5,FMV002132,2132,2930.8400,2930.8400,2930.8400,492.5000,1,1,2026-08-24T00:00:00.000
2133,20260823,20260723,435,37,212,176,133,5,5,FMV002133,2133,2932.2100,2932.2100,2932.2100,493.2000,1,1,2026-08-24T00:00:00.000
2134,20260718,20260702,293,3,6,207,173,7,3,FMV002134,2134,2933.5800,2933.5800,2933.5800,493.9000,1,1,2026-08-24T00:00:00.000
2135,20260605,20260625,416,141,455,101,187,13,4,FMV002135,2135,2934.9500,2934.9500,2934.9500,494.6000,1,1,2026-08-24T00:00:00.000
2136,20260714,20260801,47,124,277,179,366,8,1,FMV002136,2136,2936.3200,2936.3200,2936.3200,495.3000,1,1,2026-08-24T00:00:00.000
2137,20260811,20260726,254,35,11,164,75,5,3,FMV002137,2137,2937.6900,2937.6900,2937.6900,496.0000,1,1,2026-08-24T00:00:00.000
2138,20260729,20260722,256,106,442,202,29,18,1,FMV002138,2138,2939.0600,2939.0600,2939.0600,496.7000,1,1,2026-08-24T00:00:00.000
2139,20260717,20260613,375,153,415,101,422,5,1,FMV002139,2139,2940.4300,2940.4300,2940.4300,497.4000,1,1,2026-08-24T00:00:00.000
2140,20260606,20260619,404,335,138,397,172,3,3,FMV002140,2140,2941.8000,2941.8000,2941.8000,498.1000,1,1,2026-08-24T00:00:00.000
2141,20260619,20260717,336,246,44,208,336,20,2,FMV002141,2141,2943.1700,2943.1700,2943.1700,498.8000,1,1,2026-08-24T00:00:00.000
2142,20260809,20260726,197,228,-1,-1,180,15,4,FMV002142,2142,2944.5400,2944.5400,2944.5400,499.5000,1,1,2026-08-24T00:00:00.000
2143,20260612,20260630,23,258,479,229,35,9,3,FMV002143,2143,2945.9100,2945.9100,2945.9100,500.2000,1,1,2026-08-24T00:00:00.000
2144,20260529,20260723,453,130,253,478,122,14,5,FMV002144,2144,2947.2800,2947.2800,2947.2800,500.9000,1,1,2026-08-24T00:00:00.000
2145,20260606,20260710,30,299,350,31,302,11,1,FMV002145,2145,2948.6500,2948.6500,2948.6500,501.6000,1,1,2026-08-24T00:00:00.000
2146,20260618,20260610,364,105,334,36,269,3,3,FMV002146,2146,2950.0200,2950.0200,2950.0200,502.3000,1,1,2026-08-24T00:00:00.000
2147,20260719,20260719,7,84,236,272,117,18,5,FMV002147,2147,2951.3900,2951.3900,2951.3900,503.0000,1,1,2026-08-24T00:00:00.000
2148,20260530,20260720,357,225,257,301,26,16,5,FMV002148,2148,2952.7600,2952.7600,2952.7600,503.7000,1,1,2026-08-24T00:00:00.000
2149,20260701,20260708,114,330,441,171,29,15,2,FMV002149,2149,2954.1300,2954.1300,2954.1300,504.4000,1,1,2026-08-24T00:00:00.000
2150,20260806,20260714,244,175,53,121,103,19,5,FMV002150,2150,2955.5000,2955.5000,2955.5000,505.1000,1,1,2026-08-24T00:00:00.000
2151,20260614,20260701,452,225,203,148,68,15,4,FMV002151,2151,2956.8700,2956.8700,2956.8700,505.8000,1,1,2026-08-24T00:00:00.000
2152,20260621,20260728,189,94,63,302,204,6,2,FMV002152,2152,2958.2400,2958.2400,2958.2400,506.5000,1,1,2026-08-24T00:00:00.000
2153,20260604,20260718,455,77,31,314,215,17,3,FMV002153,2153,2959.6100,2959.6100,2959.6100,507.2000,1,1,2026-08-24T00:00:00.000
2154,20260622,20260715,166,5,303,113,141,11,3,FMV002154,2154,2960.9800,2960.9800,2960.9800,507.9000,1,1,2026-08-24T00:00:00.000
2155,20260701,20260724,169,285,371,231,88,19,3,FMV002155,2155,2962.3500,2962.3500,2962.3500,508.6000,1,1,2026-08-24T00:00:00.000
2156,20260610,20260819,171,173,135,135,431,20,4,FMV002156,2156,2963.7200,2963.7200,2963.7200,509.3000,1,1,2026-08-24T00:00:00.000
2157,20260717,20260801,350,56,370,246,217,14,4,FMV002157,2157,2965.0900,2965.0900,2965.0900,510.0000,1,1,2026-08-24T00:00:00.000
2158,20260809,20260613,140,164,410,54,331,3,5,FMV002158,2158,2966.4600,2966.4600,2966.4600,510.7000,1,1,2026-08-24T00:00:00.000
2159,20260705,20260810,122,289,-1,-1,89,7,2,FMV002159,2159,2967.8300,2967.8300,2967.8300,511.4000,1,1,2026-08-24T00:00:00.000
2160,20260721,20260820,75,204,178,19,341,12,5,FMV002160,2160,2969.2000,2969.2000,2969.2000,512.1000,1,1,2026-08-24T00:00:00.000
2161,20260609,20260820,113,258,119,168,173,17,2,FMV002161,2161,2970.5700,2970.5700,2970.5700,512.8000,1,1,2026-08-24T00:00:00.000
2162,20260802,20260729,153,305,69,498,355,9,3,FMV002162,2162,2971.9400,2971.9400,2971.9400,513.5000,1,1,2026-08-24T00:00:00.000
2163,20260809,20260821,203,187,230,500,453,4,5,FMV002163,2163,2973.3100,2973.3100,2973.3100,514.2000,1,1,2026-08-24T00:00:00.000
2164,20260813,20260803,33,245,419,156,335,15,3,FMV002164,2164,2974.6800,2974.6800,2974.6800,514.9000,1,1,2026-08-24T00:00:00.000
2165,20260606,20260805,208,66,114,229,116,2,5,FMV002165,2165,2976.0500,2976.0500,2976.0500,515.6000,1,1,2026-08-24T00:00:00.000
2166,20260729,20260731,459,230,462,303,315,3,3,FMV002166,2166,2977.4200,2977.4200,2977.4200,516.3000,1,1,2026-08-24T00:00:00.000
2167,20260811,20260619,425,149,107,138,394,18,2,FMV002167,2167,2978.7900,2978.7900,2978.7900,517.0000,1,1,2026-08-24T00:00:00.000
2168,20260810,20260814,137,117,106,376,278,1,5,FMV002168,2168,2980.1600,2980.1600,2980.1600,517.7000,1,1,2026-08-24T00:00:00.000
2169,20260618,20260614,9,271,66,55,432,4,2,FMV002169,2169,2981.5300,2981.5300,2981.5300,518.4000,1,1,2026-08-24T00:00:00.000
2170,20260528,20260619,279,127,381,246,11,7,2,FMV002170,2170,2982.9000,2982.9000,2982.9000,519.1000,1,1,2026-08-24T00:00:00.000
2171,20260602,20260527,244,241,219,298,364,5,3,FMV002171,2171,2984.2700,2984.2700,2984.2700,519.8000,1,1,2026-08-24T00:00:00.000
2172,20260628,20260701,241,136,37,301,64,5,4,FMV002172,2172,2985.6400,2985.6400,2985.6400,520.5000,1,1,2026-08-24T00:00:00.000
2173,20260608,20260709,412,35,16,83,101,12,5,FMV002173,2173,2987.0100,2987.0100,2987.0100,521.2000,1,1,2026-08-24T00:00:00.000
2174,20260602,20260727,242,12,165,367,424,15,3,FMV002174,2174,2988.3800,2988.3800,2988.3800,521.9000,1,1,2026-08-24T00:00:00.000
2175,20260806,20260618,359,348,382,46,219,3,1,FMV002175,2175,2989.7500,2989.7500,2989.7500,522.6000,1,1,2026-08-24T00:00:00.000
2176,20260625,20260823,123,92,-1,-1,211,7,5,FMV002176,2176,2991.1200,2991.1200,2991.1200,523.3000,1,1,2026-08-24T00:00:00.000
2177,20260614,20260819,436,199,306,487,4,2,5,FMV002177,2177,2992.4900,2992.4900,2992.4900,524.0000,1,1,2026-08-24T00:00:00.000
2178,20260701,20260807,318,50,361,164,149,11,5,FMV002178,2178,2993.8600,2993.8600,2993.8600,524.7000,1,1,2026-08-24T00:00:00.000
2179,20260624,20260613,484,107,398,164,480,4,2,FMV002179,2179,2995.2300,2995.2300,2995.2300,525.4000,1,1,2026-08-24T00:00:00.000
2180,20260713,20260724,325,88,488,238,65,15,2,FMV002180,2180,2996.6000,2996.6000,2996.6000,526.1000,1,1,2026-08-24T00:00:00.000
2181,20260703,20260722,480,129,217,160,83,20,1,FMV002181,2181,2997.9700,2997.9700,2997.9700,526.8000,1,1,2026-08-24T00:00:00.000
2182,20260620,20260625,67,321,181,134,322,5,5,FMV002182,2182,2999.3400,2999.3400,2999.3400,527.5000,1,1,2026-08-24T00:00:00.000
2183,20260608,20260609,493,111,166,139,86,1,3,FMV002183,2183,3000.7100,3000.7100,3000.7100,528.2000,1,1,2026-08-24T00:00:00.000
2184,20260608,20260622,387,20,324,349,277,7,2,FMV002184,2184,3002.0800,3002.0800,3002.0800,528.9000,1,1,2026-08-24T00:00:00.000
2185,20260625,20260714,221,299,37,275,90,15,2,FMV002185,2185,3003.4500,3003.4500,3003.4500,529.6000,1,1,2026-08-24T00:00:00.000
2186,20260623,20260815,283,324,68,77,469,18,1,FMV002186,2186,3004.8200,3004.8200,3004.8200,530.3000,1,1,2026-08-24T00:00:00.000
2187,20260729,20260610,402,158,237,71,365,3,2,FMV002187,2187,3006.1900,3006.1900,3006.1900,531.0000,1,1,2026-08-24T00:00:00.000
2188,20260802,20260624,110,343,91,28,268,18,3,FMV002188,2188,3007.5600,3007.5600,3007.5600,531.7000,1,1,2026-08-24T00:00:00.000
2189,20260625,20260818,251,155,190,418,77,6,4,FMV002189,2189,3008.9300,3008.9300,3008.9300,532.4000,1,1,2026-08-24T00:00:00.000
2190,20260626,20260724,267,14,10,249,352,10,2,FMV002190,2190,3010.3000,3010.3000,3010.3000,533.1000,1,1,2026-08-24T00:00:00.000
2191,20260718,20260615,44,163,176,128,42,11,2,FMV002191,2191,3011.6700,3011.6700,3011.6700,533.8000,1,1,2026-08-24T00:00:00.000
2192,20260824,20260706,339,153,374,111,414,2,5,FMV002192,2192,3013.0400,3013.0400,3013.0400,534.5000,1,1,2026-08-24T00:00:00.000
2193,20260716,20260714,23,159,-1,-1,376,12,2,FMV002193,2193,3014.4100,3014.4100,3014.4100,535.2000,1,1,2026-08-24T00:00:00.000
2194,20260809,20260707,366,102,375,265,154,14,4,FMV002194,2194,3015.7800,3015.7800,3015.7800,535.9000,1,1,2026-08-24T00:00:00.000
2195,20260712,20260717,94,220,424,23,16,10,4,FMV002195,2195,3017.1500,3017.1500,3017.1500,536.6000,1,1,2026-08-24T00:00:00.000
2196,20260630,20260719,415,136,137,53,282,18,1,FMV002196,2196,3018.5200,3018.5200,3018.5200,537.3000,1,1,2026-08-24T00:00:00.000
2197,20260625,20260717,8,33,434,3,39,9,3,FMV002197,2197,3019.8900,3019.8900,3019.8900,538.0000,1,1,2026-08-24T00:00:00.000
2198,20260719,20260529,413,80,210,324,204,15,3,FMV002198,2198,3021.2600,3021.2600,3021.2600,538.7000,1,1,2026-08-24T00:00:00.000
2199,20260724,20260606,455,285,173,322,118,15,2,FMV002199,2199,3022.6300,3022.6300,3022.6300,539.4000,1,1,2026-08-24T00:00:00.000
2200,20260813,20260601,409,130,121,337,26,12,3,FMV002200,2200,3024.0000,3024.0000,3024.0000,540.1000,1,1,2026-08-24T00:00:00.000
2201,20260814,20260608,331,263,434,443,104,14,4,FMV002201,2201,3025.3700,3025.3700,3025.3700,540.8000,1,1,2026-08-24T00:00:00.000
2202,20260630,20260807,258,9,13,4,250,14,1,FMV002202,2202,3026.7400,3026.7400,3026.7400,541.5000,1,1,2026-08-24T00:00:00.000
2203,20260715,20260604,391,98,368,352,132,9,2,FMV002203,2203,3028.1100,3028.1100,3028.1100,542.2000,1,1,2026-08-24T00:00:00.000
2204,20260624,20260531,95,146,97,246,36,7,4,FMV002204,2204,3029.4800,3029.4800,3029.4800,542.9000,1,1,2026-08-24T00:00:00.000
2205,20260618,20260604,163,132,367,152,466,1,4,FMV002205,2205,3030.8500,3030.8500,3030.8500,543.6000,1,1,2026-08-24T00:00:00.000
2206,20260712,20260822,197,49,25,307,397,5,5,FMV002206,2206,3032.2200,3032.2200,3032.2200,544.3000,1,1,2026-08-24T00:00:00.000
2207,20260812,20260729,321,241,358,382,402,11,1,FMV002207,2207,3033.5900,3033.5900,3033.5900,545.0000,1,1,2026-08-24T00:00:00.000
2208,20260606,20260617,290,175,289,75,162,20,1,FMV002208,2208,3034.9600,3034.9600,3034.9600,545.7000,1,1,2026-08-24T00:00:00.000
2209,20260609,20260724,419,119,95,421,337,14,2,FMV002209,2209,3036.3300,3036.3300,3036.3300,546.4000,1,1,2026-08-24T00:00:00.000
2210,20260806,20260809,240,109,-1,-1,290,5,3,FMV002210,2210,3037.7000,3037.7000,3037.7000,547.1000,1,1,2026-08-24T00:00:00.000
2211,20260702,20260803,360,329,399,111,41,4,5,FMV002211,2211,3039.0700,3039.0700,3039.0700,547.8000,1,1,2026-08-24T00:00:00.000
2212,20260807,20260802,78,98,156,453,6,13,1,FMV002212,2212,3040.4400,3040.4400,3040.4400,548.5000,1,1,2026-08-24T00:00:00.000
2213,20260604,20260725,289,49,212,475,443,8,2,FMV002213,2213,3041.8100,3041.8100,3041.8100,549.2000,1,1,2026-08-24T00:00:00.000
2214,20260603,20260821,355,22,239,160,298,12,4,FMV002214,2214,3043.1800,3043.1800,3043.1800,549.9000,1,1,2026-08-24T00:00:00.000
2215,20260730,20260709,299,206,134,140,315,11,2,FMV002215,2215,3044.5500,3044.5500,3044.5500,550.6000,1,1,2026-08-24T00:00:00.000
2216,20260618,20260612,45,333,367,251,337,2,3,FMV002216,2216,3045.9200,3045.9200,3045.9200,551.3000,1,1,2026-08-24T00:00:00.000
2217,20260810,20260803,85,95,211,301,77,12,4,FMV002217,2217,3047.2900,3047.2900,3047.2900,552.0000,1,1,2026-08-24T00:00:00.000
2218,20260624,20260626,232,224,26,214,104,12,4,FMV002218,2218,3048.6600,3048.6600,3048.6600,552.7000,1,1,2026-08-24T00:00:00.000
2219,20260823,20260818,55,36,106,425,248,16,3,FMV002219,2219,3050.0300,3050.0300,3050.0300,553.4000,1,1,2026-08-24T00:00:00.000
2220,20260626,20260823,210,228,133,106,263,20,3,FMV002220,2220,3051.4000,3051.4000,3051.4000,554.1000,1,1,2026-08-24T00:00:00.000
2221,20260727,20260621,420,157,216,235,160,11,3,FMV002221,2221,3052.7700,3052.7700,3052.7700,554.8000,1,1,2026-08-24T00:00:00.000
2222,20260605,20260604,429,270,196,205,86,5,3,FMV002222,2222,3054.1400,3054.1400,3054.1400,555.5000,1,1,2026-08-24T00:00:00.000
2223,20260706,20260816,391,249,46,227,320,10,4,FMV002223,2223,3055.5100,3055.5100,3055.5100,556.2000,1,1,2026-08-24T00:00:00.000
2224,20260726,20260612,105,157,156,427,276,2,2,FMV002224,2224,3056.8800,3056.8800,3056.8800,556.9000,1,1,2026-08-24T00:00:00.000
2225,20260613,20260702,95,70,475,315,451,3,3,FMV002225,2225,3058.2500,3058.2500,3058.2500,557.6000,1,1,2026-08-24T00:00:00.000
2226,20260611,20260625,442,68,10,102,392,19,1,FMV002226,2226,3059.6200,3059.6200,3059.6200,558.3000,1,1,2026-08-24T00:00:00.000
2227,20260807,20260803,140,315,-1,-1,166,19,1,FMV002227,2227,3060.9900,3060.9900,3060.9900,559.0000,1,1,2026-08-24T00:00:00.000
2228,20260624,20260801,43,226,187,51,459,1,3,FMV002228,2228,3062.3600,3062.3600,3062.3600,559.7000,1,1,2026-08-24T00:00:00.000
2229,20260820,20260724,257,312,141,107,156,12,1,FMV002229,2229,3063.7300,3063.7300,3063.7300,560.4000,1,1,2026-08-24T00:00:00.000
2230,20260801,20260703,281,259,334,125,117,1,1,FMV002230,2230,3065.1000,3065.1000,3065.1000,561.1000,1,1,2026-08-24T00:00:00.000
2231,20260730,20260603,350,103,314,398,228,8,3,FMV002231,2231,3066.4700,3066.4700,3066.4700,561.8000,1,1,2026-08-24T00:00:00.000
2232,20260706,20260612,462,61,362,332,360,2,5,FMV002232,2232,3067.8400,3067.8400,3067.8400,562.5000,1,1,2026-08-24T00:00:00.000
2233,20260723,20260627,11,202,188,483,70,10,5,FMV002233,2233,3069.2100,3069.2100,3069.2100,563.2000,1,1,2026-08-24T00:00:00.000
2234,20260529,20260717,439,115,84,344,397,6,1,FMV002234,2234,3070.5800,3070.5800,3070.5800,563.9000,1,1,2026-08-24T00:00:00.000
2235,20260729,20260607,179,348,326,294,355,2,1,FMV002235,2235,3071.9500,3071.9500,3071.9500,564.6000,1,1,2026-08-24T00:00:00.000
2236,20260619,20260714,500,203,37,198,458,13,4,FMV002236,2236,3073.3200,3073.3200,3073.3200,565.3000,1,1,2026-08-24T00:00:00.000
2237,20260820,20260728,332,6,482,395,310,14,4,FMV002237,2237,3074.6900,3074.6900,3074.6900,566.0000,1,1,2026-08-24T00:00:00.000
2238,20260711,20260721,1,128,104,290,183,16,5,FMV002238,2238,3076.0600,3076.0600,3076.0600,566.7000,1,1,2026-08-24T00:00:00.000
2239,20260616,20260720,334,203,112,403,144,15,4,FMV002239,2239,3077.4300,3077.4300,3077.4300,567.4000,1,1,2026-08-24T00:00:00.000
2240,20260729,20260726,175,322,474,306,170,18,4,FMV002240,2240,3078.8000,3078.8000,3078.8000,568.1000,1,1,2026-08-24T00:00:00.000
2241,20260807,20260805,170,267,7,270,290,15,3,FMV002241,2241,3080.1700,3080.1700,3080.1700,568.8000,1,1,2026-08-24T00:00:00.000
2242,20260621,20260605,51,282,469,66,109,16,5,FMV002242,2242,3081.5400,3081.5400,3081.5400,569.5000,1,1,2026-08-24T00:00:00.000
2243,20260623,20260714,499,174,218,291,22,15,2,FMV002243,2243,3082.9100,3082.9100,3082.9100,570.2000,1,1,2026-08-24T00:00:00.000
2244,20260727,20260623,457,223,-1,-1,238,2,1,FMV002244,2244,3084.2800,3084.2800,3084.2800,570.9000,1,1,2026-08-24T00:00:00.000
2245,20260817,20260602,348,334,318,350,213,16,2,FMV002245,2245,3085.6500,3085.6500,3085.6500,571.6000,1,1,2026-08-24T00:00:00.000
2246,20260716,20260617,285,186,479,349,98,6,3,FMV002246,2246,3087.0200,3087.0200,3087.0200,572.3000,1,1,2026-08-24T00:00:00.000
2247,20260706,20260614,357,337,191,274,470,16,1,FMV002247,2247,3088.3900,3088.3900,3088.3900,573.0000,1,1,2026-08-24T00:00:00.000
2248,20260808,20260607,17,82,185,286,267,12,2,FMV002248,2248,3089.7600,3089.7600,3089.7600,573.7000,1,1,2026-08-24T00:00:00.000
2249,20260812,20260726,168,342,435,194,179,9,1,FMV002249,2249,3091.1300,3091.1300,3091.1300,574.4000,1,1,2026-08-24T00:00:00.000
2250,20260630,20260729,43,256,373,443,441,5,2,FMV002250,2250,3092.5000,3092.5000,3092.5000,575.1000,1,1,2026-08-24T00:00:00.000
2251,20260710,20260802,82,270,94,23,59,17,4,FMV002251,2251,3093.8700,3093.8700,3093.8700,575.8000,1,1,2026-08-24T00:00:00.000
2252,20260817,20260720,187,347,120,302,203,5,4,FMV002252,2252,3095.2400,3095.2400,3095.2400,576.5000,1,1,2026-08-24T00:00:00.000
2253,20260531,20260613,332,41,221,247,215,11,1,FMV002253,2253,3096.6100,3096.6100,3096.6100,577.2000,1,1,2026-08-24T00:00:00.000
2254,20260620,20260722,383,199,119,402,326,16,5,FMV002254,2254,3097.9800,3097.9800,3097.9800,577.9000,1,1,2026-08-24T00:00:00.000
2255,20260719,20260824,449,193,48,199,191,18,5,FMV002255,2255,3099.3500,3099.3500,3099.3500,578.6000,1,1,2026-08-24T00:00:00.000
2256,20260527,20260705,331,47,280,354,282,10,5,FMV002256,2256,3100.7200,3100.7200,3100.7200,579.3000,1,1,2026-08-24T00:00:00.000
2257,20260614,20260624,166,128,211,97,417,9,2,FMV002257,2257,3102.0900,3102.0900,3102.0900,580.0000,1,1,2026-08-24T00:00:00.000
2258,20260728,20260622,420,208,398,86,15,3,3,FMV002258,2258,3103.4600,3103.4600,3103.4600,580.7000,1,1,2026-08-24T00:00:00.000
2259,20260721,20260803,446,28,474,458,494,15,1,FMV002259,2259,3104.8300,3104.8300,3104.8300,581.4000,1,1,2026-08-24T00:00:00.000
2260,20260719,20260808,138,164,274,461,477,13,4,FMV002260,2260,3106.2000,3106.2000,3106.2000,582.1000,1,1,2026-08-24T00:00:00.000
2261,20260529,20260602,382,83,-1,-1,218,5,5,FMV002261,2261,3107.5700,3107.5700,3107.5700,582.8000,1,1,2026-08-24T00:00:00.000
2262,20260605,20260729,58,12,299,129,152,6,4,FMV002262,2262,3108.9400,3108.9400,3108.9400,583.5000,1,1,2026-08-24T00:00:00.000
2263,20260615,20260817,203,338,488,119,109,4,1,FMV002263,2263,3110.3100,3110.3100,3110.3100,584.2000,1,1,2026-08-24T00:00:00.000
2264,20260601,20260729,39,292,453,215,311,15,3,FMV002264,2264,3111.6800,3111.6800,3111.6800,584.9000,1,1,2026-08-24T00:00:00.000
2265,20260602,20260703,80,336,299,387,2,7,2,FMV002265,2265,3113.0500,3113.0500,3113.0500,585.6000,1,1,2026-08-24T00:00:00.000
2266,20260821,20260610,207,260,399,115,122,13,2,FMV002266,2266,3114.4200,3114.4200,3114.4200,586.3000,1,1,2026-08-24T00:00:00.000
2267,20260622,20260623,430,311,339,28,411,12,1,FMV002267,2267,3115.7900,3115.7900,3115.7900,587.0000,1,1,2026-08-24T00:00:00.000
2268,20260810,20260602,147,332,210,492,205,16,2,FMV002268,2268,3117.1600,3117.1600,3117.1600,587.7000,1,1,2026-08-24T00:00:00.000
2269,20260823,20260719,296,27,72,126,128,7,5,FMV002269,2269,3118.5300,3118.5300,3118.5300,588.4000,1,1,2026-08-24T00:00:00.000
2270,20260628,20260601,78,276,127,192,405,19,2,FMV002270,2270,3119.9000,3119.9000,3119.9000,589.1000,1,1,2026-08-24T00:00:00.000
2271,20260814,20260728,210,336,420,354,104,18,3,FMV002271,2271,3121.2700,3121.2700,3121.2700,589.8000,1,1,2026-08-24T00:00:00.000
2272,20260623,20260805,480,277,137,348,456,15,3,FMV002272,2272,3122.6400,3122.6400,3122.6400,590.5000,1,1,2026-08-24T00:00:00.000
2273,20260602,20260606,11,1,268,165,467,12,2,FMV002273,2273,3124.0100,3124.0100,3124.0100,591.2000,1,1,2026-08-24T00:00:00.000
2274,20260628,20260530,350,330,397,169,399,14,1,FMV002274,2274,3125.3800,3125.3800,3125.3800,591.9000,1,1,2026-08-24T00:00:00.000
2275,20260702,20260622,146,283,172,251,491,1,5,FMV002275,2275,3126.7500,3126.7500,3126.7500,592.6000,1,1,2026-08-24T00:00:00.000
2276,20260709,20260730,90,214,148,202,81,8,4,FMV002276,2276,3128.1200,3128.1200,3128.1200,593.3000,1,1,2026-08-24T00:00:00.000
2277,20260724,20260707,451,319,450,81,212,12,4,FMV002277,2277,3129.4900,3129.4900,3129.4900,594.0000,1,1,2026-08-24T00:00:00.000
2278,20260606,20260618,146,147,-1,-1,254,12,1,FMV002278,2278,3130.8600,3130.8600,3130.8600,594.7000,1,1,2026-08-24T00:00:00.000
2279,20260531,20260713,94,212,316,139,103,9,1,FMV002279,2279,3132.2300,3132.2300,3132.2300,595.4000,1,1,2026-08-24T00:00:00.000
2280,20260717,20260705,181,111,333,258,455,10,3,FMV002280,2280,3133.6000,3133.6000,3133.6000,596.1000,1,1,2026-08-24T00:00:00.000
2281,20260813,20260709,83,217,70,102,211,6,5,FMV002281,2281,3134.9700,3134.9700,3134.9700,596.8000,1,1,2026-08-24T00:00:00.000
2282,20260730,20260819,346,142,431,278,177,10,5,FMV002282,2282,3136.3400,3136.3400,3136.3400,597.5000,1,1,2026-08-24T00:00:00.000
2283,20260820,20260527,66,264,171,282,155,3,1,FMV002283,2283,3137.7100,3137.7100,3137.7100,598.2000,1,1,2026-08-24T00:00:00.000
2284,20260806,20260701,122,193,294,313,413,11,1,FMV002284,2284,3139.0800,3139.0800,3139.0800,598.9000,1,1,2026-08-24T00:00:00.000
2285,20260713,20260708,27,3,340,478,179,12,1,FMV002285,2285,3140.4500,3140.4500,3140.4500,599.6000,1,1,2026-08-24T00:00:00.000
2286,20260810,20260723,425,218,243,210,6,6,4,FMV002286,2286,3141.8200,3141.8200,3141.8200,600.3000,1,1,2026-08-24T00:00:00.000
2287,20260811,20260812,136,5,185,53,425,13,5,FMV002287,2287,3143.1900,3143.1900,3143.1900,601.0000,1,1,2026-08-24T00:00:00.000
2288,20260602,20260808,212,183,134,489,258,10,5,FMV002288,2288,3144.5600,3144.5600,3144.5600,601.7000,1,1,2026-08-24T00:00:00.000
2289,20260719,20260617,434,213,409,300,494,14,5,FMV002289,2289,3145.9300,3145.9300,3145.9300,602.4000,1,1,2026-08-24T00:00:00.000
2290,20260530,20260718,359,88,481,475,219,20,3,FMV002290,2290,3147.3000,3147.3000,3147.3000,603.1000,1,1,2026-08-24T00:00:00.000
2291,20260603,20260613,233,152,40,327,165,15,5,FMV002291,2291,3148.6700,3148.6700,3148.6700,603.8000,1,1,2026-08-24T00:00:00.000
2292,20260803,20260806,415,347,132,226,35,11,4,FMV002292,2292,3150.0400,3150.0400,3150.0400,604.5000,1,1,2026-08-24T00:00:00.000
2293,20260621,20260811,297,37,437,369,347,1,3,FMV002293,2293,3151.4100,3151.4100,3151.4100,605.2000,1,1,2026-08-24T00:00:00.000
2294,20260802,20260614,302,123,10,229,387,6,1,FMV002294,2294,3152.7800,3152.7800,3152.7800,605.9000,1,1,2026-08-24T00:00:00.000
2295,20260820,20260716,287,76,-1,-1,25,15,3,FMV002295,2295,3154.1500,3154.1500,3154.1500,606.6000,1,1,2026-08-24T00:00:00.000
2296,20260724,20260616,351,137,497,412,89,17,3,FMV002296,2296,3155.5200,3155.5200,3155.5200,607.3000,1,1,2026-08-24T00:00:00.000
2297,20260709,20260731,494,125,443,139,441,3,5,FMV002297,2297,3156.8900,3156.8900,3156.8900,608.0000,1,1,2026-08-24T00:00:00.000
2298,20260717,20260624,53,224,56,295,257,19,3,FMV002298,2298,3158.2600,3158.2600,3158.2600,608.7000,1,1,2026-08-24T00:00:00.000
2299,20260611,20260814,128,260,107,244,206,6,3,FMV002299,2299,3159.6300,3159.6300,3159.6300,609.4000,1,1,2026-08-24T00:00:00.000
2300,20260612,20260820,17,278,457,208,184,9,5,FMV002300,2300,3161.0000,3161.0000,3161.0000,610.1000,1,1,2026-08-24T00:00:00.000
2301,20260528,20260818,497,257,306,162,174,4,5,FMV002301,2301,3162.3700,3162.3700,3162.3700,610.8000,1,1,2026-08-24T00:00:00.000
2302,20260719,20260713,297,45,274,242,153,8,2,FMV002302,2302,3163.7400,3163.7400,3163.7400,611.5000,1,1,2026-08-24T00:00:00.000
2303,20260713,20260701,351,101,120,382,222,13,4,FMV002303,2303,3165.1100,3165.1100,3165.1100,612.2000,1,1,2026-08-24T00:00:00.000
2304,20260622,20260720,251,327,295,337,382,19,5,FMV002304,2304,3166.4800,3166.4800,3166.4800,612.9000,1,1,2026-08-24T00:00:00.000
2305,20260701,20260809,278,197,425,18,61,19,4,FMV002305,2305,3167.8500,3167.8500,3167.8500,613.6000,1,1,2026-08-24T00:00:00.000
2306,20260626,20260712,464,73,118,133,113,11,2,FMV002306,2306,3169.2200,3169.2200,3169.2200,614.3000,1,1,2026-08-24T00:00:00.000
2307,20260625,20260629,283,37,332,451,451,2,5,FMV002307,2307,3170.5900,3170.5900,3170.5900,615.0000,1,1,2026-08-24T00:00:00.000
2308,20260609,20260527,58,267,90,170,377,2,2,FMV002308,2308,3171.9600,3171.9600,3171.9600,615.7000,1,1,2026-08-24T00:00:00.000
2309,20260612,20260530,263,156,236,84,193,10,5,FMV002309,2309,3173.3300,3173.3300,3173.3300,616.4000,1,1,2026-08-24T00:00:00.000
2310,20260705,20260811,377,20,444,178,97,17,5,FMV002310,2310,3174.7000,3174.7000,3174.7000,617.1000,1,1,2026-08-24T00:00:00.000
2311,20260603,20260804,174,35,187,56,37,18,1,FMV002311,2311,3176.0700,3176.0700,3176.0700,617.8000,1,1,2026-08-24T00:00:00.000
2312,20260806,20260604,443,138,-1,-1,268,6,4,FMV002312,2312,3177.4400,3177.4400,3177.4400,618.5000,1,1,2026-08-24T00:00:00.000
2313,20260609,20260723,235,129,158,40,493,3,4,FMV002313,2313,3178.8100,3178.8100,3178.8100,619.2000,1,1,2026-08-24T00:00:00.000
2314,20260816,20260629,77,219,85,86,66,7,4,FMV002314,2314,3180.1800,3180.1800,3180.1800,619.9000,1,1,2026-08-24T00:00:00.000
2315,20260816,20260822,265,128,463,395,70,16,3,FMV002315,2315,3181.5500,3181.5500,3181.5500,620.6000,1,1,2026-08-24T00:00:00.000
2316,20260727,20260702,493,209,229,265,140,16,4,FMV002316,2316,3182.9200,3182.9200,3182.9200,621.3000,1,1,2026-08-24T00:00:00.000
2317,20260529,20260813,55,183,212,215,210,14,4,FMV002317,2317,3184.2900,3184.2900,3184.2900,622.0000,1,1,2026-08-24T00:00:00.000
2318,20260611,20260611,302,301,242,113,328,16,5,FMV002318,2318,3185.6600,3185.6600,3185.6600,622.7000,1,1,2026-08-24T00:00:00.000
2319,20260815,20260625,307,104,168,237,114,3,5,FMV002319,2319,3187.0300,3187.0300,3187.0300,623.4000,1,1,2026-08-24T00:00:00.000
2320,20260716,20260712,309,292,407,104,72,15,1,FMV002320,2320,3188.4000,3188.4000,3188.4000,624.1000,1,1,2026-08-24T00:00:00.000
2321,20260701,20260729,90,183,267,324,73,4,3,FMV002321,2321,3189.7700,3189.7700,3189.7700,624.8000,1,1,2026-08-24T00:00:00.000
2322,20260603,20260604,331,221,5,98,217,8,4,FMV002322,2322,3191.1400,3191.1400,3191.1400,625.5000,1,1,2026-08-24T00:00:00.000
2323,20260821,20260719,455,200,40,154,53,5,3,FMV002323,2323,3192.5100,3192.5100,3192.5100,626.2000,1,1,2026-08-24T00:00:00.000
2324,20260607,20260823,441,16,228,375,461,15,1,FMV002324,2324,3193.8800,3193.8800,3193.8800,626.9000,1,1,2026-08-24T00:00:00.000
2325,20260814,20260731,169,332,300,391,80,14,3,FMV002325,2325,3195.2500,3195.2500,3195.2500,627.6000,1,1,2026-08-24T00:00:00.000
2326,20260801,20260602,81,35,314,413,417,20,4,FMV002326,2326,3196.6200,3196.6200,3196.6200,628.3000,1,1,2026-08-24T00:00:00.000
2327,20260607,20260616,185,231,175,388,96,6,5,FMV002327,2327,3197.9900,3197.9900,3197.9900,629.0000,1,1,2026-08-24T00:00:00.000
2328,20260531,20260714,151,140,350,264,371,8,4,FMV002328,2328,3199.3600,3199.3600,3199.3600,629.7000,1,1,2026-08-24T00:00:00.000
2329,20260529,20260605,168,263,-1,-1,222,11,5,FMV002329,2329,3200.7300,3200.7300,3200.7300,630.4000,1,1,2026-08-24T00:00:00.000
2330,20260724,20260820,429,84,362,137,442,10,2,FMV002330,2330,3202.1000,3202.1000,3202.1000,631.1000,1,1,2026-08-24T00:00:00.000
2331,20260805,20260811,419,91,426,202,207,5,4,FMV002331,2331,3203.4700,3203.4700,3203.4700,631.8000,1,1,2026-08-24T00:00:00.000
2332,20260621,20260621,179,260,288,413,158,20,2,FMV002332,2332,3204.8400,3204.8400,3204.8400,632.5000,1,1,2026-08-24T00:00:00.000
2333,20260702,20260805,473,118,324,419,412,1,2,FMV002333,2333,3206.2100,3206.2100,3206.2100,633.2000,1,1,2026-08-24T00:00:00.000
2334,20260626,20260602,40,316,437,391,57,12,5,FMV002334,2334,3207.5800,3207.5800,3207.5800,633.9000,1,1,2026-08-24T00:00:00.000
2335,20260710,20260617,407,158,255,228,419,12,4,FMV002335,2335,3208.9500,3208.9500,3208.9500,634.6000,1,1,2026-08-24T00:00:00.000
2336,20260626,20260623,378,12,388,156,242,13,2,FMV002336,2336,3210.3200,3210.3200,3210.3200,635.3000,1,1,2026-08-24T00:00:00.000
2337,20260813,20260804,10,249,364,60,138,19,2,FMV002337,2337,3211.6900,3211.6900,3211.6900,636.0000,1,1,2026-08-24T00:00:00.000
2338,20260803,20260816,34,288,78,395,391,16,5,FMV002338,2338,3213.0600,3213.0600,3213.0600,636.7000,1,1,2026-08-24T00:00:00.000
2339,20260803,20260707,492,95,271,437,207,15,5,FMV002339,2339,3214.4300,3214.4300,3214.4300,637.4000,1,1,2026-08-24T00:00:00.000
2340,20260701,20260703,206,82,165,207,468,10,4,FMV002340,2340,3215.8000,3215.8000,3215.8000,638.1000,1,1,2026-08-24T00:00:00.000
2341,20260728,20260627,368,68,357,396,342,17,5,FMV002341,2341,3217.1700,3217.1700,3217.1700,638.8000,1,1,2026-08-24T00:00:00.000
2342,20260608,20260820,336,58,31,327,273,18,4,FMV002342,2342,3218.5400,3218.5400,3218.5400,639.5000,1,1,2026-08-24T00:00:00.000
2343,20260711,20260527,402,330,136,205,109,8,1,FMV002343,2343,3219.9100,3219.9100,3219.9100,640.2000,1,1,2026-08-24T00:00:00.000
2344,20260714,20260710,198,272,304,178,229,6,4,FMV002344,2344,3221.2800,3221.2800,3221.2800,640.9000,1,1,2026-08-24T00:00:00.000
2345,20260813,20260629,288,270,24,431,57,14,5,FMV002345,2345,3222.6500,3222.6500,3222.6500,641.6000,1,1,2026-08-24T00:00:00.000
2346,20260809,20260707,69,9,-1,-1,464,12,2,FMV002346,2346,3224.0200,3224.0200,3224.0200,642.3000,1,1,2026-08-24T00:00:00.000
2347,20260729,20260611,337,29,347,273,208,14,1,FMV002347,2347,3225.3900,3225.3900,3225.3900,643.0000,1,1,2026-08-24T00:00:00.000
2348,20260723,20260720,79,243,408,56,165,15,5,FMV002348,2348,3226.7600,3226.7600,3226.7600,643.7000,1,1,2026-08-24T00:00:00.000
2349,20260803,20260816,472,19,61,476,383,19,3,FMV002349,2349,3228.1300,3228.1300,3228.1300,644.4000,1,1,2026-08-24T00:00:00.000
2350,20260702,20260717,272,193,431,69,246,14,2,FMV002350,2350,3229.5000,3229.5000,3229.5000,645.1000,1,1,2026-08-24T00:00:00.000
2351,20260729,20260727,220,15,200,290,309,2,3,FMV002351,2351,3230.8700,3230.8700,3230.8700,645.8000,1,1,2026-08-24T00:00:00.000
2352,20260803,20260815,51,207,170,74,217,14,5,FMV002352,2352,3232.2400,3232.2400,3232.2400,646.5000,1,1,2026-08-24T00:00:00.000
2353,20260628,20260819,286,41,324,66,500,13,2,FMV002353,2353,3233.6100,3233.6100,3233.6100,647.2000,1,1,2026-08-24T00:00:00.000
2354,20260607,20260809,59,122,15,121,408,6,5,FMV002354,2354,3234.9800,3234.9800,3234.9800,647.9000,1,1,2026-08-24T00:00:00.000
2355,20260619,20260814,165,180,273,397,360,5,3,FMV002355,2355,3236.3500,3236.3500,3236.3500,648.6000,1,1,2026-08-24T00:00:00.000
2356,20260623,20260711,156,119,350,173,415,14,1,FMV002356,2356,3237.7200,3237.7200,3237.7200,649.3000,1,1,2026-08-24T00:00:00.000
2357,20260615,20260703,143,334,155,427,468,16,3,FMV002357,2357,3239.0900,3239.0900,3239.0900,650.0000,1,1,2026-08-24T00:00:00.000
2358,20260808,20260728,248,224,71,499,11,1,5,FMV002358,2358,3240.4600,3240.4600,3240.4600,650.7000,1,1,2026-08-24T00:00:00.000
2359,20260820,20260719,319,317,81,478,279,6,1,FMV002359,2359,3241.8300,3241.8300,3241.8300,651.4000,1,1,2026-08-24T00:00:00.000
2360,20260713,20260528,123,279,47,269,282,12,5,FMV002360,2360,3243.2000,3243.2000,3243.2000,652.1000,1,1,2026-08-24T00:00:00.000
2361,20260604,20260528,290,26,110,103,415,19,1,FMV002361,2361,3244.5700,3244.5700,3244.5700,652.8000,1,1,2026-08-24T00:00:00.000
2362,20260711,20260822,448,1,320,10,79,11,2,FMV002362,2362,3245.9400,3245.9400,3245.9400,653.5000,1,1,2026-08-24T00:00:00.000
2363,20260718,20260802,23,340,-1,-1,366,16,5,FMV002363,2363,3247.3100,3247.3100,3247.3100,654.2000,1,1,2026-08-24T00:00:00.000
2364,20260617,20260822,224,167,224,357,205,4,1,FMV002364,2364,3248.6800,3248.6800,3248.6800,654.9000,1,1,2026-08-24T00:00:00.000
2365,20260716,20260611,264,83,354,134,378,7,5,FMV002365,2365,3250.0500,3250.0500,3250.0500,655.6000,1,1,2026-08-24T00:00:00.000
2366,20260621,20260614,409,101,10,446,201,9,4,FMV002366,2366,3251.4200,3251.4200,3251.4200,656.3000,1,1,2026-08-24T00:00:00.000
2367,20260714,20260819,468,271,56,18,1,18,4,FMV002367,2367,3252.7900,3252.7900,3252.7900,657.0000,1,1,2026-08-24T00:00:00.000
2368,20260721,20260819,369,72,319,306,177,1,2,FMV002368,2368,3254.1600,3254.1600,3254.1600,657.7000,1,1,2026-08-24T00:00:00.000
2369,20260729,20260703,81,241,14,41,248,5,2,FMV002369,2369,3255.5300,3255.5300,3255.5300,658.4000,1,1,2026-08-24T00:00:00.000
2370,20260703,20260804,362,308,301,149,453,14,4,FMV002370,2370,3256.9000,3256.9000,3256.9000,659.1000,1,1,2026-08-24T00:00:00.000
2371,20260613,20260624,269,67,148,9,378,15,5,FMV002371,2371,3258.2700,3258.2700,3258.2700,659.8000,1,1,2026-08-24T00:00:00.000
2372,20260723,20260622,234,97,352,404,372,13,3,FMV002372,2372,3259.6400,3259.6400,3259.6400,660.5000,1,1,2026-08-24T00:00:00.000
2373,20260806,20260807,342,60,109,263,426,5,2,FMV002373,2373,3261.0100,3261.0100,3261.0100,661.2000,1,1,2026-08-24T00:00:00.000
2374,20260724,20260713,376,45,107,76,351,20,1,FMV002374,2374,3262.3800,3262.3800,3262.3800,661.9000,1,1,2026-08-24T00:00:00.000
2375,20260624,20260819,54,303,74,369,212,5,4,FMV002375,2375,3263.7500,3263.7500,3263.7500,662.6000,1,1,2026-08-24T00:00:00.000
2376,20260606,20260821,470,111,369,293,279,2,4,FMV002376,2376,3265.1200,3265.1200,3265.1200,663.3000,1,1,2026-08-24T00:00:00.000
2377,20260623,20260804,251,64,419,43,326,1,3,FMV002377,2377,3266.4900,3266.4900,3266.4900,664.0000,1,1,2026-08-24T00:00:00.000
2378,20260715,20260619,46,227,443,82,489,5,2,FMV002378,2378,3267.8600,3267.8600,3267.8600,664.7000,1,1,2026-08-24T00:00:00.000
2379,20260710,20260813,313,77,23,139,38,20,1,FMV002379,2379,3269.2300,3269.2300,3269.2300,665.4000,1,1,2026-08-24T00:00:00.000
2380,20260824,20260822,41,230,-1,-1,406,14,3,FMV002380,2380,3270.6000,3270.6000,3270.6000,666.1000,1,1,2026-08-24T00:00:00.000
2381,20260618,20260604,421,327,209,410,471,13,2,FMV002381,2381,3271.9700,3271.9700,3271.9700,666.8000,1,1,2026-08-24T00:00:00.000
2382,20260811,20260724,38,60,105,5,101,19,1,FMV002382,2382,3273.3400,3273.3400,3273.3400,667.5000,1,1,2026-08-24T00:00:00.000
2383,20260713,20260618,82,220,44,287,109,9,1,FMV002383,2383,3274.7100,3274.7100,3274.7100,668.2000,1,1,2026-08-24T00:00:00.000
2384,20260617,20260824,115,321,138,240,131,5,3,FMV002384,2384,3276.0800,3276.0800,3276.0800,668.9000,1,1,2026-08-24T00:00:00.000
2385,20260814,20260722,392,80,199,189,465,3,4,FMV002385,2385,3277.4500,3277.4500,3277.4500,669.6000,1,1,2026-08-24T00:00:00.000
2386,20260728,20260614,219,96,350,221,361,19,1,FMV002386,2386,3278.8200,3278.8200,3278.8200,670.3000,1,1,2026-08-24T00:00:00.000
2387,20260714,20260701,44,156,5,106,364,18,2,FMV002387,2387,3280.1900,3280.1900,3280.1900,671.0000,1,1,2026-08-24T00:00:00.000
2388,20260703,20260815,77,243,353,487,470,13,3,FMV002388,2388,3281.5600,3281.5600,3281.5600,671.7000,1,1,2026-08-24T00:00:00.000
2389,20260706,20260618,413,262,91,320,474,8,1,FMV002389,2389,3282.9300,3282.9300,3282.9300,672.4000,1,1,2026-08-24T00:00:00.000
2390,20260719,20260715,497,183,156,419,152,16,1,FMV002390,2390,3284.3000,3284.3000,3284.3000,673.1000,1,1,2026-08-24T00:00:00.000
2391,20260823,20260621,221,245,151,408,414,4,2,FMV002391,2391,3285.6700,3285.6700,3285.6700,673.8000,1,1,2026-08-24T00:00:00.000
2392,20260713,20260704,14,7,131,483,188,13,5,FMV002392,2392,3287.0400,3287.0400,3287.0400,674.5000,1,1,2026-08-24T00:00:00.000
2393,20260721,20260608,373,310,139,392,139,5,2,FMV002393,2393,3288.4100,3288.4100,3288.4100,675.2000,1,1,2026-08-24T00:00:00.000
2394,20260622,20260718,424,293,188,215,8,4,4,FMV002394,2394,3289.7800,3289.7800,3289.7800,675.9000,1,1,2026-08-24T00:00:00.000
2395,20260725,20260609,289,46,6,84,157,17,2,FMV002395,2395,3291.1500,3291.1500,3291.1500,676.6000,1,1,2026-08-24T00:00:00.000
2396,20260815,20260807,392,43,457,347,167,20,4,FMV002396,2396,3292.5200,3292.5200,3292.5200,677.3000,1,1,2026-08-24T00:00:00.000
2397,20260728,20260527,243,262,-1,-1,497,4,1,FMV002397,2397,3293.8900,3293.8900,3293.8900,678.0000,1,1,2026-08-24T00:00:00.000
2398,20260629,20260807,431,175,325,296,267,8,2,FMV002398,2398,3295.2600,3295.2600,3295.2600,678.7000,1,1,2026-08-24T00:00:00.000
2399,20260702,20260807,60,239,156,362,372,9,4,FMV002399,2399,3296.6300,3296.6300,3296.6300,679.4000,1,1,2026-08-24T00:00:00.000
2400,20260621,20260528,165,290,458,50,367,5,5,FMV002400,2400,3298.0000,3298.0000,3298.0000,680.1000,1,1,2026-08-24T00:00:00.000
2401,20260705,20260621,412,129,57,398,77,13,4,FMV002401,2401,3299.3700,3299.3700,3299.3700,680.8000,1,1,2026-08-24T00:00:00.000
2402,20260622,20260528,385,109,335,494,32,3,1,FMV002402,2402,3300.7400,3300.7400,3300.7400,681.5000,1,1,2026-08-24T00:00:00.000
2403,20260703,20260605,290,28,74,328,208,4,5,FMV002403,2403,3302.1100,3302.1100,3302.1100,682.2000,1,1,2026-08-24T00:00:00.000
2404,20260528,20260720,170,157,279,467,157,20,5,FMV002404,2404,3303.4800,3303.4800,3303.4800,682.9000,1,1,2026-08-24T00:00:00.000
2405,20260804,20260815,6,194,70,109,280,9,5,FMV002405,2405,3304.8500,3304.8500,3304.8500,683.6000,1,1,2026-08-24T00:00:00.000
2406,20260815,20260806,378,233,473,96,209,1,5,FMV002406,2406,3306.2200,3306.2200,3306.2200,684.3000,1,1,2026-08-24T00:00:00.000
2407,20260806,20260802,392,349,271,239,167,3,3,FMV002407,2407,3307.5900,3307.5900,3307.5900,685.0000,1,1,2026-08-24T00:00:00.000
2408,20260611,20260602,302,305,96,25,15,9,2,FMV002408,2408,3308.9600,3308.9600,3308.9600,685.7000,1,1,2026-08-24T00:00:00.000
2409,20260610,20260820,367,154,87,421,30,6,3,FMV002409,2409,3310.3300,3310.3300,3310.3300,686.4000,1,1,2026-08-24T00:00:00.000
2410,20260529,20260810,425,271,96,248,330,20,4,FMV002410,2410,3311.7000,3311.7000,3311.7000,687.1000,1,1,2026-08-24T00:00:00.000
2411,20260710,20260630,465,99,303,46,288,3,5,FMV002411,2411,3313.0700,3313.0700,3313.0700,687.8000,1,1,2026-08-24T00:00:00.000
2412,20260807,20260615,349,141,367,47,416,5,4,FMV002412,2412,3314.4400,3314.4400,3314.4400,688.5000,1,1,2026-08-24T00:00:00.000
2413,20260818,20260710,366,215,384,14,162,7,1,FMV002413,2413,3315.8100,3315.8100,3315.8100,689.2000,1,1,2026-08-24T00:00:00.000
2414,20260720,20260801,47,102,-1,-1,357,7,4,FMV002414,2414,3317.1800,3317.1800,3317.1800,689.9000,1,1,2026-08-24T00:00:00.000
2415,20260708,20260619,326,33,70,444,113,16,1,FMV002415,2415,3318.5500,3318.5500,3318.5500,690.6000,1,1,2026-08-24T00:00:00.000
2416,20260808,20260624,227,54,104,206,223,1,2,FMV002416,2416,3319.9200,3319.9200,3319.9200,691.3000,1,1,2026-08-24T00:00:00.000
2417,20260821,20260824,336,18,462,419,405,16,4,FMV002417,2417,3321.2900,3321.2900,3321.2900,692.0000,1,1,2026-08-24T00:00:00.000
2418,20260623,20260529,357,257,153,182,363,15,5,FMV002418,2418,3322.6600,3322.6600,3322.6600,692.7000,1,1,2026-08-24T00:00:00.000
2419,20260601,20260616,452,319,314,286,61,6,3,FMV002419,2419,3324.0300,3324.0300,3324.0300,693.4000,1,1,2026-08-24T00:00:00.000
2420,20260605,20260623,412,262,492,119,400,15,2,FMV002420,2420,3325.4000,3325.4000,3325.4000,694.1000,1,1,2026-08-24T00:00:00.000
2421,20260731,20260822,119,18,206,334,408,8,5,FMV002421,2421,3326.7700,3326.7700,3326.7700,694.8000,1,1,2026-08-24T00:00:00.000
2422,20260629,20260824,156,120,336,29,223,4,3,FMV002422,2422,3328.1400,3328.1400,3328.1400,695.5000,1,1,2026-08-24T00:00:00.000
2423,20260727,20260603,498,317,27,167,163,11,4,FMV002423,2423,3329.5100,3329.5100,3329.5100,696.2000,1,1,2026-08-24T00:00:00.000
2424,20260808,20260623,143,65,357,56,401,10,5,FMV002424,2424,3330.8800,3330.8800,3330.8800,696.9000,1,1,2026-08-24T00:00:00.000
2425,20260531,20260621,269,94,359,234,24,17,5,FMV002425,2425,3332.2500,3332.2500,3332.2500,697.6000,1,1,2026-08-24T00:00:00.000
2426,20260814,20260730,87,26,298,473,338,10,4,FMV002426,2426,3333.6200,3333.6200,3333.6200,698.3000,1,1,2026-08-24T00:00:00.000
2427,20260823,20260806,270,136,320,153,282,14,2,FMV002427,2427,3334.9900,3334.9900,3334.9900,699.0000,1,1,2026-08-24T00:00:00.000
2428,20260816,20260618,352,70,152,290,324,7,1,FMV002428,2428,3336.3600,3336.3600,3336.3600,699.7000,1,1,2026-08-24T00:00:00.000
2429,20260808,20260731,291,313,24,356,245,11,1,FMV002429,2429,3337.7300,3337.7300,3337.7300,700.4000,1,1,2026-08-24T00:00:00.000
2430,20260820,20260819,137,293,457,109,218,6,4,FMV002430,2430,3339.1000,3339.1000,3339.1000,701.1000,1,1,2026-08-24T00:00:00.000
2431,20260813,20260616,121,156,-1,-1,43,6,5,FMV002431,2431,3340.4700,3340.4700,3340.4700,701.8000,1,1,2026-08-24T00:00:00.000
2432,20260602,20260527,203,41,174,25,323,7,1,FMV002432,2432,3341.8400,3341.8400,3341.8400,702.5000,1,1,2026-08-24T00:00:00.000
2433,20260820,20260717,69,348,408,224,257,19,1,FMV002433,2433,3343.2100,3343.2100,3343.2100,703.2000,1,1,2026-08-24T00:00:00.000
2434,20260805,20260601,210,300,475,242,3,14,4,FMV002434,2434,3344.5800,3344.5800,3344.5800,703.9000,1,1,2026-08-24T00:00:00.000
2435,20260716,20260821,268,74,14,494,220,10,4,FMV002435,2435,3345.9500,3345.9500,3345.9500,704.6000,1,1,2026-08-24T00:00:00.000
2436,20260617,20260814,78,152,294,404,490,7,2,FMV002436,2436,3347.3200,3347.3200,3347.3200,705.3000,1,1,2026-08-24T00:00:00.000
2437,20260612,20260713,336,339,91,225,265,8,2,FMV002437,2437,3348.6900,3348.6900,3348.6900,706.0000,1,1,2026-08-24T00:00:00.000
2438,20260719,20260701,53,128,4,219,100,7,4,FMV002438,2438,3350.0600,3350.0600,3350.0600,706.7000,1,1,2026-08-24T00:00:00.000
2439,20260609,20260728,316,163,154,495,11,18,3,FMV002439,2439,3351.4300,3351.4300,3351.4300,707.4000,1,1,2026-08-24T00:00:00.000
2440,20260723,20260814,312,93,156,225,261,13,2,FMV002440,2440,3352.8000,3352.8000,3352.8000,708.1000,1,1,2026-08-24T00:00:00.000
2441,20260808,20260615,361,334,467,304,128,2,3,FMV002441,2441,3354.1700,3354.1700,3354.1700,708.8000,1,1,2026-08-24T00:00:00.000
2442,20260607,20260607,475,319,448,56,233,5,1,FMV002442,2442,3355.5400,3355.5400,3355.5400,709.5000,1,1,2026-08-24T00:00:00.000
2443,20260629,20260714,370,247,197,302,171,18,1,FMV002443,2443,3356.9100,3356.9100,3356.9100,710.2000,1,1,2026-08-24T00:00:00.000
2444,20260706,20260719,254,316,96,76,56,2,3,FMV002444,2444,3358.2800,3358.2800,3358.2800,710.9000,1,1,2026-08-24T00:00:00.000
2445,20260727,20260810,403,248,307,441,461,7,1,FMV002445,2445,3359.6500,3359.6500,3359.6500,711.6000,1,1,2026-08-24T00:00:00.000
2446,20260729,20260807,307,149,312,494,478,10,4,FMV002446,2446,3361.0200,3361.0200,3361.0200,712.3000,1,1,2026-08-24T00:00:00.000
2447,20260717,20260615,449,82,45,196,45,14,5,FMV002447,2447,3362.3900,3362.3900,3362.3900,713.0000,1,1,2026-08-24T00:00:00.000
2448,20260621,20260701,354,332,-1,-1,168,19,4,FMV002448,2448,3363.7600,3363.7600,3363.7600,713.7000,1,1,2026-08-24T00:00:00.000
2449,20260604,20260713,243,5,234,277,171,20,5,FMV002449,2449,3365.1300,3365.1300,3365.1300,714.4000,1,1,2026-08-24T00:00:00.000
2450,20260730,20260602,262,93,68,457,2,10,1,FMV002450,2450,3366.5000,3366.5000,3366.5000,715.1000,1,1,2026-08-24T00:00:00.000
2451,20260812,20260821,186,53,444,452,383,2,4,FMV002451,2451,3367.8700,3367.8700,3367.8700,715.8000,1,1,2026-08-24T00:00:00.000
2452,20260606,20260619,369,305,216,472,439,1,1,FMV002452,2452,3369.2400,3369.2400,3369.2400,716.5000,1,1,2026-08-24T00:00:00.000
2453,20260604,20260602,461,280,485,10,171,3,5,FMV002453,2453,3370.6100,3370.6100,3370.6100,717.2000,1,1,2026-08-24T00:00:00.000
2454,20260728,20260720,63,309,380,308,420,20,5,FMV002454,2454,3371.9800,3371.9800,3371.9800,717.9000,1,1,2026-08-24T00:00:00.000
2455,20260723,20260807,497,120,215,211,354,6,2,FMV002455,2455,3373.3500,3373.3500,3373.3500,718.6000,1,1,2026-08-24T00:00:00.000
2456,20260708,20260806,112,199,250,466,317,8,5,FMV002456,2456,3374.7200,3374.7200,3374.7200,719.3000,1,1,2026-08-24T00:00:00.000
2457,20260709,20260816,47,27,41,256,6,7,5,FMV002457,2457,3376.0900,3376.0900,3376.0900,720.0000,1,1,2026-08-24T00:00:00.000
2458,20260624,20260703,133,218,405,190,366,17,2,FMV002458,2458,3377.4600,3377.4600,3377.4600,720.7000,1,1,2026-08-24T00:00:00.000
2459,20260807,20260821,98,23,401,8,26,4,1,FMV002459,2459,3378.8300,3378.8300,3378.8300,721.4000,1,1,2026-08-24T00:00:00.000
2460,20260620,20260819,296,86,167,91,344,16,3,FMV002460,2460,3380.2000,3380.2000,3380.2000,722.1000,1,1,2026-08-24T00:00:00.000
2461,20260707,20260721,111,135,4,202,271,10,3,FMV002461,2461,3381.5700,3381.5700,3381.5700,722.8000,1,1,2026-08-24T00:00:00.000
2462,20260811,20260602,483,109,269,127,79,13,3,FMV002462,2462,3382.9400,3382.9400,3382.9400,723.5000,1,1,2026-08-24T00:00:00.000
2463,20260726,20260814,136,309,470,246,322,19,5,FMV002463,2463,3384.3100,3384.3100,3384.3100,724.2000,1,1,2026-08-24T00:00:00.000
2464,20260809,20260722,302,236,314,410,461,19,4,FMV002464,2464,3385.6800,3385.6800,3385.6800,724.9000,1,1,2026-08-24T00:00:00.000
2465,20260711,20260824,120,152,-1,-1,223,10,5,FMV002465,2465,3387.0500,3387.0500,3387.0500,725.6000,1,1,2026-08-24T00:00:00.000
2466,20260719,20260819,389,327,207,287,34,12,2,FMV002466,2466,3388.4200,3388.4200,3388.4200,726.3000,1,1,2026-08-24T00:00:00.000
2467,20260822,20260529,204,72,44,464,385,17,1,FMV002467,2467,3389.7900,3389.7900,3389.7900,727.0000,1,1,2026-08-24T00:00:00.000
2468,20260711,20260814,498,75,84,383,53,14,2,FMV002468,2468,3391.1600,3391.1600,3391.1600,727.7000,1,1,2026-08-24T00:00:00.000
2469,20260527,20260803,393,136,318,471,421,15,4,FMV002469,2469,3392.5300,3392.5300,3392.5300,728.4000,1,1,2026-08-24T00:00:00.000
2470,20260816,20260731,397,109,121,459,342,1,5,FMV002470,2470,3393.9000,3393.9000,3393.9000,729.1000,1,1,2026-08-24T00:00:00.000
2471,20260608,20260706,334,202,169,9,65,3,4,FMV002471,2471,3395.2700,3395.2700,3395.2700,729.8000,1,1,2026-08-24T00:00:00.000
2472,20260805,20260824,19,137,41,119,203,9,5,FMV002472,2472,3396.6400,3396.6400,3396.6400,730.5000,1,1,2026-08-24T00:00:00.000
2473,20260613,20260814,293,304,430,219,69,8,5,FMV002473,2473,3398.0100,3398.0100,3398.0100,731.2000,1,1,2026-08-24T00:00:00.000
2474,20260815,20260718,453,52,80,220,482,1,4,FMV002474,2474,3399.3800,3399.3800,3399.3800,731.9000,1,1,2026-08-24T00:00:00.000
2475,20260615,20260719,329,330,101,94,217,3,2,FMV002475,2475,3400.7500,3400.7500,3400.7500,732.6000,1,1,2026-08-24T00:00:00.000
2476,20260818,20260708,203,315,8,86,351,2,3,FMV002476,2476,3402.1200,3402.1200,3402.1200,733.3000,1,1,2026-08-24T00:00:00.000
2477,20260603,20260607,430,100,315,48,329,14,3,FMV002477,2477,3403.4900,3403.4900,3403.4900,734.0000,1,1,2026-08-24T00:00:00.000
2478,20260609,20260819,400,185,103,192,468,4,5,FMV002478,2478,3404.8600,3404.8600,3404.8600,734.7000,1,1,2026-08-24T00:00:00.000
2479,20260613,20260810,335,322,297,375,225,1,2,FMV002479,2479,3406.2300,3406.2300,3406.2300,735.4000,1,1,2026-08-24T00:00:00.000
2480,20260818,20260706,398,14,494,150,79,15,2,FMV002480,2480,3407.6000,3407.6000,3407.6000,736.1000,1,1,2026-08-24T00:00:00.000
2481,20260823,20260626,240,75,381,394,340,15,2,FMV002481,2481,3408.9700,3408.9700,3408.9700,736.8000,1,1,2026-08-24T00:00:00.000
2482,20260530,20260729,299,315,-1,-1,4,11,5,FMV002482,2482,3410.3400,3410.3400,3410.3400,737.5000,1,1,2026-08-24T00:00:00.000
2483,20260717,20260623,130,150,8,351,363,18,2,FMV002483,2483,3411.7100,3411.7100,3411.7100,738.2000,1,1,2026-08-24T00:00:00.000
2484,20260527,20260817,241,96,138,257,79,2,3,FMV002484,2484,3413.0800,3413.0800,3413.0800,738.9000,1,1,2026-08-24T00:00:00.000
2485,20260614,20260801,297,138,99,463,290,15,5,FMV002485,2485,3414.4500,3414.4500,3414.4500,739.6000,1,1,2026-08-24T00:00:00.000
2486,20260813,20260529,194,242,236,236,291,20,4,FMV002486,2486,3415.8200,3415.8200,3415.8200,740.3000,1,1,2026-08-24T00:00:00.000
2487,20260625,20260621,278,234,338,396,328,2,2,FMV002487,2487,3417.1900,3417.1900,3417.1900,741.0000,1,1,2026-08-24T00:00:00.000
2488,20260615,20260715,72,252,445,498,404,15,4,FMV002488,2488,3418.5600,3418.5600,3418.5600,741.7000,1,1,2026-08-24T00:00:00.000
2489,20260706,20260814,104,120,264,397,206,9,3,FMV002489,2489,3419.9300,3419.9300,3419.9300,742.4000,1,1,2026-08-24T00:00:00.000
2490,20260808,20260527,44,191,402,400,306,2,2,FMV002490,2490,3421.3000,3421.3000,3421.3000,743.1000,1,1,2026-08-24T00:00:00.000
2491,20260610,20260612,49,20,106,401,134,8,2,FMV002491,2491,3422.6700,3422.6700,3422.6700,743.8000,1,1,2026-08-24T00:00:00.000
2492,20260602,20260610,466,318,314,285,431,17,4,FMV002492,2492,3424.0400,3424.0400,3424.0400,744.5000,1,1,2026-08-24T00:00:00.000
2493,20260607,20260610,343,119,329,176,351,13,1,FMV002493,2493,3425.4100,3425.4100,3425.4100,745.2000,1,1,2026-08-24T00:00:00.000
2494,20260621,20260605,31,189,434,420,173,2,1,FMV002494,2494,3426.7800,3426.7800,3426.7800,745.9000,1,1,2026-08-24T00:00:00.000
2495,20260621,20260712,243,331,140,402,5,5,1,FMV002495,2495,3428.1500,3428.1500,3428.1500,746.6000,1,1,2026-08-24T00:00:00.000
2496,20260627,20260625,294,328,384,404,463,5,3,FMV002496,2496,3429.5200,3429.5200,3429.5200,747.3000,1,1,2026-08-24T00:00:00.000
2497,20260601,20260604,121,345,439,261,64,11,4,FMV002497,2497,3430.8900,3430.8900,3430.8900,748.0000,1,1,2026-08-24T00:00:00.000
2498,20260716,20260819,261,286,274,36,459,6,1,FMV002498,2498,3432.2600,3432.2600,3432.2600,748.7000,1,1,2026-08-24T00:00:00.000
2499,20260710,20260605,354,39,-1,-1,23,18,4,FMV002499,2499,3433.6300,3433.6300,3433.6300,749.4000,1,1,2026-08-24T00:00:00.000
2500,20260813,20260723,482,211,222,430,411,5,3,FMV002500,2500,3435.0000,3435.0000,3435.0000,750.1000,1,1,2026-08-24T00:00:00.000
2501,20260620,20260824,159,84,366,280,158,4,2,FMV002501,2501,3436.3700,3436.3700,3436.3700,750.8000,1,1,2026-08-24T00:00:00.000
2502,20260813,20260819,289,205,368,296,286,17,4,FMV002502,2502,3437.7400,3437.7400,3437.7400,751.5000,1,1,2026-08-24T00:00:00.000
2503,20260812,20260823,346,232,458,384,96,13,4,FMV002503,2503,3439.1100,3439.1100,3439.1100,752.2000,1,1,2026-08-24T00:00:00.000
2504,20260707,20260531,396,113,392,294,79,18,5,FMV002504,2504,3440.4800,3440.4800,3440.4800,752.9000,1,1,2026-08-24T00:00:00.000
2505,20260629,20260608,7,133,162,269,449,5,1,FMV002505,2505,3441.8500,3441.8500,3441.8500,753.6000,1,1,2026-08-24T00:00:00.000
2506,20260814,20260711,228,192,382,381,383,20,4,FMV002506,2506,3443.2200,3443.2200,3443.2200,754.3000,1,1,2026-08-24T00:00:00.000
2507,20260612,20260701,173,172,494,366,125,17,3,FMV002507,2507,3444.5900,3444.5900,3444.5900,755.0000,1,1,2026-08-24T00:00:00.000
2508,20260801,20260529,66,110,173,106,5,4,2,FMV002508,2508,3445.9600,3445.9600,3445.9600,755.7000,1,1,2026-08-24T00:00:00.000
2509,20260615,20260819,154,81,172,269,287,10,3,FMV002509,2509,3447.3300,3447.3300,3447.3300,756.4000,1,1,2026-08-24T00:00:00.000
2510,20260703,20260814,164,319,106,320,96,1,3,FMV002510,2510,3448.7000,3448.7000,3448.7000,757.1000,1,1,2026-08-24T00:00:00.000
2511,20260702,20260708,57,74,472,495,286,17,1,FMV002511,2511,3450.0700,3450.0700,3450.0700,757.8000,1,1,2026-08-24T00:00:00.000
2512,20260724,20260622,120,246,215,287,118,3,1,FMV002512,2512,3451.4400,3451.4400,3451.4400,758.5000,1,1,2026-08-24T00:00:00.000
2513,20260722,20260821,212,201,395,95,41,17,4,FMV002513,2513,3452.8100,3452.8100,3452.8100,759.2000,1,1,2026-08-24T00:00:00.000
2514,20260727,20260722,182,270,464,357,392,4,4,FMV002514,2514,3454.1800,3454.1800,3454.1800,759.9000,1,1,2026-08-24T00:00:00.000
2515,20260724,20260724,256,89,227,353,23,20,2,FMV002515,2515,3455.5500,3455.5500,3455.5500,760.6000,1,1,2026-08-24T00:00:00.000
2516,20260625,20260722,32,81,-1,-1,59,12,1,FMV002516,2516,3456.9200,3456.9200,3456.9200,761.3000,1,1,2026-08-24T00:00:00.000
2517,20260816,20260602,480,241,262,451,147,12,4,FMV002517,2517,3458.2900,3458.2900,3458.2900,762.0000,1,1,2026-08-24T00:00:00.000
2518,20260624,20260718,350,24,201,301,446,14,3,FMV002518,2518,3459.6600,3459.6600,3459.6600,762.7000,1,1,2026-08-24T00:00:00.000
2519,20260726,20260626,363,344,461,135,155,10,5,FMV002519,2519,3461.0300,3461.0300,3461.0300,763.4000,1,1,2026-08-24T00:00:00.000
2520,20260729,20260814,73,41,186,299,278,10,1,FMV002520,2520,3462.4000,3462.4000,3462.4000,764.1000,1,1,2026-08-24T00:00:00.000
2521,20260717,20260531,84,155,470,452,208,17,5,FMV002521,2521,3463.7700,3463.7700,3463.7700,764.8000,1,1,2026-08-24T00:00:00.000
2522,20260717,20260620,237,196,306,259,71,20,1,FMV002522,2522,3465.1400,3465.1400,3465.1400,765.5000,1,1,2026-08-24T00:00:00.000
2523,20260729,20260719,233,350,356,127,6,7,4,FMV002523,2523,3466.5100,3466.5100,3466.5100,766.2000,1,1,2026-08-24T00:00:00.000
2524,20260710,20260804,113,11,295,54,482,10,5,FMV002524,2524,3467.8800,3467.8800,3467.8800,766.9000,1,1,2026-08-24T00:00:00.000
2525,20260606,20260808,466,303,2,60,439,6,2,FMV002525,2525,3469.2500,3469.2500,3469.2500,767.6000,1,1,2026-08-24T00:00:00.000
2526,20260720,20260528,301,298,471,99,291,2,4,FMV002526,2526,3470.6200,3470.6200,3470.6200,768.3000,1,1,2026-08-24T00:00:00.000
2527,20260625,20260611,386,215,5,361,83,12,4,FMV002527,2527,3471.9900,3471.9900,3471.9900,769.0000,1,1,2026-08-24T00:00:00.000
2528,20260602,20260528,277,198,103,355,191,16,2,FMV002528,2528,3473.3600,3473.3600,3473.3600,769.7000,1,1,2026-08-24T00:00:00.000
2529,20260705,20260618,371,312,468,380,477,13,4,FMV002529,2529,3474.7300,3474.7300,3474.7300,770.4000,1,1,2026-08-24T00:00:00.000
2530,20260623,20260531,330,262,281,18,224,18,1,FMV002530,2530,3476.1000,3476.1000,3476.1000,771.1000,1,1,2026-08-24T00:00:00.000
2531,20260628,20260621,479,53,192,198,398,3,4,FMV002531,2531,3477.4700,3477.4700,3477.4700,771.8000,1,1,2026-08-24T00:00:00.000
2532,20260819,20260606,497,184,12,417,239,2,5,FMV002532,2532,3478.8400,3478.8400,3478.8400,772.5000,1,1,2026-08-24T00:00:00.000
2533,20260819,20260726,59,273,-1,-1,220,16,2,FMV002533,2533,3480.2100,3480.2100,3480.2100,773.2000,1,1,2026-08-24T00:00:00.000
2534,20260823,20260719,242,15,268,373,332,11,4,FMV002534,2534,3481.5800,3481.5800,3481.5800,773.9000,1,1,2026-08-24T00:00:00.000
2535,20260811,20260605,282,347,378,289,486,13,4,FMV002535,2535,3482.9500,3482.9500,3482.9500,774.6000,1,1,2026-08-24T00:00:00.000
2536,20260610,20260711,170,232,150,385,14,4,2,FMV002536,2536,3484.3200,3484.3200,3484.3200,775.3000,1,1,2026-08-24T00:00:00.000
2537,20260607,20260602,100,104,332,12,312,20,1,FMV002537,2537,3485.6900,3485.6900,3485.6900,776.0000,1,1,2026-08-24T00:00:00.000
2538,20260822,20260617,284,112,472,415,303,9,4,FMV002538,2538,3487.0600,3487.0600,3487.0600,776.7000,1,1,2026-08-24T00:00:00.000
2539,20260626,20260711,425,274,198,235,360,17,2,FMV002539,2539,3488.4300,3488.4300,3488.4300,777.4000,1,1,2026-08-24T00:00:00.000
2540,20260706,20260730,47,233,126,80,135,7,4,FMV002540,2540,3489.8000,3489.8000,3489.8000,778.1000,1,1,2026-08-24T00:00:00.000
2541,20260601,20260706,461,162,149,239,445,6,3,FMV002541,2541,3491.1700,3491.1700,3491.1700,778.8000,1,1,2026-08-24T00:00:00.000
2542,20260710,20260703,81,257,183,357,180,2,4,FMV002542,2542,3492.5400,3492.5400,3492.5400,779.5000,1,1,2026-08-24T00:00:00.000
2543,20260730,20260727,67,188,169,105,323,5,3,FMV002543,2543,3493.9100,3493.9100,3493.9100,780.2000,1,1,2026-08-24T00:00:00.000
2544,20260623,20260808,102,143,21,86,314,3,3,FMV002544,2544,3495.2800,3495.2800,3495.2800,780.9000,1,1,2026-08-24T00:00:00.000
2545,20260731,20260806,155,182,38,254,170,3,5,FMV002545,2545,3496.6500,3496.6500,3496.6500,781.6000,1,1,2026-08-24T00:00:00.000
2546,20260707,20260702,181,35,66,201,395,5,4,FMV002546,2546,3498.0200,3498.0200,3498.0200,782.3000,1,1,2026-08-24T00:00:00.000
2547,20260530,20260725,475,191,431,497,430,1,4,FMV002547,2547,3499.3900,3499.3900,3499.3900,783.0000,1,1,2026-08-24T00:00:00.000
2548,20260721,20260704,279,270,84,422,452,14,5,FMV002548,2548,3500.7600,3500.7600,3500.7600,783.7000,1,1,2026-08-24T00:00:00.000
2549,20260603,20260809,124,173,339,63,248,10,3,FMV002549,2549,3502.1300,3502.1300,3502.1300,784.4000,1,1,2026-08-24T00:00:00.000
2550,20260807,20260603,318,320,-1,-1,427,16,5,FMV002550,2550,3503.5000,3503.5000,3503.5000,785.1000,1,1,2026-08-24T00:00:00.000
2551,20260824,20260720,49,295,263,54,206,13,5,FMV002551,2551,3504.8700,3504.8700,3504.8700,785.8000,1,1,2026-08-24T00:00:00.000
2552,20260806,20260804,132,90,457,165,76,2,5,FMV002552,2552,3506.2400,3506.2400,3506.2400,786.5000,1,1,2026-08-24T00:00:00.000
2553,20260731,20260617,362,68,48,155,464,20,2,FMV002553,2553,3507.6100,3507.6100,3507.6100,787.2000,1,1,2026-08-24T00:00:00.000
2554,20260818,20260612,500,343,27,302,134,6,1,FMV002554,2554,3508.9800,3508.9800,3508.9800,787.9000,1,1,2026-08-24T00:00:00.000
2555,20260609,20260629,497,343,253,283,243,12,4,FMV002555,2555,3510.3500,3510.3500,3510.3500,788.6000,1,1,2026-08-24T00:00:00.000
2556,20260623,20260701,29,53,114,264,82,17,2,FMV002556,2556,3511.7200,3511.7200,3511.7200,789.3000,1,1,2026-08-24T00:00:00.000
2557,20260602,20260816,448,42,415,52,194,4,4,FMV002557,2557,3513.0900,3513.0900,3513.0900,790.0000,1,1,2026-08-24T00:00:00.000
2558,20260724,20260630,329,21,65,170,234,20,4,FMV002558,2558,3514.4600,3514.4600,3514.4600,790.7000,1,1,2026-08-24T00:00:00.000
2559,20260628,20260820,308,289,224,41,356,20,1,FMV002559,2559,3515.8300,3515.8300,3515.8300,791.4000,1,1,2026-08-24T00:00:00.000
2560,20260702,20260824,165,332,419,312,112,1,3,FMV002560,2560,3517.2000,3517.2000,3517.2000,792.1000,1,1,2026-08-24T00:00:00.000
2561,20260724,20260606,46,106,2,124,205,17,3,FMV002561,2561,3518.5700,3518.5700,3518.5700,792.8000,1,1,2026-08-24T00:00:00.000
2562,20260712,20260711,248,304,498,22,403,4,1,FMV002562,2562,3519.9400,3519.9400,3519.9400,793.5000,1,1,2026-08-24T00:00:00.000
2563,20260727,20260605,296,62,46,57,272,18,1,FMV002563,2563,3521.3100,3521.3100,3521.3100,794.2000,1,1,2026-08-24T00:00:00.000
2564,20260704,20260617,500,42,54,274,177,7,2,FMV002564,2564,3522.6800,3522.6800,3522.6800,794.9000,1,1,2026-08-24T00:00:00.000
2565,20260617,20260530,17,95,151,423,196,14,1,FMV002565,2565,3524.0500,3524.0500,3524.0500,795.6000,1,1,2026-08-24T00:00:00.000
2566,20260601,20260818,448,253,465,407,162,14,5,FMV002566,2566,3525.4200,3525.4200,3525.4200,796.3000,1,1,2026-08-24T00:00:00.000
2567,20260810,20260609,137,246,-1,-1,197,16,2,FMV002567,2567,3526.7900,3526.7900,3526.7900,797.0000,1,1,2026-08-24T00:00:00.000
2568,20260814,20260803,189,276,159,410,356,17,1,FMV002568,2568,3528.1600,3528.1600,3528.1600,797.7000,1,1,2026-08-24T00:00:00.000
2569,20260820,20260820,306,200,136,239,200,20,1,FMV002569,2569,3529.5300,3529.5300,3529.5300,798.4000,1,1,2026-08-24T00:00:00.000
2570,20260605,20260618,294,174,167,121,475,16,3,FMV002570,2570,3530.9000,3530.9000,3530.9000,799.1000,1,1,2026-08-24T00:00:00.000
2571,20260629,20260725,52,121,453,354,66,10,2,FMV002571,2571,3532.2700,3532.2700,3532.2700,799.8000,1,1,2026-08-24T00:00:00.000
2572,20260804,20260704,146,72,448,37,297,15,4,FMV002572,2572,3533.6400,3533.6400,3533.6400,800.5000,1,1,2026-08-24T00:00:00.000
2573,20260811,20260802,414,290,481,314,152,13,5,FMV002573,2573,3535.0100,3535.0100,3535.0100,801.2000,1,1,2026-08-24T00:00:00.000
2574,20260704,20260608,242,268,341,447,47,14,5,FMV002574,2574,3536.3800,3536.3800,3536.3800,801.9000,1,1,2026-08-24T00:00:00.000
2575,20260723,20260822,430,87,430,216,98,11,1,FMV002575,2575,3537.7500,3537.7500,3537.7500,802.6000,1,1,2026-08-24T00:00:00.000
2576,20260724,20260718,252,46,137,482,203,1,4,FMV002576,2576,3539.1200,3539.1200,3539.1200,803.3000,1,1,2026-08-24T00:00:00.000
2577,20260709,20260704,314,175,51,485,141,15,3,FMV002577,2577,3540.4900,3540.4900,3540.4900,804.0000,1,1,2026-08-24T00:00:00.000
2578,20260823,20260622,185,206,181,11,325,9,3,FMV002578,2578,3541.8600,3541.8600,3541.8600,804.7000,1,1,2026-08-24T00:00:00.000
2579,20260718,20260620,82,159,370,162,89,11,1,FMV002579,2579,3543.2300,3543.2300,3543.2300,805.4000,1,1,2026-08-24T00:00:00.000
2580,20260721,20260813,55,102,433,231,189,6,2,FMV002580,2580,3544.6000,3544.6000,3544.6000,806.1000,1,1,2026-08-24T00:00:00.000
2581,20260717,20260715,441,234,463,362,209,16,5,FMV002581,2581,3545.9700,3545.9700,3545.9700,806.8000,1,1,2026-08-24T00:00:00.000
2582,20260604,20260801,57,254,154,124,374,3,1,FMV002582,2582,3547.3400,3547.3400,3547.3400,807.5000,1,1,2026-08-24T00:00:00.000
2583,20260715,20260530,102,19,458,452,282,9,5,FMV002583,2583,3548.7100,3548.7100,3548.7100,808.2000,1,1,2026-08-24T00:00:00.000
2584,20260705,20260808,459,65,-1,-1,396,18,3,FMV002584,2584,3550.0800,3550.0800,3550.0800,808.9000,1,1,2026-08-24T00:00:00.000
2585,20260529,20260822,346,139,159,165,96,7,1,FMV002585,2585,3551.4500,3551.4500,3551.4500,809.6000,1,1,2026-08-24T00:00:00.000
2586,20260823,20260812,191,322,419,2,494,13,1,FMV002586,2586,3552.8200,3552.8200,3552.8200,810.3000,1,1,2026-08-24T00:00:00.000
2587,20260619,20260530,222,23,212,177,288,15,1,FMV002587,2587,3554.1900,3554.1900,3554.1900,811.0000,1,1,2026-08-24T00:00:00.000
2588,20260528,20260822,441,277,447,401,26,11,3,FMV002588,2588,3555.5600,3555.5600,3555.5600,811.7000,1,1,2026-08-24T00:00:00.000
2589,20260614,20260714,49,39,142,401,55,15,3,FMV002589,2589,3556.9300,3556.9300,3556.9300,812.4000,1,1,2026-08-24T00:00:00.000
2590,20260710,20260718,51,244,413,105,111,13,5,FMV002590,2590,3558.3000,3558.3000,3558.3000,813.1000,1,1,2026-08-24T00:00:00.000
2591,20260727,20260818,73,129,271,413,63,15,4,FMV002591,2591,3559.6700,3559.6700,3559.6700,813.8000,1,1,2026-08-24T00:00:00.000
2592,20260731,20260730,167,52,419,377,95,9,5,FMV002592,2592,3561.0400,3561.0400,3561.0400,814.5000,1,1,2026-08-24T00:00:00.000
2593,20260623,20260813,377,69,264,81,384,15,5,FMV002593,2593,3562.4100,3562.4100,3562.4100,815.2000,1,1,2026-08-24T00:00:00.000
2594,20260624,20260716,199,136,477,112,296,4,4,FMV002594,2594,3563.7800,3563.7800,3563.7800,815.9000,1,1,2026-08-24T00:00:00.000
2595,20260726,20260622,448,27,371,283,62,3,3,FMV002595,2595,3565.1500,3565.1500,3565.1500,816.6000,1,1,2026-08-24T00:00:00.000
2596,20260529,20260821,64,251,242,357,400,6,4,FMV002596,2596,3566.5200,3566.5200,3566.5200,817.3000,1,1,2026-08-24T00:00:00.000
2597,20260629,20260716,234,19,95,341,26,14,3,FMV002597,2597,3567.8900,3567.8900,3567.8900,818.0000,1,1,2026-08-24T00:00:00.000
2598,20260818,20260722,104,126,350,83,182,10,5,FMV002598,2598,3569.2600,3569.2600,3569.2600,818.7000,1,1,2026-08-24T00:00:00.000
2599,20260706,20260728,216,133,40,109,269,1,4,FMV002599,2599,3570.6300,3570.6300,3570.6300,819.4000,1,1,2026-08-24T00:00:00.000
2600,20260718,20260808,421,166,142,64,15,20,1,FMV002600,2600,3572.0000,3572.0000,3572.0000,820.1000,1,1,2026-08-24T00:00:00.000
2601,20260723,20260820,378,238,-1,-1,469,19,4,FMV002601,2601,3573.3700,3573.3700,3573.3700,820.8000,1,1,2026-08-24T00:00:00.000
2602,20260612,20260807,94,319,407,70,190,16,1,FMV002602,2602,3574.7400,3574.7400,3574.7400,821.5000,1,1,2026-08-24T00:00:00.000
2603,20260702,20260713,356,276,413,67,359,5,1,FMV002603,2603,3576.1100,3576.1100,3576.1100,822.2000,1,1,2026-08-24T00:00:00.000
2604,20260613,20260730,181,115,300,179,412,5,1,FMV002604,2604,3577.4800,3577.4800,3577.4800,822.9000,1,1,2026-08-24T00:00:00.000
2605,20260623,20260602,184,274,30,221,171,20,3,FMV002605,2605,3578.8500,3578.8500,3578.8500,823.6000,1,1,2026-08-24T00:00:00.000
2606,20260628,20260807,140,135,122,322,141,4,2,FMV002606,2606,3580.2200,3580.2200,3580.2200,824.3000,1,1,2026-08-24T00:00:00.000
2607,20260713,20260624,133,341,72,122,333,7,1,FMV002607,2607,3581.5900,3581.5900,3581.5900,825.0000,1,1,2026-08-24T00:00:00.000
2608,20260630,20260527,12,285,246,447,309,15,3,FMV002608,2608,3582.9600,3582.9600,3582.9600,825.7000,1,1,2026-08-24T00:00:00.000
2609,20260623,20260724,110,45,141,37,459,15,3,FMV002609,2609,3584.3300,3584.3300,3584.3300,826.4000,1,1,2026-08-24T00:00:00.000
2610,20260626,20260727,127,133,163,308,322,20,1,FMV002610,2610,3585.7000,3585.7000,3585.7000,827.1000,1,1,2026-08-24T00:00:00.000
2611,20260712,20260711,60,141,194,201,137,10,2,FMV002611,2611,3587.0700,3587.0700,3587.0700,827.8000,1,1,2026-08-24T00:00:00.000
2612,20260705,20260710,275,295,496,33,231,1,2,FMV002612,2612,3588.4400,3588.4400,3588.4400,828.5000,1,1,2026-08-24T00:00:00.000
2613,20260709,20260719,309,310,188,336,228,12,3,FMV002613,2613,3589.8100,3589.8100,3589.8100,829.2000,1,1,2026-08-24T00:00:00.000
2614,20260625,20260704,71,218,245,345,142,11,4,FMV002614,2614,3591.1800,3591.1800,3591.1800,829.9000,1,1,2026-08-24T00:00:00.000
2615,20260624,20260615,66,270,406,254,443,17,4,FMV002615,2615,3592.5500,3592.5500,3592.5500,830.6000,1,1,2026-08-24T00:00:00.000
2616,20260621,20260614,149,160,111,103,105,9,2,FMV002616,2616,3593.9200,3593.9200,3593.9200,831.3000,1,1,2026-08-24T00:00:00.000
2617,20260607,20260707,19,253,284,30,44,5,5,FMV002617,2617,3595.2900,3595.2900,3595.2900,832.0000,1,1,2026-08-24T00:00:00.000
2618,20260721,20260629,473,258,-1,-1,465,8,1,FMV002618,2618,3596.6600,3596.6600,3596.6600,832.7000,1,1,2026-08-24T00:00:00.000
2619,20260718,20260816,177,298,390,258,470,18,1,FMV002619,2619,3598.0300,3598.0300,3598.0300,833.4000,1,1,2026-08-24T00:00:00.000
2620,20260619,20260810,64,112,332,116,39,6,2,FMV002620,2620,3599.4000,3599.4000,3599.4000,834.1000,1,1,2026-08-24T00:00:00.000
2621,20260820,20260712,494,38,351,383,444,18,2,FMV002621,2621,3600.7700,3600.7700,3600.7700,834.8000,1,1,2026-08-24T00:00:00.000
2622,20260708,20260712,498,168,218,69,28,8,5,FMV002622,2622,3602.1400,3602.1400,3602.1400,835.5000,1,1,2026-08-24T00:00:00.000
2623,20260615,20260812,59,119,189,48,334,3,2,FMV002623,2623,3603.5100,3603.5100,3603.5100,836.2000,1,1,2026-08-24T00:00:00.000
2624,20260703,20260805,496,52,245,325,489,7,1,FMV002624,2624,3604.8800,3604.8800,3604.8800,836.9000,1,1,2026-08-24T00:00:00.000
2625,20260727,20260806,344,23,491,423,471,4,3,FMV002625,2625,3606.2500,3606.2500,3606.2500,837.6000,1,1,2026-08-24T00:00:00.000
2626,20260601,20260708,121,160,461,265,323,14,3,FMV002626,2626,3607.6200,3607.6200,3607.6200,838.3000,1,1,2026-08-24T00:00:00.000
2627,20260824,20260731,61,41,125,300,95,3,2,FMV002627,2627,3608.9900,3608.9900,3608.9900,839.0000,1,1,2026-08-24T00:00:00.000
2628,20260619,20260810,385,226,285,236,397,10,2,FMV002628,2628,3610.3600,3610.3600,3610.3600,839.7000,1,1,2026-08-24T00:00:00.000
2629,20260821,20260807,473,193,277,340,213,11,5,FMV002629,2629,3611.7300,3611.7300,3611.7300,840.4000,1,1,2026-08-24T00:00:00.000
2630,20260808,20260613,496,46,28,343,354,9,3,FMV002630,2630,3613.1000,3613.1000,3613.1000,841.1000,1,1,2026-08-24T00:00:00.000
2631,20260705,20260818,447,247,48,285,175,13,1,FMV002631,2631,3614.4700,3614.4700,3614.4700,841.8000,1,1,2026-08-24T00:00:00.000
2632,20260815,20260605,107,226,238,355,184,1,5,FMV002632,2632,3615.8400,3615.8400,3615.8400,842.5000,1,1,2026-08-24T00:00:00.000
2633,20260807,20260718,153,41,82,466,111,9,4,FMV002633,2633,3617.2100,3617.2100,3617.2100,843.2000,1,1,2026-08-24T00:00:00.000
2634,20260607,20260624,403,61,288,204,158,10,3,FMV002634,2634,3618.5800,3618.5800,3618.5800,843.9000,1,1,2026-08-24T00:00:00.000
2635,20260715,20260815,375,181,-1,-1,79,16,4,FMV002635,2635,3619.9500,3619.9500,3619.9500,844.6000,1,1,2026-08-24T00:00:00.000
2636,20260615,20260722,372,213,413,406,200,20,4,FMV002636,2636,3621.3200,3621.3200,3621.3200,845.3000,1,1,2026-08-24T00:00:00.000
2637,20260629,20260812,449,220,436,228,315,16,2,FMV002637,2637,3622.6900,3622.6900,3622.6900,846.0000,1,1,2026-08-24T00:00:00.000
2638,20260801,20260820,213,252,479,305,493,9,5,FMV002638,2638,3624.0600,3624.0600,3624.0600,846.7000,1,1,2026-08-24T00:00:00.000
2639,20260801,20260605,60,237,413,319,294,17,4,FMV002639,2639,3625.4300,3625.4300,3625.4300,847.4000,1,1,2026-08-24T00:00:00.000
2640,20260616,20260706,74,218,189,211,385,11,2,FMV002640,2640,3626.8000,3626.8000,3626.8000,848.1000,1,1,2026-08-24T00:00:00.000
2641,20260530,20260704,433,251,199,63,349,14,4,FMV002641,2641,3628.1700,3628.1700,3628.1700,848.8000,1,1,2026-08-24T00:00:00.000
2642,20260712,20260708,214,117,441,375,170,9,3,FMV002642,2642,3629.5400,3629.5400,3629.5400,849.5000,1,1,2026-08-24T00:00:00.000
2643,20260815,20260807,327,186,278,32,382,9,3,FMV002643,2643,3630.9100,3630.9100,3630.9100,850.2000,1,1,2026-08-24T00:00:00.000
2644,20260725,20260705,276,151,3,311,123,20,1,FMV002644,2644,3632.2800,3632.2800,3632.2800,850.9000,1,1,2026-08-24T00:00:00.000
2645,20260717,20260626,252,325,396,254,150,17,3,FMV002645,2645,3633.6500,3633.6500,3633.6500,851.6000,1,1,2026-08-24T00:00:00.000
2646,20260711,20260713,313,317,491,354,27,15,3,FMV002646,2646,3635.0200,3635.0200,3635.0200,852.3000,1,1,2026-08-24T00:00:00.000
2647,20260803,20260530,220,289,463,364,241,10,1,FMV002647,2647,3636.3900,3636.3900,3636.3900,853.0000,1,1,2026-08-24T00:00:00.000
2648,20260624,20260815,179,178,256,157,449,17,1,FMV002648,2648,3637.7600,3637.7600,3637.7600,853.7000,1,1,2026-08-24T00:00:00.000
2649,20260717,20260701,132,315,119,284,82,19,1,FMV002649,2649,3639.1300,3639.1300,3639.1300,854.4000,1,1,2026-08-24T00:00:00.000
2650,20260705,20260706,315,337,237,304,422,1,1,FMV002650,2650,3640.5000,3640.5000,3640.5000,855.1000,1,1,2026-08-24T00:00:00.000
2651,20260724,20260709,350,157,213,478,434,11,5,FMV002651,2651,3641.8700,3641.8700,3641.8700,855.8000,1,1,2026-08-24T00:00:00.000
2652,20260727,20260820,461,277,-1,-1,433,11,5,FMV002652,2652,3643.2400,3643.2400,3643.2400,856.5000,1,1,2026-08-24T00:00:00.000
2653,20260801,20260804,111,345,28,143,113,13,5,FMV002653,2653,3644.6100,3644.6100,3644.6100,857.2000,1,1,2026-08-24T00:00:00.000
2654,20260529,20260620,146,61,316,217,254,5,3,FMV002654,2654,3645.9800,3645.9800,3645.9800,857.9000,1,1,2026-08-24T00:00:00.000
2655,20260812,20260728,274,216,314,345,132,6,2,FMV002655,2655,3647.3500,3647.3500,3647.3500,858.6000,1,1,2026-08-24T00:00:00.000
2656,20260818,20260730,489,334,447,400,13,18,3,FMV002656,2656,3648.7200,3648.7200,3648.7200,859.3000,1,1,2026-08-24T00:00:00.000
2657,20260812,20260626,177,284,330,150,303,16,2,FMV002657,2657,3650.0900,3650.0900,3650.0900,860.0000,1,1,2026-08-24T00:00:00.000
2658,20260617,20260730,336,343,474,106,70,9,3,FMV002658,2658,3651.4600,3651.4600,3651.4600,860.7000,1,1,2026-08-24T00:00:00.000
2659,20260707,20260811,122,145,135,213,7,19,1,FMV002659,2659,3652.8300,3652.8300,3652.8300,861.4000,1,1,2026-08-24T00:00:00.000
2660,20260816,20260808,394,226,194,415,495,11,4,FMV002660,2660,3654.2000,3654.2000,3654.2000,862.1000,1,1,2026-08-24T00:00:00.000
2661,20260710,20260629,331,248,258,348,378,14,3,FMV002661,2661,3655.5700,3655.5700,3655.5700,862.8000,1,1,2026-08-24T00:00:00.000
2662,20260814,20260622,352,43,301,138,402,13,1,FMV002662,2662,3656.9400,3656.9400,3656.9400,863.5000,1,1,2026-08-24T00:00:00.000
2663,20260527,20260813,54,252,415,206,200,8,4,FMV002663,2663,3658.3100,3658.3100,3658.3100,864.2000,1,1,2026-08-24T00:00:00.000
2664,20260808,20260809,288,189,276,130,293,4,3,FMV002664,2664,3659.6800,3659.6800,3659.6800,864.9000,1,1,2026-08-24T00:00:00.000
2665,20260603,20260808,230,242,465,351,446,18,3,FMV002665,2665,3661.0500,3661.0500,3661.0500,865.6000,1,1,2026-08-24T00:00:00.000
2666,20260614,20260603,25,72,435,105,416,15,5,FMV002666,2666,3662.4200,3662.4200,3662.4200,866.3000,1,1,2026-08-24T00:00:00.000
2667,20260808,20260708,230,213,405,118,118,15,2,FMV002667,2667,3663.7900,3663.7900,3663.7900,867.0000,1,1,2026-08-24T00:00:00.000
2668,20260727,20260810,181,24,155,183,451,2,2,FMV002668,2668,3665.1600,3665.1600,3665.1600,867.7000,1,1,2026-08-24T00:00:00.000
2669,20260724,20260712,105,227,-1,-1,329,9,1,FMV002669,2669,3666.5300,3666.5300,3666.5300,868.4000,1,1,2026-08-24T00:00:00.000
2670,20260822,20260623,118,167,82,350,327,3,4,FMV002670,2670,3667.9000,3667.9000,3667.9000,869.1000,1,1,2026-08-24T00:00:00.000
2671,20260710,20260823,150,302,305,96,354,13,5,FMV002671,2671,3669.2700,3669.2700,3669.2700,869.8000,1,1,2026-08-24T00:00:00.000
2672,20260606,20260607,412,293,417,481,17,10,4,FMV002672,2672,3670.6400,3670.6400,3670.6400,870.5000,1,1,2026-08-24T00:00:00.000
2673,20260815,20260730,304,111,141,484,318,2,3,FMV002673,2673,3672.0100,3672.0100,3672.0100,871.2000,1,1,2026-08-24T00:00:00.000
2674,20260810,20260809,378,160,97,322,136,4,1,FMV002674,2674,3673.3800,3673.3800,3673.3800,871.9000,1,1,2026-08-24T00:00:00.000
2675,20260716,20260627,39,59,105,397,443,15,5,FMV002675,2675,3674.7500,3674.7500,3674.7500,872.6000,1,1,2026-08-24T00:00:00.000
2676,20260715,20260809,299,121,184,216,352,8,2,FMV002676,2676,3676.1200,3676.1200,3676.1200,873.3000,1,1,2026-08-24T00:00:00.000
2677,20260702,20260719,86,117,204,452,1,1,4,FMV002677,2677,3677.4900,3677.4900,3677.4900,874.0000,1,1,2026-08-24T00:00:00.000
2678,20260530,20260724,148,322,82,213,123,5,5,FMV002678,2678,3678.8600,3678.8600,3678.8600,874.7000,1,1,2026-08-24T00:00:00.000
2679,20260613,20260729,151,273,273,206,252,11,2,FMV002679,2679,3680.2300,3680.2300,3680.2300,875.4000,1,1,2026-08-24T00:00:00.000
2680,20260718,20260726,7,174,48,132,96,8,1,FMV002680,2680,3681.6000,3681.6000,3681.6000,876.1000,1,1,2026-08-24T00:00:00.000
2681,20260715,20260719,256,121,341,353,152,11,4,FMV002681,2681,3682.9700,3682.9700,3682.9700,876.8000,1,1,2026-08-24T00:00:00.000
2682,20260824,20260802,450,125,240,236,266,11,2,FMV002682,2682,3684.3400,3684.3400,3684.3400,877.5000,1,1,2026-08-24T00:00:00.000
2683,20260713,20260726,88,34,354,261,62,11,1,FMV002683,2683,3685.7100,3685.7100,3685.7100,878.2000,1,1,2026-08-24T00:00:00.000
2684,20260611,20260708,389,15,404,415,78,19,5,FMV002684,2684,3687.0800,3687.0800,3687.0800,878.9000,1,1,2026-08-24T00:00:00.000
2685,20260709,20260708,426,262,206,6,267,4,4,FMV002685,2685,3688.4500,3688.4500,3688.4500,879.6000,1,1,2026-08-24T00:00:00.000
2686,20260706,20260610,115,96,-1,-1,11,12,5,FMV002686,2686,3689.8200,3689.8200,3689.8200,880.3000,1,1,2026-08-24T00:00:00.000
2687,20260605,20260621,375,187,101,21,99,16,1,FMV002687,2687,3691.1900,3691.1900,3691.1900,881.0000,1,1,2026-08-24T00:00:00.000
2688,20260728,20260809,267,241,403,345,352,9,2,FMV002688,2688,3692.5600,3692.5600,3692.5600,881.7000,1,1,2026-08-24T00:00:00.000
2689,20260603,20260529,88,295,477,252,459,7,2,FMV002689,2689,3693.9300,3693.9300,3693.9300,882.4000,1,1,2026-08-24T00:00:00.000
2690,20260730,20260620,22,187,240,404,247,20,2,FMV002690,2690,3695.3000,3695.3000,3695.3000,883.1000,1,1,2026-08-24T00:00:00.000
2691,20260724,20260617,477,316,269,44,83,15,4,FMV002691,2691,3696.6700,3696.6700,3696.6700,883.8000,1,1,2026-08-24T00:00:00.000
2692,20260607,20260725,91,340,24,332,381,4,3,FMV002692,2692,3698.0400,3698.0400,3698.0400,884.5000,1,1,2026-08-24T00:00:00.000
2693,20260603,20260715,219,322,13,430,408,15,1,FMV002693,2693,3699.4100,3699.4100,3699.4100,885.2000,1,1,2026-08-24T00:00:00.000
2694,20260726,20260807,229,164,241,435,226,8,5,FMV002694,2694,3700.7800,3700.7800,3700.7800,885.9000,1,1,2026-08-24T00:00:00.000
2695,20260624,20260630,14,310,252,369,138,11,1,FMV002695,2695,3702.1500,3702.1500,3702.1500,886.6000,1,1,2026-08-24T00:00:00.000
2696,20260813,20260529,24,205,414,132,50,3,5,FMV002696,2696,3703.5200,3703.5200,3703.5200,887.3000,1,1,2026-08-24T00:00:00.000
2697,20260609,20260608,453,283,170,95,358,1,5,FMV002697,2697,3704.8900,3704.8900,3704.8900,888.0000,1,1,2026-08-24T00:00:00.000
2698,20260528,20260820,324,340,238,198,120,15,1,FMV002698,2698,3706.2600,3706.2600,3706.2600,888.7000,1,1,2026-08-24T00:00:00.000
2699,20260813,20260610,304,286,373,365,314,13,4,FMV002699,2699,3707.6300,3707.6300,3707.6300,889.4000,1,1,2026-08-24T00:00:00.000
2700,20260702,20260618,344,342,87,158,308,16,4,FMV002700,2700,3709.0000,3709.0000,3709.0000,890.1000,1,1,2026-08-24T00:00:00.000
2701,20260731,20260815,101,16,278,102,483,3,3,FMV002701,2701,3710.3700,3710.3700,3710.3700,890.8000,1,1,2026-08-24T00:00:00.000
2702,20260703,20260627,355,133,381,278,91,7,3,FMV002702,2702,3711.7400,3711.7400,3711.7400,891.5000,1,1,2026-08-24T00:00:00.000
2703,20260810,20260701,1,117,-1,-1,458,18,2,FMV002703,2703,3713.1100,3713.1100,3713.1100,892.2000,1,1,2026-08-24T00:00:00.000
2704,20260706,20260817,215,236,440,447,225,5,4,FMV002704,2704,3714.4800,3714.4800,3714.4800,892.9000,1,1,2026-08-24T00:00:00.000
2705,20260613,20260703,291,336,150,172,414,17,2,FMV002705,2705,3715.8500,3715.8500,3715.8500,893.6000,1,1,2026-08-24T00:00:00.000
2706,20260622,20260717,418,81,47,401,341,10,4,FMV002706,2706,3717.2200,3717.2200,3717.2200,894.3000,1,1,2026-08-24T00:00:00.000
2707,20260727,20260725,238,128,16,487,483,2,1,FMV002707,2707,3718.5900,3718.5900,3718.5900,895.0000,1,1,2026-08-24T00:00:00.000
2708,20260807,20260704,338,206,391,1,49,11,3,FMV002708,2708,3719.9600,3719.9600,3719.9600,895.7000,1,1,2026-08-24T00:00:00.000
2709,20260817,20260729,392,324,231,397,423,7,4,FMV002709,2709,3721.3300,3721.3300,3721.3300,896.4000,1,1,2026-08-24T00:00:00.000
2710,20260724,20260619,451,241,268,92,115,14,5,FMV002710,2710,3722.7000,3722.7000,3722.7000,897.1000,1,1,2026-08-24T00:00:00.000
2711,20260729,20260706,110,279,64,344,271,19,4,FMV002711,2711,3724.0700,3724.0700,3724.0700,897.8000,1,1,2026-08-24T00:00:00.000
2712,20260618,20260708,268,56,330,402,235,10,1,FMV002712,2712,3725.4400,3725.4400,3725.4400,898.5000,1,1,2026-08-24T00:00:00.000
2713,20260704,20260610,270,18,178,37,154,12,3,FMV002713,2713,3726.8100,3726.8100,3726.8100,899.2000,1,1,2026-08-24T00:00:00.000
2714,20260726,20260528,91,179,227,117,404,18,1,FMV002714,2714,3728.1800,3728.1800,3728.1800,899.9000,1,1,2026-08-24T00:00:00.000
2715,20260607,20260712,116,318,211,138,206,8,3,FMV002715,2715,3729.5500,3729.5500,3729.5500,900.6000,1,1,2026-08-24T00:00:00.000
2716,20260823,20260727,65,228,447,468,283,8,2,FMV002716,2716,3730.9200,3730.9200,3730.9200,901.3000,1,1,2026-08-24T00:00:00.000
2717,20260627,20260529,314,302,140,280,71,20,2,FMV002717,2717,3732.2900,3732.2900,3732.2900,902.0000,1,1,2026-08-24T00:00:00.000
2718,20260820,20260811,148,38,272,290,156,8,4,FMV002718,2718,3733.6600,3733.6600,3733.6600,902.7000,1,1,2026-08-24T00:00:00.000
2719,20260802,20260803,374,15,42,338,422,4,1,FMV002719,2719,3735.0300,3735.0300,3735.0300,903.4000,1,1,2026-08-24T00:00:00.000
2720,20260726,20260707,148,26,-1,-1,429,12,3,FMV002720,2720,3736.4000,3736.4000,3736.4000,904.1000,1,1,2026-08-24T00:00:00.000
2721,20260624,20260702,203,229,414,214,357,17,5,FMV002721,2721,3737.7700,3737.7700,3737.7700,904.8000,1,1,2026-08-24T00:00:00.000
2722,20260720,20260728,64,345,281,75,413,17,4,FMV002722,2722,3739.1400,3739.1400,3739.1400,905.5000,1,1,2026-08-24T00:00:00.000
2723,20260601,20260801,454,209,250,426,380,17,1,FMV002723,2723,3740.5100,3740.5100,3740.5100,906.2000,1,1,2026-08-24T00:00:00.000
2724,20260625,20260823,73,86,422,7,178,8,1,FMV002724,2724,3741.8800,3741.8800,3741.8800,906.9000,1,1,2026-08-24T00:00:00.000
2725,20260817,20260711,337,77,440,10,363,15,5,FMV002725,2725,3743.2500,3743.2500,3743.2500,907.6000,1,1,2026-08-24T00:00:00.000
2726,20260822,20260714,390,139,150,8,60,3,5,FMV002726,2726,3744.6200,3744.6200,3744.6200,908.3000,1,1,2026-08-24T00:00:00.000
2727,20260623,20260718,305,154,369,410,329,13,1,FMV002727,2727,3745.9900,3745.9900,3745.9900,909.0000,1,1,2026-08-24T00:00:00.000
2728,20260703,20260807,268,3,308,456,348,8,2,FMV002728,2728,3747.3600,3747.3600,3747.3600,909.7000,1,1,2026-08-24T00:00:00.000
2729,20260727,20260804,157,218,197,21,493,9,5,FMV002729,2729,3748.7300,3748.7300,3748.7300,910.4000,1,1,2026-08-24T00:00:00.000
2730,20260707,20260622,182,256,76,142,239,5,4,FMV002730,2730,3750.1000,3750.1000,3750.1000,911.1000,1,1,2026-08-24T00:00:00.000
2731,20260611,20260610,145,326,37,345,84,4,1,FMV002731,2731,3751.4700,3751.4700,3751.4700,911.8000,1,1,2026-08-24T00:00:00.000
2732,20260604,20260529,247,129,450,435,38,16,2,FMV002732,2732,3752.8400,3752.8400,3752.8400,912.5000,1,1,2026-08-24T00:00:00.000
2733,20260712,20260721,320,124,91,184,202,14,5,FMV002733,2733,3754.2100,3754.2100,3754.2100,913.2000,1,1,2026-08-24T00:00:00.000
2734,20260711,20260824,213,23,453,354,328,6,3,FMV002734,2734,3755.5800,3755.5800,3755.5800,913.9000,1,1,2026-08-24T00:00:00.000
2735,20260603,20260717,481,124,423,135,209,9,3,FMV002735,2735,3756.9500,3756.9500,3756.9500,914.6000,1,1,2026-08-24T00:00:00.000
2736,20260708,20260817,119,269,128,492,303,16,1,FMV002736,2736,3758.3200,3758.3200,3758.3200,915.3000,1,1,2026-08-24T00:00:00.000
2737,20260805,20260803,54,116,-1,-1,81,19,4,FMV002737,2737,3759.6900,3759.6900,3759.6900,916.0000,1,1,2026-08-24T00:00:00.000
2738,20260625,20260621,484,81,35,495,99,17,2,FMV002738,2738,3761.0600,3761.0600,3761.0600,916.7000,1,1,2026-08-24T00:00:00.000
2739,20260712,20260824,70,80,118,25,484,17,5,FMV002739,2739,3762.4300,3762.4300,3762.4300,917.4000,1,1,2026-08-24T00:00:00.000
2740,20260803,20260813,19,196,216,378,40,10,1,FMV002740,2740,3763.8000,3763.8000,3763.8000,918.1000,1,1,2026-08-24T00:00:00.000
2741,20260628,20260613,415,6,173,340,276,15,2,FMV002741,2741,3765.1700,3765.1700,3765.1700,918.8000,1,1,2026-08-24T00:00:00.000
2742,20260721,20260819,436,104,82,457,177,6,5,FMV002742,2742,3766.5400,3766.5400,3766.5400,919.5000,1,1,2026-08-24T00:00:00.000
2743,20260613,20260813,167,245,8,90,430,2,1,FMV002743,2743,3767.9100,3767.9100,3767.9100,920.2000,1,1,2026-08-24T00:00:00.000
2744,20260714,20260714,34,347,147,161,80,8,4,FMV002744,2744,3769.2800,3769.2800,3769.2800,920.9000,1,1,2026-08-24T00:00:00.000
2745,20260613,20260816,356,63,83,249,266,17,1,FMV002745,2745,3770.6500,3770.6500,3770.6500,921.6000,1,1,2026-08-24T00:00:00.000
2746,20260812,20260613,78,236,330,341,31,16,4,FMV002746,2746,3772.0200,3772.0200,3772.0200,922.3000,1,1,2026-08-24T00:00:00.000
2747,20260627,20260725,48,48,42,456,360,20,4,FMV002747,2747,3773.3900,3773.3900,3773.3900,923.0000,1,1,2026-08-24T00:00:00.000
2748,20260609,20260527,88,288,428,469,360,3,3,FMV002748,2748,3774.7600,3774.7600,3774.7600,923.7000,1,1,2026-08-24T00:00:00.000
2749,20260612,20260630,85,180,274,8,173,9,2,FMV002749,2749,3776.1300,3776.1300,3776.1300,924.4000,1,1,2026-08-24T00:00:00.000
2750,20260811,20260706,483,213,488,354,100,6,3,FMV002750,2750,3777.5000,3777.5000,3777.5000,925.1000,1,1,2026-08-24T00:00:00.000
2751,20260605,20260604,1,320,364,441,62,14,2,FMV002751,2751,3778.8700,3778.8700,3778.8700,925.8000,1,1,2026-08-24T00:00:00.000
2752,20260704,20260714,117,129,141,70,444,17,2,FMV002752,2752,3780.2400,3780.2400,3780.2400,926.5000,1,1,2026-08-24T00:00:00.000
2753,20260719,20260819,250,214,307,129,115,14,4,FMV002753,2753,3781.6100,3781.6100,3781.6100,927.2000,1,1,2026-08-24T00:00:00.000
2754,20260712,20260717,456,169,-1,-1,371,12,3,FMV002754,2754,3782.9800,3782.9800,3782.9800,927.9000,1,1,2026-08-24T00:00:00.000
2755,20260717,20260805,251,13,145,421,312,2,4,FMV002755,2755,3784.3500,3784.3500,3784.3500,928.6000,1,1,2026-08-24T00:00:00.000
2756,20260601,20260727,485,175,84,26,299,11,5,FMV002756,2756,3785.7200,3785.7200,3785.7200,929.3000,1,1,2026-08-24T00:00:00.000
2757,20260615,20260603,300,305,29,143,396,5,4,FMV002757,2757,3787.0900,3787.0900,3787.0900,930.0000,1,1,2026-08-24T00:00:00.000
2758,20260820,20260816,500,47,51,104,308,11,3,FMV002758,2758,3788.4600,3788.4600,3788.4600,930.7000,1,1,2026-08-24T00:00:00.000
2759,20260721,20260811,44,249,112,29,229,10,5,FMV002759,2759,3789.8300,3789.8300,3789.8300,931.4000,1,1,2026-08-24T00:00:00.000
2760,20260614,20260603,148,82,147,176,144,8,1,FMV002760,2760,3791.2000,3791.2000,3791.2000,932.1000,1,1,2026-08-24T00:00:00.000
2761,20260723,20260618,200,43,363,155,336,12,1,FMV002761,2761,3792.5700,3792.5700,3792.5700,932.8000,1,1,2026-08-24T00:00:00.000
2762,20260615,20260804,8,128,82,291,225,14,5,FMV002762,2762,3793.9400,3793.9400,3793.9400,933.5000,1,1,2026-08-24T00:00:00.000
2763,20260802,20260703,102,247,139,162,427,3,5,FMV002763,2763,3795.3100,3795.3100,3795.3100,934.2000,1,1,2026-08-24T00:00:00.000
2764,20260816,20260609,419,188,295,472,452,11,3,FMV002764,2764,3796.6800,3796.6800,3796.6800,934.9000,1,1,2026-08-24T00:00:00.000
2765,20260801,20260621,332,77,436,20,493,7,1,FMV002765,2765,3798.0500,3798.0500,3798.0500,935.6000,1,1,2026-08-24T00:00:00.000
2766,20260821,20260618,395,226,293,233,332,7,4,FMV002766,2766,3799.4200,3799.4200,3799.4200,936.3000,1,1,2026-08-24T00:00:00.000
2767,20260607,20260810,292,42,492,367,362,4,1,FMV002767,2767,3800.7900,3800.7900,3800.7900,937.0000,1,1,2026-08-24T00:00:00.000
2768,20260801,20260707,420,243,480,75,337,12,2,FMV002768,2768,3802.1600,3802.1600,3802.1600,937.7000,1,1,2026-08-24T00:00:00.000
2769,20260703,20260610,450,17,381,247,438,14,4,FMV002769,2769,3803.5300,3803.5300,3803.5300,938.4000,1,1,2026-08-24T00:00:00.000
2770,20260613,20260626,361,34,34,360,500,20,3,FMV002770,2770,3804.9000,3804.9000,3804.9000,939.1000,1,1,2026-08-24T00:00:00.000
2771,20260715,20260807,216,113,-1,-1,325,19,1,FMV002771,2771,3806.2700,3806.2700,3806.2700,939.8000,1,1,2026-08-24T00:00:00.000
2772,20260815,20260629,424,251,433,342,316,7,4,FMV002772,2772,3807.6400,3807.6400,3807.6400,940.5000,1,1,2026-08-24T00:00:00.000
2773,20260803,20260823,141,120,225,215,425,7,2,FMV002773,2773,3809.0100,3809.0100,3809.0100,941.2000,1,1,2026-08-24T00:00:00.000
2774,20260808,20260604,242,230,462,204,328,12,4,FMV002774,2774,3810.3800,3810.3800,3810.3800,941.9000,1,1,2026-08-24T00:00:00.000
2775,20260629,20260718,102,222,268,431,285,4,4,FMV002775,2775,3811.7500,3811.7500,3811.7500,942.6000,1,1,2026-08-24T00:00:00.000
2776,20260817,20260712,279,251,28,416,48,13,5,FMV002776,2776,3813.1200,3813.1200,3813.1200,943.3000,1,1,2026-08-24T00:00:00.000
2777,20260803,20260802,469,22,177,69,347,7,2,FMV002777,2777,3814.4900,3814.4900,3814.4900,944.0000,1,1,2026-08-24T00:00:00.000
2778,20260621,20260711,248,183,319,393,485,13,4,FMV002778,2778,3815.8600,3815.8600,3815.8600,944.7000,1,1,2026-08-24T00:00:00.000
2779,20260730,20260715,186,191,364,153,127,2,1,FMV002779,2779,3817.2300,3817.2300,3817.2300,945.4000,1,1,2026-08-24T00:00:00.000
2780,20260725,20260801,287,179,299,479,260,7,1,FMV002780,2780,3818.6000,3818.6000,3818.6000,946.1000,1,1,2026-08-24T00:00:00.000
2781,20260727,20260703,231,204,43,459,302,18,1,FMV002781,2781,3819.9700,3819.9700,3819.9700,946.8000,1,1,2026-08-24T00:00:00.000
2782,20260528,20260607,446,265,200,50,350,9,5,FMV002782,2782,3821.3400,3821.3400,3821.3400,947.5000,1,1,2026-08-24T00:00:00.000
2783,20260629,20260822,250,247,126,73,204,15,2,FMV002783,2783,3822.7100,3822.7100,3822.7100,948.2000,1,1,2026-08-24T00:00:00.000
2784,20260623,20260611,241,334,27,249,388,4,5,FMV002784,2784,3824.0800,3824.0800,3824.0800,948.9000,1,1,2026-08-24T00:00:00.000
2785,20260722,20260620,303,338,273,198,374,6,2,FMV002785,2785,3825.4500,3825.4500,3825.4500,949.6000,1,1,2026-08-24T00:00:00.000
2786,20260817,20260606,3,58,49,365,312,20,1,FMV002786,2786,3826.8200,3826.8200,3826.8200,950.3000,1,1,2026-08-24T00:00:00.000
2787,20260620,20260725,432,47,70,8,385,17,1,FMV002787,2787,3828.1900,3828.1900,3828.1900,951.0000,1,1,2026-08-24T00:00:00.000
2788,20260822,20260604,99,280,-1,-1,289,10,3,FMV002788,2788,3829.5600,3829.5600,3829.5600,951.7000,1,1,2026-08-24T00:00:00.000
2789,20260601,20260625,179,118,101,128,38,18,1,FMV002789,2789,3830.9300,3830.9300,3830.9300,952.4000,1,1,2026-08-24T00:00:00.000
2790,20260720,20260814,149,15,214,300,215,20,4,FMV002790,2790,3832.3000,3832.3000,3832.3000,953.1000,1,1,2026-08-24T00:00:00.000
2791,20260623,20260531,124,89,44,217,389,19,1,FMV002791,2791,3833.6700,3833.6700,3833.6700,953.8000,1,1,2026-08-24T00:00:00.000
2792,20260709,20260723,239,236,75,76,295,5,3,FMV002792,2792,3835.0400,3835.0400,3835.0400,954.5000,1,1,2026-08-24T00:00:00.000
2793,20260803,20260712,339,5,97,3,213,17,5,FMV002793,2793,3836.4100,3836.4100,3836.4100,955.2000,1,1,2026-08-24T00:00:00.000
2794,20260804,20260707,480,335,84,494,358,20,2,FMV002794,2794,3837.7800,3837.7800,3837.7800,955.9000,1,1,2026-08-24T00:00:00.000
2795,20260620,20260626,299,80,441,448,1,20,2,FMV002795,2795,3839.1500,3839.1500,3839.1500,956.6000,1,1,2026-08-24T00:00:00.000
2796,20260716,20260613,349,57,317,453,467,9,1,FMV002796,2796,3840.5200,3840.5200,3840.5200,957.3000,1,1,2026-08-24T00:00:00.000
2797,20260619,20260713,300,81,160,222,376,11,1,FMV002797,2797,3841.8900,3841.8900,3841.8900,958.0000,1,1,2026-08-24T00:00:00.000
2798,20260725,20260618,167,161,217,97,2,18,3,FMV002798,2798,3843.2600,3843.2600,3843.2600,958.7000,1,1,2026-08-24T00:00:00.000
2799,20260602,20260716,482,157,137,251,488,5,1,FMV002799,2799,3844.6300,3844.6300,3844.6300,959.4000,1,1,2026-08-24T00:00:00.000
2800,20260529,20260716,137,66,28,48,344,11,4,FMV002800,2800,3846.0000,3846.0000,3846.0000,960.1000,1,1,2026-08-24T00:00:00.000
2801,20260701,20260821,313,173,332,214,312,20,2,FMV002801,2801,3847.3700,3847.3700,3847.3700,960.8000,1,1,2026-08-24T00:00:00.000
2802,20260708,20260712,322,194,438,317,65,19,1,FMV002802,2802,3848.7400,3848.7400,3848.7400,961.5000,1,1,2026-08-24T00:00:00.000
2803,20260806,20260726,411,223,298,214,47,1,5,FMV002803,2803,3850.1100,3850.1100,3850.1100,962.2000,1,1,2026-08-24T00:00:00.000
2804,20260802,20260711,476,314,43,291,100,11,2,FMV002804,2804,3851.4800,3851.4800,3851.4800,962.9000,1,1,2026-08-24T00:00:00.000
2805,20260615,20260605,440,90,-1,-1,98,9,5,FMV002805,2805,3852.8500,3852.8500,3852.8500,963.6000,1,1,2026-08-24T00:00:00.000
2806,20260620,20260821,240,73,242,465,468,1,2,FMV002806,2806,3854.2200,3854.2200,3854.2200,964.3000,1,1,2026-08-24T00:00:00.000
2807,20260714,20260603,341,233,58,186,239,7,3,FMV002807,2807,3855.5900,3855.5900,3855.5900,965.0000,1,1,2026-08-24T00:00:00.000
2808,20260804,20260805,474,319,225,295,269,18,3,FMV002808,2808,3856.9600,3856.9600,3856.9600,965.7000,1,1,2026-08-24T00:00:00.000
2809,20260822,20260627,253,334,355,274,332,3,1,FMV002809,2809,3858.3300,3858.3300,3858.3300,966.4000,1,1,2026-08-24T00:00:00.000
2810,20260816,20260716,270,142,64,46,411,16,4,FMV002810,2810,3859.7000,3859.7000,3859.7000,967.1000,1,1,2026-08-24T00:00:00.000
2811,20260604,20260613,285,288,254,202,186,14,5,FMV002811,2811,3861.0700,3861.0700,3861.0700,967.8000,1,1,2026-08-24T00:00:00.000
2812,20260625,20260704,427,217,144,453,179,11,5,FMV002812,2812,3862.4400,3862.4400,3862.4400,968.5000,1,1,2026-08-24T00:00:00.000
2813,20260818,20260815,177,336,150,394,277,18,3,FMV002813,2813,3863.8100,3863.8100,3863.8100,969.2000,1,1,2026-08-24T00:00:00.000
2814,20260615,20260809,62,260,256,487,417,3,2,FMV002814,2814,3865.1800,3865.1800,3865.1800,969.9000,1,1,2026-08-24T00:00:00.000
2815,20260728,20260617,170,311,330,268,407,6,5,FMV002815,2815,3866.5500,3866.5500,3866.5500,970.6000,1,1,2026-08-24T00:00:00.000
2816,20260801,20260604,47,163,151,277,173,1,2,FMV002816,2816,3867.9200,3867.9200,3867.9200,971.3000,1,1,2026-08-24T00:00:00.000
2817,20260819,20260610,203,139,265,194,9,1,4,FMV002817,2817,3869.2900,3869.2900,3869.2900,972.0000,1,1,2026-08-24T00:00:00.000
2818,20260726,20260725,178,333,50,102,368,19,1,FMV002818,2818,3870.6600,3870.6600,3870.6600,972.7000,1,1,2026-08-24T00:00:00.000
2819,20260604,20260802,359,53,409,261,240,19,5,FMV002819,2819,3872.0300,3872.0300,3872.0300,973.4000,1,1,2026-08-24T00:00:00.000
2820,20260710,20260707,38,28,123,264,281,13,2,FMV002820,2820,3873.4000,3873.4000,3873.4000,974.1000,1,1,2026-08-24T00:00:00.000
2821,20260528,20260627,362,285,336,390,247,7,2,FMV002821,2821,3874.7700,3874.7700,3874.7700,974.8000,1,1,2026-08-24T00:00:00.000
2822,20260622,20260603,29,201,-1,-1,322,17,2,FMV002822,2822,3876.1400,3876.1400,3876.1400,975.5000,1,1,2026-08-24T00:00:00.000
2823,20260709,20260730,144,168,217,227,401,15,1,FMV002823,2823,3877.5100,3877.5100,3877.5100,976.2000,1,1,2026-08-24T00:00:00.000
2824,20260717,20260717,384,42,33,207,274,16,1,FMV002824,2824,3878.8800,3878.8800,3878.8800,976.9000,1,1,2026-08-24T00:00:00.000
2825,20260630,20260601,196,107,20,270,124,10,5,FMV002825,2825,3880.2500,3880.2500,3880.2500,977.6000,1,1,2026-08-24T00:00:00.000
2826,20260528,20260605,163,212,257,63,216,11,5,FMV002826,2826,3881.6200,3881.6200,3881.6200,978.3000,1,1,2026-08-24T00:00:00.000
2827,20260609,20260629,200,228,218,26,297,10,1,FMV002827,2827,3882.9900,3882.9900,3882.9900,979.0000,1,1,2026-08-24T00:00:00.000
2828,20260613,20260718,179,296,487,255,228,8,3,FMV002828,2828,3884.3600,3884.3600,3884.3600,979.7000,1,1,2026-08-24T00:00:00.000
2829,20260721,20260711,326,54,109,18,465,17,1,FMV002829,2829,3885.7300,3885.7300,3885.7300,980.4000,1,1,2026-08-24T00:00:00.000
2830,20260604,20260807,494,36,316,407,19,16,3,FMV002830,2830,3887.1000,3887.1000,3887.1000,981.1000,1,1,2026-08-24T00:00:00.000
2831,20260615,20260611,444,251,399,477,314,1,2,FMV002831,2831,3888.4700,3888.4700,3888.4700,981.8000,1,1,2026-08-24T00:00:00.000
2832,20260627,20260814,82,278,372,139,94,4,3,FMV002832,2832,3889.8400,3889.8400,3889.8400,982.5000,1,1,2026-08-24T00:00:00.000
2833,20260702,20260624,56,228,110,215,148,15,1,FMV002833,2833,3891.2100,3891.2100,3891.2100,983.2000,1,1,2026-08-24T00:00:00.000
2834,20260731,20260802,349,314,475,49,113,7,5,FMV002834,2834,3892.5800,3892.5800,3892.5800,983.9000,1,1,2026-08-24T00:00:00.000
2835,20260722,20260813,79,36,180,432,375,4,4,FMV002835,2835,3893.9500,3893.9500,3893.9500,984.6000,1,1,2026-08-24T00:00:00.000
2836,20260605,20260708,25,300,419,92,222,6,2,FMV002836,2836,3895.3200,3895.3200,3895.3200,985.3000,1,1,2026-08-24T00:00:00.000
2837,20260626,20260614,15,33,488,284,434,2,4,FMV002837,2837,3896.6900,3896.6900,3896.6900,986.0000,1,1,2026-08-24T00:00:00.000
2838,20260615,20260726,343,189,433,21,377,6,3,FMV002838,2838,3898.0600,3898.0600,3898.0600,986.7000,1,1,2026-08-24T00:00:00.000
2839,20260718,20260808,48,233,-1,-1,258,13,2,FMV002839,2839,3899.4300,3899.4300,3899.4300,987.4000,1,1,2026-08-24T00:00:00.000
2840,20260820,20260713,500,92,295,217,421,13,5,FMV002840,2840,3900.8000,3900.8000,3900.8000,988.1000,1,1,2026-08-24T00:00:00.000
2841,20260608,20260619,323,253,5,349,319,8,5,FMV002841,2841,3902.1700,3902.1700,3902.1700,988.8000,1,1,2026-08-24T00:00:00.000
2842,20260609,20260608,142,336,408,424,314,9,1,FMV002842,2842,3903.5400,3903.5400,3903.5400,989.5000,1,1,2026-08-24T00:00:00.000
2843,20260810,20260729,28,232,34,45,427,4,3,FMV002843,2843,3904.9100,3904.9100,3904.9100,990.2000,1,1,2026-08-24T00:00:00.000
2844,20260702,20260725,50,106,140,172,122,12,5,FMV002844,2844,3906.2800,3906.2800,3906.2800,990.9000,1,1,2026-08-24T00:00:00.000
2845,20260712,20260808,489,223,127,380,153,16,5,FMV002845,2845,3907.6500,3907.6500,3907.6500,991.6000,1,1,2026-08-24T00:00:00.000
2846,20260812,20260528,164,164,66,495,419,11,4,FMV002846,2846,3909.0200,3909.0200,3909.0200,992.3000,1,1,2026-08-24T00:00:00.000
2847,20260531,20260528,317,137,271,23,472,4,2,FMV002847,2847,3910.3900,3910.3900,3910.3900,993.0000,1,1,2026-08-24T00:00:00.000
2848,20260813,20260816,205,274,57,62,436,20,4,FMV002848,2848,3911.7600,3911.7600,3911.7600,993.7000,1,1,2026-08-24T00:00:00.000
2849,20260527,20260531,260,56,274,455,281,19,1,FMV002849,2849,3913.1300,3913.1300,3913.1300,994.4000,1,1,2026-08-24T00:00:00.000
2850,20260726,20260611,295,23,474,335,266,15,4,FMV002850,2850,3914.5000,3914.5000,3914.5000,995.1000,1,1,2026-08-24T00:00:00.000
2851,20260723,20260812,461,98,262,371,378,11,5,FMV002851,2851,3915.8700,3915.8700,3915.8700,995.8000,1,1,2026-08-24T00:00:00.000
2852,20260623,20260610,151,134,331,433,8,3,5,FMV002852,2852,3917.2400,3917.2400,3917.2400,996.5000,1,1,2026-08-24T00:00:00.000
2853,20260712,20260718,327,244,201,210,88,8,1,FMV002853,2853,3918.6100,3918.6100,3918.6100,997.2000,1,1,2026-08-24T00:00:00.000
2854,20260809,20260622,248,14,270,420,16,13,3,FMV002854,2854,3919.9800,3919.9800,3919.9800,997.9000,1,1,2026-08-24T00:00:00.000
2855,20260810,20260716,362,96,325,396,167,15,2,FMV002855,2855,3921.3500,3921.3500,3921.3500,998.6000,1,1,2026-08-24T00:00:00.000
2856,20260701,20260614,255,161,-1,-1,219,8,2,FMV002856,2856,3922.7200,3922.7200,3922.7200,999.3000,1,1,2026-08-24T00:00:00.000
2857,20260730,20260718,360,169,121,407,4,17,2,FMV002857,2857,3924.0900,3924.0900,3924.0900,1000.0000,1,1,2026-08-24T00:00:00.000
2858,20260710,20260613,49,188,297,171,77,6,3,FMV002858,2858,3925.4600,3925.4600,3925.4600,0.7000,1,1,2026-08-24T00:00:00.000
2859,20260617,20260805,260,126,167,363,303,8,1,FMV002859,2859,3926.8300,3926.8300,3926.8300,1.4000,1,1,2026-08-24T00:00:00.000
2860,20260621,20260717,346,18,65,46,207,4,5,FMV002860,2860,3928.2000,3928.2000,3928.2000,2.1000,1,1,2026-08-24T00:00:00.000
2861,20260802,20260817,81,237,478,2,302,7,4,FMV002861,2861,3929.5700,3929.5700,3929.5700,2.8000,1,1,2026-08-24T00:00:00.000
2862,20260618,20260610,181,99,290,131,222,5,5,FMV002862,2862,3930.9400,3930.9400,3930.9400,3.5000,1,1,2026-08-24T00:00:00.000
2863,20260629,20260728,337,313,373,187,161,13,1,FMV002863,2863,3932.3100,3932.3100,3932.3100,4.2000,1,1,2026-08-24T00:00:00.000
2864,20260707,20260531,23,141,247,46,284,18,1,FMV002864,2864,3933.6800,3933.6800,3933.6800,4.9000,1,1,2026-08-24T00:00:00.000
2865,20260706,20260719,260,271,51,329,62,16,2,FMV002865,2865,3935.0500,3935.0500,3935.0500,5.6000,1,1,2026-08-24T00:00:00.000
2866,20260726,20260609,426,15,185,376,137,9,1,FMV002866,2866,3936.4200,3936.4200,3936.4200,6.3000,1,1,2026-08-24T00:00:00.000
2867,20260617,20260815,177,6,331,126,453,17,5,FMV002867,2867,3937.7900,3937.7900,3937.7900,7.0000,1,1,2026-08-24T00:00:00.000
2868,20260629,20260615,19,183,235,307,33,7,1,FMV002868,2868,3939.1600,3939.1600,3939.1600,7.7000,1,1,2026-08-24T00:00:00.000
2869,20260612,20260813,161,172,138,298,306,1,2,FMV002869,2869,3940.5300,3940.5300,3940.5300,8.4000,1,1,2026-08-24T00:00:00.000
2870,20260717,20260529,360,139,102,485,369,17,2,FMV002870,2870,3941.9000,3941.9000,3941.9000,9.1000,1,1,2026-08-24T00:00:00.000
2871,20260623,20260713,405,32,130,484,233,14,3,FMV002871,2871,3943.2700,3943.2700,3943.2700,9.8000,1,1,2026-08-24T00:00:00.000
2872,20260629,20260803,72,57,264,292,141,2,5,FMV002872,2872,3944.6400,3944.6400,3944.6400,10.5000,1,1,2026-08-24T00:00:00.000
2873,20260701,20260531,469,141,-1,-1,133,18,3,FMV002873,2873,3946.0100,3946.0100,3946.0100,11.2000,1,1,2026-08-24T00:00:00.000
2874,20260804,20260815,231,108,411,159,239,2,4,FMV002874,2874,3947.3800,3947.3800,3947.3800,11.9000,1,1,2026-08-24T00:00:00.000
2875,20260805,20260813,5,150,449,206,237,19,4,FMV002875,2875,3948.7500,3948.7500,3948.7500,12.6000,1,1,2026-08-24T00:00:00.000
2876,20260710,20260720,478,295,52,468,340,16,4,FMV002876,2876,3950.1200,3950.1200,3950.1200,13.3000,1,1,2026-08-24T00:00:00.000
2877,20260806,20260712,135,320,48,345,118,20,3,FMV002877,2877,3951.4900,3951.4900,3951.4900,14.0000,1,1,2026-08-24T00:00:00.000
2878,20260627,20260606,246,130,235,409,225,12,2,FMV002878,2878,3952.8600,3952.8600,3952.8600,14.7000,1,1,2026-08-24T00:00:00.000
2879,20260621,20260719,37,70,237,367,170,14,5,FMV002879,2879,3954.2300,3954.2300,3954.2300,15.4000,1,1,2026-08-24T00:00:00.000
2880,20260823,20260712,4,292,274,346,226,20,4,FMV002880,2880,3955.6000,3955.6000,3955.6000,16.1000,1,1,2026-08-24T00:00:00.000
2881,20260529,20260628,217,201,117,463,266,17,2,FMV002881,2881,3956.9700,3956.9700,3956.9700,16.8000,1,1,2026-08-24T00:00:00.000
2882,20260603,20260622,137,84,22,475,95,1,5,FMV002882,2882,3958.3400,3958.3400,3958.3400,17.5000,1,1,2026-08-24T00:00:00.000
2883,20260813,20260714,60,247,230,129,260,18,2,FMV002883,2883,3959.7100,3959.7100,3959.7100,18.2000,1,1,2026-08-24T00:00:00.000
2884,20260701,20260810,119,82,210,321,345,8,1,FMV002884,2884,3961.0800,3961.0800,3961.0800,18.9000,1,1,2026-08-24T00:00:00.000
2885,20260613,20260731,306,59,28,97,235,5,4,FMV002885,2885,3962.4500,3962.4500,3962.4500,19.6000,1,1,2026-08-24T00:00:00.000
2886,20260624,20260809,318,253,457,121,32,7,1,FMV002886,2886,3963.8200,3963.8200,3963.8200,20.3000,1,1,2026-08-24T00:00:00.000
2887,20260725,20260627,470,89,15,271,435,4,4,FMV002887,2887,3965.1900,3965.1900,3965.1900,21.0000,1,1,2026-08-24T00:00:00.000
2888,20260731,20260719,240,340,378,394,174,16,1,FMV002888,2888,3966.5600,3966.5600,3966.5600,21.7000,1,1,2026-08-24T00:00:00.000
2889,20260802,20260618,74,79,430,426,11,8,4,FMV002889,2889,3967.9300,3967.9300,3967.9300,22.4000,1,1,2026-08-24T00:00:00.000
2890,20260626,20260724,369,226,-1,-1,310,2,2,FMV002890,2890,3969.3000,3969.3000,3969.3000,23.1000,1,1,2026-08-24T00:00:00.000
2891,20260726,20260702,236,39,357,481,102,17,3,FMV002891,2891,3970.6700,3970.6700,3970.6700,23.8000,1,1,2026-08-24T00:00:00.000
2892,20260821,20260627,202,256,262,140,408,12,2,FMV002892,2892,3972.0400,3972.0400,3972.0400,24.5000,1,1,2026-08-24T00:00:00.000
2893,20260624,20260605,212,77,243,121,346,20,1,FMV002893,2893,3973.4100,3973.4100,3973.4100,25.2000,1,1,2026-08-24T00:00:00.000
2894,20260616,20260528,53,347,88,499,167,2,1,FMV002894,2894,3974.7800,3974.7800,3974.7800,25.9000,1,1,2026-08-24T00:00:00.000
2895,20260724,20260611,83,251,102,282,298,4,3,FMV002895,2895,3976.1500,3976.1500,3976.1500,26.6000,1,1,2026-08-24T00:00:00.000
2896,20260820,20260824,148,343,8,256,69,12,5,FMV002896,2896,3977.5200,3977.5200,3977.5200,27.3000,1,1,2026-08-24T00:00:00.000
2897,20260614,20260814,248,156,452,190,436,4,3,FMV002897,2897,3978.8900,3978.8900,3978.8900,28.0000,1,1,2026-08-24T00:00:00.000
2898,20260716,20260718,389,277,84,459,385,7,1,FMV002898,2898,3980.2600,3980.2600,3980.2600,28.7000,1,1,2026-08-24T00:00:00.000
2899,20260627,20260813,463,226,53,499,337,11,1,FMV002899,2899,3981.6300,3981.6300,3981.6300,29.4000,1,1,2026-08-24T00:00:00.000
2900,20260604,20260721,499,299,185,260,363,19,1,FMV002900,2900,3983.0000,3983.0000,3983.0000,30.1000,1,1,2026-08-24T00:00:00.000
2901,20260612,20260701,175,17,180,212,331,19,2,FMV002901,2901,3984.3700,3984.3700,3984.3700,30.8000,1,1,2026-08-24T00:00:00.000
2902,20260527,20260718,369,269,216,402,354,13,4,FMV002902,2902,3985.7400,3985.7400,3985.7400,31.5000,1,1,2026-08-24T00:00:00.000
2903,20260811,20260713,443,32,246,287,338,6,4,FMV002903,2903,3987.1100,3987.1100,3987.1100,32.2000,1,1,2026-08-24T00:00:00.000
2904,20260621,20260624,56,316,339,470,189,10,2,FMV002904,2904,3988.4800,3988.4800,3988.4800,32.9000,1,1,2026-08-24T00:00:00.000
2905,20260619,20260604,335,206,274,280,396,17,4,FMV002905,2905,3989.8500,3989.8500,3989.8500,33.6000,1,1,2026-08-24T00:00:00.000
2906,20260605,20260818,269,343,328,408,221,9,5,FMV002906,2906,3991.2200,3991.2200,3991.2200,34.3000,1,1,2026-08-24T00:00:00.000
2907,20260815,20260822,427,48,-1,-1,249,20,4,FMV002907,2907,3992.5900,3992.5900,3992.5900,35.0000,1,1,2026-08-24T00:00:00.000
2908,20260702,20260608,412,190,161,226,286,10,4,FMV002908,2908,3993.9600,3993.9600,3993.9600,35.7000,1,1,2026-08-24T00:00:00.000
2909,20260819,20260805,475,219,422,293,299,4,5,FMV002909,2909,3995.3300,3995.3300,3995.3300,36.4000,1,1,2026-08-24T00:00:00.000
2910,20260725,20260712,42,107,270,464,336,6,2,FMV002910,2910,3996.7000,3996.7000,3996.7000,37.1000,1,1,2026-08-24T00:00:00.000
2911,20260712,20260530,235,150,204,159,500,15,1,FMV002911,2911,3998.0700,3998.0700,3998.0700,37.8000,1,1,2026-08-24T00:00:00.000
2912,20260726,20260807,300,124,331,120,454,4,4,FMV002912,2912,3999.4400,3999.4400,3999.4400,38.5000,1,1,2026-08-24T00:00:00.000
2913,20260530,20260721,343,225,275,341,380,16,4,FMV002913,2913,4000.8100,4000.8100,4000.8100,39.2000,1,1,2026-08-24T00:00:00.000
2914,20260620,20260822,41,242,63,163,111,8,2,FMV002914,2914,4002.1800,4002.1800,4002.1800,39.9000,1,1,2026-08-24T00:00:00.000
2915,20260705,20260715,270,331,58,332,275,8,3,FMV002915,2915,4003.5500,4003.5500,4003.5500,40.6000,1,1,2026-08-24T00:00:00.000
2916,20260727,20260714,179,70,365,413,365,15,4,FMV002916,2916,4004.9200,4004.9200,4004.9200,41.3000,1,1,2026-08-24T00:00:00.000
2917,20260726,20260823,443,117,17,196,401,16,3,FMV002917,2917,4006.2900,4006.2900,4006.2900,42.0000,1,1,2026-08-24T00:00:00.000
2918,20260610,20260704,269,51,108,289,300,8,4,FMV002918,2918,4007.6600,4007.6600,4007.6600,42.7000,1,1,2026-08-24T00:00:00.000
2919,20260727,20260823,48,256,337,280,137,16,1,FMV002919,2919,4009.0300,4009.0300,4009.0300,43.4000,1,1,2026-08-24T00:00:00.000
2920,20260723,20260819,366,259,494,500,441,9,1,FMV002920,2920,4010.4000,4010.4000,4010.4000,44.1000,1,1,2026-08-24T00:00:00.000
2921,20260621,20260704,382,33,53,437,405,6,5,FMV002921,2921,4011.7700,4011.7700,4011.7700,44.8000,1,1,2026-08-24T00:00:00.000
2922,20260712,20260803,411,205,120,485,448,5,4,FMV002922,2922,4013.1400,4013.1400,4013.1400,45.5000,1,1,2026-08-24T00:00:00.000
2923,20260629,20260606,271,202,295,490,229,4,3,FMV002923,2923,4014.5100,4014.5100,4014.5100,46.2000,1,1,2026-08-24T00:00:00.000
2924,20260823,20260721,9,291,-1,-1,400,18,2,FMV002924,2924,4015.8800,4015.8800,4015.8800,46.9000,1,1,2026-08-24T00:00:00.000
2925,20260622,20260730,314,213,346,323,12,18,3,FMV002925,2925,4017.2500,4017.2500,4017.2500,47.6000,1,1,2026-08-24T00:00:00.000
2926,20260628,20260706,262,192,214,371,261,13,5,FMV002926,2926,4018.6200,4018.6200,4018.6200,48.3000,1,1,2026-08-24T00:00:00.000
2927,20260622,20260621,455,303,388,457,30,4,4,FMV002927,2927,4019.9900,4019.9900,4019.9900,49.0000,1,1,2026-08-24T00:00:00.000
2928,20260616,20260702,27,134,403,266,498,4,4,FMV002928,2928,4021.3600,4021.3600,4021.3600,49.7000,1,1,2026-08-24T00:00:00.000
2929,20260527,20260731,410,53,64,13,478,16,4,FMV002929,2929,4022.7300,4022.7300,4022.7300,50.4000,1,1,2026-08-24T00:00:00.000
2930,20260813,20260724,40,220,61,144,115,4,4,FMV002930,2930,4024.1000,4024.1000,4024.1000,51.1000,1,1,2026-08-24T00:00:00.000
2931,20260713,20260718,61,236,90,252,130,5,1,FMV002931,2931,4025.4700,4025.4700,4025.4700,51.8000,1,1,2026-08-24T00:00:00.000
2932,20260808,20260611,112,156,446,36,490,8,4,FMV002932,2932,4026.8400,4026.8400,4026.8400,52.5000,1,1,2026-08-24T00:00:00.000
2933,20260630,20260719,441,237,277,477,229,12,4,FMV002933,2933,4028.2100,4028.2100,4028.2100,53.2000,1,1,2026-08-24T00:00:00.000
2934,20260730,20260719,113,344,234,108,469,2,2,FMV002934,2934,4029.5800,4029.5800,4029.5800,53.9000,1,1,2026-08-24T00:00:00.000
2935,20260808,20260629,305,233,458,408,177,5,3,FMV002935,2935,4030.9500,4030.9500,4030.9500,54.6000,1,1,2026-08-24T00:00:00.000
2936,20260717,20260721,441,333,241,357,104,18,4,FMV002936,2936,4032.3200,4032.3200,4032.3200,55.3000,1,1,2026-08-24T00:00:00.000
2937,20260723,20260605,89,111,392,227,125,10,1,FMV002937,2937,4033.6900,4033.6900,4033.6900,56.0000,1,1,2026-08-24T00:00:00.000
2938,20260713,20260725,478,150,470,227,118,18,1,FMV002938,2938,4035.0600,4035.0600,4035.0600,56.7000,1,1,2026-08-24T00:00:00.000
2939,20260622,20260601,238,346,312,223,261,17,1,FMV002939,2939,4036.4300,4036.4300,4036.4300,57.4000,1,1,2026-08-24T00:00:00.000
2940,20260702,20260530,169,188,361,362,140,8,4,FMV002940,2940,4037.8000,4037.8000,4037.8000,58.1000,1,1,2026-08-24T00:00:00.000
2941,20260723,20260801,449,299,-1,-1,61,6,2,FMV002941,2941,4039.1700,4039.1700,4039.1700,58.8000,1,1,2026-08-24T00:00:00.000
2942,20260623,20260731,328,249,384,61,500,1,1,FMV002942,2942,4040.5400,4040.5400,4040.5400,59.5000,1,1,2026-08-24T00:00:00.000
2943,20260706,20260529,468,80,282,155,387,10,1,FMV002943,2943,4041.9100,4041.9100,4041.9100,60.2000,1,1,2026-08-24T00:00:00.000
2944,20260807,20260803,61,161,67,22,262,13,3,FMV002944,2944,4043.2800,4043.2800,4043.2800,60.9000,1,1,2026-08-24T00:00:00.000
2945,20260618,20260802,213,87,53,49,334,7,2,FMV002945,2945,4044.6500,4044.6500,4044.6500,61.6000,1,1,2026-08-24T00:00:00.000
2946,20260802,20260724,4,190,217,372,317,4,5,FMV002946,2946,4046.0200,4046.0200,4046.0200,62.3000,1,1,2026-08-24T00:00:00.000
2947,20260629,20260704,168,335,87,271,110,9,4,FMV002947,2947,4047.3900,4047.3900,4047.3900,63.0000,1,1,2026-08-24T00:00:00.000
2948,20260606,20260707,323,290,214,210,75,18,5,FMV002948,2948,4048.7600,4048.7600,4048.7600,63.7000,1,1,2026-08-24T00:00:00.000
2949,20260717,20260529,368,226,96,110,320,16,5,FMV002949,2949,4050.1300,4050.1300,4050.1300,64.4000,1,1,2026-08-24T00:00:00.000
2950,20260610,20260629,460,72,302,100,471,8,2,FMV002950,2950,4051.5000,4051.5000,4051.5000,65.1000,1,1,2026-08-24T00:00:00.000
2951,20260808,20260724,266,33,119,471,164,12,5,FMV002951,2951,4052.8700,4052.8700,4052.8700,65.8000,1,1,2026-08-24T00:00:00.000
2952,20260709,20260530,438,97,89,370,147,18,5,FMV002952,2952,4054.2400,4054.2400,4054.2400,66.5000,1,1,2026-08-24T00:00:00.000
2953,20260801,20260716,111,302,4,276,193,9,3,FMV002953,2953,4055.6100,4055.6100,4055.6100,67.2000,1,1,2026-08-24T00:00:00.000
2954,20260719,20260630,409,247,442,38,312,11,5,FMV002954,2954,4056.9800,4056.9800,4056.9800,67.9000,1,1,2026-08-24T00:00:00.000
2955,20260806,20260715,363,341,326,456,414,20,1,FMV002955,2955,4058.3500,4058.3500,4058.3500,68.6000,1,1,2026-08-24T00:00:00.000
2956,20260724,20260807,411,167,273,102,151,18,4,FMV002956,2956,4059.7200,4059.7200,4059.7200,69.3000,1,1,2026-08-24T00:00:00.000
2957,20260722,20260813,189,229,142,14,468,14,2,FMV002957,2957,4061.0900,4061.0900,4061.0900,70.0000,1,1,2026-08-24T00:00:00.000
2958,20260727,20260821,57,255,-1,-1,325,14,5,FMV002958,2958,4062.4600,4062.4600,4062.4600,70.7000,1,1,2026-08-24T00:00:00.000
2959,20260722,20260818,261,64,92,375,346,16,2,FMV002959,2959,4063.8300,4063.8300,4063.8300,71.4000,1,1,2026-08-24T00:00:00.000
2960,20260823,20260810,273,206,449,241,283,20,5,FMV002960,2960,4065.2000,4065.2000,4065.2000,72.1000,1,1,2026-08-24T00:00:00.000
2961,20260822,20260614,22,321,413,301,449,8,2,FMV002961,2961,4066.5700,4066.5700,4066.5700,72.8000,1,1,2026-08-24T00:00:00.000
2962,20260802,20260623,386,168,410,217,203,4,5,FMV002962,2962,4067.9400,4067.9400,4067.9400,73.5000,1,1,2026-08-24T00:00:00.000
2963,20260629,20260627,244,347,61,84,26,13,4,FMV002963,2963,4069.3100,4069.3100,4069.3100,74.2000,1,1,2026-08-24T00:00:00.000
2964,20260705,20260802,83,348,258,432,23,5,5,FMV002964,2964,4070.6800,4070.6800,4070.6800,74.9000,1,1,2026-08-24T00:00:00.000
2965,20260809,20260626,70,71,439,198,481,7,4,FMV002965,2965,4072.0500,4072.0500,4072.0500,75.6000,1,1,2026-08-24T00:00:00.000
2966,20260821,20260530,291,167,355,251,199,10,1,FMV002966,2966,4073.4200,4073.4200,4073.4200,76.3000,1,1,2026-08-24T00:00:00.000
2967,20260721,20260527,309,105,197,404,485,10,4,FMV002967,2967,4074.7900,4074.7900,4074.7900,77.0000,1,1,2026-08-24T00:00:00.000
2968,20260720,20260812,43,78,297,89,196,10,4,FMV002968,2968,4076.1600,4076.1600,4076.1600,77.7000,1,1,2026-08-24T00:00:00.000
2969,20260602,20260603,185,98,9,192,435,19,5,FMV002969,2969,4077.5300,4077.5300,4077.5300,78.4000,1,1,2026-08-24T00:00:00.000
2970,20260720,20260820,150,245,368,10,323,11,5,FMV002970,2970,4078.9000,4078.9000,4078.9000,79.1000,1,1,2026-08-24T00:00:00.000
2971,20260730,20260713,225,93,256,27,370,11,2,FMV002971,2971,4080.2700,4080.2700,4080.2700,79.8000,1,1,2026-08-24T00:00:00.000
2972,20260620,20260626,117,188,127,250,401,8,1,FMV002972,2972,4081.6400,4081.6400,4081.6400,80.5000,1,1,2026-08-24T00:00:00.000
2973,20260710,20260718,384,177,74,347,97,10,2,FMV002973,2973,4083.0100,4083.0100,4083.0100,81.2000,1,1,2026-08-24T00:00:00.000
2974,20260815,20260709,485,87,378,348,124,4,1,FMV002974,2974,4084.3800,4084.3800,4084.3800,81.9000,1,1,2026-08-24T00:00:00.000
2975,20260619,20260621,54,45,-1,-1,401,18,5,FMV002975,2975,4085.7500,4085.7500,4085.7500,82.6000,1,1,2026-08-24T00:00:00.000
2976,20260814,20260819,193,262,468,492,83,7,1,FMV002976,2976,4087.1200,4087.1200,4087.1200,83.3000,1,1,2026-08-24T00:00:00.000
2977,20260807,20260601,141,236,19,408,129,14,1,FMV002977,2977,4088.4900,4088.4900,4088.4900,84.0000,1,1,2026-08-24T00:00:00.000
2978,20260716,20260709,74,289,166,155,298,13,3,FMV002978,2978,4089.8600,4089.8600,4089.8600,84.7000,1,1,2026-08-24T00:00:00.000
2979,20260724,20260625,53,328,185,349,125,4,4,FMV002979,2979,4091.2300,4091.2300,4091.2300,85.4000,1,1,2026-08-24T00:00:00.000
2980,20260729,20260703,288,213,397,153,372,16,3,FMV002980,2980,4092.6000,4092.6000,4092.6000,86.1000,1,1,2026-08-24T00:00:00.000
2981,20260627,20260804,413,107,312,376,27,12,2,FMV002981,2981,4093.9700,4093.9700,4093.9700,86.8000,1,1,2026-08-24T00:00:00.000
2982,20260728,20260701,3,23,401,58,232,14,3,FMV002982,2982,4095.3400,4095.3400,4095.3400,87.5000,1,1,2026-08-24T00:00:00.000
2983,20260809,20260629,203,34,188,64,93,5,2,FMV002983,2983,4096.7100,4096.7100,4096.7100,88.2000,1,1,2026-08-24T00:00:00.000
2984,20260801,20260530,463,99,354,395,279,19,2,FMV002984,2984,4098.0800,4098.0800,4098.0800,88.9000,1,1,2026-08-24T00:00:00.000
2985,20260727,20260805,63,121,183,374,209,7,4,FMV002985,2985,4099.4500,4099.4500,4099.4500,89.6000,1,1,2026-08-24T00:00:00.000
2986,20260819,20260807,397,290,266,243,240,15,1,FMV002986,2986,4100.8200,4100.8200,4100.8200,90.3000,1,1,2026-08-24T00:00:00.000
2987,20260720,20260531,52,121,290,205,414,10,2,FMV002987,2987,4102.1900,4102.1900,4102.1900,91.0000,1,1,2026-08-24T00:00:00.000
2988,20260810,20260704,495,235,209,451,63,5,1,FMV002988,2988,4103.5600,4103.5600,4103.5600,91.7000,1,1,2026-08-24T00:00:00.000
2989,20260806,20260706,97,174,119,145,286,19,1,FMV002989,2989,4104.9300,4104.9300,4104.9300,92.4000,1,1,2026-08-24T00:00:00.000
2990,20260812,20260612,342,125,161,314,242,19,1,FMV002990,2990,4106.3000,4106.3000,4106.3000,93.1000,1,1,2026-08-24T00:00:00.000
2991,20260808,20260713,163,119,407,328,72,4,5,FMV002991,2991,4107.6700,4107.6700,4107.6700,93.8000,1,1,2026-08-24T00:00:00.000
2992,20260812,20260708,264,46,-1,-1,427,12,3,FMV002992,2992,4109.0400,4109.0400,4109.0400,94.5000,1,1,2026-08-24T00:00:00.000
2993,20260723,20260531,210,135,352,460,46,20,4,FMV002993,2993,4110.4100,4110.4100,4110.4100,95.2000,1,1,2026-08-24T00:00:00.000
2994,20260618,20260819,438,249,26,413,440,11,5,FMV002994,2994,4111.7800,4111.7800,4111.7800,95.9000,1,1,2026-08-24T00:00:00.000
2995,20260820,20260815,457,139,245,303,488,20,1,FMV002995,2995,4113.1500,4113.1500,4113.1500,96.6000,1,1,2026-08-24T00:00:00.000
2996,20260615,20260608,385,202,462,183,449,12,4,FMV002996,2996,4114.5200,4114.5200,4114.5200,97.3000,1,1,2026-08-24T00:00:00.000
2997,20260717,20260821,136,76,171,405,162,4,3,FMV002997,2997,4115.8900,4115.8900,4115.8900,98.0000,1,1,2026-08-24T00:00:00.000
2998,20260707,20260703,460,26,294,425,453,18,3,FMV002998,2998,4117.2600,4117.2600,4117.2600,98.7000,1,1,2026-08-24T00:00:00.000
2999,20260731,20260809,359,256,118,373,151,4,3,FMV002999,2999,4118.6300,4118.6300,4118.6300,99.4000,1,1,2026-08-24T00:00:00.000
3000,20260612,20260613,325,104,479,352,500,2,2,FMV003000,3000,4120.0000,4120.0000,4120.0000,100.1000,1,1,2026-08-24T00:00:00.000
3001,20260527,20260630,315,273,212,87,190,20,1,FMV003001,3001,4121.3700,4121.3700,4121.3700,100.8000,1,1,2026-08-24T00:00:00.000
3002,20260817,20260814,455,350,397,6,234,7,2,FMV003002,3002,4122.7400,4122.7400,4122.7400,101.5000,1,1,2026-08-24T00:00:00.000
3003,20260612,20260703,355,168,39,408,469,4,2,FMV003003,3003,4124.1100,4124.1100,4124.1100,102.2000,1,1,2026-08-24T00:00:00.000
3004,20260817,20260622,38,117,257,452,231,2,5,FMV003004,3004,4125.4800,4125.4800,4125.4800,102.9000,1,1,2026-08-24T00:00:00.000
3005,20260605,20260816,187,151,475,368,166,6,2,FMV003005,3005,4126.8500,4126.8500,4126.8500,103.6000,1,1,2026-08-24T00:00:00.000
3006,20260609,20260802,83,202,88,288,445,17,2,FMV003006,3006,4128.2200,4128.2200,4128.2200,104.3000,1,1,2026-08-24T00:00:00.000
3007,20260728,20260812,449,307,282,199,468,12,1,FMV003007,3007,4129.5900,4129.5900,4129.5900,105.0000,1,1,2026-08-24T00:00:00.000
3008,20260626,20260630,140,323,74,216,229,10,3,FMV003008,3008,4130.9600,4130.9600,4130.9600,105.7000,1,1,2026-08-24T00:00:00.000
3009,20260618,20260807,318,74,-1,-1,364,1,5,FMV003009,3009,4132.3300,4132.3300,4132.3300,106.4000,1,1,2026-08-24T00:00:00.000
3010,20260820,20260811,419,125,385,175,443,19,5,FMV003010,3010,4133.7000,4133.7000,4133.7000,107.1000,1,1,2026-08-24T00:00:00.000
3011,20260822,20260606,351,297,385,162,225,7,2,FMV003011,3011,4135.0700,4135.0700,4135.0700,107.8000,1,1,2026-08-24T00:00:00.000
3012,20260623,20260816,150,33,199,84,449,7,1,FMV003012,3012,4136.4400,4136.4400,4136.4400,108.5000,1,1,2026-08-24T00:00:00.000
3013,20260801,20260701,213,227,462,147,162,3,2,FMV003013,3013,4137.8100,4137.8100,4137.8100,109.2000,1,1,2026-08-24T00:00:00.000
3014,20260802,20260630,275,21,360,249,68,9,2,FMV003014,3014,4139.1800,4139.1800,4139.1800,109.9000,1,1,2026-08-24T00:00:00.000
3015,20260606,20260803,354,149,116,161,338,9,4,FMV003015,3015,4140.5500,4140.5500,4140.5500,110.6000,1,1,2026-08-24T00:00:00.000
3016,20260615,20260626,261,326,405,83,241,10,3,FMV003016,3016,4141.9200,4141.9200,4141.9200,111.3000,1,1,2026-08-24T00:00:00.000
3017,20260804,20260809,45,52,448,310,41,1,2,FMV003017,3017,4143.2900,4143.2900,4143.2900,112.0000,1,1,2026-08-24T00:00:00.000
3018,20260703,20260606,346,7,243,472,406,10,5,FMV003018,3018,4144.6600,4144.6600,4144.6600,112.7000,1,1,2026-08-24T00:00:00.000
3019,20260725,20260815,413,259,77,111,87,13,5,FMV003019,3019,4146.0300,4146.0300,4146.0300,113.4000,1,1,2026-08-24T00:00:00.000
3020,20260601,20260528,313,40,456,467,481,9,5,FMV003020,3020,4147.4000,4147.4000,4147.4000,114.1000,1,1,2026-08-24T00:00:00.000
3021,20260711,20260714,184,292,472,395,9,20,2,FMV003021,3021,4148.7700,4148.7700,4148.7700,114.8000,1,1,2026-08-24T00:00:00.000
3022,20260715,20260819,243,346,18,273,60,17,4,FMV003022,3022,4150.1400,4150.1400,4150.1400,115.5000,1,1,2026-08-24T00:00:00.000
3023,20260710,20260722,449,147,231,192,90,13,3,FMV003023,3023,4151.5100,4151.5100,4151.5100,116.2000,1,1,2026-08-24T00:00:00.000
3024,20260622,20260822,466,240,163,261,26,4,5,FMV003024,3024,4152.8800,4152.8800,4152.8800,116.9000,1,1,2026-08-24T00:00:00.000
3025,20260820,20260629,463,78,400,397,423,11,4,FMV003025,3025,4154.2500,4154.2500,4154.2500,117.6000,1,1,2026-08-24T00:00:00.000
3026,20260731,20260604,247,130,-1,-1,403,20,3,FMV003026,3026,4155.6200,4155.6200,4155.6200,118.3000,1,1,2026-08-24T00:00:00.000
3027,20260624,20260710,263,293,418,86,40,6,3,FMV003027,3027,4156.9900,4156.9900,4156.9900,119.0000,1,1,2026-08-24T00:00:00.000
3028,20260701,20260819,278,158,471,427,381,15,4,FMV003028,3028,4158.3600,4158.3600,4158.3600,119.7000,1,1,2026-08-24T00:00:00.000
3029,20260820,20260527,330,290,126,484,233,17,4,FMV003029,3029,4159.7300,4159.7300,4159.7300,120.4000,1,1,2026-08-24T00:00:00.000
3030,20260722,20260619,474,99,189,156,355,14,2,FMV003030,3030,4161.1000,4161.1000,4161.1000,121.1000,1,1,2026-08-24T00:00:00.000
3031,20260603,20260624,275,244,369,3,36,19,2,FMV003031,3031,4162.4700,4162.4700,4162.4700,121.8000,1,1,2026-08-24T00:00:00.000
3032,20260708,20260623,335,158,371,414,198,10,4,FMV003032,3032,4163.8400,4163.8400,4163.8400,122.5000,1,1,2026-08-24T00:00:00.000
3033,20260626,20260616,101,246,430,310,95,5,4,FMV003033,3033,4165.2100,4165.2100,4165.2100,123.2000,1,1,2026-08-24T00:00:00.000
3034,20260725,20260803,386,162,223,499,354,2,5,FMV003034,3034,4166.5800,4166.5800,4166.5800,123.9000,1,1,2026-08-24T00:00:00.000
3035,20260710,20260721,250,79,233,139,57,14,4,FMV003035,3035,4167.9500,4167.9500,4167.9500,124.6000,1,1,2026-08-24T00:00:00.000
3036,20260727,20260601,98,155,333,107,71,17,2,FMV003036,3036,4169.3200,4169.3200,4169.3200,125.3000,1,1,2026-08-24T00:00:00.000
3037,20260529,20260604,298,308,476,117,421,14,4,FMV003037,3037,4170.6900,4170.6900,4170.6900,126.0000,1,1,2026-08-24T00:00:00.000
3038,20260724,20260801,325,35,449,419,315,14,1,FMV003038,3038,4172.0600,4172.0600,4172.0600,126.7000,1,1,2026-08-24T00:00:00.000
3039,20260602,20260824,482,44,391,418,258,2,5,FMV003039,3039,4173.4300,4173.4300,4173.4300,127.4000,1,1,2026-08-24T00:00:00.000
3040,20260531,20260705,468,191,461,368,366,17,5,FMV003040,3040,4174.8000,4174.8000,4174.8000,128.1000,1,1,2026-08-24T00:00:00.000
3041,20260808,20260716,160,99,116,340,496,6,4,FMV003041,3041,4176.1700,4176.1700,4176.1700,128.8000,1,1,2026-08-24T00:00:00.000
3042,20260610,20260817,370,171,40,276,430,10,1,FMV003042,3042,4177.5400,4177.5400,4177.5400,129.5000,1,1,2026-08-24T00:00:00.000
3043,20260714,20260728,22,116,-1,-1,471,2,3,FMV003043,3043,4178.9100,4178.9100,4178.9100,130.2000,1,1,2026-08-24T00:00:00.000
3044,20260615,20260616,455,30,26,489,150,10,2,FMV003044,3044,4180.2800,4180.2800,4180.2800,130.9000,1,1,2026-08-24T00:00:00.000
3045,20260711,20260624,106,35,490,67,186,12,5,FMV003045,3045,4181.6500,4181.6500,4181.6500,131.6000,1,1,2026-08-24T00:00:00.000
3046,20260628,20260531,305,272,488,304,171,7,2,FMV003046,3046,4183.0200,4183.0200,4183.0200,132.3000,1,1,2026-08-24T00:00:00.000
3047,20260731,20260816,458,325,126,229,472,6,2,FMV003047,3047,4184.3900,4184.3900,4184.3900,133.0000,1,1,2026-08-24T00:00:00.000
3048,20260820,20260704,278,83,372,269,104,19,5,FMV003048,3048,4185.7600,4185.7600,4185.7600,133.7000,1,1,2026-08-24T00:00:00.000
3049,20260812,20260616,320,333,286,437,417,8,4,FMV003049,3049,4187.1300,4187.1300,4187.1300,134.4000,1,1,2026-08-24T00:00:00.000
3050,20260726,20260601,392,45,248,44,69,18,1,FMV003050,3050,4188.5000,4188.5000,4188.5000,135.1000,1,1,2026-08-24T00:00:00.000
3051,20260806,20260821,393,235,290,57,493,2,3,FMV003051,3051,4189.8700,4189.8700,4189.8700,135.8000,1,1,2026-08-24T00:00:00.000
3052,20260814,20260820,193,159,425,224,420,15,2,FMV003052,3052,4191.2400,4191.2400,4191.2400,136.5000,1,1,2026-08-24T00:00:00.000
3053,20260721,20260717,492,107,384,238,235,7,5,FMV003053,3053,4192.6100,4192.6100,4192.6100,137.2000,1,1,2026-08-24T00:00:00.000
3054,20260724,20260601,245,271,465,178,215,18,5,FMV003054,3054,4193.9800,4193.9800,4193.9800,137.9000,1,1,2026-08-24T00:00:00.000
3055,20260609,20260527,351,90,84,314,412,14,3,FMV003055,3055,4195.3500,4195.3500,4195.3500,138.6000,1,1,2026-08-24T00:00:00.000
3056,20260714,20260612,154,9,47,44,206,17,5,FMV003056,3056,4196.7200,4196.7200,4196.7200,139.3000,1,1,2026-08-24T00:00:00.000
3057,20260726,20260607,98,279,213,117,398,1,2,FMV003057,3057,4198.0900,4198.0900,4198.0900,140.0000,1,1,2026-08-24T00:00:00.000
3058,20260607,20260619,290,250,61,311,298,17,1,FMV003058,3058,4199.4600,4199.4600,4199.4600,140.7000,1,1,2026-08-24T00:00:00.000
3059,20260819,20260811,18,331,198,434,349,3,4,FMV003059,3059,4200.8300,4200.8300,4200.8300,141.4000,1,1,2026-08-24T00:00:00.000
3060,20260804,20260810,90,256,-1,-1,178,13,3,FMV003060,3060,4202.2000,4202.2000,4202.2000,142.1000,1,1,2026-08-24T00:00:00.000
3061,20260809,20260805,405,247,319,358,442,11,5,FMV003061,3061,4203.5700,4203.5700,4203.5700,142.8000,1,1,2026-08-24T00:00:00.000
3062,20260806,20260610,480,89,489,235,209,11,3,FMV003062,3062,4204.9400,4204.9400,4204.9400,143.5000,1,1,2026-08-24T00:00:00.000
3063,20260823,20260718,25,265,266,27,352,18,4,FMV003063,3063,4206.3100,4206.3100,4206.3100,144.2000,1,1,2026-08-24T00:00:00.000
3064,20260726,20260627,162,56,275,127,150,13,3,FMV003064,3064,4207.6800,4207.6800,4207.6800,144.9000,1,1,2026-08-24T00:00:00.000
3065,20260623,20260528,417,150,439,419,85,8,1,FMV003065,3065,4209.0500,4209.0500,4209.0500,145.6000,1,1,2026-08-24T00:00:00.000
3066,20260806,20260817,434,63,414,451,317,15,5,FMV003066,3066,4210.4200,4210.4200,4210.4200,146.3000,1,1,2026-08-24T00:00:00.000
3067,20260718,20260809,340,8,454,383,375,13,5,FMV003067,3067,4211.7900,4211.7900,4211.7900,147.0000,1,1,2026-08-24T00:00:00.000
3068,20260620,20260527,437,35,36,380,387,18,1,FMV003068,3068,4213.1600,4213.1600,4213.1600,147.7000,1,1,2026-08-24T00:00:00.000
3069,20260609,20260801,122,339,396,321,64,5,2,FMV003069,3069,4214.5300,4214.5300,4214.5300,148.4000,1,1,2026-08-24T00:00:00.000
3070,20260818,20260708,421,256,152,219,174,2,2,FMV003070,3070,4215.9000,4215.9000,4215.9000,149.1000,1,1,2026-08-24T00:00:00.000
3071,20260730,20260806,315,188,393,409,235,18,4,FMV003071,3071,4217.2700,4217.2700,4217.2700,149.8000,1,1,2026-08-24T00:00:00.000
3072,20260822,20260724,442,278,416,413,445,20,1,FMV003072,3072,4218.6400,4218.6400,4218.6400,150.5000,1,1,2026-08-24T00:00:00.000
3073,20260803,20260823,93,244,297,254,27,17,1,FMV003073,3073,4220.0100,4220.0100,4220.0100,151.2000,1,1,2026-08-24T00:00:00.000
3074,20260528,20260818,294,291,460,231,244,12,4,FMV003074,3074,4221.3800,4221.3800,4221.3800,151.9000,1,1,2026-08-24T00:00:00.000
3075,20260728,20260816,254,148,289,486,432,19,5,FMV003075,3075,4222.7500,4222.7500,4222.7500,152.6000,1,1,2026-08-24T00:00:00.000
3076,20260704,20260725,218,13,417,447,396,3,5,FMV003076,3076,4224.1200,4224.1200,4224.1200,153.3000,1,1,2026-08-24T00:00:00.000
3077,20260809,20260607,384,200,-1,-1,348,16,2,FMV003077,3077,4225.4900,4225.4900,4225.4900,154.0000,1,1,2026-08-24T00:00:00.000
3078,20260612,20260713,49,191,418,166,207,3,5,FMV003078,3078,4226.8600,4226.8600,4226.8600,154.7000,1,1,2026-08-24T00:00:00.000
3079,20260626,20260610,261,81,482,234,353,5,1,FMV003079,3079,4228.2300,4228.2300,4228.2300,155.4000,1,1,2026-08-24T00:00:00.000
3080,20260623,20260701,435,322,383,427,244,20,2,FMV003080,3080,4229.6000,4229.6000,4229.6000,156.1000,1,1,2026-08-24T00:00:00.000
3081,20260702,20260720,354,60,465,140,64,11,1,FMV003081,3081,4230.9700,4230.9700,4230.9700,156.8000,1,1,2026-08-24T00:00:00.000
3082,20260808,20260710,467,37,431,397,346,16,4,FMV003082,3082,4232.3400,4232.3400,4232.3400,157.5000,1,1,2026-08-24T00:00:00.000
3083,20260609,20260813,225,203,109,447,431,7,1,FMV003083,3083,4233.7100,4233.7100,4233.7100,158.2000,1,1,2026-08-24T00:00:00.000
3084,20260614,20260619,51,113,208,319,319,8,4,FMV003084,3084,4235.0800,4235.0800,4235.0800,158.9000,1,1,2026-08-24T00:00:00.000
3085,20260808,20260806,112,157,300,68,122,9,4,FMV003085,3085,4236.4500,4236.4500,4236.4500,159.6000,1,1,2026-08-24T00:00:00.000
3086,20260628,20260810,456,306,48,148,367,19,2,FMV003086,3086,4237.8200,4237.8200,4237.8200,160.3000,1,1,2026-08-24T00:00:00.000
3087,20260708,20260624,488,112,420,292,132,11,2,FMV003087,3087,4239.1900,4239.1900,4239.1900,161.0000,1,1,2026-08-24T00:00:00.000
3088,20260727,20260609,142,212,451,325,114,2,5,FMV003088,3088,4240.5600,4240.5600,4240.5600,161.7000,1,1,2026-08-24T00:00:00.000
3089,20260704,20260731,87,117,269,126,315,12,1,FMV003089,3089,4241.9300,4241.9300,4241.9300,162.4000,1,1,2026-08-24T00:00:00.000
3090,20260810,20260722,288,129,229,385,124,1,2,FMV003090,3090,4243.3000,4243.3000,4243.3000,163.1000,1,1,2026-08-24T00:00:00.000
3091,20260711,20260817,425,334,423,382,361,13,1,FMV003091,3091,4244.6700,4244.6700,4244.6700,163.8000,1,1,2026-08-24T00:00:00.000
3092,20260702,20260714,19,78,391,484,222,20,2,FMV003092,3092,4246.0400,4246.0400,4246.0400,164.5000,1,1,2026-08-24T00:00:00.000
3093,20260624,20260729,84,13,117,229,359,13,2,FMV003093,3093,4247.4100,4247.4100,4247.4100,165.2000,1,1,2026-08-24T00:00:00.000
3094,20260726,20260815,228,8,-1,-1,464,20,5,FMV003094,3094,4248.7800,4248.7800,4248.7800,165.9000,1,1,2026-08-24T00:00:00.000
3095,20260805,20260601,463,303,445,377,53,10,3,FMV003095,3095,4250.1500,4250.1500,4250.1500,166.6000,1,1,2026-08-24T00:00:00.000
3096,20260609,20260701,15,185,48,473,198,8,1,FMV003096,3096,4251.5200,4251.5200,4251.5200,167.3000,1,1,2026-08-24T00:00:00.000
3097,20260822,20260615,247,115,83,200,24,8,5,FMV003097,3097,4252.8900,4252.8900,4252.8900,168.0000,1,1,2026-08-24T00:00:00.000
3098,20260815,20260731,403,292,64,208,390,6,5,FMV003098,3098,4254.2600,4254.2600,4254.2600,168.7000,1,1,2026-08-24T00:00:00.000
3099,20260617,20260819,284,320,417,235,237,18,5,FMV003099,3099,4255.6300,4255.6300,4255.6300,169.4000,1,1,2026-08-24T00:00:00.000
3100,20260710,20260621,147,108,19,477,500,18,4,FMV003100,3100,4257.0000,4257.0000,4257.0000,170.1000,1,1,2026-08-24T00:00:00.000
3101,20260528,20260607,168,102,41,267,340,19,3,FMV003101,3101,4258.3700,4258.3700,4258.3700,170.8000,1,1,2026-08-24T00:00:00.000
3102,20260616,20260712,310,258,225,240,408,5,5,FMV003102,3102,4259.7400,4259.7400,4259.7400,171.5000,1,1,2026-08-24T00:00:00.000
3103,20260629,20260814,181,62,297,446,119,18,1,FMV003103,3103,4261.1100,4261.1100,4261.1100,172.2000,1,1,2026-08-24T00:00:00.000
3104,20260601,20260601,102,18,75,317,437,4,1,FMV003104,3104,4262.4800,4262.4800,4262.4800,172.9000,1,1,2026-08-24T00:00:00.000
3105,20260715,20260619,193,327,154,158,67,13,5,FMV003105,3105,4263.8500,4263.8500,4263.8500,173.6000,1,1,2026-08-24T00:00:00.000
3106,20260703,20260604,429,320,224,93,243,14,5,FMV003106,3106,4265.2200,4265.2200,4265.2200,174.3000,1,1,2026-08-24T00:00:00.000
3107,20260819,20260616,235,112,242,262,234,6,2,FMV003107,3107,4266.5900,4266.5900,4266.5900,175.0000,1,1,2026-08-24T00:00:00.000
3108,20260730,20260711,372,140,476,70,47,6,4,FMV003108,3108,4267.9600,4267.9600,4267.9600,175.7000,1,1,2026-08-24T00:00:00.000
3109,20260716,20260608,116,64,76,213,195,4,2,FMV003109,3109,4269.3300,4269.3300,4269.3300,176.4000,1,1,2026-08-24T00:00:00.000
3110,20260805,20260610,476,187,100,257,46,4,1,FMV003110,3110,4270.7000,4270.7000,4270.7000,177.1000,1,1,2026-08-24T00:00:00.000
3111,20260811,20260711,119,106,-1,-1,404,16,2,FMV003111,3111,4272.0700,4272.0700,4272.0700,177.8000,1,1,2026-08-24T00:00:00.000
3112,20260801,20260729,467,274,314,24,319,7,1,FMV003112,3112,4273.4400,4273.4400,4273.4400,178.5000,1,1,2026-08-24T00:00:00.000
3113,20260613,20260528,339,239,26,358,305,3,4,FMV003113,3113,4274.8100,4274.8100,4274.8100,179.2000,1,1,2026-08-24T00:00:00.000
3114,20260609,20260725,161,285,397,88,276,2,5,FMV003114,3114,4276.1800,4276.1800,4276.1800,179.9000,1,1,2026-08-24T00:00:00.000
3115,20260819,20260610,365,183,233,43,18,16,1,FMV003115,3115,4277.5500,4277.5500,4277.5500,180.6000,1,1,2026-08-24T00:00:00.000
3116,20260611,20260815,217,307,447,348,305,6,4,FMV003116,3116,4278.9200,4278.9200,4278.9200,181.3000,1,1,2026-08-24T00:00:00.000
3117,20260629,20260821,416,307,297,113,418,15,2,FMV003117,3117,4280.2900,4280.2900,4280.2900,182.0000,1,1,2026-08-24T00:00:00.000
3118,20260530,20260802,233,13,459,139,242,15,1,FMV003118,3118,4281.6600,4281.6600,4281.6600,182.7000,1,1,2026-08-24T00:00:00.000
3119,20260601,20260612,477,72,225,455,59,12,2,FMV003119,3119,4283.0300,4283.0300,4283.0300,183.4000,1,1,2026-08-24T00:00:00.000
3120,20260627,20260711,291,58,319,115,286,1,4,FMV003120,3120,4284.4000,4284.4000,4284.4000,184.1000,1,1,2026-08-24T00:00:00.000
3121,20260627,20260722,352,112,231,328,418,4,3,FMV003121,3121,4285.7700,4285.7700,4285.7700,184.8000,1,1,2026-08-24T00:00:00.000
3122,20260810,20260629,405,31,248,132,408,8,5,FMV003122,3122,4287.1400,4287.1400,4287.1400,185.5000,1,1,2026-08-24T00:00:00.000
3123,20260529,20260620,334,255,16,93,21,12,2,FMV003123,3123,4288.5100,4288.5100,4288.5100,186.2000,1,1,2026-08-24T00:00:00.000
3124,20260627,20260824,245,69,225,288,182,10,5,FMV003124,3124,4289.8800,4289.8800,4289.8800,186.9000,1,1,2026-08-24T00:00:00.000
3125,20260701,20260712,207,165,37,100,341,16,2,FMV003125,3125,4291.2500,4291.2500,4291.2500,187.6000,1,1,2026-08-24T00:00:00.000
3126,20260719,20260702,229,206,468,345,311,16,2,FMV003126,3126,4292.6200,4292.6200,4292.6200,188.3000,1,1,2026-08-24T00:00:00.000
3127,20260611,20260804,224,95,87,365,352,13,2,FMV003127,3127,4293.9900,4293.9900,4293.9900,189.0000,1,1,2026-08-24T00:00:00.000
3128,20260629,20260729,128,144,-1,-1,324,20,2,FMV003128,3128,4295.3600,4295.3600,4295.3600,189.7000,1,1,2026-08-24T00:00:00.000
3129,20260820,20260802,476,132,368,382,371,1,1,FMV003129,3129,4296.7300,4296.7300,4296.7300,190.4000,1,1,2026-08-24T00:00:00.000
3130,20260615,20260808,93,153,334,1,235,3,1,FMV003130,3130,4298.1000,4298.1000,4298.1000,191.1000,1,1,2026-08-24T00:00:00.000
3131,20260530,20260819,292,6,178,296,202,11,2,FMV003131,3131,4299.4700,4299.4700,4299.4700,191.8000,1,1,2026-08-24T00:00:00.000
3132,20260709,20260710,96,113,290,210,281,13,1,FMV003132,3132,4300.8400,4300.8400,4300.8400,192.5000,1,1,2026-08-24T00:00:00.000
3133,20260618,20260722,174,314,49,110,410,17,2,FMV003133,3133,4302.2100,4302.2100,4302.2100,193.2000,1,1,2026-08-24T00:00:00.000
3134,20260731,20260531,148,212,145,147,201,18,5,FMV003134,3134,4303.5800,4303.5800,4303.5800,193.9000,1,1,2026-08-24T00:00:00.000
3135,20260820,20260702,241,23,108,295,463,14,2,FMV003135,3135,4304.9500,4304.9500,4304.9500,194.6000,1,1,2026-08-24T00:00:00.000
3136,20260629,20260614,73,303,248,253,228,5,1,FMV003136,3136,4306.3200,4306.3200,4306.3200,195.3000,1,1,2026-08-24T00:00:00.000
3137,20260621,20260721,83,154,32,450,231,17,5,FMV003137,3137,4307.6900,4307.6900,4307.6900,196.0000,1,1,2026-08-24T00:00:00.000
3138,20260616,20260805,170,302,91,172,183,3,3,FMV003138,3138,4309.0600,4309.0600,4309.0600,196.7000,1,1,2026-08-24T00:00:00.000
3139,20260604,20260803,274,25,176,486,460,11,2,FMV003139,3139,4310.4300,4310.4300,4310.4300,197.4000,1,1,2026-08-24T00:00:00.000
3140,20260617,20260605,386,151,114,101,495,2,1,FMV003140,3140,4311.8000,4311.8000,4311.8000,198.1000,1,1,2026-08-24T00:00:00.000
3141,20260619,20260805,230,152,134,423,326,7,4,FMV003141,3141,4313.1700,4313.1700,4313.1700,198.8000,1,1,2026-08-24T00:00:00.000
3142,20260729,20260708,51,211,337,49,230,9,1,FMV003142,3142,4314.5400,4314.5400,4314.5400,199.5000,1,1,2026-08-24T00:00:00.000
3143,20260703,20260803,111,114,144,495,56,15,3,FMV003143,3143,4315.9100,4315.9100,4315.9100,200.2000,1,1,2026-08-24T00:00:00.000
3144,20260721,20260527,36,126,112,167,4,18,3,FMV003144,3144,4317.2800,4317.2800,4317.2800,200.9000,1,1,2026-08-24T00:00:00.000
3145,20260620,20260627,462,296,-1,-1,348,18,1,FMV003145,3145,4318.6500,4318.6500,4318.6500,201.6000,1,1,2026-08-24T00:00:00.000
3146,20260807,20260816,193,170,204,357,29,7,4,FMV003146,3146,4320.0200,4320.0200,4320.0200,202.3000,1,1,2026-08-24T00:00:00.000
3147,20260627,20260714,119,3,288,246,121,4,4,FMV003147,3147,4321.3900,4321.3900,4321.3900,203.0000,1,1,2026-08-24T00:00:00.000
3148,20260529,20260722,450,213,490,386,425,3,4,FMV003148,3148,4322.7600,4322.7600,4322.7600,203.7000,1,1,2026-08-24T00:00:00.000
3149,20260724,20260723,174,24,330,246,318,13,2,FMV003149,3149,4324.1300,4324.1300,4324.1300,204.4000,1,1,2026-08-24T00:00:00.000
3150,20260808,20260616,408,21,362,163,90,3,2,FMV003150,3150,4325.5000,4325.5000,4325.5000,205.1000,1,1,2026-08-24T00:00:00.000
3151,20260705,20260620,221,69,454,467,468,1,4,FMV003151,3151,4326.8700,4326.8700,4326.8700,205.8000,1,1,2026-08-24T00:00:00.000
3152,20260627,20260609,378,67,113,194,150,14,2,FMV003152,3152,4328.2400,4328.2400,4328.2400,206.5000,1,1,2026-08-24T00:00:00.000
3153,20260802,20260706,268,258,423,164,73,7,5,FMV003153,3153,4329.6100,4329.6100,4329.6100,207.2000,1,1,2026-08-24T00:00:00.000
3154,20260713,20260810,260,240,278,303,307,10,5,FMV003154,3154,4330.9800,4330.9800,4330.9800,207.9000,1,1,2026-08-24T00:00:00.000
3155,20260814,20260718,156,48,318,9,83,3,4,FMV003155,3155,4332.3500,4332.3500,4332.3500,208.6000,1,1,2026-08-24T00:00:00.000
3156,20260806,20260712,100,199,286,481,21,13,3,FMV003156,3156,4333.7200,4333.7200,4333.7200,209.3000,1,1,2026-08-24T00:00:00.000
3157,20260616,20260623,369,28,370,27,12,12,5,FMV003157,3157,4335.0900,4335.0900,4335.0900,210.0000,1,1,2026-08-24T00:00:00.000
3158,20260814,20260619,227,216,419,369,398,3,4,FMV003158,3158,4336.4600,4336.4600,4336.4600,210.7000,1,1,2026-08-24T00:00:00.000
3159,20260719,20260823,102,250,101,432,379,12,5,FMV003159,3159,4337.8300,4337.8300,4337.8300,211.4000,1,1,2026-08-24T00:00:00.000
3160,20260815,20260531,94,99,139,150,431,15,2,FMV003160,3160,4339.2000,4339.2000,4339.2000,212.1000,1,1,2026-08-24T00:00:00.000
3161,20260813,20260814,24,201,17,145,12,9,2,FMV003161,3161,4340.5700,4340.5700,4340.5700,212.8000,1,1,2026-08-24T00:00:00.000
3162,20260620,20260614,293,88,-1,-1,291,20,1,FMV003162,3162,4341.9400,4341.9400,4341.9400,213.5000,1,1,2026-08-24T00:00:00.000
3163,20260629,20260604,487,22,58,451,149,6,3,FMV003163,3163,4343.3100,4343.3100,4343.3100,214.2000,1,1,2026-08-24T00:00:00.000
3164,20260731,20260712,351,73,122,345,440,18,5,FMV003164,3164,4344.6800,4344.6800,4344.6800,214.9000,1,1,2026-08-24T00:00:00.000
3165,20260806,20260628,265,176,62,128,409,20,4,FMV003165,3165,4346.0500,4346.0500,4346.0500,215.6000,1,1,2026-08-24T00:00:00.000
3166,20260615,20260731,153,78,107,69,280,12,2,FMV003166,3166,4347.4200,4347.4200,4347.4200,216.3000,1,1,2026-08-24T00:00:00.000
3167,20260624,20260701,198,267,189,203,407,1,2,FMV003167,3167,4348.7900,4348.7900,4348.7900,217.0000,1,1,2026-08-24T00:00:00.000
3168,20260711,20260605,99,114,494,76,113,18,2,FMV003168,3168,4350.1600,4350.1600,4350.1600,217.7000,1,1,2026-08-24T00:00:00.000
3169,20260705,20260622,117,8,448,352,454,15,4,FMV003169,3169,4351.5300,4351.5300,4351.5300,218.4000,1,1,2026-08-24T00:00:00.000
3170,20260717,20260715,72,290,95,138,168,9,1,FMV003170,3170,4352.9000,4352.9000,4352.9000,219.1000,1,1,2026-08-24T00:00:00.000
3171,20260806,20260808,38,267,138,419,420,3,3,FMV003171,3171,4354.2700,4354.2700,4354.2700,219.8000,1,1,2026-08-24T00:00:00.000
3172,20260711,20260822,228,65,409,444,432,15,2,FMV003172,3172,4355.6400,4355.6400,4355.6400,220.5000,1,1,2026-08-24T00:00:00.000
3173,20260727,20260720,8,258,347,130,428,12,2,FMV003173,3173,4357.0100,4357.0100,4357.0100,221.2000,1,1,2026-08-24T00:00:00.000
3174,20260702,20260807,37,150,59,29,363,9,3,FMV003174,3174,4358.3800,4358.3800,4358.3800,221.9000,1,1,2026-08-24T00:00:00.000
3175,20260811,20260724,482,137,1,191,125,7,4,FMV003175,3175,4359.7500,4359.7500,4359.7500,222.6000,1,1,2026-08-24T00:00:00.000
3176,20260822,20260530,347,209,17,210,130,4,2,FMV003176,3176,4361.1200,4361.1200,4361.1200,223.3000,1,1,2026-08-24T00:00:00.000
3177,20260723,20260816,164,111,433,139,72,15,1,FMV003177,3177,4362.4900,4362.4900,4362.4900,224.0000,1,1,2026-08-24T00:00:00.000
3178,20260706,20260613,352,3,416,292,285,6,4,FMV003178,3178,4363.8600,4363.8600,4363.8600,224.7000,1,1,2026-08-24T00:00:00.000
3179,20260626,20260606,159,220,-1,-1,487,2,4,FMV003179,3179,4365.2300,4365.2300,4365.2300,225.4000,1,1,2026-08-24T00:00:00.000
3180,20260710,20260816,60,343,232,328,306,14,1,FMV003180,3180,4366.6000,4366.6000,4366.6000,226.1000,1,1,2026-08-24T00:00:00.000
3181,20260607,20260713,45,255,111,357,23,13,3,FMV003181,3181,4367.9700,4367.9700,4367.9700,226.8000,1,1,2026-08-24T00:00:00.000
3182,20260821,20260707,340,241,270,8,50,4,3,FMV003182,3182,4369.3400,4369.3400,4369.3400,227.5000,1,1,2026-08-24T00:00:00.000
3183,20260608,20260628,60,344,307,161,362,9,2,FMV003183,3183,4370.7100,4370.7100,4370.7100,228.2000,1,1,2026-08-24T00:00:00.000
3184,20260703,20260530,249,299,43,58,288,11,1,FMV003184,3184,4372.0800,4372.0800,4372.0800,228.9000,1,1,2026-08-24T00:00:00.000
3185,20260622,20260724,322,88,24,227,35,14,1,FMV003185,3185,4373.4500,4373.4500,4373.4500,229.6000,1,1,2026-08-24T00:00:00.000
3186,20260717,20260616,422,42,425,70,102,14,5,FMV003186,3186,4374.8200,4374.8200,4374.8200,230.3000,1,1,2026-08-24T00:00:00.000
3187,20260816,20260804,399,9,277,402,17,2,3,FMV003187,3187,4376.1900,4376.1900,4376.1900,231.0000,1,1,2026-08-24T00:00:00.000
3188,20260702,20260723,95,253,391,209,164,20,2,FMV003188,3188,4377.5600,4377.5600,4377.5600,231.7000,1,1,2026-08-24T00:00:00.000
3189,20260610,20260629,69,261,27,320,180,10,2,FMV003189,3189,4378.9300,4378.9300,4378.9300,232.4000,1,1,2026-08-24T00:00:00.000
3190,20260820,20260623,88,328,35,487,143,8,1,FMV003190,3190,4380.3000,4380.3000,4380.3000,233.1000,1,1,2026-08-24T00:00:00.000
3191,20260725,20260707,201,100,109,221,370,20,4,FMV003191,3191,4381.6700,4381.6700,4381.6700,233.8000,1,1,2026-08-24T00:00:00.000
3192,20260701,20260719,106,125,128,161,171,7,3,FMV003192,3192,4383.0400,4383.0400,4383.0400,234.5000,1,1,2026-08-24T00:00:00.000
3193,20260718,20260629,319,31,220,460,149,1,3,FMV003193,3193,4384.4100,4384.4100,4384.4100,235.2000,1,1,2026-08-24T00:00:00.000
3194,20260721,20260822,84,258,192,396,296,13,5,FMV003194,3194,4385.7800,4385.7800,4385.7800,235.9000,1,1,2026-08-24T00:00:00.000
3195,20260822,20260713,465,294,338,17,390,5,5,FMV003195,3195,4387.1500,4387.1500,4387.1500,236.6000,1,1,2026-08-24T00:00:00.000
3196,20260807,20260803,182,18,-1,-1,219,9,5,FMV003196,3196,4388.5200,4388.5200,4388.5200,237.3000,1,1,2026-08-24T00:00:00.000
3197,20260531,20260703,330,98,30,326,458,16,1,FMV003197,3197,4389.8900,4389.8900,4389.8900,238.0000,1,1,2026-08-24T00:00:00.000
3198,20260630,20260817,360,61,395,279,493,8,2,FMV003198,3198,4391.2600,4391.2600,4391.2600,238.7000,1,1,2026-08-24T00:00:00.000
3199,20260726,20260705,277,334,126,166,89,19,5,FMV003199,3199,4392.6300,4392.6300,4392.6300,239.4000,1,1,2026-08-24T00:00:00.000
3200,20260816,20260609,233,301,172,306,91,3,1,FMV003200,3200,4394.0000,4394.0000,4394.0000,240.1000,1,1,2026-08-24T00:00:00.000
3201,20260606,20260602,47,328,231,45,475,4,1,FMV003201,3201,4395.3700,4395.3700,4395.3700,240.8000,1,1,2026-08-24T00:00:00.000
3202,20260817,20260630,500,241,320,232,26,14,5,FMV003202,3202,4396.7400,4396.7400,4396.7400,241.5000,1,1,2026-08-24T00:00:00.000
3203,20260602,20260629,98,102,418,176,92,8,5,FMV003203,3203,4398.1100,4398.1100,4398.1100,242.2000,1,1,2026-08-24T00:00:00.000
3204,20260815,20260711,178,282,394,66,99,20,3,FMV003204,3204,4399.4800,4399.4800,4399.4800,242.9000,1,1,2026-08-24T00:00:00.000
3205,20260603,20260618,239,88,305,341,173,9,5,FMV003205,3205,4400.8500,4400.8500,4400.8500,243.6000,1,1,2026-08-24T00:00:00.000
3206,20260716,20260706,235,129,238,445,78,19,5,FMV003206,3206,4402.2200,4402.2200,4402.2200,244.3000,1,1,2026-08-24T00:00:00.000
3207,20260814,20260710,293,348,293,251,13,15,5,FMV003207,3207,4403.5900,4403.5900,4403.5900,245.0000,1,1,2026-08-24T00:00:00.000
3208,20260728,20260807,359,99,184,74,34,3,4,FMV003208,3208,4404.9600,4404.9600,4404.9600,245.7000,1,1,2026-08-24T00:00:00.000
3209,20260812,20260615,325,17,476,168,50,14,3,FMV003209,3209,4406.3300,4406.3300,4406.3300,246.4000,1,1,2026-08-24T00:00:00.000
3210,20260730,20260714,256,211,300,432,314,12,3,FMV003210,3210,4407.7000,4407.7000,4407.7000,247.1000,1,1,2026-08-24T00:00:00.000
3211,20260815,20260713,252,149,105,68,152,17,3,FMV003211,3211,4409.0700,4409.0700,4409.0700,247.8000,1,1,2026-08-24T00:00:00.000
3212,20260806,20260715,368,331,198,440,307,5,2,FMV003212,3212,4410.4400,4410.4400,4410.4400,248.5000,1,1,2026-08-24T00:00:00.000
3213,20260824,20260605,465,206,-1,-1,498,7,2,FMV003213,3213,4411.8100,4411.8100,4411.8100,249.2000,1,1,2026-08-24T00:00:00.000
3214,20260821,20260619,417,106,263,178,381,7,1,FMV003214,3214,4413.1800,4413.1800,4413.1800,249.9000,1,1,2026-08-24T00:00:00.000
3215,20260725,20260626,70,76,335,382,27,13,2,FMV003215,3215,4414.5500,4414.5500,4414.5500,250.6000,1,1,2026-08-24T00:00:00.000
3216,20260701,20260615,210,216,204,207,385,14,2,FMV003216,3216,4415.9200,4415.9200,4415.9200,251.3000,1,1,2026-08-24T00:00:00.000
3217,20260710,20260608,440,17,6,341,487,14,2,FMV003217,3217,4417.2900,4417.2900,4417.2900,252.0000,1,1,2026-08-24T00:00:00.000
3218,20260812,20260612,100,254,71,265,32,4,4,FMV003218,3218,4418.6600,4418.6600,4418.6600,252.7000,1,1,2026-08-24T00:00:00.000
3219,20260620,20260624,56,28,429,278,352,10,5,FMV003219,3219,4420.0300,4420.0300,4420.0300,253.4000,1,1,2026-08-24T00:00:00.000
3220,20260708,20260709,275,334,76,403,104,6,3,FMV003220,3220,4421.4000,4421.4000,4421.4000,254.1000,1,1,2026-08-24T00:00:00.000
3221,20260812,20260529,107,283,163,133,197,6,4,FMV003221,3221,4422.7700,4422.7700,4422.7700,254.8000,1,1,2026-08-24T00:00:00.000
3222,20260624,20260809,429,338,422,474,126,15,3,FMV003222,3222,4424.1400,4424.1400,4424.1400,255.5000,1,1,2026-08-24T00:00:00.000
3223,20260806,20260815,446,230,219,446,23,6,4,FMV003223,3223,4425.5100,4425.5100,4425.5100,256.2000,1,1,2026-08-24T00:00:00.000
3224,20260709,20260811,172,259,405,335,292,16,2,FMV003224,3224,4426.8800,4426.8800,4426.8800,256.9000,1,1,2026-08-24T00:00:00.000
3225,20260601,20260728,456,268,158,283,37,15,4,FMV003225,3225,4428.2500,4428.2500,4428.2500,257.6000,1,1,2026-08-24T00:00:00.000
3226,20260528,20260704,104,254,300,474,8,11,1,FMV003226,3226,4429.6200,4429.6200,4429.6200,258.3000,1,1,2026-08-24T00:00:00.000
3227,20260711,20260801,181,285,478,410,233,3,2,FMV003227,3227,4430.9900,4430.9900,4430.9900,259.0000,1,1,2026-08-24T00:00:00.000
3228,20260806,20260715,288,86,445,500,239,2,5,FMV003228,3228,4432.3600,4432.3600,4432.3600,259.7000,1,1,2026-08-24T00:00:00.000
3229,20260620,20260610,452,75,283,55,358,16,2,FMV003229,3229,4433.7300,4433.7300,4433.7300,260.4000,1,1,2026-08-24T00:00:00.000
3230,20260801,20260614,442,171,-1,-1,298,14,5,FMV003230,3230,4435.1000,4435.1000,4435.1000,261.1000,1,1,2026-08-24T00:00:00.000
3231,20260715,20260612,157,151,114,47,169,10,4,FMV003231,3231,4436.4700,4436.4700,4436.4700,261.8000,1,1,2026-08-24T00:00:00.000
3232,20260809,20260721,243,344,479,76,14,1,2,FMV003232,3232,4437.8400,4437.8400,4437.8400,262.5000,1,1,2026-08-24T00:00:00.000
3233,20260824,20260622,54,207,98,364,450,15,5,FMV003233,3233,4439.2100,4439.2100,4439.2100,263.2000,1,1,2026-08-24T00:00:00.000
3234,20260817,20260630,217,339,215,23,150,20,3,FMV003234,3234,4440.5800,4440.5800,4440.5800,263.9000,1,1,2026-08-24T00:00:00.000
3235,20260628,20260603,152,174,112,448,137,18,1,FMV003235,3235,4441.9500,4441.9500,4441.9500,264.6000,1,1,2026-08-24T00:00:00.000
3236,20260603,20260730,186,19,175,96,130,15,2,FMV003236,3236,4443.3200,4443.3200,4443.3200,265.3000,1,1,2026-08-24T00:00:00.000
3237,20260805,20260727,189,40,8,72,196,20,5,FMV003237,3237,4444.6900,4444.6900,4444.6900,266.0000,1,1,2026-08-24T00:00:00.000
3238,20260810,20260702,303,313,169,406,289,13,5,FMV003238,3238,4446.0600,4446.0600,4446.0600,266.7000,1,1,2026-08-24T00:00:00.000
3239,20260610,20260619,230,208,418,283,369,5,3,FMV003239,3239,4447.4300,4447.4300,4447.4300,267.4000,1,1,2026-08-24T00:00:00.000
3240,20260815,20260814,8,190,178,383,150,9,1,FMV003240,3240,4448.8000,4448.8000,4448.8000,268.1000,1,1,2026-08-24T00:00:00.000
3241,20260702,20260609,204,180,155,145,254,9,2,FMV003241,3241,4450.1700,4450.1700,4450.1700,268.8000,1,1,2026-08-24T00:00:00.000
3242,20260822,20260704,92,121,356,309,84,3,3,FMV003242,3242,4451.5400,4451.5400,4451.5400,269.5000,1,1,2026-08-24T00:00:00.000
3243,20260702,20260625,443,268,132,329,427,16,2,FMV003243,3243,4452.9100,4452.9100,4452.9100,270.2000,1,1,2026-08-24T00:00:00.000
3244,20260813,20260731,70,41,288,353,72,14,2,FMV003244,3244,4454.2800,4454.2800,4454.2800,270.9000,1,1,2026-08-24T00:00:00.000
3245,20260821,20260712,479,54,322,91,236,4,1,FMV003245,3245,4455.6500,4455.6500,4455.6500,271.6000,1,1,2026-08-24T00:00:00.000
3246,20260630,20260728,58,251,225,174,322,17,4,FMV003246,3246,4457.0200,4457.0200,4457.0200,272.3000,1,1,2026-08-24T00:00:00.000
3247,20260606,20260814,263,103,-1,-1,329,10,5,FMV003247,3247,4458.3900,4458.3900,4458.3900,273.0000,1,1,2026-08-24T00:00:00.000
3248,20260814,20260717,458,144,329,124,271,19,3,FMV003248,3248,4459.7600,4459.7600,4459.7600,273.7000,1,1,2026-08-24T00:00:00.000
3249,20260802,20260613,430,66,243,129,10,9,5,FMV003249,3249,4461.1300,4461.1300,4461.1300,274.4000,1,1,2026-08-24T00:00:00.000
3250,20260816,20260815,126,143,375,412,298,19,2,FMV003250,3250,4462.5000,4462.5000,4462.5000,275.1000,1,1,2026-08-24T00:00:00.000
3251,20260602,20260601,11,257,26,18,227,1,3,FMV003251,3251,4463.8700,4463.8700,4463.8700,275.8000,1,1,2026-08-24T00:00:00.000
3252,20260705,20260621,260,98,435,326,210,17,1,FMV003252,3252,4465.2400,4465.2400,4465.2400,276.5000,1,1,2026-08-24T00:00:00.000
3253,20260615,20260716,238,96,40,440,94,17,3,FMV003253,3253,4466.6100,4466.6100,4466.6100,277.2000,1,1,2026-08-24T00:00:00.000
3254,20260528,20260806,81,255,292,17,333,8,1,FMV003254,3254,4467.9800,4467.9800,4467.9800,277.9000,1,1,2026-08-24T00:00:00.000
3255,20260713,20260719,333,67,441,95,354,7,5,FMV003255,3255,4469.3500,4469.3500,4469.3500,278.6000,1,1,2026-08-24T00:00:00.000
3256,20260601,20260611,256,167,495,456,412,18,3,FMV003256,3256,4470.7200,4470.7200,4470.7200,279.3000,1,1,2026-08-24T00:00:00.000
3257,20260730,20260713,261,182,351,232,157,17,1,FMV003257,3257,4472.0900,4472.0900,4472.0900,280.0000,1,1,2026-08-24T00:00:00.000
3258,20260619,20260623,454,246,205,255,333,20,3,FMV003258,3258,4473.4600,4473.4600,4473.4600,280.7000,1,1,2026-08-24T00:00:00.000
3259,20260719,20260812,193,277,227,450,3,7,5,FMV003259,3259,4474.8300,4474.8300,4474.8300,281.4000,1,1,2026-08-24T00:00:00.000
3260,20260613,20260625,413,171,210,136,127,9,3,FMV003260,3260,4476.2000,4476.2000,4476.2000,282.1000,1,1,2026-08-24T00:00:00.000
3261,20260609,20260803,135,219,447,452,497,10,1,FMV003261,3261,4477.5700,4477.5700,4477.5700,282.8000,1,1,2026-08-24T00:00:00.000
3262,20260817,20260803,284,217,400,233,434,4,3,FMV003262,3262,4478.9400,4478.9400,4478.9400,283.5000,1,1,2026-08-24T00:00:00.000
3263,20260729,20260711,382,64,468,416,233,17,5,FMV003263,3263,4480.3100,4480.3100,4480.3100,284.2000,1,1,2026-08-24T00:00:00.000
3264,20260723,20260812,61,329,-1,-1,33,1,5,FMV003264,3264,4481.6800,4481.6800,4481.6800,284.9000,1,1,2026-08-24T00:00:00.000
3265,20260705,20260721,482,15,450,47,31,15,2,FMV003265,3265,4483.0500,4483.0500,4483.0500,285.6000,1,1,2026-08-24T00:00:00.000
3266,20260806,20260823,81,148,33,287,115,9,5,FMV003266,3266,4484.4200,4484.4200,4484.4200,286.3000,1,1,2026-08-24T00:00:00.000
3267,20260619,20260818,145,72,68,498,324,1,2,FMV003267,3267,4485.7900,4485.7900,4485.7900,287.0000,1,1,2026-08-24T00:00:00.000
3268,20260816,20260822,107,198,213,197,243,3,1,FMV003268,3268,4487.1600,4487.1600,4487.1600,287.7000,1,1,2026-08-24T00:00:00.000
3269,20260531,20260719,88,301,100,335,98,17,5,FMV003269,3269,4488.5300,4488.5300,4488.5300,288.4000,1,1,2026-08-24T00:00:00.000
3270,20260712,20260723,191,302,6,47,334,7,5,FMV003270,3270,4489.9000,4489.9000,4489.9000,289.1000,1,1,2026-08-24T00:00:00.000
3271,20260721,20260731,113,44,57,494,199,20,3,FMV003271,3271,4491.2700,4491.2700,4491.2700,289.8000,1,1,2026-08-24T00:00:00.000
3272,20260724,20260603,247,330,9,264,115,19,4,FMV003272,3272,4492.6400,4492.6400,4492.6400,290.5000,1,1,2026-08-24T00:00:00.000
3273,20260809,20260808,107,140,318,424,486,19,4,FMV003273,3273,4494.0100,4494.0100,4494.0100,291.2000,1,1,2026-08-24T00:00:00.000
3274,20260805,20260626,496,133,95,108,326,19,5,FMV003274,3274,4495.3800,4495.3800,4495.3800,291.9000,1,1,2026-08-24T00:00:00.000
3275,20260806,20260611,109,14,98,120,191,8,5,FMV003275,3275,4496.7500,4496.7500,4496.7500,292.6000,1,1,2026-08-24T00:00:00.000
3276,20260611,20260706,307,188,108,160,215,17,5,FMV003276,3276,4498.1200,4498.1200,4498.1200,293.3000,1,1,2026-08-24T00:00:00.000
3277,20260629,20260810,111,13,203,141,34,14,1,FMV003277,3277,4499.4900,4499.4900,4499.4900,294.0000,1,1,2026-08-24T00:00:00.000
3278,20260812,20260601,53,148,132,363,280,20,3,FMV003278,3278,4500.8600,4500.8600,4500.8600,294.7000,1,1,2026-08-24T00:00:00.000
3279,20260701,20260716,343,199,22,113,199,9,5,FMV003279,3279,4502.2300,4502.2300,4502.2300,295.4000,1,1,2026-08-24T00:00:00.000
3280,20260709,20260601,303,309,4,443,373,9,3,FMV003280,3280,4503.6000,4503.6000,4503.6000,296.1000,1,1,2026-08-24T00:00:00.000
3281,20260728,20260704,236,217,-1,-1,54,11,4,FMV003281,3281,4504.9700,4504.9700,4504.9700,296.8000,1,1,2026-08-24T00:00:00.000
3282,20260630,20260601,368,269,7,188,397,13,3,FMV003282,3282,4506.3400,4506.3400,4506.3400,297.5000,1,1,2026-08-24T00:00:00.000
3283,20260629,20260810,88,221,132,36,488,6,4,FMV003283,3283,4507.7100,4507.7100,4507.7100,298.2000,1,1,2026-08-24T00:00:00.000
3284,20260614,20260621,153,218,131,459,219,4,3,FMV003284,3284,4509.0800,4509.0800,4509.0800,298.9000,1,1,2026-08-24T00:00:00.000
3285,20260801,20260721,35,238,310,54,32,1,3,FMV003285,3285,4510.4500,4510.4500,4510.4500,299.6000,1,1,2026-08-24T00:00:00.000
3286,20260604,20260814,202,60,81,115,210,7,4,FMV003286,3286,4511.8200,4511.8200,4511.8200,300.3000,1,1,2026-08-24T00:00:00.000
3287,20260614,20260630,493,7,203,419,73,12,4,FMV003287,3287,4513.1900,4513.1900,4513.1900,301.0000,1,1,2026-08-24T00:00:00.000
3288,20260811,20260715,388,64,45,235,435,17,3,FMV003288,3288,4514.5600,4514.5600,4514.5600,301.7000,1,1,2026-08-24T00:00:00.000
3289,20260620,20260527,429,299,217,235,270,9,1,FMV003289,3289,4515.9300,4515.9300,4515.9300,302.4000,1,1,2026-08-24T00:00:00.000
3290,20260821,20260817,302,133,288,206,471,5,2,FMV003290,3290,4517.3000,4517.3000,4517.3000,303.1000,1,1,2026-08-24T00:00:00.000
3291,20260612,20260810,181,35,223,207,413,19,4,FMV003291,3291,4518.6700,4518.6700,4518.6700,303.8000,1,1,2026-08-24T00:00:00.000
3292,20260823,20260607,486,20,189,316,156,13,3,FMV003292,3292,4520.0400,4520.0400,4520.0400,304.5000,1,1,2026-08-24T00:00:00.000
3293,20260628,20260719,339,119,453,249,388,12,5,FMV003293,3293,4521.4100,4521.4100,4521.4100,305.2000,1,1,2026-08-24T00:00:00.000
3294,20260716,20260817,319,272,326,55,182,3,3,FMV003294,3294,4522.7800,4522.7800,4522.7800,305.9000,1,1,2026-08-24T00:00:00.000
3295,20260720,20260707,385,67,256,192,178,9,1,FMV003295,3295,4524.1500,4524.1500,4524.1500,306.6000,1,1,2026-08-24T00:00:00.000
3296,20260729,20260824,155,112,261,441,305,6,3,FMV003296,3296,4525.5200,4525.5200,4525.5200,307.3000,1,1,2026-08-24T00:00:00.000
3297,20260731,20260707,12,166,97,242,125,14,1,FMV003297,3297,4526.8900,4526.8900,4526.8900,308.0000,1,1,2026-08-24T00:00:00.000
3298,20260621,20260626,439,222,-1,-1,157,3,5,FMV003298,3298,4528.2600,4528.2600,4528.2600,308.7000,1,1,2026-08-24T00:00:00.000
3299,20260820,20260802,145,74,444,425,487,12,2,FMV003299,3299,4529.6300,4529.6300,4529.6300,309.4000,1,1,2026-08-24T00:00:00.000
3300,20260710,20260608,393,191,151,321,349,1,3,FMV003300,3300,4531.0000,4531.0000,4531.0000,310.1000,1,1,2026-08-24T00:00:00.000
3301,20260715,20260715,199,191,239,478,238,14,5,FMV003301,3301,4532.3700,4532.3700,4532.3700,310.8000,1,1,2026-08-24T00:00:00.000
3302,20260823,20260820,88,247,480,417,60,6,3,FMV003302,3302,4533.7400,4533.7400,4533.7400,311.5000,1,1,2026-08-24T00:00:00.000
3303,20260716,20260726,408,118,14,140,113,12,1,FMV003303,3303,4535.1100,4535.1100,4535.1100,312.2000,1,1,2026-08-24T00:00:00.000
3304,20260815,20260804,371,57,198,118,466,6,4,FMV003304,3304,4536.4800,4536.4800,4536.4800,312.9000,1,1,2026-08-24T00:00:00.000
3305,20260809,20260609,158,259,34,50,46,7,1,FMV003305,3305,4537.8500,4537.8500,4537.8500,313.6000,1,1,2026-08-24T00:00:00.000
3306,20260714,20260801,26,219,339,311,113,16,2,FMV003306,3306,4539.2200,4539.2200,4539.2200,314.3000,1,1,2026-08-24T00:00:00.000
3307,20260720,20260729,254,164,59,58,19,20,3,FMV003307,3307,4540.5900,4540.5900,4540.5900,315.0000,1,1,2026-08-24T00:00:00.000
3308,20260603,20260609,14,104,313,410,317,14,2,FMV003308,3308,4541.9600,4541.9600,4541.9600,315.7000,1,1,2026-08-24T00:00:00.000
3309,20260528,20260621,67,23,75,74,5,14,5,FMV003309,3309,4543.3300,4543.3300,4543.3300,316.4000,1,1,2026-08-24T00:00:00.000
3310,20260806,20260731,260,46,160,250,405,1,5,FMV003310,3310,4544.7000,4544.7000,4544.7000,317.1000,1,1,2026-08-24T00:00:00.000
3311,20260625,20260822,291,66,152,485,140,1,2,FMV003311,3311,4546.0700,4546.0700,4546.0700,317.8000,1,1,2026-08-24T00:00:00.000
3312,20260601,20260804,439,179,129,386,140,1,3,FMV003312,3312,4547.4400,4547.4400,4547.4400,318.5000,1,1,2026-08-24T00:00:00.000
3313,20260614,20260704,314,12,216,115,184,16,4,FMV003313,3313,4548.8100,4548.8100,4548.8100,319.2000,1,1,2026-08-24T00:00:00.000
3314,20260802,20260803,134,266,144,433,314,9,1,FMV003314,3314,4550.1800,4550.1800,4550.1800,319.9000,1,1,2026-08-24T00:00:00.000
3315,20260817,20260527,163,231,-1,-1,134,6,3,FMV003315,3315,4551.5500,4551.5500,4551.5500,320.6000,1,1,2026-08-24T00:00:00.000
3316,20260615,20260619,226,117,304,6,365,14,2,FMV003316,3316,4552.9200,4552.9200,4552.9200,321.3000,1,1,2026-08-24T00:00:00.000
3317,20260629,20260624,67,7,147,314,440,1,4,FMV003317,3317,4554.2900,4554.2900,4554.2900,322.0000,1,1,2026-08-24T00:00:00.000
3318,20260617,20260805,417,281,40,283,264,6,4,FMV003318,3318,4555.6600,4555.6600,4555.6600,322.7000,1,1,2026-08-24T00:00:00.000
3319,20260823,20260613,6,292,122,278,46,14,1,FMV003319,3319,4557.0300,4557.0300,4557.0300,323.4000,1,1,2026-08-24T00:00:00.000
3320,20260619,20260815,275,149,315,365,170,20,3,FMV003320,3320,4558.4000,4558.4000,4558.4000,324.1000,1,1,2026-08-24T00:00:00.000
3321,20260610,20260714,268,222,69,21,428,7,5,FMV003321,3321,4559.7700,4559.7700,4559.7700,324.8000,1,1,2026-08-24T00:00:00.000
3322,20260604,20260707,55,26,241,253,229,1,1,FMV003322,3322,4561.1400,4561.1400,4561.1400,325.5000,1,1,2026-08-24T00:00:00.000
3323,20260528,20260607,366,229,261,387,306,10,3,FMV003323,3323,4562.5100,4562.5100,4562.5100,326.2000,1,1,2026-08-24T00:00:00.000
3324,20260625,20260609,469,9,13,324,364,17,4,FMV003324,3324,4563.8800,4563.8800,4563.8800,326.9000,1,1,2026-08-24T00:00:00.000
3325,20260706,20260816,484,184,267,296,368,8,1,FMV003325,3325,4565.2500,4565.2500,4565.2500,327.6000,1,1,2026-08-24T00:00:00.000
3326,20260715,20260531,3,194,209,210,243,10,5,FMV003326,3326,4566.6200,4566.6200,4566.6200,328.3000,1,1,2026-08-24T00:00:00.000
3327,20260612,20260820,132,221,408,120,137,12,1,FMV003327,3327,4567.9900,4567.9900,4567.9900,329.0000,1,1,2026-08-24T00:00:00.000
3328,20260813,20260815,242,262,224,41,139,4,1,FMV003328,3328,4569.3600,4569.3600,4569.3600,329.7000,1,1,2026-08-24T00:00:00.000
3329,20260611,20260623,461,287,400,494,82,19,1,FMV003329,3329,4570.7300,4570.7300,4570.7300,330.4000,1,1,2026-08-24T00:00:00.000
3330,20260529,20260609,306,54,404,411,422,13,1,FMV003330,3330,4572.1000,4572.1000,4572.1000,331.1000,1,1,2026-08-24T00:00:00.000
3331,20260619,20260528,340,68,52,275,344,12,2,FMV003331,3331,4573.4700,4573.4700,4573.4700,331.8000,1,1,2026-08-24T00:00:00.000
3332,20260611,20260713,282,52,-1,-1,81,2,5,FMV003332,3332,4574.8400,4574.8400,4574.8400,332.5000,1,1,2026-08-24T00:00:00.000
3333,20260816,20260605,56,30,490,390,372,18,1,FMV003333,3333,4576.2100,4576.2100,4576.2100,333.2000,1,1,2026-08-24T00:00:00.000
3334,20260819,20260623,103,244,399,438,277,7,2,FMV003334,3334,4577.5800,4577.5800,4577.5800,333.9000,1,1,2026-08-24T00:00:00.000
3335,20260817,20260606,287,176,181,480,330,10,5,FMV003335,3335,4578.9500,4578.9500,4578.9500,334.6000,1,1,2026-08-24T00:00:00.000
3336,20260607,20260809,188,47,247,199,442,16,2,FMV003336,3336,4580.3200,4580.3200,4580.3200,335.3000,1,1,2026-08-24T00:00:00.000
3337,20260601,20260604,398,152,246,307,205,13,3,FMV003337,3337,4581.6900,4581.6900,4581.6900,336.0000,1,1,2026-08-24T00:00:00.000
3338,20260814,20260708,117,130,133,275,271,8,4,FMV003338,3338,4583.0600,4583.0600,4583.0600,336.7000,1,1,2026-08-24T00:00:00.000
3339,20260808,20260819,90,227,398,102,31,7,1,FMV003339,3339,4584.4300,4584.4300,4584.4300,337.4000,1,1,2026-08-24T00:00:00.000
3340,20260607,20260722,381,230,164,253,234,3,2,FMV003340,3340,4585.8000,4585.8000,4585.8000,338.1000,1,1,2026-08-24T00:00:00.000
3341,20260616,20260603,266,10,182,472,105,7,1,FMV003341,3341,4587.1700,4587.1700,4587.1700,338.8000,1,1,2026-08-24T00:00:00.000
3342,20260822,20260729,13,238,58,368,493,11,5,FMV003342,3342,4588.5400,4588.5400,4588.5400,339.5000,1,1,2026-08-24T00:00:00.000
3343,20260726,20260717,296,337,16,85,53,18,5,FMV003343,3343,4589.9100,4589.9100,4589.9100,340.2000,1,1,2026-08-24T00:00:00.000
3344,20260810,20260622,101,192,185,474,235,11,3,FMV003344,3344,4591.2800,4591.2800,4591.2800,340.9000,1,1,2026-08-24T00:00:00.000
3345,20260707,20260812,443,178,428,85,333,7,5,FMV003345,3345,4592.6500,4592.6500,4592.6500,341.6000,1,1,2026-08-24T00:00:00.000
3346,20260807,20260703,340,184,243,142,353,5,1,FMV003346,3346,4594.0200,4594.0200,4594.0200,342.3000,1,1,2026-08-24T00:00:00.000
3347,20260611,20260730,41,75,206,123,391,19,3,FMV003347,3347,4595.3900,4595.3900,4595.3900,343.0000,1,1,2026-08-24T00:00:00.000
3348,20260816,20260711,474,162,85,161,126,14,2,FMV003348,3348,4596.7600,4596.7600,4596.7600,343.7000,1,1,2026-08-24T00:00:00.000
3349,20260708,20260622,240,264,-1,-1,272,9,4,FMV003349,3349,4598.1300,4598.1300,4598.1300,344.4000,1,1,2026-08-24T00:00:00.000
3350,20260727,20260627,271,129,428,280,486,16,1,FMV003350,3350,4599.5000,4599.5000,4599.5000,345.1000,1,1,2026-08-24T00:00:00.000
3351,20260602,20260806,211,290,350,284,453,15,3,FMV003351,3351,4600.8700,4600.8700,4600.8700,345.8000,1,1,2026-08-24T00:00:00.000
3352,20260807,20260728,10,120,12,279,158,19,4,FMV003352,3352,4602.2400,4602.2400,4602.2400,346.5000,1,1,2026-08-24T00:00:00.000
3353,20260729,20260808,131,195,386,126,479,10,2,FMV003353,3353,4603.6100,4603.6100,4603.6100,347.2000,1,1,2026-08-24T00:00:00.000
3354,20260718,20260608,247,311,214,119,401,5,1,FMV003354,3354,4604.9800,4604.9800,4604.9800,347.9000,1,1,2026-08-24T00:00:00.000
3355,20260602,20260721,41,272,361,215,116,5,2,FMV003355,3355,4606.3500,4606.3500,4606.3500,348.6000,1,1,2026-08-24T00:00:00.000
3356,20260626,20260812,395,102,12,298,340,3,4,FMV003356,3356,4607.7200,4607.7200,4607.7200,349.3000,1,1,2026-08-24T00:00:00.000
3357,20260710,20260816,490,145,485,335,339,8,1,FMV003357,3357,4609.0900,4609.0900,4609.0900,350.0000,1,1,2026-08-24T00:00:00.000
3358,20260617,20260804,184,96,485,360,213,4,1,FMV003358,3358,4610.4600,4610.4600,4610.4600,350.7000,1,1,2026-08-24T00:00:00.000
3359,20260622,20260603,320,256,490,334,57,15,4,FMV003359,3359,4611.8300,4611.8300,4611.8300,351.4000,1,1,2026-08-24T00:00:00.000
3360,20260723,20260612,388,121,458,434,303,20,3,FMV003360,3360,4613.2000,4613.2000,4613.2000,352.1000,1,1,2026-08-24T00:00:00.000
3361,20260711,20260802,450,82,33,367,402,7,1,FMV003361,3361,4614.5700,4614.5700,4614.5700,352.8000,1,1,2026-08-24T00:00:00.000
3362,20260615,20260528,434,176,218,437,404,20,3,FMV003362,3362,4615.9400,4615.9400,4615.9400,353.5000,1,1,2026-08-24T00:00:00.000
3363,20260819,20260704,396,89,433,325,350,11,4,FMV003363,3363,4617.3100,4617.3100,4617.3100,354.2000,1,1,2026-08-24T00:00:00.000
3364,20260704,20260604,68,252,478,259,433,16,3,FMV003364,3364,4618.6800,4618.6800,4618.6800,354.9000,1,1,2026-08-24T00:00:00.000
