FinanceProductCostSnapshotKey,SnapshotDateKey,EffectiveDateKey,ProductKey,PlantKey,FinanceProductCostVersionKey,FinanceCostComponentDetailKey,FinanceCostElementDetailKey,FinanceCostingMethodKey,CurrencyKey,StandardCostAmount,ActualCostAmount,CostVarianceAmount,CostQuantity,SourceSystemKey,BatchId,LoadedAtUtc
1,20260609,20260807,276,292,189,16,12,6,2,11.3700,11.3700,11.3700,11.3700,1,1,2026-08-24T00:00:00.000
2,20260723,20260726,440,209,104,490,76,4,1,12.7400,12.7400,12.7400,12.7400,1,1,2026-08-24T00:00:00.000
3,20260721,20260617,463,51,332,62,321,6,1,14.1100,14.1100,14.1100,14.1100,1,1,2026-08-24T00:00:00.000
4,20260713,20260625,229,344,15,25,293,2,5,15.4800,15.4800,15.4800,15.4800,1,1,2026-08-24T00:00:00.000
5,20260722,20260529,189,18,481,451,144,7,1,16.8500,16.8500,16.8500,16.8500,1,1,2026-08-24T00:00:00.000
6,20260824,20260608,205,89,136,165,422,5,5,18.2200,18.2200,18.2200,18.2200,1,1,2026-08-24T00:00:00.000
7,20260802,20260604,497,240,427,136,395,7,1,19.5900,19.5900,19.5900,19.5900,1,1,2026-08-24T00:00:00.000
8,20260701,20260617,204,2,253,348,453,4,1,20.9600,20.9600,20.9600,20.9600,1,1,2026-08-24T00:00:00.000
9,20260701,20260623,360,312,247,213,226,2,1,22.3300,22.3300,22.3300,22.3300,1,1,2026-08-24T00:00:00.000
10,20260728,20260708,354,343,160,85,275,6,5,23.7000,23.7000,23.7000,23.7000,1,1,2026-08-24T00:00:00.000
11,20260609,20260614,216,130,100,478,21,7,4,25.0700,25.0700,25.0700,25.0700,1,1,2026-08-24T00:00:00.000
12,20260703,20260819,468,18,209,10,435,6,5,26.4400,26.4400,26.4400,26.4400,1,1,2026-08-24T00:00:00.000
13,20260723,20260722,369,304,135,20,462,1,3,27.8100,27.8100,27.8100,27.8100,1,1,2026-08-24T00:00:00.000
14,20260716,20260815,52,133,61,353,283,6,4,29.1800,29.1800,29.1800,29.1800,1,1,2026-08-24T00:00:00.000
15,20260618,20260814,99,29,242,16,63,6,1,30.5500,30.5500,30.5500,30.5500,1,1,2026-08-24T00:00:00.000
16,20260624,20260713,105,13,238,81,94,7,2,31.9200,31.9200,31.9200,31.9200,1,1,2026-08-24T00:00:00.000
17,20260715,20260808,330,198,349,193,261,1,4,33.2900,33.2900,33.2900,33.2900,1,1,2026-08-24T00:00:00.000
18,20260731,20260620,439,8,358,328,341,8,1,34.6600,34.6600,34.6600,34.6600,1,1,2026-08-24T00:00:00.000
19,20260725,20260623,452,107,382,333,187,6,3,36.0300,36.0300,36.0300,36.0300,1,1,2026-08-24T00:00:00.000
20,20260802,20260727,352,40,268,405,8,3,3,37.4000,37.4000,37.4000,37.4000,1,1,2026-08-24T00:00:00.000
21,20260710,20260811,242,143,11,122,445,2,3,38.7700,38.7700,38.7700,38.7700,1,1,2026-08-24T00:00:00.000
22,20260818,20260622,429,49,388,416,435,1,2,40.1400,40.1400,40.1400,40.1400,1,1,2026-08-24T00:00:00.000
23,20260817,20260627,184,236,454,36,244,3,3,41.5100,41.5100,41.5100,41.5100,1,1,2026-08-24T00:00:00.000
24,20260604,20260624,123,280,227,355,422,3,5,42.8800,42.8800,42.8800,42.8800,1,1,2026-08-24T00:00:00.000
25,20260719,20260816,387,165,292,118,156,3,4,44.2500,44.2500,44.2500,44.2500,1,1,2026-08-24T00:00:00.000
26,20260530,20260601,80,328,483,199,31,4,4,45.6200,45.6200,45.6200,45.6200,1,1,2026-08-24T00:00:00.000
27,20260618,20260608,456,174,118,313,278,4,5,46.9900,46.9900,46.9900,46.9900,1,1,2026-08-24T00:00:00.000
28,20260528,20260817,193,251,280,55,237,1,2,48.3600,48.3600,48.3600,48.3600,1,1,2026-08-24T00:00:00.000
29,20260707,20260729,330,128,81,351,414,8,3,49.7300,49.7300,49.7300,49.7300,1,1,2026-08-24T00:00:00.000
30,20260722,20260703,437,244,143,311,90,7,4,51.1000,51.1000,51.1000,51.1000,1,1,2026-08-24T00:00:00.000
31,20260714,20260607,478,301,71,402,27,7,4,52.4700,52.4700,52.4700,52.4700,1,1,2026-08-24T00:00:00.000
32,20260606,20260610,471,204,469,480,148,6,5,53.8400,53.8400,53.8400,53.8400,1,1,2026-08-24T00:00:00.000
33,20260601,20260821,331,43,416,451,345,7,4,55.2100,55.2100,55.2100,55.2100,1,1,2026-08-24T00:00:00.000
34,20260808,20260614,102,83,233,197,292,2,3,56.5800,56.5800,56.5800,56.5800,1,1,2026-08-24T00:00:00.000
35,20260615,20260819,246,219,122,454,216,8,5,57.9500,57.9500,57.9500,57.9500,1,1,2026-08-24T00:00:00.000
36,20260620,20260623,414,84,68,248,295,6,4,59.3200,59.3200,59.3200,59.3200,1,1,2026-08-24T00:00:00.000
37,20260805,20260809,131,201,475,447,42,2,3,60.6900,60.6900,60.6900,60.6900,1,1,2026-08-24T00:00:00.000
38,20260623,20260804,267,200,71,491,127,6,1,62.0600,62.0600,62.0600,62.0600,1,1,2026-08-24T00:00:00.000
39,20260822,20260630,323,173,38,335,347,4,4,63.4300,63.4300,63.4300,63.4300,1,1,2026-08-24T00:00:00.000
40,20260805,20260721,172,168,338,440,391,2,2,64.8000,64.8000,64.8000,64.8000,1,1,2026-08-24T00:00:00.000
41,20260726,20260615,451,82,308,228,68,8,2,66.1700,66.1700,66.1700,66.1700,1,1,2026-08-24T00:00:00.000
42,20260530,20260626,232,187,64,481,279,1,5,67.5400,67.5400,67.5400,67.5400,1,1,2026-08-24T00:00:00.000
43,20260627,20260617,287,339,34,349,96,5,3,68.9100,68.9100,68.9100,68.9100,1,1,2026-08-24T00:00:00.000
44,20260712,20260823,495,102,66,420,233,1,4,70.2800,70.2800,70.2800,70.2800,1,1,2026-08-24T00:00:00.000
45,20260705,20260823,176,267,27,294,397,1,5,71.6500,71.6500,71.6500,71.6500,1,1,2026-08-24T00:00:00.000
46,20260625,20260609,38,257,233,277,205,2,5,73.0200,73.0200,73.0200,73.0200,1,1,2026-08-24T00:00:00.000
47,20260603,20260710,439,126,485,291,224,3,4,74.3900,74.3900,74.3900,74.3900,1,1,2026-08-24T00:00:00.000
48,20260714,20260714,340,44,10,432,115,8,5,75.7600,75.7600,75.7600,75.7600,1,1,2026-08-24T00:00:00.000
49,20260726,20260816,231,110,115,254,244,7,4,77.1300,77.1300,77.1300,77.1300,1,1,2026-08-24T00:00:00.000
50,20260628,20260816,9,253,140,269,162,1,1,78.5000,78.5000,78.5000,78.5000,1,1,2026-08-24T00:00:00.000
51,20260702,20260701,107,211,47,161,24,4,3,79.8700,79.8700,79.8700,79.8700,1,1,2026-08-24T00:00:00.000
52,20260726,20260811,33,113,3,403,336,2,2,81.2400,81.2400,81.2400,81.2400,1,1,2026-08-24T00:00:00.000
53,20260705,20260529,173,286,367,230,61,5,2,82.6100,82.6100,82.6100,82.6100,1,1,2026-08-24T00:00:00.000
54,20260527,20260612,123,106,96,441,378,6,4,83.9800,83.9800,83.9800,83.9800,1,1,2026-08-24T00:00:00.000
55,20260816,20260607,68,182,169,368,1,8,1,85.3500,85.3500,85.3500,85.3500,1,1,2026-08-24T00:00:00.000
56,20260717,20260702,239,128,86,255,152,1,5,86.7200,86.7200,86.7200,86.7200,1,1,2026-08-24T00:00:00.000
57,20260719,20260601,408,61,153,345,403,4,2,88.0900,88.0900,88.0900,88.0900,1,1,2026-08-24T00:00:00.000
58,20260703,20260723,287,96,161,62,133,8,4,89.4600,89.4600,89.4600,89.4600,1,1,2026-08-24T00:00:00.000
59,20260628,20260811,442,213,159,407,222,7,4,90.8300,90.8300,90.8300,90.8300,1,1,2026-08-24T00:00:00.000
60,20260607,20260527,492,37,45,172,41,4,5,92.2000,92.2000,92.2000,92.2000,1,1,2026-08-24T00:00:00.000
61,20260626,20260807,142,293,112,32,51,8,4,93.5700,93.5700,93.5700,93.5700,1,1,2026-08-24T00:00:00.000
62,20260723,20260706,197,333,241,284,195,8,1,94.9400,94.9400,94.9400,94.9400,1,1,2026-08-24T00:00:00.000
63,20260808,20260819,295,26,279,229,305,7,1,96.3100,96.3100,96.3100,96.3100,1,1,2026-08-24T00:00:00.000
64,20260812,20260722,178,294,362,72,486,5,1,97.6800,97.6800,97.6800,97.6800,1,1,2026-08-24T00:00:00.000
65,20260820,20260607,407,110,10,38,228,4,4,99.0500,99.0500,99.0500,99.0500,1,1,2026-08-24T00:00:00.000
66,20260811,20260815,456,78,440,475,334,4,1,100.4200,100.4200,100.4200,100.4200,1,1,2026-08-24T00:00:00.000
67,20260623,20260801,250,63,138,176,458,7,4,101.7900,101.7900,101.7900,101.7900,1,1,2026-08-24T00:00:00.000
68,20260624,20260728,54,168,396,20,120,5,3,103.1600,103.1600,103.1600,103.1600,1,1,2026-08-24T00:00:00.000
69,20260721,20260628,98,169,424,173,355,3,2,104.5300,104.5300,104.5300,104.5300,1,1,2026-08-24T00:00:00.000
70,20260529,20260815,135,47,144,132,323,3,2,105.9000,105.9000,105.9000,105.9000,1,1,2026-08-24T00:00:00.000
71,20260622,20260720,312,293,223,272,318,7,4,107.2700,107.2700,107.2700,107.2700,1,1,2026-08-24T00:00:00.000
72,20260621,20260809,113,136,124,493,355,1,4,108.6400,108.6400,108.6400,108.6400,1,1,2026-08-24T00:00:00.000
73,20260621,20260613,363,94,485,376,59,3,3,110.0100,110.0100,110.0100,110.0100,1,1,2026-08-24T00:00:00.000
74,20260612,20260809,331,211,203,318,294,1,3,111.3800,111.3800,111.3800,111.3800,1,1,2026-08-24T00:00:00.000
75,20260713,20260614,271,206,141,386,214,7,3,112.7500,112.7500,112.7500,112.7500,1,1,2026-08-24T00:00:00.000
76,20260625,20260724,297,265,337,363,177,7,5,114.1200,114.1200,114.1200,114.1200,1,1,2026-08-24T00:00:00.000
77,20260802,20260612,294,149,445,21,327,2,4,115.4900,115.4900,115.4900,115.4900,1,1,2026-08-24T00:00:00.000
78,20260806,20260612,155,107,240,390,122,7,2,116.8600,116.8600,116.8600,116.8600,1,1,2026-08-24T00:00:00.000
79,20260607,20260823,60,332,376,488,416,7,2,118.2300,118.2300,118.2300,118.2300,1,1,2026-08-24T00:00:00.000
80,20260813,20260607,318,140,393,375,239,7,5,119.6000,119.6000,119.6000,119.6000,1,1,2026-08-24T00:00:00.000
81,20260821,20260802,65,350,18,181,468,2,5,120.9700,120.9700,120.9700,120.9700,1,1,2026-08-24T00:00:00.000
82,20260531,20260808,220,143,48,370,346,7,4,122.3400,122.3400,122.3400,122.3400,1,1,2026-08-24T00:00:00.000
83,20260710,20260603,281,210,134,441,109,2,3,123.7100,123.7100,123.7100,123.7100,1,1,2026-08-24T00:00:00.000
84,20260821,20260611,202,250,21,317,284,5,2,125.0800,125.0800,125.0800,125.0800,1,1,2026-08-24T00:00:00.000
85,20260818,20260801,449,283,382,352,478,4,5,126.4500,126.4500,126.4500,126.4500,1,1,2026-08-24T00:00:00.000
86,20260719,20260726,69,80,333,191,391,6,2,127.8200,127.8200,127.8200,127.8200,1,1,2026-08-24T00:00:00.000
87,20260716,20260719,227,82,412,69,370,1,3,129.1900,129.1900,129.1900,129.1900,1,1,2026-08-24T00:00:00.000
88,20260622,20260821,21,334,301,228,359,5,3,130.5600,130.5600,130.5600,130.5600,1,1,2026-08-24T00:00:00.000
89,20260621,20260624,303,218,469,305,136,6,1,131.9300,131.9300,131.9300,131.9300,1,1,2026-08-24T00:00:00.000
90,20260809,20260707,86,331,264,346,64,6,5,133.3000,133.3000,133.3000,133.3000,1,1,2026-08-24T00:00:00.000
91,20260731,20260720,384,326,108,330,202,1,5,134.6700,134.6700,134.6700,134.6700,1,1,2026-08-24T00:00:00.000
92,20260605,20260719,16,11,489,475,474,7,1,136.0400,136.0400,136.0400,136.0400,1,1,2026-08-24T00:00:00.000
93,20260808,20260620,244,49,410,41,495,5,3,137.4100,137.4100,137.4100,137.4100,1,1,2026-08-24T00:00:00.000
94,20260722,20260807,380,165,36,109,261,1,4,138.7800,138.7800,138.7800,138.7800,1,1,2026-08-24T00:00:00.000
95,20260815,20260610,187,206,495,47,309,5,5,140.1500,140.1500,140.1500,140.1500,1,1,2026-08-24T00:00:00.000
96,20260714,20260715,473,298,194,288,70,7,1,141.5200,141.5200,141.5200,141.5200,1,1,2026-08-24T00:00:00.000
97,20260621,20260615,308,202,154,393,188,1,1,142.8900,142.8900,142.8900,142.8900,1,1,2026-08-24T00:00:00.000
98,20260726,20260706,321,223,200,216,386,5,1,144.2600,144.2600,144.2600,144.2600,1,1,2026-08-24T00:00:00.000
99,20260804,20260627,465,168,368,55,59,7,3,145.6300,145.6300,145.6300,145.6300,1,1,2026-08-24T00:00:00.000
100,20260718,20260608,144,161,366,296,98,1,4,147.0000,147.0000,147.0000,147.0000,1,1,2026-08-24T00:00:00.000
101,20260725,20260712,500,15,123,236,246,6,5,148.3700,148.3700,148.3700,148.3700,1,1,2026-08-24T00:00:00.000
102,20260706,20260719,332,145,190,46,401,7,2,149.7400,149.7400,149.7400,149.7400,1,1,2026-08-24T00:00:00.000
103,20260619,20260702,51,55,85,190,362,6,2,151.1100,151.1100,151.1100,151.1100,1,1,2026-08-24T00:00:00.000
104,20260708,20260807,41,236,288,391,33,5,2,152.4800,152.4800,152.4800,152.4800,1,1,2026-08-24T00:00:00.000
105,20260619,20260609,64,309,228,97,240,7,3,153.8500,153.8500,153.8500,153.8500,1,1,2026-08-24T00:00:00.000
106,20260717,20260722,110,117,131,196,67,5,2,155.2200,155.2200,155.2200,155.2200,1,1,2026-08-24T00:00:00.000
107,20260620,20260726,230,212,100,153,337,5,2,156.5900,156.5900,156.5900,156.5900,1,1,2026-08-24T00:00:00.000
108,20260808,20260625,295,229,376,154,494,8,2,157.9600,157.9600,157.9600,157.9600,1,1,2026-08-24T00:00:00.000
109,20260817,20260817,198,307,155,390,350,8,1,159.3300,159.3300,159.3300,159.3300,1,1,2026-08-24T00:00:00.000
110,20260722,20260720,407,17,362,202,497,2,4,160.7000,160.7000,160.7000,160.7000,1,1,2026-08-24T00:00:00.000
111,20260617,20260718,457,230,429,119,216,6,2,162.0700,162.0700,162.0700,162.0700,1,1,2026-08-24T00:00:00.000
112,20260711,20260811,71,126,240,262,215,4,4,163.4400,163.4400,163.4400,163.4400,1,1,2026-08-24T00:00:00.000
113,20260816,20260721,139,154,175,241,320,1,1,164.8100,164.8100,164.8100,164.8100,1,1,2026-08-24T00:00:00.000
114,20260814,20260813,284,5,324,111,87,1,1,166.1800,166.1800,166.1800,166.1800,1,1,2026-08-24T00:00:00.000
115,20260807,20260819,275,285,168,236,374,2,4,167.5500,167.5500,167.5500,167.5500,1,1,2026-08-24T00:00:00.000
116,20260716,20260713,392,235,488,253,457,8,3,168.9200,168.9200,168.9200,168.9200,1,1,2026-08-24T00:00:00.000
117,20260808,20260619,308,341,103,127,25,2,1,170.2900,170.2900,170.2900,170.2900,1,1,2026-08-24T00:00:00.000
118,20260813,20260625,119,33,36,2,154,6,1,171.6600,171.6600,171.6600,171.6600,1,1,2026-08-24T00:00:00.000
119,20260729,20260712,169,240,473,172,302,7,4,173.0300,173.0300,173.0300,173.0300,1,1,2026-08-24T00:00:00.000
120,20260804,20260731,170,108,380,59,146,1,2,174.4000,174.4000,174.4000,174.4000,1,1,2026-08-24T00:00:00.000
121,20260816,20260614,448,207,282,312,336,4,3,175.7700,175.7700,175.7700,175.7700,1,1,2026-08-24T00:00:00.000
122,20260730,20260714,196,148,331,191,210,3,5,177.1400,177.1400,177.1400,177.1400,1,1,2026-08-24T00:00:00.000
123,20260605,20260620,111,49,460,466,184,7,1,178.5100,178.5100,178.5100,178.5100,1,1,2026-08-24T00:00:00.000
124,20260713,20260817,187,217,140,85,441,8,3,179.8800,179.8800,179.8800,179.8800,1,1,2026-08-24T00:00:00.000
125,20260818,20260618,98,17,192,21,11,6,2,181.2500,181.2500,181.2500,181.2500,1,1,2026-08-24T00:00:00.000
126,20260616,20260603,148,267,36,426,460,1,3,182.6200,182.6200,182.6200,182.6200,1,1,2026-08-24T00:00:00.000
127,20260528,20260602,154,294,345,325,17,4,4,183.9900,183.9900,183.9900,183.9900,1,1,2026-08-24T00:00:00.000
128,20260815,20260731,174,48,180,151,350,3,1,185.3600,185.3600,185.3600,185.3600,1,1,2026-08-24T00:00:00.000
129,20260822,20260712,359,171,480,314,65,1,2,186.7300,186.7300,186.7300,186.7300,1,1,2026-08-24T00:00:00.000
130,20260601,20260708,23,176,76,388,70,3,1,188.1000,188.1000,188.1000,188.1000,1,1,2026-08-24T00:00:00.000
131,20260731,20260531,20,223,267,224,51,8,5,189.4700,189.4700,189.4700,189.4700,1,1,2026-08-24T00:00:00.000
132,20260627,20260808,348,258,296,45,60,6,2,190.8400,190.8400,190.8400,190.8400,1,1,2026-08-24T00:00:00.000
133,20260710,20260717,112,131,106,75,135,7,5,192.2100,192.2100,192.2100,192.2100,1,1,2026-08-24T00:00:00.000
134,20260803,20260615,488,267,36,38,254,7,5,193.5800,193.5800,193.5800,193.5800,1,1,2026-08-24T00:00:00.000
135,20260821,20260806,19,304,313,131,197,8,5,194.9500,194.9500,194.9500,194.9500,1,1,2026-08-24T00:00:00.000
136,20260810,20260702,403,106,27,182,197,2,3,196.3200,196.3200,196.3200,196.3200,1,1,2026-08-24T00:00:00.000
137,20260716,20260824,224,302,233,70,399,5,5,197.6900,197.6900,197.6900,197.6900,1,1,2026-08-24T00:00:00.000
138,20260528,20260610,290,336,364,462,141,5,5,199.0600,199.0600,199.0600,199.0600,1,1,2026-08-24T00:00:00.000
139,20260706,20260530,313,223,360,240,280,2,5,200.4300,200.4300,200.4300,200.4300,1,1,2026-08-24T00:00:00.000
140,20260816,20260707,454,34,261,184,27,5,3,201.8000,201.8000,201.8000,201.8000,1,1,2026-08-24T00:00:00.000
141,20260529,20260611,377,219,110,32,332,4,1,203.1700,203.1700,203.1700,203.1700,1,1,2026-08-24T00:00:00.000
142,20260703,20260615,275,13,189,402,354,8,5,204.5400,204.5400,204.5400,204.5400,1,1,2026-08-24T00:00:00.000
143,20260714,20260702,497,87,348,200,64,2,4,205.9100,205.9100,205.9100,205.9100,1,1,2026-08-24T00:00:00.000
144,20260726,20260704,42,275,30,320,154,8,1,207.2800,207.2800,207.2800,207.2800,1,1,2026-08-24T00:00:00.000
145,20260801,20260627,357,282,7,377,292,7,1,208.6500,208.6500,208.6500,208.6500,1,1,2026-08-24T00:00:00.000
146,20260727,20260709,224,32,419,240,202,2,5,210.0200,210.0200,210.0200,210.0200,1,1,2026-08-24T00:00:00.000
147,20260527,20260605,240,306,227,212,14,6,5,211.3900,211.3900,211.3900,211.3900,1,1,2026-08-24T00:00:00.000
148,20260728,20260816,439,80,143,426,34,4,1,212.7600,212.7600,212.7600,212.7600,1,1,2026-08-24T00:00:00.000
149,20260529,20260527,342,328,470,466,206,5,3,214.1300,214.1300,214.1300,214.1300,1,1,2026-08-24T00:00:00.000
150,20260824,20260729,328,119,271,422,313,6,1,215.5000,215.5000,215.5000,215.5000,1,1,2026-08-24T00:00:00.000
151,20260712,20260813,438,269,374,433,82,1,2,216.8700,216.8700,216.8700,216.8700,1,1,2026-08-24T00:00:00.000
152,20260622,20260728,252,250,424,481,261,4,1,218.2400,218.2400,218.2400,218.2400,1,1,2026-08-24T00:00:00.000
153,20260807,20260527,321,234,457,325,8,8,3,219.6100,219.6100,219.6100,219.6100,1,1,2026-08-24T00:00:00.000
154,20260815,20260715,116,349,268,360,177,7,3,220.9800,220.9800,220.9800,220.9800,1,1,2026-08-24T00:00:00.000
155,20260824,20260611,393,86,384,473,131,2,2,222.3500,222.3500,222.3500,222.3500,1,1,2026-08-24T00:00:00.000
156,20260611,20260817,437,147,487,405,175,7,1,223.7200,223.7200,223.7200,223.7200,1,1,2026-08-24T00:00:00.000
157,20260630,20260731,77,107,146,225,196,5,2,225.0900,225.0900,225.0900,225.0900,1,1,2026-08-24T00:00:00.000
158,20260729,20260725,53,283,263,364,215,8,1,226.4600,226.4600,226.4600,226.4600,1,1,2026-08-24T00:00:00.000
159,20260812,20260714,203,125,10,298,4,7,2,227.8300,227.8300,227.8300,227.8300,1,1,2026-08-24T00:00:00.000
160,20260815,20260611,438,12,102,120,77,8,1,229.2000,229.2000,229.2000,229.2000,1,1,2026-08-24T00:00:00.000
161,20260616,20260808,301,53,43,96,413,7,5,230.5700,230.5700,230.5700,230.5700,1,1,2026-08-24T00:00:00.000
162,20260822,20260607,73,49,464,393,483,1,2,231.9400,231.9400,231.9400,231.9400,1,1,2026-08-24T00:00:00.000
163,20260805,20260621,322,238,356,228,138,1,4,233.3100,233.3100,233.3100,233.3100,1,1,2026-08-24T00:00:00.000
164,20260601,20260529,344,222,355,47,109,2,1,234.6800,234.6800,234.6800,234.6800,1,1,2026-08-24T00:00:00.000
165,20260728,20260703,258,336,346,175,285,2,2,236.0500,236.0500,236.0500,236.0500,1,1,2026-08-24T00:00:00.000
166,20260627,20260726,290,48,269,441,304,4,1,237.4200,237.4200,237.4200,237.4200,1,1,2026-08-24T00:00:00.000
167,20260801,20260617,201,252,243,105,372,8,4,238.7900,238.7900,238.7900,238.7900,1,1,2026-08-24T00:00:00.000
168,20260618,20260801,14,231,82,328,73,4,4,240.1600,240.1600,240.1600,240.1600,1,1,2026-08-24T00:00:00.000
169,20260822,20260815,468,100,146,286,83,5,4,241.5300,241.5300,241.5300,241.5300,1,1,2026-08-24T00:00:00.000
170,20260528,20260728,299,74,488,267,287,5,4,242.9000,242.9000,242.9000,242.9000,1,1,2026-08-24T00:00:00.000
171,20260714,20260727,293,332,270,373,166,2,4,244.2700,244.2700,244.2700,244.2700,1,1,2026-08-24T00:00:00.000
172,20260813,20260805,303,138,408,34,352,4,5,245.6400,245.6400,245.6400,245.6400,1,1,2026-08-24T00:00:00.000
173,20260704,20260715,2,256,448,339,489,4,5,247.0100,247.0100,247.0100,247.0100,1,1,2026-08-24T00:00:00.000
174,20260720,20260603,299,76,251,114,170,3,2,248.3800,248.3800,248.3800,248.3800,1,1,2026-08-24T00:00:00.000
175,20260608,20260611,340,14,136,66,385,8,5,249.7500,249.7500,249.7500,249.7500,1,1,2026-08-24T00:00:00.000
176,20260818,20260623,452,189,320,34,106,8,5,251.1200,251.1200,251.1200,251.1200,1,1,2026-08-24T00:00:00.000
177,20260704,20260716,320,56,426,279,249,6,2,252.4900,252.4900,252.4900,252.4900,1,1,2026-08-24T00:00:00.000
178,20260528,20260715,365,262,72,202,258,2,2,253.8600,253.8600,253.8600,253.8600,1,1,2026-08-24T00:00:00.000
179,20260624,20260702,114,309,320,457,170,1,5,255.2300,255.2300,255.2300,255.2300,1,1,2026-08-24T00:00:00.000
180,20260615,20260630,115,159,47,431,154,2,2,256.6000,256.6000,256.6000,256.6000,1,1,2026-08-24T00:00:00.000
181,20260712,20260807,243,122,23,98,343,6,4,257.9700,257.9700,257.9700,257.9700,1,1,2026-08-24T00:00:00.000
182,20260611,20260613,16,303,400,394,477,4,4,259.3400,259.3400,259.3400,259.3400,1,1,2026-08-24T00:00:00.000
183,20260725,20260803,15,94,20,259,243,3,5,260.7100,260.7100,260.7100,260.7100,1,1,2026-08-24T00:00:00.000
184,20260623,20260704,207,263,202,245,250,4,2,262.0800,262.0800,262.0800,262.0800,1,1,2026-08-24T00:00:00.000
185,20260704,20260601,272,337,103,380,114,3,4,263.4500,263.4500,263.4500,263.4500,1,1,2026-08-24T00:00:00.000
186,20260709,20260729,367,76,413,407,491,8,3,264.8200,264.8200,264.8200,264.8200,1,1,2026-08-24T00:00:00.000
187,20260817,20260625,173,181,434,380,118,7,3,266.1900,266.1900,266.1900,266.1900,1,1,2026-08-24T00:00:00.000
188,20260815,20260730,203,230,51,213,399,5,5,267.5600,267.5600,267.5600,267.5600,1,1,2026-08-24T00:00:00.000
189,20260718,20260720,420,64,486,132,300,4,5,268.9300,268.9300,268.9300,268.9300,1,1,2026-08-24T00:00:00.000
190,20260807,20260712,366,69,223,472,344,8,4,270.3000,270.3000,270.3000,270.3000,1,1,2026-08-24T00:00:00.000
191,20260713,20260708,89,208,74,475,404,2,4,271.6700,271.6700,271.6700,271.6700,1,1,2026-08-24T00:00:00.000
192,20260622,20260707,387,164,134,116,445,7,1,273.0400,273.0400,273.0400,273.0400,1,1,2026-08-24T00:00:00.000
193,20260808,20260807,5,196,16,105,164,6,2,274.4100,274.4100,274.4100,274.4100,1,1,2026-08-24T00:00:00.000
194,20260630,20260714,415,234,162,31,449,3,1,275.7800,275.7800,275.7800,275.7800,1,1,2026-08-24T00:00:00.000
195,20260602,20260605,330,232,291,485,391,1,1,277.1500,277.1500,277.1500,277.1500,1,1,2026-08-24T00:00:00.000
196,20260802,20260822,446,197,444,57,340,6,1,278.5200,278.5200,278.5200,278.5200,1,1,2026-08-24T00:00:00.000
197,20260615,20260627,209,31,435,74,53,6,2,279.8900,279.8900,279.8900,279.8900,1,1,2026-08-24T00:00:00.000
198,20260716,20260703,307,24,341,312,242,3,2,281.2600,281.2600,281.2600,281.2600,1,1,2026-08-24T00:00:00.000
199,20260626,20260528,263,252,468,208,187,7,1,282.6300,282.6300,282.6300,282.6300,1,1,2026-08-24T00:00:00.000
200,20260604,20260823,59,262,50,311,432,2,5,284.0000,284.0000,284.0000,284.0000,1,1,2026-08-24T00:00:00.000
201,20260711,20260530,490,193,274,207,156,2,5,285.3700,285.3700,285.3700,285.3700,1,1,2026-08-24T00:00:00.000
202,20260603,20260618,450,31,392,342,252,7,4,286.7400,286.7400,286.7400,286.7400,1,1,2026-08-24T00:00:00.000
203,20260608,20260705,9,31,208,84,460,6,1,288.1100,288.1100,288.1100,288.1100,1,1,2026-08-24T00:00:00.000
204,20260818,20260621,226,148,249,499,144,6,4,289.4800,289.4800,289.4800,289.4800,1,1,2026-08-24T00:00:00.000
205,20260616,20260802,3,297,278,235,118,5,1,290.8500,290.8500,290.8500,290.8500,1,1,2026-08-24T00:00:00.000
206,20260527,20260704,106,179,140,376,414,2,5,292.2200,292.2200,292.2200,292.2200,1,1,2026-08-24T00:00:00.000
207,20260617,20260709,395,223,41,368,353,8,5,293.5900,293.5900,293.5900,293.5900,1,1,2026-08-24T00:00:00.000
208,20260712,20260605,49,140,385,431,431,1,2,294.9600,294.9600,294.9600,294.9600,1,1,2026-08-24T00:00:00.000
209,20260626,20260712,45,99,126,40,225,7,1,296.3300,296.3300,296.3300,296.3300,1,1,2026-08-24T00:00:00.000
210,20260726,20260623,233,145,64,388,265,5,2,297.7000,297.7000,297.7000,297.7000,1,1,2026-08-24T00:00:00.000
211,20260711,20260802,13,25,5,311,399,3,2,299.0700,299.0700,299.0700,299.0700,1,1,2026-08-24T00:00:00.000
212,20260802,20260719,67,329,108,463,354,8,5,300.4400,300.4400,300.4400,300.4400,1,1,2026-08-24T00:00:00.000
213,20260624,20260617,195,228,181,285,386,8,4,301.8100,301.8100,301.8100,301.8100,1,1,2026-08-24T00:00:00.000
214,20260806,20260614,371,239,452,213,361,5,2,303.1800,303.1800,303.1800,303.1800,1,1,2026-08-24T00:00:00.000
215,20260724,20260620,472,191,172,58,455,6,4,304.5500,304.5500,304.5500,304.5500,1,1,2026-08-24T00:00:00.000
216,20260821,20260530,183,25,430,235,403,6,3,305.9200,305.9200,305.9200,305.9200,1,1,2026-08-24T00:00:00.000
217,20260531,20260802,381,133,21,455,361,6,2,307.2900,307.2900,307.2900,307.2900,1,1,2026-08-24T00:00:00.000
218,20260702,20260702,291,68,117,334,85,8,5,308.6600,308.6600,308.6600,308.6600,1,1,2026-08-24T00:00:00.000
219,20260627,20260703,299,175,226,439,484,2,3,310.0300,310.0300,310.0300,310.0300,1,1,2026-08-24T00:00:00.000
220,20260709,20260716,174,46,87,202,140,8,4,311.4000,311.4000,311.4000,311.4000,1,1,2026-08-24T00:00:00.000
221,20260621,20260724,421,81,327,100,70,3,2,312.7700,312.7700,312.7700,312.7700,1,1,2026-08-24T00:00:00.000
222,20260807,20260615,103,127,228,351,293,4,5,314.1400,314.1400,314.1400,314.1400,1,1,2026-08-24T00:00:00.000
223,20260624,20260815,183,178,494,361,451,8,4,315.5100,315.5100,315.5100,315.5100,1,1,2026-08-24T00:00:00.000
224,20260528,20260606,301,170,226,430,458,1,2,316.8800,316.8800,316.8800,316.8800,1,1,2026-08-24T00:00:00.000
225,20260722,20260602,411,102,250,85,487,3,5,318.2500,318.2500,318.2500,318.2500,1,1,2026-08-24T00:00:00.000
226,20260714,20260716,221,164,360,183,321,1,3,319.6200,319.6200,319.6200,319.6200,1,1,2026-08-24T00:00:00.000
227,20260807,20260802,230,69,54,484,337,4,1,320.9900,320.9900,320.9900,320.9900,1,1,2026-08-24T00:00:00.000
228,20260725,20260725,262,283,346,70,416,5,2,322.3600,322.3600,322.3600,322.3600,1,1,2026-08-24T00:00:00.000
229,20260727,20260604,146,35,363,422,230,1,4,323.7300,323.7300,323.7300,323.7300,1,1,2026-08-24T00:00:00.000
230,20260626,20260815,375,180,341,101,445,8,3,325.1000,325.1000,325.1000,325.1000,1,1,2026-08-24T00:00:00.000
231,20260618,20260805,225,239,270,81,144,3,2,326.4700,326.4700,326.4700,326.4700,1,1,2026-08-24T00:00:00.000
232,20260823,20260815,13,33,350,482,144,1,5,327.8400,327.8400,327.8400,327.8400,1,1,2026-08-24T00:00:00.000
233,20260808,20260627,478,85,290,162,116,5,2,329.2100,329.2100,329.2100,329.2100,1,1,2026-08-24T00:00:00.000
234,20260817,20260603,144,101,303,99,485,7,3,330.5800,330.5800,330.5800,330.5800,1,1,2026-08-24T00:00:00.000
235,20260808,20260728,335,106,39,284,22,5,4,331.9500,331.9500,331.9500,331.9500,1,1,2026-08-24T00:00:00.000
236,20260718,20260719,490,50,277,68,374,3,4,333.3200,333.3200,333.3200,333.3200,1,1,2026-08-24T00:00:00.000
237,20260529,20260730,74,201,154,206,15,5,2,334.6900,334.6900,334.6900,334.6900,1,1,2026-08-24T00:00:00.000
238,20260807,20260617,259,343,340,36,52,4,1,336.0600,336.0600,336.0600,336.0600,1,1,2026-08-24T00:00:00.000
239,20260706,20260709,302,107,318,375,459,2,2,337.4300,337.4300,337.4300,337.4300,1,1,2026-08-24T00:00:00.000
240,20260619,20260809,83,44,28,131,50,4,1,338.8000,338.8000,338.8000,338.8000,1,1,2026-08-24T00:00:00.000
241,20260609,20260627,303,115,249,18,66,5,4,340.1700,340.1700,340.1700,340.1700,1,1,2026-08-24T00:00:00.000
242,20260815,20260731,114,292,402,119,221,8,4,341.5400,341.5400,341.5400,341.5400,1,1,2026-08-24T00:00:00.000
243,20260716,20260807,107,209,271,244,216,4,5,342.9100,342.9100,342.9100,342.9100,1,1,2026-08-24T00:00:00.000
244,20260815,20260801,238,210,148,133,238,6,2,344.2800,344.2800,344.2800,344.2800,1,1,2026-08-24T00:00:00.000
245,20260527,20260616,473,204,419,496,259,1,2,345.6500,345.6500,345.6500,345.6500,1,1,2026-08-24T00:00:00.000
246,20260701,20260614,368,100,32,249,301,3,1,347.0200,347.0200,347.0200,347.0200,1,1,2026-08-24T00:00:00.000
247,20260802,20260820,74,130,260,340,288,1,3,348.3900,348.3900,348.3900,348.3900,1,1,2026-08-24T00:00:00.000
248,20260806,20260820,106,65,419,11,106,6,5,349.7600,349.7600,349.7600,349.7600,1,1,2026-08-24T00:00:00.000
249,20260713,20260628,47,59,422,143,367,1,4,351.1300,351.1300,351.1300,351.1300,1,1,2026-08-24T00:00:00.000
250,20260614,20260717,290,78,275,235,321,3,2,352.5000,352.5000,352.5000,352.5000,1,1,2026-08-24T00:00:00.000
251,20260623,20260605,168,113,295,379,215,2,4,353.8700,353.8700,353.8700,353.8700,1,1,2026-08-24T00:00:00.000
252,20260620,20260628,77,103,179,90,492,4,3,355.2400,355.2400,355.2400,355.2400,1,1,2026-08-24T00:00:00.000
253,20260817,20260611,124,86,137,64,25,1,4,356.6100,356.6100,356.6100,356.6100,1,1,2026-08-24T00:00:00.000
254,20260621,20260529,105,344,258,127,472,2,3,357.9800,357.9800,357.9800,357.9800,1,1,2026-08-24T00:00:00.000
255,20260821,20260704,473,273,57,259,413,5,1,359.3500,359.3500,359.3500,359.3500,1,1,2026-08-24T00:00:00.000
256,20260815,20260814,373,188,425,278,55,4,2,360.7200,360.7200,360.7200,360.7200,1,1,2026-08-24T00:00:00.000
257,20260816,20260629,358,109,248,374,108,2,3,362.0900,362.0900,362.0900,362.0900,1,1,2026-08-24T00:00:00.000
258,20260819,20260809,163,157,209,72,146,8,3,363.4600,363.4600,363.4600,363.4600,1,1,2026-08-24T00:00:00.000
259,20260615,20260608,25,53,440,469,298,8,2,364.8300,364.8300,364.8300,364.8300,1,1,2026-08-24T00:00:00.000
260,20260718,20260808,125,191,254,458,74,5,2,366.2000,366.2000,366.2000,366.2000,1,1,2026-08-24T00:00:00.000
261,20260725,20260630,272,167,244,446,282,7,4,367.5700,367.5700,367.5700,367.5700,1,1,2026-08-24T00:00:00.000
262,20260616,20260823,487,21,324,6,201,5,1,368.9400,368.9400,368.9400,368.9400,1,1,2026-08-24T00:00:00.000
263,20260720,20260816,259,277,311,260,61,7,1,370.3100,370.3100,370.3100,370.3100,1,1,2026-08-24T00:00:00.000
264,20260529,20260726,487,190,433,73,113,8,2,371.6800,371.6800,371.6800,371.6800,1,1,2026-08-24T00:00:00.000
265,20260816,20260610,43,266,30,226,389,1,4,373.0500,373.0500,373.0500,373.0500,1,1,2026-08-24T00:00:00.000
266,20260613,20260610,135,329,236,105,9,4,1,374.4200,374.4200,374.4200,374.4200,1,1,2026-08-24T00:00:00.000
267,20260713,20260716,285,317,326,212,53,2,4,375.7900,375.7900,375.7900,375.7900,1,1,2026-08-24T00:00:00.000
268,20260817,20260701,384,323,241,357,178,3,1,377.1600,377.1600,377.1600,377.1600,1,1,2026-08-24T00:00:00.000
269,20260803,20260809,415,282,37,441,261,6,4,378.5300,378.5300,378.5300,378.5300,1,1,2026-08-24T00:00:00.000
270,20260710,20260727,141,75,21,304,50,5,3,379.9000,379.9000,379.9000,379.9000,1,1,2026-08-24T00:00:00.000
271,20260716,20260731,414,128,118,1,144,7,1,381.2700,381.2700,381.2700,381.2700,1,1,2026-08-24T00:00:00.000
272,20260605,20260729,409,97,360,118,47,7,5,382.6400,382.6400,382.6400,382.6400,1,1,2026-08-24T00:00:00.000
273,20260623,20260716,500,268,413,372,467,5,3,384.0100,384.0100,384.0100,384.0100,1,1,2026-08-24T00:00:00.000
274,20260610,20260611,431,206,496,270,255,7,2,385.3800,385.3800,385.3800,385.3800,1,1,2026-08-24T00:00:00.000
275,20260801,20260606,13,345,201,323,152,2,3,386.7500,386.7500,386.7500,386.7500,1,1,2026-08-24T00:00:00.000
276,20260813,20260721,367,221,25,14,205,5,1,388.1200,388.1200,388.1200,388.1200,1,1,2026-08-24T00:00:00.000
277,20260709,20260810,72,340,336,89,391,5,3,389.4900,389.4900,389.4900,389.4900,1,1,2026-08-24T00:00:00.000
278,20260618,20260530,430,199,403,305,393,4,5,390.8600,390.8600,390.8600,390.8600,1,1,2026-08-24T00:00:00.000
279,20260622,20260603,208,234,439,72,46,5,5,392.2300,392.2300,392.2300,392.2300,1,1,2026-08-24T00:00:00.000
280,20260529,20260608,240,4,215,273,487,7,1,393.6000,393.6000,393.6000,393.6000,1,1,2026-08-24T00:00:00.000
281,20260706,20260721,101,119,399,170,99,1,5,394.9700,394.9700,394.9700,394.9700,1,1,2026-08-24T00:00:00.000
282,20260718,20260721,243,189,17,368,87,4,1,396.3400,396.3400,396.3400,396.3400,1,1,2026-08-24T00:00:00.000
283,20260625,20260708,130,163,263,428,92,4,1,397.7100,397.7100,397.7100,397.7100,1,1,2026-08-24T00:00:00.000
284,20260630,20260715,153,92,486,103,269,7,1,399.0800,399.0800,399.0800,399.0800,1,1,2026-08-24T00:00:00.000
285,20260716,20260704,442,190,435,257,352,5,1,400.4500,400.4500,400.4500,400.4500,1,1,2026-08-24T00:00:00.000
286,20260613,20260709,94,205,394,386,267,6,3,401.8200,401.8200,401.8200,401.8200,1,1,2026-08-24T00:00:00.000
287,20260630,20260706,280,190,455,219,361,1,2,403.1900,403.1900,403.1900,403.1900,1,1,2026-08-24T00:00:00.000
288,20260727,20260627,389,233,449,130,342,7,1,404.5600,404.5600,404.5600,404.5600,1,1,2026-08-24T00:00:00.000
289,20260824,20260604,484,5,348,190,2,1,4,405.9300,405.9300,405.9300,405.9300,1,1,2026-08-24T00:00:00.000
290,20260528,20260712,99,317,204,411,448,4,5,407.3000,407.3000,407.3000,407.3000,1,1,2026-08-24T00:00:00.000
291,20260818,20260611,314,167,403,382,383,3,2,408.6700,408.6700,408.6700,408.6700,1,1,2026-08-24T00:00:00.000
292,20260627,20260605,421,157,61,379,219,1,3,410.0400,410.0400,410.0400,410.0400,1,1,2026-08-24T00:00:00.000
293,20260714,20260618,289,142,256,397,74,3,5,411.4100,411.4100,411.4100,411.4100,1,1,2026-08-24T00:00:00.000
294,20260617,20260802,38,155,213,288,203,5,2,412.7800,412.7800,412.7800,412.7800,1,1,2026-08-24T00:00:00.000
295,20260624,20260623,288,220,177,493,65,4,4,414.1500,414.1500,414.1500,414.1500,1,1,2026-08-24T00:00:00.000
296,20260626,20260530,114,111,120,162,252,7,3,415.5200,415.5200,415.5200,415.5200,1,1,2026-08-24T00:00:00.000
297,20260720,20260708,64,154,423,208,62,5,1,416.8900,416.8900,416.8900,416.8900,1,1,2026-08-24T00:00:00.000
298,20260711,20260819,324,198,286,73,321,1,1,418.2600,418.2600,418.2600,418.2600,1,1,2026-08-24T00:00:00.000
299,20260823,20260604,228,259,305,98,276,1,2,419.6300,419.6300,419.6300,419.6300,1,1,2026-08-24T00:00:00.000
300,20260628,20260627,462,123,335,390,458,7,2,421.0000,421.0000,421.0000,421.0000,1,1,2026-08-24T00:00:00.000
301,20260814,20260713,338,239,448,213,149,7,3,422.3700,422.3700,422.3700,422.3700,1,1,2026-08-24T00:00:00.000
302,20260807,20260803,386,2,13,276,266,2,1,423.7400,423.7400,423.7400,423.7400,1,1,2026-08-24T00:00:00.000
303,20260818,20260817,13,22,383,5,107,1,1,425.1100,425.1100,425.1100,425.1100,1,1,2026-08-24T00:00:00.000
304,20260802,20260804,392,200,409,152,147,8,1,426.4800,426.4800,426.4800,426.4800,1,1,2026-08-24T00:00:00.000
305,20260621,20260807,137,318,55,18,250,8,4,427.8500,427.8500,427.8500,427.8500,1,1,2026-08-24T00:00:00.000
306,20260610,20260818,278,120,362,406,123,5,2,429.2200,429.2200,429.2200,429.2200,1,1,2026-08-24T00:00:00.000
307,20260725,20260704,385,246,369,123,334,3,1,430.5900,430.5900,430.5900,430.5900,1,1,2026-08-24T00:00:00.000
308,20260725,20260731,357,134,424,158,109,5,1,431.9600,431.9600,431.9600,431.9600,1,1,2026-08-24T00:00:00.000
309,20260620,20260623,463,144,25,300,320,7,4,433.3300,433.3300,433.3300,433.3300,1,1,2026-08-24T00:00:00.000
310,20260611,20260714,458,127,83,227,432,1,4,434.7000,434.7000,434.7000,434.7000,1,1,2026-08-24T00:00:00.000
311,20260719,20260803,293,56,280,441,147,6,2,436.0700,436.0700,436.0700,436.0700,1,1,2026-08-24T00:00:00.000
312,20260702,20260725,237,269,14,29,89,2,3,437.4400,437.4400,437.4400,437.4400,1,1,2026-08-24T00:00:00.000
313,20260705,20260817,415,104,250,380,9,3,2,438.8100,438.8100,438.8100,438.8100,1,1,2026-08-24T00:00:00.000
314,20260626,20260729,369,126,250,128,335,4,4,440.1800,440.1800,440.1800,440.1800,1,1,2026-08-24T00:00:00.000
315,20260707,20260728,377,116,116,362,387,5,3,441.5500,441.5500,441.5500,441.5500,1,1,2026-08-24T00:00:00.000
316,20260618,20260529,23,134,461,498,488,6,3,442.9200,442.9200,442.9200,442.9200,1,1,2026-08-24T00:00:00.000
317,20260821,20260619,62,138,185,404,81,7,3,444.2900,444.2900,444.2900,444.2900,1,1,2026-08-24T00:00:00.000
318,20260716,20260630,66,268,35,471,466,1,5,445.6600,445.6600,445.6600,445.6600,1,1,2026-08-24T00:00:00.000
319,20260712,20260713,447,276,212,94,446,8,3,447.0300,447.0300,447.0300,447.0300,1,1,2026-08-24T00:00:00.000
320,20260618,20260601,222,27,351,234,88,1,3,448.4000,448.4000,448.4000,448.4000,1,1,2026-08-24T00:00:00.000
321,20260720,20260805,22,113,482,177,113,1,5,449.7700,449.7700,449.7700,449.7700,1,1,2026-08-24T00:00:00.000
322,20260818,20260718,83,255,483,85,101,7,3,451.1400,451.1400,451.1400,451.1400,1,1,2026-08-24T00:00:00.000
323,20260630,20260616,187,21,184,363,152,2,5,452.5100,452.5100,452.5100,452.5100,1,1,2026-08-24T00:00:00.000
324,20260724,20260620,139,257,446,140,147,3,4,453.8800,453.8800,453.8800,453.8800,1,1,2026-08-24T00:00:00.000
325,20260811,20260823,291,68,448,128,72,2,5,455.2500,455.2500,455.2500,455.2500,1,1,2026-08-24T00:00:00.000
326,20260813,20260630,141,264,448,487,12,7,5,456.6200,456.6200,456.6200,456.6200,1,1,2026-08-24T00:00:00.000
327,20260720,20260530,147,324,409,161,224,7,4,457.9900,457.9900,457.9900,457.9900,1,1,2026-08-24T00:00:00.000
328,20260730,20260804,306,229,290,37,419,3,2,459.3600,459.3600,459.3600,459.3600,1,1,2026-08-24T00:00:00.000
329,20260611,20260724,329,100,454,382,174,5,2,460.7300,460.7300,460.7300,460.7300,1,1,2026-08-24T00:00:00.000
330,20260817,20260612,138,11,362,46,98,8,4,462.1000,462.1000,462.1000,462.1000,1,1,2026-08-24T00:00:00.000
331,20260708,20260703,92,275,222,190,25,8,1,463.4700,463.4700,463.4700,463.4700,1,1,2026-08-24T00:00:00.000
332,20260729,20260630,42,318,298,464,195,7,5,464.8400,464.8400,464.8400,464.8400,1,1,2026-08-24T00:00:00.000
333,20260611,20260614,18,160,320,86,492,8,2,466.2100,466.2100,466.2100,466.2100,1,1,2026-08-24T00:00:00.000
334,20260620,20260813,188,190,54,433,313,7,2,467.5800,467.5800,467.5800,467.5800,1,1,2026-08-24T00:00:00.000
335,20260804,20260818,423,14,284,18,442,7,5,468.9500,468.9500,468.9500,468.9500,1,1,2026-08-24T00:00:00.000
336,20260718,20260811,49,157,276,19,11,7,2,470.3200,470.3200,470.3200,470.3200,1,1,2026-08-24T00:00:00.000
337,20260729,20260812,123,212,493,27,87,2,4,471.6900,471.6900,471.6900,471.6900,1,1,2026-08-24T00:00:00.000
338,20260727,20260624,254,296,11,171,236,1,1,473.0600,473.0600,473.0600,473.0600,1,1,2026-08-24T00:00:00.000
339,20260822,20260626,347,280,437,484,445,7,2,474.4300,474.4300,474.4300,474.4300,1,1,2026-08-24T00:00:00.000
340,20260611,20260712,343,196,103,199,159,3,3,475.8000,475.8000,475.8000,475.8000,1,1,2026-08-24T00:00:00.000
341,20260602,20260728,90,59,197,349,169,4,2,477.1700,477.1700,477.1700,477.1700,1,1,2026-08-24T00:00:00.000
342,20260820,20260819,157,49,460,409,437,3,3,478.5400,478.5400,478.5400,478.5400,1,1,2026-08-24T00:00:00.000
343,20260612,20260809,457,41,66,247,89,8,5,479.9100,479.9100,479.9100,479.9100,1,1,2026-08-24T00:00:00.000
344,20260716,20260604,8,312,443,259,311,2,3,481.2800,481.2800,481.2800,481.2800,1,1,2026-08-24T00:00:00.000
345,20260625,20260707,178,208,450,243,176,1,1,482.6500,482.6500,482.6500,482.6500,1,1,2026-08-24T00:00:00.000
346,20260703,20260726,270,49,116,303,415,6,5,484.0200,484.0200,484.0200,484.0200,1,1,2026-08-24T00:00:00.000
347,20260719,20260808,309,145,413,35,14,4,4,485.3900,485.3900,485.3900,485.3900,1,1,2026-08-24T00:00:00.000
348,20260615,20260529,359,99,28,163,379,4,2,486.7600,486.7600,486.7600,486.7600,1,1,2026-08-24T00:00:00.000
349,20260806,20260607,378,191,441,45,415,2,1,488.1300,488.1300,488.1300,488.1300,1,1,2026-08-24T00:00:00.000
350,20260803,20260615,130,81,45,163,263,7,3,489.5000,489.5000,489.5000,489.5000,1,1,2026-08-24T00:00:00.000
351,20260619,20260706,46,56,221,83,137,6,1,490.8700,490.8700,490.8700,490.8700,1,1,2026-08-24T00:00:00.000
352,20260620,20260810,139,226,77,64,248,3,4,492.2400,492.2400,492.2400,492.2400,1,1,2026-08-24T00:00:00.000
353,20260824,20260613,391,133,95,96,461,5,5,493.6100,493.6100,493.6100,493.6100,1,1,2026-08-24T00:00:00.000
354,20260810,20260623,276,347,198,22,16,2,3,494.9800,494.9800,494.9800,494.9800,1,1,2026-08-24T00:00:00.000
355,20260812,20260723,20,79,7,272,342,8,3,496.3500,496.3500,496.3500,496.3500,1,1,2026-08-24T00:00:00.000
356,20260812,20260718,143,96,247,342,134,1,2,497.7200,497.7200,497.7200,497.7200,1,1,2026-08-24T00:00:00.000
357,20260528,20260606,293,331,161,221,258,6,2,499.0900,499.0900,499.0900,499.0900,1,1,2026-08-24T00:00:00.000
358,20260807,20260612,165,250,367,482,56,5,3,500.4600,500.4600,500.4600,500.4600,1,1,2026-08-24T00:00:00.000
359,20260613,20260814,17,1,149,402,457,7,1,501.8300,501.8300,501.8300,501.8300,1,1,2026-08-24T00:00:00.000
360,20260821,20260810,111,304,137,359,370,4,4,503.2000,503.2000,503.2000,503.2000,1,1,2026-08-24T00:00:00.000
361,20260630,20260808,499,268,385,354,342,1,1,504.5700,504.5700,504.5700,504.5700,1,1,2026-08-24T00:00:00.000
362,20260716,20260816,474,2,365,106,490,8,4,505.9400,505.9400,505.9400,505.9400,1,1,2026-08-24T00:00:00.000
363,20260530,20260609,133,313,112,185,288,5,4,507.3100,507.3100,507.3100,507.3100,1,1,2026-08-24T00:00:00.000
364,20260728,20260614,472,321,334,469,25,7,4,508.6800,508.6800,508.6800,508.6800,1,1,2026-08-24T00:00:00.000
365,20260811,20260721,464,21,347,85,280,6,5,510.0500,510.0500,510.0500,510.0500,1,1,2026-08-24T00:00:00.000
366,20260628,20260822,133,128,23,67,441,2,1,511.4200,511.4200,511.4200,511.4200,1,1,2026-08-24T00:00:00.000
367,20260630,20260729,262,74,111,84,351,8,4,512.7900,512.7900,512.7900,512.7900,1,1,2026-08-24T00:00:00.000
368,20260731,20260623,276,210,410,108,122,1,4,514.1600,514.1600,514.1600,514.1600,1,1,2026-08-24T00:00:00.000
369,20260720,20260809,354,315,63,176,261,3,3,515.5300,515.5300,515.5300,515.5300,1,1,2026-08-24T00:00:00.000
370,20260702,20260711,168,58,47,192,21,8,4,516.9000,516.9000,516.9000,516.9000,1,1,2026-08-24T00:00:00.000
371,20260615,20260604,40,91,336,225,494,2,2,518.2700,518.2700,518.2700,518.2700,1,1,2026-08-24T00:00:00.000
372,20260622,20260819,270,124,363,385,360,4,5,519.6400,519.6400,519.6400,519.6400,1,1,2026-08-24T00:00:00.000
373,20260531,20260804,298,134,323,297,153,4,4,521.0100,521.0100,521.0100,521.0100,1,1,2026-08-24T00:00:00.000
374,20260724,20260623,497,312,423,426,400,4,5,522.3800,522.3800,522.3800,522.3800,1,1,2026-08-24T00:00:00.000
375,20260625,20260716,247,336,108,297,441,2,5,523.7500,523.7500,523.7500,523.7500,1,1,2026-08-24T00:00:00.000
376,20260824,20260711,12,280,15,457,229,3,1,525.1200,525.1200,525.1200,525.1200,1,1,2026-08-24T00:00:00.000
377,20260807,20260812,319,68,129,222,425,3,3,526.4900,526.4900,526.4900,526.4900,1,1,2026-08-24T00:00:00.000
378,20260728,20260722,492,93,300,157,130,7,4,527.8600,527.8600,527.8600,527.8600,1,1,2026-08-24T00:00:00.000
379,20260821,20260803,398,172,5,456,307,4,1,529.2300,529.2300,529.2300,529.2300,1,1,2026-08-24T00:00:00.000
380,20260628,20260710,436,116,331,402,337,4,2,530.6000,530.6000,530.6000,530.6000,1,1,2026-08-24T00:00:00.000
381,20260802,20260715,496,8,15,415,488,7,2,531.9700,531.9700,531.9700,531.9700,1,1,2026-08-24T00:00:00.000
382,20260820,20260715,119,277,128,305,391,6,4,533.3400,533.3400,533.3400,533.3400,1,1,2026-08-24T00:00:00.000
383,20260818,20260716,304,87,479,53,193,6,4,534.7100,534.7100,534.7100,534.7100,1,1,2026-08-24T00:00:00.000
384,20260710,20260618,294,100,234,178,234,5,3,536.0800,536.0800,536.0800,536.0800,1,1,2026-08-24T00:00:00.000
385,20260731,20260618,69,220,453,487,119,4,1,537.4500,537.4500,537.4500,537.4500,1,1,2026-08-24T00:00:00.000
386,20260719,20260805,127,221,58,176,301,8,2,538.8200,538.8200,538.8200,538.8200,1,1,2026-08-24T00:00:00.000
387,20260703,20260811,388,133,381,274,424,7,3,540.1900,540.1900,540.1900,540.1900,1,1,2026-08-24T00:00:00.000
388,20260708,20260723,230,51,252,412,344,2,5,541.5600,541.5600,541.5600,541.5600,1,1,2026-08-24T00:00:00.000
389,20260603,20260814,330,305,168,155,85,4,2,542.9300,542.9300,542.9300,542.9300,1,1,2026-08-24T00:00:00.000
390,20260615,20260801,365,270,72,271,93,8,2,544.3000,544.3000,544.3000,544.3000,1,1,2026-08-24T00:00:00.000
391,20260610,20260810,137,46,89,256,162,6,2,545.6700,545.6700,545.6700,545.6700,1,1,2026-08-24T00:00:00.000
392,20260817,20260625,256,292,428,392,105,2,1,547.0400,547.0400,547.0400,547.0400,1,1,2026-08-24T00:00:00.000
393,20260626,20260708,234,263,218,119,451,1,1,548.4100,548.4100,548.4100,548.4100,1,1,2026-08-24T00:00:00.000
394,20260727,20260703,437,68,265,258,136,6,3,549.7800,549.7800,549.7800,549.7800,1,1,2026-08-24T00:00:00.000
395,20260817,20260704,332,228,341,433,303,4,1,551.1500,551.1500,551.1500,551.1500,1,1,2026-08-24T00:00:00.000
396,20260728,20260609,425,182,238,302,345,5,3,552.5200,552.5200,552.5200,552.5200,1,1,2026-08-24T00:00:00.000
397,20260617,20260618,177,199,112,125,92,1,3,553.8900,553.8900,553.8900,553.8900,1,1,2026-08-24T00:00:00.000
398,20260530,20260626,188,108,274,452,197,1,5,555.2600,555.2600,555.2600,555.2600,1,1,2026-08-24T00:00:00.000
399,20260611,20260621,9,235,17,429,420,6,2,556.6300,556.6300,556.6300,556.6300,1,1,2026-08-24T00:00:00.000
400,20260701,20260628,225,75,487,124,98,5,3,558.0000,558.0000,558.0000,558.0000,1,1,2026-08-24T00:00:00.000
401,20260705,20260808,449,166,78,343,478,4,2,559.3700,559.3700,559.3700,559.3700,1,1,2026-08-24T00:00:00.000
402,20260629,20260628,487,73,348,379,386,1,1,560.7400,560.7400,560.7400,560.7400,1,1,2026-08-24T00:00:00.000
403,20260702,20260625,418,96,378,24,133,5,4,562.1100,562.1100,562.1100,562.1100,1,1,2026-08-24T00:00:00.000
404,20260610,20260806,243,222,308,258,261,3,1,563.4800,563.4800,563.4800,563.4800,1,1,2026-08-24T00:00:00.000
405,20260616,20260702,168,294,66,383,390,8,1,564.8500,564.8500,564.8500,564.8500,1,1,2026-08-24T00:00:00.000
406,20260722,20260708,17,270,225,74,388,7,4,566.2200,566.2200,566.2200,566.2200,1,1,2026-08-24T00:00:00.000
407,20260628,20260704,38,49,391,471,257,3,5,567.5900,567.5900,567.5900,567.5900,1,1,2026-08-24T00:00:00.000
408,20260625,20260712,66,347,149,50,412,5,5,568.9600,568.9600,568.9600,568.9600,1,1,2026-08-24T00:00:00.000
409,20260801,20260816,419,269,10,331,61,3,5,570.3300,570.3300,570.3300,570.3300,1,1,2026-08-24T00:00:00.000
410,20260819,20260607,192,77,48,276,10,4,3,571.7000,571.7000,571.7000,571.7000,1,1,2026-08-24T00:00:00.000
411,20260720,20260720,287,63,94,485,255,8,1,573.0700,573.0700,573.0700,573.0700,1,1,2026-08-24T00:00:00.000
412,20260822,20260607,403,26,128,369,218,7,5,574.4400,574.4400,574.4400,574.4400,1,1,2026-08-24T00:00:00.000
413,20260719,20260711,83,230,84,50,371,8,2,575.8100,575.8100,575.8100,575.8100,1,1,2026-08-24T00:00:00.000
414,20260809,20260620,117,155,282,32,418,5,5,577.1800,577.1800,577.1800,577.1800,1,1,2026-08-24T00:00:00.000
415,20260810,20260709,443,90,277,306,177,1,5,578.5500,578.5500,578.5500,578.5500,1,1,2026-08-24T00:00:00.000
416,20260716,20260817,117,75,255,473,406,2,5,579.9200,579.9200,579.9200,579.9200,1,1,2026-08-24T00:00:00.000
417,20260725,20260527,282,304,46,327,119,2,1,581.2900,581.2900,581.2900,581.2900,1,1,2026-08-24T00:00:00.000
418,20260704,20260706,109,141,260,341,83,5,3,582.6600,582.6600,582.6600,582.6600,1,1,2026-08-24T00:00:00.000
419,20260810,20260629,500,45,469,63,140,7,3,584.0300,584.0300,584.0300,584.0300,1,1,2026-08-24T00:00:00.000
420,20260604,20260531,424,281,96,42,26,1,2,585.4000,585.4000,585.4000,585.4000,1,1,2026-08-24T00:00:00.000
421,20260614,20260722,496,19,146,220,388,5,1,586.7700,586.7700,586.7700,586.7700,1,1,2026-08-24T00:00:00.000
422,20260601,20260731,493,237,134,443,181,8,2,588.1400,588.1400,588.1400,588.1400,1,1,2026-08-24T00:00:00.000
423,20260601,20260810,221,28,213,248,87,5,3,589.5100,589.5100,589.5100,589.5100,1,1,2026-08-24T00:00:00.000
424,20260805,20260527,333,14,118,253,184,7,5,590.8800,590.8800,590.8800,590.8800,1,1,2026-08-24T00:00:00.000
425,20260615,20260627,285,115,398,245,410,7,2,592.2500,592.2500,592.2500,592.2500,1,1,2026-08-24T00:00:00.000
426,20260709,20260616,54,250,438,301,329,2,1,593.6200,593.6200,593.6200,593.6200,1,1,2026-08-24T00:00:00.000
427,20260629,20260627,94,122,357,165,13,7,5,594.9900,594.9900,594.9900,594.9900,1,1,2026-08-24T00:00:00.000
428,20260730,20260531,150,284,466,189,211,4,4,596.3600,596.3600,596.3600,596.3600,1,1,2026-08-24T00:00:00.000
429,20260811,20260804,435,209,174,39,203,6,2,597.7300,597.7300,597.7300,597.7300,1,1,2026-08-24T00:00:00.000
430,20260708,20260729,133,186,280,100,156,1,4,599.1000,599.1000,599.1000,599.1000,1,1,2026-08-24T00:00:00.000
431,20260710,20260704,269,19,422,65,292,1,1,600.4700,600.4700,600.4700,600.4700,1,1,2026-08-24T00:00:00.000
432,20260812,20260614,284,262,35,182,393,7,2,601.8400,601.8400,601.8400,601.8400,1,1,2026-08-24T00:00:00.000
433,20260604,20260824,141,289,4,252,98,3,4,603.2100,603.2100,603.2100,603.2100,1,1,2026-08-24T00:00:00.000
434,20260809,20260708,263,55,320,203,222,3,5,604.5800,604.5800,604.5800,604.5800,1,1,2026-08-24T00:00:00.000
435,20260706,20260809,361,140,35,378,67,7,5,605.9500,605.9500,605.9500,605.9500,1,1,2026-08-24T00:00:00.000
436,20260605,20260726,220,106,379,40,363,6,5,607.3200,607.3200,607.3200,607.3200,1,1,2026-08-24T00:00:00.000
437,20260724,20260717,195,4,192,30,112,6,2,608.6900,608.6900,608.6900,608.6900,1,1,2026-08-24T00:00:00.000
438,20260626,20260609,404,268,447,447,399,4,5,610.0600,610.0600,610.0600,610.0600,1,1,2026-08-24T00:00:00.000
439,20260707,20260612,213,77,70,145,81,5,1,611.4300,611.4300,611.4300,611.4300,1,1,2026-08-24T00:00:00.000
440,20260818,20260806,111,324,166,159,193,4,5,612.8000,612.8000,612.8000,612.8000,1,1,2026-08-24T00:00:00.000
441,20260727,20260613,495,6,417,396,9,3,3,614.1700,614.1700,614.1700,614.1700,1,1,2026-08-24T00:00:00.000
442,20260606,20260609,239,253,66,207,490,6,3,615.5400,615.5400,615.5400,615.5400,1,1,2026-08-24T00:00:00.000
443,20260704,20260701,243,172,78,478,47,1,3,616.9100,616.9100,616.9100,616.9100,1,1,2026-08-24T00:00:00.000
444,20260810,20260727,265,251,87,452,226,6,2,618.2800,618.2800,618.2800,618.2800,1,1,2026-08-24T00:00:00.000
445,20260605,20260605,91,219,263,323,44,1,3,619.6500,619.6500,619.6500,619.6500,1,1,2026-08-24T00:00:00.000
446,20260604,20260618,46,7,465,499,272,7,5,621.0200,621.0200,621.0200,621.0200,1,1,2026-08-24T00:00:00.000
447,20260802,20260723,183,226,101,16,241,5,4,622.3900,622.3900,622.3900,622.3900,1,1,2026-08-24T00:00:00.000
448,20260601,20260702,263,191,172,222,366,5,2,623.7600,623.7600,623.7600,623.7600,1,1,2026-08-24T00:00:00.000
449,20260723,20260801,19,34,383,79,90,4,3,625.1300,625.1300,625.1300,625.1300,1,1,2026-08-24T00:00:00.000
450,20260610,20260808,371,344,305,179,221,3,5,626.5000,626.5000,626.5000,626.5000,1,1,2026-08-24T00:00:00.000
451,20260817,20260819,437,264,320,166,277,4,5,627.8700,627.8700,627.8700,627.8700,1,1,2026-08-24T00:00:00.000
452,20260724,20260811,493,227,315,145,442,3,5,629.2400,629.2400,629.2400,629.2400,1,1,2026-08-24T00:00:00.000
453,20260611,20260812,127,46,427,434,466,1,2,630.6100,630.6100,630.6100,630.6100,1,1,2026-08-24T00:00:00.000
454,20260622,20260716,283,123,480,429,189,4,5,631.9800,631.9800,631.9800,631.9800,1,1,2026-08-24T00:00:00.000
455,20260602,20260802,253,347,34,125,270,4,2,633.3500,633.3500,633.3500,633.3500,1,1,2026-08-24T00:00:00.000
456,20260701,20260704,267,45,129,327,63,3,5,634.7200,634.7200,634.7200,634.7200,1,1,2026-08-24T00:00:00.000
457,20260824,20260622,164,107,78,373,232,1,1,636.0900,636.0900,636.0900,636.0900,1,1,2026-08-24T00:00:00.000
458,20260820,20260619,199,299,324,476,170,6,5,637.4600,637.4600,637.4600,637.4600,1,1,2026-08-24T00:00:00.000
459,20260603,20260619,111,104,381,15,474,8,3,638.8300,638.8300,638.8300,638.8300,1,1,2026-08-24T00:00:00.000
460,20260629,20260614,103,44,303,397,409,4,3,640.2000,640.2000,640.2000,640.2000,1,1,2026-08-24T00:00:00.000
461,20260823,20260627,435,289,210,438,306,3,2,641.5700,641.5700,641.5700,641.5700,1,1,2026-08-24T00:00:00.000
462,20260604,20260807,116,221,204,29,72,5,4,642.9400,642.9400,642.9400,642.9400,1,1,2026-08-24T00:00:00.000
463,20260603,20260819,396,331,395,451,198,4,1,644.3100,644.3100,644.3100,644.3100,1,1,2026-08-24T00:00:00.000
464,20260626,20260608,434,241,240,112,160,8,1,645.6800,645.6800,645.6800,645.6800,1,1,2026-08-24T00:00:00.000
465,20260711,20260622,29,248,103,214,15,1,3,647.0500,647.0500,647.0500,647.0500,1,1,2026-08-24T00:00:00.000
466,20260805,20260710,51,250,192,126,288,6,2,648.4200,648.4200,648.4200,648.4200,1,1,2026-08-24T00:00:00.000
467,20260724,20260710,389,15,174,73,114,1,5,649.7900,649.7900,649.7900,649.7900,1,1,2026-08-24T00:00:00.000
468,20260723,20260528,150,152,65,103,29,1,1,651.1600,651.1600,651.1600,651.1600,1,1,2026-08-24T00:00:00.000
469,20260813,20260808,421,231,496,17,254,5,5,652.5300,652.5300,652.5300,652.5300,1,1,2026-08-24T00:00:00.000
470,20260601,20260723,48,258,134,420,12,5,2,653.9000,653.9000,653.9000,653.9000,1,1,2026-08-24T00:00:00.000
471,20260701,20260529,37,285,320,366,293,6,3,655.2700,655.2700,655.2700,655.2700,1,1,2026-08-24T00:00:00.000
472,20260729,20260623,48,202,490,72,387,5,2,656.6400,656.6400,656.6400,656.6400,1,1,2026-08-24T00:00:00.000
473,20260720,20260621,58,253,41,432,491,1,2,658.0100,658.0100,658.0100,658.0100,1,1,2026-08-24T00:00:00.000
474,20260617,20260708,451,14,315,475,494,3,2,659.3800,659.3800,659.3800,659.3800,1,1,2026-08-24T00:00:00.000
475,20260530,20260701,254,336,148,138,374,7,2,660.7500,660.7500,660.7500,660.7500,1,1,2026-08-24T00:00:00.000
476,20260608,20260723,346,30,391,477,281,7,1,662.1200,662.1200,662.1200,662.1200,1,1,2026-08-24T00:00:00.000
477,20260819,20260605,426,186,436,115,31,2,5,663.4900,663.4900,663.4900,663.4900,1,1,2026-08-24T00:00:00.000
478,20260528,20260706,481,230,298,103,498,4,5,664.8600,664.8600,664.8600,664.8600,1,1,2026-08-24T00:00:00.000
479,20260720,20260605,83,88,109,194,217,1,5,666.2300,666.2300,666.2300,666.2300,1,1,2026-08-24T00:00:00.000
480,20260528,20260731,208,218,272,274,495,1,5,667.6000,667.6000,667.6000,667.6000,1,1,2026-08-24T00:00:00.000
481,20260621,20260806,257,244,181,204,443,2,3,668.9700,668.9700,668.9700,668.9700,1,1,2026-08-24T00:00:00.000
482,20260619,20260613,257,140,36,81,427,5,5,670.3400,670.3400,670.3400,670.3400,1,1,2026-08-24T00:00:00.000
483,20260707,20260806,72,43,68,322,6,6,1,671.7100,671.7100,671.7100,671.7100,1,1,2026-08-24T00:00:00.000
484,20260820,20260721,271,342,211,163,108,1,3,673.0800,673.0800,673.0800,673.0800,1,1,2026-08-24T00:00:00.000
485,20260625,20260716,327,53,240,223,94,5,5,674.4500,674.4500,674.4500,674.4500,1,1,2026-08-24T00:00:00.000
486,20260604,20260714,110,211,459,1,247,5,2,675.8200,675.8200,675.8200,675.8200,1,1,2026-08-24T00:00:00.000
487,20260612,20260626,323,149,275,491,357,6,5,677.1900,677.1900,677.1900,677.1900,1,1,2026-08-24T00:00:00.000
488,20260728,20260617,462,34,327,144,454,8,2,678.5600,678.5600,678.5600,678.5600,1,1,2026-08-24T00:00:00.000
489,20260721,20260819,272,77,440,342,248,4,3,679.9300,679.9300,679.9300,679.9300,1,1,2026-08-24T00:00:00.000
490,20260527,20260722,235,181,324,266,473,2,4,681.3000,681.3000,681.3000,681.3000,1,1,2026-08-24T00:00:00.000
491,20260721,20260618,141,103,36,195,400,8,4,682.6700,682.6700,682.6700,682.6700,1,1,2026-08-24T00:00:00.000
492,20260802,20260620,12,223,257,479,277,5,2,684.0400,684.0400,684.0400,684.0400,1,1,2026-08-24T00:00:00.000
493,20260625,20260703,413,342,19,126,439,6,2,685.4100,685.4100,685.4100,685.4100,1,1,2026-08-24T00:00:00.000
494,20260530,20260623,500,174,498,452,345,5,1,686.7800,686.7800,686.7800,686.7800,1,1,2026-08-24T00:00:00.000
495,20260809,20260811,451,118,31,328,314,3,2,688.1500,688.1500,688.1500,688.1500,1,1,2026-08-24T00:00:00.000
496,20260612,20260629,89,145,421,107,306,8,3,689.5200,689.5200,689.5200,689.5200,1,1,2026-08-24T00:00:00.000
497,20260713,20260622,307,286,37,391,160,4,1,690.8900,690.8900,690.8900,690.8900,1,1,2026-08-24T00:00:00.000
498,20260603,20260607,500,187,335,97,370,7,3,692.2600,692.2600,692.2600,692.2600,1,1,2026-08-24T00:00:00.000
499,20260801,20260814,492,221,26,370,413,6,4,693.6300,693.6300,693.6300,693.6300,1,1,2026-08-24T00:00:00.000
500,20260715,20260710,474,1,85,147,225,3,3,695.0000,695.0000,695.0000,695.0000,1,1,2026-08-24T00:00:00.000
501,20260808,20260608,95,207,269,439,182,5,1,696.3700,696.3700,696.3700,696.3700,1,1,2026-08-24T00:00:00.000
502,20260619,20260710,276,126,157,372,428,4,2,697.7400,697.7400,697.7400,697.7400,1,1,2026-08-24T00:00:00.000
503,20260601,20260729,126,126,404,23,238,4,2,699.1100,699.1100,699.1100,699.1100,1,1,2026-08-24T00:00:00.000
504,20260712,20260702,267,129,364,263,63,1,5,700.4800,700.4800,700.4800,700.4800,1,1,2026-08-24T00:00:00.000
505,20260722,20260610,480,261,417,432,158,1,1,701.8500,701.8500,701.8500,701.8500,1,1,2026-08-24T00:00:00.000
506,20260528,20260606,103,288,276,169,218,2,2,703.2200,703.2200,703.2200,703.2200,1,1,2026-08-24T00:00:00.000
507,20260628,20260622,219,332,468,69,349,5,2,704.5900,704.5900,704.5900,704.5900,1,1,2026-08-24T00:00:00.000
508,20260816,20260529,274,271,438,152,359,7,4,705.9600,705.9600,705.9600,705.9600,1,1,2026-08-24T00:00:00.000
509,20260606,20260731,192,73,453,105,321,7,2,707.3300,707.3300,707.3300,707.3300,1,1,2026-08-24T00:00:00.000
510,20260814,20260619,397,267,263,324,472,3,1,708.7000,708.7000,708.7000,708.7000,1,1,2026-08-24T00:00:00.000
511,20260721,20260608,430,262,294,338,91,4,2,710.0700,710.0700,710.0700,710.0700,1,1,2026-08-24T00:00:00.000
512,20260821,20260711,418,6,405,411,308,3,5,711.4400,711.4400,711.4400,711.4400,1,1,2026-08-24T00:00:00.000
513,20260819,20260713,324,26,190,461,282,2,4,712.8100,712.8100,712.8100,712.8100,1,1,2026-08-24T00:00:00.000
514,20260804,20260724,424,107,32,331,292,6,1,714.1800,714.1800,714.1800,714.1800,1,1,2026-08-24T00:00:00.000
515,20260531,20260623,27,86,479,426,403,5,3,715.5500,715.5500,715.5500,715.5500,1,1,2026-08-24T00:00:00.000
516,20260601,20260608,237,258,208,386,253,1,1,716.9200,716.9200,716.9200,716.9200,1,1,2026-08-24T00:00:00.000
517,20260621,20260624,123,303,169,243,114,8,3,718.2900,718.2900,718.2900,718.2900,1,1,2026-08-24T00:00:00.000
518,20260720,20260711,208,312,41,67,41,1,3,719.6600,719.6600,719.6600,719.6600,1,1,2026-08-24T00:00:00.000
519,20260707,20260724,289,137,280,221,400,1,3,721.0300,721.0300,721.0300,721.0300,1,1,2026-08-24T00:00:00.000
520,20260716,20260823,394,251,40,464,32,4,1,722.4000,722.4000,722.4000,722.4000,1,1,2026-08-24T00:00:00.000
521,20260805,20260628,415,216,354,411,370,1,5,723.7700,723.7700,723.7700,723.7700,1,1,2026-08-24T00:00:00.000
522,20260714,20260630,121,306,498,443,257,3,1,725.1400,725.1400,725.1400,725.1400,1,1,2026-08-24T00:00:00.000
523,20260616,20260820,234,17,194,3,353,7,3,726.5100,726.5100,726.5100,726.5100,1,1,2026-08-24T00:00:00.000
524,20260603,20260802,369,63,36,451,94,2,5,727.8800,727.8800,727.8800,727.8800,1,1,2026-08-24T00:00:00.000
525,20260817,20260819,239,28,209,358,88,8,3,729.2500,729.2500,729.2500,729.2500,1,1,2026-08-24T00:00:00.000
526,20260819,20260725,438,209,255,109,109,4,1,730.6200,730.6200,730.6200,730.6200,1,1,2026-08-24T00:00:00.000
527,20260611,20260620,178,337,376,110,452,5,5,731.9900,731.9900,731.9900,731.9900,1,1,2026-08-24T00:00:00.000
528,20260705,20260706,395,277,315,166,9,4,4,733.3600,733.3600,733.3600,733.3600,1,1,2026-08-24T00:00:00.000
529,20260605,20260716,142,20,46,187,70,8,3,734.7300,734.7300,734.7300,734.7300,1,1,2026-08-24T00:00:00.000
530,20260531,20260531,308,317,177,283,398,2,5,736.1000,736.1000,736.1000,736.1000,1,1,2026-08-24T00:00:00.000
531,20260731,20260530,421,29,102,354,195,6,5,737.4700,737.4700,737.4700,737.4700,1,1,2026-08-24T00:00:00.000
532,20260717,20260620,358,75,434,156,355,3,3,738.8400,738.8400,738.8400,738.8400,1,1,2026-08-24T00:00:00.000
533,20260619,20260527,19,75,80,447,233,2,3,740.2100,740.2100,740.2100,740.2100,1,1,2026-08-24T00:00:00.000
534,20260718,20260819,6,129,140,284,408,5,3,741.5800,741.5800,741.5800,741.5800,1,1,2026-08-24T00:00:00.000
535,20260618,20260816,388,136,52,443,303,6,3,742.9500,742.9500,742.9500,742.9500,1,1,2026-08-24T00:00:00.000
536,20260531,20260705,21,255,421,132,42,1,1,744.3200,744.3200,744.3200,744.3200,1,1,2026-08-24T00:00:00.000
537,20260625,20260804,71,124,140,441,60,1,3,745.6900,745.6900,745.6900,745.6900,1,1,2026-08-24T00:00:00.000
538,20260607,20260705,157,251,81,50,276,3,5,747.0600,747.0600,747.0600,747.0600,1,1,2026-08-24T00:00:00.000
539,20260618,20260710,426,228,89,77,5,2,5,748.4300,748.4300,748.4300,748.4300,1,1,2026-08-24T00:00:00.000
540,20260605,20260628,48,238,126,223,88,1,3,749.8000,749.8000,749.8000,749.8000,1,1,2026-08-24T00:00:00.000
541,20260819,20260728,446,186,2,204,311,3,5,751.1700,751.1700,751.1700,751.1700,1,1,2026-08-24T00:00:00.000
542,20260710,20260819,356,10,86,442,315,6,5,752.5400,752.5400,752.5400,752.5400,1,1,2026-08-24T00:00:00.000
543,20260623,20260715,446,80,68,13,205,5,5,753.9100,753.9100,753.9100,753.9100,1,1,2026-08-24T00:00:00.000
544,20260704,20260713,157,262,409,51,415,6,1,755.2800,755.2800,755.2800,755.2800,1,1,2026-08-24T00:00:00.000
545,20260715,20260615,488,227,381,320,70,5,1,756.6500,756.6500,756.6500,756.6500,1,1,2026-08-24T00:00:00.000
546,20260810,20260731,31,170,274,198,465,8,1,758.0200,758.0200,758.0200,758.0200,1,1,2026-08-24T00:00:00.000
547,20260718,20260806,388,272,480,148,137,8,3,759.3900,759.3900,759.3900,759.3900,1,1,2026-08-24T00:00:00.000
548,20260601,20260624,14,218,345,468,263,7,2,760.7600,760.7600,760.7600,760.7600,1,1,2026-08-24T00:00:00.000
549,20260627,20260802,273,203,434,165,235,1,5,762.1300,762.1300,762.1300,762.1300,1,1,2026-08-24T00:00:00.000
550,20260809,20260728,146,316,117,326,56,7,5,763.5000,763.5000,763.5000,763.5000,1,1,2026-08-24T00:00:00.000
551,20260530,20260706,383,151,36,128,473,3,1,764.8700,764.8700,764.8700,764.8700,1,1,2026-08-24T00:00:00.000
552,20260625,20260617,233,322,482,312,463,7,5,766.2400,766.2400,766.2400,766.2400,1,1,2026-08-24T00:00:00.000
553,20260723,20260723,107,114,401,83,119,8,2,767.6100,767.6100,767.6100,767.6100,1,1,2026-08-24T00:00:00.000
554,20260605,20260609,370,160,124,42,482,8,3,768.9800,768.9800,768.9800,768.9800,1,1,2026-08-24T00:00:00.000
555,20260605,20260821,178,257,390,108,356,4,1,770.3500,770.3500,770.3500,770.3500,1,1,2026-08-24T00:00:00.000
556,20260616,20260727,130,139,317,189,348,2,1,771.7200,771.7200,771.7200,771.7200,1,1,2026-08-24T00:00:00.000
557,20260702,20260714,158,105,202,478,216,7,1,773.0900,773.0900,773.0900,773.0900,1,1,2026-08-24T00:00:00.000
558,20260716,20260529,260,212,500,206,138,4,2,774.4600,774.4600,774.4600,774.4600,1,1,2026-08-24T00:00:00.000
559,20260602,20260603,497,265,156,221,147,3,3,775.8300,775.8300,775.8300,775.8300,1,1,2026-08-24T00:00:00.000
560,20260617,20260618,39,347,111,131,216,6,1,777.2000,777.2000,777.2000,777.2000,1,1,2026-08-24T00:00:00.000
561,20260704,20260820,482,182,202,25,386,7,2,778.5700,778.5700,778.5700,778.5700,1,1,2026-08-24T00:00:00.000
562,20260613,20260625,131,15,465,338,57,1,4,779.9400,779.9400,779.9400,779.9400,1,1,2026-08-24T00:00:00.000
563,20260601,20260809,426,275,29,56,447,4,5,781.3100,781.3100,781.3100,781.3100,1,1,2026-08-24T00:00:00.000
564,20260814,20260710,185,312,230,42,121,6,4,782.6800,782.6800,782.6800,782.6800,1,1,2026-08-24T00:00:00.000
565,20260728,20260808,164,306,174,24,149,2,4,784.0500,784.0500,784.0500,784.0500,1,1,2026-08-24T00:00:00.000
566,20260616,20260812,367,129,500,293,312,4,2,785.4200,785.4200,785.4200,785.4200,1,1,2026-08-24T00:00:00.000
567,20260803,20260716,446,150,498,214,234,7,2,786.7900,786.7900,786.7900,786.7900,1,1,2026-08-24T00:00:00.000
568,20260624,20260823,303,85,428,244,428,2,3,788.1600,788.1600,788.1600,788.1600,1,1,2026-08-24T00:00:00.000
569,20260815,20260717,178,136,432,234,304,2,1,789.5300,789.5300,789.5300,789.5300,1,1,2026-08-24T00:00:00.000
570,20260730,20260602,387,285,346,296,345,8,3,790.9000,790.9000,790.9000,790.9000,1,1,2026-08-24T00:00:00.000
571,20260713,20260824,281,12,404,176,290,5,5,792.2700,792.2700,792.2700,792.2700,1,1,2026-08-24T00:00:00.000
572,20260611,20260619,75,262,111,437,227,7,4,793.6400,793.6400,793.6400,793.6400,1,1,2026-08-24T00:00:00.000
573,20260621,20260719,189,95,386,367,190,8,5,795.0100,795.0100,795.0100,795.0100,1,1,2026-08-24T00:00:00.000
574,20260703,20260614,404,299,7,346,496,1,5,796.3800,796.3800,796.3800,796.3800,1,1,2026-08-24T00:00:00.000
575,20260624,20260623,135,90,209,432,456,6,4,797.7500,797.7500,797.7500,797.7500,1,1,2026-08-24T00:00:00.000
576,20260709,20260622,435,49,28,197,188,8,1,799.1200,799.1200,799.1200,799.1200,1,1,2026-08-24T00:00:00.000
577,20260816,20260811,173,14,241,34,443,2,1,800.4900,800.4900,800.4900,800.4900,1,1,2026-08-24T00:00:00.000
578,20260817,20260612,324,264,465,339,491,4,3,801.8600,801.8600,801.8600,801.8600,1,1,2026-08-24T00:00:00.000
579,20260816,20260527,355,249,275,158,261,7,3,803.2300,803.2300,803.2300,803.2300,1,1,2026-08-24T00:00:00.000
580,20260616,20260530,255,94,378,322,33,1,1,804.6000,804.6000,804.6000,804.6000,1,1,2026-08-24T00:00:00.000
581,20260804,20260807,92,28,231,321,183,8,2,805.9700,805.9700,805.9700,805.9700,1,1,2026-08-24T00:00:00.000
582,20260610,20260606,159,70,128,145,464,4,2,807.3400,807.3400,807.3400,807.3400,1,1,2026-08-24T00:00:00.000
583,20260618,20260624,16,62,161,285,145,6,3,808.7100,808.7100,808.7100,808.7100,1,1,2026-08-24T00:00:00.000
584,20260729,20260806,174,36,305,24,401,5,3,810.0800,810.0800,810.0800,810.0800,1,1,2026-08-24T00:00:00.000
585,20260811,20260813,228,339,397,115,245,7,4,811.4500,811.4500,811.4500,811.4500,1,1,2026-08-24T00:00:00.000
586,20260807,20260813,28,19,208,36,108,5,2,812.8200,812.8200,812.8200,812.8200,1,1,2026-08-24T00:00:00.000
587,20260607,20260713,428,77,441,31,73,7,1,814.1900,814.1900,814.1900,814.1900,1,1,2026-08-24T00:00:00.000
588,20260807,20260703,397,269,382,466,426,6,3,815.5600,815.5600,815.5600,815.5600,1,1,2026-08-24T00:00:00.000
589,20260705,20260701,70,5,383,494,356,8,1,816.9300,816.9300,816.9300,816.9300,1,1,2026-08-24T00:00:00.000
590,20260721,20260813,331,333,179,253,436,3,3,818.3000,818.3000,818.3000,818.3000,1,1,2026-08-24T00:00:00.000
591,20260821,20260613,388,34,175,15,284,1,1,819.6700,819.6700,819.6700,819.6700,1,1,2026-08-24T00:00:00.000
592,20260803,20260731,325,37,321,285,222,4,2,821.0400,821.0400,821.0400,821.0400,1,1,2026-08-24T00:00:00.000
593,20260627,20260703,139,212,398,276,97,1,5,822.4100,822.4100,822.4100,822.4100,1,1,2026-08-24T00:00:00.000
594,20260723,20260809,163,204,270,28,68,1,1,823.7800,823.7800,823.7800,823.7800,1,1,2026-08-24T00:00:00.000
595,20260620,20260816,449,70,132,222,408,2,3,825.1500,825.1500,825.1500,825.1500,1,1,2026-08-24T00:00:00.000
596,20260816,20260708,442,11,6,66,234,2,4,826.5200,826.5200,826.5200,826.5200,1,1,2026-08-24T00:00:00.000
597,20260531,20260616,451,192,490,425,219,7,1,827.8900,827.8900,827.8900,827.8900,1,1,2026-08-24T00:00:00.000
598,20260821,20260628,133,242,299,368,325,7,1,829.2600,829.2600,829.2600,829.2600,1,1,2026-08-24T00:00:00.000
599,20260712,20260603,335,82,8,465,106,4,3,830.6300,830.6300,830.6300,830.6300,1,1,2026-08-24T00:00:00.000
600,20260818,20260717,415,28,392,412,64,4,3,832.0000,832.0000,832.0000,832.0000,1,1,2026-08-24T00:00:00.000
601,20260601,20260814,112,323,50,238,470,1,4,833.3700,833.3700,833.3700,833.3700,1,1,2026-08-24T00:00:00.000
602,20260713,20260818,346,39,185,80,497,6,1,834.7400,834.7400,834.7400,834.7400,1,1,2026-08-24T00:00:00.000
603,20260820,20260810,491,209,475,24,486,1,4,836.1100,836.1100,836.1100,836.1100,1,1,2026-08-24T00:00:00.000
604,20260623,20260705,332,231,480,63,99,8,2,837.4800,837.4800,837.4800,837.4800,1,1,2026-08-24T00:00:00.000
605,20260608,20260702,357,108,415,98,427,4,5,838.8500,838.8500,838.8500,838.8500,1,1,2026-08-24T00:00:00.000
606,20260625,20260706,348,113,172,172,48,7,3,840.2200,840.2200,840.2200,840.2200,1,1,2026-08-24T00:00:00.000
607,20260717,20260711,431,151,483,233,366,1,4,841.5900,841.5900,841.5900,841.5900,1,1,2026-08-24T00:00:00.000
608,20260807,20260823,221,266,147,435,471,8,3,842.9600,842.9600,842.9600,842.9600,1,1,2026-08-24T00:00:00.000
609,20260616,20260817,427,282,211,286,374,4,3,844.3300,844.3300,844.3300,844.3300,1,1,2026-08-24T00:00:00.000
610,20260806,20260719,412,73,152,274,40,1,4,845.7000,845.7000,845.7000,845.7000,1,1,2026-08-24T00:00:00.000
611,20260812,20260608,126,289,490,463,60,7,3,847.0700,847.0700,847.0700,847.0700,1,1,2026-08-24T00:00:00.000
612,20260711,20260720,198,322,255,454,108,2,5,848.4400,848.4400,848.4400,848.4400,1,1,2026-08-24T00:00:00.000
613,20260816,20260809,145,147,411,471,65,6,3,849.8100,849.8100,849.8100,849.8100,1,1,2026-08-24T00:00:00.000
614,20260729,20260622,163,108,128,453,20,2,3,851.1800,851.1800,851.1800,851.1800,1,1,2026-08-24T00:00:00.000
615,20260617,20260816,46,218,479,495,393,6,5,852.5500,852.5500,852.5500,852.5500,1,1,2026-08-24T00:00:00.000
616,20260627,20260809,470,238,333,53,214,8,4,853.9200,853.9200,853.9200,853.9200,1,1,2026-08-24T00:00:00.000
617,20260803,20260613,393,68,165,330,407,4,2,855.2900,855.2900,855.2900,855.2900,1,1,2026-08-24T00:00:00.000
618,20260808,20260623,126,18,380,181,94,2,4,856.6600,856.6600,856.6600,856.6600,1,1,2026-08-24T00:00:00.000
619,20260823,20260622,334,58,147,169,375,7,1,858.0300,858.0300,858.0300,858.0300,1,1,2026-08-24T00:00:00.000
620,20260709,20260812,235,311,3,164,356,3,1,859.4000,859.4000,859.4000,859.4000,1,1,2026-08-24T00:00:00.000
621,20260708,20260619,6,306,440,237,211,7,2,860.7700,860.7700,860.7700,860.7700,1,1,2026-08-24T00:00:00.000
622,20260804,20260725,260,321,305,281,464,1,1,862.1400,862.1400,862.1400,862.1400,1,1,2026-08-24T00:00:00.000
623,20260628,20260824,244,182,453,13,367,7,1,863.5100,863.5100,863.5100,863.5100,1,1,2026-08-24T00:00:00.000
624,20260628,20260612,214,13,311,482,157,7,1,864.8800,864.8800,864.8800,864.8800,1,1,2026-08-24T00:00:00.000
625,20260604,20260728,92,46,163,225,479,5,4,866.2500,866.2500,866.2500,866.2500,1,1,2026-08-24T00:00:00.000
626,20260612,20260628,144,70,172,132,265,1,3,867.6200,867.6200,867.6200,867.6200,1,1,2026-08-24T00:00:00.000
627,20260626,20260702,189,14,76,71,85,5,3,868.9900,868.9900,868.9900,868.9900,1,1,2026-08-24T00:00:00.000
628,20260718,20260719,451,296,106,10,116,6,1,870.3600,870.3600,870.3600,870.3600,1,1,2026-08-24T00:00:00.000
629,20260816,20260618,38,107,115,144,155,3,5,871.7300,871.7300,871.7300,871.7300,1,1,2026-08-24T00:00:00.000
630,20260720,20260801,327,74,98,43,57,3,5,873.1000,873.1000,873.1000,873.1000,1,1,2026-08-24T00:00:00.000
631,20260607,20260612,43,326,359,435,222,7,1,874.4700,874.4700,874.4700,874.4700,1,1,2026-08-24T00:00:00.000
632,20260706,20260820,277,216,307,275,380,2,1,875.8400,875.8400,875.8400,875.8400,1,1,2026-08-24T00:00:00.000
633,20260729,20260725,148,292,396,400,56,5,1,877.2100,877.2100,877.2100,877.2100,1,1,2026-08-24T00:00:00.000
634,20260722,20260620,15,163,222,348,274,1,2,878.5800,878.5800,878.5800,878.5800,1,1,2026-08-24T00:00:00.000
635,20260808,20260717,385,249,379,100,324,3,3,879.9500,879.9500,879.9500,879.9500,1,1,2026-08-24T00:00:00.000
636,20260613,20260823,277,111,53,372,477,2,3,881.3200,881.3200,881.3200,881.3200,1,1,2026-08-24T00:00:00.000
637,20260726,20260603,269,336,490,138,71,6,2,882.6900,882.6900,882.6900,882.6900,1,1,2026-08-24T00:00:00.000
638,20260706,20260805,17,244,274,116,99,7,4,884.0600,884.0600,884.0600,884.0600,1,1,2026-08-24T00:00:00.000
639,20260703,20260714,430,168,335,175,354,8,5,885.4300,885.4300,885.4300,885.4300,1,1,2026-08-24T00:00:00.000
640,20260726,20260808,143,45,462,334,319,2,2,886.8000,886.8000,886.8000,886.8000,1,1,2026-08-24T00:00:00.000
641,20260724,20260814,301,213,421,358,75,1,5,888.1700,888.1700,888.1700,888.1700,1,1,2026-08-24T00:00:00.000
642,20260704,20260605,26,272,129,302,377,7,4,889.5400,889.5400,889.5400,889.5400,1,1,2026-08-24T00:00:00.000
643,20260809,20260613,41,275,277,97,246,7,1,890.9100,890.9100,890.9100,890.9100,1,1,2026-08-24T00:00:00.000
644,20260714,20260607,256,281,383,173,55,6,4,892.2800,892.2800,892.2800,892.2800,1,1,2026-08-24T00:00:00.000
645,20260814,20260810,331,91,168,230,126,4,1,893.6500,893.6500,893.6500,893.6500,1,1,2026-08-24T00:00:00.000
646,20260815,20260614,433,88,214,238,148,1,3,895.0200,895.0200,895.0200,895.0200,1,1,2026-08-24T00:00:00.000
647,20260528,20260701,343,350,143,118,486,1,5,896.3900,896.3900,896.3900,896.3900,1,1,2026-08-24T00:00:00.000
648,20260611,20260819,90,339,334,16,498,6,4,897.7600,897.7600,897.7600,897.7600,1,1,2026-08-24T00:00:00.000
649,20260809,20260805,323,23,274,221,480,7,1,899.1300,899.1300,899.1300,899.1300,1,1,2026-08-24T00:00:00.000
650,20260703,20260707,400,99,347,137,75,8,2,900.5000,900.5000,900.5000,900.5000,1,1,2026-08-24T00:00:00.000
651,20260607,20260630,194,233,89,275,207,6,1,901.8700,901.8700,901.8700,901.8700,1,1,2026-08-24T00:00:00.000
652,20260818,20260622,52,73,320,308,202,5,2,903.2400,903.2400,903.2400,903.2400,1,1,2026-08-24T00:00:00.000
653,20260816,20260528,429,296,14,333,197,4,1,904.6100,904.6100,904.6100,904.6100,1,1,2026-08-24T00:00:00.000
654,20260605,20260703,389,307,415,161,103,1,2,905.9800,905.9800,905.9800,905.9800,1,1,2026-08-24T00:00:00.000
655,20260809,20260714,441,53,454,116,155,6,1,907.3500,907.3500,907.3500,907.3500,1,1,2026-08-24T00:00:00.000
656,20260722,20260527,197,268,232,497,378,1,1,908.7200,908.7200,908.7200,908.7200,1,1,2026-08-24T00:00:00.000
657,20260804,20260612,452,118,37,145,487,8,5,910.0900,910.0900,910.0900,910.0900,1,1,2026-08-24T00:00:00.000
658,20260807,20260628,25,42,138,176,120,3,5,911.4600,911.4600,911.4600,911.4600,1,1,2026-08-24T00:00:00.000
659,20260607,20260724,478,243,428,362,385,4,5,912.8300,912.8300,912.8300,912.8300,1,1,2026-08-24T00:00:00.000
660,20260819,20260613,114,139,3,265,500,2,4,914.2000,914.2000,914.2000,914.2000,1,1,2026-08-24T00:00:00.000
661,20260530,20260809,121,309,85,76,253,5,3,915.5700,915.5700,915.5700,915.5700,1,1,2026-08-24T00:00:00.000
662,20260624,20260611,127,8,129,68,4,6,1,916.9400,916.9400,916.9400,916.9400,1,1,2026-08-24T00:00:00.000
663,20260627,20260620,226,47,407,482,444,5,3,918.3100,918.3100,918.3100,918.3100,1,1,2026-08-24T00:00:00.000
664,20260608,20260626,203,276,36,492,380,3,2,919.6800,919.6800,919.6800,919.6800,1,1,2026-08-24T00:00:00.000
665,20260807,20260711,418,1,466,342,253,1,3,921.0500,921.0500,921.0500,921.0500,1,1,2026-08-24T00:00:00.000
666,20260723,20260603,192,208,34,347,108,7,4,922.4200,922.4200,922.4200,922.4200,1,1,2026-08-24T00:00:00.000
667,20260720,20260724,440,230,275,337,150,8,1,923.7900,923.7900,923.7900,923.7900,1,1,2026-08-24T00:00:00.000
668,20260726,20260820,289,224,486,371,434,1,2,925.1600,925.1600,925.1600,925.1600,1,1,2026-08-24T00:00:00.000
669,20260610,20260812,44,280,130,234,60,4,2,926.5300,926.5300,926.5300,926.5300,1,1,2026-08-24T00:00:00.000
670,20260530,20260811,188,269,117,418,215,8,3,927.9000,927.9000,927.9000,927.9000,1,1,2026-08-24T00:00:00.000
671,20260805,20260607,170,161,167,58,258,4,3,929.2700,929.2700,929.2700,929.2700,1,1,2026-08-24T00:00:00.000
672,20260619,20260601,119,16,248,76,117,2,4,930.6400,930.6400,930.6400,930.6400,1,1,2026-08-24T00:00:00.000
673,20260607,20260823,215,256,400,51,261,7,2,932.0100,932.0100,932.0100,932.0100,1,1,2026-08-24T00:00:00.000
674,20260806,20260821,366,296,189,417,168,6,1,933.3800,933.3800,933.3800,933.3800,1,1,2026-08-24T00:00:00.000
675,20260531,20260616,326,19,104,195,199,2,3,934.7500,934.7500,934.7500,934.7500,1,1,2026-08-24T00:00:00.000
676,20260610,20260713,494,27,401,423,326,2,5,936.1200,936.1200,936.1200,936.1200,1,1,2026-08-24T00:00:00.000
677,20260604,20260715,147,110,97,317,250,3,2,937.4900,937.4900,937.4900,937.4900,1,1,2026-08-24T00:00:00.000
678,20260714,20260620,498,81,458,9,328,2,3,938.8600,938.8600,938.8600,938.8600,1,1,2026-08-24T00:00:00.000
679,20260611,20260629,375,184,99,191,4,3,4,940.2300,940.2300,940.2300,940.2300,1,1,2026-08-24T00:00:00.000
680,20260530,20260801,407,119,324,483,145,1,1,941.6000,941.6000,941.6000,941.6000,1,1,2026-08-24T00:00:00.000
681,20260621,20260821,209,82,381,32,134,6,4,942.9700,942.9700,942.9700,942.9700,1,1,2026-08-24T00:00:00.000
682,20260612,20260731,136,277,15,180,353,1,4,944.3400,944.3400,944.3400,944.3400,1,1,2026-08-24T00:00:00.000
683,20260602,20260812,455,209,25,120,253,1,2,945.7100,945.7100,945.7100,945.7100,1,1,2026-08-24T00:00:00.000
684,20260604,20260605,239,215,478,293,449,3,5,947.0800,947.0800,947.0800,947.0800,1,1,2026-08-24T00:00:00.000
685,20260707,20260615,65,46,72,156,394,1,5,948.4500,948.4500,948.4500,948.4500,1,1,2026-08-24T00:00:00.000
686,20260731,20260823,494,197,76,473,52,1,4,949.8200,949.8200,949.8200,949.8200,1,1,2026-08-24T00:00:00.000
687,20260811,20260721,162,74,269,56,284,3,1,951.1900,951.1900,951.1900,951.1900,1,1,2026-08-24T00:00:00.000
688,20260608,20260622,326,242,139,45,84,7,3,952.5600,952.5600,952.5600,952.5600,1,1,2026-08-24T00:00:00.000
689,20260704,20260808,50,125,400,493,406,4,2,953.9300,953.9300,953.9300,953.9300,1,1,2026-08-24T00:00:00.000
690,20260630,20260712,70,117,373,11,443,4,5,955.3000,955.3000,955.3000,955.3000,1,1,2026-08-24T00:00:00.000
691,20260727,20260812,47,333,482,393,246,7,3,956.6700,956.6700,956.6700,956.6700,1,1,2026-08-24T00:00:00.000
692,20260628,20260628,357,83,350,118,59,8,5,958.0400,958.0400,958.0400,958.0400,1,1,2026-08-24T00:00:00.000
693,20260530,20260619,184,207,243,11,419,3,5,959.4100,959.4100,959.4100,959.4100,1,1,2026-08-24T00:00:00.000
694,20260605,20260713,20,232,334,411,49,3,2,960.7800,960.7800,960.7800,960.7800,1,1,2026-08-24T00:00:00.000
695,20260716,20260613,461,306,371,311,464,2,2,962.1500,962.1500,962.1500,962.1500,1,1,2026-08-24T00:00:00.000
696,20260726,20260815,297,110,292,134,427,5,1,963.5200,963.5200,963.5200,963.5200,1,1,2026-08-24T00:00:00.000
697,20260613,20260714,58,240,9,423,382,8,3,964.8900,964.8900,964.8900,964.8900,1,1,2026-08-24T00:00:00.000
698,20260625,20260807,366,261,212,436,266,5,2,966.2600,966.2600,966.2600,966.2600,1,1,2026-08-24T00:00:00.000
699,20260711,20260627,210,125,417,224,157,3,4,967.6300,967.6300,967.6300,967.6300,1,1,2026-08-24T00:00:00.000
700,20260723,20260611,255,210,181,253,215,2,1,969.0000,969.0000,969.0000,969.0000,1,1,2026-08-24T00:00:00.000
701,20260813,20260628,421,122,43,460,430,3,1,970.3700,970.3700,970.3700,970.3700,1,1,2026-08-24T00:00:00.000
702,20260612,20260815,257,221,47,187,133,3,1,971.7400,971.7400,971.7400,971.7400,1,1,2026-08-24T00:00:00.000
703,20260722,20260727,242,300,231,243,325,3,1,973.1100,973.1100,973.1100,973.1100,1,1,2026-08-24T00:00:00.000
704,20260809,20260804,234,241,151,20,352,7,3,974.4800,974.4800,974.4800,974.4800,1,1,2026-08-24T00:00:00.000
705,20260723,20260715,319,246,126,93,36,1,3,975.8500,975.8500,975.8500,975.8500,1,1,2026-08-24T00:00:00.000
706,20260824,20260722,252,142,441,5,181,5,4,977.2200,977.2200,977.2200,977.2200,1,1,2026-08-24T00:00:00.000
707,20260813,20260702,186,22,48,257,273,8,1,978.5900,978.5900,978.5900,978.5900,1,1,2026-08-24T00:00:00.000
708,20260601,20260707,356,97,360,482,109,6,2,979.9600,979.9600,979.9600,979.9600,1,1,2026-08-24T00:00:00.000
709,20260803,20260529,312,74,50,265,228,1,4,981.3300,981.3300,981.3300,981.3300,1,1,2026-08-24T00:00:00.000
710,20260701,20260727,219,179,156,106,208,3,4,982.7000,982.7000,982.7000,982.7000,1,1,2026-08-24T00:00:00.000
711,20260726,20260809,424,7,14,373,370,2,5,984.0700,984.0700,984.0700,984.0700,1,1,2026-08-24T00:00:00.000
712,20260627,20260808,328,251,483,496,33,5,4,985.4400,985.4400,985.4400,985.4400,1,1,2026-08-24T00:00:00.000
713,20260613,20260527,8,188,403,50,417,3,1,986.8100,986.8100,986.8100,986.8100,1,1,2026-08-24T00:00:00.000
714,20260624,20260623,452,214,405,112,449,5,4,988.1800,988.1800,988.1800,988.1800,1,1,2026-08-24T00:00:00.000
715,20260821,20260725,447,127,463,364,91,5,4,989.5500,989.5500,989.5500,989.5500,1,1,2026-08-24T00:00:00.000
716,20260701,20260531,130,229,324,362,483,5,4,990.9200,990.9200,990.9200,990.9200,1,1,2026-08-24T00:00:00.000
717,20260620,20260810,342,85,289,357,5,6,2,992.2900,992.2900,992.2900,992.2900,1,1,2026-08-24T00:00:00.000
718,20260818,20260811,241,108,190,71,91,1,2,993.6600,993.6600,993.6600,993.6600,1,1,2026-08-24T00:00:00.000
719,20260812,20260611,413,153,133,112,324,3,1,995.0300,995.0300,995.0300,995.0300,1,1,2026-08-24T00:00:00.000
720,20260710,20260704,456,229,396,253,159,8,2,996.4000,996.4000,996.4000,996.4000,1,1,2026-08-24T00:00:00.000
721,20260823,20260615,203,176,417,499,77,6,1,997.7700,997.7700,997.7700,997.7700,1,1,2026-08-24T00:00:00.000
722,20260709,20260813,185,30,34,177,423,2,1,999.1400,999.1400,999.1400,999.1400,1,1,2026-08-24T00:00:00.000
723,20260821,20260723,53,102,486,457,35,8,3,1000.5100,1000.5100,1000.5100,1000.5100,1,1,2026-08-24T00:00:00.000
724,20260803,20260822,446,114,499,52,498,1,3,1001.8800,1001.8800,1001.8800,1001.8800,1,1,2026-08-24T00:00:00.000
725,20260618,20260610,448,145,249,395,359,7,4,1003.2500,1003.2500,1003.2500,1003.2500,1,1,2026-08-24T00:00:00.000
726,20260606,20260723,498,269,11,197,321,1,1,1004.6200,1004.6200,1004.6200,1004.6200,1,1,2026-08-24T00:00:00.000
727,20260729,20260808,295,136,200,138,280,2,2,1005.9900,1005.9900,1005.9900,1005.9900,1,1,2026-08-24T00:00:00.000
728,20260808,20260730,126,284,267,54,130,4,3,1007.3600,1007.3600,1007.3600,1007.3600,1,1,2026-08-24T00:00:00.000
729,20260815,20260822,383,10,499,163,359,5,1,1008.7300,1008.7300,1008.7300,1008.7300,1,1,2026-08-24T00:00:00.000
730,20260822,20260824,114,282,167,314,380,7,2,1010.1000,1010.1000,1010.1000,1010.1000,1,1,2026-08-24T00:00:00.000
731,20260730,20260723,429,326,79,143,145,2,1,1011.4700,1011.4700,1011.4700,1011.4700,1,1,2026-08-24T00:00:00.000
732,20260813,20260620,412,290,13,302,359,6,3,1012.8400,1012.8400,1012.8400,1012.8400,1,1,2026-08-24T00:00:00.000
733,20260612,20260718,123,34,300,332,160,1,1,1014.2100,1014.2100,1014.2100,1014.2100,1,1,2026-08-24T00:00:00.000
734,20260707,20260726,141,31,222,170,279,5,5,1015.5800,1015.5800,1015.5800,1015.5800,1,1,2026-08-24T00:00:00.000
735,20260720,20260803,476,248,411,21,18,5,1,1016.9500,1016.9500,1016.9500,1016.9500,1,1,2026-08-24T00:00:00.000
736,20260723,20260730,410,132,260,345,282,1,5,1018.3200,1018.3200,1018.3200,1018.3200,1,1,2026-08-24T00:00:00.000
737,20260706,20260602,289,147,76,298,331,4,5,1019.6900,1019.6900,1019.6900,1019.6900,1,1,2026-08-24T00:00:00.000
738,20260608,20260801,51,137,482,256,60,3,4,1021.0600,1021.0600,1021.0600,1021.0600,1,1,2026-08-24T00:00:00.000
739,20260607,20260710,233,34,464,201,114,6,5,1022.4300,1022.4300,1022.4300,1022.4300,1,1,2026-08-24T00:00:00.000
740,20260603,20260807,160,296,74,372,90,8,4,1023.8000,1023.8000,1023.8000,1023.8000,1,1,2026-08-24T00:00:00.000
741,20260601,20260605,404,24,239,59,252,8,3,1025.1700,1025.1700,1025.1700,1025.1700,1,1,2026-08-24T00:00:00.000
742,20260703,20260530,453,324,216,336,321,6,3,1026.5400,1026.5400,1026.5400,1026.5400,1,1,2026-08-24T00:00:00.000
743,20260814,20260611,389,195,217,415,380,8,1,1027.9100,1027.9100,1027.9100,1027.9100,1,1,2026-08-24T00:00:00.000
744,20260709,20260619,133,318,188,319,164,4,4,1029.2800,1029.2800,1029.2800,1029.2800,1,1,2026-08-24T00:00:00.000
745,20260701,20260611,186,208,250,416,177,4,3,1030.6500,1030.6500,1030.6500,1030.6500,1,1,2026-08-24T00:00:00.000
746,20260731,20260609,218,255,419,46,375,4,4,1032.0200,1032.0200,1032.0200,1032.0200,1,1,2026-08-24T00:00:00.000
747,20260621,20260701,338,130,454,184,204,2,5,1033.3900,1033.3900,1033.3900,1033.3900,1,1,2026-08-24T00:00:00.000
748,20260722,20260810,325,141,460,87,480,6,4,1034.7600,1034.7600,1034.7600,1034.7600,1,1,2026-08-24T00:00:00.000
749,20260820,20260723,224,159,149,280,179,6,5,1036.1300,1036.1300,1036.1300,1036.1300,1,1,2026-08-24T00:00:00.000
750,20260805,20260805,453,13,398,340,58,8,4,1037.5000,1037.5000,1037.5000,1037.5000,1,1,2026-08-24T00:00:00.000
751,20260818,20260720,211,276,221,383,251,4,3,1038.8700,1038.8700,1038.8700,1038.8700,1,1,2026-08-24T00:00:00.000
752,20260615,20260710,316,121,459,394,74,5,2,1040.2400,1040.2400,1040.2400,1040.2400,1,1,2026-08-24T00:00:00.000
753,20260527,20260723,328,346,392,314,359,1,5,1041.6100,1041.6100,1041.6100,1041.6100,1,1,2026-08-24T00:00:00.000
754,20260711,20260801,117,124,358,173,432,3,3,1042.9800,1042.9800,1042.9800,1042.9800,1,1,2026-08-24T00:00:00.000
755,20260623,20260801,21,95,81,372,378,8,2,1044.3500,1044.3500,1044.3500,1044.3500,1,1,2026-08-24T00:00:00.000
756,20260620,20260712,450,170,52,201,457,4,1,1045.7200,1045.7200,1045.7200,1045.7200,1,1,2026-08-24T00:00:00.000
757,20260810,20260803,279,49,320,494,71,2,1,1047.0900,1047.0900,1047.0900,1047.0900,1,1,2026-08-24T00:00:00.000
758,20260709,20260710,190,121,382,336,488,7,2,1048.4600,1048.4600,1048.4600,1048.4600,1,1,2026-08-24T00:00:00.000
759,20260821,20260803,280,116,396,417,260,2,3,1049.8300,1049.8300,1049.8300,1049.8300,1,1,2026-08-24T00:00:00.000
760,20260615,20260620,482,305,493,89,1,4,4,1051.2000,1051.2000,1051.2000,1051.2000,1,1,2026-08-24T00:00:00.000
761,20260728,20260721,83,265,401,120,154,5,2,1052.5700,1052.5700,1052.5700,1052.5700,1,1,2026-08-24T00:00:00.000
762,20260725,20260609,50,24,345,30,402,3,4,1053.9400,1053.9400,1053.9400,1053.9400,1,1,2026-08-24T00:00:00.000
763,20260527,20260607,437,92,26,46,343,8,1,1055.3100,1055.3100,1055.3100,1055.3100,1,1,2026-08-24T00:00:00.000
764,20260626,20260611,103,292,93,476,138,1,4,1056.6800,1056.6800,1056.6800,1056.6800,1,1,2026-08-24T00:00:00.000
765,20260629,20260602,17,325,334,119,426,1,5,1058.0500,1058.0500,1058.0500,1058.0500,1,1,2026-08-24T00:00:00.000
766,20260622,20260528,1,37,331,376,397,5,2,1059.4200,1059.4200,1059.4200,1059.4200,1,1,2026-08-24T00:00:00.000
767,20260720,20260607,215,17,377,190,331,3,4,1060.7900,1060.7900,1060.7900,1060.7900,1,1,2026-08-24T00:00:00.000
768,20260815,20260811,471,31,39,441,216,7,5,1062.1600,1062.1600,1062.1600,1062.1600,1,1,2026-08-24T00:00:00.000
769,20260818,20260711,10,281,414,146,137,3,2,1063.5300,1063.5300,1063.5300,1063.5300,1,1,2026-08-24T00:00:00.000
770,20260811,20260704,356,58,441,297,156,8,3,1064.9000,1064.9000,1064.9000,1064.9000,1,1,2026-08-24T00:00:00.000
771,20260614,20260822,214,103,204,409,440,3,2,1066.2700,1066.2700,1066.2700,1066.2700,1,1,2026-08-24T00:00:00.000
772,20260527,20260531,315,28,42,240,91,5,1,1067.6400,1067.6400,1067.6400,1067.6400,1,1,2026-08-24T00:00:00.000
773,20260606,20260531,375,314,52,425,173,4,1,1069.0100,1069.0100,1069.0100,1069.0100,1,1,2026-08-24T00:00:00.000
774,20260708,20260710,440,327,260,269,216,1,3,1070.3800,1070.3800,1070.3800,1070.3800,1,1,2026-08-24T00:00:00.000
775,20260617,20260809,12,330,388,366,174,7,4,1071.7500,1071.7500,1071.7500,1071.7500,1,1,2026-08-24T00:00:00.000
776,20260807,20260527,454,237,399,211,76,8,5,1073.1200,1073.1200,1073.1200,1073.1200,1,1,2026-08-24T00:00:00.000
777,20260709,20260722,59,45,190,94,424,6,2,1074.4900,1074.4900,1074.4900,1074.4900,1,1,2026-08-24T00:00:00.000
778,20260605,20260613,135,252,73,58,495,8,4,1075.8600,1075.8600,1075.8600,1075.8600,1,1,2026-08-24T00:00:00.000
779,20260808,20260704,173,242,64,127,279,7,2,1077.2300,1077.2300,1077.2300,1077.2300,1,1,2026-08-24T00:00:00.000
780,20260530,20260605,133,48,21,148,295,8,4,1078.6000,1078.6000,1078.6000,1078.6000,1,1,2026-08-24T00:00:00.000
781,20260803,20260707,451,270,8,118,341,2,1,1079.9700,1079.9700,1079.9700,1079.9700,1,1,2026-08-24T00:00:00.000
782,20260614,20260819,386,281,348,381,499,7,4,1081.3400,1081.3400,1081.3400,1081.3400,1,1,2026-08-24T00:00:00.000
783,20260803,20260715,214,42,62,94,190,2,3,1082.7100,1082.7100,1082.7100,1082.7100,1,1,2026-08-24T00:00:00.000
784,20260601,20260805,55,49,149,269,271,7,4,1084.0800,1084.0800,1084.0800,1084.0800,1,1,2026-08-24T00:00:00.000
785,20260616,20260724,27,264,460,438,11,7,4,1085.4500,1085.4500,1085.4500,1085.4500,1,1,2026-08-24T00:00:00.000
786,20260717,20260611,33,40,380,281,366,7,1,1086.8200,1086.8200,1086.8200,1086.8200,1,1,2026-08-24T00:00:00.000
787,20260619,20260823,374,128,425,456,400,2,4,1088.1900,1088.1900,1088.1900,1088.1900,1,1,2026-08-24T00:00:00.000
788,20260803,20260609,432,75,321,312,468,8,3,1089.5600,1089.5600,1089.5600,1089.5600,1,1,2026-08-24T00:00:00.000
789,20260617,20260727,306,35,68,87,156,8,3,1090.9300,1090.9300,1090.9300,1090.9300,1,1,2026-08-24T00:00:00.000
790,20260822,20260729,83,209,214,140,276,6,1,1092.3000,1092.3000,1092.3000,1092.3000,1,1,2026-08-24T00:00:00.000
791,20260816,20260717,226,176,29,311,408,6,1,1093.6700,1093.6700,1093.6700,1093.6700,1,1,2026-08-24T00:00:00.000
792,20260709,20260811,485,329,399,279,70,6,1,1095.0400,1095.0400,1095.0400,1095.0400,1,1,2026-08-24T00:00:00.000
793,20260721,20260610,239,200,341,232,172,2,5,1096.4100,1096.4100,1096.4100,1096.4100,1,1,2026-08-24T00:00:00.000
794,20260708,20260718,96,182,227,426,398,3,5,1097.7800,1097.7800,1097.7800,1097.7800,1,1,2026-08-24T00:00:00.000
795,20260618,20260630,182,10,327,243,113,4,5,1099.1500,1099.1500,1099.1500,1099.1500,1,1,2026-08-24T00:00:00.000
796,20260710,20260724,300,91,245,371,121,3,3,1100.5200,1100.5200,1100.5200,1100.5200,1,1,2026-08-24T00:00:00.000
797,20260531,20260705,211,348,239,40,344,3,3,1101.8900,1101.8900,1101.8900,1101.8900,1,1,2026-08-24T00:00:00.000
798,20260819,20260726,24,204,30,402,297,5,4,1103.2600,1103.2600,1103.2600,1103.2600,1,1,2026-08-24T00:00:00.000
799,20260803,20260619,393,41,151,273,106,6,4,1104.6300,1104.6300,1104.6300,1104.6300,1,1,2026-08-24T00:00:00.000
800,20260802,20260701,265,98,71,48,20,5,5,1106.0000,1106.0000,1106.0000,1106.0000,1,1,2026-08-24T00:00:00.000
801,20260621,20260703,376,246,23,264,489,4,4,1107.3700,1107.3700,1107.3700,1107.3700,1,1,2026-08-24T00:00:00.000
802,20260602,20260608,147,107,88,373,33,5,2,1108.7400,1108.7400,1108.7400,1108.7400,1,1,2026-08-24T00:00:00.000
803,20260723,20260611,63,84,378,317,209,5,3,1110.1100,1110.1100,1110.1100,1110.1100,1,1,2026-08-24T00:00:00.000
804,20260611,20260708,457,305,142,387,139,4,2,1111.4800,1111.4800,1111.4800,1111.4800,1,1,2026-08-24T00:00:00.000
805,20260619,20260719,53,165,439,114,205,3,3,1112.8500,1112.8500,1112.8500,1112.8500,1,1,2026-08-24T00:00:00.000
806,20260613,20260708,6,102,370,215,379,3,5,1114.2200,1114.2200,1114.2200,1114.2200,1,1,2026-08-24T00:00:00.000
807,20260730,20260823,333,217,457,24,108,1,5,1115.5900,1115.5900,1115.5900,1115.5900,1,1,2026-08-24T00:00:00.000
808,20260823,20260530,477,329,231,366,185,7,2,1116.9600,1116.9600,1116.9600,1116.9600,1,1,2026-08-24T00:00:00.000
809,20260624,20260612,407,12,265,330,214,4,4,1118.3300,1118.3300,1118.3300,1118.3300,1,1,2026-08-24T00:00:00.000
810,20260618,20260723,456,337,210,298,329,6,5,1119.7000,1119.7000,1119.7000,1119.7000,1,1,2026-08-24T00:00:00.000
811,20260605,20260817,258,76,459,190,434,6,1,1121.0700,1121.0700,1121.0700,1121.0700,1,1,2026-08-24T00:00:00.000
812,20260722,20260729,160,193,370,383,220,4,4,1122.4400,1122.4400,1122.4400,1122.4400,1,1,2026-08-24T00:00:00.000
813,20260714,20260823,93,238,28,459,7,8,4,1123.8100,1123.8100,1123.8100,1123.8100,1,1,2026-08-24T00:00:00.000
814,20260706,20260818,356,11,198,398,93,1,5,1125.1800,1125.1800,1125.1800,1125.1800,1,1,2026-08-24T00:00:00.000
815,20260621,20260805,379,280,449,357,353,3,1,1126.5500,1126.5500,1126.5500,1126.5500,1,1,2026-08-24T00:00:00.000
816,20260628,20260602,216,47,466,128,340,8,1,1127.9200,1127.9200,1127.9200,1127.9200,1,1,2026-08-24T00:00:00.000
817,20260627,20260528,234,29,212,331,234,7,3,1129.2900,1129.2900,1129.2900,1129.2900,1,1,2026-08-24T00:00:00.000
818,20260712,20260623,90,277,300,131,171,4,4,1130.6600,1130.6600,1130.6600,1130.6600,1,1,2026-08-24T00:00:00.000
819,20260701,20260815,497,161,228,455,138,4,2,1132.0300,1132.0300,1132.0300,1132.0300,1,1,2026-08-24T00:00:00.000
820,20260708,20260627,3,262,467,179,14,8,3,1133.4000,1133.4000,1133.4000,1133.4000,1,1,2026-08-24T00:00:00.000
821,20260630,20260706,26,115,431,239,113,4,2,1134.7700,1134.7700,1134.7700,1134.7700,1,1,2026-08-24T00:00:00.000
822,20260731,20260721,40,285,232,134,110,3,4,1136.1400,1136.1400,1136.1400,1136.1400,1,1,2026-08-24T00:00:00.000
823,20260621,20260531,238,103,113,363,316,6,4,1137.5100,1137.5100,1137.5100,1137.5100,1,1,2026-08-24T00:00:00.000
824,20260529,20260708,191,12,467,2,197,5,1,1138.8800,1138.8800,1138.8800,1138.8800,1,1,2026-08-24T00:00:00.000
825,20260707,20260824,81,255,247,271,340,8,4,1140.2500,1140.2500,1140.2500,1140.2500,1,1,2026-08-24T00:00:00.000
826,20260707,20260714,74,24,219,75,243,2,2,1141.6200,1141.6200,1141.6200,1141.6200,1,1,2026-08-24T00:00:00.000
827,20260820,20260527,357,223,14,391,375,2,2,1142.9900,1142.9900,1142.9900,1142.9900,1,1,2026-08-24T00:00:00.000
828,20260726,20260527,468,291,200,428,352,7,3,1144.3600,1144.3600,1144.3600,1144.3600,1,1,2026-08-24T00:00:00.000
829,20260801,20260813,10,342,278,77,86,3,4,1145.7300,1145.7300,1145.7300,1145.7300,1,1,2026-08-24T00:00:00.000
830,20260821,20260709,10,39,120,174,162,4,3,1147.1000,1147.1000,1147.1000,1147.1000,1,1,2026-08-24T00:00:00.000
831,20260707,20260724,28,151,202,77,347,2,4,1148.4700,1148.4700,1148.4700,1148.4700,1,1,2026-08-24T00:00:00.000
832,20260803,20260728,251,18,242,482,413,6,4,1149.8400,1149.8400,1149.8400,1149.8400,1,1,2026-08-24T00:00:00.000
833,20260807,20260602,440,347,332,213,34,6,4,1151.2100,1151.2100,1151.2100,1151.2100,1,1,2026-08-24T00:00:00.000
834,20260602,20260713,174,166,4,476,475,5,5,1152.5800,1152.5800,1152.5800,1152.5800,1,1,2026-08-24T00:00:00.000
835,20260619,20260803,54,128,182,468,371,7,3,1153.9500,1153.9500,1153.9500,1153.9500,1,1,2026-08-24T00:00:00.000
836,20260608,20260719,165,264,436,84,221,1,3,1155.3200,1155.3200,1155.3200,1155.3200,1,1,2026-08-24T00:00:00.000
837,20260530,20260730,303,32,443,116,40,3,4,1156.6900,1156.6900,1156.6900,1156.6900,1,1,2026-08-24T00:00:00.000
838,20260805,20260707,491,130,393,108,69,3,4,1158.0600,1158.0600,1158.0600,1158.0600,1,1,2026-08-24T00:00:00.000
839,20260726,20260529,126,289,421,238,123,1,2,1159.4300,1159.4300,1159.4300,1159.4300,1,1,2026-08-24T00:00:00.000
840,20260819,20260530,49,135,481,369,458,4,4,1160.8000,1160.8000,1160.8000,1160.8000,1,1,2026-08-24T00:00:00.000
841,20260802,20260603,216,44,110,87,384,1,1,1162.1700,1162.1700,1162.1700,1162.1700,1,1,2026-08-24T00:00:00.000
842,20260811,20260810,223,124,74,105,432,4,2,1163.5400,1163.5400,1163.5400,1163.5400,1,1,2026-08-24T00:00:00.000
843,20260816,20260731,9,263,424,254,477,7,3,1164.9100,1164.9100,1164.9100,1164.9100,1,1,2026-08-24T00:00:00.000
844,20260603,20260630,167,244,7,268,18,3,2,1166.2800,1166.2800,1166.2800,1166.2800,1,1,2026-08-24T00:00:00.000
845,20260807,20260614,469,133,460,106,498,1,2,1167.6500,1167.6500,1167.6500,1167.6500,1,1,2026-08-24T00:00:00.000
846,20260602,20260816,303,153,17,423,277,2,2,1169.0200,1169.0200,1169.0200,1169.0200,1,1,2026-08-24T00:00:00.000
847,20260624,20260701,246,106,442,490,215,5,4,1170.3900,1170.3900,1170.3900,1170.3900,1,1,2026-08-24T00:00:00.000
848,20260601,20260701,143,194,6,156,90,2,1,1171.7600,1171.7600,1171.7600,1171.7600,1,1,2026-08-24T00:00:00.000
849,20260613,20260628,31,47,435,314,49,5,1,1173.1300,1173.1300,1173.1300,1173.1300,1,1,2026-08-24T00:00:00.000
850,20260722,20260602,30,26,365,424,47,6,5,1174.5000,1174.5000,1174.5000,1174.5000,1,1,2026-08-24T00:00:00.000
851,20260811,20260807,281,140,433,336,326,6,1,1175.8700,1175.8700,1175.8700,1175.8700,1,1,2026-08-24T00:00:00.000
852,20260727,20260626,151,226,196,7,450,8,1,1177.2400,1177.2400,1177.2400,1177.2400,1,1,2026-08-24T00:00:00.000
853,20260807,20260821,382,267,321,500,171,6,5,1178.6100,1178.6100,1178.6100,1178.6100,1,1,2026-08-24T00:00:00.000
854,20260730,20260730,33,129,499,278,255,6,3,1179.9800,1179.9800,1179.9800,1179.9800,1,1,2026-08-24T00:00:00.000
855,20260621,20260817,212,99,311,203,171,8,5,1181.3500,1181.3500,1181.3500,1181.3500,1,1,2026-08-24T00:00:00.000
856,20260712,20260602,382,85,500,468,222,1,2,1182.7200,1182.7200,1182.7200,1182.7200,1,1,2026-08-24T00:00:00.000
857,20260623,20260819,470,31,98,225,493,5,2,1184.0900,1184.0900,1184.0900,1184.0900,1,1,2026-08-24T00:00:00.000
858,20260707,20260616,265,162,294,492,9,2,1,1185.4600,1185.4600,1185.4600,1185.4600,1,1,2026-08-24T00:00:00.000
859,20260724,20260714,313,141,195,356,464,8,2,1186.8300,1186.8300,1186.8300,1186.8300,1,1,2026-08-24T00:00:00.000
860,20260822,20260703,483,136,446,447,215,1,3,1188.2000,1188.2000,1188.2000,1188.2000,1,1,2026-08-24T00:00:00.000
861,20260824,20260824,157,155,16,208,41,4,2,1189.5700,1189.5700,1189.5700,1189.5700,1,1,2026-08-24T00:00:00.000
862,20260804,20260719,292,147,410,344,76,4,4,1190.9400,1190.9400,1190.9400,1190.9400,1,1,2026-08-24T00:00:00.000
863,20260716,20260528,407,33,159,175,250,3,5,1192.3100,1192.3100,1192.3100,1192.3100,1,1,2026-08-24T00:00:00.000
864,20260809,20260627,440,124,100,165,148,8,4,1193.6800,1193.6800,1193.6800,1193.6800,1,1,2026-08-24T00:00:00.000
865,20260802,20260815,19,193,329,343,335,5,4,1195.0500,1195.0500,1195.0500,1195.0500,1,1,2026-08-24T00:00:00.000
866,20260619,20260628,159,296,350,312,233,5,5,1196.4200,1196.4200,1196.4200,1196.4200,1,1,2026-08-24T00:00:00.000
867,20260604,20260529,30,193,319,474,38,2,2,1197.7900,1197.7900,1197.7900,1197.7900,1,1,2026-08-24T00:00:00.000
868,20260721,20260623,208,307,157,469,118,7,5,1199.1600,1199.1600,1199.1600,1199.1600,1,1,2026-08-24T00:00:00.000
869,20260622,20260708,462,318,203,61,397,1,5,1200.5300,1200.5300,1200.5300,1200.5300,1,1,2026-08-24T00:00:00.000
870,20260610,20260713,136,143,199,96,167,4,2,1201.9000,1201.9000,1201.9000,1201.9000,1,1,2026-08-24T00:00:00.000
871,20260817,20260629,191,205,317,383,469,2,2,1203.2700,1203.2700,1203.2700,1203.2700,1,1,2026-08-24T00:00:00.000
872,20260709,20260723,52,143,49,63,246,2,3,1204.6400,1204.6400,1204.6400,1204.6400,1,1,2026-08-24T00:00:00.000
873,20260616,20260705,439,224,84,496,100,4,5,1206.0100,1206.0100,1206.0100,1206.0100,1,1,2026-08-24T00:00:00.000
874,20260723,20260804,438,175,145,63,366,5,1,1207.3800,1207.3800,1207.3800,1207.3800,1,1,2026-08-24T00:00:00.000
875,20260722,20260822,212,169,262,446,70,7,3,1208.7500,1208.7500,1208.7500,1208.7500,1,1,2026-08-24T00:00:00.000
876,20260722,20260621,58,238,121,125,82,3,3,1210.1200,1210.1200,1210.1200,1210.1200,1,1,2026-08-24T00:00:00.000
877,20260818,20260527,131,334,462,365,248,5,4,1211.4900,1211.4900,1211.4900,1211.4900,1,1,2026-08-24T00:00:00.000
878,20260710,20260809,3,279,292,219,296,7,2,1212.8600,1212.8600,1212.8600,1212.8600,1,1,2026-08-24T00:00:00.000
879,20260808,20260611,362,69,23,145,80,3,1,1214.2300,1214.2300,1214.2300,1214.2300,1,1,2026-08-24T00:00:00.000
880,20260805,20260708,279,129,339,14,380,4,4,1215.6000,1215.6000,1215.6000,1215.6000,1,1,2026-08-24T00:00:00.000
881,20260715,20260604,267,277,489,146,421,5,4,1216.9700,1216.9700,1216.9700,1216.9700,1,1,2026-08-24T00:00:00.000
882,20260605,20260608,57,58,376,427,222,8,3,1218.3400,1218.3400,1218.3400,1218.3400,1,1,2026-08-24T00:00:00.000
883,20260621,20260713,300,297,350,499,345,2,5,1219.7100,1219.7100,1219.7100,1219.7100,1,1,2026-08-24T00:00:00.000
884,20260725,20260729,276,302,168,432,345,7,2,1221.0800,1221.0800,1221.0800,1221.0800,1,1,2026-08-24T00:00:00.000
885,20260707,20260627,227,55,430,308,279,5,2,1222.4500,1222.4500,1222.4500,1222.4500,1,1,2026-08-24T00:00:00.000
886,20260812,20260613,162,31,392,416,321,6,2,1223.8200,1223.8200,1223.8200,1223.8200,1,1,2026-08-24T00:00:00.000
887,20260709,20260711,138,219,444,166,24,5,3,1225.1900,1225.1900,1225.1900,1225.1900,1,1,2026-08-24T00:00:00.000
888,20260726,20260722,94,57,319,88,397,7,5,1226.5600,1226.5600,1226.5600,1226.5600,1,1,2026-08-24T00:00:00.000
889,20260627,20260625,380,322,85,209,230,4,3,1227.9300,1227.9300,1227.9300,1227.9300,1,1,2026-08-24T00:00:00.000
890,20260723,20260721,61,282,445,197,259,4,2,1229.3000,1229.3000,1229.3000,1229.3000,1,1,2026-08-24T00:00:00.000
891,20260815,20260607,273,12,384,49,303,4,1,1230.6700,1230.6700,1230.6700,1230.6700,1,1,2026-08-24T00:00:00.000
892,20260726,20260608,286,84,173,232,336,8,5,1232.0400,1232.0400,1232.0400,1232.0400,1,1,2026-08-24T00:00:00.000
893,20260613,20260619,493,46,86,155,495,2,5,1233.4100,1233.4100,1233.4100,1233.4100,1,1,2026-08-24T00:00:00.000
894,20260701,20260813,200,113,310,383,397,6,5,1234.7800,1234.7800,1234.7800,1234.7800,1,1,2026-08-24T00:00:00.000
895,20260714,20260705,416,179,35,493,158,4,1,1236.1500,1236.1500,1236.1500,1236.1500,1,1,2026-08-24T00:00:00.000
896,20260809,20260809,456,196,35,281,115,7,2,1237.5200,1237.5200,1237.5200,1237.5200,1,1,2026-08-24T00:00:00.000
897,20260705,20260716,339,319,276,414,136,7,2,1238.8900,1238.8900,1238.8900,1238.8900,1,1,2026-08-24T00:00:00.000
898,20260814,20260612,320,131,139,419,57,3,2,1240.2600,1240.2600,1240.2600,1240.2600,1,1,2026-08-24T00:00:00.000
899,20260725,20260820,284,183,6,86,382,4,1,1241.6300,1241.6300,1241.6300,1241.6300,1,1,2026-08-24T00:00:00.000
900,20260612,20260602,334,52,389,196,240,7,5,1243.0000,1243.0000,1243.0000,1243.0000,1,1,2026-08-24T00:00:00.000
901,20260819,20260823,293,190,387,40,208,1,2,1244.3700,1244.3700,1244.3700,1244.3700,1,1,2026-08-24T00:00:00.000
902,20260609,20260805,216,196,252,155,463,7,5,1245.7400,1245.7400,1245.7400,1245.7400,1,1,2026-08-24T00:00:00.000
903,20260731,20260729,374,177,450,446,50,1,1,1247.1100,1247.1100,1247.1100,1247.1100,1,1,2026-08-24T00:00:00.000
904,20260630,20260530,349,23,380,488,306,8,3,1248.4800,1248.4800,1248.4800,1248.4800,1,1,2026-08-24T00:00:00.000
905,20260602,20260802,260,344,328,495,498,4,1,1249.8500,1249.8500,1249.8500,1249.8500,1,1,2026-08-24T00:00:00.000
906,20260627,20260731,485,8,221,173,315,4,2,1251.2200,1251.2200,1251.2200,1251.2200,1,1,2026-08-24T00:00:00.000
907,20260602,20260616,471,290,170,32,78,5,3,1252.5900,1252.5900,1252.5900,1252.5900,1,1,2026-08-24T00:00:00.000
908,20260802,20260711,419,278,5,303,406,6,5,1253.9600,1253.9600,1253.9600,1253.9600,1,1,2026-08-24T00:00:00.000
909,20260709,20260709,318,187,28,413,243,3,2,1255.3300,1255.3300,1255.3300,1255.3300,1,1,2026-08-24T00:00:00.000
910,20260821,20260608,333,153,372,434,292,5,5,1256.7000,1256.7000,1256.7000,1256.7000,1,1,2026-08-24T00:00:00.000
911,20260801,20260803,119,125,30,113,122,7,5,1258.0700,1258.0700,1258.0700,1258.0700,1,1,2026-08-24T00:00:00.000
912,20260705,20260721,446,251,112,5,104,1,5,1259.4400,1259.4400,1259.4400,1259.4400,1,1,2026-08-24T00:00:00.000
913,20260806,20260630,129,210,232,96,454,3,1,1260.8100,1260.8100,1260.8100,1260.8100,1,1,2026-08-24T00:00:00.000
914,20260817,20260802,201,76,52,337,106,5,4,1262.1800,1262.1800,1262.1800,1262.1800,1,1,2026-08-24T00:00:00.000
915,20260804,20260709,247,158,299,394,60,7,1,1263.5500,1263.5500,1263.5500,1263.5500,1,1,2026-08-24T00:00:00.000
916,20260731,20260716,346,269,22,69,195,2,2,1264.9200,1264.9200,1264.9200,1264.9200,1,1,2026-08-24T00:00:00.000
917,20260607,20260616,164,89,86,135,27,6,5,1266.2900,1266.2900,1266.2900,1266.2900,1,1,2026-08-24T00:00:00.000
918,20260726,20260805,429,134,196,89,50,5,4,1267.6600,1267.6600,1267.6600,1267.6600,1,1,2026-08-24T00:00:00.000
919,20260731,20260703,99,332,182,35,290,8,5,1269.0300,1269.0300,1269.0300,1269.0300,1,1,2026-08-24T00:00:00.000
920,20260819,20260630,289,307,355,251,4,3,1,1270.4000,1270.4000,1270.4000,1270.4000,1,1,2026-08-24T00:00:00.000
921,20260712,20260818,142,58,383,179,333,6,2,1271.7700,1271.7700,1271.7700,1271.7700,1,1,2026-08-24T00:00:00.000
922,20260602,20260728,477,48,71,415,396,1,2,1273.1400,1273.1400,1273.1400,1273.1400,1,1,2026-08-24T00:00:00.000
923,20260622,20260630,294,272,405,344,132,3,3,1274.5100,1274.5100,1274.5100,1274.5100,1,1,2026-08-24T00:00:00.000
924,20260729,20260807,484,150,465,70,431,2,1,1275.8800,1275.8800,1275.8800,1275.8800,1,1,2026-08-24T00:00:00.000
925,20260809,20260815,369,104,89,76,39,2,5,1277.2500,1277.2500,1277.2500,1277.2500,1,1,2026-08-24T00:00:00.000
926,20260716,20260708,221,173,110,229,18,8,2,1278.6200,1278.6200,1278.6200,1278.6200,1,1,2026-08-24T00:00:00.000
927,20260603,20260816,474,150,238,479,245,8,2,1279.9900,1279.9900,1279.9900,1279.9900,1,1,2026-08-24T00:00:00.000
928,20260606,20260818,282,122,156,54,370,6,3,1281.3600,1281.3600,1281.3600,1281.3600,1,1,2026-08-24T00:00:00.000
929,20260731,20260529,464,304,80,427,439,3,5,1282.7300,1282.7300,1282.7300,1282.7300,1,1,2026-08-24T00:00:00.000
930,20260604,20260623,365,237,409,330,152,8,1,1284.1000,1284.1000,1284.1000,1284.1000,1,1,2026-08-24T00:00:00.000
931,20260607,20260610,32,83,260,184,129,4,5,1285.4700,1285.4700,1285.4700,1285.4700,1,1,2026-08-24T00:00:00.000
932,20260718,20260602,135,309,414,91,390,6,1,1286.8400,1286.8400,1286.8400,1286.8400,1,1,2026-08-24T00:00:00.000
933,20260724,20260711,313,55,234,121,498,2,3,1288.2100,1288.2100,1288.2100,1288.2100,1,1,2026-08-24T00:00:00.000
934,20260607,20260718,459,3,370,170,133,3,1,1289.5800,1289.5800,1289.5800,1289.5800,1,1,2026-08-24T00:00:00.000
935,20260623,20260816,66,184,369,363,267,3,5,1290.9500,1290.9500,1290.9500,1290.9500,1,1,2026-08-24T00:00:00.000
936,20260714,20260803,471,252,316,202,70,2,4,1292.3200,1292.3200,1292.3200,1292.3200,1,1,2026-08-24T00:00:00.000
937,20260823,20260605,336,176,155,202,66,5,4,1293.6900,1293.6900,1293.6900,1293.6900,1,1,2026-08-24T00:00:00.000
938,20260716,20260528,359,103,26,328,270,1,1,1295.0600,1295.0600,1295.0600,1295.0600,1,1,2026-08-24T00:00:00.000
939,20260607,20260813,223,214,101,104,459,3,2,1296.4300,1296.4300,1296.4300,1296.4300,1,1,2026-08-24T00:00:00.000
940,20260724,20260611,400,66,2,288,481,1,4,1297.8000,1297.8000,1297.8000,1297.8000,1,1,2026-08-24T00:00:00.000
941,20260530,20260815,54,300,162,69,430,6,3,1299.1700,1299.1700,1299.1700,1299.1700,1,1,2026-08-24T00:00:00.000
942,20260701,20260531,36,168,20,346,452,1,2,1300.5400,1300.5400,1300.5400,1300.5400,1,1,2026-08-24T00:00:00.000
943,20260607,20260601,223,71,195,102,75,6,3,1301.9100,1301.9100,1301.9100,1301.9100,1,1,2026-08-24T00:00:00.000
944,20260715,20260729,314,190,391,182,415,1,5,1303.2800,1303.2800,1303.2800,1303.2800,1,1,2026-08-24T00:00:00.000
945,20260604,20260604,251,289,468,174,15,2,4,1304.6500,1304.6500,1304.6500,1304.6500,1,1,2026-08-24T00:00:00.000
946,20260611,20260615,474,221,276,198,182,1,2,1306.0200,1306.0200,1306.0200,1306.0200,1,1,2026-08-24T00:00:00.000
947,20260715,20260615,350,280,197,306,51,3,3,1307.3900,1307.3900,1307.3900,1307.3900,1,1,2026-08-24T00:00:00.000
948,20260813,20260719,406,349,471,386,333,1,2,1308.7600,1308.7600,1308.7600,1308.7600,1,1,2026-08-24T00:00:00.000
949,20260724,20260527,43,121,220,183,356,8,5,1310.1300,1310.1300,1310.1300,1310.1300,1,1,2026-08-24T00:00:00.000
950,20260612,20260810,468,174,372,455,408,4,1,1311.5000,1311.5000,1311.5000,1311.5000,1,1,2026-08-24T00:00:00.000
951,20260816,20260608,308,62,36,292,426,7,2,1312.8700,1312.8700,1312.8700,1312.8700,1,1,2026-08-24T00:00:00.000
952,20260619,20260623,346,15,406,211,78,6,1,1314.2400,1314.2400,1314.2400,1314.2400,1,1,2026-08-24T00:00:00.000
953,20260713,20260714,435,301,118,373,58,4,5,1315.6100,1315.6100,1315.6100,1315.6100,1,1,2026-08-24T00:00:00.000
954,20260625,20260817,317,127,418,166,301,4,2,1316.9800,1316.9800,1316.9800,1316.9800,1,1,2026-08-24T00:00:00.000
955,20260812,20260630,432,293,134,322,394,4,2,1318.3500,1318.3500,1318.3500,1318.3500,1,1,2026-08-24T00:00:00.000
956,20260727,20260701,436,51,208,282,80,7,3,1319.7200,1319.7200,1319.7200,1319.7200,1,1,2026-08-24T00:00:00.000
957,20260606,20260528,409,263,422,268,314,5,2,1321.0900,1321.0900,1321.0900,1321.0900,1,1,2026-08-24T00:00:00.000
958,20260822,20260625,480,185,109,451,152,4,1,1322.4600,1322.4600,1322.4600,1322.4600,1,1,2026-08-24T00:00:00.000
959,20260713,20260727,58,146,420,388,236,6,1,1323.8300,1323.8300,1323.8300,1323.8300,1,1,2026-08-24T00:00:00.000
960,20260611,20260629,125,109,319,415,142,4,2,1325.2000,1325.2000,1325.2000,1325.2000,1,1,2026-08-24T00:00:00.000
961,20260602,20260716,391,110,266,214,336,8,4,1326.5700,1326.5700,1326.5700,1326.5700,1,1,2026-08-24T00:00:00.000
962,20260705,20260804,186,235,470,385,344,1,3,1327.9400,1327.9400,1327.9400,1327.9400,1,1,2026-08-24T00:00:00.000
963,20260720,20260814,487,304,10,492,371,1,5,1329.3100,1329.3100,1329.3100,1329.3100,1,1,2026-08-24T00:00:00.000
964,20260824,20260606,475,41,234,313,170,3,4,1330.6800,1330.6800,1330.6800,1330.6800,1,1,2026-08-24T00:00:00.000
965,20260722,20260703,413,273,220,377,239,7,2,1332.0500,1332.0500,1332.0500,1332.0500,1,1,2026-08-24T00:00:00.000
966,20260710,20260602,77,36,476,32,458,3,4,1333.4200,1333.4200,1333.4200,1333.4200,1,1,2026-08-24T00:00:00.000
967,20260812,20260717,163,337,470,34,230,1,4,1334.7900,1334.7900,1334.7900,1334.7900,1,1,2026-08-24T00:00:00.000
968,20260803,20260815,2,223,196,52,385,6,4,1336.1600,1336.1600,1336.1600,1336.1600,1,1,2026-08-24T00:00:00.000
969,20260808,20260803,320,302,15,207,100,7,3,1337.5300,1337.5300,1337.5300,1337.5300,1,1,2026-08-24T00:00:00.000
970,20260610,20260725,29,185,228,417,209,7,4,1338.9000,1338.9000,1338.9000,1338.9000,1,1,2026-08-24T00:00:00.000
971,20260527,20260628,146,106,170,403,454,6,2,1340.2700,1340.2700,1340.2700,1340.2700,1,1,2026-08-24T00:00:00.000
972,20260615,20260727,364,269,22,384,209,2,3,1341.6400,1341.6400,1341.6400,1341.6400,1,1,2026-08-24T00:00:00.000
973,20260713,20260707,277,151,486,446,261,5,2,1343.0100,1343.0100,1343.0100,1343.0100,1,1,2026-08-24T00:00:00.000
974,20260706,20260819,403,206,250,159,236,7,4,1344.3800,1344.3800,1344.3800,1344.3800,1,1,2026-08-24T00:00:00.000
975,20260820,20260613,349,96,454,316,333,8,4,1345.7500,1345.7500,1345.7500,1345.7500,1,1,2026-08-24T00:00:00.000
976,20260601,20260619,314,251,89,48,432,6,4,1347.1200,1347.1200,1347.1200,1347.1200,1,1,2026-08-24T00:00:00.000
977,20260808,20260624,446,269,284,209,59,8,2,1348.4900,1348.4900,1348.4900,1348.4900,1,1,2026-08-24T00:00:00.000
978,20260604,20260530,67,174,445,195,494,1,5,1349.8600,1349.8600,1349.8600,1349.8600,1,1,2026-08-24T00:00:00.000
979,20260822,20260718,139,280,169,112,325,5,5,1351.2300,1351.2300,1351.2300,1351.2300,1,1,2026-08-24T00:00:00.000
980,20260806,20260527,161,150,484,361,287,3,4,1352.6000,1352.6000,1352.6000,1352.6000,1,1,2026-08-24T00:00:00.000
981,20260714,20260729,246,163,316,117,243,8,1,1353.9700,1353.9700,1353.9700,1353.9700,1,1,2026-08-24T00:00:00.000
982,20260618,20260702,172,13,236,164,216,2,3,1355.3400,1355.3400,1355.3400,1355.3400,1,1,2026-08-24T00:00:00.000
983,20260723,20260611,473,177,198,416,460,5,4,1356.7100,1356.7100,1356.7100,1356.7100,1,1,2026-08-24T00:00:00.000
984,20260609,20260701,261,296,303,87,471,5,4,1358.0800,1358.0800,1358.0800,1358.0800,1,1,2026-08-24T00:00:00.000
985,20260824,20260630,320,335,264,147,152,6,2,1359.4500,1359.4500,1359.4500,1359.4500,1,1,2026-08-24T00:00:00.000
986,20260726,20260603,338,328,337,283,420,3,2,1360.8200,1360.8200,1360.8200,1360.8200,1,1,2026-08-24T00:00:00.000
987,20260716,20260701,363,285,235,334,128,4,5,1362.1900,1362.1900,1362.1900,1362.1900,1,1,2026-08-24T00:00:00.000
988,20260817,20260624,149,179,222,87,14,8,3,1363.5600,1363.5600,1363.5600,1363.5600,1,1,2026-08-24T00:00:00.000
989,20260704,20260607,73,257,298,6,431,2,2,1364.9300,1364.9300,1364.9300,1364.9300,1,1,2026-08-24T00:00:00.000
990,20260817,20260618,81,333,241,382,450,4,2,1366.3000,1366.3000,1366.3000,1366.3000,1,1,2026-08-24T00:00:00.000
991,20260607,20260604,326,145,339,202,395,6,2,1367.6700,1367.6700,1367.6700,1367.6700,1,1,2026-08-24T00:00:00.000
992,20260819,20260807,7,145,177,445,289,1,4,1369.0400,1369.0400,1369.0400,1369.0400,1,1,2026-08-24T00:00:00.000
993,20260702,20260609,272,203,342,49,31,7,2,1370.4100,1370.4100,1370.4100,1370.4100,1,1,2026-08-24T00:00:00.000
994,20260820,20260815,86,54,2,300,181,7,3,1371.7800,1371.7800,1371.7800,1371.7800,1,1,2026-08-24T00:00:00.000
995,20260812,20260805,259,251,386,286,29,2,5,1373.1500,1373.1500,1373.1500,1373.1500,1,1,2026-08-24T00:00:00.000
996,20260801,20260816,87,158,431,486,252,8,4,1374.5200,1374.5200,1374.5200,1374.5200,1,1,2026-08-24T00:00:00.000
997,20260824,20260821,348,3,292,165,497,4,1,1375.8900,1375.8900,1375.8900,1375.8900,1,1,2026-08-24T00:00:00.000
998,20260721,20260712,487,343,336,132,354,3,5,1377.2600,1377.2600,1377.2600,1377.2600,1,1,2026-08-24T00:00:00.000
999,20260816,20260805,335,298,65,435,240,2,1,1378.6300,1378.6300,1378.6300,1378.6300,1,1,2026-08-24T00:00:00.000
1000,20260628,20260616,133,222,176,35,386,7,3,1380.0000,1380.0000,1380.0000,1380.0000,1,1,2026-08-24T00:00:00.000
1001,20260722,20260702,203,201,481,91,346,3,1,1381.3700,1381.3700,1381.3700,1381.3700,1,1,2026-08-24T00:00:00.000
1002,20260804,20260614,439,269,347,311,400,5,5,1382.7400,1382.7400,1382.7400,1382.7400,1,1,2026-08-24T00:00:00.000
1003,20260805,20260622,126,330,481,140,356,4,1,1384.1100,1384.1100,1384.1100,1384.1100,1,1,2026-08-24T00:00:00.000
1004,20260726,20260618,307,47,157,271,474,3,3,1385.4800,1385.4800,1385.4800,1385.4800,1,1,2026-08-24T00:00:00.000
1005,20260611,20260611,25,236,300,380,302,8,1,1386.8500,1386.8500,1386.8500,1386.8500,1,1,2026-08-24T00:00:00.000
1006,20260702,20260727,176,147,433,134,467,6,4,1388.2200,1388.2200,1388.2200,1388.2200,1,1,2026-08-24T00:00:00.000
1007,20260719,20260606,477,202,201,90,233,5,4,1389.5900,1389.5900,1389.5900,1389.5900,1,1,2026-08-24T00:00:00.000
1008,20260621,20260709,483,79,173,80,164,2,4,1390.9600,1390.9600,1390.9600,1390.9600,1,1,2026-08-24T00:00:00.000
1009,20260823,20260602,271,53,493,335,167,4,1,1392.3300,1392.3300,1392.3300,1392.3300,1,1,2026-08-24T00:00:00.000
1010,20260603,20260722,317,242,264,131,358,2,3,1393.7000,1393.7000,1393.7000,1393.7000,1,1,2026-08-24T00:00:00.000
1011,20260605,20260527,164,90,110,326,166,7,4,1395.0700,1395.0700,1395.0700,1395.0700,1,1,2026-08-24T00:00:00.000
1012,20260814,20260807,290,269,362,220,240,4,2,1396.4400,1396.4400,1396.4400,1396.4400,1,1,2026-08-24T00:00:00.000
1013,20260727,20260701,465,255,167,189,94,1,4,1397.8100,1397.8100,1397.8100,1397.8100,1,1,2026-08-24T00:00:00.000
1014,20260612,20260726,301,237,365,106,139,8,4,1399.1800,1399.1800,1399.1800,1399.1800,1,1,2026-08-24T00:00:00.000
1015,20260715,20260704,396,315,243,437,249,6,1,1400.5500,1400.5500,1400.5500,1400.5500,1,1,2026-08-24T00:00:00.000
1016,20260529,20260614,287,204,360,21,492,1,2,1401.9200,1401.9200,1401.9200,1401.9200,1,1,2026-08-24T00:00:00.000
1017,20260707,20260531,362,133,21,290,171,5,2,1403.2900,1403.2900,1403.2900,1403.2900,1,1,2026-08-24T00:00:00.000
1018,20260722,20260810,126,285,20,322,438,2,5,1404.6600,1404.6600,1404.6600,1404.6600,1,1,2026-08-24T00:00:00.000
1019,20260823,20260716,11,82,376,16,428,8,2,1406.0300,1406.0300,1406.0300,1406.0300,1,1,2026-08-24T00:00:00.000
1020,20260629,20260806,183,11,250,431,484,6,4,1407.4000,1407.4000,1407.4000,1407.4000,1,1,2026-08-24T00:00:00.000
1021,20260704,20260818,405,338,179,408,456,7,4,1408.7700,1408.7700,1408.7700,1408.7700,1,1,2026-08-24T00:00:00.000
1022,20260725,20260802,151,106,362,454,49,3,4,1410.1400,1410.1400,1410.1400,1410.1400,1,1,2026-08-24T00:00:00.000
1023,20260808,20260531,387,276,263,273,295,7,1,1411.5100,1411.5100,1411.5100,1411.5100,1,1,2026-08-24T00:00:00.000
1024,20260729,20260616,393,175,309,84,171,8,1,1412.8800,1412.8800,1412.8800,1412.8800,1,1,2026-08-24T00:00:00.000
1025,20260824,20260703,401,258,133,65,498,7,3,1414.2500,1414.2500,1414.2500,1414.2500,1,1,2026-08-24T00:00:00.000
1026,20260705,20260817,489,245,234,210,338,5,3,1415.6200,1415.6200,1415.6200,1415.6200,1,1,2026-08-24T00:00:00.000
1027,20260822,20260813,329,276,292,417,174,8,2,1416.9900,1416.9900,1416.9900,1416.9900,1,1,2026-08-24T00:00:00.000
1028,20260604,20260814,204,237,467,13,10,7,2,1418.3600,1418.3600,1418.3600,1418.3600,1,1,2026-08-24T00:00:00.000
1029,20260625,20260818,86,178,122,446,386,8,5,1419.7300,1419.7300,1419.7300,1419.7300,1,1,2026-08-24T00:00:00.000
1030,20260615,20260603,474,117,344,272,284,7,3,1421.1000,1421.1000,1421.1000,1421.1000,1,1,2026-08-24T00:00:00.000
1031,20260712,20260611,64,165,451,384,428,5,2,1422.4700,1422.4700,1422.4700,1422.4700,1,1,2026-08-24T00:00:00.000
1032,20260816,20260719,12,318,387,53,221,1,5,1423.8400,1423.8400,1423.8400,1423.8400,1,1,2026-08-24T00:00:00.000
1033,20260801,20260621,171,310,126,470,42,6,3,1425.2100,1425.2100,1425.2100,1425.2100,1,1,2026-08-24T00:00:00.000
1034,20260813,20260602,417,88,133,34,189,2,2,1426.5800,1426.5800,1426.5800,1426.5800,1,1,2026-08-24T00:00:00.000
1035,20260604,20260629,262,132,135,55,68,8,5,1427.9500,1427.9500,1427.9500,1427.9500,1,1,2026-08-24T00:00:00.000
1036,20260601,20260819,166,245,65,310,190,7,2,1429.3200,1429.3200,1429.3200,1429.3200,1,1,2026-08-24T00:00:00.000
1037,20260821,20260604,176,10,281,41,117,4,3,1430.6900,1430.6900,1430.6900,1430.6900,1,1,2026-08-24T00:00:00.000
1038,20260710,20260803,154,39,279,143,454,3,3,1432.0600,1432.0600,1432.0600,1432.0600,1,1,2026-08-24T00:00:00.000
1039,20260622,20260614,215,280,341,384,19,3,4,1433.4300,1433.4300,1433.4300,1433.4300,1,1,2026-08-24T00:00:00.000
1040,20260811,20260729,163,341,69,48,278,6,3,1434.8000,1434.8000,1434.8000,1434.8000,1,1,2026-08-24T00:00:00.000
1041,20260527,20260801,57,150,473,366,297,5,1,1436.1700,1436.1700,1436.1700,1436.1700,1,1,2026-08-24T00:00:00.000
1042,20260721,20260718,36,254,394,201,141,6,5,1437.5400,1437.5400,1437.5400,1437.5400,1,1,2026-08-24T00:00:00.000
1043,20260709,20260704,420,159,226,471,315,2,4,1438.9100,1438.9100,1438.9100,1438.9100,1,1,2026-08-24T00:00:00.000
1044,20260803,20260809,38,76,271,277,360,1,2,1440.2800,1440.2800,1440.2800,1440.2800,1,1,2026-08-24T00:00:00.000
1045,20260731,20260723,138,198,418,208,418,3,4,1441.6500,1441.6500,1441.6500,1441.6500,1,1,2026-08-24T00:00:00.000
1046,20260704,20260625,287,56,454,272,317,1,1,1443.0200,1443.0200,1443.0200,1443.0200,1,1,2026-08-24T00:00:00.000
1047,20260731,20260701,213,142,411,472,351,3,2,1444.3900,1444.3900,1444.3900,1444.3900,1,1,2026-08-24T00:00:00.000
1048,20260701,20260618,352,69,133,133,339,4,3,1445.7600,1445.7600,1445.7600,1445.7600,1,1,2026-08-24T00:00:00.000
1049,20260724,20260702,429,208,159,278,46,8,2,1447.1300,1447.1300,1447.1300,1447.1300,1,1,2026-08-24T00:00:00.000
1050,20260816,20260715,363,198,4,325,311,3,2,1448.5000,1448.5000,1448.5000,1448.5000,1,1,2026-08-24T00:00:00.000
1051,20260724,20260813,74,122,278,210,346,5,4,1449.8700,1449.8700,1449.8700,1449.8700,1,1,2026-08-24T00:00:00.000
1052,20260611,20260727,81,98,6,91,89,6,5,1451.2400,1451.2400,1451.2400,1451.2400,1,1,2026-08-24T00:00:00.000
1053,20260820,20260531,139,50,112,65,433,3,4,1452.6100,1452.6100,1452.6100,1452.6100,1,1,2026-08-24T00:00:00.000
1054,20260618,20260813,158,150,199,370,92,2,1,1453.9800,1453.9800,1453.9800,1453.9800,1,1,2026-08-24T00:00:00.000
1055,20260719,20260823,141,28,33,424,249,3,5,1455.3500,1455.3500,1455.3500,1455.3500,1,1,2026-08-24T00:00:00.000
1056,20260703,20260721,188,263,364,151,135,6,5,1456.7200,1456.7200,1456.7200,1456.7200,1,1,2026-08-24T00:00:00.000
1057,20260612,20260801,273,182,161,470,164,3,5,1458.0900,1458.0900,1458.0900,1458.0900,1,1,2026-08-24T00:00:00.000
1058,20260722,20260814,360,208,382,47,362,2,1,1459.4600,1459.4600,1459.4600,1459.4600,1,1,2026-08-24T00:00:00.000
1059,20260719,20260807,160,315,277,197,49,2,4,1460.8300,1460.8300,1460.8300,1460.8300,1,1,2026-08-24T00:00:00.000
1060,20260802,20260615,498,88,387,76,185,7,2,1462.2000,1462.2000,1462.2000,1462.2000,1,1,2026-08-24T00:00:00.000
1061,20260816,20260809,306,179,217,103,23,1,3,1463.5700,1463.5700,1463.5700,1463.5700,1,1,2026-08-24T00:00:00.000
1062,20260531,20260805,162,278,301,256,366,3,2,1464.9400,1464.9400,1464.9400,1464.9400,1,1,2026-08-24T00:00:00.000
1063,20260609,20260708,453,36,99,417,91,3,2,1466.3100,1466.3100,1466.3100,1466.3100,1,1,2026-08-24T00:00:00.000
1064,20260624,20260627,381,234,432,465,339,7,2,1467.6800,1467.6800,1467.6800,1467.6800,1,1,2026-08-24T00:00:00.000
1065,20260814,20260805,478,10,56,397,24,4,3,1469.0500,1469.0500,1469.0500,1469.0500,1,1,2026-08-24T00:00:00.000
1066,20260817,20260713,209,284,284,422,128,1,4,1470.4200,1470.4200,1470.4200,1470.4200,1,1,2026-08-24T00:00:00.000
1067,20260704,20260722,391,135,494,211,286,8,1,1471.7900,1471.7900,1471.7900,1471.7900,1,1,2026-08-24T00:00:00.000
1068,20260721,20260801,382,148,344,243,372,5,4,1473.1600,1473.1600,1473.1600,1473.1600,1,1,2026-08-24T00:00:00.000
1069,20260613,20260622,462,288,401,392,22,8,2,1474.5300,1474.5300,1474.5300,1474.5300,1,1,2026-08-24T00:00:00.000
1070,20260731,20260730,252,58,225,391,113,8,5,1475.9000,1475.9000,1475.9000,1475.9000,1,1,2026-08-24T00:00:00.000
1071,20260706,20260818,343,50,96,146,380,2,4,1477.2700,1477.2700,1477.2700,1477.2700,1,1,2026-08-24T00:00:00.000
1072,20260609,20260621,153,331,21,194,231,4,3,1478.6400,1478.6400,1478.6400,1478.6400,1,1,2026-08-24T00:00:00.000
1073,20260612,20260716,210,128,255,467,213,7,5,1480.0100,1480.0100,1480.0100,1480.0100,1,1,2026-08-24T00:00:00.000
1074,20260808,20260725,324,24,374,230,240,7,4,1481.3800,1481.3800,1481.3800,1481.3800,1,1,2026-08-24T00:00:00.000
1075,20260617,20260604,279,312,66,290,471,6,5,1482.7500,1482.7500,1482.7500,1482.7500,1,1,2026-08-24T00:00:00.000
1076,20260610,20260604,192,259,413,56,213,6,4,1484.1200,1484.1200,1484.1200,1484.1200,1,1,2026-08-24T00:00:00.000
1077,20260625,20260530,151,226,483,483,356,5,2,1485.4900,1485.4900,1485.4900,1485.4900,1,1,2026-08-24T00:00:00.000
1078,20260625,20260705,246,107,43,84,227,6,5,1486.8600,1486.8600,1486.8600,1486.8600,1,1,2026-08-24T00:00:00.000
1079,20260806,20260713,412,39,53,45,249,6,1,1488.2300,1488.2300,1488.2300,1488.2300,1,1,2026-08-24T00:00:00.000
1080,20260722,20260802,455,34,392,386,90,3,4,1489.6000,1489.6000,1489.6000,1489.6000,1,1,2026-08-24T00:00:00.000
1081,20260720,20260528,268,133,205,73,157,3,5,1490.9700,1490.9700,1490.9700,1490.9700,1,1,2026-08-24T00:00:00.000
1082,20260712,20260804,53,56,345,431,242,4,5,1492.3400,1492.3400,1492.3400,1492.3400,1,1,2026-08-24T00:00:00.000
1083,20260714,20260809,134,200,237,485,208,1,5,1493.7100,1493.7100,1493.7100,1493.7100,1,1,2026-08-24T00:00:00.000
1084,20260723,20260728,342,267,77,298,269,1,2,1495.0800,1495.0800,1495.0800,1495.0800,1,1,2026-08-24T00:00:00.000
1085,20260806,20260620,100,119,164,332,325,8,5,1496.4500,1496.4500,1496.4500,1496.4500,1,1,2026-08-24T00:00:00.000
1086,20260717,20260612,231,267,284,498,431,6,5,1497.8200,1497.8200,1497.8200,1497.8200,1,1,2026-08-24T00:00:00.000
1087,20260818,20260614,305,242,188,31,437,1,5,1499.1900,1499.1900,1499.1900,1499.1900,1,1,2026-08-24T00:00:00.000
1088,20260725,20260713,160,317,121,44,46,7,3,1500.5600,1500.5600,1500.5600,1500.5600,1,1,2026-08-24T00:00:00.000
1089,20260603,20260603,490,121,472,306,420,8,5,1501.9300,1501.9300,1501.9300,1501.9300,1,1,2026-08-24T00:00:00.000
1090,20260815,20260616,430,165,2,54,166,5,5,1503.3000,1503.3000,1503.3000,1503.3000,1,1,2026-08-24T00:00:00.000
1091,20260814,20260602,54,52,197,326,321,8,1,1504.6700,1504.6700,1504.6700,1504.6700,1,1,2026-08-24T00:00:00.000
1092,20260619,20260613,460,314,326,180,365,8,1,1506.0400,1506.0400,1506.0400,1506.0400,1,1,2026-08-24T00:00:00.000
1093,20260823,20260714,250,22,365,7,460,8,2,1507.4100,1507.4100,1507.4100,1507.4100,1,1,2026-08-24T00:00:00.000
1094,20260807,20260529,471,131,117,187,143,6,4,1508.7800,1508.7800,1508.7800,1508.7800,1,1,2026-08-24T00:00:00.000
1095,20260807,20260818,316,261,360,290,387,6,4,1510.1500,1510.1500,1510.1500,1510.1500,1,1,2026-08-24T00:00:00.000
1096,20260527,20260707,214,250,53,391,211,7,4,1511.5200,1511.5200,1511.5200,1511.5200,1,1,2026-08-24T00:00:00.000
1097,20260725,20260730,234,54,234,272,390,4,3,1512.8900,1512.8900,1512.8900,1512.8900,1,1,2026-08-24T00:00:00.000
1098,20260812,20260719,180,130,123,171,409,3,5,1514.2600,1514.2600,1514.2600,1514.2600,1,1,2026-08-24T00:00:00.000
1099,20260609,20260814,107,192,394,335,322,8,5,1515.6300,1515.6300,1515.6300,1515.6300,1,1,2026-08-24T00:00:00.000
1100,20260626,20260617,390,196,73,181,443,7,4,1517.0000,1517.0000,1517.0000,1517.0000,1,1,2026-08-24T00:00:00.000
1101,20260729,20260720,98,322,390,420,199,3,2,1518.3700,1518.3700,1518.3700,1518.3700,1,1,2026-08-24T00:00:00.000
1102,20260710,20260628,408,257,89,325,76,7,1,1519.7400,1519.7400,1519.7400,1519.7400,1,1,2026-08-24T00:00:00.000
1103,20260824,20260819,178,105,229,170,298,8,5,1521.1100,1521.1100,1521.1100,1521.1100,1,1,2026-08-24T00:00:00.000
1104,20260527,20260717,223,87,226,252,52,7,2,1522.4800,1522.4800,1522.4800,1522.4800,1,1,2026-08-24T00:00:00.000
1105,20260804,20260803,297,30,42,232,385,1,4,1523.8500,1523.8500,1523.8500,1523.8500,1,1,2026-08-24T00:00:00.000
1106,20260615,20260623,171,329,458,461,475,4,4,1525.2200,1525.2200,1525.2200,1525.2200,1,1,2026-08-24T00:00:00.000
1107,20260820,20260804,432,143,22,461,23,6,1,1526.5900,1526.5900,1526.5900,1526.5900,1,1,2026-08-24T00:00:00.000
1108,20260720,20260811,485,250,205,75,298,7,1,1527.9600,1527.9600,1527.9600,1527.9600,1,1,2026-08-24T00:00:00.000
1109,20260621,20260702,426,332,291,434,337,5,2,1529.3300,1529.3300,1529.3300,1529.3300,1,1,2026-08-24T00:00:00.000
1110,20260619,20260629,417,324,396,466,178,3,1,1530.7000,1530.7000,1530.7000,1530.7000,1,1,2026-08-24T00:00:00.000
1111,20260722,20260807,215,84,249,202,364,4,4,1532.0700,1532.0700,1532.0700,1532.0700,1,1,2026-08-24T00:00:00.000
1112,20260528,20260608,319,13,27,346,429,3,5,1533.4400,1533.4400,1533.4400,1533.4400,1,1,2026-08-24T00:00:00.000
1113,20260623,20260801,486,56,482,483,455,1,2,1534.8100,1534.8100,1534.8100,1534.8100,1,1,2026-08-24T00:00:00.000
1114,20260712,20260622,58,123,196,269,421,7,2,1536.1800,1536.1800,1536.1800,1536.1800,1,1,2026-08-24T00:00:00.000
1115,20260720,20260813,169,33,462,250,100,7,1,1537.5500,1537.5500,1537.5500,1537.5500,1,1,2026-08-24T00:00:00.000
1116,20260730,20260821,18,132,222,63,38,2,2,1538.9200,1538.9200,1538.9200,1538.9200,1,1,2026-08-24T00:00:00.000
1117,20260712,20260606,477,66,51,83,331,2,5,1540.2900,1540.2900,1540.2900,1540.2900,1,1,2026-08-24T00:00:00.000
1118,20260818,20260815,4,124,315,177,127,4,4,1541.6600,1541.6600,1541.6600,1541.6600,1,1,2026-08-24T00:00:00.000
1119,20260811,20260816,128,287,443,353,248,4,5,1543.0300,1543.0300,1543.0300,1543.0300,1,1,2026-08-24T00:00:00.000
1120,20260719,20260815,176,203,400,218,26,4,1,1544.4000,1544.4000,1544.4000,1544.4000,1,1,2026-08-24T00:00:00.000
1121,20260724,20260613,207,247,214,238,237,5,4,1545.7700,1545.7700,1545.7700,1545.7700,1,1,2026-08-24T00:00:00.000
1122,20260608,20260528,434,167,165,480,331,5,3,1547.1400,1547.1400,1547.1400,1547.1400,1,1,2026-08-24T00:00:00.000
1123,20260530,20260622,497,97,243,150,12,3,1,1548.5100,1548.5100,1548.5100,1548.5100,1,1,2026-08-24T00:00:00.000
1124,20260721,20260723,254,304,192,424,327,1,5,1549.8800,1549.8800,1549.8800,1549.8800,1,1,2026-08-24T00:00:00.000
1125,20260727,20260706,159,201,434,449,51,6,4,1551.2500,1551.2500,1551.2500,1551.2500,1,1,2026-08-24T00:00:00.000
1126,20260812,20260805,178,274,449,62,304,8,5,1552.6200,1552.6200,1552.6200,1552.6200,1,1,2026-08-24T00:00:00.000
1127,20260619,20260621,426,77,85,488,450,8,2,1553.9900,1553.9900,1553.9900,1553.9900,1,1,2026-08-24T00:00:00.000
1128,20260620,20260616,255,41,449,165,475,6,1,1555.3600,1555.3600,1555.3600,1555.3600,1,1,2026-08-24T00:00:00.000
1129,20260817,20260606,185,159,48,492,251,2,1,1556.7300,1556.7300,1556.7300,1556.7300,1,1,2026-08-24T00:00:00.000
1130,20260801,20260528,466,220,11,480,256,8,5,1558.1000,1558.1000,1558.1000,1558.1000,1,1,2026-08-24T00:00:00.000
1131,20260607,20260528,385,170,398,212,209,8,1,1559.4700,1559.4700,1559.4700,1559.4700,1,1,2026-08-24T00:00:00.000
1132,20260531,20260630,408,214,134,457,216,1,2,1560.8400,1560.8400,1560.8400,1560.8400,1,1,2026-08-24T00:00:00.000
1133,20260728,20260621,324,125,247,491,90,7,3,1562.2100,1562.2100,1562.2100,1562.2100,1,1,2026-08-24T00:00:00.000
1134,20260728,20260822,356,155,330,413,480,6,3,1563.5800,1563.5800,1563.5800,1563.5800,1,1,2026-08-24T00:00:00.000
1135,20260714,20260808,188,156,481,490,338,1,4,1564.9500,1564.9500,1564.9500,1564.9500,1,1,2026-08-24T00:00:00.000
1136,20260730,20260701,439,255,299,490,306,5,1,1566.3200,1566.3200,1566.3200,1566.3200,1,1,2026-08-24T00:00:00.000
1137,20260617,20260530,475,107,491,217,468,6,4,1567.6900,1567.6900,1567.6900,1567.6900,1,1,2026-08-24T00:00:00.000
1138,20260706,20260722,476,233,171,236,367,2,2,1569.0600,1569.0600,1569.0600,1569.0600,1,1,2026-08-24T00:00:00.000
1139,20260625,20260820,13,23,278,40,62,4,2,1570.4300,1570.4300,1570.4300,1570.4300,1,1,2026-08-24T00:00:00.000
1140,20260610,20260622,24,209,365,226,62,7,3,1571.8000,1571.8000,1571.8000,1571.8000,1,1,2026-08-24T00:00:00.000
1141,20260820,20260814,289,138,21,348,382,5,2,1573.1700,1573.1700,1573.1700,1573.1700,1,1,2026-08-24T00:00:00.000
1142,20260622,20260809,242,193,261,414,75,7,4,1574.5400,1574.5400,1574.5400,1574.5400,1,1,2026-08-24T00:00:00.000
1143,20260607,20260613,317,226,419,300,464,4,1,1575.9100,1575.9100,1575.9100,1575.9100,1,1,2026-08-24T00:00:00.000
1144,20260617,20260615,353,313,460,116,20,1,1,1577.2800,1577.2800,1577.2800,1577.2800,1,1,2026-08-24T00:00:00.000
1145,20260720,20260629,119,46,267,387,271,7,1,1578.6500,1578.6500,1578.6500,1578.6500,1,1,2026-08-24T00:00:00.000
1146,20260727,20260805,159,105,336,73,275,1,1,1580.0200,1580.0200,1580.0200,1580.0200,1,1,2026-08-24T00:00:00.000
1147,20260724,20260624,422,190,434,248,407,4,3,1581.3900,1581.3900,1581.3900,1581.3900,1,1,2026-08-24T00:00:00.000
1148,20260529,20260811,192,37,357,136,41,4,4,1582.7600,1582.7600,1582.7600,1582.7600,1,1,2026-08-24T00:00:00.000
1149,20260616,20260605,206,143,422,496,456,8,5,1584.1300,1584.1300,1584.1300,1584.1300,1,1,2026-08-24T00:00:00.000
1150,20260622,20260628,79,23,353,99,313,6,1,1585.5000,1585.5000,1585.5000,1585.5000,1,1,2026-08-24T00:00:00.000
1151,20260528,20260718,162,218,244,476,245,8,5,1586.8700,1586.8700,1586.8700,1586.8700,1,1,2026-08-24T00:00:00.000
1152,20260801,20260621,25,119,10,175,369,6,4,1588.2400,1588.2400,1588.2400,1588.2400,1,1,2026-08-24T00:00:00.000
1153,20260617,20260717,318,204,161,371,104,4,5,1589.6100,1589.6100,1589.6100,1589.6100,1,1,2026-08-24T00:00:00.000
1154,20260810,20260817,460,304,249,352,354,2,5,1590.9800,1590.9800,1590.9800,1590.9800,1,1,2026-08-24T00:00:00.000
1155,20260627,20260821,308,171,35,474,208,5,3,1592.3500,1592.3500,1592.3500,1592.3500,1,1,2026-08-24T00:00:00.000
1156,20260811,20260708,255,125,217,247,190,2,5,1593.7200,1593.7200,1593.7200,1593.7200,1,1,2026-08-24T00:00:00.000
1157,20260629,20260812,386,86,44,167,101,2,2,1595.0900,1595.0900,1595.0900,1595.0900,1,1,2026-08-24T00:00:00.000
1158,20260627,20260708,474,293,395,203,89,4,1,1596.4600,1596.4600,1596.4600,1596.4600,1,1,2026-08-24T00:00:00.000
1159,20260706,20260721,256,290,481,212,151,3,3,1597.8300,1597.8300,1597.8300,1597.8300,1,1,2026-08-24T00:00:00.000
1160,20260811,20260728,66,152,350,185,123,1,4,1599.2000,1599.2000,1599.2000,1599.2000,1,1,2026-08-24T00:00:00.000
1161,20260731,20260820,471,90,475,332,351,3,5,1600.5700,1600.5700,1600.5700,1600.5700,1,1,2026-08-24T00:00:00.000
1162,20260823,20260713,123,90,136,97,222,5,4,1601.9400,1601.9400,1601.9400,1601.9400,1,1,2026-08-24T00:00:00.000
1163,20260805,20260802,382,29,12,10,207,2,2,1603.3100,1603.3100,1603.3100,1603.3100,1,1,2026-08-24T00:00:00.000
1164,20260613,20260605,316,31,461,349,71,7,4,1604.6800,1604.6800,1604.6800,1604.6800,1,1,2026-08-24T00:00:00.000
1165,20260824,20260729,62,277,65,448,104,4,1,1606.0500,1606.0500,1606.0500,1606.0500,1,1,2026-08-24T00:00:00.000
1166,20260710,20260817,163,99,74,452,461,2,1,1607.4200,1607.4200,1607.4200,1607.4200,1,1,2026-08-24T00:00:00.000
1167,20260610,20260821,71,185,352,162,169,7,5,1608.7900,1608.7900,1608.7900,1608.7900,1,1,2026-08-24T00:00:00.000
1168,20260709,20260823,87,6,177,219,74,5,5,1610.1600,1610.1600,1610.1600,1610.1600,1,1,2026-08-24T00:00:00.000
1169,20260706,20260627,188,256,228,61,439,4,3,1611.5300,1611.5300,1611.5300,1611.5300,1,1,2026-08-24T00:00:00.000
1170,20260722,20260620,307,206,49,392,351,5,5,1612.9000,1612.9000,1612.9000,1612.9000,1,1,2026-08-24T00:00:00.000
1171,20260611,20260716,143,42,215,67,103,4,5,1614.2700,1614.2700,1614.2700,1614.2700,1,1,2026-08-24T00:00:00.000
1172,20260627,20260812,140,144,17,342,101,8,2,1615.6400,1615.6400,1615.6400,1615.6400,1,1,2026-08-24T00:00:00.000
1173,20260725,20260531,98,90,479,45,288,5,3,1617.0100,1617.0100,1617.0100,1617.0100,1,1,2026-08-24T00:00:00.000
1174,20260609,20260712,219,22,168,418,496,4,1,1618.3800,1618.3800,1618.3800,1618.3800,1,1,2026-08-24T00:00:00.000
1175,20260701,20260622,23,59,192,353,4,8,4,1619.7500,1619.7500,1619.7500,1619.7500,1,1,2026-08-24T00:00:00.000
1176,20260620,20260713,162,34,164,308,246,8,2,1621.1200,1621.1200,1621.1200,1621.1200,1,1,2026-08-24T00:00:00.000
1177,20260624,20260607,320,183,431,3,497,5,2,1622.4900,1622.4900,1622.4900,1622.4900,1,1,2026-08-24T00:00:00.000
1178,20260716,20260707,100,347,246,263,312,4,3,1623.8600,1623.8600,1623.8600,1623.8600,1,1,2026-08-24T00:00:00.000
1179,20260619,20260617,217,283,470,457,35,2,3,1625.2300,1625.2300,1625.2300,1625.2300,1,1,2026-08-24T00:00:00.000
1180,20260730,20260815,1,330,23,62,452,2,1,1626.6000,1626.6000,1626.6000,1626.6000,1,1,2026-08-24T00:00:00.000
1181,20260609,20260807,46,46,391,155,16,3,1,1627.9700,1627.9700,1627.9700,1627.9700,1,1,2026-08-24T00:00:00.000
1182,20260716,20260709,90,56,351,173,349,4,5,1629.3400,1629.3400,1629.3400,1629.3400,1,1,2026-08-24T00:00:00.000
1183,20260602,20260603,290,346,358,133,187,5,3,1630.7100,1630.7100,1630.7100,1630.7100,1,1,2026-08-24T00:00:00.000
1184,20260810,20260610,80,37,170,68,132,1,5,1632.0800,1632.0800,1632.0800,1632.0800,1,1,2026-08-24T00:00:00.000
1185,20260730,20260729,3,17,263,345,267,8,1,1633.4500,1633.4500,1633.4500,1633.4500,1,1,2026-08-24T00:00:00.000
1186,20260803,20260715,138,270,147,441,47,6,1,1634.8200,1634.8200,1634.8200,1634.8200,1,1,2026-08-24T00:00:00.000
1187,20260628,20260722,240,3,191,240,481,6,5,1636.1900,1636.1900,1636.1900,1636.1900,1,1,2026-08-24T00:00:00.000
1188,20260809,20260823,413,20,348,278,358,2,2,1637.5600,1637.5600,1637.5600,1637.5600,1,1,2026-08-24T00:00:00.000
1189,20260721,20260620,461,341,184,374,35,5,5,1638.9300,1638.9300,1638.9300,1638.9300,1,1,2026-08-24T00:00:00.000
1190,20260815,20260617,180,277,197,320,211,2,5,1640.3000,1640.3000,1640.3000,1640.3000,1,1,2026-08-24T00:00:00.000
1191,20260716,20260609,216,90,70,31,85,6,1,1641.6700,1641.6700,1641.6700,1641.6700,1,1,2026-08-24T00:00:00.000
1192,20260530,20260711,62,213,24,163,236,6,2,1643.0400,1643.0400,1643.0400,1643.0400,1,1,2026-08-24T00:00:00.000
1193,20260808,20260801,315,239,189,229,200,8,5,1644.4100,1644.4100,1644.4100,1644.4100,1,1,2026-08-24T00:00:00.000
1194,20260625,20260729,170,33,134,283,487,8,5,1645.7800,1645.7800,1645.7800,1645.7800,1,1,2026-08-24T00:00:00.000
1195,20260708,20260819,337,82,417,272,207,7,1,1647.1500,1647.1500,1647.1500,1647.1500,1,1,2026-08-24T00:00:00.000
1196,20260529,20260617,443,197,284,125,5,3,2,1648.5200,1648.5200,1648.5200,1648.5200,1,1,2026-08-24T00:00:00.000
1197,20260703,20260611,201,250,214,340,2,2,4,1649.8900,1649.8900,1649.8900,1649.8900,1,1,2026-08-24T00:00:00.000
1198,20260706,20260705,168,53,248,281,441,1,2,1651.2600,1651.2600,1651.2600,1651.2600,1,1,2026-08-24T00:00:00.000
1199,20260803,20260820,81,262,249,363,402,3,5,1652.6300,1652.6300,1652.6300,1652.6300,1,1,2026-08-24T00:00:00.000
1200,20260718,20260720,206,319,382,346,166,6,5,1654.0000,1654.0000,1654.0000,1654.0000,1,1,2026-08-24T00:00:00.000
1201,20260627,20260726,53,309,342,239,413,8,1,1655.3700,1655.3700,1655.3700,1655.3700,1,1,2026-08-24T00:00:00.000
1202,20260730,20260528,414,66,329,326,126,3,5,1656.7400,1656.7400,1656.7400,1656.7400,1,1,2026-08-24T00:00:00.000
1203,20260823,20260819,56,135,500,119,415,3,3,1658.1100,1658.1100,1658.1100,1658.1100,1,1,2026-08-24T00:00:00.000
1204,20260611,20260824,40,294,336,18,190,8,3,1659.4800,1659.4800,1659.4800,1659.4800,1,1,2026-08-24T00:00:00.000
1205,20260527,20260530,97,334,155,101,84,1,2,1660.8500,1660.8500,1660.8500,1660.8500,1,1,2026-08-24T00:00:00.000
1206,20260613,20260623,243,77,182,154,429,2,2,1662.2200,1662.2200,1662.2200,1662.2200,1,1,2026-08-24T00:00:00.000
1207,20260818,20260706,67,139,435,462,147,7,5,1663.5900,1663.5900,1663.5900,1663.5900,1,1,2026-08-24T00:00:00.000
1208,20260719,20260615,98,178,171,38,470,5,3,1664.9600,1664.9600,1664.9600,1664.9600,1,1,2026-08-24T00:00:00.000
1209,20260730,20260803,95,97,40,180,91,6,1,1666.3300,1666.3300,1666.3300,1666.3300,1,1,2026-08-24T00:00:00.000
1210,20260707,20260621,342,323,469,202,260,1,5,1667.7000,1667.7000,1667.7000,1667.7000,1,1,2026-08-24T00:00:00.000
1211,20260613,20260621,245,136,426,239,426,5,5,1669.0700,1669.0700,1669.0700,1669.0700,1,1,2026-08-24T00:00:00.000
1212,20260801,20260604,171,220,134,363,31,4,3,1670.4400,1670.4400,1670.4400,1670.4400,1,1,2026-08-24T00:00:00.000
1213,20260801,20260603,95,113,391,180,77,1,3,1671.8100,1671.8100,1671.8100,1671.8100,1,1,2026-08-24T00:00:00.000
1214,20260718,20260709,477,306,385,132,64,5,5,1673.1800,1673.1800,1673.1800,1673.1800,1,1,2026-08-24T00:00:00.000
1215,20260812,20260612,415,78,39,261,86,3,2,1674.5500,1674.5500,1674.5500,1674.5500,1,1,2026-08-24T00:00:00.000
1216,20260727,20260729,336,331,346,43,455,6,2,1675.9200,1675.9200,1675.9200,1675.9200,1,1,2026-08-24T00:00:00.000
1217,20260607,20260712,475,171,352,256,164,2,3,1677.2900,1677.2900,1677.2900,1677.2900,1,1,2026-08-24T00:00:00.000
1218,20260621,20260615,41,239,324,224,326,5,4,1678.6600,1678.6600,1678.6600,1678.6600,1,1,2026-08-24T00:00:00.000
1219,20260624,20260804,11,120,337,100,316,4,1,1680.0300,1680.0300,1680.0300,1680.0300,1,1,2026-08-24T00:00:00.000
1220,20260818,20260620,323,190,422,350,102,8,3,1681.4000,1681.4000,1681.4000,1681.4000,1,1,2026-08-24T00:00:00.000
1221,20260710,20260815,245,136,20,490,424,6,4,1682.7700,1682.7700,1682.7700,1682.7700,1,1,2026-08-24T00:00:00.000
1222,20260809,20260629,163,61,270,113,137,3,3,1684.1400,1684.1400,1684.1400,1684.1400,1,1,2026-08-24T00:00:00.000
1223,20260823,20260620,141,197,116,21,372,1,1,1685.5100,1685.5100,1685.5100,1685.5100,1,1,2026-08-24T00:00:00.000
1224,20260527,20260731,482,181,164,120,227,4,3,1686.8800,1686.8800,1686.8800,1686.8800,1,1,2026-08-24T00:00:00.000
1225,20260530,20260811,96,302,167,15,59,5,1,1688.2500,1688.2500,1688.2500,1688.2500,1,1,2026-08-24T00:00:00.000
1226,20260801,20260614,453,103,487,129,470,8,3,1689.6200,1689.6200,1689.6200,1689.6200,1,1,2026-08-24T00:00:00.000
1227,20260627,20260810,425,273,499,23,165,3,1,1690.9900,1690.9900,1690.9900,1690.9900,1,1,2026-08-24T00:00:00.000
1228,20260531,20260814,375,258,82,169,341,5,2,1692.3600,1692.3600,1692.3600,1692.3600,1,1,2026-08-24T00:00:00.000
1229,20260817,20260616,438,166,494,79,439,4,1,1693.7300,1693.7300,1693.7300,1693.7300,1,1,2026-08-24T00:00:00.000
1230,20260606,20260718,390,102,7,119,280,8,2,1695.1000,1695.1000,1695.1000,1695.1000,1,1,2026-08-24T00:00:00.000
1231,20260811,20260729,271,228,60,155,148,2,3,1696.4700,1696.4700,1696.4700,1696.4700,1,1,2026-08-24T00:00:00.000
1232,20260528,20260718,420,297,42,457,112,5,4,1697.8400,1697.8400,1697.8400,1697.8400,1,1,2026-08-24T00:00:00.000
1233,20260726,20260530,323,96,244,56,193,1,2,1699.2100,1699.2100,1699.2100,1699.2100,1,1,2026-08-24T00:00:00.000
1234,20260804,20260720,234,326,246,48,164,6,3,1700.5800,1700.5800,1700.5800,1700.5800,1,1,2026-08-24T00:00:00.000
1235,20260527,20260824,264,73,225,402,101,3,3,1701.9500,1701.9500,1701.9500,1701.9500,1,1,2026-08-24T00:00:00.000
1236,20260715,20260611,393,8,126,266,1,7,3,1703.3200,1703.3200,1703.3200,1703.3200,1,1,2026-08-24T00:00:00.000
1237,20260721,20260615,229,296,294,109,237,6,3,1704.6900,1704.6900,1704.6900,1704.6900,1,1,2026-08-24T00:00:00.000
1238,20260809,20260621,477,112,323,225,207,2,3,1706.0600,1706.0600,1706.0600,1706.0600,1,1,2026-08-24T00:00:00.000
1239,20260729,20260626,416,195,158,178,43,6,1,1707.4300,1707.4300,1707.4300,1707.4300,1,1,2026-08-24T00:00:00.000
1240,20260705,20260709,11,140,399,144,418,8,2,1708.8000,1708.8000,1708.8000,1708.8000,1,1,2026-08-24T00:00:00.000
1241,20260705,20260614,305,34,421,164,56,4,4,1710.1700,1710.1700,1710.1700,1710.1700,1,1,2026-08-24T00:00:00.000
1242,20260530,20260617,61,268,335,484,480,3,4,1711.5400,1711.5400,1711.5400,1711.5400,1,1,2026-08-24T00:00:00.000
1243,20260629,20260613,126,330,70,149,47,5,4,1712.9100,1712.9100,1712.9100,1712.9100,1,1,2026-08-24T00:00:00.000
1244,20260625,20260812,48,207,186,49,431,2,5,1714.2800,1714.2800,1714.2800,1714.2800,1,1,2026-08-24T00:00:00.000
1245,20260724,20260619,60,333,143,105,422,5,3,1715.6500,1715.6500,1715.6500,1715.6500,1,1,2026-08-24T00:00:00.000
1246,20260717,20260604,189,156,366,345,424,1,2,1717.0200,1717.0200,1717.0200,1717.0200,1,1,2026-08-24T00:00:00.000
1247,20260701,20260819,366,350,476,48,17,5,3,1718.3900,1718.3900,1718.3900,1718.3900,1,1,2026-08-24T00:00:00.000
1248,20260625,20260701,317,292,317,379,157,5,3,1719.7600,1719.7600,1719.7600,1719.7600,1,1,2026-08-24T00:00:00.000
1249,20260813,20260722,459,184,133,14,328,5,2,1721.1300,1721.1300,1721.1300,1721.1300,1,1,2026-08-24T00:00:00.000
1250,20260713,20260628,47,207,361,313,467,5,4,1722.5000,1722.5000,1722.5000,1722.5000,1,1,2026-08-24T00:00:00.000
1251,20260812,20260527,452,190,114,470,360,5,4,1723.8700,1723.8700,1723.8700,1723.8700,1,1,2026-08-24T00:00:00.000
1252,20260607,20260615,498,195,215,381,119,6,4,1725.2400,1725.2400,1725.2400,1725.2400,1,1,2026-08-24T00:00:00.000
1253,20260606,20260627,139,304,302,411,106,4,3,1726.6100,1726.6100,1726.6100,1726.6100,1,1,2026-08-24T00:00:00.000
1254,20260707,20260530,295,191,483,176,128,1,2,1727.9800,1727.9800,1727.9800,1727.9800,1,1,2026-08-24T00:00:00.000
1255,20260729,20260606,292,17,56,288,402,8,1,1729.3500,1729.3500,1729.3500,1729.3500,1,1,2026-08-24T00:00:00.000
1256,20260720,20260730,450,35,191,442,145,5,5,1730.7200,1730.7200,1730.7200,1730.7200,1,1,2026-08-24T00:00:00.000
1257,20260730,20260706,72,82,78,137,129,2,1,1732.0900,1732.0900,1732.0900,1732.0900,1,1,2026-08-24T00:00:00.000
1258,20260606,20260529,341,165,349,129,364,5,5,1733.4600,1733.4600,1733.4600,1733.4600,1,1,2026-08-24T00:00:00.000
1259,20260529,20260814,242,118,426,210,158,1,4,1734.8300,1734.8300,1734.8300,1734.8300,1,1,2026-08-24T00:00:00.000
1260,20260726,20260529,168,246,497,144,294,4,4,1736.2000,1736.2000,1736.2000,1736.2000,1,1,2026-08-24T00:00:00.000
1261,20260625,20260811,468,293,54,79,7,2,3,1737.5700,1737.5700,1737.5700,1737.5700,1,1,2026-08-24T00:00:00.000
1262,20260816,20260807,105,9,381,276,109,3,1,1738.9400,1738.9400,1738.9400,1738.9400,1,1,2026-08-24T00:00:00.000
1263,20260726,20260720,113,90,169,202,201,5,5,1740.3100,1740.3100,1740.3100,1740.3100,1,1,2026-08-24T00:00:00.000
1264,20260603,20260604,431,131,284,267,363,4,4,1741.6800,1741.6800,1741.6800,1741.6800,1,1,2026-08-24T00:00:00.000
1265,20260603,20260710,140,274,33,332,360,5,2,1743.0500,1743.0500,1743.0500,1743.0500,1,1,2026-08-24T00:00:00.000
1266,20260707,20260715,384,81,274,381,236,5,3,1744.4200,1744.4200,1744.4200,1744.4200,1,1,2026-08-24T00:00:00.000
1267,20260725,20260811,297,116,500,122,308,5,4,1745.7900,1745.7900,1745.7900,1745.7900,1,1,2026-08-24T00:00:00.000
1268,20260709,20260529,151,135,25,388,178,5,3,1747.1600,1747.1600,1747.1600,1747.1600,1,1,2026-08-24T00:00:00.000
1269,20260721,20260823,49,266,439,290,252,5,5,1748.5300,1748.5300,1748.5300,1748.5300,1,1,2026-08-24T00:00:00.000
1270,20260702,20260809,77,47,199,25,148,1,5,1749.9000,1749.9000,1749.9000,1749.9000,1,1,2026-08-24T00:00:00.000
1271,20260625,20260708,73,63,325,71,366,4,5,1751.2700,1751.2700,1751.2700,1751.2700,1,1,2026-08-24T00:00:00.000
1272,20260727,20260824,461,182,209,445,136,5,4,1752.6400,1752.6400,1752.6400,1752.6400,1,1,2026-08-24T00:00:00.000
1273,20260611,20260720,32,213,232,22,271,8,1,1754.0100,1754.0100,1754.0100,1754.0100,1,1,2026-08-24T00:00:00.000
1274,20260809,20260720,206,271,337,235,382,4,2,1755.3800,1755.3800,1755.3800,1755.3800,1,1,2026-08-24T00:00:00.000
1275,20260702,20260722,443,213,211,438,61,4,3,1756.7500,1756.7500,1756.7500,1756.7500,1,1,2026-08-24T00:00:00.000
1276,20260817,20260619,93,72,107,382,325,4,4,1758.1200,1758.1200,1758.1200,1758.1200,1,1,2026-08-24T00:00:00.000
1277,20260705,20260712,73,167,171,131,243,5,2,1759.4900,1759.4900,1759.4900,1759.4900,1,1,2026-08-24T00:00:00.000
1278,20260612,20260824,398,7,225,16,76,7,3,1760.8600,1760.8600,1760.8600,1760.8600,1,1,2026-08-24T00:00:00.000
1279,20260727,20260623,133,214,160,465,229,5,1,1762.2300,1762.2300,1762.2300,1762.2300,1,1,2026-08-24T00:00:00.000
1280,20260814,20260528,399,134,306,22,109,4,4,1763.6000,1763.6000,1763.6000,1763.6000,1,1,2026-08-24T00:00:00.000
1281,20260612,20260729,415,163,48,376,376,5,5,1764.9700,1764.9700,1764.9700,1764.9700,1,1,2026-08-24T00:00:00.000
1282,20260608,20260530,344,112,196,41,259,2,1,1766.3400,1766.3400,1766.3400,1766.3400,1,1,2026-08-24T00:00:00.000
1283,20260614,20260730,110,69,6,316,478,6,3,1767.7100,1767.7100,1767.7100,1767.7100,1,1,2026-08-24T00:00:00.000
1284,20260610,20260724,461,236,289,335,53,1,1,1769.0800,1769.0800,1769.0800,1769.0800,1,1,2026-08-24T00:00:00.000
1285,20260822,20260623,171,103,302,421,209,3,3,1770.4500,1770.4500,1770.4500,1770.4500,1,1,2026-08-24T00:00:00.000
1286,20260623,20260628,353,310,464,315,168,3,5,1771.8200,1771.8200,1771.8200,1771.8200,1,1,2026-08-24T00:00:00.000
1287,20260812,20260625,474,88,401,14,141,6,1,1773.1900,1773.1900,1773.1900,1773.1900,1,1,2026-08-24T00:00:00.000
1288,20260808,20260809,461,345,297,203,407,5,4,1774.5600,1774.5600,1774.5600,1774.5600,1,1,2026-08-24T00:00:00.000
1289,20260819,20260811,157,25,97,176,4,2,5,1775.9300,1775.9300,1775.9300,1775.9300,1,1,2026-08-24T00:00:00.000
1290,20260719,20260812,240,169,209,371,447,5,2,1777.3000,1777.3000,1777.3000,1777.3000,1,1,2026-08-24T00:00:00.000
1291,20260701,20260610,348,204,179,456,258,8,4,1778.6700,1778.6700,1778.6700,1778.6700,1,1,2026-08-24T00:00:00.000
1292,20260703,20260628,356,206,27,287,275,4,5,1780.0400,1780.0400,1780.0400,1780.0400,1,1,2026-08-24T00:00:00.000
1293,20260611,20260603,107,71,4,228,424,4,4,1781.4100,1781.4100,1781.4100,1781.4100,1,1,2026-08-24T00:00:00.000
1294,20260531,20260606,492,15,330,52,244,7,5,1782.7800,1782.7800,1782.7800,1782.7800,1,1,2026-08-24T00:00:00.000
1295,20260624,20260702,476,192,224,184,298,1,1,1784.1500,1784.1500,1784.1500,1784.1500,1,1,2026-08-24T00:00:00.000
1296,20260718,20260710,177,256,210,143,330,3,5,1785.5200,1785.5200,1785.5200,1785.5200,1,1,2026-08-24T00:00:00.000
1297,20260805,20260616,235,14,199,233,417,4,2,1786.8900,1786.8900,1786.8900,1786.8900,1,1,2026-08-24T00:00:00.000
1298,20260823,20260715,439,269,480,99,153,6,4,1788.2600,1788.2600,1788.2600,1788.2600,1,1,2026-08-24T00:00:00.000
1299,20260706,20260616,58,337,357,316,343,1,3,1789.6300,1789.6300,1789.6300,1789.6300,1,1,2026-08-24T00:00:00.000
1300,20260714,20260803,186,36,464,41,271,7,4,1791.0000,1791.0000,1791.0000,1791.0000,1,1,2026-08-24T00:00:00.000
1301,20260819,20260620,104,276,283,343,453,8,4,1792.3700,1792.3700,1792.3700,1792.3700,1,1,2026-08-24T00:00:00.000
1302,20260805,20260727,36,290,473,144,452,6,1,1793.7400,1793.7400,1793.7400,1793.7400,1,1,2026-08-24T00:00:00.000
1303,20260706,20260614,317,289,78,394,191,1,2,1795.1100,1795.1100,1795.1100,1795.1100,1,1,2026-08-24T00:00:00.000
1304,20260625,20260608,37,258,233,202,165,3,5,1796.4800,1796.4800,1796.4800,1796.4800,1,1,2026-08-24T00:00:00.000
1305,20260606,20260614,467,83,155,454,222,8,2,1797.8500,1797.8500,1797.8500,1797.8500,1,1,2026-08-24T00:00:00.000
1306,20260615,20260527,157,235,305,198,240,7,5,1799.2200,1799.2200,1799.2200,1799.2200,1,1,2026-08-24T00:00:00.000
1307,20260603,20260818,397,129,254,167,56,4,3,1800.5900,1800.5900,1800.5900,1800.5900,1,1,2026-08-24T00:00:00.000
1308,20260712,20260626,236,58,472,252,306,6,3,1801.9600,1801.9600,1801.9600,1801.9600,1,1,2026-08-24T00:00:00.000
1309,20260712,20260818,235,15,175,116,289,2,1,1803.3300,1803.3300,1803.3300,1803.3300,1,1,2026-08-24T00:00:00.000
1310,20260714,20260805,228,37,13,239,312,4,1,1804.7000,1804.7000,1804.7000,1804.7000,1,1,2026-08-24T00:00:00.000
1311,20260716,20260811,467,191,383,221,352,1,1,1806.0700,1806.0700,1806.0700,1806.0700,1,1,2026-08-24T00:00:00.000
1312,20260713,20260805,37,146,323,368,212,1,5,1807.4400,1807.4400,1807.4400,1807.4400,1,1,2026-08-24T00:00:00.000
1313,20260531,20260731,324,221,131,418,314,7,1,1808.8100,1808.8100,1808.8100,1808.8100,1,1,2026-08-24T00:00:00.000
1314,20260809,20260713,142,29,237,334,51,8,4,1810.1800,1810.1800,1810.1800,1810.1800,1,1,2026-08-24T00:00:00.000
1315,20260814,20260810,256,27,482,188,384,3,5,1811.5500,1811.5500,1811.5500,1811.5500,1,1,2026-08-24T00:00:00.000
1316,20260622,20260720,248,226,396,295,367,6,1,1812.9200,1812.9200,1812.9200,1812.9200,1,1,2026-08-24T00:00:00.000
1317,20260623,20260708,20,195,158,262,124,2,1,1814.2900,1814.2900,1814.2900,1814.2900,1,1,2026-08-24T00:00:00.000
1318,20260823,20260601,108,337,329,141,56,7,2,1815.6600,1815.6600,1815.6600,1815.6600,1,1,2026-08-24T00:00:00.000
1319,20260529,20260812,476,85,283,391,24,3,4,1817.0300,1817.0300,1817.0300,1817.0300,1,1,2026-08-24T00:00:00.000
1320,20260821,20260818,156,343,113,51,462,8,5,1818.4000,1818.4000,1818.4000,1818.4000,1,1,2026-08-24T00:00:00.000
1321,20260717,20260719,369,223,186,55,218,6,2,1819.7700,1819.7700,1819.7700,1819.7700,1,1,2026-08-24T00:00:00.000
1322,20260622,20260803,263,43,429,280,251,3,1,1821.1400,1821.1400,1821.1400,1821.1400,1,1,2026-08-24T00:00:00.000
1323,20260715,20260712,275,98,296,221,204,5,1,1822.5100,1822.5100,1822.5100,1822.5100,1,1,2026-08-24T00:00:00.000
1324,20260605,20260717,481,284,471,34,68,4,3,1823.8800,1823.8800,1823.8800,1823.8800,1,1,2026-08-24T00:00:00.000
1325,20260610,20260626,384,20,409,407,453,1,5,1825.2500,1825.2500,1825.2500,1825.2500,1,1,2026-08-24T00:00:00.000
1326,20260602,20260624,166,30,111,1,336,4,5,1826.6200,1826.6200,1826.6200,1826.6200,1,1,2026-08-24T00:00:00.000
1327,20260720,20260727,380,348,450,156,241,3,5,1827.9900,1827.9900,1827.9900,1827.9900,1,1,2026-08-24T00:00:00.000
1328,20260727,20260718,382,211,416,257,27,2,4,1829.3600,1829.3600,1829.3600,1829.3600,1,1,2026-08-24T00:00:00.000
1329,20260816,20260805,3,230,303,288,217,4,3,1830.7300,1830.7300,1830.7300,1830.7300,1,1,2026-08-24T00:00:00.000
1330,20260602,20260702,272,31,99,465,278,1,1,1832.1000,1832.1000,1832.1000,1832.1000,1,1,2026-08-24T00:00:00.000
1331,20260716,20260712,267,120,206,408,389,7,4,1833.4700,1833.4700,1833.4700,1833.4700,1,1,2026-08-24T00:00:00.000
1332,20260621,20260702,221,163,395,63,54,5,5,1834.8400,1834.8400,1834.8400,1834.8400,1,1,2026-08-24T00:00:00.000
1333,20260602,20260817,185,136,424,436,347,3,2,1836.2100,1836.2100,1836.2100,1836.2100,1,1,2026-08-24T00:00:00.000
1334,20260726,20260604,324,106,353,270,264,1,4,1837.5800,1837.5800,1837.5800,1837.5800,1,1,2026-08-24T00:00:00.000
1335,20260711,20260713,470,349,240,21,393,5,4,1838.9500,1838.9500,1838.9500,1838.9500,1,1,2026-08-24T00:00:00.000
1336,20260701,20260618,330,229,40,50,106,1,2,1840.3200,1840.3200,1840.3200,1840.3200,1,1,2026-08-24T00:00:00.000
1337,20260725,20260601,319,116,413,200,349,2,1,1841.6900,1841.6900,1841.6900,1841.6900,1,1,2026-08-24T00:00:00.000
1338,20260722,20260628,368,33,445,294,185,5,2,1843.0600,1843.0600,1843.0600,1843.0600,1,1,2026-08-24T00:00:00.000
1339,20260606,20260809,87,107,163,164,393,3,3,1844.4300,1844.4300,1844.4300,1844.4300,1,1,2026-08-24T00:00:00.000
1340,20260726,20260805,348,147,271,160,142,4,1,1845.8000,1845.8000,1845.8000,1845.8000,1,1,2026-08-24T00:00:00.000
1341,20260605,20260602,184,70,292,25,418,1,3,1847.1700,1847.1700,1847.1700,1847.1700,1,1,2026-08-24T00:00:00.000
1342,20260809,20260621,362,60,101,347,2,5,4,1848.5400,1848.5400,1848.5400,1848.5400,1,1,2026-08-24T00:00:00.000
1343,20260624,20260815,221,242,468,241,368,6,3,1849.9100,1849.9100,1849.9100,1849.9100,1,1,2026-08-24T00:00:00.000
1344,20260610,20260627,132,115,20,138,246,1,2,1851.2800,1851.2800,1851.2800,1851.2800,1,1,2026-08-24T00:00:00.000
1345,20260712,20260606,401,62,244,493,210,7,3,1852.6500,1852.6500,1852.6500,1852.6500,1,1,2026-08-24T00:00:00.000
1346,20260622,20260812,343,116,174,442,488,3,2,1854.0200,1854.0200,1854.0200,1854.0200,1,1,2026-08-24T00:00:00.000
1347,20260605,20260708,269,140,476,384,360,8,1,1855.3900,1855.3900,1855.3900,1855.3900,1,1,2026-08-24T00:00:00.000
1348,20260621,20260624,270,204,404,90,420,6,3,1856.7600,1856.7600,1856.7600,1856.7600,1,1,2026-08-24T00:00:00.000
1349,20260727,20260706,330,294,243,17,237,4,4,1858.1300,1858.1300,1858.1300,1858.1300,1,1,2026-08-24T00:00:00.000
1350,20260626,20260611,241,236,197,429,403,2,1,1859.5000,1859.5000,1859.5000,1859.5000,1,1,2026-08-24T00:00:00.000
1351,20260715,20260715,425,194,404,134,3,8,4,1860.8700,1860.8700,1860.8700,1860.8700,1,1,2026-08-24T00:00:00.000
1352,20260815,20260604,254,107,208,453,11,4,4,1862.2400,1862.2400,1862.2400,1862.2400,1,1,2026-08-24T00:00:00.000
1353,20260622,20260726,216,277,471,143,432,6,4,1863.6100,1863.6100,1863.6100,1863.6100,1,1,2026-08-24T00:00:00.000
1354,20260714,20260722,2,65,186,218,266,2,2,1864.9800,1864.9800,1864.9800,1864.9800,1,1,2026-08-24T00:00:00.000
1355,20260614,20260704,462,330,135,494,104,6,1,1866.3500,1866.3500,1866.3500,1866.3500,1,1,2026-08-24T00:00:00.000
1356,20260607,20260529,163,182,402,202,460,5,3,1867.7200,1867.7200,1867.7200,1867.7200,1,1,2026-08-24T00:00:00.000
1357,20260704,20260713,13,202,138,494,66,6,2,1869.0900,1869.0900,1869.0900,1869.0900,1,1,2026-08-24T00:00:00.000
1358,20260718,20260606,79,164,238,59,162,4,5,1870.4600,1870.4600,1870.4600,1870.4600,1,1,2026-08-24T00:00:00.000
1359,20260810,20260820,72,302,380,172,206,1,2,1871.8300,1871.8300,1871.8300,1871.8300,1,1,2026-08-24T00:00:00.000
1360,20260727,20260609,44,51,68,93,411,5,3,1873.2000,1873.2000,1873.2000,1873.2000,1,1,2026-08-24T00:00:00.000
1361,20260727,20260801,266,261,470,204,254,6,2,1874.5700,1874.5700,1874.5700,1874.5700,1,1,2026-08-24T00:00:00.000
1362,20260723,20260618,382,308,52,300,468,2,4,1875.9400,1875.9400,1875.9400,1875.9400,1,1,2026-08-24T00:00:00.000
1363,20260710,20260801,38,339,448,171,220,8,5,1877.3100,1877.3100,1877.3100,1877.3100,1,1,2026-08-24T00:00:00.000
1364,20260606,20260718,449,302,238,16,242,6,3,1878.6800,1878.6800,1878.6800,1878.6800,1,1,2026-08-24T00:00:00.000
1365,20260609,20260729,31,208,388,191,167,8,2,1880.0500,1880.0500,1880.0500,1880.0500,1,1,2026-08-24T00:00:00.000
1366,20260615,20260625,85,143,424,246,333,1,4,1881.4200,1881.4200,1881.4200,1881.4200,1,1,2026-08-24T00:00:00.000
1367,20260819,20260710,283,241,409,256,419,4,2,1882.7900,1882.7900,1882.7900,1882.7900,1,1,2026-08-24T00:00:00.000
1368,20260706,20260823,343,167,153,391,296,7,1,1884.1600,1884.1600,1884.1600,1884.1600,1,1,2026-08-24T00:00:00.000
1369,20260809,20260701,473,84,494,109,179,5,5,1885.5300,1885.5300,1885.5300,1885.5300,1,1,2026-08-24T00:00:00.000
1370,20260811,20260820,153,307,159,259,392,2,3,1886.9000,1886.9000,1886.9000,1886.9000,1,1,2026-08-24T00:00:00.000
1371,20260620,20260706,170,156,141,220,109,3,1,1888.2700,1888.2700,1888.2700,1888.2700,1,1,2026-08-24T00:00:00.000
1372,20260729,20260630,273,323,77,163,136,7,5,1889.6400,1889.6400,1889.6400,1889.6400,1,1,2026-08-24T00:00:00.000
1373,20260530,20260527,263,263,210,347,243,7,2,1891.0100,1891.0100,1891.0100,1891.0100,1,1,2026-08-24T00:00:00.000
1374,20260625,20260628,29,49,107,468,324,4,3,1892.3800,1892.3800,1892.3800,1892.3800,1,1,2026-08-24T00:00:00.000
1375,20260612,20260605,86,257,194,260,477,2,2,1893.7500,1893.7500,1893.7500,1893.7500,1,1,2026-08-24T00:00:00.000
1376,20260708,20260727,192,97,442,275,292,8,2,1895.1200,1895.1200,1895.1200,1895.1200,1,1,2026-08-24T00:00:00.000
1377,20260714,20260719,62,279,325,50,39,3,3,1896.4900,1896.4900,1896.4900,1896.4900,1,1,2026-08-24T00:00:00.000
1378,20260625,20260608,256,283,217,432,35,2,3,1897.8600,1897.8600,1897.8600,1897.8600,1,1,2026-08-24T00:00:00.000
1379,20260709,20260717,272,44,263,263,494,2,4,1899.2300,1899.2300,1899.2300,1899.2300,1,1,2026-08-24T00:00:00.000
1380,20260530,20260802,245,209,471,364,176,2,2,1900.6000,1900.6000,1900.6000,1900.6000,1,1,2026-08-24T00:00:00.000
1381,20260808,20260817,401,151,498,499,419,7,2,1901.9700,1901.9700,1901.9700,1901.9700,1,1,2026-08-24T00:00:00.000
1382,20260729,20260611,314,99,395,325,226,7,1,1903.3400,1903.3400,1903.3400,1903.3400,1,1,2026-08-24T00:00:00.000
1383,20260705,20260609,367,74,466,328,255,1,5,1904.7100,1904.7100,1904.7100,1904.7100,1,1,2026-08-24T00:00:00.000
1384,20260620,20260723,274,67,91,347,473,7,4,1906.0800,1906.0800,1906.0800,1906.0800,1,1,2026-08-24T00:00:00.000
1385,20260805,20260615,354,13,283,441,176,1,5,1907.4500,1907.4500,1907.4500,1907.4500,1,1,2026-08-24T00:00:00.000
1386,20260610,20260608,478,6,361,205,255,7,3,1908.8200,1908.8200,1908.8200,1908.8200,1,1,2026-08-24T00:00:00.000
1387,20260723,20260822,243,23,95,111,388,1,5,1910.1900,1910.1900,1910.1900,1910.1900,1,1,2026-08-24T00:00:00.000
1388,20260601,20260603,24,169,3,107,325,6,2,1911.5600,1911.5600,1911.5600,1911.5600,1,1,2026-08-24T00:00:00.000
1389,20260730,20260705,378,117,119,307,230,5,3,1912.9300,1912.9300,1912.9300,1912.9300,1,1,2026-08-24T00:00:00.000
1390,20260706,20260823,263,263,348,82,14,4,4,1914.3000,1914.3000,1914.3000,1914.3000,1,1,2026-08-24T00:00:00.000
1391,20260822,20260728,108,51,98,96,175,3,3,1915.6700,1915.6700,1915.6700,1915.6700,1,1,2026-08-24T00:00:00.000
1392,20260614,20260713,425,128,199,250,403,3,3,1917.0400,1917.0400,1917.0400,1917.0400,1,1,2026-08-24T00:00:00.000
1393,20260604,20260619,24,66,103,206,146,2,1,1918.4100,1918.4100,1918.4100,1918.4100,1,1,2026-08-24T00:00:00.000
1394,20260725,20260813,455,82,235,6,497,4,2,1919.7800,1919.7800,1919.7800,1919.7800,1,1,2026-08-24T00:00:00.000
1395,20260824,20260720,39,261,82,274,45,8,5,1921.1500,1921.1500,1921.1500,1921.1500,1,1,2026-08-24T00:00:00.000
1396,20260708,20260628,310,82,162,183,59,7,5,1922.5200,1922.5200,1922.5200,1922.5200,1,1,2026-08-24T00:00:00.000
1397,20260715,20260820,224,191,262,252,106,5,2,1923.8900,1923.8900,1923.8900,1923.8900,1,1,2026-08-24T00:00:00.000
1398,20260718,20260711,312,244,255,254,476,5,5,1925.2600,1925.2600,1925.2600,1925.2600,1,1,2026-08-24T00:00:00.000
1399,20260707,20260609,197,85,274,299,311,4,3,1926.6300,1926.6300,1926.6300,1926.6300,1,1,2026-08-24T00:00:00.000
1400,20260725,20260707,275,25,352,58,285,2,1,1928.0000,1928.0000,1928.0000,1928.0000,1,1,2026-08-24T00:00:00.000
1401,20260704,20260717,283,317,455,246,215,3,2,1929.3700,1929.3700,1929.3700,1929.3700,1,1,2026-08-24T00:00:00.000
1402,20260610,20260620,334,257,430,131,32,2,4,1930.7400,1930.7400,1930.7400,1930.7400,1,1,2026-08-24T00:00:00.000
1403,20260801,20260821,307,44,48,485,363,4,3,1932.1100,1932.1100,1932.1100,1932.1100,1,1,2026-08-24T00:00:00.000
1404,20260821,20260816,354,122,110,319,3,4,4,1933.4800,1933.4800,1933.4800,1933.4800,1,1,2026-08-24T00:00:00.000
1405,20260627,20260706,68,154,28,147,364,3,3,1934.8500,1934.8500,1934.8500,1934.8500,1,1,2026-08-24T00:00:00.000
1406,20260820,20260730,430,202,223,445,466,4,3,1936.2200,1936.2200,1936.2200,1936.2200,1,1,2026-08-24T00:00:00.000
1407,20260615,20260723,99,304,454,57,254,1,5,1937.5900,1937.5900,1937.5900,1937.5900,1,1,2026-08-24T00:00:00.000
1408,20260606,20260822,349,326,435,212,347,5,4,1938.9600,1938.9600,1938.9600,1938.9600,1,1,2026-08-24T00:00:00.000
1409,20260619,20260627,422,205,214,172,281,8,1,1940.3300,1940.3300,1940.3300,1940.3300,1,1,2026-08-24T00:00:00.000
1410,20260713,20260806,195,172,34,467,311,5,1,1941.7000,1941.7000,1941.7000,1941.7000,1,1,2026-08-24T00:00:00.000
1411,20260815,20260702,223,21,193,25,257,6,3,1943.0700,1943.0700,1943.0700,1943.0700,1,1,2026-08-24T00:00:00.000
1412,20260824,20260817,132,229,98,253,223,1,4,1944.4400,1944.4400,1944.4400,1944.4400,1,1,2026-08-24T00:00:00.000
1413,20260810,20260821,320,270,12,239,45,5,5,1945.8100,1945.8100,1945.8100,1945.8100,1,1,2026-08-24T00:00:00.000
1414,20260530,20260820,4,45,331,170,383,4,2,1947.1800,1947.1800,1947.1800,1947.1800,1,1,2026-08-24T00:00:00.000
1415,20260806,20260702,213,283,1,171,199,7,3,1948.5500,1948.5500,1948.5500,1948.5500,1,1,2026-08-24T00:00:00.000
1416,20260701,20260817,125,132,298,364,418,2,2,1949.9200,1949.9200,1949.9200,1949.9200,1,1,2026-08-24T00:00:00.000
1417,20260804,20260702,388,29,119,321,41,3,4,1951.2900,1951.2900,1951.2900,1951.2900,1,1,2026-08-24T00:00:00.000
1418,20260620,20260619,4,44,423,368,399,8,5,1952.6600,1952.6600,1952.6600,1952.6600,1,1,2026-08-24T00:00:00.000
1419,20260705,20260717,316,197,133,268,174,2,2,1954.0300,1954.0300,1954.0300,1954.0300,1,1,2026-08-24T00:00:00.000
1420,20260711,20260818,406,264,62,422,211,1,4,1955.4000,1955.4000,1955.4000,1955.4000,1,1,2026-08-24T00:00:00.000
1421,20260711,20260623,97,273,477,349,370,4,3,1956.7700,1956.7700,1956.7700,1956.7700,1,1,2026-08-24T00:00:00.000
1422,20260605,20260824,88,326,308,187,46,2,1,1958.1400,1958.1400,1958.1400,1958.1400,1,1,2026-08-24T00:00:00.000
1423,20260724,20260719,119,11,204,481,375,8,3,1959.5100,1959.5100,1959.5100,1959.5100,1,1,2026-08-24T00:00:00.000
1424,20260609,20260723,216,218,399,499,407,1,4,1960.8800,1960.8800,1960.8800,1960.8800,1,1,2026-08-24T00:00:00.000
1425,20260714,20260731,422,1,3,497,415,3,2,1962.2500,1962.2500,1962.2500,1962.2500,1,1,2026-08-24T00:00:00.000
1426,20260610,20260813,433,297,354,488,222,8,3,1963.6200,1963.6200,1963.6200,1963.6200,1,1,2026-08-24T00:00:00.000
1427,20260612,20260623,145,193,470,196,115,6,3,1964.9900,1964.9900,1964.9900,1964.9900,1,1,2026-08-24T00:00:00.000
1428,20260620,20260714,336,240,494,51,263,4,4,1966.3600,1966.3600,1966.3600,1966.3600,1,1,2026-08-24T00:00:00.000
1429,20260705,20260803,38,308,413,152,98,1,1,1967.7300,1967.7300,1967.7300,1967.7300,1,1,2026-08-24T00:00:00.000
1430,20260819,20260805,67,49,241,100,17,4,5,1969.1000,1969.1000,1969.1000,1969.1000,1,1,2026-08-24T00:00:00.000
1431,20260603,20260812,230,171,241,106,412,6,5,1970.4700,1970.4700,1970.4700,1970.4700,1,1,2026-08-24T00:00:00.000
1432,20260806,20260729,157,328,346,45,146,3,1,1971.8400,1971.8400,1971.8400,1971.8400,1,1,2026-08-24T00:00:00.000
1433,20260618,20260706,409,128,200,14,140,5,1,1973.2100,1973.2100,1973.2100,1973.2100,1,1,2026-08-24T00:00:00.000
1434,20260721,20260610,186,27,253,155,336,7,1,1974.5800,1974.5800,1974.5800,1974.5800,1,1,2026-08-24T00:00:00.000
1435,20260711,20260729,57,146,1,329,298,5,1,1975.9500,1975.9500,1975.9500,1975.9500,1,1,2026-08-24T00:00:00.000
1436,20260628,20260608,301,68,191,425,302,2,2,1977.3200,1977.3200,1977.3200,1977.3200,1,1,2026-08-24T00:00:00.000
1437,20260630,20260824,399,346,71,114,301,1,5,1978.6900,1978.6900,1978.6900,1978.6900,1,1,2026-08-24T00:00:00.000
1438,20260528,20260717,418,112,393,215,18,8,1,1980.0600,1980.0600,1980.0600,1980.0600,1,1,2026-08-24T00:00:00.000
1439,20260808,20260816,441,220,441,67,6,3,5,1981.4300,1981.4300,1981.4300,1981.4300,1,1,2026-08-24T00:00:00.000
1440,20260601,20260724,293,341,95,232,457,6,5,1982.8000,1982.8000,1982.8000,1982.8000,1,1,2026-08-24T00:00:00.000
1441,20260712,20260616,398,29,79,93,72,5,3,1984.1700,1984.1700,1984.1700,1984.1700,1,1,2026-08-24T00:00:00.000
1442,20260621,20260611,81,22,450,407,386,7,3,1985.5400,1985.5400,1985.5400,1985.5400,1,1,2026-08-24T00:00:00.000
1443,20260602,20260612,442,329,352,467,439,6,2,1986.9100,1986.9100,1986.9100,1986.9100,1,1,2026-08-24T00:00:00.000
1444,20260609,20260625,491,82,236,276,162,6,2,1988.2800,1988.2800,1988.2800,1988.2800,1,1,2026-08-24T00:00:00.000
1445,20260630,20260806,480,168,77,271,387,6,5,1989.6500,1989.6500,1989.6500,1989.6500,1,1,2026-08-24T00:00:00.000
1446,20260604,20260713,205,262,268,151,397,5,2,1991.0200,1991.0200,1991.0200,1991.0200,1,1,2026-08-24T00:00:00.000
1447,20260617,20260711,405,129,321,322,439,8,3,1992.3900,1992.3900,1992.3900,1992.3900,1,1,2026-08-24T00:00:00.000
1448,20260608,20260718,152,194,267,63,310,2,1,1993.7600,1993.7600,1993.7600,1993.7600,1,1,2026-08-24T00:00:00.000
1449,20260603,20260618,316,304,134,323,41,1,3,1995.1300,1995.1300,1995.1300,1995.1300,1,1,2026-08-24T00:00:00.000
1450,20260623,20260528,470,224,262,51,125,8,2,1996.5000,1996.5000,1996.5000,1996.5000,1,1,2026-08-24T00:00:00.000
1451,20260728,20260805,126,49,297,352,200,6,3,1997.8700,1997.8700,1997.8700,1997.8700,1,1,2026-08-24T00:00:00.000
1452,20260819,20260709,430,167,25,288,116,7,5,1999.2400,1999.2400,1999.2400,1999.2400,1,1,2026-08-24T00:00:00.000
1453,20260801,20260531,149,257,459,341,334,2,2,2000.6100,2000.6100,2000.6100,2000.6100,1,1,2026-08-24T00:00:00.000
1454,20260607,20260625,364,90,226,5,382,8,3,2001.9800,2001.9800,2001.9800,2001.9800,1,1,2026-08-24T00:00:00.000
1455,20260812,20260801,312,196,276,6,213,5,4,2003.3500,2003.3500,2003.3500,2003.3500,1,1,2026-08-24T00:00:00.000
1456,20260804,20260726,97,306,397,384,261,5,5,2004.7200,2004.7200,2004.7200,2004.7200,1,1,2026-08-24T00:00:00.000
1457,20260710,20260726,183,183,251,414,440,8,5,2006.0900,2006.0900,2006.0900,2006.0900,1,1,2026-08-24T00:00:00.000
1458,20260528,20260722,269,64,62,254,244,5,4,2007.4600,2007.4600,2007.4600,2007.4600,1,1,2026-08-24T00:00:00.000
1459,20260611,20260731,358,139,55,231,461,6,2,2008.8300,2008.8300,2008.8300,2008.8300,1,1,2026-08-24T00:00:00.000
1460,20260815,20260809,31,307,177,79,387,8,5,2010.2000,2010.2000,2010.2000,2010.2000,1,1,2026-08-24T00:00:00.000
1461,20260528,20260704,211,93,33,163,157,8,3,2011.5700,2011.5700,2011.5700,2011.5700,1,1,2026-08-24T00:00:00.000
1462,20260528,20260623,120,79,154,324,415,3,1,2012.9400,2012.9400,2012.9400,2012.9400,1,1,2026-08-24T00:00:00.000
1463,20260820,20260820,273,26,375,85,281,1,4,2014.3100,2014.3100,2014.3100,2014.3100,1,1,2026-08-24T00:00:00.000
1464,20260625,20260823,22,347,186,484,115,1,1,2015.6800,2015.6800,2015.6800,2015.6800,1,1,2026-08-24T00:00:00.000
1465,20260820,20260707,9,28,186,170,306,4,2,2017.0500,2017.0500,2017.0500,2017.0500,1,1,2026-08-24T00:00:00.000
1466,20260809,20260622,464,27,442,278,354,7,4,2018.4200,2018.4200,2018.4200,2018.4200,1,1,2026-08-24T00:00:00.000
1467,20260808,20260614,124,108,10,67,349,2,4,2019.7900,2019.7900,2019.7900,2019.7900,1,1,2026-08-24T00:00:00.000
1468,20260625,20260812,312,16,231,392,393,5,2,2021.1600,2021.1600,2021.1600,2021.1600,1,1,2026-08-24T00:00:00.000
1469,20260726,20260809,248,224,456,157,327,1,4,2022.5300,2022.5300,2022.5300,2022.5300,1,1,2026-08-24T00:00:00.000
1470,20260731,20260609,336,3,165,270,209,2,5,2023.9000,2023.9000,2023.9000,2023.9000,1,1,2026-08-24T00:00:00.000
1471,20260711,20260703,474,284,204,65,1,1,1,2025.2700,2025.2700,2025.2700,2025.2700,1,1,2026-08-24T00:00:00.000
1472,20260605,20260606,409,150,306,168,342,8,5,2026.6400,2026.6400,2026.6400,2026.6400,1,1,2026-08-24T00:00:00.000
1473,20260622,20260707,16,295,287,338,238,4,1,2028.0100,2028.0100,2028.0100,2028.0100,1,1,2026-08-24T00:00:00.000
1474,20260713,20260728,345,258,308,448,274,4,3,2029.3800,2029.3800,2029.3800,2029.3800,1,1,2026-08-24T00:00:00.000
1475,20260707,20260816,486,201,267,230,18,8,1,2030.7500,2030.7500,2030.7500,2030.7500,1,1,2026-08-24T00:00:00.000
1476,20260702,20260710,207,312,295,306,437,2,1,2032.1200,2032.1200,2032.1200,2032.1200,1,1,2026-08-24T00:00:00.000
1477,20260708,20260605,133,9,149,155,386,3,3,2033.4900,2033.4900,2033.4900,2033.4900,1,1,2026-08-24T00:00:00.000
1478,20260714,20260528,383,171,380,164,167,6,5,2034.8600,2034.8600,2034.8600,2034.8600,1,1,2026-08-24T00:00:00.000
1479,20260721,20260714,152,122,61,438,337,3,5,2036.2300,2036.2300,2036.2300,2036.2300,1,1,2026-08-24T00:00:00.000
1480,20260821,20260528,407,68,317,454,238,4,4,2037.6000,2037.6000,2037.6000,2037.6000,1,1,2026-08-24T00:00:00.000
1481,20260629,20260610,494,135,246,88,407,5,3,2038.9700,2038.9700,2038.9700,2038.9700,1,1,2026-08-24T00:00:00.000
1482,20260702,20260819,385,216,487,210,76,2,1,2040.3400,2040.3400,2040.3400,2040.3400,1,1,2026-08-24T00:00:00.000
1483,20260620,20260628,252,143,312,149,170,1,2,2041.7100,2041.7100,2041.7100,2041.7100,1,1,2026-08-24T00:00:00.000
1484,20260613,20260719,196,201,401,317,113,7,2,2043.0800,2043.0800,2043.0800,2043.0800,1,1,2026-08-24T00:00:00.000
1485,20260713,20260724,255,172,478,443,112,3,5,2044.4500,2044.4500,2044.4500,2044.4500,1,1,2026-08-24T00:00:00.000
1486,20260616,20260715,216,168,114,470,382,3,1,2045.8200,2045.8200,2045.8200,2045.8200,1,1,2026-08-24T00:00:00.000
1487,20260805,20260812,230,212,112,106,398,8,1,2047.1900,2047.1900,2047.1900,2047.1900,1,1,2026-08-24T00:00:00.000
1488,20260607,20260802,119,46,37,298,42,8,1,2048.5600,2048.5600,2048.5600,2048.5600,1,1,2026-08-24T00:00:00.000
1489,20260610,20260625,491,98,7,232,452,8,1,2049.9300,2049.9300,2049.9300,2049.9300,1,1,2026-08-24T00:00:00.000
1490,20260812,20260803,136,87,295,462,338,6,1,2051.3000,2051.3000,2051.3000,2051.3000,1,1,2026-08-24T00:00:00.000
1491,20260722,20260816,86,306,65,373,154,6,4,2052.6700,2052.6700,2052.6700,2052.6700,1,1,2026-08-24T00:00:00.000
1492,20260618,20260814,285,2,168,30,225,4,4,2054.0400,2054.0400,2054.0400,2054.0400,1,1,2026-08-24T00:00:00.000
1493,20260626,20260813,291,331,264,412,495,5,4,2055.4100,2055.4100,2055.4100,2055.4100,1,1,2026-08-24T00:00:00.000
1494,20260630,20260608,202,252,403,287,166,8,5,2056.7800,2056.7800,2056.7800,2056.7800,1,1,2026-08-24T00:00:00.000
1495,20260620,20260705,15,300,60,105,388,1,2,2058.1500,2058.1500,2058.1500,2058.1500,1,1,2026-08-24T00:00:00.000
1496,20260822,20260629,447,7,45,405,161,8,5,2059.5200,2059.5200,2059.5200,2059.5200,1,1,2026-08-24T00:00:00.000
1497,20260610,20260613,283,166,452,494,456,1,1,2060.8900,2060.8900,2060.8900,2060.8900,1,1,2026-08-24T00:00:00.000
1498,20260708,20260823,486,165,263,448,274,5,2,2062.2600,2062.2600,2062.2600,2062.2600,1,1,2026-08-24T00:00:00.000
1499,20260817,20260806,331,253,263,294,122,1,5,2063.6300,2063.6300,2063.6300,2063.6300,1,1,2026-08-24T00:00:00.000
1500,20260718,20260727,367,188,139,21,133,5,2,2065.0000,2065.0000,2065.0000,2065.0000,1,1,2026-08-24T00:00:00.000
1501,20260626,20260727,64,86,137,353,64,5,5,2066.3700,2066.3700,2066.3700,2066.3700,1,1,2026-08-24T00:00:00.000
1502,20260729,20260707,323,200,318,354,342,4,4,2067.7400,2067.7400,2067.7400,2067.7400,1,1,2026-08-24T00:00:00.000
1503,20260719,20260621,239,95,185,379,57,4,4,2069.1100,2069.1100,2069.1100,2069.1100,1,1,2026-08-24T00:00:00.000
1504,20260630,20260728,310,330,143,201,286,6,2,2070.4800,2070.4800,2070.4800,2070.4800,1,1,2026-08-24T00:00:00.000
1505,20260621,20260718,439,138,389,324,406,6,1,2071.8500,2071.8500,2071.8500,2071.8500,1,1,2026-08-24T00:00:00.000
1506,20260824,20260625,315,276,294,242,64,4,5,2073.2200,2073.2200,2073.2200,2073.2200,1,1,2026-08-24T00:00:00.000
1507,20260612,20260821,445,276,393,488,177,5,1,2074.5900,2074.5900,2074.5900,2074.5900,1,1,2026-08-24T00:00:00.000
1508,20260812,20260630,364,282,28,51,268,4,1,2075.9600,2075.9600,2075.9600,2075.9600,1,1,2026-08-24T00:00:00.000
1509,20260707,20260714,441,170,70,100,323,1,1,2077.3300,2077.3300,2077.3300,2077.3300,1,1,2026-08-24T00:00:00.000
1510,20260803,20260729,455,281,23,444,147,4,3,2078.7000,2078.7000,2078.7000,2078.7000,1,1,2026-08-24T00:00:00.000
1511,20260717,20260815,440,326,139,305,397,1,5,2080.0700,2080.0700,2080.0700,2080.0700,1,1,2026-08-24T00:00:00.000
1512,20260604,20260601,428,190,379,30,367,1,5,2081.4400,2081.4400,2081.4400,2081.4400,1,1,2026-08-24T00:00:00.000
1513,20260816,20260724,412,254,480,485,206,5,5,2082.8100,2082.8100,2082.8100,2082.8100,1,1,2026-08-24T00:00:00.000
1514,20260528,20260713,78,163,484,123,370,2,1,2084.1800,2084.1800,2084.1800,2084.1800,1,1,2026-08-24T00:00:00.000
1515,20260814,20260729,344,224,81,301,45,1,2,2085.5500,2085.5500,2085.5500,2085.5500,1,1,2026-08-24T00:00:00.000
1516,20260710,20260603,211,173,250,449,62,6,1,2086.9200,2086.9200,2086.9200,2086.9200,1,1,2026-08-24T00:00:00.000
1517,20260802,20260716,131,278,114,437,436,6,4,2088.2900,2088.2900,2088.2900,2088.2900,1,1,2026-08-24T00:00:00.000
1518,20260809,20260629,137,270,200,468,221,1,2,2089.6600,2089.6600,2089.6600,2089.6600,1,1,2026-08-24T00:00:00.000
1519,20260624,20260711,30,99,439,254,186,8,2,2091.0300,2091.0300,2091.0300,2091.0300,1,1,2026-08-24T00:00:00.000
1520,20260529,20260706,172,191,161,284,302,2,3,2092.4000,2092.4000,2092.4000,2092.4000,1,1,2026-08-24T00:00:00.000
1521,20260704,20260527,307,301,420,456,329,7,4,2093.7700,2093.7700,2093.7700,2093.7700,1,1,2026-08-24T00:00:00.000
1522,20260731,20260608,259,43,10,33,110,6,5,2095.1400,2095.1400,2095.1400,2095.1400,1,1,2026-08-24T00:00:00.000
1523,20260718,20260702,366,194,4,241,79,3,3,2096.5100,2096.5100,2096.5100,2096.5100,1,1,2026-08-24T00:00:00.000
1524,20260811,20260803,134,156,427,103,288,5,4,2097.8800,2097.8800,2097.8800,2097.8800,1,1,2026-08-24T00:00:00.000
1525,20260815,20260716,24,201,208,218,436,4,3,2099.2500,2099.2500,2099.2500,2099.2500,1,1,2026-08-24T00:00:00.000
1526,20260802,20260608,219,211,139,380,496,1,4,2100.6200,2100.6200,2100.6200,2100.6200,1,1,2026-08-24T00:00:00.000
1527,20260621,20260615,162,310,271,363,199,8,2,2101.9900,2101.9900,2101.9900,2101.9900,1,1,2026-08-24T00:00:00.000
1528,20260707,20260710,81,305,64,283,1,3,3,2103.3600,2103.3600,2103.3600,2103.3600,1,1,2026-08-24T00:00:00.000
1529,20260625,20260713,62,107,418,387,99,2,1,2104.7300,2104.7300,2104.7300,2104.7300,1,1,2026-08-24T00:00:00.000
1530,20260706,20260810,26,322,478,96,440,7,2,2106.1000,2106.1000,2106.1000,2106.1000,1,1,2026-08-24T00:00:00.000
1531,20260815,20260823,184,168,453,78,177,4,2,2107.4700,2107.4700,2107.4700,2107.4700,1,1,2026-08-24T00:00:00.000
1532,20260824,20260821,3,251,441,301,66,8,5,2108.8400,2108.8400,2108.8400,2108.8400,1,1,2026-08-24T00:00:00.000
1533,20260807,20260706,220,153,65,158,17,8,1,2110.2100,2110.2100,2110.2100,2110.2100,1,1,2026-08-24T00:00:00.000
1534,20260605,20260823,74,13,341,422,240,4,3,2111.5800,2111.5800,2111.5800,2111.5800,1,1,2026-08-24T00:00:00.000
1535,20260703,20260812,257,216,317,213,208,6,5,2112.9500,2112.9500,2112.9500,2112.9500,1,1,2026-08-24T00:00:00.000
1536,20260817,20260710,399,274,105,233,450,7,1,2114.3200,2114.3200,2114.3200,2114.3200,1,1,2026-08-24T00:00:00.000
1537,20260708,20260708,353,154,289,441,419,4,4,2115.6900,2115.6900,2115.6900,2115.6900,1,1,2026-08-24T00:00:00.000
1538,20260704,20260815,280,129,175,30,49,5,3,2117.0600,2117.0600,2117.0600,2117.0600,1,1,2026-08-24T00:00:00.000
1539,20260702,20260710,24,256,349,389,314,1,4,2118.4300,2118.4300,2118.4300,2118.4300,1,1,2026-08-24T00:00:00.000
1540,20260810,20260604,349,134,202,309,52,3,4,2119.8000,2119.8000,2119.8000,2119.8000,1,1,2026-08-24T00:00:00.000
1541,20260730,20260715,415,225,338,462,225,2,5,2121.1700,2121.1700,2121.1700,2121.1700,1,1,2026-08-24T00:00:00.000
1542,20260614,20260620,423,268,136,333,471,6,3,2122.5400,2122.5400,2122.5400,2122.5400,1,1,2026-08-24T00:00:00.000
1543,20260727,20260821,169,37,128,172,79,1,2,2123.9100,2123.9100,2123.9100,2123.9100,1,1,2026-08-24T00:00:00.000
1544,20260625,20260624,152,65,154,433,339,8,4,2125.2800,2125.2800,2125.2800,2125.2800,1,1,2026-08-24T00:00:00.000
1545,20260626,20260817,287,335,138,317,256,5,1,2126.6500,2126.6500,2126.6500,2126.6500,1,1,2026-08-24T00:00:00.000
1546,20260602,20260810,33,73,434,458,292,6,5,2128.0200,2128.0200,2128.0200,2128.0200,1,1,2026-08-24T00:00:00.000
1547,20260731,20260702,304,13,225,8,87,3,3,2129.3900,2129.3900,2129.3900,2129.3900,1,1,2026-08-24T00:00:00.000
1548,20260816,20260723,471,251,211,50,411,2,2,2130.7600,2130.7600,2130.7600,2130.7600,1,1,2026-08-24T00:00:00.000
1549,20260628,20260719,35,184,82,199,322,2,1,2132.1300,2132.1300,2132.1300,2132.1300,1,1,2026-08-24T00:00:00.000
1550,20260729,20260606,147,230,279,118,115,7,3,2133.5000,2133.5000,2133.5000,2133.5000,1,1,2026-08-24T00:00:00.000
1551,20260622,20260610,175,148,242,381,246,4,2,2134.8700,2134.8700,2134.8700,2134.8700,1,1,2026-08-24T00:00:00.000
1552,20260704,20260804,496,82,296,369,357,4,3,2136.2400,2136.2400,2136.2400,2136.2400,1,1,2026-08-24T00:00:00.000
1553,20260630,20260721,485,155,391,300,478,2,3,2137.6100,2137.6100,2137.6100,2137.6100,1,1,2026-08-24T00:00:00.000
1554,20260708,20260711,335,330,35,116,158,5,4,2138.9800,2138.9800,2138.9800,2138.9800,1,1,2026-08-24T00:00:00.000
1555,20260613,20260607,7,324,82,122,62,5,3,2140.3500,2140.3500,2140.3500,2140.3500,1,1,2026-08-24T00:00:00.000
1556,20260801,20260812,164,76,154,399,300,4,3,2141.7200,2141.7200,2141.7200,2141.7200,1,1,2026-08-24T00:00:00.000
1557,20260731,20260527,192,118,458,309,145,7,5,2143.0900,2143.0900,2143.0900,2143.0900,1,1,2026-08-24T00:00:00.000
1558,20260702,20260609,201,166,197,488,408,3,1,2144.4600,2144.4600,2144.4600,2144.4600,1,1,2026-08-24T00:00:00.000
1559,20260808,20260730,435,263,422,207,252,6,2,2145.8300,2145.8300,2145.8300,2145.8300,1,1,2026-08-24T00:00:00.000
1560,20260602,20260802,109,166,175,74,305,3,4,2147.2000,2147.2000,2147.2000,2147.2000,1,1,2026-08-24T00:00:00.000
1561,20260820,20260815,237,133,419,102,375,7,1,2148.5700,2148.5700,2148.5700,2148.5700,1,1,2026-08-24T00:00:00.000
1562,20260614,20260802,377,308,387,430,206,5,1,2149.9400,2149.9400,2149.9400,2149.9400,1,1,2026-08-24T00:00:00.000
1563,20260726,20260730,475,193,415,457,369,8,2,2151.3100,2151.3100,2151.3100,2151.3100,1,1,2026-08-24T00:00:00.000
1564,20260718,20260812,358,81,111,175,472,3,3,2152.6800,2152.6800,2152.6800,2152.6800,1,1,2026-08-24T00:00:00.000
1565,20260718,20260724,264,53,181,310,154,4,4,2154.0500,2154.0500,2154.0500,2154.0500,1,1,2026-08-24T00:00:00.000
1566,20260728,20260611,386,194,483,356,62,6,5,2155.4200,2155.4200,2155.4200,2155.4200,1,1,2026-08-24T00:00:00.000
1567,20260714,20260630,85,126,238,132,146,4,4,2156.7900,2156.7900,2156.7900,2156.7900,1,1,2026-08-24T00:00:00.000
1568,20260623,20260607,459,316,295,50,488,2,5,2158.1600,2158.1600,2158.1600,2158.1600,1,1,2026-08-24T00:00:00.000
1569,20260607,20260730,366,191,437,378,50,7,1,2159.5300,2159.5300,2159.5300,2159.5300,1,1,2026-08-24T00:00:00.000
1570,20260623,20260714,322,45,439,220,4,3,1,2160.9000,2160.9000,2160.9000,2160.9000,1,1,2026-08-24T00:00:00.000
1571,20260702,20260628,304,164,267,488,422,1,2,2162.2700,2162.2700,2162.2700,2162.2700,1,1,2026-08-24T00:00:00.000
1572,20260625,20260814,371,100,41,386,380,4,3,2163.6400,2163.6400,2163.6400,2163.6400,1,1,2026-08-24T00:00:00.000
1573,20260703,20260809,276,125,487,25,493,5,2,2165.0100,2165.0100,2165.0100,2165.0100,1,1,2026-08-24T00:00:00.000
1574,20260812,20260824,183,25,352,337,320,4,5,2166.3800,2166.3800,2166.3800,2166.3800,1,1,2026-08-24T00:00:00.000
1575,20260721,20260822,16,143,377,271,244,1,4,2167.7500,2167.7500,2167.7500,2167.7500,1,1,2026-08-24T00:00:00.000
1576,20260730,20260822,337,334,312,199,40,5,4,2169.1200,2169.1200,2169.1200,2169.1200,1,1,2026-08-24T00:00:00.000
1577,20260630,20260716,244,349,497,34,257,1,4,2170.4900,2170.4900,2170.4900,2170.4900,1,1,2026-08-24T00:00:00.000
1578,20260529,20260608,11,247,157,297,128,6,1,2171.8600,2171.8600,2171.8600,2171.8600,1,1,2026-08-24T00:00:00.000
1579,20260810,20260530,102,243,35,27,400,6,4,2173.2300,2173.2300,2173.2300,2173.2300,1,1,2026-08-24T00:00:00.000
1580,20260818,20260824,15,268,317,33,134,2,4,2174.6000,2174.6000,2174.6000,2174.6000,1,1,2026-08-24T00:00:00.000
1581,20260808,20260811,59,190,370,314,478,5,1,2175.9700,2175.9700,2175.9700,2175.9700,1,1,2026-08-24T00:00:00.000
1582,20260821,20260707,90,213,218,366,225,6,5,2177.3400,2177.3400,2177.3400,2177.3400,1,1,2026-08-24T00:00:00.000
1583,20260527,20260811,53,305,234,246,487,8,4,2178.7100,2178.7100,2178.7100,2178.7100,1,1,2026-08-24T00:00:00.000
1584,20260815,20260815,28,329,101,288,221,3,3,2180.0800,2180.0800,2180.0800,2180.0800,1,1,2026-08-24T00:00:00.000
1585,20260629,20260804,386,287,446,92,458,6,2,2181.4500,2181.4500,2181.4500,2181.4500,1,1,2026-08-24T00:00:00.000
1586,20260727,20260725,402,223,216,230,337,2,4,2182.8200,2182.8200,2182.8200,2182.8200,1,1,2026-08-24T00:00:00.000
1587,20260705,20260716,107,239,130,305,181,1,4,2184.1900,2184.1900,2184.1900,2184.1900,1,1,2026-08-24T00:00:00.000
1588,20260609,20260822,80,338,490,405,241,6,4,2185.5600,2185.5600,2185.5600,2185.5600,1,1,2026-08-24T00:00:00.000
1589,20260710,20260616,463,255,444,475,118,2,4,2186.9300,2186.9300,2186.9300,2186.9300,1,1,2026-08-24T00:00:00.000
1590,20260627,20260606,331,333,131,86,402,7,4,2188.3000,2188.3000,2188.3000,2188.3000,1,1,2026-08-24T00:00:00.000
1591,20260824,20260630,188,292,26,164,155,6,1,2189.6700,2189.6700,2189.6700,2189.6700,1,1,2026-08-24T00:00:00.000
1592,20260816,20260602,36,331,57,70,29,5,5,2191.0400,2191.0400,2191.0400,2191.0400,1,1,2026-08-24T00:00:00.000
1593,20260716,20260703,96,10,355,52,297,7,5,2192.4100,2192.4100,2192.4100,2192.4100,1,1,2026-08-24T00:00:00.000
1594,20260731,20260801,114,40,36,239,433,8,2,2193.7800,2193.7800,2193.7800,2193.7800,1,1,2026-08-24T00:00:00.000
1595,20260712,20260621,278,59,276,367,325,5,4,2195.1500,2195.1500,2195.1500,2195.1500,1,1,2026-08-24T00:00:00.000
1596,20260803,20260728,64,125,246,359,47,7,2,2196.5200,2196.5200,2196.5200,2196.5200,1,1,2026-08-24T00:00:00.000
1597,20260608,20260815,392,271,232,123,141,3,2,2197.8900,2197.8900,2197.8900,2197.8900,1,1,2026-08-24T00:00:00.000
1598,20260607,20260811,447,183,232,75,113,2,5,2199.2600,2199.2600,2199.2600,2199.2600,1,1,2026-08-24T00:00:00.000
1599,20260811,20260725,345,15,372,265,31,4,4,2200.6300,2200.6300,2200.6300,2200.6300,1,1,2026-08-24T00:00:00.000
1600,20260606,20260816,468,143,237,219,447,3,1,2202.0000,2202.0000,2202.0000,2202.0000,1,1,2026-08-24T00:00:00.000
1601,20260628,20260612,250,125,252,106,152,6,2,2203.3700,2203.3700,2203.3700,2203.3700,1,1,2026-08-24T00:00:00.000
1602,20260816,20260724,351,324,429,447,428,8,3,2204.7400,2204.7400,2204.7400,2204.7400,1,1,2026-08-24T00:00:00.000
1603,20260725,20260820,11,103,186,238,294,6,5,2206.1100,2206.1100,2206.1100,2206.1100,1,1,2026-08-24T00:00:00.000
1604,20260630,20260621,370,37,190,210,441,4,3,2207.4800,2207.4800,2207.4800,2207.4800,1,1,2026-08-24T00:00:00.000
1605,20260722,20260609,313,26,215,26,43,6,1,2208.8500,2208.8500,2208.8500,2208.8500,1,1,2026-08-24T00:00:00.000
1606,20260731,20260806,482,136,425,247,298,6,3,2210.2200,2210.2200,2210.2200,2210.2200,1,1,2026-08-24T00:00:00.000
1607,20260618,20260821,295,322,380,151,34,2,1,2211.5900,2211.5900,2211.5900,2211.5900,1,1,2026-08-24T00:00:00.000
1608,20260822,20260601,88,319,155,84,257,8,4,2212.9600,2212.9600,2212.9600,2212.9600,1,1,2026-08-24T00:00:00.000
1609,20260625,20260805,157,177,238,343,229,8,3,2214.3300,2214.3300,2214.3300,2214.3300,1,1,2026-08-24T00:00:00.000
1610,20260817,20260731,149,260,373,169,471,6,4,2215.7000,2215.7000,2215.7000,2215.7000,1,1,2026-08-24T00:00:00.000
1611,20260607,20260731,56,121,120,403,161,5,1,2217.0700,2217.0700,2217.0700,2217.0700,1,1,2026-08-24T00:00:00.000
1612,20260820,20260630,219,40,290,267,287,7,5,2218.4400,2218.4400,2218.4400,2218.4400,1,1,2026-08-24T00:00:00.000
1613,20260616,20260731,365,232,271,484,370,4,4,2219.8100,2219.8100,2219.8100,2219.8100,1,1,2026-08-24T00:00:00.000
1614,20260528,20260605,295,232,168,309,338,1,3,2221.1800,2221.1800,2221.1800,2221.1800,1,1,2026-08-24T00:00:00.000
1615,20260715,20260718,479,157,378,90,186,7,4,2222.5500,2222.5500,2222.5500,2222.5500,1,1,2026-08-24T00:00:00.000
1616,20260719,20260625,412,272,286,410,29,1,2,2223.9200,2223.9200,2223.9200,2223.9200,1,1,2026-08-24T00:00:00.000
1617,20260609,20260613,134,58,17,463,136,8,5,2225.2900,2225.2900,2225.2900,2225.2900,1,1,2026-08-24T00:00:00.000
1618,20260604,20260602,288,248,321,433,394,3,5,2226.6600,2226.6600,2226.6600,2226.6600,1,1,2026-08-24T00:00:00.000
1619,20260625,20260802,438,342,188,364,129,8,2,2228.0300,2228.0300,2228.0300,2228.0300,1,1,2026-08-24T00:00:00.000
1620,20260824,20260718,295,246,9,477,121,1,2,2229.4000,2229.4000,2229.4000,2229.4000,1,1,2026-08-24T00:00:00.000
1621,20260630,20260614,229,169,270,442,223,7,2,2230.7700,2230.7700,2230.7700,2230.7700,1,1,2026-08-24T00:00:00.000
1622,20260727,20260806,178,274,134,49,36,7,4,2232.1400,2232.1400,2232.1400,2232.1400,1,1,2026-08-24T00:00:00.000
1623,20260729,20260611,289,106,375,213,254,1,3,2233.5100,2233.5100,2233.5100,2233.5100,1,1,2026-08-24T00:00:00.000
1624,20260621,20260531,85,261,40,63,296,5,2,2234.8800,2234.8800,2234.8800,2234.8800,1,1,2026-08-24T00:00:00.000
1625,20260810,20260717,353,45,489,57,408,2,5,2236.2500,2236.2500,2236.2500,2236.2500,1,1,2026-08-24T00:00:00.000
1626,20260702,20260714,213,10,440,376,470,6,4,2237.6200,2237.6200,2237.6200,2237.6200,1,1,2026-08-24T00:00:00.000
1627,20260809,20260611,416,278,333,402,229,6,5,2238.9900,2238.9900,2238.9900,2238.9900,1,1,2026-08-24T00:00:00.000
1628,20260802,20260731,465,227,113,4,418,1,2,2240.3600,2240.3600,2240.3600,2240.3600,1,1,2026-08-24T00:00:00.000
1629,20260703,20260815,406,304,75,65,377,4,5,2241.7300,2241.7300,2241.7300,2241.7300,1,1,2026-08-24T00:00:00.000
1630,20260818,20260604,135,346,338,321,315,4,5,2243.1000,2243.1000,2243.1000,2243.1000,1,1,2026-08-24T00:00:00.000
1631,20260601,20260820,333,92,58,148,160,4,2,2244.4700,2244.4700,2244.4700,2244.4700,1,1,2026-08-24T00:00:00.000
1632,20260621,20260823,56,125,331,422,188,2,3,2245.8400,2245.8400,2245.8400,2245.8400,1,1,2026-08-24T00:00:00.000
1633,20260730,20260615,138,260,271,72,20,7,2,2247.2100,2247.2100,2247.2100,2247.2100,1,1,2026-08-24T00:00:00.000
1634,20260703,20260724,88,170,106,292,293,4,5,2248.5800,2248.5800,2248.5800,2248.5800,1,1,2026-08-24T00:00:00.000
1635,20260707,20260609,442,288,77,223,115,1,5,2249.9500,2249.9500,2249.9500,2249.9500,1,1,2026-08-24T00:00:00.000
1636,20260604,20260808,157,97,461,471,247,3,2,2251.3200,2251.3200,2251.3200,2251.3200,1,1,2026-08-24T00:00:00.000
1637,20260804,20260713,184,80,85,233,459,2,1,2252.6900,2252.6900,2252.6900,2252.6900,1,1,2026-08-24T00:00:00.000
1638,20260705,20260808,128,173,103,472,231,4,1,2254.0600,2254.0600,2254.0600,2254.0600,1,1,2026-08-24T00:00:00.000
1639,20260615,20260627,372,107,230,254,173,6,5,2255.4300,2255.4300,2255.4300,2255.4300,1,1,2026-08-24T00:00:00.000
1640,20260608,20260625,446,279,164,94,247,2,1,2256.8000,2256.8000,2256.8000,2256.8000,1,1,2026-08-24T00:00:00.000
1641,20260618,20260728,133,245,141,29,200,3,4,2258.1700,2258.1700,2258.1700,2258.1700,1,1,2026-08-24T00:00:00.000
1642,20260818,20260705,446,41,287,186,239,7,2,2259.5400,2259.5400,2259.5400,2259.5400,1,1,2026-08-24T00:00:00.000
1643,20260714,20260629,391,344,325,213,418,6,5,2260.9100,2260.9100,2260.9100,2260.9100,1,1,2026-08-24T00:00:00.000
1644,20260529,20260810,218,171,401,451,336,4,4,2262.2800,2262.2800,2262.2800,2262.2800,1,1,2026-08-24T00:00:00.000
1645,20260813,20260818,312,22,317,74,424,8,3,2263.6500,2263.6500,2263.6500,2263.6500,1,1,2026-08-24T00:00:00.000
1646,20260614,20260618,121,331,491,470,147,4,5,2265.0200,2265.0200,2265.0200,2265.0200,1,1,2026-08-24T00:00:00.000
1647,20260817,20260620,497,2,171,386,214,6,4,2266.3900,2266.3900,2266.3900,2266.3900,1,1,2026-08-24T00:00:00.000
1648,20260613,20260530,492,159,486,478,249,6,2,2267.7600,2267.7600,2267.7600,2267.7600,1,1,2026-08-24T00:00:00.000
1649,20260811,20260705,411,101,384,175,28,4,2,2269.1300,2269.1300,2269.1300,2269.1300,1,1,2026-08-24T00:00:00.000
1650,20260610,20260728,134,37,27,89,436,6,2,2270.5000,2270.5000,2270.5000,2270.5000,1,1,2026-08-24T00:00:00.000
1651,20260816,20260805,128,192,158,327,85,1,5,2271.8700,2271.8700,2271.8700,2271.8700,1,1,2026-08-24T00:00:00.000
1652,20260731,20260531,424,127,79,216,383,1,3,2273.2400,2273.2400,2273.2400,2273.2400,1,1,2026-08-24T00:00:00.000
1653,20260807,20260815,183,40,165,463,135,4,3,2274.6100,2274.6100,2274.6100,2274.6100,1,1,2026-08-24T00:00:00.000
1654,20260621,20260701,30,348,322,24,104,4,3,2275.9800,2275.9800,2275.9800,2275.9800,1,1,2026-08-24T00:00:00.000
1655,20260715,20260618,356,45,177,334,90,5,5,2277.3500,2277.3500,2277.3500,2277.3500,1,1,2026-08-24T00:00:00.000
1656,20260821,20260819,192,210,200,306,168,8,4,2278.7200,2278.7200,2278.7200,2278.7200,1,1,2026-08-24T00:00:00.000
1657,20260701,20260613,473,136,12,105,367,3,3,2280.0900,2280.0900,2280.0900,2280.0900,1,1,2026-08-24T00:00:00.000
1658,20260717,20260728,346,347,117,342,138,7,2,2281.4600,2281.4600,2281.4600,2281.4600,1,1,2026-08-24T00:00:00.000
1659,20260716,20260601,299,349,199,305,445,1,5,2282.8300,2282.8300,2282.8300,2282.8300,1,1,2026-08-24T00:00:00.000
1660,20260531,20260730,120,257,241,368,249,5,3,2284.2000,2284.2000,2284.2000,2284.2000,1,1,2026-08-24T00:00:00.000
1661,20260726,20260528,48,34,337,263,254,5,5,2285.5700,2285.5700,2285.5700,2285.5700,1,1,2026-08-24T00:00:00.000
1662,20260808,20260624,40,261,216,38,446,7,5,2286.9400,2286.9400,2286.9400,2286.9400,1,1,2026-08-24T00:00:00.000
1663,20260816,20260718,66,157,370,98,111,7,5,2288.3100,2288.3100,2288.3100,2288.3100,1,1,2026-08-24T00:00:00.000
1664,20260820,20260612,486,97,373,255,411,2,2,2289.6800,2289.6800,2289.6800,2289.6800,1,1,2026-08-24T00:00:00.000
1665,20260824,20260703,201,13,154,392,268,2,1,2291.0500,2291.0500,2291.0500,2291.0500,1,1,2026-08-24T00:00:00.000
1666,20260602,20260715,61,7,215,84,299,8,2,2292.4200,2292.4200,2292.4200,2292.4200,1,1,2026-08-24T00:00:00.000
1667,20260716,20260804,223,163,198,346,276,3,3,2293.7900,2293.7900,2293.7900,2293.7900,1,1,2026-08-24T00:00:00.000
1668,20260622,20260725,464,225,195,86,326,2,2,2295.1600,2295.1600,2295.1600,2295.1600,1,1,2026-08-24T00:00:00.000
1669,20260617,20260629,362,229,177,259,407,7,4,2296.5300,2296.5300,2296.5300,2296.5300,1,1,2026-08-24T00:00:00.000
1670,20260822,20260810,132,56,76,20,326,3,5,2297.9000,2297.9000,2297.9000,2297.9000,1,1,2026-08-24T00:00:00.000
1671,20260609,20260805,310,41,496,333,160,3,5,2299.2700,2299.2700,2299.2700,2299.2700,1,1,2026-08-24T00:00:00.000
1672,20260528,20260807,416,304,468,195,95,1,1,2300.6400,2300.6400,2300.6400,2300.6400,1,1,2026-08-24T00:00:00.000
1673,20260729,20260823,3,9,376,101,139,3,4,2302.0100,2302.0100,2302.0100,2302.0100,1,1,2026-08-24T00:00:00.000
1674,20260814,20260824,167,6,87,398,481,5,4,2303.3800,2303.3800,2303.3800,2303.3800,1,1,2026-08-24T00:00:00.000
1675,20260819,20260615,324,192,332,140,339,7,4,2304.7500,2304.7500,2304.7500,2304.7500,1,1,2026-08-24T00:00:00.000
1676,20260620,20260530,379,234,43,273,195,8,3,2306.1200,2306.1200,2306.1200,2306.1200,1,1,2026-08-24T00:00:00.000
1677,20260810,20260529,385,221,166,360,462,6,1,2307.4900,2307.4900,2307.4900,2307.4900,1,1,2026-08-24T00:00:00.000
1678,20260705,20260530,413,103,390,489,448,2,1,2308.8600,2308.8600,2308.8600,2308.8600,1,1,2026-08-24T00:00:00.000
1679,20260813,20260530,450,321,381,355,401,2,3,2310.2300,2310.2300,2310.2300,2310.2300,1,1,2026-08-24T00:00:00.000
1680,20260611,20260704,8,247,193,457,92,4,2,2311.6000,2311.6000,2311.6000,2311.6000,1,1,2026-08-24T00:00:00.000
1681,20260527,20260728,251,8,63,12,428,3,4,2312.9700,2312.9700,2312.9700,2312.9700,1,1,2026-08-24T00:00:00.000
1682,20260601,20260530,464,81,244,20,212,8,3,2314.3400,2314.3400,2314.3400,2314.3400,1,1,2026-08-24T00:00:00.000
1683,20260702,20260726,117,114,178,486,174,2,4,2315.7100,2315.7100,2315.7100,2315.7100,1,1,2026-08-24T00:00:00.000
1684,20260708,20260723,86,135,189,418,133,2,2,2317.0800,2317.0800,2317.0800,2317.0800,1,1,2026-08-24T00:00:00.000
1685,20260724,20260708,439,134,326,364,80,4,1,2318.4500,2318.4500,2318.4500,2318.4500,1,1,2026-08-24T00:00:00.000
1686,20260528,20260621,289,235,229,235,465,6,2,2319.8200,2319.8200,2319.8200,2319.8200,1,1,2026-08-24T00:00:00.000
1687,20260603,20260618,237,192,158,491,244,6,4,2321.1900,2321.1900,2321.1900,2321.1900,1,1,2026-08-24T00:00:00.000
1688,20260622,20260530,265,254,379,23,442,7,2,2322.5600,2322.5600,2322.5600,2322.5600,1,1,2026-08-24T00:00:00.000
1689,20260611,20260621,465,263,56,66,241,8,2,2323.9300,2323.9300,2323.9300,2323.9300,1,1,2026-08-24T00:00:00.000
1690,20260715,20260813,14,135,59,146,354,3,4,2325.3000,2325.3000,2325.3000,2325.3000,1,1,2026-08-24T00:00:00.000
1691,20260622,20260630,155,327,71,263,273,6,5,2326.6700,2326.6700,2326.6700,2326.6700,1,1,2026-08-24T00:00:00.000
1692,20260806,20260804,196,147,42,144,462,2,1,2328.0400,2328.0400,2328.0400,2328.0400,1,1,2026-08-24T00:00:00.000
1693,20260621,20260614,152,240,58,128,458,2,4,2329.4100,2329.4100,2329.4100,2329.4100,1,1,2026-08-24T00:00:00.000
1694,20260705,20260627,448,293,130,400,283,5,1,2330.7800,2330.7800,2330.7800,2330.7800,1,1,2026-08-24T00:00:00.000
1695,20260605,20260802,337,284,311,95,212,1,1,2332.1500,2332.1500,2332.1500,2332.1500,1,1,2026-08-24T00:00:00.000
1696,20260725,20260818,2,168,327,42,23,5,4,2333.5200,2333.5200,2333.5200,2333.5200,1,1,2026-08-24T00:00:00.000
1697,20260813,20260821,215,276,42,174,131,4,5,2334.8900,2334.8900,2334.8900,2334.8900,1,1,2026-08-24T00:00:00.000
1698,20260625,20260630,163,75,428,400,126,8,2,2336.2600,2336.2600,2336.2600,2336.2600,1,1,2026-08-24T00:00:00.000
1699,20260626,20260819,186,64,483,490,134,8,4,2337.6300,2337.6300,2337.6300,2337.6300,1,1,2026-08-24T00:00:00.000
1700,20260716,20260810,460,222,308,264,11,5,4,2339.0000,2339.0000,2339.0000,2339.0000,1,1,2026-08-24T00:00:00.000
1701,20260812,20260702,37,307,181,322,361,1,4,2340.3700,2340.3700,2340.3700,2340.3700,1,1,2026-08-24T00:00:00.000
1702,20260801,20260810,319,111,161,266,268,7,2,2341.7400,2341.7400,2341.7400,2341.7400,1,1,2026-08-24T00:00:00.000
1703,20260714,20260730,58,95,17,456,333,4,3,2343.1100,2343.1100,2343.1100,2343.1100,1,1,2026-08-24T00:00:00.000
1704,20260731,20260802,456,160,92,236,409,6,2,2344.4800,2344.4800,2344.4800,2344.4800,1,1,2026-08-24T00:00:00.000
1705,20260629,20260813,429,225,292,149,289,6,3,2345.8500,2345.8500,2345.8500,2345.8500,1,1,2026-08-24T00:00:00.000
1706,20260626,20260709,258,257,295,13,307,2,3,2347.2200,2347.2200,2347.2200,2347.2200,1,1,2026-08-24T00:00:00.000
1707,20260614,20260531,428,204,53,441,239,8,3,2348.5900,2348.5900,2348.5900,2348.5900,1,1,2026-08-24T00:00:00.000
1708,20260802,20260728,346,159,145,88,157,8,2,2349.9600,2349.9600,2349.9600,2349.9600,1,1,2026-08-24T00:00:00.000
1709,20260622,20260725,313,254,77,240,352,2,5,2351.3300,2351.3300,2351.3300,2351.3300,1,1,2026-08-24T00:00:00.000
1710,20260707,20260804,293,230,41,404,240,4,1,2352.7000,2352.7000,2352.7000,2352.7000,1,1,2026-08-24T00:00:00.000
1711,20260605,20260605,174,327,434,336,116,3,1,2354.0700,2354.0700,2354.0700,2354.0700,1,1,2026-08-24T00:00:00.000
1712,20260531,20260610,97,267,152,56,122,1,3,2355.4400,2355.4400,2355.4400,2355.4400,1,1,2026-08-24T00:00:00.000
1713,20260712,20260528,190,179,402,93,333,4,5,2356.8100,2356.8100,2356.8100,2356.8100,1,1,2026-08-24T00:00:00.000
1714,20260803,20260626,32,56,10,348,224,4,5,2358.1800,2358.1800,2358.1800,2358.1800,1,1,2026-08-24T00:00:00.000
1715,20260615,20260731,371,300,322,14,478,8,1,2359.5500,2359.5500,2359.5500,2359.5500,1,1,2026-08-24T00:00:00.000
1716,20260529,20260802,178,206,146,463,85,3,5,2360.9200,2360.9200,2360.9200,2360.9200,1,1,2026-08-24T00:00:00.000
1717,20260822,20260630,41,86,311,367,87,3,1,2362.2900,2362.2900,2362.2900,2362.2900,1,1,2026-08-24T00:00:00.000
1718,20260818,20260722,405,337,82,245,150,1,1,2363.6600,2363.6600,2363.6600,2363.6600,1,1,2026-08-24T00:00:00.000
1719,20260720,20260725,263,32,496,178,94,5,5,2365.0300,2365.0300,2365.0300,2365.0300,1,1,2026-08-24T00:00:00.000
1720,20260815,20260601,435,4,282,6,491,1,1,2366.4000,2366.4000,2366.4000,2366.4000,1,1,2026-08-24T00:00:00.000
1721,20260802,20260811,338,332,321,461,138,1,1,2367.7700,2367.7700,2367.7700,2367.7700,1,1,2026-08-24T00:00:00.000
1722,20260710,20260820,369,139,427,481,121,7,5,2369.1400,2369.1400,2369.1400,2369.1400,1,1,2026-08-24T00:00:00.000
1723,20260529,20260731,111,30,402,157,489,7,5,2370.5100,2370.5100,2370.5100,2370.5100,1,1,2026-08-24T00:00:00.000
1724,20260713,20260809,23,85,357,90,237,4,3,2371.8800,2371.8800,2371.8800,2371.8800,1,1,2026-08-24T00:00:00.000
1725,20260817,20260529,175,348,78,184,223,8,2,2373.2500,2373.2500,2373.2500,2373.2500,1,1,2026-08-24T00:00:00.000
1726,20260723,20260616,351,264,296,54,223,6,5,2374.6200,2374.6200,2374.6200,2374.6200,1,1,2026-08-24T00:00:00.000
1727,20260716,20260608,62,16,101,174,131,4,1,2375.9900,2375.9900,2375.9900,2375.9900,1,1,2026-08-24T00:00:00.000
1728,20260822,20260704,276,13,457,70,268,3,5,2377.3600,2377.3600,2377.3600,2377.3600,1,1,2026-08-24T00:00:00.000
1729,20260606,20260815,237,289,67,94,235,1,2,2378.7300,2378.7300,2378.7300,2378.7300,1,1,2026-08-24T00:00:00.000
1730,20260629,20260706,427,34,340,145,236,4,5,2380.1000,2380.1000,2380.1000,2380.1000,1,1,2026-08-24T00:00:00.000
1731,20260606,20260818,38,29,160,311,15,2,3,2381.4700,2381.4700,2381.4700,2381.4700,1,1,2026-08-24T00:00:00.000
1732,20260820,20260714,450,205,117,443,215,2,1,2382.8400,2382.8400,2382.8400,2382.8400,1,1,2026-08-24T00:00:00.000
1733,20260626,20260716,451,8,493,5,89,4,2,2384.2100,2384.2100,2384.2100,2384.2100,1,1,2026-08-24T00:00:00.000
1734,20260618,20260816,65,312,422,193,377,4,1,2385.5800,2385.5800,2385.5800,2385.5800,1,1,2026-08-24T00:00:00.000
1735,20260720,20260627,295,170,113,284,422,6,4,2386.9500,2386.9500,2386.9500,2386.9500,1,1,2026-08-24T00:00:00.000
1736,20260613,20260801,273,330,142,193,102,7,1,2388.3200,2388.3200,2388.3200,2388.3200,1,1,2026-08-24T00:00:00.000
1737,20260730,20260702,303,207,24,49,435,8,3,2389.6900,2389.6900,2389.6900,2389.6900,1,1,2026-08-24T00:00:00.000
1738,20260607,20260811,405,253,358,183,266,5,5,2391.0600,2391.0600,2391.0600,2391.0600,1,1,2026-08-24T00:00:00.000
1739,20260801,20260706,130,295,426,245,290,5,2,2392.4300,2392.4300,2392.4300,2392.4300,1,1,2026-08-24T00:00:00.000
1740,20260530,20260618,334,60,82,54,346,2,1,2393.8000,2393.8000,2393.8000,2393.8000,1,1,2026-08-24T00:00:00.000
1741,20260802,20260822,91,195,49,21,151,4,4,2395.1700,2395.1700,2395.1700,2395.1700,1,1,2026-08-24T00:00:00.000
1742,20260723,20260821,163,165,200,417,201,8,5,2396.5400,2396.5400,2396.5400,2396.5400,1,1,2026-08-24T00:00:00.000
1743,20260813,20260527,450,62,135,11,344,6,2,2397.9100,2397.9100,2397.9100,2397.9100,1,1,2026-08-24T00:00:00.000
1744,20260604,20260823,174,225,74,128,462,1,1,2399.2800,2399.2800,2399.2800,2399.2800,1,1,2026-08-24T00:00:00.000
1745,20260731,20260621,352,129,76,414,444,6,3,2400.6500,2400.6500,2400.6500,2400.6500,1,1,2026-08-24T00:00:00.000
1746,20260801,20260824,428,74,99,463,198,2,4,2402.0200,2402.0200,2402.0200,2402.0200,1,1,2026-08-24T00:00:00.000
1747,20260627,20260610,345,260,432,499,370,5,1,2403.3900,2403.3900,2403.3900,2403.3900,1,1,2026-08-24T00:00:00.000
1748,20260613,20260624,325,293,481,275,316,8,4,2404.7600,2404.7600,2404.7600,2404.7600,1,1,2026-08-24T00:00:00.000
1749,20260807,20260819,51,7,98,217,124,3,1,2406.1300,2406.1300,2406.1300,2406.1300,1,1,2026-08-24T00:00:00.000
1750,20260606,20260611,136,42,216,349,118,2,3,2407.5000,2407.5000,2407.5000,2407.5000,1,1,2026-08-24T00:00:00.000
1751,20260715,20260615,95,184,453,475,125,4,2,2408.8700,2408.8700,2408.8700,2408.8700,1,1,2026-08-24T00:00:00.000
1752,20260712,20260724,271,96,60,218,39,3,3,2410.2400,2410.2400,2410.2400,2410.2400,1,1,2026-08-24T00:00:00.000
1753,20260527,20260625,403,295,465,310,362,8,3,2411.6100,2411.6100,2411.6100,2411.6100,1,1,2026-08-24T00:00:00.000
1754,20260621,20260724,434,219,394,292,17,4,1,2412.9800,2412.9800,2412.9800,2412.9800,1,1,2026-08-24T00:00:00.000
1755,20260617,20260711,304,82,243,57,269,8,4,2414.3500,2414.3500,2414.3500,2414.3500,1,1,2026-08-24T00:00:00.000
1756,20260604,20260613,125,38,156,206,35,4,5,2415.7200,2415.7200,2415.7200,2415.7200,1,1,2026-08-24T00:00:00.000
1757,20260809,20260721,146,124,200,112,217,3,1,2417.0900,2417.0900,2417.0900,2417.0900,1,1,2026-08-24T00:00:00.000
1758,20260624,20260815,267,35,74,435,251,1,4,2418.4600,2418.4600,2418.4600,2418.4600,1,1,2026-08-24T00:00:00.000
1759,20260604,20260817,245,138,271,360,230,8,4,2419.8300,2419.8300,2419.8300,2419.8300,1,1,2026-08-24T00:00:00.000
1760,20260612,20260813,421,161,363,367,193,7,3,2421.2000,2421.2000,2421.2000,2421.2000,1,1,2026-08-24T00:00:00.000
1761,20260821,20260604,336,17,334,61,484,5,2,2422.5700,2422.5700,2422.5700,2422.5700,1,1,2026-08-24T00:00:00.000
1762,20260822,20260726,234,231,137,61,381,2,3,2423.9400,2423.9400,2423.9400,2423.9400,1,1,2026-08-24T00:00:00.000
1763,20260722,20260612,424,235,425,418,53,5,2,2425.3100,2425.3100,2425.3100,2425.3100,1,1,2026-08-24T00:00:00.000
1764,20260629,20260702,283,119,405,317,16,6,1,2426.6800,2426.6800,2426.6800,2426.6800,1,1,2026-08-24T00:00:00.000
1765,20260709,20260803,363,289,52,325,266,5,2,2428.0500,2428.0500,2428.0500,2428.0500,1,1,2026-08-24T00:00:00.000
1766,20260811,20260717,492,251,442,388,212,1,4,2429.4200,2429.4200,2429.4200,2429.4200,1,1,2026-08-24T00:00:00.000
1767,20260807,20260622,480,228,185,240,42,8,3,2430.7900,2430.7900,2430.7900,2430.7900,1,1,2026-08-24T00:00:00.000
1768,20260527,20260704,80,319,385,209,220,8,5,2432.1600,2432.1600,2432.1600,2432.1600,1,1,2026-08-24T00:00:00.000
1769,20260818,20260713,217,109,394,460,490,1,4,2433.5300,2433.5300,2433.5300,2433.5300,1,1,2026-08-24T00:00:00.000
1770,20260808,20260817,469,327,302,396,388,4,2,2434.9000,2434.9000,2434.9000,2434.9000,1,1,2026-08-24T00:00:00.000
1771,20260528,20260816,330,90,304,350,91,3,4,2436.2700,2436.2700,2436.2700,2436.2700,1,1,2026-08-24T00:00:00.000
1772,20260712,20260621,273,201,258,481,31,6,3,2437.6400,2437.6400,2437.6400,2437.6400,1,1,2026-08-24T00:00:00.000
1773,20260628,20260601,22,167,362,412,94,3,5,2439.0100,2439.0100,2439.0100,2439.0100,1,1,2026-08-24T00:00:00.000
1774,20260714,20260702,322,264,14,213,339,8,5,2440.3800,2440.3800,2440.3800,2440.3800,1,1,2026-08-24T00:00:00.000
1775,20260714,20260731,255,323,37,121,297,7,1,2441.7500,2441.7500,2441.7500,2441.7500,1,1,2026-08-24T00:00:00.000
1776,20260606,20260822,352,74,245,228,273,2,5,2443.1200,2443.1200,2443.1200,2443.1200,1,1,2026-08-24T00:00:00.000
1777,20260821,20260704,98,8,203,88,64,7,4,2444.4900,2444.4900,2444.4900,2444.4900,1,1,2026-08-24T00:00:00.000
1778,20260822,20260703,156,176,257,435,8,5,1,2445.8600,2445.8600,2445.8600,2445.8600,1,1,2026-08-24T00:00:00.000
1779,20260711,20260708,455,169,398,399,300,8,3,2447.2300,2447.2300,2447.2300,2447.2300,1,1,2026-08-24T00:00:00.000
1780,20260823,20260527,475,69,303,28,228,5,1,2448.6000,2448.6000,2448.6000,2448.6000,1,1,2026-08-24T00:00:00.000
1781,20260725,20260720,400,346,198,443,57,5,1,2449.9700,2449.9700,2449.9700,2449.9700,1,1,2026-08-24T00:00:00.000
1782,20260731,20260731,372,69,328,285,151,4,2,2451.3400,2451.3400,2451.3400,2451.3400,1,1,2026-08-24T00:00:00.000
1783,20260620,20260719,334,318,7,225,92,1,2,2452.7100,2452.7100,2452.7100,2452.7100,1,1,2026-08-24T00:00:00.000
1784,20260531,20260711,459,90,36,205,206,7,3,2454.0800,2454.0800,2454.0800,2454.0800,1,1,2026-08-24T00:00:00.000
1785,20260801,20260622,90,11,327,484,443,8,5,2455.4500,2455.4500,2455.4500,2455.4500,1,1,2026-08-24T00:00:00.000
1786,20260703,20260712,281,185,301,196,364,2,3,2456.8200,2456.8200,2456.8200,2456.8200,1,1,2026-08-24T00:00:00.000
1787,20260630,20260531,149,170,66,450,448,4,3,2458.1900,2458.1900,2458.1900,2458.1900,1,1,2026-08-24T00:00:00.000
1788,20260701,20260708,138,184,248,280,214,8,5,2459.5600,2459.5600,2459.5600,2459.5600,1,1,2026-08-24T00:00:00.000
1789,20260701,20260802,489,294,479,169,414,6,1,2460.9300,2460.9300,2460.9300,2460.9300,1,1,2026-08-24T00:00:00.000
1790,20260718,20260602,95,205,437,394,466,6,5,2462.3000,2462.3000,2462.3000,2462.3000,1,1,2026-08-24T00:00:00.000
1791,20260728,20260805,145,172,448,70,195,1,4,2463.6700,2463.6700,2463.6700,2463.6700,1,1,2026-08-24T00:00:00.000
1792,20260602,20260803,369,226,365,190,278,1,3,2465.0400,2465.0400,2465.0400,2465.0400,1,1,2026-08-24T00:00:00.000
1793,20260819,20260621,353,216,301,163,389,1,5,2466.4100,2466.4100,2466.4100,2466.4100,1,1,2026-08-24T00:00:00.000
1794,20260707,20260729,319,350,291,98,94,6,4,2467.7800,2467.7800,2467.7800,2467.7800,1,1,2026-08-24T00:00:00.000
1795,20260810,20260617,360,49,390,271,494,3,1,2469.1500,2469.1500,2469.1500,2469.1500,1,1,2026-08-24T00:00:00.000
1796,20260814,20260815,328,289,354,394,175,5,5,2470.5200,2470.5200,2470.5200,2470.5200,1,1,2026-08-24T00:00:00.000
1797,20260728,20260817,82,39,44,9,167,6,3,2471.8900,2471.8900,2471.8900,2471.8900,1,1,2026-08-24T00:00:00.000
1798,20260706,20260820,252,61,39,220,400,4,3,2473.2600,2473.2600,2473.2600,2473.2600,1,1,2026-08-24T00:00:00.000
1799,20260608,20260704,135,236,119,238,223,1,4,2474.6300,2474.6300,2474.6300,2474.6300,1,1,2026-08-24T00:00:00.000
1800,20260807,20260804,380,288,497,237,122,8,2,2476.0000,2476.0000,2476.0000,2476.0000,1,1,2026-08-24T00:00:00.000
1801,20260818,20260812,353,29,389,402,144,2,4,2477.3700,2477.3700,2477.3700,2477.3700,1,1,2026-08-24T00:00:00.000
1802,20260710,20260721,279,179,371,290,83,7,4,2478.7400,2478.7400,2478.7400,2478.7400,1,1,2026-08-24T00:00:00.000
1803,20260604,20260618,19,207,33,385,337,5,2,2480.1100,2480.1100,2480.1100,2480.1100,1,1,2026-08-24T00:00:00.000
1804,20260719,20260805,88,164,115,268,299,1,3,2481.4800,2481.4800,2481.4800,2481.4800,1,1,2026-08-24T00:00:00.000
1805,20260717,20260620,181,301,463,200,164,5,3,2482.8500,2482.8500,2482.8500,2482.8500,1,1,2026-08-24T00:00:00.000
1806,20260622,20260707,481,340,499,195,484,6,3,2484.2200,2484.2200,2484.2200,2484.2200,1,1,2026-08-24T00:00:00.000
1807,20260629,20260809,103,221,194,111,125,8,3,2485.5900,2485.5900,2485.5900,2485.5900,1,1,2026-08-24T00:00:00.000
1808,20260730,20260805,345,256,149,399,127,6,2,2486.9600,2486.9600,2486.9600,2486.9600,1,1,2026-08-24T00:00:00.000
1809,20260615,20260807,60,54,197,386,44,7,4,2488.3300,2488.3300,2488.3300,2488.3300,1,1,2026-08-24T00:00:00.000
1810,20260721,20260609,185,290,193,167,42,3,3,2489.7000,2489.7000,2489.7000,2489.7000,1,1,2026-08-24T00:00:00.000
1811,20260529,20260611,243,8,64,446,55,4,2,2491.0700,2491.0700,2491.0700,2491.0700,1,1,2026-08-24T00:00:00.000
1812,20260602,20260703,288,82,316,369,127,4,1,2492.4400,2492.4400,2492.4400,2492.4400,1,1,2026-08-24T00:00:00.000
1813,20260712,20260528,446,126,427,496,360,7,4,2493.8100,2493.8100,2493.8100,2493.8100,1,1,2026-08-24T00:00:00.000
1814,20260717,20260615,109,158,252,315,92,8,2,2495.1800,2495.1800,2495.1800,2495.1800,1,1,2026-08-24T00:00:00.000
1815,20260713,20260710,206,299,324,486,155,5,2,2496.5500,2496.5500,2496.5500,2496.5500,1,1,2026-08-24T00:00:00.000
1816,20260703,20260531,397,154,354,99,186,2,4,2497.9200,2497.9200,2497.9200,2497.9200,1,1,2026-08-24T00:00:00.000
1817,20260529,20260531,371,231,33,69,335,6,2,2499.2900,2499.2900,2499.2900,2499.2900,1,1,2026-08-24T00:00:00.000
1818,20260804,20260626,329,29,242,418,121,4,2,2500.6600,2500.6600,2500.6600,2500.6600,1,1,2026-08-24T00:00:00.000
1819,20260601,20260618,272,222,68,72,83,1,2,2502.0300,2502.0300,2502.0300,2502.0300,1,1,2026-08-24T00:00:00.000
1820,20260527,20260824,182,327,252,212,214,6,2,2503.4000,2503.4000,2503.4000,2503.4000,1,1,2026-08-24T00:00:00.000
1821,20260820,20260816,293,81,289,75,71,3,1,2504.7700,2504.7700,2504.7700,2504.7700,1,1,2026-08-24T00:00:00.000
1822,20260730,20260806,140,43,26,80,440,4,4,2506.1400,2506.1400,2506.1400,2506.1400,1,1,2026-08-24T00:00:00.000
1823,20260725,20260731,326,283,141,375,111,7,3,2507.5100,2507.5100,2507.5100,2507.5100,1,1,2026-08-24T00:00:00.000
1824,20260802,20260601,226,262,209,386,444,4,1,2508.8800,2508.8800,2508.8800,2508.8800,1,1,2026-08-24T00:00:00.000
1825,20260611,20260806,204,177,303,487,128,7,5,2510.2500,2510.2500,2510.2500,2510.2500,1,1,2026-08-24T00:00:00.000
1826,20260711,20260603,79,228,102,112,111,3,3,2511.6200,2511.6200,2511.6200,2511.6200,1,1,2026-08-24T00:00:00.000
1827,20260618,20260603,334,226,439,100,70,7,5,2512.9900,2512.9900,2512.9900,2512.9900,1,1,2026-08-24T00:00:00.000
1828,20260802,20260615,354,190,204,353,182,2,1,2514.3600,2514.3600,2514.3600,2514.3600,1,1,2026-08-24T00:00:00.000
1829,20260801,20260530,116,140,396,157,90,2,3,2515.7300,2515.7300,2515.7300,2515.7300,1,1,2026-08-24T00:00:00.000
1830,20260808,20260606,92,303,156,106,176,2,5,2517.1000,2517.1000,2517.1000,2517.1000,1,1,2026-08-24T00:00:00.000
1831,20260608,20260630,4,308,63,180,333,8,2,2518.4700,2518.4700,2518.4700,2518.4700,1,1,2026-08-24T00:00:00.000
1832,20260705,20260712,296,251,165,127,224,1,4,2519.8400,2519.8400,2519.8400,2519.8400,1,1,2026-08-24T00:00:00.000
1833,20260729,20260730,286,179,162,443,160,3,1,2521.2100,2521.2100,2521.2100,2521.2100,1,1,2026-08-24T00:00:00.000
1834,20260619,20260801,242,170,152,420,199,5,3,2522.5800,2522.5800,2522.5800,2522.5800,1,1,2026-08-24T00:00:00.000
1835,20260627,20260602,136,117,308,372,91,4,4,2523.9500,2523.9500,2523.9500,2523.9500,1,1,2026-08-24T00:00:00.000
1836,20260713,20260627,281,308,204,84,110,4,3,2525.3200,2525.3200,2525.3200,2525.3200,1,1,2026-08-24T00:00:00.000
1837,20260613,20260721,116,300,218,57,138,4,3,2526.6900,2526.6900,2526.6900,2526.6900,1,1,2026-08-24T00:00:00.000
1838,20260722,20260605,158,283,110,438,478,1,1,2528.0600,2528.0600,2528.0600,2528.0600,1,1,2026-08-24T00:00:00.000
1839,20260710,20260821,210,73,296,402,174,1,2,2529.4300,2529.4300,2529.4300,2529.4300,1,1,2026-08-24T00:00:00.000
1840,20260725,20260627,420,194,76,229,165,2,5,2530.8000,2530.8000,2530.8000,2530.8000,1,1,2026-08-24T00:00:00.000
1841,20260616,20260620,12,98,389,60,135,8,4,2532.1700,2532.1700,2532.1700,2532.1700,1,1,2026-08-24T00:00:00.000
1842,20260723,20260707,480,192,374,324,364,4,2,2533.5400,2533.5400,2533.5400,2533.5400,1,1,2026-08-24T00:00:00.000
1843,20260629,20260621,107,89,197,3,321,3,1,2534.9100,2534.9100,2534.9100,2534.9100,1,1,2026-08-24T00:00:00.000
1844,20260724,20260712,340,19,352,126,238,6,2,2536.2800,2536.2800,2536.2800,2536.2800,1,1,2026-08-24T00:00:00.000
1845,20260702,20260602,248,43,290,133,271,5,2,2537.6500,2537.6500,2537.6500,2537.6500,1,1,2026-08-24T00:00:00.000
1846,20260707,20260812,258,212,193,211,190,8,2,2539.0200,2539.0200,2539.0200,2539.0200,1,1,2026-08-24T00:00:00.000
1847,20260712,20260701,237,282,406,475,93,6,2,2540.3900,2540.3900,2540.3900,2540.3900,1,1,2026-08-24T00:00:00.000
1848,20260818,20260623,163,274,262,409,319,6,1,2541.7600,2541.7600,2541.7600,2541.7600,1,1,2026-08-24T00:00:00.000
1849,20260629,20260816,445,209,364,174,117,3,2,2543.1300,2543.1300,2543.1300,2543.1300,1,1,2026-08-24T00:00:00.000
1850,20260731,20260819,121,136,480,400,10,5,4,2544.5000,2544.5000,2544.5000,2544.5000,1,1,2026-08-24T00:00:00.000
1851,20260819,20260606,422,132,109,77,24,5,2,2545.8700,2545.8700,2545.8700,2545.8700,1,1,2026-08-24T00:00:00.000
1852,20260628,20260708,35,106,130,415,266,7,2,2547.2400,2547.2400,2547.2400,2547.2400,1,1,2026-08-24T00:00:00.000
1853,20260615,20260808,261,21,410,283,405,7,3,2548.6100,2548.6100,2548.6100,2548.6100,1,1,2026-08-24T00:00:00.000
1854,20260529,20260711,487,305,283,275,370,2,3,2549.9800,2549.9800,2549.9800,2549.9800,1,1,2026-08-24T00:00:00.000
1855,20260625,20260712,498,95,228,77,337,8,3,2551.3500,2551.3500,2551.3500,2551.3500,1,1,2026-08-24T00:00:00.000
1856,20260720,20260622,253,188,129,70,395,6,3,2552.7200,2552.7200,2552.7200,2552.7200,1,1,2026-08-24T00:00:00.000
1857,20260619,20260528,437,264,492,256,426,6,2,2554.0900,2554.0900,2554.0900,2554.0900,1,1,2026-08-24T00:00:00.000
1858,20260705,20260803,32,217,124,486,166,7,2,2555.4600,2555.4600,2555.4600,2555.4600,1,1,2026-08-24T00:00:00.000
1859,20260604,20260716,208,101,189,143,222,1,1,2556.8300,2556.8300,2556.8300,2556.8300,1,1,2026-08-24T00:00:00.000
1860,20260731,20260621,312,243,177,404,7,2,3,2558.2000,2558.2000,2558.2000,2558.2000,1,1,2026-08-24T00:00:00.000
1861,20260813,20260822,64,114,497,101,110,4,2,2559.5700,2559.5700,2559.5700,2559.5700,1,1,2026-08-24T00:00:00.000
1862,20260803,20260603,189,10,34,377,358,3,2,2560.9400,2560.9400,2560.9400,2560.9400,1,1,2026-08-24T00:00:00.000
1863,20260718,20260623,486,317,134,500,152,7,4,2562.3100,2562.3100,2562.3100,2562.3100,1,1,2026-08-24T00:00:00.000
1864,20260813,20260731,125,300,336,349,404,2,3,2563.6800,2563.6800,2563.6800,2563.6800,1,1,2026-08-24T00:00:00.000
1865,20260811,20260822,257,235,477,360,497,8,3,2565.0500,2565.0500,2565.0500,2565.0500,1,1,2026-08-24T00:00:00.000
1866,20260614,20260814,194,155,306,345,346,4,4,2566.4200,2566.4200,2566.4200,2566.4200,1,1,2026-08-24T00:00:00.000
1867,20260605,20260721,55,33,230,83,494,7,5,2567.7900,2567.7900,2567.7900,2567.7900,1,1,2026-08-24T00:00:00.000
1868,20260611,20260703,174,255,339,494,456,4,1,2569.1600,2569.1600,2569.1600,2569.1600,1,1,2026-08-24T00:00:00.000
1869,20260629,20260609,196,105,189,241,489,1,4,2570.5300,2570.5300,2570.5300,2570.5300,1,1,2026-08-24T00:00:00.000
1870,20260821,20260623,76,160,484,245,322,3,3,2571.9000,2571.9000,2571.9000,2571.9000,1,1,2026-08-24T00:00:00.000
1871,20260720,20260613,70,301,271,106,304,6,2,2573.2700,2573.2700,2573.2700,2573.2700,1,1,2026-08-24T00:00:00.000
1872,20260728,20260615,476,249,196,213,481,8,2,2574.6400,2574.6400,2574.6400,2574.6400,1,1,2026-08-24T00:00:00.000
1873,20260710,20260718,445,215,404,116,423,4,5,2576.0100,2576.0100,2576.0100,2576.0100,1,1,2026-08-24T00:00:00.000
1874,20260603,20260729,372,146,307,10,132,4,1,2577.3800,2577.3800,2577.3800,2577.3800,1,1,2026-08-24T00:00:00.000
1875,20260719,20260728,41,116,404,19,339,6,5,2578.7500,2578.7500,2578.7500,2578.7500,1,1,2026-08-24T00:00:00.000
1876,20260606,20260712,247,187,33,365,482,6,1,2580.1200,2580.1200,2580.1200,2580.1200,1,1,2026-08-24T00:00:00.000
1877,20260719,20260613,362,92,234,80,329,3,3,2581.4900,2581.4900,2581.4900,2581.4900,1,1,2026-08-24T00:00:00.000
1878,20260622,20260527,441,270,330,348,273,5,2,2582.8600,2582.8600,2582.8600,2582.8600,1,1,2026-08-24T00:00:00.000
1879,20260812,20260627,9,7,466,203,40,8,4,2584.2300,2584.2300,2584.2300,2584.2300,1,1,2026-08-24T00:00:00.000
1880,20260723,20260813,442,333,450,164,43,4,1,2585.6000,2585.6000,2585.6000,2585.6000,1,1,2026-08-24T00:00:00.000
1881,20260626,20260723,187,254,52,283,163,1,5,2586.9700,2586.9700,2586.9700,2586.9700,1,1,2026-08-24T00:00:00.000
1882,20260716,20260621,4,54,85,357,117,3,5,2588.3400,2588.3400,2588.3400,2588.3400,1,1,2026-08-24T00:00:00.000
1883,20260619,20260811,355,307,254,364,146,6,1,2589.7100,2589.7100,2589.7100,2589.7100,1,1,2026-08-24T00:00:00.000
1884,20260531,20260808,90,57,367,324,6,4,1,2591.0800,2591.0800,2591.0800,2591.0800,1,1,2026-08-24T00:00:00.000
1885,20260719,20260729,372,299,386,83,299,2,5,2592.4500,2592.4500,2592.4500,2592.4500,1,1,2026-08-24T00:00:00.000
1886,20260820,20260729,149,295,209,63,302,4,4,2593.8200,2593.8200,2593.8200,2593.8200,1,1,2026-08-24T00:00:00.000
1887,20260725,20260702,491,111,335,56,186,1,1,2595.1900,2595.1900,2595.1900,2595.1900,1,1,2026-08-24T00:00:00.000
1888,20260802,20260812,65,326,195,143,220,7,3,2596.5600,2596.5600,2596.5600,2596.5600,1,1,2026-08-24T00:00:00.000
1889,20260614,20260627,83,40,233,452,145,5,4,2597.9300,2597.9300,2597.9300,2597.9300,1,1,2026-08-24T00:00:00.000
1890,20260618,20260729,373,60,418,445,121,6,2,2599.3000,2599.3000,2599.3000,2599.3000,1,1,2026-08-24T00:00:00.000
1891,20260817,20260801,209,319,302,452,4,1,5,2600.6700,2600.6700,2600.6700,2600.6700,1,1,2026-08-24T00:00:00.000
1892,20260723,20260605,145,171,178,481,263,1,1,2602.0400,2602.0400,2602.0400,2602.0400,1,1,2026-08-24T00:00:00.000
1893,20260601,20260721,466,343,222,310,310,6,4,2603.4100,2603.4100,2603.4100,2603.4100,1,1,2026-08-24T00:00:00.000
1894,20260819,20260529,457,104,419,111,176,8,3,2604.7800,2604.7800,2604.7800,2604.7800,1,1,2026-08-24T00:00:00.000
1895,20260725,20260804,227,195,437,33,240,6,4,2606.1500,2606.1500,2606.1500,2606.1500,1,1,2026-08-24T00:00:00.000
1896,20260725,20260813,414,179,8,164,250,1,4,2607.5200,2607.5200,2607.5200,2607.5200,1,1,2026-08-24T00:00:00.000
1897,20260609,20260611,280,53,280,355,397,5,2,2608.8900,2608.8900,2608.8900,2608.8900,1,1,2026-08-24T00:00:00.000
1898,20260724,20260702,127,72,379,149,484,4,1,2610.2600,2610.2600,2610.2600,2610.2600,1,1,2026-08-24T00:00:00.000
1899,20260531,20260612,290,318,285,388,98,2,2,2611.6300,2611.6300,2611.6300,2611.6300,1,1,2026-08-24T00:00:00.000
1900,20260703,20260619,420,304,85,492,364,6,1,2613.0000,2613.0000,2613.0000,2613.0000,1,1,2026-08-24T00:00:00.000
1901,20260705,20260622,129,279,13,469,458,1,1,2614.3700,2614.3700,2614.3700,2614.3700,1,1,2026-08-24T00:00:00.000
1902,20260627,20260811,135,211,274,167,417,5,4,2615.7400,2615.7400,2615.7400,2615.7400,1,1,2026-08-24T00:00:00.000
1903,20260824,20260702,152,344,223,482,1,8,1,2617.1100,2617.1100,2617.1100,2617.1100,1,1,2026-08-24T00:00:00.000
1904,20260810,20260806,45,98,268,219,100,3,1,2618.4800,2618.4800,2618.4800,2618.4800,1,1,2026-08-24T00:00:00.000
1905,20260806,20260608,127,301,128,18,429,2,1,2619.8500,2619.8500,2619.8500,2619.8500,1,1,2026-08-24T00:00:00.000
1906,20260531,20260527,428,48,323,454,297,7,3,2621.2200,2621.2200,2621.2200,2621.2200,1,1,2026-08-24T00:00:00.000
1907,20260606,20260529,91,210,45,202,166,3,4,2622.5900,2622.5900,2622.5900,2622.5900,1,1,2026-08-24T00:00:00.000
1908,20260705,20260713,336,337,291,467,98,8,2,2623.9600,2623.9600,2623.9600,2623.9600,1,1,2026-08-24T00:00:00.000
1909,20260528,20260721,62,261,209,429,10,3,1,2625.3300,2625.3300,2625.3300,2625.3300,1,1,2026-08-24T00:00:00.000
1910,20260709,20260726,490,29,161,333,178,4,2,2626.7000,2626.7000,2626.7000,2626.7000,1,1,2026-08-24T00:00:00.000
1911,20260704,20260628,405,14,200,286,315,8,4,2628.0700,2628.0700,2628.0700,2628.0700,1,1,2026-08-24T00:00:00.000
1912,20260614,20260705,74,143,101,19,362,8,1,2629.4400,2629.4400,2629.4400,2629.4400,1,1,2026-08-24T00:00:00.000
1913,20260702,20260817,98,169,417,330,160,3,2,2630.8100,2630.8100,2630.8100,2630.8100,1,1,2026-08-24T00:00:00.000
1914,20260821,20260725,157,301,340,406,450,2,3,2632.1800,2632.1800,2632.1800,2632.1800,1,1,2026-08-24T00:00:00.000
1915,20260716,20260603,357,316,271,419,360,1,5,2633.5500,2633.5500,2633.5500,2633.5500,1,1,2026-08-24T00:00:00.000
1916,20260801,20260731,452,106,493,470,150,4,4,2634.9200,2634.9200,2634.9200,2634.9200,1,1,2026-08-24T00:00:00.000
1917,20260702,20260816,267,74,404,20,298,5,5,2636.2900,2636.2900,2636.2900,2636.2900,1,1,2026-08-24T00:00:00.000
1918,20260706,20260719,295,197,362,317,400,3,1,2637.6600,2637.6600,2637.6600,2637.6600,1,1,2026-08-24T00:00:00.000
1919,20260816,20260713,454,61,53,426,176,5,2,2639.0300,2639.0300,2639.0300,2639.0300,1,1,2026-08-24T00:00:00.000
1920,20260823,20260805,263,134,64,368,438,7,1,2640.4000,2640.4000,2640.4000,2640.4000,1,1,2026-08-24T00:00:00.000
1921,20260610,20260612,76,20,400,326,19,3,4,2641.7700,2641.7700,2641.7700,2641.7700,1,1,2026-08-24T00:00:00.000
1922,20260813,20260705,239,20,36,79,267,3,4,2643.1400,2643.1400,2643.1400,2643.1400,1,1,2026-08-24T00:00:00.000
1923,20260611,20260605,242,87,193,461,302,8,4,2644.5100,2644.5100,2644.5100,2644.5100,1,1,2026-08-24T00:00:00.000
1924,20260603,20260804,476,89,258,208,382,8,5,2645.8800,2645.8800,2645.8800,2645.8800,1,1,2026-08-24T00:00:00.000
1925,20260712,20260704,442,345,76,101,486,8,2,2647.2500,2647.2500,2647.2500,2647.2500,1,1,2026-08-24T00:00:00.000
1926,20260618,20260711,239,55,202,21,170,7,5,2648.6200,2648.6200,2648.6200,2648.6200,1,1,2026-08-24T00:00:00.000
1927,20260530,20260823,334,235,185,414,472,6,4,2649.9900,2649.9900,2649.9900,2649.9900,1,1,2026-08-24T00:00:00.000
1928,20260617,20260811,244,251,103,114,47,2,1,2651.3600,2651.3600,2651.3600,2651.3600,1,1,2026-08-24T00:00:00.000
1929,20260730,20260530,436,249,228,130,338,2,1,2652.7300,2652.7300,2652.7300,2652.7300,1,1,2026-08-24T00:00:00.000
1930,20260716,20260716,176,92,87,60,434,5,2,2654.1000,2654.1000,2654.1000,2654.1000,1,1,2026-08-24T00:00:00.000
1931,20260719,20260616,71,251,240,257,183,6,4,2655.4700,2655.4700,2655.4700,2655.4700,1,1,2026-08-24T00:00:00.000
1932,20260726,20260604,432,242,52,214,268,8,1,2656.8400,2656.8400,2656.8400,2656.8400,1,1,2026-08-24T00:00:00.000
1933,20260818,20260629,493,347,417,395,25,6,2,2658.2100,2658.2100,2658.2100,2658.2100,1,1,2026-08-24T00:00:00.000
1934,20260729,20260806,211,55,318,10,134,3,4,2659.5800,2659.5800,2659.5800,2659.5800,1,1,2026-08-24T00:00:00.000
1935,20260529,20260808,351,196,282,395,184,3,5,2660.9500,2660.9500,2660.9500,2660.9500,1,1,2026-08-24T00:00:00.000
1936,20260630,20260604,136,84,170,419,287,7,4,2662.3200,2662.3200,2662.3200,2662.3200,1,1,2026-08-24T00:00:00.000
1937,20260601,20260708,449,184,317,272,197,3,2,2663.6900,2663.6900,2663.6900,2663.6900,1,1,2026-08-24T00:00:00.000
1938,20260601,20260611,388,339,370,142,66,8,3,2665.0600,2665.0600,2665.0600,2665.0600,1,1,2026-08-24T00:00:00.000
1939,20260801,20260630,354,247,288,113,187,3,2,2666.4300,2666.4300,2666.4300,2666.4300,1,1,2026-08-24T00:00:00.000
1940,20260722,20260608,152,240,20,307,41,7,2,2667.8000,2667.8000,2667.8000,2667.8000,1,1,2026-08-24T00:00:00.000
1941,20260704,20260822,485,231,156,256,446,7,4,2669.1700,2669.1700,2669.1700,2669.1700,1,1,2026-08-24T00:00:00.000
1942,20260806,20260629,2,346,222,133,424,6,1,2670.5400,2670.5400,2670.5400,2670.5400,1,1,2026-08-24T00:00:00.000
1943,20260723,20260611,495,115,90,81,174,7,5,2671.9100,2671.9100,2671.9100,2671.9100,1,1,2026-08-24T00:00:00.000
1944,20260817,20260721,493,192,25,292,365,8,5,2673.2800,2673.2800,2673.2800,2673.2800,1,1,2026-08-24T00:00:00.000
1945,20260531,20260623,284,264,172,301,1,6,4,2674.6500,2674.6500,2674.6500,2674.6500,1,1,2026-08-24T00:00:00.000
1946,20260609,20260611,291,298,319,113,380,7,2,2676.0200,2676.0200,2676.0200,2676.0200,1,1,2026-08-24T00:00:00.000
1947,20260717,20260529,279,120,146,335,225,7,3,2677.3900,2677.3900,2677.3900,2677.3900,1,1,2026-08-24T00:00:00.000
1948,20260805,20260619,368,253,180,279,61,3,4,2678.7600,2678.7600,2678.7600,2678.7600,1,1,2026-08-24T00:00:00.000
1949,20260604,20260624,289,123,360,383,137,3,2,2680.1300,2680.1300,2680.1300,2680.1300,1,1,2026-08-24T00:00:00.000
1950,20260805,20260713,190,159,226,193,407,3,5,2681.5000,2681.5000,2681.5000,2681.5000,1,1,2026-08-24T00:00:00.000
1951,20260712,20260602,457,167,41,263,78,3,1,2682.8700,2682.8700,2682.8700,2682.8700,1,1,2026-08-24T00:00:00.000
1952,20260716,20260702,214,167,451,156,489,4,4,2684.2400,2684.2400,2684.2400,2684.2400,1,1,2026-08-24T00:00:00.000
1953,20260527,20260729,26,112,393,226,397,6,3,2685.6100,2685.6100,2685.6100,2685.6100,1,1,2026-08-24T00:00:00.000
1954,20260730,20260703,198,143,13,403,369,5,1,2686.9800,2686.9800,2686.9800,2686.9800,1,1,2026-08-24T00:00:00.000
1955,20260819,20260612,295,271,326,344,76,3,3,2688.3500,2688.3500,2688.3500,2688.3500,1,1,2026-08-24T00:00:00.000
1956,20260822,20260618,185,5,212,493,461,2,3,2689.7200,2689.7200,2689.7200,2689.7200,1,1,2026-08-24T00:00:00.000
1957,20260626,20260702,57,222,160,112,200,3,4,2691.0900,2691.0900,2691.0900,2691.0900,1,1,2026-08-24T00:00:00.000
1958,20260808,20260710,219,169,14,356,240,3,1,2692.4600,2692.4600,2692.4600,2692.4600,1,1,2026-08-24T00:00:00.000
1959,20260804,20260602,61,102,238,219,481,6,2,2693.8300,2693.8300,2693.8300,2693.8300,1,1,2026-08-24T00:00:00.000
1960,20260702,20260605,99,161,327,287,374,8,2,2695.2000,2695.2000,2695.2000,2695.2000,1,1,2026-08-24T00:00:00.000
1961,20260725,20260723,321,34,256,428,406,3,5,2696.5700,2696.5700,2696.5700,2696.5700,1,1,2026-08-24T00:00:00.000
1962,20260531,20260613,281,239,254,340,390,8,1,2697.9400,2697.9400,2697.9400,2697.9400,1,1,2026-08-24T00:00:00.000
1963,20260730,20260809,251,144,310,54,281,5,2,2699.3100,2699.3100,2699.3100,2699.3100,1,1,2026-08-24T00:00:00.000
1964,20260720,20260801,463,205,236,23,378,3,1,2700.6800,2700.6800,2700.6800,2700.6800,1,1,2026-08-24T00:00:00.000
1965,20260530,20260801,306,229,223,116,416,7,4,2702.0500,2702.0500,2702.0500,2702.0500,1,1,2026-08-24T00:00:00.000
1966,20260613,20260527,401,316,71,400,56,3,3,2703.4200,2703.4200,2703.4200,2703.4200,1,1,2026-08-24T00:00:00.000
1967,20260729,20260724,322,234,241,115,88,3,5,2704.7900,2704.7900,2704.7900,2704.7900,1,1,2026-08-24T00:00:00.000
1968,20260709,20260727,164,283,371,401,142,1,5,2706.1600,2706.1600,2706.1600,2706.1600,1,1,2026-08-24T00:00:00.000
1969,20260624,20260601,33,177,245,377,464,4,5,2707.5300,2707.5300,2707.5300,2707.5300,1,1,2026-08-24T00:00:00.000
1970,20260823,20260723,46,156,222,428,314,1,1,2708.9000,2708.9000,2708.9000,2708.9000,1,1,2026-08-24T00:00:00.000
1971,20260821,20260610,350,291,445,490,123,1,1,2710.2700,2710.2700,2710.2700,2710.2700,1,1,2026-08-24T00:00:00.000
1972,20260616,20260821,116,160,216,326,424,2,1,2711.6400,2711.6400,2711.6400,2711.6400,1,1,2026-08-24T00:00:00.000
1973,20260715,20260617,130,101,355,159,258,1,1,2713.0100,2713.0100,2713.0100,2713.0100,1,1,2026-08-24T00:00:00.000
1974,20260709,20260603,264,333,376,148,52,1,5,2714.3800,2714.3800,2714.3800,2714.3800,1,1,2026-08-24T00:00:00.000
1975,20260819,20260807,372,21,412,203,334,5,1,2715.7500,2715.7500,2715.7500,2715.7500,1,1,2026-08-24T00:00:00.000
1976,20260623,20260712,440,318,173,456,280,7,4,2717.1200,2717.1200,2717.1200,2717.1200,1,1,2026-08-24T00:00:00.000
1977,20260705,20260711,310,68,3,22,341,1,3,2718.4900,2718.4900,2718.4900,2718.4900,1,1,2026-08-24T00:00:00.000
1978,20260617,20260615,282,167,249,483,94,8,2,2719.8600,2719.8600,2719.8600,2719.8600,1,1,2026-08-24T00:00:00.000
1979,20260620,20260702,450,87,433,274,477,5,2,2721.2300,2721.2300,2721.2300,2721.2300,1,1,2026-08-24T00:00:00.000
1980,20260723,20260613,253,39,116,194,181,5,5,2722.6000,2722.6000,2722.6000,2722.6000,1,1,2026-08-24T00:00:00.000
1981,20260806,20260527,86,129,281,370,354,7,1,2723.9700,2723.9700,2723.9700,2723.9700,1,1,2026-08-24T00:00:00.000
1982,20260619,20260528,269,104,497,48,166,1,1,2725.3400,2725.3400,2725.3400,2725.3400,1,1,2026-08-24T00:00:00.000
1983,20260816,20260715,107,53,194,289,493,6,1,2726.7100,2726.7100,2726.7100,2726.7100,1,1,2026-08-24T00:00:00.000
1984,20260530,20260711,153,110,60,366,396,3,2,2728.0800,2728.0800,2728.0800,2728.0800,1,1,2026-08-24T00:00:00.000
1985,20260615,20260613,470,178,335,230,125,1,5,2729.4500,2729.4500,2729.4500,2729.4500,1,1,2026-08-24T00:00:00.000
1986,20260803,20260823,224,207,424,157,47,4,5,2730.8200,2730.8200,2730.8200,2730.8200,1,1,2026-08-24T00:00:00.000
1987,20260715,20260628,22,218,440,184,114,1,5,2732.1900,2732.1900,2732.1900,2732.1900,1,1,2026-08-24T00:00:00.000
1988,20260813,20260530,285,194,225,487,140,3,2,2733.5600,2733.5600,2733.5600,2733.5600,1,1,2026-08-24T00:00:00.000
1989,20260624,20260529,143,41,159,243,164,8,2,2734.9300,2734.9300,2734.9300,2734.9300,1,1,2026-08-24T00:00:00.000
1990,20260707,20260629,406,43,70,13,177,4,3,2736.3000,2736.3000,2736.3000,2736.3000,1,1,2026-08-24T00:00:00.000
1991,20260725,20260612,385,257,103,40,75,7,3,2737.6700,2737.6700,2737.6700,2737.6700,1,1,2026-08-24T00:00:00.000
1992,20260616,20260701,313,239,282,380,481,1,1,2739.0400,2739.0400,2739.0400,2739.0400,1,1,2026-08-24T00:00:00.000
1993,20260709,20260531,132,272,39,456,244,5,5,2740.4100,2740.4100,2740.4100,2740.4100,1,1,2026-08-24T00:00:00.000
1994,20260606,20260715,418,115,403,406,480,8,3,2741.7800,2741.7800,2741.7800,2741.7800,1,1,2026-08-24T00:00:00.000
1995,20260529,20260805,267,117,397,30,233,6,4,2743.1500,2743.1500,2743.1500,2743.1500,1,1,2026-08-24T00:00:00.000
1996,20260629,20260723,181,289,454,396,495,7,2,2744.5200,2744.5200,2744.5200,2744.5200,1,1,2026-08-24T00:00:00.000
1997,20260714,20260625,172,209,321,29,380,4,2,2745.8900,2745.8900,2745.8900,2745.8900,1,1,2026-08-24T00:00:00.000
1998,20260814,20260809,217,138,183,459,213,6,4,2747.2600,2747.2600,2747.2600,2747.2600,1,1,2026-08-24T00:00:00.000
1999,20260603,20260709,338,328,203,441,318,4,1,2748.6300,2748.6300,2748.6300,2748.6300,1,1,2026-08-24T00:00:00.000
2000,20260719,20260730,234,204,202,413,389,1,1,2750.0000,2750.0000,2750.0000,2750.0000,1,1,2026-08-24T00:00:00.000
2001,20260627,20260704,404,95,330,51,190,7,1,2751.3700,2751.3700,2751.3700,2751.3700,1,1,2026-08-24T00:00:00.000
2002,20260813,20260614,281,151,266,459,329,3,3,2752.7400,2752.7400,2752.7400,2752.7400,1,1,2026-08-24T00:00:00.000
2003,20260614,20260716,339,89,76,122,28,2,3,2754.1100,2754.1100,2754.1100,2754.1100,1,1,2026-08-24T00:00:00.000
2004,20260812,20260809,296,256,350,223,88,3,3,2755.4800,2755.4800,2755.4800,2755.4800,1,1,2026-08-24T00:00:00.000
2005,20260703,20260804,364,316,90,64,223,6,5,2756.8500,2756.8500,2756.8500,2756.8500,1,1,2026-08-24T00:00:00.000
2006,20260707,20260804,26,303,290,383,394,7,2,2758.2200,2758.2200,2758.2200,2758.2200,1,1,2026-08-24T00:00:00.000
2007,20260715,20260731,120,206,241,471,31,5,2,2759.5900,2759.5900,2759.5900,2759.5900,1,1,2026-08-24T00:00:00.000
2008,20260624,20260721,486,60,420,9,289,4,5,2760.9600,2760.9600,2760.9600,2760.9600,1,1,2026-08-24T00:00:00.000
2009,20260606,20260810,198,115,277,456,374,7,3,2762.3300,2762.3300,2762.3300,2762.3300,1,1,2026-08-24T00:00:00.000
2010,20260816,20260718,173,252,462,19,88,7,5,2763.7000,2763.7000,2763.7000,2763.7000,1,1,2026-08-24T00:00:00.000
2011,20260727,20260724,114,217,157,428,364,8,5,2765.0700,2765.0700,2765.0700,2765.0700,1,1,2026-08-24T00:00:00.000
2012,20260729,20260818,34,43,2,259,351,4,1,2766.4400,2766.4400,2766.4400,2766.4400,1,1,2026-08-24T00:00:00.000
2013,20260611,20260605,131,109,412,231,354,5,3,2767.8100,2767.8100,2767.8100,2767.8100,1,1,2026-08-24T00:00:00.000
2014,20260528,20260731,498,343,208,120,186,5,3,2769.1800,2769.1800,2769.1800,2769.1800,1,1,2026-08-24T00:00:00.000
2015,20260609,20260529,246,176,278,393,38,2,3,2770.5500,2770.5500,2770.5500,2770.5500,1,1,2026-08-24T00:00:00.000
2016,20260806,20260818,16,327,11,198,406,6,5,2771.9200,2771.9200,2771.9200,2771.9200,1,1,2026-08-24T00:00:00.000
2017,20260618,20260705,247,158,180,411,261,3,4,2773.2900,2773.2900,2773.2900,2773.2900,1,1,2026-08-24T00:00:00.000
2018,20260616,20260710,129,241,25,356,96,7,3,2774.6600,2774.6600,2774.6600,2774.6600,1,1,2026-08-24T00:00:00.000
2019,20260728,20260616,498,90,418,349,384,8,5,2776.0300,2776.0300,2776.0300,2776.0300,1,1,2026-08-24T00:00:00.000
2020,20260728,20260701,441,175,473,80,9,4,3,2777.4000,2777.4000,2777.4000,2777.4000,1,1,2026-08-24T00:00:00.000
2021,20260619,20260817,379,339,268,338,467,7,2,2778.7700,2778.7700,2778.7700,2778.7700,1,1,2026-08-24T00:00:00.000
2022,20260814,20260620,303,158,47,197,277,3,3,2780.1400,2780.1400,2780.1400,2780.1400,1,1,2026-08-24T00:00:00.000
2023,20260808,20260725,252,333,97,410,368,7,1,2781.5100,2781.5100,2781.5100,2781.5100,1,1,2026-08-24T00:00:00.000
2024,20260617,20260609,145,216,109,212,446,8,4,2782.8800,2782.8800,2782.8800,2782.8800,1,1,2026-08-24T00:00:00.000
2025,20260818,20260819,449,261,279,310,118,6,2,2784.2500,2784.2500,2784.2500,2784.2500,1,1,2026-08-24T00:00:00.000
2026,20260608,20260811,261,237,412,289,211,7,1,2785.6200,2785.6200,2785.6200,2785.6200,1,1,2026-08-24T00:00:00.000
2027,20260612,20260702,347,304,46,349,496,7,4,2786.9900,2786.9900,2786.9900,2786.9900,1,1,2026-08-24T00:00:00.000
2028,20260819,20260822,393,79,443,291,21,3,2,2788.3600,2788.3600,2788.3600,2788.3600,1,1,2026-08-24T00:00:00.000
2029,20260615,20260719,77,277,96,144,184,1,4,2789.7300,2789.7300,2789.7300,2789.7300,1,1,2026-08-24T00:00:00.000
2030,20260813,20260622,143,258,225,180,488,6,1,2791.1000,2791.1000,2791.1000,2791.1000,1,1,2026-08-24T00:00:00.000
2031,20260607,20260728,386,119,150,484,331,7,2,2792.4700,2792.4700,2792.4700,2792.4700,1,1,2026-08-24T00:00:00.000
2032,20260609,20260628,185,67,30,141,458,7,5,2793.8400,2793.8400,2793.8400,2793.8400,1,1,2026-08-24T00:00:00.000
2033,20260619,20260613,364,218,464,378,145,4,4,2795.2100,2795.2100,2795.2100,2795.2100,1,1,2026-08-24T00:00:00.000
2034,20260723,20260728,365,172,417,81,366,3,1,2796.5800,2796.5800,2796.5800,2796.5800,1,1,2026-08-24T00:00:00.000
2035,20260725,20260605,397,233,487,119,21,5,5,2797.9500,2797.9500,2797.9500,2797.9500,1,1,2026-08-24T00:00:00.000
2036,20260725,20260817,92,252,358,355,222,8,5,2799.3200,2799.3200,2799.3200,2799.3200,1,1,2026-08-24T00:00:00.000
2037,20260717,20260731,79,221,48,495,43,7,1,2800.6900,2800.6900,2800.6900,2800.6900,1,1,2026-08-24T00:00:00.000
2038,20260623,20260529,93,112,420,287,194,6,2,2802.0600,2802.0600,2802.0600,2802.0600,1,1,2026-08-24T00:00:00.000
2039,20260705,20260822,157,10,466,446,403,3,1,2803.4300,2803.4300,2803.4300,2803.4300,1,1,2026-08-24T00:00:00.000
2040,20260527,20260818,116,176,10,179,41,6,1,2804.8000,2804.8000,2804.8000,2804.8000,1,1,2026-08-24T00:00:00.000
2041,20260624,20260815,122,195,85,424,433,2,5,2806.1700,2806.1700,2806.1700,2806.1700,1,1,2026-08-24T00:00:00.000
2042,20260807,20260628,455,260,403,474,61,8,4,2807.5400,2807.5400,2807.5400,2807.5400,1,1,2026-08-24T00:00:00.000
2043,20260603,20260816,446,46,294,130,384,8,4,2808.9100,2808.9100,2808.9100,2808.9100,1,1,2026-08-24T00:00:00.000
2044,20260630,20260604,91,32,99,375,41,5,4,2810.2800,2810.2800,2810.2800,2810.2800,1,1,2026-08-24T00:00:00.000
2045,20260722,20260730,189,243,496,206,464,8,2,2811.6500,2811.6500,2811.6500,2811.6500,1,1,2026-08-24T00:00:00.000
2046,20260710,20260606,93,29,178,92,259,7,4,2813.0200,2813.0200,2813.0200,2813.0200,1,1,2026-08-24T00:00:00.000
2047,20260630,20260823,19,22,400,449,249,2,2,2814.3900,2814.3900,2814.3900,2814.3900,1,1,2026-08-24T00:00:00.000
2048,20260610,20260715,253,276,373,353,326,2,4,2815.7600,2815.7600,2815.7600,2815.7600,1,1,2026-08-24T00:00:00.000
2049,20260705,20260816,264,291,376,370,245,5,5,2817.1300,2817.1300,2817.1300,2817.1300,1,1,2026-08-24T00:00:00.000
2050,20260629,20260612,355,101,27,10,16,4,5,2818.5000,2818.5000,2818.5000,2818.5000,1,1,2026-08-24T00:00:00.000
2051,20260606,20260701,192,277,271,355,22,3,5,2819.8700,2819.8700,2819.8700,2819.8700,1,1,2026-08-24T00:00:00.000
2052,20260814,20260818,460,258,273,470,499,2,2,2821.2400,2821.2400,2821.2400,2821.2400,1,1,2026-08-24T00:00:00.000
2053,20260722,20260530,111,307,190,413,253,4,2,2822.6100,2822.6100,2822.6100,2822.6100,1,1,2026-08-24T00:00:00.000
2054,20260613,20260815,248,129,189,214,156,2,3,2823.9800,2823.9800,2823.9800,2823.9800,1,1,2026-08-24T00:00:00.000
2055,20260624,20260715,315,36,286,145,316,4,1,2825.3500,2825.3500,2825.3500,2825.3500,1,1,2026-08-24T00:00:00.000
2056,20260711,20260802,144,226,232,445,413,8,5,2826.7200,2826.7200,2826.7200,2826.7200,1,1,2026-08-24T00:00:00.000
2057,20260615,20260609,213,16,35,43,163,5,3,2828.0900,2828.0900,2828.0900,2828.0900,1,1,2026-08-24T00:00:00.000
2058,20260703,20260530,421,72,209,124,489,3,3,2829.4600,2829.4600,2829.4600,2829.4600,1,1,2026-08-24T00:00:00.000
2059,20260727,20260623,138,65,332,199,146,1,1,2830.8300,2830.8300,2830.8300,2830.8300,1,1,2026-08-24T00:00:00.000
2060,20260703,20260607,151,292,13,426,46,4,4,2832.2000,2832.2000,2832.2000,2832.2000,1,1,2026-08-24T00:00:00.000
2061,20260716,20260803,190,38,256,404,480,4,5,2833.5700,2833.5700,2833.5700,2833.5700,1,1,2026-08-24T00:00:00.000
2062,20260805,20260527,289,146,121,346,209,3,4,2834.9400,2834.9400,2834.9400,2834.9400,1,1,2026-08-24T00:00:00.000
2063,20260807,20260809,451,213,166,328,480,5,5,2836.3100,2836.3100,2836.3100,2836.3100,1,1,2026-08-24T00:00:00.000
2064,20260616,20260731,296,144,236,417,111,5,2,2837.6800,2837.6800,2837.6800,2837.6800,1,1,2026-08-24T00:00:00.000
2065,20260607,20260812,152,238,409,54,412,5,2,2839.0500,2839.0500,2839.0500,2839.0500,1,1,2026-08-24T00:00:00.000
2066,20260721,20260624,395,346,491,71,244,8,1,2840.4200,2840.4200,2840.4200,2840.4200,1,1,2026-08-24T00:00:00.000
2067,20260622,20260802,379,215,487,5,342,3,5,2841.7900,2841.7900,2841.7900,2841.7900,1,1,2026-08-24T00:00:00.000
2068,20260629,20260731,242,265,411,436,141,7,1,2843.1600,2843.1600,2843.1600,2843.1600,1,1,2026-08-24T00:00:00.000
2069,20260614,20260730,178,313,470,38,113,6,5,2844.5300,2844.5300,2844.5300,2844.5300,1,1,2026-08-24T00:00:00.000
2070,20260704,20260728,306,341,330,121,121,5,5,2845.9000,2845.9000,2845.9000,2845.9000,1,1,2026-08-24T00:00:00.000
2071,20260606,20260807,161,290,243,399,350,7,4,2847.2700,2847.2700,2847.2700,2847.2700,1,1,2026-08-24T00:00:00.000
2072,20260816,20260824,181,261,419,51,168,1,1,2848.6400,2848.6400,2848.6400,2848.6400,1,1,2026-08-24T00:00:00.000
2073,20260527,20260807,441,321,89,470,148,5,1,2850.0100,2850.0100,2850.0100,2850.0100,1,1,2026-08-24T00:00:00.000
2074,20260720,20260806,249,88,361,84,89,7,1,2851.3800,2851.3800,2851.3800,2851.3800,1,1,2026-08-24T00:00:00.000
2075,20260531,20260622,37,93,373,436,295,6,2,2852.7500,2852.7500,2852.7500,2852.7500,1,1,2026-08-24T00:00:00.000
2076,20260822,20260701,139,191,216,340,341,6,2,2854.1200,2854.1200,2854.1200,2854.1200,1,1,2026-08-24T00:00:00.000
2077,20260821,20260815,479,54,261,66,469,5,3,2855.4900,2855.4900,2855.4900,2855.4900,1,1,2026-08-24T00:00:00.000
2078,20260811,20260609,9,304,48,357,20,7,1,2856.8600,2856.8600,2856.8600,2856.8600,1,1,2026-08-24T00:00:00.000
2079,20260530,20260528,223,227,86,494,88,7,4,2858.2300,2858.2300,2858.2300,2858.2300,1,1,2026-08-24T00:00:00.000
2080,20260817,20260706,24,71,349,159,122,3,4,2859.6000,2859.6000,2859.6000,2859.6000,1,1,2026-08-24T00:00:00.000
2081,20260702,20260603,363,209,475,315,336,6,4,2860.9700,2860.9700,2860.9700,2860.9700,1,1,2026-08-24T00:00:00.000
2082,20260530,20260704,482,123,336,341,349,5,1,2862.3400,2862.3400,2862.3400,2862.3400,1,1,2026-08-24T00:00:00.000
2083,20260820,20260819,410,120,359,426,142,3,5,2863.7100,2863.7100,2863.7100,2863.7100,1,1,2026-08-24T00:00:00.000
2084,20260611,20260818,437,254,48,279,30,7,1,2865.0800,2865.0800,2865.0800,2865.0800,1,1,2026-08-24T00:00:00.000
2085,20260818,20260617,264,325,153,224,323,2,2,2866.4500,2866.4500,2866.4500,2866.4500,1,1,2026-08-24T00:00:00.000
2086,20260824,20260605,212,78,451,448,23,6,1,2867.8200,2867.8200,2867.8200,2867.8200,1,1,2026-08-24T00:00:00.000
2087,20260709,20260626,416,320,370,470,379,4,2,2869.1900,2869.1900,2869.1900,2869.1900,1,1,2026-08-24T00:00:00.000
2088,20260707,20260605,309,194,313,199,112,3,4,2870.5600,2870.5600,2870.5600,2870.5600,1,1,2026-08-24T00:00:00.000
2089,20260703,20260812,69,207,429,236,461,4,5,2871.9300,2871.9300,2871.9300,2871.9300,1,1,2026-08-24T00:00:00.000
2090,20260612,20260725,261,219,469,313,103,7,2,2873.3000,2873.3000,2873.3000,2873.3000,1,1,2026-08-24T00:00:00.000
2091,20260720,20260712,479,283,344,107,155,4,1,2874.6700,2874.6700,2874.6700,2874.6700,1,1,2026-08-24T00:00:00.000
2092,20260822,20260629,371,298,443,89,331,7,1,2876.0400,2876.0400,2876.0400,2876.0400,1,1,2026-08-24T00:00:00.000
2093,20260624,20260808,396,7,259,489,300,7,3,2877.4100,2877.4100,2877.4100,2877.4100,1,1,2026-08-24T00:00:00.000
2094,20260715,20260823,37,347,190,335,244,8,1,2878.7800,2878.7800,2878.7800,2878.7800,1,1,2026-08-24T00:00:00.000
2095,20260816,20260817,249,312,86,75,412,4,4,2880.1500,2880.1500,2880.1500,2880.1500,1,1,2026-08-24T00:00:00.000
2096,20260715,20260716,266,91,77,468,290,8,2,2881.5200,2881.5200,2881.5200,2881.5200,1,1,2026-08-24T00:00:00.000
2097,20260630,20260609,357,303,464,30,210,4,3,2882.8900,2882.8900,2882.8900,2882.8900,1,1,2026-08-24T00:00:00.000
2098,20260527,20260726,313,67,7,201,334,3,4,2884.2600,2884.2600,2884.2600,2884.2600,1,1,2026-08-24T00:00:00.000
2099,20260731,20260630,447,134,455,127,412,4,4,2885.6300,2885.6300,2885.6300,2885.6300,1,1,2026-08-24T00:00:00.000
2100,20260811,20260628,480,165,116,151,40,6,3,2887.0000,2887.0000,2887.0000,2887.0000,1,1,2026-08-24T00:00:00.000
2101,20260615,20260728,162,263,46,30,313,7,3,2888.3700,2888.3700,2888.3700,2888.3700,1,1,2026-08-24T00:00:00.000
2102,20260706,20260610,249,92,157,192,218,5,2,2889.7400,2889.7400,2889.7400,2889.7400,1,1,2026-08-24T00:00:00.000
2103,20260531,20260613,472,200,172,367,417,5,2,2891.1100,2891.1100,2891.1100,2891.1100,1,1,2026-08-24T00:00:00.000
2104,20260709,20260703,476,304,455,332,335,5,2,2892.4800,2892.4800,2892.4800,2892.4800,1,1,2026-08-24T00:00:00.000
2105,20260626,20260813,410,183,211,39,47,6,1,2893.8500,2893.8500,2893.8500,2893.8500,1,1,2026-08-24T00:00:00.000
2106,20260727,20260806,81,345,67,26,342,5,4,2895.2200,2895.2200,2895.2200,2895.2200,1,1,2026-08-24T00:00:00.000
2107,20260824,20260805,488,82,320,440,123,3,5,2896.5900,2896.5900,2896.5900,2896.5900,1,1,2026-08-24T00:00:00.000
2108,20260529,20260630,37,7,140,468,388,4,1,2897.9600,2897.9600,2897.9600,2897.9600,1,1,2026-08-24T00:00:00.000
2109,20260808,20260807,388,183,463,172,137,3,5,2899.3300,2899.3300,2899.3300,2899.3300,1,1,2026-08-24T00:00:00.000
2110,20260602,20260607,333,291,383,248,418,3,5,2900.7000,2900.7000,2900.7000,2900.7000,1,1,2026-08-24T00:00:00.000
2111,20260718,20260621,217,226,118,322,402,8,4,2902.0700,2902.0700,2902.0700,2902.0700,1,1,2026-08-24T00:00:00.000
2112,20260728,20260707,194,133,359,42,188,6,1,2903.4400,2903.4400,2903.4400,2903.4400,1,1,2026-08-24T00:00:00.000
2113,20260629,20260701,14,32,98,155,84,2,5,2904.8100,2904.8100,2904.8100,2904.8100,1,1,2026-08-24T00:00:00.000
2114,20260814,20260807,90,35,400,322,226,4,1,2906.1800,2906.1800,2906.1800,2906.1800,1,1,2026-08-24T00:00:00.000
2115,20260727,20260704,167,122,116,259,40,7,2,2907.5500,2907.5500,2907.5500,2907.5500,1,1,2026-08-24T00:00:00.000
2116,20260611,20260621,297,311,252,271,126,8,1,2908.9200,2908.9200,2908.9200,2908.9200,1,1,2026-08-24T00:00:00.000
2117,20260803,20260809,268,247,287,310,207,2,1,2910.2900,2910.2900,2910.2900,2910.2900,1,1,2026-08-24T00:00:00.000
2118,20260608,20260630,440,308,485,275,26,6,2,2911.6600,2911.6600,2911.6600,2911.6600,1,1,2026-08-24T00:00:00.000
2119,20260726,20260806,209,91,222,309,264,3,3,2913.0300,2913.0300,2913.0300,2913.0300,1,1,2026-08-24T00:00:00.000
2120,20260604,20260710,85,271,167,353,292,2,3,2914.4000,2914.4000,2914.4000,2914.4000,1,1,2026-08-24T00:00:00.000
2121,20260818,20260718,385,267,347,422,248,6,1,2915.7700,2915.7700,2915.7700,2915.7700,1,1,2026-08-24T00:00:00.000
2122,20260703,20260605,72,242,486,228,423,7,3,2917.1400,2917.1400,2917.1400,2917.1400,1,1,2026-08-24T00:00:00.000
2123,20260606,20260802,401,218,12,242,381,6,4,2918.5100,2918.5100,2918.5100,2918.5100,1,1,2026-08-24T00:00:00.000
2124,20260703,20260528,197,117,190,226,19,7,3,2919.8800,2919.8800,2919.8800,2919.8800,1,1,2026-08-24T00:00:00.000
2125,20260802,20260529,105,350,308,463,62,2,5,2921.2500,2921.2500,2921.2500,2921.2500,1,1,2026-08-24T00:00:00.000
2126,20260824,20260812,157,43,2,47,126,4,2,2922.6200,2922.6200,2922.6200,2922.6200,1,1,2026-08-24T00:00:00.000
2127,20260801,20260617,149,313,321,390,98,6,3,2923.9900,2923.9900,2923.9900,2923.9900,1,1,2026-08-24T00:00:00.000
2128,20260811,20260709,214,68,87,299,136,2,1,2925.3600,2925.3600,2925.3600,2925.3600,1,1,2026-08-24T00:00:00.000
2129,20260808,20260608,85,141,111,69,216,1,5,2926.7300,2926.7300,2926.7300,2926.7300,1,1,2026-08-24T00:00:00.000
2130,20260611,20260611,339,247,138,158,219,8,5,2928.1000,2928.1000,2928.1000,2928.1000,1,1,2026-08-24T00:00:00.000
2131,20260806,20260708,491,121,199,250,399,2,3,2929.4700,2929.4700,2929.4700,2929.4700,1,1,2026-08-24T00:00:00.000
2132,20260823,20260529,425,334,118,359,171,6,2,2930.8400,2930.8400,2930.8400,2930.8400,1,1,2026-08-24T00:00:00.000
2133,20260814,20260802,324,192,287,437,131,1,5,2932.2100,2932.2100,2932.2100,2932.2100,1,1,2026-08-24T00:00:00.000
2134,20260808,20260529,164,301,88,315,438,7,5,2933.5800,2933.5800,2933.5800,2933.5800,1,1,2026-08-24T00:00:00.000
2135,20260724,20260704,382,107,305,236,136,7,2,2934.9500,2934.9500,2934.9500,2934.9500,1,1,2026-08-24T00:00:00.000
2136,20260725,20260612,328,155,257,167,44,5,4,2936.3200,2936.3200,2936.3200,2936.3200,1,1,2026-08-24T00:00:00.000
2137,20260712,20260721,410,77,230,380,455,4,3,2937.6900,2937.6900,2937.6900,2937.6900,1,1,2026-08-24T00:00:00.000
2138,20260720,20260703,469,66,24,77,31,5,2,2939.0600,2939.0600,2939.0600,2939.0600,1,1,2026-08-24T00:00:00.000
2139,20260619,20260713,341,329,217,228,425,7,3,2940.4300,2940.4300,2940.4300,2940.4300,1,1,2026-08-24T00:00:00.000
2140,20260620,20260715,89,349,432,265,197,5,1,2941.8000,2941.8000,2941.8000,2941.8000,1,1,2026-08-24T00:00:00.000
2141,20260616,20260822,366,261,117,385,73,3,5,2943.1700,2943.1700,2943.1700,2943.1700,1,1,2026-08-24T00:00:00.000
2142,20260630,20260706,423,194,141,13,98,3,2,2944.5400,2944.5400,2944.5400,2944.5400,1,1,2026-08-24T00:00:00.000
2143,20260805,20260607,135,285,486,15,34,4,3,2945.9100,2945.9100,2945.9100,2945.9100,1,1,2026-08-24T00:00:00.000
2144,20260620,20260801,352,51,439,419,176,7,5,2947.2800,2947.2800,2947.2800,2947.2800,1,1,2026-08-24T00:00:00.000
2145,20260617,20260712,235,209,402,445,205,6,5,2948.6500,2948.6500,2948.6500,2948.6500,1,1,2026-08-24T00:00:00.000
2146,20260528,20260627,414,224,39,59,256,1,4,2950.0200,2950.0200,2950.0200,2950.0200,1,1,2026-08-24T00:00:00.000
2147,20260816,20260609,172,282,135,494,221,8,3,2951.3900,2951.3900,2951.3900,2951.3900,1,1,2026-08-24T00:00:00.000
2148,20260708,20260724,345,192,159,107,473,3,4,2952.7600,2952.7600,2952.7600,2952.7600,1,1,2026-08-24T00:00:00.000
2149,20260623,20260717,364,118,317,260,144,5,5,2954.1300,2954.1300,2954.1300,2954.1300,1,1,2026-08-24T00:00:00.000
2150,20260615,20260607,264,224,379,169,256,2,2,2955.5000,2955.5000,2955.5000,2955.5000,1,1,2026-08-24T00:00:00.000
2151,20260728,20260605,55,180,305,459,409,8,1,2956.8700,2956.8700,2956.8700,2956.8700,1,1,2026-08-24T00:00:00.000
2152,20260705,20260705,24,212,198,251,269,8,2,2958.2400,2958.2400,2958.2400,2958.2400,1,1,2026-08-24T00:00:00.000
2153,20260624,20260805,292,198,253,185,55,2,1,2959.6100,2959.6100,2959.6100,2959.6100,1,1,2026-08-24T00:00:00.000
2154,20260529,20260730,394,166,214,125,472,7,5,2960.9800,2960.9800,2960.9800,2960.9800,1,1,2026-08-24T00:00:00.000
2155,20260605,20260723,329,186,196,30,298,7,2,2962.3500,2962.3500,2962.3500,2962.3500,1,1,2026-08-24T00:00:00.000
2156,20260708,20260818,404,349,143,117,216,4,1,2963.7200,2963.7200,2963.7200,2963.7200,1,1,2026-08-24T00:00:00.000
2157,20260717,20260805,261,111,265,252,106,7,3,2965.0900,2965.0900,2965.0900,2965.0900,1,1,2026-08-24T00:00:00.000
2158,20260803,20260602,423,141,90,56,365,1,3,2966.4600,2966.4600,2966.4600,2966.4600,1,1,2026-08-24T00:00:00.000
2159,20260708,20260715,237,38,422,157,425,1,3,2967.8300,2967.8300,2967.8300,2967.8300,1,1,2026-08-24T00:00:00.000
2160,20260607,20260727,219,84,342,410,479,6,5,2969.2000,2969.2000,2969.2000,2969.2000,1,1,2026-08-24T00:00:00.000
2161,20260824,20260731,43,146,248,367,162,8,3,2970.5700,2970.5700,2970.5700,2970.5700,1,1,2026-08-24T00:00:00.000
2162,20260808,20260802,369,262,5,25,272,5,5,2971.9400,2971.9400,2971.9400,2971.9400,1,1,2026-08-24T00:00:00.000
2163,20260712,20260603,372,144,181,427,233,6,2,2973.3100,2973.3100,2973.3100,2973.3100,1,1,2026-08-24T00:00:00.000
2164,20260707,20260718,62,222,399,32,449,6,2,2974.6800,2974.6800,2974.6800,2974.6800,1,1,2026-08-24T00:00:00.000
2165,20260819,20260707,158,95,154,490,427,5,4,2976.0500,2976.0500,2976.0500,2976.0500,1,1,2026-08-24T00:00:00.000
2166,20260730,20260601,154,242,392,252,397,3,5,2977.4200,2977.4200,2977.4200,2977.4200,1,1,2026-08-24T00:00:00.000
2167,20260719,20260611,386,51,264,44,336,8,5,2978.7900,2978.7900,2978.7900,2978.7900,1,1,2026-08-24T00:00:00.000
2168,20260815,20260810,333,276,129,196,359,8,4,2980.1600,2980.1600,2980.1600,2980.1600,1,1,2026-08-24T00:00:00.000
2169,20260820,20260815,126,195,58,470,241,8,4,2981.5300,2981.5300,2981.5300,2981.5300,1,1,2026-08-24T00:00:00.000
2170,20260613,20260709,381,111,71,315,399,6,4,2982.9000,2982.9000,2982.9000,2982.9000,1,1,2026-08-24T00:00:00.000
2171,20260529,20260707,113,279,47,200,353,8,1,2984.2700,2984.2700,2984.2700,2984.2700,1,1,2026-08-24T00:00:00.000
2172,20260529,20260630,285,72,200,168,133,2,3,2985.6400,2985.6400,2985.6400,2985.6400,1,1,2026-08-24T00:00:00.000
2173,20260714,20260623,58,136,172,458,345,3,3,2987.0100,2987.0100,2987.0100,2987.0100,1,1,2026-08-24T00:00:00.000
2174,20260617,20260614,475,141,153,83,356,1,4,2988.3800,2988.3800,2988.3800,2988.3800,1,1,2026-08-24T00:00:00.000
2175,20260720,20260605,106,330,104,51,292,4,2,2989.7500,2989.7500,2989.7500,2989.7500,1,1,2026-08-24T00:00:00.000
2176,20260707,20260719,486,119,401,267,80,7,1,2991.1200,2991.1200,2991.1200,2991.1200,1,1,2026-08-24T00:00:00.000
2177,20260708,20260724,5,53,186,133,208,7,3,2992.4900,2992.4900,2992.4900,2992.4900,1,1,2026-08-24T00:00:00.000
2178,20260720,20260821,368,77,421,164,384,1,5,2993.8600,2993.8600,2993.8600,2993.8600,1,1,2026-08-24T00:00:00.000
2179,20260730,20260627,402,91,431,291,277,8,1,2995.2300,2995.2300,2995.2300,2995.2300,1,1,2026-08-24T00:00:00.000
2180,20260528,20260810,454,114,177,241,182,3,2,2996.6000,2996.6000,2996.6000,2996.6000,1,1,2026-08-24T00:00:00.000
2181,20260719,20260818,11,41,462,31,233,8,2,2997.9700,2997.9700,2997.9700,2997.9700,1,1,2026-08-24T00:00:00.000
2182,20260717,20260628,401,139,144,195,151,7,2,2999.3400,2999.3400,2999.3400,2999.3400,1,1,2026-08-24T00:00:00.000
2183,20260619,20260807,262,143,345,372,216,5,5,3000.7100,3000.7100,3000.7100,3000.7100,1,1,2026-08-24T00:00:00.000
2184,20260717,20260601,130,124,368,152,335,8,3,3002.0800,3002.0800,3002.0800,3002.0800,1,1,2026-08-24T00:00:00.000
2185,20260809,20260819,317,29,84,137,342,8,3,3003.4500,3003.4500,3003.4500,3003.4500,1,1,2026-08-24T00:00:00.000
2186,20260823,20260529,133,229,436,397,174,5,2,3004.8200,3004.8200,3004.8200,3004.8200,1,1,2026-08-24T00:00:00.000
2187,20260624,20260720,343,230,323,283,16,2,4,3006.1900,3006.1900,3006.1900,3006.1900,1,1,2026-08-24T00:00:00.000
2188,20260610,20260602,382,54,178,398,402,3,1,3007.5600,3007.5600,3007.5600,3007.5600,1,1,2026-08-24T00:00:00.000
2189,20260805,20260822,428,12,17,124,30,8,4,3008.9300,3008.9300,3008.9300,3008.9300,1,1,2026-08-24T00:00:00.000
2190,20260629,20260731,358,111,267,467,217,4,2,3010.3000,3010.3000,3010.3000,3010.3000,1,1,2026-08-24T00:00:00.000
2191,20260604,20260609,168,30,186,258,422,7,4,3011.6700,3011.6700,3011.6700,3011.6700,1,1,2026-08-24T00:00:00.000
2192,20260608,20260607,484,310,413,191,283,2,4,3013.0400,3013.0400,3013.0400,3013.0400,1,1,2026-08-24T00:00:00.000
2193,20260702,20260723,433,88,449,259,297,8,5,3014.4100,3014.4100,3014.4100,3014.4100,1,1,2026-08-24T00:00:00.000
2194,20260819,20260716,361,283,84,302,290,4,4,3015.7800,3015.7800,3015.7800,3015.7800,1,1,2026-08-24T00:00:00.000
2195,20260823,20260622,272,226,424,346,178,6,3,3017.1500,3017.1500,3017.1500,3017.1500,1,1,2026-08-24T00:00:00.000
2196,20260527,20260623,308,179,441,329,416,6,3,3018.5200,3018.5200,3018.5200,3018.5200,1,1,2026-08-24T00:00:00.000
2197,20260719,20260624,457,299,177,220,424,1,4,3019.8900,3019.8900,3019.8900,3019.8900,1,1,2026-08-24T00:00:00.000
2198,20260618,20260630,291,311,100,33,145,4,2,3021.2600,3021.2600,3021.2600,3021.2600,1,1,2026-08-24T00:00:00.000
2199,20260808,20260621,52,56,271,56,2,6,3,3022.6300,3022.6300,3022.6300,3022.6300,1,1,2026-08-24T00:00:00.000
2200,20260822,20260611,134,43,248,448,429,6,2,3024.0000,3024.0000,3024.0000,3024.0000,1,1,2026-08-24T00:00:00.000
2201,20260721,20260629,264,23,294,289,276,7,3,3025.3700,3025.3700,3025.3700,3025.3700,1,1,2026-08-24T00:00:00.000
2202,20260708,20260607,305,85,138,114,303,2,4,3026.7400,3026.7400,3026.7400,3026.7400,1,1,2026-08-24T00:00:00.000
2203,20260602,20260611,8,306,140,354,142,2,5,3028.1100,3028.1100,3028.1100,3028.1100,1,1,2026-08-24T00:00:00.000
2204,20260726,20260720,464,59,285,135,59,6,4,3029.4800,3029.4800,3029.4800,3029.4800,1,1,2026-08-24T00:00:00.000
2205,20260528,20260716,400,147,344,65,492,7,3,3030.8500,3030.8500,3030.8500,3030.8500,1,1,2026-08-24T00:00:00.000
2206,20260623,20260624,231,4,476,109,415,6,4,3032.2200,3032.2200,3032.2200,3032.2200,1,1,2026-08-24T00:00:00.000
2207,20260712,20260804,238,103,352,99,244,1,5,3033.5900,3033.5900,3033.5900,3033.5900,1,1,2026-08-24T00:00:00.000
2208,20260812,20260818,31,198,260,62,94,3,4,3034.9600,3034.9600,3034.9600,3034.9600,1,1,2026-08-24T00:00:00.000
2209,20260612,20260606,353,97,69,438,9,3,1,3036.3300,3036.3300,3036.3300,3036.3300,1,1,2026-08-24T00:00:00.000
2210,20260818,20260613,36,117,281,320,273,7,2,3037.7000,3037.7000,3037.7000,3037.7000,1,1,2026-08-24T00:00:00.000
2211,20260619,20260817,99,176,68,59,489,8,4,3039.0700,3039.0700,3039.0700,3039.0700,1,1,2026-08-24T00:00:00.000
2212,20260817,20260702,160,7,49,111,85,6,2,3040.4400,3040.4400,3040.4400,3040.4400,1,1,2026-08-24T00:00:00.000
2213,20260811,20260609,490,197,462,100,412,2,3,3041.8100,3041.8100,3041.8100,3041.8100,1,1,2026-08-24T00:00:00.000
2214,20260531,20260529,459,283,122,112,16,4,3,3043.1800,3043.1800,3043.1800,3043.1800,1,1,2026-08-24T00:00:00.000
2215,20260809,20260617,131,15,133,236,271,4,2,3044.5500,3044.5500,3044.5500,3044.5500,1,1,2026-08-24T00:00:00.000
2216,20260728,20260821,426,169,165,419,160,7,4,3045.9200,3045.9200,3045.9200,3045.9200,1,1,2026-08-24T00:00:00.000
2217,20260621,20260814,228,67,333,342,417,7,2,3047.2900,3047.2900,3047.2900,3047.2900,1,1,2026-08-24T00:00:00.000
2218,20260619,20260619,472,268,462,473,156,6,4,3048.6600,3048.6600,3048.6600,3048.6600,1,1,2026-08-24T00:00:00.000
2219,20260803,20260711,129,99,378,89,306,2,3,3050.0300,3050.0300,3050.0300,3050.0300,1,1,2026-08-24T00:00:00.000
2220,20260726,20260629,318,96,145,401,496,6,5,3051.4000,3051.4000,3051.4000,3051.4000,1,1,2026-08-24T00:00:00.000
2221,20260607,20260605,497,348,471,211,197,7,2,3052.7700,3052.7700,3052.7700,3052.7700,1,1,2026-08-24T00:00:00.000
2222,20260821,20260730,233,33,229,7,434,3,1,3054.1400,3054.1400,3054.1400,3054.1400,1,1,2026-08-24T00:00:00.000
2223,20260602,20260822,183,300,253,86,317,5,1,3055.5100,3055.5100,3055.5100,3055.5100,1,1,2026-08-24T00:00:00.000
2224,20260710,20260731,34,284,494,234,104,8,2,3056.8800,3056.8800,3056.8800,3056.8800,1,1,2026-08-24T00:00:00.000
2225,20260616,20260806,284,114,464,322,110,7,1,3058.2500,3058.2500,3058.2500,3058.2500,1,1,2026-08-24T00:00:00.000
2226,20260716,20260616,72,296,483,144,411,5,2,3059.6200,3059.6200,3059.6200,3059.6200,1,1,2026-08-24T00:00:00.000
2227,20260723,20260801,483,346,77,439,355,3,5,3060.9900,3060.9900,3060.9900,3060.9900,1,1,2026-08-24T00:00:00.000
2228,20260724,20260801,481,241,187,108,28,7,5,3062.3600,3062.3600,3062.3600,3062.3600,1,1,2026-08-24T00:00:00.000
2229,20260707,20260707,251,37,336,24,373,2,2,3063.7300,3063.7300,3063.7300,3063.7300,1,1,2026-08-24T00:00:00.000
2230,20260618,20260728,287,339,441,267,90,1,3,3065.1000,3065.1000,3065.1000,3065.1000,1,1,2026-08-24T00:00:00.000
2231,20260530,20260610,387,4,379,184,377,3,4,3066.4700,3066.4700,3066.4700,3066.4700,1,1,2026-08-24T00:00:00.000
2232,20260728,20260816,22,7,326,35,104,7,1,3067.8400,3067.8400,3067.8400,3067.8400,1,1,2026-08-24T00:00:00.000
2233,20260812,20260610,207,91,226,273,131,7,4,3069.2100,3069.2100,3069.2100,3069.2100,1,1,2026-08-24T00:00:00.000
2234,20260731,20260811,180,172,58,343,237,1,5,3070.5800,3070.5800,3070.5800,3070.5800,1,1,2026-08-24T00:00:00.000
2235,20260628,20260610,8,84,58,424,191,7,1,3071.9500,3071.9500,3071.9500,3071.9500,1,1,2026-08-24T00:00:00.000
2236,20260609,20260719,417,24,358,389,85,6,2,3073.3200,3073.3200,3073.3200,3073.3200,1,1,2026-08-24T00:00:00.000
2237,20260626,20260709,93,319,313,373,208,7,5,3074.6900,3074.6900,3074.6900,3074.6900,1,1,2026-08-24T00:00:00.000
2238,20260715,20260607,350,349,112,224,395,7,3,3076.0600,3076.0600,3076.0600,3076.0600,1,1,2026-08-24T00:00:00.000
2239,20260805,20260711,3,277,229,229,455,2,5,3077.4300,3077.4300,3077.4300,3077.4300,1,1,2026-08-24T00:00:00.000
2240,20260622,20260814,5,45,218,96,87,8,1,3078.8000,3078.8000,3078.8000,3078.8000,1,1,2026-08-24T00:00:00.000
2241,20260723,20260614,61,133,228,458,242,6,4,3080.1700,3080.1700,3080.1700,3080.1700,1,1,2026-08-24T00:00:00.000
2242,20260601,20260605,290,289,13,279,489,3,4,3081.5400,3081.5400,3081.5400,3081.5400,1,1,2026-08-24T00:00:00.000
2243,20260605,20260712,4,50,158,383,424,8,1,3082.9100,3082.9100,3082.9100,3082.9100,1,1,2026-08-24T00:00:00.000
2244,20260810,20260809,464,329,145,92,247,1,3,3084.2800,3084.2800,3084.2800,3084.2800,1,1,2026-08-24T00:00:00.000
2245,20260809,20260815,142,70,188,72,454,3,1,3085.6500,3085.6500,3085.6500,3085.6500,1,1,2026-08-24T00:00:00.000
2246,20260714,20260717,385,125,22,115,294,5,5,3087.0200,3087.0200,3087.0200,3087.0200,1,1,2026-08-24T00:00:00.000
2247,20260531,20260710,252,231,323,216,276,8,1,3088.3900,3088.3900,3088.3900,3088.3900,1,1,2026-08-24T00:00:00.000
2248,20260803,20260623,410,236,439,469,357,7,2,3089.7600,3089.7600,3089.7600,3089.7600,1,1,2026-08-24T00:00:00.000
2249,20260824,20260814,457,286,53,388,244,5,4,3091.1300,3091.1300,3091.1300,3091.1300,1,1,2026-08-24T00:00:00.000
2250,20260628,20260720,167,228,482,476,140,6,1,3092.5000,3092.5000,3092.5000,3092.5000,1,1,2026-08-24T00:00:00.000
2251,20260715,20260717,2,12,180,99,408,3,3,3093.8700,3093.8700,3093.8700,3093.8700,1,1,2026-08-24T00:00:00.000
2252,20260728,20260622,99,284,54,156,30,8,2,3095.2400,3095.2400,3095.2400,3095.2400,1,1,2026-08-24T00:00:00.000
2253,20260617,20260623,148,73,125,350,101,2,4,3096.6100,3096.6100,3096.6100,3096.6100,1,1,2026-08-24T00:00:00.000
2254,20260530,20260724,47,32,101,309,312,3,1,3097.9800,3097.9800,3097.9800,3097.9800,1,1,2026-08-24T00:00:00.000
2255,20260625,20260610,51,24,488,203,136,7,2,3099.3500,3099.3500,3099.3500,3099.3500,1,1,2026-08-24T00:00:00.000
2256,20260625,20260615,468,144,353,419,332,2,3,3100.7200,3100.7200,3100.7200,3100.7200,1,1,2026-08-24T00:00:00.000
2257,20260702,20260621,298,274,226,49,413,3,2,3102.0900,3102.0900,3102.0900,3102.0900,1,1,2026-08-24T00:00:00.000
2258,20260606,20260630,185,77,42,179,398,6,2,3103.4600,3103.4600,3103.4600,3103.4600,1,1,2026-08-24T00:00:00.000
2259,20260619,20260608,61,318,204,188,457,6,1,3104.8300,3104.8300,3104.8300,3104.8300,1,1,2026-08-24T00:00:00.000
2260,20260801,20260606,27,178,395,204,374,2,5,3106.2000,3106.2000,3106.2000,3106.2000,1,1,2026-08-24T00:00:00.000
2261,20260711,20260630,199,224,60,498,264,3,1,3107.5700,3107.5700,3107.5700,3107.5700,1,1,2026-08-24T00:00:00.000
2262,20260603,20260720,30,225,389,411,113,3,2,3108.9400,3108.9400,3108.9400,3108.9400,1,1,2026-08-24T00:00:00.000
2263,20260530,20260622,158,41,356,78,410,1,3,3110.3100,3110.3100,3110.3100,3110.3100,1,1,2026-08-24T00:00:00.000
2264,20260627,20260630,89,298,281,139,372,7,5,3111.6800,3111.6800,3111.6800,3111.6800,1,1,2026-08-24T00:00:00.000
2265,20260719,20260701,189,296,308,192,421,3,3,3113.0500,3113.0500,3113.0500,3113.0500,1,1,2026-08-24T00:00:00.000
2266,20260612,20260607,439,142,446,91,248,4,3,3114.4200,3114.4200,3114.4200,3114.4200,1,1,2026-08-24T00:00:00.000
2267,20260807,20260712,168,234,197,132,40,7,1,3115.7900,3115.7900,3115.7900,3115.7900,1,1,2026-08-24T00:00:00.000
2268,20260715,20260630,141,125,210,34,461,3,1,3117.1600,3117.1600,3117.1600,3117.1600,1,1,2026-08-24T00:00:00.000
2269,20260625,20260815,255,129,165,401,422,2,2,3118.5300,3118.5300,3118.5300,3118.5300,1,1,2026-08-24T00:00:00.000
2270,20260824,20260706,53,120,342,257,207,2,1,3119.9000,3119.9000,3119.9000,3119.9000,1,1,2026-08-24T00:00:00.000
2271,20260630,20260702,53,8,240,113,28,6,1,3121.2700,3121.2700,3121.2700,3121.2700,1,1,2026-08-24T00:00:00.000
2272,20260618,20260819,243,274,397,99,136,2,1,3122.6400,3122.6400,3122.6400,3122.6400,1,1,2026-08-24T00:00:00.000
2273,20260715,20260614,278,237,212,477,290,1,4,3124.0100,3124.0100,3124.0100,3124.0100,1,1,2026-08-24T00:00:00.000
2274,20260802,20260819,367,185,39,449,41,7,2,3125.3800,3125.3800,3125.3800,3125.3800,1,1,2026-08-24T00:00:00.000
2275,20260822,20260809,251,165,432,179,340,1,1,3126.7500,3126.7500,3126.7500,3126.7500,1,1,2026-08-24T00:00:00.000
2276,20260726,20260710,492,301,242,117,411,4,5,3128.1200,3128.1200,3128.1200,3128.1200,1,1,2026-08-24T00:00:00.000
2277,20260722,20260819,203,193,192,260,270,2,5,3129.4900,3129.4900,3129.4900,3129.4900,1,1,2026-08-24T00:00:00.000
2278,20260601,20260718,260,218,454,116,172,7,5,3130.8600,3130.8600,3130.8600,3130.8600,1,1,2026-08-24T00:00:00.000
2279,20260621,20260615,199,49,383,244,74,4,1,3132.2300,3132.2300,3132.2300,3132.2300,1,1,2026-08-24T00:00:00.000
2280,20260806,20260709,448,337,248,477,166,3,4,3133.6000,3133.6000,3133.6000,3133.6000,1,1,2026-08-24T00:00:00.000
2281,20260628,20260817,4,323,442,88,163,7,4,3134.9700,3134.9700,3134.9700,3134.9700,1,1,2026-08-24T00:00:00.000
2282,20260803,20260812,338,94,88,451,366,3,1,3136.3400,3136.3400,3136.3400,3136.3400,1,1,2026-08-24T00:00:00.000
2283,20260803,20260724,384,219,493,204,470,3,2,3137.7100,3137.7100,3137.7100,3137.7100,1,1,2026-08-24T00:00:00.000
2284,20260706,20260814,89,154,463,200,352,1,4,3139.0800,3139.0800,3139.0800,3139.0800,1,1,2026-08-24T00:00:00.000
2285,20260725,20260818,5,329,395,136,53,4,5,3140.4500,3140.4500,3140.4500,3140.4500,1,1,2026-08-24T00:00:00.000
2286,20260710,20260806,109,92,301,410,256,1,5,3141.8200,3141.8200,3141.8200,3141.8200,1,1,2026-08-24T00:00:00.000
2287,20260706,20260531,288,107,146,424,415,3,4,3143.1900,3143.1900,3143.1900,3143.1900,1,1,2026-08-24T00:00:00.000
2288,20260719,20260530,171,189,106,59,126,2,5,3144.5600,3144.5600,3144.5600,3144.5600,1,1,2026-08-24T00:00:00.000
2289,20260611,20260529,328,296,340,66,29,3,1,3145.9300,3145.9300,3145.9300,3145.9300,1,1,2026-08-24T00:00:00.000
2290,20260622,20260720,389,111,245,73,137,5,1,3147.3000,3147.3000,3147.3000,3147.3000,1,1,2026-08-24T00:00:00.000
2291,20260716,20260620,304,170,465,106,343,8,3,3148.6700,3148.6700,3148.6700,3148.6700,1,1,2026-08-24T00:00:00.000
2292,20260710,20260627,435,266,333,19,360,8,5,3150.0400,3150.0400,3150.0400,3150.0400,1,1,2026-08-24T00:00:00.000
2293,20260602,20260804,484,117,22,53,67,1,5,3151.4100,3151.4100,3151.4100,3151.4100,1,1,2026-08-24T00:00:00.000
2294,20260614,20260802,357,295,395,339,177,8,4,3152.7800,3152.7800,3152.7800,3152.7800,1,1,2026-08-24T00:00:00.000
2295,20260714,20260716,331,175,447,233,331,8,1,3154.1500,3154.1500,3154.1500,3154.1500,1,1,2026-08-24T00:00:00.000
2296,20260711,20260715,76,200,241,270,274,1,4,3155.5200,3155.5200,3155.5200,3155.5200,1,1,2026-08-24T00:00:00.000
2297,20260628,20260728,179,6,94,144,383,7,4,3156.8900,3156.8900,3156.8900,3156.8900,1,1,2026-08-24T00:00:00.000
2298,20260708,20260627,450,318,182,4,390,5,4,3158.2600,3158.2600,3158.2600,3158.2600,1,1,2026-08-24T00:00:00.000
2299,20260823,20260708,159,232,401,411,496,3,3,3159.6300,3159.6300,3159.6300,3159.6300,1,1,2026-08-24T00:00:00.000
2300,20260818,20260615,82,183,51,375,322,2,1,3161.0000,3161.0000,3161.0000,3161.0000,1,1,2026-08-24T00:00:00.000
2301,20260714,20260714,163,145,319,462,266,6,1,3162.3700,3162.3700,3162.3700,3162.3700,1,1,2026-08-24T00:00:00.000
2302,20260603,20260528,371,24,319,108,362,7,2,3163.7400,3163.7400,3163.7400,3163.7400,1,1,2026-08-24T00:00:00.000
2303,20260726,20260731,312,174,199,73,270,7,4,3165.1100,3165.1100,3165.1100,3165.1100,1,1,2026-08-24T00:00:00.000
2304,20260623,20260801,189,87,91,53,71,7,5,3166.4800,3166.4800,3166.4800,3166.4800,1,1,2026-08-24T00:00:00.000
2305,20260531,20260718,363,135,193,194,269,4,5,3167.8500,3167.8500,3167.8500,3167.8500,1,1,2026-08-24T00:00:00.000
2306,20260701,20260611,279,173,160,326,406,8,1,3169.2200,3169.2200,3169.2200,3169.2200,1,1,2026-08-24T00:00:00.000
2307,20260705,20260722,140,190,182,222,206,5,2,3170.5900,3170.5900,3170.5900,3170.5900,1,1,2026-08-24T00:00:00.000
2308,20260603,20260718,134,253,344,500,379,1,2,3171.9600,3171.9600,3171.9600,3171.9600,1,1,2026-08-24T00:00:00.000
2309,20260719,20260605,378,47,386,34,172,2,1,3173.3300,3173.3300,3173.3300,3173.3300,1,1,2026-08-24T00:00:00.000
2310,20260628,20260705,22,18,23,109,207,2,5,3174.7000,3174.7000,3174.7000,3174.7000,1,1,2026-08-24T00:00:00.000
2311,20260721,20260602,202,103,88,166,227,4,1,3176.0700,3176.0700,3176.0700,3176.0700,1,1,2026-08-24T00:00:00.000
2312,20260622,20260823,369,159,449,90,239,7,3,3177.4400,3177.4400,3177.4400,3177.4400,1,1,2026-08-24T00:00:00.000
2313,20260628,20260718,118,50,499,27,419,4,3,3178.8100,3178.8100,3178.8100,3178.8100,1,1,2026-08-24T00:00:00.000
2314,20260824,20260711,64,256,214,80,427,6,3,3180.1800,3180.1800,3180.1800,3180.1800,1,1,2026-08-24T00:00:00.000
2315,20260824,20260527,221,39,39,62,48,7,3,3181.5500,3181.5500,3181.5500,3181.5500,1,1,2026-08-24T00:00:00.000
2316,20260728,20260808,466,21,2,463,206,6,4,3182.9200,3182.9200,3182.9200,3182.9200,1,1,2026-08-24T00:00:00.000
2317,20260606,20260721,326,104,152,473,195,2,2,3184.2900,3184.2900,3184.2900,3184.2900,1,1,2026-08-24T00:00:00.000
2318,20260606,20260604,17,242,473,66,404,7,1,3185.6600,3185.6600,3185.6600,3185.6600,1,1,2026-08-24T00:00:00.000
2319,20260809,20260708,499,100,447,13,12,4,1,3187.0300,3187.0300,3187.0300,3187.0300,1,1,2026-08-24T00:00:00.000
2320,20260712,20260718,80,319,107,164,151,3,3,3188.4000,3188.4000,3188.4000,3188.4000,1,1,2026-08-24T00:00:00.000
2321,20260723,20260721,43,328,83,441,113,1,1,3189.7700,3189.7700,3189.7700,3189.7700,1,1,2026-08-24T00:00:00.000
2322,20260629,20260528,407,10,225,470,144,8,4,3191.1400,3191.1400,3191.1400,3191.1400,1,1,2026-08-24T00:00:00.000
2323,20260724,20260803,276,41,440,473,64,6,2,3192.5100,3192.5100,3192.5100,3192.5100,1,1,2026-08-24T00:00:00.000
2324,20260603,20260604,299,69,301,345,285,1,3,3193.8800,3193.8800,3193.8800,3193.8800,1,1,2026-08-24T00:00:00.000
2325,20260809,20260809,375,110,33,304,496,2,3,3195.2500,3195.2500,3195.2500,3195.2500,1,1,2026-08-24T00:00:00.000
2326,20260711,20260620,429,331,96,237,400,1,2,3196.6200,3196.6200,3196.6200,3196.6200,1,1,2026-08-24T00:00:00.000
2327,20260601,20260617,198,33,454,408,124,3,1,3197.9900,3197.9900,3197.9900,3197.9900,1,1,2026-08-24T00:00:00.000
2328,20260628,20260608,5,215,196,66,139,3,1,3199.3600,3199.3600,3199.3600,3199.3600,1,1,2026-08-24T00:00:00.000
2329,20260528,20260603,255,239,176,188,195,2,5,3200.7300,3200.7300,3200.7300,3200.7300,1,1,2026-08-24T00:00:00.000
2330,20260527,20260730,119,196,318,374,230,6,1,3202.1000,3202.1000,3202.1000,3202.1000,1,1,2026-08-24T00:00:00.000
2331,20260818,20260704,356,57,496,360,331,1,4,3203.4700,3203.4700,3203.4700,3203.4700,1,1,2026-08-24T00:00:00.000
2332,20260811,20260803,198,2,156,392,464,1,1,3204.8400,3204.8400,3204.8400,3204.8400,1,1,2026-08-24T00:00:00.000
2333,20260723,20260726,430,151,29,450,164,4,1,3206.2100,3206.2100,3206.2100,3206.2100,1,1,2026-08-24T00:00:00.000
2334,20260625,20260609,144,116,193,101,243,5,5,3207.5800,3207.5800,3207.5800,3207.5800,1,1,2026-08-24T00:00:00.000
2335,20260824,20260801,312,241,84,199,98,6,3,3208.9500,3208.9500,3208.9500,3208.9500,1,1,2026-08-24T00:00:00.000
2336,20260809,20260709,248,77,420,231,265,6,5,3210.3200,3210.3200,3210.3200,3210.3200,1,1,2026-08-24T00:00:00.000
2337,20260803,20260629,27,234,284,306,76,4,1,3211.6900,3211.6900,3211.6900,3211.6900,1,1,2026-08-24T00:00:00.000
2338,20260706,20260604,498,149,171,33,332,5,4,3213.0600,3213.0600,3213.0600,3213.0600,1,1,2026-08-24T00:00:00.000
2339,20260816,20260730,399,313,169,282,182,1,1,3214.4300,3214.4300,3214.4300,3214.4300,1,1,2026-08-24T00:00:00.000
2340,20260610,20260601,280,97,479,483,270,6,1,3215.8000,3215.8000,3215.8000,3215.8000,1,1,2026-08-24T00:00:00.000
2341,20260627,20260729,137,113,471,154,165,7,2,3217.1700,3217.1700,3217.1700,3217.1700,1,1,2026-08-24T00:00:00.000
2342,20260530,20260701,273,32,333,192,296,3,3,3218.5400,3218.5400,3218.5400,3218.5400,1,1,2026-08-24T00:00:00.000
2343,20260724,20260724,201,347,112,245,62,8,5,3219.9100,3219.9100,3219.9100,3219.9100,1,1,2026-08-24T00:00:00.000
2344,20260720,20260531,18,157,193,230,339,3,4,3221.2800,3221.2800,3221.2800,3221.2800,1,1,2026-08-24T00:00:00.000
2345,20260623,20260818,105,212,285,212,308,2,1,3222.6500,3222.6500,3222.6500,3222.6500,1,1,2026-08-24T00:00:00.000
2346,20260709,20260603,369,244,362,89,135,3,5,3224.0200,3224.0200,3224.0200,3224.0200,1,1,2026-08-24T00:00:00.000
2347,20260614,20260628,457,323,367,35,328,4,3,3225.3900,3225.3900,3225.3900,3225.3900,1,1,2026-08-24T00:00:00.000
2348,20260710,20260709,298,349,100,368,320,4,3,3226.7600,3226.7600,3226.7600,3226.7600,1,1,2026-08-24T00:00:00.000
2349,20260725,20260808,326,129,368,278,100,1,2,3228.1300,3228.1300,3228.1300,3228.1300,1,1,2026-08-24T00:00:00.000
2350,20260706,20260823,390,296,447,153,284,8,2,3229.5000,3229.5000,3229.5000,3229.5000,1,1,2026-08-24T00:00:00.000
2351,20260623,20260618,177,235,46,405,145,4,1,3230.8700,3230.8700,3230.8700,3230.8700,1,1,2026-08-24T00:00:00.000
2352,20260528,20260619,324,111,393,226,258,1,3,3232.2400,3232.2400,3232.2400,3232.2400,1,1,2026-08-24T00:00:00.000
2353,20260821,20260622,74,152,351,17,112,3,2,3233.6100,3233.6100,3233.6100,3233.6100,1,1,2026-08-24T00:00:00.000
2354,20260707,20260812,203,266,311,85,303,3,3,3234.9800,3234.9800,3234.9800,3234.9800,1,1,2026-08-24T00:00:00.000
2355,20260622,20260607,443,327,142,384,389,7,5,3236.3500,3236.3500,3236.3500,3236.3500,1,1,2026-08-24T00:00:00.000
2356,20260820,20260709,307,290,123,413,234,8,4,3237.7200,3237.7200,3237.7200,3237.7200,1,1,2026-08-24T00:00:00.000
2357,20260629,20260530,133,293,362,463,461,2,3,3239.0900,3239.0900,3239.0900,3239.0900,1,1,2026-08-24T00:00:00.000
2358,20260529,20260822,130,114,273,115,72,1,2,3240.4600,3240.4600,3240.4600,3240.4600,1,1,2026-08-24T00:00:00.000
2359,20260709,20260601,488,202,185,398,226,1,2,3241.8300,3241.8300,3241.8300,3241.8300,1,1,2026-08-24T00:00:00.000
2360,20260819,20260820,265,127,356,485,481,5,5,3243.2000,3243.2000,3243.2000,3243.2000,1,1,2026-08-24T00:00:00.000
2361,20260809,20260810,473,90,240,495,449,6,2,3244.5700,3244.5700,3244.5700,3244.5700,1,1,2026-08-24T00:00:00.000
2362,20260701,20260818,396,187,137,58,359,3,4,3245.9400,3245.9400,3245.9400,3245.9400,1,1,2026-08-24T00:00:00.000
2363,20260823,20260628,299,91,327,232,383,8,3,3247.3100,3247.3100,3247.3100,3247.3100,1,1,2026-08-24T00:00:00.000
2364,20260727,20260810,189,55,48,153,474,5,3,3248.6800,3248.6800,3248.6800,3248.6800,1,1,2026-08-24T00:00:00.000
2365,20260823,20260618,466,325,328,207,147,4,5,3250.0500,3250.0500,3250.0500,3250.0500,1,1,2026-08-24T00:00:00.000
2366,20260614,20260605,189,238,286,195,405,7,5,3251.4200,3251.4200,3251.4200,3251.4200,1,1,2026-08-24T00:00:00.000
2367,20260719,20260729,391,138,119,475,166,2,2,3252.7900,3252.7900,3252.7900,3252.7900,1,1,2026-08-24T00:00:00.000
2368,20260622,20260620,361,15,361,81,7,4,2,3254.1600,3254.1600,3254.1600,3254.1600,1,1,2026-08-24T00:00:00.000
2369,20260620,20260720,292,177,197,355,405,3,1,3255.5300,3255.5300,3255.5300,3255.5300,1,1,2026-08-24T00:00:00.000
2370,20260724,20260609,411,113,486,203,403,3,2,3256.9000,3256.9000,3256.9000,3256.9000,1,1,2026-08-24T00:00:00.000
2371,20260713,20260622,267,224,22,415,265,3,2,3258.2700,3258.2700,3258.2700,3258.2700,1,1,2026-08-24T00:00:00.000
2372,20260722,20260621,458,75,389,346,314,2,5,3259.6400,3259.6400,3259.6400,3259.6400,1,1,2026-08-24T00:00:00.000
2373,20260808,20260629,428,181,37,466,212,3,3,3261.0100,3261.0100,3261.0100,3261.0100,1,1,2026-08-24T00:00:00.000
2374,20260813,20260813,247,278,288,365,338,8,2,3262.3800,3262.3800,3262.3800,3262.3800,1,1,2026-08-24T00:00:00.000
2375,20260724,20260614,413,23,461,484,28,1,3,3263.7500,3263.7500,3263.7500,3263.7500,1,1,2026-08-24T00:00:00.000
2376,20260809,20260821,149,17,107,461,218,7,1,3265.1200,3265.1200,3265.1200,3265.1200,1,1,2026-08-24T00:00:00.000
2377,20260823,20260716,455,275,359,230,261,1,5,3266.4900,3266.4900,3266.4900,3266.4900,1,1,2026-08-24T00:00:00.000
2378,20260805,20260819,238,333,243,32,277,2,1,3267.8600,3267.8600,3267.8600,3267.8600,1,1,2026-08-24T00:00:00.000
2379,20260528,20260818,195,194,140,414,314,2,3,3269.2300,3269.2300,3269.2300,3269.2300,1,1,2026-08-24T00:00:00.000
2380,20260716,20260801,398,105,459,349,495,1,4,3270.6000,3270.6000,3270.6000,3270.6000,1,1,2026-08-24T00:00:00.000
2381,20260604,20260627,367,211,118,300,83,8,2,3271.9700,3271.9700,3271.9700,3271.9700,1,1,2026-08-24T00:00:00.000
2382,20260822,20260628,47,139,95,40,345,3,1,3273.3400,3273.3400,3273.3400,3273.3400,1,1,2026-08-24T00:00:00.000
2383,20260811,20260814,310,292,208,288,70,5,3,3274.7100,3274.7100,3274.7100,3274.7100,1,1,2026-08-24T00:00:00.000
2384,20260611,20260804,367,333,39,417,130,3,3,3276.0800,3276.0800,3276.0800,3276.0800,1,1,2026-08-24T00:00:00.000
2385,20260819,20260702,451,277,406,386,142,6,5,3277.4500,3277.4500,3277.4500,3277.4500,1,1,2026-08-24T00:00:00.000
2386,20260610,20260812,370,342,80,433,414,2,1,3278.8200,3278.8200,3278.8200,3278.8200,1,1,2026-08-24T00:00:00.000
2387,20260627,20260727,167,328,379,164,205,1,5,3280.1900,3280.1900,3280.1900,3280.1900,1,1,2026-08-24T00:00:00.000
2388,20260622,20260811,241,234,359,387,5,3,1,3281.5600,3281.5600,3281.5600,3281.5600,1,1,2026-08-24T00:00:00.000
2389,20260719,20260629,112,14,122,387,310,6,5,3282.9300,3282.9300,3282.9300,3282.9300,1,1,2026-08-24T00:00:00.000
2390,20260822,20260807,479,240,487,423,411,2,3,3284.3000,3284.3000,3284.3000,3284.3000,1,1,2026-08-24T00:00:00.000
2391,20260731,20260711,293,285,136,141,488,1,4,3285.6700,3285.6700,3285.6700,3285.6700,1,1,2026-08-24T00:00:00.000
2392,20260611,20260808,391,103,238,438,127,6,5,3287.0400,3287.0400,3287.0400,3287.0400,1,1,2026-08-24T00:00:00.000
2393,20260609,20260817,352,6,468,181,485,7,2,3288.4100,3288.4100,3288.4100,3288.4100,1,1,2026-08-24T00:00:00.000
2394,20260713,20260710,223,144,27,477,4,6,5,3289.7800,3289.7800,3289.7800,3289.7800,1,1,2026-08-24T00:00:00.000
2395,20260805,20260615,12,157,54,102,403,3,2,3291.1500,3291.1500,3291.1500,3291.1500,1,1,2026-08-24T00:00:00.000
2396,20260806,20260608,432,272,344,342,376,7,2,3292.5200,3292.5200,3292.5200,3292.5200,1,1,2026-08-24T00:00:00.000
2397,20260724,20260601,183,25,226,327,364,7,4,3293.8900,3293.8900,3293.8900,3293.8900,1,1,2026-08-24T00:00:00.000
2398,20260604,20260808,349,310,445,375,412,1,5,3295.2600,3295.2600,3295.2600,3295.2600,1,1,2026-08-24T00:00:00.000
2399,20260714,20260817,326,64,352,498,365,3,5,3296.6300,3296.6300,3296.6300,3296.6300,1,1,2026-08-24T00:00:00.000
2400,20260820,20260718,45,235,313,252,187,4,3,3298.0000,3298.0000,3298.0000,3298.0000,1,1,2026-08-24T00:00:00.000
2401,20260726,20260812,128,266,376,426,10,2,5,3299.3700,3299.3700,3299.3700,3299.3700,1,1,2026-08-24T00:00:00.000
2402,20260729,20260703,271,65,484,283,340,2,1,3300.7400,3300.7400,3300.7400,3300.7400,1,1,2026-08-24T00:00:00.000
2403,20260816,20260630,318,41,223,460,425,3,5,3302.1100,3302.1100,3302.1100,3302.1100,1,1,2026-08-24T00:00:00.000
2404,20260804,20260628,140,157,270,16,33,8,4,3303.4800,3303.4800,3303.4800,3303.4800,1,1,2026-08-24T00:00:00.000
2405,20260608,20260705,496,109,328,284,87,5,1,3304.8500,3304.8500,3304.8500,3304.8500,1,1,2026-08-24T00:00:00.000
2406,20260601,20260609,384,178,434,128,167,3,1,3306.2200,3306.2200,3306.2200,3306.2200,1,1,2026-08-24T00:00:00.000
2407,20260612,20260810,208,339,365,82,439,4,4,3307.5900,3307.5900,3307.5900,3307.5900,1,1,2026-08-24T00:00:00.000
2408,20260621,20260720,157,287,338,479,322,8,3,3308.9600,3308.9600,3308.9600,3308.9600,1,1,2026-08-24T00:00:00.000
2409,20260802,20260702,51,76,15,368,5,7,3,3310.3300,3310.3300,3310.3300,3310.3300,1,1,2026-08-24T00:00:00.000
2410,20260822,20260614,156,110,308,496,146,8,5,3311.7000,3311.7000,3311.7000,3311.7000,1,1,2026-08-24T00:00:00.000
2411,20260608,20260612,226,145,177,65,297,2,2,3313.0700,3313.0700,3313.0700,3313.0700,1,1,2026-08-24T00:00:00.000
2412,20260627,20260812,247,17,31,140,482,7,2,3314.4400,3314.4400,3314.4400,3314.4400,1,1,2026-08-24T00:00:00.000
2413,20260806,20260608,385,21,213,288,111,5,3,3315.8100,3315.8100,3315.8100,3315.8100,1,1,2026-08-24T00:00:00.000
2414,20260817,20260801,155,165,41,318,301,6,3,3317.1800,3317.1800,3317.1800,3317.1800,1,1,2026-08-24T00:00:00.000
2415,20260712,20260614,307,76,446,338,187,5,5,3318.5500,3318.5500,3318.5500,3318.5500,1,1,2026-08-24T00:00:00.000
2416,20260717,20260527,47,67,171,101,314,5,4,3319.9200,3319.9200,3319.9200,3319.9200,1,1,2026-08-24T00:00:00.000
2417,20260813,20260616,439,89,340,112,463,4,1,3321.2900,3321.2900,3321.2900,3321.2900,1,1,2026-08-24T00:00:00.000
2418,20260720,20260608,406,17,291,175,111,4,2,3322.6600,3322.6600,3322.6600,3322.6600,1,1,2026-08-24T00:00:00.000
2419,20260817,20260705,445,64,126,440,447,1,4,3324.0300,3324.0300,3324.0300,3324.0300,1,1,2026-08-24T00:00:00.000
2420,20260601,20260603,396,176,331,148,64,4,4,3325.4000,3325.4000,3325.4000,3325.4000,1,1,2026-08-24T00:00:00.000
2421,20260807,20260708,482,52,62,447,399,3,4,3326.7700,3326.7700,3326.7700,3326.7700,1,1,2026-08-24T00:00:00.000
2422,20260609,20260727,379,93,347,401,482,6,2,3328.1400,3328.1400,3328.1400,3328.1400,1,1,2026-08-24T00:00:00.000
2423,20260810,20260630,45,220,33,186,135,2,4,3329.5100,3329.5100,3329.5100,3329.5100,1,1,2026-08-24T00:00:00.000
2424,20260629,20260628,393,24,483,395,21,6,1,3330.8800,3330.8800,3330.8800,3330.8800,1,1,2026-08-24T00:00:00.000
2425,20260621,20260708,90,268,271,42,373,7,2,3332.2500,3332.2500,3332.2500,3332.2500,1,1,2026-08-24T00:00:00.000
2426,20260707,20260721,315,130,214,248,427,7,5,3333.6200,3333.6200,3333.6200,3333.6200,1,1,2026-08-24T00:00:00.000
2427,20260727,20260617,256,264,489,476,131,7,4,3334.9900,3334.9900,3334.9900,3334.9900,1,1,2026-08-24T00:00:00.000
2428,20260730,20260721,67,129,436,32,429,1,2,3336.3600,3336.3600,3336.3600,3336.3600,1,1,2026-08-24T00:00:00.000
2429,20260703,20260615,220,66,185,374,32,3,1,3337.7300,3337.7300,3337.7300,3337.7300,1,1,2026-08-24T00:00:00.000
2430,20260727,20260701,233,59,153,61,369,1,2,3339.1000,3339.1000,3339.1000,3339.1000,1,1,2026-08-24T00:00:00.000
2431,20260610,20260714,458,150,345,136,80,7,5,3340.4700,3340.4700,3340.4700,3340.4700,1,1,2026-08-24T00:00:00.000
2432,20260812,20260810,440,51,274,316,245,6,5,3341.8400,3341.8400,3341.8400,3341.8400,1,1,2026-08-24T00:00:00.000
2433,20260721,20260713,318,320,120,206,491,2,2,3343.2100,3343.2100,3343.2100,3343.2100,1,1,2026-08-24T00:00:00.000
2434,20260615,20260708,236,249,138,245,204,6,3,3344.5800,3344.5800,3344.5800,3344.5800,1,1,2026-08-24T00:00:00.000
2435,20260729,20260624,382,262,379,439,374,1,4,3345.9500,3345.9500,3345.9500,3345.9500,1,1,2026-08-24T00:00:00.000
2436,20260601,20260704,499,46,377,129,25,8,5,3347.3200,3347.3200,3347.3200,3347.3200,1,1,2026-08-24T00:00:00.000
2437,20260821,20260612,406,231,295,10,163,7,5,3348.6900,3348.6900,3348.6900,3348.6900,1,1,2026-08-24T00:00:00.000
2438,20260724,20260702,395,324,170,28,415,6,4,3350.0600,3350.0600,3350.0600,3350.0600,1,1,2026-08-24T00:00:00.000
2439,20260626,20260528,66,267,256,244,297,5,5,3351.4300,3351.4300,3351.4300,3351.4300,1,1,2026-08-24T00:00:00.000
2440,20260609,20260530,498,93,129,392,6,4,4,3352.8000,3352.8000,3352.8000,3352.8000,1,1,2026-08-24T00:00:00.000
2441,20260608,20260818,121,288,119,485,309,7,2,3354.1700,3354.1700,3354.1700,3354.1700,1,1,2026-08-24T00:00:00.000
2442,20260808,20260802,95,107,69,145,469,2,2,3355.5400,3355.5400,3355.5400,3355.5400,1,1,2026-08-24T00:00:00.000
2443,20260818,20260530,296,166,236,385,402,5,3,3356.9100,3356.9100,3356.9100,3356.9100,1,1,2026-08-24T00:00:00.000
2444,20260810,20260730,185,234,20,244,253,2,1,3358.2800,3358.2800,3358.2800,3358.2800,1,1,2026-08-24T00:00:00.000
2445,20260612,20260630,352,339,322,382,236,5,1,3359.6500,3359.6500,3359.6500,3359.6500,1,1,2026-08-24T00:00:00.000
2446,20260609,20260618,447,342,453,91,364,5,2,3361.0200,3361.0200,3361.0200,3361.0200,1,1,2026-08-24T00:00:00.000
2447,20260712,20260707,37,309,352,484,231,6,4,3362.3900,3362.3900,3362.3900,3362.3900,1,1,2026-08-24T00:00:00.000
2448,20260527,20260529,40,72,267,145,288,2,3,3363.7600,3363.7600,3363.7600,3363.7600,1,1,2026-08-24T00:00:00.000
2449,20260714,20260813,69,127,12,270,284,1,1,3365.1300,3365.1300,3365.1300,3365.1300,1,1,2026-08-24T00:00:00.000
2450,20260712,20260723,49,173,149,311,167,3,5,3366.5000,3366.5000,3366.5000,3366.5000,1,1,2026-08-24T00:00:00.000
2451,20260627,20260701,60,331,156,152,286,8,1,3367.8700,3367.8700,3367.8700,3367.8700,1,1,2026-08-24T00:00:00.000
2452,20260602,20260722,319,48,154,193,500,2,1,3369.2400,3369.2400,3369.2400,3369.2400,1,1,2026-08-24T00:00:00.000
2453,20260709,20260630,396,227,102,285,351,6,4,3370.6100,3370.6100,3370.6100,3370.6100,1,1,2026-08-24T00:00:00.000
2454,20260805,20260707,327,216,188,302,75,5,3,3371.9800,3371.9800,3371.9800,3371.9800,1,1,2026-08-24T00:00:00.000
2455,20260823,20260621,120,148,82,18,347,1,4,3373.3500,3373.3500,3373.3500,3373.3500,1,1,2026-08-24T00:00:00.000
2456,20260808,20260714,106,188,434,66,429,2,4,3374.7200,3374.7200,3374.7200,3374.7200,1,1,2026-08-24T00:00:00.000
2457,20260725,20260710,394,282,2,322,221,3,1,3376.0900,3376.0900,3376.0900,3376.0900,1,1,2026-08-24T00:00:00.000
2458,20260729,20260622,74,158,133,37,154,6,2,3377.4600,3377.4600,3377.4600,3377.4600,1,1,2026-08-24T00:00:00.000
2459,20260703,20260620,213,255,146,8,329,5,2,3378.8300,3378.8300,3378.8300,3378.8300,1,1,2026-08-24T00:00:00.000
2460,20260715,20260608,353,243,86,80,390,8,4,3380.2000,3380.2000,3380.2000,3380.2000,1,1,2026-08-24T00:00:00.000
2461,20260606,20260716,191,301,52,49,128,4,4,3381.5700,3381.5700,3381.5700,3381.5700,1,1,2026-08-24T00:00:00.000
2462,20260719,20260726,105,80,451,475,207,5,2,3382.9400,3382.9400,3382.9400,3382.9400,1,1,2026-08-24T00:00:00.000
2463,20260820,20260725,486,216,351,329,485,1,5,3384.3100,3384.3100,3384.3100,3384.3100,1,1,2026-08-24T00:00:00.000
2464,20260817,20260618,408,315,363,340,423,7,3,3385.6800,3385.6800,3385.6800,3385.6800,1,1,2026-08-24T00:00:00.000
2465,20260728,20260820,5,209,14,52,310,3,5,3387.0500,3387.0500,3387.0500,3387.0500,1,1,2026-08-24T00:00:00.000
2466,20260601,20260529,442,275,82,17,26,8,2,3388.4200,3388.4200,3388.4200,3388.4200,1,1,2026-08-24T00:00:00.000
2467,20260607,20260701,166,48,248,347,339,3,1,3389.7900,3389.7900,3389.7900,3389.7900,1,1,2026-08-24T00:00:00.000
2468,20260604,20260812,492,10,274,269,209,3,1,3391.1600,3391.1600,3391.1600,3391.1600,1,1,2026-08-24T00:00:00.000
2469,20260731,20260623,442,188,126,231,25,1,1,3392.5300,3392.5300,3392.5300,3392.5300,1,1,2026-08-24T00:00:00.000
2470,20260605,20260704,422,95,213,32,284,1,2,3393.9000,3393.9000,3393.9000,3393.9000,1,1,2026-08-24T00:00:00.000
2471,20260610,20260614,430,150,261,276,226,6,3,3395.2700,3395.2700,3395.2700,3395.2700,1,1,2026-08-24T00:00:00.000
2472,20260616,20260529,121,3,41,306,221,8,1,3396.6400,3396.6400,3396.6400,3396.6400,1,1,2026-08-24T00:00:00.000
2473,20260615,20260803,213,62,484,488,203,1,1,3398.0100,3398.0100,3398.0100,3398.0100,1,1,2026-08-24T00:00:00.000
2474,20260701,20260816,158,320,467,58,139,6,4,3399.3800,3399.3800,3399.3800,3399.3800,1,1,2026-08-24T00:00:00.000
2475,20260605,20260628,268,29,49,47,414,5,3,3400.7500,3400.7500,3400.7500,3400.7500,1,1,2026-08-24T00:00:00.000
2476,20260713,20260707,380,150,89,30,173,8,3,3402.1200,3402.1200,3402.1200,3402.1200,1,1,2026-08-24T00:00:00.000
2477,20260724,20260705,110,211,387,5,169,4,1,3403.4900,3403.4900,3403.4900,3403.4900,1,1,2026-08-24T00:00:00.000
2478,20260615,20260714,439,160,297,116,20,6,5,3404.8600,3404.8600,3404.8600,3404.8600,1,1,2026-08-24T00:00:00.000
2479,20260704,20260601,184,5,31,224,445,4,1,3406.2300,3406.2300,3406.2300,3406.2300,1,1,2026-08-24T00:00:00.000
2480,20260811,20260710,300,152,151,82,31,6,1,3407.6000,3407.6000,3407.6000,3407.6000,1,1,2026-08-24T00:00:00.000
2481,20260823,20260622,498,70,303,356,297,7,3,3408.9700,3408.9700,3408.9700,3408.9700,1,1,2026-08-24T00:00:00.000
2482,20260621,20260726,417,260,140,359,12,1,3,3410.3400,3410.3400,3410.3400,3410.3400,1,1,2026-08-24T00:00:00.000
2483,20260628,20260811,499,44,282,211,37,2,3,3411.7100,3411.7100,3411.7100,3411.7100,1,1,2026-08-24T00:00:00.000
2484,20260627,20260628,78,49,249,325,217,2,5,3413.0800,3413.0800,3413.0800,3413.0800,1,1,2026-08-24T00:00:00.000
2485,20260824,20260624,386,3,207,365,132,1,1,3414.4500,3414.4500,3414.4500,3414.4500,1,1,2026-08-24T00:00:00.000
2486,20260817,20260630,459,228,207,378,267,4,5,3415.8200,3415.8200,3415.8200,3415.8200,1,1,2026-08-24T00:00:00.000
2487,20260728,20260616,461,295,485,106,75,8,4,3417.1900,3417.1900,3417.1900,3417.1900,1,1,2026-08-24T00:00:00.000
2488,20260613,20260619,259,96,122,59,94,2,5,3418.5600,3418.5600,3418.5600,3418.5600,1,1,2026-08-24T00:00:00.000
2489,20260704,20260623,368,293,216,159,99,2,3,3419.9300,3419.9300,3419.9300,3419.9300,1,1,2026-08-24T00:00:00.000
2490,20260801,20260820,368,70,473,496,53,1,5,3421.3000,3421.3000,3421.3000,3421.3000,1,1,2026-08-24T00:00:00.000
2491,20260611,20260625,434,161,118,426,304,8,5,3422.6700,3422.6700,3422.6700,3422.6700,1,1,2026-08-24T00:00:00.000
2492,20260718,20260804,80,309,323,104,4,5,4,3424.0400,3424.0400,3424.0400,3424.0400,1,1,2026-08-24T00:00:00.000
2493,20260819,20260808,390,46,76,354,322,6,4,3425.4100,3425.4100,3425.4100,3425.4100,1,1,2026-08-24T00:00:00.000
2494,20260622,20260804,153,160,482,53,161,6,2,3426.7800,3426.7800,3426.7800,3426.7800,1,1,2026-08-24T00:00:00.000
2495,20260602,20260729,459,246,493,329,74,7,2,3428.1500,3428.1500,3428.1500,3428.1500,1,1,2026-08-24T00:00:00.000
2496,20260722,20260804,459,136,288,378,405,4,3,3429.5200,3429.5200,3429.5200,3429.5200,1,1,2026-08-24T00:00:00.000
2497,20260702,20260613,64,215,189,344,223,8,5,3430.8900,3430.8900,3430.8900,3430.8900,1,1,2026-08-24T00:00:00.000
2498,20260619,20260722,368,204,146,398,497,7,2,3432.2600,3432.2600,3432.2600,3432.2600,1,1,2026-08-24T00:00:00.000
2499,20260820,20260707,301,47,338,299,281,4,1,3433.6300,3433.6300,3433.6300,3433.6300,1,1,2026-08-24T00:00:00.000
2500,20260802,20260626,384,257,20,57,2,4,1,3435.0000,3435.0000,3435.0000,3435.0000,1,1,2026-08-24T00:00:00.000
2501,20260623,20260714,376,197,76,396,86,2,1,3436.3700,3436.3700,3436.3700,3436.3700,1,1,2026-08-24T00:00:00.000
2502,20260711,20260614,254,174,285,353,227,6,2,3437.7400,3437.7400,3437.7400,3437.7400,1,1,2026-08-24T00:00:00.000
2503,20260621,20260618,110,6,227,337,255,5,3,3439.1100,3439.1100,3439.1100,3439.1100,1,1,2026-08-24T00:00:00.000
2504,20260617,20260724,274,188,422,226,286,1,5,3440.4800,3440.4800,3440.4800,3440.4800,1,1,2026-08-24T00:00:00.000
2505,20260816,20260712,430,182,71,155,106,7,3,3441.8500,3441.8500,3441.8500,3441.8500,1,1,2026-08-24T00:00:00.000
2506,20260607,20260617,262,178,52,495,149,2,4,3443.2200,3443.2200,3443.2200,3443.2200,1,1,2026-08-24T00:00:00.000
2507,20260817,20260629,441,87,156,222,415,8,4,3444.5900,3444.5900,3444.5900,3444.5900,1,1,2026-08-24T00:00:00.000
2508,20260613,20260718,354,135,187,201,35,3,1,3445.9600,3445.9600,3445.9600,3445.9600,1,1,2026-08-24T00:00:00.000
2509,20260824,20260711,51,96,149,10,368,8,3,3447.3300,3447.3300,3447.3300,3447.3300,1,1,2026-08-24T00:00:00.000
2510,20260610,20260616,72,201,432,221,140,8,2,3448.7000,3448.7000,3448.7000,3448.7000,1,1,2026-08-24T00:00:00.000
2511,20260620,20260806,194,312,199,439,205,4,3,3450.0700,3450.0700,3450.0700,3450.0700,1,1,2026-08-24T00:00:00.000
2512,20260714,20260621,146,16,51,288,347,1,3,3451.4400,3451.4400,3451.4400,3451.4400,1,1,2026-08-24T00:00:00.000
2513,20260602,20260624,412,271,465,345,365,7,3,3452.8100,3452.8100,3452.8100,3452.8100,1,1,2026-08-24T00:00:00.000
2514,20260604,20260602,495,78,486,264,238,8,3,3454.1800,3454.1800,3454.1800,3454.1800,1,1,2026-08-24T00:00:00.000
2515,20260612,20260602,305,133,420,460,265,2,2,3455.5500,3455.5500,3455.5500,3455.5500,1,1,2026-08-24T00:00:00.000
2516,20260615,20260802,454,140,481,210,405,4,1,3456.9200,3456.9200,3456.9200,3456.9200,1,1,2026-08-24T00:00:00.000
2517,20260601,20260820,125,249,315,293,242,1,1,3458.2900,3458.2900,3458.2900,3458.2900,1,1,2026-08-24T00:00:00.000
2518,20260608,20260610,118,68,229,180,83,1,3,3459.6600,3459.6600,3459.6600,3459.6600,1,1,2026-08-24T00:00:00.000
2519,20260617,20260628,419,199,54,248,401,4,2,3461.0300,3461.0300,3461.0300,3461.0300,1,1,2026-08-24T00:00:00.000
2520,20260817,20260824,290,260,431,97,119,7,4,3462.4000,3462.4000,3462.4000,3462.4000,1,1,2026-08-24T00:00:00.000
2521,20260711,20260622,360,48,65,394,362,7,5,3463.7700,3463.7700,3463.7700,3463.7700,1,1,2026-08-24T00:00:00.000
2522,20260617,20260606,244,191,47,130,443,7,3,3465.1400,3465.1400,3465.1400,3465.1400,1,1,2026-08-24T00:00:00.000
2523,20260729,20260630,415,227,255,227,376,4,5,3466.5100,3466.5100,3466.5100,3466.5100,1,1,2026-08-24T00:00:00.000
2524,20260719,20260720,332,39,493,312,102,1,3,3467.8800,3467.8800,3467.8800,3467.8800,1,1,2026-08-24T00:00:00.000
2525,20260706,20260623,442,251,495,433,294,3,2,3469.2500,3469.2500,3469.2500,3469.2500,1,1,2026-08-24T00:00:00.000
2526,20260601,20260804,19,256,23,394,272,2,2,3470.6200,3470.6200,3470.6200,3470.6200,1,1,2026-08-24T00:00:00.000
2527,20260817,20260725,126,138,268,73,195,6,2,3471.9900,3471.9900,3471.9900,3471.9900,1,1,2026-08-24T00:00:00.000
2528,20260813,20260530,216,121,80,427,286,8,2,3473.3600,3473.3600,3473.3600,3473.3600,1,1,2026-08-24T00:00:00.000
2529,20260612,20260630,410,186,139,462,468,5,5,3474.7300,3474.7300,3474.7300,3474.7300,1,1,2026-08-24T00:00:00.000
2530,20260621,20260813,31,78,22,133,5,2,2,3476.1000,3476.1000,3476.1000,3476.1000,1,1,2026-08-24T00:00:00.000
2531,20260621,20260722,154,324,84,361,368,3,3,3477.4700,3477.4700,3477.4700,3477.4700,1,1,2026-08-24T00:00:00.000
2532,20260527,20260727,392,245,244,139,207,8,2,3478.8400,3478.8400,3478.8400,3478.8400,1,1,2026-08-24T00:00:00.000
2533,20260716,20260718,105,269,49,316,479,8,1,3480.2100,3480.2100,3480.2100,3480.2100,1,1,2026-08-24T00:00:00.000
2534,20260604,20260724,271,301,372,357,44,5,5,3481.5800,3481.5800,3481.5800,3481.5800,1,1,2026-08-24T00:00:00.000
2535,20260531,20260616,391,197,327,475,59,5,3,3482.9500,3482.9500,3482.9500,3482.9500,1,1,2026-08-24T00:00:00.000
2536,20260609,20260607,197,181,498,317,51,4,5,3484.3200,3484.3200,3484.3200,3484.3200,1,1,2026-08-24T00:00:00.000
2537,20260629,20260720,130,172,31,2,264,8,5,3485.6900,3485.6900,3485.6900,3485.6900,1,1,2026-08-24T00:00:00.000
2538,20260731,20260626,236,265,51,391,404,5,1,3487.0600,3487.0600,3487.0600,3487.0600,1,1,2026-08-24T00:00:00.000
2539,20260606,20260621,286,209,492,169,152,1,1,3488.4300,3488.4300,3488.4300,3488.4300,1,1,2026-08-24T00:00:00.000
2540,20260602,20260530,89,314,123,434,209,6,5,3489.8000,3489.8000,3489.8000,3489.8000,1,1,2026-08-24T00:00:00.000
2541,20260615,20260704,378,164,489,210,76,8,3,3491.1700,3491.1700,3491.1700,3491.1700,1,1,2026-08-24T00:00:00.000
2542,20260603,20260803,371,279,54,427,55,7,1,3492.5400,3492.5400,3492.5400,3492.5400,1,1,2026-08-24T00:00:00.000
2543,20260824,20260725,245,3,211,274,406,6,3,3493.9100,3493.9100,3493.9100,3493.9100,1,1,2026-08-24T00:00:00.000
2544,20260612,20260728,9,223,101,244,65,6,2,3495.2800,3495.2800,3495.2800,3495.2800,1,1,2026-08-24T00:00:00.000
2545,20260802,20260531,122,314,417,211,358,6,2,3496.6500,3496.6500,3496.6500,3496.6500,1,1,2026-08-24T00:00:00.000
2546,20260612,20260731,305,40,26,350,249,8,2,3498.0200,3498.0200,3498.0200,3498.0200,1,1,2026-08-24T00:00:00.000
2547,20260717,20260706,427,259,387,173,95,4,2,3499.3900,3499.3900,3499.3900,3499.3900,1,1,2026-08-24T00:00:00.000
2548,20260606,20260619,43,333,4,45,176,2,2,3500.7600,3500.7600,3500.7600,3500.7600,1,1,2026-08-24T00:00:00.000
2549,20260720,20260711,151,230,403,51,396,8,5,3502.1300,3502.1300,3502.1300,3502.1300,1,1,2026-08-24T00:00:00.000
2550,20260716,20260718,453,158,442,54,420,6,3,3503.5000,3503.5000,3503.5000,3503.5000,1,1,2026-08-24T00:00:00.000
2551,20260819,20260629,133,150,61,141,277,2,2,3504.8700,3504.8700,3504.8700,3504.8700,1,1,2026-08-24T00:00:00.000
2552,20260824,20260617,367,238,175,482,189,8,2,3506.2400,3506.2400,3506.2400,3506.2400,1,1,2026-08-24T00:00:00.000
2553,20260528,20260715,430,183,201,476,449,8,3,3507.6100,3507.6100,3507.6100,3507.6100,1,1,2026-08-24T00:00:00.000
2554,20260805,20260810,450,94,27,92,190,8,3,3508.9800,3508.9800,3508.9800,3508.9800,1,1,2026-08-24T00:00:00.000
2555,20260620,20260706,54,180,193,7,97,3,1,3510.3500,3510.3500,3510.3500,3510.3500,1,1,2026-08-24T00:00:00.000
2556,20260601,20260731,27,350,401,306,8,7,5,3511.7200,3511.7200,3511.7200,3511.7200,1,1,2026-08-24T00:00:00.000
2557,20260801,20260618,108,104,123,91,118,2,4,3513.0900,3513.0900,3513.0900,3513.0900,1,1,2026-08-24T00:00:00.000
2558,20260528,20260717,153,212,293,155,403,5,4,3514.4600,3514.4600,3514.4600,3514.4600,1,1,2026-08-24T00:00:00.000
2559,20260531,20260717,496,325,8,168,121,4,4,3515.8300,3515.8300,3515.8300,3515.8300,1,1,2026-08-24T00:00:00.000
2560,20260819,20260529,429,277,390,489,288,1,3,3517.2000,3517.2000,3517.2000,3517.2000,1,1,2026-08-24T00:00:00.000
2561,20260714,20260812,151,345,477,433,42,8,1,3518.5700,3518.5700,3518.5700,3518.5700,1,1,2026-08-24T00:00:00.000
2562,20260713,20260720,213,213,121,178,427,5,1,3519.9400,3519.9400,3519.9400,3519.9400,1,1,2026-08-24T00:00:00.000
2563,20260706,20260601,318,175,371,177,380,5,1,3521.3100,3521.3100,3521.3100,3521.3100,1,1,2026-08-24T00:00:00.000
2564,20260722,20260602,266,108,400,184,248,2,4,3522.6800,3522.6800,3522.6800,3522.6800,1,1,2026-08-24T00:00:00.000
2565,20260706,20260620,466,262,226,397,56,3,3,3524.0500,3524.0500,3524.0500,3524.0500,1,1,2026-08-24T00:00:00.000
2566,20260609,20260810,139,3,382,437,177,3,3,3525.4200,3525.4200,3525.4200,3525.4200,1,1,2026-08-24T00:00:00.000
2567,20260722,20260619,392,164,124,374,189,4,3,3526.7900,3526.7900,3526.7900,3526.7900,1,1,2026-08-24T00:00:00.000
2568,20260812,20260627,219,118,1,451,419,7,1,3528.1600,3528.1600,3528.1600,3528.1600,1,1,2026-08-24T00:00:00.000
2569,20260718,20260603,309,344,78,481,3,2,3,3529.5300,3529.5300,3529.5300,3529.5300,1,1,2026-08-24T00:00:00.000
2570,20260617,20260807,34,252,317,438,14,5,5,3530.9000,3530.9000,3530.9000,3530.9000,1,1,2026-08-24T00:00:00.000
2571,20260529,20260818,35,23,223,476,411,8,4,3532.2700,3532.2700,3532.2700,3532.2700,1,1,2026-08-24T00:00:00.000
2572,20260611,20260823,231,235,194,446,191,5,1,3533.6400,3533.6400,3533.6400,3533.6400,1,1,2026-08-24T00:00:00.000
2573,20260608,20260724,448,215,132,484,387,6,3,3535.0100,3535.0100,3535.0100,3535.0100,1,1,2026-08-24T00:00:00.000
2574,20260804,20260603,210,4,80,415,437,6,5,3536.3800,3536.3800,3536.3800,3536.3800,1,1,2026-08-24T00:00:00.000
2575,20260629,20260605,234,129,490,394,226,4,3,3537.7500,3537.7500,3537.7500,3537.7500,1,1,2026-08-24T00:00:00.000
2576,20260816,20260612,430,102,84,419,466,6,4,3539.1200,3539.1200,3539.1200,3539.1200,1,1,2026-08-24T00:00:00.000
2577,20260708,20260823,286,76,37,296,127,3,1,3540.4900,3540.4900,3540.4900,3540.4900,1,1,2026-08-24T00:00:00.000
2578,20260606,20260725,241,283,7,247,117,5,3,3541.8600,3541.8600,3541.8600,3541.8600,1,1,2026-08-24T00:00:00.000
2579,20260709,20260807,464,119,143,342,125,1,2,3543.2300,3543.2300,3543.2300,3543.2300,1,1,2026-08-24T00:00:00.000
2580,20260625,20260818,139,19,106,328,500,8,4,3544.6000,3544.6000,3544.6000,3544.6000,1,1,2026-08-24T00:00:00.000
2581,20260609,20260730,223,46,44,146,124,8,3,3545.9700,3545.9700,3545.9700,3545.9700,1,1,2026-08-24T00:00:00.000
2582,20260818,20260531,43,112,212,130,463,8,5,3547.3400,3547.3400,3547.3400,3547.3400,1,1,2026-08-24T00:00:00.000
2583,20260810,20260702,13,104,157,400,14,3,4,3548.7100,3548.7100,3548.7100,3548.7100,1,1,2026-08-24T00:00:00.000
2584,20260527,20260710,61,281,242,163,367,8,4,3550.0800,3550.0800,3550.0800,3550.0800,1,1,2026-08-24T00:00:00.000
2585,20260715,20260612,14,60,99,412,486,2,4,3551.4500,3551.4500,3551.4500,3551.4500,1,1,2026-08-24T00:00:00.000
2586,20260802,20260820,79,291,226,206,161,2,1,3552.8200,3552.8200,3552.8200,3552.8200,1,1,2026-08-24T00:00:00.000
2587,20260802,20260731,374,165,300,288,376,6,4,3554.1900,3554.1900,3554.1900,3554.1900,1,1,2026-08-24T00:00:00.000
2588,20260706,20260809,76,55,366,321,97,1,2,3555.5600,3555.5600,3555.5600,3555.5600,1,1,2026-08-24T00:00:00.000
2589,20260820,20260812,110,346,450,21,371,5,5,3556.9300,3556.9300,3556.9300,3556.9300,1,1,2026-08-24T00:00:00.000
2590,20260714,20260623,215,318,459,81,200,6,4,3558.3000,3558.3000,3558.3000,3558.3000,1,1,2026-08-24T00:00:00.000
2591,20260609,20260605,157,172,399,426,21,7,1,3559.6700,3559.6700,3559.6700,3559.6700,1,1,2026-08-24T00:00:00.000
2592,20260713,20260821,239,25,354,302,329,4,3,3561.0400,3561.0400,3561.0400,3561.0400,1,1,2026-08-24T00:00:00.000
2593,20260811,20260702,245,156,217,279,104,2,1,3562.4100,3562.4100,3562.4100,3562.4100,1,1,2026-08-24T00:00:00.000
2594,20260726,20260610,114,269,170,288,81,8,1,3563.7800,3563.7800,3563.7800,3563.7800,1,1,2026-08-24T00:00:00.000
2595,20260731,20260816,168,34,68,368,438,2,1,3565.1500,3565.1500,3565.1500,3565.1500,1,1,2026-08-24T00:00:00.000
2596,20260719,20260702,449,145,41,437,450,3,1,3566.5200,3566.5200,3566.5200,3566.5200,1,1,2026-08-24T00:00:00.000
2597,20260714,20260530,15,45,409,8,15,6,4,3567.8900,3567.8900,3567.8900,3567.8900,1,1,2026-08-24T00:00:00.000
2598,20260724,20260805,23,80,5,417,177,5,4,3569.2600,3569.2600,3569.2600,3569.2600,1,1,2026-08-24T00:00:00.000
2599,20260730,20260710,153,184,374,204,446,2,2,3570.6300,3570.6300,3570.6300,3570.6300,1,1,2026-08-24T00:00:00.000
2600,20260715,20260531,379,80,222,93,441,5,5,3572.0000,3572.0000,3572.0000,3572.0000,1,1,2026-08-24T00:00:00.000
2601,20260808,20260723,474,225,67,452,256,3,1,3573.3700,3573.3700,3573.3700,3573.3700,1,1,2026-08-24T00:00:00.000
2602,20260531,20260606,398,194,71,27,380,2,3,3574.7400,3574.7400,3574.7400,3574.7400,1,1,2026-08-24T00:00:00.000
2603,20260817,20260808,82,58,275,52,30,3,3,3576.1100,3576.1100,3576.1100,3576.1100,1,1,2026-08-24T00:00:00.000
2604,20260701,20260630,45,325,283,485,198,8,4,3577.4800,3577.4800,3577.4800,3577.4800,1,1,2026-08-24T00:00:00.000
2605,20260821,20260808,11,187,371,361,271,4,1,3578.8500,3578.8500,3578.8500,3578.8500,1,1,2026-08-24T00:00:00.000
2606,20260712,20260803,112,19,304,352,105,8,1,3580.2200,3580.2200,3580.2200,3580.2200,1,1,2026-08-24T00:00:00.000
2607,20260804,20260803,3,49,102,214,468,3,1,3581.5900,3581.5900,3581.5900,3581.5900,1,1,2026-08-24T00:00:00.000
2608,20260816,20260615,315,305,459,280,363,4,5,3582.9600,3582.9600,3582.9600,3582.9600,1,1,2026-08-24T00:00:00.000
2609,20260819,20260802,199,286,108,377,328,3,3,3584.3300,3584.3300,3584.3300,3584.3300,1,1,2026-08-24T00:00:00.000
2610,20260616,20260630,184,117,33,210,239,4,5,3585.7000,3585.7000,3585.7000,3585.7000,1,1,2026-08-24T00:00:00.000
2611,20260823,20260619,228,116,32,424,156,7,2,3587.0700,3587.0700,3587.0700,3587.0700,1,1,2026-08-24T00:00:00.000
2612,20260722,20260608,4,1,488,119,38,4,2,3588.4400,3588.4400,3588.4400,3588.4400,1,1,2026-08-24T00:00:00.000
2613,20260612,20260528,86,2,221,349,88,5,5,3589.8100,3589.8100,3589.8100,3589.8100,1,1,2026-08-24T00:00:00.000
2614,20260807,20260530,474,302,467,96,145,8,4,3591.1800,3591.1800,3591.1800,3591.1800,1,1,2026-08-24T00:00:00.000
2615,20260709,20260822,377,339,157,314,305,8,4,3592.5500,3592.5500,3592.5500,3592.5500,1,1,2026-08-24T00:00:00.000
2616,20260729,20260710,457,249,42,265,351,4,4,3593.9200,3593.9200,3593.9200,3593.9200,1,1,2026-08-24T00:00:00.000
2617,20260710,20260801,494,164,438,125,340,2,2,3595.2900,3595.2900,3595.2900,3595.2900,1,1,2026-08-24T00:00:00.000
2618,20260718,20260729,31,229,45,348,52,1,1,3596.6600,3596.6600,3596.6600,3596.6600,1,1,2026-08-24T00:00:00.000
2619,20260704,20260704,46,38,450,283,310,4,3,3598.0300,3598.0300,3598.0300,3598.0300,1,1,2026-08-24T00:00:00.000
2620,20260629,20260604,362,140,475,317,423,3,5,3599.4000,3599.4000,3599.4000,3599.4000,1,1,2026-08-24T00:00:00.000
2621,20260626,20260714,104,144,10,431,25,6,1,3600.7700,3600.7700,3600.7700,3600.7700,1,1,2026-08-24T00:00:00.000
2622,20260720,20260713,268,32,493,437,361,7,1,3602.1400,3602.1400,3602.1400,3602.1400,1,1,2026-08-24T00:00:00.000
2623,20260527,20260810,364,144,334,480,386,5,4,3603.5100,3603.5100,3603.5100,3603.5100,1,1,2026-08-24T00:00:00.000
2624,20260821,20260824,187,172,192,214,73,2,4,3604.8800,3604.8800,3604.8800,3604.8800,1,1,2026-08-24T00:00:00.000
2625,20260721,20260730,116,103,3,26,107,8,1,3606.2500,3606.2500,3606.2500,3606.2500,1,1,2026-08-24T00:00:00.000
2626,20260704,20260620,304,100,288,18,306,1,4,3607.6200,3607.6200,3607.6200,3607.6200,1,1,2026-08-24T00:00:00.000
2627,20260626,20260713,152,206,381,375,330,3,3,3608.9900,3608.9900,3608.9900,3608.9900,1,1,2026-08-24T00:00:00.000
2628,20260727,20260701,353,97,15,57,342,2,4,3610.3600,3610.3600,3610.3600,3610.3600,1,1,2026-08-24T00:00:00.000
2629,20260618,20260630,151,44,195,150,433,4,5,3611.7300,3611.7300,3611.7300,3611.7300,1,1,2026-08-24T00:00:00.000
2630,20260810,20260606,443,107,374,87,451,1,3,3613.1000,3613.1000,3613.1000,3613.1000,1,1,2026-08-24T00:00:00.000
2631,20260806,20260707,255,190,275,369,112,2,2,3614.4700,3614.4700,3614.4700,3614.4700,1,1,2026-08-24T00:00:00.000
2632,20260622,20260614,273,208,372,72,27,1,5,3615.8400,3615.8400,3615.8400,3615.8400,1,1,2026-08-24T00:00:00.000
2633,20260821,20260721,219,43,340,8,439,6,1,3617.2100,3617.2100,3617.2100,3617.2100,1,1,2026-08-24T00:00:00.000
2634,20260721,20260603,7,91,60,461,204,8,4,3618.5800,3618.5800,3618.5800,3618.5800,1,1,2026-08-24T00:00:00.000
2635,20260801,20260717,223,67,433,5,156,6,2,3619.9500,3619.9500,3619.9500,3619.9500,1,1,2026-08-24T00:00:00.000
2636,20260706,20260811,319,142,115,269,9,1,2,3621.3200,3621.3200,3621.3200,3621.3200,1,1,2026-08-24T00:00:00.000
2637,20260623,20260626,482,125,257,342,258,5,4,3622.6900,3622.6900,3622.6900,3622.6900,1,1,2026-08-24T00:00:00.000
2638,20260720,20260622,344,293,102,158,263,6,3,3624.0600,3624.0600,3624.0600,3624.0600,1,1,2026-08-24T00:00:00.000
2639,20260820,20260816,26,142,488,65,435,4,2,3625.4300,3625.4300,3625.4300,3625.4300,1,1,2026-08-24T00:00:00.000
2640,20260529,20260709,119,190,145,107,68,6,5,3626.8000,3626.8000,3626.8000,3626.8000,1,1,2026-08-24T00:00:00.000
2641,20260717,20260601,69,136,275,496,235,8,4,3628.1700,3628.1700,3628.1700,3628.1700,1,1,2026-08-24T00:00:00.000
2642,20260820,20260716,226,137,230,440,463,6,1,3629.5400,3629.5400,3629.5400,3629.5400,1,1,2026-08-24T00:00:00.000
2643,20260623,20260527,57,211,118,491,183,7,4,3630.9100,3630.9100,3630.9100,3630.9100,1,1,2026-08-24T00:00:00.000
2644,20260704,20260701,132,283,197,39,52,8,1,3632.2800,3632.2800,3632.2800,3632.2800,1,1,2026-08-24T00:00:00.000
2645,20260610,20260811,491,306,281,287,140,5,5,3633.6500,3633.6500,3633.6500,3633.6500,1,1,2026-08-24T00:00:00.000
2646,20260815,20260627,60,49,94,344,360,7,5,3635.0200,3635.0200,3635.0200,3635.0200,1,1,2026-08-24T00:00:00.000
2647,20260614,20260725,83,120,118,358,197,6,1,3636.3900,3636.3900,3636.3900,3636.3900,1,1,2026-08-24T00:00:00.000
2648,20260601,20260605,320,65,492,77,70,2,1,3637.7600,3637.7600,3637.7600,3637.7600,1,1,2026-08-24T00:00:00.000
2649,20260824,20260715,257,178,29,203,4,5,2,3639.1300,3639.1300,3639.1300,3639.1300,1,1,2026-08-24T00:00:00.000
2650,20260626,20260803,261,247,141,268,431,8,1,3640.5000,3640.5000,3640.5000,3640.5000,1,1,2026-08-24T00:00:00.000
2651,20260721,20260701,422,35,124,8,198,4,5,3641.8700,3641.8700,3641.8700,3641.8700,1,1,2026-08-24T00:00:00.000
2652,20260618,20260701,131,46,430,210,429,6,4,3643.2400,3643.2400,3643.2400,3643.2400,1,1,2026-08-24T00:00:00.000
2653,20260726,20260605,412,212,387,351,219,7,2,3644.6100,3644.6100,3644.6100,3644.6100,1,1,2026-08-24T00:00:00.000
2654,20260813,20260714,351,136,55,312,35,4,2,3645.9800,3645.9800,3645.9800,3645.9800,1,1,2026-08-24T00:00:00.000
2655,20260730,20260806,150,99,227,478,55,1,3,3647.3500,3647.3500,3647.3500,3647.3500,1,1,2026-08-24T00:00:00.000
2656,20260611,20260717,273,93,309,440,32,3,3,3648.7200,3648.7200,3648.7200,3648.7200,1,1,2026-08-24T00:00:00.000
2657,20260710,20260818,176,282,411,275,377,3,3,3650.0900,3650.0900,3650.0900,3650.0900,1,1,2026-08-24T00:00:00.000
2658,20260707,20260806,212,307,400,180,364,6,3,3651.4600,3651.4600,3651.4600,3651.4600,1,1,2026-08-24T00:00:00.000
2659,20260722,20260707,142,92,222,485,367,3,3,3652.8300,3652.8300,3652.8300,3652.8300,1,1,2026-08-24T00:00:00.000
2660,20260615,20260711,202,203,346,145,19,8,3,3654.2000,3654.2000,3654.2000,3654.2000,1,1,2026-08-24T00:00:00.000
2661,20260716,20260721,429,333,200,142,137,1,5,3655.5700,3655.5700,3655.5700,3655.5700,1,1,2026-08-24T00:00:00.000
2662,20260729,20260822,422,253,488,388,150,6,1,3656.9400,3656.9400,3656.9400,3656.9400,1,1,2026-08-24T00:00:00.000
2663,20260627,20260528,272,11,155,165,171,3,1,3658.3100,3658.3100,3658.3100,3658.3100,1,1,2026-08-24T00:00:00.000
2664,20260819,20260715,196,267,89,231,402,4,3,3659.6800,3659.6800,3659.6800,3659.6800,1,1,2026-08-24T00:00:00.000
2665,20260711,20260707,416,269,75,319,454,6,1,3661.0500,3661.0500,3661.0500,3661.0500,1,1,2026-08-24T00:00:00.000
2666,20260707,20260710,381,207,178,137,233,1,1,3662.4200,3662.4200,3662.4200,3662.4200,1,1,2026-08-24T00:00:00.000
2667,20260804,20260731,376,216,227,164,95,3,2,3663.7900,3663.7900,3663.7900,3663.7900,1,1,2026-08-24T00:00:00.000
2668,20260731,20260730,388,311,482,432,197,1,1,3665.1600,3665.1600,3665.1600,3665.1600,1,1,2026-08-24T00:00:00.000
2669,20260528,20260818,219,302,131,320,31,2,5,3666.5300,3666.5300,3666.5300,3666.5300,1,1,2026-08-24T00:00:00.000
2670,20260607,20260608,127,72,431,64,45,8,1,3667.9000,3667.9000,3667.9000,3667.9000,1,1,2026-08-24T00:00:00.000
2671,20260605,20260622,329,344,272,395,418,3,4,3669.2700,3669.2700,3669.2700,3669.2700,1,1,2026-08-24T00:00:00.000
2672,20260603,20260816,210,145,230,34,250,5,2,3670.6400,3670.6400,3670.6400,3670.6400,1,1,2026-08-24T00:00:00.000
2673,20260620,20260612,351,242,350,166,500,8,1,3672.0100,3672.0100,3672.0100,3672.0100,1,1,2026-08-24T00:00:00.000
2674,20260801,20260716,107,324,105,76,496,6,2,3673.3800,3673.3800,3673.3800,3673.3800,1,1,2026-08-24T00:00:00.000
2675,20260609,20260607,500,181,158,164,1,1,4,3674.7500,3674.7500,3674.7500,3674.7500,1,1,2026-08-24T00:00:00.000
2676,20260620,20260706,347,235,427,133,471,2,5,3676.1200,3676.1200,3676.1200,3676.1200,1,1,2026-08-24T00:00:00.000
2677,20260602,20260606,279,157,104,416,165,6,4,3677.4900,3677.4900,3677.4900,3677.4900,1,1,2026-08-24T00:00:00.000
2678,20260604,20260811,127,295,482,443,134,4,3,3678.8600,3678.8600,3678.8600,3678.8600,1,1,2026-08-24T00:00:00.000
2679,20260607,20260603,4,58,315,431,480,5,1,3680.2300,3680.2300,3680.2300,3680.2300,1,1,2026-08-24T00:00:00.000
2680,20260616,20260621,443,18,65,55,392,5,3,3681.6000,3681.6000,3681.6000,3681.6000,1,1,2026-08-24T00:00:00.000
2681,20260626,20260718,353,347,17,432,228,1,3,3682.9700,3682.9700,3682.9700,3682.9700,1,1,2026-08-24T00:00:00.000
2682,20260703,20260730,250,102,418,487,73,4,5,3684.3400,3684.3400,3684.3400,3684.3400,1,1,2026-08-24T00:00:00.000
2683,20260625,20260702,339,79,31,214,61,1,5,3685.7100,3685.7100,3685.7100,3685.7100,1,1,2026-08-24T00:00:00.000
2684,20260617,20260716,336,76,85,314,401,8,1,3687.0800,3687.0800,3687.0800,3687.0800,1,1,2026-08-24T00:00:00.000
2685,20260704,20260621,293,313,346,151,128,8,2,3688.4500,3688.4500,3688.4500,3688.4500,1,1,2026-08-24T00:00:00.000
2686,20260802,20260625,374,313,204,450,340,3,5,3689.8200,3689.8200,3689.8200,3689.8200,1,1,2026-08-24T00:00:00.000
2687,20260613,20260812,96,173,408,24,402,2,1,3691.1900,3691.1900,3691.1900,3691.1900,1,1,2026-08-24T00:00:00.000
2688,20260808,20260813,336,76,26,263,101,3,3,3692.5600,3692.5600,3692.5600,3692.5600,1,1,2026-08-24T00:00:00.000
2689,20260810,20260710,353,273,479,34,119,2,1,3693.9300,3693.9300,3693.9300,3693.9300,1,1,2026-08-24T00:00:00.000
2690,20260711,20260625,354,39,269,223,240,7,3,3695.3000,3695.3000,3695.3000,3695.3000,1,1,2026-08-24T00:00:00.000
2691,20260708,20260824,207,1,6,86,254,1,5,3696.6700,3696.6700,3696.6700,3696.6700,1,1,2026-08-24T00:00:00.000
2692,20260805,20260629,116,157,373,196,297,7,3,3698.0400,3698.0400,3698.0400,3698.0400,1,1,2026-08-24T00:00:00.000
2693,20260816,20260612,100,212,178,314,110,2,1,3699.4100,3699.4100,3699.4100,3699.4100,1,1,2026-08-24T00:00:00.000
2694,20260812,20260719,317,103,356,196,302,7,3,3700.7800,3700.7800,3700.7800,3700.7800,1,1,2026-08-24T00:00:00.000
2695,20260619,20260603,479,328,440,76,3,2,5,3702.1500,3702.1500,3702.1500,3702.1500,1,1,2026-08-24T00:00:00.000
2696,20260806,20260725,293,129,494,425,400,5,4,3703.5200,3703.5200,3703.5200,3703.5200,1,1,2026-08-24T00:00:00.000
2697,20260731,20260622,280,177,267,464,11,8,1,3704.8900,3704.8900,3704.8900,3704.8900,1,1,2026-08-24T00:00:00.000
2698,20260530,20260803,4,318,7,76,115,8,2,3706.2600,3706.2600,3706.2600,3706.2600,1,1,2026-08-24T00:00:00.000
2699,20260616,20260530,205,235,290,300,74,4,2,3707.6300,3707.6300,3707.6300,3707.6300,1,1,2026-08-24T00:00:00.000
2700,20260602,20260619,299,147,476,357,349,2,4,3709.0000,3709.0000,3709.0000,3709.0000,1,1,2026-08-24T00:00:00.000
2701,20260724,20260716,404,203,413,297,276,8,4,3710.3700,3710.3700,3710.3700,3710.3700,1,1,2026-08-24T00:00:00.000
2702,20260803,20260703,251,251,294,261,143,7,3,3711.7400,3711.7400,3711.7400,3711.7400,1,1,2026-08-24T00:00:00.000
2703,20260610,20260820,59,324,30,300,207,4,2,3713.1100,3713.1100,3713.1100,3713.1100,1,1,2026-08-24T00:00:00.000
2704,20260711,20260529,158,98,424,246,265,2,5,3714.4800,3714.4800,3714.4800,3714.4800,1,1,2026-08-24T00:00:00.000
2705,20260716,20260714,262,146,126,414,253,5,5,3715.8500,3715.8500,3715.8500,3715.8500,1,1,2026-08-24T00:00:00.000
2706,20260606,20260608,105,285,116,453,225,8,2,3717.2200,3717.2200,3717.2200,3717.2200,1,1,2026-08-24T00:00:00.000
2707,20260529,20260612,100,248,314,421,280,6,2,3718.5900,3718.5900,3718.5900,3718.5900,1,1,2026-08-24T00:00:00.000
2708,20260725,20260719,79,266,266,347,481,3,4,3719.9600,3719.9600,3719.9600,3719.9600,1,1,2026-08-24T00:00:00.000
2709,20260704,20260723,289,182,338,120,441,4,1,3721.3300,3721.3300,3721.3300,3721.3300,1,1,2026-08-24T00:00:00.000
2710,20260803,20260710,262,143,335,302,405,6,5,3722.7000,3722.7000,3722.7000,3722.7000,1,1,2026-08-24T00:00:00.000
2711,20260701,20260809,241,303,490,489,141,2,2,3724.0700,3724.0700,3724.0700,3724.0700,1,1,2026-08-24T00:00:00.000
2712,20260626,20260726,46,255,234,41,140,3,5,3725.4400,3725.4400,3725.4400,3725.4400,1,1,2026-08-24T00:00:00.000
2713,20260703,20260808,456,184,443,91,259,8,5,3726.8100,3726.8100,3726.8100,3726.8100,1,1,2026-08-24T00:00:00.000
2714,20260622,20260707,408,116,137,114,495,4,4,3728.1800,3728.1800,3728.1800,3728.1800,1,1,2026-08-24T00:00:00.000
2715,20260619,20260725,7,155,283,440,37,2,3,3729.5500,3729.5500,3729.5500,3729.5500,1,1,2026-08-24T00:00:00.000
2716,20260812,20260725,228,215,322,425,299,3,2,3730.9200,3730.9200,3730.9200,3730.9200,1,1,2026-08-24T00:00:00.000
2717,20260709,20260605,498,123,259,26,121,7,4,3732.2900,3732.2900,3732.2900,3732.2900,1,1,2026-08-24T00:00:00.000
2718,20260610,20260810,446,166,43,283,324,5,1,3733.6600,3733.6600,3733.6600,3733.6600,1,1,2026-08-24T00:00:00.000
2719,20260818,20260804,223,202,29,143,427,6,2,3735.0300,3735.0300,3735.0300,3735.0300,1,1,2026-08-24T00:00:00.000
2720,20260729,20260716,254,148,185,316,138,5,3,3736.4000,3736.4000,3736.4000,3736.4000,1,1,2026-08-24T00:00:00.000
2721,20260703,20260611,30,243,420,118,94,1,1,3737.7700,3737.7700,3737.7700,3737.7700,1,1,2026-08-24T00:00:00.000
2722,20260817,20260822,317,172,66,42,368,5,3,3739.1400,3739.1400,3739.1400,3739.1400,1,1,2026-08-24T00:00:00.000
2723,20260714,20260706,195,276,444,144,108,4,3,3740.5100,3740.5100,3740.5100,3740.5100,1,1,2026-08-24T00:00:00.000
2724,20260704,20260814,181,226,18,493,100,8,5,3741.8800,3741.8800,3741.8800,3741.8800,1,1,2026-08-24T00:00:00.000
2725,20260812,20260815,269,147,246,276,177,1,1,3743.2500,3743.2500,3743.2500,3743.2500,1,1,2026-08-24T00:00:00.000
2726,20260622,20260802,218,234,46,106,148,4,1,3744.6200,3744.6200,3744.6200,3744.6200,1,1,2026-08-24T00:00:00.000
2727,20260719,20260824,8,207,251,144,267,8,3,3745.9900,3745.9900,3745.9900,3745.9900,1,1,2026-08-24T00:00:00.000
2728,20260619,20260529,414,90,256,456,256,1,3,3747.3600,3747.3600,3747.3600,3747.3600,1,1,2026-08-24T00:00:00.000
2729,20260716,20260729,38,126,323,476,161,2,4,3748.7300,3748.7300,3748.7300,3748.7300,1,1,2026-08-24T00:00:00.000
2730,20260619,20260728,366,211,150,101,216,8,4,3750.1000,3750.1000,3750.1000,3750.1000,1,1,2026-08-24T00:00:00.000
2731,20260630,20260810,244,311,497,498,419,1,2,3751.4700,3751.4700,3751.4700,3751.4700,1,1,2026-08-24T00:00:00.000
2732,20260605,20260613,484,311,156,396,394,5,3,3752.8400,3752.8400,3752.8400,3752.8400,1,1,2026-08-24T00:00:00.000
2733,20260706,20260807,132,81,376,301,465,2,1,3754.2100,3754.2100,3754.2100,3754.2100,1,1,2026-08-24T00:00:00.000
2734,20260717,20260808,127,103,447,338,41,5,4,3755.5800,3755.5800,3755.5800,3755.5800,1,1,2026-08-24T00:00:00.000
2735,20260702,20260607,386,155,362,419,43,3,2,3756.9500,3756.9500,3756.9500,3756.9500,1,1,2026-08-24T00:00:00.000
2736,20260528,20260712,109,238,106,397,131,3,1,3758.3200,3758.3200,3758.3200,3758.3200,1,1,2026-08-24T00:00:00.000
2737,20260724,20260804,241,325,123,286,269,1,1,3759.6900,3759.6900,3759.6900,3759.6900,1,1,2026-08-24T00:00:00.000
2738,20260605,20260822,67,61,426,238,78,7,5,3761.0600,3761.0600,3761.0600,3761.0600,1,1,2026-08-24T00:00:00.000
2739,20260702,20260705,307,109,316,323,90,8,3,3762.4300,3762.4300,3762.4300,3762.4300,1,1,2026-08-24T00:00:00.000
2740,20260610,20260705,94,253,14,447,379,3,1,3763.8000,3763.8000,3763.8000,3763.8000,1,1,2026-08-24T00:00:00.000
2741,20260728,20260528,73,277,285,201,124,8,4,3765.1700,3765.1700,3765.1700,3765.1700,1,1,2026-08-24T00:00:00.000
2742,20260621,20260704,331,233,178,166,265,6,4,3766.5400,3766.5400,3766.5400,3766.5400,1,1,2026-08-24T00:00:00.000
2743,20260630,20260717,206,332,393,160,84,4,4,3767.9100,3767.9100,3767.9100,3767.9100,1,1,2026-08-24T00:00:00.000
2744,20260725,20260710,485,93,439,140,491,6,3,3769.2800,3769.2800,3769.2800,3769.2800,1,1,2026-08-24T00:00:00.000
2745,20260604,20260612,347,203,342,86,40,1,4,3770.6500,3770.6500,3770.6500,3770.6500,1,1,2026-08-24T00:00:00.000
2746,20260610,20260709,359,222,263,249,350,2,4,3772.0200,3772.0200,3772.0200,3772.0200,1,1,2026-08-24T00:00:00.000
2747,20260720,20260603,358,161,120,366,222,1,5,3773.3900,3773.3900,3773.3900,3773.3900,1,1,2026-08-24T00:00:00.000
2748,20260530,20260805,171,148,241,423,396,5,2,3774.7600,3774.7600,3774.7600,3774.7600,1,1,2026-08-24T00:00:00.000
2749,20260610,20260704,344,219,330,246,360,3,1,3776.1300,3776.1300,3776.1300,3776.1300,1,1,2026-08-24T00:00:00.000
2750,20260616,20260716,367,291,55,363,72,3,5,3777.5000,3777.5000,3777.5000,3777.5000,1,1,2026-08-24T00:00:00.000
2751,20260719,20260614,169,251,31,4,72,7,4,3778.8700,3778.8700,3778.8700,3778.8700,1,1,2026-08-24T00:00:00.000
2752,20260810,20260530,326,124,108,56,394,4,5,3780.2400,3780.2400,3780.2400,3780.2400,1,1,2026-08-24T00:00:00.000
2753,20260812,20260708,271,338,40,466,76,3,3,3781.6100,3781.6100,3781.6100,3781.6100,1,1,2026-08-24T00:00:00.000
2754,20260722,20260721,480,19,216,224,171,7,2,3782.9800,3782.9800,3782.9800,3782.9800,1,1,2026-08-24T00:00:00.000
2755,20260802,20260622,287,16,373,492,426,4,1,3784.3500,3784.3500,3784.3500,3784.3500,1,1,2026-08-24T00:00:00.000
2756,20260607,20260616,498,200,493,32,184,3,2,3785.7200,3785.7200,3785.7200,3785.7200,1,1,2026-08-24T00:00:00.000
2757,20260801,20260725,329,332,467,323,349,4,1,3787.0900,3787.0900,3787.0900,3787.0900,1,1,2026-08-24T00:00:00.000
2758,20260810,20260530,424,136,489,115,375,6,5,3788.4600,3788.4600,3788.4600,3788.4600,1,1,2026-08-24T00:00:00.000
2759,20260819,20260816,187,329,440,120,200,3,3,3789.8300,3789.8300,3789.8300,3789.8300,1,1,2026-08-24T00:00:00.000
2760,20260711,20260702,323,131,180,281,371,2,4,3791.2000,3791.2000,3791.2000,3791.2000,1,1,2026-08-24T00:00:00.000
2761,20260605,20260609,197,180,101,433,337,8,1,3792.5700,3792.5700,3792.5700,3792.5700,1,1,2026-08-24T00:00:00.000
2762,20260813,20260629,146,229,133,30,210,6,5,3793.9400,3793.9400,3793.9400,3793.9400,1,1,2026-08-24T00:00:00.000
2763,20260628,20260707,5,301,350,87,433,4,3,3795.3100,3795.3100,3795.3100,3795.3100,1,1,2026-08-24T00:00:00.000
2764,20260726,20260704,156,137,164,34,458,2,1,3796.6800,3796.6800,3796.6800,3796.6800,1,1,2026-08-24T00:00:00.000
2765,20260601,20260725,449,200,121,324,372,1,4,3798.0500,3798.0500,3798.0500,3798.0500,1,1,2026-08-24T00:00:00.000
2766,20260717,20260611,482,107,330,468,131,1,5,3799.4200,3799.4200,3799.4200,3799.4200,1,1,2026-08-24T00:00:00.000
2767,20260701,20260606,153,210,378,463,325,5,4,3800.7900,3800.7900,3800.7900,3800.7900,1,1,2026-08-24T00:00:00.000
2768,20260624,20260715,106,254,500,33,314,1,5,3802.1600,3802.1600,3802.1600,3802.1600,1,1,2026-08-24T00:00:00.000
2769,20260707,20260729,206,322,371,437,46,6,3,3803.5300,3803.5300,3803.5300,3803.5300,1,1,2026-08-24T00:00:00.000
2770,20260618,20260802,428,296,387,423,76,6,2,3804.9000,3804.9000,3804.9000,3804.9000,1,1,2026-08-24T00:00:00.000
2771,20260622,20260723,303,110,479,410,366,5,1,3806.2700,3806.2700,3806.2700,3806.2700,1,1,2026-08-24T00:00:00.000
2772,20260809,20260809,155,326,241,329,26,1,2,3807.6400,3807.6400,3807.6400,3807.6400,1,1,2026-08-24T00:00:00.000
2773,20260811,20260612,133,348,227,328,355,1,5,3809.0100,3809.0100,3809.0100,3809.0100,1,1,2026-08-24T00:00:00.000
2774,20260727,20260818,184,98,282,321,471,7,2,3810.3800,3810.3800,3810.3800,3810.3800,1,1,2026-08-24T00:00:00.000
2775,20260704,20260714,153,292,164,259,468,4,2,3811.7500,3811.7500,3811.7500,3811.7500,1,1,2026-08-24T00:00:00.000
2776,20260624,20260714,231,113,147,111,412,6,4,3813.1200,3813.1200,3813.1200,3813.1200,1,1,2026-08-24T00:00:00.000
2777,20260815,20260614,333,136,240,21,244,6,3,3814.4900,3814.4900,3814.4900,3814.4900,1,1,2026-08-24T00:00:00.000
2778,20260819,20260723,312,221,389,466,279,7,3,3815.8600,3815.8600,3815.8600,3815.8600,1,1,2026-08-24T00:00:00.000
2779,20260531,20260623,112,263,158,379,77,2,5,3817.2300,3817.2300,3817.2300,3817.2300,1,1,2026-08-24T00:00:00.000
2780,20260625,20260602,152,299,23,282,305,7,1,3818.6000,3818.6000,3818.6000,3818.6000,1,1,2026-08-24T00:00:00.000
2781,20260708,20260619,468,229,19,42,158,6,2,3819.9700,3819.9700,3819.9700,3819.9700,1,1,2026-08-24T00:00:00.000
2782,20260615,20260712,361,224,172,464,472,1,4,3821.3400,3821.3400,3821.3400,3821.3400,1,1,2026-08-24T00:00:00.000
2783,20260608,20260710,217,142,476,372,385,2,3,3822.7100,3822.7100,3822.7100,3822.7100,1,1,2026-08-24T00:00:00.000
2784,20260731,20260723,481,38,309,164,96,2,1,3824.0800,3824.0800,3824.0800,3824.0800,1,1,2026-08-24T00:00:00.000
2785,20260709,20260719,46,235,350,339,80,3,1,3825.4500,3825.4500,3825.4500,3825.4500,1,1,2026-08-24T00:00:00.000
2786,20260609,20260615,382,197,388,83,312,1,5,3826.8200,3826.8200,3826.8200,3826.8200,1,1,2026-08-24T00:00:00.000
2787,20260722,20260628,61,156,73,381,415,1,5,3828.1900,3828.1900,3828.1900,3828.1900,1,1,2026-08-24T00:00:00.000
2788,20260817,20260720,232,309,412,457,24,6,4,3829.5600,3829.5600,3829.5600,3829.5600,1,1,2026-08-24T00:00:00.000
2789,20260619,20260613,9,140,41,198,253,4,3,3830.9300,3830.9300,3830.9300,3830.9300,1,1,2026-08-24T00:00:00.000
2790,20260630,20260527,106,262,61,357,185,6,1,3832.3000,3832.3000,3832.3000,3832.3000,1,1,2026-08-24T00:00:00.000
2791,20260622,20260728,130,341,378,215,24,3,1,3833.6700,3833.6700,3833.6700,3833.6700,1,1,2026-08-24T00:00:00.000
2792,20260530,20260731,85,24,23,332,378,6,2,3835.0400,3835.0400,3835.0400,3835.0400,1,1,2026-08-24T00:00:00.000
2793,20260609,20260708,167,29,280,327,497,3,3,3836.4100,3836.4100,3836.4100,3836.4100,1,1,2026-08-24T00:00:00.000
2794,20260715,20260613,295,254,230,143,22,6,2,3837.7800,3837.7800,3837.7800,3837.7800,1,1,2026-08-24T00:00:00.000
2795,20260731,20260803,225,165,272,180,45,3,1,3839.1500,3839.1500,3839.1500,3839.1500,1,1,2026-08-24T00:00:00.000
2796,20260625,20260707,171,346,12,449,369,6,3,3840.5200,3840.5200,3840.5200,3840.5200,1,1,2026-08-24T00:00:00.000
2797,20260616,20260714,500,342,333,487,448,2,2,3841.8900,3841.8900,3841.8900,3841.8900,1,1,2026-08-24T00:00:00.000
2798,20260718,20260730,30,106,263,210,83,8,4,3843.2600,3843.2600,3843.2600,3843.2600,1,1,2026-08-24T00:00:00.000
2799,20260717,20260614,22,187,5,398,390,4,5,3844.6300,3844.6300,3844.6300,3844.6300,1,1,2026-08-24T00:00:00.000
2800,20260601,20260811,100,261,96,175,83,1,4,3846.0000,3846.0000,3846.0000,3846.0000,1,1,2026-08-24T00:00:00.000
2801,20260730,20260530,55,231,361,118,180,1,2,3847.3700,3847.3700,3847.3700,3847.3700,1,1,2026-08-24T00:00:00.000
2802,20260613,20260805,348,334,154,368,358,2,3,3848.7400,3848.7400,3848.7400,3848.7400,1,1,2026-08-24T00:00:00.000
2803,20260604,20260619,235,109,362,218,172,6,1,3850.1100,3850.1100,3850.1100,3850.1100,1,1,2026-08-24T00:00:00.000
2804,20260719,20260531,191,277,158,78,479,5,2,3851.4800,3851.4800,3851.4800,3851.4800,1,1,2026-08-24T00:00:00.000
2805,20260612,20260606,175,139,226,145,411,1,5,3852.8500,3852.8500,3852.8500,3852.8500,1,1,2026-08-24T00:00:00.000
2806,20260815,20260623,370,192,89,75,247,7,3,3854.2200,3854.2200,3854.2200,3854.2200,1,1,2026-08-24T00:00:00.000
2807,20260528,20260630,423,110,341,230,259,8,2,3855.5900,3855.5900,3855.5900,3855.5900,1,1,2026-08-24T00:00:00.000
2808,20260715,20260608,406,23,147,82,370,8,4,3856.9600,3856.9600,3856.9600,3856.9600,1,1,2026-08-24T00:00:00.000
2809,20260725,20260729,319,311,166,129,167,6,1,3858.3300,3858.3300,3858.3300,3858.3300,1,1,2026-08-24T00:00:00.000
2810,20260710,20260726,246,76,120,442,239,6,4,3859.7000,3859.7000,3859.7000,3859.7000,1,1,2026-08-24T00:00:00.000
2811,20260701,20260602,91,118,273,50,370,7,5,3861.0700,3861.0700,3861.0700,3861.0700,1,1,2026-08-24T00:00:00.000
2812,20260822,20260705,490,56,145,110,244,6,4,3862.4400,3862.4400,3862.4400,3862.4400,1,1,2026-08-24T00:00:00.000
2813,20260723,20260605,68,337,116,360,43,8,5,3863.8100,3863.8100,3863.8100,3863.8100,1,1,2026-08-24T00:00:00.000
2814,20260706,20260602,339,166,78,139,263,3,3,3865.1800,3865.1800,3865.1800,3865.1800,1,1,2026-08-24T00:00:00.000
2815,20260623,20260804,334,33,437,211,451,1,1,3866.5500,3866.5500,3866.5500,3866.5500,1,1,2026-08-24T00:00:00.000
2816,20260819,20260814,320,161,484,238,278,8,5,3867.9200,3867.9200,3867.9200,3867.9200,1,1,2026-08-24T00:00:00.000
2817,20260721,20260723,386,284,314,307,80,1,4,3869.2900,3869.2900,3869.2900,3869.2900,1,1,2026-08-24T00:00:00.000
2818,20260801,20260619,40,107,426,111,428,7,4,3870.6600,3870.6600,3870.6600,3870.6600,1,1,2026-08-24T00:00:00.000
2819,20260615,20260814,272,138,213,140,234,8,4,3872.0300,3872.0300,3872.0300,3872.0300,1,1,2026-08-24T00:00:00.000
2820,20260723,20260802,143,71,382,11,441,7,3,3873.4000,3873.4000,3873.4000,3873.4000,1,1,2026-08-24T00:00:00.000
2821,20260821,20260607,470,207,164,196,166,1,1,3874.7700,3874.7700,3874.7700,3874.7700,1,1,2026-08-24T00:00:00.000
2822,20260608,20260629,340,12,365,66,227,6,1,3876.1400,3876.1400,3876.1400,3876.1400,1,1,2026-08-24T00:00:00.000
2823,20260718,20260716,495,192,196,88,481,3,3,3877.5100,3877.5100,3877.5100,3877.5100,1,1,2026-08-24T00:00:00.000
2824,20260623,20260723,460,129,301,159,487,6,5,3878.8800,3878.8800,3878.8800,3878.8800,1,1,2026-08-24T00:00:00.000
2825,20260621,20260529,122,42,148,224,362,7,4,3880.2500,3880.2500,3880.2500,3880.2500,1,1,2026-08-24T00:00:00.000
2826,20260606,20260605,213,243,290,262,266,6,4,3881.6200,3881.6200,3881.6200,3881.6200,1,1,2026-08-24T00:00:00.000
2827,20260603,20260710,133,146,153,447,83,5,3,3882.9900,3882.9900,3882.9900,3882.9900,1,1,2026-08-24T00:00:00.000
2828,20260720,20260619,99,97,221,28,366,8,4,3884.3600,3884.3600,3884.3600,3884.3600,1,1,2026-08-24T00:00:00.000
2829,20260819,20260601,26,231,74,350,264,6,2,3885.7300,3885.7300,3885.7300,3885.7300,1,1,2026-08-24T00:00:00.000
2830,20260628,20260611,298,128,116,295,176,3,1,3887.1000,3887.1000,3887.1000,3887.1000,1,1,2026-08-24T00:00:00.000
2831,20260725,20260716,138,58,102,288,489,7,2,3888.4700,3888.4700,3888.4700,3888.4700,1,1,2026-08-24T00:00:00.000
2832,20260730,20260602,394,86,352,2,258,5,2,3889.8400,3889.8400,3889.8400,3889.8400,1,1,2026-08-24T00:00:00.000
2833,20260812,20260805,178,330,123,308,159,2,5,3891.2100,3891.2100,3891.2100,3891.2100,1,1,2026-08-24T00:00:00.000
2834,20260823,20260705,27,180,190,38,459,8,1,3892.5800,3892.5800,3892.5800,3892.5800,1,1,2026-08-24T00:00:00.000
2835,20260823,20260604,90,292,76,101,476,5,5,3893.9500,3893.9500,3893.9500,3893.9500,1,1,2026-08-24T00:00:00.000
2836,20260729,20260810,92,139,268,448,29,8,4,3895.3200,3895.3200,3895.3200,3895.3200,1,1,2026-08-24T00:00:00.000
2837,20260603,20260820,18,228,356,74,182,3,1,3896.6900,3896.6900,3896.6900,3896.6900,1,1,2026-08-24T00:00:00.000
2838,20260608,20260531,246,272,132,195,247,1,2,3898.0600,3898.0600,3898.0600,3898.0600,1,1,2026-08-24T00:00:00.000
2839,20260723,20260714,58,208,441,235,22,4,1,3899.4300,3899.4300,3899.4300,3899.4300,1,1,2026-08-24T00:00:00.000
2840,20260814,20260625,233,237,472,107,253,2,2,3900.8000,3900.8000,3900.8000,3900.8000,1,1,2026-08-24T00:00:00.000
2841,20260803,20260613,440,200,195,55,462,2,1,3902.1700,3902.1700,3902.1700,3902.1700,1,1,2026-08-24T00:00:00.000
2842,20260718,20260623,255,316,273,268,278,6,4,3903.5400,3903.5400,3903.5400,3903.5400,1,1,2026-08-24T00:00:00.000
2843,20260707,20260819,246,231,448,498,8,7,5,3904.9100,3904.9100,3904.9100,3904.9100,1,1,2026-08-24T00:00:00.000
2844,20260808,20260803,91,97,477,182,180,3,3,3906.2800,3906.2800,3906.2800,3906.2800,1,1,2026-08-24T00:00:00.000
2845,20260714,20260625,41,32,332,427,216,1,2,3907.6500,3907.6500,3907.6500,3907.6500,1,1,2026-08-24T00:00:00.000
2846,20260608,20260608,39,276,135,261,495,2,3,3909.0200,3909.0200,3909.0200,3909.0200,1,1,2026-08-24T00:00:00.000
2847,20260719,20260706,217,284,32,89,214,8,5,3910.3900,3910.3900,3910.3900,3910.3900,1,1,2026-08-24T00:00:00.000
2848,20260805,20260718,19,280,500,218,491,3,5,3911.7600,3911.7600,3911.7600,3911.7600,1,1,2026-08-24T00:00:00.000
2849,20260803,20260707,244,116,127,404,437,5,2,3913.1300,3913.1300,3913.1300,3913.1300,1,1,2026-08-24T00:00:00.000
2850,20260801,20260705,258,43,245,5,472,7,2,3914.5000,3914.5000,3914.5000,3914.5000,1,1,2026-08-24T00:00:00.000
2851,20260612,20260610,247,269,38,260,463,3,1,3915.8700,3915.8700,3915.8700,3915.8700,1,1,2026-08-24T00:00:00.000
2852,20260605,20260626,363,97,154,494,215,7,3,3917.2400,3917.2400,3917.2400,3917.2400,1,1,2026-08-24T00:00:00.000
2853,20260601,20260725,437,59,207,21,183,5,1,3918.6100,3918.6100,3918.6100,3918.6100,1,1,2026-08-24T00:00:00.000
2854,20260731,20260801,479,104,176,273,420,6,4,3919.9800,3919.9800,3919.9800,3919.9800,1,1,2026-08-24T00:00:00.000
2855,20260606,20260715,195,350,190,18,104,2,2,3921.3500,3921.3500,3921.3500,3921.3500,1,1,2026-08-24T00:00:00.000
2856,20260625,20260630,53,283,441,172,94,8,5,3922.7200,3922.7200,3922.7200,3922.7200,1,1,2026-08-24T00:00:00.000
2857,20260723,20260708,228,202,90,74,146,2,3,3924.0900,3924.0900,3924.0900,3924.0900,1,1,2026-08-24T00:00:00.000
2858,20260630,20260621,128,255,285,180,438,5,3,3925.4600,3925.4600,3925.4600,3925.4600,1,1,2026-08-24T00:00:00.000
2859,20260718,20260627,372,302,421,47,471,2,3,3926.8300,3926.8300,3926.8300,3926.8300,1,1,2026-08-24T00:00:00.000
2860,20260722,20260731,309,78,165,393,388,3,4,3928.2000,3928.2000,3928.2000,3928.2000,1,1,2026-08-24T00:00:00.000
2861,20260614,20260803,337,12,404,460,87,4,3,3929.5700,3929.5700,3929.5700,3929.5700,1,1,2026-08-24T00:00:00.000
2862,20260723,20260719,419,49,105,399,372,7,1,3930.9400,3930.9400,3930.9400,3930.9400,1,1,2026-08-24T00:00:00.000
2863,20260717,20260820,475,100,261,208,19,3,1,3932.3100,3932.3100,3932.3100,3932.3100,1,1,2026-08-24T00:00:00.000
2864,20260630,20260808,61,211,369,156,76,2,4,3933.6800,3933.6800,3933.6800,3933.6800,1,1,2026-08-24T00:00:00.000
2865,20260708,20260804,229,89,461,343,173,5,5,3935.0500,3935.0500,3935.0500,3935.0500,1,1,2026-08-24T00:00:00.000
2866,20260705,20260704,6,9,465,142,207,5,3,3936.4200,3936.4200,3936.4200,3936.4200,1,1,2026-08-24T00:00:00.000
2867,20260624,20260614,133,284,435,142,361,4,1,3937.7900,3937.7900,3937.7900,3937.7900,1,1,2026-08-24T00:00:00.000
2868,20260802,20260612,413,66,500,310,487,4,1,3939.1600,3939.1600,3939.1600,3939.1600,1,1,2026-08-24T00:00:00.000
2869,20260616,20260713,406,11,192,235,18,7,1,3940.5300,3940.5300,3940.5300,3940.5300,1,1,2026-08-24T00:00:00.000
2870,20260804,20260710,366,169,159,398,12,8,5,3941.9000,3941.9000,3941.9000,3941.9000,1,1,2026-08-24T00:00:00.000
2871,20260810,20260712,460,94,491,452,63,2,2,3943.2700,3943.2700,3943.2700,3943.2700,1,1,2026-08-24T00:00:00.000
2872,20260620,20260606,251,328,11,306,295,4,1,3944.6400,3944.6400,3944.6400,3944.6400,1,1,2026-08-24T00:00:00.000
2873,20260530,20260823,488,79,301,429,346,6,4,3946.0100,3946.0100,3946.0100,3946.0100,1,1,2026-08-24T00:00:00.000
2874,20260620,20260531,141,169,235,40,312,1,4,3947.3800,3947.3800,3947.3800,3947.3800,1,1,2026-08-24T00:00:00.000
2875,20260730,20260610,415,97,15,17,306,6,3,3948.7500,3948.7500,3948.7500,3948.7500,1,1,2026-08-24T00:00:00.000
2876,20260816,20260614,484,192,67,86,119,6,5,3950.1200,3950.1200,3950.1200,3950.1200,1,1,2026-08-24T00:00:00.000
2877,20260815,20260605,481,217,55,223,231,6,5,3951.4900,3951.4900,3951.4900,3951.4900,1,1,2026-08-24T00:00:00.000
2878,20260614,20260804,22,337,474,391,137,4,4,3952.8600,3952.8600,3952.8600,3952.8600,1,1,2026-08-24T00:00:00.000
2879,20260618,20260610,436,123,282,283,305,2,4,3954.2300,3954.2300,3954.2300,3954.2300,1,1,2026-08-24T00:00:00.000
2880,20260705,20260605,236,112,344,398,317,2,1,3955.6000,3955.6000,3955.6000,3955.6000,1,1,2026-08-24T00:00:00.000
2881,20260808,20260724,303,161,151,26,106,4,4,3956.9700,3956.9700,3956.9700,3956.9700,1,1,2026-08-24T00:00:00.000
2882,20260709,20260727,438,350,317,394,136,1,2,3958.3400,3958.3400,3958.3400,3958.3400,1,1,2026-08-24T00:00:00.000
2883,20260727,20260607,437,89,319,491,262,8,2,3959.7100,3959.7100,3959.7100,3959.7100,1,1,2026-08-24T00:00:00.000
2884,20260722,20260822,241,53,290,12,350,3,3,3961.0800,3961.0800,3961.0800,3961.0800,1,1,2026-08-24T00:00:00.000
2885,20260724,20260617,218,185,324,231,227,8,2,3962.4500,3962.4500,3962.4500,3962.4500,1,1,2026-08-24T00:00:00.000
2886,20260622,20260731,31,119,175,209,447,3,1,3963.8200,3963.8200,3963.8200,3963.8200,1,1,2026-08-24T00:00:00.000
2887,20260722,20260725,19,2,54,299,447,1,4,3965.1900,3965.1900,3965.1900,3965.1900,1,1,2026-08-24T00:00:00.000
2888,20260723,20260803,130,167,138,77,408,4,1,3966.5600,3966.5600,3966.5600,3966.5600,1,1,2026-08-24T00:00:00.000
2889,20260702,20260620,233,185,221,462,465,2,4,3967.9300,3967.9300,3967.9300,3967.9300,1,1,2026-08-24T00:00:00.000
2890,20260715,20260715,489,253,47,124,74,1,1,3969.3000,3969.3000,3969.3000,3969.3000,1,1,2026-08-24T00:00:00.000
2891,20260810,20260814,427,22,291,135,213,1,5,3970.6700,3970.6700,3970.6700,3970.6700,1,1,2026-08-24T00:00:00.000
2892,20260714,20260817,344,300,321,231,396,3,1,3972.0400,3972.0400,3972.0400,3972.0400,1,1,2026-08-24T00:00:00.000
2893,20260812,20260602,240,173,185,68,100,1,1,3973.4100,3973.4100,3973.4100,3973.4100,1,1,2026-08-24T00:00:00.000
2894,20260729,20260624,415,38,365,108,288,5,1,3974.7800,3974.7800,3974.7800,3974.7800,1,1,2026-08-24T00:00:00.000
2895,20260730,20260728,480,339,158,134,217,4,4,3976.1500,3976.1500,3976.1500,3976.1500,1,1,2026-08-24T00:00:00.000
2896,20260701,20260628,234,216,394,157,396,5,1,3977.5200,3977.5200,3977.5200,3977.5200,1,1,2026-08-24T00:00:00.000
2897,20260527,20260621,60,49,47,467,261,7,4,3978.8900,3978.8900,3978.8900,3978.8900,1,1,2026-08-24T00:00:00.000
2898,20260709,20260624,337,221,194,36,378,2,5,3980.2600,3980.2600,3980.2600,3980.2600,1,1,2026-08-24T00:00:00.000
2899,20260731,20260817,114,257,261,449,114,7,3,3981.6300,3981.6300,3981.6300,3981.6300,1,1,2026-08-24T00:00:00.000
2900,20260708,20260628,402,167,52,73,278,4,2,3983.0000,3983.0000,3983.0000,3983.0000,1,1,2026-08-24T00:00:00.000
2901,20260820,20260715,228,217,235,46,333,1,5,3984.3700,3984.3700,3984.3700,3984.3700,1,1,2026-08-24T00:00:00.000
2902,20260626,20260629,415,176,399,314,419,4,5,3985.7400,3985.7400,3985.7400,3985.7400,1,1,2026-08-24T00:00:00.000
2903,20260817,20260807,61,323,190,264,159,6,1,3987.1100,3987.1100,3987.1100,3987.1100,1,1,2026-08-24T00:00:00.000
2904,20260620,20260611,368,139,25,107,55,1,4,3988.4800,3988.4800,3988.4800,3988.4800,1,1,2026-08-24T00:00:00.000
2905,20260722,20260808,31,329,496,22,435,7,5,3989.8500,3989.8500,3989.8500,3989.8500,1,1,2026-08-24T00:00:00.000
2906,20260709,20260725,48,194,238,259,94,7,4,3991.2200,3991.2200,3991.2200,3991.2200,1,1,2026-08-24T00:00:00.000
2907,20260701,20260818,436,234,454,120,141,2,5,3992.5900,3992.5900,3992.5900,3992.5900,1,1,2026-08-24T00:00:00.000
2908,20260602,20260628,189,293,64,394,138,4,5,3993.9600,3993.9600,3993.9600,3993.9600,1,1,2026-08-24T00:00:00.000
2909,20260630,20260609,449,198,245,102,374,2,4,3995.3300,3995.3300,3995.3300,3995.3300,1,1,2026-08-24T00:00:00.000
2910,20260628,20260618,114,225,79,174,141,1,2,3996.7000,3996.7000,3996.7000,3996.7000,1,1,2026-08-24T00:00:00.000
2911,20260624,20260608,180,148,493,312,157,6,1,3998.0700,3998.0700,3998.0700,3998.0700,1,1,2026-08-24T00:00:00.000
2912,20260808,20260814,133,126,493,276,429,8,1,3999.4400,3999.4400,3999.4400,3999.4400,1,1,2026-08-24T00:00:00.000
2913,20260809,20260615,344,65,336,145,29,4,4,4000.8100,4000.8100,4000.8100,4000.8100,1,1,2026-08-24T00:00:00.000
2914,20260619,20260701,370,1,461,38,119,5,4,4002.1800,4002.1800,4002.1800,4002.1800,1,1,2026-08-24T00:00:00.000
2915,20260715,20260802,61,183,462,385,164,1,4,4003.5500,4003.5500,4003.5500,4003.5500,1,1,2026-08-24T00:00:00.000
2916,20260823,20260606,177,74,85,140,468,6,4,4004.9200,4004.9200,4004.9200,4004.9200,1,1,2026-08-24T00:00:00.000
2917,20260703,20260809,305,37,221,112,438,2,5,4006.2900,4006.2900,4006.2900,4006.2900,1,1,2026-08-24T00:00:00.000
2918,20260709,20260530,190,176,404,117,200,4,2,4007.6600,4007.6600,4007.6600,4007.6600,1,1,2026-08-24T00:00:00.000
2919,20260730,20260623,266,108,177,135,223,5,4,4009.0300,4009.0300,4009.0300,4009.0300,1,1,2026-08-24T00:00:00.000
2920,20260603,20260707,271,130,202,234,470,6,3,4010.4000,4010.4000,4010.4000,4010.4000,1,1,2026-08-24T00:00:00.000
2921,20260614,20260809,87,153,179,478,190,3,4,4011.7700,4011.7700,4011.7700,4011.7700,1,1,2026-08-24T00:00:00.000
2922,20260621,20260603,333,144,480,188,366,3,4,4013.1400,4013.1400,4013.1400,4013.1400,1,1,2026-08-24T00:00:00.000
2923,20260710,20260614,478,176,277,171,495,5,2,4014.5100,4014.5100,4014.5100,4014.5100,1,1,2026-08-24T00:00:00.000
2924,20260801,20260630,265,30,123,85,161,8,2,4015.8800,4015.8800,4015.8800,4015.8800,1,1,2026-08-24T00:00:00.000
2925,20260721,20260723,140,17,3,101,1,3,3,4017.2500,4017.2500,4017.2500,4017.2500,1,1,2026-08-24T00:00:00.000
2926,20260622,20260608,445,7,215,131,112,7,1,4018.6200,4018.6200,4018.6200,4018.6200,1,1,2026-08-24T00:00:00.000
2927,20260626,20260722,321,78,428,361,360,2,1,4019.9900,4019.9900,4019.9900,4019.9900,1,1,2026-08-24T00:00:00.000
2928,20260805,20260602,185,28,102,17,244,1,2,4021.3600,4021.3600,4021.3600,4021.3600,1,1,2026-08-24T00:00:00.000
2929,20260609,20260627,49,82,137,39,211,6,1,4022.7300,4022.7300,4022.7300,4022.7300,1,1,2026-08-24T00:00:00.000
2930,20260620,20260822,118,27,408,431,441,3,1,4024.1000,4024.1000,4024.1000,4024.1000,1,1,2026-08-24T00:00:00.000
2931,20260811,20260809,315,76,254,8,206,5,3,4025.4700,4025.4700,4025.4700,4025.4700,1,1,2026-08-24T00:00:00.000
2932,20260813,20260824,416,211,133,304,66,4,2,4026.8400,4026.8400,4026.8400,4026.8400,1,1,2026-08-24T00:00:00.000
2933,20260809,20260805,141,313,8,368,89,3,2,4028.2100,4028.2100,4028.2100,4028.2100,1,1,2026-08-24T00:00:00.000
2934,20260629,20260816,46,134,126,491,127,8,5,4029.5800,4029.5800,4029.5800,4029.5800,1,1,2026-08-24T00:00:00.000
2935,20260721,20260630,25,349,197,454,399,5,5,4030.9500,4030.9500,4030.9500,4030.9500,1,1,2026-08-24T00:00:00.000
2936,20260612,20260722,135,298,435,63,324,8,3,4032.3200,4032.3200,4032.3200,4032.3200,1,1,2026-08-24T00:00:00.000
2937,20260630,20260722,21,224,288,415,262,7,4,4033.6900,4033.6900,4033.6900,4033.6900,1,1,2026-08-24T00:00:00.000
2938,20260614,20260620,275,275,425,7,180,7,3,4035.0600,4035.0600,4035.0600,4035.0600,1,1,2026-08-24T00:00:00.000
2939,20260622,20260607,360,248,456,170,251,8,4,4036.4300,4036.4300,4036.4300,4036.4300,1,1,2026-08-24T00:00:00.000
2940,20260823,20260804,219,59,476,270,363,5,5,4037.8000,4037.8000,4037.8000,4037.8000,1,1,2026-08-24T00:00:00.000
2941,20260601,20260609,246,200,488,71,248,1,4,4039.1700,4039.1700,4039.1700,4039.1700,1,1,2026-08-24T00:00:00.000
2942,20260625,20260721,425,157,363,229,408,1,4,4040.5400,4040.5400,4040.5400,4040.5400,1,1,2026-08-24T00:00:00.000
2943,20260723,20260813,420,190,49,366,177,2,4,4041.9100,4041.9100,4041.9100,4041.9100,1,1,2026-08-24T00:00:00.000
2944,20260805,20260531,2,334,44,398,155,6,5,4043.2800,4043.2800,4043.2800,4043.2800,1,1,2026-08-24T00:00:00.000
2945,20260628,20260624,319,137,9,255,499,3,5,4044.6500,4044.6500,4044.6500,4044.6500,1,1,2026-08-24T00:00:00.000
2946,20260607,20260721,267,136,468,37,187,2,4,4046.0200,4046.0200,4046.0200,4046.0200,1,1,2026-08-24T00:00:00.000
2947,20260707,20260711,473,341,37,173,323,3,1,4047.3900,4047.3900,4047.3900,4047.3900,1,1,2026-08-24T00:00:00.000
2948,20260630,20260802,250,65,114,288,82,3,5,4048.7600,4048.7600,4048.7600,4048.7600,1,1,2026-08-24T00:00:00.000
2949,20260801,20260702,476,239,499,256,160,4,2,4050.1300,4050.1300,4050.1300,4050.1300,1,1,2026-08-24T00:00:00.000
2950,20260809,20260606,261,106,122,380,180,5,3,4051.5000,4051.5000,4051.5000,4051.5000,1,1,2026-08-24T00:00:00.000
2951,20260625,20260628,182,69,307,370,148,8,2,4052.8700,4052.8700,4052.8700,4052.8700,1,1,2026-08-24T00:00:00.000
2952,20260627,20260809,149,333,333,13,408,8,5,4054.2400,4054.2400,4054.2400,4054.2400,1,1,2026-08-24T00:00:00.000
2953,20260714,20260824,115,326,93,264,103,5,3,4055.6100,4055.6100,4055.6100,4055.6100,1,1,2026-08-24T00:00:00.000
2954,20260720,20260707,472,186,487,58,184,7,4,4056.9800,4056.9800,4056.9800,4056.9800,1,1,2026-08-24T00:00:00.000
2955,20260530,20260612,466,89,475,307,495,2,3,4058.3500,4058.3500,4058.3500,4058.3500,1,1,2026-08-24T00:00:00.000
2956,20260702,20260527,305,143,36,146,174,7,1,4059.7200,4059.7200,4059.7200,4059.7200,1,1,2026-08-24T00:00:00.000
2957,20260706,20260724,65,88,392,148,264,8,1,4061.0900,4061.0900,4061.0900,4061.0900,1,1,2026-08-24T00:00:00.000
2958,20260804,20260605,151,284,408,255,79,4,5,4062.4600,4062.4600,4062.4600,4062.4600,1,1,2026-08-24T00:00:00.000
2959,20260704,20260608,376,276,226,84,223,6,2,4063.8300,4063.8300,4063.8300,4063.8300,1,1,2026-08-24T00:00:00.000
2960,20260810,20260608,289,226,427,498,291,6,5,4065.2000,4065.2000,4065.2000,4065.2000,1,1,2026-08-24T00:00:00.000
2961,20260724,20260805,208,341,390,167,415,6,3,4066.5700,4066.5700,4066.5700,4066.5700,1,1,2026-08-24T00:00:00.000
2962,20260807,20260722,314,251,60,121,487,1,5,4067.9400,4067.9400,4067.9400,4067.9400,1,1,2026-08-24T00:00:00.000
2963,20260606,20260710,272,31,36,222,359,5,5,4069.3100,4069.3100,4069.3100,4069.3100,1,1,2026-08-24T00:00:00.000
2964,20260627,20260721,88,312,50,257,309,7,2,4070.6800,4070.6800,4070.6800,4070.6800,1,1,2026-08-24T00:00:00.000
2965,20260714,20260603,63,179,432,423,320,1,4,4072.0500,4072.0500,4072.0500,4072.0500,1,1,2026-08-24T00:00:00.000
2966,20260604,20260627,9,268,160,72,334,5,1,4073.4200,4073.4200,4073.4200,4073.4200,1,1,2026-08-24T00:00:00.000
2967,20260704,20260625,252,3,257,227,354,8,5,4074.7900,4074.7900,4074.7900,4074.7900,1,1,2026-08-24T00:00:00.000
2968,20260616,20260606,497,115,443,163,342,7,5,4076.1600,4076.1600,4076.1600,4076.1600,1,1,2026-08-24T00:00:00.000
2969,20260625,20260801,394,312,217,127,343,3,4,4077.5300,4077.5300,4077.5300,4077.5300,1,1,2026-08-24T00:00:00.000
2970,20260613,20260816,297,2,339,213,466,2,5,4078.9000,4078.9000,4078.9000,4078.9000,1,1,2026-08-24T00:00:00.000
2971,20260725,20260727,233,130,493,435,180,7,5,4080.2700,4080.2700,4080.2700,4080.2700,1,1,2026-08-24T00:00:00.000
2972,20260527,20260813,142,244,114,279,218,7,2,4081.6400,4081.6400,4081.6400,4081.6400,1,1,2026-08-24T00:00:00.000
2973,20260622,20260709,301,196,37,137,461,5,3,4083.0100,4083.0100,4083.0100,4083.0100,1,1,2026-08-24T00:00:00.000
2974,20260607,20260721,4,208,358,395,4,7,4,4084.3800,4084.3800,4084.3800,4084.3800,1,1,2026-08-24T00:00:00.000
2975,20260822,20260620,485,88,47,40,483,2,2,4085.7500,4085.7500,4085.7500,4085.7500,1,1,2026-08-24T00:00:00.000
2976,20260822,20260626,35,86,180,268,142,6,3,4087.1200,4087.1200,4087.1200,4087.1200,1,1,2026-08-24T00:00:00.000
2977,20260604,20260718,161,51,398,461,7,2,4,4088.4900,4088.4900,4088.4900,4088.4900,1,1,2026-08-24T00:00:00.000
2978,20260612,20260726,356,28,266,463,375,3,3,4089.8600,4089.8600,4089.8600,4089.8600,1,1,2026-08-24T00:00:00.000
2979,20260813,20260819,485,4,463,456,450,3,1,4091.2300,4091.2300,4091.2300,4091.2300,1,1,2026-08-24T00:00:00.000
2980,20260817,20260714,137,144,401,273,96,2,5,4092.6000,4092.6000,4092.6000,4092.6000,1,1,2026-08-24T00:00:00.000
2981,20260808,20260619,61,253,305,148,147,6,3,4093.9700,4093.9700,4093.9700,4093.9700,1,1,2026-08-24T00:00:00.000
2982,20260626,20260712,97,26,456,21,5,8,3,4095.3400,4095.3400,4095.3400,4095.3400,1,1,2026-08-24T00:00:00.000
2983,20260824,20260605,104,30,361,499,106,4,3,4096.7100,4096.7100,4096.7100,4096.7100,1,1,2026-08-24T00:00:00.000
2984,20260714,20260620,321,148,316,116,100,7,4,4098.0800,4098.0800,4098.0800,4098.0800,1,1,2026-08-24T00:00:00.000
2985,20260710,20260822,408,214,481,377,14,2,2,4099.4500,4099.4500,4099.4500,4099.4500,1,1,2026-08-24T00:00:00.000
2986,20260705,20260604,235,203,330,319,399,6,4,4100.8200,4100.8200,4100.8200,4100.8200,1,1,2026-08-24T00:00:00.000
2987,20260528,20260528,376,114,387,342,402,1,3,4102.1900,4102.1900,4102.1900,4102.1900,1,1,2026-08-24T00:00:00.000
2988,20260619,20260724,51,280,487,344,427,1,1,4103.5600,4103.5600,4103.5600,4103.5600,1,1,2026-08-24T00:00:00.000
2989,20260609,20260621,181,19,304,310,437,3,2,4104.9300,4104.9300,4104.9300,4104.9300,1,1,2026-08-24T00:00:00.000
2990,20260717,20260527,288,99,223,197,356,6,5,4106.3000,4106.3000,4106.3000,4106.3000,1,1,2026-08-24T00:00:00.000
2991,20260805,20260614,455,168,350,238,174,3,2,4107.6700,4107.6700,4107.6700,4107.6700,1,1,2026-08-24T00:00:00.000
2992,20260717,20260702,139,27,236,188,82,4,3,4109.0400,4109.0400,4109.0400,4109.0400,1,1,2026-08-24T00:00:00.000
2993,20260721,20260530,355,276,147,214,234,7,4,4110.4100,4110.4100,4110.4100,4110.4100,1,1,2026-08-24T00:00:00.000
2994,20260721,20260814,437,169,429,376,229,6,3,4111.7800,4111.7800,4111.7800,4111.7800,1,1,2026-08-24T00:00:00.000
2995,20260824,20260729,493,3,95,51,423,3,2,4113.1500,4113.1500,4113.1500,4113.1500,1,1,2026-08-24T00:00:00.000
2996,20260806,20260715,9,274,263,187,411,6,1,4114.5200,4114.5200,4114.5200,4114.5200,1,1,2026-08-24T00:00:00.000
2997,20260711,20260819,430,146,404,161,214,5,4,4115.8900,4115.8900,4115.8900,4115.8900,1,1,2026-08-24T00:00:00.000
2998,20260702,20260729,403,113,492,143,261,4,4,4117.2600,4117.2600,4117.2600,4117.2600,1,1,2026-08-24T00:00:00.000
2999,20260601,20260529,376,270,430,14,150,6,2,4118.6300,4118.6300,4118.6300,4118.6300,1,1,2026-08-24T00:00:00.000
3000,20260529,20260705,120,201,435,369,485,6,3,4120.0000,4120.0000,4120.0000,4120.0000,1,1,2026-08-24T00:00:00.000
3001,20260712,20260803,356,308,37,32,287,8,4,4121.3700,4121.3700,4121.3700,4121.3700,1,1,2026-08-24T00:00:00.000
3002,20260712,20260619,133,11,340,378,114,7,1,4122.7400,4122.7400,4122.7400,4122.7400,1,1,2026-08-24T00:00:00.000
3003,20260529,20260811,390,152,74,373,70,7,3,4124.1100,4124.1100,4124.1100,4124.1100,1,1,2026-08-24T00:00:00.000
3004,20260728,20260809,53,278,246,378,33,8,5,4125.4800,4125.4800,4125.4800,4125.4800,1,1,2026-08-24T00:00:00.000
3005,20260624,20260628,303,94,202,346,291,6,1,4126.8500,4126.8500,4126.8500,4126.8500,1,1,2026-08-24T00:00:00.000
3006,20260728,20260824,293,298,89,441,157,3,3,4128.2200,4128.2200,4128.2200,4128.2200,1,1,2026-08-24T00:00:00.000
3007,20260808,20260717,78,133,85,482,45,5,5,4129.5900,4129.5900,4129.5900,4129.5900,1,1,2026-08-24T00:00:00.000
3008,20260616,20260611,156,113,322,83,444,5,4,4130.9600,4130.9600,4130.9600,4130.9600,1,1,2026-08-24T00:00:00.000
3009,20260611,20260624,26,130,27,315,43,3,4,4132.3300,4132.3300,4132.3300,4132.3300,1,1,2026-08-24T00:00:00.000
3010,20260615,20260816,122,72,313,229,171,6,4,4133.7000,4133.7000,4133.7000,4133.7000,1,1,2026-08-24T00:00:00.000
3011,20260819,20260806,112,24,320,49,344,6,1,4135.0700,4135.0700,4135.0700,4135.0700,1,1,2026-08-24T00:00:00.000
3012,20260724,20260729,316,216,480,194,386,7,3,4136.4400,4136.4400,4136.4400,4136.4400,1,1,2026-08-24T00:00:00.000
3013,20260710,20260611,478,6,129,328,389,8,5,4137.8100,4137.8100,4137.8100,4137.8100,1,1,2026-08-24T00:00:00.000
3014,20260807,20260604,235,343,445,185,35,7,3,4139.1800,4139.1800,4139.1800,4139.1800,1,1,2026-08-24T00:00:00.000
3015,20260726,20260530,381,113,282,47,374,5,2,4140.5500,4140.5500,4140.5500,4140.5500,1,1,2026-08-24T00:00:00.000
3016,20260821,20260616,25,72,203,294,293,8,4,4141.9200,4141.9200,4141.9200,4141.9200,1,1,2026-08-24T00:00:00.000
3017,20260716,20260801,51,109,113,156,24,2,2,4143.2900,4143.2900,4143.2900,4143.2900,1,1,2026-08-24T00:00:00.000
3018,20260616,20260603,294,21,228,500,70,3,1,4144.6600,4144.6600,4144.6600,4144.6600,1,1,2026-08-24T00:00:00.000
3019,20260812,20260823,96,44,355,19,289,6,1,4146.0300,4146.0300,4146.0300,4146.0300,1,1,2026-08-24T00:00:00.000
3020,20260801,20260811,432,40,47,355,479,7,5,4147.4000,4147.4000,4147.4000,4147.4000,1,1,2026-08-24T00:00:00.000
3021,20260712,20260806,396,189,323,183,204,7,2,4148.7700,4148.7700,4148.7700,4148.7700,1,1,2026-08-24T00:00:00.000
3022,20260811,20260527,101,129,179,247,336,8,2,4150.1400,4150.1400,4150.1400,4150.1400,1,1,2026-08-24T00:00:00.000
3023,20260724,20260812,339,150,5,164,6,5,3,4151.5100,4151.5100,4151.5100,4151.5100,1,1,2026-08-24T00:00:00.000
3024,20260609,20260629,499,104,391,326,399,4,1,4152.8800,4152.8800,4152.8800,4152.8800,1,1,2026-08-24T00:00:00.000
3025,20260726,20260708,48,68,483,337,466,1,1,4154.2500,4154.2500,4154.2500,4154.2500,1,1,2026-08-24T00:00:00.000
3026,20260705,20260805,406,58,384,101,288,5,4,4155.6200,4155.6200,4155.6200,4155.6200,1,1,2026-08-24T00:00:00.000
3027,20260716,20260701,413,137,254,198,478,8,1,4156.9900,4156.9900,4156.9900,4156.9900,1,1,2026-08-24T00:00:00.000
3028,20260627,20260803,456,67,202,298,147,3,2,4158.3600,4158.3600,4158.3600,4158.3600,1,1,2026-08-24T00:00:00.000
3029,20260530,20260728,191,300,410,86,229,4,1,4159.7300,4159.7300,4159.7300,4159.7300,1,1,2026-08-24T00:00:00.000
3030,20260626,20260818,271,228,401,175,387,7,5,4161.1000,4161.1000,4161.1000,4161.1000,1,1,2026-08-24T00:00:00.000
3031,20260808,20260810,416,240,236,104,262,1,5,4162.4700,4162.4700,4162.4700,4162.4700,1,1,2026-08-24T00:00:00.000
3032,20260628,20260602,391,246,332,493,256,8,5,4163.8400,4163.8400,4163.8400,4163.8400,1,1,2026-08-24T00:00:00.000
3033,20260528,20260616,70,63,73,251,127,1,5,4165.2100,4165.2100,4165.2100,4165.2100,1,1,2026-08-24T00:00:00.000
3034,20260702,20260606,377,291,409,156,432,4,4,4166.5800,4166.5800,4166.5800,4166.5800,1,1,2026-08-24T00:00:00.000
3035,20260808,20260619,484,245,197,130,468,2,2,4167.9500,4167.9500,4167.9500,4167.9500,1,1,2026-08-24T00:00:00.000
3036,20260614,20260719,128,188,453,163,298,7,1,4169.3200,4169.3200,4169.3200,4169.3200,1,1,2026-08-24T00:00:00.000
3037,20260614,20260820,213,34,378,252,252,3,1,4170.6900,4170.6900,4170.6900,4170.6900,1,1,2026-08-24T00:00:00.000
3038,20260629,20260626,137,50,63,418,108,6,4,4172.0600,4172.0600,4172.0600,4172.0600,1,1,2026-08-24T00:00:00.000
3039,20260716,20260716,399,317,158,171,64,4,1,4173.4300,4173.4300,4173.4300,4173.4300,1,1,2026-08-24T00:00:00.000
3040,20260815,20260607,108,81,240,194,378,4,3,4174.8000,4174.8000,4174.8000,4174.8000,1,1,2026-08-24T00:00:00.000
3041,20260604,20260614,3,34,40,229,316,6,2,4176.1700,4176.1700,4176.1700,4176.1700,1,1,2026-08-24T00:00:00.000
3042,20260601,20260616,454,80,257,315,429,6,5,4177.5400,4177.5400,4177.5400,4177.5400,1,1,2026-08-24T00:00:00.000
3043,20260706,20260704,215,45,399,98,105,8,4,4178.9100,4178.9100,4178.9100,4178.9100,1,1,2026-08-24T00:00:00.000
3044,20260702,20260527,278,262,39,437,95,3,2,4180.2800,4180.2800,4180.2800,4180.2800,1,1,2026-08-24T00:00:00.000
3045,20260711,20260710,460,53,389,267,435,8,3,4181.6500,4181.6500,4181.6500,4181.6500,1,1,2026-08-24T00:00:00.000
3046,20260610,20260614,343,1,63,244,229,4,1,4183.0200,4183.0200,4183.0200,4183.0200,1,1,2026-08-24T00:00:00.000
3047,20260626,20260731,205,186,363,180,242,1,2,4184.3900,4184.3900,4184.3900,4184.3900,1,1,2026-08-24T00:00:00.000
3048,20260725,20260615,463,76,363,127,488,4,4,4185.7600,4185.7600,4185.7600,4185.7600,1,1,2026-08-24T00:00:00.000
3049,20260617,20260726,345,1,459,83,80,4,3,4187.1300,4187.1300,4187.1300,4187.1300,1,1,2026-08-24T00:00:00.000
3050,20260708,20260818,297,208,361,409,448,1,3,4188.5000,4188.5000,4188.5000,4188.5000,1,1,2026-08-24T00:00:00.000
3051,20260716,20260629,382,268,334,35,52,2,4,4189.8700,4189.8700,4189.8700,4189.8700,1,1,2026-08-24T00:00:00.000
3052,20260623,20260709,312,281,118,63,347,3,5,4191.2400,4191.2400,4191.2400,4191.2400,1,1,2026-08-24T00:00:00.000
3053,20260729,20260815,87,203,466,454,423,6,4,4192.6100,4192.6100,4192.6100,4192.6100,1,1,2026-08-24T00:00:00.000
3054,20260710,20260708,150,236,454,480,473,2,1,4193.9800,4193.9800,4193.9800,4193.9800,1,1,2026-08-24T00:00:00.000
3055,20260704,20260601,323,192,312,15,160,5,4,4195.3500,4195.3500,4195.3500,4195.3500,1,1,2026-08-24T00:00:00.000
3056,20260808,20260618,176,164,48,315,9,5,1,4196.7200,4196.7200,4196.7200,4196.7200,1,1,2026-08-24T00:00:00.000
3057,20260721,20260711,49,111,266,180,381,6,1,4198.0900,4198.0900,4198.0900,4198.0900,1,1,2026-08-24T00:00:00.000
3058,20260615,20260815,78,299,13,272,267,1,2,4199.4600,4199.4600,4199.4600,4199.4600,1,1,2026-08-24T00:00:00.000
3059,20260609,20260806,393,169,491,145,323,4,5,4200.8300,4200.8300,4200.8300,4200.8300,1,1,2026-08-24T00:00:00.000
3060,20260628,20260706,472,4,2,9,27,6,1,4202.2000,4202.2000,4202.2000,4202.2000,1,1,2026-08-24T00:00:00.000
3061,20260808,20260803,450,2,311,257,433,8,1,4203.5700,4203.5700,4203.5700,4203.5700,1,1,2026-08-24T00:00:00.000
3062,20260707,20260822,34,60,159,433,360,1,5,4204.9400,4204.9400,4204.9400,4204.9400,1,1,2026-08-24T00:00:00.000
3063,20260531,20260819,143,264,480,339,38,8,4,4206.3100,4206.3100,4206.3100,4206.3100,1,1,2026-08-24T00:00:00.000
3064,20260707,20260528,418,41,147,59,272,4,2,4207.6800,4207.6800,4207.6800,4207.6800,1,1,2026-08-24T00:00:00.000
3065,20260620,20260619,488,124,83,341,103,8,3,4209.0500,4209.0500,4209.0500,4209.0500,1,1,2026-08-24T00:00:00.000
3066,20260621,20260529,374,74,266,18,342,7,4,4210.4200,4210.4200,4210.4200,4210.4200,1,1,2026-08-24T00:00:00.000
3067,20260823,20260823,390,279,332,139,275,2,2,4211.7900,4211.7900,4211.7900,4211.7900,1,1,2026-08-24T00:00:00.000
3068,20260731,20260819,455,140,212,428,28,7,3,4213.1600,4213.1600,4213.1600,4213.1600,1,1,2026-08-24T00:00:00.000
3069,20260705,20260625,348,265,241,369,93,1,4,4214.5300,4214.5300,4214.5300,4214.5300,1,1,2026-08-24T00:00:00.000
3070,20260703,20260709,18,35,201,1,410,1,5,4215.9000,4215.9000,4215.9000,4215.9000,1,1,2026-08-24T00:00:00.000
3071,20260809,20260602,252,244,440,62,484,3,1,4217.2700,4217.2700,4217.2700,4217.2700,1,1,2026-08-24T00:00:00.000
3072,20260710,20260730,324,58,292,459,107,8,5,4218.6400,4218.6400,4218.6400,4218.6400,1,1,2026-08-24T00:00:00.000
3073,20260811,20260720,119,142,392,41,496,7,1,4220.0100,4220.0100,4220.0100,4220.0100,1,1,2026-08-24T00:00:00.000
3074,20260610,20260807,343,223,102,165,268,6,4,4221.3800,4221.3800,4221.3800,4221.3800,1,1,2026-08-24T00:00:00.000
3075,20260703,20260722,496,83,182,34,216,6,5,4222.7500,4222.7500,4222.7500,4222.7500,1,1,2026-08-24T00:00:00.000
3076,20260726,20260714,463,299,428,492,221,6,2,4224.1200,4224.1200,4224.1200,4224.1200,1,1,2026-08-24T00:00:00.000
3077,20260812,20260528,269,247,225,388,50,2,5,4225.4900,4225.4900,4225.4900,4225.4900,1,1,2026-08-24T00:00:00.000
3078,20260619,20260818,364,320,188,283,57,7,1,4226.8600,4226.8600,4226.8600,4226.8600,1,1,2026-08-24T00:00:00.000
3079,20260628,20260814,216,109,237,381,252,6,1,4228.2300,4228.2300,4228.2300,4228.2300,1,1,2026-08-24T00:00:00.000
3080,20260820,20260609,381,304,471,246,500,3,3,4229.6000,4229.6000,4229.6000,4229.6000,1,1,2026-08-24T00:00:00.000
3081,20260717,20260713,257,212,198,459,223,8,5,4230.9700,4230.9700,4230.9700,4230.9700,1,1,2026-08-24T00:00:00.000
3082,20260619,20260804,396,94,339,58,236,3,4,4232.3400,4232.3400,4232.3400,4232.3400,1,1,2026-08-24T00:00:00.000
3083,20260612,20260810,360,33,160,276,415,8,1,4233.7100,4233.7100,4233.7100,4233.7100,1,1,2026-08-24T00:00:00.000
3084,20260531,20260719,312,341,435,393,469,7,4,4235.0800,4235.0800,4235.0800,4235.0800,1,1,2026-08-24T00:00:00.000
3085,20260617,20260531,101,15,290,495,454,5,1,4236.4500,4236.4500,4236.4500,4236.4500,1,1,2026-08-24T00:00:00.000
3086,20260722,20260624,327,310,103,137,317,5,5,4237.8200,4237.8200,4237.8200,4237.8200,1,1,2026-08-24T00:00:00.000
3087,20260713,20260729,257,112,77,228,272,3,4,4239.1900,4239.1900,4239.1900,4239.1900,1,1,2026-08-24T00:00:00.000
3088,20260723,20260624,345,319,183,44,468,3,5,4240.5600,4240.5600,4240.5600,4240.5600,1,1,2026-08-24T00:00:00.000
3089,20260601,20260725,131,247,475,87,272,7,4,4241.9300,4241.9300,4241.9300,4241.9300,1,1,2026-08-24T00:00:00.000
3090,20260721,20260803,347,157,107,21,436,4,1,4243.3000,4243.3000,4243.3000,4243.3000,1,1,2026-08-24T00:00:00.000
3091,20260728,20260731,193,88,8,409,93,1,5,4244.6700,4244.6700,4244.6700,4244.6700,1,1,2026-08-24T00:00:00.000
3092,20260607,20260612,86,182,155,337,348,3,3,4246.0400,4246.0400,4246.0400,4246.0400,1,1,2026-08-24T00:00:00.000
3093,20260609,20260723,41,263,480,97,68,8,1,4247.4100,4247.4100,4247.4100,4247.4100,1,1,2026-08-24T00:00:00.000
3094,20260709,20260530,496,145,368,180,201,8,2,4248.7800,4248.7800,4248.7800,4248.7800,1,1,2026-08-24T00:00:00.000
3095,20260610,20260609,245,158,363,425,26,6,5,4250.1500,4250.1500,4250.1500,4250.1500,1,1,2026-08-24T00:00:00.000
3096,20260703,20260601,133,35,67,385,127,7,1,4251.5200,4251.5200,4251.5200,4251.5200,1,1,2026-08-24T00:00:00.000
3097,20260802,20260706,42,348,463,65,173,3,5,4252.8900,4252.8900,4252.8900,4252.8900,1,1,2026-08-24T00:00:00.000
3098,20260809,20260607,387,262,308,36,465,6,1,4254.2600,4254.2600,4254.2600,4254.2600,1,1,2026-08-24T00:00:00.000
3099,20260707,20260612,44,44,10,118,424,8,5,4255.6300,4255.6300,4255.6300,4255.6300,1,1,2026-08-24T00:00:00.000
3100,20260706,20260806,324,15,465,280,35,8,5,4257.0000,4257.0000,4257.0000,4257.0000,1,1,2026-08-24T00:00:00.000
3101,20260705,20260612,36,259,59,429,342,1,3,4258.3700,4258.3700,4258.3700,4258.3700,1,1,2026-08-24T00:00:00.000
3102,20260809,20260809,188,206,77,11,280,6,4,4259.7400,4259.7400,4259.7400,4259.7400,1,1,2026-08-24T00:00:00.000
3103,20260729,20260619,41,304,421,251,253,1,2,4261.1100,4261.1100,4261.1100,4261.1100,1,1,2026-08-24T00:00:00.000
3104,20260618,20260818,14,171,34,52,129,4,4,4262.4800,4262.4800,4262.4800,4262.4800,1,1,2026-08-24T00:00:00.000
3105,20260805,20260705,336,332,434,276,192,2,3,4263.8500,4263.8500,4263.8500,4263.8500,1,1,2026-08-24T00:00:00.000
3106,20260822,20260809,443,120,334,315,361,8,3,4265.2200,4265.2200,4265.2200,4265.2200,1,1,2026-08-24T00:00:00.000
3107,20260808,20260717,391,266,316,187,193,3,4,4266.5900,4266.5900,4266.5900,4266.5900,1,1,2026-08-24T00:00:00.000
3108,20260625,20260601,418,103,314,244,447,8,2,4267.9600,4267.9600,4267.9600,4267.9600,1,1,2026-08-24T00:00:00.000
3109,20260711,20260718,30,13,290,382,444,1,2,4269.3300,4269.3300,4269.3300,4269.3300,1,1,2026-08-24T00:00:00.000
3110,20260809,20260618,134,333,434,34,58,3,4,4270.7000,4270.7000,4270.7000,4270.7000,1,1,2026-08-24T00:00:00.000
3111,20260809,20260616,346,236,256,265,193,7,5,4272.0700,4272.0700,4272.0700,4272.0700,1,1,2026-08-24T00:00:00.000
3112,20260810,20260811,202,192,405,14,374,4,4,4273.4400,4273.4400,4273.4400,4273.4400,1,1,2026-08-24T00:00:00.000
3113,20260728,20260728,479,28,15,408,388,5,3,4274.8100,4274.8100,4274.8100,4274.8100,1,1,2026-08-24T00:00:00.000
3114,20260815,20260822,403,341,4,356,318,3,2,4276.1800,4276.1800,4276.1800,4276.1800,1,1,2026-08-24T00:00:00.000
3115,20260802,20260624,164,184,312,268,220,8,3,4277.5500,4277.5500,4277.5500,4277.5500,1,1,2026-08-24T00:00:00.000
3116,20260527,20260719,233,310,310,286,154,8,4,4278.9200,4278.9200,4278.9200,4278.9200,1,1,2026-08-24T00:00:00.000
3117,20260720,20260603,436,333,258,211,9,5,4,4280.2900,4280.2900,4280.2900,4280.2900,1,1,2026-08-24T00:00:00.000
3118,20260609,20260718,30,40,426,478,319,6,1,4281.6600,4281.6600,4281.6600,4281.6600,1,1,2026-08-24T00:00:00.000
3119,20260702,20260624,367,114,294,388,350,5,2,4283.0300,4283.0300,4283.0300,4283.0300,1,1,2026-08-24T00:00:00.000
3120,20260606,20260803,295,18,123,213,140,2,3,4284.4000,4284.4000,4284.4000,4284.4000,1,1,2026-08-24T00:00:00.000
3121,20260702,20260813,290,88,150,35,384,1,4,4285.7700,4285.7700,4285.7700,4285.7700,1,1,2026-08-24T00:00:00.000
3122,20260822,20260730,368,336,466,358,46,1,4,4287.1400,4287.1400,4287.1400,4287.1400,1,1,2026-08-24T00:00:00.000
3123,20260621,20260531,81,9,101,93,57,6,4,4288.5100,4288.5100,4288.5100,4288.5100,1,1,2026-08-24T00:00:00.000
3124,20260608,20260621,117,110,334,252,174,5,5,4289.8800,4289.8800,4289.8800,4289.8800,1,1,2026-08-24T00:00:00.000
3125,20260621,20260606,451,283,7,28,52,2,3,4291.2500,4291.2500,4291.2500,4291.2500,1,1,2026-08-24T00:00:00.000
3126,20260531,20260529,251,296,236,116,329,8,4,4292.6200,4292.6200,4292.6200,4292.6200,1,1,2026-08-24T00:00:00.000
3127,20260623,20260720,101,54,334,91,438,8,4,4293.9900,4293.9900,4293.9900,4293.9900,1,1,2026-08-24T00:00:00.000
3128,20260615,20260717,144,158,111,46,244,1,5,4295.3600,4295.3600,4295.3600,4295.3600,1,1,2026-08-24T00:00:00.000
3129,20260807,20260704,200,151,80,496,89,3,2,4296.7300,4296.7300,4296.7300,4296.7300,1,1,2026-08-24T00:00:00.000
3130,20260626,20260617,64,54,150,482,345,1,4,4298.1000,4298.1000,4298.1000,4298.1000,1,1,2026-08-24T00:00:00.000
3131,20260815,20260727,222,220,366,374,486,5,2,4299.4700,4299.4700,4299.4700,4299.4700,1,1,2026-08-24T00:00:00.000
3132,20260601,20260529,449,159,331,168,297,1,1,4300.8400,4300.8400,4300.8400,4300.8400,1,1,2026-08-24T00:00:00.000
3133,20260531,20260811,399,300,227,182,376,3,2,4302.2100,4302.2100,4302.2100,4302.2100,1,1,2026-08-24T00:00:00.000
3134,20260614,20260719,400,233,135,138,323,7,1,4303.5800,4303.5800,4303.5800,4303.5800,1,1,2026-08-24T00:00:00.000
3135,20260625,20260712,308,14,236,490,432,4,2,4304.9500,4304.9500,4304.9500,4304.9500,1,1,2026-08-24T00:00:00.000
3136,20260714,20260718,351,252,352,275,381,3,2,4306.3200,4306.3200,4306.3200,4306.3200,1,1,2026-08-24T00:00:00.000
3137,20260701,20260609,492,44,21,175,384,8,5,4307.6900,4307.6900,4307.6900,4307.6900,1,1,2026-08-24T00:00:00.000
3138,20260719,20260728,51,180,330,209,310,6,1,4309.0600,4309.0600,4309.0600,4309.0600,1,1,2026-08-24T00:00:00.000
3139,20260812,20260820,371,124,434,156,208,1,1,4310.4300,4310.4300,4310.4300,4310.4300,1,1,2026-08-24T00:00:00.000
3140,20260726,20260603,245,276,487,231,129,7,2,4311.8000,4311.8000,4311.8000,4311.8000,1,1,2026-08-24T00:00:00.000
3141,20260627,20260621,236,349,423,311,401,2,2,4313.1700,4313.1700,4313.1700,4313.1700,1,1,2026-08-24T00:00:00.000
3142,20260611,20260530,379,327,117,107,85,6,5,4314.5400,4314.5400,4314.5400,4314.5400,1,1,2026-08-24T00:00:00.000
3143,20260712,20260817,105,343,429,365,474,4,1,4315.9100,4315.9100,4315.9100,4315.9100,1,1,2026-08-24T00:00:00.000
3144,20260621,20260530,216,252,338,95,343,1,1,4317.2800,4317.2800,4317.2800,4317.2800,1,1,2026-08-24T00:00:00.000
3145,20260628,20260726,80,298,282,383,379,7,2,4318.6500,4318.6500,4318.6500,4318.6500,1,1,2026-08-24T00:00:00.000
3146,20260701,20260821,364,246,420,114,162,8,1,4320.0200,4320.0200,4320.0200,4320.0200,1,1,2026-08-24T00:00:00.000
3147,20260723,20260705,294,11,325,51,71,7,4,4321.3900,4321.3900,4321.3900,4321.3900,1,1,2026-08-24T00:00:00.000
3148,20260608,20260703,315,313,272,136,276,2,2,4322.7600,4322.7600,4322.7600,4322.7600,1,1,2026-08-24T00:00:00.000
3149,20260610,20260620,56,182,79,111,138,6,4,4324.1300,4324.1300,4324.1300,4324.1300,1,1,2026-08-24T00:00:00.000
3150,20260613,20260715,291,233,151,432,262,2,4,4325.5000,4325.5000,4325.5000,4325.5000,1,1,2026-08-24T00:00:00.000
3151,20260702,20260707,236,316,175,376,55,5,4,4326.8700,4326.8700,4326.8700,4326.8700,1,1,2026-08-24T00:00:00.000
3152,20260721,20260620,99,133,165,226,30,5,3,4328.2400,4328.2400,4328.2400,4328.2400,1,1,2026-08-24T00:00:00.000
3153,20260612,20260701,63,253,154,495,141,1,1,4329.6100,4329.6100,4329.6100,4329.6100,1,1,2026-08-24T00:00:00.000
3154,20260530,20260612,236,105,109,381,496,1,2,4330.9800,4330.9800,4330.9800,4330.9800,1,1,2026-08-24T00:00:00.000
3155,20260814,20260729,227,225,288,39,430,4,1,4332.3500,4332.3500,4332.3500,4332.3500,1,1,2026-08-24T00:00:00.000
3156,20260610,20260815,32,3,364,37,80,4,3,4333.7200,4333.7200,4333.7200,4333.7200,1,1,2026-08-24T00:00:00.000
3157,20260624,20260628,411,133,427,375,4,8,1,4335.0900,4335.0900,4335.0900,4335.0900,1,1,2026-08-24T00:00:00.000
3158,20260611,20260801,71,36,495,320,229,4,5,4336.4600,4336.4600,4336.4600,4336.4600,1,1,2026-08-24T00:00:00.000
3159,20260717,20260629,188,302,61,43,273,7,5,4337.8300,4337.8300,4337.8300,4337.8300,1,1,2026-08-24T00:00:00.000
3160,20260713,20260811,52,227,284,122,490,1,5,4339.2000,4339.2000,4339.2000,4339.2000,1,1,2026-08-24T00:00:00.000
3161,20260627,20260729,389,229,314,400,442,3,4,4340.5700,4340.5700,4340.5700,4340.5700,1,1,2026-08-24T00:00:00.000
3162,20260619,20260702,216,76,435,44,97,1,4,4341.9400,4341.9400,4341.9400,4341.9400,1,1,2026-08-24T00:00:00.000
3163,20260726,20260619,346,8,241,354,486,7,3,4343.3100,4343.3100,4343.3100,4343.3100,1,1,2026-08-24T00:00:00.000
3164,20260813,20260719,14,320,405,92,156,7,1,4344.6800,4344.6800,4344.6800,4344.6800,1,1,2026-08-24T00:00:00.000
3165,20260702,20260820,237,109,26,60,80,6,4,4346.0500,4346.0500,4346.0500,4346.0500,1,1,2026-08-24T00:00:00.000
3166,20260719,20260630,195,55,379,2,326,8,4,4347.4200,4347.4200,4347.4200,4347.4200,1,1,2026-08-24T00:00:00.000
3167,20260613,20260618,277,100,155,344,78,3,5,4348.7900,4348.7900,4348.7900,4348.7900,1,1,2026-08-24T00:00:00.000
3168,20260613,20260611,381,27,249,355,238,7,2,4350.1600,4350.1600,4350.1600,4350.1600,1,1,2026-08-24T00:00:00.000
3169,20260623,20260604,320,209,215,161,350,6,5,4351.5300,4351.5300,4351.5300,4351.5300,1,1,2026-08-24T00:00:00.000
3170,20260623,20260619,302,47,361,138,233,4,5,4352.9000,4352.9000,4352.9000,4352.9000,1,1,2026-08-24T00:00:00.000
3171,20260808,20260714,429,313,459,235,356,7,3,4354.2700,4354.2700,4354.2700,4354.2700,1,1,2026-08-24T00:00:00.000
3172,20260708,20260604,50,293,287,393,103,5,5,4355.6400,4355.6400,4355.6400,4355.6400,1,1,2026-08-24T00:00:00.000
3173,20260813,20260724,368,161,170,370,245,5,3,4357.0100,4357.0100,4357.0100,4357.0100,1,1,2026-08-24T00:00:00.000
3174,20260626,20260727,90,137,330,204,29,6,5,4358.3800,4358.3800,4358.3800,4358.3800,1,1,2026-08-24T00:00:00.000
3175,20260603,20260801,124,299,498,338,241,8,5,4359.7500,4359.7500,4359.7500,4359.7500,1,1,2026-08-24T00:00:00.000
3176,20260626,20260815,158,189,116,114,22,2,4,4361.1200,4361.1200,4361.1200,4361.1200,1,1,2026-08-24T00:00:00.000
3177,20260630,20260628,145,221,139,157,93,7,3,4362.4900,4362.4900,4362.4900,4362.4900,1,1,2026-08-24T00:00:00.000
3178,20260711,20260806,211,33,458,329,498,4,3,4363.8600,4363.8600,4363.8600,4363.8600,1,1,2026-08-24T00:00:00.000
3179,20260724,20260810,320,36,22,415,484,6,1,4365.2300,4365.2300,4365.2300,4365.2300,1,1,2026-08-24T00:00:00.000
3180,20260630,20260726,411,303,346,332,194,7,3,4366.6000,4366.6000,4366.6000,4366.6000,1,1,2026-08-24T00:00:00.000
3181,20260626,20260724,175,2,360,175,446,6,1,4367.9700,4367.9700,4367.9700,4367.9700,1,1,2026-08-24T00:00:00.000
3182,20260621,20260609,136,244,92,407,448,1,5,4369.3400,4369.3400,4369.3400,4369.3400,1,1,2026-08-24T00:00:00.000
3183,20260622,20260712,141,204,446,495,28,5,1,4370.7100,4370.7100,4370.7100,4370.7100,1,1,2026-08-24T00:00:00.000
3184,20260718,20260711,227,288,358,250,183,7,3,4372.0800,4372.0800,4372.0800,4372.0800,1,1,2026-08-24T00:00:00.000
3185,20260612,20260717,360,164,62,133,43,5,3,4373.4500,4373.4500,4373.4500,4373.4500,1,1,2026-08-24T00:00:00.000
3186,20260621,20260619,359,226,198,457,46,4,2,4374.8200,4374.8200,4374.8200,4374.8200,1,1,2026-08-24T00:00:00.000
3187,20260716,20260810,24,323,185,238,349,1,5,4376.1900,4376.1900,4376.1900,4376.1900,1,1,2026-08-24T00:00:00.000
3188,20260528,20260824,155,90,190,214,343,5,3,4377.5600,4377.5600,4377.5600,4377.5600,1,1,2026-08-24T00:00:00.000
3189,20260802,20260817,90,94,237,396,303,6,3,4378.9300,4378.9300,4378.9300,4378.9300,1,1,2026-08-24T00:00:00.000
3190,20260716,20260807,434,346,181,29,366,7,3,4380.3000,4380.3000,4380.3000,4380.3000,1,1,2026-08-24T00:00:00.000
3191,20260621,20260609,101,67,312,254,490,3,4,4381.6700,4381.6700,4381.6700,4381.6700,1,1,2026-08-24T00:00:00.000
3192,20260708,20260617,196,184,432,41,442,4,2,4383.0400,4383.0400,4383.0400,4383.0400,1,1,2026-08-24T00:00:00.000
3193,20260728,20260824,405,74,472,335,215,8,4,4384.4100,4384.4100,4384.4100,4384.4100,1,1,2026-08-24T00:00:00.000
3194,20260605,20260530,28,58,109,81,443,4,1,4385.7800,4385.7800,4385.7800,4385.7800,1,1,2026-08-24T00:00:00.000
3195,20260531,20260712,125,36,256,420,474,1,4,4387.1500,4387.1500,4387.1500,4387.1500,1,1,2026-08-24T00:00:00.000
3196,20260722,20260726,314,287,159,222,372,5,2,4388.5200,4388.5200,4388.5200,4388.5200,1,1,2026-08-24T00:00:00.000
3197,20260805,20260628,97,112,397,326,364,4,3,4389.8900,4389.8900,4389.8900,4389.8900,1,1,2026-08-24T00:00:00.000
3198,20260713,20260808,496,105,420,331,18,2,3,4391.2600,4391.2600,4391.2600,4391.2600,1,1,2026-08-24T00:00:00.000
3199,20260604,20260626,222,70,367,398,129,8,3,4392.6300,4392.6300,4392.6300,4392.6300,1,1,2026-08-24T00:00:00.000
3200,20260729,20260809,221,172,362,393,354,6,5,4394.0000,4394.0000,4394.0000,4394.0000,1,1,2026-08-24T00:00:00.000
3201,20260721,20260601,388,194,417,401,37,6,4,4395.3700,4395.3700,4395.3700,4395.3700,1,1,2026-08-24T00:00:00.000
3202,20260816,20260813,60,108,245,275,110,3,5,4396.7400,4396.7400,4396.7400,4396.7400,1,1,2026-08-24T00:00:00.000
3203,20260808,20260607,469,13,399,318,255,3,2,4398.1100,4398.1100,4398.1100,4398.1100,1,1,2026-08-24T00:00:00.000
3204,20260712,20260613,419,323,343,261,463,3,4,4399.4800,4399.4800,4399.4800,4399.4800,1,1,2026-08-24T00:00:00.000
3205,20260824,20260606,324,84,168,285,71,1,2,4400.8500,4400.8500,4400.8500,4400.8500,1,1,2026-08-24T00:00:00.000
3206,20260716,20260609,415,38,333,148,495,2,3,4402.2200,4402.2200,4402.2200,4402.2200,1,1,2026-08-24T00:00:00.000
3207,20260707,20260817,467,38,449,319,65,8,2,4403.5900,4403.5900,4403.5900,4403.5900,1,1,2026-08-24T00:00:00.000
3208,20260728,20260817,476,176,280,468,181,7,5,4404.9600,4404.9600,4404.9600,4404.9600,1,1,2026-08-24T00:00:00.000
3209,20260604,20260601,194,318,108,231,187,5,2,4406.3300,4406.3300,4406.3300,4406.3300,1,1,2026-08-24T00:00:00.000
3210,20260726,20260718,43,26,479,415,236,4,1,4407.7000,4407.7000,4407.7000,4407.7000,1,1,2026-08-24T00:00:00.000
3211,20260807,20260628,36,311,449,226,98,6,1,4409.0700,4409.0700,4409.0700,4409.0700,1,1,2026-08-24T00:00:00.000
3212,20260802,20260709,386,203,302,436,357,5,1,4410.4400,4410.4400,4410.4400,4410.4400,1,1,2026-08-24T00:00:00.000
3213,20260530,20260802,73,5,302,168,458,8,3,4411.8100,4411.8100,4411.8100,4411.8100,1,1,2026-08-24T00:00:00.000
3214,20260809,20260823,250,162,423,174,397,4,4,4413.1800,4413.1800,4413.1800,4413.1800,1,1,2026-08-24T00:00:00.000
3215,20260531,20260625,147,246,374,44,373,8,5,4414.5500,4414.5500,4414.5500,4414.5500,1,1,2026-08-24T00:00:00.000
3216,20260609,20260805,161,46,291,348,372,4,4,4415.9200,4415.9200,4415.9200,4415.9200,1,1,2026-08-24T00:00:00.000
3217,20260821,20260529,482,277,257,300,354,1,5,4417.2900,4417.2900,4417.2900,4417.2900,1,1,2026-08-24T00:00:00.000
3218,20260816,20260628,485,339,481,360,450,5,3,4418.6600,4418.6600,4418.6600,4418.6600,1,1,2026-08-24T00:00:00.000
3219,20260630,20260812,429,99,463,106,227,4,5,4420.0300,4420.0300,4420.0300,4420.0300,1,1,2026-08-24T00:00:00.000
3220,20260623,20260701,36,83,324,219,264,3,2,4421.4000,4421.4000,4421.4000,4421.4000,1,1,2026-08-24T00:00:00.000
3221,20260618,20260626,198,307,48,92,195,3,3,4422.7700,4422.7700,4422.7700,4422.7700,1,1,2026-08-24T00:00:00.000
3222,20260605,20260720,339,80,88,406,40,1,3,4424.1400,4424.1400,4424.1400,4424.1400,1,1,2026-08-24T00:00:00.000
3223,20260803,20260808,427,33,202,140,400,3,3,4425.5100,4425.5100,4425.5100,4425.5100,1,1,2026-08-24T00:00:00.000
3224,20260819,20260728,354,339,211,455,440,8,4,4426.8800,4426.8800,4426.8800,4426.8800,1,1,2026-08-24T00:00:00.000
3225,20260816,20260818,489,48,472,482,49,2,4,4428.2500,4428.2500,4428.2500,4428.2500,1,1,2026-08-24T00:00:00.000
3226,20260726,20260629,419,53,329,217,72,7,1,4429.6200,4429.6200,4429.6200,4429.6200,1,1,2026-08-24T00:00:00.000
3227,20260616,20260607,478,261,194,207,283,8,1,4430.9900,4430.9900,4430.9900,4430.9900,1,1,2026-08-24T00:00:00.000
3228,20260815,20260726,458,146,117,444,12,8,3,4432.3600,4432.3600,4432.3600,4432.3600,1,1,2026-08-24T00:00:00.000
3229,20260527,20260808,276,139,123,360,30,3,5,4433.7300,4433.7300,4433.7300,4433.7300,1,1,2026-08-24T00:00:00.000
3230,20260712,20260622,267,317,366,178,48,5,4,4435.1000,4435.1000,4435.1000,4435.1000,1,1,2026-08-24T00:00:00.000
3231,20260712,20260812,350,153,312,463,240,1,2,4436.4700,4436.4700,4436.4700,4436.4700,1,1,2026-08-24T00:00:00.000
3232,20260531,20260822,132,4,290,166,458,6,5,4437.8400,4437.8400,4437.8400,4437.8400,1,1,2026-08-24T00:00:00.000
3233,20260630,20260602,272,86,369,47,37,8,4,4439.2100,4439.2100,4439.2100,4439.2100,1,1,2026-08-24T00:00:00.000
3234,20260810,20260604,198,274,219,435,234,6,2,4440.5800,4440.5800,4440.5800,4440.5800,1,1,2026-08-24T00:00:00.000
3235,20260810,20260624,63,305,478,300,338,3,1,4441.9500,4441.9500,4441.9500,4441.9500,1,1,2026-08-24T00:00:00.000
3236,20260620,20260602,445,35,62,310,12,1,5,4443.3200,4443.3200,4443.3200,4443.3200,1,1,2026-08-24T00:00:00.000
3237,20260629,20260616,191,238,437,40,257,7,5,4444.6900,4444.6900,4444.6900,4444.6900,1,1,2026-08-24T00:00:00.000
3238,20260728,20260601,473,46,137,120,342,2,4,4446.0600,4446.0600,4446.0600,4446.0600,1,1,2026-08-24T00:00:00.000
3239,20260723,20260622,287,247,102,134,224,5,3,4447.4300,4447.4300,4447.4300,4447.4300,1,1,2026-08-24T00:00:00.000
3240,20260820,20260816,264,110,479,22,105,1,4,4448.8000,4448.8000,4448.8000,4448.8000,1,1,2026-08-24T00:00:00.000
3241,20260629,20260719,344,300,193,164,358,6,5,4450.1700,4450.1700,4450.1700,4450.1700,1,1,2026-08-24T00:00:00.000
3242,20260709,20260721,396,247,381,470,327,3,1,4451.5400,4451.5400,4451.5400,4451.5400,1,1,2026-08-24T00:00:00.000
3243,20260711,20260705,140,102,204,271,281,6,4,4452.9100,4452.9100,4452.9100,4452.9100,1,1,2026-08-24T00:00:00.000
3244,20260813,20260608,453,68,275,301,460,5,5,4454.2800,4454.2800,4454.2800,4454.2800,1,1,2026-08-24T00:00:00.000
3245,20260605,20260807,233,323,98,362,153,1,3,4455.6500,4455.6500,4455.6500,4455.6500,1,1,2026-08-24T00:00:00.000
3246,20260804,20260529,254,225,26,480,202,2,3,4457.0200,4457.0200,4457.0200,4457.0200,1,1,2026-08-24T00:00:00.000
3247,20260726,20260724,260,49,97,50,190,2,4,4458.3900,4458.3900,4458.3900,4458.3900,1,1,2026-08-24T00:00:00.000
3248,20260821,20260815,316,84,242,246,81,4,3,4459.7600,4459.7600,4459.7600,4459.7600,1,1,2026-08-24T00:00:00.000
3249,20260530,20260625,357,215,417,360,398,7,3,4461.1300,4461.1300,4461.1300,4461.1300,1,1,2026-08-24T00:00:00.000
3250,20260610,20260805,66,20,148,53,498,8,2,4462.5000,4462.5000,4462.5000,4462.5000,1,1,2026-08-24T00:00:00.000
3251,20260628,20260814,115,257,474,432,354,8,2,4463.8700,4463.8700,4463.8700,4463.8700,1,1,2026-08-24T00:00:00.000
3252,20260609,20260615,338,270,31,32,12,8,4,4465.2400,4465.2400,4465.2400,4465.2400,1,1,2026-08-24T00:00:00.000
3253,20260610,20260715,415,145,189,165,498,8,1,4466.6100,4466.6100,4466.6100,4466.6100,1,1,2026-08-24T00:00:00.000
3254,20260823,20260627,466,73,73,327,122,3,1,4467.9800,4467.9800,4467.9800,4467.9800,1,1,2026-08-24T00:00:00.000
3255,20260803,20260619,79,170,153,6,465,7,5,4469.3500,4469.3500,4469.3500,4469.3500,1,1,2026-08-24T00:00:00.000
3256,20260728,20260604,261,302,49,185,163,6,4,4470.7200,4470.7200,4470.7200,4470.7200,1,1,2026-08-24T00:00:00.000
3257,20260701,20260613,466,216,84,449,125,8,3,4472.0900,4472.0900,4472.0900,4472.0900,1,1,2026-08-24T00:00:00.000
3258,20260808,20260602,357,347,109,93,425,5,4,4473.4600,4473.4600,4473.4600,4473.4600,1,1,2026-08-24T00:00:00.000
3259,20260723,20260601,125,249,285,343,94,2,1,4474.8300,4474.8300,4474.8300,4474.8300,1,1,2026-08-24T00:00:00.000
3260,20260529,20260528,68,223,17,45,453,2,1,4476.2000,4476.2000,4476.2000,4476.2000,1,1,2026-08-24T00:00:00.000
3261,20260811,20260802,417,246,162,306,490,1,2,4477.5700,4477.5700,4477.5700,4477.5700,1,1,2026-08-24T00:00:00.000
3262,20260805,20260814,265,329,79,467,187,4,2,4478.9400,4478.9400,4478.9400,4478.9400,1,1,2026-08-24T00:00:00.000
3263,20260623,20260620,252,136,188,214,208,2,3,4480.3100,4480.3100,4480.3100,4480.3100,1,1,2026-08-24T00:00:00.000
3264,20260819,20260604,388,287,45,128,241,3,5,4481.6800,4481.6800,4481.6800,4481.6800,1,1,2026-08-24T00:00:00.000
3265,20260531,20260527,152,2,303,211,130,1,1,4483.0500,4483.0500,4483.0500,4483.0500,1,1,2026-08-24T00:00:00.000
3266,20260627,20260715,126,152,157,291,254,4,4,4484.4200,4484.4200,4484.4200,4484.4200,1,1,2026-08-24T00:00:00.000
3267,20260612,20260804,202,157,268,44,183,6,1,4485.7900,4485.7900,4485.7900,4485.7900,1,1,2026-08-24T00:00:00.000
3268,20260629,20260707,485,232,36,361,21,7,3,4487.1600,4487.1600,4487.1600,4487.1600,1,1,2026-08-24T00:00:00.000
3269,20260621,20260611,129,79,299,433,18,7,1,4488.5300,4488.5300,4488.5300,4488.5300,1,1,2026-08-24T00:00:00.000
3270,20260531,20260613,94,227,369,393,80,6,1,4489.9000,4489.9000,4489.9000,4489.9000,1,1,2026-08-24T00:00:00.000
3271,20260727,20260801,85,334,271,255,346,8,3,4491.2700,4491.2700,4491.2700,4491.2700,1,1,2026-08-24T00:00:00.000
3272,20260605,20260630,294,278,400,146,45,1,4,4492.6400,4492.6400,4492.6400,4492.6400,1,1,2026-08-24T00:00:00.000
3273,20260820,20260702,307,108,359,116,182,4,3,4494.0100,4494.0100,4494.0100,4494.0100,1,1,2026-08-24T00:00:00.000
3274,20260713,20260617,350,86,411,326,492,8,3,4495.3800,4495.3800,4495.3800,4495.3800,1,1,2026-08-24T00:00:00.000
3275,20260731,20260802,362,58,308,61,402,7,3,4496.7500,4496.7500,4496.7500,4496.7500,1,1,2026-08-24T00:00:00.000
3276,20260725,20260728,242,114,128,297,50,3,2,4498.1200,4498.1200,4498.1200,4498.1200,1,1,2026-08-24T00:00:00.000
3277,20260718,20260623,83,22,12,174,479,6,5,4499.4900,4499.4900,4499.4900,4499.4900,1,1,2026-08-24T00:00:00.000
3278,20260816,20260728,418,93,274,231,8,4,1,4500.8600,4500.8600,4500.8600,4500.8600,1,1,2026-08-24T00:00:00.000
3279,20260609,20260818,90,232,93,283,487,3,2,4502.2300,4502.2300,4502.2300,4502.2300,1,1,2026-08-24T00:00:00.000
3280,20260722,20260528,211,221,349,387,288,7,3,4503.6000,4503.6000,4503.6000,4503.6000,1,1,2026-08-24T00:00:00.000
3281,20260627,20260812,111,142,163,310,315,2,3,4504.9700,4504.9700,4504.9700,4504.9700,1,1,2026-08-24T00:00:00.000
3282,20260709,20260530,103,190,180,364,348,8,4,4506.3400,4506.3400,4506.3400,4506.3400,1,1,2026-08-24T00:00:00.000
3283,20260731,20260724,386,253,24,229,444,3,5,4507.7100,4507.7100,4507.7100,4507.7100,1,1,2026-08-24T00:00:00.000
3284,20260609,20260619,142,192,295,105,1,6,1,4509.0800,4509.0800,4509.0800,4509.0800,1,1,2026-08-24T00:00:00.000
3285,20260713,20260618,291,341,206,158,337,3,2,4510.4500,4510.4500,4510.4500,4510.4500,1,1,2026-08-24T00:00:00.000
3286,20260624,20260719,215,170,351,412,14,3,1,4511.8200,4511.8200,4511.8200,4511.8200,1,1,2026-08-24T00:00:00.000
3287,20260628,20260603,376,108,272,127,245,6,4,4513.1900,4513.1900,4513.1900,4513.1900,1,1,2026-08-24T00:00:00.000
3288,20260724,20260817,164,151,102,116,109,7,1,4514.5600,4514.5600,4514.5600,4514.5600,1,1,2026-08-24T00:00:00.000
3289,20260620,20260707,134,109,362,96,360,6,3,4515.9300,4515.9300,4515.9300,4515.9300,1,1,2026-08-24T00:00:00.000
3290,20260701,20260728,371,30,290,379,106,4,1,4517.3000,4517.3000,4517.3000,4517.3000,1,1,2026-08-24T00:00:00.000
3291,20260622,20260817,226,196,434,165,262,1,1,4518.6700,4518.6700,4518.6700,4518.6700,1,1,2026-08-24T00:00:00.000
3292,20260724,20260717,450,224,233,363,136,7,1,4520.0400,4520.0400,4520.0400,4520.0400,1,1,2026-08-24T00:00:00.000
3293,20260716,20260812,401,19,479,348,69,8,1,4521.4100,4521.4100,4521.4100,4521.4100,1,1,2026-08-24T00:00:00.000
3294,20260601,20260807,237,104,460,379,316,2,4,4522.7800,4522.7800,4522.7800,4522.7800,1,1,2026-08-24T00:00:00.000
3295,20260601,20260610,390,138,445,362,421,3,5,4524.1500,4524.1500,4524.1500,4524.1500,1,1,2026-08-24T00:00:00.000
3296,20260823,20260728,165,348,146,134,379,7,1,4525.5200,4525.5200,4525.5200,4525.5200,1,1,2026-08-24T00:00:00.000
3297,20260809,20260607,384,235,119,69,16,8,3,4526.8900,4526.8900,4526.8900,4526.8900,1,1,2026-08-24T00:00:00.000
3298,20260804,20260627,349,210,113,78,472,7,2,4528.2600,4528.2600,4528.2600,4528.2600,1,1,2026-08-24T00:00:00.000
3299,20260822,20260809,248,326,130,294,208,4,4,4529.6300,4529.6300,4529.6300,4529.6300,1,1,2026-08-24T00:00:00.000
3300,20260623,20260615,352,201,80,103,150,1,3,4531.0000,4531.0000,4531.0000,4531.0000,1,1,2026-08-24T00:00:00.000
3301,20260630,20260527,378,165,213,272,23,3,1,4532.3700,4532.3700,4532.3700,4532.3700,1,1,2026-08-24T00:00:00.000
3302,20260605,20260729,15,186,420,380,1,6,4,4533.7400,4533.7400,4533.7400,4533.7400,1,1,2026-08-24T00:00:00.000
3303,20260714,20260815,426,4,267,161,190,5,3,4535.1100,4535.1100,4535.1100,4535.1100,1,1,2026-08-24T00:00:00.000
3304,20260709,20260625,467,170,369,191,16,4,5,4536.4800,4536.4800,4536.4800,4536.4800,1,1,2026-08-24T00:00:00.000
3305,20260813,20260728,298,29,240,328,174,8,3,4537.8500,4537.8500,4537.8500,4537.8500,1,1,2026-08-24T00:00:00.000
3306,20260615,20260630,400,189,20,434,305,2,1,4539.2200,4539.2200,4539.2200,4539.2200,1,1,2026-08-24T00:00:00.000
3307,20260804,20260817,145,10,374,494,327,1,4,4540.5900,4540.5900,4540.5900,4540.5900,1,1,2026-08-24T00:00:00.000
3308,20260823,20260622,27,206,63,258,102,2,5,4541.9600,4541.9600,4541.9600,4541.9600,1,1,2026-08-24T00:00:00.000
3309,20260602,20260811,244,207,43,486,233,1,3,4543.3300,4543.3300,4543.3300,4543.3300,1,1,2026-08-24T00:00:00.000
3310,20260707,20260811,419,130,212,371,262,4,1,4544.7000,4544.7000,4544.7000,4544.7000,1,1,2026-08-24T00:00:00.000
3311,20260714,20260821,17,175,489,15,389,6,4,4546.0700,4546.0700,4546.0700,4546.0700,1,1,2026-08-24T00:00:00.000
3312,20260613,20260619,478,104,328,133,466,7,2,4547.4400,4547.4400,4547.4400,4547.4400,1,1,2026-08-24T00:00:00.000
3313,20260727,20260822,177,344,474,181,205,6,4,4548.8100,4548.8100,4548.8100,4548.8100,1,1,2026-08-24T00:00:00.000
3314,20260527,20260602,312,40,330,398,145,2,4,4550.1800,4550.1800,4550.1800,4550.1800,1,1,2026-08-24T00:00:00.000
3315,20260610,20260801,309,123,269,418,223,3,1,4551.5500,4551.5500,4551.5500,4551.5500,1,1,2026-08-24T00:00:00.000
3316,20260618,20260820,170,165,358,185,171,2,5,4552.9200,4552.9200,4552.9200,4552.9200,1,1,2026-08-24T00:00:00.000
3317,20260608,20260713,264,39,194,71,14,7,2,4554.2900,4554.2900,4554.2900,4554.2900,1,1,2026-08-24T00:00:00.000
3318,20260708,20260718,40,53,163,439,276,4,3,4555.6600,4555.6600,4555.6600,4555.6600,1,1,2026-08-24T00:00:00.000
3319,20260707,20260726,296,7,179,274,361,6,1,4557.0300,4557.0300,4557.0300,4557.0300,1,1,2026-08-24T00:00:00.000
3320,20260811,20260628,448,51,369,430,77,8,3,4558.4000,4558.4000,4558.4000,4558.4000,1,1,2026-08-24T00:00:00.000
3321,20260722,20260805,333,228,193,79,217,8,2,4559.7700,4559.7700,4559.7700,4559.7700,1,1,2026-08-24T00:00:00.000
3322,20260602,20260615,250,196,89,398,185,2,1,4561.1400,4561.1400,4561.1400,4561.1400,1,1,2026-08-24T00:00:00.000
3323,20260527,20260628,493,215,363,33,83,3,5,4562.5100,4562.5100,4562.5100,4562.5100,1,1,2026-08-24T00:00:00.000
3324,20260530,20260731,104,30,99,212,435,5,3,4563.8800,4563.8800,4563.8800,4563.8800,1,1,2026-08-24T00:00:00.000
3325,20260818,20260602,395,288,265,228,477,6,3,4565.2500,4565.2500,4565.2500,4565.2500,1,1,2026-08-24T00:00:00.000
3326,20260604,20260818,175,125,376,249,25,5,4,4566.6200,4566.6200,4566.6200,4566.6200,1,1,2026-08-24T00:00:00.000
3327,20260531,20260722,241,14,351,286,304,5,1,4567.9900,4567.9900,4567.9900,4567.9900,1,1,2026-08-24T00:00:00.000
3328,20260724,20260718,428,272,440,339,123,4,1,4569.3600,4569.3600,4569.3600,4569.3600,1,1,2026-08-24T00:00:00.000
3329,20260806,20260609,247,334,117,273,97,2,2,4570.7300,4570.7300,4570.7300,4570.7300,1,1,2026-08-24T00:00:00.000
3330,20260711,20260617,314,127,415,182,424,4,1,4572.1000,4572.1000,4572.1000,4572.1000,1,1,2026-08-24T00:00:00.000
3331,20260613,20260817,263,131,438,267,449,2,3,4573.4700,4573.4700,4573.4700,4573.4700,1,1,2026-08-24T00:00:00.000
3332,20260718,20260810,306,70,187,74,419,8,4,4574.8400,4574.8400,4574.8400,4574.8400,1,1,2026-08-24T00:00:00.000
3333,20260815,20260815,208,218,435,138,492,2,1,4576.2100,4576.2100,4576.2100,4576.2100,1,1,2026-08-24T00:00:00.000
3334,20260530,20260726,370,133,125,361,383,5,2,4577.5800,4577.5800,4577.5800,4577.5800,1,1,2026-08-24T00:00:00.000
3335,20260708,20260812,32,124,71,89,127,8,3,4578.9500,4578.9500,4578.9500,4578.9500,1,1,2026-08-24T00:00:00.000
3336,20260801,20260720,166,96,385,129,211,3,1,4580.3200,4580.3200,4580.3200,4580.3200,1,1,2026-08-24T00:00:00.000
3337,20260612,20260824,253,280,90,269,142,2,4,4581.6900,4581.6900,4581.6900,4581.6900,1,1,2026-08-24T00:00:00.000
3338,20260715,20260702,37,14,471,406,476,4,3,4583.0600,4583.0600,4583.0600,4583.0600,1,1,2026-08-24T00:00:00.000
3339,20260702,20260609,335,347,45,35,366,6,4,4584.4300,4584.4300,4584.4300,4584.4300,1,1,2026-08-24T00:00:00.000
3340,20260702,20260615,444,166,497,98,89,5,3,4585.8000,4585.8000,4585.8000,4585.8000,1,1,2026-08-24T00:00:00.000
3341,20260705,20260701,265,193,352,430,281,7,4,4587.1700,4587.1700,4587.1700,4587.1700,1,1,2026-08-24T00:00:00.000
3342,20260809,20260629,338,330,56,125,104,8,4,4588.5400,4588.5400,4588.5400,4588.5400,1,1,2026-08-24T00:00:00.000
3343,20260712,20260621,273,342,16,204,404,8,2,4589.9100,4589.9100,4589.9100,4589.9100,1,1,2026-08-24T00:00:00.000
3344,20260601,20260614,304,225,421,496,98,4,3,4591.2800,4591.2800,4591.2800,4591.2800,1,1,2026-08-24T00:00:00.000
3345,20260707,20260622,24,316,57,134,58,8,4,4592.6500,4592.6500,4592.6500,4592.6500,1,1,2026-08-24T00:00:00.000
3346,20260605,20260815,245,19,435,127,203,1,2,4594.0200,4594.0200,4594.0200,4594.0200,1,1,2026-08-24T00:00:00.000
3347,20260619,20260610,410,145,287,422,273,5,3,4595.3900,4595.3900,4595.3900,4595.3900,1,1,2026-08-24T00:00:00.000
3348,20260527,20260530,127,94,254,133,479,1,2,4596.7600,4596.7600,4596.7600,4596.7600,1,1,2026-08-24T00:00:00.000
3349,20260626,20260818,264,250,181,316,301,8,5,4598.1300,4598.1300,4598.1300,4598.1300,1,1,2026-08-24T00:00:00.000
3350,20260818,20260809,159,16,200,484,250,6,4,4599.5000,4599.5000,4599.5000,4599.5000,1,1,2026-08-24T00:00:00.000
3351,20260604,20260610,317,240,230,108,493,3,3,4600.8700,4600.8700,4600.8700,4600.8700,1,1,2026-08-24T00:00:00.000
3352,20260807,20260725,335,327,10,129,227,8,2,4602.2400,4602.2400,4602.2400,4602.2400,1,1,2026-08-24T00:00:00.000
3353,20260530,20260531,313,19,392,306,253,5,1,4603.6100,4603.6100,4603.6100,4603.6100,1,1,2026-08-24T00:00:00.000
3354,20260810,20260728,341,263,31,268,471,6,4,4604.9800,4604.9800,4604.9800,4604.9800,1,1,2026-08-24T00:00:00.000
3355,20260812,20260630,377,200,342,208,220,5,1,4606.3500,4606.3500,4606.3500,4606.3500,1,1,2026-08-24T00:00:00.000
3356,20260617,20260606,258,297,11,170,456,4,3,4607.7200,4607.7200,4607.7200,4607.7200,1,1,2026-08-24T00:00:00.000
3357,20260613,20260805,358,187,408,396,218,2,5,4609.0900,4609.0900,4609.0900,4609.0900,1,1,2026-08-24T00:00:00.000
3358,20260805,20260729,356,147,170,219,367,2,3,4610.4600,4610.4600,4610.4600,4610.4600,1,1,2026-08-24T00:00:00.000
3359,20260823,20260718,341,345,12,74,115,5,1,4611.8300,4611.8300,4611.8300,4611.8300,1,1,2026-08-24T00:00:00.000
3360,20260528,20260817,194,36,358,28,132,7,4,4613.2000,4613.2000,4613.2000,4613.2000,1,1,2026-08-24T00:00:00.000
3361,20260622,20260803,390,266,73,312,288,4,1,4614.5700,4614.5700,4614.5700,4614.5700,1,1,2026-08-24T00:00:00.000
3362,20260706,20260531,314,261,453,417,470,4,2,4615.9400,4615.9400,4615.9400,4615.9400,1,1,2026-08-24T00:00:00.000
3363,20260617,20260802,309,303,285,417,306,2,5,4617.3100,4617.3100,4617.3100,4617.3100,1,1,2026-08-24T00:00:00.000
3364,20260708,20260706,81,149,14,112,396,6,4,4618.6800,4618.6800,4618.6800,4618.6800,1,1,2026-08-24T00:00:00.000
3365,20260730,20260819,371,2,132,77,342,6,4,4620.0500,4620.0500,4620.0500,4620.0500,1,1,2026-08-24T00:00:00.000
3366,20260713,20260609,191,4,426,481,94,3,5,4621.4200,4621.4200,4621.4200,4621.4200,1,1,2026-08-24T00:00:00.000
3367,20260528,20260621,101,225,460,236,48,7,2,4622.7900,4622.7900,4622.7900,4622.7900,1,1,2026-08-24T00:00:00.000
3368,20260720,20260805,414,144,124,159,468,4,1,4624.1600,4624.1600,4624.1600,4624.1600,1,1,2026-08-24T00:00:00.000
3369,20260817,20260610,475,120,143,378,391,7,5,4625.5300,4625.5300,4625.5300,4625.5300,1,1,2026-08-24T00:00:00.000
3370,20260811,20260803,379,83,470,453,87,1,2,4626.9000,4626.9000,4626.9000,4626.9000,1,1,2026-08-24T00:00:00.000
3371,20260602,20260710,333,114,102,119,342,5,5,4628.2700,4628.2700,4628.2700,4628.2700,1,1,2026-08-24T00:00:00.000
3372,20260611,20260605,1,104,115,111,482,3,5,4629.6400,4629.6400,4629.6400,4629.6400,1,1,2026-08-24T00:00:00.000
3373,20260816,20260620,138,153,500,80,145,4,1,4631.0100,4631.0100,4631.0100,4631.0100,1,1,2026-08-24T00:00:00.000
3374,20260613,20260824,267,53,154,161,449,3,3,4632.3800,4632.3800,4632.3800,4632.3800,1,1,2026-08-24T00:00:00.000
3375,20260821,20260531,466,135,91,495,348,4,5,4633.7500,4633.7500,4633.7500,4633.7500,1,1,2026-08-24T00:00:00.000
3376,20260724,20260817,73,168,309,248,450,2,4,4635.1200,4635.1200,4635.1200,4635.1200,1,1,2026-08-24T00:00:00.000
3377,20260812,20260808,98,265,154,99,220,7,4,4636.4900,4636.4900,4636.4900,4636.4900,1,1,2026-08-24T00:00:00.000
3378,20260807,20260719,216,85,324,476,59,8,3,4637.8600,4637.8600,4637.8600,4637.8600,1,1,2026-08-24T00:00:00.000
3379,20260706,20260619,139,346,452,234,161,4,1,4639.2300,4639.2300,4639.2300,4639.2300,1,1,2026-08-24T00:00:00.000
3380,20260809,20260719,367,15,18,105,70,8,4,4640.6000,4640.6000,4640.6000,4640.6000,1,1,2026-08-24T00:00:00.000
3381,20260806,20260806,410,211,352,151,74,6,4,4641.9700,4641.9700,4641.9700,4641.9700,1,1,2026-08-24T00:00:00.000
3382,20260723,20260727,301,188,378,244,485,7,3,4643.3400,4643.3400,4643.3400,4643.3400,1,1,2026-08-24T00:00:00.000
3383,20260603,20260822,42,29,402,347,168,3,5,4644.7100,4644.7100,4644.7100,4644.7100,1,1,2026-08-24T00:00:00.000
3384,20260607,20260615,348,272,497,72,250,4,5,4646.0800,4646.0800,4646.0800,4646.0800,1,1,2026-08-24T00:00:00.000
3385,20260612,20260806,422,51,46,231,54,5,2,4647.4500,4647.4500,4647.4500,4647.4500,1,1,2026-08-24T00:00:00.000
3386,20260811,20260621,49,32,423,94,74,6,4,4648.8200,4648.8200,4648.8200,4648.8200,1,1,2026-08-24T00:00:00.000
3387,20260630,20260803,449,93,254,471,2,6,5,4650.1900,4650.1900,4650.1900,4650.1900,1,1,2026-08-24T00:00:00.000
3388,20260806,20260818,458,157,298,183,58,3,4,4651.5600,4651.5600,4651.5600,4651.5600,1,1,2026-08-24T00:00:00.000
3389,20260628,20260802,499,131,447,351,374,7,2,4652.9300,4652.9300,4652.9300,4652.9300,1,1,2026-08-24T00:00:00.000
3390,20260812,20260714,228,49,483,442,404,2,2,4654.3000,4654.3000,4654.3000,4654.3000,1,1,2026-08-24T00:00:00.000
3391,20260724,20260810,121,215,98,477,108,4,5,4655.6700,4655.6700,4655.6700,4655.6700,1,1,2026-08-24T00:00:00.000
3392,20260625,20260808,471,325,116,342,41,5,4,4657.0400,4657.0400,4657.0400,4657.0400,1,1,2026-08-24T00:00:00.000
3393,20260812,20260607,287,283,306,477,167,3,4,4658.4100,4658.4100,4658.4100,4658.4100,1,1,2026-08-24T00:00:00.000
3394,20260809,20260815,16,259,173,46,221,2,5,4659.7800,4659.7800,4659.7800,4659.7800,1,1,2026-08-24T00:00:00.000
3395,20260701,20260615,194,19,405,362,442,4,3,4661.1500,4661.1500,4661.1500,4661.1500,1,1,2026-08-24T00:00:00.000
3396,20260722,20260613,485,80,221,302,42,8,2,4662.5200,4662.5200,4662.5200,4662.5200,1,1,2026-08-24T00:00:00.000
3397,20260724,20260604,218,131,437,93,155,2,5,4663.8900,4663.8900,4663.8900,4663.8900,1,1,2026-08-24T00:00:00.000
3398,20260626,20260726,57,202,76,162,249,3,5,4665.2600,4665.2600,4665.2600,4665.2600,1,1,2026-08-24T00:00:00.000
3399,20260530,20260730,326,253,422,413,214,1,2,4666.6300,4666.6300,4666.6300,4666.6300,1,1,2026-08-24T00:00:00.000
3400,20260716,20260621,273,220,490,224,113,5,5,4668.0000,4668.0000,4668.0000,4668.0000,1,1,2026-08-24T00:00:00.000
3401,20260612,20260712,380,273,249,252,91,1,2,4669.3700,4669.3700,4669.3700,4669.3700,1,1,2026-08-24T00:00:00.000
3402,20260817,20260728,479,81,245,159,96,5,5,4670.7400,4670.7400,4670.7400,4670.7400,1,1,2026-08-24T00:00:00.000
3403,20260704,20260614,17,296,218,423,29,4,3,4672.1100,4672.1100,4672.1100,4672.1100,1,1,2026-08-24T00:00:00.000
3404,20260729,20260709,97,160,151,249,424,3,5,4673.4800,4673.4800,4673.4800,4673.4800,1,1,2026-08-24T00:00:00.000
3405,20260820,20260820,230,14,409,400,149,1,5,4674.8500,4674.8500,4674.8500,4674.8500,1,1,2026-08-24T00:00:00.000
3406,20260824,20260620,418,321,383,98,238,5,2,4676.2200,4676.2200,4676.2200,4676.2200,1,1,2026-08-24T00:00:00.000
3407,20260821,20260603,96,21,489,239,356,7,4,4677.5900,4677.5900,4677.5900,4677.5900,1,1,2026-08-24T00:00:00.000
3408,20260605,20260712,141,4,32,357,262,3,4,4678.9600,4678.9600,4678.9600,4678.9600,1,1,2026-08-24T00:00:00.000
3409,20260730,20260618,60,129,252,500,278,5,5,4680.3300,4680.3300,4680.3300,4680.3300,1,1,2026-08-24T00:00:00.000
3410,20260617,20260623,412,213,376,226,250,7,4,4681.7000,4681.7000,4681.7000,4681.7000,1,1,2026-08-24T00:00:00.000
3411,20260609,20260813,336,158,382,137,275,5,1,4683.0700,4683.0700,4683.0700,4683.0700,1,1,2026-08-24T00:00:00.000
3412,20260624,20260708,304,124,92,399,144,3,1,4684.4400,4684.4400,4684.4400,4684.4400,1,1,2026-08-24T00:00:00.000
3413,20260630,20260724,282,51,324,331,119,1,3,4685.8100,4685.8100,4685.8100,4685.8100,1,1,2026-08-24T00:00:00.000
3414,20260821,20260723,147,48,7,87,101,7,4,4687.1800,4687.1800,4687.1800,4687.1800,1,1,2026-08-24T00:00:00.000
3415,20260531,20260619,485,65,143,445,295,1,3,4688.5500,4688.5500,4688.5500,4688.5500,1,1,2026-08-24T00:00:00.000
3416,20260702,20260529,220,180,25,325,363,7,4,4689.9200,4689.9200,4689.9200,4689.9200,1,1,2026-08-24T00:00:00.000
3417,20260614,20260608,348,269,448,272,145,6,1,4691.2900,4691.2900,4691.2900,4691.2900,1,1,2026-08-24T00:00:00.000
3418,20260627,20260718,356,53,235,173,258,4,3,4692.6600,4692.6600,4692.6600,4692.6600,1,1,2026-08-24T00:00:00.000
3419,20260622,20260817,95,63,195,118,52,8,2,4694.0300,4694.0300,4694.0300,4694.0300,1,1,2026-08-24T00:00:00.000
3420,20260531,20260817,221,275,311,132,33,6,3,4695.4000,4695.4000,4695.4000,4695.4000,1,1,2026-08-24T00:00:00.000
3421,20260730,20260723,139,94,58,433,424,5,5,4696.7700,4696.7700,4696.7700,4696.7700,1,1,2026-08-24T00:00:00.000
3422,20260615,20260527,65,113,389,397,465,3,5,4698.1400,4698.1400,4698.1400,4698.1400,1,1,2026-08-24T00:00:00.000
3423,20260623,20260722,301,310,191,392,250,4,4,4699.5100,4699.5100,4699.5100,4699.5100,1,1,2026-08-24T00:00:00.000
3424,20260621,20260530,84,173,374,140,93,3,3,4700.8800,4700.8800,4700.8800,4700.8800,1,1,2026-08-24T00:00:00.000
3425,20260612,20260623,147,159,207,331,179,2,3,4702.2500,4702.2500,4702.2500,4702.2500,1,1,2026-08-24T00:00:00.000
3426,20260819,20260616,419,96,414,268,19,8,3,4703.6200,4703.6200,4703.6200,4703.6200,1,1,2026-08-24T00:00:00.000
3427,20260608,20260701,153,254,30,424,495,7,1,4704.9900,4704.9900,4704.9900,4704.9900,1,1,2026-08-24T00:00:00.000
3428,20260531,20260723,356,316,163,494,449,5,4,4706.3600,4706.3600,4706.3600,4706.3600,1,1,2026-08-24T00:00:00.000
3429,20260806,20260706,84,205,309,308,271,8,1,4707.7300,4707.7300,4707.7300,4707.7300,1,1,2026-08-24T00:00:00.000
3430,20260701,20260616,400,140,112,327,44,7,3,4709.1000,4709.1000,4709.1000,4709.1000,1,1,2026-08-24T00:00:00.000
3431,20260606,20260723,296,189,382,287,129,2,3,4710.4700,4710.4700,4710.4700,4710.4700,1,1,2026-08-24T00:00:00.000
3432,20260704,20260531,353,113,391,300,112,2,1,4711.8400,4711.8400,4711.8400,4711.8400,1,1,2026-08-24T00:00:00.000
3433,20260726,20260529,470,51,307,130,331,7,4,4713.2100,4713.2100,4713.2100,4713.2100,1,1,2026-08-24T00:00:00.000
3434,20260622,20260805,153,73,416,282,369,8,4,4714.5800,4714.5800,4714.5800,4714.5800,1,1,2026-08-24T00:00:00.000
3435,20260601,20260805,331,72,230,116,369,5,5,4715.9500,4715.9500,4715.9500,4715.9500,1,1,2026-08-24T00:00:00.000
3436,20260726,20260611,293,267,56,122,170,5,4,4717.3200,4717.3200,4717.3200,4717.3200,1,1,2026-08-24T00:00:00.000
3437,20260620,20260812,180,297,446,197,214,8,5,4718.6900,4718.6900,4718.6900,4718.6900,1,1,2026-08-24T00:00:00.000
3438,20260621,20260724,39,246,316,92,336,7,4,4720.0600,4720.0600,4720.0600,4720.0600,1,1,2026-08-24T00:00:00.000
3439,20260626,20260621,278,136,143,362,496,5,5,4721.4300,4721.4300,4721.4300,4721.4300,1,1,2026-08-24T00:00:00.000
3440,20260729,20260629,59,309,242,103,169,1,3,4722.8000,4722.8000,4722.8000,4722.8000,1,1,2026-08-24T00:00:00.000
3441,20260805,20260819,468,41,418,20,15,3,3,4724.1700,4724.1700,4724.1700,4724.1700,1,1,2026-08-24T00:00:00.000
3442,20260625,20260606,434,26,154,116,214,7,5,4725.5400,4725.5400,4725.5400,4725.5400,1,1,2026-08-24T00:00:00.000
3443,20260724,20260702,488,98,304,103,230,7,4,4726.9100,4726.9100,4726.9100,4726.9100,1,1,2026-08-24T00:00:00.000
3444,20260814,20260605,100,323,490,77,378,5,5,4728.2800,4728.2800,4728.2800,4728.2800,1,1,2026-08-24T00:00:00.000
3445,20260606,20260608,80,45,405,3,478,7,3,4729.6500,4729.6500,4729.6500,4729.6500,1,1,2026-08-24T00:00:00.000
3446,20260528,20260813,280,147,382,133,377,6,2,4731.0200,4731.0200,4731.0200,4731.0200,1,1,2026-08-24T00:00:00.000
3447,20260805,20260725,138,203,178,196,33,5,4,4732.3900,4732.3900,4732.3900,4732.3900,1,1,2026-08-24T00:00:00.000
3448,20260629,20260729,184,57,322,260,387,3,1,4733.7600,4733.7600,4733.7600,4733.7600,1,1,2026-08-24T00:00:00.000
3449,20260704,20260723,2,251,109,3,92,7,4,4735.1300,4735.1300,4735.1300,4735.1300,1,1,2026-08-24T00:00:00.000
3450,20260622,20260605,388,260,492,453,97,7,4,4736.5000,4736.5000,4736.5000,4736.5000,1,1,2026-08-24T00:00:00.000
3451,20260530,20260716,41,214,77,378,256,5,2,4737.8700,4737.8700,4737.8700,4737.8700,1,1,2026-08-24T00:00:00.000
3452,20260815,20260623,5,300,482,322,148,6,4,4739.2400,4739.2400,4739.2400,4739.2400,1,1,2026-08-24T00:00:00.000
3453,20260714,20260612,391,286,55,135,262,1,3,4740.6100,4740.6100,4740.6100,4740.6100,1,1,2026-08-24T00:00:00.000
3454,20260613,20260626,110,89,176,94,452,2,5,4741.9800,4741.9800,4741.9800,4741.9800,1,1,2026-08-24T00:00:00.000
3455,20260719,20260625,428,47,125,341,486,2,5,4743.3500,4743.3500,4743.3500,4743.3500,1,1,2026-08-24T00:00:00.000
3456,20260728,20260608,228,288,411,165,415,1,2,4744.7200,4744.7200,4744.7200,4744.7200,1,1,2026-08-24T00:00:00.000
3457,20260613,20260725,206,26,328,263,15,7,2,4746.0900,4746.0900,4746.0900,4746.0900,1,1,2026-08-24T00:00:00.000
3458,20260723,20260605,117,188,227,443,47,3,4,4747.4600,4747.4600,4747.4600,4747.4600,1,1,2026-08-24T00:00:00.000
3459,20260707,20260815,354,173,52,88,77,6,1,4748.8300,4748.8300,4748.8300,4748.8300,1,1,2026-08-24T00:00:00.000
3460,20260725,20260806,68,247,370,344,313,4,2,4750.2000,4750.2000,4750.2000,4750.2000,1,1,2026-08-24T00:00:00.000
3461,20260824,20260618,100,258,466,5,491,5,4,4751.5700,4751.5700,4751.5700,4751.5700,1,1,2026-08-24T00:00:00.000
3462,20260622,20260806,312,186,144,132,137,7,3,4752.9400,4752.9400,4752.9400,4752.9400,1,1,2026-08-24T00:00:00.000
3463,20260707,20260710,399,330,122,316,190,5,5,4754.3100,4754.3100,4754.3100,4754.3100,1,1,2026-08-24T00:00:00.000
3464,20260627,20260816,143,63,134,414,15,6,5,4755.6800,4755.6800,4755.6800,4755.6800,1,1,2026-08-24T00:00:00.000
3465,20260810,20260823,287,134,421,88,300,1,1,4757.0500,4757.0500,4757.0500,4757.0500,1,1,2026-08-24T00:00:00.000
3466,20260629,20260718,426,188,327,377,305,1,2,4758.4200,4758.4200,4758.4200,4758.4200,1,1,2026-08-24T00:00:00.000
3467,20260621,20260624,452,230,466,254,350,4,5,4759.7900,4759.7900,4759.7900,4759.7900,1,1,2026-08-24T00:00:00.000
3468,20260718,20260819,392,272,26,46,351,5,5,4761.1600,4761.1600,4761.1600,4761.1600,1,1,2026-08-24T00:00:00.000
3469,20260719,20260527,154,26,205,406,308,2,4,4762.5300,4762.5300,4762.5300,4762.5300,1,1,2026-08-24T00:00:00.000
3470,20260620,20260711,464,15,216,386,347,3,4,4763.9000,4763.9000,4763.9000,4763.9000,1,1,2026-08-24T00:00:00.000
3471,20260701,20260708,47,291,52,31,247,2,1,4765.2700,4765.2700,4765.2700,4765.2700,1,1,2026-08-24T00:00:00.000
3472,20260613,20260811,131,223,119,424,312,6,2,4766.6400,4766.6400,4766.6400,4766.6400,1,1,2026-08-24T00:00:00.000
3473,20260620,20260822,453,331,448,113,324,1,1,4768.0100,4768.0100,4768.0100,4768.0100,1,1,2026-08-24T00:00:00.000
3474,20260805,20260711,207,92,340,71,242,5,4,4769.3800,4769.3800,4769.3800,4769.3800,1,1,2026-08-24T00:00:00.000
3475,20260612,20260816,197,248,342,397,280,5,1,4770.7500,4770.7500,4770.7500,4770.7500,1,1,2026-08-24T00:00:00.000
3476,20260805,20260709,332,223,219,57,59,2,2,4772.1200,4772.1200,4772.1200,4772.1200,1,1,2026-08-24T00:00:00.000
3477,20260818,20260820,187,191,295,19,457,5,3,4773.4900,4773.4900,4773.4900,4773.4900,1,1,2026-08-24T00:00:00.000
3478,20260623,20260817,463,155,89,70,299,4,1,4774.8600,4774.8600,4774.8600,4774.8600,1,1,2026-08-24T00:00:00.000
3479,20260723,20260629,293,51,247,387,476,7,1,4776.2300,4776.2300,4776.2300,4776.2300,1,1,2026-08-24T00:00:00.000
3480,20260709,20260705,182,6,333,302,193,5,2,4777.6000,4777.6000,4777.6000,4777.6000,1,1,2026-08-24T00:00:00.000
3481,20260616,20260614,99,29,263,380,5,5,2,4778.9700,4778.9700,4778.9700,4778.9700,1,1,2026-08-24T00:00:00.000
3482,20260616,20260731,218,154,140,361,452,8,1,4780.3400,4780.3400,4780.3400,4780.3400,1,1,2026-08-24T00:00:00.000
3483,20260610,20260823,144,166,203,65,439,6,2,4781.7100,4781.7100,4781.7100,4781.7100,1,1,2026-08-24T00:00:00.000
3484,20260726,20260728,162,158,329,191,372,8,1,4783.0800,4783.0800,4783.0800,4783.0800,1,1,2026-08-24T00:00:00.000
3485,20260718,20260817,147,71,152,1,181,3,3,4784.4500,4784.4500,4784.4500,4784.4500,1,1,2026-08-24T00:00:00.000
3486,20260721,20260608,29,308,477,417,244,5,2,4785.8200,4785.8200,4785.8200,4785.8200,1,1,2026-08-24T00:00:00.000
3487,20260717,20260614,95,130,395,406,86,2,3,4787.1900,4787.1900,4787.1900,4787.1900,1,1,2026-08-24T00:00:00.000
3488,20260707,20260804,70,176,131,329,174,5,2,4788.5600,4788.5600,4788.5600,4788.5600,1,1,2026-08-24T00:00:00.000
3489,20260606,20260720,108,51,192,92,456,8,3,4789.9300,4789.9300,4789.9300,4789.9300,1,1,2026-08-24T00:00:00.000
3490,20260704,20260607,135,124,177,210,363,3,4,4791.3000,4791.3000,4791.3000,4791.3000,1,1,2026-08-24T00:00:00.000
3491,20260608,20260630,483,35,139,478,126,5,4,4792.6700,4792.6700,4792.6700,4792.6700,1,1,2026-08-24T00:00:00.000
3492,20260815,20260527,92,167,392,116,224,5,1,4794.0400,4794.0400,4794.0400,4794.0400,1,1,2026-08-24T00:00:00.000
3493,20260622,20260710,160,255,57,366,105,1,3,4795.4100,4795.4100,4795.4100,4795.4100,1,1,2026-08-24T00:00:00.000
3494,20260707,20260729,427,317,492,107,499,3,5,4796.7800,4796.7800,4796.7800,4796.7800,1,1,2026-08-24T00:00:00.000
3495,20260703,20260609,357,23,11,63,152,6,4,4798.1500,4798.1500,4798.1500,4798.1500,1,1,2026-08-24T00:00:00.000
3496,20260625,20260707,134,288,177,391,136,8,1,4799.5200,4799.5200,4799.5200,4799.5200,1,1,2026-08-24T00:00:00.000
3497,20260816,20260604,390,110,274,499,402,3,2,4800.8900,4800.8900,4800.8900,4800.8900,1,1,2026-08-24T00:00:00.000
3498,20260626,20260614,316,189,382,97,177,6,2,4802.2600,4802.2600,4802.2600,4802.2600,1,1,2026-08-24T00:00:00.000
3499,20260824,20260724,208,60,263,69,118,1,1,4803.6300,4803.6300,4803.6300,4803.6300,1,1,2026-08-24T00:00:00.000
3500,20260615,20260717,96,14,70,233,128,6,4,4805.0000,4805.0000,4805.0000,4805.0000,1,1,2026-08-24T00:00:00.000
3501,20260528,20260706,494,342,491,492,355,5,5,4806.3700,4806.3700,4806.3700,4806.3700,1,1,2026-08-24T00:00:00.000
3502,20260604,20260718,238,256,55,103,41,7,4,4807.7400,4807.7400,4807.7400,4807.7400,1,1,2026-08-24T00:00:00.000
3503,20260811,20260824,313,101,369,108,193,2,2,4809.1100,4809.1100,4809.1100,4809.1100,1,1,2026-08-24T00:00:00.000
3504,20260817,20260528,100,33,189,253,457,7,1,4810.4800,4810.4800,4810.4800,4810.4800,1,1,2026-08-24T00:00:00.000
3505,20260820,20260715,361,339,88,401,165,5,1,4811.8500,4811.8500,4811.8500,4811.8500,1,1,2026-08-24T00:00:00.000
3506,20260809,20260627,243,225,84,327,197,6,2,4813.2200,4813.2200,4813.2200,4813.2200,1,1,2026-08-24T00:00:00.000
3507,20260723,20260819,453,281,163,54,163,7,2,4814.5900,4814.5900,4814.5900,4814.5900,1,1,2026-08-24T00:00:00.000
3508,20260626,20260717,24,126,24,430,230,1,3,4815.9600,4815.9600,4815.9600,4815.9600,1,1,2026-08-24T00:00:00.000
3509,20260613,20260725,22,52,474,237,186,6,4,4817.3300,4817.3300,4817.3300,4817.3300,1,1,2026-08-24T00:00:00.000
3510,20260619,20260807,467,345,10,389,247,5,4,4818.7000,4818.7000,4818.7000,4818.7000,1,1,2026-08-24T00:00:00.000
3511,20260705,20260618,13,253,160,345,101,2,5,4820.0700,4820.0700,4820.0700,4820.0700,1,1,2026-08-24T00:00:00.000
3512,20260716,20260706,369,185,455,191,34,1,4,4821.4400,4821.4400,4821.4400,4821.4400,1,1,2026-08-24T00:00:00.000
3513,20260626,20260705,479,224,350,140,96,1,1,4822.8100,4822.8100,4822.8100,4822.8100,1,1,2026-08-24T00:00:00.000
3514,20260718,20260701,156,149,412,315,369,3,2,4824.1800,4824.1800,4824.1800,4824.1800,1,1,2026-08-24T00:00:00.000
3515,20260815,20260718,381,332,194,198,130,6,2,4825.5500,4825.5500,4825.5500,4825.5500,1,1,2026-08-24T00:00:00.000
3516,20260814,20260610,190,12,389,141,57,1,4,4826.9200,4826.9200,4826.9200,4826.9200,1,1,2026-08-24T00:00:00.000
3517,20260723,20260803,355,333,97,292,101,2,3,4828.2900,4828.2900,4828.2900,4828.2900,1,1,2026-08-24T00:00:00.000
3518,20260716,20260610,192,307,407,358,402,4,2,4829.6600,4829.6600,4829.6600,4829.6600,1,1,2026-08-24T00:00:00.000
3519,20260702,20260814,439,243,193,91,500,4,3,4831.0300,4831.0300,4831.0300,4831.0300,1,1,2026-08-24T00:00:00.000
3520,20260819,20260813,54,121,25,485,305,4,4,4832.4000,4832.4000,4832.4000,4832.4000,1,1,2026-08-24T00:00:00.000
3521,20260703,20260707,49,33,495,256,337,1,1,4833.7700,4833.7700,4833.7700,4833.7700,1,1,2026-08-24T00:00:00.000
3522,20260620,20260706,477,16,52,72,98,3,3,4835.1400,4835.1400,4835.1400,4835.1400,1,1,2026-08-24T00:00:00.000
3523,20260714,20260530,53,117,339,305,308,7,4,4836.5100,4836.5100,4836.5100,4836.5100,1,1,2026-08-24T00:00:00.000
3524,20260614,20260814,319,5,237,30,188,3,1,4837.8800,4837.8800,4837.8800,4837.8800,1,1,2026-08-24T00:00:00.000
3525,20260725,20260720,116,318,167,73,461,2,3,4839.2500,4839.2500,4839.2500,4839.2500,1,1,2026-08-24T00:00:00.000
3526,20260706,20260607,420,11,5,298,68,5,5,4840.6200,4840.6200,4840.6200,4840.6200,1,1,2026-08-24T00:00:00.000
3527,20260815,20260721,440,269,123,499,404,8,5,4841.9900,4841.9900,4841.9900,4841.9900,1,1,2026-08-24T00:00:00.000
3528,20260818,20260713,204,169,187,61,348,6,4,4843.3600,4843.3600,4843.3600,4843.3600,1,1,2026-08-24T00:00:00.000
3529,20260707,20260713,123,30,114,349,136,7,3,4844.7300,4844.7300,4844.7300,4844.7300,1,1,2026-08-24T00:00:00.000
3530,20260716,20260713,246,261,203,45,45,6,5,4846.1000,4846.1000,4846.1000,4846.1000,1,1,2026-08-24T00:00:00.000
3531,20260625,20260803,129,99,40,194,143,5,3,4847.4700,4847.4700,4847.4700,4847.4700,1,1,2026-08-24T00:00:00.000
3532,20260623,20260719,149,205,312,304,455,6,2,4848.8400,4848.8400,4848.8400,4848.8400,1,1,2026-08-24T00:00:00.000
3533,20260819,20260724,89,63,74,456,435,6,1,4850.2100,4850.2100,4850.2100,4850.2100,1,1,2026-08-24T00:00:00.000
3534,20260818,20260723,239,21,450,456,332,8,3,4851.5800,4851.5800,4851.5800,4851.5800,1,1,2026-08-24T00:00:00.000
3535,20260802,20260727,212,244,336,92,237,1,5,4852.9500,4852.9500,4852.9500,4852.9500,1,1,2026-08-24T00:00:00.000
3536,20260712,20260605,286,325,476,163,99,4,3,4854.3200,4854.3200,4854.3200,4854.3200,1,1,2026-08-24T00:00:00.000
3537,20260718,20260621,495,259,491,356,213,7,2,4855.6900,4855.6900,4855.6900,4855.6900,1,1,2026-08-24T00:00:00.000
3538,20260804,20260705,7,248,284,447,17,6,3,4857.0600,4857.0600,4857.0600,4857.0600,1,1,2026-08-24T00:00:00.000
3539,20260727,20260814,128,170,102,239,496,4,5,4858.4300,4858.4300,4858.4300,4858.4300,1,1,2026-08-24T00:00:00.000
3540,20260720,20260612,488,324,3,236,417,5,3,4859.8000,4859.8000,4859.8000,4859.8000,1,1,2026-08-24T00:00:00.000
3541,20260725,20260630,360,251,17,62,140,5,1,4861.1700,4861.1700,4861.1700,4861.1700,1,1,2026-08-24T00:00:00.000
3542,20260726,20260718,113,59,15,461,121,4,1,4862.5400,4862.5400,4862.5400,4862.5400,1,1,2026-08-24T00:00:00.000
3543,20260718,20260625,191,197,12,59,495,7,1,4863.9100,4863.9100,4863.9100,4863.9100,1,1,2026-08-24T00:00:00.000
3544,20260617,20260625,384,17,189,290,48,5,4,4865.2800,4865.2800,4865.2800,4865.2800,1,1,2026-08-24T00:00:00.000
3545,20260606,20260629,233,148,349,208,202,5,4,4866.6500,4866.6500,4866.6500,4866.6500,1,1,2026-08-24T00:00:00.000
3546,20260808,20260531,370,205,33,124,361,3,4,4868.0200,4868.0200,4868.0200,4868.0200,1,1,2026-08-24T00:00:00.000
3547,20260719,20260626,356,194,273,339,348,2,4,4869.3900,4869.3900,4869.3900,4869.3900,1,1,2026-08-24T00:00:00.000
3548,20260728,20260612,80,298,499,448,461,3,1,4870.7600,4870.7600,4870.7600,4870.7600,1,1,2026-08-24T00:00:00.000
3549,20260823,20260807,212,345,114,357,103,5,5,4872.1300,4872.1300,4872.1300,4872.1300,1,1,2026-08-24T00:00:00.000
3550,20260819,20260531,61,78,218,315,4,4,1,4873.5000,4873.5000,4873.5000,4873.5000,1,1,2026-08-24T00:00:00.000
3551,20260714,20260815,320,223,270,144,250,8,3,4874.8700,4874.8700,4874.8700,4874.8700,1,1,2026-08-24T00:00:00.000
3552,20260531,20260628,251,14,63,52,372,3,2,4876.2400,4876.2400,4876.2400,4876.2400,1,1,2026-08-24T00:00:00.000
3553,20260820,20260814,239,32,391,418,274,5,3,4877.6100,4877.6100,4877.6100,4877.6100,1,1,2026-08-24T00:00:00.000
3554,20260608,20260723,179,224,179,407,468,7,4,4878.9800,4878.9800,4878.9800,4878.9800,1,1,2026-08-24T00:00:00.000
3555,20260703,20260619,437,259,45,266,382,4,3,4880.3500,4880.3500,4880.3500,4880.3500,1,1,2026-08-24T00:00:00.000
3556,20260817,20260822,3,16,11,146,102,8,2,4881.7200,4881.7200,4881.7200,4881.7200,1,1,2026-08-24T00:00:00.000
3557,20260815,20260724,374,26,455,182,480,6,5,4883.0900,4883.0900,4883.0900,4883.0900,1,1,2026-08-24T00:00:00.000
3558,20260804,20260822,17,193,13,189,38,8,3,4884.4600,4884.4600,4884.4600,4884.4600,1,1,2026-08-24T00:00:00.000
3559,20260613,20260614,250,150,147,439,48,1,2,4885.8300,4885.8300,4885.8300,4885.8300,1,1,2026-08-24T00:00:00.000
3560,20260815,20260612,360,123,331,94,23,4,1,4887.2000,4887.2000,4887.2000,4887.2000,1,1,2026-08-24T00:00:00.000
3561,20260618,20260823,359,272,220,163,368,5,5,4888.5700,4888.5700,4888.5700,4888.5700,1,1,2026-08-24T00:00:00.000
3562,20260621,20260804,16,105,389,415,86,4,2,4889.9400,4889.9400,4889.9400,4889.9400,1,1,2026-08-24T00:00:00.000
3563,20260817,20260602,184,145,148,453,261,6,4,4891.3100,4891.3100,4891.3100,4891.3100,1,1,2026-08-24T00:00:00.000
3564,20260705,20260816,197,239,464,337,313,1,5,4892.6800,4892.6800,4892.6800,4892.6800,1,1,2026-08-24T00:00:00.000
3565,20260710,20260718,245,51,50,264,51,2,5,4894.0500,4894.0500,4894.0500,4894.0500,1,1,2026-08-24T00:00:00.000
3566,20260627,20260627,430,49,283,292,472,4,5,4895.4200,4895.4200,4895.4200,4895.4200,1,1,2026-08-24T00:00:00.000
3567,20260627,20260806,260,340,20,84,313,3,4,4896.7900,4896.7900,4896.7900,4896.7900,1,1,2026-08-24T00:00:00.000
3568,20260731,20260809,449,48,462,178,288,6,2,4898.1600,4898.1600,4898.1600,4898.1600,1,1,2026-08-24T00:00:00.000
3569,20260824,20260602,217,121,110,476,425,6,4,4899.5300,4899.5300,4899.5300,4899.5300,1,1,2026-08-24T00:00:00.000
3570,20260824,20260727,112,324,111,436,192,4,2,4900.9000,4900.9000,4900.9000,4900.9000,1,1,2026-08-24T00:00:00.000
3571,20260708,20260804,88,289,299,159,24,8,4,4902.2700,4902.2700,4902.2700,4902.2700,1,1,2026-08-24T00:00:00.000
3572,20260618,20260617,10,166,496,193,108,2,1,4903.6400,4903.6400,4903.6400,4903.6400,1,1,2026-08-24T00:00:00.000
3573,20260731,20260530,426,259,150,426,166,3,5,4905.0100,4905.0100,4905.0100,4905.0100,1,1,2026-08-24T00:00:00.000
3574,20260802,20260615,427,285,6,66,160,2,3,4906.3800,4906.3800,4906.3800,4906.3800,1,1,2026-08-24T00:00:00.000
3575,20260805,20260806,400,52,489,257,24,3,1,4907.7500,4907.7500,4907.7500,4907.7500,1,1,2026-08-24T00:00:00.000
3576,20260701,20260618,173,89,77,213,222,1,4,4909.1200,4909.1200,4909.1200,4909.1200,1,1,2026-08-24T00:00:00.000
3577,20260614,20260607,211,277,218,60,395,2,3,4910.4900,4910.4900,4910.4900,4910.4900,1,1,2026-08-24T00:00:00.000
3578,20260615,20260717,406,279,438,388,175,6,1,4911.8600,4911.8600,4911.8600,4911.8600,1,1,2026-08-24T00:00:00.000
3579,20260612,20260618,224,232,104,324,328,6,4,4913.2300,4913.2300,4913.2300,4913.2300,1,1,2026-08-24T00:00:00.000
3580,20260627,20260629,186,53,90,23,224,1,1,4914.6000,4914.6000,4914.6000,4914.6000,1,1,2026-08-24T00:00:00.000
3581,20260812,20260617,172,343,126,248,158,8,1,4915.9700,4915.9700,4915.9700,4915.9700,1,1,2026-08-24T00:00:00.000
3582,20260603,20260731,500,212,458,203,298,5,5,4917.3400,4917.3400,4917.3400,4917.3400,1,1,2026-08-24T00:00:00.000
3583,20260708,20260729,131,36,114,63,446,2,1,4918.7100,4918.7100,4918.7100,4918.7100,1,1,2026-08-24T00:00:00.000
3584,20260612,20260803,95,163,263,176,385,5,5,4920.0800,4920.0800,4920.0800,4920.0800,1,1,2026-08-24T00:00:00.000
3585,20260606,20260601,416,177,165,405,112,2,1,4921.4500,4921.4500,4921.4500,4921.4500,1,1,2026-08-24T00:00:00.000
3586,20260623,20260806,334,22,454,320,78,2,4,4922.8200,4922.8200,4922.8200,4922.8200,1,1,2026-08-24T00:00:00.000
3587,20260611,20260614,109,12,275,219,398,2,1,4924.1900,4924.1900,4924.1900,4924.1900,1,1,2026-08-24T00:00:00.000
3588,20260719,20260616,292,148,281,329,487,6,4,4925.5600,4925.5600,4925.5600,4925.5600,1,1,2026-08-24T00:00:00.000
3589,20260724,20260819,167,190,11,445,269,3,3,4926.9300,4926.9300,4926.9300,4926.9300,1,1,2026-08-24T00:00:00.000
3590,20260626,20260602,323,227,288,315,413,3,4,4928.3000,4928.3000,4928.3000,4928.3000,1,1,2026-08-24T00:00:00.000
3591,20260728,20260614,338,169,422,35,317,6,1,4929.6700,4929.6700,4929.6700,4929.6700,1,1,2026-08-24T00:00:00.000
3592,20260707,20260813,390,11,254,19,221,4,5,4931.0400,4931.0400,4931.0400,4931.0400,1,1,2026-08-24T00:00:00.000
3593,20260810,20260701,52,42,346,138,489,6,3,4932.4100,4932.4100,4932.4100,4932.4100,1,1,2026-08-24T00:00:00.000
3594,20260710,20260721,400,254,340,110,394,3,5,4933.7800,4933.7800,4933.7800,4933.7800,1,1,2026-08-24T00:00:00.000
3595,20260801,20260706,307,15,350,214,52,7,3,4935.1500,4935.1500,4935.1500,4935.1500,1,1,2026-08-24T00:00:00.000
3596,20260629,20260806,166,39,26,461,429,8,1,4936.5200,4936.5200,4936.5200,4936.5200,1,1,2026-08-24T00:00:00.000
3597,20260810,20260630,388,72,59,316,20,8,4,4937.8900,4937.8900,4937.8900,4937.8900,1,1,2026-08-24T00:00:00.000
3598,20260624,20260718,105,73,90,448,226,2,3,4939.2600,4939.2600,4939.2600,4939.2600,1,1,2026-08-24T00:00:00.000
3599,20260718,20260617,93,244,56,236,398,8,5,4940.6300,4940.6300,4940.6300,4940.6300,1,1,2026-08-24T00:00:00.000
3600,20260818,20260707,243,291,474,333,276,4,5,4942.0000,4942.0000,4942.0000,4942.0000,1,1,2026-08-24T00:00:00.000
3601,20260619,20260614,482,243,238,318,156,5,3,4943.3700,4943.3700,4943.3700,4943.3700,1,1,2026-08-24T00:00:00.000
3602,20260714,20260618,280,139,462,4,9,5,2,4944.7400,4944.7400,4944.7400,4944.7400,1,1,2026-08-24T00:00:00.000
3603,20260723,20260604,334,134,258,123,27,4,4,4946.1100,4946.1100,4946.1100,4946.1100,1,1,2026-08-24T00:00:00.000
3604,20260803,20260816,16,340,190,13,16,6,1,4947.4800,4947.4800,4947.4800,4947.4800,1,1,2026-08-24T00:00:00.000
3605,20260804,20260707,450,325,488,221,399,7,3,4948.8500,4948.8500,4948.8500,4948.8500,1,1,2026-08-24T00:00:00.000
3606,20260718,20260714,474,78,464,262,84,3,1,4950.2200,4950.2200,4950.2200,4950.2200,1,1,2026-08-24T00:00:00.000
3607,20260707,20260712,224,341,142,257,312,5,2,4951.5900,4951.5900,4951.5900,4951.5900,1,1,2026-08-24T00:00:00.000
3608,20260730,20260706,469,150,310,98,416,1,3,4952.9600,4952.9600,4952.9600,4952.9600,1,1,2026-08-24T00:00:00.000
3609,20260620,20260714,475,217,495,118,456,6,2,4954.3300,4954.3300,4954.3300,4954.3300,1,1,2026-08-24T00:00:00.000
3610,20260603,20260804,327,30,44,242,126,5,4,4955.7000,4955.7000,4955.7000,4955.7000,1,1,2026-08-24T00:00:00.000
3611,20260601,20260812,294,128,106,82,359,3,1,4957.0700,4957.0700,4957.0700,4957.0700,1,1,2026-08-24T00:00:00.000
3612,20260719,20260625,282,212,477,353,409,8,2,4958.4400,4958.4400,4958.4400,4958.4400,1,1,2026-08-24T00:00:00.000
3613,20260606,20260530,358,315,143,153,380,3,3,4959.8100,4959.8100,4959.8100,4959.8100,1,1,2026-08-24T00:00:00.000
3614,20260712,20260815,305,152,384,32,63,3,2,4961.1800,4961.1800,4961.1800,4961.1800,1,1,2026-08-24T00:00:00.000
3615,20260714,20260815,96,70,252,224,284,6,3,4962.5500,4962.5500,4962.5500,4962.5500,1,1,2026-08-24T00:00:00.000
3616,20260712,20260728,457,94,497,398,395,6,4,4963.9200,4963.9200,4963.9200,4963.9200,1,1,2026-08-24T00:00:00.000
3617,20260808,20260617,52,216,355,341,116,4,4,4965.2900,4965.2900,4965.2900,4965.2900,1,1,2026-08-24T00:00:00.000
3618,20260808,20260711,490,102,189,211,244,4,3,4966.6600,4966.6600,4966.6600,4966.6600,1,1,2026-08-24T00:00:00.000
3619,20260623,20260722,365,96,381,84,15,8,5,4968.0300,4968.0300,4968.0300,4968.0300,1,1,2026-08-24T00:00:00.000
3620,20260713,20260806,498,255,20,102,310,4,1,4969.4000,4969.4000,4969.4000,4969.4000,1,1,2026-08-24T00:00:00.000
3621,20260816,20260727,488,127,431,333,180,7,2,4970.7700,4970.7700,4970.7700,4970.7700,1,1,2026-08-24T00:00:00.000
3622,20260617,20260621,403,238,133,106,119,5,5,4972.1400,4972.1400,4972.1400,4972.1400,1,1,2026-08-24T00:00:00.000
3623,20260715,20260706,490,309,202,48,73,5,4,4973.5100,4973.5100,4973.5100,4973.5100,1,1,2026-08-24T00:00:00.000
3624,20260730,20260625,492,95,292,294,236,8,4,4974.8800,4974.8800,4974.8800,4974.8800,1,1,2026-08-24T00:00:00.000
3625,20260718,20260714,211,242,305,129,113,7,4,4976.2500,4976.2500,4976.2500,4976.2500,1,1,2026-08-24T00:00:00.000
3626,20260817,20260531,438,109,491,355,288,6,2,4977.6200,4977.6200,4977.6200,4977.6200,1,1,2026-08-24T00:00:00.000
3627,20260614,20260821,216,205,229,90,307,5,3,4978.9900,4978.9900,4978.9900,4978.9900,1,1,2026-08-24T00:00:00.000
3628,20260629,20260603,466,312,9,160,238,7,5,4980.3600,4980.3600,4980.3600,4980.3600,1,1,2026-08-24T00:00:00.000
3629,20260805,20260816,482,332,452,307,300,6,5,4981.7300,4981.7300,4981.7300,4981.7300,1,1,2026-08-24T00:00:00.000
3630,20260810,20260722,146,208,275,410,400,3,2,4983.1000,4983.1000,4983.1000,4983.1000,1,1,2026-08-24T00:00:00.000
3631,20260810,20260527,292,96,481,191,13,4,4,4984.4700,4984.4700,4984.4700,4984.4700,1,1,2026-08-24T00:00:00.000
3632,20260620,20260612,4,93,37,409,396,5,3,4985.8400,4985.8400,4985.8400,4985.8400,1,1,2026-08-24T00:00:00.000
3633,20260722,20260723,381,330,298,249,319,8,5,4987.2100,4987.2100,4987.2100,4987.2100,1,1,2026-08-24T00:00:00.000
3634,20260820,20260824,109,24,406,399,234,7,1,4988.5800,4988.5800,4988.5800,4988.5800,1,1,2026-08-24T00:00:00.000
3635,20260817,20260813,414,269,8,97,3,6,4,4989.9500,4989.9500,4989.9500,4989.9500,1,1,2026-08-24T00:00:00.000
3636,20260603,20260708,416,210,335,50,290,7,1,4991.3200,4991.3200,4991.3200,4991.3200,1,1,2026-08-24T00:00:00.000
3637,20260714,20260823,85,79,149,457,293,6,4,4992.6900,4992.6900,4992.6900,4992.6900,1,1,2026-08-24T00:00:00.000
3638,20260725,20260605,245,78,20,436,13,3,5,4994.0600,4994.0600,4994.0600,4994.0600,1,1,2026-08-24T00:00:00.000
3639,20260815,20260612,275,34,201,198,50,5,2,4995.4300,4995.4300,4995.4300,4995.4300,1,1,2026-08-24T00:00:00.000
3640,20260621,20260607,426,229,51,201,476,3,3,4996.8000,4996.8000,4996.8000,4996.8000,1,1,2026-08-24T00:00:00.000
3641,20260808,20260616,174,158,295,481,478,8,3,4998.1700,4998.1700,4998.1700,4998.1700,1,1,2026-08-24T00:00:00.000
3642,20260702,20260617,196,128,447,476,212,5,5,4999.5400,4999.5400,4999.5400,4999.5400,1,1,2026-08-24T00:00:00.000
3643,20260725,20260819,463,101,164,263,95,8,2,5000.9100,5000.9100,5000.9100,5000.9100,1,1,2026-08-24T00:00:00.000
3644,20260804,20260818,368,252,276,164,8,1,5,5002.2800,5002.2800,5002.2800,5002.2800,1,1,2026-08-24T00:00:00.000
3645,20260630,20260713,58,264,119,158,2,4,2,5003.6500,5003.6500,5003.6500,5003.6500,1,1,2026-08-24T00:00:00.000
3646,20260615,20260608,473,298,280,448,18,7,4,5005.0200,5005.0200,5005.0200,5005.0200,1,1,2026-08-24T00:00:00.000
3647,20260701,20260601,265,44,377,482,83,4,2,5006.3900,5006.3900,5006.3900,5006.3900,1,1,2026-08-24T00:00:00.000
3648,20260629,20260804,95,53,213,201,380,3,2,5007.7600,5007.7600,5007.7600,5007.7600,1,1,2026-08-24T00:00:00.000
3649,20260820,20260618,13,10,357,77,116,4,1,5009.1300,5009.1300,5009.1300,5009.1300,1,1,2026-08-24T00:00:00.000
3650,20260804,20260713,139,45,115,111,318,3,3,5010.5000,5010.5000,5010.5000,5010.5000,1,1,2026-08-24T00:00:00.000
3651,20260731,20260607,178,174,158,278,418,8,5,5011.8700,5011.8700,5011.8700,5011.8700,1,1,2026-08-24T00:00:00.000
3652,20260617,20260810,104,257,386,133,308,2,4,5013.2400,5013.2400,5013.2400,5013.2400,1,1,2026-08-24T00:00:00.000
3653,20260723,20260715,67,111,132,50,454,2,2,5014.6100,5014.6100,5014.6100,5014.6100,1,1,2026-08-24T00:00:00.000
3654,20260617,20260601,473,225,386,289,460,5,3,5015.9800,5015.9800,5015.9800,5015.9800,1,1,2026-08-24T00:00:00.000
3655,20260723,20260803,96,49,409,73,447,7,4,5017.3500,5017.3500,5017.3500,5017.3500,1,1,2026-08-24T00:00:00.000
3656,20260620,20260801,167,346,183,441,212,3,5,5018.7200,5018.7200,5018.7200,5018.7200,1,1,2026-08-24T00:00:00.000
3657,20260618,20260729,207,66,74,426,9,3,3,5020.0900,5020.0900,5020.0900,5020.0900,1,1,2026-08-24T00:00:00.000
3658,20260627,20260724,390,129,197,381,331,5,1,5021.4600,5021.4600,5021.4600,5021.4600,1,1,2026-08-24T00:00:00.000
3659,20260715,20260819,420,198,395,218,178,7,2,5022.8300,5022.8300,5022.8300,5022.8300,1,1,2026-08-24T00:00:00.000
3660,20260714,20260528,141,337,54,185,398,8,1,5024.2000,5024.2000,5024.2000,5024.2000,1,1,2026-08-24T00:00:00.000
3661,20260717,20260622,442,314,485,496,155,2,2,5025.5700,5025.5700,5025.5700,5025.5700,1,1,2026-08-24T00:00:00.000
3662,20260614,20260705,476,90,294,43,59,7,4,5026.9400,5026.9400,5026.9400,5026.9400,1,1,2026-08-24T00:00:00.000
3663,20260621,20260731,490,335,65,448,153,1,3,5028.3100,5028.3100,5028.3100,5028.3100,1,1,2026-08-24T00:00:00.000
3664,20260725,20260822,332,75,240,216,272,5,2,5029.6800,5029.6800,5029.6800,5029.6800,1,1,2026-08-24T00:00:00.000
3665,20260703,20260706,71,1,247,113,9,7,2,5031.0500,5031.0500,5031.0500,5031.0500,1,1,2026-08-24T00:00:00.000
3666,20260612,20260528,125,256,133,343,289,5,4,5032.4200,5032.4200,5032.4200,5032.4200,1,1,2026-08-24T00:00:00.000
3667,20260809,20260723,348,320,100,498,210,1,4,5033.7900,5033.7900,5033.7900,5033.7900,1,1,2026-08-24T00:00:00.000
3668,20260818,20260729,424,321,483,383,452,1,4,5035.1600,5035.1600,5035.1600,5035.1600,1,1,2026-08-24T00:00:00.000
3669,20260708,20260605,32,221,95,473,253,3,4,5036.5300,5036.5300,5036.5300,5036.5300,1,1,2026-08-24T00:00:00.000
3670,20260627,20260729,452,77,149,265,390,8,1,5037.9000,5037.9000,5037.9000,5037.9000,1,1,2026-08-24T00:00:00.000
3671,20260721,20260608,310,143,245,340,480,5,2,5039.2700,5039.2700,5039.2700,5039.2700,1,1,2026-08-24T00:00:00.000
3672,20260728,20260610,390,247,431,183,164,5,3,5040.6400,5040.6400,5040.6400,5040.6400,1,1,2026-08-24T00:00:00.000
3673,20260714,20260808,450,305,489,126,387,7,4,5042.0100,5042.0100,5042.0100,5042.0100,1,1,2026-08-24T00:00:00.000
3674,20260615,20260809,402,196,460,255,75,4,5,5043.3800,5043.3800,5043.3800,5043.3800,1,1,2026-08-24T00:00:00.000
3675,20260705,20260718,302,185,436,42,192,2,5,5044.7500,5044.7500,5044.7500,5044.7500,1,1,2026-08-24T00:00:00.000
3676,20260807,20260813,78,92,360,461,391,5,5,5046.1200,5046.1200,5046.1200,5046.1200,1,1,2026-08-24T00:00:00.000
3677,20260718,20260531,32,91,4,363,97,5,1,5047.4900,5047.4900,5047.4900,5047.4900,1,1,2026-08-24T00:00:00.000
3678,20260723,20260628,137,259,44,496,182,8,5,5048.8600,5048.8600,5048.8600,5048.8600,1,1,2026-08-24T00:00:00.000
3679,20260709,20260708,210,234,366,217,115,3,3,5050.2300,5050.2300,5050.2300,5050.2300,1,1,2026-08-24T00:00:00.000
3680,20260724,20260705,56,207,261,317,289,2,4,5051.6000,5051.6000,5051.6000,5051.6000,1,1,2026-08-24T00:00:00.000
3681,20260720,20260804,38,295,136,121,349,7,4,5052.9700,5052.9700,5052.9700,5052.9700,1,1,2026-08-24T00:00:00.000
3682,20260726,20260714,294,41,198,373,492,2,5,5054.3400,5054.3400,5054.3400,5054.3400,1,1,2026-08-24T00:00:00.000
3683,20260629,20260818,18,120,167,192,398,5,5,5055.7100,5055.7100,5055.7100,5055.7100,1,1,2026-08-24T00:00:00.000
3684,20260803,20260803,140,41,478,37,26,2,2,5057.0800,5057.0800,5057.0800,5057.0800,1,1,2026-08-24T00:00:00.000
3685,20260723,20260527,291,84,481,363,445,6,1,5058.4500,5058.4500,5058.4500,5058.4500,1,1,2026-08-24T00:00:00.000
3686,20260705,20260529,462,325,171,252,446,7,3,5059.8200,5059.8200,5059.8200,5059.8200,1,1,2026-08-24T00:00:00.000
3687,20260613,20260626,255,298,123,74,157,7,3,5061.1900,5061.1900,5061.1900,5061.1900,1,1,2026-08-24T00:00:00.000
3688,20260630,20260728,279,199,278,374,471,7,3,5062.5600,5062.5600,5062.5600,5062.5600,1,1,2026-08-24T00:00:00.000
3689,20260616,20260805,251,165,157,104,312,2,3,5063.9300,5063.9300,5063.9300,5063.9300,1,1,2026-08-24T00:00:00.000
3690,20260805,20260708,495,103,490,408,453,4,1,5065.3000,5065.3000,5065.3000,5065.3000,1,1,2026-08-24T00:00:00.000
3691,20260801,20260531,367,18,282,399,184,5,4,5066.6700,5066.6700,5066.6700,5066.6700,1,1,2026-08-24T00:00:00.000
3692,20260725,20260720,428,85,351,304,348,8,3,5068.0400,5068.0400,5068.0400,5068.0400,1,1,2026-08-24T00:00:00.000
3693,20260610,20260606,108,178,32,306,264,8,4,5069.4100,5069.4100,5069.4100,5069.4100,1,1,2026-08-24T00:00:00.000
3694,20260818,20260724,280,4,321,45,356,8,5,5070.7800,5070.7800,5070.7800,5070.7800,1,1,2026-08-24T00:00:00.000
3695,20260718,20260811,302,41,183,460,413,8,2,5072.1500,5072.1500,5072.1500,5072.1500,1,1,2026-08-24T00:00:00.000
3696,20260608,20260812,70,201,321,336,158,6,1,5073.5200,5073.5200,5073.5200,5073.5200,1,1,2026-08-24T00:00:00.000
3697,20260726,20260727,158,316,155,88,137,8,4,5074.8900,5074.8900,5074.8900,5074.8900,1,1,2026-08-24T00:00:00.000
3698,20260601,20260720,173,102,145,257,471,7,2,5076.2600,5076.2600,5076.2600,5076.2600,1,1,2026-08-24T00:00:00.000
3699,20260601,20260604,108,143,169,93,192,2,3,5077.6300,5077.6300,5077.6300,5077.6300,1,1,2026-08-24T00:00:00.000
3700,20260803,20260813,157,239,357,56,400,2,1,5079.0000,5079.0000,5079.0000,5079.0000,1,1,2026-08-24T00:00:00.000
3701,20260702,20260630,493,345,184,197,482,2,3,5080.3700,5080.3700,5080.3700,5080.3700,1,1,2026-08-24T00:00:00.000
3702,20260620,20260712,363,224,187,31,175,7,2,5081.7400,5081.7400,5081.7400,5081.7400,1,1,2026-08-24T00:00:00.000
3703,20260723,20260712,54,45,495,332,134,3,1,5083.1100,5083.1100,5083.1100,5083.1100,1,1,2026-08-24T00:00:00.000
3704,20260819,20260703,277,96,356,157,201,1,1,5084.4800,5084.4800,5084.4800,5084.4800,1,1,2026-08-24T00:00:00.000
3705,20260716,20260708,241,253,298,292,385,1,5,5085.8500,5085.8500,5085.8500,5085.8500,1,1,2026-08-24T00:00:00.000
3706,20260605,20260529,498,130,462,13,347,3,3,5087.2200,5087.2200,5087.2200,5087.2200,1,1,2026-08-24T00:00:00.000
3707,20260811,20260801,379,97,85,191,166,2,5,5088.5900,5088.5900,5088.5900,5088.5900,1,1,2026-08-24T00:00:00.000
3708,20260730,20260724,449,303,449,21,75,6,1,5089.9600,5089.9600,5089.9600,5089.9600,1,1,2026-08-24T00:00:00.000
3709,20260706,20260712,112,235,46,451,420,7,4,5091.3300,5091.3300,5091.3300,5091.3300,1,1,2026-08-24T00:00:00.000
3710,20260626,20260531,164,174,320,280,331,4,3,5092.7000,5092.7000,5092.7000,5092.7000,1,1,2026-08-24T00:00:00.000
3711,20260730,20260725,37,92,361,120,136,2,2,5094.0700,5094.0700,5094.0700,5094.0700,1,1,2026-08-24T00:00:00.000
3712,20260729,20260718,16,343,222,151,327,3,1,5095.4400,5095.4400,5095.4400,5095.4400,1,1,2026-08-24T00:00:00.000
3713,20260607,20260622,410,199,49,28,400,6,2,5096.8100,5096.8100,5096.8100,5096.8100,1,1,2026-08-24T00:00:00.000
3714,20260818,20260802,6,320,175,179,116,6,4,5098.1800,5098.1800,5098.1800,5098.1800,1,1,2026-08-24T00:00:00.000
3715,20260729,20260605,209,87,234,209,456,2,5,5099.5500,5099.5500,5099.5500,5099.5500,1,1,2026-08-24T00:00:00.000
3716,20260718,20260531,248,206,105,180,199,4,4,5100.9200,5100.9200,5100.9200,5100.9200,1,1,2026-08-24T00:00:00.000
3717,20260822,20260621,429,161,44,459,41,1,2,5102.2900,5102.2900,5102.2900,5102.2900,1,1,2026-08-24T00:00:00.000
3718,20260703,20260703,221,293,68,341,151,7,3,5103.6600,5103.6600,5103.6600,5103.6600,1,1,2026-08-24T00:00:00.000
3719,20260531,20260722,161,205,54,184,19,7,1,5105.0300,5105.0300,5105.0300,5105.0300,1,1,2026-08-24T00:00:00.000
3720,20260820,20260604,275,279,96,381,417,4,5,5106.4000,5106.4000,5106.4000,5106.4000,1,1,2026-08-24T00:00:00.000
3721,20260815,20260628,271,236,277,327,328,2,4,5107.7700,5107.7700,5107.7700,5107.7700,1,1,2026-08-24T00:00:00.000
3722,20260819,20260724,89,189,63,188,297,1,4,5109.1400,5109.1400,5109.1400,5109.1400,1,1,2026-08-24T00:00:00.000
3723,20260720,20260708,170,45,347,28,401,5,2,5110.5100,5110.5100,5110.5100,5110.5100,1,1,2026-08-24T00:00:00.000
3724,20260708,20260729,24,341,103,473,340,2,3,5111.8800,5111.8800,5111.8800,5111.8800,1,1,2026-08-24T00:00:00.000
3725,20260822,20260713,228,104,339,308,392,2,1,5113.2500,5113.2500,5113.2500,5113.2500,1,1,2026-08-24T00:00:00.000
3726,20260621,20260803,5,116,431,225,7,6,5,5114.6200,5114.6200,5114.6200,5114.6200,1,1,2026-08-24T00:00:00.000
3727,20260715,20260620,351,54,284,496,430,2,1,5115.9900,5115.9900,5115.9900,5115.9900,1,1,2026-08-24T00:00:00.000
3728,20260808,20260715,145,293,403,133,291,5,1,5117.3600,5117.3600,5117.3600,5117.3600,1,1,2026-08-24T00:00:00.000
3729,20260706,20260624,121,54,255,155,207,4,3,5118.7300,5118.7300,5118.7300,5118.7300,1,1,2026-08-24T00:00:00.000
3730,20260704,20260713,130,65,247,146,16,5,2,5120.1000,5120.1000,5120.1000,5120.1000,1,1,2026-08-24T00:00:00.000
3731,20260602,20260710,421,166,417,477,11,6,3,5121.4700,5121.4700,5121.4700,5121.4700,1,1,2026-08-24T00:00:00.000
3732,20260601,20260819,183,197,401,271,420,1,4,5122.8400,5122.8400,5122.8400,5122.8400,1,1,2026-08-24T00:00:00.000
3733,20260707,20260624,237,152,59,325,116,1,4,5124.2100,5124.2100,5124.2100,5124.2100,1,1,2026-08-24T00:00:00.000
3734,20260809,20260823,228,93,319,475,359,4,4,5125.5800,5125.5800,5125.5800,5125.5800,1,1,2026-08-24T00:00:00.000
3735,20260704,20260815,43,278,257,23,93,4,4,5126.9500,5126.9500,5126.9500,5126.9500,1,1,2026-08-24T00:00:00.000
3736,20260705,20260805,474,298,260,284,234,4,3,5128.3200,5128.3200,5128.3200,5128.3200,1,1,2026-08-24T00:00:00.000
3737,20260714,20260627,135,226,60,323,340,6,5,5129.6900,5129.6900,5129.6900,5129.6900,1,1,2026-08-24T00:00:00.000
3738,20260618,20260718,127,51,90,53,198,2,3,5131.0600,5131.0600,5131.0600,5131.0600,1,1,2026-08-24T00:00:00.000
3739,20260822,20260625,258,141,117,132,359,3,2,5132.4300,5132.4300,5132.4300,5132.4300,1,1,2026-08-24T00:00:00.000
3740,20260612,20260624,325,82,441,129,481,8,2,5133.8000,5133.8000,5133.8000,5133.8000,1,1,2026-08-24T00:00:00.000
3741,20260824,20260819,55,4,42,99,74,1,3,5135.1700,5135.1700,5135.1700,5135.1700,1,1,2026-08-24T00:00:00.000
3742,20260728,20260726,346,42,103,59,274,7,5,5136.5400,5136.5400,5136.5400,5136.5400,1,1,2026-08-24T00:00:00.000
3743,20260819,20260624,18,53,191,293,484,7,3,5137.9100,5137.9100,5137.9100,5137.9100,1,1,2026-08-24T00:00:00.000
3744,20260620,20260716,269,28,91,53,403,7,2,5139.2800,5139.2800,5139.2800,5139.2800,1,1,2026-08-24T00:00:00.000
3745,20260614,20260612,406,322,388,156,302,5,4,5140.6500,5140.6500,5140.6500,5140.6500,1,1,2026-08-24T00:00:00.000
3746,20260718,20260821,485,90,349,405,280,3,5,5142.0200,5142.0200,5142.0200,5142.0200,1,1,2026-08-24T00:00:00.000
3747,20260711,20260622,154,57,378,44,31,6,1,5143.3900,5143.3900,5143.3900,5143.3900,1,1,2026-08-24T00:00:00.000
3748,20260802,20260621,266,307,416,120,432,1,1,5144.7600,5144.7600,5144.7600,5144.7600,1,1,2026-08-24T00:00:00.000
3749,20260804,20260709,363,41,136,262,409,4,2,5146.1300,5146.1300,5146.1300,5146.1300,1,1,2026-08-24T00:00:00.000
3750,20260603,20260708,329,56,85,361,435,7,4,5147.5000,5147.5000,5147.5000,5147.5000,1,1,2026-08-24T00:00:00.000
3751,20260710,20260603,91,173,171,372,17,4,4,5148.8700,5148.8700,5148.8700,5148.8700,1,1,2026-08-24T00:00:00.000
3752,20260725,20260813,401,250,63,326,121,6,5,5150.2400,5150.2400,5150.2400,5150.2400,1,1,2026-08-24T00:00:00.000
3753,20260601,20260615,486,237,159,397,77,6,1,5151.6100,5151.6100,5151.6100,5151.6100,1,1,2026-08-24T00:00:00.000
3754,20260822,20260728,32,135,454,329,366,4,4,5152.9800,5152.9800,5152.9800,5152.9800,1,1,2026-08-24T00:00:00.000
3755,20260701,20260722,477,236,285,461,316,6,2,5154.3500,5154.3500,5154.3500,5154.3500,1,1,2026-08-24T00:00:00.000
3756,20260628,20260605,160,56,271,373,143,4,2,5155.7200,5155.7200,5155.7200,5155.7200,1,1,2026-08-24T00:00:00.000
3757,20260628,20260714,475,255,334,129,142,8,5,5157.0900,5157.0900,5157.0900,5157.0900,1,1,2026-08-24T00:00:00.000
3758,20260712,20260810,18,222,400,498,383,1,1,5158.4600,5158.4600,5158.4600,5158.4600,1,1,2026-08-24T00:00:00.000
3759,20260730,20260805,436,81,396,410,459,3,5,5159.8300,5159.8300,5159.8300,5159.8300,1,1,2026-08-24T00:00:00.000
3760,20260809,20260814,325,239,71,174,29,4,4,5161.2000,5161.2000,5161.2000,5161.2000,1,1,2026-08-24T00:00:00.000
3761,20260816,20260814,393,345,46,198,388,3,1,5162.5700,5162.5700,5162.5700,5162.5700,1,1,2026-08-24T00:00:00.000
3762,20260823,20260602,62,320,192,123,135,7,4,5163.9400,5163.9400,5163.9400,5163.9400,1,1,2026-08-24T00:00:00.000
3763,20260705,20260808,186,292,236,115,138,8,3,5165.3100,5165.3100,5165.3100,5165.3100,1,1,2026-08-24T00:00:00.000
3764,20260703,20260805,233,337,334,484,473,8,3,5166.6800,5166.6800,5166.6800,5166.6800,1,1,2026-08-24T00:00:00.000
3765,20260802,20260729,53,171,474,180,447,1,5,5168.0500,5168.0500,5168.0500,5168.0500,1,1,2026-08-24T00:00:00.000
3766,20260627,20260807,364,327,423,82,359,7,3,5169.4200,5169.4200,5169.4200,5169.4200,1,1,2026-08-24T00:00:00.000
3767,20260530,20260529,147,333,69,454,274,8,1,5170.7900,5170.7900,5170.7900,5170.7900,1,1,2026-08-24T00:00:00.000
3768,20260812,20260610,314,60,76,212,372,1,3,5172.1600,5172.1600,5172.1600,5172.1600,1,1,2026-08-24T00:00:00.000
3769,20260607,20260528,404,309,122,182,443,3,3,5173.5300,5173.5300,5173.5300,5173.5300,1,1,2026-08-24T00:00:00.000
3770,20260724,20260617,393,99,315,79,368,7,1,5174.9000,5174.9000,5174.9000,5174.9000,1,1,2026-08-24T00:00:00.000
3771,20260726,20260714,218,86,489,476,156,7,3,5176.2700,5176.2700,5176.2700,5176.2700,1,1,2026-08-24T00:00:00.000
3772,20260822,20260601,149,53,254,418,339,2,3,5177.6400,5177.6400,5177.6400,5177.6400,1,1,2026-08-24T00:00:00.000
3773,20260816,20260530,95,199,411,211,2,5,5,5179.0100,5179.0100,5179.0100,5179.0100,1,1,2026-08-24T00:00:00.000
3774,20260730,20260704,445,236,443,472,407,3,5,5180.3800,5180.3800,5180.3800,5180.3800,1,1,2026-08-24T00:00:00.000
3775,20260701,20260708,307,340,36,268,261,7,4,5181.7500,5181.7500,5181.7500,5181.7500,1,1,2026-08-24T00:00:00.000
3776,20260731,20260723,314,100,333,349,407,7,3,5183.1200,5183.1200,5183.1200,5183.1200,1,1,2026-08-24T00:00:00.000
3777,20260627,20260814,313,286,21,83,200,8,3,5184.4900,5184.4900,5184.4900,5184.4900,1,1,2026-08-24T00:00:00.000
3778,20260714,20260730,164,327,237,414,418,3,5,5185.8600,5185.8600,5185.8600,5185.8600,1,1,2026-08-24T00:00:00.000
3779,20260615,20260614,136,10,192,186,481,3,3,5187.2300,5187.2300,5187.2300,5187.2300,1,1,2026-08-24T00:00:00.000
3780,20260728,20260717,335,60,229,147,188,7,2,5188.6000,5188.6000,5188.6000,5188.6000,1,1,2026-08-24T00:00:00.000
3781,20260811,20260612,82,45,337,191,420,5,2,5189.9700,5189.9700,5189.9700,5189.9700,1,1,2026-08-24T00:00:00.000
3782,20260815,20260609,373,51,94,13,262,8,4,5191.3400,5191.3400,5191.3400,5191.3400,1,1,2026-08-24T00:00:00.000
3783,20260806,20260606,482,278,383,24,94,1,5,5192.7100,5192.7100,5192.7100,5192.7100,1,1,2026-08-24T00:00:00.000
3784,20260808,20260730,53,217,393,155,120,4,2,5194.0800,5194.0800,5194.0800,5194.0800,1,1,2026-08-24T00:00:00.000
3785,20260729,20260726,437,241,48,139,299,5,5,5195.4500,5195.4500,5195.4500,5195.4500,1,1,2026-08-24T00:00:00.000
3786,20260608,20260730,317,64,165,452,3,5,4,5196.8200,5196.8200,5196.8200,5196.8200,1,1,2026-08-24T00:00:00.000
3787,20260823,20260629,292,76,357,384,160,8,2,5198.1900,5198.1900,5198.1900,5198.1900,1,1,2026-08-24T00:00:00.000
3788,20260702,20260624,254,115,480,239,207,2,4,5199.5600,5199.5600,5199.5600,5199.5600,1,1,2026-08-24T00:00:00.000
3789,20260723,20260626,155,329,9,8,439,1,2,5200.9300,5200.9300,5200.9300,5200.9300,1,1,2026-08-24T00:00:00.000
3790,20260606,20260724,146,58,188,150,416,8,1,5202.3000,5202.3000,5202.3000,5202.3000,1,1,2026-08-24T00:00:00.000
3791,20260710,20260716,162,267,293,183,169,2,5,5203.6700,5203.6700,5203.6700,5203.6700,1,1,2026-08-24T00:00:00.000
3792,20260609,20260605,395,100,335,327,156,3,3,5205.0400,5205.0400,5205.0400,5205.0400,1,1,2026-08-24T00:00:00.000
3793,20260707,20260722,453,126,130,12,493,7,1,5206.4100,5206.4100,5206.4100,5206.4100,1,1,2026-08-24T00:00:00.000
3794,20260808,20260622,107,328,431,27,313,4,2,5207.7800,5207.7800,5207.7800,5207.7800,1,1,2026-08-24T00:00:00.000
3795,20260622,20260819,286,262,293,466,41,3,1,5209.1500,5209.1500,5209.1500,5209.1500,1,1,2026-08-24T00:00:00.000
3796,20260728,20260819,435,113,321,361,262,2,5,5210.5200,5210.5200,5210.5200,5210.5200,1,1,2026-08-24T00:00:00.000
3797,20260809,20260725,143,81,418,233,422,2,2,5211.8900,5211.8900,5211.8900,5211.8900,1,1,2026-08-24T00:00:00.000
3798,20260531,20260612,63,320,343,82,390,8,1,5213.2600,5213.2600,5213.2600,5213.2600,1,1,2026-08-24T00:00:00.000
3799,20260719,20260613,269,322,82,123,129,7,1,5214.6300,5214.6300,5214.6300,5214.6300,1,1,2026-08-24T00:00:00.000
3800,20260615,20260708,181,95,185,389,435,4,1,5216.0000,5216.0000,5216.0000,5216.0000,1,1,2026-08-24T00:00:00.000
3801,20260822,20260709,293,137,242,246,174,7,5,5217.3700,5217.3700,5217.3700,5217.3700,1,1,2026-08-24T00:00:00.000
3802,20260723,20260714,79,325,156,212,412,5,2,5218.7400,5218.7400,5218.7400,5218.7400,1,1,2026-08-24T00:00:00.000
3803,20260809,20260709,170,93,440,458,297,5,3,5220.1100,5220.1100,5220.1100,5220.1100,1,1,2026-08-24T00:00:00.000
3804,20260710,20260717,195,170,60,130,339,4,5,5221.4800,5221.4800,5221.4800,5221.4800,1,1,2026-08-24T00:00:00.000
3805,20260613,20260803,418,24,181,357,6,4,5,5222.8500,5222.8500,5222.8500,5222.8500,1,1,2026-08-24T00:00:00.000
3806,20260729,20260728,402,214,22,238,496,7,2,5224.2200,5224.2200,5224.2200,5224.2200,1,1,2026-08-24T00:00:00.000
3807,20260722,20260819,272,300,408,206,208,4,4,5225.5900,5225.5900,5225.5900,5225.5900,1,1,2026-08-24T00:00:00.000
3808,20260609,20260804,210,244,71,360,167,5,3,5226.9600,5226.9600,5226.9600,5226.9600,1,1,2026-08-24T00:00:00.000
3809,20260805,20260719,19,214,334,45,297,6,3,5228.3300,5228.3300,5228.3300,5228.3300,1,1,2026-08-24T00:00:00.000
3810,20260724,20260722,11,235,433,363,241,3,1,5229.7000,5229.7000,5229.7000,5229.7000,1,1,2026-08-24T00:00:00.000
3811,20260717,20260615,76,66,48,450,347,1,1,5231.0700,5231.0700,5231.0700,5231.0700,1,1,2026-08-24T00:00:00.000
3812,20260717,20260528,413,114,233,16,378,5,5,5232.4400,5232.4400,5232.4400,5232.4400,1,1,2026-08-24T00:00:00.000
3813,20260811,20260817,385,252,273,34,331,5,3,5233.8100,5233.8100,5233.8100,5233.8100,1,1,2026-08-24T00:00:00.000
3814,20260817,20260628,468,260,275,473,487,5,3,5235.1800,5235.1800,5235.1800,5235.1800,1,1,2026-08-24T00:00:00.000
3815,20260613,20260625,23,66,340,103,79,7,5,5236.5500,5236.5500,5236.5500,5236.5500,1,1,2026-08-24T00:00:00.000
3816,20260627,20260809,311,128,425,451,218,2,3,5237.9200,5237.9200,5237.9200,5237.9200,1,1,2026-08-24T00:00:00.000
3817,20260713,20260710,319,57,469,356,93,7,5,5239.2900,5239.2900,5239.2900,5239.2900,1,1,2026-08-24T00:00:00.000
3818,20260711,20260617,169,205,248,278,59,3,2,5240.6600,5240.6600,5240.6600,5240.6600,1,1,2026-08-24T00:00:00.000
3819,20260618,20260715,47,73,423,88,132,1,3,5242.0300,5242.0300,5242.0300,5242.0300,1,1,2026-08-24T00:00:00.000
3820,20260606,20260711,489,169,8,20,185,6,1,5243.4000,5243.4000,5243.4000,5243.4000,1,1,2026-08-24T00:00:00.000
3821,20260613,20260626,386,327,305,233,204,4,3,5244.7700,5244.7700,5244.7700,5244.7700,1,1,2026-08-24T00:00:00.000
3822,20260816,20260529,371,127,400,456,370,5,4,5246.1400,5246.1400,5246.1400,5246.1400,1,1,2026-08-24T00:00:00.000
3823,20260822,20260620,34,267,78,102,128,4,3,5247.5100,5247.5100,5247.5100,5247.5100,1,1,2026-08-24T00:00:00.000
3824,20260813,20260806,481,320,224,41,146,8,2,5248.8800,5248.8800,5248.8800,5248.8800,1,1,2026-08-24T00:00:00.000
3825,20260718,20260722,60,270,474,287,181,4,1,5250.2500,5250.2500,5250.2500,5250.2500,1,1,2026-08-24T00:00:00.000
3826,20260528,20260806,452,277,308,248,125,2,3,5251.6200,5251.6200,5251.6200,5251.6200,1,1,2026-08-24T00:00:00.000
3827,20260630,20260806,184,318,417,441,34,4,5,5252.9900,5252.9900,5252.9900,5252.9900,1,1,2026-08-24T00:00:00.000
3828,20260529,20260708,278,255,389,461,201,5,2,5254.3600,5254.3600,5254.3600,5254.3600,1,1,2026-08-24T00:00:00.000
3829,20260728,20260717,153,335,313,482,282,5,1,5255.7300,5255.7300,5255.7300,5255.7300,1,1,2026-08-24T00:00:00.000
3830,20260805,20260708,185,164,120,27,441,7,2,5257.1000,5257.1000,5257.1000,5257.1000,1,1,2026-08-24T00:00:00.000
3831,20260623,20260823,405,314,497,228,202,7,1,5258.4700,5258.4700,5258.4700,5258.4700,1,1,2026-08-24T00:00:00.000
3832,20260622,20260813,61,255,111,116,309,2,5,5259.8400,5259.8400,5259.8400,5259.8400,1,1,2026-08-24T00:00:00.000
3833,20260605,20260719,54,282,492,405,372,8,5,5261.2100,5261.2100,5261.2100,5261.2100,1,1,2026-08-24T00:00:00.000
3834,20260717,20260725,296,347,356,110,440,1,3,5262.5800,5262.5800,5262.5800,5262.5800,1,1,2026-08-24T00:00:00.000
3835,20260819,20260528,276,262,445,365,317,4,5,5263.9500,5263.9500,5263.9500,5263.9500,1,1,2026-08-24T00:00:00.000
3836,20260817,20260815,453,218,471,119,258,4,5,5265.3200,5265.3200,5265.3200,5265.3200,1,1,2026-08-24T00:00:00.000
3837,20260605,20260716,484,35,314,34,98,4,1,5266.6900,5266.6900,5266.6900,5266.6900,1,1,2026-08-24T00:00:00.000
3838,20260618,20260725,16,292,350,83,331,5,2,5268.0600,5268.0600,5268.0600,5268.0600,1,1,2026-08-24T00:00:00.000
3839,20260710,20260822,188,28,265,14,43,1,5,5269.4300,5269.4300,5269.4300,5269.4300,1,1,2026-08-24T00:00:00.000
3840,20260705,20260709,264,279,98,82,318,5,1,5270.8000,5270.8000,5270.8000,5270.8000,1,1,2026-08-24T00:00:00.000
3841,20260720,20260531,406,335,488,225,495,5,3,5272.1700,5272.1700,5272.1700,5272.1700,1,1,2026-08-24T00:00:00.000
3842,20260720,20260818,99,252,193,86,23,4,3,5273.5400,5273.5400,5273.5400,5273.5400,1,1,2026-08-24T00:00:00.000
3843,20260821,20260722,351,300,246,294,224,4,4,5274.9100,5274.9100,5274.9100,5274.9100,1,1,2026-08-24T00:00:00.000
3844,20260728,20260625,42,124,5,71,249,5,4,5276.2800,5276.2800,5276.2800,5276.2800,1,1,2026-08-24T00:00:00.000
3845,20260605,20260816,22,320,126,333,72,7,2,5277.6500,5277.6500,5277.6500,5277.6500,1,1,2026-08-24T00:00:00.000
3846,20260818,20260630,244,246,241,439,164,8,5,5279.0200,5279.0200,5279.0200,5279.0200,1,1,2026-08-24T00:00:00.000
3847,20260706,20260704,373,106,347,106,353,1,3,5280.3900,5280.3900,5280.3900,5280.3900,1,1,2026-08-24T00:00:00.000
3848,20260706,20260527,445,344,426,152,284,6,4,5281.7600,5281.7600,5281.7600,5281.7600,1,1,2026-08-24T00:00:00.000
3849,20260626,20260608,75,42,428,26,85,7,2,5283.1300,5283.1300,5283.1300,5283.1300,1,1,2026-08-24T00:00:00.000
3850,20260806,20260621,275,87,362,398,183,4,4,5284.5000,5284.5000,5284.5000,5284.5000,1,1,2026-08-24T00:00:00.000
3851,20260806,20260606,235,347,300,393,456,3,4,5285.8700,5285.8700,5285.8700,5285.8700,1,1,2026-08-24T00:00:00.000
3852,20260629,20260725,393,322,91,402,196,6,1,5287.2400,5287.2400,5287.2400,5287.2400,1,1,2026-08-24T00:00:00.000
3853,20260628,20260731,120,315,412,167,314,1,5,5288.6100,5288.6100,5288.6100,5288.6100,1,1,2026-08-24T00:00:00.000
3854,20260629,20260610,326,175,393,439,182,7,5,5289.9800,5289.9800,5289.9800,5289.9800,1,1,2026-08-24T00:00:00.000
3855,20260802,20260816,54,45,485,33,185,7,3,5291.3500,5291.3500,5291.3500,5291.3500,1,1,2026-08-24T00:00:00.000
3856,20260704,20260722,244,166,177,37,254,2,5,5292.7200,5292.7200,5292.7200,5292.7200,1,1,2026-08-24T00:00:00.000
3857,20260725,20260619,114,203,122,27,183,6,1,5294.0900,5294.0900,5294.0900,5294.0900,1,1,2026-08-24T00:00:00.000
3858,20260806,20260809,96,323,396,258,119,1,4,5295.4600,5295.4600,5295.4600,5295.4600,1,1,2026-08-24T00:00:00.000
3859,20260823,20260705,289,52,117,23,405,4,5,5296.8300,5296.8300,5296.8300,5296.8300,1,1,2026-08-24T00:00:00.000
3860,20260605,20260613,373,342,229,121,296,3,4,5298.2000,5298.2000,5298.2000,5298.2000,1,1,2026-08-24T00:00:00.000
3861,20260713,20260723,62,248,460,291,421,6,5,5299.5700,5299.5700,5299.5700,5299.5700,1,1,2026-08-24T00:00:00.000
3862,20260804,20260805,72,269,328,223,359,5,5,5300.9400,5300.9400,5300.9400,5300.9400,1,1,2026-08-24T00:00:00.000
3863,20260806,20260802,332,266,371,133,190,3,5,5302.3100,5302.3100,5302.3100,5302.3100,1,1,2026-08-24T00:00:00.000
3864,20260818,20260707,460,287,108,402,304,2,4,5303.6800,5303.6800,5303.6800,5303.6800,1,1,2026-08-24T00:00:00.000
3865,20260608,20260619,379,320,90,287,319,5,3,5305.0500,5305.0500,5305.0500,5305.0500,1,1,2026-08-24T00:00:00.000
3866,20260701,20260627,330,321,213,386,489,6,5,5306.4200,5306.4200,5306.4200,5306.4200,1,1,2026-08-24T00:00:00.000
3867,20260608,20260614,140,248,204,384,355,2,3,5307.7900,5307.7900,5307.7900,5307.7900,1,1,2026-08-24T00:00:00.000
3868,20260711,20260814,109,320,407,150,462,7,2,5309.1600,5309.1600,5309.1600,5309.1600,1,1,2026-08-24T00:00:00.000
3869,20260716,20260603,312,183,284,461,40,4,1,5310.5300,5310.5300,5310.5300,5310.5300,1,1,2026-08-24T00:00:00.000
3870,20260604,20260819,445,184,223,187,475,1,1,5311.9000,5311.9000,5311.9000,5311.9000,1,1,2026-08-24T00:00:00.000
3871,20260809,20260611,272,319,72,264,186,3,5,5313.2700,5313.2700,5313.2700,5313.2700,1,1,2026-08-24T00:00:00.000
3872,20260730,20260730,146,102,345,493,461,8,1,5314.6400,5314.6400,5314.6400,5314.6400,1,1,2026-08-24T00:00:00.000
3873,20260615,20260718,78,298,191,317,114,6,5,5316.0100,5316.0100,5316.0100,5316.0100,1,1,2026-08-24T00:00:00.000
3874,20260820,20260609,2,85,14,97,312,8,1,5317.3800,5317.3800,5317.3800,5317.3800,1,1,2026-08-24T00:00:00.000
3875,20260628,20260814,265,265,171,131,427,4,4,5318.7500,5318.7500,5318.7500,5318.7500,1,1,2026-08-24T00:00:00.000
3876,20260731,20260723,404,112,105,473,460,3,2,5320.1200,5320.1200,5320.1200,5320.1200,1,1,2026-08-24T00:00:00.000
3877,20260531,20260710,159,241,422,287,68,4,3,5321.4900,5321.4900,5321.4900,5321.4900,1,1,2026-08-24T00:00:00.000
3878,20260808,20260716,264,174,137,332,74,5,5,5322.8600,5322.8600,5322.8600,5322.8600,1,1,2026-08-24T00:00:00.000
3879,20260824,20260807,412,342,36,28,367,1,3,5324.2300,5324.2300,5324.2300,5324.2300,1,1,2026-08-24T00:00:00.000
3880,20260727,20260529,58,21,7,17,287,2,3,5325.6000,5325.6000,5325.6000,5325.6000,1,1,2026-08-24T00:00:00.000
3881,20260726,20260603,54,145,126,297,51,7,3,5326.9700,5326.9700,5326.9700,5326.9700,1,1,2026-08-24T00:00:00.000
3882,20260812,20260711,485,318,444,237,259,3,3,5328.3400,5328.3400,5328.3400,5328.3400,1,1,2026-08-24T00:00:00.000
3883,20260706,20260803,437,10,419,27,354,2,3,5329.7100,5329.7100,5329.7100,5329.7100,1,1,2026-08-24T00:00:00.000
3884,20260712,20260722,70,9,349,91,338,4,3,5331.0800,5331.0800,5331.0800,5331.0800,1,1,2026-08-24T00:00:00.000
3885,20260608,20260811,279,95,86,487,151,8,4,5332.4500,5332.4500,5332.4500,5332.4500,1,1,2026-08-24T00:00:00.000
3886,20260716,20260605,475,70,156,246,488,6,2,5333.8200,5333.8200,5333.8200,5333.8200,1,1,2026-08-24T00:00:00.000
3887,20260818,20260811,359,313,455,432,275,7,4,5335.1900,5335.1900,5335.1900,5335.1900,1,1,2026-08-24T00:00:00.000
3888,20260628,20260615,91,294,99,240,44,5,4,5336.5600,5336.5600,5336.5600,5336.5600,1,1,2026-08-24T00:00:00.000
3889,20260814,20260727,219,113,367,347,271,3,1,5337.9300,5337.9300,5337.9300,5337.9300,1,1,2026-08-24T00:00:00.000
3890,20260614,20260621,58,148,427,376,331,5,2,5339.3000,5339.3000,5339.3000,5339.3000,1,1,2026-08-24T00:00:00.000
3891,20260611,20260809,441,283,158,134,102,3,2,5340.6700,5340.6700,5340.6700,5340.6700,1,1,2026-08-24T00:00:00.000
3892,20260616,20260708,281,238,471,475,447,1,4,5342.0400,5342.0400,5342.0400,5342.0400,1,1,2026-08-24T00:00:00.000
3893,20260720,20260703,3,279,112,23,216,4,4,5343.4100,5343.4100,5343.4100,5343.4100,1,1,2026-08-24T00:00:00.000
3894,20260823,20260815,409,40,354,12,234,1,1,5344.7800,5344.7800,5344.7800,5344.7800,1,1,2026-08-24T00:00:00.000
3895,20260818,20260601,345,270,296,368,46,6,5,5346.1500,5346.1500,5346.1500,5346.1500,1,1,2026-08-24T00:00:00.000
3896,20260613,20260708,87,303,99,33,178,7,3,5347.5200,5347.5200,5347.5200,5347.5200,1,1,2026-08-24T00:00:00.000
3897,20260606,20260719,28,163,266,283,351,1,5,5348.8900,5348.8900,5348.8900,5348.8900,1,1,2026-08-24T00:00:00.000
3898,20260608,20260630,190,172,17,314,9,1,2,5350.2600,5350.2600,5350.2600,5350.2600,1,1,2026-08-24T00:00:00.000
3899,20260725,20260730,407,214,206,298,20,5,5,5351.6300,5351.6300,5351.6300,5351.6300,1,1,2026-08-24T00:00:00.000
3900,20260709,20260609,371,292,370,325,168,4,1,5353.0000,5353.0000,5353.0000,5353.0000,1,1,2026-08-24T00:00:00.000
3901,20260713,20260603,290,166,427,171,101,7,5,5354.3700,5354.3700,5354.3700,5354.3700,1,1,2026-08-24T00:00:00.000
3902,20260629,20260811,245,287,76,122,249,3,3,5355.7400,5355.7400,5355.7400,5355.7400,1,1,2026-08-24T00:00:00.000
3903,20260807,20260528,418,168,216,90,452,1,5,5357.1100,5357.1100,5357.1100,5357.1100,1,1,2026-08-24T00:00:00.000
3904,20260802,20260621,181,98,449,217,393,4,2,5358.4800,5358.4800,5358.4800,5358.4800,1,1,2026-08-24T00:00:00.000
3905,20260720,20260723,24,152,272,338,284,1,3,5359.8500,5359.8500,5359.8500,5359.8500,1,1,2026-08-24T00:00:00.000
3906,20260808,20260807,496,179,169,106,371,5,4,5361.2200,5361.2200,5361.2200,5361.2200,1,1,2026-08-24T00:00:00.000
3907,20260814,20260807,191,22,318,327,465,5,1,5362.5900,5362.5900,5362.5900,5362.5900,1,1,2026-08-24T00:00:00.000
3908,20260823,20260604,469,115,402,444,443,7,2,5363.9600,5363.9600,5363.9600,5363.9600,1,1,2026-08-24T00:00:00.000
3909,20260711,20260709,189,189,417,32,47,1,5,5365.3300,5365.3300,5365.3300,5365.3300,1,1,2026-08-24T00:00:00.000
3910,20260605,20260707,294,128,342,35,203,6,5,5366.7000,5366.7000,5366.7000,5366.7000,1,1,2026-08-24T00:00:00.000
3911,20260529,20260810,373,124,393,57,109,8,2,5368.0700,5368.0700,5368.0700,5368.0700,1,1,2026-08-24T00:00:00.000
3912,20260711,20260713,391,264,176,348,269,7,1,5369.4400,5369.4400,5369.4400,5369.4400,1,1,2026-08-24T00:00:00.000
3913,20260620,20260621,323,241,225,367,155,7,3,5370.8100,5370.8100,5370.8100,5370.8100,1,1,2026-08-24T00:00:00.000
3914,20260609,20260717,365,162,29,367,500,1,2,5372.1800,5372.1800,5372.1800,5372.1800,1,1,2026-08-24T00:00:00.000
3915,20260730,20260628,489,90,309,469,439,1,3,5373.5500,5373.5500,5373.5500,5373.5500,1,1,2026-08-24T00:00:00.000
3916,20260801,20260817,161,290,483,153,456,6,2,5374.9200,5374.9200,5374.9200,5374.9200,1,1,2026-08-24T00:00:00.000
3917,20260706,20260817,444,179,100,16,197,5,3,5376.2900,5376.2900,5376.2900,5376.2900,1,1,2026-08-24T00:00:00.000
3918,20260722,20260621,343,259,334,307,387,4,1,5377.6600,5377.6600,5377.6600,5377.6600,1,1,2026-08-24T00:00:00.000
3919,20260623,20260602,372,120,70,14,216,5,4,5379.0300,5379.0300,5379.0300,5379.0300,1,1,2026-08-24T00:00:00.000
3920,20260721,20260623,65,105,317,248,253,7,4,5380.4000,5380.4000,5380.4000,5380.4000,1,1,2026-08-24T00:00:00.000
3921,20260710,20260619,52,317,115,291,389,6,4,5381.7700,5381.7700,5381.7700,5381.7700,1,1,2026-08-24T00:00:00.000
3922,20260616,20260618,97,299,326,151,456,3,1,5383.1400,5383.1400,5383.1400,5383.1400,1,1,2026-08-24T00:00:00.000
3923,20260617,20260612,257,32,479,388,396,1,2,5384.5100,5384.5100,5384.5100,5384.5100,1,1,2026-08-24T00:00:00.000
3924,20260811,20260612,397,49,3,213,173,4,4,5385.8800,5385.8800,5385.8800,5385.8800,1,1,2026-08-24T00:00:00.000
3925,20260601,20260821,323,116,265,84,346,2,2,5387.2500,5387.2500,5387.2500,5387.2500,1,1,2026-08-24T00:00:00.000
3926,20260714,20260708,320,270,291,135,477,2,5,5388.6200,5388.6200,5388.6200,5388.6200,1,1,2026-08-24T00:00:00.000
3927,20260814,20260612,10,283,75,24,172,2,5,5389.9900,5389.9900,5389.9900,5389.9900,1,1,2026-08-24T00:00:00.000
3928,20260707,20260611,423,44,174,351,469,3,4,5391.3600,5391.3600,5391.3600,5391.3600,1,1,2026-08-24T00:00:00.000
3929,20260621,20260527,58,67,94,344,17,7,1,5392.7300,5392.7300,5392.7300,5392.7300,1,1,2026-08-24T00:00:00.000
3930,20260602,20260804,343,150,294,172,452,3,1,5394.1000,5394.1000,5394.1000,5394.1000,1,1,2026-08-24T00:00:00.000
3931,20260630,20260720,297,257,50,321,263,2,2,5395.4700,5395.4700,5395.4700,5395.4700,1,1,2026-08-24T00:00:00.000
3932,20260709,20260805,55,146,59,285,23,5,5,5396.8400,5396.8400,5396.8400,5396.8400,1,1,2026-08-24T00:00:00.000
3933,20260603,20260813,335,135,381,51,43,5,5,5398.2100,5398.2100,5398.2100,5398.2100,1,1,2026-08-24T00:00:00.000
3934,20260728,20260821,373,50,96,257,307,2,3,5399.5800,5399.5800,5399.5800,5399.5800,1,1,2026-08-24T00:00:00.000
3935,20260607,20260703,328,149,444,243,174,1,3,5400.9500,5400.9500,5400.9500,5400.9500,1,1,2026-08-24T00:00:00.000
3936,20260810,20260713,182,118,186,54,99,4,3,5402.3200,5402.3200,5402.3200,5402.3200,1,1,2026-08-24T00:00:00.000
3937,20260625,20260822,432,132,377,19,52,1,5,5403.6900,5403.6900,5403.6900,5403.6900,1,1,2026-08-24T00:00:00.000
3938,20260529,20260602,86,25,55,427,290,4,3,5405.0600,5405.0600,5405.0600,5405.0600,1,1,2026-08-24T00:00:00.000
3939,20260721,20260713,123,192,387,250,195,1,5,5406.4300,5406.4300,5406.4300,5406.4300,1,1,2026-08-24T00:00:00.000
3940,20260822,20260716,181,91,319,265,192,5,1,5407.8000,5407.8000,5407.8000,5407.8000,1,1,2026-08-24T00:00:00.000
3941,20260814,20260821,432,8,142,222,490,4,4,5409.1700,5409.1700,5409.1700,5409.1700,1,1,2026-08-24T00:00:00.000
3942,20260712,20260727,344,163,459,176,132,5,2,5410.5400,5410.5400,5410.5400,5410.5400,1,1,2026-08-24T00:00:00.000
3943,20260608,20260804,110,84,303,278,175,5,5,5411.9100,5411.9100,5411.9100,5411.9100,1,1,2026-08-24T00:00:00.000
3944,20260705,20260820,206,304,309,393,332,8,2,5413.2800,5413.2800,5413.2800,5413.2800,1,1,2026-08-24T00:00:00.000
3945,20260808,20260720,304,24,350,111,107,6,3,5414.6500,5414.6500,5414.6500,5414.6500,1,1,2026-08-24T00:00:00.000
3946,20260606,20260804,186,159,68,475,337,7,4,5416.0200,5416.0200,5416.0200,5416.0200,1,1,2026-08-24T00:00:00.000
3947,20260728,20260818,271,119,121,365,298,3,2,5417.3900,5417.3900,5417.3900,5417.3900,1,1,2026-08-24T00:00:00.000
3948,20260610,20260725,316,6,328,227,2,2,3,5418.7600,5418.7600,5418.7600,5418.7600,1,1,2026-08-24T00:00:00.000
3949,20260612,20260720,24,1,110,471,24,2,3,5420.1300,5420.1300,5420.1300,5420.1300,1,1,2026-08-24T00:00:00.000
3950,20260805,20260716,414,167,181,469,399,1,5,5421.5000,5421.5000,5421.5000,5421.5000,1,1,2026-08-24T00:00:00.000
3951,20260806,20260724,49,116,346,15,457,2,1,5422.8700,5422.8700,5422.8700,5422.8700,1,1,2026-08-24T00:00:00.000
3952,20260813,20260706,16,210,110,354,437,7,2,5424.2400,5424.2400,5424.2400,5424.2400,1,1,2026-08-24T00:00:00.000
3953,20260805,20260614,462,67,67,418,497,5,2,5425.6100,5425.6100,5425.6100,5425.6100,1,1,2026-08-24T00:00:00.000
3954,20260623,20260724,300,224,280,479,481,7,5,5426.9800,5426.9800,5426.9800,5426.9800,1,1,2026-08-24T00:00:00.000
3955,20260705,20260725,48,189,213,166,333,5,2,5428.3500,5428.3500,5428.3500,5428.3500,1,1,2026-08-24T00:00:00.000
3956,20260724,20260807,497,323,231,465,193,1,5,5429.7200,5429.7200,5429.7200,5429.7200,1,1,2026-08-24T00:00:00.000
3957,20260803,20260804,208,9,164,357,66,4,3,5431.0900,5431.0900,5431.0900,5431.0900,1,1,2026-08-24T00:00:00.000
3958,20260823,20260824,448,213,351,146,194,8,1,5432.4600,5432.4600,5432.4600,5432.4600,1,1,2026-08-24T00:00:00.000
3959,20260622,20260615,159,188,391,435,457,8,4,5433.8300,5433.8300,5433.8300,5433.8300,1,1,2026-08-24T00:00:00.000
3960,20260814,20260801,427,316,147,351,85,4,2,5435.2000,5435.2000,5435.2000,5435.2000,1,1,2026-08-24T00:00:00.000
3961,20260717,20260707,1,269,456,48,74,6,5,5436.5700,5436.5700,5436.5700,5436.5700,1,1,2026-08-24T00:00:00.000
3962,20260724,20260620,312,234,17,173,270,7,4,5437.9400,5437.9400,5437.9400,5437.9400,1,1,2026-08-24T00:00:00.000
3963,20260730,20260604,403,163,472,143,4,5,4,5439.3100,5439.3100,5439.3100,5439.3100,1,1,2026-08-24T00:00:00.000
3964,20260727,20260801,465,152,344,173,220,4,1,5440.6800,5440.6800,5440.6800,5440.6800,1,1,2026-08-24T00:00:00.000
3965,20260722,20260804,368,81,243,4,483,4,1,5442.0500,5442.0500,5442.0500,5442.0500,1,1,2026-08-24T00:00:00.000
3966,20260810,20260715,34,185,381,20,200,1,4,5443.4200,5443.4200,5443.4200,5443.4200,1,1,2026-08-24T00:00:00.000
3967,20260528,20260815,108,333,339,62,147,7,3,5444.7900,5444.7900,5444.7900,5444.7900,1,1,2026-08-24T00:00:00.000
3968,20260706,20260720,246,221,282,47,99,4,5,5446.1600,5446.1600,5446.1600,5446.1600,1,1,2026-08-24T00:00:00.000
3969,20260815,20260604,120,14,122,198,258,8,3,5447.5300,5447.5300,5447.5300,5447.5300,1,1,2026-08-24T00:00:00.000
3970,20260821,20260710,15,92,174,358,415,4,1,5448.9000,5448.9000,5448.9000,5448.9000,1,1,2026-08-24T00:00:00.000
3971,20260723,20260718,37,233,279,397,249,7,1,5450.2700,5450.2700,5450.2700,5450.2700,1,1,2026-08-24T00:00:00.000
3972,20260822,20260817,445,316,495,26,219,1,3,5451.6400,5451.6400,5451.6400,5451.6400,1,1,2026-08-24T00:00:00.000
3973,20260610,20260705,185,4,63,250,193,5,2,5453.0100,5453.0100,5453.0100,5453.0100,1,1,2026-08-24T00:00:00.000
3974,20260818,20260706,231,51,481,5,179,3,1,5454.3800,5454.3800,5454.3800,5454.3800,1,1,2026-08-24T00:00:00.000
3975,20260724,20260717,397,132,133,365,141,7,4,5455.7500,5455.7500,5455.7500,5455.7500,1,1,2026-08-24T00:00:00.000
3976,20260808,20260818,459,188,174,427,140,5,3,5457.1200,5457.1200,5457.1200,5457.1200,1,1,2026-08-24T00:00:00.000
3977,20260622,20260822,366,251,285,314,67,2,4,5458.4900,5458.4900,5458.4900,5458.4900,1,1,2026-08-24T00:00:00.000
3978,20260614,20260819,41,308,121,160,499,1,4,5459.8600,5459.8600,5459.8600,5459.8600,1,1,2026-08-24T00:00:00.000
3979,20260707,20260801,36,116,449,248,343,3,3,5461.2300,5461.2300,5461.2300,5461.2300,1,1,2026-08-24T00:00:00.000
3980,20260723,20260814,18,258,23,362,29,4,4,5462.6000,5462.6000,5462.6000,5462.6000,1,1,2026-08-24T00:00:00.000
3981,20260619,20260707,317,348,445,362,89,3,2,5463.9700,5463.9700,5463.9700,5463.9700,1,1,2026-08-24T00:00:00.000
3982,20260719,20260619,429,48,107,162,364,4,5,5465.3400,5465.3400,5465.3400,5465.3400,1,1,2026-08-24T00:00:00.000
3983,20260528,20260619,141,174,403,333,64,7,3,5466.7100,5466.7100,5466.7100,5466.7100,1,1,2026-08-24T00:00:00.000
3984,20260619,20260713,338,138,430,471,468,5,1,5468.0800,5468.0800,5468.0800,5468.0800,1,1,2026-08-24T00:00:00.000
3985,20260804,20260803,387,4,348,264,393,7,2,5469.4500,5469.4500,5469.4500,5469.4500,1,1,2026-08-24T00:00:00.000
3986,20260802,20260809,422,318,227,96,105,1,1,5470.8200,5470.8200,5470.8200,5470.8200,1,1,2026-08-24T00:00:00.000
3987,20260606,20260720,82,159,494,103,330,1,4,5472.1900,5472.1900,5472.1900,5472.1900,1,1,2026-08-24T00:00:00.000
3988,20260614,20260609,250,328,141,196,247,5,3,5473.5600,5473.5600,5473.5600,5473.5600,1,1,2026-08-24T00:00:00.000
3989,20260619,20260812,121,49,195,266,199,4,3,5474.9300,5474.9300,5474.9300,5474.9300,1,1,2026-08-24T00:00:00.000
3990,20260701,20260623,140,57,351,254,396,7,4,5476.3000,5476.3000,5476.3000,5476.3000,1,1,2026-08-24T00:00:00.000
3991,20260618,20260704,383,55,478,189,38,7,2,5477.6700,5477.6700,5477.6700,5477.6700,1,1,2026-08-24T00:00:00.000
3992,20260625,20260724,486,268,415,272,450,5,3,5479.0400,5479.0400,5479.0400,5479.0400,1,1,2026-08-24T00:00:00.000
3993,20260629,20260730,458,50,428,72,255,5,1,5480.4100,5480.4100,5480.4100,5480.4100,1,1,2026-08-24T00:00:00.000
3994,20260618,20260814,223,34,232,25,488,7,4,5481.7800,5481.7800,5481.7800,5481.7800,1,1,2026-08-24T00:00:00.000
3995,20260730,20260818,310,192,113,481,414,2,5,5483.1500,5483.1500,5483.1500,5483.1500,1,1,2026-08-24T00:00:00.000
3996,20260730,20260714,130,228,436,141,9,7,1,5484.5200,5484.5200,5484.5200,5484.5200,1,1,2026-08-24T00:00:00.000
3997,20260723,20260709,103,5,204,242,403,2,2,5485.8900,5485.8900,5485.8900,5485.8900,1,1,2026-08-24T00:00:00.000
3998,20260601,20260823,482,339,9,341,140,2,4,5487.2600,5487.2600,5487.2600,5487.2600,1,1,2026-08-24T00:00:00.000
3999,20260728,20260717,184,144,130,442,482,3,2,5488.6300,5488.6300,5488.6300,5488.6300,1,1,2026-08-24T00:00:00.000
4000,20260627,20260725,411,139,34,353,416,1,4,5490.0000,5490.0000,5490.0000,5490.0000,1,1,2026-08-24T00:00:00.000
4001,20260530,20260712,173,172,257,397,192,4,5,5491.3700,5491.3700,5491.3700,5491.3700,1,1,2026-08-24T00:00:00.000
4002,20260710,20260531,456,89,389,183,379,2,3,5492.7400,5492.7400,5492.7400,5492.7400,1,1,2026-08-24T00:00:00.000
4003,20260624,20260823,491,329,149,51,154,6,4,5494.1100,5494.1100,5494.1100,5494.1100,1,1,2026-08-24T00:00:00.000
4004,20260810,20260614,491,97,426,475,42,2,3,5495.4800,5495.4800,5495.4800,5495.4800,1,1,2026-08-24T00:00:00.000
4005,20260723,20260817,94,224,273,256,349,6,5,5496.8500,5496.8500,5496.8500,5496.8500,1,1,2026-08-24T00:00:00.000
4006,20260530,20260803,120,94,491,339,343,3,4,5498.2200,5498.2200,5498.2200,5498.2200,1,1,2026-08-24T00:00:00.000
4007,20260702,20260804,411,140,32,380,48,3,5,5499.5900,5499.5900,5499.5900,5499.5900,1,1,2026-08-24T00:00:00.000
4008,20260703,20260702,210,192,239,141,206,8,4,5500.9600,5500.9600,5500.9600,5500.9600,1,1,2026-08-24T00:00:00.000
4009,20260705,20260806,327,291,86,264,34,2,1,5502.3300,5502.3300,5502.3300,5502.3300,1,1,2026-08-24T00:00:00.000
4010,20260810,20260806,345,17,55,16,422,7,4,5503.7000,5503.7000,5503.7000,5503.7000,1,1,2026-08-24T00:00:00.000
4011,20260713,20260806,349,332,436,307,447,8,5,5505.0700,5505.0700,5505.0700,5505.0700,1,1,2026-08-24T00:00:00.000
4012,20260724,20260605,391,65,61,207,476,6,3,5506.4400,5506.4400,5506.4400,5506.4400,1,1,2026-08-24T00:00:00.000
4013,20260604,20260707,417,123,489,171,129,4,5,5507.8100,5507.8100,5507.8100,5507.8100,1,1,2026-08-24T00:00:00.000
4014,20260710,20260716,188,188,373,481,78,1,4,5509.1800,5509.1800,5509.1800,5509.1800,1,1,2026-08-24T00:00:00.000
4015,20260706,20260626,250,243,268,266,379,1,4,5510.5500,5510.5500,5510.5500,5510.5500,1,1,2026-08-24T00:00:00.000
4016,20260607,20260613,316,273,424,277,433,5,3,5511.9200,5511.9200,5511.9200,5511.9200,1,1,2026-08-24T00:00:00.000
4017,20260706,20260721,373,127,110,289,227,4,3,5513.2900,5513.2900,5513.2900,5513.2900,1,1,2026-08-24T00:00:00.000
4018,20260731,20260527,96,174,293,293,362,3,1,5514.6600,5514.6600,5514.6600,5514.6600,1,1,2026-08-24T00:00:00.000
4019,20260810,20260717,429,332,246,321,315,6,2,5516.0300,5516.0300,5516.0300,5516.0300,1,1,2026-08-24T00:00:00.000
4020,20260711,20260822,26,196,394,121,488,2,2,5517.4000,5517.4000,5517.4000,5517.4000,1,1,2026-08-24T00:00:00.000
4021,20260806,20260724,174,213,203,180,330,2,5,5518.7700,5518.7700,5518.7700,5518.7700,1,1,2026-08-24T00:00:00.000
4022,20260812,20260604,101,230,216,107,454,1,2,5520.1400,5520.1400,5520.1400,5520.1400,1,1,2026-08-24T00:00:00.000
4023,20260731,20260702,343,104,191,159,265,4,4,5521.5100,5521.5100,5521.5100,5521.5100,1,1,2026-08-24T00:00:00.000
4024,20260614,20260601,267,341,429,237,397,6,4,5522.8800,5522.8800,5522.8800,5522.8800,1,1,2026-08-24T00:00:00.000
4025,20260621,20260704,359,317,50,14,373,4,2,5524.2500,5524.2500,5524.2500,5524.2500,1,1,2026-08-24T00:00:00.000
4026,20260621,20260617,345,198,223,125,22,4,2,5525.6200,5525.6200,5525.6200,5525.6200,1,1,2026-08-24T00:00:00.000
4027,20260716,20260709,332,206,445,365,179,3,3,5526.9900,5526.9900,5526.9900,5526.9900,1,1,2026-08-24T00:00:00.000
4028,20260804,20260615,132,250,41,164,110,3,2,5528.3600,5528.3600,5528.3600,5528.3600,1,1,2026-08-24T00:00:00.000
4029,20260701,20260702,339,44,342,124,112,1,1,5529.7300,5529.7300,5529.7300,5529.7300,1,1,2026-08-24T00:00:00.000
4030,20260818,20260629,363,197,353,470,225,5,2,5531.1000,5531.1000,5531.1000,5531.1000,1,1,2026-08-24T00:00:00.000
4031,20260624,20260819,41,244,334,8,468,6,2,5532.4700,5532.4700,5532.4700,5532.4700,1,1,2026-08-24T00:00:00.000
4032,20260822,20260804,120,133,345,266,399,5,5,5533.8400,5533.8400,5533.8400,5533.8400,1,1,2026-08-24T00:00:00.000
4033,20260804,20260703,395,201,85,189,467,4,1,5535.2100,5535.2100,5535.2100,5535.2100,1,1,2026-08-24T00:00:00.000
4034,20260813,20260822,208,254,364,203,442,6,4,5536.5800,5536.5800,5536.5800,5536.5800,1,1,2026-08-24T00:00:00.000
4035,20260728,20260626,114,210,464,399,312,5,1,5537.9500,5537.9500,5537.9500,5537.9500,1,1,2026-08-24T00:00:00.000
4036,20260731,20260605,247,272,414,205,179,7,2,5539.3200,5539.3200,5539.3200,5539.3200,1,1,2026-08-24T00:00:00.000
4037,20260812,20260708,77,98,161,7,358,3,1,5540.6900,5540.6900,5540.6900,5540.6900,1,1,2026-08-24T00:00:00.000
4038,20260623,20260821,60,199,374,239,289,7,1,5542.0600,5542.0600,5542.0600,5542.0600,1,1,2026-08-24T00:00:00.000
4039,20260823,20260814,146,236,364,463,129,5,5,5543.4300,5543.4300,5543.4300,5543.4300,1,1,2026-08-24T00:00:00.000
4040,20260803,20260729,391,309,422,186,249,8,4,5544.8000,5544.8000,5544.8000,5544.8000,1,1,2026-08-24T00:00:00.000
4041,20260815,20260728,201,150,450,406,433,8,2,5546.1700,5546.1700,5546.1700,5546.1700,1,1,2026-08-24T00:00:00.000
4042,20260626,20260708,288,89,322,468,178,4,4,5547.5400,5547.5400,5547.5400,5547.5400,1,1,2026-08-24T00:00:00.000
4043,20260527,20260721,414,196,274,457,165,3,3,5548.9100,5548.9100,5548.9100,5548.9100,1,1,2026-08-24T00:00:00.000
4044,20260822,20260802,371,224,389,17,231,8,4,5550.2800,5550.2800,5550.2800,5550.2800,1,1,2026-08-24T00:00:00.000
4045,20260704,20260824,267,242,291,200,114,4,5,5551.6500,5551.6500,5551.6500,5551.6500,1,1,2026-08-24T00:00:00.000
4046,20260623,20260601,453,211,103,469,69,4,2,5553.0200,5553.0200,5553.0200,5553.0200,1,1,2026-08-24T00:00:00.000
4047,20260603,20260701,266,206,6,28,224,6,2,5554.3900,5554.3900,5554.3900,5554.3900,1,1,2026-08-24T00:00:00.000
4048,20260804,20260726,94,209,400,422,321,6,1,5555.7600,5555.7600,5555.7600,5555.7600,1,1,2026-08-24T00:00:00.000
4049,20260618,20260607,376,344,246,334,128,6,4,5557.1300,5557.1300,5557.1300,5557.1300,1,1,2026-08-24T00:00:00.000
4050,20260612,20260817,127,195,278,424,158,8,5,5558.5000,5558.5000,5558.5000,5558.5000,1,1,2026-08-24T00:00:00.000
4051,20260822,20260709,420,92,36,237,488,1,2,5559.8700,5559.8700,5559.8700,5559.8700,1,1,2026-08-24T00:00:00.000
4052,20260630,20260727,242,44,125,492,441,2,2,5561.2400,5561.2400,5561.2400,5561.2400,1,1,2026-08-24T00:00:00.000
4053,20260608,20260706,412,247,185,33,90,2,5,5562.6100,5562.6100,5562.6100,5562.6100,1,1,2026-08-24T00:00:00.000
4054,20260627,20260814,52,22,62,383,195,5,4,5563.9800,5563.9800,5563.9800,5563.9800,1,1,2026-08-24T00:00:00.000
4055,20260820,20260622,84,228,166,47,205,5,2,5565.3500,5565.3500,5565.3500,5565.3500,1,1,2026-08-24T00:00:00.000
4056,20260727,20260730,60,237,434,256,127,4,2,5566.7200,5566.7200,5566.7200,5566.7200,1,1,2026-08-24T00:00:00.000
4057,20260628,20260728,363,195,230,16,201,8,4,5568.0900,5568.0900,5568.0900,5568.0900,1,1,2026-08-24T00:00:00.000
4058,20260729,20260626,92,63,237,170,93,3,3,5569.4600,5569.4600,5569.4600,5569.4600,1,1,2026-08-24T00:00:00.000
4059,20260530,20260803,485,172,340,117,99,4,1,5570.8300,5570.8300,5570.8300,5570.8300,1,1,2026-08-24T00:00:00.000
4060,20260627,20260727,59,7,440,246,231,8,5,5572.2000,5572.2000,5572.2000,5572.2000,1,1,2026-08-24T00:00:00.000
4061,20260703,20260625,277,40,329,309,411,6,4,5573.5700,5573.5700,5573.5700,5573.5700,1,1,2026-08-24T00:00:00.000
4062,20260729,20260729,331,43,490,372,168,6,2,5574.9400,5574.9400,5574.9400,5574.9400,1,1,2026-08-24T00:00:00.000
4063,20260730,20260623,34,213,275,275,166,1,3,5576.3100,5576.3100,5576.3100,5576.3100,1,1,2026-08-24T00:00:00.000
4064,20260716,20260709,202,181,71,71,79,3,4,5577.6800,5577.6800,5577.6800,5577.6800,1,1,2026-08-24T00:00:00.000
4065,20260718,20260621,96,104,149,325,481,8,2,5579.0500,5579.0500,5579.0500,5579.0500,1,1,2026-08-24T00:00:00.000
4066,20260808,20260804,191,305,265,38,399,2,3,5580.4200,5580.4200,5580.4200,5580.4200,1,1,2026-08-24T00:00:00.000
4067,20260612,20260729,450,226,135,451,194,3,4,5581.7900,5581.7900,5581.7900,5581.7900,1,1,2026-08-24T00:00:00.000
4068,20260611,20260730,429,100,445,36,465,6,3,5583.1600,5583.1600,5583.1600,5583.1600,1,1,2026-08-24T00:00:00.000
4069,20260822,20260621,208,146,277,41,422,2,2,5584.5300,5584.5300,5584.5300,5584.5300,1,1,2026-08-24T00:00:00.000
4070,20260702,20260802,173,8,233,367,497,1,2,5585.9000,5585.9000,5585.9000,5585.9000,1,1,2026-08-24T00:00:00.000
4071,20260704,20260813,137,45,60,9,312,1,5,5587.2700,5587.2700,5587.2700,5587.2700,1,1,2026-08-24T00:00:00.000
4072,20260610,20260529,97,237,112,317,361,6,4,5588.6400,5588.6400,5588.6400,5588.6400,1,1,2026-08-24T00:00:00.000
4073,20260616,20260818,30,30,9,14,72,2,3,5590.0100,5590.0100,5590.0100,5590.0100,1,1,2026-08-24T00:00:00.000
4074,20260728,20260608,99,331,352,401,366,5,3,5591.3800,5591.3800,5591.3800,5591.3800,1,1,2026-08-24T00:00:00.000
4075,20260802,20260806,488,283,263,73,262,1,4,5592.7500,5592.7500,5592.7500,5592.7500,1,1,2026-08-24T00:00:00.000
4076,20260528,20260715,297,297,12,359,180,1,5,5594.1200,5594.1200,5594.1200,5594.1200,1,1,2026-08-24T00:00:00.000
4077,20260824,20260818,355,138,121,132,164,7,1,5595.4900,5595.4900,5595.4900,5595.4900,1,1,2026-08-24T00:00:00.000
4078,20260731,20260726,318,231,344,137,363,3,5,5596.8600,5596.8600,5596.8600,5596.8600,1,1,2026-08-24T00:00:00.000
4079,20260820,20260528,261,80,471,416,61,3,5,5598.2300,5598.2300,5598.2300,5598.2300,1,1,2026-08-24T00:00:00.000
4080,20260625,20260604,483,2,105,49,288,6,2,5599.6000,5599.6000,5599.6000,5599.6000,1,1,2026-08-24T00:00:00.000
4081,20260813,20260701,373,128,348,116,141,6,5,5600.9700,5600.9700,5600.9700,5600.9700,1,1,2026-08-24T00:00:00.000
4082,20260612,20260629,402,334,137,234,114,5,3,5602.3400,5602.3400,5602.3400,5602.3400,1,1,2026-08-24T00:00:00.000
4083,20260814,20260618,295,207,483,498,144,1,2,5603.7100,5603.7100,5603.7100,5603.7100,1,1,2026-08-24T00:00:00.000
4084,20260813,20260621,90,36,157,21,197,8,5,5605.0800,5605.0800,5605.0800,5605.0800,1,1,2026-08-24T00:00:00.000
4085,20260814,20260730,239,208,500,288,245,8,3,5606.4500,5606.4500,5606.4500,5606.4500,1,1,2026-08-24T00:00:00.000
4086,20260816,20260602,339,223,176,313,285,8,3,5607.8200,5607.8200,5607.8200,5607.8200,1,1,2026-08-24T00:00:00.000
4087,20260710,20260619,443,171,465,75,123,6,5,5609.1900,5609.1900,5609.1900,5609.1900,1,1,2026-08-24T00:00:00.000
4088,20260613,20260604,197,10,67,51,154,4,4,5610.5600,5610.5600,5610.5600,5610.5600,1,1,2026-08-24T00:00:00.000
4089,20260811,20260604,301,207,27,78,206,8,5,5611.9300,5611.9300,5611.9300,5611.9300,1,1,2026-08-24T00:00:00.000
4090,20260804,20260531,317,69,362,457,398,5,2,5613.3000,5613.3000,5613.3000,5613.3000,1,1,2026-08-24T00:00:00.000
4091,20260729,20260823,217,1,360,66,453,4,2,5614.6700,5614.6700,5614.6700,5614.6700,1,1,2026-08-24T00:00:00.000
4092,20260715,20260727,299,293,103,456,396,3,2,5616.0400,5616.0400,5616.0400,5616.0400,1,1,2026-08-24T00:00:00.000
4093,20260726,20260613,292,66,26,367,236,1,3,5617.4100,5617.4100,5617.4100,5617.4100,1,1,2026-08-24T00:00:00.000
4094,20260624,20260603,498,19,411,303,202,3,4,5618.7800,5618.7800,5618.7800,5618.7800,1,1,2026-08-24T00:00:00.000
4095,20260705,20260623,250,350,357,60,341,3,5,5620.1500,5620.1500,5620.1500,5620.1500,1,1,2026-08-24T00:00:00.000
4096,20260627,20260605,50,133,372,311,346,5,2,5621.5200,5621.5200,5621.5200,5621.5200,1,1,2026-08-24T00:00:00.000
4097,20260630,20260818,328,165,158,263,371,7,4,5622.8900,5622.8900,5622.8900,5622.8900,1,1,2026-08-24T00:00:00.000
4098,20260731,20260604,366,227,136,236,61,5,3,5624.2600,5624.2600,5624.2600,5624.2600,1,1,2026-08-24T00:00:00.000
4099,20260613,20260813,408,206,258,188,276,6,1,5625.6300,5625.6300,5625.6300,5625.6300,1,1,2026-08-24T00:00:00.000
4100,20260703,20260717,430,181,91,241,68,7,4,5627.0000,5627.0000,5627.0000,5627.0000,1,1,2026-08-24T00:00:00.000
4101,20260601,20260705,335,275,53,401,181,2,2,5628.3700,5628.3700,5628.3700,5628.3700,1,1,2026-08-24T00:00:00.000
4102,20260818,20260615,434,256,334,297,20,3,1,5629.7400,5629.7400,5629.7400,5629.7400,1,1,2026-08-24T00:00:00.000
4103,20260726,20260604,248,265,371,185,150,3,5,5631.1100,5631.1100,5631.1100,5631.1100,1,1,2026-08-24T00:00:00.000
4104,20260716,20260630,437,198,128,322,287,8,4,5632.4800,5632.4800,5632.4800,5632.4800,1,1,2026-08-24T00:00:00.000
4105,20260716,20260621,166,47,461,478,451,5,3,5633.8500,5633.8500,5633.8500,5633.8500,1,1,2026-08-24T00:00:00.000
4106,20260704,20260707,370,178,82,419,464,8,1,5635.2200,5635.2200,5635.2200,5635.2200,1,1,2026-08-24T00:00:00.000
4107,20260731,20260528,1,49,112,473,500,6,2,5636.5900,5636.5900,5636.5900,5636.5900,1,1,2026-08-24T00:00:00.000
4108,20260728,20260617,192,326,160,432,167,6,2,5637.9600,5637.9600,5637.9600,5637.9600,1,1,2026-08-24T00:00:00.000
4109,20260728,20260820,175,256,34,173,248,3,4,5639.3300,5639.3300,5639.3300,5639.3300,1,1,2026-08-24T00:00:00.000
4110,20260613,20260803,83,320,493,65,6,8,3,5640.7000,5640.7000,5640.7000,5640.7000,1,1,2026-08-24T00:00:00.000
4111,20260621,20260618,70,80,374,195,290,2,1,5642.0700,5642.0700,5642.0700,5642.0700,1,1,2026-08-24T00:00:00.000
4112,20260615,20260622,122,69,57,206,228,3,2,5643.4400,5643.4400,5643.4400,5643.4400,1,1,2026-08-24T00:00:00.000
4113,20260805,20260619,476,112,247,354,330,8,2,5644.8100,5644.8100,5644.8100,5644.8100,1,1,2026-08-24T00:00:00.000
4114,20260821,20260810,207,46,50,106,468,8,1,5646.1800,5646.1800,5646.1800,5646.1800,1,1,2026-08-24T00:00:00.000
4115,20260813,20260821,252,305,70,120,317,4,1,5647.5500,5647.5500,5647.5500,5647.5500,1,1,2026-08-24T00:00:00.000
4116,20260630,20260723,421,129,225,293,491,2,1,5648.9200,5648.9200,5648.9200,5648.9200,1,1,2026-08-24T00:00:00.000
4117,20260722,20260623,375,55,201,224,327,8,4,5650.2900,5650.2900,5650.2900,5650.2900,1,1,2026-08-24T00:00:00.000
4118,20260702,20260701,403,63,317,313,328,2,4,5651.6600,5651.6600,5651.6600,5651.6600,1,1,2026-08-24T00:00:00.000
4119,20260618,20260620,41,346,113,330,460,2,2,5653.0300,5653.0300,5653.0300,5653.0300,1,1,2026-08-24T00:00:00.000
4120,20260617,20260702,495,122,207,118,456,5,5,5654.4000,5654.4000,5654.4000,5654.4000,1,1,2026-08-24T00:00:00.000
4121,20260604,20260819,268,311,91,257,346,1,1,5655.7700,5655.7700,5655.7700,5655.7700,1,1,2026-08-24T00:00:00.000
4122,20260619,20260628,399,184,406,266,425,1,1,5657.1400,5657.1400,5657.1400,5657.1400,1,1,2026-08-24T00:00:00.000
4123,20260626,20260816,451,297,460,438,194,6,3,5658.5100,5658.5100,5658.5100,5658.5100,1,1,2026-08-24T00:00:00.000
4124,20260719,20260713,166,122,197,130,248,4,2,5659.8800,5659.8800,5659.8800,5659.8800,1,1,2026-08-24T00:00:00.000
4125,20260629,20260613,122,28,67,201,138,1,5,5661.2500,5661.2500,5661.2500,5661.2500,1,1,2026-08-24T00:00:00.000
4126,20260724,20260529,35,220,202,499,242,4,4,5662.6200,5662.6200,5662.6200,5662.6200,1,1,2026-08-24T00:00:00.000
4127,20260715,20260621,151,96,381,449,185,7,5,5663.9900,5663.9900,5663.9900,5663.9900,1,1,2026-08-24T00:00:00.000
4128,20260612,20260711,146,286,331,91,467,5,4,5665.3600,5665.3600,5665.3600,5665.3600,1,1,2026-08-24T00:00:00.000
4129,20260613,20260716,279,132,139,153,389,4,3,5666.7300,5666.7300,5666.7300,5666.7300,1,1,2026-08-24T00:00:00.000
4130,20260703,20260703,247,241,227,67,48,3,2,5668.1000,5668.1000,5668.1000,5668.1000,1,1,2026-08-24T00:00:00.000
4131,20260805,20260806,202,41,415,264,131,4,4,5669.4700,5669.4700,5669.4700,5669.4700,1,1,2026-08-24T00:00:00.000
4132,20260724,20260714,110,241,375,134,142,2,2,5670.8400,5670.8400,5670.8400,5670.8400,1,1,2026-08-24T00:00:00.000
4133,20260622,20260727,300,289,301,433,311,2,1,5672.2100,5672.2100,5672.2100,5672.2100,1,1,2026-08-24T00:00:00.000
4134,20260728,20260806,15,114,478,212,479,4,4,5673.5800,5673.5800,5673.5800,5673.5800,1,1,2026-08-24T00:00:00.000
4135,20260605,20260802,87,253,354,216,389,3,3,5674.9500,5674.9500,5674.9500,5674.9500,1,1,2026-08-24T00:00:00.000
4136,20260530,20260808,308,242,311,325,37,3,2,5676.3200,5676.3200,5676.3200,5676.3200,1,1,2026-08-24T00:00:00.000
4137,20260625,20260726,332,27,103,301,294,1,4,5677.6900,5677.6900,5677.6900,5677.6900,1,1,2026-08-24T00:00:00.000
4138,20260625,20260621,369,205,409,431,330,3,2,5679.0600,5679.0600,5679.0600,5679.0600,1,1,2026-08-24T00:00:00.000
4139,20260822,20260820,250,182,16,148,487,1,2,5680.4300,5680.4300,5680.4300,5680.4300,1,1,2026-08-24T00:00:00.000
4140,20260614,20260805,483,141,282,182,450,2,1,5681.8000,5681.8000,5681.8000,5681.8000,1,1,2026-08-24T00:00:00.000
4141,20260617,20260806,386,16,216,112,187,2,2,5683.1700,5683.1700,5683.1700,5683.1700,1,1,2026-08-24T00:00:00.000
4142,20260629,20260723,462,12,280,471,316,4,4,5684.5400,5684.5400,5684.5400,5684.5400,1,1,2026-08-24T00:00:00.000
4143,20260715,20260824,46,3,71,354,79,8,3,5685.9100,5685.9100,5685.9100,5685.9100,1,1,2026-08-24T00:00:00.000
4144,20260730,20260721,333,116,362,478,49,6,4,5687.2800,5687.2800,5687.2800,5687.2800,1,1,2026-08-24T00:00:00.000
4145,20260605,20260711,298,320,358,420,59,4,2,5688.6500,5688.6500,5688.6500,5688.6500,1,1,2026-08-24T00:00:00.000
4146,20260625,20260605,260,190,250,445,273,2,4,5690.0200,5690.0200,5690.0200,5690.0200,1,1,2026-08-24T00:00:00.000
4147,20260721,20260802,196,86,122,346,337,1,2,5691.3900,5691.3900,5691.3900,5691.3900,1,1,2026-08-24T00:00:00.000
4148,20260625,20260605,181,144,170,442,65,2,5,5692.7600,5692.7600,5692.7600,5692.7600,1,1,2026-08-24T00:00:00.000
4149,20260802,20260614,185,251,304,482,425,5,1,5694.1300,5694.1300,5694.1300,5694.1300,1,1,2026-08-24T00:00:00.000
4150,20260714,20260531,227,122,181,240,426,1,2,5695.5000,5695.5000,5695.5000,5695.5000,1,1,2026-08-24T00:00:00.000
4151,20260705,20260708,424,282,46,272,41,2,2,5696.8700,5696.8700,5696.8700,5696.8700,1,1,2026-08-24T00:00:00.000
4152,20260610,20260626,77,216,149,495,72,3,2,5698.2400,5698.2400,5698.2400,5698.2400,1,1,2026-08-24T00:00:00.000
4153,20260801,20260713,121,60,389,427,302,5,5,5699.6100,5699.6100,5699.6100,5699.6100,1,1,2026-08-24T00:00:00.000
4154,20260809,20260808,213,152,285,493,49,8,4,5700.9800,5700.9800,5700.9800,5700.9800,1,1,2026-08-24T00:00:00.000
4155,20260801,20260804,27,35,255,407,165,3,3,5702.3500,5702.3500,5702.3500,5702.3500,1,1,2026-08-24T00:00:00.000
4156,20260809,20260802,10,318,336,86,184,7,2,5703.7200,5703.7200,5703.7200,5703.7200,1,1,2026-08-24T00:00:00.000
4157,20260705,20260819,223,271,292,100,149,2,5,5705.0900,5705.0900,5705.0900,5705.0900,1,1,2026-08-24T00:00:00.000
4158,20260601,20260701,88,225,322,138,465,5,5,5706.4600,5706.4600,5706.4600,5706.4600,1,1,2026-08-24T00:00:00.000
4159,20260601,20260822,465,165,115,404,76,8,5,5707.8300,5707.8300,5707.8300,5707.8300,1,1,2026-08-24T00:00:00.000
4160,20260723,20260609,24,296,266,207,97,6,2,5709.2000,5709.2000,5709.2000,5709.2000,1,1,2026-08-24T00:00:00.000
4161,20260812,20260612,127,98,337,88,7,1,3,5710.5700,5710.5700,5710.5700,5710.5700,1,1,2026-08-24T00:00:00.000
4162,20260618,20260701,249,242,318,347,206,6,3,5711.9400,5711.9400,5711.9400,5711.9400,1,1,2026-08-24T00:00:00.000
4163,20260625,20260719,19,85,433,458,33,7,3,5713.3100,5713.3100,5713.3100,5713.3100,1,1,2026-08-24T00:00:00.000
4164,20260817,20260719,84,6,432,119,295,1,5,5714.6800,5714.6800,5714.6800,5714.6800,1,1,2026-08-24T00:00:00.000
4165,20260704,20260815,115,159,159,241,449,7,5,5716.0500,5716.0500,5716.0500,5716.0500,1,1,2026-08-24T00:00:00.000
4166,20260711,20260819,322,20,306,440,270,1,3,5717.4200,5717.4200,5717.4200,5717.4200,1,1,2026-08-24T00:00:00.000
4167,20260614,20260731,235,162,66,434,85,7,1,5718.7900,5718.7900,5718.7900,5718.7900,1,1,2026-08-24T00:00:00.000
4168,20260704,20260812,243,70,5,399,192,4,2,5720.1600,5720.1600,5720.1600,5720.1600,1,1,2026-08-24T00:00:00.000
4169,20260616,20260609,267,162,479,484,30,2,3,5721.5300,5721.5300,5721.5300,5721.5300,1,1,2026-08-24T00:00:00.000
4170,20260805,20260711,94,167,44,16,218,4,5,5722.9000,5722.9000,5722.9000,5722.9000,1,1,2026-08-24T00:00:00.000
4171,20260621,20260817,272,238,459,159,92,4,5,5724.2700,5724.2700,5724.2700,5724.2700,1,1,2026-08-24T00:00:00.000
4172,20260805,20260629,167,342,23,43,170,8,3,5725.6400,5725.6400,5725.6400,5725.6400,1,1,2026-08-24T00:00:00.000
4173,20260714,20260813,475,5,287,42,325,6,3,5727.0100,5727.0100,5727.0100,5727.0100,1,1,2026-08-24T00:00:00.000
4174,20260728,20260803,208,316,437,126,476,5,3,5728.3800,5728.3800,5728.3800,5728.3800,1,1,2026-08-24T00:00:00.000
4175,20260722,20260614,139,29,281,253,170,6,3,5729.7500,5729.7500,5729.7500,5729.7500,1,1,2026-08-24T00:00:00.000
4176,20260818,20260530,180,120,82,107,410,1,2,5731.1200,5731.1200,5731.1200,5731.1200,1,1,2026-08-24T00:00:00.000
4177,20260819,20260712,31,183,172,215,215,4,3,5732.4900,5732.4900,5732.4900,5732.4900,1,1,2026-08-24T00:00:00.000
4178,20260807,20260811,230,301,462,61,38,8,4,5733.8600,5733.8600,5733.8600,5733.8600,1,1,2026-08-24T00:00:00.000
4179,20260731,20260711,166,130,177,129,89,5,3,5735.2300,5735.2300,5735.2300,5735.2300,1,1,2026-08-24T00:00:00.000
4180,20260822,20260616,471,25,390,358,262,3,3,5736.6000,5736.6000,5736.6000,5736.6000,1,1,2026-08-24T00:00:00.000
4181,20260725,20260608,154,241,416,166,459,8,5,5737.9700,5737.9700,5737.9700,5737.9700,1,1,2026-08-24T00:00:00.000
4182,20260610,20260607,47,190,367,331,180,4,2,5739.3400,5739.3400,5739.3400,5739.3400,1,1,2026-08-24T00:00:00.000
4183,20260622,20260812,113,128,91,247,38,1,4,5740.7100,5740.7100,5740.7100,5740.7100,1,1,2026-08-24T00:00:00.000
4184,20260606,20260726,115,123,31,279,356,8,5,5742.0800,5742.0800,5742.0800,5742.0800,1,1,2026-08-24T00:00:00.000
4185,20260619,20260709,471,321,403,328,386,5,4,5743.4500,5743.4500,5743.4500,5743.4500,1,1,2026-08-24T00:00:00.000
4186,20260614,20260723,496,157,260,163,168,8,2,5744.8200,5744.8200,5744.8200,5744.8200,1,1,2026-08-24T00:00:00.000
4187,20260802,20260619,262,18,37,168,78,7,2,5746.1900,5746.1900,5746.1900,5746.1900,1,1,2026-08-24T00:00:00.000
4188,20260821,20260812,141,300,97,77,259,3,4,5747.5600,5747.5600,5747.5600,5747.5600,1,1,2026-08-24T00:00:00.000
4189,20260819,20260621,48,107,497,388,301,4,4,5748.9300,5748.9300,5748.9300,5748.9300,1,1,2026-08-24T00:00:00.000
4190,20260611,20260623,288,330,118,221,365,6,1,5750.3000,5750.3000,5750.3000,5750.3000,1,1,2026-08-24T00:00:00.000
4191,20260719,20260613,139,46,58,146,148,8,2,5751.6700,5751.6700,5751.6700,5751.6700,1,1,2026-08-24T00:00:00.000
4192,20260720,20260531,186,15,149,202,79,2,2,5753.0400,5753.0400,5753.0400,5753.0400,1,1,2026-08-24T00:00:00.000
4193,20260707,20260528,109,276,448,498,389,5,3,5754.4100,5754.4100,5754.4100,5754.4100,1,1,2026-08-24T00:00:00.000
4194,20260617,20260712,317,289,47,254,475,2,2,5755.7800,5755.7800,5755.7800,5755.7800,1,1,2026-08-24T00:00:00.000
4195,20260621,20260626,99,328,481,362,315,1,2,5757.1500,5757.1500,5757.1500,5757.1500,1,1,2026-08-24T00:00:00.000
4196,20260820,20260701,258,155,305,160,314,3,2,5758.5200,5758.5200,5758.5200,5758.5200,1,1,2026-08-24T00:00:00.000
4197,20260627,20260703,415,306,460,315,69,6,4,5759.8900,5759.8900,5759.8900,5759.8900,1,1,2026-08-24T00:00:00.000
4198,20260701,20260709,308,223,145,252,300,2,3,5761.2600,5761.2600,5761.2600,5761.2600,1,1,2026-08-24T00:00:00.000
4199,20260804,20260708,302,82,422,465,272,2,1,5762.6300,5762.6300,5762.6300,5762.6300,1,1,2026-08-24T00:00:00.000
4200,20260824,20260704,9,75,286,401,181,3,5,5764.0000,5764.0000,5764.0000,5764.0000,1,1,2026-08-24T00:00:00.000
4201,20260718,20260807,78,50,489,221,134,4,3,5765.3700,5765.3700,5765.3700,5765.3700,1,1,2026-08-24T00:00:00.000
4202,20260807,20260805,401,255,379,289,480,5,3,5766.7400,5766.7400,5766.7400,5766.7400,1,1,2026-08-24T00:00:00.000
4203,20260702,20260809,7,63,286,406,243,5,2,5768.1100,5768.1100,5768.1100,5768.1100,1,1,2026-08-24T00:00:00.000
4204,20260710,20260603,423,110,492,344,221,5,1,5769.4800,5769.4800,5769.4800,5769.4800,1,1,2026-08-24T00:00:00.000
4205,20260627,20260703,99,327,240,327,239,5,4,5770.8500,5770.8500,5770.8500,5770.8500,1,1,2026-08-24T00:00:00.000
4206,20260708,20260820,281,327,230,92,30,1,4,5772.2200,5772.2200,5772.2200,5772.2200,1,1,2026-08-24T00:00:00.000
4207,20260823,20260721,412,102,133,73,221,1,3,5773.5900,5773.5900,5773.5900,5773.5900,1,1,2026-08-24T00:00:00.000
4208,20260611,20260725,290,167,1,366,13,7,5,5774.9600,5774.9600,5774.9600,5774.9600,1,1,2026-08-24T00:00:00.000
4209,20260821,20260822,383,320,389,374,409,1,4,5776.3300,5776.3300,5776.3300,5776.3300,1,1,2026-08-24T00:00:00.000
4210,20260719,20260624,8,306,269,429,159,1,5,5777.7000,5777.7000,5777.7000,5777.7000,1,1,2026-08-24T00:00:00.000
4211,20260816,20260811,243,301,14,2,145,5,1,5779.0700,5779.0700,5779.0700,5779.0700,1,1,2026-08-24T00:00:00.000
4212,20260802,20260713,438,24,81,280,475,4,2,5780.4400,5780.4400,5780.4400,5780.4400,1,1,2026-08-24T00:00:00.000
4213,20260603,20260528,79,62,487,282,360,7,3,5781.8100,5781.8100,5781.8100,5781.8100,1,1,2026-08-24T00:00:00.000
4214,20260625,20260614,419,302,351,418,8,1,5,5783.1800,5783.1800,5783.1800,5783.1800,1,1,2026-08-24T00:00:00.000
4215,20260820,20260531,372,1,340,307,168,2,2,5784.5500,5784.5500,5784.5500,5784.5500,1,1,2026-08-24T00:00:00.000
4216,20260805,20260611,143,99,340,485,79,2,1,5785.9200,5785.9200,5785.9200,5785.9200,1,1,2026-08-24T00:00:00.000
4217,20260818,20260708,222,238,339,428,133,2,5,5787.2900,5787.2900,5787.2900,5787.2900,1,1,2026-08-24T00:00:00.000
4218,20260622,20260822,184,3,295,438,268,7,1,5788.6600,5788.6600,5788.6600,5788.6600,1,1,2026-08-24T00:00:00.000
4219,20260807,20260725,450,147,153,75,55,7,4,5790.0300,5790.0300,5790.0300,5790.0300,1,1,2026-08-24T00:00:00.000
4220,20260801,20260630,18,151,257,253,412,3,4,5791.4000,5791.4000,5791.4000,5791.4000,1,1,2026-08-24T00:00:00.000
4221,20260810,20260805,343,149,256,109,13,6,1,5792.7700,5792.7700,5792.7700,5792.7700,1,1,2026-08-24T00:00:00.000
4222,20260620,20260707,293,136,98,324,226,4,2,5794.1400,5794.1400,5794.1400,5794.1400,1,1,2026-08-24T00:00:00.000
4223,20260723,20260820,74,241,66,467,43,2,5,5795.5100,5795.5100,5795.5100,5795.5100,1,1,2026-08-24T00:00:00.000
4224,20260709,20260812,105,86,268,490,351,7,1,5796.8800,5796.8800,5796.8800,5796.8800,1,1,2026-08-24T00:00:00.000
4225,20260624,20260704,339,254,271,361,30,5,4,5798.2500,5798.2500,5798.2500,5798.2500,1,1,2026-08-24T00:00:00.000
4226,20260802,20260728,362,270,302,317,469,2,4,5799.6200,5799.6200,5799.6200,5799.6200,1,1,2026-08-24T00:00:00.000
4227,20260624,20260718,481,274,197,322,358,2,2,5800.9900,5800.9900,5800.9900,5800.9900,1,1,2026-08-24T00:00:00.000
4228,20260704,20260723,339,266,423,439,238,8,5,5802.3600,5802.3600,5802.3600,5802.3600,1,1,2026-08-24T00:00:00.000
4229,20260529,20260713,457,165,142,24,388,8,1,5803.7300,5803.7300,5803.7300,5803.7300,1,1,2026-08-24T00:00:00.000
4230,20260606,20260628,392,268,214,235,221,6,1,5805.1000,5805.1000,5805.1000,5805.1000,1,1,2026-08-24T00:00:00.000
4231,20260620,20260721,37,181,480,47,309,5,1,5806.4700,5806.4700,5806.4700,5806.4700,1,1,2026-08-24T00:00:00.000
4232,20260601,20260709,203,177,64,461,334,5,5,5807.8400,5807.8400,5807.8400,5807.8400,1,1,2026-08-24T00:00:00.000
4233,20260726,20260602,137,53,475,480,237,3,2,5809.2100,5809.2100,5809.2100,5809.2100,1,1,2026-08-24T00:00:00.000
4234,20260723,20260821,60,270,128,155,409,5,3,5810.5800,5810.5800,5810.5800,5810.5800,1,1,2026-08-24T00:00:00.000
4235,20260706,20260721,455,195,473,69,202,5,4,5811.9500,5811.9500,5811.9500,5811.9500,1,1,2026-08-24T00:00:00.000
4236,20260824,20260527,121,77,80,180,67,7,3,5813.3200,5813.3200,5813.3200,5813.3200,1,1,2026-08-24T00:00:00.000
4237,20260715,20260705,12,310,371,155,21,5,1,5814.6900,5814.6900,5814.6900,5814.6900,1,1,2026-08-24T00:00:00.000
4238,20260806,20260815,67,343,351,413,99,2,5,5816.0600,5816.0600,5816.0600,5816.0600,1,1,2026-08-24T00:00:00.000
4239,20260702,20260721,421,139,299,386,112,2,5,5817.4300,5817.4300,5817.4300,5817.4300,1,1,2026-08-24T00:00:00.000
4240,20260817,20260708,213,60,19,12,62,5,2,5818.8000,5818.8000,5818.8000,5818.8000,1,1,2026-08-24T00:00:00.000
4241,20260528,20260626,289,316,500,179,166,1,4,5820.1700,5820.1700,5820.1700,5820.1700,1,1,2026-08-24T00:00:00.000
4242,20260627,20260813,300,25,5,333,368,3,3,5821.5400,5821.5400,5821.5400,5821.5400,1,1,2026-08-24T00:00:00.000
4243,20260719,20260712,28,15,51,25,430,4,1,5822.9100,5822.9100,5822.9100,5822.9100,1,1,2026-08-24T00:00:00.000
4244,20260801,20260725,10,94,190,310,32,4,4,5824.2800,5824.2800,5824.2800,5824.2800,1,1,2026-08-24T00:00:00.000
4245,20260707,20260601,18,143,136,233,443,1,5,5825.6500,5825.6500,5825.6500,5825.6500,1,1,2026-08-24T00:00:00.000
4246,20260713,20260727,451,332,274,323,327,8,1,5827.0200,5827.0200,5827.0200,5827.0200,1,1,2026-08-24T00:00:00.000
4247,20260814,20260627,487,227,388,328,380,2,5,5828.3900,5828.3900,5828.3900,5828.3900,1,1,2026-08-24T00:00:00.000
4248,20260528,20260821,452,215,425,427,134,1,1,5829.7600,5829.7600,5829.7600,5829.7600,1,1,2026-08-24T00:00:00.000
4249,20260618,20260702,495,207,6,273,484,3,3,5831.1300,5831.1300,5831.1300,5831.1300,1,1,2026-08-24T00:00:00.000
4250,20260806,20260609,3,202,259,51,104,4,4,5832.5000,5832.5000,5832.5000,5832.5000,1,1,2026-08-24T00:00:00.000
4251,20260824,20260727,85,243,429,231,462,2,5,5833.8700,5833.8700,5833.8700,5833.8700,1,1,2026-08-24T00:00:00.000
4252,20260706,20260820,362,343,207,320,456,8,4,5835.2400,5835.2400,5835.2400,5835.2400,1,1,2026-08-24T00:00:00.000
4253,20260816,20260803,374,51,127,444,108,5,5,5836.6100,5836.6100,5836.6100,5836.6100,1,1,2026-08-24T00:00:00.000
4254,20260725,20260628,397,301,482,56,51,1,2,5837.9800,5837.9800,5837.9800,5837.9800,1,1,2026-08-24T00:00:00.000
4255,20260606,20260627,475,266,318,313,180,7,5,5839.3500,5839.3500,5839.3500,5839.3500,1,1,2026-08-24T00:00:00.000
4256,20260728,20260622,431,243,47,7,101,5,1,5840.7200,5840.7200,5840.7200,5840.7200,1,1,2026-08-24T00:00:00.000
4257,20260727,20260623,473,254,438,302,343,6,4,5842.0900,5842.0900,5842.0900,5842.0900,1,1,2026-08-24T00:00:00.000
4258,20260805,20260703,337,8,492,185,1,8,1,5843.4600,5843.4600,5843.4600,5843.4600,1,1,2026-08-24T00:00:00.000
4259,20260819,20260705,429,21,7,192,482,4,3,5844.8300,5844.8300,5844.8300,5844.8300,1,1,2026-08-24T00:00:00.000
4260,20260620,20260630,148,145,165,482,343,2,1,5846.2000,5846.2000,5846.2000,5846.2000,1,1,2026-08-24T00:00:00.000
4261,20260727,20260727,305,299,372,299,104,6,4,5847.5700,5847.5700,5847.5700,5847.5700,1,1,2026-08-24T00:00:00.000
4262,20260623,20260816,10,279,36,63,185,5,3,5848.9400,5848.9400,5848.9400,5848.9400,1,1,2026-08-24T00:00:00.000
4263,20260622,20260801,59,184,279,136,244,6,4,5850.3100,5850.3100,5850.3100,5850.3100,1,1,2026-08-24T00:00:00.000
4264,20260706,20260627,369,59,257,451,488,7,4,5851.6800,5851.6800,5851.6800,5851.6800,1,1,2026-08-24T00:00:00.000
4265,20260529,20260816,44,263,208,452,155,3,1,5853.0500,5853.0500,5853.0500,5853.0500,1,1,2026-08-24T00:00:00.000
4266,20260702,20260819,452,186,369,478,24,8,3,5854.4200,5854.4200,5854.4200,5854.4200,1,1,2026-08-24T00:00:00.000
4267,20260618,20260816,104,235,425,59,493,7,5,5855.7900,5855.7900,5855.7900,5855.7900,1,1,2026-08-24T00:00:00.000
4268,20260802,20260621,26,17,74,474,161,8,4,5857.1600,5857.1600,5857.1600,5857.1600,1,1,2026-08-24T00:00:00.000
4269,20260716,20260823,410,167,231,200,229,8,1,5858.5300,5858.5300,5858.5300,5858.5300,1,1,2026-08-24T00:00:00.000
4270,20260818,20260623,310,185,382,121,176,2,3,5859.9000,5859.9000,5859.9000,5859.9000,1,1,2026-08-24T00:00:00.000
4271,20260703,20260726,496,350,333,275,92,4,3,5861.2700,5861.2700,5861.2700,5861.2700,1,1,2026-08-24T00:00:00.000
4272,20260702,20260531,99,336,118,54,291,8,5,5862.6400,5862.6400,5862.6400,5862.6400,1,1,2026-08-24T00:00:00.000
4273,20260610,20260527,226,66,206,84,250,6,4,5864.0100,5864.0100,5864.0100,5864.0100,1,1,2026-08-24T00:00:00.000
4274,20260710,20260806,105,136,448,362,131,6,3,5865.3800,5865.3800,5865.3800,5865.3800,1,1,2026-08-24T00:00:00.000
4275,20260606,20260601,497,248,102,204,352,8,2,5866.7500,5866.7500,5866.7500,5866.7500,1,1,2026-08-24T00:00:00.000
4276,20260630,20260717,307,344,124,466,229,8,3,5868.1200,5868.1200,5868.1200,5868.1200,1,1,2026-08-24T00:00:00.000
4277,20260712,20260619,345,151,255,60,300,4,2,5869.4900,5869.4900,5869.4900,5869.4900,1,1,2026-08-24T00:00:00.000
4278,20260713,20260810,302,330,24,3,342,8,5,5870.8600,5870.8600,5870.8600,5870.8600,1,1,2026-08-24T00:00:00.000
4279,20260627,20260616,56,92,222,114,17,1,5,5872.2300,5872.2300,5872.2300,5872.2300,1,1,2026-08-24T00:00:00.000
4280,20260716,20260814,498,80,497,407,23,7,1,5873.6000,5873.6000,5873.6000,5873.6000,1,1,2026-08-24T00:00:00.000
4281,20260817,20260609,94,315,434,385,441,2,2,5874.9700,5874.9700,5874.9700,5874.9700,1,1,2026-08-24T00:00:00.000
4282,20260707,20260818,353,151,17,327,132,5,1,5876.3400,5876.3400,5876.3400,5876.3400,1,1,2026-08-24T00:00:00.000
4283,20260614,20260725,167,126,483,263,498,6,1,5877.7100,5877.7100,5877.7100,5877.7100,1,1,2026-08-24T00:00:00.000
4284,20260713,20260621,136,341,196,245,124,2,1,5879.0800,5879.0800,5879.0800,5879.0800,1,1,2026-08-24T00:00:00.000
4285,20260807,20260714,369,195,346,33,199,5,1,5880.4500,5880.4500,5880.4500,5880.4500,1,1,2026-08-24T00:00:00.000
4286,20260621,20260701,406,4,455,301,229,6,2,5881.8200,5881.8200,5881.8200,5881.8200,1,1,2026-08-24T00:00:00.000
4287,20260623,20260807,114,46,269,323,413,2,3,5883.1900,5883.1900,5883.1900,5883.1900,1,1,2026-08-24T00:00:00.000
4288,20260531,20260819,169,267,355,109,156,2,4,5884.5600,5884.5600,5884.5600,5884.5600,1,1,2026-08-24T00:00:00.000
4289,20260721,20260809,234,335,446,297,254,1,3,5885.9300,5885.9300,5885.9300,5885.9300,1,1,2026-08-24T00:00:00.000
4290,20260702,20260821,244,192,211,201,116,5,4,5887.3000,5887.3000,5887.3000,5887.3000,1,1,2026-08-24T00:00:00.000
4291,20260710,20260618,35,51,117,487,237,3,3,5888.6700,5888.6700,5888.6700,5888.6700,1,1,2026-08-24T00:00:00.000
4292,20260815,20260721,224,175,97,341,212,3,1,5890.0400,5890.0400,5890.0400,5890.0400,1,1,2026-08-24T00:00:00.000
4293,20260824,20260819,377,344,173,8,54,7,2,5891.4100,5891.4100,5891.4100,5891.4100,1,1,2026-08-24T00:00:00.000
4294,20260722,20260621,333,266,438,180,488,7,5,5892.7800,5892.7800,5892.7800,5892.7800,1,1,2026-08-24T00:00:00.000
4295,20260706,20260813,162,88,117,236,35,2,3,5894.1500,5894.1500,5894.1500,5894.1500,1,1,2026-08-24T00:00:00.000
4296,20260813,20260627,459,158,110,345,404,7,4,5895.5200,5895.5200,5895.5200,5895.5200,1,1,2026-08-24T00:00:00.000
4297,20260807,20260722,348,144,458,59,45,7,4,5896.8900,5896.8900,5896.8900,5896.8900,1,1,2026-08-24T00:00:00.000
4298,20260722,20260725,289,134,244,30,374,3,1,5898.2600,5898.2600,5898.2600,5898.2600,1,1,2026-08-24T00:00:00.000
4299,20260703,20260805,60,344,479,459,124,1,1,5899.6300,5899.6300,5899.6300,5899.6300,1,1,2026-08-24T00:00:00.000
4300,20260731,20260609,187,340,182,173,336,5,4,5901.0000,5901.0000,5901.0000,5901.0000,1,1,2026-08-24T00:00:00.000
4301,20260723,20260813,409,285,135,96,52,4,3,5902.3700,5902.3700,5902.3700,5902.3700,1,1,2026-08-24T00:00:00.000
4302,20260806,20260821,9,332,128,205,394,3,4,5903.7400,5903.7400,5903.7400,5903.7400,1,1,2026-08-24T00:00:00.000
4303,20260809,20260717,136,290,361,350,146,2,5,5905.1100,5905.1100,5905.1100,5905.1100,1,1,2026-08-24T00:00:00.000
4304,20260730,20260806,256,25,83,446,66,3,1,5906.4800,5906.4800,5906.4800,5906.4800,1,1,2026-08-24T00:00:00.000
4305,20260810,20260612,181,38,142,418,314,8,4,5907.8500,5907.8500,5907.8500,5907.8500,1,1,2026-08-24T00:00:00.000
4306,20260811,20260629,277,308,193,130,446,1,2,5909.2200,5909.2200,5909.2200,5909.2200,1,1,2026-08-24T00:00:00.000
4307,20260618,20260630,207,41,322,313,77,1,1,5910.5900,5910.5900,5910.5900,5910.5900,1,1,2026-08-24T00:00:00.000
4308,20260630,20260616,111,24,375,348,392,7,4,5911.9600,5911.9600,5911.9600,5911.9600,1,1,2026-08-24T00:00:00.000
4309,20260822,20260606,404,84,364,130,164,8,2,5913.3300,5913.3300,5913.3300,5913.3300,1,1,2026-08-24T00:00:00.000
4310,20260823,20260706,16,83,5,482,244,6,5,5914.7000,5914.7000,5914.7000,5914.7000,1,1,2026-08-24T00:00:00.000
4311,20260706,20260807,10,259,318,136,27,4,5,5916.0700,5916.0700,5916.0700,5916.0700,1,1,2026-08-24T00:00:00.000
4312,20260726,20260712,462,168,268,150,281,7,4,5917.4400,5917.4400,5917.4400,5917.4400,1,1,2026-08-24T00:00:00.000
4313,20260608,20260728,409,166,152,115,284,3,4,5918.8100,5918.8100,5918.8100,5918.8100,1,1,2026-08-24T00:00:00.000
4314,20260602,20260611,324,346,341,116,74,5,1,5920.1800,5920.1800,5920.1800,5920.1800,1,1,2026-08-24T00:00:00.000
4315,20260808,20260529,56,258,453,31,294,8,4,5921.5500,5921.5500,5921.5500,5921.5500,1,1,2026-08-24T00:00:00.000
4316,20260704,20260628,402,293,174,450,206,2,5,5922.9200,5922.9200,5922.9200,5922.9200,1,1,2026-08-24T00:00:00.000
4317,20260708,20260622,249,212,35,302,394,7,5,5924.2900,5924.2900,5924.2900,5924.2900,1,1,2026-08-24T00:00:00.000
4318,20260709,20260808,276,250,22,203,225,6,5,5925.6600,5925.6600,5925.6600,5925.6600,1,1,2026-08-24T00:00:00.000
4319,20260814,20260811,170,97,114,465,146,3,3,5927.0300,5927.0300,5927.0300,5927.0300,1,1,2026-08-24T00:00:00.000
4320,20260627,20260623,363,168,390,208,331,7,3,5928.4000,5928.4000,5928.4000,5928.4000,1,1,2026-08-24T00:00:00.000
4321,20260807,20260621,285,140,228,202,389,2,3,5929.7700,5929.7700,5929.7700,5929.7700,1,1,2026-08-24T00:00:00.000
4322,20260619,20260810,148,160,129,166,308,5,5,5931.1400,5931.1400,5931.1400,5931.1400,1,1,2026-08-24T00:00:00.000
4323,20260823,20260628,303,245,95,86,245,1,1,5932.5100,5932.5100,5932.5100,5932.5100,1,1,2026-08-24T00:00:00.000
4324,20260609,20260729,128,320,124,135,202,4,1,5933.8800,5933.8800,5933.8800,5933.8800,1,1,2026-08-24T00:00:00.000
4325,20260601,20260718,258,115,466,257,11,3,3,5935.2500,5935.2500,5935.2500,5935.2500,1,1,2026-08-24T00:00:00.000
4326,20260702,20260729,292,189,135,427,331,6,3,5936.6200,5936.6200,5936.6200,5936.6200,1,1,2026-08-24T00:00:00.000
4327,20260626,20260619,63,110,218,182,162,5,3,5937.9900,5937.9900,5937.9900,5937.9900,1,1,2026-08-24T00:00:00.000
4328,20260814,20260623,376,81,468,193,286,8,4,5939.3600,5939.3600,5939.3600,5939.3600,1,1,2026-08-24T00:00:00.000
4329,20260808,20260810,62,298,371,46,336,8,4,5940.7300,5940.7300,5940.7300,5940.7300,1,1,2026-08-24T00:00:00.000
4330,20260529,20260721,378,176,422,266,297,6,5,5942.1000,5942.1000,5942.1000,5942.1000,1,1,2026-08-24T00:00:00.000
4331,20260621,20260814,314,97,139,368,170,4,1,5943.4700,5943.4700,5943.4700,5943.4700,1,1,2026-08-24T00:00:00.000
4332,20260710,20260824,107,23,186,243,13,3,4,5944.8400,5944.8400,5944.8400,5944.8400,1,1,2026-08-24T00:00:00.000
4333,20260605,20260817,436,207,382,224,484,8,4,5946.2100,5946.2100,5946.2100,5946.2100,1,1,2026-08-24T00:00:00.000
4334,20260629,20260629,313,21,56,216,266,3,2,5947.5800,5947.5800,5947.5800,5947.5800,1,1,2026-08-24T00:00:00.000
4335,20260530,20260710,378,135,14,66,219,3,2,5948.9500,5948.9500,5948.9500,5948.9500,1,1,2026-08-24T00:00:00.000
4336,20260611,20260819,122,3,238,104,330,6,1,5950.3200,5950.3200,5950.3200,5950.3200,1,1,2026-08-24T00:00:00.000
4337,20260612,20260624,296,64,342,372,407,2,3,5951.6900,5951.6900,5951.6900,5951.6900,1,1,2026-08-24T00:00:00.000
4338,20260613,20260821,101,304,433,257,34,4,3,5953.0600,5953.0600,5953.0600,5953.0600,1,1,2026-08-24T00:00:00.000
4339,20260713,20260529,427,135,437,486,490,6,1,5954.4300,5954.4300,5954.4300,5954.4300,1,1,2026-08-24T00:00:00.000
4340,20260723,20260601,336,165,323,55,36,2,4,5955.8000,5955.8000,5955.8000,5955.8000,1,1,2026-08-24T00:00:00.000
4341,20260711,20260817,125,86,228,59,389,3,1,5957.1700,5957.1700,5957.1700,5957.1700,1,1,2026-08-24T00:00:00.000
4342,20260629,20260613,72,285,23,219,271,4,5,5958.5400,5958.5400,5958.5400,5958.5400,1,1,2026-08-24T00:00:00.000
4343,20260602,20260623,353,157,120,275,137,7,5,5959.9100,5959.9100,5959.9100,5959.9100,1,1,2026-08-24T00:00:00.000
4344,20260629,20260603,43,18,443,311,48,6,3,5961.2800,5961.2800,5961.2800,5961.2800,1,1,2026-08-24T00:00:00.000
4345,20260815,20260713,171,255,499,150,310,1,1,5962.6500,5962.6500,5962.6500,5962.6500,1,1,2026-08-24T00:00:00.000
4346,20260822,20260724,424,62,218,98,79,1,1,5964.0200,5964.0200,5964.0200,5964.0200,1,1,2026-08-24T00:00:00.000
4347,20260531,20260824,461,173,495,139,239,6,1,5965.3900,5965.3900,5965.3900,5965.3900,1,1,2026-08-24T00:00:00.000
4348,20260613,20260805,145,295,266,216,263,5,2,5966.7600,5966.7600,5966.7600,5966.7600,1,1,2026-08-24T00:00:00.000
4349,20260528,20260708,423,53,144,249,233,6,1,5968.1300,5968.1300,5968.1300,5968.1300,1,1,2026-08-24T00:00:00.000
4350,20260610,20260709,213,271,59,166,435,6,1,5969.5000,5969.5000,5969.5000,5969.5000,1,1,2026-08-24T00:00:00.000
4351,20260802,20260718,417,311,154,242,89,4,3,5970.8700,5970.8700,5970.8700,5970.8700,1,1,2026-08-24T00:00:00.000
4352,20260705,20260808,338,102,348,79,491,3,5,5972.2400,5972.2400,5972.2400,5972.2400,1,1,2026-08-24T00:00:00.000
4353,20260718,20260726,206,134,472,61,132,2,5,5973.6100,5973.6100,5973.6100,5973.6100,1,1,2026-08-24T00:00:00.000
4354,20260716,20260703,243,269,284,191,51,4,4,5974.9800,5974.9800,5974.9800,5974.9800,1,1,2026-08-24T00:00:00.000
4355,20260725,20260728,83,116,56,13,54,6,4,5976.3500,5976.3500,5976.3500,5976.3500,1,1,2026-08-24T00:00:00.000
4356,20260708,20260810,174,258,446,274,300,2,3,5977.7200,5977.7200,5977.7200,5977.7200,1,1,2026-08-24T00:00:00.000
4357,20260719,20260630,56,121,478,14,437,6,4,5979.0900,5979.0900,5979.0900,5979.0900,1,1,2026-08-24T00:00:00.000
4358,20260713,20260709,400,277,153,258,308,5,5,5980.4600,5980.4600,5980.4600,5980.4600,1,1,2026-08-24T00:00:00.000
4359,20260711,20260814,247,191,415,114,281,4,2,5981.8300,5981.8300,5981.8300,5981.8300,1,1,2026-08-24T00:00:00.000
4360,20260710,20260719,217,180,141,11,51,2,1,5983.2000,5983.2000,5983.2000,5983.2000,1,1,2026-08-24T00:00:00.000
4361,20260818,20260618,273,115,310,31,395,2,2,5984.5700,5984.5700,5984.5700,5984.5700,1,1,2026-08-24T00:00:00.000
4362,20260608,20260801,112,189,365,368,16,6,4,5985.9400,5985.9400,5985.9400,5985.9400,1,1,2026-08-24T00:00:00.000
4363,20260724,20260613,308,322,448,445,498,7,2,5987.3100,5987.3100,5987.3100,5987.3100,1,1,2026-08-24T00:00:00.000
4364,20260728,20260816,221,116,34,309,201,1,5,5988.6800,5988.6800,5988.6800,5988.6800,1,1,2026-08-24T00:00:00.000
4365,20260704,20260729,86,9,408,194,247,6,1,5990.0500,5990.0500,5990.0500,5990.0500,1,1,2026-08-24T00:00:00.000
4366,20260627,20260808,334,242,186,153,132,6,5,5991.4200,5991.4200,5991.4200,5991.4200,1,1,2026-08-24T00:00:00.000
4367,20260701,20260817,27,303,413,315,258,8,3,5992.7900,5992.7900,5992.7900,5992.7900,1,1,2026-08-24T00:00:00.000
4368,20260617,20260707,137,188,230,149,276,5,4,5994.1600,5994.1600,5994.1600,5994.1600,1,1,2026-08-24T00:00:00.000
4369,20260811,20260719,341,50,197,334,447,8,2,5995.5300,5995.5300,5995.5300,5995.5300,1,1,2026-08-24T00:00:00.000
4370,20260529,20260531,489,89,45,173,466,2,3,5996.9000,5996.9000,5996.9000,5996.9000,1,1,2026-08-24T00:00:00.000
4371,20260720,20260809,257,182,258,200,315,3,3,5998.2700,5998.2700,5998.2700,5998.2700,1,1,2026-08-24T00:00:00.000
4372,20260617,20260704,51,188,61,169,366,2,4,5999.6400,5999.6400,5999.6400,5999.6400,1,1,2026-08-24T00:00:00.000
4373,20260701,20260628,387,241,190,292,198,5,2,6001.0100,6001.0100,6001.0100,6001.0100,1,1,2026-08-24T00:00:00.000
4374,20260712,20260721,340,140,73,340,340,6,5,6002.3800,6002.3800,6002.3800,6002.3800,1,1,2026-08-24T00:00:00.000
4375,20260624,20260722,14,266,381,435,223,2,1,6003.7500,6003.7500,6003.7500,6003.7500,1,1,2026-08-24T00:00:00.000
4376,20260801,20260625,122,106,357,4,436,5,2,6005.1200,6005.1200,6005.1200,6005.1200,1,1,2026-08-24T00:00:00.000
4377,20260824,20260618,254,324,41,361,335,1,2,6006.4900,6006.4900,6006.4900,6006.4900,1,1,2026-08-24T00:00:00.000
4378,20260702,20260624,107,176,72,378,203,7,5,6007.8600,6007.8600,6007.8600,6007.8600,1,1,2026-08-24T00:00:00.000
4379,20260729,20260707,423,27,316,54,39,3,3,6009.2300,6009.2300,6009.2300,6009.2300,1,1,2026-08-24T00:00:00.000
4380,20260816,20260620,382,154,495,226,473,2,5,6010.6000,6010.6000,6010.6000,6010.6000,1,1,2026-08-24T00:00:00.000
4381,20260611,20260628,430,297,243,125,228,1,5,6011.9700,6011.9700,6011.9700,6011.9700,1,1,2026-08-24T00:00:00.000
4382,20260602,20260611,336,147,213,354,11,8,2,6013.3400,6013.3400,6013.3400,6013.3400,1,1,2026-08-24T00:00:00.000
4383,20260704,20260714,7,182,127,448,295,4,1,6014.7100,6014.7100,6014.7100,6014.7100,1,1,2026-08-24T00:00:00.000
4384,20260731,20260822,100,143,36,453,499,1,4,6016.0800,6016.0800,6016.0800,6016.0800,1,1,2026-08-24T00:00:00.000
4385,20260617,20260723,357,150,442,277,333,7,2,6017.4500,6017.4500,6017.4500,6017.4500,1,1,2026-08-24T00:00:00.000
4386,20260611,20260706,352,178,143,168,128,8,2,6018.8200,6018.8200,6018.8200,6018.8200,1,1,2026-08-24T00:00:00.000
4387,20260722,20260811,366,235,159,33,491,4,4,6020.1900,6020.1900,6020.1900,6020.1900,1,1,2026-08-24T00:00:00.000
4388,20260715,20260808,492,77,168,466,225,3,1,6021.5600,6021.5600,6021.5600,6021.5600,1,1,2026-08-24T00:00:00.000
4389,20260729,20260806,52,117,174,195,321,6,5,6022.9300,6022.9300,6022.9300,6022.9300,1,1,2026-08-24T00:00:00.000
4390,20260722,20260622,164,127,12,228,2,7,4,6024.3000,6024.3000,6024.3000,6024.3000,1,1,2026-08-24T00:00:00.000
4391,20260718,20260528,130,127,336,331,16,3,4,6025.6700,6025.6700,6025.6700,6025.6700,1,1,2026-08-24T00:00:00.000
4392,20260628,20260530,420,342,283,235,406,5,2,6027.0400,6027.0400,6027.0400,6027.0400,1,1,2026-08-24T00:00:00.000
4393,20260529,20260618,308,237,26,95,270,4,5,6028.4100,6028.4100,6028.4100,6028.4100,1,1,2026-08-24T00:00:00.000
4394,20260623,20260530,48,175,48,276,291,5,1,6029.7800,6029.7800,6029.7800,6029.7800,1,1,2026-08-24T00:00:00.000
4395,20260813,20260529,460,256,127,288,327,7,1,6031.1500,6031.1500,6031.1500,6031.1500,1,1,2026-08-24T00:00:00.000
4396,20260805,20260806,157,228,346,455,223,2,3,6032.5200,6032.5200,6032.5200,6032.5200,1,1,2026-08-24T00:00:00.000
4397,20260722,20260712,158,50,260,340,232,1,1,6033.8900,6033.8900,6033.8900,6033.8900,1,1,2026-08-24T00:00:00.000
4398,20260723,20260707,122,249,104,261,25,4,2,6035.2600,6035.2600,6035.2600,6035.2600,1,1,2026-08-24T00:00:00.000
4399,20260821,20260730,216,260,382,93,148,5,3,6036.6300,6036.6300,6036.6300,6036.6300,1,1,2026-08-24T00:00:00.000
4400,20260712,20260730,205,310,226,66,13,3,3,6038.0000,6038.0000,6038.0000,6038.0000,1,1,2026-08-24T00:00:00.000
4401,20260629,20260719,47,133,474,276,390,1,1,6039.3700,6039.3700,6039.3700,6039.3700,1,1,2026-08-24T00:00:00.000
4402,20260806,20260622,346,100,237,301,324,1,1,6040.7400,6040.7400,6040.7400,6040.7400,1,1,2026-08-24T00:00:00.000
4403,20260620,20260721,208,171,490,365,388,3,5,6042.1100,6042.1100,6042.1100,6042.1100,1,1,2026-08-24T00:00:00.000
4404,20260819,20260628,273,105,203,95,127,6,4,6043.4800,6043.4800,6043.4800,6043.4800,1,1,2026-08-24T00:00:00.000
4405,20260708,20260528,420,228,382,16,103,5,4,6044.8500,6044.8500,6044.8500,6044.8500,1,1,2026-08-24T00:00:00.000
4406,20260528,20260806,395,302,11,466,494,6,4,6046.2200,6046.2200,6046.2200,6046.2200,1,1,2026-08-24T00:00:00.000
4407,20260607,20260806,24,30,177,459,217,1,2,6047.5900,6047.5900,6047.5900,6047.5900,1,1,2026-08-24T00:00:00.000
4408,20260824,20260624,403,58,227,302,408,4,5,6048.9600,6048.9600,6048.9600,6048.9600,1,1,2026-08-24T00:00:00.000
4409,20260717,20260627,413,324,213,173,29,7,2,6050.3300,6050.3300,6050.3300,6050.3300,1,1,2026-08-24T00:00:00.000
4410,20260701,20260708,411,287,451,308,156,3,1,6051.7000,6051.7000,6051.7000,6051.7000,1,1,2026-08-24T00:00:00.000
4411,20260629,20260820,112,59,442,13,290,6,3,6053.0700,6053.0700,6053.0700,6053.0700,1,1,2026-08-24T00:00:00.000
4412,20260618,20260607,399,54,129,410,429,7,1,6054.4400,6054.4400,6054.4400,6054.4400,1,1,2026-08-24T00:00:00.000
4413,20260616,20260718,169,45,485,297,257,7,3,6055.8100,6055.8100,6055.8100,6055.8100,1,1,2026-08-24T00:00:00.000
4414,20260805,20260612,210,109,34,59,134,5,1,6057.1800,6057.1800,6057.1800,6057.1800,1,1,2026-08-24T00:00:00.000
4415,20260806,20260702,10,75,131,49,10,7,1,6058.5500,6058.5500,6058.5500,6058.5500,1,1,2026-08-24T00:00:00.000
4416,20260713,20260804,494,267,305,89,349,2,1,6059.9200,6059.9200,6059.9200,6059.9200,1,1,2026-08-24T00:00:00.000
4417,20260709,20260805,169,165,487,20,205,5,4,6061.2900,6061.2900,6061.2900,6061.2900,1,1,2026-08-24T00:00:00.000
4418,20260606,20260822,199,151,220,58,30,3,1,6062.6600,6062.6600,6062.6600,6062.6600,1,1,2026-08-24T00:00:00.000
4419,20260820,20260719,463,40,445,306,426,7,5,6064.0300,6064.0300,6064.0300,6064.0300,1,1,2026-08-24T00:00:00.000
4420,20260701,20260626,223,66,295,71,485,6,5,6065.4000,6065.4000,6065.4000,6065.4000,1,1,2026-08-24T00:00:00.000
4421,20260619,20260823,24,339,356,362,11,2,2,6066.7700,6066.7700,6066.7700,6066.7700,1,1,2026-08-24T00:00:00.000
4422,20260608,20260814,496,138,116,83,132,5,2,6068.1400,6068.1400,6068.1400,6068.1400,1,1,2026-08-24T00:00:00.000
4423,20260708,20260821,125,35,354,477,254,8,3,6069.5100,6069.5100,6069.5100,6069.5100,1,1,2026-08-24T00:00:00.000
4424,20260605,20260713,325,308,30,422,259,2,4,6070.8800,6070.8800,6070.8800,6070.8800,1,1,2026-08-24T00:00:00.000
4425,20260727,20260707,407,339,106,40,174,4,4,6072.2500,6072.2500,6072.2500,6072.2500,1,1,2026-08-24T00:00:00.000
4426,20260726,20260811,422,73,18,424,93,3,3,6073.6200,6073.6200,6073.6200,6073.6200,1,1,2026-08-24T00:00:00.000
4427,20260625,20260704,459,87,500,81,36,2,3,6074.9900,6074.9900,6074.9900,6074.9900,1,1,2026-08-24T00:00:00.000
4428,20260616,20260616,427,27,454,410,446,4,4,6076.3600,6076.3600,6076.3600,6076.3600,1,1,2026-08-24T00:00:00.000
4429,20260820,20260623,130,85,281,273,397,1,2,6077.7300,6077.7300,6077.7300,6077.7300,1,1,2026-08-24T00:00:00.000
4430,20260606,20260729,102,36,46,80,478,1,4,6079.1000,6079.1000,6079.1000,6079.1000,1,1,2026-08-24T00:00:00.000
4431,20260617,20260609,182,39,215,157,94,7,4,6080.4700,6080.4700,6080.4700,6080.4700,1,1,2026-08-24T00:00:00.000
4432,20260617,20260710,334,151,141,21,220,7,5,6081.8400,6081.8400,6081.8400,6081.8400,1,1,2026-08-24T00:00:00.000
4433,20260730,20260707,59,177,78,202,26,6,1,6083.2100,6083.2100,6083.2100,6083.2100,1,1,2026-08-24T00:00:00.000
4434,20260729,20260701,169,18,170,99,430,2,2,6084.5800,6084.5800,6084.5800,6084.5800,1,1,2026-08-24T00:00:00.000
4435,20260802,20260803,267,35,297,278,297,5,5,6085.9500,6085.9500,6085.9500,6085.9500,1,1,2026-08-24T00:00:00.000
4436,20260610,20260627,208,153,151,128,438,2,2,6087.3200,6087.3200,6087.3200,6087.3200,1,1,2026-08-24T00:00:00.000
4437,20260601,20260608,434,344,2,444,492,7,2,6088.6900,6088.6900,6088.6900,6088.6900,1,1,2026-08-24T00:00:00.000
4438,20260611,20260807,204,90,282,180,75,6,4,6090.0600,6090.0600,6090.0600,6090.0600,1,1,2026-08-24T00:00:00.000
4439,20260610,20260627,496,160,363,486,190,8,1,6091.4300,6091.4300,6091.4300,6091.4300,1,1,2026-08-24T00:00:00.000
4440,20260809,20260609,72,179,33,377,186,4,4,6092.8000,6092.8000,6092.8000,6092.8000,1,1,2026-08-24T00:00:00.000
4441,20260610,20260718,108,151,282,174,447,4,2,6094.1700,6094.1700,6094.1700,6094.1700,1,1,2026-08-24T00:00:00.000
4442,20260621,20260702,291,10,275,103,100,5,2,6095.5400,6095.5400,6095.5400,6095.5400,1,1,2026-08-24T00:00:00.000
4443,20260722,20260627,458,133,44,150,154,6,1,6096.9100,6096.9100,6096.9100,6096.9100,1,1,2026-08-24T00:00:00.000
4444,20260730,20260621,340,116,370,493,375,7,4,6098.2800,6098.2800,6098.2800,6098.2800,1,1,2026-08-24T00:00:00.000
4445,20260801,20260814,254,192,210,383,476,3,1,6099.6500,6099.6500,6099.6500,6099.6500,1,1,2026-08-24T00:00:00.000
4446,20260702,20260714,215,160,406,348,286,8,1,6101.0200,6101.0200,6101.0200,6101.0200,1,1,2026-08-24T00:00:00.000
4447,20260714,20260726,477,145,309,232,70,8,2,6102.3900,6102.3900,6102.3900,6102.3900,1,1,2026-08-24T00:00:00.000
4448,20260718,20260527,244,140,240,165,167,1,2,6103.7600,6103.7600,6103.7600,6103.7600,1,1,2026-08-24T00:00:00.000
4449,20260708,20260621,73,142,27,350,123,4,1,6105.1300,6105.1300,6105.1300,6105.1300,1,1,2026-08-24T00:00:00.000
4450,20260817,20260608,189,334,98,100,258,1,3,6106.5000,6106.5000,6106.5000,6106.5000,1,1,2026-08-24T00:00:00.000
4451,20260622,20260701,4,34,426,99,265,3,4,6107.8700,6107.8700,6107.8700,6107.8700,1,1,2026-08-24T00:00:00.000
4452,20260719,20260708,334,2,220,229,495,6,5,6109.2400,6109.2400,6109.2400,6109.2400,1,1,2026-08-24T00:00:00.000
4453,20260623,20260814,487,295,142,186,415,3,1,6110.6100,6110.6100,6110.6100,6110.6100,1,1,2026-08-24T00:00:00.000
4454,20260605,20260621,217,31,362,124,167,6,5,6111.9800,6111.9800,6111.9800,6111.9800,1,1,2026-08-24T00:00:00.000
4455,20260609,20260714,359,69,489,3,91,5,2,6113.3500,6113.3500,6113.3500,6113.3500,1,1,2026-08-24T00:00:00.000
4456,20260808,20260619,401,119,76,401,56,7,2,6114.7200,6114.7200,6114.7200,6114.7200,1,1,2026-08-24T00:00:00.000
4457,20260709,20260724,318,223,339,227,149,4,2,6116.0900,6116.0900,6116.0900,6116.0900,1,1,2026-08-24T00:00:00.000
4458,20260618,20260715,392,74,81,324,11,3,4,6117.4600,6117.4600,6117.4600,6117.4600,1,1,2026-08-24T00:00:00.000
4459,20260707,20260724,146,40,63,485,212,8,4,6118.8300,6118.8300,6118.8300,6118.8300,1,1,2026-08-24T00:00:00.000
4460,20260608,20260710,349,208,407,289,332,3,1,6120.2000,6120.2000,6120.2000,6120.2000,1,1,2026-08-24T00:00:00.000
4461,20260716,20260722,27,200,219,188,136,1,4,6121.5700,6121.5700,6121.5700,6121.5700,1,1,2026-08-24T00:00:00.000
4462,20260615,20260823,72,29,439,498,105,7,5,6122.9400,6122.9400,6122.9400,6122.9400,1,1,2026-08-24T00:00:00.000
4463,20260621,20260722,267,272,249,494,455,5,2,6124.3100,6124.3100,6124.3100,6124.3100,1,1,2026-08-24T00:00:00.000
4464,20260530,20260804,350,347,25,372,463,7,1,6125.6800,6125.6800,6125.6800,6125.6800,1,1,2026-08-24T00:00:00.000
4465,20260623,20260608,350,91,270,140,218,3,3,6127.0500,6127.0500,6127.0500,6127.0500,1,1,2026-08-24T00:00:00.000
4466,20260703,20260719,160,199,225,69,320,5,4,6128.4200,6128.4200,6128.4200,6128.4200,1,1,2026-08-24T00:00:00.000
4467,20260801,20260720,379,315,225,391,377,4,3,6129.7900,6129.7900,6129.7900,6129.7900,1,1,2026-08-24T00:00:00.000
4468,20260802,20260816,343,166,13,238,344,7,3,6131.1600,6131.1600,6131.1600,6131.1600,1,1,2026-08-24T00:00:00.000
4469,20260723,20260618,383,142,40,195,239,8,2,6132.5300,6132.5300,6132.5300,6132.5300,1,1,2026-08-24T00:00:00.000
4470,20260702,20260810,439,283,88,365,292,4,1,6133.9000,6133.9000,6133.9000,6133.9000,1,1,2026-08-24T00:00:00.000
4471,20260624,20260813,166,243,199,409,146,8,2,6135.2700,6135.2700,6135.2700,6135.2700,1,1,2026-08-24T00:00:00.000
4472,20260614,20260616,432,344,297,462,344,6,1,6136.6400,6136.6400,6136.6400,6136.6400,1,1,2026-08-24T00:00:00.000
4473,20260809,20260628,213,349,2,357,108,3,2,6138.0100,6138.0100,6138.0100,6138.0100,1,1,2026-08-24T00:00:00.000
4474,20260820,20260714,391,347,234,329,32,8,1,6139.3800,6139.3800,6139.3800,6139.3800,1,1,2026-08-24T00:00:00.000
4475,20260703,20260816,374,106,355,5,386,7,5,6140.7500,6140.7500,6140.7500,6140.7500,1,1,2026-08-24T00:00:00.000
4476,20260823,20260809,245,325,342,302,4,8,3,6142.1200,6142.1200,6142.1200,6142.1200,1,1,2026-08-24T00:00:00.000
4477,20260716,20260719,492,153,483,49,166,4,3,6143.4900,6143.4900,6143.4900,6143.4900,1,1,2026-08-24T00:00:00.000
4478,20260702,20260602,443,131,73,196,108,1,3,6144.8600,6144.8600,6144.8600,6144.8600,1,1,2026-08-24T00:00:00.000
4479,20260712,20260531,391,12,161,68,308,2,5,6146.2300,6146.2300,6146.2300,6146.2300,1,1,2026-08-24T00:00:00.000
4480,20260724,20260823,125,258,471,432,395,1,5,6147.6000,6147.6000,6147.6000,6147.6000,1,1,2026-08-24T00:00:00.000
4481,20260817,20260821,296,83,461,37,65,2,3,6148.9700,6148.9700,6148.9700,6148.9700,1,1,2026-08-24T00:00:00.000
4482,20260725,20260627,182,202,105,459,63,8,3,6150.3400,6150.3400,6150.3400,6150.3400,1,1,2026-08-24T00:00:00.000
4483,20260822,20260604,185,285,22,155,428,3,2,6151.7100,6151.7100,6151.7100,6151.7100,1,1,2026-08-24T00:00:00.000
4484,20260709,20260621,47,93,305,162,293,6,4,6153.0800,6153.0800,6153.0800,6153.0800,1,1,2026-08-24T00:00:00.000
4485,20260612,20260721,22,71,264,291,322,6,3,6154.4500,6154.4500,6154.4500,6154.4500,1,1,2026-08-24T00:00:00.000
4486,20260628,20260623,42,52,232,159,231,1,5,6155.8200,6155.8200,6155.8200,6155.8200,1,1,2026-08-24T00:00:00.000
4487,20260809,20260727,445,283,248,111,429,2,3,6157.1900,6157.1900,6157.1900,6157.1900,1,1,2026-08-24T00:00:00.000
4488,20260603,20260816,441,23,485,250,203,2,2,6158.5600,6158.5600,6158.5600,6158.5600,1,1,2026-08-24T00:00:00.000
4489,20260817,20260625,221,50,407,25,222,6,1,6159.9300,6159.9300,6159.9300,6159.9300,1,1,2026-08-24T00:00:00.000
4490,20260719,20260612,114,165,90,16,331,4,3,6161.3000,6161.3000,6161.3000,6161.3000,1,1,2026-08-24T00:00:00.000
4491,20260731,20260815,173,66,381,402,197,6,2,6162.6700,6162.6700,6162.6700,6162.6700,1,1,2026-08-24T00:00:00.000
4492,20260715,20260818,260,225,150,42,270,7,1,6164.0400,6164.0400,6164.0400,6164.0400,1,1,2026-08-24T00:00:00.000
4493,20260708,20260621,219,199,440,21,23,2,4,6165.4100,6165.4100,6165.4100,6165.4100,1,1,2026-08-24T00:00:00.000
4494,20260607,20260622,476,239,424,314,289,3,4,6166.7800,6166.7800,6166.7800,6166.7800,1,1,2026-08-24T00:00:00.000
4495,20260815,20260607,45,177,240,122,180,3,5,6168.1500,6168.1500,6168.1500,6168.1500,1,1,2026-08-24T00:00:00.000
4496,20260704,20260810,355,306,369,323,320,2,2,6169.5200,6169.5200,6169.5200,6169.5200,1,1,2026-08-24T00:00:00.000
4497,20260628,20260702,397,54,266,395,19,8,5,6170.8900,6170.8900,6170.8900,6170.8900,1,1,2026-08-24T00:00:00.000
4498,20260722,20260725,251,109,198,199,499,5,5,6172.2600,6172.2600,6172.2600,6172.2600,1,1,2026-08-24T00:00:00.000
4499,20260605,20260601,417,48,151,3,117,2,5,6173.6300,6173.6300,6173.6300,6173.6300,1,1,2026-08-24T00:00:00.000
4500,20260807,20260812,316,109,38,282,77,6,5,6175.0000,6175.0000,6175.0000,6175.0000,1,1,2026-08-24T00:00:00.000
4501,20260620,20260816,478,218,260,227,453,1,3,6176.3700,6176.3700,6176.3700,6176.3700,1,1,2026-08-24T00:00:00.000
4502,20260610,20260727,154,303,185,67,149,8,1,6177.7400,6177.7400,6177.7400,6177.7400,1,1,2026-08-24T00:00:00.000
4503,20260729,20260615,435,10,7,2,19,3,3,6179.1100,6179.1100,6179.1100,6179.1100,1,1,2026-08-24T00:00:00.000
4504,20260611,20260610,240,15,498,333,368,6,2,6180.4800,6180.4800,6180.4800,6180.4800,1,1,2026-08-24T00:00:00.000
4505,20260614,20260812,137,139,389,93,262,3,2,6181.8500,6181.8500,6181.8500,6181.8500,1,1,2026-08-24T00:00:00.000
4506,20260815,20260811,369,31,138,329,122,6,1,6183.2200,6183.2200,6183.2200,6183.2200,1,1,2026-08-24T00:00:00.000
4507,20260617,20260617,137,132,110,334,480,3,3,6184.5900,6184.5900,6184.5900,6184.5900,1,1,2026-08-24T00:00:00.000
4508,20260601,20260728,181,84,41,105,9,7,1,6185.9600,6185.9600,6185.9600,6185.9600,1,1,2026-08-24T00:00:00.000
4509,20260617,20260618,494,143,246,385,147,3,2,6187.3300,6187.3300,6187.3300,6187.3300,1,1,2026-08-24T00:00:00.000
4510,20260710,20260531,292,84,308,441,40,3,5,6188.7000,6188.7000,6188.7000,6188.7000,1,1,2026-08-24T00:00:00.000
4511,20260601,20260610,218,35,46,64,184,7,3,6190.0700,6190.0700,6190.0700,6190.0700,1,1,2026-08-24T00:00:00.000
4512,20260714,20260724,273,292,316,136,40,4,4,6191.4400,6191.4400,6191.4400,6191.4400,1,1,2026-08-24T00:00:00.000
4513,20260623,20260818,8,337,128,90,456,7,2,6192.8100,6192.8100,6192.8100,6192.8100,1,1,2026-08-24T00:00:00.000
4514,20260623,20260625,462,121,498,37,128,6,3,6194.1800,6194.1800,6194.1800,6194.1800,1,1,2026-08-24T00:00:00.000
4515,20260702,20260610,443,265,212,138,379,1,3,6195.5500,6195.5500,6195.5500,6195.5500,1,1,2026-08-24T00:00:00.000
4516,20260803,20260730,51,118,168,177,372,3,3,6196.9200,6196.9200,6196.9200,6196.9200,1,1,2026-08-24T00:00:00.000
4517,20260701,20260709,299,297,177,493,273,8,2,6198.2900,6198.2900,6198.2900,6198.2900,1,1,2026-08-24T00:00:00.000
4518,20260719,20260630,63,185,243,371,81,3,3,6199.6600,6199.6600,6199.6600,6199.6600,1,1,2026-08-24T00:00:00.000
4519,20260719,20260603,219,34,475,65,95,1,4,6201.0300,6201.0300,6201.0300,6201.0300,1,1,2026-08-24T00:00:00.000
4520,20260822,20260611,340,168,276,375,329,2,4,6202.4000,6202.4000,6202.4000,6202.4000,1,1,2026-08-24T00:00:00.000
4521,20260809,20260712,164,214,257,409,320,7,1,6203.7700,6203.7700,6203.7700,6203.7700,1,1,2026-08-24T00:00:00.000
4522,20260606,20260619,195,125,31,380,38,5,4,6205.1400,6205.1400,6205.1400,6205.1400,1,1,2026-08-24T00:00:00.000
4523,20260702,20260612,216,219,207,54,88,3,3,6206.5100,6206.5100,6206.5100,6206.5100,1,1,2026-08-24T00:00:00.000
4524,20260613,20260712,386,118,151,51,119,8,1,6207.8800,6207.8800,6207.8800,6207.8800,1,1,2026-08-24T00:00:00.000
4525,20260811,20260713,124,72,346,29,276,8,3,6209.2500,6209.2500,6209.2500,6209.2500,1,1,2026-08-24T00:00:00.000
4526,20260702,20260529,183,13,447,145,196,5,3,6210.6200,6210.6200,6210.6200,6210.6200,1,1,2026-08-24T00:00:00.000
4527,20260807,20260611,339,271,201,101,141,2,2,6211.9900,6211.9900,6211.9900,6211.9900,1,1,2026-08-24T00:00:00.000
4528,20260606,20260529,299,174,418,283,268,5,5,6213.3600,6213.3600,6213.3600,6213.3600,1,1,2026-08-24T00:00:00.000
4529,20260714,20260819,251,194,60,120,422,3,1,6214.7300,6214.7300,6214.7300,6214.7300,1,1,2026-08-24T00:00:00.000
4530,20260721,20260629,462,90,140,67,306,6,3,6216.1000,6216.1000,6216.1000,6216.1000,1,1,2026-08-24T00:00:00.000
4531,20260702,20260721,481,20,215,42,489,8,2,6217.4700,6217.4700,6217.4700,6217.4700,1,1,2026-08-24T00:00:00.000
4532,20260813,20260824,381,131,463,96,115,4,5,6218.8400,6218.8400,6218.8400,6218.8400,1,1,2026-08-24T00:00:00.000
4533,20260709,20260814,36,297,25,329,84,6,5,6220.2100,6220.2100,6220.2100,6220.2100,1,1,2026-08-24T00:00:00.000
4534,20260813,20260617,116,90,262,117,237,7,2,6221.5800,6221.5800,6221.5800,6221.5800,1,1,2026-08-24T00:00:00.000
4535,20260813,20260608,126,46,335,182,347,8,3,6222.9500,6222.9500,6222.9500,6222.9500,1,1,2026-08-24T00:00:00.000
4536,20260625,20260716,101,256,395,336,171,3,5,6224.3200,6224.3200,6224.3200,6224.3200,1,1,2026-08-24T00:00:00.000
4537,20260616,20260706,323,270,294,263,105,4,3,6225.6900,6225.6900,6225.6900,6225.6900,1,1,2026-08-24T00:00:00.000
4538,20260730,20260713,156,89,124,367,57,7,2,6227.0600,6227.0600,6227.0600,6227.0600,1,1,2026-08-24T00:00:00.000
4539,20260721,20260807,389,161,335,494,317,8,1,6228.4300,6228.4300,6228.4300,6228.4300,1,1,2026-08-24T00:00:00.000
4540,20260620,20260822,400,157,429,483,312,8,3,6229.8000,6229.8000,6229.8000,6229.8000,1,1,2026-08-24T00:00:00.000
4541,20260813,20260629,15,5,455,14,401,2,3,6231.1700,6231.1700,6231.1700,6231.1700,1,1,2026-08-24T00:00:00.000
4542,20260813,20260623,231,21,334,459,333,8,3,6232.5400,6232.5400,6232.5400,6232.5400,1,1,2026-08-24T00:00:00.000
4543,20260820,20260704,153,149,120,82,428,1,1,6233.9100,6233.9100,6233.9100,6233.9100,1,1,2026-08-24T00:00:00.000
4544,20260813,20260708,489,111,186,4,448,7,5,6235.2800,6235.2800,6235.2800,6235.2800,1,1,2026-08-24T00:00:00.000
4545,20260627,20260723,199,185,424,337,70,2,4,6236.6500,6236.6500,6236.6500,6236.6500,1,1,2026-08-24T00:00:00.000
4546,20260712,20260816,497,93,438,222,321,2,4,6238.0200,6238.0200,6238.0200,6238.0200,1,1,2026-08-24T00:00:00.000
4547,20260528,20260627,87,243,89,195,402,3,5,6239.3900,6239.3900,6239.3900,6239.3900,1,1,2026-08-24T00:00:00.000
4548,20260607,20260609,125,77,446,50,304,1,4,6240.7600,6240.7600,6240.7600,6240.7600,1,1,2026-08-24T00:00:00.000
4549,20260712,20260819,38,348,186,37,409,1,2,6242.1300,6242.1300,6242.1300,6242.1300,1,1,2026-08-24T00:00:00.000
4550,20260805,20260806,294,307,196,362,32,2,3,6243.5000,6243.5000,6243.5000,6243.5000,1,1,2026-08-24T00:00:00.000
4551,20260626,20260819,214,334,190,440,472,4,1,6244.8700,6244.8700,6244.8700,6244.8700,1,1,2026-08-24T00:00:00.000
4552,20260626,20260601,424,177,408,432,439,7,5,6246.2400,6246.2400,6246.2400,6246.2400,1,1,2026-08-24T00:00:00.000
4553,20260711,20260610,486,91,419,61,243,1,4,6247.6100,6247.6100,6247.6100,6247.6100,1,1,2026-08-24T00:00:00.000
4554,20260530,20260620,140,349,462,324,478,6,5,6248.9800,6248.9800,6248.9800,6248.9800,1,1,2026-08-24T00:00:00.000
4555,20260704,20260819,410,146,227,235,391,7,1,6250.3500,6250.3500,6250.3500,6250.3500,1,1,2026-08-24T00:00:00.000
4556,20260627,20260613,444,234,186,214,352,3,3,6251.7200,6251.7200,6251.7200,6251.7200,1,1,2026-08-24T00:00:00.000
4557,20260711,20260719,102,216,500,9,378,4,3,6253.0900,6253.0900,6253.0900,6253.0900,1,1,2026-08-24T00:00:00.000
4558,20260630,20260716,393,265,266,121,476,3,1,6254.4600,6254.4600,6254.4600,6254.4600,1,1,2026-08-24T00:00:00.000
4559,20260605,20260613,173,122,198,36,448,5,2,6255.8300,6255.8300,6255.8300,6255.8300,1,1,2026-08-24T00:00:00.000
4560,20260618,20260607,400,188,12,150,62,7,3,6257.2000,6257.2000,6257.2000,6257.2000,1,1,2026-08-24T00:00:00.000
4561,20260619,20260821,415,176,335,495,139,3,5,6258.5700,6258.5700,6258.5700,6258.5700,1,1,2026-08-24T00:00:00.000
4562,20260529,20260802,284,315,4,22,287,2,4,6259.9400,6259.9400,6259.9400,6259.9400,1,1,2026-08-24T00:00:00.000
4563,20260602,20260530,64,349,417,196,151,2,3,6261.3100,6261.3100,6261.3100,6261.3100,1,1,2026-08-24T00:00:00.000
4564,20260529,20260722,134,331,236,169,284,6,3,6262.6800,6262.6800,6262.6800,6262.6800,1,1,2026-08-24T00:00:00.000
4565,20260615,20260531,342,184,294,44,424,5,1,6264.0500,6264.0500,6264.0500,6264.0500,1,1,2026-08-24T00:00:00.000
4566,20260722,20260707,500,258,14,177,416,6,4,6265.4200,6265.4200,6265.4200,6265.4200,1,1,2026-08-24T00:00:00.000
4567,20260805,20260626,359,34,386,110,349,7,4,6266.7900,6266.7900,6266.7900,6266.7900,1,1,2026-08-24T00:00:00.000
4568,20260714,20260803,89,246,463,200,365,2,5,6268.1600,6268.1600,6268.1600,6268.1600,1,1,2026-08-24T00:00:00.000
4569,20260626,20260815,414,50,106,45,75,7,2,6269.5300,6269.5300,6269.5300,6269.5300,1,1,2026-08-24T00:00:00.000
4570,20260626,20260727,261,232,138,115,405,5,2,6270.9000,6270.9000,6270.9000,6270.9000,1,1,2026-08-24T00:00:00.000
4571,20260606,20260701,314,138,398,409,112,7,1,6272.2700,6272.2700,6272.2700,6272.2700,1,1,2026-08-24T00:00:00.000
4572,20260630,20260530,338,301,276,480,263,4,4,6273.6400,6273.6400,6273.6400,6273.6400,1,1,2026-08-24T00:00:00.000
4573,20260728,20260608,338,60,292,78,456,5,4,6275.0100,6275.0100,6275.0100,6275.0100,1,1,2026-08-24T00:00:00.000
4574,20260809,20260704,131,164,173,342,275,8,2,6276.3800,6276.3800,6276.3800,6276.3800,1,1,2026-08-24T00:00:00.000
4575,20260722,20260823,96,27,99,147,96,4,2,6277.7500,6277.7500,6277.7500,6277.7500,1,1,2026-08-24T00:00:00.000
4576,20260816,20260618,316,14,79,19,75,8,3,6279.1200,6279.1200,6279.1200,6279.1200,1,1,2026-08-24T00:00:00.000
4577,20260701,20260729,61,279,215,109,484,8,4,6280.4900,6280.4900,6280.4900,6280.4900,1,1,2026-08-24T00:00:00.000
4578,20260807,20260707,357,319,256,296,400,7,3,6281.8600,6281.8600,6281.8600,6281.8600,1,1,2026-08-24T00:00:00.000
4579,20260725,20260821,246,141,418,122,202,2,4,6283.2300,6283.2300,6283.2300,6283.2300,1,1,2026-08-24T00:00:00.000
4580,20260531,20260609,471,301,415,8,158,5,4,6284.6000,6284.6000,6284.6000,6284.6000,1,1,2026-08-24T00:00:00.000
4581,20260711,20260603,205,22,223,424,487,7,2,6285.9700,6285.9700,6285.9700,6285.9700,1,1,2026-08-24T00:00:00.000
4582,20260529,20260725,254,269,176,180,307,4,1,6287.3400,6287.3400,6287.3400,6287.3400,1,1,2026-08-24T00:00:00.000
4583,20260701,20260615,408,317,281,363,274,8,4,6288.7100,6288.7100,6288.7100,6288.7100,1,1,2026-08-24T00:00:00.000
4584,20260803,20260820,60,349,373,40,86,6,2,6290.0800,6290.0800,6290.0800,6290.0800,1,1,2026-08-24T00:00:00.000
4585,20260806,20260805,430,253,99,368,139,8,1,6291.4500,6291.4500,6291.4500,6291.4500,1,1,2026-08-24T00:00:00.000
4586,20260820,20260803,441,7,8,349,221,6,2,6292.8200,6292.8200,6292.8200,6292.8200,1,1,2026-08-24T00:00:00.000
4587,20260702,20260704,258,247,455,205,397,1,4,6294.1900,6294.1900,6294.1900,6294.1900,1,1,2026-08-24T00:00:00.000
4588,20260714,20260606,419,34,157,486,412,8,2,6295.5600,6295.5600,6295.5600,6295.5600,1,1,2026-08-24T00:00:00.000
4589,20260815,20260627,466,186,11,407,149,5,5,6296.9300,6296.9300,6296.9300,6296.9300,1,1,2026-08-24T00:00:00.000
4590,20260817,20260712,491,337,44,80,304,8,3,6298.3000,6298.3000,6298.3000,6298.3000,1,1,2026-08-24T00:00:00.000
4591,20260804,20260728,47,342,152,395,181,1,5,6299.6700,6299.6700,6299.6700,6299.6700,1,1,2026-08-24T00:00:00.000
4592,20260530,20260803,35,276,204,176,71,3,4,6301.0400,6301.0400,6301.0400,6301.0400,1,1,2026-08-24T00:00:00.000
4593,20260807,20260801,335,27,331,381,169,7,3,6302.4100,6302.4100,6302.4100,6302.4100,1,1,2026-08-24T00:00:00.000
4594,20260618,20260527,395,171,352,408,316,1,3,6303.7800,6303.7800,6303.7800,6303.7800,1,1,2026-08-24T00:00:00.000
4595,20260703,20260804,85,77,452,65,58,6,5,6305.1500,6305.1500,6305.1500,6305.1500,1,1,2026-08-24T00:00:00.000
4596,20260729,20260814,381,225,89,47,353,8,1,6306.5200,6306.5200,6306.5200,6306.5200,1,1,2026-08-24T00:00:00.000
4597,20260626,20260703,429,259,80,324,463,7,1,6307.8900,6307.8900,6307.8900,6307.8900,1,1,2026-08-24T00:00:00.000
4598,20260808,20260601,69,226,417,443,197,3,5,6309.2600,6309.2600,6309.2600,6309.2600,1,1,2026-08-24T00:00:00.000
4599,20260701,20260722,423,332,350,488,56,7,4,6310.6300,6310.6300,6310.6300,6310.6300,1,1,2026-08-24T00:00:00.000
4600,20260624,20260720,186,297,144,154,236,4,2,6312.0000,6312.0000,6312.0000,6312.0000,1,1,2026-08-24T00:00:00.000
4601,20260531,20260719,418,170,396,409,486,1,5,6313.3700,6313.3700,6313.3700,6313.3700,1,1,2026-08-24T00:00:00.000
4602,20260527,20260706,64,205,34,385,457,6,5,6314.7400,6314.7400,6314.7400,6314.7400,1,1,2026-08-24T00:00:00.000
4603,20260818,20260621,158,70,35,182,363,1,2,6316.1100,6316.1100,6316.1100,6316.1100,1,1,2026-08-24T00:00:00.000
4604,20260730,20260820,253,106,364,78,403,4,3,6317.4800,6317.4800,6317.4800,6317.4800,1,1,2026-08-24T00:00:00.000
4605,20260819,20260615,37,22,466,73,111,4,2,6318.8500,6318.8500,6318.8500,6318.8500,1,1,2026-08-24T00:00:00.000
4606,20260527,20260714,491,209,417,374,305,5,4,6320.2200,6320.2200,6320.2200,6320.2200,1,1,2026-08-24T00:00:00.000
4607,20260816,20260807,188,166,393,374,182,1,3,6321.5900,6321.5900,6321.5900,6321.5900,1,1,2026-08-24T00:00:00.000
4608,20260623,20260723,94,210,135,302,112,1,1,6322.9600,6322.9600,6322.9600,6322.9600,1,1,2026-08-24T00:00:00.000
4609,20260726,20260819,134,202,473,263,29,1,1,6324.3300,6324.3300,6324.3300,6324.3300,1,1,2026-08-24T00:00:00.000
4610,20260717,20260818,195,158,44,461,184,2,4,6325.7000,6325.7000,6325.7000,6325.7000,1,1,2026-08-24T00:00:00.000
4611,20260529,20260803,403,86,435,24,309,1,2,6327.0700,6327.0700,6327.0700,6327.0700,1,1,2026-08-24T00:00:00.000
4612,20260816,20260611,2,218,32,467,436,1,3,6328.4400,6328.4400,6328.4400,6328.4400,1,1,2026-08-24T00:00:00.000
4613,20260817,20260717,226,260,363,431,324,7,3,6329.8100,6329.8100,6329.8100,6329.8100,1,1,2026-08-24T00:00:00.000
4614,20260809,20260725,265,196,382,90,281,6,5,6331.1800,6331.1800,6331.1800,6331.1800,1,1,2026-08-24T00:00:00.000
4615,20260802,20260730,328,121,388,200,442,7,4,6332.5500,6332.5500,6332.5500,6332.5500,1,1,2026-08-24T00:00:00.000
4616,20260608,20260824,280,32,478,488,238,1,5,6333.9200,6333.9200,6333.9200,6333.9200,1,1,2026-08-24T00:00:00.000
4617,20260822,20260613,333,259,251,113,170,5,5,6335.2900,6335.2900,6335.2900,6335.2900,1,1,2026-08-24T00:00:00.000
4618,20260625,20260622,492,265,170,293,449,5,5,6336.6600,6336.6600,6336.6600,6336.6600,1,1,2026-08-24T00:00:00.000
4619,20260819,20260815,351,113,478,407,273,5,3,6338.0300,6338.0300,6338.0300,6338.0300,1,1,2026-08-24T00:00:00.000
4620,20260623,20260715,409,52,190,39,335,2,4,6339.4000,6339.4000,6339.4000,6339.4000,1,1,2026-08-24T00:00:00.000
4621,20260813,20260814,350,218,292,309,183,5,2,6340.7700,6340.7700,6340.7700,6340.7700,1,1,2026-08-24T00:00:00.000
4622,20260606,20260704,201,54,149,282,273,5,2,6342.1400,6342.1400,6342.1400,6342.1400,1,1,2026-08-24T00:00:00.000
4623,20260817,20260701,25,46,101,175,69,4,2,6343.5100,6343.5100,6343.5100,6343.5100,1,1,2026-08-24T00:00:00.000
4624,20260527,20260822,46,18,203,43,344,2,3,6344.8800,6344.8800,6344.8800,6344.8800,1,1,2026-08-24T00:00:00.000
4625,20260706,20260527,213,68,48,469,185,3,4,6346.2500,6346.2500,6346.2500,6346.2500,1,1,2026-08-24T00:00:00.000
4626,20260730,20260728,426,237,274,156,22,6,4,6347.6200,6347.6200,6347.6200,6347.6200,1,1,2026-08-24T00:00:00.000
4627,20260705,20260618,320,251,236,330,99,1,4,6348.9900,6348.9900,6348.9900,6348.9900,1,1,2026-08-24T00:00:00.000
4628,20260611,20260710,251,47,458,16,89,1,5,6350.3600,6350.3600,6350.3600,6350.3600,1,1,2026-08-24T00:00:00.000
4629,20260807,20260720,318,238,32,184,68,5,1,6351.7300,6351.7300,6351.7300,6351.7300,1,1,2026-08-24T00:00:00.000
4630,20260614,20260730,354,163,496,490,232,7,3,6353.1000,6353.1000,6353.1000,6353.1000,1,1,2026-08-24T00:00:00.000
4631,20260621,20260717,9,200,208,340,211,1,1,6354.4700,6354.4700,6354.4700,6354.4700,1,1,2026-08-24T00:00:00.000
4632,20260609,20260627,433,24,407,245,278,3,3,6355.8400,6355.8400,6355.8400,6355.8400,1,1,2026-08-24T00:00:00.000
4633,20260815,20260618,484,64,14,68,257,3,5,6357.2100,6357.2100,6357.2100,6357.2100,1,1,2026-08-24T00:00:00.000
4634,20260718,20260815,499,282,306,330,280,4,1,6358.5800,6358.5800,6358.5800,6358.5800,1,1,2026-08-24T00:00:00.000
4635,20260615,20260625,33,187,86,422,332,1,4,6359.9500,6359.9500,6359.9500,6359.9500,1,1,2026-08-24T00:00:00.000
4636,20260720,20260609,299,119,312,435,426,5,3,6361.3200,6361.3200,6361.3200,6361.3200,1,1,2026-08-24T00:00:00.000
4637,20260717,20260620,251,281,299,348,85,7,3,6362.6900,6362.6900,6362.6900,6362.6900,1,1,2026-08-24T00:00:00.000
4638,20260731,20260724,118,294,490,411,190,3,5,6364.0600,6364.0600,6364.0600,6364.0600,1,1,2026-08-24T00:00:00.000
4639,20260824,20260623,204,286,91,497,427,6,2,6365.4300,6365.4300,6365.4300,6365.4300,1,1,2026-08-24T00:00:00.000
4640,20260803,20260824,23,42,74,91,80,6,1,6366.8000,6366.8000,6366.8000,6366.8000,1,1,2026-08-24T00:00:00.000
4641,20260717,20260722,260,348,128,294,223,4,4,6368.1700,6368.1700,6368.1700,6368.1700,1,1,2026-08-24T00:00:00.000
4642,20260719,20260604,138,150,337,427,50,4,2,6369.5400,6369.5400,6369.5400,6369.5400,1,1,2026-08-24T00:00:00.000
4643,20260722,20260731,117,38,30,37,269,1,3,6370.9100,6370.9100,6370.9100,6370.9100,1,1,2026-08-24T00:00:00.000
4644,20260815,20260609,102,19,121,277,155,6,5,6372.2800,6372.2800,6372.2800,6372.2800,1,1,2026-08-24T00:00:00.000
4645,20260729,20260719,34,346,260,420,302,5,5,6373.6500,6373.6500,6373.6500,6373.6500,1,1,2026-08-24T00:00:00.000
4646,20260712,20260728,80,204,112,169,381,6,5,6375.0200,6375.0200,6375.0200,6375.0200,1,1,2026-08-24T00:00:00.000
4647,20260722,20260617,303,146,24,386,283,7,5,6376.3900,6376.3900,6376.3900,6376.3900,1,1,2026-08-24T00:00:00.000
4648,20260726,20260607,92,97,434,11,490,3,5,6377.7600,6377.7600,6377.7600,6377.7600,1,1,2026-08-24T00:00:00.000
4649,20260628,20260613,374,174,474,136,275,6,1,6379.1300,6379.1300,6379.1300,6379.1300,1,1,2026-08-24T00:00:00.000
4650,20260713,20260702,140,160,44,381,344,6,3,6380.5000,6380.5000,6380.5000,6380.5000,1,1,2026-08-24T00:00:00.000
4651,20260704,20260620,244,78,395,62,3,7,1,6381.8700,6381.8700,6381.8700,6381.8700,1,1,2026-08-24T00:00:00.000
4652,20260529,20260802,204,276,73,428,198,2,3,6383.2400,6383.2400,6383.2400,6383.2400,1,1,2026-08-24T00:00:00.000
4653,20260608,20260619,143,8,367,135,267,6,5,6384.6100,6384.6100,6384.6100,6384.6100,1,1,2026-08-24T00:00:00.000
4654,20260624,20260622,61,170,155,204,437,1,1,6385.9800,6385.9800,6385.9800,6385.9800,1,1,2026-08-24T00:00:00.000
4655,20260802,20260629,298,124,44,118,104,3,1,6387.3500,6387.3500,6387.3500,6387.3500,1,1,2026-08-24T00:00:00.000
4656,20260710,20260711,69,175,348,325,6,5,5,6388.7200,6388.7200,6388.7200,6388.7200,1,1,2026-08-24T00:00:00.000
4657,20260528,20260604,410,151,100,274,337,8,1,6390.0900,6390.0900,6390.0900,6390.0900,1,1,2026-08-24T00:00:00.000
4658,20260814,20260629,120,24,205,465,107,6,5,6391.4600,6391.4600,6391.4600,6391.4600,1,1,2026-08-24T00:00:00.000
4659,20260703,20260722,236,33,59,356,230,3,1,6392.8300,6392.8300,6392.8300,6392.8300,1,1,2026-08-24T00:00:00.000
4660,20260728,20260814,196,31,451,266,190,7,2,6394.2000,6394.2000,6394.2000,6394.2000,1,1,2026-08-24T00:00:00.000
4661,20260616,20260708,1,19,77,76,378,4,1,6395.5700,6395.5700,6395.5700,6395.5700,1,1,2026-08-24T00:00:00.000
4662,20260711,20260606,327,187,90,6,282,4,1,6396.9400,6396.9400,6396.9400,6396.9400,1,1,2026-08-24T00:00:00.000
4663,20260630,20260713,389,336,287,216,420,1,2,6398.3100,6398.3100,6398.3100,6398.3100,1,1,2026-08-24T00:00:00.000
4664,20260531,20260728,445,5,136,120,183,6,1,6399.6800,6399.6800,6399.6800,6399.6800,1,1,2026-08-24T00:00:00.000
4665,20260809,20260630,425,299,111,417,201,7,4,6401.0500,6401.0500,6401.0500,6401.0500,1,1,2026-08-24T00:00:00.000
4666,20260818,20260808,194,108,365,147,286,1,2,6402.4200,6402.4200,6402.4200,6402.4200,1,1,2026-08-24T00:00:00.000
4667,20260528,20260711,422,302,236,263,97,4,2,6403.7900,6403.7900,6403.7900,6403.7900,1,1,2026-08-24T00:00:00.000
4668,20260716,20260709,393,189,371,22,388,6,4,6405.1600,6405.1600,6405.1600,6405.1600,1,1,2026-08-24T00:00:00.000
4669,20260728,20260812,24,21,83,387,378,8,2,6406.5300,6406.5300,6406.5300,6406.5300,1,1,2026-08-24T00:00:00.000
4670,20260625,20260602,5,302,261,11,179,1,2,6407.9000,6407.9000,6407.9000,6407.9000,1,1,2026-08-24T00:00:00.000
4671,20260814,20260607,279,191,175,248,385,8,2,6409.2700,6409.2700,6409.2700,6409.2700,1,1,2026-08-24T00:00:00.000
4672,20260625,20260719,276,13,383,80,277,3,5,6410.6400,6410.6400,6410.6400,6410.6400,1,1,2026-08-24T00:00:00.000
4673,20260622,20260624,137,264,331,197,149,5,2,6412.0100,6412.0100,6412.0100,6412.0100,1,1,2026-08-24T00:00:00.000
4674,20260720,20260618,293,120,426,326,451,2,3,6413.3800,6413.3800,6413.3800,6413.3800,1,1,2026-08-24T00:00:00.000
4675,20260717,20260810,148,153,302,187,184,3,4,6414.7500,6414.7500,6414.7500,6414.7500,1,1,2026-08-24T00:00:00.000
4676,20260716,20260725,136,302,121,213,79,2,1,6416.1200,6416.1200,6416.1200,6416.1200,1,1,2026-08-24T00:00:00.000
4677,20260714,20260724,485,307,437,248,384,5,3,6417.4900,6417.4900,6417.4900,6417.4900,1,1,2026-08-24T00:00:00.000
4678,20260601,20260721,227,260,351,98,113,1,3,6418.8600,6418.8600,6418.8600,6418.8600,1,1,2026-08-24T00:00:00.000
4679,20260807,20260528,260,196,500,218,386,7,2,6420.2300,6420.2300,6420.2300,6420.2300,1,1,2026-08-24T00:00:00.000
4680,20260813,20260527,59,53,94,375,18,7,5,6421.6000,6421.6000,6421.6000,6421.6000,1,1,2026-08-24T00:00:00.000
4681,20260626,20260701,485,196,250,265,432,5,1,6422.9700,6422.9700,6422.9700,6422.9700,1,1,2026-08-24T00:00:00.000
4682,20260810,20260528,409,59,216,34,269,4,2,6424.3400,6424.3400,6424.3400,6424.3400,1,1,2026-08-24T00:00:00.000
4683,20260814,20260710,468,169,401,120,279,5,4,6425.7100,6425.7100,6425.7100,6425.7100,1,1,2026-08-24T00:00:00.000
4684,20260529,20260821,434,26,324,147,341,4,3,6427.0800,6427.0800,6427.0800,6427.0800,1,1,2026-08-24T00:00:00.000
4685,20260629,20260810,177,173,185,186,25,5,2,6428.4500,6428.4500,6428.4500,6428.4500,1,1,2026-08-24T00:00:00.000
4686,20260823,20260812,406,216,373,440,408,5,3,6429.8200,6429.8200,6429.8200,6429.8200,1,1,2026-08-24T00:00:00.000
4687,20260817,20260808,406,167,294,44,86,4,2,6431.1900,6431.1900,6431.1900,6431.1900,1,1,2026-08-24T00:00:00.000
4688,20260810,20260808,433,266,200,148,262,3,5,6432.5600,6432.5600,6432.5600,6432.5600,1,1,2026-08-24T00:00:00.000
4689,20260821,20260718,458,173,146,462,110,3,2,6433.9300,6433.9300,6433.9300,6433.9300,1,1,2026-08-24T00:00:00.000
4690,20260712,20260812,206,29,495,258,57,4,4,6435.3000,6435.3000,6435.3000,6435.3000,1,1,2026-08-24T00:00:00.000
4691,20260718,20260809,51,271,431,275,368,7,3,6436.6700,6436.6700,6436.6700,6436.6700,1,1,2026-08-24T00:00:00.000
4692,20260728,20260813,17,231,50,301,305,4,3,6438.0400,6438.0400,6438.0400,6438.0400,1,1,2026-08-24T00:00:00.000
4693,20260531,20260719,375,196,336,157,350,6,4,6439.4100,6439.4100,6439.4100,6439.4100,1,1,2026-08-24T00:00:00.000
4694,20260624,20260730,372,103,75,144,446,4,2,6440.7800,6440.7800,6440.7800,6440.7800,1,1,2026-08-24T00:00:00.000
4695,20260609,20260824,83,204,244,332,91,8,1,6442.1500,6442.1500,6442.1500,6442.1500,1,1,2026-08-24T00:00:00.000
4696,20260802,20260803,87,42,176,315,104,8,4,6443.5200,6443.5200,6443.5200,6443.5200,1,1,2026-08-24T00:00:00.000
4697,20260801,20260818,56,67,218,422,427,7,2,6444.8900,6444.8900,6444.8900,6444.8900,1,1,2026-08-24T00:00:00.000
4698,20260605,20260807,293,315,64,403,423,7,1,6446.2600,6446.2600,6446.2600,6446.2600,1,1,2026-08-24T00:00:00.000
4699,20260730,20260603,86,338,419,254,378,3,5,6447.6300,6447.6300,6447.6300,6447.6300,1,1,2026-08-24T00:00:00.000
4700,20260816,20260604,174,307,351,74,162,2,2,6449.0000,6449.0000,6449.0000,6449.0000,1,1,2026-08-24T00:00:00.000
4701,20260529,20260627,222,325,235,272,335,8,3,6450.3700,6450.3700,6450.3700,6450.3700,1,1,2026-08-24T00:00:00.000
4702,20260723,20260706,60,202,175,85,431,7,4,6451.7400,6451.7400,6451.7400,6451.7400,1,1,2026-08-24T00:00:00.000
4703,20260530,20260811,23,245,319,289,77,8,4,6453.1100,6453.1100,6453.1100,6453.1100,1,1,2026-08-24T00:00:00.000
4704,20260612,20260817,365,250,409,288,198,5,1,6454.4800,6454.4800,6454.4800,6454.4800,1,1,2026-08-24T00:00:00.000
4705,20260621,20260811,191,96,399,387,400,1,5,6455.8500,6455.8500,6455.8500,6455.8500,1,1,2026-08-24T00:00:00.000
4706,20260702,20260604,127,211,118,394,180,6,2,6457.2200,6457.2200,6457.2200,6457.2200,1,1,2026-08-24T00:00:00.000
4707,20260630,20260605,234,238,263,20,29,1,3,6458.5900,6458.5900,6458.5900,6458.5900,1,1,2026-08-24T00:00:00.000
4708,20260701,20260707,226,3,232,215,480,7,2,6459.9600,6459.9600,6459.9600,6459.9600,1,1,2026-08-24T00:00:00.000
4709,20260610,20260801,18,110,53,499,15,6,5,6461.3300,6461.3300,6461.3300,6461.3300,1,1,2026-08-24T00:00:00.000
4710,20260724,20260609,54,303,50,396,62,3,3,6462.7000,6462.7000,6462.7000,6462.7000,1,1,2026-08-24T00:00:00.000
4711,20260610,20260720,438,96,201,247,7,4,2,6464.0700,6464.0700,6464.0700,6464.0700,1,1,2026-08-24T00:00:00.000
4712,20260618,20260527,136,148,115,384,493,2,3,6465.4400,6465.4400,6465.4400,6465.4400,1,1,2026-08-24T00:00:00.000
4713,20260624,20260814,447,300,296,216,73,7,5,6466.8100,6466.8100,6466.8100,6466.8100,1,1,2026-08-24T00:00:00.000
4714,20260712,20260618,374,231,301,498,222,4,5,6468.1800,6468.1800,6468.1800,6468.1800,1,1,2026-08-24T00:00:00.000
4715,20260804,20260806,16,240,18,369,7,3,2,6469.5500,6469.5500,6469.5500,6469.5500,1,1,2026-08-24T00:00:00.000
4716,20260702,20260729,178,346,198,489,84,5,1,6470.9200,6470.9200,6470.9200,6470.9200,1,1,2026-08-24T00:00:00.000
4717,20260704,20260703,465,99,30,370,239,1,2,6472.2900,6472.2900,6472.2900,6472.2900,1,1,2026-08-24T00:00:00.000
4718,20260714,20260817,302,322,293,33,106,7,4,6473.6600,6473.6600,6473.6600,6473.6600,1,1,2026-08-24T00:00:00.000
4719,20260618,20260713,27,84,142,172,303,4,1,6475.0300,6475.0300,6475.0300,6475.0300,1,1,2026-08-24T00:00:00.000
4720,20260730,20260719,385,222,48,151,249,5,2,6476.4000,6476.4000,6476.4000,6476.4000,1,1,2026-08-24T00:00:00.000
4721,20260804,20260815,297,140,312,68,22,1,2,6477.7700,6477.7700,6477.7700,6477.7700,1,1,2026-08-24T00:00:00.000
4722,20260527,20260810,330,91,302,64,4,1,4,6479.1400,6479.1400,6479.1400,6479.1400,1,1,2026-08-24T00:00:00.000
4723,20260818,20260801,466,335,388,21,430,4,1,6480.5100,6480.5100,6480.5100,6480.5100,1,1,2026-08-24T00:00:00.000
4724,20260628,20260711,277,57,94,434,67,4,1,6481.8800,6481.8800,6481.8800,6481.8800,1,1,2026-08-24T00:00:00.000
4725,20260822,20260610,160,130,276,317,470,1,4,6483.2500,6483.2500,6483.2500,6483.2500,1,1,2026-08-24T00:00:00.000
4726,20260607,20260530,487,137,127,233,369,1,4,6484.6200,6484.6200,6484.6200,6484.6200,1,1,2026-08-24T00:00:00.000
4727,20260726,20260815,240,222,174,441,24,8,3,6485.9900,6485.9900,6485.9900,6485.9900,1,1,2026-08-24T00:00:00.000
4728,20260729,20260606,118,167,440,463,37,2,4,6487.3600,6487.3600,6487.3600,6487.3600,1,1,2026-08-24T00:00:00.000
4729,20260802,20260616,399,267,93,139,465,8,4,6488.7300,6488.7300,6488.7300,6488.7300,1,1,2026-08-24T00:00:00.000
4730,20260609,20260802,367,300,277,372,27,1,3,6490.1000,6490.1000,6490.1000,6490.1000,1,1,2026-08-24T00:00:00.000
