MachineSensorReadingKey,ReadingDateKey,ReadingTimeOfDayKey,MachineKey,MachineSensorTagKey,WorkCenterKey,PlantKey,MachineSensorTypeKey,UnitOfMeasureKey,ReadingSequenceNumber,EventCount,QuantityAmount,DurationMinutes,CostAmount,SourceSystemKey,BatchId,LoadedAtUtc
1,20260731,40440,162,445,399,125,11,2,1,2,11.3700,6.0000,11.3700,1,1,2026-08-24T00:00:00.000
2,20260711,48660,455,202,336,349,6,7,2,3,12.7400,7.0000,12.7400,1,1,2026-08-24T00:00:00.000
3,20260624,84360,25,448,365,299,11,1,3,4,14.1100,8.0000,14.1100,1,1,2026-08-24T00:00:00.000
4,20260712,35820,354,158,113,303,7,5,4,5,15.4800,9.0000,15.4800,1,1,2026-08-24T00:00:00.000
5,20260714,19740,50,101,305,231,6,6,5,6,16.8500,10.0000,16.8500,1,1,2026-08-24T00:00:00.000
6,20260715,67800,283,386,386,269,11,1,6,7,18.2200,11.0000,18.2200,1,1,2026-08-24T00:00:00.000
7,20260720,65400,353,242,393,45,3,1,7,8,19.5900,12.0000,19.5900,1,1,2026-08-24T00:00:00.000
8,20260609,45120,179,32,436,295,9,7,8,9,20.9600,13.0000,20.9600,1,1,2026-08-24T00:00:00.000
9,20260615,51000,171,175,181,56,9,3,9,10,22.3300,14.0000,22.3300,1,1,2026-08-24T00:00:00.000
10,20260701,40020,350,271,298,192,2,1,10,11,23.7000,15.0000,23.7000,1,1,2026-08-24T00:00:00.000
11,20260626,15720,40,30,106,150,6,1,11,12,25.0700,16.0000,25.0700,1,1,2026-08-24T00:00:00.000
12,20260817,38760,193,313,128,139,10,1,12,13,26.4400,17.0000,26.4400,1,1,2026-08-24T00:00:00.000
13,20260801,27600,460,316,396,106,1,3,13,14,27.8100,18.0000,27.8100,1,1,2026-08-24T00:00:00.000
14,20260718,14760,145,441,183,35,1,6,14,15,29.1800,19.0000,29.1800,1,1,2026-08-24T00:00:00.000
15,20260817,13020,48,214,103,239,5,1,15,16,30.5500,20.0000,30.5500,1,1,2026-08-24T00:00:00.000
16,20260812,54900,493,195,74,259,9,5,16,17,31.9200,21.0000,31.9200,1,1,2026-08-24T00:00:00.000
17,20260616,38280,121,494,312,325,7,2,17,18,33.2900,22.0000,33.2900,1,1,2026-08-24T00:00:00.000
18,20260608,84480,343,32,463,173,6,3,18,19,34.6600,23.0000,34.6600,1,1,2026-08-24T00:00:00.000
19,20260614,4020,161,361,278,226,10,4,19,20,36.0300,24.0000,36.0300,1,1,2026-08-24T00:00:00.000
20,20260709,39420,183,312,329,69,6,1,20,21,37.4000,25.0000,37.4000,1,1,2026-08-24T00:00:00.000
21,20260816,53820,51,382,395,13,12,2,21,22,38.7700,26.0000,38.7700,1,1,2026-08-24T00:00:00.000
22,20260819,48480,442,77,419,262,5,7,22,23,40.1400,27.0000,40.1400,1,1,2026-08-24T00:00:00.000
23,20260720,8100,306,425,200,277,4,6,23,24,41.5100,28.0000,41.5100,1,1,2026-08-24T00:00:00.000
24,20260708,60600,241,148,171,278,3,5,24,25,42.8800,29.0000,42.8800,1,1,2026-08-24T00:00:00.000
25,20260728,11880,260,244,86,36,5,7,25,26,44.2500,30.0000,44.2500,1,1,2026-08-24T00:00:00.000
26,20260706,12900,499,49,325,106,1,2,26,27,45.6200,31.0000,45.6200,1,1,2026-08-24T00:00:00.000
27,20260601,48960,469,140,473,282,6,1,27,28,46.9900,32.0000,46.9900,1,1,2026-08-24T00:00:00.000
28,20260801,54120,154,363,182,100,4,2,28,29,48.3600,33.0000,48.3600,1,1,2026-08-24T00:00:00.000
29,20260607,85680,179,412,253,118,8,5,29,30,49.7300,34.0000,49.7300,1,1,2026-08-24T00:00:00.000
30,20260626,12000,245,304,251,54,10,7,30,31,51.1000,35.0000,51.1000,1,1,2026-08-24T00:00:00.000
31,20260622,49620,42,214,467,82,10,7,31,32,52.4700,36.0000,52.4700,1,1,2026-08-24T00:00:00.000
32,20260726,66420,335,281,483,267,11,3,32,33,53.8400,37.0000,53.8400,1,1,2026-08-24T00:00:00.000
33,20260729,78960,123,444,141,13,1,2,33,34,55.2100,38.0000,55.2100,1,1,2026-08-24T00:00:00.000
34,20260728,10260,62,234,373,326,9,1,34,35,56.5800,39.0000,56.5800,1,1,2026-08-24T00:00:00.000
35,20260716,47160,106,471,157,14,5,5,35,36,57.9500,40.0000,57.9500,1,1,2026-08-24T00:00:00.000
36,20260606,45600,109,317,29,53,11,3,36,37,59.3200,41.0000,59.3200,1,1,2026-08-24T00:00:00.000
37,20260819,18240,134,414,317,100,1,6,37,38,60.6900,42.0000,60.6900,1,1,2026-08-24T00:00:00.000
38,20260814,27780,106,266,291,269,5,1,38,39,62.0600,43.0000,62.0600,1,1,2026-08-24T00:00:00.000
39,20260719,33180,368,39,472,347,1,2,39,40,63.4300,44.0000,63.4300,1,1,2026-08-24T00:00:00.000
40,20260727,19380,299,468,478,14,4,5,40,41,64.8000,45.0000,64.8000,1,1,2026-08-24T00:00:00.000
41,20260626,44940,150,220,109,234,7,4,41,42,66.1700,46.0000,66.1700,1,1,2026-08-24T00:00:00.000
42,20260724,31800,160,154,219,242,5,2,42,43,67.5400,47.0000,67.5400,1,1,2026-08-24T00:00:00.000
43,20260626,33120,45,80,234,133,12,7,43,44,68.9100,48.0000,68.9100,1,1,2026-08-24T00:00:00.000
44,20260626,83340,401,409,280,262,4,6,44,45,70.2800,49.0000,70.2800,1,1,2026-08-24T00:00:00.000
45,20260809,56460,246,183,449,333,4,6,45,46,71.6500,50.0000,71.6500,1,1,2026-08-24T00:00:00.000
46,20260630,39060,295,392,280,117,11,1,46,47,73.0200,51.0000,73.0200,1,1,2026-08-24T00:00:00.000
47,20260818,5220,116,195,150,297,2,3,47,48,74.3900,52.0000,74.3900,1,1,2026-08-24T00:00:00.000
48,20260727,17880,474,337,85,184,6,4,48,49,75.7600,53.0000,75.7600,1,1,2026-08-24T00:00:00.000
49,20260622,39840,382,106,413,29,7,3,49,50,77.1300,54.0000,77.1300,1,1,2026-08-24T00:00:00.000
50,20260822,24600,495,128,253,1,6,4,50,51,78.5000,55.0000,78.5000,1,1,2026-08-24T00:00:00.000
51,20260617,58680,211,288,355,241,4,4,51,52,79.8700,56.0000,79.8700,1,1,2026-08-24T00:00:00.000
52,20260801,45180,2,331,167,314,1,2,52,53,81.2400,57.0000,81.2400,1,1,2026-08-24T00:00:00.000
53,20260630,83400,476,52,310,78,2,6,53,54,82.6100,58.0000,82.6100,1,1,2026-08-24T00:00:00.000
54,20260528,83340,128,386,63,72,9,5,54,55,83.9800,59.0000,83.9800,1,1,2026-08-24T00:00:00.000
55,20260616,7560,190,443,417,168,6,5,55,56,85.3500,60.0000,85.3500,1,1,2026-08-24T00:00:00.000
56,20260816,54120,362,394,490,305,9,5,56,57,86.7200,61.0000,86.7200,1,1,2026-08-24T00:00:00.000
57,20260704,41940,211,70,396,154,11,3,57,58,88.0900,62.0000,88.0900,1,1,2026-08-24T00:00:00.000
58,20260619,67860,287,174,277,289,3,6,58,59,89.4600,63.0000,89.4600,1,1,2026-08-24T00:00:00.000
59,20260619,64020,482,202,402,270,4,3,59,60,90.8300,64.0000,90.8300,1,1,2026-08-24T00:00:00.000
60,20260727,54360,249,436,298,86,10,6,60,61,92.2000,65.0000,92.2000,1,1,2026-08-24T00:00:00.000
61,20260818,84720,325,336,310,321,9,3,61,62,93.5700,66.0000,93.5700,1,1,2026-08-24T00:00:00.000
62,20260612,73020,134,47,43,328,6,4,62,63,94.9400,67.0000,94.9400,1,1,2026-08-24T00:00:00.000
63,20260710,67380,86,267,306,257,5,6,63,64,96.3100,68.0000,96.3100,1,1,2026-08-24T00:00:00.000
64,20260820,67860,56,24,80,309,11,3,64,65,97.6800,69.0000,97.6800,1,1,2026-08-24T00:00:00.000
65,20260623,50580,63,443,48,170,10,6,65,66,99.0500,70.0000,99.0500,1,1,2026-08-24T00:00:00.000
66,20260804,31260,389,115,228,12,6,7,66,67,100.4200,71.0000,100.4200,1,1,2026-08-24T00:00:00.000
67,20260607,50160,378,445,301,263,2,3,67,68,101.7900,72.0000,101.7900,1,1,2026-08-24T00:00:00.000
68,20260723,63300,337,439,176,16,12,3,68,69,103.1600,73.0000,103.1600,1,1,2026-08-24T00:00:00.000
69,20260619,68880,93,384,211,71,5,7,69,70,104.5300,74.0000,104.5300,1,1,2026-08-24T00:00:00.000
70,20260710,3660,243,154,153,74,12,3,70,71,105.9000,75.0000,105.9000,1,1,2026-08-24T00:00:00.000
71,20260629,5520,157,300,461,152,8,7,71,72,107.2700,76.0000,107.2700,1,1,2026-08-24T00:00:00.000
72,20260817,33540,264,269,370,188,6,5,72,73,108.6400,77.0000,108.6400,1,1,2026-08-24T00:00:00.000
73,20260622,80820,225,16,156,90,6,3,73,74,110.0100,78.0000,110.0100,1,1,2026-08-24T00:00:00.000
74,20260715,38220,202,429,113,309,11,4,74,75,111.3800,79.0000,111.3800,1,1,2026-08-24T00:00:00.000
75,20260703,37200,411,277,436,112,11,3,75,76,112.7500,80.0000,112.7500,1,1,2026-08-24T00:00:00.000
76,20260728,7860,337,418,192,295,8,3,76,77,114.1200,81.0000,114.1200,1,1,2026-08-24T00:00:00.000
77,20260716,17760,131,419,177,325,8,6,77,78,115.4900,82.0000,115.4900,1,1,2026-08-24T00:00:00.000
78,20260815,9840,81,59,474,84,2,6,78,79,116.8600,83.0000,116.8600,1,1,2026-08-24T00:00:00.000
79,20260811,10740,44,117,376,22,12,5,79,80,118.2300,84.0000,118.2300,1,1,2026-08-24T00:00:00.000
80,20260714,13020,151,314,50,324,2,7,80,81,119.6000,85.0000,119.6000,1,1,2026-08-24T00:00:00.000
81,20260531,37140,202,96,240,122,12,1,81,82,120.9700,86.0000,120.9700,1,1,2026-08-24T00:00:00.000
82,20260616,120,229,288,68,70,2,4,82,83,122.3400,87.0000,122.3400,1,1,2026-08-24T00:00:00.000
83,20260719,10980,129,46,82,231,12,5,83,84,123.7100,88.0000,123.7100,1,1,2026-08-24T00:00:00.000
84,20260816,40380,67,206,393,133,9,6,84,85,125.0800,89.0000,125.0800,1,1,2026-08-24T00:00:00.000
85,20260813,66780,211,207,251,121,1,3,85,86,126.4500,90.0000,126.4500,1,1,2026-08-24T00:00:00.000
86,20260824,4800,430,188,131,12,2,7,86,87,127.8200,91.0000,127.8200,1,1,2026-08-24T00:00:00.000
87,20260725,47400,450,470,87,121,3,4,87,88,129.1900,92.0000,129.1900,1,1,2026-08-24T00:00:00.000
88,20260721,21960,191,68,253,4,9,2,88,89,130.5600,93.0000,130.5600,1,1,2026-08-24T00:00:00.000
89,20260602,73380,191,5,203,47,10,1,89,90,131.9300,94.0000,131.9300,1,1,2026-08-24T00:00:00.000
90,20260701,5280,14,199,344,17,7,7,90,91,133.3000,95.0000,133.3000,1,1,2026-08-24T00:00:00.000
91,20260625,6840,86,10,404,344,6,2,91,92,134.6700,96.0000,134.6700,1,1,2026-08-24T00:00:00.000
92,20260801,36540,146,209,497,23,2,7,92,93,136.0400,97.0000,136.0400,1,1,2026-08-24T00:00:00.000
93,20260619,7980,49,285,77,59,1,5,93,94,137.4100,98.0000,137.4100,1,1,2026-08-24T00:00:00.000
94,20260721,68640,263,78,227,174,5,1,94,95,138.7800,99.0000,138.7800,1,1,2026-08-24T00:00:00.000
95,20260623,13980,346,369,438,26,5,7,95,96,140.1500,100.0000,140.1500,1,1,2026-08-24T00:00:00.000
96,20260616,1140,245,283,57,334,9,3,96,97,141.5200,101.0000,141.5200,1,1,2026-08-24T00:00:00.000
97,20260627,16320,100,321,224,31,1,4,97,98,142.8900,102.0000,142.8900,1,1,2026-08-24T00:00:00.000
98,20260715,41160,208,283,274,103,1,6,98,99,144.2600,103.0000,144.2600,1,1,2026-08-24T00:00:00.000
99,20260702,59520,486,67,282,280,3,6,99,100,145.6300,104.0000,145.6300,1,1,2026-08-24T00:00:00.000
100,20260817,80700,90,88,72,241,1,1,100,101,147.0000,105.0000,147.0000,1,1,2026-08-24T00:00:00.000
101,20260731,43620,307,126,489,117,7,6,101,102,148.3700,106.0000,148.3700,1,1,2026-08-24T00:00:00.000
102,20260809,3240,25,97,195,126,8,5,102,103,149.7400,107.0000,149.7400,1,1,2026-08-24T00:00:00.000
103,20260810,20760,442,63,321,177,7,2,103,104,151.1100,108.0000,151.1100,1,1,2026-08-24T00:00:00.000
104,20260612,58860,243,213,473,203,2,6,104,105,152.4800,109.0000,152.4800,1,1,2026-08-24T00:00:00.000
105,20260716,39900,417,188,75,123,7,1,105,106,153.8500,110.0000,153.8500,1,1,2026-08-24T00:00:00.000
106,20260529,36180,292,194,36,17,10,1,106,107,155.2200,111.0000,155.2200,1,1,2026-08-24T00:00:00.000
107,20260629,8820,315,405,496,325,2,6,107,108,156.5900,112.0000,156.5900,1,1,2026-08-24T00:00:00.000
108,20260623,16020,60,432,10,272,1,6,108,109,157.9600,113.0000,157.9600,1,1,2026-08-24T00:00:00.000
109,20260529,3420,477,145,160,307,6,6,109,110,159.3300,114.0000,159.3300,1,1,2026-08-24T00:00:00.000
110,20260721,6300,53,131,240,253,8,1,110,111,160.7000,115.0000,160.7000,1,1,2026-08-24T00:00:00.000
111,20260713,77280,290,60,144,135,12,2,111,112,162.0700,116.0000,162.0700,1,1,2026-08-24T00:00:00.000
112,20260606,38220,102,340,441,187,8,2,112,113,163.4400,117.0000,163.4400,1,1,2026-08-24T00:00:00.000
113,20260804,36420,348,438,222,17,11,2,113,114,164.8100,118.0000,164.8100,1,1,2026-08-24T00:00:00.000
114,20260712,61200,147,117,415,3,3,6,114,115,166.1800,119.0000,166.1800,1,1,2026-08-24T00:00:00.000
115,20260719,85620,14,273,178,79,1,3,115,116,167.5500,120.0000,167.5500,1,1,2026-08-24T00:00:00.000
116,20260726,84180,115,284,307,292,2,5,116,117,168.9200,121.0000,168.9200,1,1,2026-08-24T00:00:00.000
117,20260529,20040,33,442,148,186,2,7,117,118,170.2900,122.0000,170.2900,1,1,2026-08-24T00:00:00.000
118,20260709,78900,461,224,91,215,8,5,118,119,171.6600,123.0000,171.6600,1,1,2026-08-24T00:00:00.000
119,20260805,12300,260,115,64,10,1,3,119,120,173.0300,124.0000,173.0300,1,1,2026-08-24T00:00:00.000
120,20260606,55140,412,451,63,121,8,1,120,121,174.4000,125.0000,174.4000,1,1,2026-08-24T00:00:00.000
121,20260725,540,269,164,51,220,2,4,121,122,175.7700,126.0000,175.7700,1,1,2026-08-24T00:00:00.000
122,20260812,43620,40,174,52,90,10,7,122,123,177.1400,127.0000,177.1400,1,1,2026-08-24T00:00:00.000
123,20260529,47040,401,431,25,237,3,7,123,124,178.5100,128.0000,178.5100,1,1,2026-08-24T00:00:00.000
124,20260823,29880,468,279,423,24,12,1,124,125,179.8800,129.0000,179.8800,1,1,2026-08-24T00:00:00.000
125,20260617,25800,236,67,482,60,7,6,125,126,181.2500,130.0000,181.2500,1,1,2026-08-24T00:00:00.000
126,20260624,7980,20,15,394,112,1,1,126,127,182.6200,131.0000,182.6200,1,1,2026-08-24T00:00:00.000
127,20260718,31200,476,292,343,201,12,1,127,128,183.9900,132.0000,183.9900,1,1,2026-08-24T00:00:00.000
128,20260727,28680,247,296,121,338,11,1,128,129,185.3600,133.0000,185.3600,1,1,2026-08-24T00:00:00.000
129,20260822,20220,344,353,483,56,11,3,129,130,186.7300,134.0000,186.7300,1,1,2026-08-24T00:00:00.000
130,20260621,8640,206,117,110,236,9,6,130,131,188.1000,135.0000,188.1000,1,1,2026-08-24T00:00:00.000
131,20260629,19020,271,328,146,274,9,7,131,132,189.4700,136.0000,189.4700,1,1,2026-08-24T00:00:00.000
132,20260808,38040,31,355,360,3,10,7,132,133,190.8400,137.0000,190.8400,1,1,2026-08-24T00:00:00.000
133,20260709,24300,475,77,241,4,9,4,133,134,192.2100,138.0000,192.2100,1,1,2026-08-24T00:00:00.000
134,20260821,35880,260,463,333,18,6,3,134,135,193.5800,139.0000,193.5800,1,1,2026-08-24T00:00:00.000
135,20260712,63000,58,384,10,335,12,3,135,136,194.9500,140.0000,194.9500,1,1,2026-08-24T00:00:00.000
136,20260713,5940,18,313,194,300,12,4,136,137,196.3200,141.0000,196.3200,1,1,2026-08-24T00:00:00.000
137,20260702,60360,191,400,265,152,2,1,137,138,197.6900,142.0000,197.6900,1,1,2026-08-24T00:00:00.000
138,20260625,37440,471,384,419,68,10,1,138,139,199.0600,143.0000,199.0600,1,1,2026-08-24T00:00:00.000
139,20260818,1320,420,207,183,282,4,4,139,140,200.4300,144.0000,200.4300,1,1,2026-08-24T00:00:00.000
140,20260803,29100,85,30,439,210,5,7,140,141,201.8000,145.0000,201.8000,1,1,2026-08-24T00:00:00.000
141,20260713,28920,219,491,47,178,7,4,141,142,203.1700,146.0000,203.1700,1,1,2026-08-24T00:00:00.000
142,20260809,41520,173,263,58,41,12,2,142,143,204.5400,147.0000,204.5400,1,1,2026-08-24T00:00:00.000
143,20260720,79020,149,133,51,261,4,5,143,144,205.9100,148.0000,205.9100,1,1,2026-08-24T00:00:00.000
144,20260805,26340,164,122,434,300,4,2,144,145,207.2800,149.0000,207.2800,1,1,2026-08-24T00:00:00.000
145,20260718,62340,299,405,418,176,10,1,145,146,208.6500,150.0000,208.6500,1,1,2026-08-24T00:00:00.000
146,20260812,56400,290,407,402,8,1,1,146,147,210.0200,151.0000,210.0200,1,1,2026-08-24T00:00:00.000
147,20260621,12540,361,279,14,236,7,1,147,148,211.3900,152.0000,211.3900,1,1,2026-08-24T00:00:00.000
148,20260820,1020,336,256,106,288,3,7,148,149,212.7600,153.0000,212.7600,1,1,2026-08-24T00:00:00.000
149,20260623,42000,35,124,305,215,2,4,149,150,214.1300,154.0000,214.1300,1,1,2026-08-24T00:00:00.000
150,20260528,17160,452,396,393,44,6,4,150,151,215.5000,155.0000,215.5000,1,1,2026-08-24T00:00:00.000
151,20260628,49920,18,445,364,201,6,2,151,152,216.8700,156.0000,216.8700,1,1,2026-08-24T00:00:00.000
152,20260730,17160,195,306,494,344,10,7,152,153,218.2400,157.0000,218.2400,1,1,2026-08-24T00:00:00.000
153,20260808,6120,279,333,211,39,1,5,153,154,219.6100,158.0000,219.6100,1,1,2026-08-24T00:00:00.000
154,20260803,71580,215,408,205,54,1,4,154,155,220.9800,159.0000,220.9800,1,1,2026-08-24T00:00:00.000
155,20260805,47040,496,231,86,29,2,5,155,156,222.3500,160.0000,222.3500,1,1,2026-08-24T00:00:00.000
156,20260715,13740,67,78,433,268,11,2,156,157,223.7200,161.0000,223.7200,1,1,2026-08-24T00:00:00.000
157,20260707,1440,231,181,499,296,7,5,157,158,225.0900,162.0000,225.0900,1,1,2026-08-24T00:00:00.000
158,20260610,29340,210,416,179,198,1,5,158,159,226.4600,163.0000,226.4600,1,1,2026-08-24T00:00:00.000
159,20260814,57600,379,457,473,63,7,2,159,160,227.8300,164.0000,227.8300,1,1,2026-08-24T00:00:00.000
160,20260608,42540,344,423,389,235,12,2,160,161,229.2000,165.0000,229.2000,1,1,2026-08-24T00:00:00.000
161,20260614,37680,488,147,233,312,11,4,161,162,230.5700,166.0000,230.5700,1,1,2026-08-24T00:00:00.000
162,20260824,84420,173,445,341,72,1,6,162,163,231.9400,167.0000,231.9400,1,1,2026-08-24T00:00:00.000
163,20260713,34680,350,34,193,169,3,5,163,164,233.3100,168.0000,233.3100,1,1,2026-08-24T00:00:00.000
164,20260731,72420,225,389,383,149,9,5,164,165,234.6800,169.0000,234.6800,1,1,2026-08-24T00:00:00.000
165,20260722,15360,87,218,471,263,11,4,165,166,236.0500,170.0000,236.0500,1,1,2026-08-24T00:00:00.000
166,20260601,57420,44,292,352,128,3,5,166,167,237.4200,171.0000,237.4200,1,1,2026-08-24T00:00:00.000
167,20260710,7980,247,34,339,350,11,6,167,168,238.7900,172.0000,238.7900,1,1,2026-08-24T00:00:00.000
168,20260818,51840,33,66,59,63,12,4,168,169,240.1600,173.0000,240.1600,1,1,2026-08-24T00:00:00.000
169,20260703,54960,262,144,124,218,1,1,169,170,241.5300,174.0000,241.5300,1,1,2026-08-24T00:00:00.000
170,20260824,9300,372,492,298,154,1,5,170,171,242.9000,175.0000,242.9000,1,1,2026-08-24T00:00:00.000
171,20260710,29940,203,235,10,304,11,2,171,172,244.2700,176.0000,244.2700,1,1,2026-08-24T00:00:00.000
172,20260726,34560,93,208,458,172,9,4,172,173,245.6400,177.0000,245.6400,1,1,2026-08-24T00:00:00.000
173,20260706,48180,371,313,23,10,11,7,173,174,247.0100,178.0000,247.0100,1,1,2026-08-24T00:00:00.000
174,20260814,50160,192,115,319,319,6,5,174,175,248.3800,179.0000,248.3800,1,1,2026-08-24T00:00:00.000
175,20260729,57240,252,307,30,36,8,4,175,176,249.7500,180.0000,249.7500,1,1,2026-08-24T00:00:00.000
176,20260607,15300,365,199,245,215,9,7,176,177,251.1200,181.0000,251.1200,1,1,2026-08-24T00:00:00.000
177,20260808,21360,350,346,459,344,7,2,177,178,252.4900,182.0000,252.4900,1,1,2026-08-24T00:00:00.000
178,20260706,19080,28,160,343,319,7,6,178,179,253.8600,183.0000,253.8600,1,1,2026-08-24T00:00:00.000
179,20260630,33660,28,476,27,216,11,1,179,180,255.2300,184.0000,255.2300,1,1,2026-08-24T00:00:00.000
180,20260614,78120,227,157,439,338,1,4,180,181,256.6000,185.0000,256.6000,1,1,2026-08-24T00:00:00.000
181,20260628,180,125,428,95,101,12,1,181,182,257.9700,186.0000,257.9700,1,1,2026-08-24T00:00:00.000
182,20260707,49320,228,222,239,102,8,7,182,183,259.3400,187.0000,259.3400,1,1,2026-08-24T00:00:00.000
183,20260624,5340,51,369,162,106,7,5,183,184,260.7100,188.0000,260.7100,1,1,2026-08-24T00:00:00.000
184,20260601,81420,477,170,301,233,7,3,184,185,262.0800,189.0000,262.0800,1,1,2026-08-24T00:00:00.000
185,20260722,84720,442,15,135,339,2,6,185,186,263.4500,190.0000,263.4500,1,1,2026-08-24T00:00:00.000
186,20260808,71040,441,82,117,276,6,4,186,187,264.8200,191.0000,264.8200,1,1,2026-08-24T00:00:00.000
187,20260804,27300,323,330,365,348,6,1,187,188,266.1900,192.0000,266.1900,1,1,2026-08-24T00:00:00.000
188,20260815,86220,496,260,440,101,10,1,188,189,267.5600,193.0000,267.5600,1,1,2026-08-24T00:00:00.000
189,20260810,18000,492,207,317,306,9,6,189,190,268.9300,194.0000,268.9300,1,1,2026-08-24T00:00:00.000
190,20260528,35340,322,177,201,128,3,5,190,191,270.3000,195.0000,270.3000,1,1,2026-08-24T00:00:00.000
191,20260707,15960,265,454,19,113,11,2,191,192,271.6700,196.0000,271.6700,1,1,2026-08-24T00:00:00.000
192,20260728,37080,471,402,331,104,9,5,192,193,273.0400,197.0000,273.0400,1,1,2026-08-24T00:00:00.000
193,20260603,85080,494,227,138,46,10,5,193,194,274.4100,198.0000,274.4100,1,1,2026-08-24T00:00:00.000
194,20260731,70020,304,375,382,303,11,7,194,195,275.7800,199.0000,275.7800,1,1,2026-08-24T00:00:00.000
195,20260719,35040,8,329,199,190,2,3,195,196,277.1500,200.0000,277.1500,1,1,2026-08-24T00:00:00.000
196,20260710,86340,280,379,256,101,9,5,196,197,278.5200,201.0000,278.5200,1,1,2026-08-24T00:00:00.000
197,20260804,6720,386,297,403,162,6,6,197,198,279.8900,202.0000,279.8900,1,1,2026-08-24T00:00:00.000
198,20260717,10260,76,449,14,36,11,3,198,199,281.2600,203.0000,281.2600,1,1,2026-08-24T00:00:00.000
199,20260528,66420,301,67,300,218,7,3,199,200,282.6300,204.0000,282.6300,1,1,2026-08-24T00:00:00.000
200,20260724,80340,17,487,228,20,7,6,200,201,284.0000,205.0000,284.0000,1,1,2026-08-24T00:00:00.000
201,20260605,51180,278,426,231,331,1,5,201,202,285.3700,206.0000,285.3700,1,1,2026-08-24T00:00:00.000
202,20260629,53220,153,425,478,324,9,1,202,203,286.7400,207.0000,286.7400,1,1,2026-08-24T00:00:00.000
203,20260612,55320,341,100,357,158,6,1,203,204,288.1100,208.0000,288.1100,1,1,2026-08-24T00:00:00.000
204,20260625,73500,43,147,466,320,6,2,204,205,289.4800,209.0000,289.4800,1,1,2026-08-24T00:00:00.000
205,20260619,4200,316,496,317,27,2,5,205,206,290.8500,210.0000,290.8500,1,1,2026-08-24T00:00:00.000
206,20260801,39900,131,133,16,73,7,6,206,207,292.2200,211.0000,292.2200,1,1,2026-08-24T00:00:00.000
207,20260704,63120,68,275,341,28,7,1,207,208,293.5900,212.0000,293.5900,1,1,2026-08-24T00:00:00.000
208,20260606,63540,453,300,442,36,10,2,208,209,294.9600,213.0000,294.9600,1,1,2026-08-24T00:00:00.000
209,20260622,69300,204,58,202,179,5,2,209,210,296.3300,214.0000,296.3300,1,1,2026-08-24T00:00:00.000
210,20260727,61980,116,148,20,161,3,5,210,211,297.7000,215.0000,297.7000,1,1,2026-08-24T00:00:00.000
211,20260725,55980,310,136,481,254,10,5,211,212,299.0700,216.0000,299.0700,1,1,2026-08-24T00:00:00.000
212,20260630,81780,409,261,225,105,8,2,212,213,300.4400,217.0000,300.4400,1,1,2026-08-24T00:00:00.000
213,20260801,82320,133,230,14,166,2,3,213,214,301.8100,218.0000,301.8100,1,1,2026-08-24T00:00:00.000
214,20260613,34140,136,308,90,68,10,7,214,215,303.1800,219.0000,303.1800,1,1,2026-08-24T00:00:00.000
215,20260724,7440,495,257,55,79,9,4,215,216,304.5500,220.0000,304.5500,1,1,2026-08-24T00:00:00.000
216,20260606,420,107,389,361,261,3,2,216,217,305.9200,221.0000,305.9200,1,1,2026-08-24T00:00:00.000
217,20260621,63540,163,234,260,57,5,6,217,218,307.2900,222.0000,307.2900,1,1,2026-08-24T00:00:00.000
218,20260712,46860,309,316,123,192,9,2,218,219,308.6600,223.0000,308.6600,1,1,2026-08-24T00:00:00.000
219,20260627,24360,188,318,358,184,2,3,219,220,310.0300,224.0000,310.0300,1,1,2026-08-24T00:00:00.000
220,20260814,13920,346,101,152,334,12,4,220,221,311.4000,225.0000,311.4000,1,1,2026-08-24T00:00:00.000
221,20260814,78900,235,139,321,181,12,5,221,222,312.7700,226.0000,312.7700,1,1,2026-08-24T00:00:00.000
222,20260705,63540,357,465,472,285,10,3,222,223,314.1400,227.0000,314.1400,1,1,2026-08-24T00:00:00.000
223,20260717,27780,55,295,283,339,12,4,223,224,315.5100,228.0000,315.5100,1,1,2026-08-24T00:00:00.000
224,20260807,32160,409,281,268,129,12,3,224,225,316.8800,229.0000,316.8800,1,1,2026-08-24T00:00:00.000
225,20260711,52380,276,375,451,135,12,4,225,226,318.2500,230.0000,318.2500,1,1,2026-08-24T00:00:00.000
226,20260816,63120,325,3,121,348,3,5,226,227,319.6200,231.0000,319.6200,1,1,2026-08-24T00:00:00.000
227,20260624,44040,372,194,321,90,8,1,227,228,320.9900,232.0000,320.9900,1,1,2026-08-24T00:00:00.000
228,20260628,15300,28,485,96,338,3,3,228,229,322.3600,233.0000,322.3600,1,1,2026-08-24T00:00:00.000
229,20260714,73320,444,402,174,268,12,5,229,230,323.7300,234.0000,323.7300,1,1,2026-08-24T00:00:00.000
230,20260602,85440,238,455,389,77,4,7,230,231,325.1000,235.0000,325.1000,1,1,2026-08-24T00:00:00.000
231,20260725,21360,284,273,358,5,8,7,231,232,326.4700,236.0000,326.4700,1,1,2026-08-24T00:00:00.000
232,20260617,82200,86,382,57,92,7,2,232,233,327.8400,237.0000,327.8400,1,1,2026-08-24T00:00:00.000
233,20260816,24960,322,391,393,324,8,7,233,234,329.2100,238.0000,329.2100,1,1,2026-08-24T00:00:00.000
234,20260721,29580,276,136,27,282,4,4,234,235,330.5800,239.0000,330.5800,1,1,2026-08-24T00:00:00.000
235,20260602,39960,284,160,246,49,9,1,235,236,331.9500,240.0000,331.9500,1,1,2026-08-24T00:00:00.000
236,20260815,74940,171,186,442,109,12,7,236,237,333.3200,241.0000,333.3200,1,1,2026-08-24T00:00:00.000
237,20260701,52260,340,49,238,315,6,2,237,238,334.6900,242.0000,334.6900,1,1,2026-08-24T00:00:00.000
238,20260811,45600,168,188,55,26,2,2,238,239,336.0600,243.0000,336.0600,1,1,2026-08-24T00:00:00.000
239,20260809,79620,182,163,99,15,10,6,239,240,337.4300,244.0000,337.4300,1,1,2026-08-24T00:00:00.000
240,20260802,20940,429,156,48,350,7,5,240,241,338.8000,245.0000,338.8000,1,1,2026-08-24T00:00:00.000
241,20260605,4500,397,428,271,346,2,1,241,242,340.1700,246.0000,340.1700,1,1,2026-08-24T00:00:00.000
242,20260726,8400,386,107,60,347,1,3,242,243,341.5400,247.0000,341.5400,1,1,2026-08-24T00:00:00.000
243,20260706,78060,48,25,360,114,12,4,243,244,342.9100,248.0000,342.9100,1,1,2026-08-24T00:00:00.000
244,20260701,75180,14,111,419,243,5,5,244,245,344.2800,249.0000,344.2800,1,1,2026-08-24T00:00:00.000
245,20260802,22800,107,395,183,200,8,2,245,246,345.6500,250.0000,345.6500,1,1,2026-08-24T00:00:00.000
246,20260731,30780,154,401,447,14,7,7,246,247,347.0200,251.0000,347.0200,1,1,2026-08-24T00:00:00.000
247,20260808,5220,101,183,275,258,4,1,247,248,348.3900,252.0000,348.3900,1,1,2026-08-24T00:00:00.000
248,20260818,34860,486,119,61,138,3,5,248,249,349.7600,253.0000,349.7600,1,1,2026-08-24T00:00:00.000
249,20260720,20520,156,128,203,251,6,3,249,250,351.1300,254.0000,351.1300,1,1,2026-08-24T00:00:00.000
250,20260610,24300,382,45,259,90,5,4,250,251,352.5000,255.0000,352.5000,1,1,2026-08-24T00:00:00.000
251,20260620,70320,186,256,50,241,9,6,251,252,353.8700,256.0000,353.8700,1,1,2026-08-24T00:00:00.000
252,20260702,24000,46,27,165,87,8,2,252,253,355.2400,257.0000,355.2400,1,1,2026-08-24T00:00:00.000
253,20260711,59580,17,303,269,157,1,2,253,254,356.6100,258.0000,356.6100,1,1,2026-08-24T00:00:00.000
254,20260625,65160,491,2,233,129,9,3,254,255,357.9800,259.0000,357.9800,1,1,2026-08-24T00:00:00.000
255,20260621,57120,43,496,490,228,4,2,255,256,359.3500,260.0000,359.3500,1,1,2026-08-24T00:00:00.000
256,20260815,50040,209,243,45,263,9,3,256,257,360.7200,261.0000,360.7200,1,1,2026-08-24T00:00:00.000
257,20260711,55980,175,32,436,171,1,6,257,258,362.0900,262.0000,362.0900,1,1,2026-08-24T00:00:00.000
258,20260724,81240,73,91,205,302,9,6,258,259,363.4600,263.0000,363.4600,1,1,2026-08-24T00:00:00.000
259,20260716,26340,87,198,210,304,7,6,259,260,364.8300,264.0000,364.8300,1,1,2026-08-24T00:00:00.000
260,20260624,37260,3,291,408,213,6,7,260,261,366.2000,265.0000,366.2000,1,1,2026-08-24T00:00:00.000
261,20260809,17820,311,24,112,166,1,5,261,262,367.5700,266.0000,367.5700,1,1,2026-08-24T00:00:00.000
262,20260815,8580,211,284,480,164,9,2,262,263,368.9400,267.0000,368.9400,1,1,2026-08-24T00:00:00.000
263,20260630,56220,45,364,80,144,4,4,263,264,370.3100,268.0000,370.3100,1,1,2026-08-24T00:00:00.000
264,20260819,34680,198,126,138,273,8,7,264,265,371.6800,269.0000,371.6800,1,1,2026-08-24T00:00:00.000
265,20260714,64320,393,158,46,306,1,6,265,266,373.0500,270.0000,373.0500,1,1,2026-08-24T00:00:00.000
266,20260615,58320,331,198,359,255,12,1,266,267,374.4200,271.0000,374.4200,1,1,2026-08-24T00:00:00.000
267,20260819,29160,273,293,259,3,1,1,267,268,375.7900,272.0000,375.7900,1,1,2026-08-24T00:00:00.000
268,20260720,68100,86,163,350,339,12,3,268,269,377.1600,273.0000,377.1600,1,1,2026-08-24T00:00:00.000
269,20260729,51120,367,393,75,41,10,7,269,270,378.5300,274.0000,378.5300,1,1,2026-08-24T00:00:00.000
270,20260605,17640,56,90,283,325,12,2,270,271,379.9000,275.0000,379.9000,1,1,2026-08-24T00:00:00.000
271,20260531,62640,196,163,372,222,4,1,271,272,381.2700,276.0000,381.2700,1,1,2026-08-24T00:00:00.000
272,20260819,11400,471,16,137,315,2,3,272,273,382.6400,277.0000,382.6400,1,1,2026-08-24T00:00:00.000
273,20260810,73560,359,288,320,325,2,2,273,274,384.0100,278.0000,384.0100,1,1,2026-08-24T00:00:00.000
274,20260812,11400,484,340,220,101,9,3,274,275,385.3800,279.0000,385.3800,1,1,2026-08-24T00:00:00.000
275,20260530,53160,280,275,251,147,1,5,275,276,386.7500,280.0000,386.7500,1,1,2026-08-24T00:00:00.000
276,20260624,43620,315,204,29,156,7,4,276,277,388.1200,281.0000,388.1200,1,1,2026-08-24T00:00:00.000
277,20260604,21600,465,490,128,18,10,1,277,278,389.4900,282.0000,389.4900,1,1,2026-08-24T00:00:00.000
278,20260605,68280,150,334,52,36,2,1,278,279,390.8600,283.0000,390.8600,1,1,2026-08-24T00:00:00.000
279,20260622,78000,462,55,84,74,11,6,279,280,392.2300,284.0000,392.2300,1,1,2026-08-24T00:00:00.000
280,20260708,46500,59,150,332,337,9,1,280,281,393.6000,285.0000,393.6000,1,1,2026-08-24T00:00:00.000
281,20260724,33060,485,336,162,66,8,2,281,282,394.9700,286.0000,394.9700,1,1,2026-08-24T00:00:00.000
282,20260723,23760,363,222,288,42,8,3,282,283,396.3400,287.0000,396.3400,1,1,2026-08-24T00:00:00.000
283,20260703,23400,388,290,54,49,11,2,283,284,397.7100,288.0000,397.7100,1,1,2026-08-24T00:00:00.000
284,20260804,75180,269,313,236,39,3,1,284,285,399.0800,289.0000,399.0800,1,1,2026-08-24T00:00:00.000
285,20260627,13920,389,445,393,311,10,1,285,286,400.4500,290.0000,400.4500,1,1,2026-08-24T00:00:00.000
286,20260626,53760,462,400,263,147,7,7,286,287,401.8200,291.0000,401.8200,1,1,2026-08-24T00:00:00.000
287,20260725,69840,356,159,420,260,12,2,287,288,403.1900,292.0000,403.1900,1,1,2026-08-24T00:00:00.000
288,20260621,69960,187,494,54,84,5,4,288,289,404.5600,293.0000,404.5600,1,1,2026-08-24T00:00:00.000
289,20260714,29940,51,444,96,197,4,7,289,290,405.9300,294.0000,405.9300,1,1,2026-08-24T00:00:00.000
290,20260622,59100,23,408,427,189,4,3,290,291,407.3000,295.0000,407.3000,1,1,2026-08-24T00:00:00.000
291,20260605,29460,96,132,492,91,8,3,291,292,408.6700,296.0000,408.6700,1,1,2026-08-24T00:00:00.000
292,20260725,73800,385,92,403,18,12,5,292,293,410.0400,297.0000,410.0400,1,1,2026-08-24T00:00:00.000
293,20260724,77760,412,168,51,218,2,4,293,294,411.4100,298.0000,411.4100,1,1,2026-08-24T00:00:00.000
294,20260813,44580,489,73,106,46,9,5,294,295,412.7800,299.0000,412.7800,1,1,2026-08-24T00:00:00.000
295,20260622,71940,214,318,292,20,4,4,295,296,414.1500,300.0000,414.1500,1,1,2026-08-24T00:00:00.000
296,20260823,69180,65,78,30,12,3,5,296,297,415.5200,301.0000,415.5200,1,1,2026-08-24T00:00:00.000
297,20260813,60660,198,108,60,225,5,6,297,298,416.8900,302.0000,416.8900,1,1,2026-08-24T00:00:00.000
298,20260611,45000,198,385,204,196,6,2,298,299,418.2600,303.0000,418.2600,1,1,2026-08-24T00:00:00.000
299,20260723,4140,16,398,323,311,1,7,299,300,419.6300,304.0000,419.6300,1,1,2026-08-24T00:00:00.000
300,20260610,79680,114,312,68,77,8,5,300,301,421.0000,305.0000,421.0000,1,1,2026-08-24T00:00:00.000
301,20260820,68640,117,413,416,126,1,2,301,302,422.3700,306.0000,422.3700,1,1,2026-08-24T00:00:00.000
302,20260618,73800,123,304,406,128,5,1,302,303,423.7400,307.0000,423.7400,1,1,2026-08-24T00:00:00.000
303,20260722,22680,426,52,224,74,10,3,303,304,425.1100,308.0000,425.1100,1,1,2026-08-24T00:00:00.000
304,20260603,76320,78,496,427,331,8,2,304,305,426.4800,309.0000,426.4800,1,1,2026-08-24T00:00:00.000
305,20260623,3780,385,272,115,311,11,6,305,306,427.8500,310.0000,427.8500,1,1,2026-08-24T00:00:00.000
306,20260724,19080,196,481,441,91,4,1,306,307,429.2200,311.0000,429.2200,1,1,2026-08-24T00:00:00.000
307,20260702,76800,12,500,197,4,12,4,307,308,430.5900,312.0000,430.5900,1,1,2026-08-24T00:00:00.000
308,20260630,77520,343,23,255,182,9,7,308,309,431.9600,313.0000,431.9600,1,1,2026-08-24T00:00:00.000
309,20260626,61500,387,204,204,332,7,4,309,310,433.3300,314.0000,433.3300,1,1,2026-08-24T00:00:00.000
310,20260607,18600,206,432,378,257,1,3,310,311,434.7000,315.0000,434.7000,1,1,2026-08-24T00:00:00.000
311,20260714,40020,139,101,226,17,4,6,311,312,436.0700,316.0000,436.0700,1,1,2026-08-24T00:00:00.000
312,20260609,17580,313,58,206,15,3,6,312,313,437.4400,317.0000,437.4400,1,1,2026-08-24T00:00:00.000
313,20260718,52200,427,392,166,214,8,6,313,314,438.8100,318.0000,438.8100,1,1,2026-08-24T00:00:00.000
314,20260810,85440,425,14,466,112,10,6,314,315,440.1800,319.0000,440.1800,1,1,2026-08-24T00:00:00.000
315,20260701,2040,162,278,85,296,11,5,315,316,441.5500,320.0000,441.5500,1,1,2026-08-24T00:00:00.000
316,20260602,72900,401,455,345,10,7,1,316,317,442.9200,321.0000,442.9200,1,1,2026-08-24T00:00:00.000
317,20260529,60840,209,479,317,292,6,3,317,318,444.2900,322.0000,444.2900,1,1,2026-08-24T00:00:00.000
318,20260701,42600,279,441,136,172,9,3,318,319,445.6600,323.0000,445.6600,1,1,2026-08-24T00:00:00.000
319,20260822,3120,97,248,426,339,8,5,319,320,447.0300,324.0000,447.0300,1,1,2026-08-24T00:00:00.000
320,20260703,62940,336,460,241,175,5,7,320,321,448.4000,325.0000,448.4000,1,1,2026-08-24T00:00:00.000
321,20260624,61140,391,232,47,302,8,2,321,322,449.7700,326.0000,449.7700,1,1,2026-08-24T00:00:00.000
322,20260803,30180,482,147,300,3,2,4,322,323,451.1400,327.0000,451.1400,1,1,2026-08-24T00:00:00.000
323,20260819,54600,9,361,319,287,11,2,323,324,452.5100,328.0000,452.5100,1,1,2026-08-24T00:00:00.000
324,20260815,73680,416,56,69,203,1,5,324,325,453.8800,329.0000,453.8800,1,1,2026-08-24T00:00:00.000
325,20260803,23760,392,465,194,8,5,4,325,326,455.2500,330.0000,455.2500,1,1,2026-08-24T00:00:00.000
326,20260808,79560,27,427,69,34,2,6,326,327,456.6200,331.0000,456.6200,1,1,2026-08-24T00:00:00.000
327,20260629,20700,331,439,72,267,10,6,327,328,457.9900,332.0000,457.9900,1,1,2026-08-24T00:00:00.000
328,20260702,77520,377,451,277,231,2,1,328,329,459.3600,333.0000,459.3600,1,1,2026-08-24T00:00:00.000
329,20260528,52980,288,126,116,237,4,2,329,330,460.7300,334.0000,460.7300,1,1,2026-08-24T00:00:00.000
330,20260803,15240,5,11,48,138,6,5,330,331,462.1000,335.0000,462.1000,1,1,2026-08-24T00:00:00.000
331,20260604,59940,163,373,199,315,12,1,331,332,463.4700,336.0000,463.4700,1,1,2026-08-24T00:00:00.000
332,20260802,54960,153,242,285,281,8,3,332,333,464.8400,337.0000,464.8400,1,1,2026-08-24T00:00:00.000
333,20260613,17460,449,36,75,95,6,4,333,334,466.2100,338.0000,466.2100,1,1,2026-08-24T00:00:00.000
334,20260822,26220,35,421,64,215,8,2,334,335,467.5800,339.0000,467.5800,1,1,2026-08-24T00:00:00.000
335,20260724,36420,303,344,64,136,3,6,335,336,468.9500,340.0000,468.9500,1,1,2026-08-24T00:00:00.000
336,20260812,27420,138,360,61,8,11,4,336,337,470.3200,341.0000,470.3200,1,1,2026-08-24T00:00:00.000
337,20260717,81660,147,322,213,244,7,4,337,338,471.6900,342.0000,471.6900,1,1,2026-08-24T00:00:00.000
338,20260630,36120,152,272,225,243,12,6,338,339,473.0600,343.0000,473.0600,1,1,2026-08-24T00:00:00.000
339,20260709,14880,7,375,202,251,3,6,339,340,474.4300,344.0000,474.4300,1,1,2026-08-24T00:00:00.000
340,20260616,13620,392,116,448,45,7,3,340,341,475.8000,345.0000,475.8000,1,1,2026-08-24T00:00:00.000
341,20260815,80940,273,495,465,81,3,1,341,342,477.1700,346.0000,477.1700,1,1,2026-08-24T00:00:00.000
342,20260606,21900,256,350,221,330,6,2,342,343,478.5400,347.0000,478.5400,1,1,2026-08-24T00:00:00.000
343,20260714,76620,385,127,251,96,2,2,343,344,479.9100,348.0000,479.9100,1,1,2026-08-24T00:00:00.000
344,20260602,12900,274,496,450,51,3,1,344,345,481.2800,349.0000,481.2800,1,1,2026-08-24T00:00:00.000
345,20260801,30180,103,374,449,32,9,4,345,346,482.6500,350.0000,482.6500,1,1,2026-08-24T00:00:00.000
346,20260719,72480,365,328,95,44,8,4,346,347,484.0200,351.0000,484.0200,1,1,2026-08-24T00:00:00.000
347,20260628,57420,179,52,34,219,12,3,347,348,485.3900,352.0000,485.3900,1,1,2026-08-24T00:00:00.000
348,20260717,23640,485,82,309,144,7,2,348,349,486.7600,353.0000,486.7600,1,1,2026-08-24T00:00:00.000
349,20260807,82200,324,169,142,246,4,5,349,350,488.1300,354.0000,488.1300,1,1,2026-08-24T00:00:00.000
350,20260710,71220,283,109,263,258,8,6,350,351,489.5000,355.0000,489.5000,1,1,2026-08-24T00:00:00.000
351,20260715,19080,353,481,50,315,3,4,351,352,490.8700,356.0000,490.8700,1,1,2026-08-24T00:00:00.000
352,20260729,30900,390,26,190,333,4,6,352,353,492.2400,357.0000,492.2400,1,1,2026-08-24T00:00:00.000
353,20260709,42540,54,308,57,39,1,1,353,354,493.6100,358.0000,493.6100,1,1,2026-08-24T00:00:00.000
354,20260812,40560,389,193,47,136,2,7,354,355,494.9800,359.0000,494.9800,1,1,2026-08-24T00:00:00.000
355,20260728,10500,62,330,66,323,4,1,355,356,496.3500,360.0000,496.3500,1,1,2026-08-24T00:00:00.000
356,20260701,66780,417,355,278,185,8,1,356,357,497.7200,361.0000,497.7200,1,1,2026-08-24T00:00:00.000
357,20260723,67620,247,128,185,274,9,4,357,358,499.0900,362.0000,499.0900,1,1,2026-08-24T00:00:00.000
358,20260628,43200,282,214,163,152,7,7,358,359,500.4600,363.0000,500.4600,1,1,2026-08-24T00:00:00.000
359,20260601,14100,231,415,197,188,4,6,359,360,501.8300,364.0000,501.8300,1,1,2026-08-24T00:00:00.000
360,20260530,43380,374,243,107,145,5,4,360,361,503.2000,365.0000,503.2000,1,1,2026-08-24T00:00:00.000
361,20260614,38340,296,255,352,67,1,5,361,362,504.5700,366.0000,504.5700,1,1,2026-08-24T00:00:00.000
362,20260601,56580,51,39,286,314,11,2,362,363,505.9400,367.0000,505.9400,1,1,2026-08-24T00:00:00.000
363,20260823,28800,296,258,401,59,1,1,363,364,507.3100,368.0000,507.3100,1,1,2026-08-24T00:00:00.000
364,20260813,6900,404,42,134,45,12,1,364,365,508.6800,369.0000,508.6800,1,1,2026-08-24T00:00:00.000
365,20260628,83820,479,446,62,318,12,7,365,366,510.0500,370.0000,510.0500,1,1,2026-08-24T00:00:00.000
366,20260628,60540,128,478,20,51,7,7,366,367,511.4200,371.0000,511.4200,1,1,2026-08-24T00:00:00.000
367,20260603,83760,121,17,168,247,9,4,367,368,512.7900,372.0000,512.7900,1,1,2026-08-24T00:00:00.000
368,20260625,80160,143,445,157,135,12,3,368,369,514.1600,373.0000,514.1600,1,1,2026-08-24T00:00:00.000
369,20260701,48300,500,435,20,280,5,7,369,370,515.5300,374.0000,515.5300,1,1,2026-08-24T00:00:00.000
370,20260730,81060,88,355,71,257,1,7,370,371,516.9000,375.0000,516.9000,1,1,2026-08-24T00:00:00.000
371,20260716,2460,166,190,114,18,10,4,371,372,518.2700,376.0000,518.2700,1,1,2026-08-24T00:00:00.000
372,20260808,1380,388,211,2,54,8,5,372,373,519.6400,377.0000,519.6400,1,1,2026-08-24T00:00:00.000
373,20260707,18720,90,56,350,348,11,4,373,374,521.0100,378.0000,521.0100,1,1,2026-08-24T00:00:00.000
374,20260611,52020,281,90,271,8,11,2,374,375,522.3800,379.0000,522.3800,1,1,2026-08-24T00:00:00.000
375,20260701,68580,383,71,126,48,7,2,375,376,523.7500,380.0000,523.7500,1,1,2026-08-24T00:00:00.000
376,20260816,26880,409,15,98,211,4,7,376,377,525.1200,381.0000,525.1200,1,1,2026-08-24T00:00:00.000
377,20260807,32940,71,447,91,188,3,1,377,378,526.4900,382.0000,526.4900,1,1,2026-08-24T00:00:00.000
378,20260606,83760,148,393,244,181,8,5,378,379,527.8600,383.0000,527.8600,1,1,2026-08-24T00:00:00.000
379,20260712,79440,129,401,65,24,11,3,379,380,529.2300,384.0000,529.2300,1,1,2026-08-24T00:00:00.000
380,20260630,7140,394,420,270,329,1,2,380,381,530.6000,385.0000,530.6000,1,1,2026-08-24T00:00:00.000
381,20260701,57060,489,288,191,348,11,2,381,382,531.9700,386.0000,531.9700,1,1,2026-08-24T00:00:00.000
382,20260607,25920,416,82,301,147,9,7,382,383,533.3400,387.0000,533.3400,1,1,2026-08-24T00:00:00.000
383,20260603,14340,20,493,105,56,8,1,383,384,534.7100,388.0000,534.7100,1,1,2026-08-24T00:00:00.000
384,20260608,8460,486,136,400,28,11,1,384,385,536.0800,389.0000,536.0800,1,1,2026-08-24T00:00:00.000
385,20260710,55680,115,300,338,144,1,2,385,386,537.4500,390.0000,537.4500,1,1,2026-08-24T00:00:00.000
386,20260613,39900,479,377,472,334,9,2,386,387,538.8200,391.0000,538.8200,1,1,2026-08-24T00:00:00.000
387,20260721,27120,107,301,11,177,1,3,387,388,540.1900,392.0000,540.1900,1,1,2026-08-24T00:00:00.000
388,20260718,33360,260,276,204,97,8,6,388,389,541.5600,393.0000,541.5600,1,1,2026-08-24T00:00:00.000
389,20260627,84480,49,405,223,145,1,3,389,390,542.9300,394.0000,542.9300,1,1,2026-08-24T00:00:00.000
390,20260809,46800,170,449,386,192,4,6,390,391,544.3000,395.0000,544.3000,1,1,2026-08-24T00:00:00.000
391,20260721,28200,45,475,286,242,5,6,391,392,545.6700,396.0000,545.6700,1,1,2026-08-24T00:00:00.000
392,20260601,72000,284,78,275,207,10,6,392,393,547.0400,397.0000,547.0400,1,1,2026-08-24T00:00:00.000
393,20260628,32280,54,470,100,184,4,3,393,394,548.4100,398.0000,548.4100,1,1,2026-08-24T00:00:00.000
394,20260727,29100,416,16,313,344,8,4,394,395,549.7800,399.0000,549.7800,1,1,2026-08-24T00:00:00.000
395,20260622,25140,193,441,175,293,3,1,395,396,551.1500,400.0000,551.1500,1,1,2026-08-24T00:00:00.000
396,20260804,72720,48,323,3,139,2,6,396,397,552.5200,401.0000,552.5200,1,1,2026-08-24T00:00:00.000
397,20260703,60,476,204,234,1,11,3,397,398,553.8900,402.0000,553.8900,1,1,2026-08-24T00:00:00.000
398,20260716,4020,465,499,121,284,4,3,398,399,555.2600,403.0000,555.2600,1,1,2026-08-24T00:00:00.000
399,20260602,20280,114,415,147,76,10,7,399,400,556.6300,404.0000,556.6300,1,1,2026-08-24T00:00:00.000
400,20260818,59700,105,145,99,98,7,6,400,401,558.0000,405.0000,558.0000,1,1,2026-08-24T00:00:00.000
401,20260810,69060,395,80,487,169,2,2,401,402,559.3700,406.0000,559.3700,1,1,2026-08-24T00:00:00.000
402,20260813,50700,140,250,129,288,6,7,402,403,560.7400,407.0000,560.7400,1,1,2026-08-24T00:00:00.000
403,20260531,60000,490,325,449,41,5,1,403,404,562.1100,408.0000,562.1100,1,1,2026-08-24T00:00:00.000
404,20260804,26700,400,155,221,255,11,7,404,405,563.4800,409.0000,563.4800,1,1,2026-08-24T00:00:00.000
405,20260804,420,70,409,187,270,12,2,405,406,564.8500,410.0000,564.8500,1,1,2026-08-24T00:00:00.000
406,20260602,43020,451,18,363,208,5,4,406,407,566.2200,411.0000,566.2200,1,1,2026-08-24T00:00:00.000
407,20260719,23340,217,407,23,176,11,2,407,408,567.5900,412.0000,567.5900,1,1,2026-08-24T00:00:00.000
408,20260726,58800,469,221,312,302,5,3,408,409,568.9600,413.0000,568.9600,1,1,2026-08-24T00:00:00.000
409,20260610,38880,74,114,4,65,11,1,409,410,570.3300,414.0000,570.3300,1,1,2026-08-24T00:00:00.000
410,20260602,48480,431,340,293,36,1,5,410,411,571.7000,415.0000,571.7000,1,1,2026-08-24T00:00:00.000
411,20260530,10260,400,332,259,142,11,6,411,412,573.0700,416.0000,573.0700,1,1,2026-08-24T00:00:00.000
412,20260801,70560,198,374,500,87,7,6,412,413,574.4400,417.0000,574.4400,1,1,2026-08-24T00:00:00.000
413,20260529,81840,375,438,496,177,8,3,413,414,575.8100,418.0000,575.8100,1,1,2026-08-24T00:00:00.000
414,20260726,54660,387,481,357,154,6,3,414,415,577.1800,419.0000,577.1800,1,1,2026-08-24T00:00:00.000
415,20260609,83220,59,253,402,126,3,7,415,416,578.5500,420.0000,578.5500,1,1,2026-08-24T00:00:00.000
416,20260725,43860,326,241,203,54,4,7,416,417,579.9200,421.0000,579.9200,1,1,2026-08-24T00:00:00.000
417,20260812,28680,466,130,152,202,4,1,417,418,581.2900,422.0000,581.2900,1,1,2026-08-24T00:00:00.000
418,20260821,52860,208,221,156,74,2,2,418,419,582.6600,423.0000,582.6600,1,1,2026-08-24T00:00:00.000
419,20260530,61380,104,369,26,257,10,3,419,420,584.0300,424.0000,584.0300,1,1,2026-08-24T00:00:00.000
420,20260617,6120,146,17,125,115,12,3,420,421,585.4000,425.0000,585.4000,1,1,2026-08-24T00:00:00.000
421,20260814,43980,358,303,237,347,2,6,421,422,586.7700,426.0000,586.7700,1,1,2026-08-24T00:00:00.000
422,20260710,61920,222,158,256,182,4,2,422,423,588.1400,427.0000,588.1400,1,1,2026-08-24T00:00:00.000
423,20260805,81720,280,125,164,276,9,7,423,424,589.5100,428.0000,589.5100,1,1,2026-08-24T00:00:00.000
424,20260619,82200,140,217,441,237,2,4,424,425,590.8800,429.0000,590.8800,1,1,2026-08-24T00:00:00.000
425,20260718,39180,332,118,336,121,9,5,425,426,592.2500,430.0000,592.2500,1,1,2026-08-24T00:00:00.000
426,20260615,11880,323,346,106,27,9,4,426,427,593.6200,431.0000,593.6200,1,1,2026-08-24T00:00:00.000
427,20260731,50820,400,171,487,208,7,1,427,428,594.9900,432.0000,594.9900,1,1,2026-08-24T00:00:00.000
428,20260806,63720,291,323,357,303,9,1,428,429,596.3600,433.0000,596.3600,1,1,2026-08-24T00:00:00.000
429,20260709,44160,368,410,9,4,3,6,429,430,597.7300,434.0000,597.7300,1,1,2026-08-24T00:00:00.000
430,20260801,60420,492,233,269,252,12,2,430,431,599.1000,435.0000,599.1000,1,1,2026-08-24T00:00:00.000
431,20260606,82080,20,337,364,262,10,4,431,432,600.4700,436.0000,600.4700,1,1,2026-08-24T00:00:00.000
432,20260701,54540,432,166,365,98,12,3,432,433,601.8400,437.0000,601.8400,1,1,2026-08-24T00:00:00.000
433,20260807,47100,274,303,343,118,8,7,433,434,603.2100,438.0000,603.2100,1,1,2026-08-24T00:00:00.000
434,20260623,42420,237,46,92,21,5,3,434,435,604.5800,439.0000,604.5800,1,1,2026-08-24T00:00:00.000
435,20260729,32700,393,264,36,59,11,1,435,436,605.9500,440.0000,605.9500,1,1,2026-08-24T00:00:00.000
436,20260606,63840,16,200,181,221,4,1,436,437,607.3200,441.0000,607.3200,1,1,2026-08-24T00:00:00.000
437,20260613,46440,380,434,162,31,1,4,437,438,608.6900,442.0000,608.6900,1,1,2026-08-24T00:00:00.000
438,20260727,55020,213,244,87,328,3,5,438,439,610.0600,443.0000,610.0600,1,1,2026-08-24T00:00:00.000
439,20260808,62760,187,385,84,304,3,7,439,440,611.4300,444.0000,611.4300,1,1,2026-08-24T00:00:00.000
440,20260622,44580,51,480,256,235,11,2,440,441,612.8000,445.0000,612.8000,1,1,2026-08-24T00:00:00.000
441,20260717,84360,500,257,292,142,10,7,441,442,614.1700,446.0000,614.1700,1,1,2026-08-24T00:00:00.000
442,20260702,69600,498,66,201,240,8,4,442,443,615.5400,447.0000,615.5400,1,1,2026-08-24T00:00:00.000
443,20260630,17700,90,373,281,18,6,6,443,444,616.9100,448.0000,616.9100,1,1,2026-08-24T00:00:00.000
444,20260626,84360,291,150,385,177,11,7,444,445,618.2800,449.0000,618.2800,1,1,2026-08-24T00:00:00.000
445,20260731,33120,225,344,240,315,11,1,445,446,619.6500,450.0000,619.6500,1,1,2026-08-24T00:00:00.000
446,20260606,1740,79,306,154,92,1,6,446,447,621.0200,451.0000,621.0200,1,1,2026-08-24T00:00:00.000
447,20260804,73800,365,63,171,43,12,3,447,448,622.3900,452.0000,622.3900,1,1,2026-08-24T00:00:00.000
448,20260620,19860,254,256,359,257,10,2,448,449,623.7600,453.0000,623.7600,1,1,2026-08-24T00:00:00.000
449,20260731,69720,194,82,103,67,7,5,449,450,625.1300,454.0000,625.1300,1,1,2026-08-24T00:00:00.000
450,20260629,22740,349,75,485,15,8,2,450,451,626.5000,455.0000,626.5000,1,1,2026-08-24T00:00:00.000
451,20260715,60240,306,131,136,224,8,1,451,452,627.8700,456.0000,627.8700,1,1,2026-08-24T00:00:00.000
452,20260801,53580,323,13,315,99,8,5,452,453,629.2400,457.0000,629.2400,1,1,2026-08-24T00:00:00.000
453,20260822,4080,170,460,174,135,8,5,453,454,630.6100,458.0000,630.6100,1,1,2026-08-24T00:00:00.000
454,20260620,61320,361,422,269,233,5,5,454,455,631.9800,459.0000,631.9800,1,1,2026-08-24T00:00:00.000
455,20260823,64860,280,143,456,200,1,7,455,456,633.3500,460.0000,633.3500,1,1,2026-08-24T00:00:00.000
456,20260614,75780,390,259,300,149,2,1,456,457,634.7200,461.0000,634.7200,1,1,2026-08-24T00:00:00.000
457,20260704,23220,177,1,16,321,5,1,457,458,636.0900,462.0000,636.0900,1,1,2026-08-24T00:00:00.000
458,20260713,51960,453,283,240,74,11,3,458,459,637.4600,463.0000,637.4600,1,1,2026-08-24T00:00:00.000
459,20260820,38940,145,404,9,338,3,3,459,460,638.8300,464.0000,638.8300,1,1,2026-08-24T00:00:00.000
460,20260725,46260,286,113,293,85,4,3,460,461,640.2000,465.0000,640.2000,1,1,2026-08-24T00:00:00.000
461,20260530,50160,144,196,41,89,10,1,461,462,641.5700,466.0000,641.5700,1,1,2026-08-24T00:00:00.000
462,20260712,480,290,388,257,347,1,1,462,463,642.9400,467.0000,642.9400,1,1,2026-08-24T00:00:00.000
463,20260720,70860,479,368,120,79,8,6,463,464,644.3100,468.0000,644.3100,1,1,2026-08-24T00:00:00.000
464,20260715,77760,351,339,175,251,2,2,464,465,645.6800,469.0000,645.6800,1,1,2026-08-24T00:00:00.000
465,20260610,42480,55,88,273,5,5,5,465,466,647.0500,470.0000,647.0500,1,1,2026-08-24T00:00:00.000
466,20260716,5640,364,58,335,136,10,5,466,467,648.4200,471.0000,648.4200,1,1,2026-08-24T00:00:00.000
467,20260718,40020,390,64,150,179,5,5,467,468,649.7900,472.0000,649.7900,1,1,2026-08-24T00:00:00.000
468,20260801,26040,223,157,320,52,9,4,468,469,651.1600,473.0000,651.1600,1,1,2026-08-24T00:00:00.000
469,20260705,24420,397,274,271,190,8,4,469,470,652.5300,474.0000,652.5300,1,1,2026-08-24T00:00:00.000
470,20260628,19980,258,386,494,23,3,3,470,471,653.9000,475.0000,653.9000,1,1,2026-08-24T00:00:00.000
471,20260618,8640,25,207,217,219,11,7,471,472,655.2700,476.0000,655.2700,1,1,2026-08-24T00:00:00.000
472,20260605,9840,335,28,437,40,1,4,472,473,656.6400,477.0000,656.6400,1,1,2026-08-24T00:00:00.000
473,20260823,61020,98,312,357,91,11,5,473,474,658.0100,478.0000,658.0100,1,1,2026-08-24T00:00:00.000
474,20260731,67140,432,88,452,338,2,7,474,475,659.3800,479.0000,659.3800,1,1,2026-08-24T00:00:00.000
475,20260703,57480,8,122,483,93,12,1,475,476,660.7500,480.0000,660.7500,1,1,2026-08-24T00:00:00.000
476,20260527,73740,242,13,386,338,12,6,476,477,662.1200,481.0000,662.1200,1,1,2026-08-24T00:00:00.000
477,20260730,31200,356,191,80,176,8,3,477,478,663.4900,482.0000,663.4900,1,1,2026-08-24T00:00:00.000
478,20260707,77940,429,56,222,197,2,2,478,479,664.8600,483.0000,664.8600,1,1,2026-08-24T00:00:00.000
479,20260805,11280,264,42,316,245,4,6,479,480,666.2300,484.0000,666.2300,1,1,2026-08-24T00:00:00.000
480,20260824,84540,165,201,195,250,9,2,480,481,667.6000,485.0000,667.6000,1,1,2026-08-24T00:00:00.000
481,20260712,70680,112,58,475,21,1,7,481,482,668.9700,486.0000,668.9700,1,1,2026-08-24T00:00:00.000
482,20260615,19560,486,307,314,164,12,6,482,483,670.3400,487.0000,670.3400,1,1,2026-08-24T00:00:00.000
483,20260707,540,154,232,172,134,5,2,483,484,671.7100,488.0000,671.7100,1,1,2026-08-24T00:00:00.000
484,20260715,73140,211,291,95,249,8,4,484,485,673.0800,489.0000,673.0800,1,1,2026-08-24T00:00:00.000
485,20260726,68940,339,389,180,201,1,5,485,486,674.4500,490.0000,674.4500,1,1,2026-08-24T00:00:00.000
486,20260823,52920,8,160,340,208,6,7,486,487,675.8200,491.0000,675.8200,1,1,2026-08-24T00:00:00.000
487,20260527,77640,331,57,347,72,9,5,487,488,677.1900,492.0000,677.1900,1,1,2026-08-24T00:00:00.000
488,20260807,33300,339,40,220,217,10,3,488,489,678.5600,493.0000,678.5600,1,1,2026-08-24T00:00:00.000
489,20260815,68460,181,282,235,271,9,3,489,490,679.9300,494.0000,679.9300,1,1,2026-08-24T00:00:00.000
490,20260630,16320,129,274,119,277,5,2,490,491,681.3000,495.0000,681.3000,1,1,2026-08-24T00:00:00.000
491,20260618,45840,133,426,454,348,6,3,491,492,682.6700,496.0000,682.6700,1,1,2026-08-24T00:00:00.000
492,20260716,35700,217,79,285,295,8,3,492,493,684.0400,497.0000,684.0400,1,1,2026-08-24T00:00:00.000
493,20260703,43320,405,280,33,186,9,7,493,494,685.4100,498.0000,685.4100,1,1,2026-08-24T00:00:00.000
494,20260816,32280,185,193,408,39,4,1,494,495,686.7800,499.0000,686.7800,1,1,2026-08-24T00:00:00.000
495,20260806,1140,99,209,295,341,5,7,495,496,688.1500,500.0000,688.1500,1,1,2026-08-24T00:00:00.000
496,20260823,57360,479,363,21,173,6,5,496,497,689.5200,501.0000,689.5200,1,1,2026-08-24T00:00:00.000
497,20260802,74040,443,104,477,177,2,7,497,498,690.8900,502.0000,690.8900,1,1,2026-08-24T00:00:00.000
498,20260823,51420,141,379,330,152,7,5,498,499,692.2600,503.0000,692.2600,1,1,2026-08-24T00:00:00.000
499,20260808,67680,46,465,350,192,12,6,499,500,693.6300,504.0000,693.6300,1,1,2026-08-24T00:00:00.000
500,20260612,48600,127,293,216,23,8,6,500,501,695.0000,505.0000,695.0000,1,1,2026-08-24T00:00:00.000
501,20260804,59040,280,120,470,269,5,1,501,502,696.3700,506.0000,696.3700,1,1,2026-08-24T00:00:00.000
502,20260813,78480,356,190,33,197,12,1,502,503,697.7400,507.0000,697.7400,1,1,2026-08-24T00:00:00.000
503,20260626,71460,383,387,391,59,7,1,503,504,699.1100,508.0000,699.1100,1,1,2026-08-24T00:00:00.000
504,20260602,7980,44,81,119,308,2,3,504,505,700.4800,509.0000,700.4800,1,1,2026-08-24T00:00:00.000
505,20260608,36600,58,495,86,12,1,2,505,506,701.8500,510.0000,701.8500,1,1,2026-08-24T00:00:00.000
506,20260618,50640,333,390,20,228,12,2,506,507,703.2200,511.0000,703.2200,1,1,2026-08-24T00:00:00.000
507,20260713,14160,67,440,486,92,8,6,507,508,704.5900,512.0000,704.5900,1,1,2026-08-24T00:00:00.000
508,20260727,61080,405,28,478,125,2,1,508,509,705.9600,513.0000,705.9600,1,1,2026-08-24T00:00:00.000
509,20260716,51420,275,51,263,21,1,3,509,510,707.3300,514.0000,707.3300,1,1,2026-08-24T00:00:00.000
510,20260611,68040,346,246,114,340,9,6,510,511,708.7000,515.0000,708.7000,1,1,2026-08-24T00:00:00.000
511,20260601,68580,432,221,468,72,4,7,511,512,710.0700,516.0000,710.0700,1,1,2026-08-24T00:00:00.000
512,20260629,35340,246,11,256,23,2,2,512,513,711.4400,517.0000,711.4400,1,1,2026-08-24T00:00:00.000
513,20260730,48900,191,405,400,90,1,7,513,514,712.8100,518.0000,712.8100,1,1,2026-08-24T00:00:00.000
514,20260716,81780,407,377,362,62,1,4,514,515,714.1800,519.0000,714.1800,1,1,2026-08-24T00:00:00.000
515,20260804,73620,425,36,270,189,8,5,515,516,715.5500,520.0000,715.5500,1,1,2026-08-24T00:00:00.000
516,20260617,53700,35,255,123,184,11,5,516,517,716.9200,521.0000,716.9200,1,1,2026-08-24T00:00:00.000
517,20260818,29640,282,141,295,94,6,2,517,518,718.2900,522.0000,718.2900,1,1,2026-08-24T00:00:00.000
518,20260801,72060,92,58,206,286,8,1,518,519,719.6600,523.0000,719.6600,1,1,2026-08-24T00:00:00.000
519,20260713,74880,214,457,191,49,8,4,519,520,721.0300,524.0000,721.0300,1,1,2026-08-24T00:00:00.000
520,20260527,85020,27,47,336,267,7,3,520,521,722.4000,525.0000,722.4000,1,1,2026-08-24T00:00:00.000
521,20260704,45120,262,143,147,324,11,5,521,522,723.7700,526.0000,723.7700,1,1,2026-08-24T00:00:00.000
522,20260821,41940,298,229,11,249,3,2,522,523,725.1400,527.0000,725.1400,1,1,2026-08-24T00:00:00.000
523,20260820,85920,170,55,99,103,11,1,523,524,726.5100,528.0000,726.5100,1,1,2026-08-24T00:00:00.000
524,20260813,10980,364,275,176,280,12,3,524,525,727.8800,529.0000,727.8800,1,1,2026-08-24T00:00:00.000
525,20260704,720,169,422,327,265,11,2,525,526,729.2500,530.0000,729.2500,1,1,2026-08-24T00:00:00.000
526,20260823,63060,209,265,275,295,6,7,526,527,730.6200,531.0000,730.6200,1,1,2026-08-24T00:00:00.000
527,20260711,74040,364,436,127,33,10,2,527,528,731.9900,532.0000,731.9900,1,1,2026-08-24T00:00:00.000
528,20260628,84300,297,16,350,332,12,7,528,529,733.3600,533.0000,733.3600,1,1,2026-08-24T00:00:00.000
529,20260813,11400,381,384,398,69,6,4,529,530,734.7300,534.0000,734.7300,1,1,2026-08-24T00:00:00.000
530,20260822,51000,405,119,35,249,5,4,530,531,736.1000,535.0000,736.1000,1,1,2026-08-24T00:00:00.000
531,20260616,44160,409,165,411,347,7,3,531,532,737.4700,536.0000,737.4700,1,1,2026-08-24T00:00:00.000
532,20260721,84660,14,193,480,166,7,2,532,533,738.8400,537.0000,738.8400,1,1,2026-08-24T00:00:00.000
533,20260704,18300,186,239,421,263,5,7,533,534,740.2100,538.0000,740.2100,1,1,2026-08-24T00:00:00.000
534,20260721,51180,429,175,365,95,10,1,534,535,741.5800,539.0000,741.5800,1,1,2026-08-24T00:00:00.000
535,20260812,32760,394,417,314,336,11,4,535,536,742.9500,540.0000,742.9500,1,1,2026-08-24T00:00:00.000
536,20260822,72360,278,20,463,71,2,4,536,537,744.3200,541.0000,744.3200,1,1,2026-08-24T00:00:00.000
537,20260722,75240,363,221,352,60,9,4,537,538,745.6900,542.0000,745.6900,1,1,2026-08-24T00:00:00.000
538,20260729,32400,65,75,104,176,8,3,538,539,747.0600,543.0000,747.0600,1,1,2026-08-24T00:00:00.000
539,20260824,2040,40,124,344,35,5,3,539,540,748.4300,544.0000,748.4300,1,1,2026-08-24T00:00:00.000
540,20260804,54240,276,444,251,249,10,7,540,541,749.8000,545.0000,749.8000,1,1,2026-08-24T00:00:00.000
541,20260721,56220,324,118,482,223,8,2,541,542,751.1700,546.0000,751.1700,1,1,2026-08-24T00:00:00.000
542,20260815,45840,100,220,289,218,1,6,542,543,752.5400,547.0000,752.5400,1,1,2026-08-24T00:00:00.000
543,20260630,56220,84,352,185,321,3,7,543,544,753.9100,548.0000,753.9100,1,1,2026-08-24T00:00:00.000
544,20260704,62040,331,409,54,92,7,3,544,545,755.2800,549.0000,755.2800,1,1,2026-08-24T00:00:00.000
545,20260624,50640,466,57,289,170,2,6,545,546,756.6500,550.0000,756.6500,1,1,2026-08-24T00:00:00.000
546,20260818,37800,420,265,114,217,6,5,546,547,758.0200,551.0000,758.0200,1,1,2026-08-24T00:00:00.000
547,20260528,5520,398,469,223,33,11,3,547,548,759.3900,552.0000,759.3900,1,1,2026-08-24T00:00:00.000
548,20260618,13560,360,498,285,118,11,3,548,549,760.7600,553.0000,760.7600,1,1,2026-08-24T00:00:00.000
549,20260819,22980,177,490,470,193,8,4,549,550,762.1300,554.0000,762.1300,1,1,2026-08-24T00:00:00.000
550,20260531,51420,76,250,361,155,4,2,550,551,763.5000,555.0000,763.5000,1,1,2026-08-24T00:00:00.000
551,20260715,32520,266,408,35,261,8,1,551,552,764.8700,556.0000,764.8700,1,1,2026-08-24T00:00:00.000
552,20260706,45420,188,70,196,191,11,5,552,553,766.2400,557.0000,766.2400,1,1,2026-08-24T00:00:00.000
553,20260613,42240,453,59,185,21,4,4,553,554,767.6100,558.0000,767.6100,1,1,2026-08-24T00:00:00.000
554,20260711,47520,214,147,286,66,10,3,554,555,768.9800,559.0000,768.9800,1,1,2026-08-24T00:00:00.000
555,20260812,45000,413,240,236,163,5,2,555,556,770.3500,560.0000,770.3500,1,1,2026-08-24T00:00:00.000
556,20260702,77760,2,317,375,254,3,4,556,557,771.7200,561.0000,771.7200,1,1,2026-08-24T00:00:00.000
557,20260701,70620,236,441,173,129,1,7,557,558,773.0900,562.0000,773.0900,1,1,2026-08-24T00:00:00.000
558,20260617,68640,119,354,146,75,7,5,558,559,774.4600,563.0000,774.4600,1,1,2026-08-24T00:00:00.000
559,20260720,20880,118,36,46,106,3,7,559,560,775.8300,564.0000,775.8300,1,1,2026-08-24T00:00:00.000
560,20260605,63120,40,38,393,314,7,6,560,561,777.2000,565.0000,777.2000,1,1,2026-08-24T00:00:00.000
561,20260730,9000,322,271,1,227,3,7,561,562,778.5700,566.0000,778.5700,1,1,2026-08-24T00:00:00.000
562,20260604,60900,164,262,234,116,11,5,562,563,779.9400,567.0000,779.9400,1,1,2026-08-24T00:00:00.000
563,20260816,25980,340,180,408,228,12,6,563,564,781.3100,568.0000,781.3100,1,1,2026-08-24T00:00:00.000
564,20260702,20340,52,43,407,71,7,7,564,565,782.6800,569.0000,782.6800,1,1,2026-08-24T00:00:00.000
565,20260806,51900,376,362,106,66,11,3,565,566,784.0500,570.0000,784.0500,1,1,2026-08-24T00:00:00.000
566,20260528,43980,257,261,310,277,8,4,566,567,785.4200,571.0000,785.4200,1,1,2026-08-24T00:00:00.000
567,20260708,24960,418,435,413,271,3,1,567,568,786.7900,572.0000,786.7900,1,1,2026-08-24T00:00:00.000
568,20260812,6780,304,129,421,302,4,5,568,569,788.1600,573.0000,788.1600,1,1,2026-08-24T00:00:00.000
569,20260712,24360,61,164,454,118,1,4,569,570,789.5300,574.0000,789.5300,1,1,2026-08-24T00:00:00.000
570,20260719,55920,309,300,418,156,11,6,570,571,790.9000,575.0000,790.9000,1,1,2026-08-24T00:00:00.000
571,20260528,28860,361,243,183,195,11,4,571,572,792.2700,576.0000,792.2700,1,1,2026-08-24T00:00:00.000
572,20260725,24660,219,464,136,173,5,4,572,573,793.6400,577.0000,793.6400,1,1,2026-08-24T00:00:00.000
573,20260610,23340,148,375,426,329,1,2,573,574,795.0100,578.0000,795.0100,1,1,2026-08-24T00:00:00.000
574,20260612,76260,470,177,248,113,7,3,574,575,796.3800,579.0000,796.3800,1,1,2026-08-24T00:00:00.000
575,20260713,30480,135,466,272,187,5,7,575,576,797.7500,580.0000,797.7500,1,1,2026-08-24T00:00:00.000
576,20260621,75900,115,73,105,173,12,6,576,577,799.1200,581.0000,799.1200,1,1,2026-08-24T00:00:00.000
577,20260624,13740,125,180,189,76,12,5,577,578,800.4900,582.0000,800.4900,1,1,2026-08-24T00:00:00.000
578,20260628,71700,16,341,474,252,10,1,578,579,801.8600,583.0000,801.8600,1,1,2026-08-24T00:00:00.000
579,20260629,64260,344,78,184,7,11,4,579,580,803.2300,584.0000,803.2300,1,1,2026-08-24T00:00:00.000
580,20260802,62160,238,255,469,119,1,4,580,581,804.6000,585.0000,804.6000,1,1,2026-08-24T00:00:00.000
581,20260626,11760,455,95,113,204,11,3,581,582,805.9700,586.0000,805.9700,1,1,2026-08-24T00:00:00.000
582,20260729,31560,478,253,204,219,10,7,582,583,807.3400,587.0000,807.3400,1,1,2026-08-24T00:00:00.000
583,20260811,45480,396,356,380,329,11,7,583,584,808.7100,588.0000,808.7100,1,1,2026-08-24T00:00:00.000
584,20260707,32400,250,171,288,71,11,5,584,585,810.0800,589.0000,810.0800,1,1,2026-08-24T00:00:00.000
585,20260621,47340,294,331,54,265,3,5,585,586,811.4500,590.0000,811.4500,1,1,2026-08-24T00:00:00.000
586,20260728,40800,158,391,453,295,12,6,586,587,812.8200,591.0000,812.8200,1,1,2026-08-24T00:00:00.000
587,20260620,51360,121,186,24,228,2,1,587,588,814.1900,592.0000,814.1900,1,1,2026-08-24T00:00:00.000
588,20260721,28800,64,142,268,191,5,5,588,589,815.5600,593.0000,815.5600,1,1,2026-08-24T00:00:00.000
589,20260720,29340,414,219,192,10,2,6,589,590,816.9300,594.0000,816.9300,1,1,2026-08-24T00:00:00.000
590,20260722,23580,483,202,310,174,4,3,590,591,818.3000,595.0000,818.3000,1,1,2026-08-24T00:00:00.000
591,20260607,2640,304,192,275,40,12,2,591,592,819.6700,596.0000,819.6700,1,1,2026-08-24T00:00:00.000
592,20260722,15780,110,28,256,303,3,2,592,593,821.0400,597.0000,821.0400,1,1,2026-08-24T00:00:00.000
593,20260725,57540,237,13,70,228,7,2,593,594,822.4100,598.0000,822.4100,1,1,2026-08-24T00:00:00.000
594,20260704,48180,349,318,259,28,10,7,594,595,823.7800,599.0000,823.7800,1,1,2026-08-24T00:00:00.000
595,20260528,50580,138,72,339,234,10,6,595,596,825.1500,600.0000,825.1500,1,1,2026-08-24T00:00:00.000
596,20260604,63420,355,460,455,349,8,7,596,597,826.5200,601.0000,826.5200,1,1,2026-08-24T00:00:00.000
597,20260821,71400,469,178,37,269,6,6,597,598,827.8900,602.0000,827.8900,1,1,2026-08-24T00:00:00.000
598,20260808,58860,216,472,219,141,4,2,598,599,829.2600,603.0000,829.2600,1,1,2026-08-24T00:00:00.000
599,20260624,54960,308,287,157,172,8,3,599,600,830.6300,604.0000,830.6300,1,1,2026-08-24T00:00:00.000
600,20260722,66480,256,137,92,171,8,6,600,601,832.0000,5.0000,832.0000,1,1,2026-08-24T00:00:00.000
601,20260627,59040,88,137,415,320,6,7,601,602,833.3700,6.0000,833.3700,1,1,2026-08-24T00:00:00.000
602,20260624,65460,318,356,220,153,6,1,602,603,834.7400,7.0000,834.7400,1,1,2026-08-24T00:00:00.000
603,20260803,25380,202,336,53,280,5,1,603,604,836.1100,8.0000,836.1100,1,1,2026-08-24T00:00:00.000
604,20260610,10320,299,346,470,136,9,4,604,605,837.4800,9.0000,837.4800,1,1,2026-08-24T00:00:00.000
605,20260602,37260,334,483,221,222,12,5,605,606,838.8500,10.0000,838.8500,1,1,2026-08-24T00:00:00.000
606,20260718,8220,473,466,285,343,8,2,606,607,840.2200,11.0000,840.2200,1,1,2026-08-24T00:00:00.000
607,20260803,5880,267,130,181,167,3,5,607,608,841.5900,12.0000,841.5900,1,1,2026-08-24T00:00:00.000
608,20260720,34800,210,473,171,61,7,4,608,609,842.9600,13.0000,842.9600,1,1,2026-08-24T00:00:00.000
609,20260620,16680,53,277,459,105,2,1,609,610,844.3300,14.0000,844.3300,1,1,2026-08-24T00:00:00.000
610,20260811,25080,216,50,223,83,1,4,610,611,845.7000,15.0000,845.7000,1,1,2026-08-24T00:00:00.000
611,20260718,44580,253,304,306,37,4,3,611,612,847.0700,16.0000,847.0700,1,1,2026-08-24T00:00:00.000
612,20260710,33480,192,339,247,155,8,7,612,613,848.4400,17.0000,848.4400,1,1,2026-08-24T00:00:00.000
613,20260702,73860,49,86,449,216,8,5,613,614,849.8100,18.0000,849.8100,1,1,2026-08-24T00:00:00.000
614,20260702,16740,475,302,236,247,2,2,614,615,851.1800,19.0000,851.1800,1,1,2026-08-24T00:00:00.000
615,20260822,76200,347,376,276,213,1,6,615,616,852.5500,20.0000,852.5500,1,1,2026-08-24T00:00:00.000
616,20260808,29220,314,424,453,27,6,4,616,617,853.9200,21.0000,853.9200,1,1,2026-08-24T00:00:00.000
617,20260731,80820,259,212,207,185,6,4,617,618,855.2900,22.0000,855.2900,1,1,2026-08-24T00:00:00.000
618,20260606,10740,85,94,425,62,2,3,618,619,856.6600,23.0000,856.6600,1,1,2026-08-24T00:00:00.000
619,20260801,83520,277,483,294,222,8,1,619,620,858.0300,24.0000,858.0300,1,1,2026-08-24T00:00:00.000
620,20260624,34800,372,286,10,159,9,7,620,621,859.4000,25.0000,859.4000,1,1,2026-08-24T00:00:00.000
621,20260708,17100,173,281,185,227,6,2,621,622,860.7700,26.0000,860.7700,1,1,2026-08-24T00:00:00.000
622,20260610,5640,71,270,420,242,6,2,622,623,862.1400,27.0000,862.1400,1,1,2026-08-24T00:00:00.000
623,20260821,35580,277,305,176,114,11,2,623,624,863.5100,28.0000,863.5100,1,1,2026-08-24T00:00:00.000
624,20260812,20880,337,181,391,326,9,1,624,625,864.8800,29.0000,864.8800,1,1,2026-08-24T00:00:00.000
625,20260621,26700,70,245,286,93,9,2,625,626,866.2500,30.0000,866.2500,1,1,2026-08-24T00:00:00.000
626,20260730,79440,110,459,264,113,5,6,626,627,867.6200,31.0000,867.6200,1,1,2026-08-24T00:00:00.000
627,20260812,43440,109,352,367,2,6,6,627,628,868.9900,32.0000,868.9900,1,1,2026-08-24T00:00:00.000
628,20260725,58440,97,279,26,270,6,4,628,629,870.3600,33.0000,870.3600,1,1,2026-08-24T00:00:00.000
629,20260807,39720,216,497,289,162,7,3,629,630,871.7300,34.0000,871.7300,1,1,2026-08-24T00:00:00.000
630,20260710,29880,251,25,371,132,9,3,630,631,873.1000,35.0000,873.1000,1,1,2026-08-24T00:00:00.000
631,20260709,26940,81,231,30,71,7,1,631,632,874.4700,36.0000,874.4700,1,1,2026-08-24T00:00:00.000
632,20260623,24300,311,416,284,174,10,1,632,633,875.8400,37.0000,875.8400,1,1,2026-08-24T00:00:00.000
633,20260613,47160,386,171,19,49,7,3,633,634,877.2100,38.0000,877.2100,1,1,2026-08-24T00:00:00.000
634,20260612,12960,217,162,483,288,9,2,634,635,878.5800,39.0000,878.5800,1,1,2026-08-24T00:00:00.000
635,20260817,960,90,66,418,287,3,6,635,636,879.9500,40.0000,879.9500,1,1,2026-08-24T00:00:00.000
636,20260603,3180,449,69,223,203,7,3,636,637,881.3200,41.0000,881.3200,1,1,2026-08-24T00:00:00.000
637,20260805,17400,315,26,436,147,6,6,637,638,882.6900,42.0000,882.6900,1,1,2026-08-24T00:00:00.000
638,20260814,31260,468,486,217,278,10,7,638,639,884.0600,43.0000,884.0600,1,1,2026-08-24T00:00:00.000
639,20260801,53040,164,479,126,186,6,3,639,640,885.4300,44.0000,885.4300,1,1,2026-08-24T00:00:00.000
640,20260622,23400,403,492,105,242,7,5,640,641,886.8000,45.0000,886.8000,1,1,2026-08-24T00:00:00.000
641,20260530,84180,90,267,4,257,9,3,641,642,888.1700,46.0000,888.1700,1,1,2026-08-24T00:00:00.000
642,20260729,36240,60,283,367,213,4,3,642,643,889.5400,47.0000,889.5400,1,1,2026-08-24T00:00:00.000
643,20260824,33480,92,156,110,327,1,1,643,644,890.9100,48.0000,890.9100,1,1,2026-08-24T00:00:00.000
644,20260609,14160,448,269,382,329,2,6,644,645,892.2800,49.0000,892.2800,1,1,2026-08-24T00:00:00.000
645,20260630,2640,490,482,415,273,8,5,645,646,893.6500,50.0000,893.6500,1,1,2026-08-24T00:00:00.000
646,20260818,20100,133,218,271,70,7,7,646,647,895.0200,51.0000,895.0200,1,1,2026-08-24T00:00:00.000
647,20260822,46260,348,339,247,60,7,2,647,648,896.3900,52.0000,896.3900,1,1,2026-08-24T00:00:00.000
648,20260614,47640,59,313,394,235,9,5,648,649,897.7600,53.0000,897.7600,1,1,2026-08-24T00:00:00.000
649,20260706,49440,474,305,130,336,10,5,649,650,899.1300,54.0000,899.1300,1,1,2026-08-24T00:00:00.000
650,20260812,61260,148,477,186,3,12,7,650,651,900.5000,55.0000,900.5000,1,1,2026-08-24T00:00:00.000
651,20260617,16740,31,35,52,281,9,5,651,652,901.8700,56.0000,901.8700,1,1,2026-08-24T00:00:00.000
652,20260604,42120,51,493,465,338,1,5,652,653,903.2400,57.0000,903.2400,1,1,2026-08-24T00:00:00.000
653,20260531,60060,53,81,274,280,2,7,653,654,904.6100,58.0000,904.6100,1,1,2026-08-24T00:00:00.000
654,20260601,65340,194,185,195,232,3,4,654,655,905.9800,59.0000,905.9800,1,1,2026-08-24T00:00:00.000
655,20260531,85200,162,242,148,231,12,5,655,656,907.3500,60.0000,907.3500,1,1,2026-08-24T00:00:00.000
656,20260804,85860,198,428,189,121,12,3,656,657,908.7200,61.0000,908.7200,1,1,2026-08-24T00:00:00.000
657,20260821,46740,301,48,492,212,2,6,657,658,910.0900,62.0000,910.0900,1,1,2026-08-24T00:00:00.000
658,20260528,54480,286,284,203,107,10,4,658,659,911.4600,63.0000,911.4600,1,1,2026-08-24T00:00:00.000
659,20260613,22740,19,238,416,301,2,3,659,660,912.8300,64.0000,912.8300,1,1,2026-08-24T00:00:00.000
660,20260803,62820,182,63,401,330,11,7,660,661,914.2000,65.0000,914.2000,1,1,2026-08-24T00:00:00.000
661,20260701,52440,109,446,315,203,11,3,661,662,915.5700,66.0000,915.5700,1,1,2026-08-24T00:00:00.000
662,20260628,78120,358,7,449,147,5,2,662,663,916.9400,67.0000,916.9400,1,1,2026-08-24T00:00:00.000
663,20260810,22800,122,191,102,135,10,2,663,664,918.3100,68.0000,918.3100,1,1,2026-08-24T00:00:00.000
664,20260821,11400,195,449,261,108,10,3,664,665,919.6800,69.0000,919.6800,1,1,2026-08-24T00:00:00.000
665,20260606,15360,239,134,90,121,5,2,665,666,921.0500,70.0000,921.0500,1,1,2026-08-24T00:00:00.000
666,20260805,3720,374,155,290,201,7,2,666,667,922.4200,71.0000,922.4200,1,1,2026-08-24T00:00:00.000
667,20260625,15780,284,247,375,221,8,2,667,668,923.7900,72.0000,923.7900,1,1,2026-08-24T00:00:00.000
668,20260725,12300,267,42,109,10,9,1,668,669,925.1600,73.0000,925.1600,1,1,2026-08-24T00:00:00.000
669,20260709,50760,311,211,416,348,11,6,669,670,926.5300,74.0000,926.5300,1,1,2026-08-24T00:00:00.000
670,20260626,84420,165,282,116,247,3,3,670,671,927.9000,75.0000,927.9000,1,1,2026-08-24T00:00:00.000
671,20260824,36360,160,303,187,286,10,5,671,672,929.2700,76.0000,929.2700,1,1,2026-08-24T00:00:00.000
672,20260727,32280,248,57,88,286,12,5,672,673,930.6400,77.0000,930.6400,1,1,2026-08-24T00:00:00.000
673,20260726,60420,81,281,426,327,11,6,673,674,932.0100,78.0000,932.0100,1,1,2026-08-24T00:00:00.000
674,20260720,85260,320,201,255,235,3,3,674,675,933.3800,79.0000,933.3800,1,1,2026-08-24T00:00:00.000
675,20260721,85080,500,496,54,349,2,6,675,676,934.7500,80.0000,934.7500,1,1,2026-08-24T00:00:00.000
676,20260712,19620,48,321,354,233,7,4,676,677,936.1200,81.0000,936.1200,1,1,2026-08-24T00:00:00.000
677,20260609,55320,46,381,384,44,9,3,677,678,937.4900,82.0000,937.4900,1,1,2026-08-24T00:00:00.000
678,20260712,68880,317,168,472,74,8,7,678,679,938.8600,83.0000,938.8600,1,1,2026-08-24T00:00:00.000
679,20260714,54060,310,483,473,315,11,2,679,680,940.2300,84.0000,940.2300,1,1,2026-08-24T00:00:00.000
680,20260703,82440,26,180,294,346,4,6,680,681,941.6000,85.0000,941.6000,1,1,2026-08-24T00:00:00.000
681,20260707,25380,389,108,358,209,8,1,681,682,942.9700,86.0000,942.9700,1,1,2026-08-24T00:00:00.000
682,20260614,78780,407,307,433,313,6,2,682,683,944.3400,87.0000,944.3400,1,1,2026-08-24T00:00:00.000
683,20260623,32760,45,393,216,194,1,4,683,684,945.7100,88.0000,945.7100,1,1,2026-08-24T00:00:00.000
684,20260730,9180,378,106,134,104,4,1,684,685,947.0800,89.0000,947.0800,1,1,2026-08-24T00:00:00.000
685,20260812,45660,482,50,444,273,2,7,685,686,948.4500,90.0000,948.4500,1,1,2026-08-24T00:00:00.000
686,20260607,34620,101,460,251,5,10,5,686,687,949.8200,91.0000,949.8200,1,1,2026-08-24T00:00:00.000
687,20260615,8940,168,403,34,267,8,1,687,688,951.1900,92.0000,951.1900,1,1,2026-08-24T00:00:00.000
688,20260625,13080,222,218,470,301,9,4,688,689,952.5600,93.0000,952.5600,1,1,2026-08-24T00:00:00.000
689,20260822,12600,161,205,237,110,11,3,689,690,953.9300,94.0000,953.9300,1,1,2026-08-24T00:00:00.000
690,20260721,70680,227,119,95,256,6,3,690,691,955.3000,95.0000,955.3000,1,1,2026-08-24T00:00:00.000
691,20260618,72060,146,166,73,247,11,2,691,692,956.6700,96.0000,956.6700,1,1,2026-08-24T00:00:00.000
692,20260703,57060,74,348,93,74,8,1,692,693,958.0400,97.0000,958.0400,1,1,2026-08-24T00:00:00.000
693,20260630,74760,81,406,323,66,1,6,693,694,959.4100,98.0000,959.4100,1,1,2026-08-24T00:00:00.000
694,20260818,44160,363,192,7,161,4,6,694,695,960.7800,99.0000,960.7800,1,1,2026-08-24T00:00:00.000
695,20260811,12120,356,356,112,114,2,5,695,696,962.1500,100.0000,962.1500,1,1,2026-08-24T00:00:00.000
696,20260527,84900,414,72,131,321,3,6,696,697,963.5200,101.0000,963.5200,1,1,2026-08-24T00:00:00.000
697,20260606,58020,20,369,349,121,12,6,697,698,964.8900,102.0000,964.8900,1,1,2026-08-24T00:00:00.000
698,20260621,52260,267,276,286,172,7,2,698,699,966.2600,103.0000,966.2600,1,1,2026-08-24T00:00:00.000
699,20260707,57900,496,109,141,327,12,3,699,700,967.6300,104.0000,967.6300,1,1,2026-08-24T00:00:00.000
700,20260714,19740,247,436,225,319,7,6,700,701,969.0000,105.0000,969.0000,1,1,2026-08-24T00:00:00.000
701,20260606,82140,110,151,7,120,2,2,701,702,970.3700,106.0000,970.3700,1,1,2026-08-24T00:00:00.000
702,20260811,5100,327,176,198,178,10,4,702,703,971.7400,107.0000,971.7400,1,1,2026-08-24T00:00:00.000
703,20260618,45360,162,34,296,217,8,5,703,704,973.1100,108.0000,973.1100,1,1,2026-08-24T00:00:00.000
704,20260602,31560,356,216,217,219,7,2,704,705,974.4800,109.0000,974.4800,1,1,2026-08-24T00:00:00.000
705,20260618,81780,204,350,93,105,5,3,705,706,975.8500,110.0000,975.8500,1,1,2026-08-24T00:00:00.000
706,20260707,33360,247,255,382,99,8,6,706,707,977.2200,111.0000,977.2200,1,1,2026-08-24T00:00:00.000
707,20260623,16920,489,301,21,190,4,7,707,708,978.5900,112.0000,978.5900,1,1,2026-08-24T00:00:00.000
708,20260529,15360,255,320,114,118,9,3,708,709,979.9600,113.0000,979.9600,1,1,2026-08-24T00:00:00.000
709,20260802,1200,78,455,296,137,9,7,709,710,981.3300,114.0000,981.3300,1,1,2026-08-24T00:00:00.000
710,20260601,78720,290,433,137,72,10,7,710,711,982.7000,115.0000,982.7000,1,1,2026-08-24T00:00:00.000
711,20260601,73260,154,480,120,89,5,2,711,712,984.0700,116.0000,984.0700,1,1,2026-08-24T00:00:00.000
712,20260713,57900,90,238,286,59,4,1,712,713,985.4400,117.0000,985.4400,1,1,2026-08-24T00:00:00.000
713,20260802,42900,67,254,169,273,6,6,713,714,986.8100,118.0000,986.8100,1,1,2026-08-24T00:00:00.000
714,20260706,79020,315,408,47,126,8,1,714,715,988.1800,119.0000,988.1800,1,1,2026-08-24T00:00:00.000
715,20260608,39240,74,380,144,90,3,7,715,716,989.5500,120.0000,989.5500,1,1,2026-08-24T00:00:00.000
716,20260613,63240,31,291,338,70,12,3,716,717,990.9200,121.0000,990.9200,1,1,2026-08-24T00:00:00.000
717,20260804,81000,293,91,62,209,12,7,717,718,992.2900,122.0000,992.2900,1,1,2026-08-24T00:00:00.000
718,20260528,47340,304,89,214,71,11,3,718,719,993.6600,123.0000,993.6600,1,1,2026-08-24T00:00:00.000
719,20260713,4200,102,315,158,10,8,6,719,720,995.0300,124.0000,995.0300,1,1,2026-08-24T00:00:00.000
720,20260709,25200,112,170,134,139,11,4,720,721,996.4000,125.0000,996.4000,1,1,2026-08-24T00:00:00.000
721,20260612,38700,411,289,377,308,5,4,721,722,997.7700,126.0000,997.7700,1,1,2026-08-24T00:00:00.000
722,20260712,74940,141,248,144,242,3,2,722,723,999.1400,127.0000,999.1400,1,1,2026-08-24T00:00:00.000
723,20260629,51180,170,470,264,69,2,1,723,724,1000.5100,128.0000,1000.5100,1,1,2026-08-24T00:00:00.000
724,20260719,27000,422,433,496,173,2,5,724,725,1001.8800,129.0000,1001.8800,1,1,2026-08-24T00:00:00.000
725,20260721,57120,337,160,118,289,11,2,725,726,1003.2500,130.0000,1003.2500,1,1,2026-08-24T00:00:00.000
726,20260816,30660,110,364,385,19,4,5,726,727,1004.6200,131.0000,1004.6200,1,1,2026-08-24T00:00:00.000
727,20260705,13920,53,276,238,334,10,5,727,728,1005.9900,132.0000,1005.9900,1,1,2026-08-24T00:00:00.000
728,20260807,55020,71,161,163,243,9,7,728,729,1007.3600,133.0000,1007.3600,1,1,2026-08-24T00:00:00.000
729,20260621,7500,48,348,140,255,12,4,729,730,1008.7300,134.0000,1008.7300,1,1,2026-08-24T00:00:00.000
730,20260612,53880,213,387,273,178,4,7,730,731,1010.1000,135.0000,1010.1000,1,1,2026-08-24T00:00:00.000
731,20260601,33060,140,337,461,92,6,2,731,732,1011.4700,136.0000,1011.4700,1,1,2026-08-24T00:00:00.000
732,20260710,65940,43,155,36,23,6,5,732,733,1012.8400,137.0000,1012.8400,1,1,2026-08-24T00:00:00.000
733,20260813,36720,34,463,148,273,4,6,733,734,1014.2100,138.0000,1014.2100,1,1,2026-08-24T00:00:00.000
734,20260603,75540,173,107,251,76,1,7,734,735,1015.5800,139.0000,1015.5800,1,1,2026-08-24T00:00:00.000
735,20260816,21360,106,178,15,90,4,5,735,736,1016.9500,140.0000,1016.9500,1,1,2026-08-24T00:00:00.000
736,20260704,63840,427,209,115,269,8,1,736,737,1018.3200,141.0000,1018.3200,1,1,2026-08-24T00:00:00.000
737,20260725,29880,298,460,98,123,7,5,737,738,1019.6900,142.0000,1019.6900,1,1,2026-08-24T00:00:00.000
738,20260719,25500,57,234,421,65,12,7,738,739,1021.0600,143.0000,1021.0600,1,1,2026-08-24T00:00:00.000
739,20260808,5340,453,55,303,120,1,1,739,740,1022.4300,144.0000,1022.4300,1,1,2026-08-24T00:00:00.000
740,20260709,24480,382,244,470,18,11,1,740,741,1023.8000,145.0000,1023.8000,1,1,2026-08-24T00:00:00.000
741,20260705,29700,493,427,259,28,7,4,741,742,1025.1700,146.0000,1025.1700,1,1,2026-08-24T00:00:00.000
742,20260808,43620,295,232,173,101,5,6,742,743,1026.5400,147.0000,1026.5400,1,1,2026-08-24T00:00:00.000
743,20260729,49320,361,153,464,296,4,3,743,744,1027.9100,148.0000,1027.9100,1,1,2026-08-24T00:00:00.000
744,20260810,18420,153,282,348,256,10,1,744,745,1029.2800,149.0000,1029.2800,1,1,2026-08-24T00:00:00.000
745,20260725,62220,85,131,177,114,3,3,745,746,1030.6500,150.0000,1030.6500,1,1,2026-08-24T00:00:00.000
746,20260603,34740,360,78,355,154,9,2,746,747,1032.0200,151.0000,1032.0200,1,1,2026-08-24T00:00:00.000
747,20260727,83700,477,176,137,12,11,7,747,748,1033.3900,152.0000,1033.3900,1,1,2026-08-24T00:00:00.000
748,20260717,4500,77,82,6,33,9,6,748,749,1034.7600,153.0000,1034.7600,1,1,2026-08-24T00:00:00.000
749,20260624,73560,160,187,171,234,1,1,749,750,1036.1300,154.0000,1036.1300,1,1,2026-08-24T00:00:00.000
750,20260811,46920,77,50,487,276,7,1,750,751,1037.5000,155.0000,1037.5000,1,1,2026-08-24T00:00:00.000
751,20260805,65040,361,319,173,230,8,6,751,752,1038.8700,156.0000,1038.8700,1,1,2026-08-24T00:00:00.000
752,20260713,17460,470,77,433,74,11,1,752,753,1040.2400,157.0000,1040.2400,1,1,2026-08-24T00:00:00.000
753,20260602,25860,233,88,251,326,1,3,753,754,1041.6100,158.0000,1041.6100,1,1,2026-08-24T00:00:00.000
754,20260801,29940,93,33,168,227,7,2,754,755,1042.9800,159.0000,1042.9800,1,1,2026-08-24T00:00:00.000
755,20260823,45720,37,475,285,324,2,4,755,756,1044.3500,160.0000,1044.3500,1,1,2026-08-24T00:00:00.000
756,20260716,39360,487,218,388,55,11,4,756,757,1045.7200,161.0000,1045.7200,1,1,2026-08-24T00:00:00.000
757,20260818,4860,62,374,139,235,9,7,757,758,1047.0900,162.0000,1047.0900,1,1,2026-08-24T00:00:00.000
758,20260627,65580,78,228,388,34,4,6,758,759,1048.4600,163.0000,1048.4600,1,1,2026-08-24T00:00:00.000
759,20260611,11880,54,151,255,7,2,3,759,760,1049.8300,164.0000,1049.8300,1,1,2026-08-24T00:00:00.000
760,20260601,26640,84,237,224,265,10,4,760,761,1051.2000,165.0000,1051.2000,1,1,2026-08-24T00:00:00.000
761,20260626,70260,163,178,405,347,5,4,761,762,1052.5700,166.0000,1052.5700,1,1,2026-08-24T00:00:00.000
762,20260603,53340,389,331,376,65,8,2,762,763,1053.9400,167.0000,1053.9400,1,1,2026-08-24T00:00:00.000
763,20260707,72720,428,387,157,93,1,5,763,764,1055.3100,168.0000,1055.3100,1,1,2026-08-24T00:00:00.000
764,20260529,36180,335,343,436,278,9,4,764,765,1056.6800,169.0000,1056.6800,1,1,2026-08-24T00:00:00.000
765,20260714,900,388,323,466,193,5,3,765,766,1058.0500,170.0000,1058.0500,1,1,2026-08-24T00:00:00.000
766,20260728,45420,300,185,260,287,9,7,766,767,1059.4200,171.0000,1059.4200,1,1,2026-08-24T00:00:00.000
767,20260620,62700,277,123,494,107,3,4,767,768,1060.7900,172.0000,1060.7900,1,1,2026-08-24T00:00:00.000
768,20260611,51300,215,205,43,92,9,3,768,769,1062.1600,173.0000,1062.1600,1,1,2026-08-24T00:00:00.000
769,20260615,43380,442,14,14,229,6,4,769,770,1063.5300,174.0000,1063.5300,1,1,2026-08-24T00:00:00.000
770,20260619,46380,285,60,68,241,2,2,770,771,1064.9000,175.0000,1064.9000,1,1,2026-08-24T00:00:00.000
771,20260801,9060,62,170,489,259,12,6,771,772,1066.2700,176.0000,1066.2700,1,1,2026-08-24T00:00:00.000
772,20260815,24000,110,220,361,209,3,4,772,773,1067.6400,177.0000,1067.6400,1,1,2026-08-24T00:00:00.000
773,20260612,80460,257,137,47,323,5,7,773,774,1069.0100,178.0000,1069.0100,1,1,2026-08-24T00:00:00.000
774,20260630,42360,16,487,92,333,10,6,774,775,1070.3800,179.0000,1070.3800,1,1,2026-08-24T00:00:00.000
775,20260715,40320,145,46,339,241,5,1,775,776,1071.7500,180.0000,1071.7500,1,1,2026-08-24T00:00:00.000
776,20260712,8640,149,361,228,68,10,5,776,777,1073.1200,181.0000,1073.1200,1,1,2026-08-24T00:00:00.000
777,20260811,38700,118,73,500,54,7,3,777,778,1074.4900,182.0000,1074.4900,1,1,2026-08-24T00:00:00.000
778,20260704,6720,91,145,413,278,6,3,778,779,1075.8600,183.0000,1075.8600,1,1,2026-08-24T00:00:00.000
779,20260727,46200,322,125,318,175,8,6,779,780,1077.2300,184.0000,1077.2300,1,1,2026-08-24T00:00:00.000
780,20260614,8880,76,285,474,344,4,1,780,781,1078.6000,185.0000,1078.6000,1,1,2026-08-24T00:00:00.000
781,20260625,19020,44,431,153,11,5,1,781,782,1079.9700,186.0000,1079.9700,1,1,2026-08-24T00:00:00.000
782,20260805,27660,22,286,452,229,11,4,782,783,1081.3400,187.0000,1081.3400,1,1,2026-08-24T00:00:00.000
783,20260811,7020,320,193,458,3,3,1,783,784,1082.7100,188.0000,1082.7100,1,1,2026-08-24T00:00:00.000
784,20260601,37380,324,169,153,71,4,5,784,785,1084.0800,189.0000,1084.0800,1,1,2026-08-24T00:00:00.000
785,20260606,59340,495,35,438,81,3,2,785,786,1085.4500,190.0000,1085.4500,1,1,2026-08-24T00:00:00.000
786,20260630,86280,102,189,186,131,2,6,786,787,1086.8200,191.0000,1086.8200,1,1,2026-08-24T00:00:00.000
787,20260823,660,44,270,471,24,2,2,787,788,1088.1900,192.0000,1088.1900,1,1,2026-08-24T00:00:00.000
788,20260715,60180,362,34,302,10,9,6,788,789,1089.5600,193.0000,1089.5600,1,1,2026-08-24T00:00:00.000
789,20260527,53640,364,318,306,206,3,4,789,790,1090.9300,194.0000,1090.9300,1,1,2026-08-24T00:00:00.000
790,20260712,61560,258,182,108,323,8,7,790,791,1092.3000,195.0000,1092.3000,1,1,2026-08-24T00:00:00.000
791,20260614,15720,194,387,263,281,4,6,791,792,1093.6700,196.0000,1093.6700,1,1,2026-08-24T00:00:00.000
792,20260609,41220,185,137,73,3,8,3,792,793,1095.0400,197.0000,1095.0400,1,1,2026-08-24T00:00:00.000
793,20260626,13680,279,336,165,65,10,4,793,794,1096.4100,198.0000,1096.4100,1,1,2026-08-24T00:00:00.000
794,20260807,12240,377,229,145,273,10,7,794,795,1097.7800,199.0000,1097.7800,1,1,2026-08-24T00:00:00.000
795,20260604,2460,80,90,203,54,1,6,795,796,1099.1500,200.0000,1099.1500,1,1,2026-08-24T00:00:00.000
796,20260804,19140,267,24,264,202,9,1,796,797,1100.5200,201.0000,1100.5200,1,1,2026-08-24T00:00:00.000
797,20260707,56100,197,24,71,333,2,6,797,798,1101.8900,202.0000,1101.8900,1,1,2026-08-24T00:00:00.000
798,20260603,23760,267,256,334,327,7,3,798,799,1103.2600,203.0000,1103.2600,1,1,2026-08-24T00:00:00.000
799,20260608,59700,369,125,132,338,1,1,799,800,1104.6300,204.0000,1104.6300,1,1,2026-08-24T00:00:00.000
800,20260601,11940,471,355,379,308,8,1,800,801,1106.0000,205.0000,1106.0000,1,1,2026-08-24T00:00:00.000
801,20260609,8340,130,466,77,74,6,6,801,802,1107.3700,206.0000,1107.3700,1,1,2026-08-24T00:00:00.000
802,20260821,54180,382,441,441,31,3,2,802,803,1108.7400,207.0000,1108.7400,1,1,2026-08-24T00:00:00.000
803,20260628,48240,352,437,403,43,1,2,803,804,1110.1100,208.0000,1110.1100,1,1,2026-08-24T00:00:00.000
804,20260720,16020,15,126,413,82,10,7,804,805,1111.4800,209.0000,1111.4800,1,1,2026-08-24T00:00:00.000
805,20260807,25920,50,94,212,279,6,2,805,806,1112.8500,210.0000,1112.8500,1,1,2026-08-24T00:00:00.000
806,20260721,4140,431,285,440,269,5,1,806,807,1114.2200,211.0000,1114.2200,1,1,2026-08-24T00:00:00.000
807,20260717,32400,83,8,382,177,3,6,807,808,1115.5900,212.0000,1115.5900,1,1,2026-08-24T00:00:00.000
808,20260613,9540,207,79,157,183,9,2,808,809,1116.9600,213.0000,1116.9600,1,1,2026-08-24T00:00:00.000
809,20260724,62940,23,500,329,200,1,6,809,810,1118.3300,214.0000,1118.3300,1,1,2026-08-24T00:00:00.000
810,20260821,59580,482,290,92,48,3,4,810,811,1119.7000,215.0000,1119.7000,1,1,2026-08-24T00:00:00.000
811,20260625,14700,410,330,318,83,1,7,811,812,1121.0700,216.0000,1121.0700,1,1,2026-08-24T00:00:00.000
812,20260814,54900,164,238,432,33,5,5,812,813,1122.4400,217.0000,1122.4400,1,1,2026-08-24T00:00:00.000
813,20260824,52680,318,432,46,250,11,6,813,814,1123.8100,218.0000,1123.8100,1,1,2026-08-24T00:00:00.000
814,20260630,4320,383,403,138,286,6,2,814,815,1125.1800,219.0000,1125.1800,1,1,2026-08-24T00:00:00.000
815,20260615,51300,464,406,180,272,2,6,815,816,1126.5500,220.0000,1126.5500,1,1,2026-08-24T00:00:00.000
816,20260609,11700,448,135,303,140,1,6,816,817,1127.9200,221.0000,1127.9200,1,1,2026-08-24T00:00:00.000
817,20260804,58260,439,474,404,1,1,7,817,818,1129.2900,222.0000,1129.2900,1,1,2026-08-24T00:00:00.000
818,20260708,30300,465,173,104,272,7,7,818,819,1130.6600,223.0000,1130.6600,1,1,2026-08-24T00:00:00.000
819,20260804,27240,402,14,69,314,6,1,819,820,1132.0300,224.0000,1132.0300,1,1,2026-08-24T00:00:00.000
820,20260803,54060,277,462,358,259,11,1,820,821,1133.4000,225.0000,1133.4000,1,1,2026-08-24T00:00:00.000
821,20260606,22800,418,268,2,14,6,2,821,822,1134.7700,226.0000,1134.7700,1,1,2026-08-24T00:00:00.000
822,20260704,35640,245,23,343,135,2,1,822,823,1136.1400,227.0000,1136.1400,1,1,2026-08-24T00:00:00.000
823,20260628,11280,319,317,380,286,7,2,823,824,1137.5100,228.0000,1137.5100,1,1,2026-08-24T00:00:00.000
824,20260819,86340,293,360,396,97,3,3,824,825,1138.8800,229.0000,1138.8800,1,1,2026-08-24T00:00:00.000
825,20260808,16560,112,203,313,266,5,7,825,826,1140.2500,230.0000,1140.2500,1,1,2026-08-24T00:00:00.000
826,20260717,21960,284,160,80,164,10,7,826,827,1141.6200,231.0000,1141.6200,1,1,2026-08-24T00:00:00.000
827,20260814,63900,319,80,19,235,2,3,827,828,1142.9900,232.0000,1142.9900,1,1,2026-08-24T00:00:00.000
828,20260626,35220,202,112,466,70,3,5,828,829,1144.3600,233.0000,1144.3600,1,1,2026-08-24T00:00:00.000
829,20260527,11880,450,316,267,237,8,5,829,830,1145.7300,234.0000,1145.7300,1,1,2026-08-24T00:00:00.000
830,20260623,72180,161,119,298,106,2,2,830,831,1147.1000,235.0000,1147.1000,1,1,2026-08-24T00:00:00.000
831,20260812,10500,324,300,370,56,10,4,831,832,1148.4700,236.0000,1148.4700,1,1,2026-08-24T00:00:00.000
832,20260601,59700,245,59,40,120,9,7,832,833,1149.8400,237.0000,1149.8400,1,1,2026-08-24T00:00:00.000
833,20260626,35100,177,178,333,13,10,1,833,834,1151.2100,238.0000,1151.2100,1,1,2026-08-24T00:00:00.000
834,20260628,57360,412,479,350,310,10,6,834,835,1152.5800,239.0000,1152.5800,1,1,2026-08-24T00:00:00.000
835,20260823,21780,480,342,407,327,7,2,835,836,1153.9500,240.0000,1153.9500,1,1,2026-08-24T00:00:00.000
836,20260818,46800,20,27,252,191,12,5,836,837,1155.3200,241.0000,1155.3200,1,1,2026-08-24T00:00:00.000
837,20260724,51000,160,73,458,215,7,5,837,838,1156.6900,242.0000,1156.6900,1,1,2026-08-24T00:00:00.000
838,20260712,76560,321,294,253,126,2,4,838,839,1158.0600,243.0000,1158.0600,1,1,2026-08-24T00:00:00.000
839,20260706,67080,59,249,53,200,4,6,839,840,1159.4300,244.0000,1159.4300,1,1,2026-08-24T00:00:00.000
840,20260626,22980,294,101,397,345,10,6,840,841,1160.8000,245.0000,1160.8000,1,1,2026-08-24T00:00:00.000
841,20260821,64380,306,472,45,320,2,5,841,842,1162.1700,246.0000,1162.1700,1,1,2026-08-24T00:00:00.000
842,20260803,39780,253,31,253,24,6,3,842,843,1163.5400,247.0000,1163.5400,1,1,2026-08-24T00:00:00.000
843,20260725,35400,413,388,324,331,11,1,843,844,1164.9100,248.0000,1164.9100,1,1,2026-08-24T00:00:00.000
844,20260530,16560,340,127,126,282,4,2,844,845,1166.2800,249.0000,1166.2800,1,1,2026-08-24T00:00:00.000
845,20260726,76680,404,474,50,251,7,7,845,846,1167.6500,250.0000,1167.6500,1,1,2026-08-24T00:00:00.000
846,20260529,4320,312,84,110,276,4,2,846,847,1169.0200,251.0000,1169.0200,1,1,2026-08-24T00:00:00.000
847,20260703,72360,332,184,462,1,8,4,847,848,1170.3900,252.0000,1170.3900,1,1,2026-08-24T00:00:00.000
848,20260712,57540,274,372,364,124,6,4,848,849,1171.7600,253.0000,1171.7600,1,1,2026-08-24T00:00:00.000
849,20260824,1500,486,424,109,190,10,4,849,850,1173.1300,254.0000,1173.1300,1,1,2026-08-24T00:00:00.000
850,20260716,53280,494,78,340,256,8,7,850,851,1174.5000,255.0000,1174.5000,1,1,2026-08-24T00:00:00.000
851,20260819,21600,333,315,239,99,11,3,851,852,1175.8700,256.0000,1175.8700,1,1,2026-08-24T00:00:00.000
852,20260713,47520,166,33,212,246,4,4,852,853,1177.2400,257.0000,1177.2400,1,1,2026-08-24T00:00:00.000
853,20260531,8700,236,317,316,106,4,4,853,854,1178.6100,258.0000,1178.6100,1,1,2026-08-24T00:00:00.000
854,20260605,40440,298,4,137,1,4,4,854,855,1179.9800,259.0000,1179.9800,1,1,2026-08-24T00:00:00.000
855,20260629,28200,62,461,18,227,8,2,855,856,1181.3500,260.0000,1181.3500,1,1,2026-08-24T00:00:00.000
856,20260528,33660,270,385,93,235,4,4,856,857,1182.7200,261.0000,1182.7200,1,1,2026-08-24T00:00:00.000
857,20260619,30900,454,369,105,92,10,1,857,858,1184.0900,262.0000,1184.0900,1,1,2026-08-24T00:00:00.000
858,20260530,46800,185,45,114,162,4,2,858,859,1185.4600,263.0000,1185.4600,1,1,2026-08-24T00:00:00.000
859,20260616,43560,232,252,447,198,4,1,859,860,1186.8300,264.0000,1186.8300,1,1,2026-08-24T00:00:00.000
860,20260628,12000,312,425,405,37,12,2,860,861,1188.2000,265.0000,1188.2000,1,1,2026-08-24T00:00:00.000
861,20260627,57240,304,275,2,243,8,1,861,862,1189.5700,266.0000,1189.5700,1,1,2026-08-24T00:00:00.000
862,20260731,54720,63,432,320,123,11,7,862,863,1190.9400,267.0000,1190.9400,1,1,2026-08-24T00:00:00.000
863,20260711,38040,26,292,181,19,12,6,863,864,1192.3100,268.0000,1192.3100,1,1,2026-08-24T00:00:00.000
864,20260810,30780,307,61,390,2,9,1,864,865,1193.6800,269.0000,1193.6800,1,1,2026-08-24T00:00:00.000
865,20260711,6300,343,48,191,95,7,7,865,866,1195.0500,270.0000,1195.0500,1,1,2026-08-24T00:00:00.000
866,20260812,76620,363,120,160,226,11,2,866,867,1196.4200,271.0000,1196.4200,1,1,2026-08-24T00:00:00.000
867,20260812,61740,358,300,160,247,8,2,867,868,1197.7900,272.0000,1197.7900,1,1,2026-08-24T00:00:00.000
868,20260607,35160,208,212,326,303,12,7,868,869,1199.1600,273.0000,1199.1600,1,1,2026-08-24T00:00:00.000
869,20260805,17220,148,262,85,210,4,7,869,870,1200.5300,274.0000,1200.5300,1,1,2026-08-24T00:00:00.000
870,20260628,50640,169,431,149,97,9,1,870,871,1201.9000,275.0000,1201.9000,1,1,2026-08-24T00:00:00.000
871,20260628,64620,148,490,224,50,6,2,871,872,1203.2700,276.0000,1203.2700,1,1,2026-08-24T00:00:00.000
872,20260720,28620,387,205,390,229,1,4,872,873,1204.6400,277.0000,1204.6400,1,1,2026-08-24T00:00:00.000
873,20260807,14040,141,404,478,270,4,3,873,874,1206.0100,278.0000,1206.0100,1,1,2026-08-24T00:00:00.000
874,20260615,56340,20,83,41,13,4,6,874,875,1207.3800,279.0000,1207.3800,1,1,2026-08-24T00:00:00.000
875,20260706,10440,171,361,74,345,3,3,875,876,1208.7500,280.0000,1208.7500,1,1,2026-08-24T00:00:00.000
876,20260812,42300,270,48,6,218,12,2,876,877,1210.1200,281.0000,1210.1200,1,1,2026-08-24T00:00:00.000
877,20260612,13620,4,337,439,14,6,2,877,878,1211.4900,282.0000,1211.4900,1,1,2026-08-24T00:00:00.000
878,20260723,30840,55,124,484,321,1,7,878,879,1212.8600,283.0000,1212.8600,1,1,2026-08-24T00:00:00.000
879,20260529,73440,160,41,112,211,5,3,879,880,1214.2300,284.0000,1214.2300,1,1,2026-08-24T00:00:00.000
880,20260715,65820,47,128,373,54,3,6,880,881,1215.6000,285.0000,1215.6000,1,1,2026-08-24T00:00:00.000
881,20260618,38580,435,467,6,178,2,7,881,882,1216.9700,286.0000,1216.9700,1,1,2026-08-24T00:00:00.000
882,20260807,40620,379,469,307,122,1,4,882,883,1218.3400,287.0000,1218.3400,1,1,2026-08-24T00:00:00.000
883,20260629,66180,12,118,419,182,4,1,883,884,1219.7100,288.0000,1219.7100,1,1,2026-08-24T00:00:00.000
884,20260605,72960,318,8,392,121,8,5,884,885,1221.0800,289.0000,1221.0800,1,1,2026-08-24T00:00:00.000
885,20260601,86280,19,299,413,291,7,7,885,886,1222.4500,290.0000,1222.4500,1,1,2026-08-24T00:00:00.000
886,20260627,13740,106,35,297,110,1,6,886,887,1223.8200,291.0000,1223.8200,1,1,2026-08-24T00:00:00.000
887,20260817,63360,51,313,426,89,5,2,887,888,1225.1900,292.0000,1225.1900,1,1,2026-08-24T00:00:00.000
888,20260822,29280,338,4,490,302,3,4,888,889,1226.5600,293.0000,1226.5600,1,1,2026-08-24T00:00:00.000
889,20260620,33240,74,423,199,71,2,5,889,890,1227.9300,294.0000,1227.9300,1,1,2026-08-24T00:00:00.000
890,20260607,59280,55,275,29,5,2,6,890,891,1229.3000,295.0000,1229.3000,1,1,2026-08-24T00:00:00.000
891,20260623,5220,327,262,18,230,9,2,891,892,1230.6700,296.0000,1230.6700,1,1,2026-08-24T00:00:00.000
892,20260713,81240,154,469,344,278,7,3,892,893,1232.0400,297.0000,1232.0400,1,1,2026-08-24T00:00:00.000
893,20260821,64020,255,229,89,264,3,4,893,894,1233.4100,298.0000,1233.4100,1,1,2026-08-24T00:00:00.000
894,20260715,5940,90,179,161,346,1,5,894,895,1234.7800,299.0000,1234.7800,1,1,2026-08-24T00:00:00.000
895,20260716,31920,387,465,296,262,9,6,895,896,1236.1500,300.0000,1236.1500,1,1,2026-08-24T00:00:00.000
896,20260802,74640,462,446,441,171,12,7,896,897,1237.5200,301.0000,1237.5200,1,1,2026-08-24T00:00:00.000
897,20260616,65340,250,184,333,219,10,3,897,898,1238.8900,302.0000,1238.8900,1,1,2026-08-24T00:00:00.000
898,20260824,48660,213,74,255,274,10,3,898,899,1240.2600,303.0000,1240.2600,1,1,2026-08-24T00:00:00.000
899,20260730,38100,344,122,448,99,3,7,899,900,1241.6300,304.0000,1241.6300,1,1,2026-08-24T00:00:00.000
900,20260625,61080,350,315,443,207,10,2,900,901,1243.0000,305.0000,1243.0000,1,1,2026-08-24T00:00:00.000
901,20260809,37020,405,405,278,190,6,1,901,902,1244.3700,306.0000,1244.3700,1,1,2026-08-24T00:00:00.000
902,20260707,22080,444,19,154,339,4,1,902,903,1245.7400,307.0000,1245.7400,1,1,2026-08-24T00:00:00.000
903,20260619,15120,27,400,450,165,4,1,903,904,1247.1100,308.0000,1247.1100,1,1,2026-08-24T00:00:00.000
904,20260618,48420,54,227,417,350,10,6,904,905,1248.4800,309.0000,1248.4800,1,1,2026-08-24T00:00:00.000
905,20260618,50580,166,375,239,331,3,3,905,906,1249.8500,310.0000,1249.8500,1,1,2026-08-24T00:00:00.000
906,20260811,36480,226,74,133,39,11,2,906,907,1251.2200,311.0000,1251.2200,1,1,2026-08-24T00:00:00.000
907,20260603,55200,53,363,219,183,4,7,907,908,1252.5900,312.0000,1252.5900,1,1,2026-08-24T00:00:00.000
908,20260625,77280,359,406,137,135,11,2,908,909,1253.9600,313.0000,1253.9600,1,1,2026-08-24T00:00:00.000
909,20260609,7260,400,166,322,234,12,5,909,910,1255.3300,314.0000,1255.3300,1,1,2026-08-24T00:00:00.000
910,20260819,28980,264,272,450,5,10,4,910,911,1256.7000,315.0000,1256.7000,1,1,2026-08-24T00:00:00.000
911,20260603,57540,35,470,454,5,8,4,911,912,1258.0700,316.0000,1258.0700,1,1,2026-08-24T00:00:00.000
912,20260810,52860,122,214,333,260,1,1,912,913,1259.4400,317.0000,1259.4400,1,1,2026-08-24T00:00:00.000
913,20260726,39540,274,11,135,164,6,1,913,914,1260.8100,318.0000,1260.8100,1,1,2026-08-24T00:00:00.000
914,20260728,32040,163,320,201,279,12,7,914,915,1262.1800,319.0000,1262.1800,1,1,2026-08-24T00:00:00.000
915,20260615,51000,183,243,153,70,9,5,915,916,1263.5500,320.0000,1263.5500,1,1,2026-08-24T00:00:00.000
916,20260713,81480,18,47,440,177,8,5,916,917,1264.9200,321.0000,1264.9200,1,1,2026-08-24T00:00:00.000
917,20260620,30420,443,421,280,327,6,4,917,918,1266.2900,322.0000,1266.2900,1,1,2026-08-24T00:00:00.000
918,20260612,14400,248,415,252,217,8,1,918,919,1267.6600,323.0000,1267.6600,1,1,2026-08-24T00:00:00.000
919,20260801,65700,224,343,205,90,10,1,919,920,1269.0300,324.0000,1269.0300,1,1,2026-08-24T00:00:00.000
920,20260613,12540,247,169,365,8,10,2,920,921,1270.4000,325.0000,1270.4000,1,1,2026-08-24T00:00:00.000
921,20260608,46920,328,372,73,188,1,5,921,922,1271.7700,326.0000,1271.7700,1,1,2026-08-24T00:00:00.000
922,20260620,12300,446,466,103,335,5,6,922,923,1273.1400,327.0000,1273.1400,1,1,2026-08-24T00:00:00.000
923,20260621,83640,243,104,500,160,10,5,923,924,1274.5100,328.0000,1274.5100,1,1,2026-08-24T00:00:00.000
924,20260627,38760,315,251,223,98,4,1,924,925,1275.8800,329.0000,1275.8800,1,1,2026-08-24T00:00:00.000
925,20260819,76380,414,345,161,178,11,5,925,926,1277.2500,330.0000,1277.2500,1,1,2026-08-24T00:00:00.000
926,20260624,72480,32,340,229,331,7,4,926,927,1278.6200,331.0000,1278.6200,1,1,2026-08-24T00:00:00.000
927,20260606,66360,215,340,184,280,12,6,927,928,1279.9900,332.0000,1279.9900,1,1,2026-08-24T00:00:00.000
928,20260625,45780,12,102,134,62,10,7,928,929,1281.3600,333.0000,1281.3600,1,1,2026-08-24T00:00:00.000
929,20260811,31920,196,351,259,317,11,3,929,930,1282.7300,334.0000,1282.7300,1,1,2026-08-24T00:00:00.000
930,20260820,37620,127,361,130,193,5,7,930,931,1284.1000,335.0000,1284.1000,1,1,2026-08-24T00:00:00.000
931,20260715,68820,317,71,162,220,5,1,931,932,1285.4700,336.0000,1285.4700,1,1,2026-08-24T00:00:00.000
932,20260622,74100,238,355,449,285,6,5,932,933,1286.8400,337.0000,1286.8400,1,1,2026-08-24T00:00:00.000
933,20260723,86040,131,385,388,166,1,4,933,934,1288.2100,338.0000,1288.2100,1,1,2026-08-24T00:00:00.000
934,20260701,52320,113,263,353,47,1,1,934,935,1289.5800,339.0000,1289.5800,1,1,2026-08-24T00:00:00.000
935,20260713,25500,187,75,83,169,6,1,935,936,1290.9500,340.0000,1290.9500,1,1,2026-08-24T00:00:00.000
936,20260601,21480,218,138,393,127,1,6,936,937,1292.3200,341.0000,1292.3200,1,1,2026-08-24T00:00:00.000
937,20260712,29820,496,412,57,11,7,2,937,938,1293.6900,342.0000,1293.6900,1,1,2026-08-24T00:00:00.000
938,20260804,66660,222,278,33,229,8,6,938,939,1295.0600,343.0000,1295.0600,1,1,2026-08-24T00:00:00.000
939,20260618,28440,236,419,329,160,11,6,939,940,1296.4300,344.0000,1296.4300,1,1,2026-08-24T00:00:00.000
940,20260811,45840,207,421,435,9,11,3,940,941,1297.8000,345.0000,1297.8000,1,1,2026-08-24T00:00:00.000
941,20260625,7080,234,365,90,236,1,1,941,942,1299.1700,346.0000,1299.1700,1,1,2026-08-24T00:00:00.000
942,20260820,67380,362,318,382,115,1,4,942,943,1300.5400,347.0000,1300.5400,1,1,2026-08-24T00:00:00.000
943,20260716,46560,364,372,347,344,10,4,943,944,1301.9100,348.0000,1301.9100,1,1,2026-08-24T00:00:00.000
944,20260528,14580,290,196,34,205,4,4,944,945,1303.2800,349.0000,1303.2800,1,1,2026-08-24T00:00:00.000
945,20260607,59400,352,236,69,17,6,4,945,946,1304.6500,350.0000,1304.6500,1,1,2026-08-24T00:00:00.000
946,20260610,28500,181,320,486,223,7,2,946,947,1306.0200,351.0000,1306.0200,1,1,2026-08-24T00:00:00.000
947,20260716,22800,308,150,103,159,9,6,947,948,1307.3900,352.0000,1307.3900,1,1,2026-08-24T00:00:00.000
948,20260822,78600,10,146,198,189,8,5,948,949,1308.7600,353.0000,1308.7600,1,1,2026-08-24T00:00:00.000
949,20260601,59100,336,426,453,338,8,5,949,950,1310.1300,354.0000,1310.1300,1,1,2026-08-24T00:00:00.000
950,20260823,64740,267,113,303,281,5,6,950,951,1311.5000,355.0000,1311.5000,1,1,2026-08-24T00:00:00.000
951,20260607,39420,304,422,362,339,3,6,951,952,1312.8700,356.0000,1312.8700,1,1,2026-08-24T00:00:00.000
952,20260626,42540,268,217,106,203,9,4,952,953,1314.2400,357.0000,1314.2400,1,1,2026-08-24T00:00:00.000
953,20260723,48660,221,151,301,251,1,7,953,954,1315.6100,358.0000,1315.6100,1,1,2026-08-24T00:00:00.000
954,20260811,60420,351,347,377,100,2,7,954,955,1316.9800,359.0000,1316.9800,1,1,2026-08-24T00:00:00.000
955,20260701,25320,240,300,174,349,3,2,955,956,1318.3500,360.0000,1318.3500,1,1,2026-08-24T00:00:00.000
956,20260530,43140,182,427,301,124,3,7,956,957,1319.7200,361.0000,1319.7200,1,1,2026-08-24T00:00:00.000
957,20260819,50820,155,116,159,64,7,1,957,958,1321.0900,362.0000,1321.0900,1,1,2026-08-24T00:00:00.000
958,20260818,83040,163,96,424,183,8,7,958,959,1322.4600,363.0000,1322.4600,1,1,2026-08-24T00:00:00.000
959,20260629,49560,362,69,27,270,8,2,959,960,1323.8300,364.0000,1323.8300,1,1,2026-08-24T00:00:00.000
960,20260801,16380,413,290,195,156,7,1,960,961,1325.2000,365.0000,1325.2000,1,1,2026-08-24T00:00:00.000
961,20260718,10680,194,418,239,47,1,6,961,962,1326.5700,366.0000,1326.5700,1,1,2026-08-24T00:00:00.000
962,20260618,41820,84,27,28,18,1,7,962,963,1327.9400,367.0000,1327.9400,1,1,2026-08-24T00:00:00.000
963,20260611,59640,176,188,424,349,2,4,963,964,1329.3100,368.0000,1329.3100,1,1,2026-08-24T00:00:00.000
964,20260609,48720,156,441,256,32,5,2,964,965,1330.6800,369.0000,1330.6800,1,1,2026-08-24T00:00:00.000
965,20260818,69960,253,332,219,197,4,3,965,966,1332.0500,370.0000,1332.0500,1,1,2026-08-24T00:00:00.000
966,20260809,72360,341,447,230,319,8,6,966,967,1333.4200,371.0000,1333.4200,1,1,2026-08-24T00:00:00.000
967,20260807,51240,308,301,454,271,3,6,967,968,1334.7900,372.0000,1334.7900,1,1,2026-08-24T00:00:00.000
968,20260723,82320,119,181,446,205,5,1,968,969,1336.1600,373.0000,1336.1600,1,1,2026-08-24T00:00:00.000
969,20260527,46620,287,341,63,328,11,7,969,970,1337.5300,374.0000,1337.5300,1,1,2026-08-24T00:00:00.000
970,20260609,31320,378,5,398,281,12,5,970,971,1338.9000,375.0000,1338.9000,1,1,2026-08-24T00:00:00.000
971,20260705,31860,208,348,285,81,9,5,971,972,1340.2700,376.0000,1340.2700,1,1,2026-08-24T00:00:00.000
972,20260528,57660,248,340,178,252,7,3,972,973,1341.6400,377.0000,1341.6400,1,1,2026-08-24T00:00:00.000
973,20260815,33060,452,331,348,141,3,6,973,974,1343.0100,378.0000,1343.0100,1,1,2026-08-24T00:00:00.000
974,20260712,26100,232,460,40,48,2,1,974,975,1344.3800,379.0000,1344.3800,1,1,2026-08-24T00:00:00.000
975,20260730,2460,455,405,61,197,11,3,975,976,1345.7500,380.0000,1345.7500,1,1,2026-08-24T00:00:00.000
976,20260715,30600,327,50,95,42,7,4,976,977,1347.1200,381.0000,1347.1200,1,1,2026-08-24T00:00:00.000
977,20260809,28680,115,110,474,291,10,6,977,978,1348.4900,382.0000,1348.4900,1,1,2026-08-24T00:00:00.000
978,20260630,52320,162,385,147,329,10,5,978,979,1349.8600,383.0000,1349.8600,1,1,2026-08-24T00:00:00.000
979,20260702,79140,383,13,30,161,8,4,979,980,1351.2300,384.0000,1351.2300,1,1,2026-08-24T00:00:00.000
980,20260718,35880,392,130,266,260,1,4,980,981,1352.6000,385.0000,1352.6000,1,1,2026-08-24T00:00:00.000
981,20260717,40020,12,359,465,240,9,7,981,982,1353.9700,386.0000,1353.9700,1,1,2026-08-24T00:00:00.000
982,20260624,78540,140,270,482,81,11,7,982,983,1355.3400,387.0000,1355.3400,1,1,2026-08-24T00:00:00.000
983,20260711,82200,26,87,375,119,12,2,983,984,1356.7100,388.0000,1356.7100,1,1,2026-08-24T00:00:00.000
984,20260815,81000,349,462,435,210,2,6,984,985,1358.0800,389.0000,1358.0800,1,1,2026-08-24T00:00:00.000
985,20260627,31500,281,491,330,345,7,5,985,986,1359.4500,390.0000,1359.4500,1,1,2026-08-24T00:00:00.000
986,20260626,60,92,162,199,125,12,5,986,987,1360.8200,391.0000,1360.8200,1,1,2026-08-24T00:00:00.000
987,20260807,16020,95,490,105,148,5,3,987,988,1362.1900,392.0000,1362.1900,1,1,2026-08-24T00:00:00.000
988,20260713,28740,248,175,197,157,7,7,988,989,1363.5600,393.0000,1363.5600,1,1,2026-08-24T00:00:00.000
989,20260712,17580,108,493,463,47,11,6,989,990,1364.9300,394.0000,1364.9300,1,1,2026-08-24T00:00:00.000
990,20260607,48600,252,369,463,145,1,6,990,991,1366.3000,395.0000,1366.3000,1,1,2026-08-24T00:00:00.000
991,20260608,65460,36,258,77,190,9,1,991,992,1367.6700,396.0000,1367.6700,1,1,2026-08-24T00:00:00.000
992,20260618,29280,149,471,109,347,1,5,992,993,1369.0400,397.0000,1369.0400,1,1,2026-08-24T00:00:00.000
993,20260712,70500,80,97,246,107,7,3,993,994,1370.4100,398.0000,1370.4100,1,1,2026-08-24T00:00:00.000
994,20260610,45240,149,54,285,137,3,6,994,995,1371.7800,399.0000,1371.7800,1,1,2026-08-24T00:00:00.000
995,20260613,44160,268,445,12,184,6,6,995,996,1373.1500,400.0000,1373.1500,1,1,2026-08-24T00:00:00.000
996,20260731,68700,79,247,250,170,5,4,996,997,1374.5200,401.0000,1374.5200,1,1,2026-08-24T00:00:00.000
997,20260724,50940,351,51,35,10,3,2,997,998,1375.8900,402.0000,1375.8900,1,1,2026-08-24T00:00:00.000
998,20260821,6420,72,447,163,51,8,3,998,999,1377.2600,403.0000,1377.2600,1,1,2026-08-24T00:00:00.000
999,20260528,65100,380,63,436,164,7,2,999,1000,1378.6300,404.0000,1378.6300,1,1,2026-08-24T00:00:00.000
1000,20260817,22200,206,305,70,165,7,1,1000,1,1380.0000,405.0000,1380.0000,1,1,2026-08-24T00:00:00.000
1001,20260615,40620,293,478,363,228,1,7,1001,2,1381.3700,406.0000,1381.3700,1,1,2026-08-24T00:00:00.000
1002,20260808,76380,121,172,127,305,1,4,1002,3,1382.7400,407.0000,1382.7400,1,1,2026-08-24T00:00:00.000
1003,20260709,16800,313,388,320,132,6,1,1003,4,1384.1100,408.0000,1384.1100,1,1,2026-08-24T00:00:00.000
1004,20260613,23700,346,297,175,342,10,4,1004,5,1385.4800,409.0000,1385.4800,1,1,2026-08-24T00:00:00.000
1005,20260708,14040,390,98,493,189,9,1,1005,6,1386.8500,410.0000,1386.8500,1,1,2026-08-24T00:00:00.000
1006,20260611,38760,411,495,487,106,3,1,1006,7,1388.2200,411.0000,1388.2200,1,1,2026-08-24T00:00:00.000
1007,20260615,1260,80,337,495,299,8,3,1007,8,1389.5900,412.0000,1389.5900,1,1,2026-08-24T00:00:00.000
1008,20260530,22560,104,2,142,51,1,2,1008,9,1390.9600,413.0000,1390.9600,1,1,2026-08-24T00:00:00.000
1009,20260604,75060,217,55,9,163,3,3,1009,10,1392.3300,414.0000,1392.3300,1,1,2026-08-24T00:00:00.000
1010,20260612,17280,391,417,156,123,5,3,1010,11,1393.7000,415.0000,1393.7000,1,1,2026-08-24T00:00:00.000
1011,20260606,55080,424,426,453,165,12,1,1011,12,1395.0700,416.0000,1395.0700,1,1,2026-08-24T00:00:00.000
1012,20260811,28620,467,326,2,181,3,4,1012,13,1396.4400,417.0000,1396.4400,1,1,2026-08-24T00:00:00.000
1013,20260806,70500,205,294,21,94,1,2,1013,14,1397.8100,418.0000,1397.8100,1,1,2026-08-24T00:00:00.000
1014,20260530,31380,407,414,257,182,3,2,1014,15,1399.1800,419.0000,1399.1800,1,1,2026-08-24T00:00:00.000
1015,20260612,57540,370,270,416,337,7,4,1015,16,1400.5500,420.0000,1400.5500,1,1,2026-08-24T00:00:00.000
1016,20260703,76920,30,188,262,80,10,2,1016,17,1401.9200,421.0000,1401.9200,1,1,2026-08-24T00:00:00.000
1017,20260724,21600,173,109,313,313,8,6,1017,18,1403.2900,422.0000,1403.2900,1,1,2026-08-24T00:00:00.000
1018,20260615,20100,28,33,1,176,10,2,1018,19,1404.6600,423.0000,1404.6600,1,1,2026-08-24T00:00:00.000
1019,20260802,16680,14,45,356,40,6,2,1019,20,1406.0300,424.0000,1406.0300,1,1,2026-08-24T00:00:00.000
1020,20260820,36480,354,113,208,174,1,6,1020,21,1407.4000,425.0000,1407.4000,1,1,2026-08-24T00:00:00.000
1021,20260718,23400,302,456,16,157,12,5,1021,22,1408.7700,426.0000,1408.7700,1,1,2026-08-24T00:00:00.000
1022,20260723,19200,451,204,349,328,10,4,1022,23,1410.1400,427.0000,1410.1400,1,1,2026-08-24T00:00:00.000
1023,20260614,10920,146,321,454,159,8,3,1023,24,1411.5100,428.0000,1411.5100,1,1,2026-08-24T00:00:00.000
1024,20260702,83340,72,117,114,277,5,6,1024,25,1412.8800,429.0000,1412.8800,1,1,2026-08-24T00:00:00.000
1025,20260730,74460,361,165,169,53,1,6,1025,26,1414.2500,430.0000,1414.2500,1,1,2026-08-24T00:00:00.000
1026,20260609,78240,447,35,450,310,1,6,1026,27,1415.6200,431.0000,1415.6200,1,1,2026-08-24T00:00:00.000
1027,20260720,35640,145,176,297,11,8,1,1027,28,1416.9900,432.0000,1416.9900,1,1,2026-08-24T00:00:00.000
1028,20260707,66900,412,381,433,178,11,6,1028,29,1418.3600,433.0000,1418.3600,1,1,2026-08-24T00:00:00.000
1029,20260822,62040,423,181,79,85,8,1,1029,30,1419.7300,434.0000,1419.7300,1,1,2026-08-24T00:00:00.000
1030,20260529,4980,178,21,148,38,7,5,1030,31,1421.1000,435.0000,1421.1000,1,1,2026-08-24T00:00:00.000
1031,20260721,29820,265,26,167,49,8,6,1031,32,1422.4700,436.0000,1422.4700,1,1,2026-08-24T00:00:00.000
1032,20260621,52380,301,230,272,20,4,5,1032,33,1423.8400,437.0000,1423.8400,1,1,2026-08-24T00:00:00.000
1033,20260703,73440,177,106,78,164,2,2,1033,34,1425.2100,438.0000,1425.2100,1,1,2026-08-24T00:00:00.000
1034,20260705,8520,97,267,341,304,9,2,1034,35,1426.5800,439.0000,1426.5800,1,1,2026-08-24T00:00:00.000
1035,20260601,47100,310,103,468,22,12,6,1035,36,1427.9500,440.0000,1427.9500,1,1,2026-08-24T00:00:00.000
1036,20260725,50700,352,425,223,113,4,7,1036,37,1429.3200,441.0000,1429.3200,1,1,2026-08-24T00:00:00.000
1037,20260610,29460,302,212,269,269,11,3,1037,38,1430.6900,442.0000,1430.6900,1,1,2026-08-24T00:00:00.000
1038,20260601,24000,343,354,162,184,6,3,1038,39,1432.0600,443.0000,1432.0600,1,1,2026-08-24T00:00:00.000
1039,20260714,64980,445,242,301,214,6,3,1039,40,1433.4300,444.0000,1433.4300,1,1,2026-08-24T00:00:00.000
1040,20260722,48900,153,122,208,236,12,2,1040,41,1434.8000,445.0000,1434.8000,1,1,2026-08-24T00:00:00.000
1041,20260808,77520,46,224,464,209,11,4,1041,42,1436.1700,446.0000,1436.1700,1,1,2026-08-24T00:00:00.000
1042,20260601,28740,298,243,326,194,10,4,1042,43,1437.5400,447.0000,1437.5400,1,1,2026-08-24T00:00:00.000
1043,20260613,36120,394,480,348,174,1,5,1043,44,1438.9100,448.0000,1438.9100,1,1,2026-08-24T00:00:00.000
1044,20260823,9060,183,117,188,229,8,1,1044,45,1440.2800,449.0000,1440.2800,1,1,2026-08-24T00:00:00.000
1045,20260702,17640,436,136,418,224,8,1,1045,46,1441.6500,450.0000,1441.6500,1,1,2026-08-24T00:00:00.000
1046,20260613,79020,430,176,438,187,5,3,1046,47,1443.0200,451.0000,1443.0200,1,1,2026-08-24T00:00:00.000
1047,20260629,48180,144,418,169,112,11,3,1047,48,1444.3900,452.0000,1444.3900,1,1,2026-08-24T00:00:00.000
1048,20260530,23340,470,18,455,105,12,4,1048,49,1445.7600,453.0000,1445.7600,1,1,2026-08-24T00:00:00.000
1049,20260707,6540,410,121,271,134,3,2,1049,50,1447.1300,454.0000,1447.1300,1,1,2026-08-24T00:00:00.000
1050,20260807,38160,82,61,464,251,7,6,1050,51,1448.5000,455.0000,1448.5000,1,1,2026-08-24T00:00:00.000
1051,20260708,40920,473,375,313,81,8,3,1051,52,1449.8700,456.0000,1449.8700,1,1,2026-08-24T00:00:00.000
1052,20260724,79980,388,126,48,349,9,3,1052,53,1451.2400,457.0000,1451.2400,1,1,2026-08-24T00:00:00.000
1053,20260705,11280,35,48,162,108,1,2,1053,54,1452.6100,458.0000,1452.6100,1,1,2026-08-24T00:00:00.000
1054,20260615,40860,314,214,179,152,7,6,1054,55,1453.9800,459.0000,1453.9800,1,1,2026-08-24T00:00:00.000
1055,20260823,62640,87,109,483,161,3,2,1055,56,1455.3500,460.0000,1455.3500,1,1,2026-08-24T00:00:00.000
1056,20260816,35160,278,85,405,199,9,7,1056,57,1456.7200,461.0000,1456.7200,1,1,2026-08-24T00:00:00.000
1057,20260617,79860,438,59,332,10,9,4,1057,58,1458.0900,462.0000,1458.0900,1,1,2026-08-24T00:00:00.000
1058,20260715,42180,235,155,199,11,9,1,1058,59,1459.4600,463.0000,1459.4600,1,1,2026-08-24T00:00:00.000
1059,20260607,30900,259,494,154,243,1,3,1059,60,1460.8300,464.0000,1460.8300,1,1,2026-08-24T00:00:00.000
1060,20260717,57780,465,130,197,65,3,1,1060,61,1462.2000,465.0000,1462.2000,1,1,2026-08-24T00:00:00.000
1061,20260721,20940,362,38,13,250,4,2,1061,62,1463.5700,466.0000,1463.5700,1,1,2026-08-24T00:00:00.000
1062,20260604,51240,311,283,95,164,11,3,1062,63,1464.9400,467.0000,1464.9400,1,1,2026-08-24T00:00:00.000
1063,20260723,70020,301,232,454,40,10,5,1063,64,1466.3100,468.0000,1466.3100,1,1,2026-08-24T00:00:00.000
1064,20260812,14760,397,81,484,195,9,4,1064,65,1467.6800,469.0000,1467.6800,1,1,2026-08-24T00:00:00.000
1065,20260606,46260,76,356,206,189,11,6,1065,66,1469.0500,470.0000,1469.0500,1,1,2026-08-24T00:00:00.000
1066,20260613,26820,47,301,41,340,4,1,1066,67,1470.4200,471.0000,1470.4200,1,1,2026-08-24T00:00:00.000
1067,20260724,37500,184,135,112,39,3,4,1067,68,1471.7900,472.0000,1471.7900,1,1,2026-08-24T00:00:00.000
1068,20260705,44100,16,3,130,230,8,1,1068,69,1473.1600,473.0000,1473.1600,1,1,2026-08-24T00:00:00.000
1069,20260620,34620,113,115,437,216,11,1,1069,70,1474.5300,474.0000,1474.5300,1,1,2026-08-24T00:00:00.000
1070,20260610,79020,161,497,496,256,7,5,1070,71,1475.9000,475.0000,1475.9000,1,1,2026-08-24T00:00:00.000
1071,20260615,2820,481,64,52,63,1,4,1071,72,1477.2700,476.0000,1477.2700,1,1,2026-08-24T00:00:00.000
1072,20260723,44040,70,300,83,326,4,4,1072,73,1478.6400,477.0000,1478.6400,1,1,2026-08-24T00:00:00.000
1073,20260712,82620,386,268,234,111,8,5,1073,74,1480.0100,478.0000,1480.0100,1,1,2026-08-24T00:00:00.000
1074,20260718,63180,8,84,287,139,2,1,1074,75,1481.3800,479.0000,1481.3800,1,1,2026-08-24T00:00:00.000
1075,20260620,11400,118,84,378,244,10,2,1075,76,1482.7500,480.0000,1482.7500,1,1,2026-08-24T00:00:00.000
1076,20260728,19500,386,402,480,280,1,2,1076,77,1484.1200,481.0000,1484.1200,1,1,2026-08-24T00:00:00.000
1077,20260626,1620,293,439,193,276,1,7,1077,78,1485.4900,482.0000,1485.4900,1,1,2026-08-24T00:00:00.000
1078,20260807,0,28,37,337,254,6,1,1078,79,1486.8600,483.0000,1486.8600,1,1,2026-08-24T00:00:00.000
1079,20260701,8760,70,464,440,158,9,2,1079,80,1488.2300,484.0000,1488.2300,1,1,2026-08-24T00:00:00.000
1080,20260702,14760,58,4,191,10,8,2,1080,81,1489.6000,485.0000,1489.6000,1,1,2026-08-24T00:00:00.000
1081,20260621,26280,49,63,23,94,12,2,1081,82,1490.9700,486.0000,1490.9700,1,1,2026-08-24T00:00:00.000
1082,20260628,39360,132,281,257,87,4,6,1082,83,1492.3400,487.0000,1492.3400,1,1,2026-08-24T00:00:00.000
1083,20260614,77100,489,47,475,201,7,1,1083,84,1493.7100,488.0000,1493.7100,1,1,2026-08-24T00:00:00.000
1084,20260819,40980,481,171,11,87,10,3,1084,85,1495.0800,489.0000,1495.0800,1,1,2026-08-24T00:00:00.000
1085,20260824,31680,384,222,177,126,6,4,1085,86,1496.4500,490.0000,1496.4500,1,1,2026-08-24T00:00:00.000
1086,20260727,70800,192,405,212,138,2,3,1086,87,1497.8200,491.0000,1497.8200,1,1,2026-08-24T00:00:00.000
1087,20260715,82800,437,276,372,28,6,3,1087,88,1499.1900,492.0000,1499.1900,1,1,2026-08-24T00:00:00.000
1088,20260721,8040,338,91,236,234,1,2,1088,89,1500.5600,493.0000,1500.5600,1,1,2026-08-24T00:00:00.000
1089,20260724,69540,214,442,17,236,4,6,1089,90,1501.9300,494.0000,1501.9300,1,1,2026-08-24T00:00:00.000
1090,20260601,9420,299,454,99,263,9,6,1090,91,1503.3000,495.0000,1503.3000,1,1,2026-08-24T00:00:00.000
1091,20260823,41640,176,451,433,256,4,1,1091,92,1504.6700,496.0000,1504.6700,1,1,2026-08-24T00:00:00.000
1092,20260530,19260,262,375,224,165,7,3,1092,93,1506.0400,497.0000,1506.0400,1,1,2026-08-24T00:00:00.000
1093,20260531,58080,274,325,71,126,7,4,1093,94,1507.4100,498.0000,1507.4100,1,1,2026-08-24T00:00:00.000
1094,20260608,79380,216,112,4,100,11,4,1094,95,1508.7800,499.0000,1508.7800,1,1,2026-08-24T00:00:00.000
1095,20260609,74340,395,211,450,55,10,1,1095,96,1510.1500,500.0000,1510.1500,1,1,2026-08-24T00:00:00.000
1096,20260603,7320,284,34,227,265,11,6,1096,97,1511.5200,501.0000,1511.5200,1,1,2026-08-24T00:00:00.000
1097,20260820,76560,480,210,409,91,10,4,1097,98,1512.8900,502.0000,1512.8900,1,1,2026-08-24T00:00:00.000
1098,20260729,38760,204,350,62,239,8,1,1098,99,1514.2600,503.0000,1514.2600,1,1,2026-08-24T00:00:00.000
1099,20260702,4380,334,202,497,340,7,2,1099,100,1515.6300,504.0000,1515.6300,1,1,2026-08-24T00:00:00.000
1100,20260602,41100,270,204,208,202,3,2,1100,101,1517.0000,505.0000,1517.0000,1,1,2026-08-24T00:00:00.000
1101,20260617,48900,481,197,108,86,1,4,1101,102,1518.3700,506.0000,1518.3700,1,1,2026-08-24T00:00:00.000
1102,20260722,11220,295,401,464,147,1,2,1102,103,1519.7400,507.0000,1519.7400,1,1,2026-08-24T00:00:00.000
1103,20260801,63180,401,216,491,264,10,5,1103,104,1521.1100,508.0000,1521.1100,1,1,2026-08-24T00:00:00.000
1104,20260718,41880,193,249,499,202,2,6,1104,105,1522.4800,509.0000,1522.4800,1,1,2026-08-24T00:00:00.000
1105,20260604,31200,62,316,83,110,5,4,1105,106,1523.8500,510.0000,1523.8500,1,1,2026-08-24T00:00:00.000
1106,20260701,7560,71,460,346,85,8,4,1106,107,1525.2200,511.0000,1525.2200,1,1,2026-08-24T00:00:00.000
1107,20260613,43380,357,383,117,253,6,2,1107,108,1526.5900,512.0000,1526.5900,1,1,2026-08-24T00:00:00.000
1108,20260806,25200,219,131,95,57,5,1,1108,109,1527.9600,513.0000,1527.9600,1,1,2026-08-24T00:00:00.000
1109,20260729,45240,186,459,480,285,8,7,1109,110,1529.3300,514.0000,1529.3300,1,1,2026-08-24T00:00:00.000
1110,20260813,65460,434,272,280,24,12,5,1110,111,1530.7000,515.0000,1530.7000,1,1,2026-08-24T00:00:00.000
1111,20260628,57960,402,58,403,43,5,1,1111,112,1532.0700,516.0000,1532.0700,1,1,2026-08-24T00:00:00.000
1112,20260712,77280,260,44,28,271,9,3,1112,113,1533.4400,517.0000,1533.4400,1,1,2026-08-24T00:00:00.000
1113,20260811,38640,41,189,71,250,12,4,1113,114,1534.8100,518.0000,1534.8100,1,1,2026-08-24T00:00:00.000
1114,20260618,32520,434,11,228,153,6,2,1114,115,1536.1800,519.0000,1536.1800,1,1,2026-08-24T00:00:00.000
1115,20260601,11340,154,364,459,29,3,1,1115,116,1537.5500,520.0000,1537.5500,1,1,2026-08-24T00:00:00.000
1116,20260731,38160,216,329,316,196,9,1,1116,117,1538.9200,521.0000,1538.9200,1,1,2026-08-24T00:00:00.000
1117,20260822,37560,473,357,241,169,2,5,1117,118,1540.2900,522.0000,1540.2900,1,1,2026-08-24T00:00:00.000
1118,20260818,79560,248,476,286,178,11,5,1118,119,1541.6600,523.0000,1541.6600,1,1,2026-08-24T00:00:00.000
1119,20260721,50100,261,158,471,239,4,1,1119,120,1543.0300,524.0000,1543.0300,1,1,2026-08-24T00:00:00.000
1120,20260802,34680,494,452,150,91,4,7,1120,121,1544.4000,525.0000,1544.4000,1,1,2026-08-24T00:00:00.000
1121,20260803,9300,365,268,376,267,2,1,1121,122,1545.7700,526.0000,1545.7700,1,1,2026-08-24T00:00:00.000
1122,20260529,46740,462,348,205,342,1,6,1122,123,1547.1400,527.0000,1547.1400,1,1,2026-08-24T00:00:00.000
1123,20260815,65220,31,438,271,269,9,4,1123,124,1548.5100,528.0000,1548.5100,1,1,2026-08-24T00:00:00.000
1124,20260720,33600,483,235,379,160,1,3,1124,125,1549.8800,529.0000,1549.8800,1,1,2026-08-24T00:00:00.000
1125,20260804,14520,358,333,413,125,1,7,1125,126,1551.2500,530.0000,1551.2500,1,1,2026-08-24T00:00:00.000
1126,20260821,25560,468,208,58,309,8,6,1126,127,1552.6200,531.0000,1552.6200,1,1,2026-08-24T00:00:00.000
1127,20260612,18300,318,50,328,137,7,6,1127,128,1553.9900,532.0000,1553.9900,1,1,2026-08-24T00:00:00.000
1128,20260628,3900,404,298,15,265,3,1,1128,129,1555.3600,533.0000,1555.3600,1,1,2026-08-24T00:00:00.000
1129,20260819,9660,266,300,485,12,10,3,1129,130,1556.7300,534.0000,1556.7300,1,1,2026-08-24T00:00:00.000
1130,20260814,3360,376,76,305,350,5,2,1130,131,1558.1000,535.0000,1558.1000,1,1,2026-08-24T00:00:00.000
1131,20260816,63720,455,151,226,327,6,1,1131,132,1559.4700,536.0000,1559.4700,1,1,2026-08-24T00:00:00.000
1132,20260613,31260,116,140,356,221,12,2,1132,133,1560.8400,537.0000,1560.8400,1,1,2026-08-24T00:00:00.000
1133,20260708,22260,453,400,107,150,6,7,1133,134,1562.2100,538.0000,1562.2100,1,1,2026-08-24T00:00:00.000
1134,20260705,61920,389,16,292,21,2,5,1134,135,1563.5800,539.0000,1563.5800,1,1,2026-08-24T00:00:00.000
1135,20260613,79080,337,378,12,343,11,6,1135,136,1564.9500,540.0000,1564.9500,1,1,2026-08-24T00:00:00.000
1136,20260609,19860,154,482,123,184,4,7,1136,137,1566.3200,541.0000,1566.3200,1,1,2026-08-24T00:00:00.000
1137,20260720,80100,28,359,125,102,7,1,1137,138,1567.6900,542.0000,1567.6900,1,1,2026-08-24T00:00:00.000
1138,20260602,41220,470,488,243,41,1,3,1138,139,1569.0600,543.0000,1569.0600,1,1,2026-08-24T00:00:00.000
1139,20260815,68640,202,361,156,121,2,7,1139,140,1570.4300,544.0000,1570.4300,1,1,2026-08-24T00:00:00.000
1140,20260611,71400,470,314,17,161,8,5,1140,141,1571.8000,545.0000,1571.8000,1,1,2026-08-24T00:00:00.000
1141,20260824,33420,177,147,33,134,6,1,1141,142,1573.1700,546.0000,1573.1700,1,1,2026-08-24T00:00:00.000
1142,20260731,36000,250,366,274,323,10,4,1142,143,1574.5400,547.0000,1574.5400,1,1,2026-08-24T00:00:00.000
1143,20260802,55920,454,231,209,181,6,3,1143,144,1575.9100,548.0000,1575.9100,1,1,2026-08-24T00:00:00.000
1144,20260629,13920,364,118,242,69,5,1,1144,145,1577.2800,549.0000,1577.2800,1,1,2026-08-24T00:00:00.000
1145,20260711,63480,453,30,217,277,6,6,1145,146,1578.6500,550.0000,1578.6500,1,1,2026-08-24T00:00:00.000
1146,20260813,11160,492,361,41,183,7,1,1146,147,1580.0200,551.0000,1580.0200,1,1,2026-08-24T00:00:00.000
1147,20260703,19860,1,489,374,14,2,6,1147,148,1581.3900,552.0000,1581.3900,1,1,2026-08-24T00:00:00.000
1148,20260804,8040,312,40,196,317,5,4,1148,149,1582.7600,553.0000,1582.7600,1,1,2026-08-24T00:00:00.000
1149,20260701,46140,236,40,186,315,12,1,1149,150,1584.1300,554.0000,1584.1300,1,1,2026-08-24T00:00:00.000
1150,20260707,11940,410,324,372,104,4,7,1150,151,1585.5000,555.0000,1585.5000,1,1,2026-08-24T00:00:00.000
1151,20260612,13740,31,389,85,71,9,7,1151,152,1586.8700,556.0000,1586.8700,1,1,2026-08-24T00:00:00.000
1152,20260726,18840,433,277,261,8,2,5,1152,153,1588.2400,557.0000,1588.2400,1,1,2026-08-24T00:00:00.000
1153,20260717,31980,385,10,344,180,4,5,1153,154,1589.6100,558.0000,1589.6100,1,1,2026-08-24T00:00:00.000
1154,20260607,25500,471,434,350,259,12,7,1154,155,1590.9800,559.0000,1590.9800,1,1,2026-08-24T00:00:00.000
1155,20260617,26400,1,235,446,272,1,1,1155,156,1592.3500,560.0000,1592.3500,1,1,2026-08-24T00:00:00.000
1156,20260530,17100,442,374,368,16,7,6,1156,157,1593.7200,561.0000,1593.7200,1,1,2026-08-24T00:00:00.000
1157,20260628,30360,330,96,362,117,2,7,1157,158,1595.0900,562.0000,1595.0900,1,1,2026-08-24T00:00:00.000
1158,20260709,81060,70,457,186,294,4,7,1158,159,1596.4600,563.0000,1596.4600,1,1,2026-08-24T00:00:00.000
1159,20260822,3780,171,283,123,227,3,7,1159,160,1597.8300,564.0000,1597.8300,1,1,2026-08-24T00:00:00.000
1160,20260702,39060,58,54,366,48,10,7,1160,161,1599.2000,565.0000,1599.2000,1,1,2026-08-24T00:00:00.000
1161,20260720,40260,382,214,336,119,12,1,1161,162,1600.5700,566.0000,1600.5700,1,1,2026-08-24T00:00:00.000
1162,20260609,78240,284,388,258,280,5,3,1162,163,1601.9400,567.0000,1601.9400,1,1,2026-08-24T00:00:00.000
1163,20260713,56340,392,388,244,230,10,2,1163,164,1603.3100,568.0000,1603.3100,1,1,2026-08-24T00:00:00.000
1164,20260730,25500,492,88,450,250,5,1,1164,165,1604.6800,569.0000,1604.6800,1,1,2026-08-24T00:00:00.000
1165,20260731,20580,33,232,20,235,9,6,1165,166,1606.0500,570.0000,1606.0500,1,1,2026-08-24T00:00:00.000
1166,20260608,77460,86,37,274,234,3,1,1166,167,1607.4200,571.0000,1607.4200,1,1,2026-08-24T00:00:00.000
1167,20260815,12900,101,316,165,212,1,5,1167,168,1608.7900,572.0000,1608.7900,1,1,2026-08-24T00:00:00.000
1168,20260819,15720,488,42,287,274,12,1,1168,169,1610.1600,573.0000,1610.1600,1,1,2026-08-24T00:00:00.000
1169,20260727,17340,291,338,444,210,10,7,1169,170,1611.5300,574.0000,1611.5300,1,1,2026-08-24T00:00:00.000
1170,20260623,49440,410,497,177,198,4,7,1170,171,1612.9000,575.0000,1612.9000,1,1,2026-08-24T00:00:00.000
1171,20260711,23340,462,347,316,180,12,7,1171,172,1614.2700,576.0000,1614.2700,1,1,2026-08-24T00:00:00.000
1172,20260603,58500,91,59,183,27,7,7,1172,173,1615.6400,577.0000,1615.6400,1,1,2026-08-24T00:00:00.000
1173,20260529,1440,181,361,364,150,1,1,1173,174,1617.0100,578.0000,1617.0100,1,1,2026-08-24T00:00:00.000
1174,20260611,22020,422,87,293,191,1,3,1174,175,1618.3800,579.0000,1618.3800,1,1,2026-08-24T00:00:00.000
1175,20260718,68880,80,425,287,150,10,5,1175,176,1619.7500,580.0000,1619.7500,1,1,2026-08-24T00:00:00.000
1176,20260530,5040,357,125,62,330,7,3,1176,177,1621.1200,581.0000,1621.1200,1,1,2026-08-24T00:00:00.000
1177,20260802,77220,296,358,193,105,2,3,1177,178,1622.4900,582.0000,1622.4900,1,1,2026-08-24T00:00:00.000
1178,20260807,720,286,446,368,44,1,4,1178,179,1623.8600,583.0000,1623.8600,1,1,2026-08-24T00:00:00.000
1179,20260715,2520,257,345,190,249,7,1,1179,180,1625.2300,584.0000,1625.2300,1,1,2026-08-24T00:00:00.000
1180,20260609,78240,22,255,18,85,2,6,1180,181,1626.6000,585.0000,1626.6000,1,1,2026-08-24T00:00:00.000
1181,20260727,41580,55,1,196,154,2,6,1181,182,1627.9700,586.0000,1627.9700,1,1,2026-08-24T00:00:00.000
1182,20260615,39180,168,278,125,247,3,6,1182,183,1629.3400,587.0000,1629.3400,1,1,2026-08-24T00:00:00.000
1183,20260824,20220,494,19,67,116,4,5,1183,184,1630.7100,588.0000,1630.7100,1,1,2026-08-24T00:00:00.000
1184,20260618,37560,238,148,357,75,2,5,1184,185,1632.0800,589.0000,1632.0800,1,1,2026-08-24T00:00:00.000
1185,20260711,79080,215,143,313,220,8,2,1185,186,1633.4500,590.0000,1633.4500,1,1,2026-08-24T00:00:00.000
1186,20260615,45060,71,386,281,167,10,1,1186,187,1634.8200,591.0000,1634.8200,1,1,2026-08-24T00:00:00.000
1187,20260728,9360,106,2,32,27,12,5,1187,188,1636.1900,592.0000,1636.1900,1,1,2026-08-24T00:00:00.000
1188,20260628,70020,394,289,9,135,4,2,1188,189,1637.5600,593.0000,1637.5600,1,1,2026-08-24T00:00:00.000
1189,20260614,4140,5,160,340,260,3,1,1189,190,1638.9300,594.0000,1638.9300,1,1,2026-08-24T00:00:00.000
1190,20260718,10800,34,497,479,150,3,6,1190,191,1640.3000,595.0000,1640.3000,1,1,2026-08-24T00:00:00.000
1191,20260709,74340,455,52,324,109,2,3,1191,192,1641.6700,596.0000,1641.6700,1,1,2026-08-24T00:00:00.000
1192,20260613,27480,252,495,437,336,2,2,1192,193,1643.0400,597.0000,1643.0400,1,1,2026-08-24T00:00:00.000
1193,20260722,40320,380,280,219,136,5,4,1193,194,1644.4100,598.0000,1644.4100,1,1,2026-08-24T00:00:00.000
1194,20260630,82080,71,222,162,295,9,7,1194,195,1645.7800,599.0000,1645.7800,1,1,2026-08-24T00:00:00.000
1195,20260724,9660,43,82,152,46,10,1,1195,196,1647.1500,600.0000,1647.1500,1,1,2026-08-24T00:00:00.000
1196,20260818,81360,407,326,169,334,6,4,1196,197,1648.5200,601.0000,1648.5200,1,1,2026-08-24T00:00:00.000
1197,20260623,4260,246,330,2,334,2,6,1197,198,1649.8900,602.0000,1649.8900,1,1,2026-08-24T00:00:00.000
1198,20260817,36180,457,67,207,76,7,5,1198,199,1651.2600,603.0000,1651.2600,1,1,2026-08-24T00:00:00.000
1199,20260721,11400,171,412,79,315,8,5,1199,200,1652.6300,604.0000,1652.6300,1,1,2026-08-24T00:00:00.000
1200,20260816,16320,471,9,102,268,1,7,1200,201,1654.0000,5.0000,1654.0000,1,1,2026-08-24T00:00:00.000
1201,20260703,54000,297,329,219,245,4,4,1201,202,1655.3700,6.0000,1655.3700,1,1,2026-08-24T00:00:00.000
1202,20260706,40680,398,86,452,321,5,4,1202,203,1656.7400,7.0000,1656.7400,1,1,2026-08-24T00:00:00.000
1203,20260617,32160,461,387,225,267,9,6,1203,204,1658.1100,8.0000,1658.1100,1,1,2026-08-24T00:00:00.000
1204,20260615,38640,443,1,79,80,10,2,1204,205,1659.4800,9.0000,1659.4800,1,1,2026-08-24T00:00:00.000
1205,20260602,43740,390,283,52,188,12,1,1205,206,1660.8500,10.0000,1660.8500,1,1,2026-08-24T00:00:00.000
1206,20260810,13020,314,448,47,43,2,2,1206,207,1662.2200,11.0000,1662.2200,1,1,2026-08-24T00:00:00.000
1207,20260604,31680,150,246,30,187,8,7,1207,208,1663.5900,12.0000,1663.5900,1,1,2026-08-24T00:00:00.000
1208,20260622,3060,357,476,498,114,8,4,1208,209,1664.9600,13.0000,1664.9600,1,1,2026-08-24T00:00:00.000
1209,20260721,60060,292,14,398,41,9,2,1209,210,1666.3300,14.0000,1666.3300,1,1,2026-08-24T00:00:00.000
1210,20260817,32460,39,295,380,312,11,1,1210,211,1667.7000,15.0000,1667.7000,1,1,2026-08-24T00:00:00.000
1211,20260818,57600,260,208,234,84,2,5,1211,212,1669.0700,16.0000,1669.0700,1,1,2026-08-24T00:00:00.000
1212,20260702,12000,284,60,2,38,5,1,1212,213,1670.4400,17.0000,1670.4400,1,1,2026-08-24T00:00:00.000
1213,20260811,78960,242,487,22,81,8,3,1213,214,1671.8100,18.0000,1671.8100,1,1,2026-08-24T00:00:00.000
1214,20260817,16620,294,272,246,279,1,5,1214,215,1673.1800,19.0000,1673.1800,1,1,2026-08-24T00:00:00.000
1215,20260602,58980,370,133,142,226,2,1,1215,216,1674.5500,20.0000,1674.5500,1,1,2026-08-24T00:00:00.000
1216,20260721,18360,169,227,314,228,9,1,1216,217,1675.9200,21.0000,1675.9200,1,1,2026-08-24T00:00:00.000
1217,20260727,67620,289,456,122,196,11,2,1217,218,1677.2900,22.0000,1677.2900,1,1,2026-08-24T00:00:00.000
1218,20260720,420,442,292,382,169,9,5,1218,219,1678.6600,23.0000,1678.6600,1,1,2026-08-24T00:00:00.000
1219,20260615,67260,492,175,62,91,1,5,1219,220,1680.0300,24.0000,1680.0300,1,1,2026-08-24T00:00:00.000
1220,20260628,16260,131,75,21,172,9,2,1220,221,1681.4000,25.0000,1681.4000,1,1,2026-08-24T00:00:00.000
1221,20260713,48000,273,49,237,347,7,6,1221,222,1682.7700,26.0000,1682.7700,1,1,2026-08-24T00:00:00.000
1222,20260822,53400,69,468,346,87,10,6,1222,223,1684.1400,27.0000,1684.1400,1,1,2026-08-24T00:00:00.000
1223,20260730,83820,400,5,135,57,5,5,1223,224,1685.5100,28.0000,1685.5100,1,1,2026-08-24T00:00:00.000
1224,20260807,4380,385,451,499,270,8,4,1224,225,1686.8800,29.0000,1686.8800,1,1,2026-08-24T00:00:00.000
1225,20260808,20280,259,496,475,65,2,2,1225,226,1688.2500,30.0000,1688.2500,1,1,2026-08-24T00:00:00.000
1226,20260615,55200,460,169,94,76,8,7,1226,227,1689.6200,31.0000,1689.6200,1,1,2026-08-24T00:00:00.000
1227,20260613,3420,264,98,371,60,5,2,1227,228,1690.9900,32.0000,1690.9900,1,1,2026-08-24T00:00:00.000
1228,20260705,58200,316,262,476,287,11,7,1228,229,1692.3600,33.0000,1692.3600,1,1,2026-08-24T00:00:00.000
1229,20260612,25380,17,379,491,309,4,6,1229,230,1693.7300,34.0000,1693.7300,1,1,2026-08-24T00:00:00.000
1230,20260718,74040,84,425,97,97,7,1,1230,231,1695.1000,35.0000,1695.1000,1,1,2026-08-24T00:00:00.000
1231,20260603,43320,476,318,485,245,12,4,1231,232,1696.4700,36.0000,1696.4700,1,1,2026-08-24T00:00:00.000
1232,20260625,13920,273,420,301,21,2,5,1232,233,1697.8400,37.0000,1697.8400,1,1,2026-08-24T00:00:00.000
1233,20260704,17100,211,152,430,179,12,3,1233,234,1699.2100,38.0000,1699.2100,1,1,2026-08-24T00:00:00.000
1234,20260815,3480,211,274,452,302,9,7,1234,235,1700.5800,39.0000,1700.5800,1,1,2026-08-24T00:00:00.000
1235,20260727,31440,173,126,372,112,8,4,1235,236,1701.9500,40.0000,1701.9500,1,1,2026-08-24T00:00:00.000
1236,20260527,13740,423,408,180,235,7,7,1236,237,1703.3200,41.0000,1703.3200,1,1,2026-08-24T00:00:00.000
1237,20260613,4020,60,163,15,175,12,3,1237,238,1704.6900,42.0000,1704.6900,1,1,2026-08-24T00:00:00.000
1238,20260812,28560,283,165,306,328,2,2,1238,239,1706.0600,43.0000,1706.0600,1,1,2026-08-24T00:00:00.000
1239,20260726,2400,185,313,105,200,3,5,1239,240,1707.4300,44.0000,1707.4300,1,1,2026-08-24T00:00:00.000
1240,20260730,30780,253,463,337,234,11,6,1240,241,1708.8000,45.0000,1708.8000,1,1,2026-08-24T00:00:00.000
1241,20260811,55020,102,229,378,90,7,4,1241,242,1710.1700,46.0000,1710.1700,1,1,2026-08-24T00:00:00.000
1242,20260620,5220,234,184,199,100,7,6,1242,243,1711.5400,47.0000,1711.5400,1,1,2026-08-24T00:00:00.000
1243,20260603,840,395,13,350,348,11,4,1243,244,1712.9100,48.0000,1712.9100,1,1,2026-08-24T00:00:00.000
1244,20260604,31440,247,243,465,320,9,6,1244,245,1714.2800,49.0000,1714.2800,1,1,2026-08-24T00:00:00.000
1245,20260723,120,217,201,319,312,5,4,1245,246,1715.6500,50.0000,1715.6500,1,1,2026-08-24T00:00:00.000
1246,20260703,43980,312,391,52,29,12,2,1246,247,1717.0200,51.0000,1717.0200,1,1,2026-08-24T00:00:00.000
1247,20260720,42300,276,79,261,279,9,7,1247,248,1718.3900,52.0000,1718.3900,1,1,2026-08-24T00:00:00.000
1248,20260711,44820,394,169,470,210,4,1,1248,249,1719.7600,53.0000,1719.7600,1,1,2026-08-24T00:00:00.000
1249,20260610,49560,473,22,38,166,2,1,1249,250,1721.1300,54.0000,1721.1300,1,1,2026-08-24T00:00:00.000
1250,20260627,40920,4,72,235,193,5,2,1250,251,1722.5000,55.0000,1722.5000,1,1,2026-08-24T00:00:00.000
1251,20260529,21960,258,435,10,246,10,5,1251,252,1723.8700,56.0000,1723.8700,1,1,2026-08-24T00:00:00.000
1252,20260809,1260,74,362,126,165,11,2,1252,253,1725.2400,57.0000,1725.2400,1,1,2026-08-24T00:00:00.000
1253,20260729,10920,162,111,185,52,2,2,1253,254,1726.6100,58.0000,1726.6100,1,1,2026-08-24T00:00:00.000
1254,20260804,11940,330,104,162,27,6,6,1254,255,1727.9800,59.0000,1727.9800,1,1,2026-08-24T00:00:00.000
1255,20260611,14820,312,374,168,267,3,5,1255,256,1729.3500,60.0000,1729.3500,1,1,2026-08-24T00:00:00.000
1256,20260729,30540,51,329,207,240,8,7,1256,257,1730.7200,61.0000,1730.7200,1,1,2026-08-24T00:00:00.000
1257,20260613,60600,101,496,483,350,7,3,1257,258,1732.0900,62.0000,1732.0900,1,1,2026-08-24T00:00:00.000
1258,20260708,32880,425,352,97,10,4,3,1258,259,1733.4600,63.0000,1733.4600,1,1,2026-08-24T00:00:00.000
1259,20260819,67020,195,267,358,52,11,3,1259,260,1734.8300,64.0000,1734.8300,1,1,2026-08-24T00:00:00.000
1260,20260621,2460,156,268,66,179,12,3,1260,261,1736.2000,65.0000,1736.2000,1,1,2026-08-24T00:00:00.000
1261,20260607,56220,425,453,13,118,10,7,1261,262,1737.5700,66.0000,1737.5700,1,1,2026-08-24T00:00:00.000
1262,20260618,50880,184,215,231,80,11,6,1262,263,1738.9400,67.0000,1738.9400,1,1,2026-08-24T00:00:00.000
1263,20260726,31860,233,8,228,289,3,6,1263,264,1740.3100,68.0000,1740.3100,1,1,2026-08-24T00:00:00.000
1264,20260811,75000,112,473,368,13,6,1,1264,265,1741.6800,69.0000,1741.6800,1,1,2026-08-24T00:00:00.000
1265,20260727,80760,41,124,390,140,10,5,1265,266,1743.0500,70.0000,1743.0500,1,1,2026-08-24T00:00:00.000
1266,20260802,75480,329,52,301,3,11,1,1266,267,1744.4200,71.0000,1744.4200,1,1,2026-08-24T00:00:00.000
1267,20260729,63000,478,164,138,51,11,2,1267,268,1745.7900,72.0000,1745.7900,1,1,2026-08-24T00:00:00.000
1268,20260725,15240,443,494,193,280,6,1,1268,269,1747.1600,73.0000,1747.1600,1,1,2026-08-24T00:00:00.000
1269,20260611,75960,270,458,131,83,6,5,1269,270,1748.5300,74.0000,1748.5300,1,1,2026-08-24T00:00:00.000
1270,20260804,45840,460,219,332,23,11,7,1270,271,1749.9000,75.0000,1749.9000,1,1,2026-08-24T00:00:00.000
1271,20260802,24840,49,133,399,107,1,6,1271,272,1751.2700,76.0000,1751.2700,1,1,2026-08-24T00:00:00.000
1272,20260619,10980,202,75,121,340,6,4,1272,273,1752.6400,77.0000,1752.6400,1,1,2026-08-24T00:00:00.000
1273,20260707,20460,34,450,324,179,9,1,1273,274,1754.0100,78.0000,1754.0100,1,1,2026-08-24T00:00:00.000
1274,20260616,84300,32,119,248,50,5,7,1274,275,1755.3800,79.0000,1755.3800,1,1,2026-08-24T00:00:00.000
1275,20260724,66240,65,272,19,262,3,7,1275,276,1756.7500,80.0000,1756.7500,1,1,2026-08-24T00:00:00.000
1276,20260813,35640,424,407,308,25,11,6,1276,277,1758.1200,81.0000,1758.1200,1,1,2026-08-24T00:00:00.000
1277,20260616,32460,150,65,496,307,6,6,1277,278,1759.4900,82.0000,1759.4900,1,1,2026-08-24T00:00:00.000
1278,20260605,36720,159,433,278,67,6,5,1278,279,1760.8600,83.0000,1760.8600,1,1,2026-08-24T00:00:00.000
1279,20260708,14040,200,2,154,315,10,5,1279,280,1762.2300,84.0000,1762.2300,1,1,2026-08-24T00:00:00.000
1280,20260614,55140,94,376,446,61,7,5,1280,281,1763.6000,85.0000,1763.6000,1,1,2026-08-24T00:00:00.000
1281,20260819,70500,186,173,353,169,4,4,1281,282,1764.9700,86.0000,1764.9700,1,1,2026-08-24T00:00:00.000
1282,20260622,67560,81,136,261,82,12,2,1282,283,1766.3400,87.0000,1766.3400,1,1,2026-08-24T00:00:00.000
1283,20260701,10560,344,355,279,106,12,6,1283,284,1767.7100,88.0000,1767.7100,1,1,2026-08-24T00:00:00.000
1284,20260802,2460,17,222,263,174,9,1,1284,285,1769.0800,89.0000,1769.0800,1,1,2026-08-24T00:00:00.000
1285,20260810,62400,418,400,307,50,8,2,1285,286,1770.4500,90.0000,1770.4500,1,1,2026-08-24T00:00:00.000
1286,20260807,5760,19,351,447,66,7,7,1286,287,1771.8200,91.0000,1771.8200,1,1,2026-08-24T00:00:00.000
1287,20260627,49440,146,331,419,187,12,1,1287,288,1773.1900,92.0000,1773.1900,1,1,2026-08-24T00:00:00.000
1288,20260613,40860,466,198,372,139,2,3,1288,289,1774.5600,93.0000,1774.5600,1,1,2026-08-24T00:00:00.000
1289,20260719,58980,399,456,417,238,4,6,1289,290,1775.9300,94.0000,1775.9300,1,1,2026-08-24T00:00:00.000
1290,20260609,58740,287,158,208,276,8,1,1290,291,1777.3000,95.0000,1777.3000,1,1,2026-08-24T00:00:00.000
1291,20260819,41820,440,440,102,20,5,6,1291,292,1778.6700,96.0000,1778.6700,1,1,2026-08-24T00:00:00.000
1292,20260627,57300,178,192,365,240,10,2,1292,293,1780.0400,97.0000,1780.0400,1,1,2026-08-24T00:00:00.000
1293,20260731,47640,235,339,47,78,6,4,1293,294,1781.4100,98.0000,1781.4100,1,1,2026-08-24T00:00:00.000
1294,20260816,78120,402,363,472,300,6,2,1294,295,1782.7800,99.0000,1782.7800,1,1,2026-08-24T00:00:00.000
1295,20260819,42720,63,113,369,267,5,6,1295,296,1784.1500,100.0000,1784.1500,1,1,2026-08-24T00:00:00.000
1296,20260630,43560,122,404,229,21,12,3,1296,297,1785.5200,101.0000,1785.5200,1,1,2026-08-24T00:00:00.000
1297,20260618,55680,341,429,207,88,9,2,1297,298,1786.8900,102.0000,1786.8900,1,1,2026-08-24T00:00:00.000
1298,20260615,41400,93,171,312,219,12,6,1298,299,1788.2600,103.0000,1788.2600,1,1,2026-08-24T00:00:00.000
1299,20260803,52620,199,81,433,63,10,2,1299,300,1789.6300,104.0000,1789.6300,1,1,2026-08-24T00:00:00.000
1300,20260806,20280,247,162,339,171,6,2,1300,301,1791.0000,105.0000,1791.0000,1,1,2026-08-24T00:00:00.000
1301,20260705,18600,449,365,279,113,4,2,1301,302,1792.3700,106.0000,1792.3700,1,1,2026-08-24T00:00:00.000
1302,20260816,57660,35,375,11,159,8,3,1302,303,1793.7400,107.0000,1793.7400,1,1,2026-08-24T00:00:00.000
1303,20260605,3000,192,77,40,6,1,1,1303,304,1795.1100,108.0000,1795.1100,1,1,2026-08-24T00:00:00.000
1304,20260627,29460,492,349,75,189,2,5,1304,305,1796.4800,109.0000,1796.4800,1,1,2026-08-24T00:00:00.000
1305,20260721,74400,489,489,333,28,11,7,1305,306,1797.8500,110.0000,1797.8500,1,1,2026-08-24T00:00:00.000
1306,20260817,360,166,125,289,217,2,6,1306,307,1799.2200,111.0000,1799.2200,1,1,2026-08-24T00:00:00.000
1307,20260605,5040,329,231,369,179,6,5,1307,308,1800.5900,112.0000,1800.5900,1,1,2026-08-24T00:00:00.000
1308,20260618,48840,376,498,100,175,6,1,1308,309,1801.9600,113.0000,1801.9600,1,1,2026-08-24T00:00:00.000
1309,20260725,77640,247,248,240,65,4,2,1309,310,1803.3300,114.0000,1803.3300,1,1,2026-08-24T00:00:00.000
1310,20260715,76020,451,320,67,219,7,5,1310,311,1804.7000,115.0000,1804.7000,1,1,2026-08-24T00:00:00.000
1311,20260615,52200,388,161,148,100,4,7,1311,312,1806.0700,116.0000,1806.0700,1,1,2026-08-24T00:00:00.000
1312,20260528,1680,494,192,132,52,2,3,1312,313,1807.4400,117.0000,1807.4400,1,1,2026-08-24T00:00:00.000
1313,20260814,48540,69,243,275,218,5,1,1313,314,1808.8100,118.0000,1808.8100,1,1,2026-08-24T00:00:00.000
1314,20260602,49620,369,435,181,121,12,1,1314,315,1810.1800,119.0000,1810.1800,1,1,2026-08-24T00:00:00.000
1315,20260805,25080,147,148,468,84,10,5,1315,316,1811.5500,120.0000,1811.5500,1,1,2026-08-24T00:00:00.000
1316,20260706,85200,420,336,268,267,5,2,1316,317,1812.9200,121.0000,1812.9200,1,1,2026-08-24T00:00:00.000
1317,20260725,39120,205,265,456,41,11,4,1317,318,1814.2900,122.0000,1814.2900,1,1,2026-08-24T00:00:00.000
1318,20260715,17760,329,472,298,327,5,1,1318,319,1815.6600,123.0000,1815.6600,1,1,2026-08-24T00:00:00.000
1319,20260618,1260,312,142,167,31,4,5,1319,320,1817.0300,124.0000,1817.0300,1,1,2026-08-24T00:00:00.000
1320,20260707,23520,318,289,115,53,1,3,1320,321,1818.4000,125.0000,1818.4000,1,1,2026-08-24T00:00:00.000
1321,20260724,6300,73,360,275,21,2,7,1321,322,1819.7700,126.0000,1819.7700,1,1,2026-08-24T00:00:00.000
1322,20260726,34920,234,156,183,312,12,2,1322,323,1821.1400,127.0000,1821.1400,1,1,2026-08-24T00:00:00.000
1323,20260629,69900,235,203,6,246,1,1,1323,324,1822.5100,128.0000,1822.5100,1,1,2026-08-24T00:00:00.000
1324,20260728,5520,251,315,414,144,10,7,1324,325,1823.8800,129.0000,1823.8800,1,1,2026-08-24T00:00:00.000
1325,20260714,19560,377,345,129,102,12,1,1325,326,1825.2500,130.0000,1825.2500,1,1,2026-08-24T00:00:00.000
1326,20260613,46920,307,421,278,71,3,1,1326,327,1826.6200,131.0000,1826.6200,1,1,2026-08-24T00:00:00.000
1327,20260601,37140,370,76,474,30,10,6,1327,328,1827.9900,132.0000,1827.9900,1,1,2026-08-24T00:00:00.000
1328,20260811,19800,224,437,350,278,5,2,1328,329,1829.3600,133.0000,1829.3600,1,1,2026-08-24T00:00:00.000
1329,20260605,27060,428,461,334,263,3,2,1329,330,1830.7300,134.0000,1830.7300,1,1,2026-08-24T00:00:00.000
1330,20260605,76920,75,347,290,309,8,6,1330,331,1832.1000,135.0000,1832.1000,1,1,2026-08-24T00:00:00.000
1331,20260726,68460,252,5,267,153,7,6,1331,332,1833.4700,136.0000,1833.4700,1,1,2026-08-24T00:00:00.000
1332,20260718,57420,402,224,350,301,8,2,1332,333,1834.8400,137.0000,1834.8400,1,1,2026-08-24T00:00:00.000
1333,20260817,68580,168,337,77,63,12,5,1333,334,1836.2100,138.0000,1836.2100,1,1,2026-08-24T00:00:00.000
1334,20260608,20040,62,483,291,307,10,4,1334,335,1837.5800,139.0000,1837.5800,1,1,2026-08-24T00:00:00.000
1335,20260725,35340,42,123,461,327,1,3,1335,336,1838.9500,140.0000,1838.9500,1,1,2026-08-24T00:00:00.000
1336,20260627,72360,435,226,478,98,5,3,1336,337,1840.3200,141.0000,1840.3200,1,1,2026-08-24T00:00:00.000
1337,20260817,85920,164,18,455,288,9,4,1337,338,1841.6900,142.0000,1841.6900,1,1,2026-08-24T00:00:00.000
1338,20260824,34020,235,497,399,186,8,5,1338,339,1843.0600,143.0000,1843.0600,1,1,2026-08-24T00:00:00.000
1339,20260703,54780,269,432,306,342,9,5,1339,340,1844.4300,144.0000,1844.4300,1,1,2026-08-24T00:00:00.000
1340,20260710,15000,147,297,110,16,1,6,1340,341,1845.8000,145.0000,1845.8000,1,1,2026-08-24T00:00:00.000
1341,20260821,69600,168,61,340,260,12,1,1341,342,1847.1700,146.0000,1847.1700,1,1,2026-08-24T00:00:00.000
1342,20260722,25260,387,237,78,117,7,7,1342,343,1848.5400,147.0000,1848.5400,1,1,2026-08-24T00:00:00.000
1343,20260620,15600,200,400,75,240,8,1,1343,344,1849.9100,148.0000,1849.9100,1,1,2026-08-24T00:00:00.000
1344,20260530,19020,318,169,54,193,2,6,1344,345,1851.2800,149.0000,1851.2800,1,1,2026-08-24T00:00:00.000
1345,20260609,35340,124,378,130,214,2,1,1345,346,1852.6500,150.0000,1852.6500,1,1,2026-08-24T00:00:00.000
1346,20260608,47820,429,462,462,47,4,7,1346,347,1854.0200,151.0000,1854.0200,1,1,2026-08-24T00:00:00.000
1347,20260817,25380,444,34,430,151,10,7,1347,348,1855.3900,152.0000,1855.3900,1,1,2026-08-24T00:00:00.000
1348,20260613,33120,234,237,219,135,4,3,1348,349,1856.7600,153.0000,1856.7600,1,1,2026-08-24T00:00:00.000
1349,20260718,78240,79,135,434,193,9,7,1349,350,1858.1300,154.0000,1858.1300,1,1,2026-08-24T00:00:00.000
1350,20260609,44760,50,306,300,152,1,7,1350,351,1859.5000,155.0000,1859.5000,1,1,2026-08-24T00:00:00.000
1351,20260725,37140,348,410,199,109,10,4,1351,352,1860.8700,156.0000,1860.8700,1,1,2026-08-24T00:00:00.000
1352,20260711,28500,110,490,13,195,5,7,1352,353,1862.2400,157.0000,1862.2400,1,1,2026-08-24T00:00:00.000
1353,20260722,64380,74,227,353,152,12,5,1353,354,1863.6100,158.0000,1863.6100,1,1,2026-08-24T00:00:00.000
1354,20260627,27540,417,222,277,68,9,3,1354,355,1864.9800,159.0000,1864.9800,1,1,2026-08-24T00:00:00.000
1355,20260529,5580,194,147,104,194,11,7,1355,356,1866.3500,160.0000,1866.3500,1,1,2026-08-24T00:00:00.000
1356,20260621,19680,462,214,491,49,2,1,1356,357,1867.7200,161.0000,1867.7200,1,1,2026-08-24T00:00:00.000
1357,20260627,74580,455,78,460,109,3,1,1357,358,1869.0900,162.0000,1869.0900,1,1,2026-08-24T00:00:00.000
1358,20260528,27180,442,227,3,15,4,4,1358,359,1870.4600,163.0000,1870.4600,1,1,2026-08-24T00:00:00.000
1359,20260611,47160,352,52,220,132,1,1,1359,360,1871.8300,164.0000,1871.8300,1,1,2026-08-24T00:00:00.000
1360,20260807,50400,392,394,398,161,3,5,1360,361,1873.2000,165.0000,1873.2000,1,1,2026-08-24T00:00:00.000
1361,20260810,10080,73,117,472,291,4,7,1361,362,1874.5700,166.0000,1874.5700,1,1,2026-08-24T00:00:00.000
1362,20260713,32760,329,200,19,202,10,7,1362,363,1875.9400,167.0000,1875.9400,1,1,2026-08-24T00:00:00.000
1363,20260628,59760,44,307,97,4,6,5,1363,364,1877.3100,168.0000,1877.3100,1,1,2026-08-24T00:00:00.000
1364,20260605,64920,37,403,6,76,8,1,1364,365,1878.6800,169.0000,1878.6800,1,1,2026-08-24T00:00:00.000
1365,20260612,29220,246,362,493,318,2,7,1365,366,1880.0500,170.0000,1880.0500,1,1,2026-08-24T00:00:00.000
1366,20260603,13740,340,440,382,257,1,5,1366,367,1881.4200,171.0000,1881.4200,1,1,2026-08-24T00:00:00.000
1367,20260808,78900,240,392,107,243,6,6,1367,368,1882.7900,172.0000,1882.7900,1,1,2026-08-24T00:00:00.000
1368,20260610,45000,139,232,218,92,7,5,1368,369,1884.1600,173.0000,1884.1600,1,1,2026-08-24T00:00:00.000
1369,20260620,38760,37,247,423,79,10,5,1369,370,1885.5300,174.0000,1885.5300,1,1,2026-08-24T00:00:00.000
1370,20260716,77640,297,3,114,213,10,7,1370,371,1886.9000,175.0000,1886.9000,1,1,2026-08-24T00:00:00.000
1371,20260530,19140,378,230,48,95,6,3,1371,372,1888.2700,176.0000,1888.2700,1,1,2026-08-24T00:00:00.000
1372,20260715,7860,355,160,25,162,2,5,1372,373,1889.6400,177.0000,1889.6400,1,1,2026-08-24T00:00:00.000
1373,20260702,74160,325,177,151,187,1,3,1373,374,1891.0100,178.0000,1891.0100,1,1,2026-08-24T00:00:00.000
1374,20260609,66420,147,310,398,102,5,2,1374,375,1892.3800,179.0000,1892.3800,1,1,2026-08-24T00:00:00.000
1375,20260628,44880,241,500,275,241,6,4,1375,376,1893.7500,180.0000,1893.7500,1,1,2026-08-24T00:00:00.000
1376,20260814,23760,121,39,27,89,6,4,1376,377,1895.1200,181.0000,1895.1200,1,1,2026-08-24T00:00:00.000
1377,20260530,71400,408,192,435,88,8,7,1377,378,1896.4900,182.0000,1896.4900,1,1,2026-08-24T00:00:00.000
1378,20260718,58620,145,46,83,276,6,5,1378,379,1897.8600,183.0000,1897.8600,1,1,2026-08-24T00:00:00.000
1379,20260818,57120,164,27,379,206,11,6,1379,380,1899.2300,184.0000,1899.2300,1,1,2026-08-24T00:00:00.000
1380,20260703,78660,64,198,149,93,2,2,1380,381,1900.6000,185.0000,1900.6000,1,1,2026-08-24T00:00:00.000
1381,20260801,66120,341,101,493,84,3,7,1381,382,1901.9700,186.0000,1901.9700,1,1,2026-08-24T00:00:00.000
1382,20260808,32940,124,26,142,298,12,3,1382,383,1903.3400,187.0000,1903.3400,1,1,2026-08-24T00:00:00.000
1383,20260806,960,414,234,40,22,3,6,1383,384,1904.7100,188.0000,1904.7100,1,1,2026-08-24T00:00:00.000
1384,20260817,36240,467,6,320,273,2,6,1384,385,1906.0800,189.0000,1906.0800,1,1,2026-08-24T00:00:00.000
1385,20260729,45360,222,418,385,167,8,4,1385,386,1907.4500,190.0000,1907.4500,1,1,2026-08-24T00:00:00.000
1386,20260802,42600,9,414,178,243,5,3,1386,387,1908.8200,191.0000,1908.8200,1,1,2026-08-24T00:00:00.000
1387,20260711,26820,11,484,470,308,6,7,1387,388,1910.1900,192.0000,1910.1900,1,1,2026-08-24T00:00:00.000
1388,20260719,65520,382,35,137,277,8,1,1388,389,1911.5600,193.0000,1911.5600,1,1,2026-08-24T00:00:00.000
1389,20260623,48780,359,137,118,232,9,6,1389,390,1912.9300,194.0000,1912.9300,1,1,2026-08-24T00:00:00.000
1390,20260529,21300,124,380,89,345,5,7,1390,391,1914.3000,195.0000,1914.3000,1,1,2026-08-24T00:00:00.000
1391,20260710,17760,216,320,13,145,7,7,1391,392,1915.6700,196.0000,1915.6700,1,1,2026-08-24T00:00:00.000
1392,20260611,55020,423,196,5,1,2,4,1392,393,1917.0400,197.0000,1917.0400,1,1,2026-08-24T00:00:00.000
1393,20260714,70680,28,303,159,91,1,5,1393,394,1918.4100,198.0000,1918.4100,1,1,2026-08-24T00:00:00.000
1394,20260711,10020,166,448,469,330,1,1,1394,395,1919.7800,199.0000,1919.7800,1,1,2026-08-24T00:00:00.000
1395,20260607,60000,348,293,363,297,10,6,1395,396,1921.1500,200.0000,1921.1500,1,1,2026-08-24T00:00:00.000
1396,20260710,13620,388,366,284,310,3,6,1396,397,1922.5200,201.0000,1922.5200,1,1,2026-08-24T00:00:00.000
1397,20260621,48360,239,436,273,185,9,3,1397,398,1923.8900,202.0000,1923.8900,1,1,2026-08-24T00:00:00.000
1398,20260619,32700,495,478,132,94,7,4,1398,399,1925.2600,203.0000,1925.2600,1,1,2026-08-24T00:00:00.000
1399,20260621,5520,102,43,413,106,3,5,1399,400,1926.6300,204.0000,1926.6300,1,1,2026-08-24T00:00:00.000
1400,20260802,18540,429,252,329,267,8,2,1400,401,1928.0000,205.0000,1928.0000,1,1,2026-08-24T00:00:00.000
1401,20260818,28680,365,446,101,221,12,7,1401,402,1929.3700,206.0000,1929.3700,1,1,2026-08-24T00:00:00.000
1402,20260709,82380,431,439,1,323,9,3,1402,403,1930.7400,207.0000,1930.7400,1,1,2026-08-24T00:00:00.000
1403,20260811,69540,63,193,187,220,12,3,1403,404,1932.1100,208.0000,1932.1100,1,1,2026-08-24T00:00:00.000
1404,20260727,1020,387,335,221,207,5,7,1404,405,1933.4800,209.0000,1933.4800,1,1,2026-08-24T00:00:00.000
1405,20260701,77160,477,239,73,141,8,5,1405,406,1934.8500,210.0000,1934.8500,1,1,2026-08-24T00:00:00.000
1406,20260626,47100,172,335,270,306,2,4,1406,407,1936.2200,211.0000,1936.2200,1,1,2026-08-24T00:00:00.000
1407,20260719,11880,318,314,36,59,11,1,1407,408,1937.5900,212.0000,1937.5900,1,1,2026-08-24T00:00:00.000
1408,20260806,1800,65,490,125,175,10,3,1408,409,1938.9600,213.0000,1938.9600,1,1,2026-08-24T00:00:00.000
1409,20260809,14280,496,495,286,227,4,1,1409,410,1940.3300,214.0000,1940.3300,1,1,2026-08-24T00:00:00.000
1410,20260630,50340,311,206,49,122,2,3,1410,411,1941.7000,215.0000,1941.7000,1,1,2026-08-24T00:00:00.000
1411,20260820,12300,154,268,190,9,9,7,1411,412,1943.0700,216.0000,1943.0700,1,1,2026-08-24T00:00:00.000
1412,20260816,35520,465,329,417,261,2,7,1412,413,1944.4400,217.0000,1944.4400,1,1,2026-08-24T00:00:00.000
1413,20260708,77700,67,63,340,287,8,6,1413,414,1945.8100,218.0000,1945.8100,1,1,2026-08-24T00:00:00.000
1414,20260718,72420,93,183,194,336,11,5,1414,415,1947.1800,219.0000,1947.1800,1,1,2026-08-24T00:00:00.000
1415,20260709,64560,51,209,451,164,7,1,1415,416,1948.5500,220.0000,1948.5500,1,1,2026-08-24T00:00:00.000
1416,20260527,78120,443,312,168,350,8,5,1416,417,1949.9200,221.0000,1949.9200,1,1,2026-08-24T00:00:00.000
1417,20260723,48480,307,104,189,102,6,5,1417,418,1951.2900,222.0000,1951.2900,1,1,2026-08-24T00:00:00.000
1418,20260609,19080,101,37,414,166,4,2,1418,419,1952.6600,223.0000,1952.6600,1,1,2026-08-24T00:00:00.000
1419,20260702,50520,443,343,54,30,3,2,1419,420,1954.0300,224.0000,1954.0300,1,1,2026-08-24T00:00:00.000
1420,20260616,47340,349,173,202,116,11,7,1420,421,1955.4000,225.0000,1955.4000,1,1,2026-08-24T00:00:00.000
1421,20260605,53400,24,108,90,255,7,1,1421,422,1956.7700,226.0000,1956.7700,1,1,2026-08-24T00:00:00.000
1422,20260617,39900,34,191,483,81,2,2,1422,423,1958.1400,227.0000,1958.1400,1,1,2026-08-24T00:00:00.000
1423,20260605,67500,203,89,92,260,4,3,1423,424,1959.5100,228.0000,1959.5100,1,1,2026-08-24T00:00:00.000
1424,20260721,66180,210,374,346,244,1,1,1424,425,1960.8800,229.0000,1960.8800,1,1,2026-08-24T00:00:00.000
1425,20260714,51780,408,486,368,250,4,6,1425,426,1962.2500,230.0000,1962.2500,1,1,2026-08-24T00:00:00.000
1426,20260715,35520,170,432,452,251,4,2,1426,427,1963.6200,231.0000,1963.6200,1,1,2026-08-24T00:00:00.000
1427,20260710,53640,439,77,187,176,9,4,1427,428,1964.9900,232.0000,1964.9900,1,1,2026-08-24T00:00:00.000
1428,20260808,6900,348,499,260,183,6,5,1428,429,1966.3600,233.0000,1966.3600,1,1,2026-08-24T00:00:00.000
1429,20260804,70860,216,359,489,283,4,4,1429,430,1967.7300,234.0000,1967.7300,1,1,2026-08-24T00:00:00.000
1430,20260721,76440,481,286,265,318,4,1,1430,431,1969.1000,235.0000,1969.1000,1,1,2026-08-24T00:00:00.000
1431,20260731,72900,465,57,425,340,2,1,1431,432,1970.4700,236.0000,1970.4700,1,1,2026-08-24T00:00:00.000
1432,20260718,21360,50,174,68,226,5,2,1432,433,1971.8400,237.0000,1971.8400,1,1,2026-08-24T00:00:00.000
1433,20260531,5160,258,361,314,295,7,6,1433,434,1973.2100,238.0000,1973.2100,1,1,2026-08-24T00:00:00.000
1434,20260708,81180,347,190,153,331,7,1,1434,435,1974.5800,239.0000,1974.5800,1,1,2026-08-24T00:00:00.000
1435,20260626,52080,353,254,218,307,11,1,1435,436,1975.9500,240.0000,1975.9500,1,1,2026-08-24T00:00:00.000
1436,20260815,75900,91,231,444,229,7,6,1436,437,1977.3200,241.0000,1977.3200,1,1,2026-08-24T00:00:00.000
1437,20260810,15300,55,378,241,181,10,3,1437,438,1978.6900,242.0000,1978.6900,1,1,2026-08-24T00:00:00.000
1438,20260720,53040,337,289,418,334,1,3,1438,439,1980.0600,243.0000,1980.0600,1,1,2026-08-24T00:00:00.000
1439,20260701,14340,3,410,229,292,12,7,1439,440,1981.4300,244.0000,1981.4300,1,1,2026-08-24T00:00:00.000
1440,20260603,48360,324,55,481,322,1,6,1440,441,1982.8000,245.0000,1982.8000,1,1,2026-08-24T00:00:00.000
1441,20260703,65820,252,157,25,224,5,7,1441,442,1984.1700,246.0000,1984.1700,1,1,2026-08-24T00:00:00.000
1442,20260708,24780,310,379,146,312,1,7,1442,443,1985.5400,247.0000,1985.5400,1,1,2026-08-24T00:00:00.000
1443,20260804,66780,482,160,296,340,5,1,1443,444,1986.9100,248.0000,1986.9100,1,1,2026-08-24T00:00:00.000
1444,20260813,4080,418,297,90,211,4,1,1444,445,1988.2800,249.0000,1988.2800,1,1,2026-08-24T00:00:00.000
1445,20260605,81360,342,370,169,147,7,2,1445,446,1989.6500,250.0000,1989.6500,1,1,2026-08-24T00:00:00.000
1446,20260610,45000,307,99,467,1,1,6,1446,447,1991.0200,251.0000,1991.0200,1,1,2026-08-24T00:00:00.000
1447,20260615,79200,41,278,391,340,5,7,1447,448,1992.3900,252.0000,1992.3900,1,1,2026-08-24T00:00:00.000
1448,20260712,41940,19,381,276,232,9,2,1448,449,1993.7600,253.0000,1993.7600,1,1,2026-08-24T00:00:00.000
1449,20260628,4200,87,481,252,297,11,3,1449,450,1995.1300,254.0000,1995.1300,1,1,2026-08-24T00:00:00.000
1450,20260701,34500,128,106,334,22,5,5,1450,451,1996.5000,255.0000,1996.5000,1,1,2026-08-24T00:00:00.000
1451,20260625,32280,38,314,258,138,2,7,1451,452,1997.8700,256.0000,1997.8700,1,1,2026-08-24T00:00:00.000
1452,20260708,19500,149,43,77,119,4,3,1452,453,1999.2400,257.0000,1999.2400,1,1,2026-08-24T00:00:00.000
1453,20260805,55560,314,206,232,56,11,6,1453,454,2000.6100,258.0000,2000.6100,1,1,2026-08-24T00:00:00.000
1454,20260724,20400,231,473,165,177,12,3,1454,455,2001.9800,259.0000,2001.9800,1,1,2026-08-24T00:00:00.000
1455,20260730,2040,477,320,281,182,7,7,1455,456,2003.3500,260.0000,2003.3500,1,1,2026-08-24T00:00:00.000
1456,20260608,36780,86,170,266,100,9,3,1456,457,2004.7200,261.0000,2004.7200,1,1,2026-08-24T00:00:00.000
1457,20260803,25800,226,211,359,98,6,3,1457,458,2006.0900,262.0000,2006.0900,1,1,2026-08-24T00:00:00.000
1458,20260708,7440,49,91,245,299,12,2,1458,459,2007.4600,263.0000,2007.4600,1,1,2026-08-24T00:00:00.000
1459,20260813,15780,419,205,427,70,9,1,1459,460,2008.8300,264.0000,2008.8300,1,1,2026-08-24T00:00:00.000
1460,20260807,35040,218,245,122,155,7,5,1460,461,2010.2000,265.0000,2010.2000,1,1,2026-08-24T00:00:00.000
1461,20260629,63540,8,451,385,188,8,2,1461,462,2011.5700,266.0000,2011.5700,1,1,2026-08-24T00:00:00.000
1462,20260824,76200,497,294,432,296,7,1,1462,463,2012.9400,267.0000,2012.9400,1,1,2026-08-24T00:00:00.000
1463,20260814,51060,164,471,470,194,10,1,1463,464,2014.3100,268.0000,2014.3100,1,1,2026-08-24T00:00:00.000
1464,20260602,56160,296,143,20,163,5,1,1464,465,2015.6800,269.0000,2015.6800,1,1,2026-08-24T00:00:00.000
1465,20260715,2880,150,107,438,339,5,1,1465,466,2017.0500,270.0000,2017.0500,1,1,2026-08-24T00:00:00.000
1466,20260823,5580,211,241,18,98,2,7,1466,467,2018.4200,271.0000,2018.4200,1,1,2026-08-24T00:00:00.000
1467,20260608,5040,47,84,359,87,7,3,1467,468,2019.7900,272.0000,2019.7900,1,1,2026-08-24T00:00:00.000
1468,20260801,40140,470,382,329,191,5,7,1468,469,2021.1600,273.0000,2021.1600,1,1,2026-08-24T00:00:00.000
1469,20260705,81360,437,456,50,218,11,5,1469,470,2022.5300,274.0000,2022.5300,1,1,2026-08-24T00:00:00.000
1470,20260815,18780,389,158,254,350,1,5,1470,471,2023.9000,275.0000,2023.9000,1,1,2026-08-24T00:00:00.000
1471,20260617,83400,403,28,483,4,2,5,1471,472,2025.2700,276.0000,2025.2700,1,1,2026-08-24T00:00:00.000
1472,20260622,68520,438,133,321,120,3,2,1472,473,2026.6400,277.0000,2026.6400,1,1,2026-08-24T00:00:00.000
1473,20260716,22260,357,365,141,292,6,4,1473,474,2028.0100,278.0000,2028.0100,1,1,2026-08-24T00:00:00.000
1474,20260824,58320,99,278,487,235,5,2,1474,475,2029.3800,279.0000,2029.3800,1,1,2026-08-24T00:00:00.000
1475,20260712,28920,384,443,377,93,2,3,1475,476,2030.7500,280.0000,2030.7500,1,1,2026-08-24T00:00:00.000
1476,20260528,30420,124,226,332,245,5,2,1476,477,2032.1200,281.0000,2032.1200,1,1,2026-08-24T00:00:00.000
1477,20260823,80880,490,306,190,200,12,7,1477,478,2033.4900,282.0000,2033.4900,1,1,2026-08-24T00:00:00.000
1478,20260813,74880,286,462,286,240,4,5,1478,479,2034.8600,283.0000,2034.8600,1,1,2026-08-24T00:00:00.000
1479,20260807,64020,390,6,85,266,12,5,1479,480,2036.2300,284.0000,2036.2300,1,1,2026-08-24T00:00:00.000
1480,20260621,51000,342,353,480,295,11,6,1480,481,2037.6000,285.0000,2037.6000,1,1,2026-08-24T00:00:00.000
1481,20260528,28020,348,315,234,304,4,3,1481,482,2038.9700,286.0000,2038.9700,1,1,2026-08-24T00:00:00.000
1482,20260604,58800,316,278,334,128,10,6,1482,483,2040.3400,287.0000,2040.3400,1,1,2026-08-24T00:00:00.000
1483,20260606,49980,270,351,336,160,2,4,1483,484,2041.7100,288.0000,2041.7100,1,1,2026-08-24T00:00:00.000
1484,20260809,59940,402,435,145,37,11,4,1484,485,2043.0800,289.0000,2043.0800,1,1,2026-08-24T00:00:00.000
1485,20260630,61260,186,467,337,58,4,5,1485,486,2044.4500,290.0000,2044.4500,1,1,2026-08-24T00:00:00.000
1486,20260630,23520,165,383,126,99,4,5,1486,487,2045.8200,291.0000,2045.8200,1,1,2026-08-24T00:00:00.000
1487,20260530,20220,208,152,215,221,12,5,1487,488,2047.1900,292.0000,2047.1900,1,1,2026-08-24T00:00:00.000
1488,20260818,80580,229,490,477,143,1,1,1488,489,2048.5600,293.0000,2048.5600,1,1,2026-08-24T00:00:00.000
1489,20260809,27600,251,62,408,144,2,7,1489,490,2049.9300,294.0000,2049.9300,1,1,2026-08-24T00:00:00.000
1490,20260710,68100,215,171,25,59,6,1,1490,491,2051.3000,295.0000,2051.3000,1,1,2026-08-24T00:00:00.000
1491,20260601,6000,262,182,398,314,1,2,1491,492,2052.6700,296.0000,2052.6700,1,1,2026-08-24T00:00:00.000
1492,20260703,56820,40,283,310,194,12,4,1492,493,2054.0400,297.0000,2054.0400,1,1,2026-08-24T00:00:00.000
1493,20260817,45420,379,416,301,67,11,5,1493,494,2055.4100,298.0000,2055.4100,1,1,2026-08-24T00:00:00.000
1494,20260610,41580,431,346,248,62,9,5,1494,495,2056.7800,299.0000,2056.7800,1,1,2026-08-24T00:00:00.000
1495,20260627,57660,128,478,348,88,3,4,1495,496,2058.1500,300.0000,2058.1500,1,1,2026-08-24T00:00:00.000
1496,20260709,83040,174,54,22,302,1,7,1496,497,2059.5200,301.0000,2059.5200,1,1,2026-08-24T00:00:00.000
1497,20260529,62700,110,151,456,113,7,5,1497,498,2060.8900,302.0000,2060.8900,1,1,2026-08-24T00:00:00.000
1498,20260708,52620,24,110,144,282,9,6,1498,499,2062.2600,303.0000,2062.2600,1,1,2026-08-24T00:00:00.000
1499,20260614,83520,453,228,474,232,6,2,1499,500,2063.6300,304.0000,2063.6300,1,1,2026-08-24T00:00:00.000
1500,20260617,83220,42,227,98,163,9,6,1500,501,2065.0000,305.0000,2065.0000,1,1,2026-08-24T00:00:00.000
1501,20260822,58380,418,194,56,95,4,5,1501,502,2066.3700,306.0000,2066.3700,1,1,2026-08-24T00:00:00.000
1502,20260611,22620,440,169,80,2,8,2,1502,503,2067.7400,307.0000,2067.7400,1,1,2026-08-24T00:00:00.000
1503,20260622,38040,192,23,1,209,4,1,1503,504,2069.1100,308.0000,2069.1100,1,1,2026-08-24T00:00:00.000
1504,20260820,26640,10,291,351,209,11,2,1504,505,2070.4800,309.0000,2070.4800,1,1,2026-08-24T00:00:00.000
1505,20260730,70380,64,6,246,19,1,5,1505,506,2071.8500,310.0000,2071.8500,1,1,2026-08-24T00:00:00.000
1506,20260807,13860,174,80,180,16,6,4,1506,507,2073.2200,311.0000,2073.2200,1,1,2026-08-24T00:00:00.000
1507,20260610,50700,284,67,137,125,7,4,1507,508,2074.5900,312.0000,2074.5900,1,1,2026-08-24T00:00:00.000
1508,20260816,51360,140,435,421,90,9,3,1508,509,2075.9600,313.0000,2075.9600,1,1,2026-08-24T00:00:00.000
1509,20260730,58920,191,141,234,297,5,2,1509,510,2077.3300,314.0000,2077.3300,1,1,2026-08-24T00:00:00.000
1510,20260803,6840,334,470,267,250,9,5,1510,511,2078.7000,315.0000,2078.7000,1,1,2026-08-24T00:00:00.000
1511,20260724,48420,223,315,154,171,1,3,1511,512,2080.0700,316.0000,2080.0700,1,1,2026-08-24T00:00:00.000
1512,20260606,80520,364,343,446,105,12,5,1512,513,2081.4400,317.0000,2081.4400,1,1,2026-08-24T00:00:00.000
1513,20260804,41040,420,208,79,210,5,1,1513,514,2082.8100,318.0000,2082.8100,1,1,2026-08-24T00:00:00.000
1514,20260630,53700,363,94,285,19,7,6,1514,515,2084.1800,319.0000,2084.1800,1,1,2026-08-24T00:00:00.000
1515,20260705,72000,219,499,141,247,1,7,1515,516,2085.5500,320.0000,2085.5500,1,1,2026-08-24T00:00:00.000
1516,20260807,28560,499,55,414,323,3,7,1516,517,2086.9200,321.0000,2086.9200,1,1,2026-08-24T00:00:00.000
1517,20260718,76620,361,26,146,215,9,4,1517,518,2088.2900,322.0000,2088.2900,1,1,2026-08-24T00:00:00.000
1518,20260731,22980,306,42,369,149,5,7,1518,519,2089.6600,323.0000,2089.6600,1,1,2026-08-24T00:00:00.000
1519,20260703,65160,7,18,29,150,9,4,1519,520,2091.0300,324.0000,2091.0300,1,1,2026-08-24T00:00:00.000
1520,20260607,50820,394,377,183,157,11,5,1520,521,2092.4000,325.0000,2092.4000,1,1,2026-08-24T00:00:00.000
1521,20260721,7260,124,54,134,10,9,7,1521,522,2093.7700,326.0000,2093.7700,1,1,2026-08-24T00:00:00.000
1522,20260813,2580,33,416,85,207,1,1,1522,523,2095.1400,327.0000,2095.1400,1,1,2026-08-24T00:00:00.000
1523,20260814,34620,421,349,409,330,8,4,1523,524,2096.5100,328.0000,2096.5100,1,1,2026-08-24T00:00:00.000
1524,20260630,3240,198,76,79,330,8,3,1524,525,2097.8800,329.0000,2097.8800,1,1,2026-08-24T00:00:00.000
1525,20260528,78480,327,263,260,59,9,1,1525,526,2099.2500,330.0000,2099.2500,1,1,2026-08-24T00:00:00.000
1526,20260808,68460,337,171,299,69,8,7,1526,527,2100.6200,331.0000,2100.6200,1,1,2026-08-24T00:00:00.000
1527,20260527,59280,122,38,433,79,10,2,1527,528,2101.9900,332.0000,2101.9900,1,1,2026-08-24T00:00:00.000
1528,20260708,74640,453,176,428,254,5,5,1528,529,2103.3600,333.0000,2103.3600,1,1,2026-08-24T00:00:00.000
1529,20260808,11400,153,62,56,84,4,6,1529,530,2104.7300,334.0000,2104.7300,1,1,2026-08-24T00:00:00.000
1530,20260727,50700,320,28,358,77,9,7,1530,531,2106.1000,335.0000,2106.1000,1,1,2026-08-24T00:00:00.000
1531,20260630,65700,174,19,338,226,12,1,1531,532,2107.4700,336.0000,2107.4700,1,1,2026-08-24T00:00:00.000
1532,20260618,35220,196,369,442,16,5,5,1532,533,2108.8400,337.0000,2108.8400,1,1,2026-08-24T00:00:00.000
1533,20260725,18240,450,54,21,265,3,2,1533,534,2110.2100,338.0000,2110.2100,1,1,2026-08-24T00:00:00.000
1534,20260620,56400,369,299,179,14,11,4,1534,535,2111.5800,339.0000,2111.5800,1,1,2026-08-24T00:00:00.000
1535,20260529,36360,68,470,187,334,3,3,1535,536,2112.9500,340.0000,2112.9500,1,1,2026-08-24T00:00:00.000
1536,20260805,75780,67,17,134,130,3,1,1536,537,2114.3200,341.0000,2114.3200,1,1,2026-08-24T00:00:00.000
1537,20260625,28920,318,63,92,83,4,3,1537,538,2115.6900,342.0000,2115.6900,1,1,2026-08-24T00:00:00.000
1538,20260531,3360,407,476,240,320,5,3,1538,539,2117.0600,343.0000,2117.0600,1,1,2026-08-24T00:00:00.000
1539,20260723,52080,216,134,229,203,9,1,1539,540,2118.4300,344.0000,2118.4300,1,1,2026-08-24T00:00:00.000
1540,20260812,79440,377,192,60,204,11,7,1540,541,2119.8000,345.0000,2119.8000,1,1,2026-08-24T00:00:00.000
1541,20260722,42420,18,77,228,255,2,7,1541,542,2121.1700,346.0000,2121.1700,1,1,2026-08-24T00:00:00.000
1542,20260724,79800,320,154,453,38,9,7,1542,543,2122.5400,347.0000,2122.5400,1,1,2026-08-24T00:00:00.000
1543,20260620,40260,168,389,311,276,9,4,1543,544,2123.9100,348.0000,2123.9100,1,1,2026-08-24T00:00:00.000
1544,20260607,5820,351,365,396,280,3,1,1544,545,2125.2800,349.0000,2125.2800,1,1,2026-08-24T00:00:00.000
1545,20260625,36000,26,238,102,304,5,3,1545,546,2126.6500,350.0000,2126.6500,1,1,2026-08-24T00:00:00.000
1546,20260813,81300,217,45,122,270,4,3,1546,547,2128.0200,351.0000,2128.0200,1,1,2026-08-24T00:00:00.000
1547,20260529,37860,104,233,215,91,10,3,1547,548,2129.3900,352.0000,2129.3900,1,1,2026-08-24T00:00:00.000
1548,20260718,49980,233,473,393,229,11,6,1548,549,2130.7600,353.0000,2130.7600,1,1,2026-08-24T00:00:00.000
1549,20260620,36840,52,290,383,54,7,3,1549,550,2132.1300,354.0000,2132.1300,1,1,2026-08-24T00:00:00.000
1550,20260802,66420,295,409,394,290,11,4,1550,551,2133.5000,355.0000,2133.5000,1,1,2026-08-24T00:00:00.000
1551,20260607,41220,445,37,431,141,9,2,1551,552,2134.8700,356.0000,2134.8700,1,1,2026-08-24T00:00:00.000
1552,20260728,5700,172,282,290,24,2,3,1552,553,2136.2400,357.0000,2136.2400,1,1,2026-08-24T00:00:00.000
1553,20260615,30780,98,291,180,133,11,7,1553,554,2137.6100,358.0000,2137.6100,1,1,2026-08-24T00:00:00.000
1554,20260530,74100,87,128,96,179,6,5,1554,555,2138.9800,359.0000,2138.9800,1,1,2026-08-24T00:00:00.000
1555,20260626,75060,62,225,497,53,6,2,1555,556,2140.3500,360.0000,2140.3500,1,1,2026-08-24T00:00:00.000
1556,20260603,11580,40,56,444,81,1,1,1556,557,2141.7200,361.0000,2141.7200,1,1,2026-08-24T00:00:00.000
1557,20260620,83580,212,418,308,188,6,5,1557,558,2143.0900,362.0000,2143.0900,1,1,2026-08-24T00:00:00.000
1558,20260531,27960,72,395,416,230,11,2,1558,559,2144.4600,363.0000,2144.4600,1,1,2026-08-24T00:00:00.000
1559,20260813,5040,267,444,381,18,3,4,1559,560,2145.8300,364.0000,2145.8300,1,1,2026-08-24T00:00:00.000
1560,20260618,32280,214,415,268,340,10,2,1560,561,2147.2000,365.0000,2147.2000,1,1,2026-08-24T00:00:00.000
1561,20260717,780,62,87,353,117,5,1,1561,562,2148.5700,366.0000,2148.5700,1,1,2026-08-24T00:00:00.000
1562,20260731,3600,245,170,471,203,9,2,1562,563,2149.9400,367.0000,2149.9400,1,1,2026-08-24T00:00:00.000
1563,20260726,57060,70,306,60,291,8,4,1563,564,2151.3100,368.0000,2151.3100,1,1,2026-08-24T00:00:00.000
1564,20260708,51540,283,251,253,114,2,6,1564,565,2152.6800,369.0000,2152.6800,1,1,2026-08-24T00:00:00.000
1565,20260530,14640,355,158,20,241,11,1,1565,566,2154.0500,370.0000,2154.0500,1,1,2026-08-24T00:00:00.000
1566,20260601,37020,413,1,101,29,6,2,1566,567,2155.4200,371.0000,2155.4200,1,1,2026-08-24T00:00:00.000
1567,20260715,61260,320,282,18,69,9,6,1567,568,2156.7900,372.0000,2156.7900,1,1,2026-08-24T00:00:00.000
1568,20260824,19320,272,228,446,130,8,7,1568,569,2158.1600,373.0000,2158.1600,1,1,2026-08-24T00:00:00.000
1569,20260801,21600,245,373,99,290,8,4,1569,570,2159.5300,374.0000,2159.5300,1,1,2026-08-24T00:00:00.000
1570,20260623,8880,201,312,71,253,1,2,1570,571,2160.9000,375.0000,2160.9000,1,1,2026-08-24T00:00:00.000
1571,20260706,48480,122,68,40,147,1,5,1571,572,2162.2700,376.0000,2162.2700,1,1,2026-08-24T00:00:00.000
1572,20260720,70080,55,125,213,196,3,1,1572,573,2163.6400,377.0000,2163.6400,1,1,2026-08-24T00:00:00.000
1573,20260621,48840,321,388,390,90,1,7,1573,574,2165.0100,378.0000,2165.0100,1,1,2026-08-24T00:00:00.000
1574,20260823,66240,127,258,144,308,1,7,1574,575,2166.3800,379.0000,2166.3800,1,1,2026-08-24T00:00:00.000
1575,20260812,70080,464,30,67,220,4,2,1575,576,2167.7500,380.0000,2167.7500,1,1,2026-08-24T00:00:00.000
1576,20260727,44100,268,30,61,280,8,7,1576,577,2169.1200,381.0000,2169.1200,1,1,2026-08-24T00:00:00.000
1577,20260703,34860,234,42,155,77,7,1,1577,578,2170.4900,382.0000,2170.4900,1,1,2026-08-24T00:00:00.000
