SalesOrderAllocationKey,AllocationDateKey,PromiseShipDateKey,AllocationTimeOfDayKey,SalesOrderLineKey,SalesFulfillmentPromiseKey,ProductKey,FulfillmentPlantKey,SalesAllocationStatusKey,UnitOfMeasureKey,AllocationDocumentNumber,RequestedQuantity,AllocatedQuantity,UnallocatedQuantity,SourceSystemKey,BatchId,LoadedAtUtc
1,20260606,20260609,6120,485,148,293,127,7,3,SOA000001,0.8000,0.8000,0.8000,1,1,2026-08-24T00:00:00.000
2,20260704,20260620,15240,55,453,210,173,5,1,SOA000002,1.5000,1.5000,1.5000,1,1,2026-08-24T00:00:00.000
3,20260723,20260726,77280,342,237,347,29,5,7,SOA000003,2.2000,2.2000,2.2000,1,1,2026-08-24T00:00:00.000
4,20260623,20260816,73320,301,185,72,57,2,2,SOA000004,2.9000,2.9000,2.9000,1,1,2026-08-24T00:00:00.000
5,20260716,20260808,42600,388,270,76,213,9,1,SOA000005,3.6000,3.6000,3.6000,1,1,2026-08-24T00:00:00.000
6,20260711,20260529,74760,150,319,334,1,2,6,SOA000006,4.3000,4.3000,4.3000,1,1,2026-08-24T00:00:00.000
7,20260821,20260711,66600,175,402,482,146,9,2,SOA000007,5.0000,5.0000,5.0000,1,1,2026-08-24T00:00:00.000
8,20260807,20260620,960,406,279,244,50,7,4,SOA000008,5.7000,5.7000,5.7000,1,1,2026-08-24T00:00:00.000
9,20260716,20260813,43920,459,90,323,193,3,4,SOA000009,6.4000,6.4000,6.4000,1,1,2026-08-24T00:00:00.000
10,20260714,20260810,28020,6,309,111,131,2,1,SOA000010,7.1000,7.1000,7.1000,1,1,2026-08-24T00:00:00.000
11,20260812,20260712,76920,297,327,478,195,3,5,SOA000011,7.8000,7.8000,7.8000,1,1,2026-08-24T00:00:00.000
12,20260823,20260708,39600,61,104,22,62,5,1,SOA000012,8.5000,8.5000,8.5000,1,1,2026-08-24T00:00:00.000
13,20260623,20260618,15300,175,195,296,64,8,7,SOA000013,9.2000,9.2000,9.2000,1,1,2026-08-24T00:00:00.000
14,20260529,20260703,9720,443,247,433,2,9,6,SOA000014,9.9000,9.9000,9.9000,1,1,2026-08-24T00:00:00.000
15,20260723,20260630,10380,283,292,10,168,7,3,SOA000015,10.6000,10.6000,10.6000,1,1,2026-08-24T00:00:00.000
16,20260617,20260623,63060,473,193,320,316,10,6,SOA000016,11.3000,11.3000,11.3000,1,1,2026-08-24T00:00:00.000
17,20260813,20260727,58980,196,57,412,81,1,5,SOA000017,12.0000,12.0000,12.0000,1,1,2026-08-24T00:00:00.000
18,20260723,20260722,30420,449,222,421,142,2,3,SOA000018,12.7000,12.7000,12.7000,1,1,2026-08-24T00:00:00.000
19,20260816,20260802,25440,37,381,364,230,6,4,SOA000019,13.4000,13.4000,13.4000,1,1,2026-08-24T00:00:00.000
20,20260731,20260709,63780,420,333,28,298,7,6,SOA000020,14.1000,14.1000,14.1000,1,1,2026-08-24T00:00:00.000
21,20260617,20260807,15720,254,276,431,265,5,7,SOA000021,14.8000,14.8000,14.8000,1,1,2026-08-24T00:00:00.000
22,20260626,20260807,25500,83,407,116,86,1,7,SOA000022,15.5000,15.5000,15.5000,1,1,2026-08-24T00:00:00.000
23,20260729,20260615,18180,331,32,102,326,5,7,SOA000023,16.2000,16.2000,16.2000,1,1,2026-08-24T00:00:00.000
24,20260704,20260630,30240,94,166,303,263,7,3,SOA000024,16.9000,16.9000,16.9000,1,1,2026-08-24T00:00:00.000
25,20260822,20260817,62640,143,407,160,258,1,4,SOA000025,17.6000,17.6000,17.6000,1,1,2026-08-24T00:00:00.000
26,20260603,20260731,73560,9,194,230,111,2,4,SOA000026,18.3000,18.3000,18.3000,1,1,2026-08-24T00:00:00.000
27,20260812,20260820,31680,463,51,393,253,2,4,SOA000027,19.0000,19.0000,19.0000,1,1,2026-08-24T00:00:00.000
28,20260721,20260616,22620,18,480,33,13,6,5,SOA000028,19.7000,19.7000,19.7000,1,1,2026-08-24T00:00:00.000
29,20260725,20260606,39840,484,411,280,176,10,7,SOA000029,20.4000,20.4000,20.4000,1,1,2026-08-24T00:00:00.000
30,20260805,20260811,17820,488,179,99,319,7,4,SOA000030,21.1000,21.1000,21.1000,1,1,2026-08-24T00:00:00.000
31,20260812,20260614,56400,394,59,332,64,1,2,SOA000031,21.8000,21.8000,21.8000,1,1,2026-08-24T00:00:00.000
32,20260820,20260531,13740,178,233,283,265,4,3,SOA000032,22.5000,22.5000,22.5000,1,1,2026-08-24T00:00:00.000
33,20260613,20260617,85860,475,370,239,269,3,3,SOA000033,23.2000,23.2000,23.2000,1,1,2026-08-24T00:00:00.000
34,20260603,20260811,62760,171,435,447,60,10,5,SOA000034,23.9000,23.9000,23.9000,1,1,2026-08-24T00:00:00.000
35,20260714,20260803,42480,261,86,38,337,4,5,SOA000035,24.6000,24.6000,24.6000,1,1,2026-08-24T00:00:00.000
36,20260730,20260625,41340,372,35,429,132,2,6,SOA000036,25.3000,25.3000,25.3000,1,1,2026-08-24T00:00:00.000
37,20260710,20260718,22620,369,45,343,76,7,1,SOA000037,26.0000,26.0000,26.0000,1,1,2026-08-24T00:00:00.000
38,20260816,20260704,55500,177,292,422,190,7,4,SOA000038,26.7000,26.7000,26.7000,1,1,2026-08-24T00:00:00.000
39,20260718,20260719,74760,142,391,181,100,7,5,SOA000039,27.4000,27.4000,27.4000,1,1,2026-08-24T00:00:00.000
40,20260731,20260626,15300,75,123,394,81,2,7,SOA000040,28.1000,28.1000,28.1000,1,1,2026-08-24T00:00:00.000
41,20260527,20260713,82920,157,232,344,166,1,4,SOA000041,28.8000,28.8000,28.8000,1,1,2026-08-24T00:00:00.000
42,20260615,20260701,7860,189,68,90,202,2,7,SOA000042,29.5000,29.5000,29.5000,1,1,2026-08-24T00:00:00.000
43,20260710,20260603,43440,405,428,194,256,2,1,SOA000043,30.2000,30.2000,30.2000,1,1,2026-08-24T00:00:00.000
44,20260723,20260730,73320,430,496,81,327,5,1,SOA000044,30.9000,30.9000,30.9000,1,1,2026-08-24T00:00:00.000
45,20260820,20260531,3240,428,358,354,285,4,3,SOA000045,31.6000,31.6000,31.6000,1,1,2026-08-24T00:00:00.000
46,20260804,20260630,80760,215,74,400,161,6,7,SOA000046,32.3000,32.3000,32.3000,1,1,2026-08-24T00:00:00.000
47,20260620,20260610,55320,70,480,238,248,5,2,SOA000047,33.0000,33.0000,33.0000,1,1,2026-08-24T00:00:00.000
48,20260531,20260816,26100,172,391,230,103,4,7,SOA000048,33.7000,33.7000,33.7000,1,1,2026-08-24T00:00:00.000
49,20260820,20260719,4740,285,235,273,103,6,4,SOA000049,34.4000,34.4000,34.4000,1,1,2026-08-24T00:00:00.000
50,20260619,20260531,16320,134,366,340,294,6,5,SOA000050,35.1000,35.1000,35.1000,1,1,2026-08-24T00:00:00.000
51,20260820,20260812,75000,117,329,61,273,5,1,SOA000051,35.8000,35.8000,35.8000,1,1,2026-08-24T00:00:00.000
52,20260819,20260807,28200,195,244,161,165,1,1,SOA000052,36.5000,36.5000,36.5000,1,1,2026-08-24T00:00:00.000
53,20260626,20260712,71280,157,352,53,250,2,2,SOA000053,37.2000,37.2000,37.2000,1,1,2026-08-24T00:00:00.000
54,20260602,20260615,74580,69,11,326,7,3,5,SOA000054,37.9000,37.9000,37.9000,1,1,2026-08-24T00:00:00.000
55,20260812,20260714,85440,391,341,351,259,9,1,SOA000055,38.6000,38.6000,38.6000,1,1,2026-08-24T00:00:00.000
56,20260630,20260704,69060,371,96,340,51,7,2,SOA000056,39.3000,39.3000,39.3000,1,1,2026-08-24T00:00:00.000
57,20260701,20260731,45420,145,102,46,143,10,1,SOA000057,40.0000,40.0000,40.0000,1,1,2026-08-24T00:00:00.000
58,20260721,20260703,18480,234,288,124,28,1,6,SOA000058,40.7000,40.7000,40.7000,1,1,2026-08-24T00:00:00.000
59,20260727,20260527,26700,477,254,155,244,10,1,SOA000059,41.4000,41.4000,41.4000,1,1,2026-08-24T00:00:00.000
60,20260824,20260531,25620,401,115,320,21,9,5,SOA000060,42.1000,42.1000,42.1000,1,1,2026-08-24T00:00:00.000
61,20260823,20260730,9480,404,83,294,73,9,1,SOA000061,42.8000,42.8000,42.8000,1,1,2026-08-24T00:00:00.000
62,20260727,20260607,12180,379,361,406,262,5,2,SOA000062,43.5000,43.5000,43.5000,1,1,2026-08-24T00:00:00.000
63,20260704,20260718,33240,42,281,379,209,1,3,SOA000063,44.2000,44.2000,44.2000,1,1,2026-08-24T00:00:00.000
64,20260809,20260603,75360,287,142,127,39,5,7,SOA000064,44.9000,44.9000,44.9000,1,1,2026-08-24T00:00:00.000
65,20260625,20260721,84420,38,368,259,4,1,4,SOA000065,45.6000,45.6000,45.6000,1,1,2026-08-24T00:00:00.000
66,20260819,20260625,77160,379,429,12,315,2,2,SOA000066,46.3000,46.3000,46.3000,1,1,2026-08-24T00:00:00.000
67,20260819,20260619,38220,70,72,37,222,2,3,SOA000067,47.0000,47.0000,47.0000,1,1,2026-08-24T00:00:00.000
68,20260620,20260604,79200,286,93,381,13,10,5,SOA000068,47.7000,47.7000,47.7000,1,1,2026-08-24T00:00:00.000
69,20260821,20260717,77100,300,55,72,128,1,4,SOA000069,48.4000,48.4000,48.4000,1,1,2026-08-24T00:00:00.000
70,20260531,20260606,66960,245,125,71,228,5,4,SOA000070,49.1000,49.1000,49.1000,1,1,2026-08-24T00:00:00.000
71,20260628,20260804,38280,366,86,100,130,6,3,SOA000071,49.8000,49.8000,49.8000,1,1,2026-08-24T00:00:00.000
72,20260805,20260717,33900,372,285,341,157,2,4,SOA000072,50.5000,50.5000,50.5000,1,1,2026-08-24T00:00:00.000
73,20260609,20260805,1980,396,172,9,20,2,6,SOA000073,51.2000,51.2000,51.2000,1,1,2026-08-24T00:00:00.000
74,20260824,20260630,29040,495,132,198,136,3,7,SOA000074,51.9000,51.9000,51.9000,1,1,2026-08-24T00:00:00.000
75,20260806,20260715,26040,338,447,360,6,7,3,SOA000075,52.6000,52.6000,52.6000,1,1,2026-08-24T00:00:00.000
76,20260707,20260819,79500,162,450,10,75,4,5,SOA000076,53.3000,53.3000,53.3000,1,1,2026-08-24T00:00:00.000
77,20260710,20260813,79980,483,307,455,296,9,5,SOA000077,54.0000,54.0000,54.0000,1,1,2026-08-24T00:00:00.000
78,20260614,20260724,9660,102,442,283,331,7,6,SOA000078,54.7000,54.7000,54.7000,1,1,2026-08-24T00:00:00.000
79,20260627,20260711,30660,245,234,423,129,5,3,SOA000079,55.4000,55.4000,55.4000,1,1,2026-08-24T00:00:00.000
80,20260703,20260703,3480,261,44,101,132,10,5,SOA000080,56.1000,56.1000,56.1000,1,1,2026-08-24T00:00:00.000
81,20260608,20260803,32640,494,475,180,44,8,3,SOA000081,56.8000,56.8000,56.8000,1,1,2026-08-24T00:00:00.000
82,20260808,20260724,74520,171,60,194,188,9,1,SOA000082,57.5000,57.5000,57.5000,1,1,2026-08-24T00:00:00.000
83,20260614,20260806,12960,325,397,23,313,9,4,SOA000083,58.2000,58.2000,58.2000,1,1,2026-08-24T00:00:00.000
84,20260616,20260615,26100,426,212,273,235,4,2,SOA000084,58.9000,58.9000,58.9000,1,1,2026-08-24T00:00:00.000
85,20260811,20260531,51900,233,195,430,212,9,3,SOA000085,59.6000,59.6000,59.6000,1,1,2026-08-24T00:00:00.000
86,20260625,20260816,43920,452,195,88,124,10,5,SOA000086,60.3000,60.3000,60.3000,1,1,2026-08-24T00:00:00.000
87,20260729,20260720,4860,443,253,89,138,1,5,SOA000087,61.0000,61.0000,61.0000,1,1,2026-08-24T00:00:00.000
88,20260527,20260609,21840,219,282,15,290,7,5,SOA000088,61.7000,61.7000,61.7000,1,1,2026-08-24T00:00:00.000
89,20260814,20260613,83880,111,326,413,153,10,2,SOA000089,62.4000,62.4000,62.4000,1,1,2026-08-24T00:00:00.000
90,20260812,20260716,26760,110,216,307,321,8,2,SOA000090,63.1000,63.1000,63.1000,1,1,2026-08-24T00:00:00.000
91,20260616,20260816,28020,360,93,472,103,2,3,SOA000091,63.8000,63.8000,63.8000,1,1,2026-08-24T00:00:00.000
92,20260604,20260725,85200,489,489,469,73,7,5,SOA000092,64.5000,64.5000,64.5000,1,1,2026-08-24T00:00:00.000
93,20260614,20260824,31680,125,316,460,101,2,1,SOA000093,65.2000,65.2000,65.2000,1,1,2026-08-24T00:00:00.000
94,20260617,20260610,58200,422,349,150,117,3,2,SOA000094,65.9000,65.9000,65.9000,1,1,2026-08-24T00:00:00.000
95,20260629,20260811,15720,286,36,437,9,6,5,SOA000095,66.6000,66.6000,66.6000,1,1,2026-08-24T00:00:00.000
96,20260605,20260619,73320,128,283,307,296,3,2,SOA000096,67.3000,67.3000,67.3000,1,1,2026-08-24T00:00:00.000
97,20260723,20260716,44880,95,424,35,120,4,5,SOA000097,68.0000,68.0000,68.0000,1,1,2026-08-24T00:00:00.000
98,20260815,20260801,26520,443,254,445,268,6,1,SOA000098,68.7000,68.7000,68.7000,1,1,2026-08-24T00:00:00.000
99,20260614,20260711,65220,226,198,199,289,8,3,SOA000099,69.4000,69.4000,69.4000,1,1,2026-08-24T00:00:00.000
100,20260806,20260721,25320,262,496,310,170,5,6,SOA000100,70.1000,70.1000,70.1000,1,1,2026-08-24T00:00:00.000
101,20260716,20260811,21480,437,424,240,151,2,3,SOA000101,70.8000,70.8000,70.8000,1,1,2026-08-24T00:00:00.000
102,20260809,20260717,23040,12,77,195,156,1,4,SOA000102,71.5000,71.5000,71.5000,1,1,2026-08-24T00:00:00.000
103,20260706,20260610,1860,292,406,145,71,2,7,SOA000103,72.2000,72.2000,72.2000,1,1,2026-08-24T00:00:00.000
104,20260603,20260628,72180,467,468,397,152,10,3,SOA000104,72.9000,72.9000,72.9000,1,1,2026-08-24T00:00:00.000
105,20260801,20260705,12420,407,33,121,23,6,5,SOA000105,73.6000,73.6000,73.6000,1,1,2026-08-24T00:00:00.000
106,20260613,20260709,63420,293,162,67,265,1,2,SOA000106,74.3000,74.3000,74.3000,1,1,2026-08-24T00:00:00.000
107,20260822,20260625,18060,347,175,241,211,10,7,SOA000107,75.0000,75.0000,75.0000,1,1,2026-08-24T00:00:00.000
108,20260716,20260611,70020,64,164,339,234,7,1,SOA000108,75.7000,75.7000,75.7000,1,1,2026-08-24T00:00:00.000
109,20260531,20260703,12420,2,41,98,331,5,7,SOA000109,76.4000,76.4000,76.4000,1,1,2026-08-24T00:00:00.000
110,20260802,20260622,45060,133,249,49,310,5,1,SOA000110,77.1000,77.1000,77.1000,1,1,2026-08-24T00:00:00.000
111,20260821,20260630,67680,374,204,405,20,4,3,SOA000111,77.8000,77.8000,77.8000,1,1,2026-08-24T00:00:00.000
112,20260729,20260812,24720,8,286,55,78,7,1,SOA000112,78.5000,78.5000,78.5000,1,1,2026-08-24T00:00:00.000
113,20260814,20260623,74880,399,213,425,56,7,5,SOA000113,79.2000,79.2000,79.2000,1,1,2026-08-24T00:00:00.000
114,20260531,20260701,8940,434,338,436,55,2,2,SOA000114,79.9000,79.9000,79.9000,1,1,2026-08-24T00:00:00.000
115,20260602,20260718,73800,466,87,151,219,7,5,SOA000115,80.6000,80.6000,80.6000,1,1,2026-08-24T00:00:00.000
116,20260801,20260529,31800,255,65,448,198,4,1,SOA000116,81.3000,81.3000,81.3000,1,1,2026-08-24T00:00:00.000
117,20260806,20260809,35940,424,211,52,343,6,5,SOA000117,82.0000,82.0000,82.0000,1,1,2026-08-24T00:00:00.000
118,20260602,20260616,68100,12,447,440,292,1,2,SOA000118,82.7000,82.7000,82.7000,1,1,2026-08-24T00:00:00.000
119,20260716,20260610,50580,43,78,224,109,3,2,SOA000119,83.4000,83.4000,83.4000,1,1,2026-08-24T00:00:00.000
120,20260816,20260725,44160,148,320,320,78,6,4,SOA000120,84.1000,84.1000,84.1000,1,1,2026-08-24T00:00:00.000
121,20260709,20260720,58740,187,428,483,333,4,7,SOA000121,84.8000,84.8000,84.8000,1,1,2026-08-24T00:00:00.000
122,20260712,20260805,50400,107,381,469,120,6,3,SOA000122,85.5000,85.5000,85.5000,1,1,2026-08-24T00:00:00.000
123,20260710,20260802,37140,188,258,167,1,6,4,SOA000123,86.2000,86.2000,86.2000,1,1,2026-08-24T00:00:00.000
124,20260818,20260713,71400,468,329,69,306,3,1,SOA000124,86.9000,86.9000,86.9000,1,1,2026-08-24T00:00:00.000
125,20260528,20260617,40980,394,425,85,217,4,3,SOA000125,87.6000,87.6000,87.6000,1,1,2026-08-24T00:00:00.000
126,20260620,20260612,80460,62,305,397,69,4,6,SOA000126,88.3000,88.3000,88.3000,1,1,2026-08-24T00:00:00.000
127,20260714,20260814,31140,383,197,64,347,2,3,SOA000127,89.0000,89.0000,89.0000,1,1,2026-08-24T00:00:00.000
128,20260806,20260712,41460,17,145,483,348,9,4,SOA000128,89.7000,89.7000,89.7000,1,1,2026-08-24T00:00:00.000
129,20260531,20260823,10800,36,331,331,20,1,7,SOA000129,90.4000,90.4000,90.4000,1,1,2026-08-24T00:00:00.000
130,20260612,20260625,31860,53,247,58,211,9,6,SOA000130,91.1000,91.1000,91.1000,1,1,2026-08-24T00:00:00.000
131,20260817,20260810,78300,306,490,159,331,10,5,SOA000131,91.8000,91.8000,91.8000,1,1,2026-08-24T00:00:00.000
132,20260718,20260531,21120,87,288,306,238,10,2,SOA000132,92.5000,92.5000,92.5000,1,1,2026-08-24T00:00:00.000
133,20260629,20260602,44040,246,137,93,302,8,7,SOA000133,93.2000,93.2000,93.2000,1,1,2026-08-24T00:00:00.000
134,20260718,20260725,64680,353,103,367,241,5,2,SOA000134,93.9000,93.9000,93.9000,1,1,2026-08-24T00:00:00.000
135,20260731,20260804,44940,88,393,254,344,10,6,SOA000135,94.6000,94.6000,94.6000,1,1,2026-08-24T00:00:00.000
136,20260807,20260818,30000,199,249,312,132,4,4,SOA000136,95.3000,95.3000,95.3000,1,1,2026-08-24T00:00:00.000
137,20260804,20260615,76380,384,166,97,34,1,4,SOA000137,96.0000,96.0000,96.0000,1,1,2026-08-24T00:00:00.000
138,20260703,20260726,63840,294,377,272,188,9,3,SOA000138,96.7000,96.7000,96.7000,1,1,2026-08-24T00:00:00.000
139,20260716,20260611,81720,204,377,93,136,1,1,SOA000139,97.4000,97.4000,97.4000,1,1,2026-08-24T00:00:00.000
140,20260701,20260707,75180,209,77,263,129,9,2,SOA000140,98.1000,98.1000,98.1000,1,1,2026-08-24T00:00:00.000
141,20260620,20260809,1080,242,380,268,118,1,5,SOA000141,98.8000,98.8000,98.8000,1,1,2026-08-24T00:00:00.000
142,20260607,20260729,1440,421,249,490,23,4,6,SOA000142,99.5000,99.5000,99.5000,1,1,2026-08-24T00:00:00.000
143,20260615,20260527,66240,189,356,128,320,10,1,SOA000143,100.2000,100.2000,100.2000,1,1,2026-08-24T00:00:00.000
144,20260816,20260722,57720,132,312,165,208,7,7,SOA000144,100.9000,100.9000,100.9000,1,1,2026-08-24T00:00:00.000
145,20260617,20260624,55140,460,136,75,289,2,6,SOA000145,101.6000,101.6000,101.6000,1,1,2026-08-24T00:00:00.000
146,20260716,20260727,47700,320,434,483,252,4,4,SOA000146,102.3000,102.3000,102.3000,1,1,2026-08-24T00:00:00.000
147,20260722,20260708,73200,186,388,400,182,4,1,SOA000147,103.0000,103.0000,103.0000,1,1,2026-08-24T00:00:00.000
148,20260807,20260626,40380,322,250,3,328,6,1,SOA000148,103.7000,103.7000,103.7000,1,1,2026-08-24T00:00:00.000
149,20260630,20260608,20820,280,332,214,103,9,5,SOA000149,104.4000,104.4000,104.4000,1,1,2026-08-24T00:00:00.000
150,20260810,20260811,36300,417,54,27,318,3,4,SOA000150,105.1000,105.1000,105.1000,1,1,2026-08-24T00:00:00.000
151,20260730,20260806,1320,368,347,66,344,3,3,SOA000151,105.8000,105.8000,105.8000,1,1,2026-08-24T00:00:00.000
152,20260604,20260726,72600,103,19,119,99,8,3,SOA000152,106.5000,106.5000,106.5000,1,1,2026-08-24T00:00:00.000
153,20260627,20260730,34440,114,471,120,84,4,4,SOA000153,107.2000,107.2000,107.2000,1,1,2026-08-24T00:00:00.000
154,20260701,20260802,48780,170,125,325,131,8,6,SOA000154,107.9000,107.9000,107.9000,1,1,2026-08-24T00:00:00.000
155,20260607,20260808,37380,314,257,79,163,9,4,SOA000155,108.6000,108.6000,108.6000,1,1,2026-08-24T00:00:00.000
156,20260808,20260607,31560,20,55,389,6,10,2,SOA000156,109.3000,109.3000,109.3000,1,1,2026-08-24T00:00:00.000
157,20260820,20260822,70560,48,184,343,200,9,1,SOA000157,110.0000,110.0000,110.0000,1,1,2026-08-24T00:00:00.000
158,20260708,20260626,75780,166,439,443,280,8,3,SOA000158,110.7000,110.7000,110.7000,1,1,2026-08-24T00:00:00.000
159,20260728,20260822,79740,259,305,371,343,9,7,SOA000159,111.4000,111.4000,111.4000,1,1,2026-08-24T00:00:00.000
160,20260808,20260630,9660,175,88,312,241,8,3,SOA000160,112.1000,112.1000,112.1000,1,1,2026-08-24T00:00:00.000
161,20260721,20260604,52560,187,327,410,87,1,5,SOA000161,112.8000,112.8000,112.8000,1,1,2026-08-24T00:00:00.000
162,20260704,20260612,74940,164,370,118,213,6,7,SOA000162,113.5000,113.5000,113.5000,1,1,2026-08-24T00:00:00.000
163,20260622,20260822,50100,153,37,297,166,3,6,SOA000163,114.2000,114.2000,114.2000,1,1,2026-08-24T00:00:00.000
164,20260729,20260623,33900,175,243,367,281,3,3,SOA000164,114.9000,114.9000,114.9000,1,1,2026-08-24T00:00:00.000
165,20260527,20260616,22980,88,419,459,68,3,7,SOA000165,115.6000,115.6000,115.6000,1,1,2026-08-24T00:00:00.000
166,20260624,20260724,23640,20,384,126,61,10,3,SOA000166,116.3000,116.3000,116.3000,1,1,2026-08-24T00:00:00.000
167,20260814,20260531,57060,219,231,9,114,1,1,SOA000167,117.0000,117.0000,117.0000,1,1,2026-08-24T00:00:00.000
168,20260812,20260601,78300,253,184,105,24,5,7,SOA000168,117.7000,117.7000,117.7000,1,1,2026-08-24T00:00:00.000
169,20260604,20260821,43740,204,212,430,26,6,2,SOA000169,118.4000,118.4000,118.4000,1,1,2026-08-24T00:00:00.000
170,20260813,20260718,48540,53,102,451,65,3,3,SOA000170,119.1000,119.1000,119.1000,1,1,2026-08-24T00:00:00.000
171,20260801,20260716,52140,333,292,369,217,6,1,SOA000171,119.8000,119.8000,119.8000,1,1,2026-08-24T00:00:00.000
172,20260626,20260613,84180,456,481,320,90,2,3,SOA000172,120.5000,120.5000,120.5000,1,1,2026-08-24T00:00:00.000
173,20260821,20260616,4440,160,248,135,217,2,1,SOA000173,121.2000,121.2000,121.2000,1,1,2026-08-24T00:00:00.000
174,20260807,20260624,47880,200,118,323,200,2,6,SOA000174,121.9000,121.9000,121.9000,1,1,2026-08-24T00:00:00.000
175,20260610,20260620,4080,223,146,182,27,6,5,SOA000175,122.6000,122.6000,122.6000,1,1,2026-08-24T00:00:00.000
176,20260708,20260603,32340,71,241,363,121,6,5,SOA000176,123.3000,123.3000,123.3000,1,1,2026-08-24T00:00:00.000
177,20260728,20260718,31140,315,249,188,202,10,4,SOA000177,124.0000,124.0000,124.0000,1,1,2026-08-24T00:00:00.000
178,20260527,20260621,71640,177,103,89,289,9,6,SOA000178,124.7000,124.7000,124.7000,1,1,2026-08-24T00:00:00.000
179,20260627,20260611,38760,77,441,219,57,4,3,SOA000179,125.4000,125.4000,125.4000,1,1,2026-08-24T00:00:00.000
180,20260618,20260603,77100,188,443,80,8,4,2,SOA000180,126.1000,126.1000,126.1000,1,1,2026-08-24T00:00:00.000
181,20260613,20260805,69240,6,178,454,99,3,2,SOA000181,126.8000,126.8000,126.8000,1,1,2026-08-24T00:00:00.000
182,20260821,20260731,78960,205,440,421,342,3,7,SOA000182,127.5000,127.5000,127.5000,1,1,2026-08-24T00:00:00.000
183,20260728,20260710,26520,114,284,109,103,7,2,SOA000183,128.2000,128.2000,128.2000,1,1,2026-08-24T00:00:00.000
184,20260605,20260719,41280,484,446,110,237,6,7,SOA000184,128.9000,128.9000,128.9000,1,1,2026-08-24T00:00:00.000
185,20260612,20260716,42240,438,4,313,48,10,6,SOA000185,129.6000,129.6000,129.6000,1,1,2026-08-24T00:00:00.000
186,20260615,20260821,41580,487,250,403,197,10,2,SOA000186,130.3000,130.3000,130.3000,1,1,2026-08-24T00:00:00.000
187,20260614,20260527,31020,310,27,118,165,8,7,SOA000187,131.0000,131.0000,131.0000,1,1,2026-08-24T00:00:00.000
188,20260613,20260601,1440,332,484,332,237,9,4,SOA000188,131.7000,131.7000,131.7000,1,1,2026-08-24T00:00:00.000
189,20260620,20260726,71340,363,219,60,270,3,2,SOA000189,132.4000,132.4000,132.4000,1,1,2026-08-24T00:00:00.000
190,20260720,20260714,44640,125,317,355,61,9,1,SOA000190,133.1000,133.1000,133.1000,1,1,2026-08-24T00:00:00.000
191,20260613,20260808,80460,469,282,65,194,3,7,SOA000191,133.8000,133.8000,133.8000,1,1,2026-08-24T00:00:00.000
192,20260603,20260808,14160,408,309,319,116,10,4,SOA000192,134.5000,134.5000,134.5000,1,1,2026-08-24T00:00:00.000
193,20260724,20260615,50700,476,377,270,163,10,3,SOA000193,135.2000,135.2000,135.2000,1,1,2026-08-24T00:00:00.000
194,20260809,20260528,58500,479,138,302,323,8,3,SOA000194,135.9000,135.9000,135.9000,1,1,2026-08-24T00:00:00.000
195,20260711,20260802,7080,67,237,432,288,2,3,SOA000195,136.6000,136.6000,136.6000,1,1,2026-08-24T00:00:00.000
196,20260605,20260705,62220,450,110,396,233,8,1,SOA000196,137.3000,137.3000,137.3000,1,1,2026-08-24T00:00:00.000
197,20260725,20260628,31860,162,448,441,233,3,6,SOA000197,138.0000,138.0000,138.0000,1,1,2026-08-24T00:00:00.000
198,20260708,20260702,37260,28,130,238,284,9,6,SOA000198,138.7000,138.7000,138.7000,1,1,2026-08-24T00:00:00.000
199,20260801,20260726,46320,146,497,41,165,1,4,SOA000199,139.4000,139.4000,139.4000,1,1,2026-08-24T00:00:00.000
200,20260815,20260609,77400,107,472,79,194,8,3,SOA000200,140.1000,140.1000,140.1000,1,1,2026-08-24T00:00:00.000
201,20260804,20260817,60060,240,5,144,142,2,5,SOA000201,140.8000,140.8000,140.8000,1,1,2026-08-24T00:00:00.000
202,20260625,20260528,720,205,234,413,83,7,6,SOA000202,141.5000,141.5000,141.5000,1,1,2026-08-24T00:00:00.000
203,20260810,20260618,64560,433,339,228,253,1,7,SOA000203,142.2000,142.2000,142.2000,1,1,2026-08-24T00:00:00.000
204,20260622,20260706,74220,86,30,218,266,4,7,SOA000204,142.9000,142.9000,142.9000,1,1,2026-08-24T00:00:00.000
205,20260621,20260611,52260,17,230,330,102,1,7,SOA000205,143.6000,143.6000,143.6000,1,1,2026-08-24T00:00:00.000
206,20260819,20260808,71460,26,80,23,246,3,4,SOA000206,144.3000,144.3000,144.3000,1,1,2026-08-24T00:00:00.000
207,20260728,20260721,68460,316,79,239,163,5,5,SOA000207,145.0000,145.0000,145.0000,1,1,2026-08-24T00:00:00.000
208,20260617,20260614,1680,170,458,445,199,7,4,SOA000208,145.7000,145.7000,145.7000,1,1,2026-08-24T00:00:00.000
209,20260722,20260730,4500,456,450,229,253,2,1,SOA000209,146.4000,146.4000,146.4000,1,1,2026-08-24T00:00:00.000
210,20260803,20260820,79680,291,461,419,160,5,7,SOA000210,147.1000,147.1000,147.1000,1,1,2026-08-24T00:00:00.000
211,20260613,20260811,74100,300,213,437,339,1,2,SOA000211,147.8000,147.8000,147.8000,1,1,2026-08-24T00:00:00.000
212,20260626,20260703,20760,299,390,213,141,10,1,SOA000212,148.5000,148.5000,148.5000,1,1,2026-08-24T00:00:00.000
213,20260722,20260706,23520,445,51,255,85,7,4,SOA000213,149.2000,149.2000,149.2000,1,1,2026-08-24T00:00:00.000
214,20260706,20260603,48360,3,376,126,103,5,6,SOA000214,149.9000,149.9000,149.9000,1,1,2026-08-24T00:00:00.000
215,20260702,20260629,46860,477,155,375,24,4,7,SOA000215,150.6000,150.6000,150.6000,1,1,2026-08-24T00:00:00.000
216,20260705,20260624,37080,398,355,406,93,5,2,SOA000216,151.3000,151.3000,151.3000,1,1,2026-08-24T00:00:00.000
217,20260817,20260703,65580,259,263,498,5,2,1,SOA000217,152.0000,152.0000,152.0000,1,1,2026-08-24T00:00:00.000
218,20260706,20260529,7020,219,102,302,77,6,4,SOA000218,152.7000,152.7000,152.7000,1,1,2026-08-24T00:00:00.000
219,20260725,20260713,16080,3,138,420,148,4,1,SOA000219,153.4000,153.4000,153.4000,1,1,2026-08-24T00:00:00.000
220,20260715,20260713,82860,116,218,347,18,4,6,SOA000220,154.1000,154.1000,154.1000,1,1,2026-08-24T00:00:00.000
221,20260627,20260808,45540,349,53,270,78,10,5,SOA000221,154.8000,154.8000,154.8000,1,1,2026-08-24T00:00:00.000
222,20260717,20260810,70680,149,166,4,304,3,3,SOA000222,155.5000,155.5000,155.5000,1,1,2026-08-24T00:00:00.000
223,20260819,20260709,54840,373,141,293,240,2,7,SOA000223,156.2000,156.2000,156.2000,1,1,2026-08-24T00:00:00.000
224,20260729,20260804,64320,272,329,285,164,2,1,SOA000224,156.9000,156.9000,156.9000,1,1,2026-08-24T00:00:00.000
225,20260608,20260626,27180,152,178,450,270,4,6,SOA000225,157.6000,157.6000,157.6000,1,1,2026-08-24T00:00:00.000
226,20260706,20260714,36240,346,127,392,331,7,4,SOA000226,158.3000,158.3000,158.3000,1,1,2026-08-24T00:00:00.000
227,20260529,20260713,85440,98,15,298,339,10,7,SOA000227,159.0000,159.0000,159.0000,1,1,2026-08-24T00:00:00.000
228,20260708,20260712,19380,138,279,290,120,10,5,SOA000228,159.7000,159.7000,159.7000,1,1,2026-08-24T00:00:00.000
229,20260823,20260725,19620,435,55,171,200,3,5,SOA000229,160.4000,160.4000,160.4000,1,1,2026-08-24T00:00:00.000
230,20260628,20260602,57540,390,24,286,287,2,5,SOA000230,161.1000,161.1000,161.1000,1,1,2026-08-24T00:00:00.000
231,20260813,20260730,74160,409,481,31,120,8,6,SOA000231,161.8000,161.8000,161.8000,1,1,2026-08-24T00:00:00.000
232,20260621,20260623,48120,402,376,111,308,6,6,SOA000232,162.5000,162.5000,162.5000,1,1,2026-08-24T00:00:00.000
233,20260622,20260711,59400,283,269,181,82,3,1,SOA000233,163.2000,163.2000,163.2000,1,1,2026-08-24T00:00:00.000
234,20260617,20260620,24000,115,473,394,324,8,3,SOA000234,163.9000,163.9000,163.9000,1,1,2026-08-24T00:00:00.000
235,20260821,20260725,77520,39,456,289,329,1,6,SOA000235,164.6000,164.6000,164.6000,1,1,2026-08-24T00:00:00.000
236,20260815,20260617,19380,138,84,47,324,9,5,SOA000236,165.3000,165.3000,165.3000,1,1,2026-08-24T00:00:00.000
237,20260604,20260614,28980,78,456,272,204,9,2,SOA000237,166.0000,166.0000,166.0000,1,1,2026-08-24T00:00:00.000
238,20260619,20260606,70080,235,272,153,269,4,1,SOA000238,166.7000,166.7000,166.7000,1,1,2026-08-24T00:00:00.000
239,20260608,20260613,83520,46,475,150,297,3,7,SOA000239,167.4000,167.4000,167.4000,1,1,2026-08-24T00:00:00.000
240,20260624,20260608,81120,23,387,190,220,8,6,SOA000240,168.1000,168.1000,168.1000,1,1,2026-08-24T00:00:00.000
241,20260823,20260823,1020,490,335,475,28,5,2,SOA000241,168.8000,168.8000,168.8000,1,1,2026-08-24T00:00:00.000
242,20260808,20260713,5280,117,21,498,291,3,7,SOA000242,169.5000,169.5000,169.5000,1,1,2026-08-24T00:00:00.000
243,20260723,20260618,180,390,201,186,186,9,4,SOA000243,170.2000,170.2000,170.2000,1,1,2026-08-24T00:00:00.000
244,20260612,20260715,19440,302,23,151,170,8,2,SOA000244,170.9000,170.9000,170.9000,1,1,2026-08-24T00:00:00.000
245,20260619,20260730,84780,129,283,231,157,5,4,SOA000245,171.6000,171.6000,171.6000,1,1,2026-08-24T00:00:00.000
246,20260811,20260730,21420,133,259,42,295,6,2,SOA000246,172.3000,172.3000,172.3000,1,1,2026-08-24T00:00:00.000
247,20260527,20260621,2040,479,343,301,139,5,6,SOA000247,173.0000,173.0000,173.0000,1,1,2026-08-24T00:00:00.000
248,20260712,20260821,56160,279,306,315,76,1,7,SOA000248,173.7000,173.7000,173.7000,1,1,2026-08-24T00:00:00.000
249,20260723,20260610,12240,104,153,127,34,3,6,SOA000249,174.4000,174.4000,174.4000,1,1,2026-08-24T00:00:00.000
250,20260702,20260731,81240,302,454,454,147,7,3,SOA000250,175.1000,175.1000,175.1000,1,1,2026-08-24T00:00:00.000
251,20260808,20260612,42960,421,249,45,123,7,5,SOA000251,175.8000,175.8000,175.8000,1,1,2026-08-24T00:00:00.000
252,20260823,20260805,21600,482,293,80,280,8,3,SOA000252,176.5000,176.5000,176.5000,1,1,2026-08-24T00:00:00.000
253,20260712,20260815,77700,278,361,194,338,3,1,SOA000253,177.2000,177.2000,177.2000,1,1,2026-08-24T00:00:00.000
254,20260608,20260820,84180,178,352,227,246,3,6,SOA000254,177.9000,177.9000,177.9000,1,1,2026-08-24T00:00:00.000
255,20260823,20260727,81000,475,175,434,280,3,3,SOA000255,178.6000,178.6000,178.6000,1,1,2026-08-24T00:00:00.000
256,20260824,20260530,43500,127,307,430,204,3,6,SOA000256,179.3000,179.3000,179.3000,1,1,2026-08-24T00:00:00.000
257,20260815,20260611,81120,76,164,68,253,5,7,SOA000257,180.0000,180.0000,180.0000,1,1,2026-08-24T00:00:00.000
258,20260625,20260804,31260,154,323,458,76,10,2,SOA000258,180.7000,180.7000,180.7000,1,1,2026-08-24T00:00:00.000
259,20260719,20260602,9180,49,408,263,277,7,5,SOA000259,181.4000,181.4000,181.4000,1,1,2026-08-24T00:00:00.000
260,20260811,20260530,73320,339,184,374,25,10,4,SOA000260,182.1000,182.1000,182.1000,1,1,2026-08-24T00:00:00.000
261,20260817,20260806,43740,456,257,449,111,7,5,SOA000261,182.8000,182.8000,182.8000,1,1,2026-08-24T00:00:00.000
262,20260811,20260528,77160,296,90,81,229,5,7,SOA000262,183.5000,183.5000,183.5000,1,1,2026-08-24T00:00:00.000
263,20260713,20260530,9480,181,126,412,139,7,4,SOA000263,184.2000,184.2000,184.2000,1,1,2026-08-24T00:00:00.000
264,20260824,20260528,45780,145,309,71,261,6,6,SOA000264,184.9000,184.9000,184.9000,1,1,2026-08-24T00:00:00.000
265,20260705,20260806,78780,429,190,222,338,2,4,SOA000265,185.6000,185.6000,185.6000,1,1,2026-08-24T00:00:00.000
266,20260713,20260605,56760,175,237,141,312,10,1,SOA000266,186.3000,186.3000,186.3000,1,1,2026-08-24T00:00:00.000
267,20260816,20260714,20760,395,456,26,155,5,4,SOA000267,187.0000,187.0000,187.0000,1,1,2026-08-24T00:00:00.000
268,20260807,20260615,34140,255,203,59,300,8,3,SOA000268,187.7000,187.7000,187.7000,1,1,2026-08-24T00:00:00.000
269,20260531,20260724,71220,187,248,460,146,4,7,SOA000269,188.4000,188.4000,188.4000,1,1,2026-08-24T00:00:00.000
270,20260805,20260607,7080,193,289,229,22,4,3,SOA000270,189.1000,189.1000,189.1000,1,1,2026-08-24T00:00:00.000
271,20260605,20260701,5520,182,377,452,264,4,4,SOA000271,189.8000,189.8000,189.8000,1,1,2026-08-24T00:00:00.000
272,20260704,20260724,4500,250,205,221,286,2,2,SOA000272,190.5000,190.5000,190.5000,1,1,2026-08-24T00:00:00.000
273,20260528,20260719,27000,239,382,259,226,4,5,SOA000273,191.2000,191.2000,191.2000,1,1,2026-08-24T00:00:00.000
274,20260817,20260619,65160,459,359,206,34,4,2,SOA000274,191.9000,191.9000,191.9000,1,1,2026-08-24T00:00:00.000
275,20260718,20260710,58680,249,441,27,114,4,7,SOA000275,192.6000,192.6000,192.6000,1,1,2026-08-24T00:00:00.000
276,20260626,20260527,3840,176,397,170,5,5,2,SOA000276,193.3000,193.3000,193.3000,1,1,2026-08-24T00:00:00.000
277,20260628,20260620,43620,336,43,115,201,7,1,SOA000277,194.0000,194.0000,194.0000,1,1,2026-08-24T00:00:00.000
278,20260722,20260816,45060,498,366,176,246,10,6,SOA000278,194.7000,194.7000,194.7000,1,1,2026-08-24T00:00:00.000
279,20260810,20260720,24240,105,132,48,306,4,1,SOA000279,195.4000,195.4000,195.4000,1,1,2026-08-24T00:00:00.000
280,20260717,20260609,61620,394,476,378,265,8,1,SOA000280,196.1000,196.1000,196.1000,1,1,2026-08-24T00:00:00.000
281,20260806,20260801,36420,303,277,494,136,1,5,SOA000281,196.8000,196.8000,196.8000,1,1,2026-08-24T00:00:00.000
282,20260812,20260609,82920,223,339,219,310,8,4,SOA000282,197.5000,197.5000,197.5000,1,1,2026-08-24T00:00:00.000
283,20260624,20260528,61260,413,115,397,345,4,5,SOA000283,198.2000,198.2000,198.2000,1,1,2026-08-24T00:00:00.000
284,20260608,20260529,37680,284,153,377,301,3,5,SOA000284,198.9000,198.9000,198.9000,1,1,2026-08-24T00:00:00.000
285,20260731,20260712,46020,197,281,243,277,2,5,SOA000285,199.6000,199.6000,199.6000,1,1,2026-08-24T00:00:00.000
286,20260706,20260606,21420,15,422,258,123,3,4,SOA000286,200.3000,200.3000,200.3000,1,1,2026-08-24T00:00:00.000
287,20260604,20260606,73200,162,409,136,169,8,2,SOA000287,201.0000,201.0000,201.0000,1,1,2026-08-24T00:00:00.000
288,20260721,20260718,32520,417,317,26,275,6,5,SOA000288,201.7000,201.7000,201.7000,1,1,2026-08-24T00:00:00.000
289,20260618,20260606,56700,242,284,330,301,3,2,SOA000289,202.4000,202.4000,202.4000,1,1,2026-08-24T00:00:00.000
290,20260702,20260714,70200,178,274,323,61,4,7,SOA000290,203.1000,203.1000,203.1000,1,1,2026-08-24T00:00:00.000
291,20260715,20260701,82860,280,58,309,75,9,6,SOA000291,203.8000,203.8000,203.8000,1,1,2026-08-24T00:00:00.000
292,20260807,20260621,59220,262,378,112,53,10,5,SOA000292,204.5000,204.5000,204.5000,1,1,2026-08-24T00:00:00.000
293,20260718,20260816,29160,250,416,105,149,8,1,SOA000293,205.2000,205.2000,205.2000,1,1,2026-08-24T00:00:00.000
294,20260623,20260802,32700,282,181,417,9,10,1,SOA000294,205.9000,205.9000,205.9000,1,1,2026-08-24T00:00:00.000
295,20260729,20260728,67680,17,159,258,83,9,4,SOA000295,206.6000,206.6000,206.6000,1,1,2026-08-24T00:00:00.000
296,20260702,20260722,37260,2,232,186,184,6,6,SOA000296,207.3000,207.3000,207.3000,1,1,2026-08-24T00:00:00.000
297,20260713,20260531,9060,265,312,310,264,1,2,SOA000297,208.0000,208.0000,208.0000,1,1,2026-08-24T00:00:00.000
298,20260808,20260708,75300,225,419,409,30,10,2,SOA000298,208.7000,208.7000,208.7000,1,1,2026-08-24T00:00:00.000
299,20260613,20260711,22980,196,419,296,95,8,1,SOA000299,209.4000,209.4000,209.4000,1,1,2026-08-24T00:00:00.000
300,20260612,20260823,11700,313,125,374,234,9,3,SOA000300,210.1000,210.1000,210.1000,1,1,2026-08-24T00:00:00.000
301,20260821,20260530,65460,402,203,477,62,7,1,SOA000301,210.8000,210.8000,210.8000,1,1,2026-08-24T00:00:00.000
302,20260613,20260626,14100,415,103,351,335,8,5,SOA000302,211.5000,211.5000,211.5000,1,1,2026-08-24T00:00:00.000
303,20260814,20260611,36420,256,8,111,232,3,7,SOA000303,212.2000,212.2000,212.2000,1,1,2026-08-24T00:00:00.000
304,20260808,20260723,70260,118,159,311,184,8,4,SOA000304,212.9000,212.9000,212.9000,1,1,2026-08-24T00:00:00.000
305,20260609,20260715,77100,470,109,76,42,3,5,SOA000305,213.6000,213.6000,213.6000,1,1,2026-08-24T00:00:00.000
306,20260811,20260807,67740,256,73,224,272,9,5,SOA000306,214.3000,214.3000,214.3000,1,1,2026-08-24T00:00:00.000
307,20260715,20260709,18900,330,406,395,141,3,2,SOA000307,215.0000,215.0000,215.0000,1,1,2026-08-24T00:00:00.000
308,20260812,20260620,69300,327,441,482,260,2,2,SOA000308,215.7000,215.7000,215.7000,1,1,2026-08-24T00:00:00.000
309,20260813,20260808,71040,346,345,210,162,8,3,SOA000309,216.4000,216.4000,216.4000,1,1,2026-08-24T00:00:00.000
310,20260731,20260730,84900,24,321,314,284,8,7,SOA000310,217.1000,217.1000,217.1000,1,1,2026-08-24T00:00:00.000
311,20260801,20260615,77100,111,333,143,331,3,1,SOA000311,217.8000,217.8000,217.8000,1,1,2026-08-24T00:00:00.000
312,20260806,20260814,5160,334,493,314,37,3,2,SOA000312,218.5000,218.5000,218.5000,1,1,2026-08-24T00:00:00.000
313,20260530,20260802,64020,256,331,51,299,4,6,SOA000313,219.2000,219.2000,219.2000,1,1,2026-08-24T00:00:00.000
314,20260710,20260712,78720,55,86,138,311,3,7,SOA000314,219.9000,219.9000,219.9000,1,1,2026-08-24T00:00:00.000
315,20260724,20260717,10260,243,441,480,166,8,7,SOA000315,220.6000,220.6000,220.6000,1,1,2026-08-24T00:00:00.000
316,20260612,20260809,83700,63,276,326,174,9,2,SOA000316,221.3000,221.3000,221.3000,1,1,2026-08-24T00:00:00.000
317,20260718,20260727,51840,475,89,323,86,10,5,SOA000317,222.0000,222.0000,222.0000,1,1,2026-08-24T00:00:00.000
318,20260608,20260807,68580,500,255,274,3,1,5,SOA000318,222.7000,222.7000,222.7000,1,1,2026-08-24T00:00:00.000
319,20260729,20260701,42900,303,172,14,245,7,5,SOA000319,223.4000,223.4000,223.4000,1,1,2026-08-24T00:00:00.000
320,20260620,20260824,36480,43,482,489,165,7,7,SOA000320,224.1000,224.1000,224.1000,1,1,2026-08-24T00:00:00.000
321,20260615,20260824,84600,208,464,179,167,8,1,SOA000321,224.8000,224.8000,224.8000,1,1,2026-08-24T00:00:00.000
322,20260810,20260821,85800,420,465,381,198,9,2,SOA000322,225.5000,225.5000,225.5000,1,1,2026-08-24T00:00:00.000
323,20260814,20260820,32100,195,368,103,28,4,7,SOA000323,226.2000,226.2000,226.2000,1,1,2026-08-24T00:00:00.000
324,20260612,20260820,20520,344,92,463,44,9,3,SOA000324,226.9000,226.9000,226.9000,1,1,2026-08-24T00:00:00.000
325,20260701,20260731,25200,13,432,429,51,10,1,SOA000325,227.6000,227.6000,227.6000,1,1,2026-08-24T00:00:00.000
326,20260807,20260817,66960,28,441,40,144,3,4,SOA000326,228.3000,228.3000,228.3000,1,1,2026-08-24T00:00:00.000
327,20260715,20260603,24960,359,119,255,55,7,4,SOA000327,229.0000,229.0000,229.0000,1,1,2026-08-24T00:00:00.000
328,20260721,20260610,23160,428,427,483,168,8,6,SOA000328,229.7000,229.7000,229.7000,1,1,2026-08-24T00:00:00.000
329,20260705,20260607,80700,360,484,327,124,6,2,SOA000329,230.4000,230.4000,230.4000,1,1,2026-08-24T00:00:00.000
330,20260804,20260824,75840,260,189,31,320,4,7,SOA000330,231.1000,231.1000,231.1000,1,1,2026-08-24T00:00:00.000
331,20260801,20260630,65460,60,161,195,91,7,3,SOA000331,231.8000,231.8000,231.8000,1,1,2026-08-24T00:00:00.000
332,20260803,20260531,56520,78,388,349,245,7,7,SOA000332,232.5000,232.5000,232.5000,1,1,2026-08-24T00:00:00.000
333,20260711,20260710,19560,418,394,360,93,7,2,SOA000333,233.2000,233.2000,233.2000,1,1,2026-08-24T00:00:00.000
334,20260726,20260527,77520,351,411,287,74,4,5,SOA000334,233.9000,233.9000,233.9000,1,1,2026-08-24T00:00:00.000
335,20260710,20260821,34620,205,398,422,185,10,3,SOA000335,234.6000,234.6000,234.6000,1,1,2026-08-24T00:00:00.000
336,20260611,20260725,27060,8,31,2,241,9,1,SOA000336,235.3000,235.3000,235.3000,1,1,2026-08-24T00:00:00.000
337,20260601,20260814,43140,294,420,163,174,2,5,SOA000337,236.0000,236.0000,236.0000,1,1,2026-08-24T00:00:00.000
338,20260528,20260704,77580,145,81,444,53,5,1,SOA000338,236.7000,236.7000,236.7000,1,1,2026-08-24T00:00:00.000
339,20260630,20260622,22800,364,256,478,100,5,3,SOA000339,237.4000,237.4000,237.4000,1,1,2026-08-24T00:00:00.000
340,20260810,20260722,23280,277,383,59,331,6,6,SOA000340,238.1000,238.1000,238.1000,1,1,2026-08-24T00:00:00.000
341,20260824,20260628,21660,89,10,208,248,7,3,SOA000341,238.8000,238.8000,238.8000,1,1,2026-08-24T00:00:00.000
342,20260729,20260531,360,134,158,210,92,7,3,SOA000342,239.5000,239.5000,239.5000,1,1,2026-08-24T00:00:00.000
343,20260622,20260731,54720,422,391,255,339,10,1,SOA000343,240.2000,240.2000,240.2000,1,1,2026-08-24T00:00:00.000
344,20260616,20260801,8400,7,497,370,308,3,4,SOA000344,240.9000,240.9000,240.9000,1,1,2026-08-24T00:00:00.000
345,20260725,20260626,41280,118,427,287,53,3,4,SOA000345,241.6000,241.6000,241.6000,1,1,2026-08-24T00:00:00.000
346,20260611,20260527,10320,75,406,56,320,6,5,SOA000346,242.3000,242.3000,242.3000,1,1,2026-08-24T00:00:00.000
347,20260709,20260528,17820,239,292,205,229,8,3,SOA000347,243.0000,243.0000,243.0000,1,1,2026-08-24T00:00:00.000
348,20260711,20260627,15240,499,114,51,327,8,4,SOA000348,243.7000,243.7000,243.7000,1,1,2026-08-24T00:00:00.000
349,20260627,20260626,58320,235,345,341,51,7,6,SOA000349,244.4000,244.4000,244.4000,1,1,2026-08-24T00:00:00.000
350,20260724,20260531,24120,446,330,447,317,8,2,SOA000350,245.1000,245.1000,245.1000,1,1,2026-08-24T00:00:00.000
351,20260616,20260821,77460,23,344,123,309,1,6,SOA000351,245.8000,245.8000,245.8000,1,1,2026-08-24T00:00:00.000
352,20260607,20260619,81120,176,423,174,185,8,3,SOA000352,246.5000,246.5000,246.5000,1,1,2026-08-24T00:00:00.000
353,20260823,20260714,24420,197,157,427,289,1,6,SOA000353,247.2000,247.2000,247.2000,1,1,2026-08-24T00:00:00.000
354,20260606,20260617,69360,215,293,221,324,3,4,SOA000354,247.9000,247.9000,247.9000,1,1,2026-08-24T00:00:00.000
355,20260604,20260613,60180,169,225,491,135,6,2,SOA000355,248.6000,248.6000,248.6000,1,1,2026-08-24T00:00:00.000
356,20260730,20260810,64500,406,167,192,149,1,5,SOA000356,249.3000,249.3000,249.3000,1,1,2026-08-24T00:00:00.000
357,20260815,20260625,14460,405,458,466,30,4,5,SOA000357,250.0000,250.0000,250.0000,1,1,2026-08-24T00:00:00.000
358,20260606,20260610,70200,169,423,184,85,4,4,SOA000358,250.7000,250.7000,250.7000,1,1,2026-08-24T00:00:00.000
359,20260629,20260703,51360,393,31,192,20,9,1,SOA000359,251.4000,251.4000,251.4000,1,1,2026-08-24T00:00:00.000
360,20260730,20260617,40920,111,468,490,42,2,7,SOA000360,252.1000,252.1000,252.1000,1,1,2026-08-24T00:00:00.000
361,20260707,20260624,67560,480,442,14,242,10,3,SOA000361,252.8000,252.8000,252.8000,1,1,2026-08-24T00:00:00.000
362,20260529,20260810,42660,348,399,27,242,8,2,SOA000362,253.5000,253.5000,253.5000,1,1,2026-08-24T00:00:00.000
363,20260611,20260702,33600,479,63,449,229,9,7,SOA000363,254.2000,254.2000,254.2000,1,1,2026-08-24T00:00:00.000
364,20260625,20260726,480,4,311,106,307,4,2,SOA000364,254.9000,254.9000,254.9000,1,1,2026-08-24T00:00:00.000
365,20260804,20260626,50520,497,432,102,261,3,6,SOA000365,255.6000,255.6000,255.6000,1,1,2026-08-24T00:00:00.000
366,20260603,20260812,33900,436,346,410,180,2,5,SOA000366,256.3000,256.3000,256.3000,1,1,2026-08-24T00:00:00.000
367,20260529,20260608,51900,378,307,321,27,5,5,SOA000367,257.0000,257.0000,257.0000,1,1,2026-08-24T00:00:00.000
368,20260621,20260614,82140,328,152,424,278,2,2,SOA000368,257.7000,257.7000,257.7000,1,1,2026-08-24T00:00:00.000
369,20260807,20260624,1020,18,8,18,327,5,7,SOA000369,258.4000,258.4000,258.4000,1,1,2026-08-24T00:00:00.000
370,20260801,20260614,77220,331,283,286,237,10,6,SOA000370,259.1000,259.1000,259.1000,1,1,2026-08-24T00:00:00.000
371,20260610,20260727,50520,199,119,98,342,8,5,SOA000371,259.8000,259.8000,259.8000,1,1,2026-08-24T00:00:00.000
372,20260817,20260820,41220,375,150,406,329,5,2,SOA000372,260.5000,260.5000,260.5000,1,1,2026-08-24T00:00:00.000
373,20260812,20260628,52500,191,309,415,325,10,5,SOA000373,261.2000,261.2000,261.2000,1,1,2026-08-24T00:00:00.000
374,20260730,20260530,83940,231,60,145,284,7,4,SOA000374,261.9000,261.9000,261.9000,1,1,2026-08-24T00:00:00.000
375,20260821,20260819,42960,474,45,55,115,2,5,SOA000375,262.6000,262.6000,262.6000,1,1,2026-08-24T00:00:00.000
376,20260711,20260802,1980,261,334,60,254,7,1,SOA000376,263.3000,263.3000,263.3000,1,1,2026-08-24T00:00:00.000
377,20260630,20260820,28320,187,144,4,175,8,4,SOA000377,264.0000,264.0000,264.0000,1,1,2026-08-24T00:00:00.000
378,20260630,20260615,52200,173,83,208,132,5,7,SOA000378,264.7000,264.7000,264.7000,1,1,2026-08-24T00:00:00.000
379,20260813,20260702,49140,163,40,129,297,3,5,SOA000379,265.4000,265.4000,265.4000,1,1,2026-08-24T00:00:00.000
380,20260717,20260728,30240,187,182,159,130,3,1,SOA000380,266.1000,266.1000,266.1000,1,1,2026-08-24T00:00:00.000
381,20260613,20260603,27000,54,83,419,121,8,4,SOA000381,266.8000,266.8000,266.8000,1,1,2026-08-24T00:00:00.000
382,20260719,20260726,58140,41,393,238,80,2,4,SOA000382,267.5000,267.5000,267.5000,1,1,2026-08-24T00:00:00.000
383,20260725,20260821,55080,26,272,91,290,7,3,SOA000383,268.2000,268.2000,268.2000,1,1,2026-08-24T00:00:00.000
384,20260702,20260708,42060,450,360,377,276,1,5,SOA000384,268.9000,268.9000,268.9000,1,1,2026-08-24T00:00:00.000
385,20260805,20260727,85680,109,436,365,148,4,2,SOA000385,269.6000,269.6000,269.6000,1,1,2026-08-24T00:00:00.000
386,20260620,20260815,69720,425,53,336,301,7,2,SOA000386,270.3000,270.3000,270.3000,1,1,2026-08-24T00:00:00.000
387,20260704,20260817,57960,34,319,426,225,3,7,SOA000387,271.0000,271.0000,271.0000,1,1,2026-08-24T00:00:00.000
388,20260730,20260622,36840,355,457,120,339,10,3,SOA000388,271.7000,271.7000,271.7000,1,1,2026-08-24T00:00:00.000
389,20260812,20260819,67440,465,198,240,149,1,6,SOA000389,272.4000,272.4000,272.4000,1,1,2026-08-24T00:00:00.000
390,20260821,20260710,83820,324,77,427,163,7,3,SOA000390,273.1000,273.1000,273.1000,1,1,2026-08-24T00:00:00.000
391,20260712,20260712,63540,320,416,305,46,3,3,SOA000391,273.8000,273.8000,273.8000,1,1,2026-08-24T00:00:00.000
392,20260614,20260818,42780,231,496,494,114,8,3,SOA000392,274.5000,274.5000,274.5000,1,1,2026-08-24T00:00:00.000
393,20260803,20260611,40080,211,453,487,168,2,2,SOA000393,275.2000,275.2000,275.2000,1,1,2026-08-24T00:00:00.000
394,20260818,20260702,69180,329,461,347,230,2,6,SOA000394,275.9000,275.9000,275.9000,1,1,2026-08-24T00:00:00.000
395,20260616,20260619,10200,458,346,102,99,10,6,SOA000395,276.6000,276.6000,276.6000,1,1,2026-08-24T00:00:00.000
396,20260728,20260627,4380,67,198,132,127,5,5,SOA000396,277.3000,277.3000,277.3000,1,1,2026-08-24T00:00:00.000
397,20260627,20260717,32580,221,194,117,256,3,1,SOA000397,278.0000,278.0000,278.0000,1,1,2026-08-24T00:00:00.000
398,20260619,20260803,17100,317,6,59,249,7,3,SOA000398,278.7000,278.7000,278.7000,1,1,2026-08-24T00:00:00.000
399,20260531,20260805,54180,313,26,45,12,2,4,SOA000399,279.4000,279.4000,279.4000,1,1,2026-08-24T00:00:00.000
400,20260819,20260723,19020,250,237,303,72,5,1,SOA000400,280.1000,280.1000,280.1000,1,1,2026-08-24T00:00:00.000
401,20260529,20260601,5340,226,140,466,193,7,5,SOA000401,280.8000,280.8000,280.8000,1,1,2026-08-24T00:00:00.000
402,20260703,20260802,10320,287,54,378,221,2,5,SOA000402,281.5000,281.5000,281.5000,1,1,2026-08-24T00:00:00.000
403,20260710,20260624,79980,60,23,140,171,8,5,SOA000403,282.2000,282.2000,282.2000,1,1,2026-08-24T00:00:00.000
404,20260809,20260710,32640,375,45,255,29,3,2,SOA000404,282.9000,282.9000,282.9000,1,1,2026-08-24T00:00:00.000
405,20260619,20260530,58140,443,390,320,81,7,4,SOA000405,283.6000,283.6000,283.6000,1,1,2026-08-24T00:00:00.000
406,20260702,20260602,66420,309,491,273,170,1,5,SOA000406,284.3000,284.3000,284.3000,1,1,2026-08-24T00:00:00.000
407,20260627,20260708,22860,272,449,451,238,9,6,SOA000407,285.0000,285.0000,285.0000,1,1,2026-08-24T00:00:00.000
408,20260616,20260816,52020,373,26,263,98,9,6,SOA000408,285.7000,285.7000,285.7000,1,1,2026-08-24T00:00:00.000
409,20260816,20260707,59640,268,334,264,98,4,6,SOA000409,286.4000,286.4000,286.4000,1,1,2026-08-24T00:00:00.000
410,20260608,20260730,61800,231,390,64,77,1,2,SOA000410,287.1000,287.1000,287.1000,1,1,2026-08-24T00:00:00.000
411,20260710,20260712,34320,471,343,489,6,4,7,SOA000411,287.8000,287.8000,287.8000,1,1,2026-08-24T00:00:00.000
412,20260614,20260730,38640,432,266,346,116,7,2,SOA000412,288.5000,288.5000,288.5000,1,1,2026-08-24T00:00:00.000
413,20260730,20260622,78480,337,131,49,160,1,5,SOA000413,289.2000,289.2000,289.2000,1,1,2026-08-24T00:00:00.000
414,20260812,20260815,21060,201,188,365,75,9,5,SOA000414,289.9000,289.9000,289.9000,1,1,2026-08-24T00:00:00.000
415,20260527,20260613,36120,438,89,355,346,7,2,SOA000415,290.6000,290.6000,290.6000,1,1,2026-08-24T00:00:00.000
416,20260727,20260818,12240,75,104,313,205,6,3,SOA000416,291.3000,291.3000,291.3000,1,1,2026-08-24T00:00:00.000
417,20260529,20260630,62160,117,250,78,104,3,2,SOA000417,292.0000,292.0000,292.0000,1,1,2026-08-24T00:00:00.000
418,20260613,20260717,51420,470,149,1,298,5,4,SOA000418,292.7000,292.7000,292.7000,1,1,2026-08-24T00:00:00.000
419,20260706,20260810,29280,131,336,292,233,6,1,SOA000419,293.4000,293.4000,293.4000,1,1,2026-08-24T00:00:00.000
420,20260630,20260818,63840,130,387,97,134,6,1,SOA000420,294.1000,294.1000,294.1000,1,1,2026-08-24T00:00:00.000
421,20260527,20260623,38700,410,406,43,87,9,5,SOA000421,294.8000,294.8000,294.8000,1,1,2026-08-24T00:00:00.000
422,20260805,20260721,45240,390,214,47,24,2,3,SOA000422,295.5000,295.5000,295.5000,1,1,2026-08-24T00:00:00.000
423,20260814,20260808,57600,432,391,378,118,3,4,SOA000423,296.2000,296.2000,296.2000,1,1,2026-08-24T00:00:00.000
424,20260729,20260728,14580,125,496,71,330,3,1,SOA000424,296.9000,296.9000,296.9000,1,1,2026-08-24T00:00:00.000
425,20260729,20260621,71220,466,107,53,335,5,1,SOA000425,297.6000,297.6000,297.6000,1,1,2026-08-24T00:00:00.000
426,20260806,20260619,28080,407,340,373,23,1,6,SOA000426,298.3000,298.3000,298.3000,1,1,2026-08-24T00:00:00.000
427,20260726,20260725,20520,427,229,346,61,2,5,SOA000427,299.0000,299.0000,299.0000,1,1,2026-08-24T00:00:00.000
428,20260601,20260725,11640,376,209,414,215,4,3,SOA000428,299.7000,299.7000,299.7000,1,1,2026-08-24T00:00:00.000
429,20260718,20260716,80760,89,276,14,116,10,6,SOA000429,300.4000,300.4000,300.4000,1,1,2026-08-24T00:00:00.000
430,20260626,20260701,23760,122,196,472,144,6,1,SOA000430,301.1000,301.1000,301.1000,1,1,2026-08-24T00:00:00.000
431,20260722,20260716,51780,259,296,231,117,7,6,SOA000431,301.8000,301.8000,301.8000,1,1,2026-08-24T00:00:00.000
432,20260618,20260810,18780,47,364,396,114,3,1,SOA000432,302.5000,302.5000,302.5000,1,1,2026-08-24T00:00:00.000
433,20260630,20260702,84300,387,236,455,139,10,6,SOA000433,303.2000,303.2000,303.2000,1,1,2026-08-24T00:00:00.000
434,20260718,20260716,65700,323,118,240,300,8,1,SOA000434,303.9000,303.9000,303.9000,1,1,2026-08-24T00:00:00.000
435,20260621,20260703,80100,239,261,422,299,10,1,SOA000435,304.6000,304.6000,304.6000,1,1,2026-08-24T00:00:00.000
436,20260718,20260602,41760,54,109,239,178,10,2,SOA000436,305.3000,305.3000,305.3000,1,1,2026-08-24T00:00:00.000
437,20260804,20260715,31020,228,16,29,130,6,3,SOA000437,306.0000,306.0000,306.0000,1,1,2026-08-24T00:00:00.000
438,20260716,20260725,8160,212,25,171,86,4,1,SOA000438,306.7000,306.7000,306.7000,1,1,2026-08-24T00:00:00.000
439,20260601,20260603,78360,436,144,496,197,5,1,SOA000439,307.4000,307.4000,307.4000,1,1,2026-08-24T00:00:00.000
440,20260723,20260706,10680,235,484,99,270,3,1,SOA000440,308.1000,308.1000,308.1000,1,1,2026-08-24T00:00:00.000
441,20260702,20260804,45960,78,127,150,168,3,7,SOA000441,308.8000,308.8000,308.8000,1,1,2026-08-24T00:00:00.000
442,20260625,20260701,23880,158,317,81,245,8,3,SOA000442,309.5000,309.5000,309.5000,1,1,2026-08-24T00:00:00.000
443,20260626,20260607,83220,371,474,339,175,9,6,SOA000443,310.2000,310.2000,310.2000,1,1,2026-08-24T00:00:00.000
444,20260625,20260801,67560,358,126,278,255,8,7,SOA000444,310.9000,310.9000,310.9000,1,1,2026-08-24T00:00:00.000
445,20260802,20260707,76680,278,107,379,103,4,5,SOA000445,311.6000,311.6000,311.6000,1,1,2026-08-24T00:00:00.000
446,20260810,20260713,60960,14,102,387,332,7,6,SOA000446,312.3000,312.3000,312.3000,1,1,2026-08-24T00:00:00.000
447,20260627,20260623,59040,22,283,31,287,2,4,SOA000447,313.0000,313.0000,313.0000,1,1,2026-08-24T00:00:00.000
448,20260812,20260728,63540,137,243,43,345,3,6,SOA000448,313.7000,313.7000,313.7000,1,1,2026-08-24T00:00:00.000
449,20260715,20260803,17940,132,382,117,332,8,5,SOA000449,314.4000,314.4000,314.4000,1,1,2026-08-24T00:00:00.000
450,20260707,20260623,64860,99,137,288,282,9,7,SOA000450,315.1000,315.1000,315.1000,1,1,2026-08-24T00:00:00.000
451,20260625,20260807,17520,56,400,497,273,7,3,SOA000451,315.8000,315.8000,315.8000,1,1,2026-08-24T00:00:00.000
452,20260819,20260730,68580,491,383,436,167,5,5,SOA000452,316.5000,316.5000,316.5000,1,1,2026-08-24T00:00:00.000
453,20260626,20260705,52800,201,208,143,274,7,1,SOA000453,317.2000,317.2000,317.2000,1,1,2026-08-24T00:00:00.000
454,20260702,20260810,81240,41,384,435,104,9,7,SOA000454,317.9000,317.9000,317.9000,1,1,2026-08-24T00:00:00.000
455,20260707,20260619,43320,321,298,106,280,10,3,SOA000455,318.6000,318.6000,318.6000,1,1,2026-08-24T00:00:00.000
456,20260624,20260719,19680,150,363,358,132,4,5,SOA000456,319.3000,319.3000,319.3000,1,1,2026-08-24T00:00:00.000
457,20260819,20260824,80220,476,18,320,1,5,7,SOA000457,320.0000,320.0000,320.0000,1,1,2026-08-24T00:00:00.000
458,20260725,20260729,67800,103,38,31,80,3,5,SOA000458,320.7000,320.7000,320.7000,1,1,2026-08-24T00:00:00.000
459,20260602,20260801,55440,220,358,286,92,9,2,SOA000459,321.4000,321.4000,321.4000,1,1,2026-08-24T00:00:00.000
460,20260814,20260610,540,399,82,312,33,2,7,SOA000460,322.1000,322.1000,322.1000,1,1,2026-08-24T00:00:00.000
461,20260819,20260605,73980,243,42,71,54,5,6,SOA000461,322.8000,322.8000,322.8000,1,1,2026-08-24T00:00:00.000
462,20260606,20260821,58380,281,107,226,258,5,6,SOA000462,323.5000,323.5000,323.5000,1,1,2026-08-24T00:00:00.000
463,20260822,20260809,75060,316,207,54,217,3,2,SOA000463,324.2000,324.2000,324.2000,1,1,2026-08-24T00:00:00.000
464,20260625,20260822,80760,393,56,217,126,9,3,SOA000464,324.9000,324.9000,324.9000,1,1,2026-08-24T00:00:00.000
465,20260708,20260705,3360,428,303,429,346,9,7,SOA000465,325.6000,325.6000,325.6000,1,1,2026-08-24T00:00:00.000
466,20260817,20260729,5940,488,235,409,219,9,4,SOA000466,326.3000,326.3000,326.3000,1,1,2026-08-24T00:00:00.000
467,20260806,20260710,39780,416,110,395,348,10,7,SOA000467,327.0000,327.0000,327.0000,1,1,2026-08-24T00:00:00.000
468,20260723,20260803,58740,63,128,263,169,6,1,SOA000468,327.7000,327.7000,327.7000,1,1,2026-08-24T00:00:00.000
469,20260703,20260703,76620,442,423,44,159,3,4,SOA000469,328.4000,328.4000,328.4000,1,1,2026-08-24T00:00:00.000
470,20260609,20260606,78840,457,400,363,46,7,7,SOA000470,329.1000,329.1000,329.1000,1,1,2026-08-24T00:00:00.000
471,20260531,20260808,81120,48,213,359,169,2,6,SOA000471,329.8000,329.8000,329.8000,1,1,2026-08-24T00:00:00.000
472,20260611,20260814,45420,116,471,473,81,8,5,SOA000472,330.5000,330.5000,330.5000,1,1,2026-08-24T00:00:00.000
473,20260807,20260618,43920,483,464,450,45,10,4,SOA000473,331.2000,331.2000,331.2000,1,1,2026-08-24T00:00:00.000
474,20260801,20260801,58380,325,64,50,87,6,2,SOA000474,331.9000,331.9000,331.9000,1,1,2026-08-24T00:00:00.000
475,20260609,20260627,84480,488,121,448,229,9,1,SOA000475,332.6000,332.6000,332.6000,1,1,2026-08-24T00:00:00.000
476,20260609,20260701,60060,343,296,23,219,2,4,SOA000476,333.3000,333.3000,333.3000,1,1,2026-08-24T00:00:00.000
477,20260616,20260824,54840,482,56,132,106,2,4,SOA000477,334.0000,334.0000,334.0000,1,1,2026-08-24T00:00:00.000
478,20260805,20260605,81540,25,373,488,222,7,6,SOA000478,334.7000,334.7000,334.7000,1,1,2026-08-24T00:00:00.000
479,20260622,20260621,43080,465,428,414,77,3,3,SOA000479,335.4000,335.4000,335.4000,1,1,2026-08-24T00:00:00.000
480,20260701,20260703,15300,8,65,116,256,1,3,SOA000480,336.1000,336.1000,336.1000,1,1,2026-08-24T00:00:00.000
481,20260722,20260630,6960,288,157,399,286,8,1,SOA000481,336.8000,336.8000,336.8000,1,1,2026-08-24T00:00:00.000
482,20260815,20260531,65340,211,426,309,28,10,1,SOA000482,337.5000,337.5000,337.5000,1,1,2026-08-24T00:00:00.000
483,20260714,20260716,85140,333,12,412,36,10,2,SOA000483,338.2000,338.2000,338.2000,1,1,2026-08-24T00:00:00.000
484,20260602,20260713,34860,233,192,166,295,7,3,SOA000484,338.9000,338.9000,338.9000,1,1,2026-08-24T00:00:00.000
485,20260719,20260706,70080,6,171,273,88,2,2,SOA000485,339.6000,339.6000,339.6000,1,1,2026-08-24T00:00:00.000
486,20260606,20260720,4560,300,208,142,213,3,7,SOA000486,340.3000,340.3000,340.3000,1,1,2026-08-24T00:00:00.000
487,20260711,20260719,48000,290,22,64,290,6,6,SOA000487,341.0000,341.0000,341.0000,1,1,2026-08-24T00:00:00.000
488,20260709,20260628,72840,386,16,87,250,6,7,SOA000488,341.7000,341.7000,341.7000,1,1,2026-08-24T00:00:00.000
489,20260605,20260704,83340,248,335,421,217,2,5,SOA000489,342.4000,342.4000,342.4000,1,1,2026-08-24T00:00:00.000
490,20260530,20260711,43500,35,434,343,47,5,6,SOA000490,343.1000,343.1000,343.1000,1,1,2026-08-24T00:00:00.000
491,20260721,20260809,14340,85,190,261,89,10,2,SOA000491,343.8000,343.8000,343.8000,1,1,2026-08-24T00:00:00.000
492,20260804,20260703,4380,311,191,141,245,5,5,SOA000492,344.5000,344.5000,344.5000,1,1,2026-08-24T00:00:00.000
493,20260617,20260726,23340,48,488,75,152,8,5,SOA000493,345.2000,345.2000,345.2000,1,1,2026-08-24T00:00:00.000
494,20260619,20260712,45300,213,165,372,277,8,5,SOA000494,345.9000,345.9000,345.9000,1,1,2026-08-24T00:00:00.000
495,20260628,20260703,5040,331,198,161,223,6,5,SOA000495,346.6000,346.6000,346.6000,1,1,2026-08-24T00:00:00.000
496,20260613,20260808,66060,148,196,182,217,8,6,SOA000496,347.3000,347.3000,347.3000,1,1,2026-08-24T00:00:00.000
497,20260820,20260703,40680,270,117,384,309,4,7,SOA000497,348.0000,348.0000,348.0000,1,1,2026-08-24T00:00:00.000
498,20260603,20260527,78300,496,55,321,97,2,7,SOA000498,348.7000,348.7000,348.7000,1,1,2026-08-24T00:00:00.000
499,20260628,20260718,17460,356,211,309,157,3,5,SOA000499,349.4000,349.4000,349.4000,1,1,2026-08-24T00:00:00.000
500,20260728,20260814,23100,486,176,479,277,5,2,SOA000500,350.1000,350.1000,350.1000,1,1,2026-08-24T00:00:00.000
501,20260824,20260621,33300,395,28,192,173,2,2,SOA000501,350.8000,350.8000,350.8000,1,1,2026-08-24T00:00:00.000
502,20260726,20260619,20400,420,246,291,58,1,5,SOA000502,351.5000,351.5000,351.5000,1,1,2026-08-24T00:00:00.000
503,20260824,20260626,26580,61,162,241,8,3,6,SOA000503,352.2000,352.2000,352.2000,1,1,2026-08-24T00:00:00.000
504,20260531,20260627,12420,78,103,482,9,6,7,SOA000504,352.9000,352.9000,352.9000,1,1,2026-08-24T00:00:00.000
505,20260712,20260812,49560,368,390,481,6,7,4,SOA000505,353.6000,353.6000,353.6000,1,1,2026-08-24T00:00:00.000
506,20260610,20260528,32100,321,189,336,258,3,7,SOA000506,354.3000,354.3000,354.3000,1,1,2026-08-24T00:00:00.000
507,20260720,20260530,24840,448,313,66,211,10,7,SOA000507,355.0000,355.0000,355.0000,1,1,2026-08-24T00:00:00.000
508,20260612,20260715,79380,348,21,141,23,9,1,SOA000508,355.7000,355.7000,355.7000,1,1,2026-08-24T00:00:00.000
509,20260731,20260814,4860,32,105,293,210,9,7,SOA000509,356.4000,356.4000,356.4000,1,1,2026-08-24T00:00:00.000
510,20260611,20260722,84240,404,437,471,59,3,2,SOA000510,357.1000,357.1000,357.1000,1,1,2026-08-24T00:00:00.000
511,20260808,20260807,61860,293,35,392,261,10,2,SOA000511,357.8000,357.8000,357.8000,1,1,2026-08-24T00:00:00.000
512,20260715,20260808,54780,319,53,290,35,8,5,SOA000512,358.5000,358.5000,358.5000,1,1,2026-08-24T00:00:00.000
513,20260613,20260708,85980,286,424,485,118,1,3,SOA000513,359.2000,359.2000,359.2000,1,1,2026-08-24T00:00:00.000
514,20260705,20260823,66780,377,479,309,42,9,6,SOA000514,359.9000,359.9000,359.9000,1,1,2026-08-24T00:00:00.000
515,20260716,20260729,64740,194,197,215,285,9,2,SOA000515,360.6000,360.6000,360.6000,1,1,2026-08-24T00:00:00.000
516,20260609,20260816,6120,123,78,52,34,1,7,SOA000516,361.3000,361.3000,361.3000,1,1,2026-08-24T00:00:00.000
517,20260723,20260619,30060,285,242,144,313,10,6,SOA000517,362.0000,362.0000,362.0000,1,1,2026-08-24T00:00:00.000
518,20260808,20260609,36600,139,266,321,327,8,3,SOA000518,362.7000,362.7000,362.7000,1,1,2026-08-24T00:00:00.000
519,20260805,20260620,35160,154,465,458,346,3,3,SOA000519,363.4000,363.4000,363.4000,1,1,2026-08-24T00:00:00.000
520,20260613,20260618,69720,327,491,388,338,7,7,SOA000520,364.1000,364.1000,364.1000,1,1,2026-08-24T00:00:00.000
521,20260803,20260603,81900,281,144,368,151,3,1,SOA000521,364.8000,364.8000,364.8000,1,1,2026-08-24T00:00:00.000
522,20260811,20260623,42180,328,154,56,41,4,4,SOA000522,365.5000,365.5000,365.5000,1,1,2026-08-24T00:00:00.000
523,20260803,20260712,64560,11,47,18,154,8,2,SOA000523,366.2000,366.2000,366.2000,1,1,2026-08-24T00:00:00.000
524,20260716,20260821,77400,346,185,6,247,6,6,SOA000524,366.9000,366.9000,366.9000,1,1,2026-08-24T00:00:00.000
525,20260708,20260824,58320,308,114,166,45,4,4,SOA000525,367.6000,367.6000,367.6000,1,1,2026-08-24T00:00:00.000
526,20260721,20260813,37980,186,150,171,350,6,5,SOA000526,368.3000,368.3000,368.3000,1,1,2026-08-24T00:00:00.000
527,20260620,20260730,66360,409,235,370,17,2,2,SOA000527,369.0000,369.0000,369.0000,1,1,2026-08-24T00:00:00.000
528,20260604,20260707,20340,267,174,232,210,6,4,SOA000528,369.7000,369.7000,369.7000,1,1,2026-08-24T00:00:00.000
529,20260703,20260603,56520,199,115,221,323,9,1,SOA000529,370.4000,370.4000,370.4000,1,1,2026-08-24T00:00:00.000
530,20260802,20260608,75480,115,360,196,298,8,6,SOA000530,371.1000,371.1000,371.1000,1,1,2026-08-24T00:00:00.000
531,20260625,20260618,17220,476,163,392,263,3,5,SOA000531,371.8000,371.8000,371.8000,1,1,2026-08-24T00:00:00.000
532,20260528,20260823,39540,114,438,217,272,8,2,SOA000532,372.5000,372.5000,372.5000,1,1,2026-08-24T00:00:00.000
533,20260529,20260723,46680,494,125,495,204,2,7,SOA000533,373.2000,373.2000,373.2000,1,1,2026-08-24T00:00:00.000
534,20260714,20260704,9480,122,304,156,325,8,5,SOA000534,373.9000,373.9000,373.9000,1,1,2026-08-24T00:00:00.000
535,20260625,20260701,65640,360,144,331,323,10,1,SOA000535,374.6000,374.6000,374.6000,1,1,2026-08-24T00:00:00.000
536,20260615,20260528,65280,265,202,215,45,6,2,SOA000536,375.3000,375.3000,375.3000,1,1,2026-08-24T00:00:00.000
537,20260808,20260809,70620,140,154,259,129,8,7,SOA000537,376.0000,376.0000,376.0000,1,1,2026-08-24T00:00:00.000
538,20260815,20260719,80820,21,252,392,257,1,6,SOA000538,376.7000,376.7000,376.7000,1,1,2026-08-24T00:00:00.000
539,20260823,20260701,85800,198,115,402,46,3,2,SOA000539,377.4000,377.4000,377.4000,1,1,2026-08-24T00:00:00.000
540,20260527,20260802,76080,209,13,310,182,2,5,SOA000540,378.1000,378.1000,378.1000,1,1,2026-08-24T00:00:00.000
541,20260612,20260702,13140,276,10,149,202,10,4,SOA000541,378.8000,378.8000,378.8000,1,1,2026-08-24T00:00:00.000
542,20260704,20260717,9540,126,55,199,2,5,5,SOA000542,379.5000,379.5000,379.5000,1,1,2026-08-24T00:00:00.000
543,20260731,20260530,69240,46,469,101,317,4,4,SOA000543,380.2000,380.2000,380.2000,1,1,2026-08-24T00:00:00.000
544,20260711,20260713,77760,339,341,330,206,9,2,SOA000544,380.9000,380.9000,380.9000,1,1,2026-08-24T00:00:00.000
545,20260814,20260809,62580,263,192,475,114,9,4,SOA000545,381.6000,381.6000,381.6000,1,1,2026-08-24T00:00:00.000
546,20260708,20260719,61140,376,291,92,30,10,6,SOA000546,382.3000,382.3000,382.3000,1,1,2026-08-24T00:00:00.000
547,20260816,20260622,68160,142,457,357,268,5,5,SOA000547,383.0000,383.0000,383.0000,1,1,2026-08-24T00:00:00.000
548,20260616,20260622,66720,380,114,451,212,1,2,SOA000548,383.7000,383.7000,383.7000,1,1,2026-08-24T00:00:00.000
549,20260813,20260601,51540,76,225,325,220,10,2,SOA000549,384.4000,384.4000,384.4000,1,1,2026-08-24T00:00:00.000
550,20260626,20260625,45840,314,395,466,131,10,4,SOA000550,385.1000,385.1000,385.1000,1,1,2026-08-24T00:00:00.000
551,20260612,20260728,51420,206,257,51,132,10,6,SOA000551,385.8000,385.8000,385.8000,1,1,2026-08-24T00:00:00.000
552,20260723,20260726,76320,44,219,324,122,1,2,SOA000552,386.5000,386.5000,386.5000,1,1,2026-08-24T00:00:00.000
553,20260729,20260717,10800,247,314,255,113,7,7,SOA000553,387.2000,387.2000,387.2000,1,1,2026-08-24T00:00:00.000
554,20260809,20260616,46620,40,217,200,49,6,3,SOA000554,387.9000,387.9000,387.9000,1,1,2026-08-24T00:00:00.000
555,20260617,20260627,75480,427,379,365,102,7,4,SOA000555,388.6000,388.6000,388.6000,1,1,2026-08-24T00:00:00.000
556,20260630,20260804,49200,45,479,229,199,4,5,SOA000556,389.3000,389.3000,389.3000,1,1,2026-08-24T00:00:00.000
557,20260727,20260730,11280,13,365,109,311,6,6,SOA000557,390.0000,390.0000,390.0000,1,1,2026-08-24T00:00:00.000
558,20260602,20260727,420,81,218,438,314,10,3,SOA000558,390.7000,390.7000,390.7000,1,1,2026-08-24T00:00:00.000
559,20260705,20260530,55860,298,467,162,157,7,2,SOA000559,391.4000,391.4000,391.4000,1,1,2026-08-24T00:00:00.000
560,20260603,20260804,60360,278,425,371,300,8,7,SOA000560,392.1000,392.1000,392.1000,1,1,2026-08-24T00:00:00.000
561,20260814,20260618,68220,387,372,243,335,1,4,SOA000561,392.8000,392.8000,392.8000,1,1,2026-08-24T00:00:00.000
562,20260619,20260820,33900,327,275,342,23,9,7,SOA000562,393.5000,393.5000,393.5000,1,1,2026-08-24T00:00:00.000
563,20260719,20260602,28800,233,341,14,17,9,5,SOA000563,394.2000,394.2000,394.2000,1,1,2026-08-24T00:00:00.000
564,20260726,20260624,48240,294,142,390,206,6,6,SOA000564,394.9000,394.9000,394.9000,1,1,2026-08-24T00:00:00.000
565,20260602,20260730,42300,216,193,375,158,6,6,SOA000565,395.6000,395.6000,395.6000,1,1,2026-08-24T00:00:00.000
566,20260618,20260811,7620,98,448,369,281,2,7,SOA000566,396.3000,396.3000,396.3000,1,1,2026-08-24T00:00:00.000
567,20260729,20260714,79380,295,417,306,227,6,1,SOA000567,397.0000,397.0000,397.0000,1,1,2026-08-24T00:00:00.000
568,20260815,20260706,86220,458,56,453,177,7,1,SOA000568,397.7000,397.7000,397.7000,1,1,2026-08-24T00:00:00.000
569,20260617,20260612,73080,208,444,167,220,10,3,SOA000569,398.4000,398.4000,398.4000,1,1,2026-08-24T00:00:00.000
570,20260617,20260731,48600,202,37,310,54,9,7,SOA000570,399.1000,399.1000,399.1000,1,1,2026-08-24T00:00:00.000
571,20260718,20260818,74160,194,418,166,78,7,7,SOA000571,399.8000,399.8000,399.8000,1,1,2026-08-24T00:00:00.000
572,20260808,20260818,84840,436,272,136,210,1,3,SOA000572,400.5000,400.5000,400.5000,1,1,2026-08-24T00:00:00.000
573,20260719,20260723,62040,91,141,422,170,6,2,SOA000573,401.2000,401.2000,401.2000,1,1,2026-08-24T00:00:00.000
574,20260531,20260613,68220,127,265,139,199,8,6,SOA000574,401.9000,401.9000,401.9000,1,1,2026-08-24T00:00:00.000
575,20260627,20260530,57360,229,21,278,279,3,1,SOA000575,402.6000,402.6000,402.6000,1,1,2026-08-24T00:00:00.000
576,20260810,20260616,11880,425,270,366,166,6,6,SOA000576,403.3000,403.3000,403.3000,1,1,2026-08-24T00:00:00.000
577,20260715,20260815,44640,160,104,184,48,8,3,SOA000577,404.0000,404.0000,404.0000,1,1,2026-08-24T00:00:00.000
578,20260608,20260627,43020,234,44,500,53,7,4,SOA000578,404.7000,404.7000,404.7000,1,1,2026-08-24T00:00:00.000
579,20260816,20260622,16680,494,281,384,21,8,2,SOA000579,405.4000,405.4000,405.4000,1,1,2026-08-24T00:00:00.000
580,20260823,20260720,32160,342,28,173,209,3,6,SOA000580,406.1000,406.1000,406.1000,1,1,2026-08-24T00:00:00.000
581,20260727,20260719,76860,85,143,404,315,2,2,SOA000581,406.8000,406.8000,406.8000,1,1,2026-08-24T00:00:00.000
582,20260628,20260617,63120,74,60,448,241,7,3,SOA000582,407.5000,407.5000,407.5000,1,1,2026-08-24T00:00:00.000
583,20260530,20260605,7140,359,327,438,203,10,7,SOA000583,408.2000,408.2000,408.2000,1,1,2026-08-24T00:00:00.000
584,20260606,20260710,11760,188,171,197,198,10,1,SOA000584,408.9000,408.9000,408.9000,1,1,2026-08-24T00:00:00.000
585,20260817,20260807,55620,184,407,243,193,8,3,SOA000585,409.6000,409.6000,409.6000,1,1,2026-08-24T00:00:00.000
586,20260821,20260629,43080,239,495,30,22,9,3,SOA000586,410.3000,410.3000,410.3000,1,1,2026-08-24T00:00:00.000
587,20260621,20260527,63120,19,419,397,238,7,2,SOA000587,411.0000,411.0000,411.0000,1,1,2026-08-24T00:00:00.000
588,20260729,20260619,78180,449,137,464,348,9,3,SOA000588,411.7000,411.7000,411.7000,1,1,2026-08-24T00:00:00.000
589,20260809,20260527,71520,432,70,27,318,1,6,SOA000589,412.4000,412.4000,412.4000,1,1,2026-08-24T00:00:00.000
590,20260731,20260607,53760,167,345,177,232,4,4,SOA000590,413.1000,413.1000,413.1000,1,1,2026-08-24T00:00:00.000
591,20260719,20260606,54900,285,296,265,240,10,4,SOA000591,413.8000,413.8000,413.8000,1,1,2026-08-24T00:00:00.000
592,20260628,20260710,540,138,467,290,61,10,6,SOA000592,414.5000,414.5000,414.5000,1,1,2026-08-24T00:00:00.000
593,20260720,20260810,29160,54,102,481,73,8,7,SOA000593,415.2000,415.2000,415.2000,1,1,2026-08-24T00:00:00.000
594,20260703,20260529,76080,273,222,30,140,7,3,SOA000594,415.9000,415.9000,415.9000,1,1,2026-08-24T00:00:00.000
595,20260529,20260630,25740,476,175,300,135,1,4,SOA000595,416.6000,416.6000,416.6000,1,1,2026-08-24T00:00:00.000
596,20260813,20260611,30600,284,464,126,341,8,7,SOA000596,417.3000,417.3000,417.3000,1,1,2026-08-24T00:00:00.000
597,20260621,20260629,29760,263,42,64,87,4,1,SOA000597,418.0000,418.0000,418.0000,1,1,2026-08-24T00:00:00.000
598,20260715,20260801,2460,235,189,197,24,3,7,SOA000598,418.7000,418.7000,418.7000,1,1,2026-08-24T00:00:00.000
599,20260610,20260811,24720,33,8,463,18,5,7,SOA000599,419.4000,419.4000,419.4000,1,1,2026-08-24T00:00:00.000
600,20260601,20260703,70020,37,297,491,112,5,7,SOA000600,420.1000,420.1000,420.1000,1,1,2026-08-24T00:00:00.000
601,20260804,20260619,40920,472,311,407,4,7,3,SOA000601,420.8000,420.8000,420.8000,1,1,2026-08-24T00:00:00.000
602,20260707,20260710,61800,224,109,277,59,3,6,SOA000602,421.5000,421.5000,421.5000,1,1,2026-08-24T00:00:00.000
603,20260618,20260819,16200,412,282,400,251,4,3,SOA000603,422.2000,422.2000,422.2000,1,1,2026-08-24T00:00:00.000
604,20260722,20260613,50820,46,249,320,254,1,6,SOA000604,422.9000,422.9000,422.9000,1,1,2026-08-24T00:00:00.000
605,20260602,20260603,21720,63,58,136,315,8,2,SOA000605,423.6000,423.6000,423.6000,1,1,2026-08-24T00:00:00.000
606,20260527,20260619,68160,206,146,102,291,2,3,SOA000606,424.3000,424.3000,424.3000,1,1,2026-08-24T00:00:00.000
607,20260712,20260627,72360,169,317,295,27,9,7,SOA000607,425.0000,425.0000,425.0000,1,1,2026-08-24T00:00:00.000
608,20260604,20260603,28980,72,413,89,103,5,4,SOA000608,425.7000,425.7000,425.7000,1,1,2026-08-24T00:00:00.000
609,20260616,20260610,2700,286,20,411,206,6,4,SOA000609,426.4000,426.4000,426.4000,1,1,2026-08-24T00:00:00.000
610,20260628,20260612,74340,136,448,425,275,1,1,SOA000610,427.1000,427.1000,427.1000,1,1,2026-08-24T00:00:00.000
611,20260529,20260604,35460,475,144,143,61,2,5,SOA000611,427.8000,427.8000,427.8000,1,1,2026-08-24T00:00:00.000
612,20260801,20260710,48420,373,191,371,271,4,7,SOA000612,428.5000,428.5000,428.5000,1,1,2026-08-24T00:00:00.000
613,20260729,20260601,49560,406,133,364,107,2,3,SOA000613,429.2000,429.2000,429.2000,1,1,2026-08-24T00:00:00.000
614,20260730,20260801,68160,369,385,53,322,8,7,SOA000614,429.9000,429.9000,429.9000,1,1,2026-08-24T00:00:00.000
615,20260604,20260714,78780,367,136,315,247,7,2,SOA000615,430.6000,430.6000,430.6000,1,1,2026-08-24T00:00:00.000
616,20260601,20260707,84000,387,446,100,51,7,2,SOA000616,431.3000,431.3000,431.3000,1,1,2026-08-24T00:00:00.000
617,20260528,20260824,68040,404,321,253,303,2,4,SOA000617,432.0000,432.0000,432.0000,1,1,2026-08-24T00:00:00.000
618,20260801,20260705,50160,79,31,17,128,10,7,SOA000618,432.7000,432.7000,432.7000,1,1,2026-08-24T00:00:00.000
619,20260619,20260607,26040,144,86,276,246,10,2,SOA000619,433.4000,433.4000,433.4000,1,1,2026-08-24T00:00:00.000
620,20260719,20260604,39420,399,276,109,19,6,7,SOA000620,434.1000,434.1000,434.1000,1,1,2026-08-24T00:00:00.000
621,20260530,20260727,65580,376,381,90,289,3,2,SOA000621,434.8000,434.8000,434.8000,1,1,2026-08-24T00:00:00.000
622,20260806,20260702,27480,198,327,499,86,7,4,SOA000622,435.5000,435.5000,435.5000,1,1,2026-08-24T00:00:00.000
623,20260724,20260707,20700,250,224,79,275,6,4,SOA000623,436.2000,436.2000,436.2000,1,1,2026-08-24T00:00:00.000
624,20260624,20260717,73920,274,24,124,118,9,5,SOA000624,436.9000,436.9000,436.9000,1,1,2026-08-24T00:00:00.000
625,20260603,20260531,55020,456,344,323,29,2,6,SOA000625,437.6000,437.6000,437.6000,1,1,2026-08-24T00:00:00.000
626,20260711,20260805,72060,259,459,309,208,2,2,SOA000626,438.3000,438.3000,438.3000,1,1,2026-08-24T00:00:00.000
627,20260813,20260706,60360,156,101,407,125,5,1,SOA000627,439.0000,439.0000,439.0000,1,1,2026-08-24T00:00:00.000
628,20260720,20260802,48960,320,166,403,129,2,5,SOA000628,439.7000,439.7000,439.7000,1,1,2026-08-24T00:00:00.000
629,20260716,20260706,7680,77,84,214,57,7,7,SOA000629,440.4000,440.4000,440.4000,1,1,2026-08-24T00:00:00.000
630,20260729,20260801,75000,350,177,360,206,5,6,SOA000630,441.1000,441.1000,441.1000,1,1,2026-08-24T00:00:00.000
631,20260722,20260805,56400,237,7,229,299,4,3,SOA000631,441.8000,441.8000,441.8000,1,1,2026-08-24T00:00:00.000
632,20260724,20260821,56580,257,80,118,237,9,2,SOA000632,442.5000,442.5000,442.5000,1,1,2026-08-24T00:00:00.000
633,20260808,20260628,85920,146,116,331,337,3,4,SOA000633,443.2000,443.2000,443.2000,1,1,2026-08-24T00:00:00.000
634,20260530,20260819,39360,430,165,428,128,2,7,SOA000634,443.9000,443.9000,443.9000,1,1,2026-08-24T00:00:00.000
635,20260605,20260608,72480,490,148,115,258,7,1,SOA000635,444.6000,444.6000,444.6000,1,1,2026-08-24T00:00:00.000
636,20260614,20260616,64020,497,259,390,176,5,3,SOA000636,445.3000,445.3000,445.3000,1,1,2026-08-24T00:00:00.000
637,20260711,20260531,8520,183,330,65,221,7,3,SOA000637,446.0000,446.0000,446.0000,1,1,2026-08-24T00:00:00.000
638,20260630,20260624,47700,147,410,175,8,2,7,SOA000638,446.7000,446.7000,446.7000,1,1,2026-08-24T00:00:00.000
639,20260610,20260710,43500,414,368,443,40,3,3,SOA000639,447.4000,447.4000,447.4000,1,1,2026-08-24T00:00:00.000
640,20260811,20260626,3480,32,423,320,208,7,1,SOA000640,448.1000,448.1000,448.1000,1,1,2026-08-24T00:00:00.000
641,20260706,20260622,54240,104,67,291,121,2,4,SOA000641,448.8000,448.8000,448.8000,1,1,2026-08-24T00:00:00.000
642,20260714,20260727,64020,99,405,154,87,1,5,SOA000642,449.5000,449.5000,449.5000,1,1,2026-08-24T00:00:00.000
643,20260818,20260802,63060,225,437,316,122,10,5,SOA000643,450.2000,450.2000,450.2000,1,1,2026-08-24T00:00:00.000
644,20260630,20260708,48900,111,173,246,278,3,5,SOA000644,450.9000,450.9000,450.9000,1,1,2026-08-24T00:00:00.000
645,20260605,20260611,41520,62,301,95,290,1,3,SOA000645,451.6000,451.6000,451.6000,1,1,2026-08-24T00:00:00.000
646,20260731,20260815,16140,411,63,361,350,4,1,SOA000646,452.3000,452.3000,452.3000,1,1,2026-08-24T00:00:00.000
647,20260629,20260630,77100,479,248,167,253,9,6,SOA000647,453.0000,453.0000,453.0000,1,1,2026-08-24T00:00:00.000
648,20260810,20260717,10320,286,232,337,272,7,7,SOA000648,453.7000,453.7000,453.7000,1,1,2026-08-24T00:00:00.000
649,20260606,20260706,69540,448,481,102,271,9,5,SOA000649,454.4000,454.4000,454.4000,1,1,2026-08-24T00:00:00.000
650,20260811,20260814,17280,260,289,108,309,3,5,SOA000650,455.1000,455.1000,455.1000,1,1,2026-08-24T00:00:00.000
651,20260609,20260729,15060,40,264,204,223,8,2,SOA000651,455.8000,455.8000,455.8000,1,1,2026-08-24T00:00:00.000
652,20260806,20260816,28740,263,78,306,20,6,4,SOA000652,456.5000,456.5000,456.5000,1,1,2026-08-24T00:00:00.000
653,20260529,20260721,36180,72,427,18,302,3,5,SOA000653,457.2000,457.2000,457.2000,1,1,2026-08-24T00:00:00.000
654,20260616,20260712,18660,351,493,109,229,5,6,SOA000654,457.9000,457.9000,457.9000,1,1,2026-08-24T00:00:00.000
655,20260730,20260529,27900,144,111,139,174,5,5,SOA000655,458.6000,458.6000,458.6000,1,1,2026-08-24T00:00:00.000
656,20260601,20260706,24780,300,36,104,147,4,4,SOA000656,459.3000,459.3000,459.3000,1,1,2026-08-24T00:00:00.000
657,20260602,20260618,49140,70,117,211,312,1,5,SOA000657,460.0000,460.0000,460.0000,1,1,2026-08-24T00:00:00.000
658,20260721,20260714,32880,106,2,342,162,10,7,SOA000658,460.7000,460.7000,460.7000,1,1,2026-08-24T00:00:00.000
659,20260616,20260823,75180,274,437,354,298,7,4,SOA000659,461.4000,461.4000,461.4000,1,1,2026-08-24T00:00:00.000
660,20260729,20260727,3780,222,223,68,136,2,2,SOA000660,462.1000,462.1000,462.1000,1,1,2026-08-24T00:00:00.000
661,20260718,20260802,60060,374,157,383,203,7,2,SOA000661,462.8000,462.8000,462.8000,1,1,2026-08-24T00:00:00.000
662,20260609,20260721,6360,364,90,276,6,3,5,SOA000662,463.5000,463.5000,463.5000,1,1,2026-08-24T00:00:00.000
663,20260606,20260812,23760,403,382,100,216,9,6,SOA000663,464.2000,464.2000,464.2000,1,1,2026-08-24T00:00:00.000
664,20260730,20260711,58500,84,65,75,145,10,3,SOA000664,464.9000,464.9000,464.9000,1,1,2026-08-24T00:00:00.000
665,20260803,20260824,29700,166,234,185,15,3,1,SOA000665,465.6000,465.6000,465.6000,1,1,2026-08-24T00:00:00.000
666,20260818,20260713,16380,175,275,342,280,10,6,SOA000666,466.3000,466.3000,466.3000,1,1,2026-08-24T00:00:00.000
667,20260717,20260529,70200,98,121,380,18,4,3,SOA000667,467.0000,467.0000,467.0000,1,1,2026-08-24T00:00:00.000
668,20260809,20260822,85800,208,374,281,73,1,3,SOA000668,467.7000,467.7000,467.7000,1,1,2026-08-24T00:00:00.000
669,20260824,20260620,56280,212,495,38,79,5,2,SOA000669,468.4000,468.4000,468.4000,1,1,2026-08-24T00:00:00.000
670,20260721,20260622,85320,433,300,53,56,1,1,SOA000670,469.1000,469.1000,469.1000,1,1,2026-08-24T00:00:00.000
671,20260626,20260730,80940,306,394,246,23,7,4,SOA000671,469.8000,469.8000,469.8000,1,1,2026-08-24T00:00:00.000
672,20260727,20260801,15960,210,404,400,179,9,5,SOA000672,470.5000,470.5000,470.5000,1,1,2026-08-24T00:00:00.000
673,20260627,20260814,46140,398,161,465,270,7,3,SOA000673,471.2000,471.2000,471.2000,1,1,2026-08-24T00:00:00.000
674,20260612,20260609,69060,140,18,104,302,2,2,SOA000674,471.9000,471.9000,471.9000,1,1,2026-08-24T00:00:00.000
675,20260710,20260609,19320,229,336,459,242,10,6,SOA000675,472.6000,472.6000,472.6000,1,1,2026-08-24T00:00:00.000
676,20260610,20260817,67380,316,56,121,251,4,3,SOA000676,473.3000,473.3000,473.3000,1,1,2026-08-24T00:00:00.000
677,20260809,20260803,81900,274,433,148,166,3,5,SOA000677,474.0000,474.0000,474.0000,1,1,2026-08-24T00:00:00.000
678,20260716,20260803,13260,385,162,39,349,4,6,SOA000678,474.7000,474.7000,474.7000,1,1,2026-08-24T00:00:00.000
679,20260613,20260809,51360,205,241,446,111,4,7,SOA000679,475.4000,475.4000,475.4000,1,1,2026-08-24T00:00:00.000
680,20260620,20260605,8460,193,78,63,330,10,5,SOA000680,476.1000,476.1000,476.1000,1,1,2026-08-24T00:00:00.000
681,20260622,20260701,35460,68,462,342,105,7,7,SOA000681,476.8000,476.8000,476.8000,1,1,2026-08-24T00:00:00.000
682,20260616,20260624,42240,97,417,334,140,1,1,SOA000682,477.5000,477.5000,477.5000,1,1,2026-08-24T00:00:00.000
683,20260807,20260806,77640,38,51,477,127,3,3,SOA000683,478.2000,478.2000,478.2000,1,1,2026-08-24T00:00:00.000
684,20260714,20260706,5880,447,412,25,147,4,6,SOA000684,478.9000,478.9000,478.9000,1,1,2026-08-24T00:00:00.000
685,20260530,20260726,27000,319,99,77,235,1,7,SOA000685,479.6000,479.6000,479.6000,1,1,2026-08-24T00:00:00.000
686,20260726,20260812,85320,228,26,55,16,1,3,SOA000686,480.3000,480.3000,480.3000,1,1,2026-08-24T00:00:00.000
687,20260628,20260712,32640,261,328,244,67,3,5,SOA000687,481.0000,481.0000,481.0000,1,1,2026-08-24T00:00:00.000
688,20260802,20260718,64440,389,74,68,337,10,2,SOA000688,481.7000,481.7000,481.7000,1,1,2026-08-24T00:00:00.000
689,20260628,20260731,32040,415,28,245,166,8,1,SOA000689,482.4000,482.4000,482.4000,1,1,2026-08-24T00:00:00.000
690,20260724,20260608,68160,436,28,210,303,4,6,SOA000690,483.1000,483.1000,483.1000,1,1,2026-08-24T00:00:00.000
691,20260720,20260815,36240,58,47,198,190,5,2,SOA000691,483.8000,483.8000,483.8000,1,1,2026-08-24T00:00:00.000
692,20260805,20260820,23460,289,127,274,159,8,2,SOA000692,484.5000,484.5000,484.5000,1,1,2026-08-24T00:00:00.000
693,20260818,20260713,54720,256,402,401,8,1,5,SOA000693,485.2000,485.2000,485.2000,1,1,2026-08-24T00:00:00.000
694,20260608,20260819,24060,39,284,217,133,9,2,SOA000694,485.9000,485.9000,485.9000,1,1,2026-08-24T00:00:00.000
695,20260611,20260801,55020,237,131,207,244,3,5,SOA000695,486.6000,486.6000,486.6000,1,1,2026-08-24T00:00:00.000
696,20260819,20260706,69300,436,376,104,115,8,1,SOA000696,487.3000,487.3000,487.3000,1,1,2026-08-24T00:00:00.000
697,20260814,20260717,38940,224,476,71,77,4,1,SOA000697,488.0000,488.0000,488.0000,1,1,2026-08-24T00:00:00.000
698,20260603,20260605,69300,218,166,10,176,4,3,SOA000698,488.7000,488.7000,488.7000,1,1,2026-08-24T00:00:00.000
699,20260806,20260611,25680,47,95,286,281,4,5,SOA000699,489.4000,489.4000,489.4000,1,1,2026-08-24T00:00:00.000
700,20260713,20260627,33720,134,459,474,168,9,3,SOA000700,490.1000,490.1000,490.1000,1,1,2026-08-24T00:00:00.000
701,20260810,20260601,73200,103,213,416,190,1,5,SOA000701,490.8000,490.8000,490.8000,1,1,2026-08-24T00:00:00.000
702,20260619,20260606,48480,149,491,497,29,7,1,SOA000702,491.5000,491.5000,491.5000,1,1,2026-08-24T00:00:00.000
703,20260619,20260816,28740,500,363,169,312,3,2,SOA000703,492.2000,492.2000,492.2000,1,1,2026-08-24T00:00:00.000
704,20260604,20260822,25260,276,474,108,193,7,2,SOA000704,492.9000,492.9000,492.9000,1,1,2026-08-24T00:00:00.000
705,20260730,20260810,16500,137,183,306,155,8,6,SOA000705,493.6000,493.6000,493.6000,1,1,2026-08-24T00:00:00.000
706,20260729,20260810,1980,154,40,471,330,9,1,SOA000706,494.3000,494.3000,494.3000,1,1,2026-08-24T00:00:00.000
707,20260605,20260625,56460,50,307,492,235,10,3,SOA000707,495.0000,495.0000,495.0000,1,1,2026-08-24T00:00:00.000
708,20260612,20260715,60660,404,42,153,50,6,1,SOA000708,495.7000,495.7000,495.7000,1,1,2026-08-24T00:00:00.000
709,20260706,20260821,72960,353,277,66,154,10,3,SOA000709,496.4000,496.4000,496.4000,1,1,2026-08-24T00:00:00.000
710,20260714,20260618,73440,91,295,301,112,8,2,SOA000710,497.1000,497.1000,497.1000,1,1,2026-08-24T00:00:00.000
711,20260803,20260608,46200,19,174,238,221,8,5,SOA000711,497.8000,497.8000,497.8000,1,1,2026-08-24T00:00:00.000
712,20260720,20260812,46860,207,345,8,275,3,2,SOA000712,498.5000,498.5000,498.5000,1,1,2026-08-24T00:00:00.000
713,20260705,20260820,37500,395,470,375,280,2,4,SOA000713,499.2000,499.2000,499.2000,1,1,2026-08-24T00:00:00.000
714,20260618,20260810,39420,313,231,49,10,3,5,SOA000714,499.9000,499.9000,499.9000,1,1,2026-08-24T00:00:00.000
715,20260606,20260804,25620,356,277,362,209,8,7,SOA000715,500.6000,500.6000,500.6000,1,1,2026-08-24T00:00:00.000
716,20260708,20260601,49200,190,302,260,89,2,6,SOA000716,501.3000,501.3000,501.3000,1,1,2026-08-24T00:00:00.000
717,20260724,20260819,86040,21,38,374,134,10,5,SOA000717,502.0000,502.0000,502.0000,1,1,2026-08-24T00:00:00.000
718,20260709,20260602,75060,222,409,81,209,9,5,SOA000718,502.7000,502.7000,502.7000,1,1,2026-08-24T00:00:00.000
719,20260629,20260604,71940,229,171,38,308,7,1,SOA000719,503.4000,503.4000,503.4000,1,1,2026-08-24T00:00:00.000
720,20260606,20260714,23040,378,89,326,207,7,2,SOA000720,504.1000,504.1000,504.1000,1,1,2026-08-24T00:00:00.000
721,20260706,20260804,78600,123,265,324,323,2,5,SOA000721,504.8000,504.8000,504.8000,1,1,2026-08-24T00:00:00.000
722,20260714,20260620,37680,350,230,106,306,10,2,SOA000722,505.5000,505.5000,505.5000,1,1,2026-08-24T00:00:00.000
723,20260613,20260608,2820,234,253,165,92,2,3,SOA000723,506.2000,506.2000,506.2000,1,1,2026-08-24T00:00:00.000
724,20260606,20260611,55020,394,277,317,110,10,3,SOA000724,506.9000,506.9000,506.9000,1,1,2026-08-24T00:00:00.000
725,20260817,20260703,79260,282,19,245,179,10,7,SOA000725,507.6000,507.6000,507.6000,1,1,2026-08-24T00:00:00.000
726,20260824,20260713,18360,327,142,126,280,4,4,SOA000726,508.3000,508.3000,508.3000,1,1,2026-08-24T00:00:00.000
727,20260614,20260805,80220,87,16,349,78,1,4,SOA000727,509.0000,509.0000,509.0000,1,1,2026-08-24T00:00:00.000
728,20260527,20260727,41340,56,180,114,57,8,4,SOA000728,509.7000,509.7000,509.7000,1,1,2026-08-24T00:00:00.000
729,20260819,20260720,3420,55,406,1,153,3,1,SOA000729,510.4000,510.4000,510.4000,1,1,2026-08-24T00:00:00.000
730,20260618,20260624,660,308,398,327,25,8,6,SOA000730,511.1000,511.1000,511.1000,1,1,2026-08-24T00:00:00.000
731,20260602,20260529,40020,488,137,207,202,6,6,SOA000731,511.8000,511.8000,511.8000,1,1,2026-08-24T00:00:00.000
732,20260818,20260719,71700,142,447,33,302,10,6,SOA000732,512.5000,512.5000,512.5000,1,1,2026-08-24T00:00:00.000
733,20260703,20260812,8640,33,301,72,99,8,1,SOA000733,513.2000,513.2000,513.2000,1,1,2026-08-24T00:00:00.000
734,20260726,20260823,10260,48,155,294,138,10,5,SOA000734,513.9000,513.9000,513.9000,1,1,2026-08-24T00:00:00.000
735,20260709,20260822,51780,208,86,37,290,10,3,SOA000735,514.6000,514.6000,514.6000,1,1,2026-08-24T00:00:00.000
736,20260814,20260724,26820,116,401,80,178,7,5,SOA000736,515.3000,515.3000,515.3000,1,1,2026-08-24T00:00:00.000
737,20260712,20260726,57420,171,427,392,228,6,5,SOA000737,516.0000,516.0000,516.0000,1,1,2026-08-24T00:00:00.000
738,20260723,20260605,42900,323,326,131,266,9,2,SOA000738,516.7000,516.7000,516.7000,1,1,2026-08-24T00:00:00.000
739,20260529,20260608,78840,300,400,21,165,1,2,SOA000739,517.4000,517.4000,517.4000,1,1,2026-08-24T00:00:00.000
740,20260727,20260701,24480,299,38,280,282,3,5,SOA000740,518.1000,518.1000,518.1000,1,1,2026-08-24T00:00:00.000
741,20260709,20260609,54960,252,35,405,242,5,2,SOA000741,518.8000,518.8000,518.8000,1,1,2026-08-24T00:00:00.000
742,20260613,20260725,2640,216,107,339,275,4,2,SOA000742,519.5000,519.5000,519.5000,1,1,2026-08-24T00:00:00.000
743,20260723,20260611,12660,162,68,196,118,7,2,SOA000743,520.2000,520.2000,520.2000,1,1,2026-08-24T00:00:00.000
744,20260601,20260802,41520,45,322,440,52,6,7,SOA000744,520.9000,520.9000,520.9000,1,1,2026-08-24T00:00:00.000
745,20260702,20260630,50880,266,376,244,219,8,4,SOA000745,521.6000,521.6000,521.6000,1,1,2026-08-24T00:00:00.000
746,20260807,20260720,63300,127,190,388,236,9,1,SOA000746,522.3000,522.3000,522.3000,1,1,2026-08-24T00:00:00.000
747,20260702,20260712,40980,304,77,181,24,1,5,SOA000747,523.0000,523.0000,523.0000,1,1,2026-08-24T00:00:00.000
748,20260604,20260818,11940,294,272,282,310,4,7,SOA000748,523.7000,523.7000,523.7000,1,1,2026-08-24T00:00:00.000
749,20260606,20260730,51540,298,337,235,309,2,3,SOA000749,524.4000,524.4000,524.4000,1,1,2026-08-24T00:00:00.000
750,20260724,20260605,67380,339,396,221,336,1,6,SOA000750,525.1000,525.1000,525.1000,1,1,2026-08-24T00:00:00.000
751,20260603,20260608,54300,305,44,137,77,9,6,SOA000751,525.8000,525.8000,525.8000,1,1,2026-08-24T00:00:00.000
752,20260725,20260711,38040,6,355,75,272,7,6,SOA000752,526.5000,526.5000,526.5000,1,1,2026-08-24T00:00:00.000
753,20260817,20260816,4500,449,1,88,259,10,5,SOA000753,527.2000,527.2000,527.2000,1,1,2026-08-24T00:00:00.000
754,20260623,20260811,58620,230,127,493,142,8,6,SOA000754,527.9000,527.9000,527.9000,1,1,2026-08-24T00:00:00.000
755,20260709,20260817,60,269,264,64,172,1,1,SOA000755,528.6000,528.6000,528.6000,1,1,2026-08-24T00:00:00.000
756,20260809,20260725,17700,320,403,249,96,8,6,SOA000756,529.3000,529.3000,529.3000,1,1,2026-08-24T00:00:00.000
757,20260604,20260529,37260,196,37,113,96,8,7,SOA000757,530.0000,530.0000,530.0000,1,1,2026-08-24T00:00:00.000
758,20260704,20260804,14580,394,131,52,53,6,3,SOA000758,530.7000,530.7000,530.7000,1,1,2026-08-24T00:00:00.000
759,20260725,20260704,76260,268,251,216,10,1,5,SOA000759,531.4000,531.4000,531.4000,1,1,2026-08-24T00:00:00.000
760,20260704,20260718,51780,185,451,45,61,3,4,SOA000760,532.1000,532.1000,532.1000,1,1,2026-08-24T00:00:00.000
761,20260628,20260602,54960,177,293,269,3,4,2,SOA000761,532.8000,532.8000,532.8000,1,1,2026-08-24T00:00:00.000
762,20260726,20260626,53100,487,479,51,121,3,2,SOA000762,533.5000,533.5000,533.5000,1,1,2026-08-24T00:00:00.000
763,20260730,20260607,35340,310,479,46,236,3,4,SOA000763,534.2000,534.2000,534.2000,1,1,2026-08-24T00:00:00.000
764,20260708,20260626,1680,206,331,93,33,8,3,SOA000764,534.9000,534.9000,534.9000,1,1,2026-08-24T00:00:00.000
765,20260807,20260618,6660,234,244,75,37,7,6,SOA000765,535.6000,535.6000,535.6000,1,1,2026-08-24T00:00:00.000
766,20260724,20260804,3180,472,399,242,247,2,6,SOA000766,536.3000,536.3000,536.3000,1,1,2026-08-24T00:00:00.000
767,20260816,20260530,21480,326,110,316,330,9,7,SOA000767,537.0000,537.0000,537.0000,1,1,2026-08-24T00:00:00.000
768,20260717,20260623,37920,362,122,277,209,9,1,SOA000768,537.7000,537.7000,537.7000,1,1,2026-08-24T00:00:00.000
769,20260624,20260821,7080,361,480,248,235,8,7,SOA000769,538.4000,538.4000,538.4000,1,1,2026-08-24T00:00:00.000
770,20260720,20260704,38940,246,363,384,244,2,1,SOA000770,539.1000,539.1000,539.1000,1,1,2026-08-24T00:00:00.000
771,20260819,20260813,6840,6,349,63,38,3,1,SOA000771,539.8000,539.8000,539.8000,1,1,2026-08-24T00:00:00.000
772,20260709,20260708,12300,33,341,333,259,4,4,SOA000772,540.5000,540.5000,540.5000,1,1,2026-08-24T00:00:00.000
773,20260714,20260707,17460,268,458,234,159,2,4,SOA000773,541.2000,541.2000,541.2000,1,1,2026-08-24T00:00:00.000
774,20260610,20260814,21720,119,497,158,3,10,5,SOA000774,541.9000,541.9000,541.9000,1,1,2026-08-24T00:00:00.000
775,20260705,20260612,78900,166,379,339,139,3,1,SOA000775,542.6000,542.6000,542.6000,1,1,2026-08-24T00:00:00.000
776,20260628,20260607,63780,379,2,486,269,1,1,SOA000776,543.3000,543.3000,543.3000,1,1,2026-08-24T00:00:00.000
777,20260617,20260712,69840,32,280,158,137,9,2,SOA000777,544.0000,544.0000,544.0000,1,1,2026-08-24T00:00:00.000
778,20260813,20260724,83460,234,433,435,108,7,2,SOA000778,544.7000,544.7000,544.7000,1,1,2026-08-24T00:00:00.000
779,20260714,20260626,28260,3,277,347,13,1,2,SOA000779,545.4000,545.4000,545.4000,1,1,2026-08-24T00:00:00.000
780,20260821,20260703,7680,114,97,251,82,2,4,SOA000780,546.1000,546.1000,546.1000,1,1,2026-08-24T00:00:00.000
781,20260614,20260810,32400,60,125,397,106,8,5,SOA000781,546.8000,546.8000,546.8000,1,1,2026-08-24T00:00:00.000
782,20260819,20260725,38760,176,109,379,157,9,3,SOA000782,547.5000,547.5000,547.5000,1,1,2026-08-24T00:00:00.000
783,20260704,20260817,51480,91,221,325,269,5,5,SOA000783,548.2000,548.2000,548.2000,1,1,2026-08-24T00:00:00.000
784,20260717,20260726,62340,265,268,484,246,9,2,SOA000784,548.9000,548.9000,548.9000,1,1,2026-08-24T00:00:00.000
785,20260801,20260603,39300,487,228,271,64,6,2,SOA000785,549.6000,549.6000,549.6000,1,1,2026-08-24T00:00:00.000
786,20260810,20260703,61320,296,106,416,152,8,4,SOA000786,550.3000,550.3000,550.3000,1,1,2026-08-24T00:00:00.000
787,20260814,20260627,47100,62,275,265,127,10,4,SOA000787,551.0000,551.0000,551.0000,1,1,2026-08-24T00:00:00.000
788,20260723,20260601,83340,338,16,121,341,1,4,SOA000788,551.7000,551.7000,551.7000,1,1,2026-08-24T00:00:00.000
789,20260706,20260701,55800,76,491,259,155,7,1,SOA000789,552.4000,552.4000,552.4000,1,1,2026-08-24T00:00:00.000
790,20260606,20260813,24120,152,169,28,298,6,3,SOA000790,553.1000,553.1000,553.1000,1,1,2026-08-24T00:00:00.000
791,20260727,20260808,19920,192,67,426,267,2,5,SOA000791,553.8000,553.8000,553.8000,1,1,2026-08-24T00:00:00.000
792,20260527,20260816,77220,290,40,10,239,10,6,SOA000792,554.5000,554.5000,554.5000,1,1,2026-08-24T00:00:00.000
793,20260720,20260731,21000,284,157,263,171,7,3,SOA000793,555.2000,555.2000,555.2000,1,1,2026-08-24T00:00:00.000
794,20260620,20260727,24720,38,214,97,268,8,4,SOA000794,555.9000,555.9000,555.9000,1,1,2026-08-24T00:00:00.000
795,20260807,20260726,14760,32,17,338,293,1,3,SOA000795,556.6000,556.6000,556.6000,1,1,2026-08-24T00:00:00.000
796,20260814,20260618,71760,201,4,350,214,4,2,SOA000796,557.3000,557.3000,557.3000,1,1,2026-08-24T00:00:00.000
797,20260601,20260718,30960,282,457,198,138,6,2,SOA000797,558.0000,558.0000,558.0000,1,1,2026-08-24T00:00:00.000
798,20260802,20260529,69420,430,467,477,263,9,4,SOA000798,558.7000,558.7000,558.7000,1,1,2026-08-24T00:00:00.000
799,20260811,20260818,24480,37,116,85,18,2,7,SOA000799,559.4000,559.4000,559.4000,1,1,2026-08-24T00:00:00.000
800,20260819,20260728,4440,436,41,481,239,1,7,SOA000800,560.1000,560.1000,560.1000,1,1,2026-08-24T00:00:00.000
801,20260811,20260731,51360,311,459,140,290,5,5,SOA000801,560.8000,560.8000,560.8000,1,1,2026-08-24T00:00:00.000
802,20260721,20260614,18900,326,124,171,346,10,2,SOA000802,561.5000,561.5000,561.5000,1,1,2026-08-24T00:00:00.000
803,20260622,20260727,79800,7,270,138,151,8,5,SOA000803,562.2000,562.2000,562.2000,1,1,2026-08-24T00:00:00.000
804,20260604,20260630,83400,212,222,112,176,9,1,SOA000804,562.9000,562.9000,562.9000,1,1,2026-08-24T00:00:00.000
805,20260709,20260603,84180,262,31,98,190,2,1,SOA000805,563.6000,563.6000,563.6000,1,1,2026-08-24T00:00:00.000
806,20260621,20260731,23340,341,109,256,76,6,2,SOA000806,564.3000,564.3000,564.3000,1,1,2026-08-24T00:00:00.000
807,20260602,20260717,78120,165,219,495,218,8,5,SOA000807,565.0000,565.0000,565.0000,1,1,2026-08-24T00:00:00.000
808,20260714,20260529,24540,86,460,420,81,2,3,SOA000808,565.7000,565.7000,565.7000,1,1,2026-08-24T00:00:00.000
809,20260823,20260721,65880,236,102,395,240,4,5,SOA000809,566.4000,566.4000,566.4000,1,1,2026-08-24T00:00:00.000
810,20260622,20260621,32640,340,325,151,70,4,7,SOA000810,567.1000,567.1000,567.1000,1,1,2026-08-24T00:00:00.000
811,20260705,20260814,30540,171,242,172,230,4,6,SOA000811,567.8000,567.8000,567.8000,1,1,2026-08-24T00:00:00.000
812,20260603,20260711,75360,248,73,63,259,10,1,SOA000812,568.5000,568.5000,568.5000,1,1,2026-08-24T00:00:00.000
813,20260610,20260616,68220,124,214,93,261,7,7,SOA000813,569.2000,569.2000,569.2000,1,1,2026-08-24T00:00:00.000
814,20260625,20260708,18720,445,78,205,103,3,1,SOA000814,569.9000,569.9000,569.9000,1,1,2026-08-24T00:00:00.000
815,20260530,20260603,53400,316,34,51,288,7,2,SOA000815,570.6000,570.6000,570.6000,1,1,2026-08-24T00:00:00.000
816,20260711,20260718,30060,324,110,254,75,10,2,SOA000816,571.3000,571.3000,571.3000,1,1,2026-08-24T00:00:00.000
817,20260704,20260811,53460,433,389,51,98,8,3,SOA000817,572.0000,572.0000,572.0000,1,1,2026-08-24T00:00:00.000
818,20260529,20260724,86220,291,227,2,249,5,5,SOA000818,572.7000,572.7000,572.7000,1,1,2026-08-24T00:00:00.000
819,20260530,20260607,57480,65,97,42,61,1,2,SOA000819,573.4000,573.4000,573.4000,1,1,2026-08-24T00:00:00.000
820,20260724,20260707,50460,51,463,205,127,2,1,SOA000820,574.1000,574.1000,574.1000,1,1,2026-08-24T00:00:00.000
821,20260617,20260806,32460,376,161,235,118,9,3,SOA000821,574.8000,574.8000,574.8000,1,1,2026-08-24T00:00:00.000
822,20260530,20260712,65940,97,289,237,127,7,3,SOA000822,575.5000,575.5000,575.5000,1,1,2026-08-24T00:00:00.000
823,20260607,20260819,23280,338,104,85,84,7,1,SOA000823,576.2000,576.2000,576.2000,1,1,2026-08-24T00:00:00.000
824,20260627,20260806,14340,230,179,338,49,5,2,SOA000824,576.9000,576.9000,576.9000,1,1,2026-08-24T00:00:00.000
825,20260610,20260714,28680,146,20,337,164,1,1,SOA000825,577.6000,577.6000,577.6000,1,1,2026-08-24T00:00:00.000
826,20260714,20260702,61380,85,219,93,278,4,6,SOA000826,578.3000,578.3000,578.3000,1,1,2026-08-24T00:00:00.000
827,20260629,20260619,4800,100,474,464,204,8,4,SOA000827,579.0000,579.0000,579.0000,1,1,2026-08-24T00:00:00.000
828,20260531,20260721,11880,296,422,459,143,4,2,SOA000828,579.7000,579.7000,579.7000,1,1,2026-08-24T00:00:00.000
829,20260808,20260609,45060,375,343,319,285,10,2,SOA000829,580.4000,580.4000,580.4000,1,1,2026-08-24T00:00:00.000
830,20260819,20260811,44880,281,4,39,253,9,1,SOA000830,581.1000,581.1000,581.1000,1,1,2026-08-24T00:00:00.000
831,20260805,20260816,52320,457,145,222,184,3,1,SOA000831,581.8000,581.8000,581.8000,1,1,2026-08-24T00:00:00.000
832,20260806,20260613,50700,452,384,258,12,5,6,SOA000832,582.5000,582.5000,582.5000,1,1,2026-08-24T00:00:00.000
833,20260606,20260709,23760,174,218,60,6,3,6,SOA000833,583.2000,583.2000,583.2000,1,1,2026-08-24T00:00:00.000
834,20260710,20260615,69240,162,288,177,172,5,5,SOA000834,583.9000,583.9000,583.9000,1,1,2026-08-24T00:00:00.000
835,20260628,20260730,7800,214,96,23,297,1,7,SOA000835,584.6000,584.6000,584.6000,1,1,2026-08-24T00:00:00.000
836,20260706,20260720,59880,65,117,197,190,4,4,SOA000836,585.3000,585.3000,585.3000,1,1,2026-08-24T00:00:00.000
837,20260805,20260617,36120,387,158,405,149,5,7,SOA000837,586.0000,586.0000,586.0000,1,1,2026-08-24T00:00:00.000
838,20260801,20260711,49080,11,203,108,20,5,5,SOA000838,586.7000,586.7000,586.7000,1,1,2026-08-24T00:00:00.000
839,20260611,20260719,76680,318,381,455,244,4,2,SOA000839,587.4000,587.4000,587.4000,1,1,2026-08-24T00:00:00.000
840,20260627,20260624,83100,277,305,170,244,9,3,SOA000840,588.1000,588.1000,588.1000,1,1,2026-08-24T00:00:00.000
841,20260618,20260714,21300,392,203,405,51,7,1,SOA000841,588.8000,588.8000,588.8000,1,1,2026-08-24T00:00:00.000
842,20260609,20260613,26340,473,1,478,53,6,1,SOA000842,589.5000,589.5000,589.5000,1,1,2026-08-24T00:00:00.000
843,20260801,20260602,14880,211,368,10,14,4,1,SOA000843,590.2000,590.2000,590.2000,1,1,2026-08-24T00:00:00.000
844,20260624,20260824,40080,463,247,423,299,2,1,SOA000844,590.9000,590.9000,590.9000,1,1,2026-08-24T00:00:00.000
845,20260719,20260719,28500,187,474,92,229,6,6,SOA000845,591.6000,591.6000,591.6000,1,1,2026-08-24T00:00:00.000
846,20260629,20260703,12480,439,148,345,32,4,2,SOA000846,592.3000,592.3000,592.3000,1,1,2026-08-24T00:00:00.000
847,20260717,20260626,67200,441,50,173,231,10,1,SOA000847,593.0000,593.0000,593.0000,1,1,2026-08-24T00:00:00.000
848,20260613,20260728,16440,312,274,46,309,3,1,SOA000848,593.7000,593.7000,593.7000,1,1,2026-08-24T00:00:00.000
849,20260614,20260703,32220,325,397,440,79,7,2,SOA000849,594.4000,594.4000,594.4000,1,1,2026-08-24T00:00:00.000
850,20260824,20260730,28380,234,272,20,29,1,6,SOA000850,595.1000,595.1000,595.1000,1,1,2026-08-24T00:00:00.000
851,20260802,20260725,56400,293,123,132,305,8,7,SOA000851,595.8000,595.8000,595.8000,1,1,2026-08-24T00:00:00.000
852,20260713,20260724,12840,435,38,327,117,2,5,SOA000852,596.5000,596.5000,596.5000,1,1,2026-08-24T00:00:00.000
853,20260706,20260628,240,444,272,137,85,1,3,SOA000853,597.2000,597.2000,597.2000,1,1,2026-08-24T00:00:00.000
854,20260619,20260812,7620,315,301,71,332,4,2,SOA000854,597.9000,597.9000,597.9000,1,1,2026-08-24T00:00:00.000
855,20260627,20260730,35880,316,338,5,133,7,2,SOA000855,598.6000,598.6000,598.6000,1,1,2026-08-24T00:00:00.000
856,20260814,20260712,33900,261,405,198,140,7,5,SOA000856,599.3000,599.3000,599.3000,1,1,2026-08-24T00:00:00.000
857,20260810,20260707,72960,81,362,302,210,2,3,SOA000857,600.0000,600.0000,600.0000,1,1,2026-08-24T00:00:00.000
858,20260818,20260611,15060,239,388,281,281,5,6,SOA000858,600.7000,600.7000,600.7000,1,1,2026-08-24T00:00:00.000
859,20260603,20260816,73560,77,7,14,317,3,2,SOA000859,601.4000,601.4000,601.4000,1,1,2026-08-24T00:00:00.000
860,20260802,20260809,39720,377,153,42,100,5,3,SOA000860,602.1000,602.1000,602.1000,1,1,2026-08-24T00:00:00.000
861,20260824,20260725,73980,443,322,75,320,3,1,SOA000861,602.8000,602.8000,602.8000,1,1,2026-08-24T00:00:00.000
862,20260816,20260802,7800,141,346,282,172,6,6,SOA000862,603.5000,603.5000,603.5000,1,1,2026-08-24T00:00:00.000
863,20260719,20260608,23160,160,497,242,209,6,7,SOA000863,604.2000,604.2000,604.2000,1,1,2026-08-24T00:00:00.000
864,20260727,20260625,9480,188,490,359,58,4,2,SOA000864,604.9000,604.9000,604.9000,1,1,2026-08-24T00:00:00.000
865,20260711,20260719,38700,234,119,234,109,6,5,SOA000865,605.6000,605.6000,605.6000,1,1,2026-08-24T00:00:00.000
866,20260711,20260603,37800,254,219,462,146,1,5,SOA000866,606.3000,606.3000,606.3000,1,1,2026-08-24T00:00:00.000
867,20260619,20260730,3780,232,378,275,350,2,6,SOA000867,607.0000,607.0000,607.0000,1,1,2026-08-24T00:00:00.000
868,20260729,20260623,60240,305,425,214,293,7,2,SOA000868,607.7000,607.7000,607.7000,1,1,2026-08-24T00:00:00.000
869,20260809,20260722,23640,163,444,31,17,10,1,SOA000869,608.4000,608.4000,608.4000,1,1,2026-08-24T00:00:00.000
870,20260801,20260616,86100,55,314,118,193,5,6,SOA000870,609.1000,609.1000,609.1000,1,1,2026-08-24T00:00:00.000
871,20260625,20260630,6840,372,445,318,174,2,4,SOA000871,609.8000,609.8000,609.8000,1,1,2026-08-24T00:00:00.000
872,20260627,20260620,58920,286,247,481,187,2,1,SOA000872,610.5000,610.5000,610.5000,1,1,2026-08-24T00:00:00.000
873,20260619,20260815,50520,66,171,151,125,2,4,SOA000873,611.2000,611.2000,611.2000,1,1,2026-08-24T00:00:00.000
874,20260717,20260529,56520,141,66,386,96,8,5,SOA000874,611.9000,611.9000,611.9000,1,1,2026-08-24T00:00:00.000
875,20260811,20260703,74340,352,144,404,1,3,3,SOA000875,612.6000,612.6000,612.6000,1,1,2026-08-24T00:00:00.000
876,20260527,20260714,42360,284,368,42,19,3,2,SOA000876,613.3000,613.3000,613.3000,1,1,2026-08-24T00:00:00.000
877,20260629,20260719,51660,475,453,115,98,3,5,SOA000877,614.0000,614.0000,614.0000,1,1,2026-08-24T00:00:00.000
878,20260527,20260621,2160,492,152,195,212,10,5,SOA000878,614.7000,614.7000,614.7000,1,1,2026-08-24T00:00:00.000
879,20260601,20260730,77820,77,265,385,14,3,4,SOA000879,615.4000,615.4000,615.4000,1,1,2026-08-24T00:00:00.000
880,20260608,20260711,46320,153,101,26,130,8,2,SOA000880,616.1000,616.1000,616.1000,1,1,2026-08-24T00:00:00.000
881,20260705,20260807,82140,455,184,145,260,1,1,SOA000881,616.8000,616.8000,616.8000,1,1,2026-08-24T00:00:00.000
882,20260711,20260719,660,101,67,458,180,10,5,SOA000882,617.5000,617.5000,617.5000,1,1,2026-08-24T00:00:00.000
883,20260809,20260606,33780,329,295,149,28,6,5,SOA000883,618.2000,618.2000,618.2000,1,1,2026-08-24T00:00:00.000
884,20260619,20260713,69240,415,211,346,207,8,5,SOA000884,618.9000,618.9000,618.9000,1,1,2026-08-24T00:00:00.000
885,20260724,20260708,20820,117,225,12,239,6,7,SOA000885,619.6000,619.6000,619.6000,1,1,2026-08-24T00:00:00.000
886,20260726,20260719,61380,327,411,119,167,2,1,SOA000886,620.3000,620.3000,620.3000,1,1,2026-08-24T00:00:00.000
887,20260726,20260621,29100,72,468,372,202,4,6,SOA000887,621.0000,621.0000,621.0000,1,1,2026-08-24T00:00:00.000
888,20260816,20260708,51180,284,234,49,332,3,7,SOA000888,621.7000,621.7000,621.7000,1,1,2026-08-24T00:00:00.000
889,20260617,20260805,19740,389,428,288,106,5,3,SOA000889,622.4000,622.4000,622.4000,1,1,2026-08-24T00:00:00.000
890,20260727,20260625,79380,63,120,130,16,4,1,SOA000890,623.1000,623.1000,623.1000,1,1,2026-08-24T00:00:00.000
891,20260617,20260709,60900,255,376,397,152,4,5,SOA000891,623.8000,623.8000,623.8000,1,1,2026-08-24T00:00:00.000
892,20260816,20260812,20280,188,119,315,126,1,1,SOA000892,624.5000,624.5000,624.5000,1,1,2026-08-24T00:00:00.000
893,20260625,20260610,33540,157,392,400,307,3,4,SOA000893,625.2000,625.2000,625.2000,1,1,2026-08-24T00:00:00.000
894,20260810,20260726,23160,370,410,397,206,1,2,SOA000894,625.9000,625.9000,625.9000,1,1,2026-08-24T00:00:00.000
895,20260601,20260819,16800,470,329,79,271,3,7,SOA000895,626.6000,626.6000,626.6000,1,1,2026-08-24T00:00:00.000
896,20260610,20260622,29640,227,405,137,167,9,4,SOA000896,627.3000,627.3000,627.3000,1,1,2026-08-24T00:00:00.000
897,20260712,20260714,31320,498,8,314,320,7,7,SOA000897,628.0000,628.0000,628.0000,1,1,2026-08-24T00:00:00.000
898,20260803,20260705,82740,92,339,242,202,3,7,SOA000898,628.7000,628.7000,628.7000,1,1,2026-08-24T00:00:00.000
899,20260809,20260616,57840,118,436,50,251,2,4,SOA000899,629.4000,629.4000,629.4000,1,1,2026-08-24T00:00:00.000
900,20260722,20260528,86280,395,182,339,184,1,2,SOA000900,630.1000,630.1000,630.1000,1,1,2026-08-24T00:00:00.000
901,20260706,20260703,33780,35,189,139,6,8,2,SOA000901,630.8000,630.8000,630.8000,1,1,2026-08-24T00:00:00.000
902,20260808,20260725,32520,389,418,344,175,1,6,SOA000902,631.5000,631.5000,631.5000,1,1,2026-08-24T00:00:00.000
903,20260615,20260808,78000,392,367,56,253,6,1,SOA000903,632.2000,632.2000,632.2000,1,1,2026-08-24T00:00:00.000
904,20260610,20260527,63900,334,66,176,220,7,7,SOA000904,632.9000,632.9000,632.9000,1,1,2026-08-24T00:00:00.000
905,20260621,20260714,45300,266,187,32,107,4,4,SOA000905,633.6000,633.6000,633.6000,1,1,2026-08-24T00:00:00.000
906,20260820,20260814,44460,47,151,144,199,6,7,SOA000906,634.3000,634.3000,634.3000,1,1,2026-08-24T00:00:00.000
907,20260809,20260804,20280,64,316,187,66,4,1,SOA000907,635.0000,635.0000,635.0000,1,1,2026-08-24T00:00:00.000
908,20260603,20260625,9360,64,16,448,33,6,5,SOA000908,635.7000,635.7000,635.7000,1,1,2026-08-24T00:00:00.000
909,20260705,20260812,59340,370,364,355,258,7,4,SOA000909,636.4000,636.4000,636.4000,1,1,2026-08-24T00:00:00.000
910,20260712,20260529,6420,500,413,303,2,3,5,SOA000910,637.1000,637.1000,637.1000,1,1,2026-08-24T00:00:00.000
911,20260728,20260720,38760,229,254,98,156,8,4,SOA000911,637.8000,637.8000,637.8000,1,1,2026-08-24T00:00:00.000
912,20260703,20260709,4320,113,66,254,319,6,5,SOA000912,638.5000,638.5000,638.5000,1,1,2026-08-24T00:00:00.000
913,20260721,20260610,21240,202,454,179,247,7,6,SOA000913,639.2000,639.2000,639.2000,1,1,2026-08-24T00:00:00.000
914,20260621,20260722,21660,68,447,385,317,10,7,SOA000914,639.9000,639.9000,639.9000,1,1,2026-08-24T00:00:00.000
915,20260701,20260725,840,37,341,62,130,9,4,SOA000915,640.6000,640.6000,640.6000,1,1,2026-08-24T00:00:00.000
916,20260618,20260705,120,218,124,37,104,2,1,SOA000916,641.3000,641.3000,641.3000,1,1,2026-08-24T00:00:00.000
917,20260706,20260613,43080,202,177,238,251,7,4,SOA000917,642.0000,642.0000,642.0000,1,1,2026-08-24T00:00:00.000
918,20260824,20260625,59280,199,108,76,36,8,1,SOA000918,642.7000,642.7000,642.7000,1,1,2026-08-24T00:00:00.000
919,20260704,20260609,28740,45,246,412,53,1,3,SOA000919,643.4000,643.4000,643.4000,1,1,2026-08-24T00:00:00.000
920,20260708,20260709,18180,215,284,194,29,9,3,SOA000920,644.1000,644.1000,644.1000,1,1,2026-08-24T00:00:00.000
921,20260611,20260713,3240,84,374,146,279,7,6,SOA000921,644.8000,644.8000,644.8000,1,1,2026-08-24T00:00:00.000
922,20260805,20260610,44100,169,18,263,44,1,7,SOA000922,645.5000,645.5000,645.5000,1,1,2026-08-24T00:00:00.000
923,20260715,20260816,40020,120,56,440,22,1,4,SOA000923,646.2000,646.2000,646.2000,1,1,2026-08-24T00:00:00.000
924,20260614,20260824,43200,285,93,399,161,8,5,SOA000924,646.9000,646.9000,646.9000,1,1,2026-08-24T00:00:00.000
925,20260617,20260708,58260,67,263,157,292,7,2,SOA000925,647.6000,647.6000,647.6000,1,1,2026-08-24T00:00:00.000
926,20260714,20260602,19200,480,360,55,250,9,2,SOA000926,648.3000,648.3000,648.3000,1,1,2026-08-24T00:00:00.000
927,20260622,20260712,39900,254,236,341,11,8,1,SOA000927,649.0000,649.0000,649.0000,1,1,2026-08-24T00:00:00.000
928,20260608,20260611,30300,181,421,462,70,10,5,SOA000928,649.7000,649.7000,649.7000,1,1,2026-08-24T00:00:00.000
929,20260817,20260815,80640,240,389,256,143,8,4,SOA000929,650.4000,650.4000,650.4000,1,1,2026-08-24T00:00:00.000
930,20260714,20260529,51660,478,24,309,289,5,5,SOA000930,651.1000,651.1000,651.1000,1,1,2026-08-24T00:00:00.000
931,20260528,20260527,33060,29,197,324,22,1,6,SOA000931,651.8000,651.8000,651.8000,1,1,2026-08-24T00:00:00.000
932,20260613,20260705,62460,126,416,42,319,5,1,SOA000932,652.5000,652.5000,652.5000,1,1,2026-08-24T00:00:00.000
933,20260611,20260605,32760,133,481,235,296,9,2,SOA000933,653.2000,653.2000,653.2000,1,1,2026-08-24T00:00:00.000
934,20260626,20260629,40740,428,270,468,156,8,5,SOA000934,653.9000,653.9000,653.9000,1,1,2026-08-24T00:00:00.000
935,20260528,20260706,32040,268,71,109,185,6,2,SOA000935,654.6000,654.6000,654.6000,1,1,2026-08-24T00:00:00.000
936,20260620,20260601,78060,124,39,360,56,8,4,SOA000936,655.3000,655.3000,655.3000,1,1,2026-08-24T00:00:00.000
937,20260707,20260812,67140,183,346,352,121,9,1,SOA000937,656.0000,656.0000,656.0000,1,1,2026-08-24T00:00:00.000
938,20260813,20260711,31260,368,445,404,162,7,5,SOA000938,656.7000,656.7000,656.7000,1,1,2026-08-24T00:00:00.000
939,20260722,20260813,73680,471,334,1,275,1,3,SOA000939,657.4000,657.4000,657.4000,1,1,2026-08-24T00:00:00.000
940,20260806,20260615,50160,179,44,268,212,2,3,SOA000940,658.1000,658.1000,658.1000,1,1,2026-08-24T00:00:00.000
941,20260713,20260814,83580,100,206,66,297,6,5,SOA000941,658.8000,658.8000,658.8000,1,1,2026-08-24T00:00:00.000
942,20260723,20260724,70740,426,237,117,280,9,3,SOA000942,659.5000,659.5000,659.5000,1,1,2026-08-24T00:00:00.000
943,20260528,20260810,64320,277,88,15,146,4,7,SOA000943,660.2000,660.2000,660.2000,1,1,2026-08-24T00:00:00.000
944,20260621,20260612,80640,50,239,9,311,5,7,SOA000944,660.9000,660.9000,660.9000,1,1,2026-08-24T00:00:00.000
945,20260714,20260725,69960,249,439,244,36,8,4,SOA000945,661.6000,661.6000,661.6000,1,1,2026-08-24T00:00:00.000
946,20260804,20260620,7800,117,306,93,160,4,2,SOA000946,662.3000,662.3000,662.3000,1,1,2026-08-24T00:00:00.000
947,20260719,20260824,69120,430,81,271,174,4,4,SOA000947,663.0000,663.0000,663.0000,1,1,2026-08-24T00:00:00.000
948,20260815,20260717,83280,193,229,312,11,4,1,SOA000948,663.7000,663.7000,663.7000,1,1,2026-08-24T00:00:00.000
949,20260727,20260815,37980,279,203,6,145,3,1,SOA000949,664.4000,664.4000,664.4000,1,1,2026-08-24T00:00:00.000
950,20260806,20260809,30180,152,317,181,192,5,5,SOA000950,665.1000,665.1000,665.1000,1,1,2026-08-24T00:00:00.000
951,20260628,20260618,75060,213,249,370,283,1,5,SOA000951,665.8000,665.8000,665.8000,1,1,2026-08-24T00:00:00.000
952,20260811,20260815,35520,96,441,332,86,8,5,SOA000952,666.5000,666.5000,666.5000,1,1,2026-08-24T00:00:00.000
953,20260819,20260622,45540,17,17,461,207,8,1,SOA000953,667.2000,667.2000,667.2000,1,1,2026-08-24T00:00:00.000
954,20260812,20260707,8520,272,459,329,96,2,2,SOA000954,667.9000,667.9000,667.9000,1,1,2026-08-24T00:00:00.000
955,20260703,20260602,61380,11,445,354,212,6,7,SOA000955,668.6000,668.6000,668.6000,1,1,2026-08-24T00:00:00.000
956,20260816,20260603,72720,193,97,471,114,9,3,SOA000956,669.3000,669.3000,669.3000,1,1,2026-08-24T00:00:00.000
957,20260622,20260719,68460,240,488,351,138,4,6,SOA000957,670.0000,670.0000,670.0000,1,1,2026-08-24T00:00:00.000
958,20260604,20260814,36540,139,134,345,295,5,7,SOA000958,670.7000,670.7000,670.7000,1,1,2026-08-24T00:00:00.000
959,20260610,20260718,5880,111,164,350,317,2,3,SOA000959,671.4000,671.4000,671.4000,1,1,2026-08-24T00:00:00.000
960,20260812,20260608,79800,242,277,421,77,7,4,SOA000960,672.1000,672.1000,672.1000,1,1,2026-08-24T00:00:00.000
961,20260804,20260701,65940,123,463,409,248,3,5,SOA000961,672.8000,672.8000,672.8000,1,1,2026-08-24T00:00:00.000
962,20260607,20260721,68940,20,445,346,313,1,1,SOA000962,673.5000,673.5000,673.5000,1,1,2026-08-24T00:00:00.000
963,20260821,20260603,22440,141,469,166,73,7,1,SOA000963,674.2000,674.2000,674.2000,1,1,2026-08-24T00:00:00.000
964,20260622,20260608,27540,105,251,159,320,8,7,SOA000964,674.9000,674.9000,674.9000,1,1,2026-08-24T00:00:00.000
965,20260725,20260720,39000,403,154,197,215,9,2,SOA000965,675.6000,675.6000,675.6000,1,1,2026-08-24T00:00:00.000
966,20260629,20260811,15360,208,8,369,25,1,4,SOA000966,676.3000,676.3000,676.3000,1,1,2026-08-24T00:00:00.000
967,20260611,20260607,27060,281,296,487,241,9,7,SOA000967,677.0000,677.0000,677.0000,1,1,2026-08-24T00:00:00.000
968,20260701,20260623,15780,243,90,53,209,7,1,SOA000968,677.7000,677.7000,677.7000,1,1,2026-08-24T00:00:00.000
969,20260726,20260819,69180,315,425,41,190,2,2,SOA000969,678.4000,678.4000,678.4000,1,1,2026-08-24T00:00:00.000
970,20260723,20260624,16380,241,286,282,264,3,2,SOA000970,679.1000,679.1000,679.1000,1,1,2026-08-24T00:00:00.000
971,20260731,20260706,23820,346,52,422,253,4,6,SOA000971,679.8000,679.8000,679.8000,1,1,2026-08-24T00:00:00.000
972,20260602,20260801,63720,13,12,454,34,7,5,SOA000972,680.5000,680.5000,680.5000,1,1,2026-08-24T00:00:00.000
973,20260615,20260724,16140,70,157,249,346,3,4,SOA000973,681.2000,681.2000,681.2000,1,1,2026-08-24T00:00:00.000
974,20260708,20260814,72960,414,97,238,281,10,2,SOA000974,681.9000,681.9000,681.9000,1,1,2026-08-24T00:00:00.000
975,20260528,20260726,10500,166,96,336,244,1,3,SOA000975,682.6000,682.6000,682.6000,1,1,2026-08-24T00:00:00.000
976,20260527,20260614,8100,31,247,353,233,2,6,SOA000976,683.3000,683.3000,683.3000,1,1,2026-08-24T00:00:00.000
977,20260616,20260606,55380,73,467,350,280,1,4,SOA000977,684.0000,684.0000,684.0000,1,1,2026-08-24T00:00:00.000
978,20260616,20260724,41400,41,431,448,65,5,3,SOA000978,684.7000,684.7000,684.7000,1,1,2026-08-24T00:00:00.000
979,20260706,20260710,30240,222,463,265,25,5,3,SOA000979,685.4000,685.4000,685.4000,1,1,2026-08-24T00:00:00.000
980,20260610,20260807,12360,112,30,18,246,4,6,SOA000980,686.1000,686.1000,686.1000,1,1,2026-08-24T00:00:00.000
981,20260824,20260809,3360,88,361,181,273,2,2,SOA000981,686.8000,686.8000,686.8000,1,1,2026-08-24T00:00:00.000
982,20260714,20260710,21600,199,364,392,165,4,3,SOA000982,687.5000,687.5000,687.5000,1,1,2026-08-24T00:00:00.000
983,20260808,20260615,57480,210,351,256,296,6,7,SOA000983,688.2000,688.2000,688.2000,1,1,2026-08-24T00:00:00.000
984,20260803,20260603,37980,217,82,184,166,1,7,SOA000984,688.9000,688.9000,688.9000,1,1,2026-08-24T00:00:00.000
985,20260718,20260726,75240,177,389,38,7,1,6,SOA000985,689.6000,689.6000,689.6000,1,1,2026-08-24T00:00:00.000
986,20260602,20260727,43140,185,130,342,65,5,1,SOA000986,690.3000,690.3000,690.3000,1,1,2026-08-24T00:00:00.000
987,20260607,20260623,46560,323,450,65,162,10,7,SOA000987,691.0000,691.0000,691.0000,1,1,2026-08-24T00:00:00.000
988,20260620,20260729,76680,415,36,281,246,8,6,SOA000988,691.7000,691.7000,691.7000,1,1,2026-08-24T00:00:00.000
989,20260616,20260617,57180,158,323,105,295,10,7,SOA000989,692.4000,692.4000,692.4000,1,1,2026-08-24T00:00:00.000
990,20260616,20260721,15480,377,79,325,66,8,5,SOA000990,693.1000,693.1000,693.1000,1,1,2026-08-24T00:00:00.000
991,20260802,20260801,23520,472,351,438,123,9,7,SOA000991,693.8000,693.8000,693.8000,1,1,2026-08-24T00:00:00.000
992,20260728,20260624,18540,106,143,73,107,3,5,SOA000992,694.5000,694.5000,694.5000,1,1,2026-08-24T00:00:00.000
993,20260718,20260705,83220,89,165,235,227,6,4,SOA000993,695.2000,695.2000,695.2000,1,1,2026-08-24T00:00:00.000
994,20260811,20260612,37080,253,437,69,147,3,7,SOA000994,695.9000,695.9000,695.9000,1,1,2026-08-24T00:00:00.000
995,20260730,20260630,17340,275,455,64,173,3,5,SOA000995,696.6000,696.6000,696.6000,1,1,2026-08-24T00:00:00.000
996,20260629,20260626,76620,264,250,427,318,10,1,SOA000996,697.3000,697.3000,697.3000,1,1,2026-08-24T00:00:00.000
997,20260605,20260709,55920,93,59,36,15,1,1,SOA000997,698.0000,698.0000,698.0000,1,1,2026-08-24T00:00:00.000
998,20260529,20260618,45960,229,292,435,156,7,4,SOA000998,698.7000,698.7000,698.7000,1,1,2026-08-24T00:00:00.000
999,20260814,20260801,19740,368,294,146,95,6,5,SOA000999,699.4000,699.4000,699.4000,1,1,2026-08-24T00:00:00.000
1000,20260707,20260625,30960,442,79,220,309,4,4,SOA001000,700.1000,700.1000,700.1000,1,1,2026-08-24T00:00:00.000
1001,20260709,20260619,38100,377,37,442,39,9,7,SOA001001,700.8000,700.8000,700.8000,1,1,2026-08-24T00:00:00.000
1002,20260604,20260718,55560,83,54,173,60,8,6,SOA001002,701.5000,701.5000,701.5000,1,1,2026-08-24T00:00:00.000
1003,20260604,20260820,53220,164,227,102,341,7,3,SOA001003,702.2000,702.2000,702.2000,1,1,2026-08-24T00:00:00.000
1004,20260804,20260811,17460,425,411,263,305,6,3,SOA001004,702.9000,702.9000,702.9000,1,1,2026-08-24T00:00:00.000
1005,20260608,20260807,67860,62,7,83,132,10,2,SOA001005,703.6000,703.6000,703.6000,1,1,2026-08-24T00:00:00.000
1006,20260731,20260809,300,222,348,164,315,8,3,SOA001006,704.3000,704.3000,704.3000,1,1,2026-08-24T00:00:00.000
1007,20260726,20260703,14220,132,305,424,56,10,4,SOA001007,705.0000,705.0000,705.0000,1,1,2026-08-24T00:00:00.000
1008,20260816,20260614,7740,254,193,230,74,9,6,SOA001008,705.7000,705.7000,705.7000,1,1,2026-08-24T00:00:00.000
1009,20260713,20260603,46800,167,367,12,92,5,4,SOA001009,706.4000,706.4000,706.4000,1,1,2026-08-24T00:00:00.000
1010,20260803,20260802,37020,479,334,24,204,4,1,SOA001010,707.1000,707.1000,707.1000,1,1,2026-08-24T00:00:00.000
1011,20260729,20260801,25020,419,229,118,8,9,6,SOA001011,707.8000,707.8000,707.8000,1,1,2026-08-24T00:00:00.000
1012,20260622,20260814,75840,212,413,294,48,9,7,SOA001012,708.5000,708.5000,708.5000,1,1,2026-08-24T00:00:00.000
1013,20260527,20260813,27000,464,398,176,207,1,7,SOA001013,709.2000,709.2000,709.2000,1,1,2026-08-24T00:00:00.000
1014,20260627,20260703,82920,335,355,20,47,8,1,SOA001014,709.9000,709.9000,709.9000,1,1,2026-08-24T00:00:00.000
1015,20260707,20260724,78960,404,181,61,337,4,3,SOA001015,710.6000,710.6000,710.6000,1,1,2026-08-24T00:00:00.000
1016,20260623,20260703,55140,263,398,366,150,3,3,SOA001016,711.3000,711.3000,711.3000,1,1,2026-08-24T00:00:00.000
1017,20260614,20260527,23700,144,81,142,269,4,6,SOA001017,712.0000,712.0000,712.0000,1,1,2026-08-24T00:00:00.000
1018,20260809,20260527,11340,425,281,201,310,2,3,SOA001018,712.7000,712.7000,712.7000,1,1,2026-08-24T00:00:00.000
1019,20260712,20260604,66480,65,478,473,302,1,6,SOA001019,713.4000,713.4000,713.4000,1,1,2026-08-24T00:00:00.000
1020,20260704,20260804,60600,162,24,274,114,3,7,SOA001020,714.1000,714.1000,714.1000,1,1,2026-08-24T00:00:00.000
1021,20260701,20260630,32580,429,133,83,104,2,1,SOA001021,714.8000,714.8000,714.8000,1,1,2026-08-24T00:00:00.000
1022,20260621,20260602,70620,430,307,186,126,8,7,SOA001022,715.5000,715.5000,715.5000,1,1,2026-08-24T00:00:00.000
1023,20260615,20260620,34140,482,433,388,30,6,1,SOA001023,716.2000,716.2000,716.2000,1,1,2026-08-24T00:00:00.000
1024,20260604,20260712,79920,247,437,331,96,8,6,SOA001024,716.9000,716.9000,716.9000,1,1,2026-08-24T00:00:00.000
1025,20260719,20260601,12120,209,125,226,272,2,7,SOA001025,717.6000,717.6000,717.6000,1,1,2026-08-24T00:00:00.000
1026,20260805,20260612,5640,361,52,339,337,2,7,SOA001026,718.3000,718.3000,718.3000,1,1,2026-08-24T00:00:00.000
1027,20260724,20260728,42660,221,422,454,325,1,2,SOA001027,719.0000,719.0000,719.0000,1,1,2026-08-24T00:00:00.000
1028,20260824,20260816,63720,49,166,345,104,7,3,SOA001028,719.7000,719.7000,719.7000,1,1,2026-08-24T00:00:00.000
1029,20260618,20260615,44700,460,194,48,308,1,5,SOA001029,720.4000,720.4000,720.4000,1,1,2026-08-24T00:00:00.000
1030,20260804,20260704,57420,464,196,309,89,1,3,SOA001030,721.1000,721.1000,721.1000,1,1,2026-08-24T00:00:00.000
1031,20260811,20260729,18060,267,254,377,51,6,3,SOA001031,721.8000,721.8000,721.8000,1,1,2026-08-24T00:00:00.000
1032,20260623,20260714,180,317,378,79,310,2,4,SOA001032,722.5000,722.5000,722.5000,1,1,2026-08-24T00:00:00.000
1033,20260824,20260729,12780,496,76,419,335,5,7,SOA001033,723.2000,723.2000,723.2000,1,1,2026-08-24T00:00:00.000
1034,20260718,20260820,55620,72,134,156,230,10,3,SOA001034,723.9000,723.9000,723.9000,1,1,2026-08-24T00:00:00.000
1035,20260609,20260616,21060,267,318,38,78,3,5,SOA001035,724.6000,724.6000,724.6000,1,1,2026-08-24T00:00:00.000
1036,20260624,20260628,59340,470,476,304,116,5,6,SOA001036,725.3000,725.3000,725.3000,1,1,2026-08-24T00:00:00.000
1037,20260611,20260814,83160,342,112,196,252,9,5,SOA001037,726.0000,726.0000,726.0000,1,1,2026-08-24T00:00:00.000
1038,20260731,20260623,52500,395,316,184,243,6,2,SOA001038,726.7000,726.7000,726.7000,1,1,2026-08-24T00:00:00.000
1039,20260603,20260722,6780,395,335,68,169,9,2,SOA001039,727.4000,727.4000,727.4000,1,1,2026-08-24T00:00:00.000
1040,20260806,20260706,79860,358,271,254,163,1,6,SOA001040,728.1000,728.1000,728.1000,1,1,2026-08-24T00:00:00.000
1041,20260704,20260809,69660,279,408,147,255,7,1,SOA001041,728.8000,728.8000,728.8000,1,1,2026-08-24T00:00:00.000
1042,20260615,20260811,30840,418,223,381,189,10,6,SOA001042,729.5000,729.5000,729.5000,1,1,2026-08-24T00:00:00.000
1043,20260822,20260713,14220,453,375,228,189,3,3,SOA001043,730.2000,730.2000,730.2000,1,1,2026-08-24T00:00:00.000
1044,20260710,20260527,21540,102,216,308,149,6,6,SOA001044,730.9000,730.9000,730.9000,1,1,2026-08-24T00:00:00.000
1045,20260607,20260615,42780,47,372,369,50,8,7,SOA001045,731.6000,731.6000,731.6000,1,1,2026-08-24T00:00:00.000
1046,20260709,20260712,840,450,166,407,197,3,3,SOA001046,732.3000,732.3000,732.3000,1,1,2026-08-24T00:00:00.000
1047,20260704,20260613,46740,224,430,316,201,5,4,SOA001047,733.0000,733.0000,733.0000,1,1,2026-08-24T00:00:00.000
1048,20260630,20260617,20100,259,71,271,230,2,5,SOA001048,733.7000,733.7000,733.7000,1,1,2026-08-24T00:00:00.000
1049,20260802,20260529,38460,125,321,12,298,10,3,SOA001049,734.4000,734.4000,734.4000,1,1,2026-08-24T00:00:00.000
1050,20260814,20260625,8640,242,289,295,292,4,7,SOA001050,735.1000,735.1000,735.1000,1,1,2026-08-24T00:00:00.000
1051,20260818,20260709,76380,107,429,347,71,7,5,SOA001051,735.8000,735.8000,735.8000,1,1,2026-08-24T00:00:00.000
1052,20260528,20260818,35160,74,302,134,233,10,4,SOA001052,736.5000,736.5000,736.5000,1,1,2026-08-24T00:00:00.000
1053,20260714,20260815,41400,220,420,88,116,6,4,SOA001053,737.2000,737.2000,737.2000,1,1,2026-08-24T00:00:00.000
1054,20260613,20260616,81840,121,109,67,204,9,4,SOA001054,737.9000,737.9000,737.9000,1,1,2026-08-24T00:00:00.000
1055,20260710,20260728,49560,298,108,318,238,8,5,SOA001055,738.6000,738.6000,738.6000,1,1,2026-08-24T00:00:00.000
1056,20260709,20260528,50520,95,171,248,83,3,6,SOA001056,739.3000,739.3000,739.3000,1,1,2026-08-24T00:00:00.000
1057,20260819,20260821,4980,257,232,466,17,7,5,SOA001057,740.0000,740.0000,740.0000,1,1,2026-08-24T00:00:00.000
1058,20260812,20260601,69780,1,252,101,290,7,1,SOA001058,740.7000,740.7000,740.7000,1,1,2026-08-24T00:00:00.000
1059,20260606,20260817,57240,9,257,193,31,4,4,SOA001059,741.4000,741.4000,741.4000,1,1,2026-08-24T00:00:00.000
1060,20260805,20260613,85380,363,266,273,51,6,6,SOA001060,742.1000,742.1000,742.1000,1,1,2026-08-24T00:00:00.000
1061,20260721,20260607,480,354,353,333,5,1,5,SOA001061,742.8000,742.8000,742.8000,1,1,2026-08-24T00:00:00.000
1062,20260723,20260821,20940,86,421,291,26,5,7,SOA001062,743.5000,743.5000,743.5000,1,1,2026-08-24T00:00:00.000
1063,20260731,20260814,53040,404,18,480,2,4,3,SOA001063,744.2000,744.2000,744.2000,1,1,2026-08-24T00:00:00.000
1064,20260531,20260704,69960,345,240,420,189,9,2,SOA001064,744.9000,744.9000,744.9000,1,1,2026-08-24T00:00:00.000
1065,20260529,20260723,33900,138,388,355,259,5,3,SOA001065,745.6000,745.6000,745.6000,1,1,2026-08-24T00:00:00.000
1066,20260617,20260716,21720,92,268,103,206,6,3,SOA001066,746.3000,746.3000,746.3000,1,1,2026-08-24T00:00:00.000
1067,20260818,20260609,62760,243,254,175,204,10,6,SOA001067,747.0000,747.0000,747.0000,1,1,2026-08-24T00:00:00.000
1068,20260624,20260810,63180,320,33,9,79,2,1,SOA001068,747.7000,747.7000,747.7000,1,1,2026-08-24T00:00:00.000
1069,20260606,20260629,47520,497,421,455,242,5,4,SOA001069,748.4000,748.4000,748.4000,1,1,2026-08-24T00:00:00.000
1070,20260807,20260609,84060,352,429,45,226,6,5,SOA001070,749.1000,749.1000,749.1000,1,1,2026-08-24T00:00:00.000
1071,20260822,20260719,32340,302,357,227,7,7,3,SOA001071,749.8000,749.8000,749.8000,1,1,2026-08-24T00:00:00.000
1072,20260730,20260703,18540,301,284,458,331,10,6,SOA001072,750.5000,750.5000,750.5000,1,1,2026-08-24T00:00:00.000
1073,20260710,20260719,73620,55,234,242,154,1,1,SOA001073,751.2000,751.2000,751.2000,1,1,2026-08-24T00:00:00.000
1074,20260622,20260604,25740,37,16,174,301,1,2,SOA001074,751.9000,751.9000,751.9000,1,1,2026-08-24T00:00:00.000
1075,20260812,20260621,78660,237,78,353,270,9,1,SOA001075,752.6000,752.6000,752.6000,1,1,2026-08-24T00:00:00.000
1076,20260818,20260622,11520,259,471,490,239,9,5,SOA001076,753.3000,753.3000,753.3000,1,1,2026-08-24T00:00:00.000
1077,20260713,20260805,2280,183,488,315,240,9,1,SOA001077,754.0000,754.0000,754.0000,1,1,2026-08-24T00:00:00.000
1078,20260626,20260812,33600,262,384,487,161,4,5,SOA001078,754.7000,754.7000,754.7000,1,1,2026-08-24T00:00:00.000
1079,20260623,20260812,76200,161,443,316,15,7,1,SOA001079,755.4000,755.4000,755.4000,1,1,2026-08-24T00:00:00.000
1080,20260530,20260629,31500,409,89,183,106,2,7,SOA001080,756.1000,756.1000,756.1000,1,1,2026-08-24T00:00:00.000
1081,20260604,20260630,45660,275,81,255,143,2,6,SOA001081,756.8000,756.8000,756.8000,1,1,2026-08-24T00:00:00.000
1082,20260527,20260718,29940,28,448,225,76,6,1,SOA001082,757.5000,757.5000,757.5000,1,1,2026-08-24T00:00:00.000
1083,20260618,20260614,35700,321,491,293,41,7,5,SOA001083,758.2000,758.2000,758.2000,1,1,2026-08-24T00:00:00.000
1084,20260611,20260609,1500,76,330,10,23,7,5,SOA001084,758.9000,758.9000,758.9000,1,1,2026-08-24T00:00:00.000
1085,20260807,20260707,45420,265,469,98,77,7,4,SOA001085,759.6000,759.6000,759.6000,1,1,2026-08-24T00:00:00.000
1086,20260814,20260719,45960,418,497,47,132,6,2,SOA001086,760.3000,760.3000,760.3000,1,1,2026-08-24T00:00:00.000
1087,20260630,20260622,53280,53,283,495,258,10,3,SOA001087,761.0000,761.0000,761.0000,1,1,2026-08-24T00:00:00.000
1088,20260619,20260715,8580,243,174,434,38,6,4,SOA001088,761.7000,761.7000,761.7000,1,1,2026-08-24T00:00:00.000
1089,20260808,20260806,48540,388,235,494,65,4,5,SOA001089,762.4000,762.4000,762.4000,1,1,2026-08-24T00:00:00.000
1090,20260630,20260823,45420,416,34,360,53,10,5,SOA001090,763.1000,763.1000,763.1000,1,1,2026-08-24T00:00:00.000
1091,20260625,20260802,59640,236,229,294,103,6,3,SOA001091,763.8000,763.8000,763.8000,1,1,2026-08-24T00:00:00.000
1092,20260728,20260813,71520,98,314,111,50,3,4,SOA001092,764.5000,764.5000,764.5000,1,1,2026-08-24T00:00:00.000
1093,20260527,20260717,48840,400,104,491,133,3,7,SOA001093,765.2000,765.2000,765.2000,1,1,2026-08-24T00:00:00.000
1094,20260713,20260729,13080,101,154,110,227,7,2,SOA001094,765.9000,765.9000,765.9000,1,1,2026-08-24T00:00:00.000
1095,20260720,20260602,54960,277,364,308,307,10,6,SOA001095,766.6000,766.6000,766.6000,1,1,2026-08-24T00:00:00.000
1096,20260620,20260602,5700,348,33,405,296,9,5,SOA001096,767.3000,767.3000,767.3000,1,1,2026-08-24T00:00:00.000
1097,20260615,20260625,49800,208,265,184,199,1,3,SOA001097,768.0000,768.0000,768.0000,1,1,2026-08-24T00:00:00.000
1098,20260817,20260717,52860,454,190,163,91,4,5,SOA001098,768.7000,768.7000,768.7000,1,1,2026-08-24T00:00:00.000
1099,20260531,20260618,75000,482,146,174,254,9,2,SOA001099,769.4000,769.4000,769.4000,1,1,2026-08-24T00:00:00.000
1100,20260727,20260713,31380,45,384,231,156,8,4,SOA001100,770.1000,770.1000,770.1000,1,1,2026-08-24T00:00:00.000
1101,20260615,20260804,76620,296,375,457,317,4,2,SOA001101,770.8000,770.8000,770.8000,1,1,2026-08-24T00:00:00.000
1102,20260725,20260815,43020,497,479,35,266,2,4,SOA001102,771.5000,771.5000,771.5000,1,1,2026-08-24T00:00:00.000
1103,20260718,20260803,58320,202,429,311,276,5,4,SOA001103,772.2000,772.2000,772.2000,1,1,2026-08-24T00:00:00.000
1104,20260726,20260605,50400,96,253,253,278,9,2,SOA001104,772.9000,772.9000,772.9000,1,1,2026-08-24T00:00:00.000
1105,20260610,20260721,56040,425,301,318,111,1,7,SOA001105,773.6000,773.6000,773.6000,1,1,2026-08-24T00:00:00.000
1106,20260803,20260805,15540,268,414,141,346,10,4,SOA001106,774.3000,774.3000,774.3000,1,1,2026-08-24T00:00:00.000
1107,20260716,20260714,9900,374,347,223,268,10,4,SOA001107,775.0000,775.0000,775.0000,1,1,2026-08-24T00:00:00.000
1108,20260818,20260806,79320,268,434,438,18,3,4,SOA001108,775.7000,775.7000,775.7000,1,1,2026-08-24T00:00:00.000
1109,20260708,20260606,5400,452,136,35,113,4,2,SOA001109,776.4000,776.4000,776.4000,1,1,2026-08-24T00:00:00.000
1110,20260725,20260724,23820,228,211,153,88,7,7,SOA001110,777.1000,777.1000,777.1000,1,1,2026-08-24T00:00:00.000
1111,20260801,20260529,8100,89,44,241,311,5,7,SOA001111,777.8000,777.8000,777.8000,1,1,2026-08-24T00:00:00.000
1112,20260626,20260813,5820,284,50,76,252,7,2,SOA001112,778.5000,778.5000,778.5000,1,1,2026-08-24T00:00:00.000
1113,20260625,20260726,45720,112,41,118,42,10,4,SOA001113,779.2000,779.2000,779.2000,1,1,2026-08-24T00:00:00.000
1114,20260718,20260725,22380,177,183,160,327,7,1,SOA001114,779.9000,779.9000,779.9000,1,1,2026-08-24T00:00:00.000
1115,20260817,20260817,43860,1,274,80,135,9,1,SOA001115,780.6000,780.6000,780.6000,1,1,2026-08-24T00:00:00.000
1116,20260716,20260626,65400,234,86,478,245,7,2,SOA001116,781.3000,781.3000,781.3000,1,1,2026-08-24T00:00:00.000
1117,20260725,20260602,4020,39,164,143,285,9,7,SOA001117,782.0000,782.0000,782.0000,1,1,2026-08-24T00:00:00.000
1118,20260528,20260720,42480,216,385,117,163,2,4,SOA001118,782.7000,782.7000,782.7000,1,1,2026-08-24T00:00:00.000
1119,20260727,20260724,39120,177,65,405,76,7,3,SOA001119,783.4000,783.4000,783.4000,1,1,2026-08-24T00:00:00.000
1120,20260815,20260803,21120,138,372,422,62,10,7,SOA001120,784.1000,784.1000,784.1000,1,1,2026-08-24T00:00:00.000
1121,20260626,20260721,49620,224,329,30,217,7,2,SOA001121,784.8000,784.8000,784.8000,1,1,2026-08-24T00:00:00.000
1122,20260802,20260623,8100,36,188,107,39,1,7,SOA001122,785.5000,785.5000,785.5000,1,1,2026-08-24T00:00:00.000
1123,20260601,20260614,43080,433,423,158,338,7,3,SOA001123,786.2000,786.2000,786.2000,1,1,2026-08-24T00:00:00.000
1124,20260818,20260629,16500,218,244,18,292,8,5,SOA001124,786.9000,786.9000,786.9000,1,1,2026-08-24T00:00:00.000
1125,20260726,20260713,12240,325,175,296,128,1,5,SOA001125,787.6000,787.6000,787.6000,1,1,2026-08-24T00:00:00.000
1126,20260612,20260616,3720,227,191,359,34,1,4,SOA001126,788.3000,788.3000,788.3000,1,1,2026-08-24T00:00:00.000
1127,20260811,20260731,64860,270,341,214,245,3,2,SOA001127,789.0000,789.0000,789.0000,1,1,2026-08-24T00:00:00.000
1128,20260714,20260816,36000,483,8,220,341,9,4,SOA001128,789.7000,789.7000,789.7000,1,1,2026-08-24T00:00:00.000
1129,20260821,20260601,18060,281,98,208,154,4,7,SOA001129,790.4000,790.4000,790.4000,1,1,2026-08-24T00:00:00.000
1130,20260610,20260605,33660,3,486,94,21,10,6,SOA001130,791.1000,791.1000,791.1000,1,1,2026-08-24T00:00:00.000
1131,20260807,20260806,12600,53,116,150,118,6,5,SOA001131,791.8000,791.8000,791.8000,1,1,2026-08-24T00:00:00.000
1132,20260821,20260728,28680,456,356,164,177,9,1,SOA001132,792.5000,792.5000,792.5000,1,1,2026-08-24T00:00:00.000
1133,20260731,20260819,50520,19,209,135,214,6,2,SOA001133,793.2000,793.2000,793.2000,1,1,2026-08-24T00:00:00.000
1134,20260731,20260630,67500,393,241,51,325,7,6,SOA001134,793.9000,793.9000,793.9000,1,1,2026-08-24T00:00:00.000
1135,20260609,20260616,34200,478,18,327,78,3,4,SOA001135,794.6000,794.6000,794.6000,1,1,2026-08-24T00:00:00.000
1136,20260821,20260806,53940,35,450,304,334,3,3,SOA001136,795.3000,795.3000,795.3000,1,1,2026-08-24T00:00:00.000
1137,20260630,20260807,63480,341,419,314,47,8,2,SOA001137,796.0000,796.0000,796.0000,1,1,2026-08-24T00:00:00.000
1138,20260725,20260810,3060,252,467,269,226,9,1,SOA001138,796.7000,796.7000,796.7000,1,1,2026-08-24T00:00:00.000
1139,20260823,20260705,20280,65,343,288,201,4,6,SOA001139,797.4000,797.4000,797.4000,1,1,2026-08-24T00:00:00.000
1140,20260712,20260814,45060,318,198,80,113,3,2,SOA001140,798.1000,798.1000,798.1000,1,1,2026-08-24T00:00:00.000
1141,20260625,20260721,26580,313,154,336,114,3,1,SOA001141,798.8000,798.8000,798.8000,1,1,2026-08-24T00:00:00.000
1142,20260718,20260609,8040,289,92,117,281,6,5,SOA001142,799.5000,799.5000,799.5000,1,1,2026-08-24T00:00:00.000
1143,20260701,20260626,25200,256,30,82,8,10,4,SOA001143,800.2000,800.2000,800.2000,1,1,2026-08-24T00:00:00.000
1144,20260608,20260612,19320,365,186,379,273,5,2,SOA001144,800.9000,800.9000,800.9000,1,1,2026-08-24T00:00:00.000
1145,20260624,20260728,67080,343,217,113,126,10,6,SOA001145,801.6000,801.6000,801.6000,1,1,2026-08-24T00:00:00.000
1146,20260806,20260701,36600,404,198,121,339,9,2,SOA001146,802.3000,802.3000,802.3000,1,1,2026-08-24T00:00:00.000
1147,20260611,20260530,59280,264,149,491,141,2,5,SOA001147,803.0000,803.0000,803.0000,1,1,2026-08-24T00:00:00.000
1148,20260731,20260626,23340,196,98,415,206,8,5,SOA001148,803.7000,803.7000,803.7000,1,1,2026-08-24T00:00:00.000
1149,20260529,20260711,82020,111,229,110,50,3,5,SOA001149,804.4000,804.4000,804.4000,1,1,2026-08-24T00:00:00.000
1150,20260730,20260709,66660,265,3,85,313,2,5,SOA001150,805.1000,805.1000,805.1000,1,1,2026-08-24T00:00:00.000
1151,20260601,20260603,17160,28,288,107,335,9,2,SOA001151,805.8000,805.8000,805.8000,1,1,2026-08-24T00:00:00.000
1152,20260627,20260818,81240,393,71,398,161,6,6,SOA001152,806.5000,806.5000,806.5000,1,1,2026-08-24T00:00:00.000
1153,20260606,20260609,56220,396,270,354,113,2,3,SOA001153,807.2000,807.2000,807.2000,1,1,2026-08-24T00:00:00.000
1154,20260601,20260810,8640,425,227,168,116,5,1,SOA001154,807.9000,807.9000,807.9000,1,1,2026-08-24T00:00:00.000
1155,20260810,20260529,13980,347,272,393,249,7,1,SOA001155,808.6000,808.6000,808.6000,1,1,2026-08-24T00:00:00.000
1156,20260806,20260721,62160,428,96,208,95,6,1,SOA001156,809.3000,809.3000,809.3000,1,1,2026-08-24T00:00:00.000
1157,20260628,20260811,19800,290,234,54,348,6,4,SOA001157,810.0000,810.0000,810.0000,1,1,2026-08-24T00:00:00.000
1158,20260702,20260815,31320,255,81,242,116,6,2,SOA001158,810.7000,810.7000,810.7000,1,1,2026-08-24T00:00:00.000
1159,20260802,20260607,27480,79,395,247,339,8,3,SOA001159,811.4000,811.4000,811.4000,1,1,2026-08-24T00:00:00.000
1160,20260724,20260616,80760,276,343,352,190,2,6,SOA001160,812.1000,812.1000,812.1000,1,1,2026-08-24T00:00:00.000
1161,20260728,20260615,54360,393,313,456,82,7,7,SOA001161,812.8000,812.8000,812.8000,1,1,2026-08-24T00:00:00.000
1162,20260603,20260622,39600,96,299,175,172,3,7,SOA001162,813.5000,813.5000,813.5000,1,1,2026-08-24T00:00:00.000
1163,20260608,20260718,27240,112,240,416,273,9,6,SOA001163,814.2000,814.2000,814.2000,1,1,2026-08-24T00:00:00.000
1164,20260815,20260624,12360,473,175,467,32,9,7,SOA001164,814.9000,814.9000,814.9000,1,1,2026-08-24T00:00:00.000
1165,20260626,20260805,69960,142,338,496,258,4,1,SOA001165,815.6000,815.6000,815.6000,1,1,2026-08-24T00:00:00.000
1166,20260721,20260623,27360,96,234,194,117,1,1,SOA001166,816.3000,816.3000,816.3000,1,1,2026-08-24T00:00:00.000
1167,20260707,20260804,5700,369,16,29,226,8,5,SOA001167,817.0000,817.0000,817.0000,1,1,2026-08-24T00:00:00.000
1168,20260617,20260603,1980,434,15,293,95,9,6,SOA001168,817.7000,817.7000,817.7000,1,1,2026-08-24T00:00:00.000
1169,20260721,20260822,62460,233,92,23,16,6,3,SOA001169,818.4000,818.4000,818.4000,1,1,2026-08-24T00:00:00.000
1170,20260603,20260813,46200,35,403,370,93,9,3,SOA001170,819.1000,819.1000,819.1000,1,1,2026-08-24T00:00:00.000
1171,20260801,20260527,51540,39,44,460,47,6,2,SOA001171,819.8000,819.8000,819.8000,1,1,2026-08-24T00:00:00.000
1172,20260814,20260729,13800,277,18,445,228,1,7,SOA001172,820.5000,820.5000,820.5000,1,1,2026-08-24T00:00:00.000
1173,20260628,20260724,81900,283,207,336,71,1,6,SOA001173,821.2000,821.2000,821.2000,1,1,2026-08-24T00:00:00.000
1174,20260625,20260610,19560,327,175,495,263,9,7,SOA001174,821.9000,821.9000,821.9000,1,1,2026-08-24T00:00:00.000
1175,20260817,20260528,39240,455,114,307,311,4,2,SOA001175,822.6000,822.6000,822.6000,1,1,2026-08-24T00:00:00.000
1176,20260616,20260709,67080,397,364,276,77,2,3,SOA001176,823.3000,823.3000,823.3000,1,1,2026-08-24T00:00:00.000
1177,20260802,20260719,27660,10,488,227,130,8,1,SOA001177,824.0000,824.0000,824.0000,1,1,2026-08-24T00:00:00.000
1178,20260810,20260815,20340,278,251,189,121,7,3,SOA001178,824.7000,824.7000,824.7000,1,1,2026-08-24T00:00:00.000
1179,20260611,20260623,45000,117,99,136,154,4,5,SOA001179,825.4000,825.4000,825.4000,1,1,2026-08-24T00:00:00.000
1180,20260610,20260709,78540,148,70,493,144,5,2,SOA001180,826.1000,826.1000,826.1000,1,1,2026-08-24T00:00:00.000
1181,20260726,20260611,6240,314,284,442,230,8,4,SOA001181,826.8000,826.8000,826.8000,1,1,2026-08-24T00:00:00.000
1182,20260711,20260624,64980,68,155,398,324,9,5,SOA001182,827.5000,827.5000,827.5000,1,1,2026-08-24T00:00:00.000
1183,20260723,20260720,62160,376,487,76,242,2,4,SOA001183,828.2000,828.2000,828.2000,1,1,2026-08-24T00:00:00.000
1184,20260622,20260612,58020,91,477,301,86,8,7,SOA001184,828.9000,828.9000,828.9000,1,1,2026-08-24T00:00:00.000
1185,20260701,20260713,27720,24,362,347,43,9,1,SOA001185,829.6000,829.6000,829.6000,1,1,2026-08-24T00:00:00.000
1186,20260717,20260629,72360,461,3,103,297,10,7,SOA001186,830.3000,830.3000,830.3000,1,1,2026-08-24T00:00:00.000
1187,20260627,20260610,18780,28,275,395,26,4,7,SOA001187,831.0000,831.0000,831.0000,1,1,2026-08-24T00:00:00.000
1188,20260706,20260529,54000,116,257,56,191,2,6,SOA001188,831.7000,831.7000,831.7000,1,1,2026-08-24T00:00:00.000
1189,20260630,20260804,61920,222,465,254,319,1,1,SOA001189,832.4000,832.4000,832.4000,1,1,2026-08-24T00:00:00.000
1190,20260812,20260610,48240,206,169,49,69,7,4,SOA001190,833.1000,833.1000,833.1000,1,1,2026-08-24T00:00:00.000
1191,20260610,20260704,58980,8,380,304,71,4,7,SOA001191,833.8000,833.8000,833.8000,1,1,2026-08-24T00:00:00.000
1192,20260616,20260727,33840,47,430,338,125,6,7,SOA001192,834.5000,834.5000,834.5000,1,1,2026-08-24T00:00:00.000
1193,20260608,20260718,59400,396,406,30,153,6,5,SOA001193,835.2000,835.2000,835.2000,1,1,2026-08-24T00:00:00.000
1194,20260530,20260702,82440,221,367,65,85,9,3,SOA001194,835.9000,835.9000,835.9000,1,1,2026-08-24T00:00:00.000
1195,20260713,20260814,26700,453,491,376,101,9,1,SOA001195,836.6000,836.6000,836.6000,1,1,2026-08-24T00:00:00.000
1196,20260610,20260801,10500,256,314,320,345,7,6,SOA001196,837.3000,837.3000,837.3000,1,1,2026-08-24T00:00:00.000
1197,20260626,20260801,29700,318,320,325,46,5,1,SOA001197,838.0000,838.0000,838.0000,1,1,2026-08-24T00:00:00.000
1198,20260617,20260530,85200,94,268,37,261,9,2,SOA001198,838.7000,838.7000,838.7000,1,1,2026-08-24T00:00:00.000
1199,20260530,20260528,36120,140,408,309,271,3,3,SOA001199,839.4000,839.4000,839.4000,1,1,2026-08-24T00:00:00.000
1200,20260712,20260713,17400,31,138,30,61,8,7,SOA001200,840.1000,840.1000,840.1000,1,1,2026-08-24T00:00:00.000
1201,20260626,20260809,62220,91,96,475,238,2,1,SOA001201,840.8000,840.8000,840.8000,1,1,2026-08-24T00:00:00.000
1202,20260608,20260604,5220,398,92,133,236,6,4,SOA001202,841.5000,841.5000,841.5000,1,1,2026-08-24T00:00:00.000
1203,20260713,20260628,48840,55,62,34,60,7,4,SOA001203,842.2000,842.2000,842.2000,1,1,2026-08-24T00:00:00.000
1204,20260622,20260824,77220,233,330,157,116,5,4,SOA001204,842.9000,842.9000,842.9000,1,1,2026-08-24T00:00:00.000
1205,20260718,20260605,49680,55,456,481,52,6,7,SOA001205,843.6000,843.6000,843.6000,1,1,2026-08-24T00:00:00.000
1206,20260528,20260725,43320,293,200,198,281,10,1,SOA001206,844.3000,844.3000,844.3000,1,1,2026-08-24T00:00:00.000
1207,20260725,20260708,40560,239,111,90,77,2,7,SOA001207,845.0000,845.0000,845.0000,1,1,2026-08-24T00:00:00.000
1208,20260601,20260823,77760,399,178,155,190,9,3,SOA001208,845.7000,845.7000,845.7000,1,1,2026-08-24T00:00:00.000
1209,20260630,20260721,58620,35,267,66,48,3,3,SOA001209,846.4000,846.4000,846.4000,1,1,2026-08-24T00:00:00.000
1210,20260816,20260820,85200,260,281,442,317,10,4,SOA001210,847.1000,847.1000,847.1000,1,1,2026-08-24T00:00:00.000
1211,20260714,20260604,22320,191,23,30,329,6,7,SOA001211,847.8000,847.8000,847.8000,1,1,2026-08-24T00:00:00.000
1212,20260809,20260721,66840,417,186,391,312,8,7,SOA001212,848.5000,848.5000,848.5000,1,1,2026-08-24T00:00:00.000
1213,20260612,20260529,21360,484,495,128,292,1,3,SOA001213,849.2000,849.2000,849.2000,1,1,2026-08-24T00:00:00.000
1214,20260715,20260710,16440,444,88,60,237,8,5,SOA001214,849.9000,849.9000,849.9000,1,1,2026-08-24T00:00:00.000
1215,20260619,20260604,70500,419,457,381,173,10,3,SOA001215,850.6000,850.6000,850.6000,1,1,2026-08-24T00:00:00.000
1216,20260624,20260728,4860,239,87,61,94,7,3,SOA001216,851.3000,851.3000,851.3000,1,1,2026-08-24T00:00:00.000
1217,20260619,20260618,81600,244,477,34,96,5,5,SOA001217,852.0000,852.0000,852.0000,1,1,2026-08-24T00:00:00.000
1218,20260707,20260625,41640,351,478,352,347,10,3,SOA001218,852.7000,852.7000,852.7000,1,1,2026-08-24T00:00:00.000
1219,20260603,20260702,1500,212,8,144,323,7,5,SOA001219,853.4000,853.4000,853.4000,1,1,2026-08-24T00:00:00.000
1220,20260802,20260603,44580,71,3,276,196,5,3,SOA001220,854.1000,854.1000,854.1000,1,1,2026-08-24T00:00:00.000
1221,20260619,20260804,75780,153,475,102,40,8,2,SOA001221,854.8000,854.8000,854.8000,1,1,2026-08-24T00:00:00.000
1222,20260705,20260614,19800,376,21,100,34,1,2,SOA001222,855.5000,855.5000,855.5000,1,1,2026-08-24T00:00:00.000
1223,20260807,20260823,79320,246,54,95,259,1,2,SOA001223,856.2000,856.2000,856.2000,1,1,2026-08-24T00:00:00.000
1224,20260729,20260724,4980,77,372,495,132,6,5,SOA001224,856.9000,856.9000,856.9000,1,1,2026-08-24T00:00:00.000
1225,20260618,20260705,19380,338,203,73,63,10,3,SOA001225,857.6000,857.6000,857.6000,1,1,2026-08-24T00:00:00.000
1226,20260602,20260701,54060,203,138,304,71,6,2,SOA001226,858.3000,858.3000,858.3000,1,1,2026-08-24T00:00:00.000
1227,20260807,20260807,61980,165,39,474,105,10,1,SOA001227,859.0000,859.0000,859.0000,1,1,2026-08-24T00:00:00.000
1228,20260709,20260613,54060,40,255,27,106,5,6,SOA001228,859.7000,859.7000,859.7000,1,1,2026-08-24T00:00:00.000
1229,20260629,20260614,43080,269,181,254,72,3,4,SOA001229,860.4000,860.4000,860.4000,1,1,2026-08-24T00:00:00.000
1230,20260729,20260730,40200,454,321,26,39,9,6,SOA001230,861.1000,861.1000,861.1000,1,1,2026-08-24T00:00:00.000
1231,20260730,20260813,26940,209,493,107,308,10,6,SOA001231,861.8000,861.8000,861.8000,1,1,2026-08-24T00:00:00.000
1232,20260721,20260527,20400,341,88,236,19,1,5,SOA001232,862.5000,862.5000,862.5000,1,1,2026-08-24T00:00:00.000
1233,20260615,20260627,24480,91,472,60,282,5,4,SOA001233,863.2000,863.2000,863.2000,1,1,2026-08-24T00:00:00.000
1234,20260614,20260624,66120,189,59,183,180,3,1,SOA001234,863.9000,863.9000,863.9000,1,1,2026-08-24T00:00:00.000
1235,20260608,20260804,54540,466,36,114,272,8,2,SOA001235,864.6000,864.6000,864.6000,1,1,2026-08-24T00:00:00.000
1236,20260628,20260615,13260,93,399,484,75,6,7,SOA001236,865.3000,865.3000,865.3000,1,1,2026-08-24T00:00:00.000
1237,20260703,20260814,21360,229,140,454,149,10,6,SOA001237,866.0000,866.0000,866.0000,1,1,2026-08-24T00:00:00.000
1238,20260602,20260813,47400,437,181,56,18,8,6,SOA001238,866.7000,866.7000,866.7000,1,1,2026-08-24T00:00:00.000
1239,20260605,20260610,7680,32,309,321,282,10,6,SOA001239,867.4000,867.4000,867.4000,1,1,2026-08-24T00:00:00.000
1240,20260616,20260629,61500,26,296,47,2,1,6,SOA001240,868.1000,868.1000,868.1000,1,1,2026-08-24T00:00:00.000
1241,20260701,20260706,83400,281,159,79,171,1,1,SOA001241,868.8000,868.8000,868.8000,1,1,2026-08-24T00:00:00.000
1242,20260608,20260817,21900,436,251,362,19,10,3,SOA001242,869.5000,869.5000,869.5000,1,1,2026-08-24T00:00:00.000
1243,20260530,20260617,41700,282,422,319,175,5,1,SOA001243,870.2000,870.2000,870.2000,1,1,2026-08-24T00:00:00.000
1244,20260705,20260722,27960,115,263,16,23,4,2,SOA001244,870.9000,870.9000,870.9000,1,1,2026-08-24T00:00:00.000
1245,20260725,20260712,20160,226,406,355,304,9,2,SOA001245,871.6000,871.6000,871.6000,1,1,2026-08-24T00:00:00.000
1246,20260801,20260822,4380,143,386,69,331,5,6,SOA001246,872.3000,872.3000,872.3000,1,1,2026-08-24T00:00:00.000
1247,20260609,20260726,54720,91,136,76,245,1,6,SOA001247,873.0000,873.0000,873.0000,1,1,2026-08-24T00:00:00.000
1248,20260614,20260625,82920,345,455,95,140,8,6,SOA001248,873.7000,873.7000,873.7000,1,1,2026-08-24T00:00:00.000
1249,20260806,20260731,38280,216,26,132,62,5,2,SOA001249,874.4000,874.4000,874.4000,1,1,2026-08-24T00:00:00.000
1250,20260709,20260805,69720,47,417,54,108,9,1,SOA001250,875.1000,875.1000,875.1000,1,1,2026-08-24T00:00:00.000
1251,20260820,20260602,660,209,66,110,14,3,4,SOA001251,875.8000,875.8000,875.8000,1,1,2026-08-24T00:00:00.000
1252,20260808,20260705,58680,346,437,161,164,3,6,SOA001252,876.5000,876.5000,876.5000,1,1,2026-08-24T00:00:00.000
1253,20260617,20260706,12480,392,112,362,239,10,4,SOA001253,877.2000,877.2000,877.2000,1,1,2026-08-24T00:00:00.000
1254,20260724,20260528,78840,206,108,143,117,7,5,SOA001254,877.9000,877.9000,877.9000,1,1,2026-08-24T00:00:00.000
1255,20260803,20260716,9180,322,296,305,169,7,4,SOA001255,878.6000,878.6000,878.6000,1,1,2026-08-24T00:00:00.000
1256,20260712,20260602,23220,76,71,336,300,5,1,SOA001256,879.3000,879.3000,879.3000,1,1,2026-08-24T00:00:00.000
1257,20260818,20260707,36300,281,498,264,322,3,2,SOA001257,880.0000,880.0000,880.0000,1,1,2026-08-24T00:00:00.000
1258,20260702,20260711,19260,283,232,153,136,8,6,SOA001258,880.7000,880.7000,880.7000,1,1,2026-08-24T00:00:00.000
1259,20260528,20260617,26280,461,166,419,200,2,3,SOA001259,881.4000,881.4000,881.4000,1,1,2026-08-24T00:00:00.000
1260,20260824,20260530,79560,330,246,195,19,6,2,SOA001260,882.1000,882.1000,882.1000,1,1,2026-08-24T00:00:00.000
1261,20260810,20260626,63780,468,449,277,339,5,2,SOA001261,882.8000,882.8000,882.8000,1,1,2026-08-24T00:00:00.000
1262,20260629,20260801,36960,287,385,97,273,2,2,SOA001262,883.5000,883.5000,883.5000,1,1,2026-08-24T00:00:00.000
1263,20260807,20260804,53520,184,122,430,20,4,1,SOA001263,884.2000,884.2000,884.2000,1,1,2026-08-24T00:00:00.000
1264,20260819,20260722,76620,308,315,331,227,8,3,SOA001264,884.9000,884.9000,884.9000,1,1,2026-08-24T00:00:00.000
1265,20260724,20260730,76140,390,12,38,245,6,1,SOA001265,885.6000,885.6000,885.6000,1,1,2026-08-24T00:00:00.000
1266,20260701,20260726,20880,258,473,308,176,2,2,SOA001266,886.3000,886.3000,886.3000,1,1,2026-08-24T00:00:00.000
1267,20260628,20260717,13620,201,483,123,176,6,1,SOA001267,887.0000,887.0000,887.0000,1,1,2026-08-24T00:00:00.000
1268,20260531,20260624,59820,190,218,87,146,1,2,SOA001268,887.7000,887.7000,887.7000,1,1,2026-08-24T00:00:00.000
1269,20260721,20260623,75360,362,193,254,306,7,4,SOA001269,888.4000,888.4000,888.4000,1,1,2026-08-24T00:00:00.000
1270,20260812,20260820,26100,84,299,286,52,2,5,SOA001270,889.1000,889.1000,889.1000,1,1,2026-08-24T00:00:00.000
1271,20260708,20260731,20160,191,410,372,202,10,6,SOA001271,889.8000,889.8000,889.8000,1,1,2026-08-24T00:00:00.000
1272,20260623,20260804,33300,202,266,392,24,2,3,SOA001272,890.5000,890.5000,890.5000,1,1,2026-08-24T00:00:00.000
1273,20260821,20260708,4980,51,312,231,144,7,3,SOA001273,891.2000,891.2000,891.2000,1,1,2026-08-24T00:00:00.000
1274,20260613,20260809,24900,259,102,237,241,6,4,SOA001274,891.9000,891.9000,891.9000,1,1,2026-08-24T00:00:00.000
1275,20260805,20260605,26820,148,9,201,55,5,2,SOA001275,892.6000,892.6000,892.6000,1,1,2026-08-24T00:00:00.000
1276,20260606,20260618,73320,462,152,388,34,3,5,SOA001276,893.3000,893.3000,893.3000,1,1,2026-08-24T00:00:00.000
1277,20260809,20260806,49680,329,368,500,67,3,2,SOA001277,894.0000,894.0000,894.0000,1,1,2026-08-24T00:00:00.000
1278,20260625,20260630,50280,244,403,72,7,8,6,SOA001278,894.7000,894.7000,894.7000,1,1,2026-08-24T00:00:00.000
1279,20260720,20260608,10500,165,88,143,169,3,4,SOA001279,895.4000,895.4000,895.4000,1,1,2026-08-24T00:00:00.000
1280,20260702,20260814,18660,207,108,136,302,9,5,SOA001280,896.1000,896.1000,896.1000,1,1,2026-08-24T00:00:00.000
1281,20260801,20260814,66420,405,389,141,241,2,6,SOA001281,896.8000,896.8000,896.8000,1,1,2026-08-24T00:00:00.000
1282,20260803,20260527,57180,200,422,289,29,7,3,SOA001282,897.5000,897.5000,897.5000,1,1,2026-08-24T00:00:00.000
1283,20260811,20260724,26880,283,423,163,232,2,1,SOA001283,898.2000,898.2000,898.2000,1,1,2026-08-24T00:00:00.000
1284,20260706,20260725,30780,94,265,228,285,7,3,SOA001284,898.9000,898.9000,898.9000,1,1,2026-08-24T00:00:00.000
1285,20260604,20260612,780,150,353,79,209,9,3,SOA001285,899.6000,899.6000,899.6000,1,1,2026-08-24T00:00:00.000
1286,20260704,20260602,6720,255,415,37,323,4,7,SOA001286,900.3000,900.3000,900.3000,1,1,2026-08-24T00:00:00.000
1287,20260806,20260614,32340,354,74,498,338,2,7,SOA001287,901.0000,901.0000,901.0000,1,1,2026-08-24T00:00:00.000
1288,20260815,20260620,11220,455,63,369,7,5,1,SOA001288,901.7000,901.7000,901.7000,1,1,2026-08-24T00:00:00.000
1289,20260809,20260630,69360,497,492,310,273,3,6,SOA001289,902.4000,902.4000,902.4000,1,1,2026-08-24T00:00:00.000
1290,20260606,20260820,69780,139,226,438,135,7,1,SOA001290,903.1000,903.1000,903.1000,1,1,2026-08-24T00:00:00.000
1291,20260821,20260808,56700,393,134,203,109,6,1,SOA001291,903.8000,903.8000,903.8000,1,1,2026-08-24T00:00:00.000
1292,20260729,20260607,22260,181,263,15,338,4,5,SOA001292,904.5000,904.5000,904.5000,1,1,2026-08-24T00:00:00.000
1293,20260622,20260708,45540,250,236,140,179,5,3,SOA001293,905.2000,905.2000,905.2000,1,1,2026-08-24T00:00:00.000
1294,20260622,20260621,16740,329,196,54,153,2,3,SOA001294,905.9000,905.9000,905.9000,1,1,2026-08-24T00:00:00.000
1295,20260611,20260722,12060,52,326,359,166,9,2,SOA001295,906.6000,906.6000,906.6000,1,1,2026-08-24T00:00:00.000
1296,20260721,20260610,65220,204,21,94,142,6,6,SOA001296,907.3000,907.3000,907.3000,1,1,2026-08-24T00:00:00.000
1297,20260728,20260819,65220,218,272,485,110,6,4,SOA001297,908.0000,908.0000,908.0000,1,1,2026-08-24T00:00:00.000
1298,20260814,20260823,51180,458,79,298,34,1,4,SOA001298,908.7000,908.7000,908.7000,1,1,2026-08-24T00:00:00.000
1299,20260822,20260814,11880,155,254,179,127,3,6,SOA001299,909.4000,909.4000,909.4000,1,1,2026-08-24T00:00:00.000
1300,20260729,20260824,3540,196,314,56,103,5,2,SOA001300,910.1000,910.1000,910.1000,1,1,2026-08-24T00:00:00.000
1301,20260805,20260626,35820,435,415,253,53,8,3,SOA001301,910.8000,910.8000,910.8000,1,1,2026-08-24T00:00:00.000
1302,20260712,20260602,54900,87,18,379,47,5,6,SOA001302,911.5000,911.5000,911.5000,1,1,2026-08-24T00:00:00.000
1303,20260625,20260626,52620,328,173,109,81,8,5,SOA001303,912.2000,912.2000,912.2000,1,1,2026-08-24T00:00:00.000
1304,20260623,20260816,13680,146,4,482,331,10,2,SOA001304,912.9000,912.9000,912.9000,1,1,2026-08-24T00:00:00.000
1305,20260628,20260620,70200,251,330,313,175,3,1,SOA001305,913.6000,913.6000,913.6000,1,1,2026-08-24T00:00:00.000
1306,20260818,20260601,40560,63,71,494,93,3,1,SOA001306,914.3000,914.3000,914.3000,1,1,2026-08-24T00:00:00.000
1307,20260804,20260607,44880,22,456,387,147,10,7,SOA001307,915.0000,915.0000,915.0000,1,1,2026-08-24T00:00:00.000
1308,20260714,20260608,84000,349,22,334,15,6,5,SOA001308,915.7000,915.7000,915.7000,1,1,2026-08-24T00:00:00.000
1309,20260725,20260528,44100,310,434,332,259,10,2,SOA001309,916.4000,916.4000,916.4000,1,1,2026-08-24T00:00:00.000
1310,20260619,20260822,85860,150,5,272,320,9,3,SOA001310,917.1000,917.1000,917.1000,1,1,2026-08-24T00:00:00.000
1311,20260717,20260529,34620,160,324,370,219,6,6,SOA001311,917.8000,917.8000,917.8000,1,1,2026-08-24T00:00:00.000
1312,20260721,20260811,72120,69,387,330,44,10,3,SOA001312,918.5000,918.5000,918.5000,1,1,2026-08-24T00:00:00.000
1313,20260714,20260811,26340,325,192,204,294,6,1,SOA001313,919.2000,919.2000,919.2000,1,1,2026-08-24T00:00:00.000
1314,20260811,20260703,8400,137,152,448,27,6,4,SOA001314,919.9000,919.9000,919.9000,1,1,2026-08-24T00:00:00.000
1315,20260802,20260620,46260,320,22,425,267,1,2,SOA001315,920.6000,920.6000,920.6000,1,1,2026-08-24T00:00:00.000
1316,20260819,20260817,64140,199,451,392,195,5,5,SOA001316,921.3000,921.3000,921.3000,1,1,2026-08-24T00:00:00.000
1317,20260629,20260803,73620,496,44,318,230,1,1,SOA001317,922.0000,922.0000,922.0000,1,1,2026-08-24T00:00:00.000
1318,20260714,20260727,38400,458,174,86,126,8,4,SOA001318,922.7000,922.7000,922.7000,1,1,2026-08-24T00:00:00.000
1319,20260629,20260731,69360,282,303,26,298,1,2,SOA001319,923.4000,923.4000,923.4000,1,1,2026-08-24T00:00:00.000
1320,20260704,20260707,39360,300,116,84,322,10,5,SOA001320,924.1000,924.1000,924.1000,1,1,2026-08-24T00:00:00.000
1321,20260726,20260807,44640,444,344,271,95,8,1,SOA001321,924.8000,924.8000,924.8000,1,1,2026-08-24T00:00:00.000
1322,20260810,20260816,78960,461,450,397,75,2,6,SOA001322,925.5000,925.5000,925.5000,1,1,2026-08-24T00:00:00.000
1323,20260605,20260730,28140,172,71,376,319,9,3,SOA001323,926.2000,926.2000,926.2000,1,1,2026-08-24T00:00:00.000
1324,20260717,20260716,18480,79,291,184,310,10,4,SOA001324,926.9000,926.9000,926.9000,1,1,2026-08-24T00:00:00.000
1325,20260626,20260606,19680,249,382,430,3,4,2,SOA001325,927.6000,927.6000,927.6000,1,1,2026-08-24T00:00:00.000
1326,20260621,20260701,24300,224,478,441,160,7,7,SOA001326,928.3000,928.3000,928.3000,1,1,2026-08-24T00:00:00.000
1327,20260714,20260816,86220,219,61,32,252,5,7,SOA001327,929.0000,929.0000,929.0000,1,1,2026-08-24T00:00:00.000
1328,20260619,20260717,17520,436,258,118,204,8,4,SOA001328,929.7000,929.7000,929.7000,1,1,2026-08-24T00:00:00.000
1329,20260710,20260601,60300,345,13,443,110,2,4,SOA001329,930.4000,930.4000,930.4000,1,1,2026-08-24T00:00:00.000
1330,20260807,20260607,68760,483,297,70,154,1,4,SOA001330,931.1000,931.1000,931.1000,1,1,2026-08-24T00:00:00.000
1331,20260725,20260806,22740,241,108,459,110,6,5,SOA001331,931.8000,931.8000,931.8000,1,1,2026-08-24T00:00:00.000
1332,20260610,20260823,19920,340,45,264,22,7,2,SOA001332,932.5000,932.5000,932.5000,1,1,2026-08-24T00:00:00.000
1333,20260806,20260821,20220,255,296,7,61,4,4,SOA001333,933.2000,933.2000,933.2000,1,1,2026-08-24T00:00:00.000
1334,20260628,20260530,7260,427,147,473,213,10,6,SOA001334,933.9000,933.9000,933.9000,1,1,2026-08-24T00:00:00.000
1335,20260721,20260804,9960,213,497,270,88,6,1,SOA001335,934.6000,934.6000,934.6000,1,1,2026-08-24T00:00:00.000
1336,20260807,20260811,4620,230,174,367,57,4,2,SOA001336,935.3000,935.3000,935.3000,1,1,2026-08-24T00:00:00.000
1337,20260707,20260630,49980,326,492,495,314,7,3,SOA001337,936.0000,936.0000,936.0000,1,1,2026-08-24T00:00:00.000
1338,20260618,20260804,18600,285,75,199,106,4,2,SOA001338,936.7000,936.7000,936.7000,1,1,2026-08-24T00:00:00.000
1339,20260722,20260724,71100,368,164,105,223,4,4,SOA001339,937.4000,937.4000,937.4000,1,1,2026-08-24T00:00:00.000
1340,20260722,20260702,50100,205,33,6,113,9,1,SOA001340,938.1000,938.1000,938.1000,1,1,2026-08-24T00:00:00.000
1341,20260704,20260808,22980,161,199,305,93,3,7,SOA001341,938.8000,938.8000,938.8000,1,1,2026-08-24T00:00:00.000
1342,20260803,20260723,85380,237,312,75,24,10,2,SOA001342,939.5000,939.5000,939.5000,1,1,2026-08-24T00:00:00.000
1343,20260703,20260629,5760,43,320,414,53,4,6,SOA001343,940.2000,940.2000,940.2000,1,1,2026-08-24T00:00:00.000
1344,20260616,20260704,8160,217,303,134,9,5,6,SOA001344,940.9000,940.9000,940.9000,1,1,2026-08-24T00:00:00.000
1345,20260613,20260819,81000,327,316,389,102,8,4,SOA001345,941.6000,941.6000,941.6000,1,1,2026-08-24T00:00:00.000
1346,20260604,20260729,39360,238,448,11,335,5,2,SOA001346,942.3000,942.3000,942.3000,1,1,2026-08-24T00:00:00.000
1347,20260601,20260604,11520,159,7,479,142,4,6,SOA001347,943.0000,943.0000,943.0000,1,1,2026-08-24T00:00:00.000
1348,20260613,20260813,45780,308,405,395,253,3,7,SOA001348,943.7000,943.7000,943.7000,1,1,2026-08-24T00:00:00.000
1349,20260803,20260823,55320,164,38,237,111,6,4,SOA001349,944.4000,944.4000,944.4000,1,1,2026-08-24T00:00:00.000
1350,20260606,20260814,38340,111,470,20,209,8,1,SOA001350,945.1000,945.1000,945.1000,1,1,2026-08-24T00:00:00.000
1351,20260731,20260612,69240,388,486,65,116,6,1,SOA001351,945.8000,945.8000,945.8000,1,1,2026-08-24T00:00:00.000
1352,20260711,20260716,4680,448,305,377,183,1,2,SOA001352,946.5000,946.5000,946.5000,1,1,2026-08-24T00:00:00.000
1353,20260612,20260810,30420,84,91,363,251,10,4,SOA001353,947.2000,947.2000,947.2000,1,1,2026-08-24T00:00:00.000
1354,20260730,20260807,1920,256,27,413,10,3,6,SOA001354,947.9000,947.9000,947.9000,1,1,2026-08-24T00:00:00.000
1355,20260823,20260809,25440,204,165,84,12,8,5,SOA001355,948.6000,948.6000,948.6000,1,1,2026-08-24T00:00:00.000
1356,20260708,20260820,41460,178,70,85,292,3,3,SOA001356,949.3000,949.3000,949.3000,1,1,2026-08-24T00:00:00.000
1357,20260601,20260809,20040,52,1,261,309,6,1,SOA001357,950.0000,950.0000,950.0000,1,1,2026-08-24T00:00:00.000
1358,20260823,20260809,19680,80,485,326,278,10,4,SOA001358,950.7000,950.7000,950.7000,1,1,2026-08-24T00:00:00.000
1359,20260815,20260614,44160,156,207,440,190,7,5,SOA001359,951.4000,951.4000,951.4000,1,1,2026-08-24T00:00:00.000
1360,20260810,20260715,46560,351,253,349,136,8,3,SOA001360,952.1000,952.1000,952.1000,1,1,2026-08-24T00:00:00.000
1361,20260709,20260530,37680,230,224,438,343,8,4,SOA001361,952.8000,952.8000,952.8000,1,1,2026-08-24T00:00:00.000
1362,20260528,20260621,60840,8,198,310,156,8,1,SOA001362,953.5000,953.5000,953.5000,1,1,2026-08-24T00:00:00.000
1363,20260802,20260815,46620,9,183,40,29,6,3,SOA001363,954.2000,954.2000,954.2000,1,1,2026-08-24T00:00:00.000
1364,20260726,20260711,8040,403,35,89,194,5,1,SOA001364,954.9000,954.9000,954.9000,1,1,2026-08-24T00:00:00.000
1365,20260823,20260719,32820,37,466,449,143,7,4,SOA001365,955.6000,955.6000,955.6000,1,1,2026-08-24T00:00:00.000
1366,20260822,20260723,48180,446,248,309,47,9,1,SOA001366,956.3000,956.3000,956.3000,1,1,2026-08-24T00:00:00.000
1367,20260802,20260816,30060,359,354,275,159,9,4,SOA001367,957.0000,957.0000,957.0000,1,1,2026-08-24T00:00:00.000
1368,20260808,20260809,81180,138,100,458,15,7,5,SOA001368,957.7000,957.7000,957.7000,1,1,2026-08-24T00:00:00.000
1369,20260810,20260715,34800,427,189,269,309,8,2,SOA001369,958.4000,958.4000,958.4000,1,1,2026-08-24T00:00:00.000
1370,20260612,20260610,29280,367,430,19,48,5,7,SOA001370,959.1000,959.1000,959.1000,1,1,2026-08-24T00:00:00.000
1371,20260616,20260727,39660,263,65,92,88,4,3,SOA001371,959.8000,959.8000,959.8000,1,1,2026-08-24T00:00:00.000
1372,20260725,20260819,26280,296,102,35,198,3,2,SOA001372,960.5000,960.5000,960.5000,1,1,2026-08-24T00:00:00.000
1373,20260627,20260725,40560,306,64,416,336,6,2,SOA001373,961.2000,961.2000,961.2000,1,1,2026-08-24T00:00:00.000
1374,20260724,20260625,23100,23,338,7,117,6,1,SOA001374,961.9000,961.9000,961.9000,1,1,2026-08-24T00:00:00.000
1375,20260714,20260620,77760,406,8,376,120,6,4,SOA001375,962.6000,962.6000,962.6000,1,1,2026-08-24T00:00:00.000
1376,20260814,20260624,48600,481,494,127,214,1,7,SOA001376,963.3000,963.3000,963.3000,1,1,2026-08-24T00:00:00.000
1377,20260627,20260710,63240,256,273,189,71,5,2,SOA001377,964.0000,964.0000,964.0000,1,1,2026-08-24T00:00:00.000
1378,20260602,20260721,27960,56,204,469,235,7,7,SOA001378,964.7000,964.7000,964.7000,1,1,2026-08-24T00:00:00.000
1379,20260616,20260531,13260,15,109,494,291,8,6,SOA001379,965.4000,965.4000,965.4000,1,1,2026-08-24T00:00:00.000
1380,20260803,20260620,63060,388,90,422,112,8,3,SOA001380,966.1000,966.1000,966.1000,1,1,2026-08-24T00:00:00.000
1381,20260618,20260627,58080,401,123,24,111,8,4,SOA001381,966.8000,966.8000,966.8000,1,1,2026-08-24T00:00:00.000
1382,20260730,20260730,47280,439,386,472,32,7,6,SOA001382,967.5000,967.5000,967.5000,1,1,2026-08-24T00:00:00.000
1383,20260822,20260819,62220,185,187,141,300,6,7,SOA001383,968.2000,968.2000,968.2000,1,1,2026-08-24T00:00:00.000
1384,20260608,20260731,19620,32,323,435,4,8,7,SOA001384,968.9000,968.9000,968.9000,1,1,2026-08-24T00:00:00.000
1385,20260607,20260715,32520,229,87,130,111,9,5,SOA001385,969.6000,969.6000,969.6000,1,1,2026-08-24T00:00:00.000
1386,20260530,20260729,78300,474,334,9,102,9,3,SOA001386,970.3000,970.3000,970.3000,1,1,2026-08-24T00:00:00.000
1387,20260821,20260819,57960,98,106,399,44,2,4,SOA001387,971.0000,971.0000,971.0000,1,1,2026-08-24T00:00:00.000
1388,20260810,20260814,17760,181,253,100,70,3,7,SOA001388,971.7000,971.7000,971.7000,1,1,2026-08-24T00:00:00.000
1389,20260609,20260625,81540,162,113,54,278,1,4,SOA001389,972.4000,972.4000,972.4000,1,1,2026-08-24T00:00:00.000
1390,20260704,20260528,660,328,211,353,59,3,5,SOA001390,973.1000,973.1000,973.1000,1,1,2026-08-24T00:00:00.000
1391,20260607,20260730,54480,111,258,394,189,8,2,SOA001391,973.8000,973.8000,973.8000,1,1,2026-08-24T00:00:00.000
1392,20260610,20260626,29700,94,335,493,327,9,5,SOA001392,974.5000,974.5000,974.5000,1,1,2026-08-24T00:00:00.000
1393,20260620,20260710,81840,344,207,375,280,8,6,SOA001393,975.2000,975.2000,975.2000,1,1,2026-08-24T00:00:00.000
1394,20260809,20260810,76440,375,44,301,169,6,3,SOA001394,975.9000,975.9000,975.9000,1,1,2026-08-24T00:00:00.000
1395,20260618,20260816,42900,231,83,245,312,1,6,SOA001395,976.6000,976.6000,976.6000,1,1,2026-08-24T00:00:00.000
1396,20260812,20260727,22440,302,45,261,227,10,5,SOA001396,977.3000,977.3000,977.3000,1,1,2026-08-24T00:00:00.000
1397,20260703,20260801,50100,392,218,255,142,4,6,SOA001397,978.0000,978.0000,978.0000,1,1,2026-08-24T00:00:00.000
1398,20260720,20260818,17880,49,292,77,253,5,5,SOA001398,978.7000,978.7000,978.7000,1,1,2026-08-24T00:00:00.000
1399,20260727,20260706,70980,277,241,256,261,3,5,SOA001399,979.4000,979.4000,979.4000,1,1,2026-08-24T00:00:00.000
1400,20260727,20260810,40980,182,240,190,278,9,3,SOA001400,980.1000,980.1000,980.1000,1,1,2026-08-24T00:00:00.000
1401,20260720,20260610,71880,166,108,108,335,5,5,SOA001401,980.8000,980.8000,980.8000,1,1,2026-08-24T00:00:00.000
1402,20260604,20260708,57420,18,163,307,256,4,6,SOA001402,981.5000,981.5000,981.5000,1,1,2026-08-24T00:00:00.000
1403,20260530,20260820,47220,354,150,35,54,1,2,SOA001403,982.2000,982.2000,982.2000,1,1,2026-08-24T00:00:00.000
1404,20260722,20260824,50580,57,293,426,210,10,2,SOA001404,982.9000,982.9000,982.9000,1,1,2026-08-24T00:00:00.000
1405,20260720,20260722,30420,496,4,263,311,9,6,SOA001405,983.6000,983.6000,983.6000,1,1,2026-08-24T00:00:00.000
1406,20260709,20260531,24660,98,455,290,217,9,5,SOA001406,984.3000,984.3000,984.3000,1,1,2026-08-24T00:00:00.000
1407,20260719,20260704,53460,314,226,297,85,4,5,SOA001407,985.0000,985.0000,985.0000,1,1,2026-08-24T00:00:00.000
1408,20260629,20260606,69420,405,381,166,273,4,7,SOA001408,985.7000,985.7000,985.7000,1,1,2026-08-24T00:00:00.000
1409,20260707,20260710,1560,182,158,268,188,1,7,SOA001409,986.4000,986.4000,986.4000,1,1,2026-08-24T00:00:00.000
1410,20260805,20260817,32940,311,182,256,190,3,1,SOA001410,987.1000,987.1000,987.1000,1,1,2026-08-24T00:00:00.000
1411,20260821,20260722,17520,403,286,251,186,4,7,SOA001411,987.8000,987.8000,987.8000,1,1,2026-08-24T00:00:00.000
1412,20260608,20260801,35520,341,442,61,106,6,4,SOA001412,988.5000,988.5000,988.5000,1,1,2026-08-24T00:00:00.000
1413,20260812,20260722,77100,301,124,74,75,7,2,SOA001413,989.2000,989.2000,989.2000,1,1,2026-08-24T00:00:00.000
1414,20260809,20260718,29340,338,358,265,261,2,1,SOA001414,989.9000,989.9000,989.9000,1,1,2026-08-24T00:00:00.000
1415,20260630,20260823,56340,240,363,55,342,1,7,SOA001415,990.6000,990.6000,990.6000,1,1,2026-08-24T00:00:00.000
1416,20260805,20260704,32220,163,171,451,184,5,4,SOA001416,991.3000,991.3000,991.3000,1,1,2026-08-24T00:00:00.000
1417,20260811,20260718,22080,190,480,370,226,2,7,SOA001417,992.0000,992.0000,992.0000,1,1,2026-08-24T00:00:00.000
1418,20260717,20260615,4860,494,71,372,238,9,2,SOA001418,992.7000,992.7000,992.7000,1,1,2026-08-24T00:00:00.000
1419,20260622,20260726,30300,92,397,182,21,6,6,SOA001419,993.4000,993.4000,993.4000,1,1,2026-08-24T00:00:00.000
1420,20260803,20260619,20760,378,223,492,303,10,7,SOA001420,994.1000,994.1000,994.1000,1,1,2026-08-24T00:00:00.000
1421,20260723,20260806,50880,41,75,487,179,4,1,SOA001421,994.8000,994.8000,994.8000,1,1,2026-08-24T00:00:00.000
1422,20260722,20260613,32100,316,372,6,252,2,5,SOA001422,995.5000,995.5000,995.5000,1,1,2026-08-24T00:00:00.000
1423,20260812,20260805,30540,176,159,217,173,7,6,SOA001423,996.2000,996.2000,996.2000,1,1,2026-08-24T00:00:00.000
1424,20260612,20260809,60660,293,205,340,217,4,1,SOA001424,996.9000,996.9000,996.9000,1,1,2026-08-24T00:00:00.000
1425,20260614,20260529,75060,371,259,395,2,2,6,SOA001425,997.6000,997.6000,997.6000,1,1,2026-08-24T00:00:00.000
1426,20260718,20260604,64140,150,107,299,337,1,4,SOA001426,998.3000,998.3000,998.3000,1,1,2026-08-24T00:00:00.000
1427,20260621,20260707,15480,217,389,277,198,7,4,SOA001427,999.0000,999.0000,999.0000,1,1,2026-08-24T00:00:00.000
1428,20260813,20260619,54960,429,109,23,11,4,1,SOA001428,999.7000,999.7000,999.7000,1,1,2026-08-24T00:00:00.000
1429,20260810,20260711,61800,258,176,435,348,8,3,SOA001429,0.4000,0.4000,0.4000,1,1,2026-08-24T00:00:00.000
1430,20260824,20260716,23460,278,234,423,20,9,7,SOA001430,1.1000,1.1000,1.1000,1,1,2026-08-24T00:00:00.000
1431,20260812,20260615,54120,105,180,228,187,4,4,SOA001431,1.8000,1.8000,1.8000,1,1,2026-08-24T00:00:00.000
1432,20260610,20260717,47160,79,50,326,332,2,5,SOA001432,2.5000,2.5000,2.5000,1,1,2026-08-24T00:00:00.000
1433,20260804,20260622,19980,469,101,173,88,9,5,SOA001433,3.2000,3.2000,3.2000,1,1,2026-08-24T00:00:00.000
1434,20260809,20260716,58860,70,473,487,22,4,3,SOA001434,3.9000,3.9000,3.9000,1,1,2026-08-24T00:00:00.000
1435,20260630,20260719,11820,476,90,320,319,8,4,SOA001435,4.6000,4.6000,4.6000,1,1,2026-08-24T00:00:00.000
1436,20260714,20260608,32700,280,460,62,206,5,3,SOA001436,5.3000,5.3000,5.3000,1,1,2026-08-24T00:00:00.000
1437,20260609,20260711,54840,260,241,364,299,4,5,SOA001437,6.0000,6.0000,6.0000,1,1,2026-08-24T00:00:00.000
1438,20260624,20260704,16080,91,36,126,83,8,3,SOA001438,6.7000,6.7000,6.7000,1,1,2026-08-24T00:00:00.000
1439,20260713,20260805,81480,185,62,469,74,5,5,SOA001439,7.4000,7.4000,7.4000,1,1,2026-08-24T00:00:00.000
1440,20260706,20260629,60060,28,448,41,128,8,2,SOA001440,8.1000,8.1000,8.1000,1,1,2026-08-24T00:00:00.000
1441,20260824,20260620,15060,358,80,219,178,6,5,SOA001441,8.8000,8.8000,8.8000,1,1,2026-08-24T00:00:00.000
1442,20260629,20260628,29280,494,444,458,245,10,1,SOA001442,9.5000,9.5000,9.5000,1,1,2026-08-24T00:00:00.000
1443,20260808,20260612,17100,206,447,124,335,3,7,SOA001443,10.2000,10.2000,10.2000,1,1,2026-08-24T00:00:00.000
1444,20260725,20260604,13980,487,39,491,70,7,5,SOA001444,10.9000,10.9000,10.9000,1,1,2026-08-24T00:00:00.000
1445,20260616,20260719,8160,82,471,148,75,9,4,SOA001445,11.6000,11.6000,11.6000,1,1,2026-08-24T00:00:00.000
1446,20260609,20260623,25920,152,260,229,218,8,5,SOA001446,12.3000,12.3000,12.3000,1,1,2026-08-24T00:00:00.000
1447,20260613,20260604,6180,294,181,27,17,5,2,SOA001447,13.0000,13.0000,13.0000,1,1,2026-08-24T00:00:00.000
1448,20260529,20260809,71640,91,283,299,72,8,3,SOA001448,13.7000,13.7000,13.7000,1,1,2026-08-24T00:00:00.000
1449,20260531,20260728,36300,420,301,193,322,3,2,SOA001449,14.4000,14.4000,14.4000,1,1,2026-08-24T00:00:00.000
1450,20260805,20260605,62040,39,458,131,51,2,1,SOA001450,15.1000,15.1000,15.1000,1,1,2026-08-24T00:00:00.000
1451,20260803,20260717,72060,244,31,99,319,5,1,SOA001451,15.8000,15.8000,15.8000,1,1,2026-08-24T00:00:00.000
1452,20260824,20260713,56460,237,316,127,5,6,4,SOA001452,16.5000,16.5000,16.5000,1,1,2026-08-24T00:00:00.000
1453,20260703,20260723,14700,455,258,87,152,8,2,SOA001453,17.2000,17.2000,17.2000,1,1,2026-08-24T00:00:00.000
1454,20260726,20260605,78840,12,369,396,305,4,4,SOA001454,17.9000,17.9000,17.9000,1,1,2026-08-24T00:00:00.000
1455,20260718,20260802,48540,458,476,60,197,3,7,SOA001455,18.6000,18.6000,18.6000,1,1,2026-08-24T00:00:00.000
1456,20260706,20260529,72060,441,164,460,294,2,7,SOA001456,19.3000,19.3000,19.3000,1,1,2026-08-24T00:00:00.000
1457,20260614,20260709,70140,427,50,25,141,2,7,SOA001457,20.0000,20.0000,20.0000,1,1,2026-08-24T00:00:00.000
1458,20260610,20260711,83040,49,328,394,253,4,2,SOA001458,20.7000,20.7000,20.7000,1,1,2026-08-24T00:00:00.000
1459,20260612,20260612,5040,50,179,156,257,1,4,SOA001459,21.4000,21.4000,21.4000,1,1,2026-08-24T00:00:00.000
1460,20260712,20260713,64560,440,137,240,305,10,6,SOA001460,22.1000,22.1000,22.1000,1,1,2026-08-24T00:00:00.000
1461,20260610,20260529,3480,185,500,28,213,6,4,SOA001461,22.8000,22.8000,22.8000,1,1,2026-08-24T00:00:00.000
1462,20260806,20260702,64080,303,389,1,297,6,4,SOA001462,23.5000,23.5000,23.5000,1,1,2026-08-24T00:00:00.000
1463,20260715,20260823,34140,453,157,448,252,6,4,SOA001463,24.2000,24.2000,24.2000,1,1,2026-08-24T00:00:00.000
1464,20260728,20260816,72540,378,139,419,61,1,2,SOA001464,24.9000,24.9000,24.9000,1,1,2026-08-24T00:00:00.000
1465,20260811,20260709,10080,244,89,253,88,7,1,SOA001465,25.6000,25.6000,25.6000,1,1,2026-08-24T00:00:00.000
1466,20260820,20260813,63180,453,287,142,37,2,5,SOA001466,26.3000,26.3000,26.3000,1,1,2026-08-24T00:00:00.000
1467,20260530,20260804,78780,133,414,205,160,2,5,SOA001467,27.0000,27.0000,27.0000,1,1,2026-08-24T00:00:00.000
1468,20260610,20260629,24480,468,368,178,36,6,6,SOA001468,27.7000,27.7000,27.7000,1,1,2026-08-24T00:00:00.000
1469,20260723,20260822,51720,207,90,374,112,5,3,SOA001469,28.4000,28.4000,28.4000,1,1,2026-08-24T00:00:00.000
1470,20260804,20260528,57960,54,190,229,285,1,5,SOA001470,29.1000,29.1000,29.1000,1,1,2026-08-24T00:00:00.000
1471,20260728,20260705,69780,43,497,285,49,7,4,SOA001471,29.8000,29.8000,29.8000,1,1,2026-08-24T00:00:00.000
1472,20260817,20260706,21300,61,396,302,41,6,3,SOA001472,30.5000,30.5000,30.5000,1,1,2026-08-24T00:00:00.000
1473,20260729,20260807,63420,408,261,478,23,7,1,SOA001473,31.2000,31.2000,31.2000,1,1,2026-08-24T00:00:00.000
1474,20260704,20260623,55680,343,221,283,241,3,6,SOA001474,31.9000,31.9000,31.9000,1,1,2026-08-24T00:00:00.000
1475,20260819,20260809,50760,296,268,473,234,5,2,SOA001475,32.6000,32.6000,32.6000,1,1,2026-08-24T00:00:00.000
1476,20260724,20260801,13920,182,264,420,256,4,5,SOA001476,33.3000,33.3000,33.3000,1,1,2026-08-24T00:00:00.000
1477,20260804,20260605,81420,185,152,265,293,7,3,SOA001477,34.0000,34.0000,34.0000,1,1,2026-08-24T00:00:00.000
1478,20260801,20260807,41520,95,409,232,53,4,2,SOA001478,34.7000,34.7000,34.7000,1,1,2026-08-24T00:00:00.000
1479,20260802,20260703,11580,279,30,475,284,8,3,SOA001479,35.4000,35.4000,35.4000,1,1,2026-08-24T00:00:00.000
1480,20260616,20260715,70560,167,311,203,107,6,1,SOA001480,36.1000,36.1000,36.1000,1,1,2026-08-24T00:00:00.000
1481,20260816,20260701,9300,345,13,227,188,7,1,SOA001481,36.8000,36.8000,36.8000,1,1,2026-08-24T00:00:00.000
1482,20260618,20260704,7080,87,476,423,23,7,1,SOA001482,37.5000,37.5000,37.5000,1,1,2026-08-24T00:00:00.000
1483,20260804,20260729,26280,286,422,167,187,8,6,SOA001483,38.2000,38.2000,38.2000,1,1,2026-08-24T00:00:00.000
1484,20260728,20260723,77160,213,376,250,301,7,6,SOA001484,38.9000,38.9000,38.9000,1,1,2026-08-24T00:00:00.000
1485,20260601,20260801,43800,243,482,390,238,10,5,SOA001485,39.6000,39.6000,39.6000,1,1,2026-08-24T00:00:00.000
1486,20260607,20260817,15360,282,173,71,227,5,5,SOA001486,40.3000,40.3000,40.3000,1,1,2026-08-24T00:00:00.000
1487,20260629,20260628,63780,403,402,68,20,7,5,SOA001487,41.0000,41.0000,41.0000,1,1,2026-08-24T00:00:00.000
1488,20260531,20260530,7800,315,12,146,218,9,4,SOA001488,41.7000,41.7000,41.7000,1,1,2026-08-24T00:00:00.000
1489,20260701,20260706,26040,499,277,451,286,1,3,SOA001489,42.4000,42.4000,42.4000,1,1,2026-08-24T00:00:00.000
1490,20260803,20260806,17040,395,104,384,150,7,5,SOA001490,43.1000,43.1000,43.1000,1,1,2026-08-24T00:00:00.000
1491,20260804,20260615,38520,197,356,408,337,8,1,SOA001491,43.8000,43.8000,43.8000,1,1,2026-08-24T00:00:00.000
1492,20260604,20260624,36000,250,289,357,41,6,3,SOA001492,44.5000,44.5000,44.5000,1,1,2026-08-24T00:00:00.000
1493,20260701,20260801,22440,350,348,28,112,9,5,SOA001493,45.2000,45.2000,45.2000,1,1,2026-08-24T00:00:00.000
1494,20260719,20260819,54900,219,473,438,155,1,3,SOA001494,45.9000,45.9000,45.9000,1,1,2026-08-24T00:00:00.000
1495,20260530,20260806,85500,463,272,453,115,9,3,SOA001495,46.6000,46.6000,46.6000,1,1,2026-08-24T00:00:00.000
1496,20260713,20260622,3600,346,217,139,340,3,6,SOA001496,47.3000,47.3000,47.3000,1,1,2026-08-24T00:00:00.000
1497,20260528,20260608,84060,325,322,398,156,6,4,SOA001497,48.0000,48.0000,48.0000,1,1,2026-08-24T00:00:00.000
1498,20260605,20260708,9060,327,267,246,182,1,1,SOA001498,48.7000,48.7000,48.7000,1,1,2026-08-24T00:00:00.000
1499,20260722,20260801,45600,415,498,490,15,9,6,SOA001499,49.4000,49.4000,49.4000,1,1,2026-08-24T00:00:00.000
1500,20260717,20260530,43260,290,441,83,141,10,6,SOA001500,50.1000,50.1000,50.1000,1,1,2026-08-24T00:00:00.000
1501,20260620,20260603,44040,241,139,126,109,3,2,SOA001501,50.8000,50.8000,50.8000,1,1,2026-08-24T00:00:00.000
1502,20260615,20260615,1020,18,499,364,241,3,7,SOA001502,51.5000,51.5000,51.5000,1,1,2026-08-24T00:00:00.000
1503,20260818,20260709,35640,211,115,456,200,4,5,SOA001503,52.2000,52.2000,52.2000,1,1,2026-08-24T00:00:00.000
1504,20260726,20260710,71100,144,317,109,85,3,5,SOA001504,52.9000,52.9000,52.9000,1,1,2026-08-24T00:00:00.000
1505,20260607,20260817,82980,100,53,254,117,5,5,SOA001505,53.6000,53.6000,53.6000,1,1,2026-08-24T00:00:00.000
1506,20260630,20260725,5340,82,299,111,141,8,4,SOA001506,54.3000,54.3000,54.3000,1,1,2026-08-24T00:00:00.000
1507,20260629,20260601,53160,475,409,28,166,8,5,SOA001507,55.0000,55.0000,55.0000,1,1,2026-08-24T00:00:00.000
1508,20260813,20260620,1500,481,338,338,247,1,6,SOA001508,55.7000,55.7000,55.7000,1,1,2026-08-24T00:00:00.000
1509,20260714,20260620,17760,39,127,218,344,3,4,SOA001509,56.4000,56.4000,56.4000,1,1,2026-08-24T00:00:00.000
1510,20260703,20260705,900,97,54,406,104,10,6,SOA001510,57.1000,57.1000,57.1000,1,1,2026-08-24T00:00:00.000
1511,20260724,20260629,54300,278,197,159,88,6,4,SOA001511,57.8000,57.8000,57.8000,1,1,2026-08-24T00:00:00.000
1512,20260720,20260701,41280,413,146,196,176,6,1,SOA001512,58.5000,58.5000,58.5000,1,1,2026-08-24T00:00:00.000
1513,20260531,20260622,22740,283,211,258,130,3,3,SOA001513,59.2000,59.2000,59.2000,1,1,2026-08-24T00:00:00.000
1514,20260708,20260718,68820,180,104,164,1,8,1,SOA001514,59.9000,59.9000,59.9000,1,1,2026-08-24T00:00:00.000
1515,20260625,20260715,79140,136,374,407,286,5,4,SOA001515,60.6000,60.6000,60.6000,1,1,2026-08-24T00:00:00.000
1516,20260613,20260708,58800,349,422,201,181,4,1,SOA001516,61.3000,61.3000,61.3000,1,1,2026-08-24T00:00:00.000
1517,20260608,20260621,76620,217,230,162,246,6,6,SOA001517,62.0000,62.0000,62.0000,1,1,2026-08-24T00:00:00.000
1518,20260815,20260708,12960,362,127,325,268,10,3,SOA001518,62.7000,62.7000,62.7000,1,1,2026-08-24T00:00:00.000
1519,20260602,20260615,9000,300,480,127,275,9,4,SOA001519,63.4000,63.4000,63.4000,1,1,2026-08-24T00:00:00.000
1520,20260627,20260708,44160,117,177,357,181,10,4,SOA001520,64.1000,64.1000,64.1000,1,1,2026-08-24T00:00:00.000
1521,20260806,20260707,26640,312,370,150,150,10,1,SOA001521,64.8000,64.8000,64.8000,1,1,2026-08-24T00:00:00.000
1522,20260703,20260624,65880,288,86,111,280,2,7,SOA001522,65.5000,65.5000,65.5000,1,1,2026-08-24T00:00:00.000
1523,20260531,20260717,50940,12,470,139,77,5,6,SOA001523,66.2000,66.2000,66.2000,1,1,2026-08-24T00:00:00.000
1524,20260611,20260725,44880,449,165,428,200,10,1,SOA001524,66.9000,66.9000,66.9000,1,1,2026-08-24T00:00:00.000
1525,20260709,20260605,59400,1,187,317,117,5,7,SOA001525,67.6000,67.6000,67.6000,1,1,2026-08-24T00:00:00.000
1526,20260531,20260629,49740,16,130,61,80,6,1,SOA001526,68.3000,68.3000,68.3000,1,1,2026-08-24T00:00:00.000
1527,20260814,20260728,15540,173,498,490,147,1,1,SOA001527,69.0000,69.0000,69.0000,1,1,2026-08-24T00:00:00.000
1528,20260712,20260727,14820,1,216,16,289,8,3,SOA001528,69.7000,69.7000,69.7000,1,1,2026-08-24T00:00:00.000
1529,20260824,20260611,70620,489,183,106,111,9,6,SOA001529,70.4000,70.4000,70.4000,1,1,2026-08-24T00:00:00.000
1530,20260531,20260613,12960,30,305,206,169,9,5,SOA001530,71.1000,71.1000,71.1000,1,1,2026-08-24T00:00:00.000
1531,20260709,20260610,12840,123,117,311,115,4,2,SOA001531,71.8000,71.8000,71.8000,1,1,2026-08-24T00:00:00.000
1532,20260806,20260625,13140,248,385,233,246,9,3,SOA001532,72.5000,72.5000,72.5000,1,1,2026-08-24T00:00:00.000
1533,20260626,20260717,4620,72,24,174,70,7,1,SOA001533,73.2000,73.2000,73.2000,1,1,2026-08-24T00:00:00.000
1534,20260807,20260627,66540,234,35,110,71,2,7,SOA001534,73.9000,73.9000,73.9000,1,1,2026-08-24T00:00:00.000
1535,20260616,20260722,56280,66,369,310,134,2,2,SOA001535,74.6000,74.6000,74.6000,1,1,2026-08-24T00:00:00.000
1536,20260817,20260527,84660,418,332,310,119,6,1,SOA001536,75.3000,75.3000,75.3000,1,1,2026-08-24T00:00:00.000
1537,20260726,20260630,20160,375,423,479,246,7,2,SOA001537,76.0000,76.0000,76.0000,1,1,2026-08-24T00:00:00.000
1538,20260608,20260616,49500,435,424,209,3,8,4,SOA001538,76.7000,76.7000,76.7000,1,1,2026-08-24T00:00:00.000
1539,20260528,20260530,70500,390,137,195,325,1,3,SOA001539,77.4000,77.4000,77.4000,1,1,2026-08-24T00:00:00.000
1540,20260608,20260729,57060,362,172,171,238,2,1,SOA001540,78.1000,78.1000,78.1000,1,1,2026-08-24T00:00:00.000
1541,20260618,20260709,47400,397,209,258,254,8,3,SOA001541,78.8000,78.8000,78.8000,1,1,2026-08-24T00:00:00.000
1542,20260807,20260603,44460,17,1,463,317,8,4,SOA001542,79.5000,79.5000,79.5000,1,1,2026-08-24T00:00:00.000
1543,20260608,20260602,79680,174,402,405,42,4,7,SOA001543,80.2000,80.2000,80.2000,1,1,2026-08-24T00:00:00.000
1544,20260815,20260614,21840,444,461,434,243,7,4,SOA001544,80.9000,80.9000,80.9000,1,1,2026-08-24T00:00:00.000
1545,20260801,20260708,8880,135,223,231,148,3,3,SOA001545,81.6000,81.6000,81.6000,1,1,2026-08-24T00:00:00.000
1546,20260612,20260630,75480,253,182,297,209,6,4,SOA001546,82.3000,82.3000,82.3000,1,1,2026-08-24T00:00:00.000
1547,20260806,20260713,47340,394,409,418,222,4,4,SOA001547,83.0000,83.0000,83.0000,1,1,2026-08-24T00:00:00.000
1548,20260614,20260528,53640,46,183,437,23,1,1,SOA001548,83.7000,83.7000,83.7000,1,1,2026-08-24T00:00:00.000
1549,20260802,20260808,23340,239,39,491,193,9,4,SOA001549,84.4000,84.4000,84.4000,1,1,2026-08-24T00:00:00.000
1550,20260705,20260618,19260,141,199,229,13,1,1,SOA001550,85.1000,85.1000,85.1000,1,1,2026-08-24T00:00:00.000
1551,20260626,20260527,38940,469,91,316,130,7,1,SOA001551,85.8000,85.8000,85.8000,1,1,2026-08-24T00:00:00.000
1552,20260720,20260720,2280,200,114,426,182,1,7,SOA001552,86.5000,86.5000,86.5000,1,1,2026-08-24T00:00:00.000
1553,20260607,20260716,13800,39,395,127,340,4,5,SOA001553,87.2000,87.2000,87.2000,1,1,2026-08-24T00:00:00.000
1554,20260716,20260726,35160,238,220,251,169,5,1,SOA001554,87.9000,87.9000,87.9000,1,1,2026-08-24T00:00:00.000
1555,20260615,20260628,6120,123,28,291,54,3,2,SOA001555,88.6000,88.6000,88.6000,1,1,2026-08-24T00:00:00.000
1556,20260708,20260627,39240,399,58,402,210,9,6,SOA001556,89.3000,89.3000,89.3000,1,1,2026-08-24T00:00:00.000
1557,20260705,20260705,27300,415,141,285,33,9,4,SOA001557,90.0000,90.0000,90.0000,1,1,2026-08-24T00:00:00.000
1558,20260726,20260705,54780,341,447,3,217,2,3,SOA001558,90.7000,90.7000,90.7000,1,1,2026-08-24T00:00:00.000
1559,20260722,20260528,16200,489,372,358,137,6,6,SOA001559,91.4000,91.4000,91.4000,1,1,2026-08-24T00:00:00.000
1560,20260713,20260626,81360,301,54,282,244,1,5,SOA001560,92.1000,92.1000,92.1000,1,1,2026-08-24T00:00:00.000
1561,20260711,20260624,26160,96,303,480,236,3,6,SOA001561,92.8000,92.8000,92.8000,1,1,2026-08-24T00:00:00.000
1562,20260530,20260527,36660,182,291,29,232,1,6,SOA001562,93.5000,93.5000,93.5000,1,1,2026-08-24T00:00:00.000
1563,20260817,20260805,11820,223,313,258,132,3,6,SOA001563,94.2000,94.2000,94.2000,1,1,2026-08-24T00:00:00.000
1564,20260701,20260807,18000,202,273,80,96,4,7,SOA001564,94.9000,94.9000,94.9000,1,1,2026-08-24T00:00:00.000
1565,20260712,20260824,16800,101,109,123,159,7,1,SOA001565,95.6000,95.6000,95.6000,1,1,2026-08-24T00:00:00.000
1566,20260807,20260712,74100,244,323,155,325,7,7,SOA001566,96.3000,96.3000,96.3000,1,1,2026-08-24T00:00:00.000
1567,20260711,20260716,31680,211,168,468,22,8,3,SOA001567,97.0000,97.0000,97.0000,1,1,2026-08-24T00:00:00.000
1568,20260801,20260702,55980,326,276,44,68,6,6,SOA001568,97.7000,97.7000,97.7000,1,1,2026-08-24T00:00:00.000
1569,20260819,20260620,16200,312,327,339,334,10,5,SOA001569,98.4000,98.4000,98.4000,1,1,2026-08-24T00:00:00.000
1570,20260803,20260529,77160,50,176,267,33,4,6,SOA001570,99.1000,99.1000,99.1000,1,1,2026-08-24T00:00:00.000
1571,20260716,20260620,63180,370,333,456,14,10,7,SOA001571,99.8000,99.8000,99.8000,1,1,2026-08-24T00:00:00.000
1572,20260613,20260711,71280,409,409,319,118,9,4,SOA001572,100.5000,100.5000,100.5000,1,1,2026-08-24T00:00:00.000
1573,20260627,20260812,59340,97,76,205,275,9,4,SOA001573,101.2000,101.2000,101.2000,1,1,2026-08-24T00:00:00.000
1574,20260604,20260606,57840,259,264,143,245,10,7,SOA001574,101.9000,101.9000,101.9000,1,1,2026-08-24T00:00:00.000
1575,20260815,20260530,45540,361,466,151,151,6,6,SOA001575,102.6000,102.6000,102.6000,1,1,2026-08-24T00:00:00.000
1576,20260619,20260527,20760,146,321,402,43,6,6,SOA001576,103.3000,103.3000,103.3000,1,1,2026-08-24T00:00:00.000
1577,20260609,20260612,66780,495,186,110,76,5,4,SOA001577,104.0000,104.0000,104.0000,1,1,2026-08-24T00:00:00.000
1578,20260705,20260809,33600,342,320,477,217,4,4,SOA001578,104.7000,104.7000,104.7000,1,1,2026-08-24T00:00:00.000
1579,20260717,20260721,180,117,207,386,165,3,7,SOA001579,105.4000,105.4000,105.4000,1,1,2026-08-24T00:00:00.000
1580,20260622,20260615,59520,458,341,188,109,3,1,SOA001580,106.1000,106.1000,106.1000,1,1,2026-08-24T00:00:00.000
1581,20260622,20260813,72720,186,410,275,343,9,5,SOA001581,106.8000,106.8000,106.8000,1,1,2026-08-24T00:00:00.000
1582,20260725,20260625,48660,127,403,479,41,6,3,SOA001582,107.5000,107.5000,107.5000,1,1,2026-08-24T00:00:00.000
1583,20260722,20260617,40800,407,313,5,325,5,3,SOA001583,108.2000,108.2000,108.2000,1,1,2026-08-24T00:00:00.000
1584,20260614,20260714,69840,102,463,212,159,3,5,SOA001584,108.9000,108.9000,108.9000,1,1,2026-08-24T00:00:00.000
1585,20260701,20260725,74700,424,145,175,327,9,7,SOA001585,109.6000,109.6000,109.6000,1,1,2026-08-24T00:00:00.000
1586,20260609,20260723,27360,257,59,90,70,4,7,SOA001586,110.3000,110.3000,110.3000,1,1,2026-08-24T00:00:00.000
1587,20260704,20260626,56700,288,309,290,178,4,2,SOA001587,111.0000,111.0000,111.0000,1,1,2026-08-24T00:00:00.000
1588,20260628,20260723,29340,385,341,76,43,3,7,SOA001588,111.7000,111.7000,111.7000,1,1,2026-08-24T00:00:00.000
1589,20260627,20260710,56880,121,470,439,329,3,1,SOA001589,112.4000,112.4000,112.4000,1,1,2026-08-24T00:00:00.000
1590,20260718,20260604,16440,95,371,118,296,8,2,SOA001590,113.1000,113.1000,113.1000,1,1,2026-08-24T00:00:00.000
1591,20260805,20260726,24360,325,241,362,271,5,1,SOA001591,113.8000,113.8000,113.8000,1,1,2026-08-24T00:00:00.000
1592,20260730,20260617,29280,420,439,76,78,10,1,SOA001592,114.5000,114.5000,114.5000,1,1,2026-08-24T00:00:00.000
1593,20260823,20260607,58440,487,71,288,124,1,5,SOA001593,115.2000,115.2000,115.2000,1,1,2026-08-24T00:00:00.000
1594,20260815,20260607,40140,134,226,339,297,7,6,SOA001594,115.9000,115.9000,115.9000,1,1,2026-08-24T00:00:00.000
1595,20260721,20260819,44520,131,257,140,268,3,6,SOA001595,116.6000,116.6000,116.6000,1,1,2026-08-24T00:00:00.000
1596,20260819,20260724,81120,297,119,476,222,8,4,SOA001596,117.3000,117.3000,117.3000,1,1,2026-08-24T00:00:00.000
1597,20260818,20260621,17640,56,341,249,287,3,4,SOA001597,118.0000,118.0000,118.0000,1,1,2026-08-24T00:00:00.000
1598,20260712,20260715,44520,104,335,310,348,6,3,SOA001598,118.7000,118.7000,118.7000,1,1,2026-08-24T00:00:00.000
1599,20260714,20260807,52020,124,44,207,294,8,6,SOA001599,119.4000,119.4000,119.4000,1,1,2026-08-24T00:00:00.000
1600,20260716,20260817,82620,482,247,465,28,4,2,SOA001600,120.1000,120.1000,120.1000,1,1,2026-08-24T00:00:00.000
1601,20260721,20260616,70740,212,286,104,105,8,4,SOA001601,120.8000,120.8000,120.8000,1,1,2026-08-24T00:00:00.000
1602,20260531,20260602,31380,363,87,143,73,1,7,SOA001602,121.5000,121.5000,121.5000,1,1,2026-08-24T00:00:00.000
1603,20260806,20260613,83520,283,471,36,191,2,7,SOA001603,122.2000,122.2000,122.2000,1,1,2026-08-24T00:00:00.000
1604,20260618,20260703,48300,496,27,23,163,1,4,SOA001604,122.9000,122.9000,122.9000,1,1,2026-08-24T00:00:00.000
1605,20260617,20260606,53520,165,97,239,278,6,7,SOA001605,123.6000,123.6000,123.6000,1,1,2026-08-24T00:00:00.000
1606,20260601,20260617,33900,74,177,57,47,5,5,SOA001606,124.3000,124.3000,124.3000,1,1,2026-08-24T00:00:00.000
1607,20260616,20260704,33480,276,250,5,227,6,7,SOA001607,125.0000,125.0000,125.0000,1,1,2026-08-24T00:00:00.000
1608,20260603,20260719,76080,46,326,321,125,10,3,SOA001608,125.7000,125.7000,125.7000,1,1,2026-08-24T00:00:00.000
1609,20260604,20260611,3120,224,468,81,234,10,2,SOA001609,126.4000,126.4000,126.4000,1,1,2026-08-24T00:00:00.000
1610,20260821,20260707,54780,386,48,198,275,10,7,SOA001610,127.1000,127.1000,127.1000,1,1,2026-08-24T00:00:00.000
1611,20260704,20260607,23700,5,229,497,112,6,3,SOA001611,127.8000,127.8000,127.8000,1,1,2026-08-24T00:00:00.000
1612,20260803,20260614,55680,6,237,489,124,3,3,SOA001612,128.5000,128.5000,128.5000,1,1,2026-08-24T00:00:00.000
1613,20260801,20260820,78120,270,281,196,236,5,3,SOA001613,129.2000,129.2000,129.2000,1,1,2026-08-24T00:00:00.000
1614,20260824,20260605,18840,234,72,93,54,9,7,SOA001614,129.9000,129.9000,129.9000,1,1,2026-08-24T00:00:00.000
1615,20260720,20260610,61620,221,213,236,237,7,6,SOA001615,130.6000,130.6000,130.6000,1,1,2026-08-24T00:00:00.000
1616,20260605,20260802,32460,455,466,290,157,9,7,SOA001616,131.3000,131.3000,131.3000,1,1,2026-08-24T00:00:00.000
1617,20260721,20260707,13860,273,305,195,293,3,7,SOA001617,132.0000,132.0000,132.0000,1,1,2026-08-24T00:00:00.000
1618,20260604,20260627,52140,4,177,379,154,1,2,SOA001618,132.7000,132.7000,132.7000,1,1,2026-08-24T00:00:00.000
1619,20260819,20260615,39060,345,25,436,153,1,5,SOA001619,133.4000,133.4000,133.4000,1,1,2026-08-24T00:00:00.000
1620,20260711,20260720,2400,475,401,37,247,1,3,SOA001620,134.1000,134.1000,134.1000,1,1,2026-08-24T00:00:00.000
1621,20260625,20260717,19260,40,150,20,189,7,6,SOA001621,134.8000,134.8000,134.8000,1,1,2026-08-24T00:00:00.000
1622,20260821,20260622,52860,459,188,213,28,10,5,SOA001622,135.5000,135.5000,135.5000,1,1,2026-08-24T00:00:00.000
1623,20260606,20260721,65640,358,499,2,35,6,3,SOA001623,136.2000,136.2000,136.2000,1,1,2026-08-24T00:00:00.000
1624,20260817,20260628,13860,47,491,110,157,2,5,SOA001624,136.9000,136.9000,136.9000,1,1,2026-08-24T00:00:00.000
1625,20260815,20260609,5760,172,127,45,193,4,3,SOA001625,137.6000,137.6000,137.6000,1,1,2026-08-24T00:00:00.000
1626,20260721,20260608,66900,251,372,182,133,9,6,SOA001626,138.3000,138.3000,138.3000,1,1,2026-08-24T00:00:00.000
1627,20260610,20260711,5940,392,349,494,126,3,4,SOA001627,139.0000,139.0000,139.0000,1,1,2026-08-24T00:00:00.000
1628,20260708,20260604,24000,46,183,365,118,3,2,SOA001628,139.7000,139.7000,139.7000,1,1,2026-08-24T00:00:00.000
1629,20260609,20260706,83280,417,61,319,82,7,7,SOA001629,140.4000,140.4000,140.4000,1,1,2026-08-24T00:00:00.000
1630,20260724,20260613,35880,95,250,341,292,10,6,SOA001630,141.1000,141.1000,141.1000,1,1,2026-08-24T00:00:00.000
1631,20260608,20260727,44160,404,98,13,276,3,7,SOA001631,141.8000,141.8000,141.8000,1,1,2026-08-24T00:00:00.000
1632,20260720,20260531,61440,285,307,384,158,9,2,SOA001632,142.5000,142.5000,142.5000,1,1,2026-08-24T00:00:00.000
1633,20260608,20260610,51660,290,3,39,23,7,6,SOA001633,143.2000,143.2000,143.2000,1,1,2026-08-24T00:00:00.000
1634,20260812,20260813,29580,275,430,229,200,2,5,SOA001634,143.9000,143.9000,143.9000,1,1,2026-08-24T00:00:00.000
1635,20260710,20260626,74340,87,325,203,56,4,3,SOA001635,144.6000,144.6000,144.6000,1,1,2026-08-24T00:00:00.000
1636,20260613,20260808,36420,484,163,213,126,9,4,SOA001636,145.3000,145.3000,145.3000,1,1,2026-08-24T00:00:00.000
1637,20260606,20260729,66420,385,53,20,68,4,4,SOA001637,146.0000,146.0000,146.0000,1,1,2026-08-24T00:00:00.000
1638,20260630,20260621,59520,371,191,465,44,8,7,SOA001638,146.7000,146.7000,146.7000,1,1,2026-08-24T00:00:00.000
1639,20260621,20260812,24660,361,420,17,58,9,3,SOA001639,147.4000,147.4000,147.4000,1,1,2026-08-24T00:00:00.000
1640,20260727,20260801,37980,379,177,5,242,4,2,SOA001640,148.1000,148.1000,148.1000,1,1,2026-08-24T00:00:00.000
1641,20260806,20260801,9840,402,63,380,61,3,6,SOA001641,148.8000,148.8000,148.8000,1,1,2026-08-24T00:00:00.000
1642,20260706,20260611,4020,261,384,138,116,6,2,SOA001642,149.5000,149.5000,149.5000,1,1,2026-08-24T00:00:00.000
1643,20260629,20260811,41100,109,403,254,45,1,7,SOA001643,150.2000,150.2000,150.2000,1,1,2026-08-24T00:00:00.000
1644,20260815,20260602,64800,197,371,66,214,6,5,SOA001644,150.9000,150.9000,150.9000,1,1,2026-08-24T00:00:00.000
1645,20260601,20260605,29220,129,207,303,287,1,3,SOA001645,151.6000,151.6000,151.6000,1,1,2026-08-24T00:00:00.000
1646,20260817,20260818,26880,381,287,430,154,1,1,SOA001646,152.3000,152.3000,152.3000,1,1,2026-08-24T00:00:00.000
1647,20260618,20260807,24300,278,342,34,299,10,5,SOA001647,153.0000,153.0000,153.0000,1,1,2026-08-24T00:00:00.000
1648,20260609,20260627,22020,266,270,19,309,8,2,SOA001648,153.7000,153.7000,153.7000,1,1,2026-08-24T00:00:00.000
1649,20260715,20260630,18000,293,477,260,349,4,7,SOA001649,154.4000,154.4000,154.4000,1,1,2026-08-24T00:00:00.000
1650,20260720,20260702,30660,311,76,326,120,5,5,SOA001650,155.1000,155.1000,155.1000,1,1,2026-08-24T00:00:00.000
1651,20260616,20260803,57060,458,340,68,232,2,4,SOA001651,155.8000,155.8000,155.8000,1,1,2026-08-24T00:00:00.000
1652,20260624,20260824,3900,4,116,254,310,9,5,SOA001652,156.5000,156.5000,156.5000,1,1,2026-08-24T00:00:00.000
1653,20260805,20260622,11640,23,231,90,181,9,3,SOA001653,157.2000,157.2000,157.2000,1,1,2026-08-24T00:00:00.000
1654,20260808,20260818,84540,328,488,277,227,8,7,SOA001654,157.9000,157.9000,157.9000,1,1,2026-08-24T00:00:00.000
1655,20260728,20260817,29280,484,62,434,40,6,7,SOA001655,158.6000,158.6000,158.6000,1,1,2026-08-24T00:00:00.000
1656,20260809,20260621,2040,243,315,431,338,7,3,SOA001656,159.3000,159.3000,159.3000,1,1,2026-08-24T00:00:00.000
1657,20260812,20260603,59580,159,359,354,56,1,1,SOA001657,160.0000,160.0000,160.0000,1,1,2026-08-24T00:00:00.000
1658,20260615,20260610,82320,157,65,40,273,9,4,SOA001658,160.7000,160.7000,160.7000,1,1,2026-08-24T00:00:00.000
1659,20260704,20260705,26400,192,250,140,311,6,1,SOA001659,161.4000,161.4000,161.4000,1,1,2026-08-24T00:00:00.000
1660,20260822,20260622,7020,27,277,463,84,2,2,SOA001660,162.1000,162.1000,162.1000,1,1,2026-08-24T00:00:00.000
1661,20260618,20260530,62580,302,451,356,255,8,5,SOA001661,162.8000,162.8000,162.8000,1,1,2026-08-24T00:00:00.000
1662,20260527,20260720,54120,199,183,111,13,6,5,SOA001662,163.5000,163.5000,163.5000,1,1,2026-08-24T00:00:00.000
1663,20260619,20260810,65820,333,460,425,265,2,4,SOA001663,164.2000,164.2000,164.2000,1,1,2026-08-24T00:00:00.000
1664,20260806,20260808,63420,129,410,126,11,10,7,SOA001664,164.9000,164.9000,164.9000,1,1,2026-08-24T00:00:00.000
1665,20260819,20260710,69300,73,53,273,12,8,3,SOA001665,165.6000,165.6000,165.6000,1,1,2026-08-24T00:00:00.000
1666,20260622,20260624,56760,430,165,460,237,8,3,SOA001666,166.3000,166.3000,166.3000,1,1,2026-08-24T00:00:00.000
1667,20260716,20260811,30600,268,172,227,242,6,6,SOA001667,167.0000,167.0000,167.0000,1,1,2026-08-24T00:00:00.000
1668,20260713,20260712,19560,364,399,224,98,6,5,SOA001668,167.7000,167.7000,167.7000,1,1,2026-08-24T00:00:00.000
1669,20260728,20260715,61500,190,253,40,85,5,6,SOA001669,168.4000,168.4000,168.4000,1,1,2026-08-24T00:00:00.000
1670,20260718,20260703,1140,498,155,307,249,7,2,SOA001670,169.1000,169.1000,169.1000,1,1,2026-08-24T00:00:00.000
1671,20260806,20260627,53280,446,297,285,76,4,6,SOA001671,169.8000,169.8000,169.8000,1,1,2026-08-24T00:00:00.000
1672,20260805,20260621,21540,336,464,126,74,5,1,SOA001672,170.5000,170.5000,170.5000,1,1,2026-08-24T00:00:00.000
1673,20260527,20260703,84540,189,188,321,14,2,5,SOA001673,171.2000,171.2000,171.2000,1,1,2026-08-24T00:00:00.000
1674,20260720,20260716,75300,478,397,435,241,6,3,SOA001674,171.9000,171.9000,171.9000,1,1,2026-08-24T00:00:00.000
1675,20260601,20260730,80040,167,154,202,8,5,5,SOA001675,172.6000,172.6000,172.6000,1,1,2026-08-24T00:00:00.000
1676,20260531,20260722,30840,51,339,409,88,2,2,SOA001676,173.3000,173.3000,173.3000,1,1,2026-08-24T00:00:00.000
1677,20260609,20260607,8040,91,210,59,208,9,7,SOA001677,174.0000,174.0000,174.0000,1,1,2026-08-24T00:00:00.000
1678,20260615,20260623,11820,250,209,186,169,4,1,SOA001678,174.7000,174.7000,174.7000,1,1,2026-08-24T00:00:00.000
1679,20260604,20260729,21780,71,110,410,33,5,3,SOA001679,175.4000,175.4000,175.4000,1,1,2026-08-24T00:00:00.000
1680,20260620,20260703,31260,79,432,57,239,6,3,SOA001680,176.1000,176.1000,176.1000,1,1,2026-08-24T00:00:00.000
1681,20260815,20260703,39900,149,389,279,139,4,6,SOA001681,176.8000,176.8000,176.8000,1,1,2026-08-24T00:00:00.000
1682,20260819,20260702,60720,184,432,99,159,3,2,SOA001682,177.5000,177.5000,177.5000,1,1,2026-08-24T00:00:00.000
1683,20260608,20260728,76620,164,269,150,45,5,6,SOA001683,178.2000,178.2000,178.2000,1,1,2026-08-24T00:00:00.000
1684,20260702,20260701,52620,205,70,15,254,4,4,SOA001684,178.9000,178.9000,178.9000,1,1,2026-08-24T00:00:00.000
1685,20260720,20260811,65520,40,162,300,151,7,3,SOA001685,179.6000,179.6000,179.6000,1,1,2026-08-24T00:00:00.000
1686,20260614,20260628,34020,369,125,24,92,5,4,SOA001686,180.3000,180.3000,180.3000,1,1,2026-08-24T00:00:00.000
1687,20260622,20260730,15480,475,149,81,333,3,2,SOA001687,181.0000,181.0000,181.0000,1,1,2026-08-24T00:00:00.000
1688,20260824,20260624,3600,333,54,194,248,5,3,SOA001688,181.7000,181.7000,181.7000,1,1,2026-08-24T00:00:00.000
1689,20260811,20260628,69600,448,71,257,83,1,4,SOA001689,182.4000,182.4000,182.4000,1,1,2026-08-24T00:00:00.000
1690,20260712,20260529,11520,338,287,480,345,5,7,SOA001690,183.1000,183.1000,183.1000,1,1,2026-08-24T00:00:00.000
1691,20260610,20260806,13140,204,133,483,166,5,1,SOA001691,183.8000,183.8000,183.8000,1,1,2026-08-24T00:00:00.000
1692,20260802,20260824,15840,99,310,97,326,8,5,SOA001692,184.5000,184.5000,184.5000,1,1,2026-08-24T00:00:00.000
1693,20260805,20260701,4920,241,426,24,212,1,5,SOA001693,185.2000,185.2000,185.2000,1,1,2026-08-24T00:00:00.000
1694,20260630,20260603,36300,64,22,308,173,8,4,SOA001694,185.9000,185.9000,185.9000,1,1,2026-08-24T00:00:00.000
1695,20260626,20260811,34140,169,8,366,304,7,3,SOA001695,186.6000,186.6000,186.6000,1,1,2026-08-24T00:00:00.000
1696,20260529,20260729,59700,447,495,397,53,5,2,SOA001696,187.3000,187.3000,187.3000,1,1,2026-08-24T00:00:00.000
1697,20260611,20260609,30840,22,57,192,207,6,2,SOA001697,188.0000,188.0000,188.0000,1,1,2026-08-24T00:00:00.000
1698,20260731,20260719,80220,27,338,4,339,4,6,SOA001698,188.7000,188.7000,188.7000,1,1,2026-08-24T00:00:00.000
1699,20260813,20260716,26520,280,426,16,167,3,6,SOA001699,189.4000,189.4000,189.4000,1,1,2026-08-24T00:00:00.000
1700,20260813,20260604,49800,128,370,299,159,6,7,SOA001700,190.1000,190.1000,190.1000,1,1,2026-08-24T00:00:00.000
1701,20260625,20260729,76500,454,93,303,249,6,7,SOA001701,190.8000,190.8000,190.8000,1,1,2026-08-24T00:00:00.000
1702,20260626,20260531,62400,474,317,308,116,10,3,SOA001702,191.5000,191.5000,191.5000,1,1,2026-08-24T00:00:00.000
1703,20260705,20260607,39060,100,303,328,141,10,2,SOA001703,192.2000,192.2000,192.2000,1,1,2026-08-24T00:00:00.000
1704,20260614,20260529,51900,44,383,161,98,2,4,SOA001704,192.9000,192.9000,192.9000,1,1,2026-08-24T00:00:00.000
1705,20260531,20260626,13020,73,222,92,222,1,7,SOA001705,193.6000,193.6000,193.6000,1,1,2026-08-24T00:00:00.000
1706,20260624,20260807,58140,450,298,339,267,6,1,SOA001706,194.3000,194.3000,194.3000,1,1,2026-08-24T00:00:00.000
1707,20260603,20260731,17580,155,487,167,199,5,7,SOA001707,195.0000,195.0000,195.0000,1,1,2026-08-24T00:00:00.000
1708,20260814,20260805,9900,100,133,492,236,5,7,SOA001708,195.7000,195.7000,195.7000,1,1,2026-08-24T00:00:00.000
1709,20260723,20260814,44040,246,226,376,208,3,3,SOA001709,196.4000,196.4000,196.4000,1,1,2026-08-24T00:00:00.000
1710,20260527,20260604,57960,70,424,260,28,7,5,SOA001710,197.1000,197.1000,197.1000,1,1,2026-08-24T00:00:00.000
1711,20260724,20260531,20700,61,440,28,280,2,6,SOA001711,197.8000,197.8000,197.8000,1,1,2026-08-24T00:00:00.000
1712,20260527,20260702,54120,262,280,195,37,9,1,SOA001712,198.5000,198.5000,198.5000,1,1,2026-08-24T00:00:00.000
1713,20260603,20260603,62100,490,449,287,30,2,4,SOA001713,199.2000,199.2000,199.2000,1,1,2026-08-24T00:00:00.000
1714,20260601,20260705,63600,475,335,279,208,8,7,SOA001714,199.9000,199.9000,199.9000,1,1,2026-08-24T00:00:00.000
1715,20260720,20260715,43500,73,208,493,63,3,5,SOA001715,200.6000,200.6000,200.6000,1,1,2026-08-24T00:00:00.000
1716,20260705,20260813,18780,70,101,211,123,6,2,SOA001716,201.3000,201.3000,201.3000,1,1,2026-08-24T00:00:00.000
1717,20260726,20260606,72120,272,36,10,2,2,1,SOA001717,202.0000,202.0000,202.0000,1,1,2026-08-24T00:00:00.000
1718,20260611,20260710,63900,400,457,356,88,2,2,SOA001718,202.7000,202.7000,202.7000,1,1,2026-08-24T00:00:00.000
1719,20260621,20260626,36480,24,158,262,36,2,3,SOA001719,203.4000,203.4000,203.4000,1,1,2026-08-24T00:00:00.000
1720,20260708,20260720,45600,324,428,321,228,2,4,SOA001720,204.1000,204.1000,204.1000,1,1,2026-08-24T00:00:00.000
1721,20260531,20260726,72240,387,483,106,343,2,2,SOA001721,204.8000,204.8000,204.8000,1,1,2026-08-24T00:00:00.000
1722,20260730,20260706,24780,140,189,431,115,1,3,SOA001722,205.5000,205.5000,205.5000,1,1,2026-08-24T00:00:00.000
1723,20260624,20260809,77160,438,92,304,316,9,6,SOA001723,206.2000,206.2000,206.2000,1,1,2026-08-24T00:00:00.000
1724,20260617,20260714,32460,492,220,84,75,3,4,SOA001724,206.9000,206.9000,206.9000,1,1,2026-08-24T00:00:00.000
1725,20260620,20260704,7020,449,50,221,147,7,5,SOA001725,207.6000,207.6000,207.6000,1,1,2026-08-24T00:00:00.000
1726,20260809,20260629,58740,441,81,343,4,6,5,SOA001726,208.3000,208.3000,208.3000,1,1,2026-08-24T00:00:00.000
1727,20260824,20260530,51300,126,473,121,185,5,1,SOA001727,209.0000,209.0000,209.0000,1,1,2026-08-24T00:00:00.000
1728,20260718,20260814,55500,259,186,350,197,8,6,SOA001728,209.7000,209.7000,209.7000,1,1,2026-08-24T00:00:00.000
1729,20260617,20260616,68820,150,150,475,96,6,3,SOA001729,210.4000,210.4000,210.4000,1,1,2026-08-24T00:00:00.000
1730,20260619,20260710,40320,385,258,212,309,6,6,SOA001730,211.1000,211.1000,211.1000,1,1,2026-08-24T00:00:00.000
1731,20260725,20260709,41160,485,78,120,17,9,2,SOA001731,211.8000,211.8000,211.8000,1,1,2026-08-24T00:00:00.000
1732,20260701,20260613,24480,104,270,384,64,10,2,SOA001732,212.5000,212.5000,212.5000,1,1,2026-08-24T00:00:00.000
1733,20260824,20260712,30600,324,433,300,103,9,2,SOA001733,213.2000,213.2000,213.2000,1,1,2026-08-24T00:00:00.000
1734,20260719,20260606,10920,167,264,105,272,9,6,SOA001734,213.9000,213.9000,213.9000,1,1,2026-08-24T00:00:00.000
1735,20260808,20260730,53040,472,116,381,131,9,3,SOA001735,214.6000,214.6000,214.6000,1,1,2026-08-24T00:00:00.000
1736,20260722,20260816,85260,250,61,49,302,6,1,SOA001736,215.3000,215.3000,215.3000,1,1,2026-08-24T00:00:00.000
1737,20260726,20260621,48960,151,55,52,259,4,3,SOA001737,216.0000,216.0000,216.0000,1,1,2026-08-24T00:00:00.000
1738,20260605,20260721,43320,288,299,40,26,5,1,SOA001738,216.7000,216.7000,216.7000,1,1,2026-08-24T00:00:00.000
1739,20260618,20260705,79140,110,22,324,106,1,4,SOA001739,217.4000,217.4000,217.4000,1,1,2026-08-24T00:00:00.000
1740,20260818,20260607,81780,353,220,14,41,3,3,SOA001740,218.1000,218.1000,218.1000,1,1,2026-08-24T00:00:00.000
1741,20260824,20260805,24720,396,158,206,191,2,6,SOA001741,218.8000,218.8000,218.8000,1,1,2026-08-24T00:00:00.000
1742,20260713,20260601,56280,54,178,203,108,2,5,SOA001742,219.5000,219.5000,219.5000,1,1,2026-08-24T00:00:00.000
1743,20260708,20260706,73500,263,39,418,128,1,2,SOA001743,220.2000,220.2000,220.2000,1,1,2026-08-24T00:00:00.000
1744,20260721,20260529,80220,65,77,256,45,8,4,SOA001744,220.9000,220.9000,220.9000,1,1,2026-08-24T00:00:00.000
1745,20260809,20260619,49620,233,153,141,188,1,1,SOA001745,221.6000,221.6000,221.6000,1,1,2026-08-24T00:00:00.000
1746,20260731,20260804,68220,484,152,234,200,2,6,SOA001746,222.3000,222.3000,222.3000,1,1,2026-08-24T00:00:00.000
1747,20260604,20260625,22500,371,312,302,237,10,4,SOA001747,223.0000,223.0000,223.0000,1,1,2026-08-24T00:00:00.000
1748,20260621,20260624,52980,323,164,157,301,4,5,SOA001748,223.7000,223.7000,223.7000,1,1,2026-08-24T00:00:00.000
1749,20260725,20260717,78420,29,142,425,305,9,5,SOA001749,224.4000,224.4000,224.4000,1,1,2026-08-24T00:00:00.000
1750,20260811,20260612,48540,50,138,416,78,6,2,SOA001750,225.1000,225.1000,225.1000,1,1,2026-08-24T00:00:00.000
1751,20260814,20260626,28740,495,197,427,307,4,1,SOA001751,225.8000,225.8000,225.8000,1,1,2026-08-24T00:00:00.000
1752,20260618,20260811,20880,485,19,72,146,3,2,SOA001752,226.5000,226.5000,226.5000,1,1,2026-08-24T00:00:00.000
1753,20260630,20260720,74880,334,265,402,121,1,1,SOA001753,227.2000,227.2000,227.2000,1,1,2026-08-24T00:00:00.000
1754,20260729,20260805,84900,402,125,275,316,2,3,SOA001754,227.9000,227.9000,227.9000,1,1,2026-08-24T00:00:00.000
1755,20260616,20260610,20760,415,115,219,36,5,4,SOA001755,228.6000,228.6000,228.6000,1,1,2026-08-24T00:00:00.000
1756,20260527,20260614,1800,494,461,75,32,7,6,SOA001756,229.3000,229.3000,229.3000,1,1,2026-08-24T00:00:00.000
1757,20260604,20260729,77640,482,182,207,350,1,2,SOA001757,230.0000,230.0000,230.0000,1,1,2026-08-24T00:00:00.000
1758,20260618,20260619,13260,252,212,459,248,4,6,SOA001758,230.7000,230.7000,230.7000,1,1,2026-08-24T00:00:00.000
1759,20260811,20260808,19980,484,157,163,135,2,7,SOA001759,231.4000,231.4000,231.4000,1,1,2026-08-24T00:00:00.000
1760,20260626,20260824,15780,383,252,353,109,4,4,SOA001760,232.1000,232.1000,232.1000,1,1,2026-08-24T00:00:00.000
1761,20260624,20260810,9360,338,290,373,215,7,6,SOA001761,232.8000,232.8000,232.8000,1,1,2026-08-24T00:00:00.000
1762,20260601,20260602,16800,405,335,182,188,8,4,SOA001762,233.5000,233.5000,233.5000,1,1,2026-08-24T00:00:00.000
1763,20260805,20260701,11820,26,99,244,267,10,2,SOA001763,234.2000,234.2000,234.2000,1,1,2026-08-24T00:00:00.000
1764,20260620,20260804,70560,267,96,185,253,3,3,SOA001764,234.9000,234.9000,234.9000,1,1,2026-08-24T00:00:00.000
1765,20260529,20260616,73620,191,46,214,344,5,1,SOA001765,235.6000,235.6000,235.6000,1,1,2026-08-24T00:00:00.000
1766,20260820,20260704,28560,393,322,473,300,6,5,SOA001766,236.3000,236.3000,236.3000,1,1,2026-08-24T00:00:00.000
1767,20260814,20260807,2280,168,5,463,80,8,3,SOA001767,237.0000,237.0000,237.0000,1,1,2026-08-24T00:00:00.000
1768,20260530,20260623,44460,88,439,55,58,3,1,SOA001768,237.7000,237.7000,237.7000,1,1,2026-08-24T00:00:00.000
1769,20260810,20260814,72480,384,192,395,251,1,3,SOA001769,238.4000,238.4000,238.4000,1,1,2026-08-24T00:00:00.000
1770,20260613,20260530,83400,327,78,306,156,4,3,SOA001770,239.1000,239.1000,239.1000,1,1,2026-08-24T00:00:00.000
1771,20260527,20260809,9060,256,268,341,52,8,6,SOA001771,239.8000,239.8000,239.8000,1,1,2026-08-24T00:00:00.000
1772,20260725,20260803,51180,390,320,285,107,8,4,SOA001772,240.5000,240.5000,240.5000,1,1,2026-08-24T00:00:00.000
1773,20260713,20260805,76020,285,235,205,341,7,4,SOA001773,241.2000,241.2000,241.2000,1,1,2026-08-24T00:00:00.000
1774,20260812,20260803,34860,189,47,204,140,4,3,SOA001774,241.9000,241.9000,241.9000,1,1,2026-08-24T00:00:00.000
1775,20260530,20260627,60840,294,53,36,211,5,7,SOA001775,242.6000,242.6000,242.6000,1,1,2026-08-24T00:00:00.000
1776,20260612,20260812,7320,461,306,285,137,5,4,SOA001776,243.3000,243.3000,243.3000,1,1,2026-08-24T00:00:00.000
1777,20260814,20260703,60180,236,464,311,207,4,7,SOA001777,244.0000,244.0000,244.0000,1,1,2026-08-24T00:00:00.000
1778,20260613,20260624,14820,487,373,420,6,5,2,SOA001778,244.7000,244.7000,244.7000,1,1,2026-08-24T00:00:00.000
1779,20260614,20260619,37920,438,134,90,311,7,4,SOA001779,245.4000,245.4000,245.4000,1,1,2026-08-24T00:00:00.000
1780,20260812,20260608,61260,117,1,229,41,9,3,SOA001780,246.1000,246.1000,246.1000,1,1,2026-08-24T00:00:00.000
1781,20260817,20260621,21000,324,332,324,200,4,3,SOA001781,246.8000,246.8000,246.8000,1,1,2026-08-24T00:00:00.000
1782,20260612,20260530,57300,83,310,474,336,5,1,SOA001782,247.5000,247.5000,247.5000,1,1,2026-08-24T00:00:00.000
1783,20260621,20260808,66600,175,491,108,297,4,4,SOA001783,248.2000,248.2000,248.2000,1,1,2026-08-24T00:00:00.000
1784,20260720,20260607,12660,307,378,142,252,9,6,SOA001784,248.9000,248.9000,248.9000,1,1,2026-08-24T00:00:00.000
1785,20260804,20260812,45000,276,216,437,183,10,3,SOA001785,249.6000,249.6000,249.6000,1,1,2026-08-24T00:00:00.000
1786,20260717,20260811,45300,50,445,250,312,1,5,SOA001786,250.3000,250.3000,250.3000,1,1,2026-08-24T00:00:00.000
1787,20260730,20260607,85680,320,115,222,191,5,1,SOA001787,251.0000,251.0000,251.0000,1,1,2026-08-24T00:00:00.000
1788,20260529,20260701,85980,284,314,293,198,1,5,SOA001788,251.7000,251.7000,251.7000,1,1,2026-08-24T00:00:00.000
1789,20260617,20260723,71100,361,275,345,314,1,5,SOA001789,252.4000,252.4000,252.4000,1,1,2026-08-24T00:00:00.000
1790,20260814,20260810,62820,401,118,174,72,10,6,SOA001790,253.1000,253.1000,253.1000,1,1,2026-08-24T00:00:00.000
1791,20260619,20260802,29640,402,141,468,95,8,2,SOA001791,253.8000,253.8000,253.8000,1,1,2026-08-24T00:00:00.000
1792,20260820,20260815,51900,226,439,218,214,3,2,SOA001792,254.5000,254.5000,254.5000,1,1,2026-08-24T00:00:00.000
1793,20260723,20260706,47100,412,347,37,200,2,3,SOA001793,255.2000,255.2000,255.2000,1,1,2026-08-24T00:00:00.000
1794,20260726,20260606,900,165,139,263,153,8,1,SOA001794,255.9000,255.9000,255.9000,1,1,2026-08-24T00:00:00.000
1795,20260615,20260601,36720,215,294,281,20,5,1,SOA001795,256.6000,256.6000,256.6000,1,1,2026-08-24T00:00:00.000
1796,20260604,20260814,58560,280,196,303,86,4,1,SOA001796,257.3000,257.3000,257.3000,1,1,2026-08-24T00:00:00.000
1797,20260728,20260815,26820,1,357,144,288,9,2,SOA001797,258.0000,258.0000,258.0000,1,1,2026-08-24T00:00:00.000
1798,20260819,20260820,51540,399,214,476,32,3,3,SOA001798,258.7000,258.7000,258.7000,1,1,2026-08-24T00:00:00.000
1799,20260601,20260626,5460,285,407,326,153,10,1,SOA001799,259.4000,259.4000,259.4000,1,1,2026-08-24T00:00:00.000
1800,20260616,20260809,13020,294,251,296,27,1,2,SOA001800,260.1000,260.1000,260.1000,1,1,2026-08-24T00:00:00.000
1801,20260817,20260730,72420,220,219,121,195,4,5,SOA001801,260.8000,260.8000,260.8000,1,1,2026-08-24T00:00:00.000
1802,20260703,20260721,63900,461,52,459,63,10,4,SOA001802,261.5000,261.5000,261.5000,1,1,2026-08-24T00:00:00.000
1803,20260706,20260612,12120,61,149,298,341,5,2,SOA001803,262.2000,262.2000,262.2000,1,1,2026-08-24T00:00:00.000
1804,20260807,20260628,39960,218,6,238,327,9,1,SOA001804,262.9000,262.9000,262.9000,1,1,2026-08-24T00:00:00.000
1805,20260813,20260614,2820,135,128,375,207,10,1,SOA001805,263.6000,263.6000,263.6000,1,1,2026-08-24T00:00:00.000
1806,20260606,20260823,52800,436,58,482,64,6,1,SOA001806,264.3000,264.3000,264.3000,1,1,2026-08-24T00:00:00.000
1807,20260801,20260614,60780,264,368,143,232,1,5,SOA001807,265.0000,265.0000,265.0000,1,1,2026-08-24T00:00:00.000
1808,20260608,20260718,56400,131,375,27,102,6,7,SOA001808,265.7000,265.7000,265.7000,1,1,2026-08-24T00:00:00.000
1809,20260616,20260701,46620,463,244,378,274,9,3,SOA001809,266.4000,266.4000,266.4000,1,1,2026-08-24T00:00:00.000
1810,20260528,20260716,64440,267,423,280,216,5,6,SOA001810,267.1000,267.1000,267.1000,1,1,2026-08-24T00:00:00.000
1811,20260712,20260629,13920,375,64,179,157,1,6,SOA001811,267.8000,267.8000,267.8000,1,1,2026-08-24T00:00:00.000
1812,20260630,20260815,51780,496,140,119,205,2,7,SOA001812,268.5000,268.5000,268.5000,1,1,2026-08-24T00:00:00.000
1813,20260605,20260705,60060,275,268,279,214,7,1,SOA001813,269.2000,269.2000,269.2000,1,1,2026-08-24T00:00:00.000
1814,20260715,20260819,39780,184,464,332,98,1,3,SOA001814,269.9000,269.9000,269.9000,1,1,2026-08-24T00:00:00.000
1815,20260712,20260821,64020,15,39,192,198,6,3,SOA001815,270.6000,270.6000,270.6000,1,1,2026-08-24T00:00:00.000
1816,20260708,20260626,6720,274,183,137,203,10,2,SOA001816,271.3000,271.3000,271.3000,1,1,2026-08-24T00:00:00.000
1817,20260716,20260821,36540,407,421,269,263,1,5,SOA001817,272.0000,272.0000,272.0000,1,1,2026-08-24T00:00:00.000
1818,20260730,20260618,66120,261,347,404,244,6,4,SOA001818,272.7000,272.7000,272.7000,1,1,2026-08-24T00:00:00.000
1819,20260824,20260703,57180,316,77,268,47,2,2,SOA001819,273.4000,273.4000,273.4000,1,1,2026-08-24T00:00:00.000
1820,20260630,20260718,30300,311,133,87,312,2,1,SOA001820,274.1000,274.1000,274.1000,1,1,2026-08-24T00:00:00.000
1821,20260620,20260806,61920,77,428,23,155,10,5,SOA001821,274.8000,274.8000,274.8000,1,1,2026-08-24T00:00:00.000
1822,20260716,20260819,66780,262,341,248,99,7,7,SOA001822,275.5000,275.5000,275.5000,1,1,2026-08-24T00:00:00.000
1823,20260824,20260804,13200,105,112,4,146,8,1,SOA001823,276.2000,276.2000,276.2000,1,1,2026-08-24T00:00:00.000
1824,20260530,20260803,69420,489,86,199,219,1,4,SOA001824,276.9000,276.9000,276.9000,1,1,2026-08-24T00:00:00.000
1825,20260814,20260605,69120,454,139,344,341,10,1,SOA001825,277.6000,277.6000,277.6000,1,1,2026-08-24T00:00:00.000
1826,20260714,20260613,21120,474,95,83,165,9,2,SOA001826,278.3000,278.3000,278.3000,1,1,2026-08-24T00:00:00.000
1827,20260728,20260710,10680,40,443,175,150,6,1,SOA001827,279.0000,279.0000,279.0000,1,1,2026-08-24T00:00:00.000
1828,20260731,20260713,25440,137,483,229,241,1,2,SOA001828,279.7000,279.7000,279.7000,1,1,2026-08-24T00:00:00.000
1829,20260620,20260721,40980,313,105,165,341,5,4,SOA001829,280.4000,280.4000,280.4000,1,1,2026-08-24T00:00:00.000
1830,20260707,20260731,37860,38,312,70,162,3,4,SOA001830,281.1000,281.1000,281.1000,1,1,2026-08-24T00:00:00.000
1831,20260529,20260814,32220,208,297,156,273,8,5,SOA001831,281.8000,281.8000,281.8000,1,1,2026-08-24T00:00:00.000
1832,20260731,20260704,14160,8,328,399,53,10,1,SOA001832,282.5000,282.5000,282.5000,1,1,2026-08-24T00:00:00.000
1833,20260724,20260531,73380,93,379,122,238,4,6,SOA001833,283.2000,283.2000,283.2000,1,1,2026-08-24T00:00:00.000
1834,20260527,20260729,15000,243,436,63,87,3,1,SOA001834,283.9000,283.9000,283.9000,1,1,2026-08-24T00:00:00.000
1835,20260704,20260603,45060,175,301,500,68,2,7,SOA001835,284.6000,284.6000,284.6000,1,1,2026-08-24T00:00:00.000
1836,20260528,20260708,12960,36,372,253,312,9,1,SOA001836,285.3000,285.3000,285.3000,1,1,2026-08-24T00:00:00.000
1837,20260713,20260805,15240,158,261,360,119,5,5,SOA001837,286.0000,286.0000,286.0000,1,1,2026-08-24T00:00:00.000
1838,20260604,20260824,29760,20,110,102,34,8,2,SOA001838,286.7000,286.7000,286.7000,1,1,2026-08-24T00:00:00.000
1839,20260728,20260714,46140,90,188,334,76,2,5,SOA001839,287.4000,287.4000,287.4000,1,1,2026-08-24T00:00:00.000
1840,20260703,20260731,49200,411,98,339,315,10,3,SOA001840,288.1000,288.1000,288.1000,1,1,2026-08-24T00:00:00.000
1841,20260719,20260724,32820,13,476,106,311,2,3,SOA001841,288.8000,288.8000,288.8000,1,1,2026-08-24T00:00:00.000
1842,20260609,20260716,35580,488,253,180,185,2,4,SOA001842,289.5000,289.5000,289.5000,1,1,2026-08-24T00:00:00.000
1843,20260610,20260531,69900,40,31,255,124,6,4,SOA001843,290.2000,290.2000,290.2000,1,1,2026-08-24T00:00:00.000
1844,20260731,20260811,71280,229,272,339,59,3,4,SOA001844,290.9000,290.9000,290.9000,1,1,2026-08-24T00:00:00.000
1845,20260812,20260719,14340,85,266,272,296,7,2,SOA001845,291.6000,291.6000,291.6000,1,1,2026-08-24T00:00:00.000
1846,20260619,20260719,10560,364,35,155,277,4,6,SOA001846,292.3000,292.3000,292.3000,1,1,2026-08-24T00:00:00.000
1847,20260530,20260822,45120,411,175,205,167,3,2,SOA001847,293.0000,293.0000,293.0000,1,1,2026-08-24T00:00:00.000
1848,20260622,20260728,33120,459,421,358,254,4,3,SOA001848,293.7000,293.7000,293.7000,1,1,2026-08-24T00:00:00.000
1849,20260824,20260614,35640,153,277,55,135,8,2,SOA001849,294.4000,294.4000,294.4000,1,1,2026-08-24T00:00:00.000
1850,20260806,20260818,28740,149,64,413,324,5,6,SOA001850,295.1000,295.1000,295.1000,1,1,2026-08-24T00:00:00.000
1851,20260626,20260613,63420,327,257,167,350,7,5,SOA001851,295.8000,295.8000,295.8000,1,1,2026-08-24T00:00:00.000
1852,20260720,20260719,76740,213,406,225,314,9,5,SOA001852,296.5000,296.5000,296.5000,1,1,2026-08-24T00:00:00.000
1853,20260821,20260615,80760,36,156,174,186,8,2,SOA001853,297.2000,297.2000,297.2000,1,1,2026-08-24T00:00:00.000
1854,20260616,20260723,47640,63,202,209,40,3,6,SOA001854,297.9000,297.9000,297.9000,1,1,2026-08-24T00:00:00.000
1855,20260715,20260609,51180,493,417,477,295,5,6,SOA001855,298.6000,298.6000,298.6000,1,1,2026-08-24T00:00:00.000
1856,20260608,20260708,65220,260,454,94,196,7,7,SOA001856,299.3000,299.3000,299.3000,1,1,2026-08-24T00:00:00.000
1857,20260707,20260719,85920,179,101,473,110,6,5,SOA001857,300.0000,300.0000,300.0000,1,1,2026-08-24T00:00:00.000
1858,20260627,20260802,9600,33,277,118,35,6,3,SOA001858,300.7000,300.7000,300.7000,1,1,2026-08-24T00:00:00.000
1859,20260716,20260824,70140,75,43,210,6,7,5,SOA001859,301.4000,301.4000,301.4000,1,1,2026-08-24T00:00:00.000
1860,20260606,20260817,57300,164,182,444,340,7,2,SOA001860,302.1000,302.1000,302.1000,1,1,2026-08-24T00:00:00.000
1861,20260818,20260720,33720,13,18,395,36,5,4,SOA001861,302.8000,302.8000,302.8000,1,1,2026-08-24T00:00:00.000
1862,20260713,20260604,81300,48,62,112,102,4,1,SOA001862,303.5000,303.5000,303.5000,1,1,2026-08-24T00:00:00.000
1863,20260820,20260706,83940,303,157,466,248,2,6,SOA001863,304.2000,304.2000,304.2000,1,1,2026-08-24T00:00:00.000
1864,20260624,20260626,49560,445,246,309,152,4,4,SOA001864,304.9000,304.9000,304.9000,1,1,2026-08-24T00:00:00.000
1865,20260703,20260727,73860,50,2,290,285,7,3,SOA001865,305.6000,305.6000,305.6000,1,1,2026-08-24T00:00:00.000
1866,20260609,20260716,54600,270,444,88,85,9,3,SOA001866,306.3000,306.3000,306.3000,1,1,2026-08-24T00:00:00.000
1867,20260718,20260729,22500,90,181,251,197,10,2,SOA001867,307.0000,307.0000,307.0000,1,1,2026-08-24T00:00:00.000
1868,20260812,20260617,51300,3,88,198,64,8,4,SOA001868,307.7000,307.7000,307.7000,1,1,2026-08-24T00:00:00.000
1869,20260603,20260621,1920,89,9,256,211,10,5,SOA001869,308.4000,308.4000,308.4000,1,1,2026-08-24T00:00:00.000
1870,20260729,20260718,27300,392,476,162,221,3,1,SOA001870,309.1000,309.1000,309.1000,1,1,2026-08-24T00:00:00.000
1871,20260810,20260621,76020,288,74,292,303,8,3,SOA001871,309.8000,309.8000,309.8000,1,1,2026-08-24T00:00:00.000
1872,20260626,20260617,71220,144,395,397,12,8,3,SOA001872,310.5000,310.5000,310.5000,1,1,2026-08-24T00:00:00.000
1873,20260811,20260623,70200,115,215,154,267,8,2,SOA001873,311.2000,311.2000,311.2000,1,1,2026-08-24T00:00:00.000
1874,20260714,20260704,9420,81,207,135,50,8,7,SOA001874,311.9000,311.9000,311.9000,1,1,2026-08-24T00:00:00.000
1875,20260730,20260626,18300,320,433,395,194,2,1,SOA001875,312.6000,312.6000,312.6000,1,1,2026-08-24T00:00:00.000
1876,20260622,20260603,45000,413,48,402,21,10,4,SOA001876,313.3000,313.3000,313.3000,1,1,2026-08-24T00:00:00.000
1877,20260616,20260714,51840,328,179,26,168,10,1,SOA001877,314.0000,314.0000,314.0000,1,1,2026-08-24T00:00:00.000
1878,20260704,20260630,73380,469,137,298,209,1,3,SOA001878,314.7000,314.7000,314.7000,1,1,2026-08-24T00:00:00.000
1879,20260822,20260612,84960,284,210,387,54,5,7,SOA001879,315.4000,315.4000,315.4000,1,1,2026-08-24T00:00:00.000
1880,20260530,20260726,8160,486,416,265,213,3,7,SOA001880,316.1000,316.1000,316.1000,1,1,2026-08-24T00:00:00.000
1881,20260619,20260715,82800,145,32,353,277,5,2,SOA001881,316.8000,316.8000,316.8000,1,1,2026-08-24T00:00:00.000
1882,20260704,20260721,66960,488,355,438,184,8,3,SOA001882,317.5000,317.5000,317.5000,1,1,2026-08-24T00:00:00.000
1883,20260820,20260618,32760,398,264,422,19,4,5,SOA001883,318.2000,318.2000,318.2000,1,1,2026-08-24T00:00:00.000
1884,20260807,20260714,82440,155,77,191,26,9,4,SOA001884,318.9000,318.9000,318.9000,1,1,2026-08-24T00:00:00.000
1885,20260628,20260806,10200,491,123,297,112,7,5,SOA001885,319.6000,319.6000,319.6000,1,1,2026-08-24T00:00:00.000
1886,20260702,20260805,11760,438,360,248,33,5,7,SOA001886,320.3000,320.3000,320.3000,1,1,2026-08-24T00:00:00.000
1887,20260621,20260706,36240,179,76,147,288,9,2,SOA001887,321.0000,321.0000,321.0000,1,1,2026-08-24T00:00:00.000
1888,20260611,20260702,6960,260,123,321,300,8,5,SOA001888,321.7000,321.7000,321.7000,1,1,2026-08-24T00:00:00.000
1889,20260625,20260718,46500,172,290,194,220,3,6,SOA001889,322.4000,322.4000,322.4000,1,1,2026-08-24T00:00:00.000
1890,20260624,20260818,77880,189,371,361,66,3,4,SOA001890,323.1000,323.1000,323.1000,1,1,2026-08-24T00:00:00.000
1891,20260604,20260704,51540,11,152,111,174,8,1,SOA001891,323.8000,323.8000,323.8000,1,1,2026-08-24T00:00:00.000
1892,20260814,20260611,66480,261,326,273,251,9,1,SOA001892,324.5000,324.5000,324.5000,1,1,2026-08-24T00:00:00.000
1893,20260718,20260803,47880,217,23,51,125,8,3,SOA001893,325.2000,325.2000,325.2000,1,1,2026-08-24T00:00:00.000
1894,20260614,20260717,49140,90,57,363,279,1,2,SOA001894,325.9000,325.9000,325.9000,1,1,2026-08-24T00:00:00.000
1895,20260818,20260815,15540,99,459,483,131,7,4,SOA001895,326.6000,326.6000,326.6000,1,1,2026-08-24T00:00:00.000
1896,20260815,20260819,78240,5,252,414,174,4,1,SOA001896,327.3000,327.3000,327.3000,1,1,2026-08-24T00:00:00.000
1897,20260815,20260702,13740,272,356,463,115,9,1,SOA001897,328.0000,328.0000,328.0000,1,1,2026-08-24T00:00:00.000
1898,20260705,20260726,57840,408,430,264,117,8,2,SOA001898,328.7000,328.7000,328.7000,1,1,2026-08-24T00:00:00.000
1899,20260717,20260623,77040,452,293,168,338,8,2,SOA001899,329.4000,329.4000,329.4000,1,1,2026-08-24T00:00:00.000
1900,20260604,20260707,50700,468,205,489,76,3,4,SOA001900,330.1000,330.1000,330.1000,1,1,2026-08-24T00:00:00.000
1901,20260720,20260823,49080,202,67,214,312,5,3,SOA001901,330.8000,330.8000,330.8000,1,1,2026-08-24T00:00:00.000
1902,20260708,20260528,79800,484,482,345,203,2,2,SOA001902,331.5000,331.5000,331.5000,1,1,2026-08-24T00:00:00.000
1903,20260612,20260723,38940,104,483,246,210,6,3,SOA001903,332.2000,332.2000,332.2000,1,1,2026-08-24T00:00:00.000
1904,20260623,20260722,81360,133,227,297,31,5,1,SOA001904,332.9000,332.9000,332.9000,1,1,2026-08-24T00:00:00.000
1905,20260619,20260620,12540,28,70,203,308,4,5,SOA001905,333.6000,333.6000,333.6000,1,1,2026-08-24T00:00:00.000
1906,20260527,20260602,45000,34,56,223,68,4,7,SOA001906,334.3000,334.3000,334.3000,1,1,2026-08-24T00:00:00.000
1907,20260625,20260623,71940,471,167,449,18,9,4,SOA001907,335.0000,335.0000,335.0000,1,1,2026-08-24T00:00:00.000
1908,20260801,20260620,7440,221,309,98,72,6,7,SOA001908,335.7000,335.7000,335.7000,1,1,2026-08-24T00:00:00.000
1909,20260815,20260709,36720,7,165,484,121,4,1,SOA001909,336.4000,336.4000,336.4000,1,1,2026-08-24T00:00:00.000
1910,20260629,20260801,46560,356,157,249,143,1,5,SOA001910,337.1000,337.1000,337.1000,1,1,2026-08-24T00:00:00.000
1911,20260626,20260628,61200,88,51,284,113,6,3,SOA001911,337.8000,337.8000,337.8000,1,1,2026-08-24T00:00:00.000
1912,20260822,20260529,38040,181,446,151,123,4,3,SOA001912,338.5000,338.5000,338.5000,1,1,2026-08-24T00:00:00.000
1913,20260701,20260810,83040,283,36,53,91,2,4,SOA001913,339.2000,339.2000,339.2000,1,1,2026-08-24T00:00:00.000
1914,20260815,20260617,79380,473,377,155,137,4,5,SOA001914,339.9000,339.9000,339.9000,1,1,2026-08-24T00:00:00.000
1915,20260607,20260723,19500,316,141,189,206,5,2,SOA001915,340.6000,340.6000,340.6000,1,1,2026-08-24T00:00:00.000
1916,20260712,20260811,6840,253,15,192,11,3,5,SOA001916,341.3000,341.3000,341.3000,1,1,2026-08-24T00:00:00.000
1917,20260622,20260717,25200,343,207,376,323,3,2,SOA001917,342.0000,342.0000,342.0000,1,1,2026-08-24T00:00:00.000
1918,20260808,20260722,45060,269,370,25,264,10,7,SOA001918,342.7000,342.7000,342.7000,1,1,2026-08-24T00:00:00.000
1919,20260624,20260807,76740,178,497,302,350,5,6,SOA001919,343.4000,343.4000,343.4000,1,1,2026-08-24T00:00:00.000
1920,20260731,20260814,39720,349,280,70,61,9,4,SOA001920,344.1000,344.1000,344.1000,1,1,2026-08-24T00:00:00.000
1921,20260628,20260630,68760,311,428,51,262,6,5,SOA001921,344.8000,344.8000,344.8000,1,1,2026-08-24T00:00:00.000
1922,20260627,20260717,74760,66,158,86,44,3,1,SOA001922,345.5000,345.5000,345.5000,1,1,2026-08-24T00:00:00.000
1923,20260707,20260801,41580,410,429,327,242,9,5,SOA001923,346.2000,346.2000,346.2000,1,1,2026-08-24T00:00:00.000
1924,20260528,20260716,37800,389,439,298,305,6,3,SOA001924,346.9000,346.9000,346.9000,1,1,2026-08-24T00:00:00.000
1925,20260816,20260721,77640,430,134,467,137,7,4,SOA001925,347.6000,347.6000,347.6000,1,1,2026-08-24T00:00:00.000
1926,20260602,20260611,69360,140,323,453,20,1,2,SOA001926,348.3000,348.3000,348.3000,1,1,2026-08-24T00:00:00.000
1927,20260611,20260610,65340,98,49,158,71,1,5,SOA001927,349.0000,349.0000,349.0000,1,1,2026-08-24T00:00:00.000
1928,20260720,20260604,65760,438,461,33,7,7,5,SOA001928,349.7000,349.7000,349.7000,1,1,2026-08-24T00:00:00.000
1929,20260821,20260818,78480,114,140,480,322,6,2,SOA001929,350.4000,350.4000,350.4000,1,1,2026-08-24T00:00:00.000
1930,20260614,20260820,31440,74,263,391,231,9,6,SOA001930,351.1000,351.1000,351.1000,1,1,2026-08-24T00:00:00.000
1931,20260709,20260625,49920,41,495,367,343,7,1,SOA001931,351.8000,351.8000,351.8000,1,1,2026-08-24T00:00:00.000
1932,20260620,20260709,48480,318,384,149,235,9,1,SOA001932,352.5000,352.5000,352.5000,1,1,2026-08-24T00:00:00.000
1933,20260608,20260608,57540,234,445,137,96,5,3,SOA001933,353.2000,353.2000,353.2000,1,1,2026-08-24T00:00:00.000
1934,20260616,20260702,36420,218,223,39,340,9,1,SOA001934,353.9000,353.9000,353.9000,1,1,2026-08-24T00:00:00.000
1935,20260625,20260707,41700,385,465,108,78,7,5,SOA001935,354.6000,354.6000,354.6000,1,1,2026-08-24T00:00:00.000
1936,20260623,20260608,79620,411,406,77,104,7,4,SOA001936,355.3000,355.3000,355.3000,1,1,2026-08-24T00:00:00.000
1937,20260623,20260530,75420,443,95,11,222,1,2,SOA001937,356.0000,356.0000,356.0000,1,1,2026-08-24T00:00:00.000
1938,20260624,20260706,8580,157,77,419,343,4,3,SOA001938,356.7000,356.7000,356.7000,1,1,2026-08-24T00:00:00.000
1939,20260807,20260702,5880,221,194,132,282,8,3,SOA001939,357.4000,357.4000,357.4000,1,1,2026-08-24T00:00:00.000
1940,20260725,20260628,41760,378,467,379,98,2,2,SOA001940,358.1000,358.1000,358.1000,1,1,2026-08-24T00:00:00.000
1941,20260813,20260531,67800,94,2,168,29,7,7,SOA001941,358.8000,358.8000,358.8000,1,1,2026-08-24T00:00:00.000
1942,20260725,20260717,18000,9,198,370,289,4,6,SOA001942,359.5000,359.5000,359.5000,1,1,2026-08-24T00:00:00.000
1943,20260617,20260821,66300,346,457,108,31,8,2,SOA001943,360.2000,360.2000,360.2000,1,1,2026-08-24T00:00:00.000
1944,20260711,20260719,29760,416,100,440,95,7,6,SOA001944,360.9000,360.9000,360.9000,1,1,2026-08-24T00:00:00.000
1945,20260531,20260621,19440,94,23,98,128,7,3,SOA001945,361.6000,361.6000,361.6000,1,1,2026-08-24T00:00:00.000
1946,20260721,20260811,35460,136,322,415,32,4,4,SOA001946,362.3000,362.3000,362.3000,1,1,2026-08-24T00:00:00.000
1947,20260607,20260613,59340,181,341,400,79,3,1,SOA001947,363.0000,363.0000,363.0000,1,1,2026-08-24T00:00:00.000
1948,20260527,20260617,22080,199,29,472,227,5,5,SOA001948,363.7000,363.7000,363.7000,1,1,2026-08-24T00:00:00.000
1949,20260629,20260729,12840,237,3,210,204,3,6,SOA001949,364.4000,364.4000,364.4000,1,1,2026-08-24T00:00:00.000
1950,20260823,20260730,22980,149,87,477,224,6,7,SOA001950,365.1000,365.1000,365.1000,1,1,2026-08-24T00:00:00.000
1951,20260708,20260708,11280,143,134,160,3,6,7,SOA001951,365.8000,365.8000,365.8000,1,1,2026-08-24T00:00:00.000
1952,20260812,20260617,76920,154,75,245,296,4,7,SOA001952,366.5000,366.5000,366.5000,1,1,2026-08-24T00:00:00.000
1953,20260708,20260619,66420,263,45,88,224,5,3,SOA001953,367.2000,367.2000,367.2000,1,1,2026-08-24T00:00:00.000
1954,20260818,20260630,33360,202,333,13,210,3,1,SOA001954,367.9000,367.9000,367.9000,1,1,2026-08-24T00:00:00.000
1955,20260625,20260711,36780,137,415,220,212,8,1,SOA001955,368.6000,368.6000,368.6000,1,1,2026-08-24T00:00:00.000
1956,20260606,20260708,21000,68,142,406,58,10,3,SOA001956,369.3000,369.3000,369.3000,1,1,2026-08-24T00:00:00.000
1957,20260617,20260610,3540,374,457,361,226,8,7,SOA001957,370.0000,370.0000,370.0000,1,1,2026-08-24T00:00:00.000
1958,20260717,20260807,35700,51,268,29,301,10,6,SOA001958,370.7000,370.7000,370.7000,1,1,2026-08-24T00:00:00.000
1959,20260721,20260711,24900,92,314,68,50,2,5,SOA001959,371.4000,371.4000,371.4000,1,1,2026-08-24T00:00:00.000
1960,20260709,20260626,50700,327,465,115,194,5,1,SOA001960,372.1000,372.1000,372.1000,1,1,2026-08-24T00:00:00.000
1961,20260605,20260705,41640,190,413,360,132,6,6,SOA001961,372.8000,372.8000,372.8000,1,1,2026-08-24T00:00:00.000
1962,20260604,20260608,43620,448,187,389,333,7,2,SOA001962,373.5000,373.5000,373.5000,1,1,2026-08-24T00:00:00.000
1963,20260809,20260814,42840,307,24,274,101,2,7,SOA001963,374.2000,374.2000,374.2000,1,1,2026-08-24T00:00:00.000
1964,20260803,20260619,59400,70,474,425,244,9,7,SOA001964,374.9000,374.9000,374.9000,1,1,2026-08-24T00:00:00.000
1965,20260613,20260821,82200,139,124,483,317,6,6,SOA001965,375.6000,375.6000,375.6000,1,1,2026-08-24T00:00:00.000
1966,20260715,20260617,41820,148,427,283,150,1,3,SOA001966,376.3000,376.3000,376.3000,1,1,2026-08-24T00:00:00.000
1967,20260822,20260704,56640,27,182,431,214,5,1,SOA001967,377.0000,377.0000,377.0000,1,1,2026-08-24T00:00:00.000
1968,20260603,20260628,60360,67,424,285,229,6,6,SOA001968,377.7000,377.7000,377.7000,1,1,2026-08-24T00:00:00.000
1969,20260808,20260711,73800,84,170,114,174,2,5,SOA001969,378.4000,378.4000,378.4000,1,1,2026-08-24T00:00:00.000
1970,20260730,20260606,22560,50,491,449,249,3,3,SOA001970,379.1000,379.1000,379.1000,1,1,2026-08-24T00:00:00.000
1971,20260701,20260608,8640,84,331,146,191,3,2,SOA001971,379.8000,379.8000,379.8000,1,1,2026-08-24T00:00:00.000
1972,20260618,20260708,61080,489,42,490,116,2,3,SOA001972,380.5000,380.5000,380.5000,1,1,2026-08-24T00:00:00.000
1973,20260606,20260621,28380,290,313,402,64,10,6,SOA001973,381.2000,381.2000,381.2000,1,1,2026-08-24T00:00:00.000
1974,20260707,20260818,44280,359,432,80,38,6,1,SOA001974,381.9000,381.9000,381.9000,1,1,2026-08-24T00:00:00.000
1975,20260805,20260704,65100,311,39,389,59,10,3,SOA001975,382.6000,382.6000,382.6000,1,1,2026-08-24T00:00:00.000
1976,20260721,20260824,81660,223,289,442,326,10,2,SOA001976,383.3000,383.3000,383.3000,1,1,2026-08-24T00:00:00.000
1977,20260730,20260724,25380,314,235,416,37,4,6,SOA001977,384.0000,384.0000,384.0000,1,1,2026-08-24T00:00:00.000
1978,20260705,20260605,81780,394,287,423,57,7,5,SOA001978,384.7000,384.7000,384.7000,1,1,2026-08-24T00:00:00.000
1979,20260725,20260812,600,313,116,463,125,5,4,SOA001979,385.4000,385.4000,385.4000,1,1,2026-08-24T00:00:00.000
1980,20260701,20260726,24240,45,42,124,34,3,6,SOA001980,386.1000,386.1000,386.1000,1,1,2026-08-24T00:00:00.000
1981,20260611,20260527,20880,385,467,240,168,6,2,SOA001981,386.8000,386.8000,386.8000,1,1,2026-08-24T00:00:00.000
1982,20260725,20260813,53340,191,211,274,29,3,5,SOA001982,387.5000,387.5000,387.5000,1,1,2026-08-24T00:00:00.000
1983,20260719,20260713,20220,384,480,173,143,10,7,SOA001983,388.2000,388.2000,388.2000,1,1,2026-08-24T00:00:00.000
1984,20260622,20260822,54600,200,487,284,317,8,4,SOA001984,388.9000,388.9000,388.9000,1,1,2026-08-24T00:00:00.000
1985,20260730,20260713,38040,72,103,223,296,8,3,SOA001985,389.6000,389.6000,389.6000,1,1,2026-08-24T00:00:00.000
1986,20260809,20260721,8820,438,354,161,271,4,1,SOA001986,390.3000,390.3000,390.3000,1,1,2026-08-24T00:00:00.000
1987,20260806,20260815,62460,497,110,190,57,3,7,SOA001987,391.0000,391.0000,391.0000,1,1,2026-08-24T00:00:00.000
1988,20260709,20260727,16860,255,174,403,15,9,1,SOA001988,391.7000,391.7000,391.7000,1,1,2026-08-24T00:00:00.000
1989,20260815,20260807,41280,111,316,23,1,8,5,SOA001989,392.4000,392.4000,392.4000,1,1,2026-08-24T00:00:00.000
1990,20260804,20260822,68520,424,126,226,123,2,7,SOA001990,393.1000,393.1000,393.1000,1,1,2026-08-24T00:00:00.000
1991,20260814,20260606,42900,369,265,234,112,3,7,SOA001991,393.8000,393.8000,393.8000,1,1,2026-08-24T00:00:00.000
1992,20260731,20260619,33060,455,240,452,331,4,7,SOA001992,394.5000,394.5000,394.5000,1,1,2026-08-24T00:00:00.000
1993,20260608,20260615,50760,156,113,197,293,10,2,SOA001993,395.2000,395.2000,395.2000,1,1,2026-08-24T00:00:00.000
1994,20260708,20260625,15900,491,423,420,7,9,6,SOA001994,395.9000,395.9000,395.9000,1,1,2026-08-24T00:00:00.000
1995,20260603,20260612,52800,268,148,118,143,3,3,SOA001995,396.6000,396.6000,396.6000,1,1,2026-08-24T00:00:00.000
1996,20260731,20260804,34320,192,56,38,234,4,7,SOA001996,397.3000,397.3000,397.3000,1,1,2026-08-24T00:00:00.000
1997,20260531,20260623,62880,256,25,460,273,2,1,SOA001997,398.0000,398.0000,398.0000,1,1,2026-08-24T00:00:00.000
1998,20260818,20260617,33420,70,32,472,306,3,7,SOA001998,398.7000,398.7000,398.7000,1,1,2026-08-24T00:00:00.000
1999,20260801,20260823,34020,482,409,38,84,7,4,SOA001999,399.4000,399.4000,399.4000,1,1,2026-08-24T00:00:00.000
2000,20260627,20260610,73680,414,147,174,63,8,7,SOA002000,400.1000,400.1000,400.1000,1,1,2026-08-24T00:00:00.000
2001,20260602,20260614,37320,50,374,153,294,6,5,SOA002001,400.8000,400.8000,400.8000,1,1,2026-08-24T00:00:00.000
2002,20260716,20260531,24360,485,331,148,27,3,4,SOA002002,401.5000,401.5000,401.5000,1,1,2026-08-24T00:00:00.000
2003,20260607,20260809,12900,263,67,97,148,6,4,SOA002003,402.2000,402.2000,402.2000,1,1,2026-08-24T00:00:00.000
2004,20260529,20260703,51480,73,439,358,69,9,6,SOA002004,402.9000,402.9000,402.9000,1,1,2026-08-24T00:00:00.000
2005,20260606,20260529,78540,499,145,91,61,5,2,SOA002005,403.6000,403.6000,403.6000,1,1,2026-08-24T00:00:00.000
2006,20260723,20260808,27720,96,87,467,96,8,3,SOA002006,404.3000,404.3000,404.3000,1,1,2026-08-24T00:00:00.000
2007,20260629,20260818,13440,349,104,98,204,8,1,SOA002007,405.0000,405.0000,405.0000,1,1,2026-08-24T00:00:00.000
2008,20260630,20260602,40140,92,480,363,279,5,1,SOA002008,405.7000,405.7000,405.7000,1,1,2026-08-24T00:00:00.000
2009,20260709,20260608,59520,327,369,417,118,2,4,SOA002009,406.4000,406.4000,406.4000,1,1,2026-08-24T00:00:00.000
2010,20260724,20260710,69840,305,448,210,300,2,2,SOA002010,407.1000,407.1000,407.1000,1,1,2026-08-24T00:00:00.000
2011,20260806,20260608,80640,491,333,423,191,7,3,SOA002011,407.8000,407.8000,407.8000,1,1,2026-08-24T00:00:00.000
2012,20260711,20260626,84780,98,34,322,287,10,6,SOA002012,408.5000,408.5000,408.5000,1,1,2026-08-24T00:00:00.000
2013,20260730,20260625,79140,17,31,265,52,4,7,SOA002013,409.2000,409.2000,409.2000,1,1,2026-08-24T00:00:00.000
2014,20260714,20260807,38100,103,118,83,117,9,3,SOA002014,409.9000,409.9000,409.9000,1,1,2026-08-24T00:00:00.000
2015,20260527,20260625,55320,79,408,381,225,7,4,SOA002015,410.6000,410.6000,410.6000,1,1,2026-08-24T00:00:00.000
2016,20260702,20260810,61320,412,459,306,143,7,7,SOA002016,411.3000,411.3000,411.3000,1,1,2026-08-24T00:00:00.000
2017,20260818,20260627,76080,305,167,149,292,3,5,SOA002017,412.0000,412.0000,412.0000,1,1,2026-08-24T00:00:00.000
2018,20260811,20260610,85620,360,265,108,157,9,6,SOA002018,412.7000,412.7000,412.7000,1,1,2026-08-24T00:00:00.000
2019,20260806,20260610,38160,417,134,361,1,6,1,SOA002019,413.4000,413.4000,413.4000,1,1,2026-08-24T00:00:00.000
2020,20260729,20260819,66120,305,340,146,317,5,2,SOA002020,414.1000,414.1000,414.1000,1,1,2026-08-24T00:00:00.000
2021,20260602,20260622,70080,192,15,119,218,3,6,SOA002021,414.8000,414.8000,414.8000,1,1,2026-08-24T00:00:00.000
2022,20260612,20260527,7260,293,326,391,332,6,5,SOA002022,415.5000,415.5000,415.5000,1,1,2026-08-24T00:00:00.000
2023,20260605,20260820,12300,45,389,324,120,4,1,SOA002023,416.2000,416.2000,416.2000,1,1,2026-08-24T00:00:00.000
2024,20260718,20260703,30960,111,42,90,246,6,6,SOA002024,416.9000,416.9000,416.9000,1,1,2026-08-24T00:00:00.000
2025,20260603,20260613,43860,121,34,199,98,9,2,SOA002025,417.6000,417.6000,417.6000,1,1,2026-08-24T00:00:00.000
2026,20260725,20260806,28080,257,470,13,178,3,2,SOA002026,418.3000,418.3000,418.3000,1,1,2026-08-24T00:00:00.000
2027,20260615,20260529,45180,237,345,363,47,10,7,SOA002027,419.0000,419.0000,419.0000,1,1,2026-08-24T00:00:00.000
2028,20260803,20260527,69840,347,92,249,89,1,6,SOA002028,419.7000,419.7000,419.7000,1,1,2026-08-24T00:00:00.000
2029,20260630,20260817,8100,3,398,72,107,8,1,SOA002029,420.4000,420.4000,420.4000,1,1,2026-08-24T00:00:00.000
2030,20260809,20260824,38220,241,443,325,286,1,7,SOA002030,421.1000,421.1000,421.1000,1,1,2026-08-24T00:00:00.000
2031,20260605,20260606,39180,421,423,108,203,6,5,SOA002031,421.8000,421.8000,421.8000,1,1,2026-08-24T00:00:00.000
2032,20260823,20260716,59700,428,431,5,142,4,5,SOA002032,422.5000,422.5000,422.5000,1,1,2026-08-24T00:00:00.000
2033,20260823,20260528,78480,135,138,45,156,2,1,SOA002033,423.2000,423.2000,423.2000,1,1,2026-08-24T00:00:00.000
2034,20260603,20260815,78300,142,346,192,263,10,2,SOA002034,423.9000,423.9000,423.9000,1,1,2026-08-24T00:00:00.000
2035,20260623,20260615,32400,26,380,152,238,5,1,SOA002035,424.6000,424.6000,424.6000,1,1,2026-08-24T00:00:00.000
2036,20260607,20260606,32760,424,410,74,293,7,7,SOA002036,425.3000,425.3000,425.3000,1,1,2026-08-24T00:00:00.000
2037,20260801,20260806,32280,317,50,440,249,3,7,SOA002037,426.0000,426.0000,426.0000,1,1,2026-08-24T00:00:00.000
2038,20260701,20260820,40500,273,62,266,121,1,6,SOA002038,426.7000,426.7000,426.7000,1,1,2026-08-24T00:00:00.000
2039,20260801,20260724,80760,142,421,286,336,10,3,SOA002039,427.4000,427.4000,427.4000,1,1,2026-08-24T00:00:00.000
2040,20260711,20260531,3300,168,326,175,103,6,3,SOA002040,428.1000,428.1000,428.1000,1,1,2026-08-24T00:00:00.000
2041,20260528,20260820,52380,306,107,286,180,2,6,SOA002041,428.8000,428.8000,428.8000,1,1,2026-08-24T00:00:00.000
2042,20260601,20260808,18180,364,35,482,39,10,3,SOA002042,429.5000,429.5000,429.5000,1,1,2026-08-24T00:00:00.000
2043,20260802,20260731,41820,47,224,50,93,6,6,SOA002043,430.2000,430.2000,430.2000,1,1,2026-08-24T00:00:00.000
2044,20260726,20260731,7380,310,448,183,178,6,1,SOA002044,430.9000,430.9000,430.9000,1,1,2026-08-24T00:00:00.000
2045,20260613,20260612,78600,470,141,138,119,3,4,SOA002045,431.6000,431.6000,431.6000,1,1,2026-08-24T00:00:00.000
2046,20260801,20260618,44100,86,313,331,319,1,4,SOA002046,432.3000,432.3000,432.3000,1,1,2026-08-24T00:00:00.000
2047,20260812,20260611,82740,102,2,219,280,3,4,SOA002047,433.0000,433.0000,433.0000,1,1,2026-08-24T00:00:00.000
2048,20260804,20260817,42060,152,248,270,149,6,7,SOA002048,433.7000,433.7000,433.7000,1,1,2026-08-24T00:00:00.000
2049,20260811,20260528,24900,17,426,453,66,4,4,SOA002049,434.4000,434.4000,434.4000,1,1,2026-08-24T00:00:00.000
2050,20260603,20260529,15780,246,231,159,114,8,7,SOA002050,435.1000,435.1000,435.1000,1,1,2026-08-24T00:00:00.000
2051,20260701,20260809,35160,411,237,479,301,5,2,SOA002051,435.8000,435.8000,435.8000,1,1,2026-08-24T00:00:00.000
2052,20260627,20260724,31560,351,26,159,284,10,1,SOA002052,436.5000,436.5000,436.5000,1,1,2026-08-24T00:00:00.000
2053,20260715,20260809,63060,95,236,418,289,5,3,SOA002053,437.2000,437.2000,437.2000,1,1,2026-08-24T00:00:00.000
2054,20260618,20260819,64560,188,446,376,270,8,2,SOA002054,437.9000,437.9000,437.9000,1,1,2026-08-24T00:00:00.000
2055,20260715,20260605,65100,189,170,210,340,3,5,SOA002055,438.6000,438.6000,438.6000,1,1,2026-08-24T00:00:00.000
2056,20260603,20260816,41760,123,422,371,28,10,7,SOA002056,439.3000,439.3000,439.3000,1,1,2026-08-24T00:00:00.000
2057,20260712,20260803,51000,227,49,317,75,7,7,SOA002057,440.0000,440.0000,440.0000,1,1,2026-08-24T00:00:00.000
2058,20260720,20260630,50820,193,331,145,7,4,7,SOA002058,440.7000,440.7000,440.7000,1,1,2026-08-24T00:00:00.000
2059,20260607,20260706,41700,277,432,430,153,8,3,SOA002059,441.4000,441.4000,441.4000,1,1,2026-08-24T00:00:00.000
2060,20260811,20260707,1800,255,247,187,260,6,6,SOA002060,442.1000,442.1000,442.1000,1,1,2026-08-24T00:00:00.000
2061,20260706,20260615,24120,459,67,321,317,6,3,SOA002061,442.8000,442.8000,442.8000,1,1,2026-08-24T00:00:00.000
2062,20260609,20260626,83040,364,303,374,291,3,3,SOA002062,443.5000,443.5000,443.5000,1,1,2026-08-24T00:00:00.000
2063,20260727,20260528,13500,442,69,194,160,3,3,SOA002063,444.2000,444.2000,444.2000,1,1,2026-08-24T00:00:00.000
2064,20260704,20260723,37800,348,314,116,209,5,4,SOA002064,444.9000,444.9000,444.9000,1,1,2026-08-24T00:00:00.000
2065,20260701,20260724,19980,30,472,222,92,8,7,SOA002065,445.6000,445.6000,445.6000,1,1,2026-08-24T00:00:00.000
2066,20260803,20260611,33060,77,273,309,146,10,2,SOA002066,446.3000,446.3000,446.3000,1,1,2026-08-24T00:00:00.000
2067,20260612,20260729,29760,232,123,317,320,1,5,SOA002067,447.0000,447.0000,447.0000,1,1,2026-08-24T00:00:00.000
2068,20260719,20260620,56280,65,483,187,241,4,2,SOA002068,447.7000,447.7000,447.7000,1,1,2026-08-24T00:00:00.000
2069,20260815,20260807,12060,231,147,72,109,3,1,SOA002069,448.4000,448.4000,448.4000,1,1,2026-08-24T00:00:00.000
2070,20260626,20260819,84300,257,311,308,10,2,1,SOA002070,449.1000,449.1000,449.1000,1,1,2026-08-24T00:00:00.000
2071,20260807,20260730,79980,334,344,232,288,6,1,SOA002071,449.8000,449.8000,449.8000,1,1,2026-08-24T00:00:00.000
2072,20260805,20260613,84360,440,278,153,171,4,2,SOA002072,450.5000,450.5000,450.5000,1,1,2026-08-24T00:00:00.000
2073,20260721,20260716,10440,303,465,346,279,9,7,SOA002073,451.2000,451.2000,451.2000,1,1,2026-08-24T00:00:00.000
2074,20260617,20260715,6840,303,69,75,170,10,1,SOA002074,451.9000,451.9000,451.9000,1,1,2026-08-24T00:00:00.000
2075,20260725,20260811,51180,454,312,421,220,6,2,SOA002075,452.6000,452.6000,452.6000,1,1,2026-08-24T00:00:00.000
2076,20260803,20260605,39540,1,259,248,48,10,2,SOA002076,453.3000,453.3000,453.3000,1,1,2026-08-24T00:00:00.000
2077,20260815,20260708,81660,341,498,160,233,6,3,SOA002077,454.0000,454.0000,454.0000,1,1,2026-08-24T00:00:00.000
2078,20260617,20260620,54960,249,353,432,200,2,3,SOA002078,454.7000,454.7000,454.7000,1,1,2026-08-24T00:00:00.000
2079,20260530,20260731,76560,465,376,156,29,2,2,SOA002079,455.4000,455.4000,455.4000,1,1,2026-08-24T00:00:00.000
2080,20260715,20260708,68880,266,106,435,122,7,1,SOA002080,456.1000,456.1000,456.1000,1,1,2026-08-24T00:00:00.000
2081,20260603,20260818,25560,428,170,289,230,6,4,SOA002081,456.8000,456.8000,456.8000,1,1,2026-08-24T00:00:00.000
2082,20260814,20260816,23280,17,308,51,345,9,2,SOA002082,457.5000,457.5000,457.5000,1,1,2026-08-24T00:00:00.000
2083,20260712,20260801,26460,458,19,243,270,6,7,SOA002083,458.2000,458.2000,458.2000,1,1,2026-08-24T00:00:00.000
2084,20260722,20260601,42000,40,458,195,199,10,3,SOA002084,458.9000,458.9000,458.9000,1,1,2026-08-24T00:00:00.000
2085,20260710,20260807,17520,223,23,86,208,9,1,SOA002085,459.6000,459.6000,459.6000,1,1,2026-08-24T00:00:00.000
2086,20260724,20260709,10500,46,256,185,313,6,2,SOA002086,460.3000,460.3000,460.3000,1,1,2026-08-24T00:00:00.000
2087,20260701,20260718,69480,336,225,248,116,2,5,SOA002087,461.0000,461.0000,461.0000,1,1,2026-08-24T00:00:00.000
2088,20260720,20260731,62880,443,453,127,78,3,5,SOA002088,461.7000,461.7000,461.7000,1,1,2026-08-24T00:00:00.000
2089,20260607,20260820,6240,32,57,227,247,10,2,SOA002089,462.4000,462.4000,462.4000,1,1,2026-08-24T00:00:00.000
2090,20260802,20260622,6240,54,149,298,213,9,3,SOA002090,463.1000,463.1000,463.1000,1,1,2026-08-24T00:00:00.000
2091,20260614,20260625,74160,25,390,238,180,2,5,SOA002091,463.8000,463.8000,463.8000,1,1,2026-08-24T00:00:00.000
2092,20260610,20260615,54420,391,143,130,158,4,7,SOA002092,464.5000,464.5000,464.5000,1,1,2026-08-24T00:00:00.000
2093,20260724,20260722,23220,41,253,251,282,1,6,SOA002093,465.2000,465.2000,465.2000,1,1,2026-08-24T00:00:00.000
2094,20260617,20260718,67920,321,163,250,84,3,4,SOA002094,465.9000,465.9000,465.9000,1,1,2026-08-24T00:00:00.000
2095,20260717,20260704,56880,305,4,158,54,9,1,SOA002095,466.6000,466.6000,466.6000,1,1,2026-08-24T00:00:00.000
2096,20260603,20260617,50580,220,45,467,101,6,1,SOA002096,467.3000,467.3000,467.3000,1,1,2026-08-24T00:00:00.000
2097,20260529,20260802,52500,288,20,496,190,5,1,SOA002097,468.0000,468.0000,468.0000,1,1,2026-08-24T00:00:00.000
2098,20260614,20260814,29820,95,268,145,173,10,5,SOA002098,468.7000,468.7000,468.7000,1,1,2026-08-24T00:00:00.000
2099,20260609,20260730,660,131,304,105,330,2,4,SOA002099,469.4000,469.4000,469.4000,1,1,2026-08-24T00:00:00.000
2100,20260712,20260606,11700,291,401,344,133,5,4,SOA002100,470.1000,470.1000,470.1000,1,1,2026-08-24T00:00:00.000
2101,20260615,20260724,4380,485,232,264,244,4,6,SOA002101,470.8000,470.8000,470.8000,1,1,2026-08-24T00:00:00.000
2102,20260724,20260609,59760,340,389,123,187,8,4,SOA002102,471.5000,471.5000,471.5000,1,1,2026-08-24T00:00:00.000
2103,20260623,20260808,62940,337,374,495,251,4,1,SOA002103,472.2000,472.2000,472.2000,1,1,2026-08-24T00:00:00.000
2104,20260811,20260615,54180,166,460,221,126,8,5,SOA002104,472.9000,472.9000,472.9000,1,1,2026-08-24T00:00:00.000
2105,20260717,20260717,55140,401,182,380,267,7,1,SOA002105,473.6000,473.6000,473.6000,1,1,2026-08-24T00:00:00.000
2106,20260716,20260811,50400,253,147,307,61,3,3,SOA002106,474.3000,474.3000,474.3000,1,1,2026-08-24T00:00:00.000
2107,20260807,20260723,54960,165,79,39,18,5,2,SOA002107,475.0000,475.0000,475.0000,1,1,2026-08-24T00:00:00.000
2108,20260722,20260528,53100,213,57,166,142,7,7,SOA002108,475.7000,475.7000,475.7000,1,1,2026-08-24T00:00:00.000
2109,20260620,20260712,32280,374,500,149,263,1,5,SOA002109,476.4000,476.4000,476.4000,1,1,2026-08-24T00:00:00.000
2110,20260718,20260528,25020,113,143,48,31,8,6,SOA002110,477.1000,477.1000,477.1000,1,1,2026-08-24T00:00:00.000
2111,20260810,20260816,2520,219,129,196,251,4,1,SOA002111,477.8000,477.8000,477.8000,1,1,2026-08-24T00:00:00.000
2112,20260709,20260703,81180,389,11,348,258,1,3,SOA002112,478.5000,478.5000,478.5000,1,1,2026-08-24T00:00:00.000
2113,20260805,20260724,23880,388,290,329,289,2,1,SOA002113,479.2000,479.2000,479.2000,1,1,2026-08-24T00:00:00.000
2114,20260707,20260802,6540,23,91,489,71,3,2,SOA002114,479.9000,479.9000,479.9000,1,1,2026-08-24T00:00:00.000
2115,20260620,20260822,54600,447,432,325,49,8,6,SOA002115,480.6000,480.6000,480.6000,1,1,2026-08-24T00:00:00.000
2116,20260812,20260804,17160,1,320,3,3,3,1,SOA002116,481.3000,481.3000,481.3000,1,1,2026-08-24T00:00:00.000
2117,20260622,20260807,73500,137,412,306,276,6,3,SOA002117,482.0000,482.0000,482.0000,1,1,2026-08-24T00:00:00.000
2118,20260612,20260822,24900,203,149,296,340,8,5,SOA002118,482.7000,482.7000,482.7000,1,1,2026-08-24T00:00:00.000
2119,20260605,20260707,35160,83,421,266,258,3,6,SOA002119,483.4000,483.4000,483.4000,1,1,2026-08-24T00:00:00.000
2120,20260606,20260805,1740,424,342,470,240,1,2,SOA002120,484.1000,484.1000,484.1000,1,1,2026-08-24T00:00:00.000
2121,20260602,20260625,3060,405,223,402,269,7,7,SOA002121,484.8000,484.8000,484.8000,1,1,2026-08-24T00:00:00.000
2122,20260611,20260807,29520,35,266,245,6,9,7,SOA002122,485.5000,485.5000,485.5000,1,1,2026-08-24T00:00:00.000
2123,20260622,20260616,42540,403,421,482,166,4,3,SOA002123,486.2000,486.2000,486.2000,1,1,2026-08-24T00:00:00.000
2124,20260617,20260818,81000,244,318,253,240,2,6,SOA002124,486.9000,486.9000,486.9000,1,1,2026-08-24T00:00:00.000
2125,20260813,20260821,85320,378,9,126,97,8,3,SOA002125,487.6000,487.6000,487.6000,1,1,2026-08-24T00:00:00.000
2126,20260729,20260824,25500,319,472,397,167,4,3,SOA002126,488.3000,488.3000,488.3000,1,1,2026-08-24T00:00:00.000
2127,20260615,20260703,44880,470,304,365,321,4,4,SOA002127,489.0000,489.0000,489.0000,1,1,2026-08-24T00:00:00.000
2128,20260704,20260720,23880,305,114,231,226,2,6,SOA002128,489.7000,489.7000,489.7000,1,1,2026-08-24T00:00:00.000
2129,20260731,20260626,85620,62,23,356,318,1,3,SOA002129,490.4000,490.4000,490.4000,1,1,2026-08-24T00:00:00.000
2130,20260724,20260728,5760,155,492,291,86,8,6,SOA002130,491.1000,491.1000,491.1000,1,1,2026-08-24T00:00:00.000
2131,20260527,20260601,36840,211,158,356,66,2,3,SOA002131,491.8000,491.8000,491.8000,1,1,2026-08-24T00:00:00.000
2132,20260611,20260720,13980,46,224,324,287,3,6,SOA002132,492.5000,492.5000,492.5000,1,1,2026-08-24T00:00:00.000
2133,20260811,20260607,65580,211,117,175,347,10,5,SOA002133,493.2000,493.2000,493.2000,1,1,2026-08-24T00:00:00.000
2134,20260628,20260627,39060,147,373,245,317,2,6,SOA002134,493.9000,493.9000,493.9000,1,1,2026-08-24T00:00:00.000
2135,20260714,20260822,68760,236,486,388,35,8,7,SOA002135,494.6000,494.6000,494.6000,1,1,2026-08-24T00:00:00.000
2136,20260818,20260824,76140,93,74,386,4,10,7,SOA002136,495.3000,495.3000,495.3000,1,1,2026-08-24T00:00:00.000
2137,20260621,20260708,59760,117,82,461,174,6,3,SOA002137,496.0000,496.0000,496.0000,1,1,2026-08-24T00:00:00.000
2138,20260726,20260619,35700,211,319,219,111,5,2,SOA002138,496.7000,496.7000,496.7000,1,1,2026-08-24T00:00:00.000
2139,20260803,20260801,77280,352,229,316,283,2,7,SOA002139,497.4000,497.4000,497.4000,1,1,2026-08-24T00:00:00.000
2140,20260604,20260531,8340,328,73,434,305,5,6,SOA002140,498.1000,498.1000,498.1000,1,1,2026-08-24T00:00:00.000
2141,20260621,20260707,45300,358,163,371,297,1,6,SOA002141,498.8000,498.8000,498.8000,1,1,2026-08-24T00:00:00.000
2142,20260624,20260709,42840,100,489,368,269,3,7,SOA002142,499.5000,499.5000,499.5000,1,1,2026-08-24T00:00:00.000
2143,20260630,20260618,48120,60,164,355,108,5,3,SOA002143,500.2000,500.2000,500.2000,1,1,2026-08-24T00:00:00.000
2144,20260619,20260803,43560,106,416,7,155,7,1,SOA002144,500.9000,500.9000,500.9000,1,1,2026-08-24T00:00:00.000
2145,20260804,20260616,69720,256,199,207,278,7,1,SOA002145,501.6000,501.6000,501.6000,1,1,2026-08-24T00:00:00.000
2146,20260711,20260808,23940,9,330,258,140,10,7,SOA002146,502.3000,502.3000,502.3000,1,1,2026-08-24T00:00:00.000
2147,20260601,20260613,19260,296,360,306,166,2,1,SOA002147,503.0000,503.0000,503.0000,1,1,2026-08-24T00:00:00.000
2148,20260817,20260731,72420,223,223,354,30,8,4,SOA002148,503.7000,503.7000,503.7000,1,1,2026-08-24T00:00:00.000
2149,20260529,20260803,42540,156,342,197,2,5,1,SOA002149,504.4000,504.4000,504.4000,1,1,2026-08-24T00:00:00.000
2150,20260726,20260627,22500,237,231,30,274,10,5,SOA002150,505.1000,505.1000,505.1000,1,1,2026-08-24T00:00:00.000
2151,20260806,20260623,33960,435,208,77,129,4,2,SOA002151,505.8000,505.8000,505.8000,1,1,2026-08-24T00:00:00.000
2152,20260807,20260821,42180,254,276,112,339,6,2,SOA002152,506.5000,506.5000,506.5000,1,1,2026-08-24T00:00:00.000
2153,20260606,20260615,69060,58,261,237,17,9,5,SOA002153,507.2000,507.2000,507.2000,1,1,2026-08-24T00:00:00.000
2154,20260707,20260814,81960,218,332,359,247,2,2,SOA002154,507.9000,507.9000,507.9000,1,1,2026-08-24T00:00:00.000
2155,20260718,20260604,50160,57,471,401,324,4,1,SOA002155,508.6000,508.6000,508.6000,1,1,2026-08-24T00:00:00.000
2156,20260619,20260712,64440,429,310,225,44,7,7,SOA002156,509.3000,509.3000,509.3000,1,1,2026-08-24T00:00:00.000
2157,20260717,20260813,10320,362,439,203,38,1,7,SOA002157,510.0000,510.0000,510.0000,1,1,2026-08-24T00:00:00.000
2158,20260821,20260627,45060,151,19,250,93,3,6,SOA002158,510.7000,510.7000,510.7000,1,1,2026-08-24T00:00:00.000
2159,20260815,20260804,72300,111,27,306,174,7,3,SOA002159,511.4000,511.4000,511.4000,1,1,2026-08-24T00:00:00.000
2160,20260601,20260605,43800,134,459,352,57,1,1,SOA002160,512.1000,512.1000,512.1000,1,1,2026-08-24T00:00:00.000
2161,20260701,20260723,2640,310,456,39,115,6,4,SOA002161,512.8000,512.8000,512.8000,1,1,2026-08-24T00:00:00.000
2162,20260601,20260725,84780,478,4,336,6,5,2,SOA002162,513.5000,513.5000,513.5000,1,1,2026-08-24T00:00:00.000
2163,20260617,20260719,82980,255,57,465,272,5,1,SOA002163,514.2000,514.2000,514.2000,1,1,2026-08-24T00:00:00.000
2164,20260723,20260702,56700,320,455,274,123,10,5,SOA002164,514.9000,514.9000,514.9000,1,1,2026-08-24T00:00:00.000
2165,20260605,20260607,36420,120,468,142,342,6,4,SOA002165,515.6000,515.6000,515.6000,1,1,2026-08-24T00:00:00.000
2166,20260803,20260813,33960,293,15,327,130,4,6,SOA002166,516.3000,516.3000,516.3000,1,1,2026-08-24T00:00:00.000
2167,20260818,20260804,61560,102,426,307,301,1,4,SOA002167,517.0000,517.0000,517.0000,1,1,2026-08-24T00:00:00.000
2168,20260823,20260527,29340,101,380,315,94,9,4,SOA002168,517.7000,517.7000,517.7000,1,1,2026-08-24T00:00:00.000
2169,20260621,20260608,51840,191,209,206,52,2,1,SOA002169,518.4000,518.4000,518.4000,1,1,2026-08-24T00:00:00.000
2170,20260728,20260710,1800,496,273,386,56,8,7,SOA002170,519.1000,519.1000,519.1000,1,1,2026-08-24T00:00:00.000
2171,20260812,20260604,10620,167,209,245,342,10,6,SOA002171,519.8000,519.8000,519.8000,1,1,2026-08-24T00:00:00.000
2172,20260718,20260530,58200,193,411,495,235,3,7,SOA002172,520.5000,520.5000,520.5000,1,1,2026-08-24T00:00:00.000
2173,20260802,20260730,24720,174,171,393,79,5,4,SOA002173,521.2000,521.2000,521.2000,1,1,2026-08-24T00:00:00.000
2174,20260616,20260806,68820,231,350,114,140,8,6,SOA002174,521.9000,521.9000,521.9000,1,1,2026-08-24T00:00:00.000
2175,20260616,20260606,76080,345,452,488,77,4,4,SOA002175,522.6000,522.6000,522.6000,1,1,2026-08-24T00:00:00.000
2176,20260618,20260621,7860,250,453,48,172,4,1,SOA002176,523.3000,523.3000,523.3000,1,1,2026-08-24T00:00:00.000
2177,20260608,20260716,46500,228,439,142,17,4,3,SOA002177,524.0000,524.0000,524.0000,1,1,2026-08-24T00:00:00.000
2178,20260715,20260623,18960,41,466,342,224,5,6,SOA002178,524.7000,524.7000,524.7000,1,1,2026-08-24T00:00:00.000
2179,20260607,20260726,50220,167,275,457,22,9,1,SOA002179,525.4000,525.4000,525.4000,1,1,2026-08-24T00:00:00.000
2180,20260601,20260723,11760,207,477,134,18,8,6,SOA002180,526.1000,526.1000,526.1000,1,1,2026-08-24T00:00:00.000
2181,20260814,20260602,51540,413,464,130,108,5,1,SOA002181,526.8000,526.8000,526.8000,1,1,2026-08-24T00:00:00.000
2182,20260618,20260810,79560,480,244,403,208,7,2,SOA002182,527.5000,527.5000,527.5000,1,1,2026-08-24T00:00:00.000
2183,20260609,20260607,49800,54,49,10,310,1,3,SOA002183,528.2000,528.2000,528.2000,1,1,2026-08-24T00:00:00.000
2184,20260801,20260603,63960,76,34,461,112,9,5,SOA002184,528.9000,528.9000,528.9000,1,1,2026-08-24T00:00:00.000
2185,20260813,20260625,5460,54,449,315,144,4,2,SOA002185,529.6000,529.6000,529.6000,1,1,2026-08-24T00:00:00.000
2186,20260715,20260712,19260,384,133,15,215,7,2,SOA002186,530.3000,530.3000,530.3000,1,1,2026-08-24T00:00:00.000
2187,20260718,20260810,40620,462,143,458,298,10,7,SOA002187,531.0000,531.0000,531.0000,1,1,2026-08-24T00:00:00.000
2188,20260607,20260602,53580,62,187,212,327,8,4,SOA002188,531.7000,531.7000,531.7000,1,1,2026-08-24T00:00:00.000
2189,20260816,20260718,3300,50,319,403,333,7,5,SOA002189,532.4000,532.4000,532.4000,1,1,2026-08-24T00:00:00.000
2190,20260806,20260702,22560,263,308,425,346,4,2,SOA002190,533.1000,533.1000,533.1000,1,1,2026-08-24T00:00:00.000
2191,20260617,20260605,77580,109,308,13,300,8,4,SOA002191,533.8000,533.8000,533.8000,1,1,2026-08-24T00:00:00.000
2192,20260805,20260617,68460,491,384,229,59,9,6,SOA002192,534.5000,534.5000,534.5000,1,1,2026-08-24T00:00:00.000
2193,20260812,20260628,29940,180,205,4,31,10,6,SOA002193,535.2000,535.2000,535.2000,1,1,2026-08-24T00:00:00.000
2194,20260707,20260805,6660,399,324,154,309,5,5,SOA002194,535.9000,535.9000,535.9000,1,1,2026-08-24T00:00:00.000
2195,20260823,20260627,25980,165,217,195,27,6,6,SOA002195,536.6000,536.6000,536.6000,1,1,2026-08-24T00:00:00.000
2196,20260808,20260821,82560,121,45,172,95,2,4,SOA002196,537.3000,537.3000,537.3000,1,1,2026-08-24T00:00:00.000
2197,20260626,20260703,64440,99,462,144,127,9,2,SOA002197,538.0000,538.0000,538.0000,1,1,2026-08-24T00:00:00.000
2198,20260629,20260727,7740,233,9,297,228,5,2,SOA002198,538.7000,538.7000,538.7000,1,1,2026-08-24T00:00:00.000
2199,20260627,20260806,59580,443,342,268,240,8,4,SOA002199,539.4000,539.4000,539.4000,1,1,2026-08-24T00:00:00.000
2200,20260722,20260718,63240,464,407,201,249,10,5,SOA002200,540.1000,540.1000,540.1000,1,1,2026-08-24T00:00:00.000
2201,20260722,20260615,72300,414,309,228,243,8,1,SOA002201,540.8000,540.8000,540.8000,1,1,2026-08-24T00:00:00.000
2202,20260820,20260707,28080,346,324,477,347,9,3,SOA002202,541.5000,541.5000,541.5000,1,1,2026-08-24T00:00:00.000
2203,20260602,20260802,69000,239,158,174,190,1,2,SOA002203,542.2000,542.2000,542.2000,1,1,2026-08-24T00:00:00.000
2204,20260624,20260720,37560,64,185,283,325,7,2,SOA002204,542.9000,542.9000,542.9000,1,1,2026-08-24T00:00:00.000
2205,20260719,20260706,66780,183,73,492,236,5,3,SOA002205,543.6000,543.6000,543.6000,1,1,2026-08-24T00:00:00.000
2206,20260712,20260705,43620,262,181,341,44,2,7,SOA002206,544.3000,544.3000,544.3000,1,1,2026-08-24T00:00:00.000
2207,20260617,20260602,37020,56,66,236,212,9,7,SOA002207,545.0000,545.0000,545.0000,1,1,2026-08-24T00:00:00.000
2208,20260531,20260603,12000,98,117,200,44,2,2,SOA002208,545.7000,545.7000,545.7000,1,1,2026-08-24T00:00:00.000
2209,20260602,20260723,420,364,209,340,72,1,5,SOA002209,546.4000,546.4000,546.4000,1,1,2026-08-24T00:00:00.000
2210,20260718,20260705,61860,102,389,78,241,2,2,SOA002210,547.1000,547.1000,547.1000,1,1,2026-08-24T00:00:00.000
2211,20260604,20260807,31680,476,113,221,11,1,7,SOA002211,547.8000,547.8000,547.8000,1,1,2026-08-24T00:00:00.000
2212,20260806,20260814,28980,256,402,322,329,10,5,SOA002212,548.5000,548.5000,548.5000,1,1,2026-08-24T00:00:00.000
2213,20260802,20260817,49080,129,7,91,259,8,6,SOA002213,549.2000,549.2000,549.2000,1,1,2026-08-24T00:00:00.000
2214,20260616,20260706,37860,228,264,356,50,7,7,SOA002214,549.9000,549.9000,549.9000,1,1,2026-08-24T00:00:00.000
2215,20260628,20260723,75120,388,284,175,113,3,3,SOA002215,550.6000,550.6000,550.6000,1,1,2026-08-24T00:00:00.000
2216,20260620,20260820,25380,160,237,9,292,3,4,SOA002216,551.3000,551.3000,551.3000,1,1,2026-08-24T00:00:00.000
2217,20260629,20260616,40200,485,268,210,82,10,6,SOA002217,552.0000,552.0000,552.0000,1,1,2026-08-24T00:00:00.000
2218,20260527,20260611,41160,87,298,441,325,5,6,SOA002218,552.7000,552.7000,552.7000,1,1,2026-08-24T00:00:00.000
2219,20260609,20260706,54120,310,164,463,92,7,2,SOA002219,553.4000,553.4000,553.4000,1,1,2026-08-24T00:00:00.000
2220,20260705,20260810,85860,93,288,136,155,9,2,SOA002220,554.1000,554.1000,554.1000,1,1,2026-08-24T00:00:00.000
2221,20260814,20260611,42600,214,488,70,298,3,2,SOA002221,554.8000,554.8000,554.8000,1,1,2026-08-24T00:00:00.000
2222,20260709,20260819,80880,317,358,152,42,9,1,SOA002222,555.5000,555.5000,555.5000,1,1,2026-08-24T00:00:00.000
2223,20260811,20260605,21780,224,148,339,178,4,4,SOA002223,556.2000,556.2000,556.2000,1,1,2026-08-24T00:00:00.000
2224,20260607,20260722,57540,206,298,263,217,4,4,SOA002224,556.9000,556.9000,556.9000,1,1,2026-08-24T00:00:00.000
2225,20260610,20260719,59400,491,411,33,71,8,6,SOA002225,557.6000,557.6000,557.6000,1,1,2026-08-24T00:00:00.000
2226,20260701,20260702,31980,316,116,259,90,1,2,SOA002226,558.3000,558.3000,558.3000,1,1,2026-08-24T00:00:00.000
2227,20260615,20260610,30660,144,277,306,90,3,3,SOA002227,559.0000,559.0000,559.0000,1,1,2026-08-24T00:00:00.000
2228,20260702,20260610,32400,53,414,51,209,9,1,SOA002228,559.7000,559.7000,559.7000,1,1,2026-08-24T00:00:00.000
2229,20260807,20260606,62460,132,237,120,51,3,4,SOA002229,560.4000,560.4000,560.4000,1,1,2026-08-24T00:00:00.000
2230,20260710,20260709,24240,26,31,38,85,8,4,SOA002230,561.1000,561.1000,561.1000,1,1,2026-08-24T00:00:00.000
2231,20260810,20260812,64680,105,19,490,282,8,7,SOA002231,561.8000,561.8000,561.8000,1,1,2026-08-24T00:00:00.000
2232,20260629,20260820,78660,90,267,299,67,2,6,SOA002232,562.5000,562.5000,562.5000,1,1,2026-08-24T00:00:00.000
2233,20260821,20260822,78420,434,105,243,214,5,3,SOA002233,563.2000,563.2000,563.2000,1,1,2026-08-24T00:00:00.000
2234,20260719,20260820,22200,346,382,451,265,8,5,SOA002234,563.9000,563.9000,563.9000,1,1,2026-08-24T00:00:00.000
2235,20260612,20260711,61140,377,115,435,175,3,2,SOA002235,564.6000,564.6000,564.6000,1,1,2026-08-24T00:00:00.000
2236,20260614,20260530,17160,203,183,1,191,3,2,SOA002236,565.3000,565.3000,565.3000,1,1,2026-08-24T00:00:00.000
2237,20260731,20260726,31140,448,269,235,27,4,4,SOA002237,566.0000,566.0000,566.0000,1,1,2026-08-24T00:00:00.000
2238,20260710,20260624,72060,16,136,400,234,1,2,SOA002238,566.7000,566.7000,566.7000,1,1,2026-08-24T00:00:00.000
2239,20260611,20260808,5700,442,126,104,163,8,6,SOA002239,567.4000,567.4000,567.4000,1,1,2026-08-24T00:00:00.000
2240,20260802,20260822,68760,419,64,3,12,3,7,SOA002240,568.1000,568.1000,568.1000,1,1,2026-08-24T00:00:00.000
2241,20260530,20260616,66300,3,258,180,50,10,7,SOA002241,568.8000,568.8000,568.8000,1,1,2026-08-24T00:00:00.000
2242,20260719,20260616,60060,215,343,469,326,7,5,SOA002242,569.5000,569.5000,569.5000,1,1,2026-08-24T00:00:00.000
2243,20260619,20260730,59460,311,46,22,223,1,7,SOA002243,570.2000,570.2000,570.2000,1,1,2026-08-24T00:00:00.000
2244,20260724,20260711,19500,197,293,357,197,10,7,SOA002244,570.9000,570.9000,570.9000,1,1,2026-08-24T00:00:00.000
2245,20260619,20260629,61140,397,43,218,296,2,1,SOA002245,571.6000,571.6000,571.6000,1,1,2026-08-24T00:00:00.000
2246,20260603,20260813,66660,127,362,439,106,6,4,SOA002246,572.3000,572.3000,572.3000,1,1,2026-08-24T00:00:00.000
2247,20260707,20260528,35580,244,141,131,167,7,5,SOA002247,573.0000,573.0000,573.0000,1,1,2026-08-24T00:00:00.000
2248,20260724,20260626,26880,225,372,439,32,4,7,SOA002248,573.7000,573.7000,573.7000,1,1,2026-08-24T00:00:00.000
2249,20260821,20260701,7740,126,355,175,287,10,7,SOA002249,574.4000,574.4000,574.4000,1,1,2026-08-24T00:00:00.000
2250,20260622,20260626,80640,476,226,337,243,4,6,SOA002250,575.1000,575.1000,575.1000,1,1,2026-08-24T00:00:00.000
2251,20260601,20260722,22920,226,482,33,55,3,2,SOA002251,575.8000,575.8000,575.8000,1,1,2026-08-24T00:00:00.000
2252,20260814,20260707,51480,11,81,2,318,6,7,SOA002252,576.5000,576.5000,576.5000,1,1,2026-08-24T00:00:00.000
2253,20260601,20260727,49140,412,73,176,136,1,7,SOA002253,577.2000,577.2000,577.2000,1,1,2026-08-24T00:00:00.000
2254,20260814,20260529,85860,66,279,283,49,9,3,SOA002254,577.9000,577.9000,577.9000,1,1,2026-08-24T00:00:00.000
2255,20260723,20260809,84180,70,327,436,275,2,2,SOA002255,578.6000,578.6000,578.6000,1,1,2026-08-24T00:00:00.000
2256,20260701,20260708,41760,488,260,112,295,8,7,SOA002256,579.3000,579.3000,579.3000,1,1,2026-08-24T00:00:00.000
2257,20260804,20260703,38040,34,120,318,211,5,6,SOA002257,580.0000,580.0000,580.0000,1,1,2026-08-24T00:00:00.000
2258,20260713,20260710,78180,160,282,290,193,4,2,SOA002258,580.7000,580.7000,580.7000,1,1,2026-08-24T00:00:00.000
2259,20260620,20260528,34140,118,78,131,82,7,5,SOA002259,581.4000,581.4000,581.4000,1,1,2026-08-24T00:00:00.000
2260,20260702,20260613,42120,88,454,171,233,10,1,SOA002260,582.1000,582.1000,582.1000,1,1,2026-08-24T00:00:00.000
2261,20260713,20260724,45960,174,397,255,111,5,6,SOA002261,582.8000,582.8000,582.8000,1,1,2026-08-24T00:00:00.000
2262,20260531,20260623,68880,458,315,35,149,5,5,SOA002262,583.5000,583.5000,583.5000,1,1,2026-08-24T00:00:00.000
2263,20260815,20260807,56640,396,125,342,324,9,1,SOA002263,584.2000,584.2000,584.2000,1,1,2026-08-24T00:00:00.000
2264,20260629,20260815,540,102,365,386,144,7,7,SOA002264,584.9000,584.9000,584.9000,1,1,2026-08-24T00:00:00.000
2265,20260601,20260716,64020,188,73,72,346,9,5,SOA002265,585.6000,585.6000,585.6000,1,1,2026-08-24T00:00:00.000
2266,20260711,20260618,32280,224,398,271,90,2,5,SOA002266,586.3000,586.3000,586.3000,1,1,2026-08-24T00:00:00.000
2267,20260607,20260623,9000,325,294,11,169,3,5,SOA002267,587.0000,587.0000,587.0000,1,1,2026-08-24T00:00:00.000
2268,20260709,20260614,32640,186,5,17,302,5,2,SOA002268,587.7000,587.7000,587.7000,1,1,2026-08-24T00:00:00.000
2269,20260626,20260620,63420,72,237,7,79,9,4,SOA002269,588.4000,588.4000,588.4000,1,1,2026-08-24T00:00:00.000
2270,20260628,20260728,19320,210,213,474,207,1,3,SOA002270,589.1000,589.1000,589.1000,1,1,2026-08-24T00:00:00.000
2271,20260809,20260819,38880,129,322,175,233,9,1,SOA002271,589.8000,589.8000,589.8000,1,1,2026-08-24T00:00:00.000
2272,20260714,20260802,22140,210,338,455,191,3,2,SOA002272,590.5000,590.5000,590.5000,1,1,2026-08-24T00:00:00.000
2273,20260823,20260603,16500,185,457,485,97,9,2,SOA002273,591.2000,591.2000,591.2000,1,1,2026-08-24T00:00:00.000
2274,20260618,20260814,78180,86,18,321,300,3,3,SOA002274,591.9000,591.9000,591.9000,1,1,2026-08-24T00:00:00.000
2275,20260815,20260712,63660,475,465,316,76,3,5,SOA002275,592.6000,592.6000,592.6000,1,1,2026-08-24T00:00:00.000
2276,20260709,20260613,12780,218,13,296,260,2,3,SOA002276,593.3000,593.3000,593.3000,1,1,2026-08-24T00:00:00.000
2277,20260614,20260807,17880,450,248,255,93,6,3,SOA002277,594.0000,594.0000,594.0000,1,1,2026-08-24T00:00:00.000
2278,20260607,20260811,50400,191,3,189,338,4,7,SOA002278,594.7000,594.7000,594.7000,1,1,2026-08-24T00:00:00.000
2279,20260824,20260703,82260,178,278,332,239,3,2,SOA002279,595.4000,595.4000,595.4000,1,1,2026-08-24T00:00:00.000
2280,20260603,20260609,74700,255,201,186,347,10,4,SOA002280,596.1000,596.1000,596.1000,1,1,2026-08-24T00:00:00.000
2281,20260624,20260621,46560,332,390,213,90,8,4,SOA002281,596.8000,596.8000,596.8000,1,1,2026-08-24T00:00:00.000
2282,20260531,20260801,63360,198,364,1,246,4,1,SOA002282,597.5000,597.5000,597.5000,1,1,2026-08-24T00:00:00.000
2283,20260729,20260709,65460,322,257,433,128,6,6,SOA002283,598.2000,598.2000,598.2000,1,1,2026-08-24T00:00:00.000
2284,20260808,20260602,80520,212,414,324,104,8,3,SOA002284,598.9000,598.9000,598.9000,1,1,2026-08-24T00:00:00.000
2285,20260728,20260704,77400,380,148,244,103,6,3,SOA002285,599.6000,599.6000,599.6000,1,1,2026-08-24T00:00:00.000
2286,20260704,20260609,38640,37,61,268,90,5,4,SOA002286,600.3000,600.3000,600.3000,1,1,2026-08-24T00:00:00.000
2287,20260719,20260806,27900,325,18,24,69,8,2,SOA002287,601.0000,601.0000,601.0000,1,1,2026-08-24T00:00:00.000
2288,20260822,20260728,42240,179,18,223,285,7,2,SOA002288,601.7000,601.7000,601.7000,1,1,2026-08-24T00:00:00.000
2289,20260729,20260820,12120,339,462,234,119,1,5,SOA002289,602.4000,602.4000,602.4000,1,1,2026-08-24T00:00:00.000
2290,20260806,20260528,41640,150,19,404,90,2,6,SOA002290,603.1000,603.1000,603.1000,1,1,2026-08-24T00:00:00.000
2291,20260726,20260802,78300,337,77,129,304,6,3,SOA002291,603.8000,603.8000,603.8000,1,1,2026-08-24T00:00:00.000
2292,20260624,20260821,1320,405,470,478,203,4,5,SOA002292,604.5000,604.5000,604.5000,1,1,2026-08-24T00:00:00.000
2293,20260809,20260610,35040,356,264,307,277,5,4,SOA002293,605.2000,605.2000,605.2000,1,1,2026-08-24T00:00:00.000
2294,20260529,20260803,85980,484,259,338,290,8,5,SOA002294,605.9000,605.9000,605.9000,1,1,2026-08-24T00:00:00.000
2295,20260717,20260709,21900,227,311,491,32,9,1,SOA002295,606.6000,606.6000,606.6000,1,1,2026-08-24T00:00:00.000
2296,20260529,20260711,30120,445,115,278,265,10,1,SOA002296,607.3000,607.3000,607.3000,1,1,2026-08-24T00:00:00.000
2297,20260629,20260819,20520,413,237,162,186,7,5,SOA002297,608.0000,608.0000,608.0000,1,1,2026-08-24T00:00:00.000
2298,20260801,20260613,22380,202,266,166,182,9,1,SOA002298,608.7000,608.7000,608.7000,1,1,2026-08-24T00:00:00.000
2299,20260809,20260610,24420,359,111,107,78,7,6,SOA002299,609.4000,609.4000,609.4000,1,1,2026-08-24T00:00:00.000
2300,20260706,20260603,57780,498,427,307,27,4,1,SOA002300,610.1000,610.1000,610.1000,1,1,2026-08-24T00:00:00.000
2301,20260801,20260808,33660,8,10,435,179,6,5,SOA002301,610.8000,610.8000,610.8000,1,1,2026-08-24T00:00:00.000
2302,20260820,20260620,13320,407,493,407,252,1,2,SOA002302,611.5000,611.5000,611.5000,1,1,2026-08-24T00:00:00.000
2303,20260616,20260822,7980,482,33,84,173,6,6,SOA002303,612.2000,612.2000,612.2000,1,1,2026-08-24T00:00:00.000
2304,20260710,20260729,60720,389,223,459,87,10,4,SOA002304,612.9000,612.9000,612.9000,1,1,2026-08-24T00:00:00.000
2305,20260529,20260723,58260,336,464,369,131,4,7,SOA002305,613.6000,613.6000,613.6000,1,1,2026-08-24T00:00:00.000
2306,20260616,20260805,71640,362,276,236,104,4,7,SOA002306,614.3000,614.3000,614.3000,1,1,2026-08-24T00:00:00.000
2307,20260807,20260722,46500,276,271,73,19,6,1,SOA002307,615.0000,615.0000,615.0000,1,1,2026-08-24T00:00:00.000
2308,20260616,20260723,54480,16,9,138,205,7,5,SOA002308,615.7000,615.7000,615.7000,1,1,2026-08-24T00:00:00.000
2309,20260809,20260612,72960,346,481,424,258,5,5,SOA002309,616.4000,616.4000,616.4000,1,1,2026-08-24T00:00:00.000
2310,20260824,20260713,85200,256,429,81,97,3,6,SOA002310,617.1000,617.1000,617.1000,1,1,2026-08-24T00:00:00.000
2311,20260625,20260707,47880,486,315,215,176,4,1,SOA002311,617.8000,617.8000,617.8000,1,1,2026-08-24T00:00:00.000
2312,20260630,20260713,83280,352,371,317,182,2,7,SOA002312,618.5000,618.5000,618.5000,1,1,2026-08-24T00:00:00.000
2313,20260730,20260615,41340,425,290,47,315,10,1,SOA002313,619.2000,619.2000,619.2000,1,1,2026-08-24T00:00:00.000
2314,20260720,20260602,76800,319,128,32,194,1,4,SOA002314,619.9000,619.9000,619.9000,1,1,2026-08-24T00:00:00.000
2315,20260821,20260716,69300,424,198,43,133,2,3,SOA002315,620.6000,620.6000,620.6000,1,1,2026-08-24T00:00:00.000
2316,20260721,20260607,50520,449,84,482,137,6,4,SOA002316,621.3000,621.3000,621.3000,1,1,2026-08-24T00:00:00.000
2317,20260614,20260803,28200,101,246,298,155,6,2,SOA002317,622.0000,622.0000,622.0000,1,1,2026-08-24T00:00:00.000
2318,20260823,20260820,59580,125,493,116,199,3,2,SOA002318,622.7000,622.7000,622.7000,1,1,2026-08-24T00:00:00.000
2319,20260604,20260813,78240,11,324,348,287,4,5,SOA002319,623.4000,623.4000,623.4000,1,1,2026-08-24T00:00:00.000
2320,20260704,20260725,21900,291,207,229,127,5,1,SOA002320,624.1000,624.1000,624.1000,1,1,2026-08-24T00:00:00.000
2321,20260716,20260722,47220,38,55,475,91,1,4,SOA002321,624.8000,624.8000,624.8000,1,1,2026-08-24T00:00:00.000
2322,20260727,20260607,24060,116,338,212,193,5,1,SOA002322,625.5000,625.5000,625.5000,1,1,2026-08-24T00:00:00.000
2323,20260813,20260730,57900,180,335,397,13,3,5,SOA002323,626.2000,626.2000,626.2000,1,1,2026-08-24T00:00:00.000
2324,20260823,20260619,18720,300,81,340,308,6,3,SOA002324,626.9000,626.9000,626.9000,1,1,2026-08-24T00:00:00.000
2325,20260815,20260718,26640,192,126,237,11,5,6,SOA002325,627.6000,627.6000,627.6000,1,1,2026-08-24T00:00:00.000
2326,20260529,20260531,43500,341,259,363,31,7,5,SOA002326,628.3000,628.3000,628.3000,1,1,2026-08-24T00:00:00.000
2327,20260806,20260811,9240,145,109,321,34,7,6,SOA002327,629.0000,629.0000,629.0000,1,1,2026-08-24T00:00:00.000
2328,20260804,20260630,23820,480,179,203,246,2,3,SOA002328,629.7000,629.7000,629.7000,1,1,2026-08-24T00:00:00.000
2329,20260610,20260629,28620,397,140,45,157,10,5,SOA002329,630.4000,630.4000,630.4000,1,1,2026-08-24T00:00:00.000
2330,20260725,20260609,37200,149,3,111,41,7,1,SOA002330,631.1000,631.1000,631.1000,1,1,2026-08-24T00:00:00.000
2331,20260630,20260806,56520,296,114,45,173,3,3,SOA002331,631.8000,631.8000,631.8000,1,1,2026-08-24T00:00:00.000
2332,20260621,20260721,78660,262,377,245,209,6,6,SOA002332,632.5000,632.5000,632.5000,1,1,2026-08-24T00:00:00.000
2333,20260804,20260627,36360,475,113,69,348,5,3,SOA002333,633.2000,633.2000,633.2000,1,1,2026-08-24T00:00:00.000
2334,20260611,20260811,63480,325,207,284,241,10,2,SOA002334,633.9000,633.9000,633.9000,1,1,2026-08-24T00:00:00.000
2335,20260610,20260528,65520,332,274,239,135,4,5,SOA002335,634.6000,634.6000,634.6000,1,1,2026-08-24T00:00:00.000
2336,20260712,20260726,66660,401,284,270,251,5,3,SOA002336,635.3000,635.3000,635.3000,1,1,2026-08-24T00:00:00.000
2337,20260622,20260710,84720,399,218,447,52,2,3,SOA002337,636.0000,636.0000,636.0000,1,1,2026-08-24T00:00:00.000
2338,20260529,20260730,83880,194,379,183,287,6,4,SOA002338,636.7000,636.7000,636.7000,1,1,2026-08-24T00:00:00.000
2339,20260711,20260607,56760,225,269,164,95,10,4,SOA002339,637.4000,637.4000,637.4000,1,1,2026-08-24T00:00:00.000
2340,20260709,20260715,9960,477,88,260,163,3,4,SOA002340,638.1000,638.1000,638.1000,1,1,2026-08-24T00:00:00.000
2341,20260807,20260802,27000,423,69,379,238,6,5,SOA002341,638.8000,638.8000,638.8000,1,1,2026-08-24T00:00:00.000
2342,20260528,20260805,47040,493,443,460,225,10,3,SOA002342,639.5000,639.5000,639.5000,1,1,2026-08-24T00:00:00.000
2343,20260614,20260718,80340,149,212,225,73,9,5,SOA002343,640.2000,640.2000,640.2000,1,1,2026-08-24T00:00:00.000
2344,20260729,20260808,41940,63,5,329,295,5,5,SOA002344,640.9000,640.9000,640.9000,1,1,2026-08-24T00:00:00.000
2345,20260821,20260702,13680,242,194,127,261,1,6,SOA002345,641.6000,641.6000,641.6000,1,1,2026-08-24T00:00:00.000
2346,20260608,20260821,68040,342,44,342,282,8,3,SOA002346,642.3000,642.3000,642.3000,1,1,2026-08-24T00:00:00.000
2347,20260605,20260726,82440,427,441,280,263,3,1,SOA002347,643.0000,643.0000,643.0000,1,1,2026-08-24T00:00:00.000
2348,20260729,20260818,61080,430,274,193,32,10,5,SOA002348,643.7000,643.7000,643.7000,1,1,2026-08-24T00:00:00.000
2349,20260809,20260725,67560,353,479,120,45,10,6,SOA002349,644.4000,644.4000,644.4000,1,1,2026-08-24T00:00:00.000
2350,20260729,20260602,25080,202,401,80,74,7,6,SOA002350,645.1000,645.1000,645.1000,1,1,2026-08-24T00:00:00.000
2351,20260714,20260531,80520,388,121,197,228,10,2,SOA002351,645.8000,645.8000,645.8000,1,1,2026-08-24T00:00:00.000
2352,20260717,20260627,39900,320,325,140,303,3,1,SOA002352,646.5000,646.5000,646.5000,1,1,2026-08-24T00:00:00.000
2353,20260609,20260609,7260,279,254,321,141,5,6,SOA002353,647.2000,647.2000,647.2000,1,1,2026-08-24T00:00:00.000
2354,20260724,20260715,54240,207,273,236,154,7,5,SOA002354,647.9000,647.9000,647.9000,1,1,2026-08-24T00:00:00.000
2355,20260731,20260609,30720,232,434,277,204,9,1,SOA002355,648.6000,648.6000,648.6000,1,1,2026-08-24T00:00:00.000
2356,20260529,20260803,70560,22,142,114,69,2,7,SOA002356,649.3000,649.3000,649.3000,1,1,2026-08-24T00:00:00.000
2357,20260722,20260612,39000,102,448,145,4,7,1,SOA002357,650.0000,650.0000,650.0000,1,1,2026-08-24T00:00:00.000
2358,20260820,20260815,58560,364,75,53,220,5,3,SOA002358,650.7000,650.7000,650.7000,1,1,2026-08-24T00:00:00.000
2359,20260809,20260601,79620,409,377,284,84,4,4,SOA002359,651.4000,651.4000,651.4000,1,1,2026-08-24T00:00:00.000
2360,20260805,20260708,13920,234,23,285,332,6,4,SOA002360,652.1000,652.1000,652.1000,1,1,2026-08-24T00:00:00.000
2361,20260803,20260815,30060,138,308,3,303,2,1,SOA002361,652.8000,652.8000,652.8000,1,1,2026-08-24T00:00:00.000
2362,20260614,20260614,1200,269,8,214,223,10,5,SOA002362,653.5000,653.5000,653.5000,1,1,2026-08-24T00:00:00.000
2363,20260801,20260613,51420,159,227,459,174,7,3,SOA002363,654.2000,654.2000,654.2000,1,1,2026-08-24T00:00:00.000
2364,20260717,20260626,34860,200,259,474,259,1,7,SOA002364,654.9000,654.9000,654.9000,1,1,2026-08-24T00:00:00.000
2365,20260610,20260627,39960,406,441,120,90,8,3,SOA002365,655.6000,655.6000,655.6000,1,1,2026-08-24T00:00:00.000
2366,20260705,20260804,34620,474,233,120,45,5,5,SOA002366,656.3000,656.3000,656.3000,1,1,2026-08-24T00:00:00.000
2367,20260531,20260811,36960,1,178,430,233,10,4,SOA002367,657.0000,657.0000,657.0000,1,1,2026-08-24T00:00:00.000
2368,20260612,20260823,4140,50,64,376,350,5,2,SOA002368,657.7000,657.7000,657.7000,1,1,2026-08-24T00:00:00.000
2369,20260723,20260719,77100,423,110,156,269,9,7,SOA002369,658.4000,658.4000,658.4000,1,1,2026-08-24T00:00:00.000
2370,20260725,20260613,1800,423,229,371,119,3,4,SOA002370,659.1000,659.1000,659.1000,1,1,2026-08-24T00:00:00.000
2371,20260623,20260820,16500,15,93,453,293,4,7,SOA002371,659.8000,659.8000,659.8000,1,1,2026-08-24T00:00:00.000
2372,20260821,20260530,9480,151,44,152,78,10,3,SOA002372,660.5000,660.5000,660.5000,1,1,2026-08-24T00:00:00.000
2373,20260801,20260610,69000,152,310,463,289,9,5,SOA002373,661.2000,661.2000,661.2000,1,1,2026-08-24T00:00:00.000
2374,20260814,20260616,49500,381,475,67,105,4,3,SOA002374,661.9000,661.9000,661.9000,1,1,2026-08-24T00:00:00.000
2375,20260824,20260617,1320,409,107,407,286,9,1,SOA002375,662.6000,662.6000,662.6000,1,1,2026-08-24T00:00:00.000
2376,20260803,20260605,74220,397,65,476,205,6,6,SOA002376,663.3000,663.3000,663.3000,1,1,2026-08-24T00:00:00.000
2377,20260620,20260619,48240,378,283,250,23,1,4,SOA002377,664.0000,664.0000,664.0000,1,1,2026-08-24T00:00:00.000
2378,20260718,20260608,65940,172,486,208,220,10,2,SOA002378,664.7000,664.7000,664.7000,1,1,2026-08-24T00:00:00.000
2379,20260804,20260706,66360,228,195,423,183,1,3,SOA002379,665.4000,665.4000,665.4000,1,1,2026-08-24T00:00:00.000
2380,20260616,20260626,70560,100,238,210,208,1,1,SOA002380,666.1000,666.1000,666.1000,1,1,2026-08-24T00:00:00.000
2381,20260815,20260821,72120,354,326,408,314,4,5,SOA002381,666.8000,666.8000,666.8000,1,1,2026-08-24T00:00:00.000
2382,20260702,20260815,74340,276,66,168,127,8,2,SOA002382,667.5000,667.5000,667.5000,1,1,2026-08-24T00:00:00.000
2383,20260814,20260802,83220,436,391,253,324,1,5,SOA002383,668.2000,668.2000,668.2000,1,1,2026-08-24T00:00:00.000
2384,20260623,20260805,37560,51,109,175,181,1,3,SOA002384,668.9000,668.9000,668.9000,1,1,2026-08-24T00:00:00.000
2385,20260608,20260609,44400,52,2,212,22,7,6,SOA002385,669.6000,669.6000,669.6000,1,1,2026-08-24T00:00:00.000
2386,20260607,20260727,22800,44,51,218,123,3,1,SOA002386,670.3000,670.3000,670.3000,1,1,2026-08-24T00:00:00.000
2387,20260722,20260629,35520,484,354,211,322,7,3,SOA002387,671.0000,671.0000,671.0000,1,1,2026-08-24T00:00:00.000
2388,20260730,20260602,52320,321,184,331,261,7,1,SOA002388,671.7000,671.7000,671.7000,1,1,2026-08-24T00:00:00.000
2389,20260704,20260718,54840,349,212,499,21,10,3,SOA002389,672.4000,672.4000,672.4000,1,1,2026-08-24T00:00:00.000
2390,20260702,20260730,18780,498,490,484,196,1,2,SOA002390,673.1000,673.1000,673.1000,1,1,2026-08-24T00:00:00.000
2391,20260810,20260602,59040,455,110,310,236,3,7,SOA002391,673.8000,673.8000,673.8000,1,1,2026-08-24T00:00:00.000
2392,20260712,20260705,56400,385,417,292,309,1,1,SOA002392,674.5000,674.5000,674.5000,1,1,2026-08-24T00:00:00.000
2393,20260814,20260811,63600,353,189,161,324,6,5,SOA002393,675.2000,675.2000,675.2000,1,1,2026-08-24T00:00:00.000
2394,20260811,20260803,44760,412,139,479,57,4,3,SOA002394,675.9000,675.9000,675.9000,1,1,2026-08-24T00:00:00.000
2395,20260824,20260722,82500,457,428,105,230,6,7,SOA002395,676.6000,676.6000,676.6000,1,1,2026-08-24T00:00:00.000
2396,20260605,20260609,22260,275,446,244,114,4,4,SOA002396,677.3000,677.3000,677.3000,1,1,2026-08-24T00:00:00.000
2397,20260619,20260805,7320,444,250,157,34,8,5,SOA002397,678.0000,678.0000,678.0000,1,1,2026-08-24T00:00:00.000
2398,20260702,20260610,58680,297,122,158,29,2,7,SOA002398,678.7000,678.7000,678.7000,1,1,2026-08-24T00:00:00.000
2399,20260628,20260812,22860,452,441,36,62,2,2,SOA002399,679.4000,679.4000,679.4000,1,1,2026-08-24T00:00:00.000
2400,20260527,20260629,32880,443,18,76,241,6,1,SOA002400,680.1000,680.1000,680.1000,1,1,2026-08-24T00:00:00.000
2401,20260727,20260813,23820,244,257,332,239,10,3,SOA002401,680.8000,680.8000,680.8000,1,1,2026-08-24T00:00:00.000
2402,20260731,20260716,49320,395,355,451,105,4,4,SOA002402,681.5000,681.5000,681.5000,1,1,2026-08-24T00:00:00.000
2403,20260709,20260819,66720,368,360,155,66,5,5,SOA002403,682.2000,682.2000,682.2000,1,1,2026-08-24T00:00:00.000
2404,20260823,20260816,85500,484,351,163,326,4,4,SOA002404,682.9000,682.9000,682.9000,1,1,2026-08-24T00:00:00.000
2405,20260629,20260726,76140,74,158,251,292,6,2,SOA002405,683.6000,683.6000,683.6000,1,1,2026-08-24T00:00:00.000
2406,20260619,20260805,66600,183,229,26,47,9,1,SOA002406,684.3000,684.3000,684.3000,1,1,2026-08-24T00:00:00.000
2407,20260801,20260630,14100,62,374,388,81,8,1,SOA002407,685.0000,685.0000,685.0000,1,1,2026-08-24T00:00:00.000
2408,20260618,20260717,49380,450,390,239,350,1,1,SOA002408,685.7000,685.7000,685.7000,1,1,2026-08-24T00:00:00.000
2409,20260602,20260706,16980,205,21,84,232,1,3,SOA002409,686.4000,686.4000,686.4000,1,1,2026-08-24T00:00:00.000
2410,20260618,20260802,22080,255,82,23,214,8,2,SOA002410,687.1000,687.1000,687.1000,1,1,2026-08-24T00:00:00.000
2411,20260726,20260815,32760,191,2,151,269,1,1,SOA002411,687.8000,687.8000,687.8000,1,1,2026-08-24T00:00:00.000
2412,20260706,20260710,57540,431,186,399,350,7,1,SOA002412,688.5000,688.5000,688.5000,1,1,2026-08-24T00:00:00.000
2413,20260817,20260819,65400,264,346,61,163,9,5,SOA002413,689.2000,689.2000,689.2000,1,1,2026-08-24T00:00:00.000
2414,20260719,20260609,36600,281,497,171,151,2,1,SOA002414,689.9000,689.9000,689.9000,1,1,2026-08-24T00:00:00.000
2415,20260528,20260805,50640,282,69,428,98,9,5,SOA002415,690.6000,690.6000,690.6000,1,1,2026-08-24T00:00:00.000
2416,20260621,20260730,69600,356,475,414,319,6,2,SOA002416,691.3000,691.3000,691.3000,1,1,2026-08-24T00:00:00.000
2417,20260601,20260610,24840,437,19,40,17,2,3,SOA002417,692.0000,692.0000,692.0000,1,1,2026-08-24T00:00:00.000
2418,20260708,20260728,15540,263,386,134,227,3,4,SOA002418,692.7000,692.7000,692.7000,1,1,2026-08-24T00:00:00.000
2419,20260614,20260627,47340,210,323,110,318,3,3,SOA002419,693.4000,693.4000,693.4000,1,1,2026-08-24T00:00:00.000
2420,20260809,20260723,57540,87,171,202,14,7,6,SOA002420,694.1000,694.1000,694.1000,1,1,2026-08-24T00:00:00.000
2421,20260821,20260809,65040,310,269,131,159,4,4,SOA002421,694.8000,694.8000,694.8000,1,1,2026-08-24T00:00:00.000
2422,20260823,20260812,3420,343,30,145,277,1,6,SOA002422,695.5000,695.5000,695.5000,1,1,2026-08-24T00:00:00.000
2423,20260727,20260707,33780,203,291,146,47,9,7,SOA002423,696.2000,696.2000,696.2000,1,1,2026-08-24T00:00:00.000
2424,20260811,20260612,53820,220,370,391,77,3,7,SOA002424,696.9000,696.9000,696.9000,1,1,2026-08-24T00:00:00.000
2425,20260716,20260622,41640,477,456,180,129,7,6,SOA002425,697.6000,697.6000,697.6000,1,1,2026-08-24T00:00:00.000
2426,20260812,20260729,31800,310,24,178,199,9,2,SOA002426,698.3000,698.3000,698.3000,1,1,2026-08-24T00:00:00.000
2427,20260619,20260821,29220,364,487,151,94,6,4,SOA002427,699.0000,699.0000,699.0000,1,1,2026-08-24T00:00:00.000
2428,20260703,20260823,52740,198,208,249,236,3,3,SOA002428,699.7000,699.7000,699.7000,1,1,2026-08-24T00:00:00.000
2429,20260527,20260529,77880,312,303,122,268,9,5,SOA002429,700.4000,700.4000,700.4000,1,1,2026-08-24T00:00:00.000
2430,20260818,20260802,2340,116,330,440,186,9,6,SOA002430,701.1000,701.1000,701.1000,1,1,2026-08-24T00:00:00.000
2431,20260718,20260816,2280,276,333,187,215,9,7,SOA002431,701.8000,701.8000,701.8000,1,1,2026-08-24T00:00:00.000
2432,20260706,20260605,47220,214,438,65,73,6,7,SOA002432,702.5000,702.5000,702.5000,1,1,2026-08-24T00:00:00.000
2433,20260722,20260808,1500,109,324,159,247,10,7,SOA002433,703.2000,703.2000,703.2000,1,1,2026-08-24T00:00:00.000
2434,20260711,20260601,81540,465,430,317,247,3,1,SOA002434,703.9000,703.9000,703.9000,1,1,2026-08-24T00:00:00.000
2435,20260816,20260807,1500,420,63,337,240,2,1,SOA002435,704.6000,704.6000,704.6000,1,1,2026-08-24T00:00:00.000
2436,20260810,20260607,35700,174,124,240,6,7,3,SOA002436,705.3000,705.3000,705.3000,1,1,2026-08-24T00:00:00.000
2437,20260529,20260822,76860,384,259,402,205,3,2,SOA002437,706.0000,706.0000,706.0000,1,1,2026-08-24T00:00:00.000
2438,20260817,20260813,54060,377,463,369,85,5,7,SOA002438,706.7000,706.7000,706.7000,1,1,2026-08-24T00:00:00.000
2439,20260530,20260626,76620,107,117,386,107,7,5,SOA002439,707.4000,707.4000,707.4000,1,1,2026-08-24T00:00:00.000
2440,20260716,20260811,23040,339,324,330,57,10,7,SOA002440,708.1000,708.1000,708.1000,1,1,2026-08-24T00:00:00.000
2441,20260616,20260802,32640,154,113,499,333,6,7,SOA002441,708.8000,708.8000,708.8000,1,1,2026-08-24T00:00:00.000
2442,20260811,20260530,57300,259,355,343,279,9,6,SOA002442,709.5000,709.5000,709.5000,1,1,2026-08-24T00:00:00.000
2443,20260719,20260812,53760,251,8,331,155,6,6,SOA002443,710.2000,710.2000,710.2000,1,1,2026-08-24T00:00:00.000
2444,20260621,20260628,7560,498,288,29,216,8,3,SOA002444,710.9000,710.9000,710.9000,1,1,2026-08-24T00:00:00.000
2445,20260820,20260710,56040,88,90,373,249,4,7,SOA002445,711.6000,711.6000,711.6000,1,1,2026-08-24T00:00:00.000
2446,20260614,20260805,31740,11,489,26,61,1,7,SOA002446,712.3000,712.3000,712.3000,1,1,2026-08-24T00:00:00.000
2447,20260820,20260714,61800,277,472,274,85,6,2,SOA002447,713.0000,713.0000,713.0000,1,1,2026-08-24T00:00:00.000
2448,20260625,20260814,12480,288,109,281,285,10,4,SOA002448,713.7000,713.7000,713.7000,1,1,2026-08-24T00:00:00.000
2449,20260715,20260601,85140,462,374,339,118,1,7,SOA002449,714.4000,714.4000,714.4000,1,1,2026-08-24T00:00:00.000
2450,20260814,20260623,52500,13,214,494,198,3,4,SOA002450,715.1000,715.1000,715.1000,1,1,2026-08-24T00:00:00.000
2451,20260724,20260720,62280,278,403,410,92,9,5,SOA002451,715.8000,715.8000,715.8000,1,1,2026-08-24T00:00:00.000
2452,20260531,20260616,13680,268,230,58,128,6,2,SOA002452,716.5000,716.5000,716.5000,1,1,2026-08-24T00:00:00.000
2453,20260620,20260611,60480,232,392,186,314,2,3,SOA002453,717.2000,717.2000,717.2000,1,1,2026-08-24T00:00:00.000
2454,20260701,20260801,36180,137,346,178,128,4,3,SOA002454,717.9000,717.9000,717.9000,1,1,2026-08-24T00:00:00.000
2455,20260529,20260626,82980,311,119,355,193,10,2,SOA002455,718.6000,718.6000,718.6000,1,1,2026-08-24T00:00:00.000
2456,20260620,20260609,48780,311,443,162,85,8,3,SOA002456,719.3000,719.3000,719.3000,1,1,2026-08-24T00:00:00.000
2457,20260804,20260625,44640,46,113,381,257,4,7,SOA002457,720.0000,720.0000,720.0000,1,1,2026-08-24T00:00:00.000
2458,20260818,20260703,65880,466,380,312,334,7,1,SOA002458,720.7000,720.7000,720.7000,1,1,2026-08-24T00:00:00.000
2459,20260820,20260718,39120,452,240,33,101,1,2,SOA002459,721.4000,721.4000,721.4000,1,1,2026-08-24T00:00:00.000
2460,20260606,20260531,2160,396,186,436,82,4,5,SOA002460,722.1000,722.1000,722.1000,1,1,2026-08-24T00:00:00.000
2461,20260714,20260714,16320,393,78,286,212,8,3,SOA002461,722.8000,722.8000,722.8000,1,1,2026-08-24T00:00:00.000
2462,20260810,20260609,30900,193,279,473,5,3,6,SOA002462,723.5000,723.5000,723.5000,1,1,2026-08-24T00:00:00.000
2463,20260624,20260611,10020,35,426,316,83,7,7,SOA002463,724.2000,724.2000,724.2000,1,1,2026-08-24T00:00:00.000
2464,20260614,20260613,17640,262,182,64,164,1,6,SOA002464,724.9000,724.9000,724.9000,1,1,2026-08-24T00:00:00.000
2465,20260529,20260609,8340,428,255,64,215,1,1,SOA002465,725.6000,725.6000,725.6000,1,1,2026-08-24T00:00:00.000
2466,20260731,20260802,40140,65,197,94,218,2,5,SOA002466,726.3000,726.3000,726.3000,1,1,2026-08-24T00:00:00.000
2467,20260624,20260602,48240,349,366,372,5,6,2,SOA002467,727.0000,727.0000,727.0000,1,1,2026-08-24T00:00:00.000
2468,20260728,20260723,19440,337,140,104,257,10,4,SOA002468,727.7000,727.7000,727.7000,1,1,2026-08-24T00:00:00.000
2469,20260729,20260820,40020,396,55,270,70,5,7,SOA002469,728.4000,728.4000,728.4000,1,1,2026-08-24T00:00:00.000
2470,20260715,20260721,4140,431,354,157,85,8,7,SOA002470,729.1000,729.1000,729.1000,1,1,2026-08-24T00:00:00.000
2471,20260720,20260809,77880,267,194,167,175,6,5,SOA002471,729.8000,729.8000,729.8000,1,1,2026-08-24T00:00:00.000
2472,20260601,20260614,9480,117,121,154,308,5,2,SOA002472,730.5000,730.5000,730.5000,1,1,2026-08-24T00:00:00.000
2473,20260811,20260813,22680,393,211,418,100,10,6,SOA002473,731.2000,731.2000,731.2000,1,1,2026-08-24T00:00:00.000
2474,20260612,20260601,53580,208,48,156,249,1,6,SOA002474,731.9000,731.9000,731.9000,1,1,2026-08-24T00:00:00.000
2475,20260820,20260812,18960,386,456,300,128,9,6,SOA002475,732.6000,732.6000,732.6000,1,1,2026-08-24T00:00:00.000
2476,20260810,20260727,33900,90,243,8,63,4,4,SOA002476,733.3000,733.3000,733.3000,1,1,2026-08-24T00:00:00.000
2477,20260611,20260626,45120,340,411,55,246,4,6,SOA002477,734.0000,734.0000,734.0000,1,1,2026-08-24T00:00:00.000
2478,20260817,20260811,20340,477,91,470,87,7,1,SOA002478,734.7000,734.7000,734.7000,1,1,2026-08-24T00:00:00.000
2479,20260824,20260622,1560,190,190,162,27,4,5,SOA002479,735.4000,735.4000,735.4000,1,1,2026-08-24T00:00:00.000
2480,20260815,20260528,61020,185,356,160,151,3,3,SOA002480,736.1000,736.1000,736.1000,1,1,2026-08-24T00:00:00.000
2481,20260527,20260618,75720,295,246,157,81,4,1,SOA002481,736.8000,736.8000,736.8000,1,1,2026-08-24T00:00:00.000
2482,20260527,20260611,57480,71,457,339,197,5,5,SOA002482,737.5000,737.5000,737.5000,1,1,2026-08-24T00:00:00.000
2483,20260627,20260613,47280,348,217,270,159,3,2,SOA002483,738.2000,738.2000,738.2000,1,1,2026-08-24T00:00:00.000
2484,20260601,20260704,74760,121,8,459,249,4,4,SOA002484,738.9000,738.9000,738.9000,1,1,2026-08-24T00:00:00.000
2485,20260621,20260630,7680,218,257,54,65,7,4,SOA002485,739.6000,739.6000,739.6000,1,1,2026-08-24T00:00:00.000
2486,20260612,20260531,9900,93,441,359,154,9,2,SOA002486,740.3000,740.3000,740.3000,1,1,2026-08-24T00:00:00.000
2487,20260804,20260808,67680,430,62,167,257,1,5,SOA002487,741.0000,741.0000,741.0000,1,1,2026-08-24T00:00:00.000
2488,20260624,20260807,17160,120,472,202,159,9,6,SOA002488,741.7000,741.7000,741.7000,1,1,2026-08-24T00:00:00.000
2489,20260711,20260729,59940,348,128,104,299,3,7,SOA002489,742.4000,742.4000,742.4000,1,1,2026-08-24T00:00:00.000
2490,20260527,20260601,65760,426,318,314,13,9,5,SOA002490,743.1000,743.1000,743.1000,1,1,2026-08-24T00:00:00.000
2491,20260527,20260720,25920,387,257,219,97,9,6,SOA002491,743.8000,743.8000,743.8000,1,1,2026-08-24T00:00:00.000
2492,20260616,20260530,35820,295,217,201,305,1,4,SOA002492,744.5000,744.5000,744.5000,1,1,2026-08-24T00:00:00.000
2493,20260723,20260711,10920,256,138,50,184,10,3,SOA002493,745.2000,745.2000,745.2000,1,1,2026-08-24T00:00:00.000
2494,20260713,20260729,82200,273,239,19,269,1,6,SOA002494,745.9000,745.9000,745.9000,1,1,2026-08-24T00:00:00.000
2495,20260614,20260603,84300,465,172,200,38,7,5,SOA002495,746.6000,746.6000,746.6000,1,1,2026-08-24T00:00:00.000
2496,20260713,20260626,41940,103,232,54,41,2,3,SOA002496,747.3000,747.3000,747.3000,1,1,2026-08-24T00:00:00.000
2497,20260708,20260622,3540,104,402,348,128,8,4,SOA002497,748.0000,748.0000,748.0000,1,1,2026-08-24T00:00:00.000
2498,20260720,20260816,24780,212,163,155,304,7,6,SOA002498,748.7000,748.7000,748.7000,1,1,2026-08-24T00:00:00.000
2499,20260619,20260607,22800,272,359,191,208,3,1,SOA002499,749.4000,749.4000,749.4000,1,1,2026-08-24T00:00:00.000
2500,20260807,20260611,22980,473,301,364,329,3,6,SOA002500,750.1000,750.1000,750.1000,1,1,2026-08-24T00:00:00.000
2501,20260608,20260527,73080,246,481,227,254,3,5,SOA002501,750.8000,750.8000,750.8000,1,1,2026-08-24T00:00:00.000
2502,20260815,20260617,66480,258,332,497,212,10,2,SOA002502,751.5000,751.5000,751.5000,1,1,2026-08-24T00:00:00.000
2503,20260605,20260811,44340,397,106,304,67,5,1,SOA002503,752.2000,752.2000,752.2000,1,1,2026-08-24T00:00:00.000
2504,20260802,20260821,21900,331,235,403,300,6,3,SOA002504,752.9000,752.9000,752.9000,1,1,2026-08-24T00:00:00.000
2505,20260812,20260603,56460,104,80,247,166,9,4,SOA002505,753.6000,753.6000,753.6000,1,1,2026-08-24T00:00:00.000
2506,20260821,20260730,34560,311,376,421,193,7,1,SOA002506,754.3000,754.3000,754.3000,1,1,2026-08-24T00:00:00.000
2507,20260704,20260619,8160,249,308,394,125,8,6,SOA002507,755.0000,755.0000,755.0000,1,1,2026-08-24T00:00:00.000
2508,20260614,20260806,59640,285,474,28,106,7,1,SOA002508,755.7000,755.7000,755.7000,1,1,2026-08-24T00:00:00.000
2509,20260709,20260628,16380,124,83,7,4,4,6,SOA002509,756.4000,756.4000,756.4000,1,1,2026-08-24T00:00:00.000
2510,20260701,20260605,80700,103,415,88,69,4,3,SOA002510,757.1000,757.1000,757.1000,1,1,2026-08-24T00:00:00.000
2511,20260620,20260529,16320,408,40,149,275,3,5,SOA002511,757.8000,757.8000,757.8000,1,1,2026-08-24T00:00:00.000
2512,20260808,20260817,60660,279,488,358,223,10,6,SOA002512,758.5000,758.5000,758.5000,1,1,2026-08-24T00:00:00.000
2513,20260616,20260709,51900,482,245,311,287,10,4,SOA002513,759.2000,759.2000,759.2000,1,1,2026-08-24T00:00:00.000
2514,20260528,20260801,65820,210,38,355,266,2,2,SOA002514,759.9000,759.9000,759.9000,1,1,2026-08-24T00:00:00.000
2515,20260530,20260716,39060,224,307,423,272,10,2,SOA002515,760.6000,760.6000,760.6000,1,1,2026-08-24T00:00:00.000
2516,20260619,20260606,51000,308,190,197,268,1,2,SOA002516,761.3000,761.3000,761.3000,1,1,2026-08-24T00:00:00.000
2517,20260724,20260805,71160,272,410,210,102,9,1,SOA002517,762.0000,762.0000,762.0000,1,1,2026-08-24T00:00:00.000
2518,20260608,20260625,77040,227,475,146,199,5,5,SOA002518,762.7000,762.7000,762.7000,1,1,2026-08-24T00:00:00.000
2519,20260807,20260708,66660,119,383,80,27,9,7,SOA002519,763.4000,763.4000,763.4000,1,1,2026-08-24T00:00:00.000
2520,20260622,20260729,74520,184,229,239,207,3,4,SOA002520,764.1000,764.1000,764.1000,1,1,2026-08-24T00:00:00.000
2521,20260816,20260607,64020,427,6,207,328,1,5,SOA002521,764.8000,764.8000,764.8000,1,1,2026-08-24T00:00:00.000
2522,20260822,20260622,57900,193,170,200,326,1,6,SOA002522,765.5000,765.5000,765.5000,1,1,2026-08-24T00:00:00.000
2523,20260820,20260529,19440,387,477,75,60,7,1,SOA002523,766.2000,766.2000,766.2000,1,1,2026-08-24T00:00:00.000
2524,20260820,20260814,52320,439,409,172,238,7,3,SOA002524,766.9000,766.9000,766.9000,1,1,2026-08-24T00:00:00.000
2525,20260701,20260603,15420,10,167,80,279,8,5,SOA002525,767.6000,767.6000,767.6000,1,1,2026-08-24T00:00:00.000
2526,20260607,20260706,70320,396,66,430,194,9,4,SOA002526,768.3000,768.3000,768.3000,1,1,2026-08-24T00:00:00.000
2527,20260731,20260606,40560,162,459,43,86,9,1,SOA002527,769.0000,769.0000,769.0000,1,1,2026-08-24T00:00:00.000
2528,20260622,20260722,54060,291,499,310,88,5,7,SOA002528,769.7000,769.7000,769.7000,1,1,2026-08-24T00:00:00.000
2529,20260531,20260616,85140,452,380,272,279,2,2,SOA002529,770.4000,770.4000,770.4000,1,1,2026-08-24T00:00:00.000
2530,20260722,20260628,59940,215,439,422,172,9,2,SOA002530,771.1000,771.1000,771.1000,1,1,2026-08-24T00:00:00.000
2531,20260718,20260712,17340,12,14,471,43,5,4,SOA002531,771.8000,771.8000,771.8000,1,1,2026-08-24T00:00:00.000
2532,20260727,20260628,19920,75,206,14,193,2,6,SOA002532,772.5000,772.5000,772.5000,1,1,2026-08-24T00:00:00.000
2533,20260816,20260704,19980,450,35,374,111,7,3,SOA002533,773.2000,773.2000,773.2000,1,1,2026-08-24T00:00:00.000
2534,20260619,20260608,38820,139,220,43,336,7,2,SOA002534,773.9000,773.9000,773.9000,1,1,2026-08-24T00:00:00.000
2535,20260712,20260803,44460,116,259,490,68,7,7,SOA002535,774.6000,774.6000,774.6000,1,1,2026-08-24T00:00:00.000
2536,20260811,20260604,70080,33,253,450,221,8,5,SOA002536,775.3000,775.3000,775.3000,1,1,2026-08-24T00:00:00.000
2537,20260729,20260616,51120,213,17,276,254,8,3,SOA002537,776.0000,776.0000,776.0000,1,1,2026-08-24T00:00:00.000
2538,20260707,20260619,5820,403,276,77,289,3,3,SOA002538,776.7000,776.7000,776.7000,1,1,2026-08-24T00:00:00.000
2539,20260709,20260816,72240,436,71,410,270,3,6,SOA002539,777.4000,777.4000,777.4000,1,1,2026-08-24T00:00:00.000
2540,20260812,20260727,64860,71,293,40,226,6,5,SOA002540,778.1000,778.1000,778.1000,1,1,2026-08-24T00:00:00.000
2541,20260604,20260707,86220,318,103,263,283,4,6,SOA002541,778.8000,778.8000,778.8000,1,1,2026-08-24T00:00:00.000
2542,20260529,20260612,21060,49,67,227,6,5,2,SOA002542,779.5000,779.5000,779.5000,1,1,2026-08-24T00:00:00.000
2543,20260722,20260713,81420,138,64,368,224,9,3,SOA002543,780.2000,780.2000,780.2000,1,1,2026-08-24T00:00:00.000
2544,20260719,20260604,58380,106,386,20,228,3,2,SOA002544,780.9000,780.9000,780.9000,1,1,2026-08-24T00:00:00.000
2545,20260720,20260626,11160,250,418,330,262,5,3,SOA002545,781.6000,781.6000,781.6000,1,1,2026-08-24T00:00:00.000
2546,20260608,20260604,8760,265,497,113,105,3,6,SOA002546,782.3000,782.3000,782.3000,1,1,2026-08-24T00:00:00.000
2547,20260714,20260613,51600,420,449,440,124,8,6,SOA002547,783.0000,783.0000,783.0000,1,1,2026-08-24T00:00:00.000
2548,20260807,20260817,84720,389,392,68,87,4,1,SOA002548,783.7000,783.7000,783.7000,1,1,2026-08-24T00:00:00.000
2549,20260615,20260713,21720,482,350,248,2,5,6,SOA002549,784.4000,784.4000,784.4000,1,1,2026-08-24T00:00:00.000
2550,20260817,20260713,57540,202,143,363,283,3,2,SOA002550,785.1000,785.1000,785.1000,1,1,2026-08-24T00:00:00.000
2551,20260718,20260814,25740,74,10,59,20,4,3,SOA002551,785.8000,785.8000,785.8000,1,1,2026-08-24T00:00:00.000
2552,20260611,20260718,77280,5,84,102,53,5,6,SOA002552,786.5000,786.5000,786.5000,1,1,2026-08-24T00:00:00.000
2553,20260814,20260716,19980,265,245,97,76,4,4,SOA002553,787.2000,787.2000,787.2000,1,1,2026-08-24T00:00:00.000
2554,20260613,20260714,7740,60,5,244,247,4,7,SOA002554,787.9000,787.9000,787.9000,1,1,2026-08-24T00:00:00.000
2555,20260628,20260726,38220,179,126,205,75,2,2,SOA002555,788.6000,788.6000,788.6000,1,1,2026-08-24T00:00:00.000
2556,20260627,20260530,54960,89,170,49,112,10,2,SOA002556,789.3000,789.3000,789.3000,1,1,2026-08-24T00:00:00.000
2557,20260528,20260626,68160,472,284,406,297,7,2,SOA002557,790.0000,790.0000,790.0000,1,1,2026-08-24T00:00:00.000
2558,20260712,20260626,62580,259,1,58,158,10,3,SOA002558,790.7000,790.7000,790.7000,1,1,2026-08-24T00:00:00.000
2559,20260821,20260812,76020,432,438,143,223,4,2,SOA002559,791.4000,791.4000,791.4000,1,1,2026-08-24T00:00:00.000
2560,20260802,20260722,6540,38,414,233,72,1,4,SOA002560,792.1000,792.1000,792.1000,1,1,2026-08-24T00:00:00.000
2561,20260630,20260713,16080,486,205,467,261,7,2,SOA002561,792.8000,792.8000,792.8000,1,1,2026-08-24T00:00:00.000
2562,20260616,20260726,51720,430,9,289,349,4,4,SOA002562,793.5000,793.5000,793.5000,1,1,2026-08-24T00:00:00.000
2563,20260622,20260805,43860,263,13,48,313,7,4,SOA002563,794.2000,794.2000,794.2000,1,1,2026-08-24T00:00:00.000
2564,20260805,20260616,86220,181,343,318,279,3,6,SOA002564,794.9000,794.9000,794.9000,1,1,2026-08-24T00:00:00.000
2565,20260530,20260618,60120,476,281,311,316,10,4,SOA002565,795.6000,795.6000,795.6000,1,1,2026-08-24T00:00:00.000
2566,20260821,20260628,7560,336,3,123,258,10,6,SOA002566,796.3000,796.3000,796.3000,1,1,2026-08-24T00:00:00.000
2567,20260622,20260729,44580,63,345,241,239,6,1,SOA002567,797.0000,797.0000,797.0000,1,1,2026-08-24T00:00:00.000
2568,20260622,20260722,78720,194,327,416,197,6,1,SOA002568,797.7000,797.7000,797.7000,1,1,2026-08-24T00:00:00.000
2569,20260820,20260605,74640,311,228,122,117,4,7,SOA002569,798.4000,798.4000,798.4000,1,1,2026-08-24T00:00:00.000
2570,20260621,20260624,56220,464,345,383,180,5,3,SOA002570,799.1000,799.1000,799.1000,1,1,2026-08-24T00:00:00.000
2571,20260529,20260531,12060,201,112,27,58,5,7,SOA002571,799.8000,799.8000,799.8000,1,1,2026-08-24T00:00:00.000
2572,20260712,20260529,63360,348,417,101,10,1,2,SOA002572,800.5000,800.5000,800.5000,1,1,2026-08-24T00:00:00.000
2573,20260717,20260623,61800,473,45,450,243,8,2,SOA002573,801.2000,801.2000,801.2000,1,1,2026-08-24T00:00:00.000
2574,20260815,20260805,18000,225,118,262,199,6,6,SOA002574,801.9000,801.9000,801.9000,1,1,2026-08-24T00:00:00.000
2575,20260810,20260731,65280,50,500,370,11,8,5,SOA002575,802.6000,802.6000,802.6000,1,1,2026-08-24T00:00:00.000
2576,20260719,20260623,55800,356,188,55,348,2,7,SOA002576,803.3000,803.3000,803.3000,1,1,2026-08-24T00:00:00.000
2577,20260628,20260602,3780,276,81,184,225,8,1,SOA002577,804.0000,804.0000,804.0000,1,1,2026-08-24T00:00:00.000
2578,20260719,20260717,72900,266,208,160,282,4,4,SOA002578,804.7000,804.7000,804.7000,1,1,2026-08-24T00:00:00.000
2579,20260611,20260603,41280,500,9,222,187,5,7,SOA002579,805.4000,805.4000,805.4000,1,1,2026-08-24T00:00:00.000
2580,20260706,20260717,7560,229,325,269,163,6,6,SOA002580,806.1000,806.1000,806.1000,1,1,2026-08-24T00:00:00.000
2581,20260629,20260623,12840,90,213,89,341,7,3,SOA002581,806.8000,806.8000,806.8000,1,1,2026-08-24T00:00:00.000
2582,20260721,20260728,10380,14,157,84,246,8,7,SOA002582,807.5000,807.5000,807.5000,1,1,2026-08-24T00:00:00.000
2583,20260707,20260710,7920,364,471,400,134,10,6,SOA002583,808.2000,808.2000,808.2000,1,1,2026-08-24T00:00:00.000
2584,20260803,20260629,72960,348,35,129,109,1,4,SOA002584,808.9000,808.9000,808.9000,1,1,2026-08-24T00:00:00.000
2585,20260625,20260811,55800,406,137,266,236,1,5,SOA002585,809.6000,809.6000,809.6000,1,1,2026-08-24T00:00:00.000
2586,20260622,20260617,25620,311,427,55,292,1,5,SOA002586,810.3000,810.3000,810.3000,1,1,2026-08-24T00:00:00.000
2587,20260807,20260728,2520,270,302,481,108,10,3,SOA002587,811.0000,811.0000,811.0000,1,1,2026-08-24T00:00:00.000
2588,20260709,20260728,29400,412,318,450,286,5,1,SOA002588,811.7000,811.7000,811.7000,1,1,2026-08-24T00:00:00.000
2589,20260710,20260616,54720,454,252,261,171,1,3,SOA002589,812.4000,812.4000,812.4000,1,1,2026-08-24T00:00:00.000
2590,20260711,20260604,52740,254,387,379,121,1,7,SOA002590,813.1000,813.1000,813.1000,1,1,2026-08-24T00:00:00.000
2591,20260530,20260711,4740,283,4,489,205,7,4,SOA002591,813.8000,813.8000,813.8000,1,1,2026-08-24T00:00:00.000
2592,20260611,20260721,44160,143,157,97,167,2,7,SOA002592,814.5000,814.5000,814.5000,1,1,2026-08-24T00:00:00.000
2593,20260619,20260808,52860,401,146,14,317,2,6,SOA002593,815.2000,815.2000,815.2000,1,1,2026-08-24T00:00:00.000
2594,20260820,20260804,32940,227,113,197,259,2,6,SOA002594,815.9000,815.9000,815.9000,1,1,2026-08-24T00:00:00.000
2595,20260627,20260528,19440,397,125,397,138,4,1,SOA002595,816.6000,816.6000,816.6000,1,1,2026-08-24T00:00:00.000
2596,20260721,20260608,67380,55,240,95,247,8,5,SOA002596,817.3000,817.3000,817.3000,1,1,2026-08-24T00:00:00.000
2597,20260726,20260621,39480,487,274,79,56,7,4,SOA002597,818.0000,818.0000,818.0000,1,1,2026-08-24T00:00:00.000
2598,20260804,20260808,20820,352,476,15,31,7,6,SOA002598,818.7000,818.7000,818.7000,1,1,2026-08-24T00:00:00.000
2599,20260808,20260807,58740,223,395,98,248,4,2,SOA002599,819.4000,819.4000,819.4000,1,1,2026-08-24T00:00:00.000
2600,20260806,20260627,30780,187,416,35,170,5,2,SOA002600,820.1000,820.1000,820.1000,1,1,2026-08-24T00:00:00.000
2601,20260613,20260708,43260,35,157,338,164,7,6,SOA002601,820.8000,820.8000,820.8000,1,1,2026-08-24T00:00:00.000
2602,20260610,20260823,24960,387,330,122,58,2,5,SOA002602,821.5000,821.5000,821.5000,1,1,2026-08-24T00:00:00.000
2603,20260625,20260613,6060,417,33,42,7,2,7,SOA002603,822.2000,822.2000,822.2000,1,1,2026-08-24T00:00:00.000
2604,20260611,20260602,16620,299,496,478,218,7,5,SOA002604,822.9000,822.9000,822.9000,1,1,2026-08-24T00:00:00.000
2605,20260812,20260717,46740,470,387,451,177,8,5,SOA002605,823.6000,823.6000,823.6000,1,1,2026-08-24T00:00:00.000
2606,20260624,20260622,55200,303,320,214,230,4,3,SOA002606,824.3000,824.3000,824.3000,1,1,2026-08-24T00:00:00.000
2607,20260615,20260601,56520,484,476,87,172,5,4,SOA002607,825.0000,825.0000,825.0000,1,1,2026-08-24T00:00:00.000
2608,20260703,20260713,27720,56,26,372,198,2,1,SOA002608,825.7000,825.7000,825.7000,1,1,2026-08-24T00:00:00.000
2609,20260711,20260604,43740,60,476,451,110,6,1,SOA002609,826.4000,826.4000,826.4000,1,1,2026-08-24T00:00:00.000
2610,20260813,20260806,79920,264,431,172,52,6,5,SOA002610,827.1000,827.1000,827.1000,1,1,2026-08-24T00:00:00.000
2611,20260809,20260614,47100,351,417,201,255,10,3,SOA002611,827.8000,827.8000,827.8000,1,1,2026-08-24T00:00:00.000
2612,20260713,20260611,44760,246,343,157,204,10,1,SOA002612,828.5000,828.5000,828.5000,1,1,2026-08-24T00:00:00.000
2613,20260819,20260718,78900,472,368,256,114,8,3,SOA002613,829.2000,829.2000,829.2000,1,1,2026-08-24T00:00:00.000
2614,20260619,20260614,43560,359,466,257,210,7,4,SOA002614,829.9000,829.9000,829.9000,1,1,2026-08-24T00:00:00.000
2615,20260709,20260809,9660,306,290,92,149,3,1,SOA002615,830.6000,830.6000,830.6000,1,1,2026-08-24T00:00:00.000
2616,20260530,20260802,1920,245,128,95,323,4,7,SOA002616,831.3000,831.3000,831.3000,1,1,2026-08-24T00:00:00.000
2617,20260715,20260623,52500,331,65,51,297,6,5,SOA002617,832.0000,832.0000,832.0000,1,1,2026-08-24T00:00:00.000
2618,20260818,20260724,12000,40,246,29,90,5,1,SOA002618,832.7000,832.7000,832.7000,1,1,2026-08-24T00:00:00.000
2619,20260621,20260629,27480,397,313,126,178,6,5,SOA002619,833.4000,833.4000,833.4000,1,1,2026-08-24T00:00:00.000
2620,20260727,20260702,55320,59,381,288,186,2,6,SOA002620,834.1000,834.1000,834.1000,1,1,2026-08-24T00:00:00.000
2621,20260619,20260807,61620,470,392,137,2,1,6,SOA002621,834.8000,834.8000,834.8000,1,1,2026-08-24T00:00:00.000
2622,20260607,20260715,39720,127,254,261,329,2,1,SOA002622,835.5000,835.5000,835.5000,1,1,2026-08-24T00:00:00.000
2623,20260624,20260814,51840,419,14,149,178,5,2,SOA002623,836.2000,836.2000,836.2000,1,1,2026-08-24T00:00:00.000
2624,20260804,20260729,73560,322,278,82,345,1,5,SOA002624,836.9000,836.9000,836.9000,1,1,2026-08-24T00:00:00.000
2625,20260715,20260820,63600,312,124,416,105,6,6,SOA002625,837.6000,837.6000,837.6000,1,1,2026-08-24T00:00:00.000
2626,20260627,20260622,37260,230,34,211,12,7,3,SOA002626,838.3000,838.3000,838.3000,1,1,2026-08-24T00:00:00.000
2627,20260704,20260810,15540,41,157,196,299,10,7,SOA002627,839.0000,839.0000,839.0000,1,1,2026-08-24T00:00:00.000
2628,20260702,20260715,10080,31,321,232,237,4,4,SOA002628,839.7000,839.7000,839.7000,1,1,2026-08-24T00:00:00.000
2629,20260807,20260726,79860,185,468,57,169,3,4,SOA002629,840.4000,840.4000,840.4000,1,1,2026-08-24T00:00:00.000
2630,20260604,20260803,73080,391,480,88,68,4,4,SOA002630,841.1000,841.1000,841.1000,1,1,2026-08-24T00:00:00.000
2631,20260617,20260527,19380,279,162,30,224,4,4,SOA002631,841.8000,841.8000,841.8000,1,1,2026-08-24T00:00:00.000
2632,20260620,20260607,77640,106,80,492,335,8,4,SOA002632,842.5000,842.5000,842.5000,1,1,2026-08-24T00:00:00.000
2633,20260809,20260809,47100,245,213,82,9,2,5,SOA002633,843.2000,843.2000,843.2000,1,1,2026-08-24T00:00:00.000
2634,20260609,20260623,58800,29,2,225,111,6,7,SOA002634,843.9000,843.9000,843.9000,1,1,2026-08-24T00:00:00.000
2635,20260801,20260629,50100,4,362,99,127,4,1,SOA002635,844.6000,844.6000,844.6000,1,1,2026-08-24T00:00:00.000
2636,20260713,20260629,44880,406,436,79,262,2,4,SOA002636,845.3000,845.3000,845.3000,1,1,2026-08-24T00:00:00.000
2637,20260610,20260821,31680,357,136,208,103,2,2,SOA002637,846.0000,846.0000,846.0000,1,1,2026-08-24T00:00:00.000
2638,20260711,20260703,21480,305,169,24,228,8,2,SOA002638,846.7000,846.7000,846.7000,1,1,2026-08-24T00:00:00.000
2639,20260718,20260612,24900,361,251,266,312,5,3,SOA002639,847.4000,847.4000,847.4000,1,1,2026-08-24T00:00:00.000
2640,20260620,20260623,68820,483,483,136,334,3,1,SOA002640,848.1000,848.1000,848.1000,1,1,2026-08-24T00:00:00.000
2641,20260527,20260619,2640,496,486,32,218,6,7,SOA002641,848.8000,848.8000,848.8000,1,1,2026-08-24T00:00:00.000
2642,20260702,20260605,16740,442,122,451,84,3,2,SOA002642,849.5000,849.5000,849.5000,1,1,2026-08-24T00:00:00.000
2643,20260623,20260527,35640,168,262,222,157,10,1,SOA002643,850.2000,850.2000,850.2000,1,1,2026-08-24T00:00:00.000
2644,20260710,20260710,41520,215,271,364,115,3,7,SOA002644,850.9000,850.9000,850.9000,1,1,2026-08-24T00:00:00.000
2645,20260605,20260705,49620,255,438,167,248,5,6,SOA002645,851.6000,851.6000,851.6000,1,1,2026-08-24T00:00:00.000
2646,20260823,20260715,67440,102,435,462,230,8,7,SOA002646,852.3000,852.3000,852.3000,1,1,2026-08-24T00:00:00.000
2647,20260713,20260801,69180,43,427,472,5,1,7,SOA002647,853.0000,853.0000,853.0000,1,1,2026-08-24T00:00:00.000
2648,20260720,20260630,12240,85,456,452,282,9,2,SOA002648,853.7000,853.7000,853.7000,1,1,2026-08-24T00:00:00.000
2649,20260711,20260824,27420,142,355,230,218,9,6,SOA002649,854.4000,854.4000,854.4000,1,1,2026-08-24T00:00:00.000
2650,20260824,20260806,1020,236,245,81,74,3,7,SOA002650,855.1000,855.1000,855.1000,1,1,2026-08-24T00:00:00.000
2651,20260731,20260708,18000,30,409,25,230,3,6,SOA002651,855.8000,855.8000,855.8000,1,1,2026-08-24T00:00:00.000
2652,20260529,20260723,81120,431,93,17,88,1,5,SOA002652,856.5000,856.5000,856.5000,1,1,2026-08-24T00:00:00.000
2653,20260605,20260712,78120,260,144,13,199,10,7,SOA002653,857.2000,857.2000,857.2000,1,1,2026-08-24T00:00:00.000
2654,20260601,20260802,58440,116,235,108,217,1,7,SOA002654,857.9000,857.9000,857.9000,1,1,2026-08-24T00:00:00.000
2655,20260630,20260614,58860,26,267,31,68,7,6,SOA002655,858.6000,858.6000,858.6000,1,1,2026-08-24T00:00:00.000
2656,20260531,20260807,48180,473,60,253,219,6,4,SOA002656,859.3000,859.3000,859.3000,1,1,2026-08-24T00:00:00.000
2657,20260801,20260822,77880,87,372,286,257,7,1,SOA002657,860.0000,860.0000,860.0000,1,1,2026-08-24T00:00:00.000
2658,20260630,20260626,120,83,201,120,226,4,7,SOA002658,860.7000,860.7000,860.7000,1,1,2026-08-24T00:00:00.000
2659,20260529,20260710,84420,91,469,272,112,1,5,SOA002659,861.4000,861.4000,861.4000,1,1,2026-08-24T00:00:00.000
2660,20260702,20260806,63420,380,146,314,201,7,2,SOA002660,862.1000,862.1000,862.1000,1,1,2026-08-24T00:00:00.000
2661,20260614,20260530,66300,151,64,380,95,1,3,SOA002661,862.8000,862.8000,862.8000,1,1,2026-08-24T00:00:00.000
2662,20260609,20260715,65400,464,412,296,217,7,1,SOA002662,863.5000,863.5000,863.5000,1,1,2026-08-24T00:00:00.000
2663,20260619,20260724,75240,107,472,254,67,1,2,SOA002663,864.2000,864.2000,864.2000,1,1,2026-08-24T00:00:00.000
2664,20260811,20260627,68640,344,249,417,301,7,6,SOA002664,864.9000,864.9000,864.9000,1,1,2026-08-24T00:00:00.000
2665,20260618,20260706,15300,15,243,103,30,4,7,SOA002665,865.6000,865.6000,865.6000,1,1,2026-08-24T00:00:00.000
2666,20260706,20260810,21000,238,78,181,198,7,1,SOA002666,866.3000,866.3000,866.3000,1,1,2026-08-24T00:00:00.000
2667,20260607,20260711,16260,122,350,87,182,7,7,SOA002667,867.0000,867.0000,867.0000,1,1,2026-08-24T00:00:00.000
2668,20260629,20260623,40320,494,164,415,178,4,3,SOA002668,867.7000,867.7000,867.7000,1,1,2026-08-24T00:00:00.000
2669,20260801,20260703,32640,86,39,330,34,7,4,SOA002669,868.4000,868.4000,868.4000,1,1,2026-08-24T00:00:00.000
2670,20260606,20260614,31560,396,498,163,225,7,1,SOA002670,869.1000,869.1000,869.1000,1,1,2026-08-24T00:00:00.000
2671,20260707,20260606,24660,39,359,136,211,1,6,SOA002671,869.8000,869.8000,869.8000,1,1,2026-08-24T00:00:00.000
2672,20260703,20260624,3420,314,288,164,212,7,1,SOA002672,870.5000,870.5000,870.5000,1,1,2026-08-24T00:00:00.000
2673,20260808,20260623,9960,70,173,285,264,6,7,SOA002673,871.2000,871.2000,871.2000,1,1,2026-08-24T00:00:00.000
2674,20260706,20260708,15360,359,443,380,63,2,5,SOA002674,871.9000,871.9000,871.9000,1,1,2026-08-24T00:00:00.000
2675,20260814,20260630,18540,197,64,70,326,1,6,SOA002675,872.6000,872.6000,872.6000,1,1,2026-08-24T00:00:00.000
2676,20260816,20260728,43740,497,167,314,350,5,1,SOA002676,873.3000,873.3000,873.3000,1,1,2026-08-24T00:00:00.000
2677,20260627,20260701,61860,98,388,473,339,9,3,SOA002677,874.0000,874.0000,874.0000,1,1,2026-08-24T00:00:00.000
2678,20260730,20260710,40200,61,500,434,235,3,1,SOA002678,874.7000,874.7000,874.7000,1,1,2026-08-24T00:00:00.000
2679,20260606,20260812,6000,334,425,317,98,10,2,SOA002679,875.4000,875.4000,875.4000,1,1,2026-08-24T00:00:00.000
2680,20260615,20260715,19080,117,97,34,93,3,5,SOA002680,876.1000,876.1000,876.1000,1,1,2026-08-24T00:00:00.000
2681,20260724,20260815,33300,113,260,5,153,8,4,SOA002681,876.8000,876.8000,876.8000,1,1,2026-08-24T00:00:00.000
2682,20260714,20260728,6300,187,158,214,153,6,1,SOA002682,877.5000,877.5000,877.5000,1,1,2026-08-24T00:00:00.000
2683,20260626,20260713,61860,422,231,251,1,7,5,SOA002683,878.2000,878.2000,878.2000,1,1,2026-08-24T00:00:00.000
2684,20260607,20260804,40560,178,195,102,208,2,5,SOA002684,878.9000,878.9000,878.9000,1,1,2026-08-24T00:00:00.000
2685,20260713,20260531,26580,43,330,396,297,1,2,SOA002685,879.6000,879.6000,879.6000,1,1,2026-08-24T00:00:00.000
2686,20260801,20260708,81120,1,476,447,345,10,6,SOA002686,880.3000,880.3000,880.3000,1,1,2026-08-24T00:00:00.000
2687,20260619,20260616,82380,444,204,413,140,10,6,SOA002687,881.0000,881.0000,881.0000,1,1,2026-08-24T00:00:00.000
2688,20260612,20260527,2400,467,149,355,199,3,2,SOA002688,881.7000,881.7000,881.7000,1,1,2026-08-24T00:00:00.000
2689,20260712,20260721,7560,443,400,404,26,2,3,SOA002689,882.4000,882.4000,882.4000,1,1,2026-08-24T00:00:00.000
2690,20260714,20260730,55260,230,425,18,4,4,7,SOA002690,883.1000,883.1000,883.1000,1,1,2026-08-24T00:00:00.000
2691,20260807,20260712,14700,464,68,83,248,7,4,SOA002691,883.8000,883.8000,883.8000,1,1,2026-08-24T00:00:00.000
2692,20260605,20260619,8820,238,76,425,330,3,2,SOA002692,884.5000,884.5000,884.5000,1,1,2026-08-24T00:00:00.000
2693,20260712,20260707,72900,188,309,161,291,9,2,SOA002693,885.2000,885.2000,885.2000,1,1,2026-08-24T00:00:00.000
2694,20260608,20260816,51540,474,372,116,307,9,1,SOA002694,885.9000,885.9000,885.9000,1,1,2026-08-24T00:00:00.000
2695,20260614,20260716,22800,204,448,475,316,7,7,SOA002695,886.6000,886.6000,886.6000,1,1,2026-08-24T00:00:00.000
2696,20260720,20260626,43380,253,457,299,230,7,6,SOA002696,887.3000,887.3000,887.3000,1,1,2026-08-24T00:00:00.000
2697,20260823,20260812,47760,20,52,295,290,5,6,SOA002697,888.0000,888.0000,888.0000,1,1,2026-08-24T00:00:00.000
2698,20260731,20260602,19440,397,55,358,341,7,6,SOA002698,888.7000,888.7000,888.7000,1,1,2026-08-24T00:00:00.000
2699,20260815,20260701,49260,217,186,172,137,10,7,SOA002699,889.4000,889.4000,889.4000,1,1,2026-08-24T00:00:00.000
2700,20260820,20260728,59580,7,372,217,210,4,7,SOA002700,890.1000,890.1000,890.1000,1,1,2026-08-24T00:00:00.000
2701,20260717,20260615,41580,167,444,377,16,5,7,SOA002701,890.8000,890.8000,890.8000,1,1,2026-08-24T00:00:00.000
2702,20260703,20260611,61080,190,170,328,50,2,2,SOA002702,891.5000,891.5000,891.5000,1,1,2026-08-24T00:00:00.000
2703,20260528,20260527,75840,197,309,234,37,7,6,SOA002703,892.2000,892.2000,892.2000,1,1,2026-08-24T00:00:00.000
2704,20260628,20260815,85980,266,399,138,18,5,7,SOA002704,892.9000,892.9000,892.9000,1,1,2026-08-24T00:00:00.000
2705,20260702,20260824,73740,56,444,443,26,4,6,SOA002705,893.6000,893.6000,893.6000,1,1,2026-08-24T00:00:00.000
2706,20260820,20260820,28380,349,461,469,121,9,5,SOA002706,894.3000,894.3000,894.3000,1,1,2026-08-24T00:00:00.000
2707,20260629,20260713,1200,366,399,197,336,7,5,SOA002707,895.0000,895.0000,895.0000,1,1,2026-08-24T00:00:00.000
2708,20260715,20260612,25320,358,15,136,96,5,5,SOA002708,895.7000,895.7000,895.7000,1,1,2026-08-24T00:00:00.000
2709,20260715,20260725,83580,489,127,379,37,5,2,SOA002709,896.4000,896.4000,896.4000,1,1,2026-08-24T00:00:00.000
2710,20260628,20260820,75660,174,483,141,144,2,7,SOA002710,897.1000,897.1000,897.1000,1,1,2026-08-24T00:00:00.000
2711,20260730,20260704,31860,360,251,408,42,8,5,SOA002711,897.8000,897.8000,897.8000,1,1,2026-08-24T00:00:00.000
2712,20260719,20260624,2580,163,139,32,61,6,6,SOA002712,898.5000,898.5000,898.5000,1,1,2026-08-24T00:00:00.000
2713,20260806,20260728,79620,167,446,57,67,5,2,SOA002713,899.2000,899.2000,899.2000,1,1,2026-08-24T00:00:00.000
2714,20260608,20260819,71820,66,250,262,292,3,6,SOA002714,899.9000,899.9000,899.9000,1,1,2026-08-24T00:00:00.000
2715,20260817,20260708,58140,52,236,457,317,9,4,SOA002715,900.6000,900.6000,900.6000,1,1,2026-08-24T00:00:00.000
2716,20260625,20260822,32700,106,338,114,198,8,7,SOA002716,901.3000,901.3000,901.3000,1,1,2026-08-24T00:00:00.000
2717,20260711,20260602,39660,221,333,447,309,1,5,SOA002717,902.0000,902.0000,902.0000,1,1,2026-08-24T00:00:00.000
2718,20260627,20260717,72300,73,171,499,98,3,1,SOA002718,902.7000,902.7000,902.7000,1,1,2026-08-24T00:00:00.000
2719,20260801,20260528,44160,132,228,23,327,8,7,SOA002719,903.4000,903.4000,903.4000,1,1,2026-08-24T00:00:00.000
2720,20260806,20260604,18420,465,258,125,114,3,5,SOA002720,904.1000,904.1000,904.1000,1,1,2026-08-24T00:00:00.000
2721,20260724,20260612,37260,220,203,122,101,4,3,SOA002721,904.8000,904.8000,904.8000,1,1,2026-08-24T00:00:00.000
2722,20260812,20260725,83580,375,413,6,200,3,5,SOA002722,905.5000,905.5000,905.5000,1,1,2026-08-24T00:00:00.000
2723,20260805,20260822,48360,366,126,392,270,9,1,SOA002723,906.2000,906.2000,906.2000,1,1,2026-08-24T00:00:00.000
2724,20260626,20260801,8040,413,118,432,343,1,7,SOA002724,906.9000,906.9000,906.9000,1,1,2026-08-24T00:00:00.000
2725,20260823,20260820,77220,281,70,339,263,9,3,SOA002725,907.6000,907.6000,907.6000,1,1,2026-08-24T00:00:00.000
2726,20260619,20260702,64800,327,47,408,59,3,2,SOA002726,908.3000,908.3000,908.3000,1,1,2026-08-24T00:00:00.000
2727,20260726,20260528,1020,333,226,411,347,9,1,SOA002727,909.0000,909.0000,909.0000,1,1,2026-08-24T00:00:00.000
2728,20260724,20260624,40440,474,312,66,110,3,2,SOA002728,909.7000,909.7000,909.7000,1,1,2026-08-24T00:00:00.000
2729,20260629,20260808,37560,377,436,162,224,4,3,SOA002729,910.4000,910.4000,910.4000,1,1,2026-08-24T00:00:00.000
2730,20260601,20260803,7800,78,159,389,246,3,5,SOA002730,911.1000,911.1000,911.1000,1,1,2026-08-24T00:00:00.000
2731,20260811,20260705,19800,376,444,232,350,9,6,SOA002731,911.8000,911.8000,911.8000,1,1,2026-08-24T00:00:00.000
2732,20260701,20260804,240,251,225,389,98,6,6,SOA002732,912.5000,912.5000,912.5000,1,1,2026-08-24T00:00:00.000
2733,20260822,20260601,18120,148,291,10,22,6,6,SOA002733,913.2000,913.2000,913.2000,1,1,2026-08-24T00:00:00.000
2734,20260818,20260718,15180,454,441,63,303,3,3,SOA002734,913.9000,913.9000,913.9000,1,1,2026-08-24T00:00:00.000
2735,20260611,20260603,75540,250,470,293,253,3,4,SOA002735,914.6000,914.6000,914.6000,1,1,2026-08-24T00:00:00.000
2736,20260731,20260615,65520,397,108,392,229,6,1,SOA002736,915.3000,915.3000,915.3000,1,1,2026-08-24T00:00:00.000
2737,20260810,20260718,74040,321,162,279,178,4,5,SOA002737,916.0000,916.0000,916.0000,1,1,2026-08-24T00:00:00.000
2738,20260720,20260728,34200,211,222,484,18,7,5,SOA002738,916.7000,916.7000,916.7000,1,1,2026-08-24T00:00:00.000
2739,20260625,20260816,480,408,37,76,281,10,2,SOA002739,917.4000,917.4000,917.4000,1,1,2026-08-24T00:00:00.000
2740,20260718,20260722,1980,201,441,274,7,4,5,SOA002740,918.1000,918.1000,918.1000,1,1,2026-08-24T00:00:00.000
2741,20260727,20260813,53160,110,41,100,115,9,7,SOA002741,918.8000,918.8000,918.8000,1,1,2026-08-24T00:00:00.000
2742,20260705,20260802,1620,427,143,109,282,4,6,SOA002742,919.5000,919.5000,919.5000,1,1,2026-08-24T00:00:00.000
2743,20260805,20260805,55260,422,298,321,273,7,2,SOA002743,920.2000,920.2000,920.2000,1,1,2026-08-24T00:00:00.000
2744,20260713,20260530,84900,411,230,114,158,5,1,SOA002744,920.9000,920.9000,920.9000,1,1,2026-08-24T00:00:00.000
2745,20260527,20260622,50400,83,200,151,256,5,3,SOA002745,921.6000,921.6000,921.6000,1,1,2026-08-24T00:00:00.000
2746,20260707,20260608,74340,317,284,215,337,10,2,SOA002746,922.3000,922.3000,922.3000,1,1,2026-08-24T00:00:00.000
2747,20260625,20260624,22560,116,136,96,198,8,5,SOA002747,923.0000,923.0000,923.0000,1,1,2026-08-24T00:00:00.000
2748,20260729,20260731,25440,194,179,382,76,9,1,SOA002748,923.7000,923.7000,923.7000,1,1,2026-08-24T00:00:00.000
2749,20260720,20260717,3600,110,226,188,288,1,4,SOA002749,924.4000,924.4000,924.4000,1,1,2026-08-24T00:00:00.000
2750,20260630,20260618,3000,95,316,211,108,9,1,SOA002750,925.1000,925.1000,925.1000,1,1,2026-08-24T00:00:00.000
2751,20260804,20260615,33300,246,62,67,230,3,7,SOA002751,925.8000,925.8000,925.8000,1,1,2026-08-24T00:00:00.000
2752,20260616,20260702,50580,184,141,260,213,2,6,SOA002752,926.5000,926.5000,926.5000,1,1,2026-08-24T00:00:00.000
2753,20260813,20260608,42600,95,348,99,22,1,1,SOA002753,927.2000,927.2000,927.2000,1,1,2026-08-24T00:00:00.000
2754,20260603,20260722,35340,295,221,17,290,2,4,SOA002754,927.9000,927.9000,927.9000,1,1,2026-08-24T00:00:00.000
2755,20260627,20260603,86040,29,322,407,133,6,5,SOA002755,928.6000,928.6000,928.6000,1,1,2026-08-24T00:00:00.000
2756,20260618,20260621,27420,412,284,199,144,9,4,SOA002756,929.3000,929.3000,929.3000,1,1,2026-08-24T00:00:00.000
2757,20260609,20260805,26880,52,232,479,310,7,5,SOA002757,930.0000,930.0000,930.0000,1,1,2026-08-24T00:00:00.000
2758,20260713,20260729,44880,435,440,105,202,8,7,SOA002758,930.7000,930.7000,930.7000,1,1,2026-08-24T00:00:00.000
2759,20260716,20260606,66480,8,419,271,341,8,4,SOA002759,931.4000,931.4000,931.4000,1,1,2026-08-24T00:00:00.000
2760,20260711,20260724,52740,90,399,49,201,6,3,SOA002760,932.1000,932.1000,932.1000,1,1,2026-08-24T00:00:00.000
2761,20260721,20260527,83400,340,40,66,205,7,1,SOA002761,932.8000,932.8000,932.8000,1,1,2026-08-24T00:00:00.000
2762,20260626,20260813,19140,142,216,409,97,10,1,SOA002762,933.5000,933.5000,933.5000,1,1,2026-08-24T00:00:00.000
2763,20260822,20260721,53700,438,118,112,242,3,5,SOA002763,934.2000,934.2000,934.2000,1,1,2026-08-24T00:00:00.000
2764,20260527,20260622,82140,318,202,17,181,5,2,SOA002764,934.9000,934.9000,934.9000,1,1,2026-08-24T00:00:00.000
2765,20260607,20260620,19680,20,225,50,219,1,1,SOA002765,935.6000,935.6000,935.6000,1,1,2026-08-24T00:00:00.000
2766,20260705,20260807,73200,95,176,132,316,6,1,SOA002766,936.3000,936.3000,936.3000,1,1,2026-08-24T00:00:00.000
2767,20260822,20260703,37680,343,418,96,216,7,6,SOA002767,937.0000,937.0000,937.0000,1,1,2026-08-24T00:00:00.000
2768,20260810,20260621,59220,299,397,349,279,7,5,SOA002768,937.7000,937.7000,937.7000,1,1,2026-08-24T00:00:00.000
2769,20260719,20260615,57840,447,339,5,300,4,2,SOA002769,938.4000,938.4000,938.4000,1,1,2026-08-24T00:00:00.000
2770,20260820,20260818,7680,405,310,104,190,9,1,SOA002770,939.1000,939.1000,939.1000,1,1,2026-08-24T00:00:00.000
2771,20260530,20260804,53700,191,457,460,287,5,5,SOA002771,939.8000,939.8000,939.8000,1,1,2026-08-24T00:00:00.000
2772,20260802,20260816,59520,306,147,228,24,1,6,SOA002772,940.5000,940.5000,940.5000,1,1,2026-08-24T00:00:00.000
2773,20260608,20260621,29100,356,91,472,228,9,3,SOA002773,941.2000,941.2000,941.2000,1,1,2026-08-24T00:00:00.000
2774,20260806,20260816,81900,497,34,167,73,1,6,SOA002774,941.9000,941.9000,941.9000,1,1,2026-08-24T00:00:00.000
2775,20260611,20260616,44280,106,449,282,306,9,2,SOA002775,942.6000,942.6000,942.6000,1,1,2026-08-24T00:00:00.000
2776,20260726,20260603,16260,172,408,174,281,1,4,SOA002776,943.3000,943.3000,943.3000,1,1,2026-08-24T00:00:00.000
2777,20260610,20260705,50460,305,170,446,298,1,6,SOA002777,944.0000,944.0000,944.0000,1,1,2026-08-24T00:00:00.000
2778,20260725,20260708,28080,8,211,167,22,1,5,SOA002778,944.7000,944.7000,944.7000,1,1,2026-08-24T00:00:00.000
2779,20260811,20260611,25800,65,471,261,139,7,1,SOA002779,945.4000,945.4000,945.4000,1,1,2026-08-24T00:00:00.000
2780,20260813,20260630,29940,137,246,97,181,5,7,SOA002780,946.1000,946.1000,946.1000,1,1,2026-08-24T00:00:00.000
2781,20260808,20260705,23460,461,78,320,144,9,6,SOA002781,946.8000,946.8000,946.8000,1,1,2026-08-24T00:00:00.000
2782,20260812,20260820,41820,245,131,213,350,10,4,SOA002782,947.5000,947.5000,947.5000,1,1,2026-08-24T00:00:00.000
2783,20260724,20260603,4440,133,240,500,42,7,7,SOA002783,948.2000,948.2000,948.2000,1,1,2026-08-24T00:00:00.000
2784,20260626,20260531,25440,350,437,179,21,9,4,SOA002784,948.9000,948.9000,948.9000,1,1,2026-08-24T00:00:00.000
2785,20260715,20260707,15540,455,468,78,133,1,3,SOA002785,949.6000,949.6000,949.6000,1,1,2026-08-24T00:00:00.000
2786,20260603,20260701,58920,36,131,34,72,6,5,SOA002786,950.3000,950.3000,950.3000,1,1,2026-08-24T00:00:00.000
2787,20260817,20260601,37740,219,263,403,68,7,6,SOA002787,951.0000,951.0000,951.0000,1,1,2026-08-24T00:00:00.000
2788,20260814,20260703,46620,313,205,180,212,5,6,SOA002788,951.7000,951.7000,951.7000,1,1,2026-08-24T00:00:00.000
2789,20260629,20260809,1800,407,164,54,290,6,3,SOA002789,952.4000,952.4000,952.4000,1,1,2026-08-24T00:00:00.000
2790,20260723,20260801,51900,326,274,419,33,9,3,SOA002790,953.1000,953.1000,953.1000,1,1,2026-08-24T00:00:00.000
2791,20260820,20260801,51960,125,238,117,97,3,7,SOA002791,953.8000,953.8000,953.8000,1,1,2026-08-24T00:00:00.000
2792,20260606,20260820,58560,373,119,20,120,10,2,SOA002792,954.5000,954.5000,954.5000,1,1,2026-08-24T00:00:00.000
2793,20260725,20260725,75540,434,418,463,285,7,1,SOA002793,955.2000,955.2000,955.2000,1,1,2026-08-24T00:00:00.000
2794,20260627,20260709,83940,82,399,188,70,7,7,SOA002794,955.9000,955.9000,955.9000,1,1,2026-08-24T00:00:00.000
2795,20260705,20260619,57540,412,263,148,319,1,4,SOA002795,956.6000,956.6000,956.6000,1,1,2026-08-24T00:00:00.000
2796,20260806,20260803,13620,305,253,390,286,9,4,SOA002796,957.3000,957.3000,957.3000,1,1,2026-08-24T00:00:00.000
2797,20260613,20260707,71400,80,270,412,194,9,1,SOA002797,958.0000,958.0000,958.0000,1,1,2026-08-24T00:00:00.000
2798,20260823,20260606,55860,91,170,51,186,5,1,SOA002798,958.7000,958.7000,958.7000,1,1,2026-08-24T00:00:00.000
2799,20260619,20260821,51120,184,442,331,167,6,3,SOA002799,959.4000,959.4000,959.4000,1,1,2026-08-24T00:00:00.000
2800,20260617,20260605,66900,486,327,444,282,10,7,SOA002800,960.1000,960.1000,960.1000,1,1,2026-08-24T00:00:00.000
2801,20260722,20260703,8340,362,75,37,95,10,3,SOA002801,960.8000,960.8000,960.8000,1,1,2026-08-24T00:00:00.000
2802,20260716,20260625,61200,235,474,375,11,4,2,SOA002802,961.5000,961.5000,961.5000,1,1,2026-08-24T00:00:00.000
2803,20260613,20260723,7560,257,441,471,93,6,6,SOA002803,962.2000,962.2000,962.2000,1,1,2026-08-24T00:00:00.000
2804,20260601,20260610,65160,420,104,394,308,1,1,SOA002804,962.9000,962.9000,962.9000,1,1,2026-08-24T00:00:00.000
2805,20260611,20260607,48240,26,442,444,132,6,1,SOA002805,963.6000,963.6000,963.6000,1,1,2026-08-24T00:00:00.000
2806,20260601,20260823,42900,218,37,200,204,5,3,SOA002806,964.3000,964.3000,964.3000,1,1,2026-08-24T00:00:00.000
2807,20260701,20260609,63720,369,432,226,15,2,4,SOA002807,965.0000,965.0000,965.0000,1,1,2026-08-24T00:00:00.000
2808,20260818,20260625,78300,25,9,424,323,6,6,SOA002808,965.7000,965.7000,965.7000,1,1,2026-08-24T00:00:00.000
2809,20260622,20260705,31440,128,11,279,211,9,2,SOA002809,966.4000,966.4000,966.4000,1,1,2026-08-24T00:00:00.000
2810,20260804,20260707,70860,385,422,101,273,3,7,SOA002810,967.1000,967.1000,967.1000,1,1,2026-08-24T00:00:00.000
2811,20260703,20260531,13020,207,230,56,83,2,5,SOA002811,967.8000,967.8000,967.8000,1,1,2026-08-24T00:00:00.000
2812,20260602,20260624,49200,153,379,468,10,9,3,SOA002812,968.5000,968.5000,968.5000,1,1,2026-08-24T00:00:00.000
2813,20260811,20260729,43200,267,167,384,259,2,4,SOA002813,969.2000,969.2000,969.2000,1,1,2026-08-24T00:00:00.000
2814,20260820,20260822,31260,130,396,23,325,2,2,SOA002814,969.9000,969.9000,969.9000,1,1,2026-08-24T00:00:00.000
2815,20260712,20260530,56160,54,299,81,197,6,5,SOA002815,970.6000,970.6000,970.6000,1,1,2026-08-24T00:00:00.000
2816,20260720,20260614,69300,217,97,254,18,1,7,SOA002816,971.3000,971.3000,971.3000,1,1,2026-08-24T00:00:00.000
2817,20260817,20260622,67020,9,371,408,277,10,1,SOA002817,972.0000,972.0000,972.0000,1,1,2026-08-24T00:00:00.000
2818,20260807,20260820,51900,196,232,336,83,6,4,SOA002818,972.7000,972.7000,972.7000,1,1,2026-08-24T00:00:00.000
2819,20260723,20260707,28020,477,492,231,247,2,6,SOA002819,973.4000,973.4000,973.4000,1,1,2026-08-24T00:00:00.000
2820,20260530,20260606,19020,188,297,384,266,3,5,SOA002820,974.1000,974.1000,974.1000,1,1,2026-08-24T00:00:00.000
2821,20260627,20260824,55320,485,86,175,79,9,2,SOA002821,974.8000,974.8000,974.8000,1,1,2026-08-24T00:00:00.000
2822,20260711,20260813,22980,477,466,174,278,7,5,SOA002822,975.5000,975.5000,975.5000,1,1,2026-08-24T00:00:00.000
2823,20260620,20260822,62040,22,378,232,71,8,2,SOA002823,976.2000,976.2000,976.2000,1,1,2026-08-24T00:00:00.000
2824,20260606,20260824,79980,224,144,219,98,9,3,SOA002824,976.9000,976.9000,976.9000,1,1,2026-08-24T00:00:00.000
2825,20260615,20260824,23760,317,381,236,149,8,3,SOA002825,977.6000,977.6000,977.6000,1,1,2026-08-24T00:00:00.000
2826,20260720,20260608,21060,459,440,364,137,4,2,SOA002826,978.3000,978.3000,978.3000,1,1,2026-08-24T00:00:00.000
2827,20260731,20260630,48060,81,97,104,317,2,5,SOA002827,979.0000,979.0000,979.0000,1,1,2026-08-24T00:00:00.000
2828,20260620,20260810,11100,23,286,473,12,8,3,SOA002828,979.7000,979.7000,979.7000,1,1,2026-08-24T00:00:00.000
2829,20260709,20260623,3060,223,247,386,22,10,5,SOA002829,980.4000,980.4000,980.4000,1,1,2026-08-24T00:00:00.000
2830,20260606,20260628,2460,178,199,424,333,4,4,SOA002830,981.1000,981.1000,981.1000,1,1,2026-08-24T00:00:00.000
2831,20260628,20260710,70980,5,268,131,195,1,4,SOA002831,981.8000,981.8000,981.8000,1,1,2026-08-24T00:00:00.000
2832,20260624,20260810,83880,300,210,338,215,1,6,SOA002832,982.5000,982.5000,982.5000,1,1,2026-08-24T00:00:00.000
2833,20260713,20260608,43620,355,160,240,329,5,7,SOA002833,983.2000,983.2000,983.2000,1,1,2026-08-24T00:00:00.000
2834,20260728,20260705,77400,77,221,355,283,5,2,SOA002834,983.9000,983.9000,983.9000,1,1,2026-08-24T00:00:00.000
2835,20260601,20260711,28980,122,260,229,34,5,1,SOA002835,984.6000,984.6000,984.6000,1,1,2026-08-24T00:00:00.000
2836,20260818,20260713,6180,214,396,337,161,3,5,SOA002836,985.3000,985.3000,985.3000,1,1,2026-08-24T00:00:00.000
2837,20260715,20260718,74760,46,435,468,166,4,1,SOA002837,986.0000,986.0000,986.0000,1,1,2026-08-24T00:00:00.000
2838,20260718,20260713,34380,322,399,283,167,1,1,SOA002838,986.7000,986.7000,986.7000,1,1,2026-08-24T00:00:00.000
2839,20260819,20260723,13020,57,131,494,67,1,2,SOA002839,987.4000,987.4000,987.4000,1,1,2026-08-24T00:00:00.000
2840,20260803,20260529,41940,397,426,348,69,4,3,SOA002840,988.1000,988.1000,988.1000,1,1,2026-08-24T00:00:00.000
2841,20260807,20260822,19320,281,168,271,245,4,4,SOA002841,988.8000,988.8000,988.8000,1,1,2026-08-24T00:00:00.000
2842,20260701,20260708,66120,127,69,307,211,5,7,SOA002842,989.5000,989.5000,989.5000,1,1,2026-08-24T00:00:00.000
2843,20260601,20260628,46980,405,415,277,256,3,7,SOA002843,990.2000,990.2000,990.2000,1,1,2026-08-24T00:00:00.000
2844,20260805,20260814,46200,365,182,283,186,9,6,SOA002844,990.9000,990.9000,990.9000,1,1,2026-08-24T00:00:00.000
2845,20260818,20260814,21000,167,10,199,20,4,3,SOA002845,991.6000,991.6000,991.6000,1,1,2026-08-24T00:00:00.000
2846,20260705,20260730,46680,83,500,359,57,1,4,SOA002846,992.3000,992.3000,992.3000,1,1,2026-08-24T00:00:00.000
2847,20260616,20260725,79620,27,426,500,186,7,1,SOA002847,993.0000,993.0000,993.0000,1,1,2026-08-24T00:00:00.000
2848,20260822,20260810,76620,489,439,323,44,1,2,SOA002848,993.7000,993.7000,993.7000,1,1,2026-08-24T00:00:00.000
2849,20260617,20260604,58740,378,139,239,120,5,7,SOA002849,994.4000,994.4000,994.4000,1,1,2026-08-24T00:00:00.000
2850,20260705,20260612,81960,64,28,194,280,10,7,SOA002850,995.1000,995.1000,995.1000,1,1,2026-08-24T00:00:00.000
2851,20260627,20260711,53520,291,445,199,272,10,4,SOA002851,995.8000,995.8000,995.8000,1,1,2026-08-24T00:00:00.000
2852,20260715,20260817,32340,195,41,498,221,4,6,SOA002852,996.5000,996.5000,996.5000,1,1,2026-08-24T00:00:00.000
2853,20260802,20260805,56400,382,16,468,304,9,5,SOA002853,997.2000,997.2000,997.2000,1,1,2026-08-24T00:00:00.000
2854,20260717,20260802,13380,129,109,407,243,8,7,SOA002854,997.9000,997.9000,997.9000,1,1,2026-08-24T00:00:00.000
2855,20260711,20260710,44460,162,327,139,86,1,7,SOA002855,998.6000,998.6000,998.6000,1,1,2026-08-24T00:00:00.000
2856,20260705,20260713,35400,340,386,420,52,9,7,SOA002856,999.3000,999.3000,999.3000,1,1,2026-08-24T00:00:00.000
2857,20260628,20260717,60840,72,124,480,212,10,7,SOA002857,1000.0000,1000.0000,1000.0000,1,1,2026-08-24T00:00:00.000
2858,20260801,20260816,57720,428,247,467,278,9,7,SOA002858,0.7000,0.7000,0.7000,1,1,2026-08-24T00:00:00.000
2859,20260824,20260819,12480,88,32,138,105,7,6,SOA002859,1.4000,1.4000,1.4000,1,1,2026-08-24T00:00:00.000
2860,20260714,20260527,4680,390,95,208,11,7,7,SOA002860,2.1000,2.1000,2.1000,1,1,2026-08-24T00:00:00.000
2861,20260707,20260604,77220,190,232,8,63,2,2,SOA002861,2.8000,2.8000,2.8000,1,1,2026-08-24T00:00:00.000
2862,20260625,20260716,61920,45,187,19,295,5,2,SOA002862,3.5000,3.5000,3.5000,1,1,2026-08-24T00:00:00.000
2863,20260711,20260823,46200,182,392,38,301,8,5,SOA002863,4.2000,4.2000,4.2000,1,1,2026-08-24T00:00:00.000
2864,20260628,20260803,43080,185,263,25,136,2,2,SOA002864,4.9000,4.9000,4.9000,1,1,2026-08-24T00:00:00.000
2865,20260801,20260616,34680,306,474,77,89,4,6,SOA002865,5.6000,5.6000,5.6000,1,1,2026-08-24T00:00:00.000
2866,20260731,20260602,21900,78,464,338,154,10,1,SOA002866,6.3000,6.3000,6.3000,1,1,2026-08-24T00:00:00.000
2867,20260601,20260627,34560,73,219,237,96,10,4,SOA002867,7.0000,7.0000,7.0000,1,1,2026-08-24T00:00:00.000
2868,20260716,20260604,75300,215,463,448,105,8,6,SOA002868,7.7000,7.7000,7.7000,1,1,2026-08-24T00:00:00.000
2869,20260713,20260803,42660,471,466,466,39,1,4,SOA002869,8.4000,8.4000,8.4000,1,1,2026-08-24T00:00:00.000
2870,20260621,20260731,36060,23,102,418,170,6,2,SOA002870,9.1000,9.1000,9.1000,1,1,2026-08-24T00:00:00.000
2871,20260809,20260629,62760,356,405,189,244,1,6,SOA002871,9.8000,9.8000,9.8000,1,1,2026-08-24T00:00:00.000
2872,20260619,20260729,19560,434,67,168,285,1,5,SOA002872,10.5000,10.5000,10.5000,1,1,2026-08-24T00:00:00.000
2873,20260712,20260723,480,271,98,123,276,8,2,SOA002873,11.2000,11.2000,11.2000,1,1,2026-08-24T00:00:00.000
2874,20260723,20260710,81960,471,187,41,128,3,4,SOA002874,11.9000,11.9000,11.9000,1,1,2026-08-24T00:00:00.000
2875,20260603,20260718,3240,73,104,486,146,7,7,SOA002875,12.6000,12.6000,12.6000,1,1,2026-08-24T00:00:00.000
2876,20260623,20260713,3540,155,59,101,252,7,2,SOA002876,13.3000,13.3000,13.3000,1,1,2026-08-24T00:00:00.000
2877,20260702,20260621,53940,195,279,15,345,10,2,SOA002877,14.0000,14.0000,14.0000,1,1,2026-08-24T00:00:00.000
2878,20260815,20260713,28920,17,5,413,67,2,2,SOA002878,14.7000,14.7000,14.7000,1,1,2026-08-24T00:00:00.000
2879,20260720,20260723,32100,475,42,410,156,10,5,SOA002879,15.4000,15.4000,15.4000,1,1,2026-08-24T00:00:00.000
2880,20260624,20260705,2340,37,349,118,63,2,1,SOA002880,16.1000,16.1000,16.1000,1,1,2026-08-24T00:00:00.000
2881,20260630,20260804,52920,120,146,315,128,4,1,SOA002881,16.8000,16.8000,16.8000,1,1,2026-08-24T00:00:00.000
2882,20260529,20260604,51000,470,188,202,109,5,3,SOA002882,17.5000,17.5000,17.5000,1,1,2026-08-24T00:00:00.000
2883,20260607,20260822,27660,392,116,356,308,4,1,SOA002883,18.2000,18.2000,18.2000,1,1,2026-08-24T00:00:00.000
2884,20260704,20260717,72840,90,197,118,117,8,5,SOA002884,18.9000,18.9000,18.9000,1,1,2026-08-24T00:00:00.000
2885,20260802,20260810,960,311,305,467,124,9,6,SOA002885,19.6000,19.6000,19.6000,1,1,2026-08-24T00:00:00.000
2886,20260607,20260531,85800,428,277,444,211,4,7,SOA002886,20.3000,20.3000,20.3000,1,1,2026-08-24T00:00:00.000
2887,20260617,20260623,16620,136,199,58,176,7,5,SOA002887,21.0000,21.0000,21.0000,1,1,2026-08-24T00:00:00.000
2888,20260725,20260724,50820,136,119,392,171,4,6,SOA002888,21.7000,21.7000,21.7000,1,1,2026-08-24T00:00:00.000
2889,20260610,20260622,34920,435,453,417,290,2,2,SOA002889,22.4000,22.4000,22.4000,1,1,2026-08-24T00:00:00.000
2890,20260709,20260630,31560,139,46,468,12,10,5,SOA002890,23.1000,23.1000,23.1000,1,1,2026-08-24T00:00:00.000
2891,20260529,20260630,57180,408,216,468,209,9,5,SOA002891,23.8000,23.8000,23.8000,1,1,2026-08-24T00:00:00.000
2892,20260727,20260703,34560,328,358,380,201,7,7,SOA002892,24.5000,24.5000,24.5000,1,1,2026-08-24T00:00:00.000
2893,20260706,20260622,10860,355,21,172,131,5,1,SOA002893,25.2000,25.2000,25.2000,1,1,2026-08-24T00:00:00.000
2894,20260710,20260811,37020,62,133,262,309,7,1,SOA002894,25.9000,25.9000,25.9000,1,1,2026-08-24T00:00:00.000
2895,20260812,20260709,2760,411,373,381,265,3,7,SOA002895,26.6000,26.6000,26.6000,1,1,2026-08-24T00:00:00.000
2896,20260718,20260628,12540,365,68,340,326,6,1,SOA002896,27.3000,27.3000,27.3000,1,1,2026-08-24T00:00:00.000
2897,20260718,20260614,49200,444,367,326,25,6,6,SOA002897,28.0000,28.0000,28.0000,1,1,2026-08-24T00:00:00.000
2898,20260609,20260811,26820,498,162,441,213,6,2,SOA002898,28.7000,28.7000,28.7000,1,1,2026-08-24T00:00:00.000
2899,20260812,20260531,9480,158,81,328,148,6,3,SOA002899,29.4000,29.4000,29.4000,1,1,2026-08-24T00:00:00.000
2900,20260822,20260801,52620,396,138,62,95,1,1,SOA002900,30.1000,30.1000,30.1000,1,1,2026-08-24T00:00:00.000
2901,20260624,20260802,73020,419,58,4,232,5,1,SOA002901,30.8000,30.8000,30.8000,1,1,2026-08-24T00:00:00.000
2902,20260809,20260812,60060,342,78,63,241,1,1,SOA002902,31.5000,31.5000,31.5000,1,1,2026-08-24T00:00:00.000
2903,20260810,20260618,44700,457,334,374,141,5,6,SOA002903,32.2000,32.2000,32.2000,1,1,2026-08-24T00:00:00.000
2904,20260630,20260823,43980,67,328,282,73,1,6,SOA002904,32.9000,32.9000,32.9000,1,1,2026-08-24T00:00:00.000
2905,20260814,20260812,21720,31,246,162,216,7,4,SOA002905,33.6000,33.6000,33.6000,1,1,2026-08-24T00:00:00.000
2906,20260713,20260727,78780,199,6,6,257,2,3,SOA002906,34.3000,34.3000,34.3000,1,1,2026-08-24T00:00:00.000
2907,20260712,20260730,34020,356,108,74,180,3,4,SOA002907,35.0000,35.0000,35.0000,1,1,2026-08-24T00:00:00.000
2908,20260713,20260809,63300,480,258,171,230,3,2,SOA002908,35.7000,35.7000,35.7000,1,1,2026-08-24T00:00:00.000
2909,20260719,20260604,25200,250,2,300,73,1,2,SOA002909,36.4000,36.4000,36.4000,1,1,2026-08-24T00:00:00.000
2910,20260705,20260621,57600,125,249,104,294,3,2,SOA002910,37.1000,37.1000,37.1000,1,1,2026-08-24T00:00:00.000
2911,20260802,20260711,66540,403,214,13,129,3,4,SOA002911,37.8000,37.8000,37.8000,1,1,2026-08-24T00:00:00.000
2912,20260607,20260717,43800,199,363,2,141,7,3,SOA002912,38.5000,38.5000,38.5000,1,1,2026-08-24T00:00:00.000
2913,20260619,20260820,49620,248,333,161,168,2,7,SOA002913,39.2000,39.2000,39.2000,1,1,2026-08-24T00:00:00.000
2914,20260529,20260720,49440,437,99,1,314,8,2,SOA002914,39.9000,39.9000,39.9000,1,1,2026-08-24T00:00:00.000
2915,20260812,20260621,76620,278,487,218,128,7,4,SOA002915,40.6000,40.6000,40.6000,1,1,2026-08-24T00:00:00.000
2916,20260710,20260719,83280,326,335,497,333,9,4,SOA002916,41.3000,41.3000,41.3000,1,1,2026-08-24T00:00:00.000
2917,20260803,20260823,24180,363,266,67,148,8,5,SOA002917,42.0000,42.0000,42.0000,1,1,2026-08-24T00:00:00.000
2918,20260723,20260623,4680,44,476,309,2,9,3,SOA002918,42.7000,42.7000,42.7000,1,1,2026-08-24T00:00:00.000
2919,20260812,20260809,54300,484,350,314,9,4,2,SOA002919,43.4000,43.4000,43.4000,1,1,2026-08-24T00:00:00.000
2920,20260725,20260603,47100,353,230,84,81,1,4,SOA002920,44.1000,44.1000,44.1000,1,1,2026-08-24T00:00:00.000
2921,20260529,20260806,57300,43,287,494,117,1,4,SOA002921,44.8000,44.8000,44.8000,1,1,2026-08-24T00:00:00.000
2922,20260612,20260622,38700,132,118,258,71,9,2,SOA002922,45.5000,45.5000,45.5000,1,1,2026-08-24T00:00:00.000
2923,20260720,20260619,32700,344,334,7,220,4,7,SOA002923,46.2000,46.2000,46.2000,1,1,2026-08-24T00:00:00.000
2924,20260528,20260622,61620,36,401,254,228,4,5,SOA002924,46.9000,46.9000,46.9000,1,1,2026-08-24T00:00:00.000
2925,20260712,20260824,52560,422,119,201,181,8,3,SOA002925,47.6000,47.6000,47.6000,1,1,2026-08-24T00:00:00.000
2926,20260824,20260627,9660,55,473,220,224,6,4,SOA002926,48.3000,48.3000,48.3000,1,1,2026-08-24T00:00:00.000
2927,20260814,20260707,67140,421,177,409,249,4,3,SOA002927,49.0000,49.0000,49.0000,1,1,2026-08-24T00:00:00.000
2928,20260714,20260528,67080,464,460,288,182,10,2,SOA002928,49.7000,49.7000,49.7000,1,1,2026-08-24T00:00:00.000
2929,20260619,20260617,72660,273,91,71,260,4,2,SOA002929,50.4000,50.4000,50.4000,1,1,2026-08-24T00:00:00.000
2930,20260528,20260804,20460,252,149,9,3,9,7,SOA002930,51.1000,51.1000,51.1000,1,1,2026-08-24T00:00:00.000
2931,20260810,20260707,72900,399,52,90,258,3,6,SOA002931,51.8000,51.8000,51.8000,1,1,2026-08-24T00:00:00.000
2932,20260619,20260728,18180,391,164,463,175,9,4,SOA002932,52.5000,52.5000,52.5000,1,1,2026-08-24T00:00:00.000
2933,20260822,20260805,30420,396,239,239,325,4,1,SOA002933,53.2000,53.2000,53.2000,1,1,2026-08-24T00:00:00.000
2934,20260615,20260802,17040,400,207,294,132,7,5,SOA002934,53.9000,53.9000,53.9000,1,1,2026-08-24T00:00:00.000
2935,20260720,20260705,58620,56,330,404,289,6,7,SOA002935,54.6000,54.6000,54.6000,1,1,2026-08-24T00:00:00.000
2936,20260527,20260704,5640,293,333,498,13,10,6,SOA002936,55.3000,55.3000,55.3000,1,1,2026-08-24T00:00:00.000
2937,20260606,20260813,19860,16,321,164,127,3,6,SOA002937,56.0000,56.0000,56.0000,1,1,2026-08-24T00:00:00.000
2938,20260819,20260608,46260,227,242,461,256,6,6,SOA002938,56.7000,56.7000,56.7000,1,1,2026-08-24T00:00:00.000
2939,20260607,20260607,42360,376,209,378,216,10,1,SOA002939,57.4000,57.4000,57.4000,1,1,2026-08-24T00:00:00.000
2940,20260822,20260803,80760,307,169,40,300,7,1,SOA002940,58.1000,58.1000,58.1000,1,1,2026-08-24T00:00:00.000
2941,20260721,20260627,5040,406,329,178,46,7,7,SOA002941,58.8000,58.8000,58.8000,1,1,2026-08-24T00:00:00.000
2942,20260713,20260728,60780,404,82,112,17,4,2,SOA002942,59.5000,59.5000,59.5000,1,1,2026-08-24T00:00:00.000
2943,20260731,20260815,51840,443,264,276,335,6,6,SOA002943,60.2000,60.2000,60.2000,1,1,2026-08-24T00:00:00.000
2944,20260718,20260803,80220,308,173,3,252,2,4,SOA002944,60.9000,60.9000,60.9000,1,1,2026-08-24T00:00:00.000
2945,20260812,20260819,7500,454,467,384,270,5,7,SOA002945,61.6000,61.6000,61.6000,1,1,2026-08-24T00:00:00.000
2946,20260620,20260527,57780,190,90,416,24,4,4,SOA002946,62.3000,62.3000,62.3000,1,1,2026-08-24T00:00:00.000
2947,20260808,20260729,22980,498,411,19,187,9,4,SOA002947,63.0000,63.0000,63.0000,1,1,2026-08-24T00:00:00.000
2948,20260729,20260730,72840,442,354,155,116,7,2,SOA002948,63.7000,63.7000,63.7000,1,1,2026-08-24T00:00:00.000
2949,20260628,20260714,21240,166,295,49,335,6,5,SOA002949,64.4000,64.4000,64.4000,1,1,2026-08-24T00:00:00.000
2950,20260609,20260529,62340,48,251,409,61,7,1,SOA002950,65.1000,65.1000,65.1000,1,1,2026-08-24T00:00:00.000
2951,20260627,20260707,45420,269,489,122,99,5,5,SOA002951,65.8000,65.8000,65.8000,1,1,2026-08-24T00:00:00.000
2952,20260629,20260710,36540,59,85,406,245,8,7,SOA002952,66.5000,66.5000,66.5000,1,1,2026-08-24T00:00:00.000
2953,20260707,20260609,69000,400,386,105,324,7,6,SOA002953,67.2000,67.2000,67.2000,1,1,2026-08-24T00:00:00.000
2954,20260607,20260725,16380,307,133,188,130,7,7,SOA002954,67.9000,67.9000,67.9000,1,1,2026-08-24T00:00:00.000
2955,20260729,20260720,39480,107,400,338,135,3,3,SOA002955,68.6000,68.6000,68.6000,1,1,2026-08-24T00:00:00.000
2956,20260529,20260607,53340,287,261,424,43,9,5,SOA002956,69.3000,69.3000,69.3000,1,1,2026-08-24T00:00:00.000
2957,20260819,20260612,73560,30,272,260,87,6,7,SOA002957,70.0000,70.0000,70.0000,1,1,2026-08-24T00:00:00.000
2958,20260818,20260728,79500,447,10,170,50,5,1,SOA002958,70.7000,70.7000,70.7000,1,1,2026-08-24T00:00:00.000
2959,20260606,20260729,49440,422,436,207,35,5,6,SOA002959,71.4000,71.4000,71.4000,1,1,2026-08-24T00:00:00.000
2960,20260710,20260724,44820,377,49,180,174,5,7,SOA002960,72.1000,72.1000,72.1000,1,1,2026-08-24T00:00:00.000
2961,20260606,20260813,12060,291,397,385,26,4,1,SOA002961,72.8000,72.8000,72.8000,1,1,2026-08-24T00:00:00.000
2962,20260713,20260717,57540,170,313,148,198,5,2,SOA002962,73.5000,73.5000,73.5000,1,1,2026-08-24T00:00:00.000
2963,20260616,20260625,57060,185,211,207,2,4,2,SOA002963,74.2000,74.2000,74.2000,1,1,2026-08-24T00:00:00.000
2964,20260716,20260803,18960,46,424,398,328,9,3,SOA002964,74.9000,74.9000,74.9000,1,1,2026-08-24T00:00:00.000
2965,20260528,20260824,47580,18,285,257,86,8,1,SOA002965,75.6000,75.6000,75.6000,1,1,2026-08-24T00:00:00.000
2966,20260614,20260608,29340,177,46,201,215,5,6,SOA002966,76.3000,76.3000,76.3000,1,1,2026-08-24T00:00:00.000
2967,20260625,20260823,57000,350,163,244,302,6,7,SOA002967,77.0000,77.0000,77.0000,1,1,2026-08-24T00:00:00.000
2968,20260731,20260623,51480,151,254,337,242,2,3,SOA002968,77.7000,77.7000,77.7000,1,1,2026-08-24T00:00:00.000
2969,20260710,20260630,42240,411,185,322,283,9,6,SOA002969,78.4000,78.4000,78.4000,1,1,2026-08-24T00:00:00.000
2970,20260616,20260814,45780,83,332,172,198,5,3,SOA002970,79.1000,79.1000,79.1000,1,1,2026-08-24T00:00:00.000
2971,20260620,20260623,5340,320,127,265,341,10,1,SOA002971,79.8000,79.8000,79.8000,1,1,2026-08-24T00:00:00.000
2972,20260621,20260607,72420,419,95,247,166,1,5,SOA002972,80.5000,80.5000,80.5000,1,1,2026-08-24T00:00:00.000
2973,20260629,20260621,41220,418,266,463,23,6,2,SOA002973,81.2000,81.2000,81.2000,1,1,2026-08-24T00:00:00.000
2974,20260529,20260706,34320,368,367,227,282,10,6,SOA002974,81.9000,81.9000,81.9000,1,1,2026-08-24T00:00:00.000
2975,20260721,20260731,1020,128,130,56,20,6,3,SOA002975,82.6000,82.6000,82.6000,1,1,2026-08-24T00:00:00.000
2976,20260814,20260729,26460,153,19,380,307,4,5,SOA002976,83.3000,83.3000,83.3000,1,1,2026-08-24T00:00:00.000
2977,20260707,20260601,60240,36,76,322,303,5,4,SOA002977,84.0000,84.0000,84.0000,1,1,2026-08-24T00:00:00.000
2978,20260806,20260728,27540,85,54,63,327,6,2,SOA002978,84.7000,84.7000,84.7000,1,1,2026-08-24T00:00:00.000
2979,20260710,20260611,6840,470,93,378,237,8,2,SOA002979,85.4000,85.4000,85.4000,1,1,2026-08-24T00:00:00.000
2980,20260707,20260610,70320,467,341,6,158,4,7,SOA002980,86.1000,86.1000,86.1000,1,1,2026-08-24T00:00:00.000
2981,20260728,20260706,55200,356,371,194,301,2,1,SOA002981,86.8000,86.8000,86.8000,1,1,2026-08-24T00:00:00.000
2982,20260802,20260706,40380,179,443,39,254,9,5,SOA002982,87.5000,87.5000,87.5000,1,1,2026-08-24T00:00:00.000
2983,20260630,20260808,36840,461,334,436,342,3,4,SOA002983,88.2000,88.2000,88.2000,1,1,2026-08-24T00:00:00.000
2984,20260714,20260804,82440,106,355,98,78,3,7,SOA002984,88.9000,88.9000,88.9000,1,1,2026-08-24T00:00:00.000
2985,20260806,20260622,34860,266,129,395,139,8,1,SOA002985,89.6000,89.6000,89.6000,1,1,2026-08-24T00:00:00.000
2986,20260811,20260718,40140,150,319,87,83,8,3,SOA002986,90.3000,90.3000,90.3000,1,1,2026-08-24T00:00:00.000
2987,20260715,20260721,79440,156,100,283,218,8,5,SOA002987,91.0000,91.0000,91.0000,1,1,2026-08-24T00:00:00.000
2988,20260614,20260802,15600,327,479,298,111,4,1,SOA002988,91.7000,91.7000,91.7000,1,1,2026-08-24T00:00:00.000
2989,20260805,20260607,63240,171,308,86,125,9,2,SOA002989,92.4000,92.4000,92.4000,1,1,2026-08-24T00:00:00.000
2990,20260815,20260722,83760,487,167,302,178,4,6,SOA002990,93.1000,93.1000,93.1000,1,1,2026-08-24T00:00:00.000
2991,20260529,20260702,66660,383,450,124,97,8,7,SOA002991,93.8000,93.8000,93.8000,1,1,2026-08-24T00:00:00.000
2992,20260822,20260711,4080,129,181,261,209,9,7,SOA002992,94.5000,94.5000,94.5000,1,1,2026-08-24T00:00:00.000
2993,20260608,20260609,62040,161,384,212,46,2,5,SOA002993,95.2000,95.2000,95.2000,1,1,2026-08-24T00:00:00.000
2994,20260603,20260613,14940,312,330,230,269,2,7,SOA002994,95.9000,95.9000,95.9000,1,1,2026-08-24T00:00:00.000
2995,20260814,20260604,30180,351,419,104,300,9,7,SOA002995,96.6000,96.6000,96.6000,1,1,2026-08-24T00:00:00.000
2996,20260529,20260814,80820,419,142,38,18,7,6,SOA002996,97.3000,97.3000,97.3000,1,1,2026-08-24T00:00:00.000
2997,20260707,20260611,3300,88,65,92,44,5,1,SOA002997,98.0000,98.0000,98.0000,1,1,2026-08-24T00:00:00.000
2998,20260616,20260604,16380,188,381,175,103,7,1,SOA002998,98.7000,98.7000,98.7000,1,1,2026-08-24T00:00:00.000
2999,20260710,20260819,7140,214,215,102,69,8,7,SOA002999,99.4000,99.4000,99.4000,1,1,2026-08-24T00:00:00.000
3000,20260630,20260619,84720,274,441,20,142,1,7,SOA003000,100.1000,100.1000,100.1000,1,1,2026-08-24T00:00:00.000
3001,20260530,20260821,29100,129,92,146,115,5,6,SOA003001,100.8000,100.8000,100.8000,1,1,2026-08-24T00:00:00.000
3002,20260821,20260821,77880,238,315,68,108,4,3,SOA003002,101.5000,101.5000,101.5000,1,1,2026-08-24T00:00:00.000
3003,20260815,20260717,26880,210,199,56,142,5,1,SOA003003,102.2000,102.2000,102.2000,1,1,2026-08-24T00:00:00.000
3004,20260721,20260718,25380,67,2,499,333,6,2,SOA003004,102.9000,102.9000,102.9000,1,1,2026-08-24T00:00:00.000
3005,20260622,20260820,76020,443,468,392,270,3,4,SOA003005,103.6000,103.6000,103.6000,1,1,2026-08-24T00:00:00.000
3006,20260823,20260724,26880,128,495,15,79,10,7,SOA003006,104.3000,104.3000,104.3000,1,1,2026-08-24T00:00:00.000
3007,20260804,20260622,38160,339,310,41,145,10,1,SOA003007,105.0000,105.0000,105.0000,1,1,2026-08-24T00:00:00.000
3008,20260730,20260725,41640,36,179,118,261,1,7,SOA003008,105.7000,105.7000,105.7000,1,1,2026-08-24T00:00:00.000
3009,20260530,20260807,65700,424,488,428,53,6,7,SOA003009,106.4000,106.4000,106.4000,1,1,2026-08-24T00:00:00.000
3010,20260615,20260618,63420,468,340,202,178,4,4,SOA003010,107.1000,107.1000,107.1000,1,1,2026-08-24T00:00:00.000
3011,20260716,20260713,59040,65,367,249,250,4,2,SOA003011,107.8000,107.8000,107.8000,1,1,2026-08-24T00:00:00.000
3012,20260818,20260727,8820,72,356,414,217,2,5,SOA003012,108.5000,108.5000,108.5000,1,1,2026-08-24T00:00:00.000
3013,20260528,20260630,60600,231,385,123,29,1,5,SOA003013,109.2000,109.2000,109.2000,1,1,2026-08-24T00:00:00.000
3014,20260701,20260623,7440,430,320,242,104,4,1,SOA003014,109.9000,109.9000,109.9000,1,1,2026-08-24T00:00:00.000
3015,20260527,20260801,68460,225,391,257,88,6,1,SOA003015,110.6000,110.6000,110.6000,1,1,2026-08-24T00:00:00.000
3016,20260711,20260714,29400,149,330,251,143,3,5,SOA003016,111.3000,111.3000,111.3000,1,1,2026-08-24T00:00:00.000
3017,20260804,20260629,71280,222,72,334,278,8,3,SOA003017,112.0000,112.0000,112.0000,1,1,2026-08-24T00:00:00.000
3018,20260609,20260629,2700,7,283,353,281,8,4,SOA003018,112.7000,112.7000,112.7000,1,1,2026-08-24T00:00:00.000
3019,20260727,20260527,22740,52,106,414,184,5,4,SOA003019,113.4000,113.4000,113.4000,1,1,2026-08-24T00:00:00.000
3020,20260529,20260804,60600,373,240,176,297,1,5,SOA003020,114.1000,114.1000,114.1000,1,1,2026-08-24T00:00:00.000
3021,20260607,20260530,44220,215,133,427,94,2,5,SOA003021,114.8000,114.8000,114.8000,1,1,2026-08-24T00:00:00.000
3022,20260807,20260719,2100,40,6,294,227,1,1,SOA003022,115.5000,115.5000,115.5000,1,1,2026-08-24T00:00:00.000
3023,20260623,20260810,52500,442,81,110,271,1,3,SOA003023,116.2000,116.2000,116.2000,1,1,2026-08-24T00:00:00.000
3024,20260821,20260722,55080,299,305,473,301,10,1,SOA003024,116.9000,116.9000,116.9000,1,1,2026-08-24T00:00:00.000
3025,20260628,20260805,5940,36,470,392,65,10,5,SOA003025,117.6000,117.6000,117.6000,1,1,2026-08-24T00:00:00.000
3026,20260723,20260527,36600,455,366,462,97,5,2,SOA003026,118.3000,118.3000,118.3000,1,1,2026-08-24T00:00:00.000
3027,20260607,20260816,22680,61,80,110,107,2,6,SOA003027,119.0000,119.0000,119.0000,1,1,2026-08-24T00:00:00.000
3028,20260824,20260722,51300,312,342,468,198,1,2,SOA003028,119.7000,119.7000,119.7000,1,1,2026-08-24T00:00:00.000
3029,20260810,20260803,27480,407,83,304,179,7,6,SOA003029,120.4000,120.4000,120.4000,1,1,2026-08-24T00:00:00.000
3030,20260704,20260714,51060,166,450,458,235,8,1,SOA003030,121.1000,121.1000,121.1000,1,1,2026-08-24T00:00:00.000
3031,20260801,20260729,50820,294,147,280,147,7,3,SOA003031,121.8000,121.8000,121.8000,1,1,2026-08-24T00:00:00.000
3032,20260730,20260624,21720,390,499,41,55,8,3,SOA003032,122.5000,122.5000,122.5000,1,1,2026-08-24T00:00:00.000
3033,20260706,20260604,16020,388,217,232,349,10,6,SOA003033,123.2000,123.2000,123.2000,1,1,2026-08-24T00:00:00.000
3034,20260809,20260617,61740,170,201,361,147,10,5,SOA003034,123.9000,123.9000,123.9000,1,1,2026-08-24T00:00:00.000
3035,20260715,20260730,23640,43,192,448,321,2,4,SOA003035,124.6000,124.6000,124.6000,1,1,2026-08-24T00:00:00.000
3036,20260528,20260722,2460,464,157,407,298,3,1,SOA003036,125.3000,125.3000,125.3000,1,1,2026-08-24T00:00:00.000
3037,20260816,20260716,84720,470,340,365,45,8,3,SOA003037,126.0000,126.0000,126.0000,1,1,2026-08-24T00:00:00.000
3038,20260731,20260706,14520,194,225,272,223,9,1,SOA003038,126.7000,126.7000,126.7000,1,1,2026-08-24T00:00:00.000
3039,20260624,20260628,5880,495,435,113,216,3,2,SOA003039,127.4000,127.4000,127.4000,1,1,2026-08-24T00:00:00.000
3040,20260712,20260728,63600,35,398,267,135,4,1,SOA003040,128.1000,128.1000,128.1000,1,1,2026-08-24T00:00:00.000
3041,20260619,20260627,84000,158,76,245,264,4,4,SOA003041,128.8000,128.8000,128.8000,1,1,2026-08-24T00:00:00.000
3042,20260705,20260820,1620,188,422,3,301,4,1,SOA003042,129.5000,129.5000,129.5000,1,1,2026-08-24T00:00:00.000
3043,20260822,20260614,49800,415,225,29,44,5,1,SOA003043,130.2000,130.2000,130.2000,1,1,2026-08-24T00:00:00.000
3044,20260712,20260801,22080,389,471,409,201,1,6,SOA003044,130.9000,130.9000,130.9000,1,1,2026-08-24T00:00:00.000
3045,20260802,20260604,25320,280,115,434,252,7,5,SOA003045,131.6000,131.6000,131.6000,1,1,2026-08-24T00:00:00.000
3046,20260810,20260727,8460,388,95,154,19,7,6,SOA003046,132.3000,132.3000,132.3000,1,1,2026-08-24T00:00:00.000
3047,20260607,20260706,66360,69,103,161,157,5,4,SOA003047,133.0000,133.0000,133.0000,1,1,2026-08-24T00:00:00.000
3048,20260620,20260612,33900,153,468,324,76,4,2,SOA003048,133.7000,133.7000,133.7000,1,1,2026-08-24T00:00:00.000
3049,20260603,20260807,31920,214,456,214,299,5,5,SOA003049,134.4000,134.4000,134.4000,1,1,2026-08-24T00:00:00.000
3050,20260708,20260718,5100,241,18,208,317,8,1,SOA003050,135.1000,135.1000,135.1000,1,1,2026-08-24T00:00:00.000
3051,20260809,20260813,2160,208,39,287,206,3,3,SOA003051,135.8000,135.8000,135.8000,1,1,2026-08-24T00:00:00.000
3052,20260628,20260811,51960,98,252,10,83,5,7,SOA003052,136.5000,136.5000,136.5000,1,1,2026-08-24T00:00:00.000
3053,20260815,20260815,15900,376,259,3,182,9,4,SOA003053,137.2000,137.2000,137.2000,1,1,2026-08-24T00:00:00.000
3054,20260816,20260820,36660,49,497,252,280,6,1,SOA003054,137.9000,137.9000,137.9000,1,1,2026-08-24T00:00:00.000
3055,20260812,20260617,50520,3,262,197,350,8,2,SOA003055,138.6000,138.6000,138.6000,1,1,2026-08-24T00:00:00.000
3056,20260805,20260623,74940,363,18,410,329,10,7,SOA003056,139.3000,139.3000,139.3000,1,1,2026-08-24T00:00:00.000
3057,20260823,20260708,66720,414,423,65,309,6,2,SOA003057,140.0000,140.0000,140.0000,1,1,2026-08-24T00:00:00.000
3058,20260719,20260706,39300,390,263,198,153,4,4,SOA003058,140.7000,140.7000,140.7000,1,1,2026-08-24T00:00:00.000
3059,20260715,20260804,71100,102,211,346,187,3,3,SOA003059,141.4000,141.4000,141.4000,1,1,2026-08-24T00:00:00.000
3060,20260529,20260802,29340,405,197,338,187,10,7,SOA003060,142.1000,142.1000,142.1000,1,1,2026-08-24T00:00:00.000
3061,20260623,20260802,27720,334,414,109,200,10,5,SOA003061,142.8000,142.8000,142.8000,1,1,2026-08-24T00:00:00.000
3062,20260719,20260604,70080,234,85,398,215,10,5,SOA003062,143.5000,143.5000,143.5000,1,1,2026-08-24T00:00:00.000
3063,20260718,20260610,17760,32,219,160,219,6,5,SOA003063,144.2000,144.2000,144.2000,1,1,2026-08-24T00:00:00.000
3064,20260602,20260602,34200,113,335,151,121,8,6,SOA003064,144.9000,144.9000,144.9000,1,1,2026-08-24T00:00:00.000
3065,20260529,20260824,28320,423,110,153,344,8,4,SOA003065,145.6000,145.6000,145.6000,1,1,2026-08-24T00:00:00.000
3066,20260815,20260819,52020,497,39,102,104,1,6,SOA003066,146.3000,146.3000,146.3000,1,1,2026-08-24T00:00:00.000
3067,20260726,20260802,7200,257,250,15,9,3,3,SOA003067,147.0000,147.0000,147.0000,1,1,2026-08-24T00:00:00.000
3068,20260628,20260625,61560,20,125,405,280,5,3,SOA003068,147.7000,147.7000,147.7000,1,1,2026-08-24T00:00:00.000
3069,20260813,20260528,62460,361,384,167,62,5,7,SOA003069,148.4000,148.4000,148.4000,1,1,2026-08-24T00:00:00.000
3070,20260717,20260603,25800,431,117,152,301,5,4,SOA003070,149.1000,149.1000,149.1000,1,1,2026-08-24T00:00:00.000
3071,20260730,20260602,69900,12,69,241,191,6,2,SOA003071,149.8000,149.8000,149.8000,1,1,2026-08-24T00:00:00.000
3072,20260819,20260611,40440,269,431,184,317,9,7,SOA003072,150.5000,150.5000,150.5000,1,1,2026-08-24T00:00:00.000
3073,20260814,20260629,45900,229,155,421,50,6,5,SOA003073,151.2000,151.2000,151.2000,1,1,2026-08-24T00:00:00.000
3074,20260818,20260728,15720,10,375,318,334,10,5,SOA003074,151.9000,151.9000,151.9000,1,1,2026-08-24T00:00:00.000
3075,20260716,20260821,80640,89,202,39,251,2,4,SOA003075,152.6000,152.6000,152.6000,1,1,2026-08-24T00:00:00.000
3076,20260727,20260628,24180,131,352,288,83,6,2,SOA003076,153.3000,153.3000,153.3000,1,1,2026-08-24T00:00:00.000
3077,20260606,20260729,23880,32,88,339,288,2,4,SOA003077,154.0000,154.0000,154.0000,1,1,2026-08-24T00:00:00.000
3078,20260601,20260705,72120,187,9,412,103,10,7,SOA003078,154.7000,154.7000,154.7000,1,1,2026-08-24T00:00:00.000
3079,20260621,20260728,17760,181,308,488,326,4,3,SOA003079,155.4000,155.4000,155.4000,1,1,2026-08-24T00:00:00.000
3080,20260814,20260815,16980,254,14,358,64,4,6,SOA003080,156.1000,156.1000,156.1000,1,1,2026-08-24T00:00:00.000
3081,20260819,20260702,31020,158,315,342,300,3,5,SOA003081,156.8000,156.8000,156.8000,1,1,2026-08-24T00:00:00.000
3082,20260706,20260801,10380,170,231,147,126,1,2,SOA003082,157.5000,157.5000,157.5000,1,1,2026-08-24T00:00:00.000
3083,20260818,20260728,540,196,426,440,302,9,7,SOA003083,158.2000,158.2000,158.2000,1,1,2026-08-24T00:00:00.000
3084,20260703,20260723,79680,479,27,231,46,6,1,SOA003084,158.9000,158.9000,158.9000,1,1,2026-08-24T00:00:00.000
3085,20260802,20260820,51540,77,364,402,122,3,6,SOA003085,159.6000,159.6000,159.6000,1,1,2026-08-24T00:00:00.000
3086,20260627,20260812,85800,443,45,214,305,1,6,SOA003086,160.3000,160.3000,160.3000,1,1,2026-08-24T00:00:00.000
3087,20260702,20260822,13860,406,331,231,278,9,5,SOA003087,161.0000,161.0000,161.0000,1,1,2026-08-24T00:00:00.000
3088,20260728,20260614,51300,122,358,146,116,10,5,SOA003088,161.7000,161.7000,161.7000,1,1,2026-08-24T00:00:00.000
3089,20260822,20260722,70920,374,397,411,127,7,4,SOA003089,162.4000,162.4000,162.4000,1,1,2026-08-24T00:00:00.000
3090,20260805,20260721,85560,313,417,460,125,1,7,SOA003090,163.1000,163.1000,163.1000,1,1,2026-08-24T00:00:00.000
3091,20260603,20260618,76020,52,83,254,77,1,6,SOA003091,163.8000,163.8000,163.8000,1,1,2026-08-24T00:00:00.000
3092,20260607,20260809,8460,332,72,414,275,9,1,SOA003092,164.5000,164.5000,164.5000,1,1,2026-08-24T00:00:00.000
3093,20260705,20260808,15240,213,360,210,95,4,2,SOA003093,165.2000,165.2000,165.2000,1,1,2026-08-24T00:00:00.000
3094,20260529,20260702,18900,311,460,97,98,9,5,SOA003094,165.9000,165.9000,165.9000,1,1,2026-08-24T00:00:00.000
3095,20260531,20260617,31380,55,170,427,19,9,3,SOA003095,166.6000,166.6000,166.6000,1,1,2026-08-24T00:00:00.000
3096,20260622,20260726,27240,34,202,364,170,2,7,SOA003096,167.3000,167.3000,167.3000,1,1,2026-08-24T00:00:00.000
3097,20260712,20260617,73320,176,85,289,194,5,4,SOA003097,168.0000,168.0000,168.0000,1,1,2026-08-24T00:00:00.000
3098,20260528,20260811,17820,60,21,55,166,8,7,SOA003098,168.7000,168.7000,168.7000,1,1,2026-08-24T00:00:00.000
3099,20260815,20260731,6960,334,201,155,131,7,2,SOA003099,169.4000,169.4000,169.4000,1,1,2026-08-24T00:00:00.000
3100,20260801,20260710,72720,18,386,107,23,9,2,SOA003100,170.1000,170.1000,170.1000,1,1,2026-08-24T00:00:00.000
3101,20260811,20260701,10320,466,81,154,312,10,5,SOA003101,170.8000,170.8000,170.8000,1,1,2026-08-24T00:00:00.000
3102,20260622,20260630,79560,154,378,198,64,3,6,SOA003102,171.5000,171.5000,171.5000,1,1,2026-08-24T00:00:00.000
3103,20260615,20260717,16440,143,357,263,45,7,5,SOA003103,172.2000,172.2000,172.2000,1,1,2026-08-24T00:00:00.000
3104,20260820,20260812,78300,19,128,40,187,6,3,SOA003104,172.9000,172.9000,172.9000,1,1,2026-08-24T00:00:00.000
3105,20260530,20260606,74100,170,234,10,83,9,3,SOA003105,173.6000,173.6000,173.6000,1,1,2026-08-24T00:00:00.000
3106,20260623,20260807,51180,157,32,376,185,2,3,SOA003106,174.3000,174.3000,174.3000,1,1,2026-08-24T00:00:00.000
3107,20260619,20260607,2640,379,485,197,9,2,6,SOA003107,175.0000,175.0000,175.0000,1,1,2026-08-24T00:00:00.000
3108,20260810,20260804,48780,470,272,198,111,7,1,SOA003108,175.7000,175.7000,175.7000,1,1,2026-08-24T00:00:00.000
3109,20260805,20260609,11160,172,315,445,203,8,6,SOA003109,176.4000,176.4000,176.4000,1,1,2026-08-24T00:00:00.000
3110,20260609,20260814,70560,297,144,44,146,5,6,SOA003110,177.1000,177.1000,177.1000,1,1,2026-08-24T00:00:00.000
3111,20260723,20260808,11400,450,496,298,325,8,2,SOA003111,177.8000,177.8000,177.8000,1,1,2026-08-24T00:00:00.000
3112,20260725,20260814,10200,288,335,441,40,5,7,SOA003112,178.5000,178.5000,178.5000,1,1,2026-08-24T00:00:00.000
3113,20260722,20260802,44280,138,187,281,60,2,7,SOA003113,179.2000,179.2000,179.2000,1,1,2026-08-24T00:00:00.000
3114,20260702,20260717,73380,476,197,424,341,5,3,SOA003114,179.9000,179.9000,179.9000,1,1,2026-08-24T00:00:00.000
3115,20260616,20260731,71280,151,18,221,301,5,6,SOA003115,180.6000,180.6000,180.6000,1,1,2026-08-24T00:00:00.000
3116,20260705,20260601,55140,409,256,6,192,9,3,SOA003116,181.3000,181.3000,181.3000,1,1,2026-08-24T00:00:00.000
3117,20260811,20260622,43980,269,206,377,236,3,2,SOA003117,182.0000,182.0000,182.0000,1,1,2026-08-24T00:00:00.000
3118,20260628,20260528,74580,367,56,16,180,8,4,SOA003118,182.7000,182.7000,182.7000,1,1,2026-08-24T00:00:00.000
3119,20260806,20260617,29100,29,376,183,132,6,4,SOA003119,183.4000,183.4000,183.4000,1,1,2026-08-24T00:00:00.000
3120,20260528,20260701,54900,370,188,353,305,3,6,SOA003120,184.1000,184.1000,184.1000,1,1,2026-08-24T00:00:00.000
3121,20260629,20260604,40860,179,332,128,110,8,3,SOA003121,184.8000,184.8000,184.8000,1,1,2026-08-24T00:00:00.000
3122,20260702,20260604,35580,218,92,11,80,7,4,SOA003122,185.5000,185.5000,185.5000,1,1,2026-08-24T00:00:00.000
3123,20260717,20260610,480,391,315,170,85,6,5,SOA003123,186.2000,186.2000,186.2000,1,1,2026-08-24T00:00:00.000
3124,20260815,20260706,49020,244,460,188,110,2,7,SOA003124,186.9000,186.9000,186.9000,1,1,2026-08-24T00:00:00.000
3125,20260609,20260712,25620,118,338,188,215,7,4,SOA003125,187.6000,187.6000,187.6000,1,1,2026-08-24T00:00:00.000
3126,20260702,20260602,70200,141,327,346,198,1,7,SOA003126,188.3000,188.3000,188.3000,1,1,2026-08-24T00:00:00.000
3127,20260703,20260812,40920,418,182,452,3,5,4,SOA003127,189.0000,189.0000,189.0000,1,1,2026-08-24T00:00:00.000
3128,20260803,20260607,25260,109,308,120,335,5,6,SOA003128,189.7000,189.7000,189.7000,1,1,2026-08-24T00:00:00.000
3129,20260611,20260619,21960,317,342,494,142,5,1,SOA003129,190.4000,190.4000,190.4000,1,1,2026-08-24T00:00:00.000
3130,20260611,20260703,72180,347,77,84,175,5,6,SOA003130,191.1000,191.1000,191.1000,1,1,2026-08-24T00:00:00.000
3131,20260819,20260820,28800,94,379,216,17,5,4,SOA003131,191.8000,191.8000,191.8000,1,1,2026-08-24T00:00:00.000
3132,20260528,20260716,69420,479,461,128,306,3,2,SOA003132,192.5000,192.5000,192.5000,1,1,2026-08-24T00:00:00.000
3133,20260808,20260807,12780,154,124,132,17,3,4,SOA003133,193.2000,193.2000,193.2000,1,1,2026-08-24T00:00:00.000
3134,20260725,20260710,61920,232,262,359,238,2,4,SOA003134,193.9000,193.9000,193.9000,1,1,2026-08-24T00:00:00.000
3135,20260609,20260817,27000,366,159,488,209,5,4,SOA003135,194.6000,194.6000,194.6000,1,1,2026-08-24T00:00:00.000
3136,20260625,20260820,17220,76,326,228,171,10,4,SOA003136,195.3000,195.3000,195.3000,1,1,2026-08-24T00:00:00.000
3137,20260529,20260730,62820,166,200,253,9,9,5,SOA003137,196.0000,196.0000,196.0000,1,1,2026-08-24T00:00:00.000
3138,20260810,20260702,360,327,209,267,230,5,2,SOA003138,196.7000,196.7000,196.7000,1,1,2026-08-24T00:00:00.000
3139,20260708,20260601,26100,478,363,67,77,10,2,SOA003139,197.4000,197.4000,197.4000,1,1,2026-08-24T00:00:00.000
3140,20260620,20260616,17220,84,366,143,314,10,1,SOA003140,198.1000,198.1000,198.1000,1,1,2026-08-24T00:00:00.000
3141,20260821,20260625,70860,360,113,113,114,4,7,SOA003141,198.8000,198.8000,198.8000,1,1,2026-08-24T00:00:00.000
3142,20260611,20260810,4200,40,308,291,34,2,6,SOA003142,199.5000,199.5000,199.5000,1,1,2026-08-24T00:00:00.000
3143,20260728,20260823,19080,381,209,88,310,10,5,SOA003143,200.2000,200.2000,200.2000,1,1,2026-08-24T00:00:00.000
3144,20260726,20260815,81540,409,176,87,37,8,3,SOA003144,200.9000,200.9000,200.9000,1,1,2026-08-24T00:00:00.000
3145,20260615,20260605,14640,42,453,98,280,10,3,SOA003145,201.6000,201.6000,201.6000,1,1,2026-08-24T00:00:00.000
3146,20260607,20260616,26940,70,389,132,180,4,5,SOA003146,202.3000,202.3000,202.3000,1,1,2026-08-24T00:00:00.000
3147,20260819,20260822,53040,356,110,305,35,6,7,SOA003147,203.0000,203.0000,203.0000,1,1,2026-08-24T00:00:00.000
3148,20260629,20260604,38760,79,120,130,272,1,4,SOA003148,203.7000,203.7000,203.7000,1,1,2026-08-24T00:00:00.000
3149,20260612,20260720,2820,282,314,394,126,3,4,SOA003149,204.4000,204.4000,204.4000,1,1,2026-08-24T00:00:00.000
3150,20260714,20260603,47400,389,295,233,34,4,6,SOA003150,205.1000,205.1000,205.1000,1,1,2026-08-24T00:00:00.000
3151,20260818,20260730,48600,495,399,157,48,3,6,SOA003151,205.8000,205.8000,205.8000,1,1,2026-08-24T00:00:00.000
3152,20260817,20260731,48660,211,115,400,299,10,6,SOA003152,206.5000,206.5000,206.5000,1,1,2026-08-24T00:00:00.000
3153,20260801,20260811,12780,179,90,73,90,7,7,SOA003153,207.2000,207.2000,207.2000,1,1,2026-08-24T00:00:00.000
3154,20260807,20260818,6240,63,44,275,177,2,7,SOA003154,207.9000,207.9000,207.9000,1,1,2026-08-24T00:00:00.000
3155,20260605,20260801,86280,387,255,473,139,8,2,SOA003155,208.6000,208.6000,208.6000,1,1,2026-08-24T00:00:00.000
3156,20260725,20260613,52860,200,62,102,347,4,5,SOA003156,209.3000,209.3000,209.3000,1,1,2026-08-24T00:00:00.000
3157,20260530,20260531,68100,454,265,499,336,8,4,SOA003157,210.0000,210.0000,210.0000,1,1,2026-08-24T00:00:00.000
3158,20260725,20260716,47820,488,170,371,286,2,5,SOA003158,210.7000,210.7000,210.7000,1,1,2026-08-24T00:00:00.000
3159,20260821,20260602,79920,284,6,282,34,10,7,SOA003159,211.4000,211.4000,211.4000,1,1,2026-08-24T00:00:00.000
3160,20260807,20260711,27120,259,339,130,336,1,5,SOA003160,212.1000,212.1000,212.1000,1,1,2026-08-24T00:00:00.000
3161,20260724,20260611,20280,118,151,158,151,2,1,SOA003161,212.8000,212.8000,212.8000,1,1,2026-08-24T00:00:00.000
3162,20260802,20260629,43980,294,17,235,177,4,5,SOA003162,213.5000,213.5000,213.5000,1,1,2026-08-24T00:00:00.000
3163,20260810,20260601,22620,335,465,109,73,1,1,SOA003163,214.2000,214.2000,214.2000,1,1,2026-08-24T00:00:00.000
3164,20260806,20260806,18600,219,313,348,166,1,3,SOA003164,214.9000,214.9000,214.9000,1,1,2026-08-24T00:00:00.000
3165,20260614,20260611,76320,47,358,460,70,6,1,SOA003165,215.6000,215.6000,215.6000,1,1,2026-08-24T00:00:00.000
3166,20260811,20260610,78900,470,281,121,137,2,4,SOA003166,216.3000,216.3000,216.3000,1,1,2026-08-24T00:00:00.000
3167,20260711,20260702,55500,438,198,357,77,5,6,SOA003167,217.0000,217.0000,217.0000,1,1,2026-08-24T00:00:00.000
3168,20260712,20260629,17040,355,166,450,314,8,4,SOA003168,217.7000,217.7000,217.7000,1,1,2026-08-24T00:00:00.000
3169,20260608,20260602,1080,192,249,380,337,10,5,SOA003169,218.4000,218.4000,218.4000,1,1,2026-08-24T00:00:00.000
3170,20260607,20260531,47040,94,197,214,136,9,4,SOA003170,219.1000,219.1000,219.1000,1,1,2026-08-24T00:00:00.000
3171,20260717,20260716,2400,322,200,23,138,10,7,SOA003171,219.8000,219.8000,219.8000,1,1,2026-08-24T00:00:00.000
3172,20260613,20260706,22140,301,96,232,292,7,7,SOA003172,220.5000,220.5000,220.5000,1,1,2026-08-24T00:00:00.000
3173,20260723,20260730,13980,459,443,116,337,2,2,SOA003173,221.2000,221.2000,221.2000,1,1,2026-08-24T00:00:00.000
3174,20260731,20260717,45480,418,231,474,306,8,5,SOA003174,221.9000,221.9000,221.9000,1,1,2026-08-24T00:00:00.000
3175,20260805,20260709,3060,432,285,335,265,7,4,SOA003175,222.6000,222.6000,222.6000,1,1,2026-08-24T00:00:00.000
3176,20260604,20260623,41400,72,387,214,339,1,4,SOA003176,223.3000,223.3000,223.3000,1,1,2026-08-24T00:00:00.000
3177,20260717,20260625,1500,400,222,422,49,8,4,SOA003177,224.0000,224.0000,224.0000,1,1,2026-08-24T00:00:00.000
3178,20260531,20260807,8760,190,468,479,10,2,1,SOA003178,224.7000,224.7000,224.7000,1,1,2026-08-24T00:00:00.000
3179,20260622,20260816,75540,255,244,407,272,8,1,SOA003179,225.4000,225.4000,225.4000,1,1,2026-08-24T00:00:00.000
3180,20260626,20260730,7440,17,72,262,51,6,6,SOA003180,226.1000,226.1000,226.1000,1,1,2026-08-24T00:00:00.000
3181,20260728,20260823,75840,17,436,493,251,5,1,SOA003181,226.8000,226.8000,226.8000,1,1,2026-08-24T00:00:00.000
3182,20260623,20260716,86100,119,272,7,156,5,2,SOA003182,227.5000,227.5000,227.5000,1,1,2026-08-24T00:00:00.000
3183,20260627,20260530,17880,469,172,75,334,1,1,SOA003183,228.2000,228.2000,228.2000,1,1,2026-08-24T00:00:00.000
3184,20260822,20260701,34440,144,397,184,186,10,7,SOA003184,228.9000,228.9000,228.9000,1,1,2026-08-24T00:00:00.000
3185,20260601,20260809,82200,325,348,461,1,1,4,SOA003185,229.6000,229.6000,229.6000,1,1,2026-08-24T00:00:00.000
3186,20260604,20260824,27420,208,433,433,268,7,6,SOA003186,230.3000,230.3000,230.3000,1,1,2026-08-24T00:00:00.000
3187,20260727,20260804,41580,451,109,156,338,4,6,SOA003187,231.0000,231.0000,231.0000,1,1,2026-08-24T00:00:00.000
3188,20260808,20260706,17160,65,72,287,186,4,7,SOA003188,231.7000,231.7000,231.7000,1,1,2026-08-24T00:00:00.000
3189,20260528,20260820,36780,137,442,322,235,1,1,SOA003189,232.4000,232.4000,232.4000,1,1,2026-08-24T00:00:00.000
3190,20260713,20260811,17100,290,303,485,106,5,2,SOA003190,233.1000,233.1000,233.1000,1,1,2026-08-24T00:00:00.000
3191,20260706,20260601,35340,8,36,123,146,10,7,SOA003191,233.8000,233.8000,233.8000,1,1,2026-08-24T00:00:00.000
3192,20260630,20260823,39000,52,155,118,142,10,1,SOA003192,234.5000,234.5000,234.5000,1,1,2026-08-24T00:00:00.000
3193,20260619,20260621,62700,84,14,361,18,9,7,SOA003193,235.2000,235.2000,235.2000,1,1,2026-08-24T00:00:00.000
3194,20260601,20260803,82740,62,296,336,85,10,3,SOA003194,235.9000,235.9000,235.9000,1,1,2026-08-24T00:00:00.000
3195,20260703,20260820,43980,228,162,178,60,10,5,SOA003195,236.6000,236.6000,236.6000,1,1,2026-08-24T00:00:00.000
3196,20260608,20260616,69000,148,13,40,322,5,1,SOA003196,237.3000,237.3000,237.3000,1,1,2026-08-24T00:00:00.000
3197,20260620,20260605,82860,186,54,52,10,3,1,SOA003197,238.0000,238.0000,238.0000,1,1,2026-08-24T00:00:00.000
3198,20260625,20260805,66540,289,447,72,217,7,2,SOA003198,238.7000,238.7000,238.7000,1,1,2026-08-24T00:00:00.000
3199,20260717,20260705,56940,330,185,225,57,3,4,SOA003199,239.4000,239.4000,239.4000,1,1,2026-08-24T00:00:00.000
3200,20260731,20260726,7860,76,218,435,147,1,5,SOA003200,240.1000,240.1000,240.1000,1,1,2026-08-24T00:00:00.000
3201,20260815,20260605,51060,331,251,500,158,5,6,SOA003201,240.8000,240.8000,240.8000,1,1,2026-08-24T00:00:00.000
3202,20260618,20260531,47340,431,153,101,2,4,2,SOA003202,241.5000,241.5000,241.5000,1,1,2026-08-24T00:00:00.000
3203,20260819,20260627,32640,335,138,143,208,6,3,SOA003203,242.2000,242.2000,242.2000,1,1,2026-08-24T00:00:00.000
3204,20260706,20260529,27060,346,420,36,192,8,1,SOA003204,242.9000,242.9000,242.9000,1,1,2026-08-24T00:00:00.000
3205,20260804,20260724,39480,419,12,120,174,10,6,SOA003205,243.6000,243.6000,243.6000,1,1,2026-08-24T00:00:00.000
3206,20260725,20260622,39900,267,94,276,38,9,3,SOA003206,244.3000,244.3000,244.3000,1,1,2026-08-24T00:00:00.000
3207,20260720,20260610,52740,418,26,283,110,5,4,SOA003207,245.0000,245.0000,245.0000,1,1,2026-08-24T00:00:00.000
3208,20260714,20260604,18480,338,207,461,80,8,6,SOA003208,245.7000,245.7000,245.7000,1,1,2026-08-24T00:00:00.000
3209,20260817,20260629,76380,198,190,381,123,5,6,SOA003209,246.4000,246.4000,246.4000,1,1,2026-08-24T00:00:00.000
3210,20260529,20260630,68460,247,422,66,64,8,6,SOA003210,247.1000,247.1000,247.1000,1,1,2026-08-24T00:00:00.000
3211,20260603,20260811,20820,413,254,312,54,6,7,SOA003211,247.8000,247.8000,247.8000,1,1,2026-08-24T00:00:00.000
3212,20260822,20260531,70620,313,257,406,208,9,4,SOA003212,248.5000,248.5000,248.5000,1,1,2026-08-24T00:00:00.000
3213,20260624,20260708,42660,450,24,156,38,10,6,SOA003213,249.2000,249.2000,249.2000,1,1,2026-08-24T00:00:00.000
3214,20260622,20260724,14040,58,160,202,246,3,6,SOA003214,249.9000,249.9000,249.9000,1,1,2026-08-24T00:00:00.000
3215,20260620,20260704,70320,303,453,275,290,10,1,SOA003215,250.6000,250.6000,250.6000,1,1,2026-08-24T00:00:00.000
3216,20260711,20260618,70500,437,431,7,301,9,6,SOA003216,251.3000,251.3000,251.3000,1,1,2026-08-24T00:00:00.000
3217,20260630,20260625,23400,292,5,59,208,9,3,SOA003217,252.0000,252.0000,252.0000,1,1,2026-08-24T00:00:00.000
3218,20260606,20260612,86160,24,105,390,230,2,7,SOA003218,252.7000,252.7000,252.7000,1,1,2026-08-24T00:00:00.000
3219,20260724,20260803,43740,366,16,283,58,6,4,SOA003219,253.4000,253.4000,253.4000,1,1,2026-08-24T00:00:00.000
3220,20260812,20260731,19260,18,479,51,127,6,2,SOA003220,254.1000,254.1000,254.1000,1,1,2026-08-24T00:00:00.000
3221,20260701,20260707,68340,127,182,142,260,5,1,SOA003221,254.8000,254.8000,254.8000,1,1,2026-08-24T00:00:00.000
3222,20260822,20260801,45780,310,487,354,312,7,7,SOA003222,255.5000,255.5000,255.5000,1,1,2026-08-24T00:00:00.000
3223,20260721,20260731,9960,279,30,63,62,9,3,SOA003223,256.2000,256.2000,256.2000,1,1,2026-08-24T00:00:00.000
3224,20260612,20260708,23400,350,359,208,115,9,2,SOA003224,256.9000,256.9000,256.9000,1,1,2026-08-24T00:00:00.000
3225,20260727,20260805,15360,195,17,70,86,6,7,SOA003225,257.6000,257.6000,257.6000,1,1,2026-08-24T00:00:00.000
3226,20260708,20260810,24240,257,30,418,48,6,5,SOA003226,258.3000,258.3000,258.3000,1,1,2026-08-24T00:00:00.000
3227,20260817,20260812,31440,210,257,335,9,3,1,SOA003227,259.0000,259.0000,259.0000,1,1,2026-08-24T00:00:00.000
3228,20260715,20260820,4440,135,460,300,331,5,3,SOA003228,259.7000,259.7000,259.7000,1,1,2026-08-24T00:00:00.000
3229,20260721,20260531,35040,355,246,214,298,6,1,SOA003229,260.4000,260.4000,260.4000,1,1,2026-08-24T00:00:00.000
3230,20260630,20260822,1980,91,351,246,340,8,1,SOA003230,261.1000,261.1000,261.1000,1,1,2026-08-24T00:00:00.000
3231,20260720,20260529,76380,296,212,222,218,1,3,SOA003231,261.8000,261.8000,261.8000,1,1,2026-08-24T00:00:00.000
3232,20260715,20260811,81780,203,68,263,296,4,3,SOA003232,262.5000,262.5000,262.5000,1,1,2026-08-24T00:00:00.000
3233,20260815,20260627,25560,63,39,244,70,10,7,SOA003233,263.2000,263.2000,263.2000,1,1,2026-08-24T00:00:00.000
3234,20260716,20260729,49260,148,485,244,62,2,3,SOA003234,263.9000,263.9000,263.9000,1,1,2026-08-24T00:00:00.000
3235,20260711,20260723,55620,480,179,71,118,4,5,SOA003235,264.6000,264.6000,264.6000,1,1,2026-08-24T00:00:00.000
3236,20260801,20260712,62100,207,454,102,252,2,3,SOA003236,265.3000,265.3000,265.3000,1,1,2026-08-24T00:00:00.000
3237,20260713,20260616,66840,422,330,500,297,1,2,SOA003237,266.0000,266.0000,266.0000,1,1,2026-08-24T00:00:00.000
3238,20260810,20260816,1320,179,113,369,186,8,3,SOA003238,266.7000,266.7000,266.7000,1,1,2026-08-24T00:00:00.000
3239,20260823,20260811,9060,118,92,273,166,9,1,SOA003239,267.4000,267.4000,267.4000,1,1,2026-08-24T00:00:00.000
3240,20260817,20260810,44280,199,423,326,128,1,2,SOA003240,268.1000,268.1000,268.1000,1,1,2026-08-24T00:00:00.000
3241,20260818,20260603,66480,95,79,123,30,9,5,SOA003241,268.8000,268.8000,268.8000,1,1,2026-08-24T00:00:00.000
3242,20260814,20260529,70920,361,301,446,4,7,7,SOA003242,269.5000,269.5000,269.5000,1,1,2026-08-24T00:00:00.000
3243,20260727,20260726,12300,278,338,340,57,5,7,SOA003243,270.2000,270.2000,270.2000,1,1,2026-08-24T00:00:00.000
3244,20260713,20260603,12300,279,269,300,60,4,4,SOA003244,270.9000,270.9000,270.9000,1,1,2026-08-24T00:00:00.000
3245,20260712,20260707,50100,284,282,93,101,10,4,SOA003245,271.6000,271.6000,271.6000,1,1,2026-08-24T00:00:00.000
3246,20260815,20260815,22620,470,233,207,39,2,5,SOA003246,272.3000,272.3000,272.3000,1,1,2026-08-24T00:00:00.000
3247,20260605,20260726,21480,172,382,26,168,10,5,SOA003247,273.0000,273.0000,273.0000,1,1,2026-08-24T00:00:00.000
3248,20260623,20260714,36300,307,160,224,139,3,2,SOA003248,273.7000,273.7000,273.7000,1,1,2026-08-24T00:00:00.000
3249,20260530,20260823,40980,149,254,494,55,3,6,SOA003249,274.4000,274.4000,274.4000,1,1,2026-08-24T00:00:00.000
3250,20260808,20260702,69960,21,308,412,249,6,3,SOA003250,275.1000,275.1000,275.1000,1,1,2026-08-24T00:00:00.000
3251,20260812,20260621,22440,453,472,432,17,8,5,SOA003251,275.8000,275.8000,275.8000,1,1,2026-08-24T00:00:00.000
3252,20260708,20260820,29100,154,78,255,187,6,3,SOA003252,276.5000,276.5000,276.5000,1,1,2026-08-24T00:00:00.000
3253,20260803,20260605,28620,275,294,345,319,3,3,SOA003253,277.2000,277.2000,277.2000,1,1,2026-08-24T00:00:00.000
3254,20260718,20260608,30180,396,184,195,123,9,3,SOA003254,277.9000,277.9000,277.9000,1,1,2026-08-24T00:00:00.000
3255,20260628,20260804,23520,374,162,257,90,8,7,SOA003255,278.6000,278.6000,278.6000,1,1,2026-08-24T00:00:00.000
3256,20260715,20260706,71940,143,459,44,40,1,2,SOA003256,279.3000,279.3000,279.3000,1,1,2026-08-24T00:00:00.000
3257,20260622,20260625,3360,446,272,339,107,1,6,SOA003257,280.0000,280.0000,280.0000,1,1,2026-08-24T00:00:00.000
3258,20260613,20260804,32940,227,145,140,300,5,3,SOA003258,280.7000,280.7000,280.7000,1,1,2026-08-24T00:00:00.000
3259,20260621,20260726,66060,70,111,168,165,5,5,SOA003259,281.4000,281.4000,281.4000,1,1,2026-08-24T00:00:00.000
3260,20260616,20260720,41880,350,262,333,277,5,4,SOA003260,282.1000,282.1000,282.1000,1,1,2026-08-24T00:00:00.000
3261,20260810,20260623,52740,319,292,8,192,4,7,SOA003261,282.8000,282.8000,282.8000,1,1,2026-08-24T00:00:00.000
3262,20260620,20260814,35040,366,41,311,199,4,6,SOA003262,283.5000,283.5000,283.5000,1,1,2026-08-24T00:00:00.000
3263,20260823,20260723,23940,414,441,391,41,9,4,SOA003263,284.2000,284.2000,284.2000,1,1,2026-08-24T00:00:00.000
3264,20260608,20260814,83880,359,236,414,15,2,7,SOA003264,284.9000,284.9000,284.9000,1,1,2026-08-24T00:00:00.000
3265,20260709,20260824,70620,272,407,430,287,8,2,SOA003265,285.6000,285.6000,285.6000,1,1,2026-08-24T00:00:00.000
3266,20260619,20260725,1620,279,382,307,136,1,6,SOA003266,286.3000,286.3000,286.3000,1,1,2026-08-24T00:00:00.000
3267,20260530,20260816,78540,172,326,425,17,3,3,SOA003267,287.0000,287.0000,287.0000,1,1,2026-08-24T00:00:00.000
3268,20260820,20260705,64920,109,479,48,118,3,3,SOA003268,287.7000,287.7000,287.7000,1,1,2026-08-24T00:00:00.000
3269,20260717,20260702,50400,465,410,70,223,1,1,SOA003269,288.4000,288.4000,288.4000,1,1,2026-08-24T00:00:00.000
3270,20260823,20260705,31440,51,362,316,51,5,3,SOA003270,289.1000,289.1000,289.1000,1,1,2026-08-24T00:00:00.000
3271,20260804,20260703,42300,385,144,395,243,9,2,SOA003271,289.8000,289.8000,289.8000,1,1,2026-08-24T00:00:00.000
3272,20260603,20260726,75000,479,366,239,312,3,4,SOA003272,290.5000,290.5000,290.5000,1,1,2026-08-24T00:00:00.000
3273,20260611,20260725,57360,324,49,271,347,9,3,SOA003273,291.2000,291.2000,291.2000,1,1,2026-08-24T00:00:00.000
3274,20260619,20260720,31440,177,263,385,299,8,6,SOA003274,291.9000,291.9000,291.9000,1,1,2026-08-24T00:00:00.000
3275,20260713,20260608,50520,443,320,339,114,1,5,SOA003275,292.6000,292.6000,292.6000,1,1,2026-08-24T00:00:00.000
3276,20260620,20260604,14040,432,108,179,138,7,7,SOA003276,293.3000,293.3000,293.3000,1,1,2026-08-24T00:00:00.000
3277,20260619,20260818,82320,98,438,429,166,1,6,SOA003277,294.0000,294.0000,294.0000,1,1,2026-08-24T00:00:00.000
3278,20260614,20260618,6300,306,454,423,228,1,4,SOA003278,294.7000,294.7000,294.7000,1,1,2026-08-24T00:00:00.000
3279,20260805,20260716,23460,74,4,249,181,3,6,SOA003279,295.4000,295.4000,295.4000,1,1,2026-08-24T00:00:00.000
3280,20260531,20260713,79200,29,94,294,67,6,5,SOA003280,296.1000,296.1000,296.1000,1,1,2026-08-24T00:00:00.000
3281,20260730,20260724,58920,258,171,310,145,10,2,SOA003281,296.8000,296.8000,296.8000,1,1,2026-08-24T00:00:00.000
3282,20260617,20260817,33480,394,124,287,131,7,3,SOA003282,297.5000,297.5000,297.5000,1,1,2026-08-24T00:00:00.000
3283,20260709,20260624,45420,336,441,452,75,5,5,SOA003283,298.2000,298.2000,298.2000,1,1,2026-08-24T00:00:00.000
3284,20260715,20260811,22920,493,27,467,282,6,4,SOA003284,298.9000,298.9000,298.9000,1,1,2026-08-24T00:00:00.000
3285,20260601,20260824,8100,219,472,208,65,3,3,SOA003285,299.6000,299.6000,299.6000,1,1,2026-08-24T00:00:00.000
3286,20260810,20260817,17940,401,286,92,291,8,6,SOA003286,300.3000,300.3000,300.3000,1,1,2026-08-24T00:00:00.000
3287,20260802,20260716,10860,193,164,97,254,1,4,SOA003287,301.0000,301.0000,301.0000,1,1,2026-08-24T00:00:00.000
3288,20260710,20260626,58680,472,8,17,49,9,4,SOA003288,301.7000,301.7000,301.7000,1,1,2026-08-24T00:00:00.000
3289,20260611,20260815,71460,181,153,219,227,9,3,SOA003289,302.4000,302.4000,302.4000,1,1,2026-08-24T00:00:00.000
3290,20260711,20260731,52320,37,13,66,47,2,7,SOA003290,303.1000,303.1000,303.1000,1,1,2026-08-24T00:00:00.000
3291,20260704,20260722,60,279,308,382,124,9,1,SOA003291,303.8000,303.8000,303.8000,1,1,2026-08-24T00:00:00.000
3292,20260720,20260627,85620,84,89,376,342,9,2,SOA003292,304.5000,304.5000,304.5000,1,1,2026-08-24T00:00:00.000
3293,20260613,20260722,19740,78,81,423,9,6,3,SOA003293,305.2000,305.2000,305.2000,1,1,2026-08-24T00:00:00.000
3294,20260707,20260625,32400,238,6,296,251,10,6,SOA003294,305.9000,305.9000,305.9000,1,1,2026-08-24T00:00:00.000
3295,20260807,20260620,14580,278,459,436,127,4,7,SOA003295,306.6000,306.6000,306.6000,1,1,2026-08-24T00:00:00.000
3296,20260809,20260727,72060,20,24,39,258,10,2,SOA003296,307.3000,307.3000,307.3000,1,1,2026-08-24T00:00:00.000
3297,20260817,20260710,70380,303,379,175,152,9,7,SOA003297,308.0000,308.0000,308.0000,1,1,2026-08-24T00:00:00.000
3298,20260820,20260709,78060,66,14,203,118,10,7,SOA003298,308.7000,308.7000,308.7000,1,1,2026-08-24T00:00:00.000
3299,20260616,20260810,13980,96,166,364,119,9,4,SOA003299,309.4000,309.4000,309.4000,1,1,2026-08-24T00:00:00.000
3300,20260604,20260617,67080,182,390,84,20,9,6,SOA003300,310.1000,310.1000,310.1000,1,1,2026-08-24T00:00:00.000
3301,20260810,20260809,80640,123,496,238,247,2,7,SOA003301,310.8000,310.8000,310.8000,1,1,2026-08-24T00:00:00.000
3302,20260715,20260823,71700,165,110,354,109,7,1,SOA003302,311.5000,311.5000,311.5000,1,1,2026-08-24T00:00:00.000
3303,20260723,20260722,48180,198,355,243,106,2,5,SOA003303,312.2000,312.2000,312.2000,1,1,2026-08-24T00:00:00.000
3304,20260808,20260814,7080,380,293,231,172,6,4,SOA003304,312.9000,312.9000,312.9000,1,1,2026-08-24T00:00:00.000
3305,20260808,20260603,31740,160,387,365,267,6,5,SOA003305,313.6000,313.6000,313.6000,1,1,2026-08-24T00:00:00.000
3306,20260609,20260704,17880,155,101,231,184,3,1,SOA003306,314.3000,314.3000,314.3000,1,1,2026-08-24T00:00:00.000
3307,20260606,20260712,67440,410,10,491,323,2,1,SOA003307,315.0000,315.0000,315.0000,1,1,2026-08-24T00:00:00.000
3308,20260727,20260608,80040,2,88,143,277,9,4,SOA003308,315.7000,315.7000,315.7000,1,1,2026-08-24T00:00:00.000
3309,20260621,20260705,84840,399,155,114,274,6,7,SOA003309,316.4000,316.4000,316.4000,1,1,2026-08-24T00:00:00.000
3310,20260620,20260813,64560,105,15,20,277,1,7,SOA003310,317.1000,317.1000,317.1000,1,1,2026-08-24T00:00:00.000
3311,20260811,20260708,73200,50,404,486,340,3,3,SOA003311,317.8000,317.8000,317.8000,1,1,2026-08-24T00:00:00.000
3312,20260614,20260607,4800,319,210,196,285,7,5,SOA003312,318.5000,318.5000,318.5000,1,1,2026-08-24T00:00:00.000
3313,20260712,20260816,85020,490,94,332,179,9,3,SOA003313,319.2000,319.2000,319.2000,1,1,2026-08-24T00:00:00.000
3314,20260716,20260717,48960,109,97,118,66,1,7,SOA003314,319.9000,319.9000,319.9000,1,1,2026-08-24T00:00:00.000
3315,20260621,20260724,47700,264,96,393,283,8,6,SOA003315,320.6000,320.6000,320.6000,1,1,2026-08-24T00:00:00.000
3316,20260810,20260614,54120,486,360,282,112,1,4,SOA003316,321.3000,321.3000,321.3000,1,1,2026-08-24T00:00:00.000
3317,20260820,20260807,50880,305,492,369,258,1,7,SOA003317,322.0000,322.0000,322.0000,1,1,2026-08-24T00:00:00.000
3318,20260809,20260818,38580,327,190,50,319,9,7,SOA003318,322.7000,322.7000,322.7000,1,1,2026-08-24T00:00:00.000
3319,20260816,20260725,54120,12,390,18,317,7,4,SOA003319,323.4000,323.4000,323.4000,1,1,2026-08-24T00:00:00.000
3320,20260716,20260727,32640,456,60,36,155,9,2,SOA003320,324.1000,324.1000,324.1000,1,1,2026-08-24T00:00:00.000
3321,20260730,20260714,78600,286,4,300,242,2,3,SOA003321,324.8000,324.8000,324.8000,1,1,2026-08-24T00:00:00.000
3322,20260806,20260707,76020,86,142,210,182,2,7,SOA003322,325.5000,325.5000,325.5000,1,1,2026-08-24T00:00:00.000
3323,20260722,20260602,55680,269,360,122,103,5,4,SOA003323,326.2000,326.2000,326.2000,1,1,2026-08-24T00:00:00.000
3324,20260727,20260612,21780,295,343,162,308,5,4,SOA003324,326.9000,326.9000,326.9000,1,1,2026-08-24T00:00:00.000
3325,20260616,20260707,46500,132,382,398,235,1,5,SOA003325,327.6000,327.6000,327.6000,1,1,2026-08-24T00:00:00.000
3326,20260724,20260610,32820,311,425,51,204,4,2,SOA003326,328.3000,328.3000,328.3000,1,1,2026-08-24T00:00:00.000
3327,20260528,20260703,83460,491,99,172,207,10,7,SOA003327,329.0000,329.0000,329.0000,1,1,2026-08-24T00:00:00.000
3328,20260817,20260718,84000,351,161,336,35,4,7,SOA003328,329.7000,329.7000,329.7000,1,1,2026-08-24T00:00:00.000
3329,20260605,20260823,48300,40,143,338,229,5,1,SOA003329,330.4000,330.4000,330.4000,1,1,2026-08-24T00:00:00.000
3330,20260625,20260712,21360,492,40,132,265,3,5,SOA003330,331.1000,331.1000,331.1000,1,1,2026-08-24T00:00:00.000
3331,20260701,20260814,78240,94,263,269,148,6,4,SOA003331,331.8000,331.8000,331.8000,1,1,2026-08-24T00:00:00.000
3332,20260715,20260730,61440,223,257,250,46,1,5,SOA003332,332.5000,332.5000,332.5000,1,1,2026-08-24T00:00:00.000
3333,20260815,20260804,36540,461,208,4,100,5,6,SOA003333,333.2000,333.2000,333.2000,1,1,2026-08-24T00:00:00.000
3334,20260602,20260624,15660,262,307,64,350,7,1,SOA003334,333.9000,333.9000,333.9000,1,1,2026-08-24T00:00:00.000
3335,20260812,20260715,85860,160,133,230,329,6,2,SOA003335,334.6000,334.6000,334.6000,1,1,2026-08-24T00:00:00.000
3336,20260806,20260630,17880,188,79,159,213,9,5,SOA003336,335.3000,335.3000,335.3000,1,1,2026-08-24T00:00:00.000
3337,20260709,20260725,67500,16,298,216,332,6,4,SOA003337,336.0000,336.0000,336.0000,1,1,2026-08-24T00:00:00.000
3338,20260706,20260804,15120,40,80,195,108,7,2,SOA003338,336.7000,336.7000,336.7000,1,1,2026-08-24T00:00:00.000
3339,20260622,20260811,14100,178,243,34,196,8,4,SOA003339,337.4000,337.4000,337.4000,1,1,2026-08-24T00:00:00.000
3340,20260605,20260605,43380,63,14,49,196,6,2,SOA003340,338.1000,338.1000,338.1000,1,1,2026-08-24T00:00:00.000
3341,20260715,20260814,6840,34,7,96,330,4,7,SOA003341,338.8000,338.8000,338.8000,1,1,2026-08-24T00:00:00.000
3342,20260720,20260621,6240,371,96,82,87,2,3,SOA003342,339.5000,339.5000,339.5000,1,1,2026-08-24T00:00:00.000
3343,20260729,20260704,24120,215,499,159,338,5,5,SOA003343,340.2000,340.2000,340.2000,1,1,2026-08-24T00:00:00.000
3344,20260607,20260712,31860,493,492,49,192,8,4,SOA003344,340.9000,340.9000,340.9000,1,1,2026-08-24T00:00:00.000
3345,20260723,20260725,63540,355,276,417,100,6,3,SOA003345,341.6000,341.6000,341.6000,1,1,2026-08-24T00:00:00.000
3346,20260813,20260620,68040,130,332,331,122,2,2,SOA003346,342.3000,342.3000,342.3000,1,1,2026-08-24T00:00:00.000
3347,20260717,20260614,120,315,24,58,9,2,7,SOA003347,343.0000,343.0000,343.0000,1,1,2026-08-24T00:00:00.000
3348,20260613,20260630,28140,276,448,364,333,9,3,SOA003348,343.7000,343.7000,343.7000,1,1,2026-08-24T00:00:00.000
3349,20260713,20260528,5220,132,95,232,50,2,2,SOA003349,344.4000,344.4000,344.4000,1,1,2026-08-24T00:00:00.000
3350,20260607,20260605,38520,243,316,20,337,1,2,SOA003350,345.1000,345.1000,345.1000,1,1,2026-08-24T00:00:00.000
3351,20260821,20260821,4560,426,354,55,302,5,3,SOA003351,345.8000,345.8000,345.8000,1,1,2026-08-24T00:00:00.000
3352,20260623,20260710,15780,220,101,455,112,6,1,SOA003352,346.5000,346.5000,346.5000,1,1,2026-08-24T00:00:00.000
3353,20260715,20260820,77880,432,420,276,66,5,5,SOA003353,347.2000,347.2000,347.2000,1,1,2026-08-24T00:00:00.000
3354,20260817,20260530,37320,123,294,487,334,5,6,SOA003354,347.9000,347.9000,347.9000,1,1,2026-08-24T00:00:00.000
3355,20260705,20260717,34740,86,235,160,143,1,1,SOA003355,348.6000,348.6000,348.6000,1,1,2026-08-24T00:00:00.000
3356,20260615,20260607,67800,17,390,15,108,6,7,SOA003356,349.3000,349.3000,349.3000,1,1,2026-08-24T00:00:00.000
3357,20260602,20260712,44880,136,393,123,191,6,5,SOA003357,350.0000,350.0000,350.0000,1,1,2026-08-24T00:00:00.000
3358,20260726,20260806,58020,82,365,61,180,4,3,SOA003358,350.7000,350.7000,350.7000,1,1,2026-08-24T00:00:00.000
3359,20260612,20260810,65940,499,57,3,158,9,3,SOA003359,351.4000,351.4000,351.4000,1,1,2026-08-24T00:00:00.000
3360,20260712,20260701,36900,399,488,24,142,4,5,SOA003360,352.1000,352.1000,352.1000,1,1,2026-08-24T00:00:00.000
3361,20260611,20260819,2520,429,97,311,283,10,2,SOA003361,352.8000,352.8000,352.8000,1,1,2026-08-24T00:00:00.000
3362,20260822,20260803,5400,102,112,444,4,9,3,SOA003362,353.5000,353.5000,353.5000,1,1,2026-08-24T00:00:00.000
3363,20260824,20260801,84180,355,394,424,240,7,4,SOA003363,354.2000,354.2000,354.2000,1,1,2026-08-24T00:00:00.000
3364,20260710,20260628,85440,465,341,437,32,4,2,SOA003364,354.9000,354.9000,354.9000,1,1,2026-08-24T00:00:00.000
3365,20260801,20260528,31920,66,488,88,67,7,2,SOA003365,355.6000,355.6000,355.6000,1,1,2026-08-24T00:00:00.000
3366,20260608,20260612,44220,171,414,220,104,4,2,SOA003366,356.3000,356.3000,356.3000,1,1,2026-08-24T00:00:00.000
3367,20260710,20260820,21300,180,114,172,97,2,1,SOA003367,357.0000,357.0000,357.0000,1,1,2026-08-24T00:00:00.000
3368,20260731,20260715,12420,272,481,199,119,3,1,SOA003368,357.7000,357.7000,357.7000,1,1,2026-08-24T00:00:00.000
3369,20260705,20260811,32280,285,64,238,8,5,6,SOA003369,358.4000,358.4000,358.4000,1,1,2026-08-24T00:00:00.000
3370,20260707,20260702,82380,322,305,228,348,4,5,SOA003370,359.1000,359.1000,359.1000,1,1,2026-08-24T00:00:00.000
3371,20260605,20260627,44880,269,321,166,237,1,7,SOA003371,359.8000,359.8000,359.8000,1,1,2026-08-24T00:00:00.000
3372,20260809,20260803,85500,155,475,198,339,9,7,SOA003372,360.5000,360.5000,360.5000,1,1,2026-08-24T00:00:00.000
3373,20260721,20260811,29700,379,204,305,27,2,3,SOA003373,361.2000,361.2000,361.2000,1,1,2026-08-24T00:00:00.000
3374,20260706,20260623,20760,74,359,32,34,6,2,SOA003374,361.9000,361.9000,361.9000,1,1,2026-08-24T00:00:00.000
3375,20260812,20260801,60480,283,322,169,272,5,5,SOA003375,362.6000,362.6000,362.6000,1,1,2026-08-24T00:00:00.000
3376,20260604,20260728,12120,224,485,314,52,5,5,SOA003376,363.3000,363.3000,363.3000,1,1,2026-08-24T00:00:00.000
3377,20260530,20260704,82200,312,162,217,232,2,6,SOA003377,364.0000,364.0000,364.0000,1,1,2026-08-24T00:00:00.000
3378,20260527,20260527,13380,415,85,27,273,7,7,SOA003378,364.7000,364.7000,364.7000,1,1,2026-08-24T00:00:00.000
3379,20260615,20260821,3420,241,160,431,326,10,5,SOA003379,365.4000,365.4000,365.4000,1,1,2026-08-24T00:00:00.000
3380,20260608,20260718,72360,426,76,435,325,8,7,SOA003380,366.1000,366.1000,366.1000,1,1,2026-08-24T00:00:00.000
3381,20260701,20260710,33540,403,18,435,152,3,5,SOA003381,366.8000,366.8000,366.8000,1,1,2026-08-24T00:00:00.000
3382,20260711,20260714,2220,126,493,145,105,3,5,SOA003382,367.5000,367.5000,367.5000,1,1,2026-08-24T00:00:00.000
3383,20260815,20260531,80220,344,205,422,307,2,2,SOA003383,368.2000,368.2000,368.2000,1,1,2026-08-24T00:00:00.000
3384,20260725,20260706,83820,191,277,419,151,7,4,SOA003384,368.9000,368.9000,368.9000,1,1,2026-08-24T00:00:00.000
3385,20260627,20260806,5880,251,447,316,234,4,2,SOA003385,369.6000,369.6000,369.6000,1,1,2026-08-24T00:00:00.000
3386,20260811,20260607,32820,276,33,152,309,4,2,SOA003386,370.3000,370.3000,370.3000,1,1,2026-08-24T00:00:00.000
3387,20260812,20260628,35700,339,177,204,315,7,4,SOA003387,371.0000,371.0000,371.0000,1,1,2026-08-24T00:00:00.000
3388,20260810,20260724,51840,216,358,185,167,3,4,SOA003388,371.7000,371.7000,371.7000,1,1,2026-08-24T00:00:00.000
3389,20260618,20260821,78420,367,239,292,194,4,6,SOA003389,372.4000,372.4000,372.4000,1,1,2026-08-24T00:00:00.000
3390,20260608,20260613,29880,144,488,159,131,9,2,SOA003390,373.1000,373.1000,373.1000,1,1,2026-08-24T00:00:00.000
3391,20260808,20260718,8340,457,294,199,310,1,6,SOA003391,373.8000,373.8000,373.8000,1,1,2026-08-24T00:00:00.000
3392,20260706,20260623,67440,13,290,428,344,9,5,SOA003392,374.5000,374.5000,374.5000,1,1,2026-08-24T00:00:00.000
3393,20260721,20260708,46500,36,236,45,68,5,3,SOA003393,375.2000,375.2000,375.2000,1,1,2026-08-24T00:00:00.000
3394,20260714,20260530,58440,464,442,357,236,2,1,SOA003394,375.9000,375.9000,375.9000,1,1,2026-08-24T00:00:00.000
3395,20260628,20260722,76920,394,199,258,343,5,2,SOA003395,376.6000,376.6000,376.6000,1,1,2026-08-24T00:00:00.000
3396,20260713,20260718,6720,11,4,129,194,6,4,SOA003396,377.3000,377.3000,377.3000,1,1,2026-08-24T00:00:00.000
3397,20260607,20260604,50280,243,80,332,341,10,7,SOA003397,378.0000,378.0000,378.0000,1,1,2026-08-24T00:00:00.000
3398,20260701,20260630,70380,146,100,276,29,6,7,SOA003398,378.7000,378.7000,378.7000,1,1,2026-08-24T00:00:00.000
3399,20260627,20260617,30240,197,410,120,104,7,2,SOA003399,379.4000,379.4000,379.4000,1,1,2026-08-24T00:00:00.000
3400,20260720,20260606,82560,76,231,431,57,6,2,SOA003400,380.1000,380.1000,380.1000,1,1,2026-08-24T00:00:00.000
3401,20260604,20260802,51960,392,14,314,198,10,6,SOA003401,380.8000,380.8000,380.8000,1,1,2026-08-24T00:00:00.000
3402,20260615,20260705,18180,483,330,177,111,10,1,SOA003402,381.5000,381.5000,381.5000,1,1,2026-08-24T00:00:00.000
3403,20260610,20260612,76020,18,195,492,255,6,1,SOA003403,382.2000,382.2000,382.2000,1,1,2026-08-24T00:00:00.000
3404,20260716,20260821,40800,252,413,467,61,5,5,SOA003404,382.9000,382.9000,382.9000,1,1,2026-08-24T00:00:00.000
3405,20260622,20260620,58500,111,157,398,240,7,1,SOA003405,383.6000,383.6000,383.6000,1,1,2026-08-24T00:00:00.000
3406,20260803,20260729,10560,141,44,98,335,7,2,SOA003406,384.3000,384.3000,384.3000,1,1,2026-08-24T00:00:00.000
3407,20260716,20260819,13080,217,438,184,21,4,6,SOA003407,385.0000,385.0000,385.0000,1,1,2026-08-24T00:00:00.000
3408,20260711,20260815,41940,287,33,138,202,5,2,SOA003408,385.7000,385.7000,385.7000,1,1,2026-08-24T00:00:00.000
3409,20260824,20260628,40500,315,67,214,18,6,5,SOA003409,386.4000,386.4000,386.4000,1,1,2026-08-24T00:00:00.000
3410,20260531,20260702,360,91,428,444,224,8,4,SOA003410,387.1000,387.1000,387.1000,1,1,2026-08-24T00:00:00.000
3411,20260704,20260528,57240,426,433,21,290,8,1,SOA003411,387.8000,387.8000,387.8000,1,1,2026-08-24T00:00:00.000
3412,20260713,20260624,29220,375,321,477,189,1,1,SOA003412,388.5000,388.5000,388.5000,1,1,2026-08-24T00:00:00.000
3413,20260717,20260609,53820,109,120,119,347,6,5,SOA003413,389.2000,389.2000,389.2000,1,1,2026-08-24T00:00:00.000
3414,20260603,20260819,11820,385,355,347,60,9,1,SOA003414,389.9000,389.9000,389.9000,1,1,2026-08-24T00:00:00.000
3415,20260729,20260609,59040,461,370,22,274,4,6,SOA003415,390.6000,390.6000,390.6000,1,1,2026-08-24T00:00:00.000
3416,20260720,20260613,14100,113,229,319,290,6,5,SOA003416,391.3000,391.3000,391.3000,1,1,2026-08-24T00:00:00.000
3417,20260619,20260712,48540,286,142,292,99,1,2,SOA003417,392.0000,392.0000,392.0000,1,1,2026-08-24T00:00:00.000
3418,20260630,20260621,81180,80,377,413,82,5,4,SOA003418,392.7000,392.7000,392.7000,1,1,2026-08-24T00:00:00.000
3419,20260725,20260628,26820,113,101,19,84,4,4,SOA003419,393.4000,393.4000,393.4000,1,1,2026-08-24T00:00:00.000
3420,20260713,20260812,39840,267,439,286,245,1,7,SOA003420,394.1000,394.1000,394.1000,1,1,2026-08-24T00:00:00.000
3421,20260527,20260614,43080,32,113,63,217,6,4,SOA003421,394.8000,394.8000,394.8000,1,1,2026-08-24T00:00:00.000
3422,20260813,20260807,68100,9,174,484,311,2,7,SOA003422,395.5000,395.5000,395.5000,1,1,2026-08-24T00:00:00.000
3423,20260707,20260622,44460,152,153,445,68,5,2,SOA003423,396.2000,396.2000,396.2000,1,1,2026-08-24T00:00:00.000
3424,20260721,20260606,14760,342,185,292,145,10,2,SOA003424,396.9000,396.9000,396.9000,1,1,2026-08-24T00:00:00.000
3425,20260823,20260714,38460,111,123,178,219,2,1,SOA003425,397.6000,397.6000,397.6000,1,1,2026-08-24T00:00:00.000
3426,20260619,20260702,26880,20,157,183,131,8,4,SOA003426,398.3000,398.3000,398.3000,1,1,2026-08-24T00:00:00.000
3427,20260714,20260529,17640,280,81,59,253,8,3,SOA003427,399.0000,399.0000,399.0000,1,1,2026-08-24T00:00:00.000
3428,20260617,20260803,77460,170,226,141,36,3,4,SOA003428,399.7000,399.7000,399.7000,1,1,2026-08-24T00:00:00.000
3429,20260627,20260807,82980,373,492,459,153,10,5,SOA003429,400.4000,400.4000,400.4000,1,1,2026-08-24T00:00:00.000
3430,20260629,20260527,32280,169,122,321,51,6,6,SOA003430,401.1000,401.1000,401.1000,1,1,2026-08-24T00:00:00.000
3431,20260712,20260625,44040,84,112,118,249,6,5,SOA003431,401.8000,401.8000,401.8000,1,1,2026-08-24T00:00:00.000
3432,20260603,20260802,39900,305,27,394,163,2,6,SOA003432,402.5000,402.5000,402.5000,1,1,2026-08-24T00:00:00.000
3433,20260711,20260714,41820,299,17,297,302,2,7,SOA003433,403.2000,403.2000,403.2000,1,1,2026-08-24T00:00:00.000
3434,20260617,20260724,40080,381,154,371,179,7,4,SOA003434,403.9000,403.9000,403.9000,1,1,2026-08-24T00:00:00.000
3435,20260817,20260602,44760,80,492,208,115,10,4,SOA003435,404.6000,404.6000,404.6000,1,1,2026-08-24T00:00:00.000
3436,20260612,20260803,13740,191,7,397,149,4,4,SOA003436,405.3000,405.3000,405.3000,1,1,2026-08-24T00:00:00.000
3437,20260715,20260713,8100,11,424,245,245,5,1,SOA003437,406.0000,406.0000,406.0000,1,1,2026-08-24T00:00:00.000
3438,20260815,20260727,8580,194,395,284,217,9,6,SOA003438,406.7000,406.7000,406.7000,1,1,2026-08-24T00:00:00.000
3439,20260617,20260817,84060,493,129,135,304,10,2,SOA003439,407.4000,407.4000,407.4000,1,1,2026-08-24T00:00:00.000
3440,20260602,20260803,70860,136,219,280,161,5,3,SOA003440,408.1000,408.1000,408.1000,1,1,2026-08-24T00:00:00.000
3441,20260630,20260707,52020,145,232,416,49,4,1,SOA003441,408.8000,408.8000,408.8000,1,1,2026-08-24T00:00:00.000
3442,20260619,20260527,59040,232,200,82,59,9,6,SOA003442,409.5000,409.5000,409.5000,1,1,2026-08-24T00:00:00.000
3443,20260725,20260711,82560,95,179,457,99,5,4,SOA003443,410.2000,410.2000,410.2000,1,1,2026-08-24T00:00:00.000
3444,20260719,20260629,17160,63,223,294,137,3,4,SOA003444,410.9000,410.9000,410.9000,1,1,2026-08-24T00:00:00.000
3445,20260604,20260627,49500,133,101,198,142,4,2,SOA003445,411.6000,411.6000,411.6000,1,1,2026-08-24T00:00:00.000
3446,20260608,20260713,52440,126,215,478,258,6,4,SOA003446,412.3000,412.3000,412.3000,1,1,2026-08-24T00:00:00.000
3447,20260627,20260806,29100,428,12,303,112,4,5,SOA003447,413.0000,413.0000,413.0000,1,1,2026-08-24T00:00:00.000
3448,20260612,20260626,38400,18,20,494,68,8,4,SOA003448,413.7000,413.7000,413.7000,1,1,2026-08-24T00:00:00.000
3449,20260722,20260803,66180,13,440,154,217,7,5,SOA003449,414.4000,414.4000,414.4000,1,1,2026-08-24T00:00:00.000
3450,20260703,20260709,32340,13,30,1,227,2,2,SOA003450,415.1000,415.1000,415.1000,1,1,2026-08-24T00:00:00.000
3451,20260710,20260618,68520,203,292,142,11,3,6,SOA003451,415.8000,415.8000,415.8000,1,1,2026-08-24T00:00:00.000
3452,20260622,20260609,66000,336,429,364,300,9,5,SOA003452,416.5000,416.5000,416.5000,1,1,2026-08-24T00:00:00.000
3453,20260824,20260805,15360,336,435,372,45,6,5,SOA003453,417.2000,417.2000,417.2000,1,1,2026-08-24T00:00:00.000
3454,20260702,20260618,77640,195,7,98,256,2,2,SOA003454,417.9000,417.9000,417.9000,1,1,2026-08-24T00:00:00.000
3455,20260626,20260530,79860,247,259,208,99,8,3,SOA003455,418.6000,418.6000,418.6000,1,1,2026-08-24T00:00:00.000
3456,20260810,20260608,59100,442,485,66,31,9,6,SOA003456,419.3000,419.3000,419.3000,1,1,2026-08-24T00:00:00.000
3457,20260703,20260605,12960,66,96,103,57,2,4,SOA003457,420.0000,420.0000,420.0000,1,1,2026-08-24T00:00:00.000
3458,20260726,20260701,36420,404,126,140,149,1,4,SOA003458,420.7000,420.7000,420.7000,1,1,2026-08-24T00:00:00.000
3459,20260720,20260809,36720,443,330,55,63,3,4,SOA003459,421.4000,421.4000,421.4000,1,1,2026-08-24T00:00:00.000
3460,20260726,20260806,73140,156,130,156,145,1,4,SOA003460,422.1000,422.1000,422.1000,1,1,2026-08-24T00:00:00.000
3461,20260608,20260611,40440,75,73,104,210,5,1,SOA003461,422.8000,422.8000,422.8000,1,1,2026-08-24T00:00:00.000
3462,20260708,20260717,43260,172,277,371,200,9,4,SOA003462,423.5000,423.5000,423.5000,1,1,2026-08-24T00:00:00.000
3463,20260625,20260630,85740,111,70,361,292,3,7,SOA003463,424.2000,424.2000,424.2000,1,1,2026-08-24T00:00:00.000
3464,20260720,20260815,82620,474,403,465,293,1,4,SOA003464,424.9000,424.9000,424.9000,1,1,2026-08-24T00:00:00.000
3465,20260715,20260630,83760,492,439,63,257,6,2,SOA003465,425.6000,425.6000,425.6000,1,1,2026-08-24T00:00:00.000
3466,20260618,20260702,4560,234,55,44,101,9,5,SOA003466,426.3000,426.3000,426.3000,1,1,2026-08-24T00:00:00.000
3467,20260720,20260818,38280,268,335,425,16,8,5,SOA003467,427.0000,427.0000,427.0000,1,1,2026-08-24T00:00:00.000
3468,20260610,20260727,5520,341,391,491,310,4,1,SOA003468,427.7000,427.7000,427.7000,1,1,2026-08-24T00:00:00.000
3469,20260824,20260707,19980,400,393,269,179,5,2,SOA003469,428.4000,428.4000,428.4000,1,1,2026-08-24T00:00:00.000
3470,20260707,20260718,18120,252,149,239,39,2,1,SOA003470,429.1000,429.1000,429.1000,1,1,2026-08-24T00:00:00.000
3471,20260705,20260720,64980,340,94,87,215,5,5,SOA003471,429.8000,429.8000,429.8000,1,1,2026-08-24T00:00:00.000
3472,20260710,20260808,6720,337,149,326,266,10,3,SOA003472,430.5000,430.5000,430.5000,1,1,2026-08-24T00:00:00.000
3473,20260529,20260607,29940,176,187,455,343,8,3,SOA003473,431.2000,431.2000,431.2000,1,1,2026-08-24T00:00:00.000
3474,20260627,20260708,60180,184,154,451,157,6,4,SOA003474,431.9000,431.9000,431.9000,1,1,2026-08-24T00:00:00.000
3475,20260709,20260811,62880,360,391,140,301,4,6,SOA003475,432.6000,432.6000,432.6000,1,1,2026-08-24T00:00:00.000
3476,20260824,20260604,21240,489,181,219,348,10,1,SOA003476,433.3000,433.3000,433.3000,1,1,2026-08-24T00:00:00.000
3477,20260609,20260601,31560,431,103,200,139,2,2,SOA003477,434.0000,434.0000,434.0000,1,1,2026-08-24T00:00:00.000
3478,20260628,20260809,14640,35,53,77,8,5,7,SOA003478,434.7000,434.7000,434.7000,1,1,2026-08-24T00:00:00.000
3479,20260731,20260606,26340,321,193,96,8,2,2,SOA003479,435.4000,435.4000,435.4000,1,1,2026-08-24T00:00:00.000
3480,20260728,20260704,23700,266,306,475,128,5,7,SOA003480,436.1000,436.1000,436.1000,1,1,2026-08-24T00:00:00.000
3481,20260621,20260710,780,152,173,73,122,6,1,SOA003481,436.8000,436.8000,436.8000,1,1,2026-08-24T00:00:00.000
3482,20260701,20260606,0,82,455,465,13,7,1,SOA003482,437.5000,437.5000,437.5000,1,1,2026-08-24T00:00:00.000
3483,20260712,20260629,27660,250,157,451,320,1,4,SOA003483,438.2000,438.2000,438.2000,1,1,2026-08-24T00:00:00.000
3484,20260811,20260703,46860,114,260,480,230,7,5,SOA003484,438.9000,438.9000,438.9000,1,1,2026-08-24T00:00:00.000
3485,20260728,20260630,36660,332,193,238,50,2,2,SOA003485,439.6000,439.6000,439.6000,1,1,2026-08-24T00:00:00.000
3486,20260823,20260717,14520,49,79,461,293,9,6,SOA003486,440.3000,440.3000,440.3000,1,1,2026-08-24T00:00:00.000
3487,20260729,20260621,11280,450,111,402,117,3,4,SOA003487,441.0000,441.0000,441.0000,1,1,2026-08-24T00:00:00.000
3488,20260824,20260527,53160,382,29,55,183,1,4,SOA003488,441.7000,441.7000,441.7000,1,1,2026-08-24T00:00:00.000
3489,20260717,20260710,68820,230,86,493,125,1,4,SOA003489,442.4000,442.4000,442.4000,1,1,2026-08-24T00:00:00.000
3490,20260604,20260614,53460,325,494,490,294,4,1,SOA003490,443.1000,443.1000,443.1000,1,1,2026-08-24T00:00:00.000
3491,20260810,20260710,37140,156,212,440,208,9,1,SOA003491,443.8000,443.8000,443.8000,1,1,2026-08-24T00:00:00.000
3492,20260619,20260620,73200,293,354,456,167,9,7,SOA003492,444.5000,444.5000,444.5000,1,1,2026-08-24T00:00:00.000
3493,20260626,20260705,30300,138,78,74,135,1,2,SOA003493,445.2000,445.2000,445.2000,1,1,2026-08-24T00:00:00.000
3494,20260822,20260803,1440,184,187,342,343,5,2,SOA003494,445.9000,445.9000,445.9000,1,1,2026-08-24T00:00:00.000
3495,20260528,20260821,20760,94,236,89,215,2,4,SOA003495,446.6000,446.6000,446.6000,1,1,2026-08-24T00:00:00.000
3496,20260529,20260612,56400,247,370,125,156,6,1,SOA003496,447.3000,447.3000,447.3000,1,1,2026-08-24T00:00:00.000
3497,20260803,20260704,53520,264,133,253,159,5,7,SOA003497,448.0000,448.0000,448.0000,1,1,2026-08-24T00:00:00.000
3498,20260722,20260625,48000,296,369,156,6,9,5,SOA003498,448.7000,448.7000,448.7000,1,1,2026-08-24T00:00:00.000
3499,20260627,20260815,17040,332,29,233,185,3,6,SOA003499,449.4000,449.4000,449.4000,1,1,2026-08-24T00:00:00.000
3500,20260619,20260614,7320,234,261,389,54,10,3,SOA003500,450.1000,450.1000,450.1000,1,1,2026-08-24T00:00:00.000
3501,20260606,20260726,56820,105,468,419,144,10,6,SOA003501,450.8000,450.8000,450.8000,1,1,2026-08-24T00:00:00.000
3502,20260812,20260721,34680,303,20,390,174,8,4,SOA003502,451.5000,451.5000,451.5000,1,1,2026-08-24T00:00:00.000
3503,20260614,20260711,64500,194,37,345,115,5,4,SOA003503,452.2000,452.2000,452.2000,1,1,2026-08-24T00:00:00.000
3504,20260806,20260529,56100,40,174,354,227,5,6,SOA003504,452.9000,452.9000,452.9000,1,1,2026-08-24T00:00:00.000
3505,20260628,20260811,82320,181,203,392,74,10,7,SOA003505,453.6000,453.6000,453.6000,1,1,2026-08-24T00:00:00.000
3506,20260728,20260527,28860,392,92,335,199,4,4,SOA003506,454.3000,454.3000,454.3000,1,1,2026-08-24T00:00:00.000
3507,20260622,20260601,80100,79,251,350,149,3,7,SOA003507,455.0000,455.0000,455.0000,1,1,2026-08-24T00:00:00.000
3508,20260618,20260630,4740,22,326,455,115,10,4,SOA003508,455.7000,455.7000,455.7000,1,1,2026-08-24T00:00:00.000
3509,20260731,20260717,59340,34,454,244,5,1,7,SOA003509,456.4000,456.4000,456.4000,1,1,2026-08-24T00:00:00.000
3510,20260804,20260809,57600,79,73,372,315,2,1,SOA003510,457.1000,457.1000,457.1000,1,1,2026-08-24T00:00:00.000
3511,20260807,20260613,59940,219,428,305,314,4,4,SOA003511,457.8000,457.8000,457.8000,1,1,2026-08-24T00:00:00.000
3512,20260707,20260805,51540,447,196,279,54,5,6,SOA003512,458.5000,458.5000,458.5000,1,1,2026-08-24T00:00:00.000
3513,20260531,20260628,81120,235,158,55,318,8,2,SOA003513,459.2000,459.2000,459.2000,1,1,2026-08-24T00:00:00.000
3514,20260802,20260530,20460,201,48,317,147,10,6,SOA003514,459.9000,459.9000,459.9000,1,1,2026-08-24T00:00:00.000
3515,20260822,20260809,72720,424,375,434,258,10,7,SOA003515,460.6000,460.6000,460.6000,1,1,2026-08-24T00:00:00.000
3516,20260529,20260614,77640,374,446,390,24,9,7,SOA003516,461.3000,461.3000,461.3000,1,1,2026-08-24T00:00:00.000
3517,20260613,20260811,33780,482,363,11,38,3,6,SOA003517,462.0000,462.0000,462.0000,1,1,2026-08-24T00:00:00.000
3518,20260802,20260622,1620,310,413,169,211,3,2,SOA003518,462.7000,462.7000,462.7000,1,1,2026-08-24T00:00:00.000
3519,20260818,20260817,2160,375,199,119,134,5,7,SOA003519,463.4000,463.4000,463.4000,1,1,2026-08-24T00:00:00.000
3520,20260702,20260801,16800,256,496,174,303,5,6,SOA003520,464.1000,464.1000,464.1000,1,1,2026-08-24T00:00:00.000
3521,20260808,20260730,4800,21,73,393,298,7,7,SOA003521,464.8000,464.8000,464.8000,1,1,2026-08-24T00:00:00.000
3522,20260820,20260701,39540,65,435,213,77,9,2,SOA003522,465.5000,465.5000,465.5000,1,1,2026-08-24T00:00:00.000
3523,20260527,20260711,9840,429,338,483,216,4,4,SOA003523,466.2000,466.2000,466.2000,1,1,2026-08-24T00:00:00.000
3524,20260531,20260804,16260,317,67,146,260,6,7,SOA003524,466.9000,466.9000,466.9000,1,1,2026-08-24T00:00:00.000
3525,20260813,20260713,52260,40,208,291,158,9,1,SOA003525,467.6000,467.6000,467.6000,1,1,2026-08-24T00:00:00.000
3526,20260615,20260731,31980,95,8,377,51,9,7,SOA003526,468.3000,468.3000,468.3000,1,1,2026-08-24T00:00:00.000
3527,20260812,20260622,53100,460,129,424,329,4,4,SOA003527,469.0000,469.0000,469.0000,1,1,2026-08-24T00:00:00.000
3528,20260703,20260725,45540,43,484,58,230,5,4,SOA003528,469.7000,469.7000,469.7000,1,1,2026-08-24T00:00:00.000
3529,20260816,20260816,29160,145,431,132,224,5,5,SOA003529,470.4000,470.4000,470.4000,1,1,2026-08-24T00:00:00.000
3530,20260814,20260802,50220,7,42,191,330,4,3,SOA003530,471.1000,471.1000,471.1000,1,1,2026-08-24T00:00:00.000
3531,20260528,20260822,77100,455,92,441,137,5,2,SOA003531,471.8000,471.8000,471.8000,1,1,2026-08-24T00:00:00.000
3532,20260625,20260706,6420,173,133,44,159,10,2,SOA003532,472.5000,472.5000,472.5000,1,1,2026-08-24T00:00:00.000
3533,20260727,20260722,46860,379,9,372,327,5,2,SOA003533,473.2000,473.2000,473.2000,1,1,2026-08-24T00:00:00.000
3534,20260711,20260706,33480,342,448,228,109,10,4,SOA003534,473.9000,473.9000,473.9000,1,1,2026-08-24T00:00:00.000
3535,20260712,20260728,25740,319,32,394,127,6,7,SOA003535,474.6000,474.6000,474.6000,1,1,2026-08-24T00:00:00.000
3536,20260803,20260802,62520,153,133,196,54,5,6,SOA003536,475.3000,475.3000,475.3000,1,1,2026-08-24T00:00:00.000
3537,20260616,20260709,34500,192,249,109,268,5,1,SOA003537,476.0000,476.0000,476.0000,1,1,2026-08-24T00:00:00.000
3538,20260714,20260818,7860,236,473,478,307,4,1,SOA003538,476.7000,476.7000,476.7000,1,1,2026-08-24T00:00:00.000
3539,20260619,20260723,72300,116,432,457,274,5,2,SOA003539,477.4000,477.4000,477.4000,1,1,2026-08-24T00:00:00.000
3540,20260807,20260806,24120,378,406,382,207,4,3,SOA003540,478.1000,478.1000,478.1000,1,1,2026-08-24T00:00:00.000
3541,20260701,20260723,9780,54,452,98,70,3,5,SOA003541,478.8000,478.8000,478.8000,1,1,2026-08-24T00:00:00.000
3542,20260705,20260716,3060,444,282,243,8,10,3,SOA003542,479.5000,479.5000,479.5000,1,1,2026-08-24T00:00:00.000
3543,20260812,20260604,38940,302,232,352,3,1,4,SOA003543,480.2000,480.2000,480.2000,1,1,2026-08-24T00:00:00.000
3544,20260731,20260808,8340,211,192,260,227,6,1,SOA003544,480.9000,480.9000,480.9000,1,1,2026-08-24T00:00:00.000
3545,20260824,20260621,83220,31,317,374,271,1,3,SOA003545,481.6000,481.6000,481.6000,1,1,2026-08-24T00:00:00.000
3546,20260715,20260719,84840,224,326,15,336,8,5,SOA003546,482.3000,482.3000,482.3000,1,1,2026-08-24T00:00:00.000
3547,20260813,20260624,80700,117,316,13,191,1,6,SOA003547,483.0000,483.0000,483.0000,1,1,2026-08-24T00:00:00.000
3548,20260614,20260809,32940,482,263,166,8,10,4,SOA003548,483.7000,483.7000,483.7000,1,1,2026-08-24T00:00:00.000
3549,20260804,20260816,65880,78,215,188,344,7,4,SOA003549,484.4000,484.4000,484.4000,1,1,2026-08-24T00:00:00.000
3550,20260625,20260604,85260,402,86,240,286,10,7,SOA003550,485.1000,485.1000,485.1000,1,1,2026-08-24T00:00:00.000
3551,20260815,20260604,82200,222,157,49,270,8,3,SOA003551,485.8000,485.8000,485.8000,1,1,2026-08-24T00:00:00.000
3552,20260725,20260609,63180,226,73,330,275,2,6,SOA003552,486.5000,486.5000,486.5000,1,1,2026-08-24T00:00:00.000
3553,20260716,20260823,84900,274,104,130,262,4,4,SOA003553,487.2000,487.2000,487.2000,1,1,2026-08-24T00:00:00.000
3554,20260713,20260601,47100,77,105,434,80,8,2,SOA003554,487.9000,487.9000,487.9000,1,1,2026-08-24T00:00:00.000
3555,20260624,20260709,10440,239,290,215,121,1,4,SOA003555,488.6000,488.6000,488.6000,1,1,2026-08-24T00:00:00.000
3556,20260629,20260603,37740,444,218,106,220,2,3,SOA003556,489.3000,489.3000,489.3000,1,1,2026-08-24T00:00:00.000
3557,20260713,20260623,58800,156,254,306,216,5,7,SOA003557,490.0000,490.0000,490.0000,1,1,2026-08-24T00:00:00.000
3558,20260706,20260822,60600,321,385,20,71,9,3,SOA003558,490.7000,490.7000,490.7000,1,1,2026-08-24T00:00:00.000
3559,20260821,20260802,61140,197,111,288,67,5,7,SOA003559,491.4000,491.4000,491.4000,1,1,2026-08-24T00:00:00.000
3560,20260809,20260712,9300,178,459,279,62,10,1,SOA003560,492.1000,492.1000,492.1000,1,1,2026-08-24T00:00:00.000
3561,20260616,20260823,78360,329,83,1,256,6,5,SOA003561,492.8000,492.8000,492.8000,1,1,2026-08-24T00:00:00.000
3562,20260824,20260728,37740,150,401,313,28,2,6,SOA003562,493.5000,493.5000,493.5000,1,1,2026-08-24T00:00:00.000
3563,20260717,20260719,19560,26,211,363,74,3,1,SOA003563,494.2000,494.2000,494.2000,1,1,2026-08-24T00:00:00.000
3564,20260823,20260626,52680,240,224,44,233,5,2,SOA003564,494.9000,494.9000,494.9000,1,1,2026-08-24T00:00:00.000
3565,20260623,20260709,4620,356,56,182,83,1,2,SOA003565,495.6000,495.6000,495.6000,1,1,2026-08-24T00:00:00.000
3566,20260625,20260712,26280,103,250,245,246,10,3,SOA003566,496.3000,496.3000,496.3000,1,1,2026-08-24T00:00:00.000
3567,20260618,20260529,38880,405,198,484,307,10,3,SOA003567,497.0000,497.0000,497.0000,1,1,2026-08-24T00:00:00.000
3568,20260803,20260702,45540,441,229,432,110,5,6,SOA003568,497.7000,497.7000,497.7000,1,1,2026-08-24T00:00:00.000
3569,20260714,20260701,26340,172,375,170,159,8,2,SOA003569,498.4000,498.4000,498.4000,1,1,2026-08-24T00:00:00.000
3570,20260824,20260608,58620,413,467,3,258,1,1,SOA003570,499.1000,499.1000,499.1000,1,1,2026-08-24T00:00:00.000
3571,20260605,20260720,60240,358,233,438,270,5,6,SOA003571,499.8000,499.8000,499.8000,1,1,2026-08-24T00:00:00.000
3572,20260603,20260628,70500,342,482,15,196,6,7,SOA003572,500.5000,500.5000,500.5000,1,1,2026-08-24T00:00:00.000
3573,20260608,20260615,41880,287,197,478,325,6,4,SOA003573,501.2000,501.2000,501.2000,1,1,2026-08-24T00:00:00.000
3574,20260531,20260619,58500,250,431,401,101,8,6,SOA003574,501.9000,501.9000,501.9000,1,1,2026-08-24T00:00:00.000
3575,20260601,20260819,10560,180,113,26,305,8,2,SOA003575,502.6000,502.6000,502.6000,1,1,2026-08-24T00:00:00.000
3576,20260810,20260601,52200,425,385,6,137,6,3,SOA003576,503.3000,503.3000,503.3000,1,1,2026-08-24T00:00:00.000
3577,20260712,20260717,1740,236,72,368,120,2,3,SOA003577,504.0000,504.0000,504.0000,1,1,2026-08-24T00:00:00.000
3578,20260816,20260801,31320,66,434,322,286,1,6,SOA003578,504.7000,504.7000,504.7000,1,1,2026-08-24T00:00:00.000
3579,20260804,20260613,79980,269,106,201,140,9,5,SOA003579,505.4000,505.4000,505.4000,1,1,2026-08-24T00:00:00.000
3580,20260615,20260605,55440,385,90,301,39,3,2,SOA003580,506.1000,506.1000,506.1000,1,1,2026-08-24T00:00:00.000
3581,20260716,20260811,17160,178,218,311,277,6,2,SOA003581,506.8000,506.8000,506.8000,1,1,2026-08-24T00:00:00.000
3582,20260610,20260618,65460,284,176,358,161,4,5,SOA003582,507.5000,507.5000,507.5000,1,1,2026-08-24T00:00:00.000
3583,20260727,20260620,36780,480,436,166,143,5,3,SOA003583,508.2000,508.2000,508.2000,1,1,2026-08-24T00:00:00.000
3584,20260608,20260714,28800,229,82,200,348,3,7,SOA003584,508.9000,508.9000,508.9000,1,1,2026-08-24T00:00:00.000
3585,20260721,20260812,78180,285,2,345,172,3,1,SOA003585,509.6000,509.6000,509.6000,1,1,2026-08-24T00:00:00.000
3586,20260809,20260818,12840,430,139,27,123,4,5,SOA003586,510.3000,510.3000,510.3000,1,1,2026-08-24T00:00:00.000
3587,20260725,20260626,72540,337,333,410,156,3,5,SOA003587,511.0000,511.0000,511.0000,1,1,2026-08-24T00:00:00.000
3588,20260801,20260620,75240,234,203,91,253,2,3,SOA003588,511.7000,511.7000,511.7000,1,1,2026-08-24T00:00:00.000
3589,20260625,20260726,65220,102,17,332,72,9,5,SOA003589,512.4000,512.4000,512.4000,1,1,2026-08-24T00:00:00.000
3590,20260701,20260709,27900,265,297,308,182,10,7,SOA003590,513.1000,513.1000,513.1000,1,1,2026-08-24T00:00:00.000
3591,20260603,20260529,34380,103,125,33,78,6,5,SOA003591,513.8000,513.8000,513.8000,1,1,2026-08-24T00:00:00.000
3592,20260626,20260724,78900,28,232,350,7,4,7,SOA003592,514.5000,514.5000,514.5000,1,1,2026-08-24T00:00:00.000
3593,20260705,20260804,41280,210,249,306,102,7,7,SOA003593,515.2000,515.2000,515.2000,1,1,2026-08-24T00:00:00.000
3594,20260707,20260626,30780,31,433,297,335,1,5,SOA003594,515.9000,515.9000,515.9000,1,1,2026-08-24T00:00:00.000
3595,20260710,20260613,65520,399,492,233,70,6,5,SOA003595,516.6000,516.6000,516.6000,1,1,2026-08-24T00:00:00.000
3596,20260529,20260815,48420,148,228,287,98,3,4,SOA003596,517.3000,517.3000,517.3000,1,1,2026-08-24T00:00:00.000
3597,20260629,20260711,69780,190,439,332,291,1,1,SOA003597,518.0000,518.0000,518.0000,1,1,2026-08-24T00:00:00.000
3598,20260729,20260701,19020,155,47,4,302,3,2,SOA003598,518.7000,518.7000,518.7000,1,1,2026-08-24T00:00:00.000
3599,20260812,20260809,57120,53,16,231,107,6,3,SOA003599,519.4000,519.4000,519.4000,1,1,2026-08-24T00:00:00.000
3600,20260712,20260816,12720,470,111,7,321,6,6,SOA003600,520.1000,520.1000,520.1000,1,1,2026-08-24T00:00:00.000
3601,20260714,20260601,35580,114,306,95,300,6,1,SOA003601,520.8000,520.8000,520.8000,1,1,2026-08-24T00:00:00.000
3602,20260528,20260715,29400,159,171,500,87,4,6,SOA003602,521.5000,521.5000,521.5000,1,1,2026-08-24T00:00:00.000
3603,20260816,20260813,66720,95,373,29,63,1,4,SOA003603,522.2000,522.2000,522.2000,1,1,2026-08-24T00:00:00.000
3604,20260819,20260614,76260,102,475,119,341,5,6,SOA003604,522.9000,522.9000,522.9000,1,1,2026-08-24T00:00:00.000
3605,20260617,20260809,51960,89,200,135,110,8,1,SOA003605,523.6000,523.6000,523.6000,1,1,2026-08-24T00:00:00.000
3606,20260728,20260731,62100,387,249,211,339,9,2,SOA003606,524.3000,524.3000,524.3000,1,1,2026-08-24T00:00:00.000
3607,20260814,20260617,58740,38,28,209,181,1,1,SOA003607,525.0000,525.0000,525.0000,1,1,2026-08-24T00:00:00.000
3608,20260720,20260808,35220,14,29,378,150,7,6,SOA003608,525.7000,525.7000,525.7000,1,1,2026-08-24T00:00:00.000
3609,20260821,20260804,71760,424,119,391,286,1,1,SOA003609,526.4000,526.4000,526.4000,1,1,2026-08-24T00:00:00.000
3610,20260527,20260609,43980,445,500,100,235,3,2,SOA003610,527.1000,527.1000,527.1000,1,1,2026-08-24T00:00:00.000
3611,20260716,20260806,70560,400,431,161,63,8,5,SOA003611,527.8000,527.8000,527.8000,1,1,2026-08-24T00:00:00.000
3612,20260609,20260808,16800,390,39,492,158,5,1,SOA003612,528.5000,528.5000,528.5000,1,1,2026-08-24T00:00:00.000
3613,20260720,20260531,45240,189,150,118,148,10,5,SOA003613,529.2000,529.2000,529.2000,1,1,2026-08-24T00:00:00.000
3614,20260627,20260727,13680,348,50,211,51,8,3,SOA003614,529.9000,529.9000,529.9000,1,1,2026-08-24T00:00:00.000
3615,20260811,20260625,38820,180,159,122,208,6,6,SOA003615,530.6000,530.6000,530.6000,1,1,2026-08-24T00:00:00.000
3616,20260719,20260806,31740,231,101,129,32,8,4,SOA003616,531.3000,531.3000,531.3000,1,1,2026-08-24T00:00:00.000
3617,20260818,20260628,15540,321,23,101,73,8,7,SOA003617,532.0000,532.0000,532.0000,1,1,2026-08-24T00:00:00.000
3618,20260626,20260811,69480,495,44,110,76,10,6,SOA003618,532.7000,532.7000,532.7000,1,1,2026-08-24T00:00:00.000
3619,20260604,20260622,70800,95,119,67,138,6,3,SOA003619,533.4000,533.4000,533.4000,1,1,2026-08-24T00:00:00.000
3620,20260601,20260609,62400,474,243,58,32,7,5,SOA003620,534.1000,534.1000,534.1000,1,1,2026-08-24T00:00:00.000
3621,20260701,20260809,11760,329,156,453,176,9,2,SOA003621,534.8000,534.8000,534.8000,1,1,2026-08-24T00:00:00.000
3622,20260820,20260720,36060,274,37,308,45,6,5,SOA003622,535.5000,535.5000,535.5000,1,1,2026-08-24T00:00:00.000
3623,20260604,20260817,29340,350,336,335,326,1,3,SOA003623,536.2000,536.2000,536.2000,1,1,2026-08-24T00:00:00.000
3624,20260720,20260531,29040,224,193,199,4,2,6,SOA003624,536.9000,536.9000,536.9000,1,1,2026-08-24T00:00:00.000
3625,20260528,20260529,28800,198,26,462,284,5,3,SOA003625,537.6000,537.6000,537.6000,1,1,2026-08-24T00:00:00.000
3626,20260713,20260618,63720,485,218,401,70,1,5,SOA003626,538.3000,538.3000,538.3000,1,1,2026-08-24T00:00:00.000
3627,20260717,20260716,3540,317,448,229,79,6,3,SOA003627,539.0000,539.0000,539.0000,1,1,2026-08-24T00:00:00.000
3628,20260603,20260630,65820,169,50,467,147,9,2,SOA003628,539.7000,539.7000,539.7000,1,1,2026-08-24T00:00:00.000
3629,20260815,20260723,75000,373,271,440,93,8,6,SOA003629,540.4000,540.4000,540.4000,1,1,2026-08-24T00:00:00.000
3630,20260817,20260805,45900,243,290,17,72,6,2,SOA003630,541.1000,541.1000,541.1000,1,1,2026-08-24T00:00:00.000
3631,20260816,20260817,54000,399,409,260,175,2,5,SOA003631,541.8000,541.8000,541.8000,1,1,2026-08-24T00:00:00.000
3632,20260728,20260731,25500,401,495,393,156,8,3,SOA003632,542.5000,542.5000,542.5000,1,1,2026-08-24T00:00:00.000
3633,20260709,20260616,5580,145,225,286,277,3,1,SOA003633,543.2000,543.2000,543.2000,1,1,2026-08-24T00:00:00.000
3634,20260616,20260819,82140,437,125,126,232,10,7,SOA003634,543.9000,543.9000,543.9000,1,1,2026-08-24T00:00:00.000
3635,20260815,20260620,81420,20,452,358,93,8,3,SOA003635,544.6000,544.6000,544.6000,1,1,2026-08-24T00:00:00.000
3636,20260706,20260712,31800,64,98,1,259,1,7,SOA003636,545.3000,545.3000,545.3000,1,1,2026-08-24T00:00:00.000
3637,20260702,20260731,23460,355,442,234,193,9,5,SOA003637,546.0000,546.0000,546.0000,1,1,2026-08-24T00:00:00.000
3638,20260729,20260709,11520,249,136,25,263,7,2,SOA003638,546.7000,546.7000,546.7000,1,1,2026-08-24T00:00:00.000
3639,20260720,20260629,42300,270,180,327,41,9,5,SOA003639,547.4000,547.4000,547.4000,1,1,2026-08-24T00:00:00.000
3640,20260725,20260625,69720,420,335,184,38,5,5,SOA003640,548.1000,548.1000,548.1000,1,1,2026-08-24T00:00:00.000
3641,20260709,20260710,11220,46,491,225,185,2,6,SOA003641,548.8000,548.8000,548.8000,1,1,2026-08-24T00:00:00.000
3642,20260609,20260719,15900,48,392,302,157,3,5,SOA003642,549.5000,549.5000,549.5000,1,1,2026-08-24T00:00:00.000
3643,20260731,20260621,27240,366,189,311,76,1,4,SOA003643,550.2000,550.2000,550.2000,1,1,2026-08-24T00:00:00.000
3644,20260616,20260715,84600,371,452,231,313,7,7,SOA003644,550.9000,550.9000,550.9000,1,1,2026-08-24T00:00:00.000
3645,20260715,20260718,61440,240,281,261,100,7,2,SOA003645,551.6000,551.6000,551.6000,1,1,2026-08-24T00:00:00.000
3646,20260722,20260618,54480,128,61,197,176,2,3,SOA003646,552.3000,552.3000,552.3000,1,1,2026-08-24T00:00:00.000
3647,20260712,20260719,55500,181,489,25,18,7,6,SOA003647,553.0000,553.0000,553.0000,1,1,2026-08-24T00:00:00.000
3648,20260729,20260801,62580,333,36,211,26,7,4,SOA003648,553.7000,553.7000,553.7000,1,1,2026-08-24T00:00:00.000
3649,20260717,20260718,24960,191,352,185,2,6,3,SOA003649,554.4000,554.4000,554.4000,1,1,2026-08-24T00:00:00.000
3650,20260603,20260628,63060,79,66,496,72,10,6,SOA003650,555.1000,555.1000,555.1000,1,1,2026-08-24T00:00:00.000
3651,20260718,20260811,36420,142,426,419,319,7,4,SOA003651,555.8000,555.8000,555.8000,1,1,2026-08-24T00:00:00.000
3652,20260822,20260626,55020,379,474,20,262,3,1,SOA003652,556.5000,556.5000,556.5000,1,1,2026-08-24T00:00:00.000
3653,20260623,20260609,79440,78,360,132,307,4,3,SOA003653,557.2000,557.2000,557.2000,1,1,2026-08-24T00:00:00.000
3654,20260813,20260622,6960,400,128,472,231,10,4,SOA003654,557.9000,557.9000,557.9000,1,1,2026-08-24T00:00:00.000
3655,20260714,20260530,51600,50,264,449,227,5,5,SOA003655,558.6000,558.6000,558.6000,1,1,2026-08-24T00:00:00.000
3656,20260713,20260824,41460,413,141,498,277,9,4,SOA003656,559.3000,559.3000,559.3000,1,1,2026-08-24T00:00:00.000
3657,20260606,20260618,4320,463,179,96,300,5,1,SOA003657,560.0000,560.0000,560.0000,1,1,2026-08-24T00:00:00.000
3658,20260612,20260730,14580,9,61,345,176,6,2,SOA003658,560.7000,560.7000,560.7000,1,1,2026-08-24T00:00:00.000
3659,20260822,20260531,71280,7,427,8,336,3,1,SOA003659,561.4000,561.4000,561.4000,1,1,2026-08-24T00:00:00.000
3660,20260725,20260603,57300,475,54,5,54,8,6,SOA003660,562.1000,562.1000,562.1000,1,1,2026-08-24T00:00:00.000
3661,20260611,20260808,58320,470,314,479,38,3,5,SOA003661,562.8000,562.8000,562.8000,1,1,2026-08-24T00:00:00.000
3662,20260627,20260823,40620,213,284,469,224,8,5,SOA003662,563.5000,563.5000,563.5000,1,1,2026-08-24T00:00:00.000
3663,20260808,20260529,40740,50,308,261,151,2,4,SOA003663,564.2000,564.2000,564.2000,1,1,2026-08-24T00:00:00.000
3664,20260703,20260611,72240,258,196,334,281,6,5,SOA003664,564.9000,564.9000,564.9000,1,1,2026-08-24T00:00:00.000
3665,20260805,20260711,40980,324,268,180,108,8,7,SOA003665,565.6000,565.6000,565.6000,1,1,2026-08-24T00:00:00.000
3666,20260824,20260529,20220,391,415,443,293,8,3,SOA003666,566.3000,566.3000,566.3000,1,1,2026-08-24T00:00:00.000
3667,20260704,20260721,52200,415,19,49,306,4,2,SOA003667,567.0000,567.0000,567.0000,1,1,2026-08-24T00:00:00.000
3668,20260710,20260728,12120,281,497,54,84,6,1,SOA003668,567.7000,567.7000,567.7000,1,1,2026-08-24T00:00:00.000
3669,20260606,20260527,13680,17,352,43,317,1,4,SOA003669,568.4000,568.4000,568.4000,1,1,2026-08-24T00:00:00.000
3670,20260611,20260802,45600,482,228,451,118,5,1,SOA003670,569.1000,569.1000,569.1000,1,1,2026-08-24T00:00:00.000
3671,20260603,20260723,43200,1,158,393,195,10,5,SOA003671,569.8000,569.8000,569.8000,1,1,2026-08-24T00:00:00.000
3672,20260731,20260707,61260,86,359,379,250,9,4,SOA003672,570.5000,570.5000,570.5000,1,1,2026-08-24T00:00:00.000
3673,20260720,20260623,30540,152,150,306,25,2,5,SOA003673,571.2000,571.2000,571.2000,1,1,2026-08-24T00:00:00.000
3674,20260810,20260823,26700,350,453,86,29,2,3,SOA003674,571.9000,571.9000,571.9000,1,1,2026-08-24T00:00:00.000
3675,20260603,20260802,38580,220,71,121,36,4,4,SOA003675,572.6000,572.6000,572.6000,1,1,2026-08-24T00:00:00.000
3676,20260604,20260605,36120,330,277,195,194,7,6,SOA003676,573.3000,573.3000,573.3000,1,1,2026-08-24T00:00:00.000
3677,20260601,20260613,1200,267,370,325,148,6,7,SOA003677,574.0000,574.0000,574.0000,1,1,2026-08-24T00:00:00.000
3678,20260614,20260725,63420,21,293,480,146,3,6,SOA003678,574.7000,574.7000,574.7000,1,1,2026-08-24T00:00:00.000
3679,20260824,20260527,62040,416,71,414,338,2,6,SOA003679,575.4000,575.4000,575.4000,1,1,2026-08-24T00:00:00.000
3680,20260706,20260714,19920,319,386,70,264,7,4,SOA003680,576.1000,576.1000,576.1000,1,1,2026-08-24T00:00:00.000
3681,20260822,20260610,82020,469,180,42,41,9,7,SOA003681,576.8000,576.8000,576.8000,1,1,2026-08-24T00:00:00.000
3682,20260814,20260819,33060,134,251,281,190,8,4,SOA003682,577.5000,577.5000,577.5000,1,1,2026-08-24T00:00:00.000
3683,20260822,20260818,9360,262,74,497,326,10,5,SOA003683,578.2000,578.2000,578.2000,1,1,2026-08-24T00:00:00.000
3684,20260628,20260814,77940,340,30,290,157,2,3,SOA003684,578.9000,578.9000,578.9000,1,1,2026-08-24T00:00:00.000
3685,20260615,20260824,21840,495,367,407,238,7,6,SOA003685,579.6000,579.6000,579.6000,1,1,2026-08-24T00:00:00.000
3686,20260821,20260801,52020,98,260,19,100,4,3,SOA003686,580.3000,580.3000,580.3000,1,1,2026-08-24T00:00:00.000
3687,20260702,20260721,63480,121,429,7,12,4,6,SOA003687,581.0000,581.0000,581.0000,1,1,2026-08-24T00:00:00.000
3688,20260725,20260607,9900,382,272,13,57,10,3,SOA003688,581.7000,581.7000,581.7000,1,1,2026-08-24T00:00:00.000
3689,20260529,20260812,69120,421,400,199,252,3,3,SOA003689,582.4000,582.4000,582.4000,1,1,2026-08-24T00:00:00.000
3690,20260729,20260818,79260,33,184,102,285,3,7,SOA003690,583.1000,583.1000,583.1000,1,1,2026-08-24T00:00:00.000
3691,20260706,20260721,22200,379,442,311,38,10,3,SOA003691,583.8000,583.8000,583.8000,1,1,2026-08-24T00:00:00.000
3692,20260807,20260705,8100,165,379,416,69,10,4,SOA003692,584.5000,584.5000,584.5000,1,1,2026-08-24T00:00:00.000
3693,20260815,20260810,58920,371,193,386,282,3,6,SOA003693,585.2000,585.2000,585.2000,1,1,2026-08-24T00:00:00.000
3694,20260724,20260806,73620,312,478,401,305,9,5,SOA003694,585.9000,585.9000,585.9000,1,1,2026-08-24T00:00:00.000
3695,20260819,20260818,29700,295,41,393,218,4,7,SOA003695,586.6000,586.6000,586.6000,1,1,2026-08-24T00:00:00.000
3696,20260816,20260723,56400,9,473,483,236,2,2,SOA003696,587.3000,587.3000,587.3000,1,1,2026-08-24T00:00:00.000
3697,20260803,20260618,13860,277,301,72,250,9,4,SOA003697,588.0000,588.0000,588.0000,1,1,2026-08-24T00:00:00.000
3698,20260528,20260620,7860,276,159,229,71,2,3,SOA003698,588.7000,588.7000,588.7000,1,1,2026-08-24T00:00:00.000
3699,20260712,20260728,81000,285,72,246,210,7,6,SOA003699,589.4000,589.4000,589.4000,1,1,2026-08-24T00:00:00.000
3700,20260805,20260804,25260,140,218,187,304,8,1,SOA003700,590.1000,590.1000,590.1000,1,1,2026-08-24T00:00:00.000
3701,20260717,20260701,29580,304,309,328,72,9,3,SOA003701,590.8000,590.8000,590.8000,1,1,2026-08-24T00:00:00.000
3702,20260618,20260731,54720,109,103,498,249,6,1,SOA003702,591.5000,591.5000,591.5000,1,1,2026-08-24T00:00:00.000
3703,20260807,20260601,6420,295,200,463,297,9,3,SOA003703,592.2000,592.2000,592.2000,1,1,2026-08-24T00:00:00.000
3704,20260702,20260527,15600,335,112,31,54,3,3,SOA003704,592.9000,592.9000,592.9000,1,1,2026-08-24T00:00:00.000
3705,20260621,20260603,68640,458,77,182,85,8,4,SOA003705,593.6000,593.6000,593.6000,1,1,2026-08-24T00:00:00.000
3706,20260620,20260722,840,80,371,490,49,9,3,SOA003706,594.3000,594.3000,594.3000,1,1,2026-08-24T00:00:00.000
3707,20260613,20260821,5040,192,205,482,190,9,6,SOA003707,595.0000,595.0000,595.0000,1,1,2026-08-24T00:00:00.000
3708,20260808,20260713,58860,328,42,187,337,10,2,SOA003708,595.7000,595.7000,595.7000,1,1,2026-08-24T00:00:00.000
3709,20260618,20260531,14100,301,478,44,94,9,7,SOA003709,596.4000,596.4000,596.4000,1,1,2026-08-24T00:00:00.000
3710,20260620,20260625,20940,270,451,93,241,9,5,SOA003710,597.1000,597.1000,597.1000,1,1,2026-08-24T00:00:00.000
3711,20260529,20260704,56880,326,138,16,22,3,2,SOA003711,597.8000,597.8000,597.8000,1,1,2026-08-24T00:00:00.000
3712,20260711,20260624,45480,139,65,171,171,7,7,SOA003712,598.5000,598.5000,598.5000,1,1,2026-08-24T00:00:00.000
3713,20260612,20260728,58320,398,422,33,184,1,5,SOA003713,599.2000,599.2000,599.2000,1,1,2026-08-24T00:00:00.000
3714,20260731,20260703,21000,391,106,415,306,3,2,SOA003714,599.9000,599.9000,599.9000,1,1,2026-08-24T00:00:00.000
3715,20260809,20260721,62580,153,194,6,179,9,4,SOA003715,600.6000,600.6000,600.6000,1,1,2026-08-24T00:00:00.000
3716,20260701,20260703,63480,213,426,149,177,2,2,SOA003716,601.3000,601.3000,601.3000,1,1,2026-08-24T00:00:00.000
3717,20260610,20260611,59580,107,449,340,37,6,7,SOA003717,602.0000,602.0000,602.0000,1,1,2026-08-24T00:00:00.000
3718,20260604,20260619,47880,274,390,280,59,7,3,SOA003718,602.7000,602.7000,602.7000,1,1,2026-08-24T00:00:00.000
3719,20260822,20260711,3540,300,141,395,265,1,1,SOA003719,603.4000,603.4000,603.4000,1,1,2026-08-24T00:00:00.000
3720,20260721,20260621,80700,286,103,314,257,7,6,SOA003720,604.1000,604.1000,604.1000,1,1,2026-08-24T00:00:00.000
3721,20260527,20260527,80160,101,161,406,320,9,6,SOA003721,604.8000,604.8000,604.8000,1,1,2026-08-24T00:00:00.000
3722,20260607,20260813,81840,310,72,169,325,3,3,SOA003722,605.5000,605.5000,605.5000,1,1,2026-08-24T00:00:00.000
3723,20260714,20260711,10860,23,336,496,32,3,7,SOA003723,606.2000,606.2000,606.2000,1,1,2026-08-24T00:00:00.000
3724,20260809,20260808,60000,380,116,445,36,10,5,SOA003724,606.9000,606.9000,606.9000,1,1,2026-08-24T00:00:00.000
3725,20260808,20260730,76260,55,167,288,175,3,2,SOA003725,607.6000,607.6000,607.6000,1,1,2026-08-24T00:00:00.000
3726,20260707,20260823,22860,369,61,255,253,3,5,SOA003726,608.3000,608.3000,608.3000,1,1,2026-08-24T00:00:00.000
3727,20260611,20260810,60060,81,495,280,347,7,1,SOA003727,609.0000,609.0000,609.0000,1,1,2026-08-24T00:00:00.000
3728,20260701,20260528,38940,92,255,323,175,1,1,SOA003728,609.7000,609.7000,609.7000,1,1,2026-08-24T00:00:00.000
3729,20260815,20260626,33660,11,396,482,58,6,2,SOA003729,610.4000,610.4000,610.4000,1,1,2026-08-24T00:00:00.000
3730,20260628,20260628,19200,359,301,255,322,9,6,SOA003730,611.1000,611.1000,611.1000,1,1,2026-08-24T00:00:00.000
3731,20260710,20260727,73380,201,409,241,216,5,2,SOA003731,611.8000,611.8000,611.8000,1,1,2026-08-24T00:00:00.000
3732,20260629,20260805,56640,417,328,269,227,5,4,SOA003732,612.5000,612.5000,612.5000,1,1,2026-08-24T00:00:00.000
3733,20260708,20260620,24300,447,362,404,167,9,6,SOA003733,613.2000,613.2000,613.2000,1,1,2026-08-24T00:00:00.000
3734,20260618,20260811,31440,18,303,76,166,4,6,SOA003734,613.9000,613.9000,613.9000,1,1,2026-08-24T00:00:00.000
3735,20260711,20260717,4620,350,331,19,182,8,3,SOA003735,614.6000,614.6000,614.6000,1,1,2026-08-24T00:00:00.000
3736,20260626,20260630,81060,117,225,111,281,1,5,SOA003736,615.3000,615.3000,615.3000,1,1,2026-08-24T00:00:00.000
3737,20260824,20260627,45660,374,500,230,48,2,4,SOA003737,616.0000,616.0000,616.0000,1,1,2026-08-24T00:00:00.000
3738,20260702,20260527,57540,343,482,249,57,8,1,SOA003738,616.7000,616.7000,616.7000,1,1,2026-08-24T00:00:00.000
3739,20260731,20260627,37380,235,164,150,92,6,4,SOA003739,617.4000,617.4000,617.4000,1,1,2026-08-24T00:00:00.000
3740,20260616,20260727,51900,173,125,328,175,9,4,SOA003740,618.1000,618.1000,618.1000,1,1,2026-08-24T00:00:00.000
3741,20260814,20260822,41040,433,145,336,154,5,1,SOA003741,618.8000,618.8000,618.8000,1,1,2026-08-24T00:00:00.000
3742,20260724,20260625,56040,78,196,419,175,3,4,SOA003742,619.5000,619.5000,619.5000,1,1,2026-08-24T00:00:00.000
3743,20260710,20260729,25140,358,33,34,266,8,7,SOA003743,620.2000,620.2000,620.2000,1,1,2026-08-24T00:00:00.000
3744,20260619,20260622,84780,182,350,428,136,5,5,SOA003744,620.9000,620.9000,620.9000,1,1,2026-08-24T00:00:00.000
3745,20260802,20260528,52680,76,108,5,276,8,2,SOA003745,621.6000,621.6000,621.6000,1,1,2026-08-24T00:00:00.000
3746,20260808,20260820,51180,149,19,35,268,3,5,SOA003746,622.3000,622.3000,622.3000,1,1,2026-08-24T00:00:00.000
3747,20260612,20260607,76740,490,336,319,100,5,3,SOA003747,623.0000,623.0000,623.0000,1,1,2026-08-24T00:00:00.000
3748,20260727,20260624,35220,227,271,254,309,9,2,SOA003748,623.7000,623.7000,623.7000,1,1,2026-08-24T00:00:00.000
3749,20260725,20260710,55440,58,11,56,42,5,5,SOA003749,624.4000,624.4000,624.4000,1,1,2026-08-24T00:00:00.000
3750,20260720,20260613,22560,36,216,194,182,2,3,SOA003750,625.1000,625.1000,625.1000,1,1,2026-08-24T00:00:00.000
3751,20260615,20260808,33960,105,116,142,215,8,5,SOA003751,625.8000,625.8000,625.8000,1,1,2026-08-24T00:00:00.000
3752,20260708,20260723,61620,221,61,143,207,6,4,SOA003752,626.5000,626.5000,626.5000,1,1,2026-08-24T00:00:00.000
3753,20260803,20260815,69840,480,300,14,212,2,2,SOA003753,627.2000,627.2000,627.2000,1,1,2026-08-24T00:00:00.000
3754,20260803,20260712,17340,201,241,451,134,7,6,SOA003754,627.9000,627.9000,627.9000,1,1,2026-08-24T00:00:00.000
3755,20260629,20260824,4800,30,129,377,79,1,7,SOA003755,628.6000,628.6000,628.6000,1,1,2026-08-24T00:00:00.000
3756,20260623,20260801,85380,364,374,90,77,2,2,SOA003756,629.3000,629.3000,629.3000,1,1,2026-08-24T00:00:00.000
3757,20260730,20260610,12000,324,316,292,291,5,4,SOA003757,630.0000,630.0000,630.0000,1,1,2026-08-24T00:00:00.000
3758,20260620,20260805,73980,423,395,439,237,7,4,SOA003758,630.7000,630.7000,630.7000,1,1,2026-08-24T00:00:00.000
3759,20260724,20260612,53340,418,419,487,196,8,5,SOA003759,631.4000,631.4000,631.4000,1,1,2026-08-24T00:00:00.000
3760,20260620,20260803,35940,16,438,295,238,1,6,SOA003760,632.1000,632.1000,632.1000,1,1,2026-08-24T00:00:00.000
3761,20260710,20260801,51120,479,446,431,303,10,1,SOA003761,632.8000,632.8000,632.8000,1,1,2026-08-24T00:00:00.000
3762,20260712,20260528,72540,80,397,489,130,9,5,SOA003762,633.5000,633.5000,633.5000,1,1,2026-08-24T00:00:00.000
3763,20260815,20260719,72360,477,293,82,19,8,1,SOA003763,634.2000,634.2000,634.2000,1,1,2026-08-24T00:00:00.000
3764,20260722,20260727,76440,475,101,153,150,6,2,SOA003764,634.9000,634.9000,634.9000,1,1,2026-08-24T00:00:00.000
3765,20260714,20260708,64860,184,15,280,17,9,1,SOA003765,635.6000,635.6000,635.6000,1,1,2026-08-24T00:00:00.000
3766,20260718,20260808,74640,287,186,395,267,7,4,SOA003766,636.3000,636.3000,636.3000,1,1,2026-08-24T00:00:00.000
3767,20260604,20260531,33960,339,287,280,320,3,1,SOA003767,637.0000,637.0000,637.0000,1,1,2026-08-24T00:00:00.000
3768,20260527,20260812,39180,491,333,66,166,9,7,SOA003768,637.7000,637.7000,637.7000,1,1,2026-08-24T00:00:00.000
3769,20260804,20260716,7740,342,402,100,344,5,1,SOA003769,638.4000,638.4000,638.4000,1,1,2026-08-24T00:00:00.000
3770,20260709,20260707,72480,275,401,436,56,6,4,SOA003770,639.1000,639.1000,639.1000,1,1,2026-08-24T00:00:00.000
3771,20260804,20260708,40080,24,258,162,36,2,4,SOA003771,639.8000,639.8000,639.8000,1,1,2026-08-24T00:00:00.000
3772,20260618,20260812,58680,186,105,129,141,7,3,SOA003772,640.5000,640.5000,640.5000,1,1,2026-08-24T00:00:00.000
3773,20260731,20260824,39720,319,229,40,65,7,1,SOA003773,641.2000,641.2000,641.2000,1,1,2026-08-24T00:00:00.000
3774,20260711,20260528,40380,201,233,241,133,10,7,SOA003774,641.9000,641.9000,641.9000,1,1,2026-08-24T00:00:00.000
3775,20260627,20260721,85800,276,315,22,214,3,7,SOA003775,642.6000,642.6000,642.6000,1,1,2026-08-24T00:00:00.000
3776,20260629,20260818,32280,469,207,219,81,6,5,SOA003776,643.3000,643.3000,643.3000,1,1,2026-08-24T00:00:00.000
3777,20260625,20260814,69780,51,316,454,207,2,6,SOA003777,644.0000,644.0000,644.0000,1,1,2026-08-24T00:00:00.000
3778,20260820,20260705,20400,24,175,264,200,6,6,SOA003778,644.7000,644.7000,644.7000,1,1,2026-08-24T00:00:00.000
3779,20260710,20260815,32940,412,41,325,90,8,6,SOA003779,645.4000,645.4000,645.4000,1,1,2026-08-24T00:00:00.000
3780,20260804,20260718,48480,120,170,242,29,3,6,SOA003780,646.1000,646.1000,646.1000,1,1,2026-08-24T00:00:00.000
3781,20260727,20260627,67560,137,386,358,255,3,5,SOA003781,646.8000,646.8000,646.8000,1,1,2026-08-24T00:00:00.000
3782,20260722,20260819,75900,473,100,74,206,3,4,SOA003782,647.5000,647.5000,647.5000,1,1,2026-08-24T00:00:00.000
3783,20260710,20260812,73980,423,122,328,332,6,3,SOA003783,648.2000,648.2000,648.2000,1,1,2026-08-24T00:00:00.000
3784,20260810,20260722,46320,307,377,400,168,5,6,SOA003784,648.9000,648.9000,648.9000,1,1,2026-08-24T00:00:00.000
3785,20260802,20260621,49680,266,471,266,327,2,3,SOA003785,649.6000,649.6000,649.6000,1,1,2026-08-24T00:00:00.000
3786,20260814,20260528,25920,457,343,314,65,2,7,SOA003786,650.3000,650.3000,650.3000,1,1,2026-08-24T00:00:00.000
3787,20260724,20260713,28920,47,133,396,75,8,3,SOA003787,651.0000,651.0000,651.0000,1,1,2026-08-24T00:00:00.000
3788,20260618,20260706,43020,247,498,119,336,8,3,SOA003788,651.7000,651.7000,651.7000,1,1,2026-08-24T00:00:00.000
3789,20260718,20260615,18000,231,163,423,18,3,5,SOA003789,652.4000,652.4000,652.4000,1,1,2026-08-24T00:00:00.000
3790,20260607,20260822,72720,335,47,234,345,5,2,SOA003790,653.1000,653.1000,653.1000,1,1,2026-08-24T00:00:00.000
3791,20260803,20260530,10500,292,62,264,142,7,7,SOA003791,653.8000,653.8000,653.8000,1,1,2026-08-24T00:00:00.000
3792,20260714,20260530,14640,305,45,57,94,3,3,SOA003792,654.5000,654.5000,654.5000,1,1,2026-08-24T00:00:00.000
3793,20260629,20260820,8820,373,413,248,330,10,7,SOA003793,655.2000,655.2000,655.2000,1,1,2026-08-24T00:00:00.000
3794,20260703,20260707,28200,259,58,377,335,10,3,SOA003794,655.9000,655.9000,655.9000,1,1,2026-08-24T00:00:00.000
3795,20260716,20260609,720,196,384,364,279,8,7,SOA003795,656.6000,656.6000,656.6000,1,1,2026-08-24T00:00:00.000
3796,20260806,20260716,32760,346,61,499,204,8,5,SOA003796,657.3000,657.3000,657.3000,1,1,2026-08-24T00:00:00.000
3797,20260820,20260619,42240,78,121,190,251,4,3,SOA003797,658.0000,658.0000,658.0000,1,1,2026-08-24T00:00:00.000
3798,20260602,20260627,70380,104,44,214,329,7,5,SOA003798,658.7000,658.7000,658.7000,1,1,2026-08-24T00:00:00.000
3799,20260629,20260725,29520,312,426,125,76,6,6,SOA003799,659.4000,659.4000,659.4000,1,1,2026-08-24T00:00:00.000
3800,20260619,20260708,11400,35,7,312,139,9,1,SOA003800,660.1000,660.1000,660.1000,1,1,2026-08-24T00:00:00.000
3801,20260627,20260609,4260,181,99,207,311,3,5,SOA003801,660.8000,660.8000,660.8000,1,1,2026-08-24T00:00:00.000
3802,20260704,20260624,62580,4,14,184,38,7,6,SOA003802,661.5000,661.5000,661.5000,1,1,2026-08-24T00:00:00.000
3803,20260629,20260814,73200,385,319,423,92,5,1,SOA003803,662.2000,662.2000,662.2000,1,1,2026-08-24T00:00:00.000
3804,20260527,20260807,2520,61,216,129,219,5,2,SOA003804,662.9000,662.9000,662.9000,1,1,2026-08-24T00:00:00.000
3805,20260714,20260723,8640,118,372,131,54,10,6,SOA003805,663.6000,663.6000,663.6000,1,1,2026-08-24T00:00:00.000
3806,20260629,20260603,32040,141,361,500,333,7,2,SOA003806,664.3000,664.3000,664.3000,1,1,2026-08-24T00:00:00.000
3807,20260819,20260702,40620,415,94,196,165,5,1,SOA003807,665.0000,665.0000,665.0000,1,1,2026-08-24T00:00:00.000
3808,20260812,20260807,54060,264,409,467,303,6,3,SOA003808,665.7000,665.7000,665.7000,1,1,2026-08-24T00:00:00.000
3809,20260617,20260731,79380,261,173,267,12,10,7,SOA003809,666.4000,666.4000,666.4000,1,1,2026-08-24T00:00:00.000
3810,20260801,20260707,27600,11,221,74,245,10,5,SOA003810,667.1000,667.1000,667.1000,1,1,2026-08-24T00:00:00.000
3811,20260721,20260812,43980,447,44,136,49,8,2,SOA003811,667.8000,667.8000,667.8000,1,1,2026-08-24T00:00:00.000
3812,20260527,20260531,47520,336,491,215,43,1,4,SOA003812,668.5000,668.5000,668.5000,1,1,2026-08-24T00:00:00.000
3813,20260530,20260609,84240,29,326,185,235,5,1,SOA003813,669.2000,669.2000,669.2000,1,1,2026-08-24T00:00:00.000
3814,20260621,20260809,30240,366,130,4,67,6,5,SOA003814,669.9000,669.9000,669.9000,1,1,2026-08-24T00:00:00.000
3815,20260808,20260704,19680,452,374,38,216,1,1,SOA003815,670.6000,670.6000,670.6000,1,1,2026-08-24T00:00:00.000
3816,20260804,20260610,9300,199,192,464,97,6,7,SOA003816,671.3000,671.3000,671.3000,1,1,2026-08-24T00:00:00.000
3817,20260822,20260606,36480,382,414,154,50,10,2,SOA003817,672.0000,672.0000,672.0000,1,1,2026-08-24T00:00:00.000
3818,20260527,20260701,16920,153,165,150,299,4,5,SOA003818,672.7000,672.7000,672.7000,1,1,2026-08-24T00:00:00.000
3819,20260810,20260721,61800,167,30,381,89,2,6,SOA003819,673.4000,673.4000,673.4000,1,1,2026-08-24T00:00:00.000
3820,20260812,20260804,5520,495,297,229,228,6,2,SOA003820,674.1000,674.1000,674.1000,1,1,2026-08-24T00:00:00.000
3821,20260806,20260813,31380,233,316,132,122,1,7,SOA003821,674.8000,674.8000,674.8000,1,1,2026-08-24T00:00:00.000
3822,20260528,20260603,85680,49,91,135,197,1,4,SOA003822,675.5000,675.5000,675.5000,1,1,2026-08-24T00:00:00.000
3823,20260622,20260608,43560,346,214,442,4,3,5,SOA003823,676.2000,676.2000,676.2000,1,1,2026-08-24T00:00:00.000
3824,20260703,20260607,9420,17,416,75,249,9,3,SOA003824,676.9000,676.9000,676.9000,1,1,2026-08-24T00:00:00.000
3825,20260624,20260603,58320,385,117,385,311,3,2,SOA003825,677.6000,677.6000,677.6000,1,1,2026-08-24T00:00:00.000
3826,20260529,20260716,23100,271,359,406,213,8,1,SOA003826,678.3000,678.3000,678.3000,1,1,2026-08-24T00:00:00.000
3827,20260613,20260705,13740,181,380,482,8,10,5,SOA003827,679.0000,679.0000,679.0000,1,1,2026-08-24T00:00:00.000
3828,20260814,20260713,45540,88,168,216,221,7,3,SOA003828,679.7000,679.7000,679.7000,1,1,2026-08-24T00:00:00.000
3829,20260802,20260725,4500,29,36,336,90,1,4,SOA003829,680.4000,680.4000,680.4000,1,1,2026-08-24T00:00:00.000
3830,20260802,20260609,13920,158,268,375,281,4,2,SOA003830,681.1000,681.1000,681.1000,1,1,2026-08-24T00:00:00.000
3831,20260809,20260710,22200,355,105,33,249,1,5,SOA003831,681.8000,681.8000,681.8000,1,1,2026-08-24T00:00:00.000
3832,20260611,20260721,23280,11,360,186,82,6,7,SOA003832,682.5000,682.5000,682.5000,1,1,2026-08-24T00:00:00.000
3833,20260630,20260619,50460,418,59,101,69,7,4,SOA003833,683.2000,683.2000,683.2000,1,1,2026-08-24T00:00:00.000
3834,20260621,20260611,38640,475,103,317,212,7,4,SOA003834,683.9000,683.9000,683.9000,1,1,2026-08-24T00:00:00.000
3835,20260818,20260528,34620,437,429,288,346,7,1,SOA003835,684.6000,684.6000,684.6000,1,1,2026-08-24T00:00:00.000
3836,20260530,20260723,70560,205,276,417,245,2,6,SOA003836,685.3000,685.3000,685.3000,1,1,2026-08-24T00:00:00.000
3837,20260619,20260613,1320,438,326,204,173,8,4,SOA003837,686.0000,686.0000,686.0000,1,1,2026-08-24T00:00:00.000
3838,20260607,20260721,4860,159,232,18,58,9,6,SOA003838,686.7000,686.7000,686.7000,1,1,2026-08-24T00:00:00.000
3839,20260630,20260726,27780,87,147,278,23,2,7,SOA003839,687.4000,687.4000,687.4000,1,1,2026-08-24T00:00:00.000
3840,20260811,20260814,31020,413,318,414,97,3,6,SOA003840,688.1000,688.1000,688.1000,1,1,2026-08-24T00:00:00.000
3841,20260623,20260809,4320,5,481,123,244,9,2,SOA003841,688.8000,688.8000,688.8000,1,1,2026-08-24T00:00:00.000
3842,20260724,20260730,5100,196,114,202,198,7,4,SOA003842,689.5000,689.5000,689.5000,1,1,2026-08-24T00:00:00.000
3843,20260610,20260617,50880,44,109,473,201,5,3,SOA003843,690.2000,690.2000,690.2000,1,1,2026-08-24T00:00:00.000
3844,20260713,20260715,13380,368,455,161,38,2,2,SOA003844,690.9000,690.9000,690.9000,1,1,2026-08-24T00:00:00.000
3845,20260604,20260812,17400,397,376,90,202,7,7,SOA003845,691.6000,691.6000,691.6000,1,1,2026-08-24T00:00:00.000
3846,20260603,20260530,73500,35,14,215,326,7,6,SOA003846,692.3000,692.3000,692.3000,1,1,2026-08-24T00:00:00.000
3847,20260728,20260731,70500,285,441,32,246,10,1,SOA003847,693.0000,693.0000,693.0000,1,1,2026-08-24T00:00:00.000
3848,20260623,20260819,10920,256,446,224,73,9,3,SOA003848,693.7000,693.7000,693.7000,1,1,2026-08-24T00:00:00.000
3849,20260710,20260817,35520,198,108,160,288,9,7,SOA003849,694.4000,694.4000,694.4000,1,1,2026-08-24T00:00:00.000
3850,20260817,20260626,53460,169,465,78,308,4,7,SOA003850,695.1000,695.1000,695.1000,1,1,2026-08-24T00:00:00.000
3851,20260711,20260713,180,492,443,250,345,3,7,SOA003851,695.8000,695.8000,695.8000,1,1,2026-08-24T00:00:00.000
3852,20260626,20260710,37800,286,174,259,285,2,4,SOA003852,696.5000,696.5000,696.5000,1,1,2026-08-24T00:00:00.000
3853,20260717,20260603,72900,468,249,359,30,6,3,SOA003853,697.2000,697.2000,697.2000,1,1,2026-08-24T00:00:00.000
3854,20260801,20260821,69240,231,456,50,325,10,6,SOA003854,697.9000,697.9000,697.9000,1,1,2026-08-24T00:00:00.000
3855,20260620,20260713,65400,161,108,445,230,3,7,SOA003855,698.6000,698.6000,698.6000,1,1,2026-08-24T00:00:00.000
3856,20260727,20260705,83220,356,261,278,114,6,4,SOA003856,699.3000,699.3000,699.3000,1,1,2026-08-24T00:00:00.000
3857,20260718,20260821,61440,117,370,182,118,9,7,SOA003857,700.0000,700.0000,700.0000,1,1,2026-08-24T00:00:00.000
3858,20260626,20260709,19860,10,360,379,314,7,5,SOA003858,700.7000,700.7000,700.7000,1,1,2026-08-24T00:00:00.000
3859,20260815,20260809,36960,468,194,357,66,8,6,SOA003859,701.4000,701.4000,701.4000,1,1,2026-08-24T00:00:00.000
3860,20260801,20260611,50880,59,377,80,195,5,2,SOA003860,702.1000,702.1000,702.1000,1,1,2026-08-24T00:00:00.000
3861,20260624,20260810,73380,444,182,471,168,1,4,SOA003861,702.8000,702.8000,702.8000,1,1,2026-08-24T00:00:00.000
3862,20260702,20260705,73320,247,133,259,284,6,3,SOA003862,703.5000,703.5000,703.5000,1,1,2026-08-24T00:00:00.000
3863,20260821,20260626,30900,6,294,97,62,8,2,SOA003863,704.2000,704.2000,704.2000,1,1,2026-08-24T00:00:00.000
3864,20260621,20260725,42060,273,450,450,61,1,1,SOA003864,704.9000,704.9000,704.9000,1,1,2026-08-24T00:00:00.000
3865,20260603,20260625,44820,439,428,114,240,8,6,SOA003865,705.6000,705.6000,705.6000,1,1,2026-08-24T00:00:00.000
3866,20260706,20260728,10740,238,297,363,303,3,1,SOA003866,706.3000,706.3000,706.3000,1,1,2026-08-24T00:00:00.000
3867,20260731,20260712,5160,179,453,161,223,9,5,SOA003867,707.0000,707.0000,707.0000,1,1,2026-08-24T00:00:00.000
3868,20260617,20260610,44640,130,360,374,64,1,2,SOA003868,707.7000,707.7000,707.7000,1,1,2026-08-24T00:00:00.000
3869,20260628,20260715,52320,459,243,42,240,5,3,SOA003869,708.4000,708.4000,708.4000,1,1,2026-08-24T00:00:00.000
3870,20260611,20260724,27780,467,46,195,87,8,1,SOA003870,709.1000,709.1000,709.1000,1,1,2026-08-24T00:00:00.000
3871,20260607,20260810,24300,440,490,132,28,5,7,SOA003871,709.8000,709.8000,709.8000,1,1,2026-08-24T00:00:00.000
3872,20260815,20260609,16920,68,64,56,13,7,4,SOA003872,710.5000,710.5000,710.5000,1,1,2026-08-24T00:00:00.000
3873,20260712,20260726,25140,134,319,98,217,2,5,SOA003873,711.2000,711.2000,711.2000,1,1,2026-08-24T00:00:00.000
3874,20260709,20260806,60960,1,265,49,32,6,6,SOA003874,711.9000,711.9000,711.9000,1,1,2026-08-24T00:00:00.000
3875,20260613,20260705,12720,312,272,9,339,2,6,SOA003875,712.6000,712.6000,712.6000,1,1,2026-08-24T00:00:00.000
3876,20260728,20260611,58680,202,116,99,160,4,3,SOA003876,713.3000,713.3000,713.3000,1,1,2026-08-24T00:00:00.000
3877,20260619,20260605,46620,475,166,152,349,9,3,SOA003877,714.0000,714.0000,714.0000,1,1,2026-08-24T00:00:00.000
3878,20260714,20260528,20400,303,24,75,24,6,5,SOA003878,714.7000,714.7000,714.7000,1,1,2026-08-24T00:00:00.000
3879,20260626,20260809,15840,112,86,82,231,5,5,SOA003879,715.4000,715.4000,715.4000,1,1,2026-08-24T00:00:00.000
3880,20260603,20260730,12780,188,51,461,278,6,3,SOA003880,716.1000,716.1000,716.1000,1,1,2026-08-24T00:00:00.000
3881,20260807,20260719,60180,309,391,82,117,10,6,SOA003881,716.8000,716.8000,716.8000,1,1,2026-08-24T00:00:00.000
3882,20260529,20260811,62820,397,433,471,246,5,7,SOA003882,717.5000,717.5000,717.5000,1,1,2026-08-24T00:00:00.000
3883,20260722,20260601,4980,315,355,376,271,3,3,SOA003883,718.2000,718.2000,718.2000,1,1,2026-08-24T00:00:00.000
3884,20260621,20260816,81900,241,389,348,304,8,1,SOA003884,718.9000,718.9000,718.9000,1,1,2026-08-24T00:00:00.000
3885,20260623,20260610,19980,492,177,316,250,5,1,SOA003885,719.6000,719.6000,719.6000,1,1,2026-08-24T00:00:00.000
3886,20260706,20260711,59640,107,265,272,268,8,3,SOA003886,720.3000,720.3000,720.3000,1,1,2026-08-24T00:00:00.000
3887,20260607,20260705,69660,68,334,132,303,9,3,SOA003887,721.0000,721.0000,721.0000,1,1,2026-08-24T00:00:00.000
3888,20260821,20260711,48120,311,12,308,303,1,2,SOA003888,721.7000,721.7000,721.7000,1,1,2026-08-24T00:00:00.000
3889,20260804,20260706,31980,178,376,348,62,10,4,SOA003889,722.4000,722.4000,722.4000,1,1,2026-08-24T00:00:00.000
3890,20260611,20260801,58500,5,427,84,252,10,4,SOA003890,723.1000,723.1000,723.1000,1,1,2026-08-24T00:00:00.000
3891,20260806,20260608,67200,304,487,350,317,9,5,SOA003891,723.8000,723.8000,723.8000,1,1,2026-08-24T00:00:00.000
3892,20260713,20260715,18180,117,197,438,312,6,2,SOA003892,724.5000,724.5000,724.5000,1,1,2026-08-24T00:00:00.000
3893,20260729,20260531,59760,46,103,136,21,1,1,SOA003893,725.2000,725.2000,725.2000,1,1,2026-08-24T00:00:00.000
3894,20260731,20260606,39060,126,459,421,238,9,3,SOA003894,725.9000,725.9000,725.9000,1,1,2026-08-24T00:00:00.000
3895,20260609,20260823,81120,254,105,19,57,7,6,SOA003895,726.6000,726.6000,726.6000,1,1,2026-08-24T00:00:00.000
3896,20260821,20260821,29160,481,97,205,75,9,4,SOA003896,727.3000,727.3000,727.3000,1,1,2026-08-24T00:00:00.000
3897,20260612,20260527,60420,370,297,225,35,6,7,SOA003897,728.0000,728.0000,728.0000,1,1,2026-08-24T00:00:00.000
3898,20260803,20260702,79980,499,14,66,61,7,3,SOA003898,728.7000,728.7000,728.7000,1,1,2026-08-24T00:00:00.000
3899,20260609,20260606,46260,482,71,63,87,6,6,SOA003899,729.4000,729.4000,729.4000,1,1,2026-08-24T00:00:00.000
3900,20260813,20260630,39720,54,311,419,125,10,4,SOA003900,730.1000,730.1000,730.1000,1,1,2026-08-24T00:00:00.000
3901,20260702,20260714,69060,96,146,85,190,6,5,SOA003901,730.8000,730.8000,730.8000,1,1,2026-08-24T00:00:00.000
3902,20260803,20260723,10740,97,239,404,48,3,1,SOA003902,731.5000,731.5000,731.5000,1,1,2026-08-24T00:00:00.000
3903,20260811,20260705,80100,252,17,152,118,4,2,SOA003903,732.2000,732.2000,732.2000,1,1,2026-08-24T00:00:00.000
3904,20260630,20260721,51000,391,260,300,136,5,5,SOA003904,732.9000,732.9000,732.9000,1,1,2026-08-24T00:00:00.000
3905,20260624,20260726,62400,465,312,298,82,1,2,SOA003905,733.6000,733.6000,733.6000,1,1,2026-08-24T00:00:00.000
3906,20260630,20260806,7740,210,402,129,307,5,6,SOA003906,734.3000,734.3000,734.3000,1,1,2026-08-24T00:00:00.000
3907,20260705,20260815,38760,463,308,93,219,8,5,SOA003907,735.0000,735.0000,735.0000,1,1,2026-08-24T00:00:00.000
3908,20260605,20260625,14460,140,165,411,18,1,2,SOA003908,735.7000,735.7000,735.7000,1,1,2026-08-24T00:00:00.000
3909,20260718,20260727,81300,46,461,488,21,4,7,SOA003909,736.4000,736.4000,736.4000,1,1,2026-08-24T00:00:00.000
3910,20260609,20260701,36480,480,349,351,222,5,3,SOA003910,737.1000,737.1000,737.1000,1,1,2026-08-24T00:00:00.000
3911,20260705,20260731,65340,183,116,329,137,7,3,SOA003911,737.8000,737.8000,737.8000,1,1,2026-08-24T00:00:00.000
3912,20260817,20260624,42480,399,398,480,322,10,1,SOA003912,738.5000,738.5000,738.5000,1,1,2026-08-24T00:00:00.000
3913,20260609,20260807,56760,13,473,181,288,6,6,SOA003913,739.2000,739.2000,739.2000,1,1,2026-08-24T00:00:00.000
3914,20260710,20260820,77580,340,361,50,300,6,5,SOA003914,739.9000,739.9000,739.9000,1,1,2026-08-24T00:00:00.000
3915,20260715,20260614,50880,84,51,463,138,2,6,SOA003915,740.6000,740.6000,740.6000,1,1,2026-08-24T00:00:00.000
3916,20260808,20260801,34320,270,34,317,181,7,5,SOA003916,741.3000,741.3000,741.3000,1,1,2026-08-24T00:00:00.000
3917,20260810,20260803,80640,476,87,452,1,5,4,SOA003917,742.0000,742.0000,742.0000,1,1,2026-08-24T00:00:00.000
3918,20260718,20260529,15240,361,75,462,131,8,5,SOA003918,742.7000,742.7000,742.7000,1,1,2026-08-24T00:00:00.000
3919,20260530,20260821,27480,477,12,127,334,5,3,SOA003919,743.4000,743.4000,743.4000,1,1,2026-08-24T00:00:00.000
3920,20260705,20260606,85020,492,110,433,133,7,2,SOA003920,744.1000,744.1000,744.1000,1,1,2026-08-24T00:00:00.000
3921,20260806,20260731,67140,423,333,50,270,10,1,SOA003921,744.8000,744.8000,744.8000,1,1,2026-08-24T00:00:00.000
3922,20260818,20260610,58500,495,310,44,243,9,6,SOA003922,745.5000,745.5000,745.5000,1,1,2026-08-24T00:00:00.000
3923,20260811,20260615,68580,346,413,220,240,8,7,SOA003923,746.2000,746.2000,746.2000,1,1,2026-08-24T00:00:00.000
3924,20260730,20260805,57660,257,269,200,210,4,4,SOA003924,746.9000,746.9000,746.9000,1,1,2026-08-24T00:00:00.000
3925,20260703,20260720,23820,488,444,91,1,6,7,SOA003925,747.6000,747.6000,747.6000,1,1,2026-08-24T00:00:00.000
3926,20260708,20260815,67920,308,31,280,205,4,2,SOA003926,748.3000,748.3000,748.3000,1,1,2026-08-24T00:00:00.000
3927,20260604,20260613,39600,361,226,59,202,7,4,SOA003927,749.0000,749.0000,749.0000,1,1,2026-08-24T00:00:00.000
3928,20260531,20260820,35100,326,127,220,310,5,5,SOA003928,749.7000,749.7000,749.7000,1,1,2026-08-24T00:00:00.000
3929,20260708,20260822,19020,19,113,344,198,9,4,SOA003929,750.4000,750.4000,750.4000,1,1,2026-08-24T00:00:00.000
3930,20260610,20260811,59400,142,195,169,179,9,7,SOA003930,751.1000,751.1000,751.1000,1,1,2026-08-24T00:00:00.000
3931,20260704,20260817,5220,465,140,437,342,5,1,SOA003931,751.8000,751.8000,751.8000,1,1,2026-08-24T00:00:00.000
3932,20260719,20260701,31920,342,440,141,1,8,7,SOA003932,752.5000,752.5000,752.5000,1,1,2026-08-24T00:00:00.000
3933,20260816,20260630,11280,68,377,303,321,10,6,SOA003933,753.2000,753.2000,753.2000,1,1,2026-08-24T00:00:00.000
3934,20260718,20260613,41820,314,187,422,208,7,1,SOA003934,753.9000,753.9000,753.9000,1,1,2026-08-24T00:00:00.000
3935,20260702,20260601,19320,363,204,54,256,3,1,SOA003935,754.6000,754.6000,754.6000,1,1,2026-08-24T00:00:00.000
3936,20260622,20260727,57840,343,413,270,124,6,5,SOA003936,755.3000,755.3000,755.3000,1,1,2026-08-24T00:00:00.000
3937,20260610,20260531,67140,133,172,405,277,7,6,SOA003937,756.0000,756.0000,756.0000,1,1,2026-08-24T00:00:00.000
3938,20260616,20260724,60780,217,25,467,287,7,5,SOA003938,756.7000,756.7000,756.7000,1,1,2026-08-24T00:00:00.000
3939,20260607,20260618,82920,96,489,494,302,5,4,SOA003939,757.4000,757.4000,757.4000,1,1,2026-08-24T00:00:00.000
3940,20260623,20260804,39480,324,301,392,157,4,1,SOA003940,758.1000,758.1000,758.1000,1,1,2026-08-24T00:00:00.000
3941,20260730,20260821,42900,155,365,455,343,4,1,SOA003941,758.8000,758.8000,758.8000,1,1,2026-08-24T00:00:00.000
3942,20260712,20260601,60780,133,354,422,56,7,3,SOA003942,759.5000,759.5000,759.5000,1,1,2026-08-24T00:00:00.000
3943,20260706,20260718,36480,10,469,270,302,3,1,SOA003943,760.2000,760.2000,760.2000,1,1,2026-08-24T00:00:00.000
3944,20260731,20260812,3900,212,175,47,153,4,7,SOA003944,760.9000,760.9000,760.9000,1,1,2026-08-24T00:00:00.000
3945,20260717,20260821,12120,446,99,354,273,3,4,SOA003945,761.6000,761.6000,761.6000,1,1,2026-08-24T00:00:00.000
3946,20260616,20260617,58620,373,103,220,186,10,1,SOA003946,762.3000,762.3000,762.3000,1,1,2026-08-24T00:00:00.000
3947,20260528,20260717,79140,19,491,251,240,10,7,SOA003947,763.0000,763.0000,763.0000,1,1,2026-08-24T00:00:00.000
3948,20260717,20260813,16560,271,12,203,268,1,1,SOA003948,763.7000,763.7000,763.7000,1,1,2026-08-24T00:00:00.000
3949,20260723,20260805,85680,95,103,105,281,1,6,SOA003949,764.4000,764.4000,764.4000,1,1,2026-08-24T00:00:00.000
3950,20260617,20260721,2460,128,429,151,321,9,1,SOA003950,765.1000,765.1000,765.1000,1,1,2026-08-24T00:00:00.000
3951,20260820,20260725,720,235,239,302,291,8,7,SOA003951,765.8000,765.8000,765.8000,1,1,2026-08-24T00:00:00.000
3952,20260806,20260621,60840,307,92,461,24,9,6,SOA003952,766.5000,766.5000,766.5000,1,1,2026-08-24T00:00:00.000
3953,20260728,20260819,1140,209,282,355,18,5,5,SOA003953,767.2000,767.2000,767.2000,1,1,2026-08-24T00:00:00.000
3954,20260721,20260806,44400,168,270,388,198,6,4,SOA003954,767.9000,767.9000,767.9000,1,1,2026-08-24T00:00:00.000
3955,20260712,20260527,25860,254,302,379,158,4,3,SOA003955,768.6000,768.6000,768.6000,1,1,2026-08-24T00:00:00.000
3956,20260730,20260802,85620,116,27,152,153,3,5,SOA003956,769.3000,769.3000,769.3000,1,1,2026-08-24T00:00:00.000
3957,20260822,20260627,2580,31,242,405,217,9,6,SOA003957,770.0000,770.0000,770.0000,1,1,2026-08-24T00:00:00.000
3958,20260723,20260805,78900,420,400,334,21,4,1,SOA003958,770.7000,770.7000,770.7000,1,1,2026-08-24T00:00:00.000
3959,20260529,20260624,10320,249,41,366,338,9,3,SOA003959,771.4000,771.4000,771.4000,1,1,2026-08-24T00:00:00.000
3960,20260702,20260626,85980,401,93,372,6,3,4,SOA003960,772.1000,772.1000,772.1000,1,1,2026-08-24T00:00:00.000
3961,20260623,20260725,44880,270,131,448,340,10,5,SOA003961,772.8000,772.8000,772.8000,1,1,2026-08-24T00:00:00.000
3962,20260816,20260723,8940,176,145,447,119,5,5,SOA003962,773.5000,773.5000,773.5000,1,1,2026-08-24T00:00:00.000
3963,20260815,20260610,11040,357,495,92,85,1,7,SOA003963,774.2000,774.2000,774.2000,1,1,2026-08-24T00:00:00.000
3964,20260710,20260630,84240,253,272,467,57,6,2,SOA003964,774.9000,774.9000,774.9000,1,1,2026-08-24T00:00:00.000
3965,20260621,20260815,47340,425,155,461,227,10,1,SOA003965,775.6000,775.6000,775.6000,1,1,2026-08-24T00:00:00.000
3966,20260727,20260621,10500,459,264,47,132,6,7,SOA003966,776.3000,776.3000,776.3000,1,1,2026-08-24T00:00:00.000
3967,20260807,20260724,31260,44,268,488,98,10,6,SOA003967,777.0000,777.0000,777.0000,1,1,2026-08-24T00:00:00.000
3968,20260726,20260625,26520,174,404,337,55,5,2,SOA003968,777.7000,777.7000,777.7000,1,1,2026-08-24T00:00:00.000
3969,20260529,20260730,17940,206,67,390,302,4,2,SOA003969,778.4000,778.4000,778.4000,1,1,2026-08-24T00:00:00.000
3970,20260615,20260605,4320,70,350,365,110,10,6,SOA003970,779.1000,779.1000,779.1000,1,1,2026-08-24T00:00:00.000
3971,20260607,20260815,70680,478,21,203,248,3,3,SOA003971,779.8000,779.8000,779.8000,1,1,2026-08-24T00:00:00.000
3972,20260616,20260621,23040,124,190,431,340,6,6,SOA003972,780.5000,780.5000,780.5000,1,1,2026-08-24T00:00:00.000
3973,20260629,20260719,34440,110,254,85,43,7,2,SOA003973,781.2000,781.2000,781.2000,1,1,2026-08-24T00:00:00.000
3974,20260709,20260719,1860,261,377,167,309,3,4,SOA003974,781.9000,781.9000,781.9000,1,1,2026-08-24T00:00:00.000
3975,20260628,20260614,19620,482,104,479,56,2,6,SOA003975,782.6000,782.6000,782.6000,1,1,2026-08-24T00:00:00.000
3976,20260805,20260614,81780,387,94,147,22,2,6,SOA003976,783.3000,783.3000,783.3000,1,1,2026-08-24T00:00:00.000
3977,20260809,20260531,67800,359,119,231,89,5,2,SOA003977,784.0000,784.0000,784.0000,1,1,2026-08-24T00:00:00.000
3978,20260617,20260607,28680,305,484,52,43,5,6,SOA003978,784.7000,784.7000,784.7000,1,1,2026-08-24T00:00:00.000
3979,20260626,20260810,1920,205,95,331,126,6,2,SOA003979,785.4000,785.4000,785.4000,1,1,2026-08-24T00:00:00.000
3980,20260813,20260619,9240,481,112,36,19,2,3,SOA003980,786.1000,786.1000,786.1000,1,1,2026-08-24T00:00:00.000
3981,20260616,20260715,9540,200,246,422,48,3,3,SOA003981,786.8000,786.8000,786.8000,1,1,2026-08-24T00:00:00.000
3982,20260816,20260605,74940,446,355,437,52,4,6,SOA003982,787.5000,787.5000,787.5000,1,1,2026-08-24T00:00:00.000
3983,20260717,20260818,43260,369,237,363,295,2,5,SOA003983,788.2000,788.2000,788.2000,1,1,2026-08-24T00:00:00.000
3984,20260706,20260706,76380,311,483,285,21,1,3,SOA003984,788.9000,788.9000,788.9000,1,1,2026-08-24T00:00:00.000
3985,20260731,20260626,46140,99,322,89,99,10,4,SOA003985,789.6000,789.6000,789.6000,1,1,2026-08-24T00:00:00.000
3986,20260627,20260622,18780,203,319,305,218,6,1,SOA003986,790.3000,790.3000,790.3000,1,1,2026-08-24T00:00:00.000
3987,20260728,20260805,46620,192,378,199,118,6,3,SOA003987,791.0000,791.0000,791.0000,1,1,2026-08-24T00:00:00.000
3988,20260816,20260603,26520,59,444,357,214,6,2,SOA003988,791.7000,791.7000,791.7000,1,1,2026-08-24T00:00:00.000
3989,20260715,20260615,9840,445,191,60,308,4,1,SOA003989,792.4000,792.4000,792.4000,1,1,2026-08-24T00:00:00.000
3990,20260703,20260715,58920,27,57,379,33,9,2,SOA003990,793.1000,793.1000,793.1000,1,1,2026-08-24T00:00:00.000
3991,20260808,20260718,14820,382,473,16,120,7,5,SOA003991,793.8000,793.8000,793.8000,1,1,2026-08-24T00:00:00.000
3992,20260613,20260729,79980,283,181,212,334,2,6,SOA003992,794.5000,794.5000,794.5000,1,1,2026-08-24T00:00:00.000
3993,20260611,20260620,70020,331,235,455,319,9,7,SOA003993,795.2000,795.2000,795.2000,1,1,2026-08-24T00:00:00.000
3994,20260822,20260614,28380,481,181,81,165,7,1,SOA003994,795.9000,795.9000,795.9000,1,1,2026-08-24T00:00:00.000
3995,20260809,20260622,57420,394,343,451,83,8,4,SOA003995,796.6000,796.6000,796.6000,1,1,2026-08-24T00:00:00.000
3996,20260709,20260820,58980,396,100,412,239,3,3,SOA003996,797.3000,797.3000,797.3000,1,1,2026-08-24T00:00:00.000
3997,20260729,20260801,81420,252,489,203,200,7,5,SOA003997,798.0000,798.0000,798.0000,1,1,2026-08-24T00:00:00.000
3998,20260607,20260606,67860,164,214,253,293,3,2,SOA003998,798.7000,798.7000,798.7000,1,1,2026-08-24T00:00:00.000
3999,20260721,20260731,10980,304,425,400,310,10,1,SOA003999,799.4000,799.4000,799.4000,1,1,2026-08-24T00:00:00.000
4000,20260713,20260621,51420,371,73,45,225,7,4,SOA004000,800.1000,800.1000,800.1000,1,1,2026-08-24T00:00:00.000
4001,20260717,20260611,67080,342,163,349,120,7,3,SOA004001,800.8000,800.8000,800.8000,1,1,2026-08-24T00:00:00.000
4002,20260706,20260723,71880,199,456,140,63,7,4,SOA004002,801.5000,801.5000,801.5000,1,1,2026-08-24T00:00:00.000
4003,20260627,20260529,78060,123,469,104,109,10,5,SOA004003,802.2000,802.2000,802.2000,1,1,2026-08-24T00:00:00.000
4004,20260718,20260818,33960,352,59,291,306,7,4,SOA004004,802.9000,802.9000,802.9000,1,1,2026-08-24T00:00:00.000
4005,20260814,20260807,65940,443,219,27,210,9,1,SOA004005,803.6000,803.6000,803.6000,1,1,2026-08-24T00:00:00.000
4006,20260808,20260702,52920,277,111,26,283,10,1,SOA004006,804.3000,804.3000,804.3000,1,1,2026-08-24T00:00:00.000
4007,20260721,20260706,28080,299,463,248,189,10,6,SOA004007,805.0000,805.0000,805.0000,1,1,2026-08-24T00:00:00.000
4008,20260803,20260721,37380,148,131,48,83,9,7,SOA004008,805.7000,805.7000,805.7000,1,1,2026-08-24T00:00:00.000
4009,20260712,20260721,72240,319,258,210,47,8,6,SOA004009,806.4000,806.4000,806.4000,1,1,2026-08-24T00:00:00.000
4010,20260725,20260729,76740,338,183,148,250,8,5,SOA004010,807.1000,807.1000,807.1000,1,1,2026-08-24T00:00:00.000
4011,20260619,20260608,46740,429,63,39,71,6,1,SOA004011,807.8000,807.8000,807.8000,1,1,2026-08-24T00:00:00.000
4012,20260602,20260529,77700,440,300,104,186,8,4,SOA004012,808.5000,808.5000,808.5000,1,1,2026-08-24T00:00:00.000
4013,20260820,20260807,48300,343,459,248,272,5,7,SOA004013,809.2000,809.2000,809.2000,1,1,2026-08-24T00:00:00.000
4014,20260715,20260802,84660,15,429,129,290,10,4,SOA004014,809.9000,809.9000,809.9000,1,1,2026-08-24T00:00:00.000
4015,20260714,20260721,49680,70,108,23,346,2,6,SOA004015,810.6000,810.6000,810.6000,1,1,2026-08-24T00:00:00.000
4016,20260807,20260718,9180,8,238,272,4,9,4,SOA004016,811.3000,811.3000,811.3000,1,1,2026-08-24T00:00:00.000
4017,20260703,20260718,74700,496,172,261,64,1,7,SOA004017,812.0000,812.0000,812.0000,1,1,2026-08-24T00:00:00.000
4018,20260820,20260714,56460,498,184,371,220,4,6,SOA004018,812.7000,812.7000,812.7000,1,1,2026-08-24T00:00:00.000
4019,20260718,20260628,40080,452,284,388,304,10,4,SOA004019,813.4000,813.4000,813.4000,1,1,2026-08-24T00:00:00.000
4020,20260821,20260630,73500,258,299,67,165,8,7,SOA004020,814.1000,814.1000,814.1000,1,1,2026-08-24T00:00:00.000
4021,20260617,20260804,82740,194,398,145,56,9,3,SOA004021,814.8000,814.8000,814.8000,1,1,2026-08-24T00:00:00.000
4022,20260627,20260715,24480,152,238,76,149,8,3,SOA004022,815.5000,815.5000,815.5000,1,1,2026-08-24T00:00:00.000
4023,20260528,20260816,28680,148,131,215,172,3,6,SOA004023,816.2000,816.2000,816.2000,1,1,2026-08-24T00:00:00.000
4024,20260818,20260728,35040,230,112,419,141,5,5,SOA004024,816.9000,816.9000,816.9000,1,1,2026-08-24T00:00:00.000
4025,20260619,20260618,9480,420,452,367,249,5,5,SOA004025,817.6000,817.6000,817.6000,1,1,2026-08-24T00:00:00.000
4026,20260613,20260529,64020,81,408,437,107,1,5,SOA004026,818.3000,818.3000,818.3000,1,1,2026-08-24T00:00:00.000
4027,20260629,20260623,67620,158,212,176,273,1,6,SOA004027,819.0000,819.0000,819.0000,1,1,2026-08-24T00:00:00.000
4028,20260801,20260623,28740,25,398,103,305,1,6,SOA004028,819.7000,819.7000,819.7000,1,1,2026-08-24T00:00:00.000
4029,20260720,20260602,56820,332,370,455,307,2,2,SOA004029,820.4000,820.4000,820.4000,1,1,2026-08-24T00:00:00.000
4030,20260813,20260624,63660,299,32,117,223,1,5,SOA004030,821.1000,821.1000,821.1000,1,1,2026-08-24T00:00:00.000
4031,20260802,20260704,34680,48,146,469,25,4,2,SOA004031,821.8000,821.8000,821.8000,1,1,2026-08-24T00:00:00.000
4032,20260702,20260702,26220,405,234,258,72,2,1,SOA004032,822.5000,822.5000,822.5000,1,1,2026-08-24T00:00:00.000
4033,20260731,20260624,52740,58,149,44,246,5,7,SOA004033,823.2000,823.2000,823.2000,1,1,2026-08-24T00:00:00.000
4034,20260811,20260804,39240,229,418,261,105,9,2,SOA004034,823.9000,823.9000,823.9000,1,1,2026-08-24T00:00:00.000
4035,20260716,20260823,6300,473,464,496,56,1,5,SOA004035,824.6000,824.6000,824.6000,1,1,2026-08-24T00:00:00.000
4036,20260714,20260618,13440,445,260,5,193,6,4,SOA004036,825.3000,825.3000,825.3000,1,1,2026-08-24T00:00:00.000
4037,20260627,20260602,79680,162,194,261,333,3,6,SOA004037,826.0000,826.0000,826.0000,1,1,2026-08-24T00:00:00.000
4038,20260622,20260806,6600,246,340,492,228,4,3,SOA004038,826.7000,826.7000,826.7000,1,1,2026-08-24T00:00:00.000
4039,20260625,20260809,50400,285,202,26,28,2,4,SOA004039,827.4000,827.4000,827.4000,1,1,2026-08-24T00:00:00.000
4040,20260616,20260724,45180,382,309,88,107,6,7,SOA004040,828.1000,828.1000,828.1000,1,1,2026-08-24T00:00:00.000
4041,20260630,20260708,75300,126,203,499,261,5,1,SOA004041,828.8000,828.8000,828.8000,1,1,2026-08-24T00:00:00.000
4042,20260618,20260823,71880,401,436,150,282,3,6,SOA004042,829.5000,829.5000,829.5000,1,1,2026-08-24T00:00:00.000
4043,20260711,20260606,32280,181,147,358,305,9,6,SOA004043,830.2000,830.2000,830.2000,1,1,2026-08-24T00:00:00.000
4044,20260602,20260806,51600,493,289,41,128,3,6,SOA004044,830.9000,830.9000,830.9000,1,1,2026-08-24T00:00:00.000
4045,20260813,20260728,60720,492,500,484,217,3,5,SOA004045,831.6000,831.6000,831.6000,1,1,2026-08-24T00:00:00.000
4046,20260727,20260609,43440,494,28,20,114,7,7,SOA004046,832.3000,832.3000,832.3000,1,1,2026-08-24T00:00:00.000
4047,20260706,20260801,13740,431,46,137,348,5,6,SOA004047,833.0000,833.0000,833.0000,1,1,2026-08-24T00:00:00.000
4048,20260617,20260622,40740,108,374,355,130,6,2,SOA004048,833.7000,833.7000,833.7000,1,1,2026-08-24T00:00:00.000
4049,20260720,20260621,41760,319,243,378,213,2,7,SOA004049,834.4000,834.4000,834.4000,1,1,2026-08-24T00:00:00.000
4050,20260527,20260606,39000,154,51,92,342,10,6,SOA004050,835.1000,835.1000,835.1000,1,1,2026-08-24T00:00:00.000
4051,20260629,20260626,8160,13,310,273,191,6,6,SOA004051,835.8000,835.8000,835.8000,1,1,2026-08-24T00:00:00.000
4052,20260802,20260702,62100,452,38,434,237,8,2,SOA004052,836.5000,836.5000,836.5000,1,1,2026-08-24T00:00:00.000
4053,20260818,20260810,36960,363,230,213,233,7,7,SOA004053,837.2000,837.2000,837.2000,1,1,2026-08-24T00:00:00.000
4054,20260709,20260819,17880,281,449,179,8,4,4,SOA004054,837.9000,837.9000,837.9000,1,1,2026-08-24T00:00:00.000
4055,20260602,20260707,25140,349,377,159,22,8,4,SOA004055,838.6000,838.6000,838.6000,1,1,2026-08-24T00:00:00.000
4056,20260810,20260701,36960,387,439,74,156,7,3,SOA004056,839.3000,839.3000,839.3000,1,1,2026-08-24T00:00:00.000
4057,20260801,20260621,540,211,429,194,141,10,1,SOA004057,840.0000,840.0000,840.0000,1,1,2026-08-24T00:00:00.000
4058,20260818,20260814,51000,86,461,20,246,6,3,SOA004058,840.7000,840.7000,840.7000,1,1,2026-08-24T00:00:00.000
4059,20260614,20260718,31380,206,9,324,61,5,4,SOA004059,841.4000,841.4000,841.4000,1,1,2026-08-24T00:00:00.000
4060,20260528,20260630,84780,210,130,400,217,9,1,SOA004060,842.1000,842.1000,842.1000,1,1,2026-08-24T00:00:00.000
4061,20260606,20260810,7980,454,499,114,3,5,1,SOA004061,842.8000,842.8000,842.8000,1,1,2026-08-24T00:00:00.000
4062,20260806,20260628,34320,321,87,72,228,4,4,SOA004062,843.5000,843.5000,843.5000,1,1,2026-08-24T00:00:00.000
4063,20260718,20260712,70680,192,2,321,214,6,5,SOA004063,844.2000,844.2000,844.2000,1,1,2026-08-24T00:00:00.000
4064,20260709,20260717,59580,430,103,471,273,8,4,SOA004064,844.9000,844.9000,844.9000,1,1,2026-08-24T00:00:00.000
4065,20260625,20260726,49320,409,85,489,188,3,3,SOA004065,845.6000,845.6000,845.6000,1,1,2026-08-24T00:00:00.000
4066,20260611,20260722,13200,495,2,118,314,7,1,SOA004066,846.3000,846.3000,846.3000,1,1,2026-08-24T00:00:00.000
4067,20260705,20260629,120,193,1,372,163,1,3,SOA004067,847.0000,847.0000,847.0000,1,1,2026-08-24T00:00:00.000
4068,20260714,20260801,67920,94,406,371,184,7,7,SOA004068,847.7000,847.7000,847.7000,1,1,2026-08-24T00:00:00.000
4069,20260623,20260710,42600,88,283,18,182,9,7,SOA004069,848.4000,848.4000,848.4000,1,1,2026-08-24T00:00:00.000
4070,20260728,20260806,10920,440,485,286,216,6,2,SOA004070,849.1000,849.1000,849.1000,1,1,2026-08-24T00:00:00.000
4071,20260625,20260620,45420,302,303,279,85,6,6,SOA004071,849.8000,849.8000,849.8000,1,1,2026-08-24T00:00:00.000
4072,20260820,20260805,38940,435,447,377,203,8,6,SOA004072,850.5000,850.5000,850.5000,1,1,2026-08-24T00:00:00.000
4073,20260609,20260809,20400,160,397,163,135,7,7,SOA004073,851.2000,851.2000,851.2000,1,1,2026-08-24T00:00:00.000
4074,20260701,20260711,72360,74,485,310,249,9,4,SOA004074,851.9000,851.9000,851.9000,1,1,2026-08-24T00:00:00.000
4075,20260530,20260807,72720,30,204,404,123,10,3,SOA004075,852.6000,852.6000,852.6000,1,1,2026-08-24T00:00:00.000
4076,20260723,20260702,58740,298,415,173,27,3,2,SOA004076,853.3000,853.3000,853.3000,1,1,2026-08-24T00:00:00.000
4077,20260701,20260711,77640,391,366,362,49,1,4,SOA004077,854.0000,854.0000,854.0000,1,1,2026-08-24T00:00:00.000
4078,20260527,20260820,81300,191,165,149,157,3,5,SOA004078,854.7000,854.7000,854.7000,1,1,2026-08-24T00:00:00.000
4079,20260602,20260813,55080,367,126,160,61,10,1,SOA004079,855.4000,855.4000,855.4000,1,1,2026-08-24T00:00:00.000
4080,20260527,20260803,34500,418,310,206,336,6,1,SOA004080,856.1000,856.1000,856.1000,1,1,2026-08-24T00:00:00.000
4081,20260713,20260721,38280,451,125,43,9,3,5,SOA004081,856.8000,856.8000,856.8000,1,1,2026-08-24T00:00:00.000
4082,20260613,20260609,60240,93,48,310,330,4,3,SOA004082,857.5000,857.5000,857.5000,1,1,2026-08-24T00:00:00.000
4083,20260811,20260818,44700,366,78,227,4,10,5,SOA004083,858.2000,858.2000,858.2000,1,1,2026-08-24T00:00:00.000
4084,20260610,20260719,32280,150,85,448,253,3,3,SOA004084,858.9000,858.9000,858.9000,1,1,2026-08-24T00:00:00.000
4085,20260716,20260812,36780,436,262,279,236,2,4,SOA004085,859.6000,859.6000,859.6000,1,1,2026-08-24T00:00:00.000
4086,20260625,20260714,63180,157,170,272,281,9,5,SOA004086,860.3000,860.3000,860.3000,1,1,2026-08-24T00:00:00.000
4087,20260816,20260726,30540,456,349,405,283,4,2,SOA004087,861.0000,861.0000,861.0000,1,1,2026-08-24T00:00:00.000
4088,20260718,20260627,12660,278,210,436,311,10,1,SOA004088,861.7000,861.7000,861.7000,1,1,2026-08-24T00:00:00.000
4089,20260527,20260822,50340,420,224,99,81,9,7,SOA004089,862.4000,862.4000,862.4000,1,1,2026-08-24T00:00:00.000
4090,20260706,20260727,71220,420,189,253,263,3,2,SOA004090,863.1000,863.1000,863.1000,1,1,2026-08-24T00:00:00.000
4091,20260604,20260605,54480,124,166,72,286,3,2,SOA004091,863.8000,863.8000,863.8000,1,1,2026-08-24T00:00:00.000
4092,20260630,20260814,78360,10,210,424,192,9,7,SOA004092,864.5000,864.5000,864.5000,1,1,2026-08-24T00:00:00.000
4093,20260723,20260714,75000,356,148,331,202,10,7,SOA004093,865.2000,865.2000,865.2000,1,1,2026-08-24T00:00:00.000
4094,20260620,20260704,31860,155,104,284,241,7,4,SOA004094,865.9000,865.9000,865.9000,1,1,2026-08-24T00:00:00.000
4095,20260602,20260531,70620,174,436,458,163,5,7,SOA004095,866.6000,866.6000,866.6000,1,1,2026-08-24T00:00:00.000
4096,20260710,20260622,5220,489,39,234,58,1,7,SOA004096,867.3000,867.3000,867.3000,1,1,2026-08-24T00:00:00.000
4097,20260622,20260531,72120,298,300,366,20,3,4,SOA004097,868.0000,868.0000,868.0000,1,1,2026-08-24T00:00:00.000
4098,20260606,20260824,7140,232,179,458,205,6,2,SOA004098,868.7000,868.7000,868.7000,1,1,2026-08-24T00:00:00.000
4099,20260722,20260818,45240,331,84,151,12,6,4,SOA004099,869.4000,869.4000,869.4000,1,1,2026-08-24T00:00:00.000
4100,20260622,20260702,63900,357,448,15,118,10,2,SOA004100,870.1000,870.1000,870.1000,1,1,2026-08-24T00:00:00.000
4101,20260610,20260718,86160,92,247,451,104,2,3,SOA004101,870.8000,870.8000,870.8000,1,1,2026-08-24T00:00:00.000
4102,20260803,20260627,42960,159,69,231,138,1,4,SOA004102,871.5000,871.5000,871.5000,1,1,2026-08-24T00:00:00.000
4103,20260821,20260717,23880,189,323,293,272,1,6,SOA004103,872.2000,872.2000,872.2000,1,1,2026-08-24T00:00:00.000
4104,20260630,20260720,13980,332,96,254,283,6,6,SOA004104,872.9000,872.9000,872.9000,1,1,2026-08-24T00:00:00.000
4105,20260616,20260527,27420,288,473,314,14,7,3,SOA004105,873.6000,873.6000,873.6000,1,1,2026-08-24T00:00:00.000
4106,20260809,20260821,1020,111,420,351,146,10,1,SOA004106,874.3000,874.3000,874.3000,1,1,2026-08-24T00:00:00.000
4107,20260619,20260610,25140,300,95,254,109,9,5,SOA004107,875.0000,875.0000,875.0000,1,1,2026-08-24T00:00:00.000
4108,20260728,20260611,15480,48,58,369,295,10,7,SOA004108,875.7000,875.7000,875.7000,1,1,2026-08-24T00:00:00.000
4109,20260726,20260712,79500,343,290,383,150,5,4,SOA004109,876.4000,876.4000,876.4000,1,1,2026-08-24T00:00:00.000
4110,20260611,20260809,60960,403,390,38,221,3,7,SOA004110,877.1000,877.1000,877.1000,1,1,2026-08-24T00:00:00.000
4111,20260810,20260713,2280,104,286,200,301,10,2,SOA004111,877.8000,877.8000,877.8000,1,1,2026-08-24T00:00:00.000
4112,20260706,20260614,50280,314,91,479,154,8,1,SOA004112,878.5000,878.5000,878.5000,1,1,2026-08-24T00:00:00.000
4113,20260624,20260605,44100,467,8,112,134,7,1,SOA004113,879.2000,879.2000,879.2000,1,1,2026-08-24T00:00:00.000
4114,20260716,20260527,38820,241,62,120,215,2,4,SOA004114,879.9000,879.9000,879.9000,1,1,2026-08-24T00:00:00.000
4115,20260712,20260805,1020,242,86,394,252,3,1,SOA004115,880.6000,880.6000,880.6000,1,1,2026-08-24T00:00:00.000
4116,20260718,20260702,11100,397,218,21,173,2,6,SOA004116,881.3000,881.3000,881.3000,1,1,2026-08-24T00:00:00.000
4117,20260727,20260715,61620,158,237,379,169,2,2,SOA004117,882.0000,882.0000,882.0000,1,1,2026-08-24T00:00:00.000
4118,20260814,20260712,28020,86,196,369,55,10,7,SOA004118,882.7000,882.7000,882.7000,1,1,2026-08-24T00:00:00.000
4119,20260605,20260810,57360,464,62,422,258,6,5,SOA004119,883.4000,883.4000,883.4000,1,1,2026-08-24T00:00:00.000
4120,20260714,20260802,7320,484,476,415,220,3,6,SOA004120,884.1000,884.1000,884.1000,1,1,2026-08-24T00:00:00.000
4121,20260816,20260815,45480,72,67,439,147,3,5,SOA004121,884.8000,884.8000,884.8000,1,1,2026-08-24T00:00:00.000
4122,20260620,20260723,70980,427,347,200,206,10,7,SOA004122,885.5000,885.5000,885.5000,1,1,2026-08-24T00:00:00.000
4123,20260706,20260811,33480,295,313,73,168,7,1,SOA004123,886.2000,886.2000,886.2000,1,1,2026-08-24T00:00:00.000
4124,20260712,20260713,2940,364,439,136,30,3,1,SOA004124,886.9000,886.9000,886.9000,1,1,2026-08-24T00:00:00.000
4125,20260814,20260802,82800,239,439,436,293,8,2,SOA004125,887.6000,887.6000,887.6000,1,1,2026-08-24T00:00:00.000
4126,20260813,20260814,48480,234,71,445,180,4,4,SOA004126,888.3000,888.3000,888.3000,1,1,2026-08-24T00:00:00.000
4127,20260716,20260621,29040,161,192,244,14,9,7,SOA004127,889.0000,889.0000,889.0000,1,1,2026-08-24T00:00:00.000
4128,20260816,20260627,18780,65,347,372,25,3,3,SOA004128,889.7000,889.7000,889.7000,1,1,2026-08-24T00:00:00.000
4129,20260719,20260618,71700,417,441,112,148,7,2,SOA004129,890.4000,890.4000,890.4000,1,1,2026-08-24T00:00:00.000
4130,20260709,20260719,41580,284,329,380,94,2,3,SOA004130,891.1000,891.1000,891.1000,1,1,2026-08-24T00:00:00.000
4131,20260803,20260818,71580,231,186,425,5,9,5,SOA004131,891.8000,891.8000,891.8000,1,1,2026-08-24T00:00:00.000
4132,20260705,20260820,11160,416,300,264,214,5,1,SOA004132,892.5000,892.5000,892.5000,1,1,2026-08-24T00:00:00.000
4133,20260709,20260602,54000,60,471,377,338,10,2,SOA004133,893.2000,893.2000,893.2000,1,1,2026-08-24T00:00:00.000
4134,20260720,20260710,30000,14,375,467,87,5,4,SOA004134,893.9000,893.9000,893.9000,1,1,2026-08-24T00:00:00.000
4135,20260627,20260707,86100,38,352,292,64,4,6,SOA004135,894.6000,894.6000,894.6000,1,1,2026-08-24T00:00:00.000
4136,20260810,20260707,26760,264,140,142,68,3,1,SOA004136,895.3000,895.3000,895.3000,1,1,2026-08-24T00:00:00.000
4137,20260622,20260627,36420,327,353,244,310,5,1,SOA004137,896.0000,896.0000,896.0000,1,1,2026-08-24T00:00:00.000
4138,20260614,20260802,2040,221,358,456,68,4,4,SOA004138,896.7000,896.7000,896.7000,1,1,2026-08-24T00:00:00.000
4139,20260722,20260728,39180,257,153,339,89,2,6,SOA004139,897.4000,897.4000,897.4000,1,1,2026-08-24T00:00:00.000
4140,20260722,20260611,4800,416,47,346,234,7,1,SOA004140,898.1000,898.1000,898.1000,1,1,2026-08-24T00:00:00.000
4141,20260805,20260529,53160,459,202,391,343,6,5,SOA004141,898.8000,898.8000,898.8000,1,1,2026-08-24T00:00:00.000
4142,20260720,20260702,40140,147,192,29,327,5,7,SOA004142,899.5000,899.5000,899.5000,1,1,2026-08-24T00:00:00.000
4143,20260815,20260716,34800,442,155,190,70,7,7,SOA004143,900.2000,900.2000,900.2000,1,1,2026-08-24T00:00:00.000
4144,20260717,20260604,11820,244,346,34,239,1,3,SOA004144,900.9000,900.9000,900.9000,1,1,2026-08-24T00:00:00.000
4145,20260807,20260701,120,396,189,24,284,10,3,SOA004145,901.6000,901.6000,901.6000,1,1,2026-08-24T00:00:00.000
4146,20260723,20260802,62040,398,51,80,238,8,4,SOA004146,902.3000,902.3000,902.3000,1,1,2026-08-24T00:00:00.000
4147,20260804,20260606,32760,478,147,440,91,5,6,SOA004147,903.0000,903.0000,903.0000,1,1,2026-08-24T00:00:00.000
4148,20260607,20260815,65040,306,180,438,31,10,6,SOA004148,903.7000,903.7000,903.7000,1,1,2026-08-24T00:00:00.000
4149,20260611,20260804,13320,349,341,196,120,6,6,SOA004149,904.4000,904.4000,904.4000,1,1,2026-08-24T00:00:00.000
4150,20260712,20260813,58920,342,213,40,61,6,1,SOA004150,905.1000,905.1000,905.1000,1,1,2026-08-24T00:00:00.000
4151,20260805,20260722,61200,239,356,187,67,8,5,SOA004151,905.8000,905.8000,905.8000,1,1,2026-08-24T00:00:00.000
4152,20260630,20260629,50160,103,46,148,135,2,7,SOA004152,906.5000,906.5000,906.5000,1,1,2026-08-24T00:00:00.000
4153,20260718,20260719,34080,468,280,236,294,3,4,SOA004153,907.2000,907.2000,907.2000,1,1,2026-08-24T00:00:00.000
4154,20260806,20260531,53760,232,492,237,228,4,7,SOA004154,907.9000,907.9000,907.9000,1,1,2026-08-24T00:00:00.000
4155,20260817,20260624,18420,344,374,458,124,6,3,SOA004155,908.6000,908.6000,908.6000,1,1,2026-08-24T00:00:00.000
4156,20260625,20260713,55020,373,139,46,46,3,7,SOA004156,909.3000,909.3000,909.3000,1,1,2026-08-24T00:00:00.000
4157,20260813,20260704,56760,123,246,439,292,7,2,SOA004157,910.0000,910.0000,910.0000,1,1,2026-08-24T00:00:00.000
4158,20260611,20260819,55560,269,3,484,22,4,2,SOA004158,910.7000,910.7000,910.7000,1,1,2026-08-24T00:00:00.000
4159,20260602,20260802,11820,385,145,132,218,7,1,SOA004159,911.4000,911.4000,911.4000,1,1,2026-08-24T00:00:00.000
4160,20260730,20260811,86280,18,198,499,111,1,4,SOA004160,912.1000,912.1000,912.1000,1,1,2026-08-24T00:00:00.000
4161,20260629,20260801,4260,380,268,68,188,6,2,SOA004161,912.8000,912.8000,912.8000,1,1,2026-08-24T00:00:00.000
4162,20260529,20260606,37200,377,247,184,342,3,5,SOA004162,913.5000,913.5000,913.5000,1,1,2026-08-24T00:00:00.000
4163,20260604,20260802,27240,36,111,15,90,5,2,SOA004163,914.2000,914.2000,914.2000,1,1,2026-08-24T00:00:00.000
4164,20260707,20260809,10860,106,409,276,217,8,1,SOA004164,914.9000,914.9000,914.9000,1,1,2026-08-24T00:00:00.000
4165,20260807,20260812,78540,310,469,143,161,6,3,SOA004165,915.6000,915.6000,915.6000,1,1,2026-08-24T00:00:00.000
4166,20260728,20260722,29400,373,252,473,3,4,4,SOA004166,916.3000,916.3000,916.3000,1,1,2026-08-24T00:00:00.000
4167,20260529,20260714,10080,487,335,492,74,7,1,SOA004167,917.0000,917.0000,917.0000,1,1,2026-08-24T00:00:00.000
4168,20260617,20260731,72840,258,495,7,143,5,2,SOA004168,917.7000,917.7000,917.7000,1,1,2026-08-24T00:00:00.000
4169,20260625,20260822,4140,247,54,293,136,7,2,SOA004169,918.4000,918.4000,918.4000,1,1,2026-08-24T00:00:00.000
4170,20260715,20260727,72480,279,141,239,247,7,6,SOA004170,919.1000,919.1000,919.1000,1,1,2026-08-24T00:00:00.000
4171,20260731,20260809,47340,285,300,239,128,3,7,SOA004171,919.8000,919.8000,919.8000,1,1,2026-08-24T00:00:00.000
4172,20260624,20260605,40080,184,118,317,178,4,3,SOA004172,920.5000,920.5000,920.5000,1,1,2026-08-24T00:00:00.000
4173,20260626,20260718,19320,361,11,43,81,10,7,SOA004173,921.2000,921.2000,921.2000,1,1,2026-08-24T00:00:00.000
4174,20260710,20260712,34920,131,249,299,90,1,3,SOA004174,921.9000,921.9000,921.9000,1,1,2026-08-24T00:00:00.000
4175,20260529,20260703,60840,324,190,442,226,9,3,SOA004175,922.6000,922.6000,922.6000,1,1,2026-08-24T00:00:00.000
4176,20260724,20260703,3420,83,73,406,49,5,4,SOA004176,923.3000,923.3000,923.3000,1,1,2026-08-24T00:00:00.000
4177,20260531,20260808,36660,356,68,320,204,10,4,SOA004177,924.0000,924.0000,924.0000,1,1,2026-08-24T00:00:00.000
4178,20260531,20260529,15600,323,294,220,300,7,3,SOA004178,924.7000,924.7000,924.7000,1,1,2026-08-24T00:00:00.000
4179,20260722,20260617,57060,427,453,32,152,3,1,SOA004179,925.4000,925.4000,925.4000,1,1,2026-08-24T00:00:00.000
4180,20260719,20260809,5400,251,391,414,268,5,2,SOA004180,926.1000,926.1000,926.1000,1,1,2026-08-24T00:00:00.000
4181,20260712,20260823,12060,420,322,165,311,9,5,SOA004181,926.8000,926.8000,926.8000,1,1,2026-08-24T00:00:00.000
4182,20260811,20260724,62160,68,42,299,158,10,7,SOA004182,927.5000,927.5000,927.5000,1,1,2026-08-24T00:00:00.000
4183,20260822,20260622,66480,62,475,192,68,10,5,SOA004183,928.2000,928.2000,928.2000,1,1,2026-08-24T00:00:00.000
4184,20260604,20260719,50820,497,79,14,121,8,4,SOA004184,928.9000,928.9000,928.9000,1,1,2026-08-24T00:00:00.000
4185,20260623,20260815,56160,326,136,412,149,8,7,SOA004185,929.6000,929.6000,929.6000,1,1,2026-08-24T00:00:00.000
4186,20260627,20260619,43980,3,392,465,56,6,3,SOA004186,930.3000,930.3000,930.3000,1,1,2026-08-24T00:00:00.000
4187,20260624,20260628,26820,4,121,322,160,8,4,SOA004187,931.0000,931.0000,931.0000,1,1,2026-08-24T00:00:00.000
4188,20260613,20260625,77820,317,424,11,151,8,2,SOA004188,931.7000,931.7000,931.7000,1,1,2026-08-24T00:00:00.000
4189,20260629,20260622,780,33,141,63,309,10,4,SOA004189,932.4000,932.4000,932.4000,1,1,2026-08-24T00:00:00.000
4190,20260611,20260725,24600,259,388,84,239,10,7,SOA004190,933.1000,933.1000,933.1000,1,1,2026-08-24T00:00:00.000
4191,20260807,20260605,43440,367,447,294,189,1,7,SOA004191,933.8000,933.8000,933.8000,1,1,2026-08-24T00:00:00.000
4192,20260807,20260701,34020,242,6,57,170,4,1,SOA004192,934.5000,934.5000,934.5000,1,1,2026-08-24T00:00:00.000
4193,20260715,20260721,57420,480,489,170,133,2,6,SOA004193,935.2000,935.2000,935.2000,1,1,2026-08-24T00:00:00.000
4194,20260611,20260821,9780,243,335,367,312,9,6,SOA004194,935.9000,935.9000,935.9000,1,1,2026-08-24T00:00:00.000
4195,20260710,20260605,51000,296,95,127,61,1,1,SOA004195,936.6000,936.6000,936.6000,1,1,2026-08-24T00:00:00.000
4196,20260802,20260818,48660,330,474,36,1,1,4,SOA004196,937.3000,937.3000,937.3000,1,1,2026-08-24T00:00:00.000
4197,20260714,20260601,2760,383,291,394,170,9,4,SOA004197,938.0000,938.0000,938.0000,1,1,2026-08-24T00:00:00.000
4198,20260710,20260707,26100,197,6,336,100,5,1,SOA004198,938.7000,938.7000,938.7000,1,1,2026-08-24T00:00:00.000
4199,20260716,20260622,23640,62,230,362,123,10,4,SOA004199,939.4000,939.4000,939.4000,1,1,2026-08-24T00:00:00.000
4200,20260616,20260818,63900,326,340,181,43,3,7,SOA004200,940.1000,940.1000,940.1000,1,1,2026-08-24T00:00:00.000
4201,20260626,20260621,27120,124,308,271,138,9,1,SOA004201,940.8000,940.8000,940.8000,1,1,2026-08-24T00:00:00.000
4202,20260629,20260726,7440,313,133,492,251,8,6,SOA004202,941.5000,941.5000,941.5000,1,1,2026-08-24T00:00:00.000
4203,20260529,20260529,69480,366,152,493,186,6,6,SOA004203,942.2000,942.2000,942.2000,1,1,2026-08-24T00:00:00.000
4204,20260529,20260607,82080,401,80,192,134,4,4,SOA004204,942.9000,942.9000,942.9000,1,1,2026-08-24T00:00:00.000
4205,20260701,20260707,31380,488,202,12,180,7,1,SOA004205,943.6000,943.6000,943.6000,1,1,2026-08-24T00:00:00.000
4206,20260821,20260812,85260,308,454,144,181,5,3,SOA004206,944.3000,944.3000,944.3000,1,1,2026-08-24T00:00:00.000
4207,20260815,20260727,44280,183,331,72,88,2,6,SOA004207,945.0000,945.0000,945.0000,1,1,2026-08-24T00:00:00.000
4208,20260611,20260818,20640,418,395,390,177,6,3,SOA004208,945.7000,945.7000,945.7000,1,1,2026-08-24T00:00:00.000
4209,20260706,20260731,34620,31,348,454,150,9,3,SOA004209,946.4000,946.4000,946.4000,1,1,2026-08-24T00:00:00.000
4210,20260620,20260705,46440,89,93,283,305,2,4,SOA004210,947.1000,947.1000,947.1000,1,1,2026-08-24T00:00:00.000
4211,20260821,20260722,84720,386,76,149,191,2,6,SOA004211,947.8000,947.8000,947.8000,1,1,2026-08-24T00:00:00.000
4212,20260621,20260612,67500,37,42,141,186,3,6,SOA004212,948.5000,948.5000,948.5000,1,1,2026-08-24T00:00:00.000
4213,20260821,20260622,57960,189,152,88,119,1,5,SOA004213,949.2000,949.2000,949.2000,1,1,2026-08-24T00:00:00.000
4214,20260709,20260820,76500,450,279,279,262,7,4,SOA004214,949.9000,949.9000,949.9000,1,1,2026-08-24T00:00:00.000
4215,20260706,20260705,66600,108,436,12,116,4,5,SOA004215,950.6000,950.6000,950.6000,1,1,2026-08-24T00:00:00.000
4216,20260725,20260621,36540,126,347,95,192,3,4,SOA004216,951.3000,951.3000,951.3000,1,1,2026-08-24T00:00:00.000
4217,20260820,20260712,36060,448,121,463,220,5,6,SOA004217,952.0000,952.0000,952.0000,1,1,2026-08-24T00:00:00.000
4218,20260730,20260615,67980,44,431,235,221,5,1,SOA004218,952.7000,952.7000,952.7000,1,1,2026-08-24T00:00:00.000
4219,20260704,20260824,73800,184,315,182,331,1,3,SOA004219,953.4000,953.4000,953.4000,1,1,2026-08-24T00:00:00.000
4220,20260618,20260707,58620,229,60,328,6,3,6,SOA004220,954.1000,954.1000,954.1000,1,1,2026-08-24T00:00:00.000
4221,20260708,20260809,60480,462,176,70,113,7,2,SOA004221,954.8000,954.8000,954.8000,1,1,2026-08-24T00:00:00.000
4222,20260705,20260716,8640,200,370,427,175,2,1,SOA004222,955.5000,955.5000,955.5000,1,1,2026-08-24T00:00:00.000
4223,20260807,20260530,12240,341,468,46,279,4,3,SOA004223,956.2000,956.2000,956.2000,1,1,2026-08-24T00:00:00.000
4224,20260606,20260809,78960,151,439,385,79,9,4,SOA004224,956.9000,956.9000,956.9000,1,1,2026-08-24T00:00:00.000
4225,20260703,20260702,19320,450,495,458,138,7,5,SOA004225,957.6000,957.6000,957.6000,1,1,2026-08-24T00:00:00.000
4226,20260822,20260727,23880,184,389,138,269,5,7,SOA004226,958.3000,958.3000,958.3000,1,1,2026-08-24T00:00:00.000
4227,20260717,20260620,86160,35,331,9,164,6,2,SOA004227,959.0000,959.0000,959.0000,1,1,2026-08-24T00:00:00.000
4228,20260710,20260610,56760,138,373,393,266,4,2,SOA004228,959.7000,959.7000,959.7000,1,1,2026-08-24T00:00:00.000
4229,20260621,20260711,4020,64,276,316,243,4,4,SOA004229,960.4000,960.4000,960.4000,1,1,2026-08-24T00:00:00.000
4230,20260822,20260728,42300,122,311,209,107,3,1,SOA004230,961.1000,961.1000,961.1000,1,1,2026-08-24T00:00:00.000
4231,20260717,20260706,56040,33,221,353,112,2,2,SOA004231,961.8000,961.8000,961.8000,1,1,2026-08-24T00:00:00.000
4232,20260701,20260719,24480,268,430,372,320,8,4,SOA004232,962.5000,962.5000,962.5000,1,1,2026-08-24T00:00:00.000
4233,20260811,20260816,38820,471,415,84,61,8,1,SOA004233,963.2000,963.2000,963.2000,1,1,2026-08-24T00:00:00.000
4234,20260607,20260628,35160,131,467,82,194,2,6,SOA004234,963.9000,963.9000,963.9000,1,1,2026-08-24T00:00:00.000
4235,20260810,20260718,65160,155,249,112,81,5,2,SOA004235,964.6000,964.6000,964.6000,1,1,2026-08-24T00:00:00.000
4236,20260712,20260724,27060,210,35,216,303,1,4,SOA004236,965.3000,965.3000,965.3000,1,1,2026-08-24T00:00:00.000
4237,20260707,20260622,62820,483,157,310,182,6,6,SOA004237,966.0000,966.0000,966.0000,1,1,2026-08-24T00:00:00.000
4238,20260705,20260816,19920,170,84,166,134,5,4,SOA004238,966.7000,966.7000,966.7000,1,1,2026-08-24T00:00:00.000
4239,20260622,20260711,29040,72,309,359,198,6,6,SOA004239,967.4000,967.4000,967.4000,1,1,2026-08-24T00:00:00.000
4240,20260728,20260712,29160,485,311,221,332,4,4,SOA004240,968.1000,968.1000,968.1000,1,1,2026-08-24T00:00:00.000
4241,20260616,20260707,72060,248,232,439,200,4,2,SOA004241,968.8000,968.8000,968.8000,1,1,2026-08-24T00:00:00.000
4242,20260603,20260727,6300,357,402,498,29,5,3,SOA004242,969.5000,969.5000,969.5000,1,1,2026-08-24T00:00:00.000
4243,20260718,20260822,29160,110,116,388,324,7,4,SOA004243,970.2000,970.2000,970.2000,1,1,2026-08-24T00:00:00.000
4244,20260530,20260721,600,36,53,268,240,1,1,SOA004244,970.9000,970.9000,970.9000,1,1,2026-08-24T00:00:00.000
4245,20260608,20260702,9600,336,368,296,121,4,6,SOA004245,971.6000,971.6000,971.6000,1,1,2026-08-24T00:00:00.000
4246,20260822,20260715,11100,38,455,297,79,5,1,SOA004246,972.3000,972.3000,972.3000,1,1,2026-08-24T00:00:00.000
4247,20260621,20260801,21180,119,13,154,347,10,4,SOA004247,973.0000,973.0000,973.0000,1,1,2026-08-24T00:00:00.000
4248,20260803,20260721,13080,241,120,58,276,9,4,SOA004248,973.7000,973.7000,973.7000,1,1,2026-08-24T00:00:00.000
4249,20260814,20260811,57420,401,125,162,273,4,1,SOA004249,974.4000,974.4000,974.4000,1,1,2026-08-24T00:00:00.000
4250,20260627,20260610,60600,367,8,259,225,9,2,SOA004250,975.1000,975.1000,975.1000,1,1,2026-08-24T00:00:00.000
4251,20260706,20260804,42840,150,48,69,343,4,3,SOA004251,975.8000,975.8000,975.8000,1,1,2026-08-24T00:00:00.000
4252,20260708,20260609,24900,439,244,158,155,10,5,SOA004252,976.5000,976.5000,976.5000,1,1,2026-08-24T00:00:00.000
4253,20260529,20260805,44280,7,401,431,53,7,7,SOA004253,977.2000,977.2000,977.2000,1,1,2026-08-24T00:00:00.000
4254,20260822,20260618,61440,54,441,278,321,6,7,SOA004254,977.9000,977.9000,977.9000,1,1,2026-08-24T00:00:00.000
4255,20260727,20260815,6540,42,79,224,202,6,3,SOA004255,978.6000,978.6000,978.6000,1,1,2026-08-24T00:00:00.000
4256,20260613,20260730,61800,410,94,409,341,2,3,SOA004256,979.3000,979.3000,979.3000,1,1,2026-08-24T00:00:00.000
4257,20260528,20260808,24900,10,346,486,44,6,6,SOA004257,980.0000,980.0000,980.0000,1,1,2026-08-24T00:00:00.000
4258,20260709,20260724,19860,477,362,191,58,9,5,SOA004258,980.7000,980.7000,980.7000,1,1,2026-08-24T00:00:00.000
4259,20260530,20260807,6720,83,127,350,158,2,6,SOA004259,981.4000,981.4000,981.4000,1,1,2026-08-24T00:00:00.000
4260,20260824,20260813,53280,251,77,365,57,10,3,SOA004260,982.1000,982.1000,982.1000,1,1,2026-08-24T00:00:00.000
4261,20260606,20260702,62460,147,303,495,348,4,4,SOA004261,982.8000,982.8000,982.8000,1,1,2026-08-24T00:00:00.000
4262,20260817,20260819,4560,184,119,372,313,10,3,SOA004262,983.5000,983.5000,983.5000,1,1,2026-08-24T00:00:00.000
4263,20260801,20260804,70200,29,481,72,160,2,2,SOA004263,984.2000,984.2000,984.2000,1,1,2026-08-24T00:00:00.000
4264,20260527,20260817,84720,108,443,289,253,3,4,SOA004264,984.9000,984.9000,984.9000,1,1,2026-08-24T00:00:00.000
4265,20260719,20260817,80340,349,319,461,319,2,6,SOA004265,985.6000,985.6000,985.6000,1,1,2026-08-24T00:00:00.000
4266,20260703,20260809,52380,348,83,104,61,5,3,SOA004266,986.3000,986.3000,986.3000,1,1,2026-08-24T00:00:00.000
4267,20260703,20260804,27420,56,13,183,289,10,7,SOA004267,987.0000,987.0000,987.0000,1,1,2026-08-24T00:00:00.000
4268,20260612,20260528,17580,154,328,367,7,6,1,SOA004268,987.7000,987.7000,987.7000,1,1,2026-08-24T00:00:00.000
4269,20260706,20260626,19020,500,500,266,193,5,4,SOA004269,988.4000,988.4000,988.4000,1,1,2026-08-24T00:00:00.000
4270,20260802,20260727,71100,448,190,21,36,6,2,SOA004270,989.1000,989.1000,989.1000,1,1,2026-08-24T00:00:00.000
4271,20260810,20260619,55140,96,400,391,263,6,1,SOA004271,989.8000,989.8000,989.8000,1,1,2026-08-24T00:00:00.000
4272,20260817,20260821,80160,286,366,141,208,6,6,SOA004272,990.5000,990.5000,990.5000,1,1,2026-08-24T00:00:00.000
4273,20260815,20260706,35220,135,349,332,169,1,7,SOA004273,991.2000,991.2000,991.2000,1,1,2026-08-24T00:00:00.000
4274,20260628,20260823,71220,371,226,472,209,8,2,SOA004274,991.9000,991.9000,991.9000,1,1,2026-08-24T00:00:00.000
4275,20260530,20260725,27300,10,468,471,249,1,6,SOA004275,992.6000,992.6000,992.6000,1,1,2026-08-24T00:00:00.000
4276,20260623,20260601,41880,175,346,212,336,1,4,SOA004276,993.3000,993.3000,993.3000,1,1,2026-08-24T00:00:00.000
4277,20260629,20260801,69720,85,207,448,188,7,2,SOA004277,994.0000,994.0000,994.0000,1,1,2026-08-24T00:00:00.000
4278,20260716,20260712,57540,376,159,309,72,6,6,SOA004278,994.7000,994.7000,994.7000,1,1,2026-08-24T00:00:00.000
4279,20260630,20260807,17160,52,228,168,208,10,7,SOA004279,995.4000,995.4000,995.4000,1,1,2026-08-24T00:00:00.000
4280,20260608,20260719,16920,275,290,66,206,3,3,SOA004280,996.1000,996.1000,996.1000,1,1,2026-08-24T00:00:00.000
4281,20260611,20260604,81180,322,231,407,112,8,1,SOA004281,996.8000,996.8000,996.8000,1,1,2026-08-24T00:00:00.000
4282,20260824,20260722,75780,305,242,146,337,9,4,SOA004282,997.5000,997.5000,997.5000,1,1,2026-08-24T00:00:00.000
4283,20260814,20260617,83880,303,492,127,302,4,4,SOA004283,998.2000,998.2000,998.2000,1,1,2026-08-24T00:00:00.000
4284,20260710,20260804,2460,32,415,490,195,9,7,SOA004284,998.9000,998.9000,998.9000,1,1,2026-08-24T00:00:00.000
4285,20260713,20260824,74340,402,1,207,170,9,7,SOA004285,999.6000,999.6000,999.6000,1,1,2026-08-24T00:00:00.000
4286,20260806,20260609,33540,81,313,29,312,5,6,SOA004286,0.3000,0.3000,0.3000,1,1,2026-08-24T00:00:00.000
4287,20260629,20260614,6180,182,290,387,111,10,7,SOA004287,1.0000,1.0000,1.0000,1,1,2026-08-24T00:00:00.000
4288,20260719,20260713,82500,313,458,253,231,3,5,SOA004288,1.7000,1.7000,1.7000,1,1,2026-08-24T00:00:00.000
4289,20260613,20260728,67260,347,472,311,211,8,7,SOA004289,2.4000,2.4000,2.4000,1,1,2026-08-24T00:00:00.000
4290,20260805,20260716,51360,286,499,412,176,1,1,SOA004290,3.1000,3.1000,3.1000,1,1,2026-08-24T00:00:00.000
4291,20260630,20260627,20820,233,21,191,30,7,5,SOA004291,3.8000,3.8000,3.8000,1,1,2026-08-24T00:00:00.000
4292,20260820,20260702,62580,216,358,358,16,7,5,SOA004292,4.5000,4.5000,4.5000,1,1,2026-08-24T00:00:00.000
4293,20260823,20260719,24780,483,50,236,22,6,6,SOA004293,5.2000,5.2000,5.2000,1,1,2026-08-24T00:00:00.000
4294,20260527,20260629,10140,75,36,19,308,3,6,SOA004294,5.9000,5.9000,5.9000,1,1,2026-08-24T00:00:00.000
4295,20260815,20260710,69000,53,113,235,2,4,5,SOA004295,6.6000,6.6000,6.6000,1,1,2026-08-24T00:00:00.000
4296,20260726,20260624,900,479,94,386,231,2,3,SOA004296,7.3000,7.3000,7.3000,1,1,2026-08-24T00:00:00.000
4297,20260620,20260604,63240,308,292,197,268,6,3,SOA004297,8.0000,8.0000,8.0000,1,1,2026-08-24T00:00:00.000
4298,20260817,20260812,71640,364,421,77,198,1,3,SOA004298,8.7000,8.7000,8.7000,1,1,2026-08-24T00:00:00.000
4299,20260714,20260727,8760,269,4,16,186,1,2,SOA004299,9.4000,9.4000,9.4000,1,1,2026-08-24T00:00:00.000
4300,20260528,20260608,82920,465,339,453,176,7,4,SOA004300,10.1000,10.1000,10.1000,1,1,2026-08-24T00:00:00.000
4301,20260601,20260727,73680,192,209,484,80,10,2,SOA004301,10.8000,10.8000,10.8000,1,1,2026-08-24T00:00:00.000
4302,20260711,20260807,7140,94,113,354,172,6,4,SOA004302,11.5000,11.5000,11.5000,1,1,2026-08-24T00:00:00.000
4303,20260717,20260623,3240,259,300,292,116,10,4,SOA004303,12.2000,12.2000,12.2000,1,1,2026-08-24T00:00:00.000
4304,20260604,20260721,38880,53,379,249,205,9,2,SOA004304,12.9000,12.9000,12.9000,1,1,2026-08-24T00:00:00.000
4305,20260623,20260602,61980,105,215,134,203,6,1,SOA004305,13.6000,13.6000,13.6000,1,1,2026-08-24T00:00:00.000
4306,20260601,20260813,61260,454,261,272,178,1,7,SOA004306,14.3000,14.3000,14.3000,1,1,2026-08-24T00:00:00.000
4307,20260608,20260725,69060,279,194,162,42,7,6,SOA004307,15.0000,15.0000,15.0000,1,1,2026-08-24T00:00:00.000
4308,20260714,20260607,54660,298,7,64,290,3,5,SOA004308,15.7000,15.7000,15.7000,1,1,2026-08-24T00:00:00.000
4309,20260714,20260621,30900,226,400,402,207,7,7,SOA004309,16.4000,16.4000,16.4000,1,1,2026-08-24T00:00:00.000
4310,20260619,20260810,25020,122,467,143,291,3,4,SOA004310,17.1000,17.1000,17.1000,1,1,2026-08-24T00:00:00.000
4311,20260824,20260618,29280,378,79,181,280,4,2,SOA004311,17.8000,17.8000,17.8000,1,1,2026-08-24T00:00:00.000
4312,20260725,20260824,11880,101,441,365,237,9,2,SOA004312,18.5000,18.5000,18.5000,1,1,2026-08-24T00:00:00.000
4313,20260701,20260707,22080,178,188,150,288,8,5,SOA004313,19.2000,19.2000,19.2000,1,1,2026-08-24T00:00:00.000
4314,20260724,20260712,55080,217,41,25,81,1,2,SOA004314,19.9000,19.9000,19.9000,1,1,2026-08-24T00:00:00.000
4315,20260702,20260822,57180,246,181,104,142,9,7,SOA004315,20.6000,20.6000,20.6000,1,1,2026-08-24T00:00:00.000
4316,20260822,20260807,61440,96,171,234,239,3,7,SOA004316,21.3000,21.3000,21.3000,1,1,2026-08-24T00:00:00.000
4317,20260806,20260724,60780,489,403,175,208,1,3,SOA004317,22.0000,22.0000,22.0000,1,1,2026-08-24T00:00:00.000
4318,20260818,20260816,60,11,497,440,183,1,2,SOA004318,22.7000,22.7000,22.7000,1,1,2026-08-24T00:00:00.000
4319,20260818,20260729,31260,25,451,213,161,10,5,SOA004319,23.4000,23.4000,23.4000,1,1,2026-08-24T00:00:00.000
4320,20260718,20260621,21300,348,16,332,88,9,7,SOA004320,24.1000,24.1000,24.1000,1,1,2026-08-24T00:00:00.000
4321,20260629,20260806,77160,21,80,226,338,2,2,SOA004321,24.8000,24.8000,24.8000,1,1,2026-08-24T00:00:00.000
4322,20260611,20260708,28500,397,67,384,149,2,6,SOA004322,25.5000,25.5000,25.5000,1,1,2026-08-24T00:00:00.000
4323,20260808,20260811,26580,309,370,145,133,7,3,SOA004323,26.2000,26.2000,26.2000,1,1,2026-08-24T00:00:00.000
4324,20260709,20260818,18000,146,257,160,93,7,1,SOA004324,26.9000,26.9000,26.9000,1,1,2026-08-24T00:00:00.000
4325,20260629,20260530,16920,402,224,30,6,2,6,SOA004325,27.6000,27.6000,27.6000,1,1,2026-08-24T00:00:00.000
4326,20260629,20260709,14040,21,407,166,315,7,3,SOA004326,28.3000,28.3000,28.3000,1,1,2026-08-24T00:00:00.000
4327,20260818,20260817,1320,464,315,131,203,2,4,SOA004327,29.0000,29.0000,29.0000,1,1,2026-08-24T00:00:00.000
4328,20260812,20260710,52620,95,341,443,63,8,5,SOA004328,29.7000,29.7000,29.7000,1,1,2026-08-24T00:00:00.000
4329,20260609,20260620,27660,170,188,391,93,10,1,SOA004329,30.4000,30.4000,30.4000,1,1,2026-08-24T00:00:00.000
4330,20260719,20260813,3840,239,86,449,27,9,6,SOA004330,31.1000,31.1000,31.1000,1,1,2026-08-24T00:00:00.000
4331,20260723,20260802,5040,234,208,481,9,3,5,SOA004331,31.8000,31.8000,31.8000,1,1,2026-08-24T00:00:00.000
4332,20260626,20260808,35040,368,219,55,77,10,1,SOA004332,32.5000,32.5000,32.5000,1,1,2026-08-24T00:00:00.000
4333,20260528,20260822,84240,268,408,433,309,3,3,SOA004333,33.2000,33.2000,33.2000,1,1,2026-08-24T00:00:00.000
4334,20260803,20260712,19980,434,339,381,12,9,5,SOA004334,33.9000,33.9000,33.9000,1,1,2026-08-24T00:00:00.000
4335,20260729,20260727,83640,101,378,276,29,9,4,SOA004335,34.6000,34.6000,34.6000,1,1,2026-08-24T00:00:00.000
4336,20260626,20260717,24960,227,415,392,47,2,4,SOA004336,35.3000,35.3000,35.3000,1,1,2026-08-24T00:00:00.000
4337,20260815,20260725,30900,489,334,22,170,2,2,SOA004337,36.0000,36.0000,36.0000,1,1,2026-08-24T00:00:00.000
4338,20260723,20260605,42480,31,63,72,30,7,2,SOA004338,36.7000,36.7000,36.7000,1,1,2026-08-24T00:00:00.000
4339,20260601,20260703,33780,210,352,107,288,6,2,SOA004339,37.4000,37.4000,37.4000,1,1,2026-08-24T00:00:00.000
4340,20260813,20260822,73860,280,383,321,88,4,5,SOA004340,38.1000,38.1000,38.1000,1,1,2026-08-24T00:00:00.000
4341,20260801,20260615,71220,199,388,16,5,4,3,SOA004341,38.8000,38.8000,38.8000,1,1,2026-08-24T00:00:00.000
4342,20260629,20260607,42120,112,309,176,152,8,5,SOA004342,39.5000,39.5000,39.5000,1,1,2026-08-24T00:00:00.000
4343,20260606,20260822,56280,120,114,77,209,10,5,SOA004343,40.2000,40.2000,40.2000,1,1,2026-08-24T00:00:00.000
4344,20260819,20260723,68220,11,483,434,274,2,1,SOA004344,40.9000,40.9000,40.9000,1,1,2026-08-24T00:00:00.000
4345,20260725,20260702,29220,406,464,465,61,8,2,SOA004345,41.6000,41.6000,41.6000,1,1,2026-08-24T00:00:00.000
4346,20260815,20260720,17820,254,82,49,78,6,4,SOA004346,42.3000,42.3000,42.3000,1,1,2026-08-24T00:00:00.000
4347,20260604,20260726,15360,287,449,283,63,10,1,SOA004347,43.0000,43.0000,43.0000,1,1,2026-08-24T00:00:00.000
4348,20260807,20260706,25200,393,305,477,320,3,3,SOA004348,43.7000,43.7000,43.7000,1,1,2026-08-24T00:00:00.000
4349,20260724,20260809,63300,143,340,84,344,1,6,SOA004349,44.4000,44.4000,44.4000,1,1,2026-08-24T00:00:00.000
4350,20260622,20260823,27840,423,364,68,254,6,7,SOA004350,45.1000,45.1000,45.1000,1,1,2026-08-24T00:00:00.000
4351,20260529,20260803,79620,273,338,315,46,6,1,SOA004351,45.8000,45.8000,45.8000,1,1,2026-08-24T00:00:00.000
4352,20260703,20260528,66300,456,259,233,228,4,6,SOA004352,46.5000,46.5000,46.5000,1,1,2026-08-24T00:00:00.000
4353,20260531,20260716,32400,363,125,7,129,7,3,SOA004353,47.2000,47.2000,47.2000,1,1,2026-08-24T00:00:00.000
4354,20260630,20260609,39000,385,382,88,120,6,3,SOA004354,47.9000,47.9000,47.9000,1,1,2026-08-24T00:00:00.000
4355,20260730,20260702,45540,151,98,434,252,5,7,SOA004355,48.6000,48.6000,48.6000,1,1,2026-08-24T00:00:00.000
4356,20260717,20260812,34500,344,53,480,312,6,2,SOA004356,49.3000,49.3000,49.3000,1,1,2026-08-24T00:00:00.000
4357,20260823,20260704,52560,465,382,264,137,9,6,SOA004357,50.0000,50.0000,50.0000,1,1,2026-08-24T00:00:00.000
4358,20260805,20260611,77520,358,241,106,143,5,1,SOA004358,50.7000,50.7000,50.7000,1,1,2026-08-24T00:00:00.000
4359,20260703,20260602,57060,328,317,11,65,4,3,SOA004359,51.4000,51.4000,51.4000,1,1,2026-08-24T00:00:00.000
4360,20260823,20260712,85260,361,420,3,104,2,6,SOA004360,52.1000,52.1000,52.1000,1,1,2026-08-24T00:00:00.000
4361,20260724,20260728,54360,58,232,3,349,2,1,SOA004361,52.8000,52.8000,52.8000,1,1,2026-08-24T00:00:00.000
4362,20260529,20260702,66180,302,325,426,142,4,4,SOA004362,53.5000,53.5000,53.5000,1,1,2026-08-24T00:00:00.000
4363,20260712,20260608,69660,121,233,156,163,1,4,SOA004363,54.2000,54.2000,54.2000,1,1,2026-08-24T00:00:00.000
4364,20260717,20260714,10140,498,154,107,341,10,1,SOA004364,54.9000,54.9000,54.9000,1,1,2026-08-24T00:00:00.000
4365,20260812,20260820,21060,60,185,25,55,9,1,SOA004365,55.6000,55.6000,55.6000,1,1,2026-08-24T00:00:00.000
4366,20260616,20260804,44580,208,92,36,11,10,1,SOA004366,56.3000,56.3000,56.3000,1,1,2026-08-24T00:00:00.000
4367,20260812,20260814,77820,311,221,490,147,8,3,SOA004367,57.0000,57.0000,57.0000,1,1,2026-08-24T00:00:00.000
4368,20260603,20260820,33840,110,76,256,141,9,3,SOA004368,57.7000,57.7000,57.7000,1,1,2026-08-24T00:00:00.000
4369,20260607,20260811,3660,194,70,224,185,5,7,SOA004369,58.4000,58.4000,58.4000,1,1,2026-08-24T00:00:00.000
4370,20260609,20260815,31980,208,450,445,143,2,3,SOA004370,59.1000,59.1000,59.1000,1,1,2026-08-24T00:00:00.000
4371,20260709,20260802,37560,436,425,195,39,10,6,SOA004371,59.8000,59.8000,59.8000,1,1,2026-08-24T00:00:00.000
4372,20260530,20260807,60600,466,79,25,222,2,4,SOA004372,60.5000,60.5000,60.5000,1,1,2026-08-24T00:00:00.000
4373,20260718,20260710,12480,267,429,59,308,8,3,SOA004373,61.2000,61.2000,61.2000,1,1,2026-08-24T00:00:00.000
4374,20260807,20260728,49320,27,360,158,180,3,5,SOA004374,61.9000,61.9000,61.9000,1,1,2026-08-24T00:00:00.000
4375,20260814,20260630,66300,492,385,48,184,9,2,SOA004375,62.6000,62.6000,62.6000,1,1,2026-08-24T00:00:00.000
4376,20260722,20260707,51900,495,445,396,264,3,4,SOA004376,63.3000,63.3000,63.3000,1,1,2026-08-24T00:00:00.000
4377,20260818,20260630,32340,432,253,143,17,8,2,SOA004377,64.0000,64.0000,64.0000,1,1,2026-08-24T00:00:00.000
4378,20260807,20260624,80940,302,28,40,228,10,5,SOA004378,64.7000,64.7000,64.7000,1,1,2026-08-24T00:00:00.000
4379,20260705,20260625,15480,197,192,194,66,6,2,SOA004379,65.4000,65.4000,65.4000,1,1,2026-08-24T00:00:00.000
4380,20260619,20260812,12840,136,336,50,215,6,1,SOA004380,66.1000,66.1000,66.1000,1,1,2026-08-24T00:00:00.000
4381,20260816,20260711,5580,483,412,402,282,8,3,SOA004381,66.8000,66.8000,66.8000,1,1,2026-08-24T00:00:00.000
4382,20260727,20260701,78060,487,370,400,9,10,5,SOA004382,67.5000,67.5000,67.5000,1,1,2026-08-24T00:00:00.000
4383,20260814,20260604,56400,196,277,277,21,6,5,SOA004383,68.2000,68.2000,68.2000,1,1,2026-08-24T00:00:00.000
4384,20260724,20260621,78840,344,44,28,175,7,1,SOA004384,68.9000,68.9000,68.9000,1,1,2026-08-24T00:00:00.000
4385,20260801,20260823,52860,459,351,380,292,3,3,SOA004385,69.6000,69.6000,69.6000,1,1,2026-08-24T00:00:00.000
4386,20260816,20260624,17340,418,246,464,324,7,4,SOA004386,70.3000,70.3000,70.3000,1,1,2026-08-24T00:00:00.000
4387,20260719,20260705,78360,199,232,122,181,2,5,SOA004387,71.0000,71.0000,71.0000,1,1,2026-08-24T00:00:00.000
4388,20260530,20260724,49620,394,103,411,81,3,3,SOA004388,71.7000,71.7000,71.7000,1,1,2026-08-24T00:00:00.000
4389,20260817,20260601,36000,446,217,389,263,6,1,SOA004389,72.4000,72.4000,72.4000,1,1,2026-08-24T00:00:00.000
4390,20260606,20260807,42180,234,170,165,246,10,2,SOA004390,73.1000,73.1000,73.1000,1,1,2026-08-24T00:00:00.000
4391,20260611,20260818,47100,148,150,17,77,5,6,SOA004391,73.8000,73.8000,73.8000,1,1,2026-08-24T00:00:00.000
4392,20260608,20260715,12600,480,431,314,108,10,6,SOA004392,74.5000,74.5000,74.5000,1,1,2026-08-24T00:00:00.000
4393,20260810,20260630,86280,296,376,146,110,7,4,SOA004393,75.2000,75.2000,75.2000,1,1,2026-08-24T00:00:00.000
4394,20260612,20260618,60,53,472,7,327,5,5,SOA004394,75.9000,75.9000,75.9000,1,1,2026-08-24T00:00:00.000
4395,20260607,20260610,18900,122,500,370,147,8,1,SOA004395,76.6000,76.6000,76.6000,1,1,2026-08-24T00:00:00.000
4396,20260719,20260726,12540,25,358,346,125,4,7,SOA004396,77.3000,77.3000,77.3000,1,1,2026-08-24T00:00:00.000
4397,20260528,20260808,16440,146,230,349,90,1,4,SOA004397,78.0000,78.0000,78.0000,1,1,2026-08-24T00:00:00.000
4398,20260720,20260806,63660,296,386,302,340,9,6,SOA004398,78.7000,78.7000,78.7000,1,1,2026-08-24T00:00:00.000
4399,20260811,20260716,45720,81,154,495,322,10,3,SOA004399,79.4000,79.4000,79.4000,1,1,2026-08-24T00:00:00.000
4400,20260729,20260809,61860,484,150,373,148,1,4,SOA004400,80.1000,80.1000,80.1000,1,1,2026-08-24T00:00:00.000
4401,20260606,20260628,44700,25,201,425,270,1,3,SOA004401,80.8000,80.8000,80.8000,1,1,2026-08-24T00:00:00.000
4402,20260614,20260704,75660,409,328,151,315,9,3,SOA004402,81.5000,81.5000,81.5000,1,1,2026-08-24T00:00:00.000
4403,20260814,20260614,37080,293,113,489,109,7,2,SOA004403,82.2000,82.2000,82.2000,1,1,2026-08-24T00:00:00.000
4404,20260715,20260819,38460,55,52,329,49,9,7,SOA004404,82.9000,82.9000,82.9000,1,1,2026-08-24T00:00:00.000
4405,20260725,20260711,44400,443,39,433,57,8,5,SOA004405,83.6000,83.6000,83.6000,1,1,2026-08-24T00:00:00.000
4406,20260722,20260713,52920,223,293,203,251,3,2,SOA004406,84.3000,84.3000,84.3000,1,1,2026-08-24T00:00:00.000
4407,20260814,20260618,63960,411,350,1,17,2,4,SOA004407,85.0000,85.0000,85.0000,1,1,2026-08-24T00:00:00.000
4408,20260703,20260713,69780,28,302,103,40,10,6,SOA004408,85.7000,85.7000,85.7000,1,1,2026-08-24T00:00:00.000
4409,20260625,20260814,35340,38,453,217,96,1,7,SOA004409,86.4000,86.4000,86.4000,1,1,2026-08-24T00:00:00.000
4410,20260710,20260708,3060,321,462,482,92,3,2,SOA004410,87.1000,87.1000,87.1000,1,1,2026-08-24T00:00:00.000
4411,20260624,20260704,41100,284,24,164,89,3,1,SOA004411,87.8000,87.8000,87.8000,1,1,2026-08-24T00:00:00.000
4412,20260617,20260603,81180,213,445,486,304,2,7,SOA004412,88.5000,88.5000,88.5000,1,1,2026-08-24T00:00:00.000
4413,20260701,20260707,7320,320,218,163,129,1,5,SOA004413,89.2000,89.2000,89.2000,1,1,2026-08-24T00:00:00.000
4414,20260730,20260712,41760,338,430,389,225,9,2,SOA004414,89.9000,89.9000,89.9000,1,1,2026-08-24T00:00:00.000
4415,20260726,20260606,1380,425,453,201,340,5,6,SOA004415,90.6000,90.6000,90.6000,1,1,2026-08-24T00:00:00.000
4416,20260728,20260705,16260,325,15,333,151,9,3,SOA004416,91.3000,91.3000,91.3000,1,1,2026-08-24T00:00:00.000
4417,20260710,20260528,1440,78,296,430,249,5,4,SOA004417,92.0000,92.0000,92.0000,1,1,2026-08-24T00:00:00.000
4418,20260704,20260703,36660,420,412,124,157,4,7,SOA004418,92.7000,92.7000,92.7000,1,1,2026-08-24T00:00:00.000
4419,20260601,20260624,2100,204,253,321,152,1,4,SOA004419,93.4000,93.4000,93.4000,1,1,2026-08-24T00:00:00.000
4420,20260715,20260706,62520,492,15,282,325,3,4,SOA004420,94.1000,94.1000,94.1000,1,1,2026-08-24T00:00:00.000
4421,20260531,20260711,2520,23,343,19,10,6,3,SOA004421,94.8000,94.8000,94.8000,1,1,2026-08-24T00:00:00.000
4422,20260718,20260803,25620,216,257,173,188,2,5,SOA004422,95.5000,95.5000,95.5000,1,1,2026-08-24T00:00:00.000
4423,20260528,20260724,46680,461,26,476,312,10,7,SOA004423,96.2000,96.2000,96.2000,1,1,2026-08-24T00:00:00.000
4424,20260620,20260819,48540,259,340,168,169,9,1,SOA004424,96.9000,96.9000,96.9000,1,1,2026-08-24T00:00:00.000
4425,20260625,20260811,70260,490,283,176,131,5,6,SOA004425,97.6000,97.6000,97.6000,1,1,2026-08-24T00:00:00.000
4426,20260811,20260718,70920,371,251,48,221,3,3,SOA004426,98.3000,98.3000,98.3000,1,1,2026-08-24T00:00:00.000
4427,20260824,20260730,20700,6,244,358,148,2,6,SOA004427,99.0000,99.0000,99.0000,1,1,2026-08-24T00:00:00.000
4428,20260707,20260616,30060,300,50,32,213,5,1,SOA004428,99.7000,99.7000,99.7000,1,1,2026-08-24T00:00:00.000
4429,20260819,20260618,26520,240,79,205,269,10,2,SOA004429,100.4000,100.4000,100.4000,1,1,2026-08-24T00:00:00.000
4430,20260531,20260824,13080,407,314,109,164,7,5,SOA004430,101.1000,101.1000,101.1000,1,1,2026-08-24T00:00:00.000
4431,20260814,20260712,75000,371,361,246,59,3,3,SOA004431,101.8000,101.8000,101.8000,1,1,2026-08-24T00:00:00.000
4432,20260814,20260729,6840,20,353,380,39,7,2,SOA004432,102.5000,102.5000,102.5000,1,1,2026-08-24T00:00:00.000
4433,20260806,20260605,21480,194,281,264,211,4,2,SOA004433,103.2000,103.2000,103.2000,1,1,2026-08-24T00:00:00.000
4434,20260528,20260609,24960,464,81,389,177,1,3,SOA004434,103.9000,103.9000,103.9000,1,1,2026-08-24T00:00:00.000
4435,20260618,20260818,69960,343,142,110,146,9,3,SOA004435,104.6000,104.6000,104.6000,1,1,2026-08-24T00:00:00.000
4436,20260603,20260623,19620,402,14,465,47,9,7,SOA004436,105.3000,105.3000,105.3000,1,1,2026-08-24T00:00:00.000
4437,20260619,20260817,13800,228,393,490,22,3,1,SOA004437,106.0000,106.0000,106.0000,1,1,2026-08-24T00:00:00.000
4438,20260726,20260824,67860,351,194,84,266,10,2,SOA004438,106.7000,106.7000,106.7000,1,1,2026-08-24T00:00:00.000
4439,20260615,20260801,17580,378,353,322,93,5,6,SOA004439,107.4000,107.4000,107.4000,1,1,2026-08-24T00:00:00.000
4440,20260714,20260711,54360,148,169,449,163,4,3,SOA004440,108.1000,108.1000,108.1000,1,1,2026-08-24T00:00:00.000
4441,20260721,20260621,78360,98,375,173,68,2,4,SOA004441,108.8000,108.8000,108.8000,1,1,2026-08-24T00:00:00.000
4442,20260816,20260619,77700,44,388,344,199,3,2,SOA004442,109.5000,109.5000,109.5000,1,1,2026-08-24T00:00:00.000
4443,20260619,20260821,55020,271,152,210,24,6,2,SOA004443,110.2000,110.2000,110.2000,1,1,2026-08-24T00:00:00.000
4444,20260809,20260722,18720,355,286,346,238,3,3,SOA004444,110.9000,110.9000,110.9000,1,1,2026-08-24T00:00:00.000
4445,20260726,20260822,1920,432,139,199,332,9,7,SOA004445,111.6000,111.6000,111.6000,1,1,2026-08-24T00:00:00.000
4446,20260704,20260818,75000,114,488,488,243,10,4,SOA004446,112.3000,112.3000,112.3000,1,1,2026-08-24T00:00:00.000
4447,20260802,20260609,78720,336,256,472,62,9,7,SOA004447,113.0000,113.0000,113.0000,1,1,2026-08-24T00:00:00.000
4448,20260811,20260720,57720,372,200,194,52,3,3,SOA004448,113.7000,113.7000,113.7000,1,1,2026-08-24T00:00:00.000
4449,20260813,20260806,54240,120,147,20,134,8,3,SOA004449,114.4000,114.4000,114.4000,1,1,2026-08-24T00:00:00.000
4450,20260805,20260627,58020,167,32,174,334,6,3,SOA004450,115.1000,115.1000,115.1000,1,1,2026-08-24T00:00:00.000
4451,20260704,20260816,32160,9,30,282,212,3,2,SOA004451,115.8000,115.8000,115.8000,1,1,2026-08-24T00:00:00.000
4452,20260527,20260624,81840,163,59,430,290,2,2,SOA004452,116.5000,116.5000,116.5000,1,1,2026-08-24T00:00:00.000
4453,20260822,20260602,44160,179,116,39,65,8,2,SOA004453,117.2000,117.2000,117.2000,1,1,2026-08-24T00:00:00.000
4454,20260719,20260724,14820,194,21,453,53,8,7,SOA004454,117.9000,117.9000,117.9000,1,1,2026-08-24T00:00:00.000
4455,20260731,20260706,6420,485,156,352,148,9,3,SOA004455,118.6000,118.6000,118.6000,1,1,2026-08-24T00:00:00.000
4456,20260619,20260806,83280,370,358,157,29,7,7,SOA004456,119.3000,119.3000,119.3000,1,1,2026-08-24T00:00:00.000
4457,20260709,20260802,1980,262,88,4,343,5,5,SOA004457,120.0000,120.0000,120.0000,1,1,2026-08-24T00:00:00.000
4458,20260717,20260626,39720,64,250,370,304,5,7,SOA004458,120.7000,120.7000,120.7000,1,1,2026-08-24T00:00:00.000
4459,20260729,20260717,24660,34,305,348,24,8,7,SOA004459,121.4000,121.4000,121.4000,1,1,2026-08-24T00:00:00.000
4460,20260610,20260806,1680,86,392,173,239,4,1,SOA004460,122.1000,122.1000,122.1000,1,1,2026-08-24T00:00:00.000
4461,20260810,20260816,27360,135,8,342,124,6,2,SOA004461,122.8000,122.8000,122.8000,1,1,2026-08-24T00:00:00.000
4462,20260725,20260720,72120,115,10,77,134,5,4,SOA004462,123.5000,123.5000,123.5000,1,1,2026-08-24T00:00:00.000
4463,20260617,20260720,29220,257,451,278,169,1,6,SOA004463,124.2000,124.2000,124.2000,1,1,2026-08-24T00:00:00.000
4464,20260608,20260713,66720,246,465,295,72,3,3,SOA004464,124.9000,124.9000,124.9000,1,1,2026-08-24T00:00:00.000
4465,20260625,20260804,32220,341,228,430,155,2,7,SOA004465,125.6000,125.6000,125.6000,1,1,2026-08-24T00:00:00.000
4466,20260527,20260620,44520,333,275,4,281,4,3,SOA004466,126.3000,126.3000,126.3000,1,1,2026-08-24T00:00:00.000
4467,20260728,20260613,36000,101,339,410,106,3,5,SOA004467,127.0000,127.0000,127.0000,1,1,2026-08-24T00:00:00.000
4468,20260723,20260627,55560,128,299,269,330,9,6,SOA004468,127.7000,127.7000,127.7000,1,1,2026-08-24T00:00:00.000
4469,20260824,20260531,55920,90,112,471,33,4,4,SOA004469,128.4000,128.4000,128.4000,1,1,2026-08-24T00:00:00.000
4470,20260619,20260530,70740,325,482,35,47,2,7,SOA004470,129.1000,129.1000,129.1000,1,1,2026-08-24T00:00:00.000
4471,20260706,20260612,64260,50,66,419,111,2,3,SOA004471,129.8000,129.8000,129.8000,1,1,2026-08-24T00:00:00.000
4472,20260817,20260619,40200,285,43,416,82,1,4,SOA004472,130.5000,130.5000,130.5000,1,1,2026-08-24T00:00:00.000
4473,20260807,20260809,68460,332,188,107,226,8,5,SOA004473,131.2000,131.2000,131.2000,1,1,2026-08-24T00:00:00.000
4474,20260715,20260623,50040,90,301,223,333,6,6,SOA004474,131.9000,131.9000,131.9000,1,1,2026-08-24T00:00:00.000
4475,20260619,20260703,17340,33,318,52,178,5,7,SOA004475,132.6000,132.6000,132.6000,1,1,2026-08-24T00:00:00.000
4476,20260802,20260627,31500,343,194,415,168,4,7,SOA004476,133.3000,133.3000,133.3000,1,1,2026-08-24T00:00:00.000
4477,20260725,20260610,20820,371,498,12,345,8,6,SOA004477,134.0000,134.0000,134.0000,1,1,2026-08-24T00:00:00.000
4478,20260719,20260606,78600,196,375,421,142,4,1,SOA004478,134.7000,134.7000,134.7000,1,1,2026-08-24T00:00:00.000
4479,20260610,20260610,38280,341,394,483,202,2,3,SOA004479,135.4000,135.4000,135.4000,1,1,2026-08-24T00:00:00.000
4480,20260625,20260721,19380,244,430,289,212,9,2,SOA004480,136.1000,136.1000,136.1000,1,1,2026-08-24T00:00:00.000
4481,20260730,20260616,52380,77,408,465,245,10,5,SOA004481,136.8000,136.8000,136.8000,1,1,2026-08-24T00:00:00.000
4482,20260815,20260623,84000,392,33,290,58,5,2,SOA004482,137.5000,137.5000,137.5000,1,1,2026-08-24T00:00:00.000
4483,20260707,20260819,80520,37,134,114,135,10,1,SOA004483,138.2000,138.2000,138.2000,1,1,2026-08-24T00:00:00.000
4484,20260708,20260703,82800,154,47,398,161,9,6,SOA004484,138.9000,138.9000,138.9000,1,1,2026-08-24T00:00:00.000
4485,20260528,20260619,57000,88,47,423,12,7,4,SOA004485,139.6000,139.6000,139.6000,1,1,2026-08-24T00:00:00.000
4486,20260805,20260704,61020,59,378,467,118,4,3,SOA004486,140.3000,140.3000,140.3000,1,1,2026-08-24T00:00:00.000
4487,20260822,20260601,15780,41,72,421,52,5,1,SOA004487,141.0000,141.0000,141.0000,1,1,2026-08-24T00:00:00.000
4488,20260824,20260810,25980,33,107,367,200,9,1,SOA004488,141.7000,141.7000,141.7000,1,1,2026-08-24T00:00:00.000
4489,20260802,20260622,52080,392,101,194,63,8,2,SOA004489,142.4000,142.4000,142.4000,1,1,2026-08-24T00:00:00.000
4490,20260731,20260621,3360,458,188,135,187,3,2,SOA004490,143.1000,143.1000,143.1000,1,1,2026-08-24T00:00:00.000
4491,20260809,20260819,3000,237,437,112,60,6,1,SOA004491,143.8000,143.8000,143.8000,1,1,2026-08-24T00:00:00.000
4492,20260605,20260702,24660,34,326,301,187,9,2,SOA004492,144.5000,144.5000,144.5000,1,1,2026-08-24T00:00:00.000
4493,20260722,20260726,47520,7,326,456,122,4,5,SOA004493,145.2000,145.2000,145.2000,1,1,2026-08-24T00:00:00.000
4494,20260620,20260713,52020,144,337,252,158,5,7,SOA004494,145.9000,145.9000,145.9000,1,1,2026-08-24T00:00:00.000
4495,20260726,20260803,5820,259,481,234,142,9,3,SOA004495,146.6000,146.6000,146.6000,1,1,2026-08-24T00:00:00.000
4496,20260605,20260821,84780,473,75,108,337,6,6,SOA004496,147.3000,147.3000,147.3000,1,1,2026-08-24T00:00:00.000
4497,20260806,20260624,33180,2,246,275,222,10,1,SOA004497,148.0000,148.0000,148.0000,1,1,2026-08-24T00:00:00.000
4498,20260723,20260528,46800,484,429,431,117,2,4,SOA004498,148.7000,148.7000,148.7000,1,1,2026-08-24T00:00:00.000
4499,20260624,20260612,65460,267,208,262,93,10,6,SOA004499,149.4000,149.4000,149.4000,1,1,2026-08-24T00:00:00.000
4500,20260715,20260623,16500,438,126,483,17,7,1,SOA004500,150.1000,150.1000,150.1000,1,1,2026-08-24T00:00:00.000
4501,20260531,20260614,81540,20,492,435,54,6,2,SOA004501,150.8000,150.8000,150.8000,1,1,2026-08-24T00:00:00.000
4502,20260815,20260703,62280,184,219,491,19,6,5,SOA004502,151.5000,151.5000,151.5000,1,1,2026-08-24T00:00:00.000
4503,20260813,20260709,70860,343,280,327,118,8,5,SOA004503,152.2000,152.2000,152.2000,1,1,2026-08-24T00:00:00.000
4504,20260712,20260811,18420,29,478,31,134,1,7,SOA004504,152.9000,152.9000,152.9000,1,1,2026-08-24T00:00:00.000
4505,20260527,20260701,74820,154,345,315,232,10,3,SOA004505,153.6000,153.6000,153.6000,1,1,2026-08-24T00:00:00.000
4506,20260802,20260823,10500,160,204,194,300,8,1,SOA004506,154.3000,154.3000,154.3000,1,1,2026-08-24T00:00:00.000
4507,20260611,20260822,36360,260,32,279,257,4,6,SOA004507,155.0000,155.0000,155.0000,1,1,2026-08-24T00:00:00.000
4508,20260713,20260622,68160,190,220,268,65,1,5,SOA004508,155.7000,155.7000,155.7000,1,1,2026-08-24T00:00:00.000
4509,20260731,20260802,60300,494,165,8,16,9,1,SOA004509,156.4000,156.4000,156.4000,1,1,2026-08-24T00:00:00.000
4510,20260621,20260703,42720,57,223,366,347,3,4,SOA004510,157.1000,157.1000,157.1000,1,1,2026-08-24T00:00:00.000
4511,20260717,20260529,72840,102,159,206,97,10,5,SOA004511,157.8000,157.8000,157.8000,1,1,2026-08-24T00:00:00.000
4512,20260703,20260703,56700,24,115,113,10,4,3,SOA004512,158.5000,158.5000,158.5000,1,1,2026-08-24T00:00:00.000
4513,20260709,20260615,12900,177,276,441,168,5,1,SOA004513,159.2000,159.2000,159.2000,1,1,2026-08-24T00:00:00.000
4514,20260612,20260804,79800,186,284,300,257,8,1,SOA004514,159.9000,159.9000,159.9000,1,1,2026-08-24T00:00:00.000
4515,20260815,20260630,23040,267,71,285,256,5,2,SOA004515,160.6000,160.6000,160.6000,1,1,2026-08-24T00:00:00.000
4516,20260823,20260719,16740,315,50,281,249,7,5,SOA004516,161.3000,161.3000,161.3000,1,1,2026-08-24T00:00:00.000
4517,20260804,20260816,37440,431,101,492,202,1,1,SOA004517,162.0000,162.0000,162.0000,1,1,2026-08-24T00:00:00.000
4518,20260804,20260818,31860,70,95,135,69,8,6,SOA004518,162.7000,162.7000,162.7000,1,1,2026-08-24T00:00:00.000
4519,20260624,20260701,53160,343,197,325,310,6,4,SOA004519,163.4000,163.4000,163.4000,1,1,2026-08-24T00:00:00.000
4520,20260528,20260808,51660,497,92,105,111,3,7,SOA004520,164.1000,164.1000,164.1000,1,1,2026-08-24T00:00:00.000
4521,20260627,20260730,22620,352,459,406,24,4,3,SOA004521,164.8000,164.8000,164.8000,1,1,2026-08-24T00:00:00.000
4522,20260615,20260729,27720,25,65,38,193,6,3,SOA004522,165.5000,165.5000,165.5000,1,1,2026-08-24T00:00:00.000
4523,20260529,20260711,63000,252,45,127,45,2,2,SOA004523,166.2000,166.2000,166.2000,1,1,2026-08-24T00:00:00.000
4524,20260625,20260715,28860,1,242,8,123,8,3,SOA004524,166.9000,166.9000,166.9000,1,1,2026-08-24T00:00:00.000
4525,20260701,20260803,34680,319,329,147,86,4,3,SOA004525,167.6000,167.6000,167.6000,1,1,2026-08-24T00:00:00.000
4526,20260805,20260708,49980,79,61,150,151,6,7,SOA004526,168.3000,168.3000,168.3000,1,1,2026-08-24T00:00:00.000
4527,20260606,20260706,77280,369,229,171,54,3,1,SOA004527,169.0000,169.0000,169.0000,1,1,2026-08-24T00:00:00.000
4528,20260814,20260712,79560,221,405,419,203,7,5,SOA004528,169.7000,169.7000,169.7000,1,1,2026-08-24T00:00:00.000
4529,20260621,20260721,75360,348,69,28,153,1,5,SOA004529,170.4000,170.4000,170.4000,1,1,2026-08-24T00:00:00.000
4530,20260704,20260531,21120,413,307,277,60,8,1,SOA004530,171.1000,171.1000,171.1000,1,1,2026-08-24T00:00:00.000
4531,20260604,20260614,68100,50,9,469,336,1,2,SOA004531,171.8000,171.8000,171.8000,1,1,2026-08-24T00:00:00.000
4532,20260711,20260624,19320,24,438,75,227,6,4,SOA004532,172.5000,172.5000,172.5000,1,1,2026-08-24T00:00:00.000
4533,20260715,20260717,75240,410,82,135,320,3,4,SOA004533,173.2000,173.2000,173.2000,1,1,2026-08-24T00:00:00.000
4534,20260814,20260619,35700,452,14,90,259,2,7,SOA004534,173.9000,173.9000,173.9000,1,1,2026-08-24T00:00:00.000
4535,20260811,20260608,8100,46,2,181,187,4,7,SOA004535,174.6000,174.6000,174.6000,1,1,2026-08-24T00:00:00.000
4536,20260818,20260824,81480,66,266,360,288,1,5,SOA004536,175.3000,175.3000,175.3000,1,1,2026-08-24T00:00:00.000
4537,20260714,20260808,38700,12,482,382,271,5,7,SOA004537,176.0000,176.0000,176.0000,1,1,2026-08-24T00:00:00.000
4538,20260714,20260623,1860,157,122,482,284,10,1,SOA004538,176.7000,176.7000,176.7000,1,1,2026-08-24T00:00:00.000
4539,20260715,20260718,35280,470,49,86,186,6,6,SOA004539,177.4000,177.4000,177.4000,1,1,2026-08-24T00:00:00.000
4540,20260602,20260804,65040,397,38,171,345,3,2,SOA004540,178.1000,178.1000,178.1000,1,1,2026-08-24T00:00:00.000
4541,20260716,20260529,300,40,29,339,52,1,7,SOA004541,178.8000,178.8000,178.8000,1,1,2026-08-24T00:00:00.000
4542,20260708,20260620,12660,227,70,347,157,6,7,SOA004542,179.5000,179.5000,179.5000,1,1,2026-08-24T00:00:00.000
4543,20260702,20260703,47280,50,46,71,73,7,2,SOA004543,180.2000,180.2000,180.2000,1,1,2026-08-24T00:00:00.000
4544,20260820,20260722,20040,11,323,360,268,9,3,SOA004544,180.9000,180.9000,180.9000,1,1,2026-08-24T00:00:00.000
4545,20260803,20260813,14940,270,432,265,214,3,5,SOA004545,181.6000,181.6000,181.6000,1,1,2026-08-24T00:00:00.000
4546,20260620,20260726,56460,361,137,48,131,5,1,SOA004546,182.3000,182.3000,182.3000,1,1,2026-08-24T00:00:00.000
4547,20260531,20260716,12120,485,116,298,313,5,7,SOA004547,183.0000,183.0000,183.0000,1,1,2026-08-24T00:00:00.000
4548,20260719,20260702,79860,153,116,142,244,3,5,SOA004548,183.7000,183.7000,183.7000,1,1,2026-08-24T00:00:00.000
4549,20260724,20260528,61440,303,418,67,302,2,1,SOA004549,184.4000,184.4000,184.4000,1,1,2026-08-24T00:00:00.000
4550,20260805,20260818,72600,30,210,173,50,8,2,SOA004550,185.1000,185.1000,185.1000,1,1,2026-08-24T00:00:00.000
4551,20260822,20260528,67380,358,310,252,254,3,1,SOA004551,185.8000,185.8000,185.8000,1,1,2026-08-24T00:00:00.000
4552,20260621,20260723,61920,190,69,330,133,7,4,SOA004552,186.5000,186.5000,186.5000,1,1,2026-08-24T00:00:00.000
4553,20260714,20260817,53580,175,275,95,51,3,6,SOA004553,187.2000,187.2000,187.2000,1,1,2026-08-24T00:00:00.000
4554,20260701,20260710,27660,125,57,176,75,7,5,SOA004554,187.9000,187.9000,187.9000,1,1,2026-08-24T00:00:00.000
4555,20260807,20260529,32760,474,446,361,316,1,2,SOA004555,188.6000,188.6000,188.6000,1,1,2026-08-24T00:00:00.000
4556,20260620,20260714,72960,224,239,386,280,7,2,SOA004556,189.3000,189.3000,189.3000,1,1,2026-08-24T00:00:00.000
4557,20260614,20260613,66240,10,466,309,286,9,4,SOA004557,190.0000,190.0000,190.0000,1,1,2026-08-24T00:00:00.000
4558,20260810,20260710,6060,247,496,443,349,9,7,SOA004558,190.7000,190.7000,190.7000,1,1,2026-08-24T00:00:00.000
4559,20260809,20260618,62160,9,194,129,245,1,5,SOA004559,191.4000,191.4000,191.4000,1,1,2026-08-24T00:00:00.000
4560,20260603,20260824,39480,353,178,44,133,5,3,SOA004560,192.1000,192.1000,192.1000,1,1,2026-08-24T00:00:00.000
4561,20260813,20260529,13200,144,341,403,197,8,6,SOA004561,192.8000,192.8000,192.8000,1,1,2026-08-24T00:00:00.000
4562,20260721,20260615,39540,84,388,226,123,9,7,SOA004562,193.5000,193.5000,193.5000,1,1,2026-08-24T00:00:00.000
4563,20260715,20260529,82800,401,50,496,128,10,1,SOA004563,194.2000,194.2000,194.2000,1,1,2026-08-24T00:00:00.000
4564,20260616,20260816,84600,413,82,353,6,2,6,SOA004564,194.9000,194.9000,194.9000,1,1,2026-08-24T00:00:00.000
4565,20260810,20260810,59220,44,72,377,216,5,4,SOA004565,195.6000,195.6000,195.6000,1,1,2026-08-24T00:00:00.000
4566,20260617,20260714,15600,22,463,494,80,6,1,SOA004566,196.3000,196.3000,196.3000,1,1,2026-08-24T00:00:00.000
4567,20260616,20260726,65280,277,246,140,189,6,7,SOA004567,197.0000,197.0000,197.0000,1,1,2026-08-24T00:00:00.000
4568,20260618,20260722,77940,272,100,342,241,8,1,SOA004568,197.7000,197.7000,197.7000,1,1,2026-08-24T00:00:00.000
4569,20260613,20260712,5880,399,89,80,162,4,6,SOA004569,198.4000,198.4000,198.4000,1,1,2026-08-24T00:00:00.000
4570,20260603,20260626,74580,458,145,361,120,2,2,SOA004570,199.1000,199.1000,199.1000,1,1,2026-08-24T00:00:00.000
4571,20260605,20260821,74100,56,240,19,312,8,7,SOA004571,199.8000,199.8000,199.8000,1,1,2026-08-24T00:00:00.000
4572,20260528,20260716,62880,138,198,175,347,7,1,SOA004572,200.5000,200.5000,200.5000,1,1,2026-08-24T00:00:00.000
4573,20260824,20260708,78900,4,97,284,134,5,6,SOA004573,201.2000,201.2000,201.2000,1,1,2026-08-24T00:00:00.000
4574,20260726,20260703,54240,151,174,283,309,4,5,SOA004574,201.9000,201.9000,201.9000,1,1,2026-08-24T00:00:00.000
4575,20260624,20260620,5700,483,158,418,125,3,5,SOA004575,202.6000,202.6000,202.6000,1,1,2026-08-24T00:00:00.000
4576,20260703,20260824,80820,488,170,260,291,1,1,SOA004576,203.3000,203.3000,203.3000,1,1,2026-08-24T00:00:00.000
4577,20260611,20260620,43980,488,336,464,139,9,7,SOA004577,204.0000,204.0000,204.0000,1,1,2026-08-24T00:00:00.000
4578,20260618,20260622,46800,364,448,74,105,8,2,SOA004578,204.7000,204.7000,204.7000,1,1,2026-08-24T00:00:00.000
4579,20260602,20260823,13140,184,88,328,248,5,1,SOA004579,205.4000,205.4000,205.4000,1,1,2026-08-24T00:00:00.000
4580,20260603,20260619,45420,482,260,88,280,5,5,SOA004580,206.1000,206.1000,206.1000,1,1,2026-08-24T00:00:00.000
4581,20260602,20260815,86280,337,184,77,199,8,1,SOA004581,206.8000,206.8000,206.8000,1,1,2026-08-24T00:00:00.000
4582,20260704,20260607,85440,395,306,1,275,8,6,SOA004582,207.5000,207.5000,207.5000,1,1,2026-08-24T00:00:00.000
4583,20260823,20260822,84480,211,277,176,14,1,6,SOA004583,208.2000,208.2000,208.2000,1,1,2026-08-24T00:00:00.000
4584,20260812,20260714,50700,54,374,477,167,7,6,SOA004584,208.9000,208.9000,208.9000,1,1,2026-08-24T00:00:00.000
4585,20260721,20260621,1080,316,191,2,300,5,3,SOA004585,209.6000,209.6000,209.6000,1,1,2026-08-24T00:00:00.000
4586,20260617,20260722,67620,247,106,310,261,4,5,SOA004586,210.3000,210.3000,210.3000,1,1,2026-08-24T00:00:00.000
4587,20260623,20260820,5880,430,392,162,135,10,2,SOA004587,211.0000,211.0000,211.0000,1,1,2026-08-24T00:00:00.000
4588,20260602,20260715,27480,272,271,371,272,1,2,SOA004588,211.7000,211.7000,211.7000,1,1,2026-08-24T00:00:00.000
4589,20260708,20260823,30660,349,407,54,89,4,6,SOA004589,212.4000,212.4000,212.4000,1,1,2026-08-24T00:00:00.000
4590,20260730,20260603,70560,488,60,239,255,1,7,SOA004590,213.1000,213.1000,213.1000,1,1,2026-08-24T00:00:00.000
4591,20260812,20260608,28860,248,290,98,220,9,2,SOA004591,213.8000,213.8000,213.8000,1,1,2026-08-24T00:00:00.000
4592,20260718,20260629,61560,270,250,393,317,1,2,SOA004592,214.5000,214.5000,214.5000,1,1,2026-08-24T00:00:00.000
4593,20260710,20260728,60960,434,392,491,138,4,6,SOA004593,215.2000,215.2000,215.2000,1,1,2026-08-24T00:00:00.000
4594,20260530,20260719,86160,39,60,210,221,8,6,SOA004594,215.9000,215.9000,215.9000,1,1,2026-08-24T00:00:00.000
4595,20260601,20260817,10860,292,45,43,225,4,7,SOA004595,216.6000,216.6000,216.6000,1,1,2026-08-24T00:00:00.000
4596,20260710,20260619,35580,148,201,177,12,3,1,SOA004596,217.3000,217.3000,217.3000,1,1,2026-08-24T00:00:00.000
4597,20260620,20260529,71820,66,223,151,16,9,3,SOA004597,218.0000,218.0000,218.0000,1,1,2026-08-24T00:00:00.000
4598,20260630,20260711,2340,401,262,430,332,9,3,SOA004598,218.7000,218.7000,218.7000,1,1,2026-08-24T00:00:00.000
4599,20260722,20260726,48660,14,386,226,48,6,2,SOA004599,219.4000,219.4000,219.4000,1,1,2026-08-24T00:00:00.000
4600,20260604,20260604,47160,212,396,244,209,5,7,SOA004600,220.1000,220.1000,220.1000,1,1,2026-08-24T00:00:00.000
4601,20260814,20260817,70560,103,153,462,204,5,7,SOA004601,220.8000,220.8000,220.8000,1,1,2026-08-24T00:00:00.000
4602,20260711,20260529,5100,121,136,133,329,6,3,SOA004602,221.5000,221.5000,221.5000,1,1,2026-08-24T00:00:00.000
4603,20260612,20260608,57840,123,173,447,195,3,2,SOA004603,222.2000,222.2000,222.2000,1,1,2026-08-24T00:00:00.000
4604,20260806,20260804,9360,133,355,20,44,6,7,SOA004604,222.9000,222.9000,222.9000,1,1,2026-08-24T00:00:00.000
4605,20260708,20260620,52320,216,368,233,8,9,4,SOA004605,223.6000,223.6000,223.6000,1,1,2026-08-24T00:00:00.000
4606,20260711,20260613,5520,292,258,276,256,4,7,SOA004606,224.3000,224.3000,224.3000,1,1,2026-08-24T00:00:00.000
4607,20260610,20260614,50640,381,402,241,210,4,6,SOA004607,225.0000,225.0000,225.0000,1,1,2026-08-24T00:00:00.000
4608,20260606,20260617,27180,363,162,71,266,8,7,SOA004608,225.7000,225.7000,225.7000,1,1,2026-08-24T00:00:00.000
4609,20260717,20260530,40260,470,231,414,2,6,4,SOA004609,226.4000,226.4000,226.4000,1,1,2026-08-24T00:00:00.000
4610,20260720,20260729,17040,495,110,177,107,5,7,SOA004610,227.1000,227.1000,227.1000,1,1,2026-08-24T00:00:00.000
4611,20260811,20260728,120,302,407,109,193,1,6,SOA004611,227.8000,227.8000,227.8000,1,1,2026-08-24T00:00:00.000
4612,20260802,20260709,7980,229,56,182,132,1,1,SOA004612,228.5000,228.5000,228.5000,1,1,2026-08-24T00:00:00.000
4613,20260806,20260703,7620,106,149,213,40,2,1,SOA004613,229.2000,229.2000,229.2000,1,1,2026-08-24T00:00:00.000
4614,20260823,20260823,34320,113,134,253,33,9,3,SOA004614,229.9000,229.9000,229.9000,1,1,2026-08-24T00:00:00.000
4615,20260528,20260730,38460,35,347,98,22,6,6,SOA004615,230.6000,230.6000,230.6000,1,1,2026-08-24T00:00:00.000
4616,20260527,20260710,73200,221,79,155,286,8,2,SOA004616,231.3000,231.3000,231.3000,1,1,2026-08-24T00:00:00.000
4617,20260801,20260820,45600,466,29,270,321,9,6,SOA004617,232.0000,232.0000,232.0000,1,1,2026-08-24T00:00:00.000
4618,20260705,20260821,83820,27,384,407,296,5,7,SOA004618,232.7000,232.7000,232.7000,1,1,2026-08-24T00:00:00.000
4619,20260729,20260613,24540,399,377,297,23,7,2,SOA004619,233.4000,233.4000,233.4000,1,1,2026-08-24T00:00:00.000
4620,20260805,20260731,42420,333,387,416,43,10,5,SOA004620,234.1000,234.1000,234.1000,1,1,2026-08-24T00:00:00.000
4621,20260618,20260616,26280,428,112,482,153,9,5,SOA004621,234.8000,234.8000,234.8000,1,1,2026-08-24T00:00:00.000
4622,20260606,20260703,6120,36,311,432,133,2,5,SOA004622,235.5000,235.5000,235.5000,1,1,2026-08-24T00:00:00.000
4623,20260810,20260805,38520,149,182,392,196,10,4,SOA004623,236.2000,236.2000,236.2000,1,1,2026-08-24T00:00:00.000
4624,20260714,20260530,5700,220,39,7,205,1,4,SOA004624,236.9000,236.9000,236.9000,1,1,2026-08-24T00:00:00.000
4625,20260729,20260621,66480,198,292,167,344,9,3,SOA004625,237.6000,237.6000,237.6000,1,1,2026-08-24T00:00:00.000
4626,20260716,20260810,17400,245,79,415,168,1,6,SOA004626,238.3000,238.3000,238.3000,1,1,2026-08-24T00:00:00.000
4627,20260802,20260815,58980,239,348,492,207,6,7,SOA004627,239.0000,239.0000,239.0000,1,1,2026-08-24T00:00:00.000
4628,20260824,20260708,12780,273,91,446,154,2,1,SOA004628,239.7000,239.7000,239.7000,1,1,2026-08-24T00:00:00.000
4629,20260713,20260817,50760,4,91,56,89,1,4,SOA004629,240.4000,240.4000,240.4000,1,1,2026-08-24T00:00:00.000
4630,20260716,20260728,41820,431,111,286,256,8,2,SOA004630,241.1000,241.1000,241.1000,1,1,2026-08-24T00:00:00.000
4631,20260728,20260712,56700,364,328,106,318,9,3,SOA004631,241.8000,241.8000,241.8000,1,1,2026-08-24T00:00:00.000
4632,20260620,20260707,25860,236,494,299,121,2,2,SOA004632,242.5000,242.5000,242.5000,1,1,2026-08-24T00:00:00.000
4633,20260630,20260723,34740,312,412,75,221,10,1,SOA004633,243.2000,243.2000,243.2000,1,1,2026-08-24T00:00:00.000
4634,20260529,20260807,60120,215,316,378,284,8,6,SOA004634,243.9000,243.9000,243.9000,1,1,2026-08-24T00:00:00.000
4635,20260823,20260814,11220,378,210,293,166,2,4,SOA004635,244.6000,244.6000,244.6000,1,1,2026-08-24T00:00:00.000
4636,20260731,20260604,34980,388,486,187,84,4,6,SOA004636,245.3000,245.3000,245.3000,1,1,2026-08-24T00:00:00.000
4637,20260812,20260721,79200,308,457,36,152,10,6,SOA004637,246.0000,246.0000,246.0000,1,1,2026-08-24T00:00:00.000
4638,20260721,20260807,12540,68,122,440,10,5,4,SOA004638,246.7000,246.7000,246.7000,1,1,2026-08-24T00:00:00.000
4639,20260711,20260821,20820,276,471,215,110,4,2,SOA004639,247.4000,247.4000,247.4000,1,1,2026-08-24T00:00:00.000
4640,20260708,20260719,70380,342,75,124,122,2,5,SOA004640,248.1000,248.1000,248.1000,1,1,2026-08-24T00:00:00.000
4641,20260717,20260624,28260,178,31,8,308,2,1,SOA004641,248.8000,248.8000,248.8000,1,1,2026-08-24T00:00:00.000
4642,20260719,20260608,13740,337,359,101,120,4,4,SOA004642,249.5000,249.5000,249.5000,1,1,2026-08-24T00:00:00.000
4643,20260703,20260727,39180,457,400,294,68,9,4,SOA004643,250.2000,250.2000,250.2000,1,1,2026-08-24T00:00:00.000
4644,20260723,20260708,46320,257,14,114,278,6,4,SOA004644,250.9000,250.9000,250.9000,1,1,2026-08-24T00:00:00.000
4645,20260719,20260628,13320,228,164,186,284,3,3,SOA004645,251.6000,251.6000,251.6000,1,1,2026-08-24T00:00:00.000
4646,20260610,20260701,180,295,276,440,32,1,5,SOA004646,252.3000,252.3000,252.3000,1,1,2026-08-24T00:00:00.000
4647,20260529,20260608,77400,121,152,30,191,9,1,SOA004647,253.0000,253.0000,253.0000,1,1,2026-08-24T00:00:00.000
4648,20260707,20260810,7020,3,226,138,7,6,3,SOA004648,253.7000,253.7000,253.7000,1,1,2026-08-24T00:00:00.000
4649,20260808,20260824,85440,450,267,145,86,6,3,SOA004649,254.4000,254.4000,254.4000,1,1,2026-08-24T00:00:00.000
4650,20260608,20260802,34620,117,54,14,331,5,2,SOA004650,255.1000,255.1000,255.1000,1,1,2026-08-24T00:00:00.000
4651,20260618,20260824,74880,346,10,264,214,2,5,SOA004651,255.8000,255.8000,255.8000,1,1,2026-08-24T00:00:00.000
4652,20260721,20260717,5820,189,271,35,21,5,5,SOA004652,256.5000,256.5000,256.5000,1,1,2026-08-24T00:00:00.000
4653,20260630,20260715,31080,303,492,31,163,6,2,SOA004653,257.2000,257.2000,257.2000,1,1,2026-08-24T00:00:00.000
4654,20260606,20260719,38400,132,383,167,262,6,2,SOA004654,257.9000,257.9000,257.9000,1,1,2026-08-24T00:00:00.000
4655,20260530,20260822,33780,405,9,1,53,9,3,SOA004655,258.6000,258.6000,258.6000,1,1,2026-08-24T00:00:00.000
4656,20260706,20260724,48840,329,168,377,321,9,7,SOA004656,259.3000,259.3000,259.3000,1,1,2026-08-24T00:00:00.000
4657,20260702,20260704,43020,456,137,109,87,4,6,SOA004657,260.0000,260.0000,260.0000,1,1,2026-08-24T00:00:00.000
4658,20260702,20260707,47760,408,247,473,181,8,6,SOA004658,260.7000,260.7000,260.7000,1,1,2026-08-24T00:00:00.000
4659,20260809,20260628,1620,446,198,127,28,4,5,SOA004659,261.4000,261.4000,261.4000,1,1,2026-08-24T00:00:00.000
4660,20260802,20260730,64560,379,269,279,201,3,6,SOA004660,262.1000,262.1000,262.1000,1,1,2026-08-24T00:00:00.000
4661,20260701,20260822,33240,73,37,449,115,9,2,SOA004661,262.8000,262.8000,262.8000,1,1,2026-08-24T00:00:00.000
4662,20260728,20260808,17760,205,428,132,217,3,6,SOA004662,263.5000,263.5000,263.5000,1,1,2026-08-24T00:00:00.000
4663,20260720,20260706,61740,66,143,323,279,10,3,SOA004663,264.2000,264.2000,264.2000,1,1,2026-08-24T00:00:00.000
4664,20260810,20260620,28440,94,382,176,192,4,4,SOA004664,264.9000,264.9000,264.9000,1,1,2026-08-24T00:00:00.000
4665,20260703,20260609,84540,309,309,289,147,8,2,SOA004665,265.6000,265.6000,265.6000,1,1,2026-08-24T00:00:00.000
4666,20260624,20260731,38340,321,326,323,159,10,3,SOA004666,266.3000,266.3000,266.3000,1,1,2026-08-24T00:00:00.000
4667,20260630,20260711,35520,487,371,52,42,1,3,SOA004667,267.0000,267.0000,267.0000,1,1,2026-08-24T00:00:00.000
4668,20260823,20260614,86340,423,326,219,41,5,6,SOA004668,267.7000,267.7000,267.7000,1,1,2026-08-24T00:00:00.000
4669,20260711,20260606,2760,340,351,221,47,2,2,SOA004669,268.4000,268.4000,268.4000,1,1,2026-08-24T00:00:00.000
4670,20260711,20260628,37620,364,373,471,74,6,3,SOA004670,269.1000,269.1000,269.1000,1,1,2026-08-24T00:00:00.000
4671,20260730,20260805,6480,207,410,206,253,5,7,SOA004671,269.8000,269.8000,269.8000,1,1,2026-08-24T00:00:00.000
4672,20260617,20260805,50880,173,140,376,260,8,6,SOA004672,270.5000,270.5000,270.5000,1,1,2026-08-24T00:00:00.000
4673,20260701,20260530,60240,22,68,86,50,7,5,SOA004673,271.2000,271.2000,271.2000,1,1,2026-08-24T00:00:00.000
4674,20260705,20260712,51300,153,183,282,151,3,2,SOA004674,271.9000,271.9000,271.9000,1,1,2026-08-24T00:00:00.000
4675,20260817,20260730,32760,110,316,483,195,5,5,SOA004675,272.6000,272.6000,272.6000,1,1,2026-08-24T00:00:00.000
4676,20260530,20260812,28860,432,500,148,20,6,6,SOA004676,273.3000,273.3000,273.3000,1,1,2026-08-24T00:00:00.000
4677,20260713,20260708,54240,276,423,24,65,7,6,SOA004677,274.0000,274.0000,274.0000,1,1,2026-08-24T00:00:00.000
4678,20260708,20260616,34620,236,265,227,315,9,7,SOA004678,274.7000,274.7000,274.7000,1,1,2026-08-24T00:00:00.000
4679,20260630,20260812,19140,398,429,352,308,6,1,SOA004679,275.4000,275.4000,275.4000,1,1,2026-08-24T00:00:00.000
4680,20260725,20260618,13080,288,147,108,162,6,6,SOA004680,276.1000,276.1000,276.1000,1,1,2026-08-24T00:00:00.000
4681,20260614,20260627,61860,304,323,226,175,8,6,SOA004681,276.8000,276.8000,276.8000,1,1,2026-08-24T00:00:00.000
4682,20260530,20260529,4440,384,472,378,67,3,2,SOA004682,277.5000,277.5000,277.5000,1,1,2026-08-24T00:00:00.000
4683,20260729,20260628,2160,351,216,51,255,7,5,SOA004683,278.2000,278.2000,278.2000,1,1,2026-08-24T00:00:00.000
4684,20260711,20260801,34800,491,357,254,33,2,4,SOA004684,278.9000,278.9000,278.9000,1,1,2026-08-24T00:00:00.000
4685,20260613,20260802,84840,411,9,498,315,4,4,SOA004685,279.6000,279.6000,279.6000,1,1,2026-08-24T00:00:00.000
4686,20260721,20260627,69720,277,335,337,110,2,6,SOA004686,280.3000,280.3000,280.3000,1,1,2026-08-24T00:00:00.000
4687,20260824,20260802,18120,413,299,68,84,8,5,SOA004687,281.0000,281.0000,281.0000,1,1,2026-08-24T00:00:00.000
4688,20260611,20260708,25320,136,169,484,313,6,5,SOA004688,281.7000,281.7000,281.7000,1,1,2026-08-24T00:00:00.000
4689,20260720,20260701,62400,476,254,58,278,5,3,SOA004689,282.4000,282.4000,282.4000,1,1,2026-08-24T00:00:00.000
4690,20260720,20260528,0,66,17,410,348,4,7,SOA004690,283.1000,283.1000,283.1000,1,1,2026-08-24T00:00:00.000
4691,20260813,20260722,39600,28,210,460,61,2,2,SOA004691,283.8000,283.8000,283.8000,1,1,2026-08-24T00:00:00.000
4692,20260605,20260621,66300,150,134,66,53,3,1,SOA004692,284.5000,284.5000,284.5000,1,1,2026-08-24T00:00:00.000
4693,20260716,20260529,44400,324,29,473,96,1,6,SOA004693,285.2000,285.2000,285.2000,1,1,2026-08-24T00:00:00.000
4694,20260630,20260622,34800,428,139,250,91,6,3,SOA004694,285.9000,285.9000,285.9000,1,1,2026-08-24T00:00:00.000
4695,20260711,20260719,84900,267,447,9,25,5,5,SOA004695,286.6000,286.6000,286.6000,1,1,2026-08-24T00:00:00.000
4696,20260528,20260724,20220,380,164,207,200,4,1,SOA004696,287.3000,287.3000,287.3000,1,1,2026-08-24T00:00:00.000
4697,20260718,20260814,15960,364,33,491,226,8,7,SOA004697,288.0000,288.0000,288.0000,1,1,2026-08-24T00:00:00.000
4698,20260603,20260701,5820,237,98,107,294,2,4,SOA004698,288.7000,288.7000,288.7000,1,1,2026-08-24T00:00:00.000
4699,20260807,20260617,73080,410,363,178,349,1,3,SOA004699,289.4000,289.4000,289.4000,1,1,2026-08-24T00:00:00.000
4700,20260610,20260726,63420,304,305,243,45,7,7,SOA004700,290.1000,290.1000,290.1000,1,1,2026-08-24T00:00:00.000
4701,20260728,20260707,85200,464,497,422,84,10,5,SOA004701,290.8000,290.8000,290.8000,1,1,2026-08-24T00:00:00.000
4702,20260530,20260613,26280,457,138,216,142,1,7,SOA004702,291.5000,291.5000,291.5000,1,1,2026-08-24T00:00:00.000
4703,20260606,20260723,82920,323,493,244,81,3,3,SOA004703,292.2000,292.2000,292.2000,1,1,2026-08-24T00:00:00.000
4704,20260812,20260809,30900,370,338,129,312,2,1,SOA004704,292.9000,292.9000,292.9000,1,1,2026-08-24T00:00:00.000
4705,20260629,20260719,1080,497,445,373,309,1,2,SOA004705,293.6000,293.6000,293.6000,1,1,2026-08-24T00:00:00.000
4706,20260602,20260707,80640,393,41,371,199,9,4,SOA004706,294.3000,294.3000,294.3000,1,1,2026-08-24T00:00:00.000
4707,20260813,20260624,73980,261,400,12,137,7,2,SOA004707,295.0000,295.0000,295.0000,1,1,2026-08-24T00:00:00.000
4708,20260623,20260723,47040,323,236,304,223,4,2,SOA004708,295.7000,295.7000,295.7000,1,1,2026-08-24T00:00:00.000
4709,20260715,20260709,48060,342,74,186,82,9,3,SOA004709,296.4000,296.4000,296.4000,1,1,2026-08-24T00:00:00.000
4710,20260617,20260609,11460,445,274,209,277,4,5,SOA004710,297.1000,297.1000,297.1000,1,1,2026-08-24T00:00:00.000
4711,20260725,20260817,62040,411,172,59,284,8,2,SOA004711,297.8000,297.8000,297.8000,1,1,2026-08-24T00:00:00.000
4712,20260529,20260726,4440,369,344,64,127,8,3,SOA004712,298.5000,298.5000,298.5000,1,1,2026-08-24T00:00:00.000
4713,20260610,20260725,32580,382,71,200,285,8,1,SOA004713,299.2000,299.2000,299.2000,1,1,2026-08-24T00:00:00.000
4714,20260708,20260630,18480,291,96,172,218,7,6,SOA004714,299.9000,299.9000,299.9000,1,1,2026-08-24T00:00:00.000
4715,20260531,20260715,37440,246,55,243,23,1,1,SOA004715,300.6000,300.6000,300.6000,1,1,2026-08-24T00:00:00.000
4716,20260822,20260726,77340,436,452,182,111,2,3,SOA004716,301.3000,301.3000,301.3000,1,1,2026-08-24T00:00:00.000
4717,20260716,20260614,19740,383,42,323,345,9,3,SOA004717,302.0000,302.0000,302.0000,1,1,2026-08-24T00:00:00.000
4718,20260809,20260707,23640,468,255,152,321,9,7,SOA004718,302.7000,302.7000,302.7000,1,1,2026-08-24T00:00:00.000
4719,20260614,20260809,29100,348,456,172,79,5,2,SOA004719,303.4000,303.4000,303.4000,1,1,2026-08-24T00:00:00.000
4720,20260801,20260727,38220,68,315,89,330,5,5,SOA004720,304.1000,304.1000,304.1000,1,1,2026-08-24T00:00:00.000
4721,20260718,20260802,69960,202,225,296,134,9,5,SOA004721,304.8000,304.8000,304.8000,1,1,2026-08-24T00:00:00.000
4722,20260622,20260717,30840,87,409,453,164,5,7,SOA004722,305.5000,305.5000,305.5000,1,1,2026-08-24T00:00:00.000
4723,20260725,20260616,55980,153,329,430,46,8,1,SOA004723,306.2000,306.2000,306.2000,1,1,2026-08-24T00:00:00.000
4724,20260722,20260711,40800,379,62,439,51,5,4,SOA004724,306.9000,306.9000,306.9000,1,1,2026-08-24T00:00:00.000
4725,20260615,20260726,8820,429,80,143,140,2,4,SOA004725,307.6000,307.6000,307.6000,1,1,2026-08-24T00:00:00.000
4726,20260622,20260724,77580,141,294,72,36,8,6,SOA004726,308.3000,308.3000,308.3000,1,1,2026-08-24T00:00:00.000
4727,20260823,20260817,78660,321,352,169,45,2,1,SOA004727,309.0000,309.0000,309.0000,1,1,2026-08-24T00:00:00.000
4728,20260806,20260618,82860,374,287,417,53,8,7,SOA004728,309.7000,309.7000,309.7000,1,1,2026-08-24T00:00:00.000
4729,20260616,20260728,53100,251,416,364,63,6,2,SOA004729,310.4000,310.4000,310.4000,1,1,2026-08-24T00:00:00.000
4730,20260622,20260614,64980,389,225,204,83,5,7,SOA004730,311.1000,311.1000,311.1000,1,1,2026-08-24T00:00:00.000
4731,20260717,20260726,70080,334,350,436,113,10,5,SOA004731,311.8000,311.8000,311.8000,1,1,2026-08-24T00:00:00.000
4732,20260823,20260806,59400,244,58,205,350,5,3,SOA004732,312.5000,312.5000,312.5000,1,1,2026-08-24T00:00:00.000
4733,20260624,20260619,36120,172,63,332,110,5,7,SOA004733,313.2000,313.2000,313.2000,1,1,2026-08-24T00:00:00.000
4734,20260623,20260628,81300,307,452,337,33,10,2,SOA004734,313.9000,313.9000,313.9000,1,1,2026-08-24T00:00:00.000
4735,20260810,20260819,20280,486,153,392,318,3,5,SOA004735,314.6000,314.6000,314.6000,1,1,2026-08-24T00:00:00.000
4736,20260715,20260607,70680,30,371,398,112,4,5,SOA004736,315.3000,315.3000,315.3000,1,1,2026-08-24T00:00:00.000
4737,20260624,20260702,65700,221,495,393,1,9,4,SOA004737,316.0000,316.0000,316.0000,1,1,2026-08-24T00:00:00.000
4738,20260625,20260803,12720,304,43,383,105,4,5,SOA004738,316.7000,316.7000,316.7000,1,1,2026-08-24T00:00:00.000
4739,20260807,20260610,41040,196,416,489,107,10,1,SOA004739,317.4000,317.4000,317.4000,1,1,2026-08-24T00:00:00.000
4740,20260618,20260606,5040,19,470,291,218,2,2,SOA004740,318.1000,318.1000,318.1000,1,1,2026-08-24T00:00:00.000
4741,20260728,20260815,65340,131,139,399,324,7,4,SOA004741,318.8000,318.8000,318.8000,1,1,2026-08-24T00:00:00.000
4742,20260612,20260731,21060,309,358,356,182,3,4,SOA004742,319.5000,319.5000,319.5000,1,1,2026-08-24T00:00:00.000
4743,20260731,20260807,9780,476,177,19,60,4,6,SOA004743,320.2000,320.2000,320.2000,1,1,2026-08-24T00:00:00.000
4744,20260608,20260802,34320,455,214,75,118,3,4,SOA004744,320.9000,320.9000,320.9000,1,1,2026-08-24T00:00:00.000
4745,20260729,20260608,39600,115,50,20,243,7,5,SOA004745,321.6000,321.6000,321.6000,1,1,2026-08-24T00:00:00.000
4746,20260720,20260713,51120,298,208,459,79,7,5,SOA004746,322.3000,322.3000,322.3000,1,1,2026-08-24T00:00:00.000
4747,20260727,20260715,8940,337,278,403,243,3,7,SOA004747,323.0000,323.0000,323.0000,1,1,2026-08-24T00:00:00.000
4748,20260809,20260620,51420,126,188,334,180,9,3,SOA004748,323.7000,323.7000,323.7000,1,1,2026-08-24T00:00:00.000
4749,20260705,20260823,72180,423,34,419,167,2,6,SOA004749,324.4000,324.4000,324.4000,1,1,2026-08-24T00:00:00.000
4750,20260608,20260708,14040,327,116,481,265,6,6,SOA004750,325.1000,325.1000,325.1000,1,1,2026-08-24T00:00:00.000
4751,20260807,20260727,73440,446,379,200,152,9,3,SOA004751,325.8000,325.8000,325.8000,1,1,2026-08-24T00:00:00.000
4752,20260810,20260624,65700,337,378,54,256,8,6,SOA004752,326.5000,326.5000,326.5000,1,1,2026-08-24T00:00:00.000
4753,20260810,20260822,22920,74,216,467,138,6,1,SOA004753,327.2000,327.2000,327.2000,1,1,2026-08-24T00:00:00.000
4754,20260527,20260818,63900,114,372,313,219,5,4,SOA004754,327.9000,327.9000,327.9000,1,1,2026-08-24T00:00:00.000
4755,20260704,20260725,86160,334,57,236,347,9,3,SOA004755,328.6000,328.6000,328.6000,1,1,2026-08-24T00:00:00.000
4756,20260607,20260710,45240,196,418,308,28,3,3,SOA004756,329.3000,329.3000,329.3000,1,1,2026-08-24T00:00:00.000
4757,20260621,20260816,6840,158,360,20,211,10,6,SOA004757,330.0000,330.0000,330.0000,1,1,2026-08-24T00:00:00.000
4758,20260605,20260607,10560,127,143,150,208,7,4,SOA004758,330.7000,330.7000,330.7000,1,1,2026-08-24T00:00:00.000
4759,20260721,20260613,65700,232,17,195,12,1,2,SOA004759,331.4000,331.4000,331.4000,1,1,2026-08-24T00:00:00.000
4760,20260601,20260808,12000,108,498,282,125,4,5,SOA004760,332.1000,332.1000,332.1000,1,1,2026-08-24T00:00:00.000
4761,20260612,20260819,64080,420,268,110,225,5,4,SOA004761,332.8000,332.8000,332.8000,1,1,2026-08-24T00:00:00.000
4762,20260805,20260529,60,415,447,102,209,2,1,SOA004762,333.5000,333.5000,333.5000,1,1,2026-08-24T00:00:00.000
4763,20260701,20260806,85140,116,413,408,141,4,6,SOA004763,334.2000,334.2000,334.2000,1,1,2026-08-24T00:00:00.000
4764,20260629,20260527,67560,121,222,393,119,2,5,SOA004764,334.9000,334.9000,334.9000,1,1,2026-08-24T00:00:00.000
4765,20260812,20260702,16020,219,138,56,53,10,4,SOA004765,335.6000,335.6000,335.6000,1,1,2026-08-24T00:00:00.000
4766,20260808,20260821,76920,63,50,326,172,1,2,SOA004766,336.3000,336.3000,336.3000,1,1,2026-08-24T00:00:00.000
4767,20260809,20260620,23100,383,55,391,313,9,3,SOA004767,337.0000,337.0000,337.0000,1,1,2026-08-24T00:00:00.000
4768,20260622,20260602,50280,216,498,405,112,4,7,SOA004768,337.7000,337.7000,337.7000,1,1,2026-08-24T00:00:00.000
4769,20260605,20260630,10860,441,457,145,272,6,2,SOA004769,338.4000,338.4000,338.4000,1,1,2026-08-24T00:00:00.000
4770,20260527,20260618,47100,205,89,311,168,3,2,SOA004770,339.1000,339.1000,339.1000,1,1,2026-08-24T00:00:00.000
4771,20260719,20260708,59400,348,187,406,194,1,6,SOA004771,339.8000,339.8000,339.8000,1,1,2026-08-24T00:00:00.000
4772,20260731,20260808,44100,321,104,341,16,10,4,SOA004772,340.5000,340.5000,340.5000,1,1,2026-08-24T00:00:00.000
4773,20260621,20260823,61500,115,81,36,226,8,5,SOA004773,341.2000,341.2000,341.2000,1,1,2026-08-24T00:00:00.000
4774,20260810,20260607,48360,363,266,343,207,10,7,SOA004774,341.9000,341.9000,341.9000,1,1,2026-08-24T00:00:00.000
4775,20260607,20260818,80940,276,418,93,196,5,3,SOA004775,342.6000,342.6000,342.6000,1,1,2026-08-24T00:00:00.000
4776,20260803,20260808,22380,28,454,111,170,4,1,SOA004776,343.3000,343.3000,343.3000,1,1,2026-08-24T00:00:00.000
4777,20260606,20260624,33000,44,454,478,44,1,7,SOA004777,344.0000,344.0000,344.0000,1,1,2026-08-24T00:00:00.000
4778,20260604,20260617,40500,129,149,196,167,7,7,SOA004778,344.7000,344.7000,344.7000,1,1,2026-08-24T00:00:00.000
4779,20260605,20260820,3000,410,10,328,67,10,6,SOA004779,345.4000,345.4000,345.4000,1,1,2026-08-24T00:00:00.000
4780,20260804,20260810,56940,123,146,467,76,6,5,SOA004780,346.1000,346.1000,346.1000,1,1,2026-08-24T00:00:00.000
4781,20260809,20260527,78780,398,268,212,220,4,6,SOA004781,346.8000,346.8000,346.8000,1,1,2026-08-24T00:00:00.000
4782,20260610,20260529,44640,285,402,210,5,9,6,SOA004782,347.5000,347.5000,347.5000,1,1,2026-08-24T00:00:00.000
4783,20260718,20260717,86280,259,479,456,187,8,2,SOA004783,348.2000,348.2000,348.2000,1,1,2026-08-24T00:00:00.000
4784,20260722,20260620,31020,312,229,154,151,3,2,SOA004784,348.9000,348.9000,348.9000,1,1,2026-08-24T00:00:00.000
4785,20260530,20260708,79560,7,200,174,66,8,6,SOA004785,349.6000,349.6000,349.6000,1,1,2026-08-24T00:00:00.000
4786,20260701,20260813,82980,202,75,92,222,3,4,SOA004786,350.3000,350.3000,350.3000,1,1,2026-08-24T00:00:00.000
4787,20260728,20260529,66600,171,343,216,225,10,3,SOA004787,351.0000,351.0000,351.0000,1,1,2026-08-24T00:00:00.000
4788,20260601,20260817,70080,483,459,208,244,3,4,SOA004788,351.7000,351.7000,351.7000,1,1,2026-08-24T00:00:00.000
4789,20260620,20260811,64260,199,401,208,274,8,4,SOA004789,352.4000,352.4000,352.4000,1,1,2026-08-24T00:00:00.000
4790,20260814,20260818,55980,218,181,100,48,4,2,SOA004790,353.1000,353.1000,353.1000,1,1,2026-08-24T00:00:00.000
4791,20260809,20260806,47580,160,198,290,96,5,2,SOA004791,353.8000,353.8000,353.8000,1,1,2026-08-24T00:00:00.000
4792,20260620,20260718,23100,226,24,261,271,5,7,SOA004792,354.5000,354.5000,354.5000,1,1,2026-08-24T00:00:00.000
4793,20260812,20260817,50880,491,51,487,233,2,6,SOA004793,355.2000,355.2000,355.2000,1,1,2026-08-24T00:00:00.000
4794,20260531,20260629,27840,136,112,494,1,8,3,SOA004794,355.9000,355.9000,355.9000,1,1,2026-08-24T00:00:00.000
4795,20260626,20260618,38580,63,97,242,82,4,4,SOA004795,356.6000,356.6000,356.6000,1,1,2026-08-24T00:00:00.000
4796,20260616,20260528,8280,418,262,303,158,4,7,SOA004796,357.3000,357.3000,357.3000,1,1,2026-08-24T00:00:00.000
4797,20260627,20260714,5880,189,23,98,94,1,7,SOA004797,358.0000,358.0000,358.0000,1,1,2026-08-24T00:00:00.000
4798,20260803,20260621,66240,421,119,134,16,8,7,SOA004798,358.7000,358.7000,358.7000,1,1,2026-08-24T00:00:00.000
4799,20260729,20260619,47220,363,88,147,147,10,2,SOA004799,359.4000,359.4000,359.4000,1,1,2026-08-24T00:00:00.000
4800,20260811,20260817,25860,327,121,239,250,1,2,SOA004800,360.1000,360.1000,360.1000,1,1,2026-08-24T00:00:00.000
4801,20260808,20260821,44640,389,146,367,92,4,7,SOA004801,360.8000,360.8000,360.8000,1,1,2026-08-24T00:00:00.000
4802,20260729,20260724,84780,390,410,90,127,6,3,SOA004802,361.5000,361.5000,361.5000,1,1,2026-08-24T00:00:00.000
4803,20260814,20260819,120,341,408,28,144,8,3,SOA004803,362.2000,362.2000,362.2000,1,1,2026-08-24T00:00:00.000
4804,20260630,20260720,13320,8,216,249,136,8,7,SOA004804,362.9000,362.9000,362.9000,1,1,2026-08-24T00:00:00.000
4805,20260617,20260814,81000,203,397,176,186,6,2,SOA004805,363.6000,363.6000,363.6000,1,1,2026-08-24T00:00:00.000
4806,20260729,20260713,21360,105,335,129,76,5,3,SOA004806,364.3000,364.3000,364.3000,1,1,2026-08-24T00:00:00.000
4807,20260720,20260624,14700,197,187,117,241,2,1,SOA004807,365.0000,365.0000,365.0000,1,1,2026-08-24T00:00:00.000
4808,20260608,20260802,38040,121,439,271,10,4,3,SOA004808,365.7000,365.7000,365.7000,1,1,2026-08-24T00:00:00.000
4809,20260806,20260725,2580,121,376,197,332,1,6,SOA004809,366.4000,366.4000,366.4000,1,1,2026-08-24T00:00:00.000
4810,20260705,20260713,57360,265,187,476,121,2,4,SOA004810,367.1000,367.1000,367.1000,1,1,2026-08-24T00:00:00.000
4811,20260626,20260713,73440,309,253,83,210,3,2,SOA004811,367.8000,367.8000,367.8000,1,1,2026-08-24T00:00:00.000
4812,20260728,20260711,51000,299,368,355,247,10,6,SOA004812,368.5000,368.5000,368.5000,1,1,2026-08-24T00:00:00.000
4813,20260810,20260717,24780,238,301,79,20,2,6,SOA004813,369.2000,369.2000,369.2000,1,1,2026-08-24T00:00:00.000
4814,20260811,20260821,72960,259,408,28,289,4,1,SOA004814,369.9000,369.9000,369.9000,1,1,2026-08-24T00:00:00.000
4815,20260812,20260707,81360,463,408,276,328,7,4,SOA004815,370.6000,370.6000,370.6000,1,1,2026-08-24T00:00:00.000
4816,20260529,20260809,20940,4,353,407,333,6,2,SOA004816,371.3000,371.3000,371.3000,1,1,2026-08-24T00:00:00.000
4817,20260819,20260816,40620,333,487,403,66,1,3,SOA004817,372.0000,372.0000,372.0000,1,1,2026-08-24T00:00:00.000
4818,20260630,20260704,19260,466,223,159,148,1,2,SOA004818,372.7000,372.7000,372.7000,1,1,2026-08-24T00:00:00.000
4819,20260722,20260624,85620,85,12,188,211,6,1,SOA004819,373.4000,373.4000,373.4000,1,1,2026-08-24T00:00:00.000
4820,20260531,20260710,42300,19,339,330,145,8,5,SOA004820,374.1000,374.1000,374.1000,1,1,2026-08-24T00:00:00.000
4821,20260808,20260614,49200,487,483,77,94,5,6,SOA004821,374.8000,374.8000,374.8000,1,1,2026-08-24T00:00:00.000
4822,20260802,20260716,84840,448,69,459,10,2,3,SOA004822,375.5000,375.5000,375.5000,1,1,2026-08-24T00:00:00.000
4823,20260618,20260807,84600,307,235,140,182,2,2,SOA004823,376.2000,376.2000,376.2000,1,1,2026-08-24T00:00:00.000
4824,20260627,20260815,44400,102,411,49,19,6,7,SOA004824,376.9000,376.9000,376.9000,1,1,2026-08-24T00:00:00.000
4825,20260805,20260824,79680,344,154,304,235,2,3,SOA004825,377.6000,377.6000,377.6000,1,1,2026-08-24T00:00:00.000
4826,20260612,20260604,5100,249,270,274,281,6,3,SOA004826,378.3000,378.3000,378.3000,1,1,2026-08-24T00:00:00.000
4827,20260805,20260823,52680,220,383,466,81,4,4,SOA004827,379.0000,379.0000,379.0000,1,1,2026-08-24T00:00:00.000
4828,20260721,20260622,31080,427,341,465,224,6,2,SOA004828,379.7000,379.7000,379.7000,1,1,2026-08-24T00:00:00.000
4829,20260602,20260610,74460,203,381,163,121,10,2,SOA004829,380.4000,380.4000,380.4000,1,1,2026-08-24T00:00:00.000
4830,20260618,20260616,14280,235,62,14,157,2,7,SOA004830,381.1000,381.1000,381.1000,1,1,2026-08-24T00:00:00.000
4831,20260630,20260730,780,407,106,498,5,2,6,SOA004831,381.8000,381.8000,381.8000,1,1,2026-08-24T00:00:00.000
4832,20260609,20260712,68220,202,198,251,188,10,3,SOA004832,382.5000,382.5000,382.5000,1,1,2026-08-24T00:00:00.000
4833,20260717,20260709,38340,405,456,61,243,6,2,SOA004833,383.2000,383.2000,383.2000,1,1,2026-08-24T00:00:00.000
4834,20260531,20260527,27600,369,29,464,151,2,2,SOA004834,383.9000,383.9000,383.9000,1,1,2026-08-24T00:00:00.000
4835,20260624,20260619,5880,281,122,106,256,4,4,SOA004835,384.6000,384.6000,384.6000,1,1,2026-08-24T00:00:00.000
4836,20260602,20260602,83400,377,391,194,249,9,7,SOA004836,385.3000,385.3000,385.3000,1,1,2026-08-24T00:00:00.000
4837,20260808,20260604,25080,356,40,433,190,1,2,SOA004837,386.0000,386.0000,386.0000,1,1,2026-08-24T00:00:00.000
4838,20260805,20260713,20880,487,83,46,145,2,1,SOA004838,386.7000,386.7000,386.7000,1,1,2026-08-24T00:00:00.000
4839,20260704,20260705,76800,200,381,133,35,8,4,SOA004839,387.4000,387.4000,387.4000,1,1,2026-08-24T00:00:00.000
4840,20260629,20260725,14040,337,12,469,283,3,2,SOA004840,388.1000,388.1000,388.1000,1,1,2026-08-24T00:00:00.000
4841,20260531,20260606,66480,112,246,78,245,10,7,SOA004841,388.8000,388.8000,388.8000,1,1,2026-08-24T00:00:00.000
4842,20260719,20260710,68100,138,128,160,120,10,4,SOA004842,389.5000,389.5000,389.5000,1,1,2026-08-24T00:00:00.000
4843,20260706,20260802,72540,247,383,285,4,2,3,SOA004843,390.2000,390.2000,390.2000,1,1,2026-08-24T00:00:00.000
4844,20260711,20260715,63720,227,351,57,121,3,1,SOA004844,390.9000,390.9000,390.9000,1,1,2026-08-24T00:00:00.000
4845,20260627,20260713,70260,266,20,203,330,2,2,SOA004845,391.6000,391.6000,391.6000,1,1,2026-08-24T00:00:00.000
4846,20260629,20260601,84600,308,185,261,89,3,5,SOA004846,392.3000,392.3000,392.3000,1,1,2026-08-24T00:00:00.000
4847,20260601,20260527,51060,265,1,359,175,10,2,SOA004847,393.0000,393.0000,393.0000,1,1,2026-08-24T00:00:00.000
4848,20260721,20260717,31800,402,178,415,251,7,5,SOA004848,393.7000,393.7000,393.7000,1,1,2026-08-24T00:00:00.000
4849,20260711,20260819,35760,83,491,416,262,9,6,SOA004849,394.4000,394.4000,394.4000,1,1,2026-08-24T00:00:00.000
4850,20260628,20260708,68280,138,45,126,170,9,5,SOA004850,395.1000,395.1000,395.1000,1,1,2026-08-24T00:00:00.000
4851,20260709,20260717,78540,35,318,192,197,4,2,SOA004851,395.8000,395.8000,395.8000,1,1,2026-08-24T00:00:00.000
4852,20260619,20260620,14220,31,260,279,193,2,7,SOA004852,396.5000,396.5000,396.5000,1,1,2026-08-24T00:00:00.000
4853,20260824,20260811,48600,455,346,95,138,5,5,SOA004853,397.2000,397.2000,397.2000,1,1,2026-08-24T00:00:00.000
4854,20260531,20260811,32700,365,52,22,150,9,6,SOA004854,397.9000,397.9000,397.9000,1,1,2026-08-24T00:00:00.000
4855,20260628,20260626,82200,109,351,163,117,9,4,SOA004855,398.6000,398.6000,398.6000,1,1,2026-08-24T00:00:00.000
4856,20260716,20260616,54900,444,134,78,114,9,3,SOA004856,399.3000,399.3000,399.3000,1,1,2026-08-24T00:00:00.000
4857,20260824,20260528,45120,219,383,2,116,7,7,SOA004857,400.0000,400.0000,400.0000,1,1,2026-08-24T00:00:00.000
4858,20260726,20260707,35100,69,323,230,79,9,3,SOA004858,400.7000,400.7000,400.7000,1,1,2026-08-24T00:00:00.000
4859,20260530,20260815,32640,126,302,2,92,10,2,SOA004859,401.4000,401.4000,401.4000,1,1,2026-08-24T00:00:00.000
4860,20260606,20260721,47280,498,14,234,38,8,7,SOA004860,402.1000,402.1000,402.1000,1,1,2026-08-24T00:00:00.000
4861,20260619,20260723,77280,359,195,193,25,6,1,SOA004861,402.8000,402.8000,402.8000,1,1,2026-08-24T00:00:00.000
4862,20260818,20260802,67080,255,394,356,39,10,6,SOA004862,403.5000,403.5000,403.5000,1,1,2026-08-24T00:00:00.000
4863,20260722,20260715,71400,357,339,467,247,5,1,SOA004863,404.2000,404.2000,404.2000,1,1,2026-08-24T00:00:00.000
4864,20260605,20260705,80280,268,159,165,145,10,7,SOA004864,404.9000,404.9000,404.9000,1,1,2026-08-24T00:00:00.000
4865,20260715,20260605,20520,486,138,487,57,1,3,SOA004865,405.6000,405.6000,405.6000,1,1,2026-08-24T00:00:00.000
4866,20260721,20260613,70800,317,209,103,237,9,1,SOA004866,406.3000,406.3000,406.3000,1,1,2026-08-24T00:00:00.000
4867,20260708,20260603,21960,219,464,214,250,2,4,SOA004867,407.0000,407.0000,407.0000,1,1,2026-08-24T00:00:00.000
4868,20260608,20260726,32880,97,165,279,141,4,5,SOA004868,407.7000,407.7000,407.7000,1,1,2026-08-24T00:00:00.000
4869,20260612,20260627,7320,435,92,360,122,7,5,SOA004869,408.4000,408.4000,408.4000,1,1,2026-08-24T00:00:00.000
4870,20260805,20260802,26520,284,269,452,127,1,5,SOA004870,409.1000,409.1000,409.1000,1,1,2026-08-24T00:00:00.000
4871,20260714,20260808,71100,100,229,304,105,1,1,SOA004871,409.8000,409.8000,409.8000,1,1,2026-08-24T00:00:00.000
4872,20260615,20260821,32400,36,367,202,141,5,4,SOA004872,410.5000,410.5000,410.5000,1,1,2026-08-24T00:00:00.000
4873,20260805,20260810,73680,369,102,317,231,10,6,SOA004873,411.2000,411.2000,411.2000,1,1,2026-08-24T00:00:00.000
4874,20260717,20260708,59580,438,105,30,155,5,5,SOA004874,411.9000,411.9000,411.9000,1,1,2026-08-24T00:00:00.000
4875,20260821,20260623,7320,484,196,107,6,5,3,SOA004875,412.6000,412.6000,412.6000,1,1,2026-08-24T00:00:00.000
4876,20260730,20260711,120,297,162,339,172,5,4,SOA004876,413.3000,413.3000,413.3000,1,1,2026-08-24T00:00:00.000
4877,20260601,20260528,47100,247,312,414,76,6,7,SOA004877,414.0000,414.0000,414.0000,1,1,2026-08-24T00:00:00.000
4878,20260605,20260707,51840,115,192,68,286,5,4,SOA004878,414.7000,414.7000,414.7000,1,1,2026-08-24T00:00:00.000
4879,20260701,20260814,70440,45,3,356,108,6,5,SOA004879,415.4000,415.4000,415.4000,1,1,2026-08-24T00:00:00.000
4880,20260706,20260710,16140,241,495,118,222,6,5,SOA004880,416.1000,416.1000,416.1000,1,1,2026-08-24T00:00:00.000
4881,20260723,20260713,83280,66,85,282,293,8,5,SOA004881,416.8000,416.8000,416.8000,1,1,2026-08-24T00:00:00.000
4882,20260703,20260610,56820,117,343,208,150,6,2,SOA004882,417.5000,417.5000,417.5000,1,1,2026-08-24T00:00:00.000
4883,20260625,20260813,19020,491,456,445,337,4,4,SOA004883,418.2000,418.2000,418.2000,1,1,2026-08-24T00:00:00.000
4884,20260630,20260629,37560,249,382,371,292,6,5,SOA004884,418.9000,418.9000,418.9000,1,1,2026-08-24T00:00:00.000
4885,20260529,20260725,51180,155,232,46,292,1,7,SOA004885,419.6000,419.6000,419.6000,1,1,2026-08-24T00:00:00.000
4886,20260815,20260814,79260,298,90,461,317,6,7,SOA004886,420.3000,420.3000,420.3000,1,1,2026-08-24T00:00:00.000
4887,20260608,20260630,53400,372,371,463,223,4,1,SOA004887,421.0000,421.0000,421.0000,1,1,2026-08-24T00:00:00.000
4888,20260806,20260811,9480,462,128,146,94,5,5,SOA004888,421.7000,421.7000,421.7000,1,1,2026-08-24T00:00:00.000
4889,20260731,20260709,78900,35,365,129,120,10,5,SOA004889,422.4000,422.4000,422.4000,1,1,2026-08-24T00:00:00.000
4890,20260805,20260528,6540,279,489,69,216,4,3,SOA004890,423.1000,423.1000,423.1000,1,1,2026-08-24T00:00:00.000
4891,20260708,20260817,78780,351,216,444,167,4,2,SOA004891,423.8000,423.8000,423.8000,1,1,2026-08-24T00:00:00.000
4892,20260527,20260824,82920,270,372,172,71,7,2,SOA004892,424.5000,424.5000,424.5000,1,1,2026-08-24T00:00:00.000
4893,20260603,20260704,82620,313,180,270,282,4,5,SOA004893,425.2000,425.2000,425.2000,1,1,2026-08-24T00:00:00.000
4894,20260528,20260727,76980,53,465,227,216,6,3,SOA004894,425.9000,425.9000,425.9000,1,1,2026-08-24T00:00:00.000
4895,20260622,20260727,30720,106,481,284,84,5,4,SOA004895,426.6000,426.6000,426.6000,1,1,2026-08-24T00:00:00.000
4896,20260711,20260612,55800,333,11,366,243,7,4,SOA004896,427.3000,427.3000,427.3000,1,1,2026-08-24T00:00:00.000
4897,20260729,20260620,23100,472,464,86,227,1,7,SOA004897,428.0000,428.0000,428.0000,1,1,2026-08-24T00:00:00.000
4898,20260608,20260722,58920,492,148,158,231,10,5,SOA004898,428.7000,428.7000,428.7000,1,1,2026-08-24T00:00:00.000
4899,20260708,20260608,420,78,307,485,43,10,5,SOA004899,429.4000,429.4000,429.4000,1,1,2026-08-24T00:00:00.000
4900,20260706,20260616,600,145,483,290,120,3,7,SOA004900,430.1000,430.1000,430.1000,1,1,2026-08-24T00:00:00.000
4901,20260731,20260621,20700,171,156,11,154,8,7,SOA004901,430.8000,430.8000,430.8000,1,1,2026-08-24T00:00:00.000
4902,20260711,20260527,30780,173,103,496,78,4,2,SOA004902,431.5000,431.5000,431.5000,1,1,2026-08-24T00:00:00.000
4903,20260611,20260803,38400,198,500,178,118,3,1,SOA004903,432.2000,432.2000,432.2000,1,1,2026-08-24T00:00:00.000
4904,20260601,20260707,13080,361,420,487,90,1,7,SOA004904,432.9000,432.9000,432.9000,1,1,2026-08-24T00:00:00.000
4905,20260824,20260629,38100,319,458,9,10,7,7,SOA004905,433.6000,433.6000,433.6000,1,1,2026-08-24T00:00:00.000
4906,20260802,20260618,25320,183,302,76,340,1,3,SOA004906,434.3000,434.3000,434.3000,1,1,2026-08-24T00:00:00.000
4907,20260720,20260528,44640,455,122,212,30,6,2,SOA004907,435.0000,435.0000,435.0000,1,1,2026-08-24T00:00:00.000
4908,20260701,20260716,51000,417,369,67,292,9,3,SOA004908,435.7000,435.7000,435.7000,1,1,2026-08-24T00:00:00.000
4909,20260701,20260720,57120,320,105,430,128,8,2,SOA004909,436.4000,436.4000,436.4000,1,1,2026-08-24T00:00:00.000
4910,20260819,20260621,72840,361,259,391,4,4,7,SOA004910,437.1000,437.1000,437.1000,1,1,2026-08-24T00:00:00.000
4911,20260620,20260809,81480,377,361,406,194,4,7,SOA004911,437.8000,437.8000,437.8000,1,1,2026-08-24T00:00:00.000
4912,20260717,20260608,9000,322,69,184,122,10,5,SOA004912,438.5000,438.5000,438.5000,1,1,2026-08-24T00:00:00.000
4913,20260802,20260616,2880,15,181,297,312,2,5,SOA004913,439.2000,439.2000,439.2000,1,1,2026-08-24T00:00:00.000
4914,20260602,20260804,47700,337,227,260,168,4,4,SOA004914,439.9000,439.9000,439.9000,1,1,2026-08-24T00:00:00.000
4915,20260702,20260716,11220,323,81,382,97,7,5,SOA004915,440.6000,440.6000,440.6000,1,1,2026-08-24T00:00:00.000
4916,20260726,20260712,39060,368,406,141,274,7,1,SOA004916,441.3000,441.3000,441.3000,1,1,2026-08-24T00:00:00.000
4917,20260529,20260624,6900,475,295,238,328,10,3,SOA004917,442.0000,442.0000,442.0000,1,1,2026-08-24T00:00:00.000
4918,20260807,20260628,84060,295,441,216,204,6,2,SOA004918,442.7000,442.7000,442.7000,1,1,2026-08-24T00:00:00.000
4919,20260616,20260821,79800,34,280,198,220,7,7,SOA004919,443.4000,443.4000,443.4000,1,1,2026-08-24T00:00:00.000
4920,20260816,20260528,40740,428,467,408,202,3,4,SOA004920,444.1000,444.1000,444.1000,1,1,2026-08-24T00:00:00.000
4921,20260616,20260617,73560,420,103,112,254,5,3,SOA004921,444.8000,444.8000,444.8000,1,1,2026-08-24T00:00:00.000
4922,20260701,20260616,70380,495,15,230,134,4,2,SOA004922,445.5000,445.5000,445.5000,1,1,2026-08-24T00:00:00.000
4923,20260810,20260629,65400,57,412,141,22,8,1,SOA004923,446.2000,446.2000,446.2000,1,1,2026-08-24T00:00:00.000
4924,20260628,20260629,24120,329,494,372,217,1,4,SOA004924,446.9000,446.9000,446.9000,1,1,2026-08-24T00:00:00.000
4925,20260706,20260803,31800,16,392,359,233,8,4,SOA004925,447.6000,447.6000,447.6000,1,1,2026-08-24T00:00:00.000
4926,20260824,20260807,78180,222,137,286,274,2,2,SOA004926,448.3000,448.3000,448.3000,1,1,2026-08-24T00:00:00.000
4927,20260623,20260707,37200,175,280,105,235,7,3,SOA004927,449.0000,449.0000,449.0000,1,1,2026-08-24T00:00:00.000
4928,20260803,20260602,48000,49,489,247,285,3,7,SOA004928,449.7000,449.7000,449.7000,1,1,2026-08-24T00:00:00.000
4929,20260607,20260728,23640,120,232,12,331,3,6,SOA004929,450.4000,450.4000,450.4000,1,1,2026-08-24T00:00:00.000
4930,20260704,20260811,20940,498,341,242,301,9,7,SOA004930,451.1000,451.1000,451.1000,1,1,2026-08-24T00:00:00.000
4931,20260716,20260724,82560,80,473,328,136,3,7,SOA004931,451.8000,451.8000,451.8000,1,1,2026-08-24T00:00:00.000
4932,20260527,20260624,56340,388,71,449,315,4,1,SOA004932,452.5000,452.5000,452.5000,1,1,2026-08-24T00:00:00.000
4933,20260814,20260727,8580,164,142,463,159,10,4,SOA004933,453.2000,453.2000,453.2000,1,1,2026-08-24T00:00:00.000
4934,20260612,20260702,3960,143,208,24,173,8,1,SOA004934,453.9000,453.9000,453.9000,1,1,2026-08-24T00:00:00.000
4935,20260702,20260606,12420,20,158,477,44,9,7,SOA004935,454.6000,454.6000,454.6000,1,1,2026-08-24T00:00:00.000
4936,20260814,20260615,78420,445,425,449,232,8,1,SOA004936,455.3000,455.3000,455.3000,1,1,2026-08-24T00:00:00.000
4937,20260620,20260604,36480,175,283,263,126,5,2,SOA004937,456.0000,456.0000,456.0000,1,1,2026-08-24T00:00:00.000
4938,20260716,20260818,31140,346,184,488,160,3,5,SOA004938,456.7000,456.7000,456.7000,1,1,2026-08-24T00:00:00.000
4939,20260731,20260604,81360,16,229,145,104,6,1,SOA004939,457.4000,457.4000,457.4000,1,1,2026-08-24T00:00:00.000
4940,20260817,20260629,73800,327,356,410,165,9,2,SOA004940,458.1000,458.1000,458.1000,1,1,2026-08-24T00:00:00.000
4941,20260617,20260711,69120,448,229,205,144,7,6,SOA004941,458.8000,458.8000,458.8000,1,1,2026-08-24T00:00:00.000
4942,20260714,20260609,16020,167,61,174,110,7,3,SOA004942,459.5000,459.5000,459.5000,1,1,2026-08-24T00:00:00.000
4943,20260711,20260718,81240,177,432,498,56,10,4,SOA004943,460.2000,460.2000,460.2000,1,1,2026-08-24T00:00:00.000
4944,20260807,20260530,28860,409,146,291,79,1,5,SOA004944,460.9000,460.9000,460.9000,1,1,2026-08-24T00:00:00.000
4945,20260802,20260707,19320,30,462,219,315,4,3,SOA004945,461.6000,461.6000,461.6000,1,1,2026-08-24T00:00:00.000
4946,20260808,20260810,39600,71,122,359,130,8,2,SOA004946,462.3000,462.3000,462.3000,1,1,2026-08-24T00:00:00.000
4947,20260703,20260816,60300,469,249,224,222,10,2,SOA004947,463.0000,463.0000,463.0000,1,1,2026-08-24T00:00:00.000
4948,20260804,20260722,23640,442,175,274,289,7,6,SOA004948,463.7000,463.7000,463.7000,1,1,2026-08-24T00:00:00.000
4949,20260701,20260622,29640,193,27,368,18,1,5,SOA004949,464.4000,464.4000,464.4000,1,1,2026-08-24T00:00:00.000
4950,20260705,20260530,24000,168,131,152,221,10,5,SOA004950,465.1000,465.1000,465.1000,1,1,2026-08-24T00:00:00.000
4951,20260716,20260819,85620,288,397,410,86,2,5,SOA004951,465.8000,465.8000,465.8000,1,1,2026-08-24T00:00:00.000
4952,20260602,20260615,37620,427,135,457,283,9,3,SOA004952,466.5000,466.5000,466.5000,1,1,2026-08-24T00:00:00.000
4953,20260703,20260617,28020,179,410,460,197,8,5,SOA004953,467.2000,467.2000,467.2000,1,1,2026-08-24T00:00:00.000
4954,20260804,20260811,43800,83,484,368,244,9,7,SOA004954,467.9000,467.9000,467.9000,1,1,2026-08-24T00:00:00.000
4955,20260621,20260820,81960,373,79,321,322,1,5,SOA004955,468.6000,468.6000,468.6000,1,1,2026-08-24T00:00:00.000
4956,20260630,20260716,33720,294,371,453,228,10,7,SOA004956,469.3000,469.3000,469.3000,1,1,2026-08-24T00:00:00.000
4957,20260806,20260712,20160,85,418,296,128,10,4,SOA004957,470.0000,470.0000,470.0000,1,1,2026-08-24T00:00:00.000
4958,20260618,20260610,1620,328,206,373,232,1,7,SOA004958,470.7000,470.7000,470.7000,1,1,2026-08-24T00:00:00.000
4959,20260721,20260614,4380,366,496,113,103,7,6,SOA004959,471.4000,471.4000,471.4000,1,1,2026-08-24T00:00:00.000
4960,20260620,20260804,58080,375,366,383,63,10,1,SOA004960,472.1000,472.1000,472.1000,1,1,2026-08-24T00:00:00.000
4961,20260724,20260723,26700,162,47,382,350,5,4,SOA004961,472.8000,472.8000,472.8000,1,1,2026-08-24T00:00:00.000
4962,20260531,20260616,42000,382,324,140,123,4,1,SOA004962,473.5000,473.5000,473.5000,1,1,2026-08-24T00:00:00.000
4963,20260730,20260822,67500,451,167,210,136,8,7,SOA004963,474.2000,474.2000,474.2000,1,1,2026-08-24T00:00:00.000
4964,20260608,20260712,64200,369,464,240,21,7,2,SOA004964,474.9000,474.9000,474.9000,1,1,2026-08-24T00:00:00.000
4965,20260703,20260531,31080,18,21,214,136,10,3,SOA004965,475.6000,475.6000,475.6000,1,1,2026-08-24T00:00:00.000
4966,20260705,20260801,2940,276,374,194,264,3,3,SOA004966,476.3000,476.3000,476.3000,1,1,2026-08-24T00:00:00.000
4967,20260724,20260718,35520,483,7,285,51,6,4,SOA004967,477.0000,477.0000,477.0000,1,1,2026-08-24T00:00:00.000
4968,20260604,20260528,11820,173,437,435,325,7,4,SOA004968,477.7000,477.7000,477.7000,1,1,2026-08-24T00:00:00.000
4969,20260609,20260806,58260,119,453,360,304,7,3,SOA004969,478.4000,478.4000,478.4000,1,1,2026-08-24T00:00:00.000
4970,20260824,20260812,4140,133,176,353,29,6,3,SOA004970,479.1000,479.1000,479.1000,1,1,2026-08-24T00:00:00.000
4971,20260630,20260725,57720,181,103,147,203,6,4,SOA004971,479.8000,479.8000,479.8000,1,1,2026-08-24T00:00:00.000
4972,20260815,20260728,17820,460,377,321,117,8,2,SOA004972,480.5000,480.5000,480.5000,1,1,2026-08-24T00:00:00.000
4973,20260824,20260815,68220,126,112,240,74,1,5,SOA004973,481.2000,481.2000,481.2000,1,1,2026-08-24T00:00:00.000
4974,20260807,20260607,15840,299,68,164,157,4,4,SOA004974,481.9000,481.9000,481.9000,1,1,2026-08-24T00:00:00.000
4975,20260822,20260722,83160,19,407,259,60,1,2,SOA004975,482.6000,482.6000,482.6000,1,1,2026-08-24T00:00:00.000
4976,20260719,20260601,36120,20,151,340,300,2,3,SOA004976,483.3000,483.3000,483.3000,1,1,2026-08-24T00:00:00.000
4977,20260710,20260727,71580,12,415,75,73,10,3,SOA004977,484.0000,484.0000,484.0000,1,1,2026-08-24T00:00:00.000
4978,20260620,20260625,40320,143,205,266,301,1,6,SOA004978,484.7000,484.7000,484.7000,1,1,2026-08-24T00:00:00.000
4979,20260809,20260720,56160,220,109,411,118,5,5,SOA004979,485.4000,485.4000,485.4000,1,1,2026-08-24T00:00:00.000
4980,20260725,20260818,21420,68,68,493,67,5,1,SOA004980,486.1000,486.1000,486.1000,1,1,2026-08-24T00:00:00.000
4981,20260605,20260624,85020,250,27,115,280,4,1,SOA004981,486.8000,486.8000,486.8000,1,1,2026-08-24T00:00:00.000
4982,20260807,20260703,48720,410,160,407,193,10,5,SOA004982,487.5000,487.5000,487.5000,1,1,2026-08-24T00:00:00.000
4983,20260723,20260706,17880,149,101,389,55,7,5,SOA004983,488.2000,488.2000,488.2000,1,1,2026-08-24T00:00:00.000
4984,20260621,20260814,76980,410,172,417,62,1,3,SOA004984,488.9000,488.9000,488.9000,1,1,2026-08-24T00:00:00.000
4985,20260713,20260608,16440,372,304,194,11,5,5,SOA004985,489.6000,489.6000,489.6000,1,1,2026-08-24T00:00:00.000
4986,20260811,20260818,44820,271,243,217,297,7,3,SOA004986,490.3000,490.3000,490.3000,1,1,2026-08-24T00:00:00.000
4987,20260601,20260625,58740,158,184,215,234,5,1,SOA004987,491.0000,491.0000,491.0000,1,1,2026-08-24T00:00:00.000
4988,20260529,20260730,67740,100,424,145,180,6,5,SOA004988,491.7000,491.7000,491.7000,1,1,2026-08-24T00:00:00.000
4989,20260726,20260729,17940,61,144,166,179,1,1,SOA004989,492.4000,492.4000,492.4000,1,1,2026-08-24T00:00:00.000
4990,20260709,20260603,5520,331,84,30,130,3,5,SOA004990,493.1000,493.1000,493.1000,1,1,2026-08-24T00:00:00.000
4991,20260727,20260712,43500,478,133,184,131,9,2,SOA004991,493.8000,493.8000,493.8000,1,1,2026-08-24T00:00:00.000
4992,20260717,20260803,73440,163,462,112,322,4,5,SOA004992,494.5000,494.5000,494.5000,1,1,2026-08-24T00:00:00.000
4993,20260804,20260625,9480,8,98,490,295,2,2,SOA004993,495.2000,495.2000,495.2000,1,1,2026-08-24T00:00:00.000
4994,20260824,20260724,50640,338,340,148,272,2,1,SOA004994,495.9000,495.9000,495.9000,1,1,2026-08-24T00:00:00.000
4995,20260610,20260616,40260,476,401,120,27,2,4,SOA004995,496.6000,496.6000,496.6000,1,1,2026-08-24T00:00:00.000
4996,20260808,20260728,61020,170,53,128,288,4,2,SOA004996,497.3000,497.3000,497.3000,1,1,2026-08-24T00:00:00.000
4997,20260817,20260803,15960,21,279,230,82,2,6,SOA004997,498.0000,498.0000,498.0000,1,1,2026-08-24T00:00:00.000
4998,20260603,20260706,53820,117,110,157,69,10,7,SOA004998,498.7000,498.7000,498.7000,1,1,2026-08-24T00:00:00.000
4999,20260709,20260622,8400,226,276,52,278,4,5,SOA004999,499.4000,499.4000,499.4000,1,1,2026-08-24T00:00:00.000
5000,20260803,20260816,47880,345,311,58,46,10,5,SOA005000,500.1000,500.1000,500.1000,1,1,2026-08-24T00:00:00.000
5001,20260721,20260704,29640,60,159,256,99,8,4,SOA005001,500.8000,500.8000,500.8000,1,1,2026-08-24T00:00:00.000
5002,20260801,20260721,62520,48,187,242,330,7,3,SOA005002,501.5000,501.5000,501.5000,1,1,2026-08-24T00:00:00.000
5003,20260815,20260701,6780,149,305,265,269,2,5,SOA005003,502.2000,502.2000,502.2000,1,1,2026-08-24T00:00:00.000
5004,20260820,20260707,50400,424,373,433,267,2,7,SOA005004,502.9000,502.9000,502.9000,1,1,2026-08-24T00:00:00.000
5005,20260614,20260821,51840,415,222,234,144,9,4,SOA005005,503.6000,503.6000,503.6000,1,1,2026-08-24T00:00:00.000
5006,20260804,20260604,34920,277,460,477,262,4,5,SOA005006,504.3000,504.3000,504.3000,1,1,2026-08-24T00:00:00.000
5007,20260604,20260729,58320,11,141,288,276,3,6,SOA005007,505.0000,505.0000,505.0000,1,1,2026-08-24T00:00:00.000
5008,20260821,20260625,84300,430,141,485,182,6,5,SOA005008,505.7000,505.7000,505.7000,1,1,2026-08-24T00:00:00.000
5009,20260722,20260712,17460,142,350,282,252,3,7,SOA005009,506.4000,506.4000,506.4000,1,1,2026-08-24T00:00:00.000
5010,20260704,20260801,2940,428,407,499,257,5,5,SOA005010,507.1000,507.1000,507.1000,1,1,2026-08-24T00:00:00.000
5011,20260815,20260723,30480,274,460,112,270,2,5,SOA005011,507.8000,507.8000,507.8000,1,1,2026-08-24T00:00:00.000
5012,20260629,20260529,61320,391,71,278,321,5,7,SOA005012,508.5000,508.5000,508.5000,1,1,2026-08-24T00:00:00.000
5013,20260810,20260810,33180,461,208,443,129,3,4,SOA005013,509.2000,509.2000,509.2000,1,1,2026-08-24T00:00:00.000
5014,20260821,20260628,5040,447,435,306,256,9,6,SOA005014,509.9000,509.9000,509.9000,1,1,2026-08-24T00:00:00.000
5015,20260803,20260807,14580,79,182,195,206,3,6,SOA005015,510.6000,510.6000,510.6000,1,1,2026-08-24T00:00:00.000
5016,20260809,20260608,53520,64,86,169,136,4,3,SOA005016,511.3000,511.3000,511.3000,1,1,2026-08-24T00:00:00.000
5017,20260705,20260804,59760,164,446,275,227,5,1,SOA005017,512.0000,512.0000,512.0000,1,1,2026-08-24T00:00:00.000
5018,20260721,20260813,64200,50,487,449,250,5,2,SOA005018,512.7000,512.7000,512.7000,1,1,2026-08-24T00:00:00.000
5019,20260527,20260730,68220,239,471,96,277,9,3,SOA005019,513.4000,513.4000,513.4000,1,1,2026-08-24T00:00:00.000
5020,20260803,20260608,19680,164,10,42,218,4,7,SOA005020,514.1000,514.1000,514.1000,1,1,2026-08-24T00:00:00.000
5021,20260715,20260730,62760,475,32,142,214,2,5,SOA005021,514.8000,514.8000,514.8000,1,1,2026-08-24T00:00:00.000
5022,20260604,20260819,22860,420,102,98,278,3,5,SOA005022,515.5000,515.5000,515.5000,1,1,2026-08-24T00:00:00.000
5023,20260531,20260601,45960,275,343,242,197,4,3,SOA005023,516.2000,516.2000,516.2000,1,1,2026-08-24T00:00:00.000
5024,20260607,20260703,10380,123,336,30,243,7,4,SOA005024,516.9000,516.9000,516.9000,1,1,2026-08-24T00:00:00.000
5025,20260718,20260709,53280,41,209,314,46,1,5,SOA005025,517.6000,517.6000,517.6000,1,1,2026-08-24T00:00:00.000
5026,20260718,20260710,36300,156,360,442,156,4,1,SOA005026,518.3000,518.3000,518.3000,1,1,2026-08-24T00:00:00.000
5027,20260711,20260812,51840,467,484,171,232,2,7,SOA005027,519.0000,519.0000,519.0000,1,1,2026-08-24T00:00:00.000
5028,20260823,20260805,3960,294,12,469,37,5,6,SOA005028,519.7000,519.7000,519.7000,1,1,2026-08-24T00:00:00.000
5029,20260613,20260711,14520,412,26,157,269,5,6,SOA005029,520.4000,520.4000,520.4000,1,1,2026-08-24T00:00:00.000
5030,20260624,20260804,9600,248,199,169,205,8,7,SOA005030,521.1000,521.1000,521.1000,1,1,2026-08-24T00:00:00.000
5031,20260608,20260807,35100,234,14,391,100,8,2,SOA005031,521.8000,521.8000,521.8000,1,1,2026-08-24T00:00:00.000
5032,20260627,20260718,39540,385,234,276,301,2,1,SOA005032,522.5000,522.5000,522.5000,1,1,2026-08-24T00:00:00.000
5033,20260605,20260718,44760,487,370,158,321,5,6,SOA005033,523.2000,523.2000,523.2000,1,1,2026-08-24T00:00:00.000
5034,20260716,20260623,75360,102,49,435,305,1,7,SOA005034,523.9000,523.9000,523.9000,1,1,2026-08-24T00:00:00.000
5035,20260731,20260710,44220,439,225,391,262,3,2,SOA005035,524.6000,524.6000,524.6000,1,1,2026-08-24T00:00:00.000
5036,20260604,20260807,46920,176,267,60,81,2,3,SOA005036,525.3000,525.3000,525.3000,1,1,2026-08-24T00:00:00.000
5037,20260609,20260723,16380,218,204,25,54,8,5,SOA005037,526.0000,526.0000,526.0000,1,1,2026-08-24T00:00:00.000
5038,20260730,20260704,34260,83,451,7,263,2,3,SOA005038,526.7000,526.7000,526.7000,1,1,2026-08-24T00:00:00.000
5039,20260625,20260708,33180,331,85,418,213,1,7,SOA005039,527.4000,527.4000,527.4000,1,1,2026-08-24T00:00:00.000
5040,20260618,20260706,85500,331,252,191,139,7,1,SOA005040,528.1000,528.1000,528.1000,1,1,2026-08-24T00:00:00.000
5041,20260808,20260727,16800,486,39,166,101,8,7,SOA005041,528.8000,528.8000,528.8000,1,1,2026-08-24T00:00:00.000
5042,20260527,20260627,17940,449,162,351,155,6,2,SOA005042,529.5000,529.5000,529.5000,1,1,2026-08-24T00:00:00.000
5043,20260801,20260621,69120,6,449,483,121,7,1,SOA005043,530.2000,530.2000,530.2000,1,1,2026-08-24T00:00:00.000
5044,20260815,20260629,72660,245,312,25,281,2,4,SOA005044,530.9000,530.9000,530.9000,1,1,2026-08-24T00:00:00.000
5045,20260805,20260720,5040,99,470,229,20,1,1,SOA005045,531.6000,531.6000,531.6000,1,1,2026-08-24T00:00:00.000
5046,20260814,20260807,58800,181,148,486,326,8,6,SOA005046,532.3000,532.3000,532.3000,1,1,2026-08-24T00:00:00.000
5047,20260808,20260811,720,90,83,238,182,2,3,SOA005047,533.0000,533.0000,533.0000,1,1,2026-08-24T00:00:00.000
5048,20260620,20260714,68880,385,198,498,84,4,7,SOA005048,533.7000,533.7000,533.7000,1,1,2026-08-24T00:00:00.000
5049,20260615,20260707,64140,321,279,219,210,3,1,SOA005049,534.4000,534.4000,534.4000,1,1,2026-08-24T00:00:00.000
5050,20260720,20260723,71700,340,33,310,241,7,2,SOA005050,535.1000,535.1000,535.1000,1,1,2026-08-24T00:00:00.000
5051,20260625,20260613,16320,76,467,288,37,10,2,SOA005051,535.8000,535.8000,535.8000,1,1,2026-08-24T00:00:00.000
5052,20260601,20260530,21660,142,54,450,290,10,4,SOA005052,536.5000,536.5000,536.5000,1,1,2026-08-24T00:00:00.000
5053,20260715,20260730,12180,16,71,67,50,2,4,SOA005053,537.2000,537.2000,537.2000,1,1,2026-08-24T00:00:00.000
5054,20260625,20260613,74880,478,460,109,339,5,5,SOA005054,537.9000,537.9000,537.9000,1,1,2026-08-24T00:00:00.000
5055,20260720,20260527,25080,351,216,375,189,10,4,SOA005055,538.6000,538.6000,538.6000,1,1,2026-08-24T00:00:00.000
5056,20260808,20260711,52200,429,180,474,176,6,3,SOA005056,539.3000,539.3000,539.3000,1,1,2026-08-24T00:00:00.000
5057,20260822,20260823,3780,45,6,146,174,1,1,SOA005057,540.0000,540.0000,540.0000,1,1,2026-08-24T00:00:00.000
5058,20260714,20260704,48240,1,90,185,222,7,6,SOA005058,540.7000,540.7000,540.7000,1,1,2026-08-24T00:00:00.000
5059,20260718,20260622,34320,390,124,458,274,2,6,SOA005059,541.4000,541.4000,541.4000,1,1,2026-08-24T00:00:00.000
5060,20260821,20260731,68400,241,340,248,182,3,1,SOA005060,542.1000,542.1000,542.1000,1,1,2026-08-24T00:00:00.000
5061,20260601,20260718,17700,375,56,38,249,6,7,SOA005061,542.8000,542.8000,542.8000,1,1,2026-08-24T00:00:00.000
5062,20260729,20260602,86220,47,2,458,330,5,2,SOA005062,543.5000,543.5000,543.5000,1,1,2026-08-24T00:00:00.000
5063,20260726,20260620,5580,287,12,453,175,9,1,SOA005063,544.2000,544.2000,544.2000,1,1,2026-08-24T00:00:00.000
5064,20260614,20260722,52380,373,207,49,253,3,2,SOA005064,544.9000,544.9000,544.9000,1,1,2026-08-24T00:00:00.000
5065,20260727,20260820,30420,393,434,491,101,2,4,SOA005065,545.6000,545.6000,545.6000,1,1,2026-08-24T00:00:00.000
5066,20260603,20260714,42780,122,377,126,64,7,2,SOA005066,546.3000,546.3000,546.3000,1,1,2026-08-24T00:00:00.000
5067,20260611,20260605,72480,414,217,402,294,4,3,SOA005067,547.0000,547.0000,547.0000,1,1,2026-08-24T00:00:00.000
5068,20260725,20260703,31860,475,386,264,154,10,3,SOA005068,547.7000,547.7000,547.7000,1,1,2026-08-24T00:00:00.000
5069,20260718,20260601,47400,441,358,113,148,4,5,SOA005069,548.4000,548.4000,548.4000,1,1,2026-08-24T00:00:00.000
5070,20260716,20260614,55380,224,480,49,261,8,4,SOA005070,549.1000,549.1000,549.1000,1,1,2026-08-24T00:00:00.000
5071,20260614,20260816,44220,326,451,466,93,10,4,SOA005071,549.8000,549.8000,549.8000,1,1,2026-08-24T00:00:00.000
5072,20260701,20260726,59160,163,432,250,206,8,1,SOA005072,550.5000,550.5000,550.5000,1,1,2026-08-24T00:00:00.000
5073,20260805,20260614,59820,266,490,12,211,2,2,SOA005073,551.2000,551.2000,551.2000,1,1,2026-08-24T00:00:00.000
5074,20260727,20260608,1860,129,213,15,48,1,1,SOA005074,551.9000,551.9000,551.9000,1,1,2026-08-24T00:00:00.000
5075,20260705,20260527,16620,219,287,336,12,8,1,SOA005075,552.6000,552.6000,552.6000,1,1,2026-08-24T00:00:00.000
5076,20260815,20260621,10860,209,266,458,176,8,4,SOA005076,553.3000,553.3000,553.3000,1,1,2026-08-24T00:00:00.000
5077,20260614,20260715,82260,287,84,52,307,8,4,SOA005077,554.0000,554.0000,554.0000,1,1,2026-08-24T00:00:00.000
5078,20260813,20260805,38640,363,288,438,341,6,2,SOA005078,554.7000,554.7000,554.7000,1,1,2026-08-24T00:00:00.000
5079,20260603,20260621,50340,462,383,20,48,4,7,SOA005079,555.4000,555.4000,555.4000,1,1,2026-08-24T00:00:00.000
5080,20260601,20260824,79920,138,291,4,43,1,2,SOA005080,556.1000,556.1000,556.1000,1,1,2026-08-24T00:00:00.000
5081,20260629,20260714,63360,144,207,487,103,4,1,SOA005081,556.8000,556.8000,556.8000,1,1,2026-08-24T00:00:00.000
5082,20260724,20260602,27540,20,457,157,294,1,3,SOA005082,557.5000,557.5000,557.5000,1,1,2026-08-24T00:00:00.000
5083,20260814,20260724,13200,331,452,208,327,5,3,SOA005083,558.2000,558.2000,558.2000,1,1,2026-08-24T00:00:00.000
5084,20260629,20260611,56700,338,348,475,103,8,1,SOA005084,558.9000,558.9000,558.9000,1,1,2026-08-24T00:00:00.000
5085,20260709,20260611,24600,462,264,366,142,5,5,SOA005085,559.6000,559.6000,559.6000,1,1,2026-08-24T00:00:00.000
5086,20260807,20260703,19080,252,311,108,269,1,6,SOA005086,560.3000,560.3000,560.3000,1,1,2026-08-24T00:00:00.000
5087,20260714,20260730,82560,212,141,296,328,4,6,SOA005087,561.0000,561.0000,561.0000,1,1,2026-08-24T00:00:00.000
5088,20260807,20260622,67020,39,205,108,220,9,3,SOA005088,561.7000,561.7000,561.7000,1,1,2026-08-24T00:00:00.000
5089,20260804,20260719,71220,76,207,259,30,5,5,SOA005089,562.4000,562.4000,562.4000,1,1,2026-08-24T00:00:00.000
5090,20260717,20260811,48300,135,194,482,285,7,7,SOA005090,563.1000,563.1000,563.1000,1,1,2026-08-24T00:00:00.000
5091,20260712,20260626,72840,34,181,29,300,1,3,SOA005091,563.8000,563.8000,563.8000,1,1,2026-08-24T00:00:00.000
5092,20260608,20260717,45600,78,210,51,228,7,2,SOA005092,564.5000,564.5000,564.5000,1,1,2026-08-24T00:00:00.000
5093,20260718,20260807,66420,127,36,117,186,4,3,SOA005093,565.2000,565.2000,565.2000,1,1,2026-08-24T00:00:00.000
5094,20260610,20260802,5160,496,370,45,11,7,2,SOA005094,565.9000,565.9000,565.9000,1,1,2026-08-24T00:00:00.000
5095,20260616,20260627,31980,164,25,483,207,5,4,SOA005095,566.6000,566.6000,566.6000,1,1,2026-08-24T00:00:00.000
5096,20260630,20260707,24240,195,146,479,3,10,1,SOA005096,567.3000,567.3000,567.3000,1,1,2026-08-24T00:00:00.000
5097,20260703,20260624,42840,259,209,48,96,2,1,SOA005097,568.0000,568.0000,568.0000,1,1,2026-08-24T00:00:00.000
5098,20260704,20260815,22800,113,227,284,49,5,5,SOA005098,568.7000,568.7000,568.7000,1,1,2026-08-24T00:00:00.000
5099,20260624,20260622,36480,493,453,233,216,1,4,SOA005099,569.4000,569.4000,569.4000,1,1,2026-08-24T00:00:00.000
5100,20260802,20260715,42480,371,475,427,206,3,5,SOA005100,570.1000,570.1000,570.1000,1,1,2026-08-24T00:00:00.000
5101,20260627,20260804,35580,305,118,366,77,6,6,SOA005101,570.8000,570.8000,570.8000,1,1,2026-08-24T00:00:00.000
5102,20260615,20260722,2220,354,23,450,330,10,4,SOA005102,571.5000,571.5000,571.5000,1,1,2026-08-24T00:00:00.000
5103,20260612,20260615,74880,82,191,383,118,4,6,SOA005103,572.2000,572.2000,572.2000,1,1,2026-08-24T00:00:00.000
5104,20260615,20260716,37320,367,109,490,346,1,6,SOA005104,572.9000,572.9000,572.9000,1,1,2026-08-24T00:00:00.000
5105,20260722,20260531,23820,318,326,242,34,9,3,SOA005105,573.6000,573.6000,573.6000,1,1,2026-08-24T00:00:00.000
5106,20260814,20260723,82140,414,203,481,93,1,4,SOA005106,574.3000,574.3000,574.3000,1,1,2026-08-24T00:00:00.000
5107,20260709,20260824,69420,189,283,151,180,1,4,SOA005107,575.0000,575.0000,575.0000,1,1,2026-08-24T00:00:00.000
5108,20260819,20260621,15480,259,325,15,72,5,1,SOA005108,575.7000,575.7000,575.7000,1,1,2026-08-24T00:00:00.000
5109,20260707,20260714,44520,52,195,177,145,10,2,SOA005109,576.4000,576.4000,576.4000,1,1,2026-08-24T00:00:00.000
5110,20260718,20260803,60840,309,252,307,299,1,6,SOA005110,577.1000,577.1000,577.1000,1,1,2026-08-24T00:00:00.000
5111,20260607,20260710,26760,262,167,354,146,6,4,SOA005111,577.8000,577.8000,577.8000,1,1,2026-08-24T00:00:00.000
5112,20260822,20260716,44520,32,261,262,56,8,4,SOA005112,578.5000,578.5000,578.5000,1,1,2026-08-24T00:00:00.000
5113,20260615,20260806,13500,374,14,207,73,6,1,SOA005113,579.2000,579.2000,579.2000,1,1,2026-08-24T00:00:00.000
5114,20260717,20260702,63120,348,286,191,31,10,1,SOA005114,579.9000,579.9000,579.9000,1,1,2026-08-24T00:00:00.000
5115,20260806,20260818,30720,13,484,103,81,7,3,SOA005115,580.6000,580.6000,580.6000,1,1,2026-08-24T00:00:00.000
5116,20260803,20260531,16200,439,404,235,38,2,2,SOA005116,581.3000,581.3000,581.3000,1,1,2026-08-24T00:00:00.000
5117,20260620,20260810,35580,273,372,2,35,5,4,SOA005117,582.0000,582.0000,582.0000,1,1,2026-08-24T00:00:00.000
5118,20260805,20260610,20940,496,6,160,315,9,2,SOA005118,582.7000,582.7000,582.7000,1,1,2026-08-24T00:00:00.000
5119,20260811,20260615,85680,157,202,65,329,10,6,SOA005119,583.4000,583.4000,583.4000,1,1,2026-08-24T00:00:00.000
5120,20260603,20260809,21360,400,418,272,245,5,4,SOA005120,584.1000,584.1000,584.1000,1,1,2026-08-24T00:00:00.000
5121,20260720,20260821,64320,4,409,46,286,2,4,SOA005121,584.8000,584.8000,584.8000,1,1,2026-08-24T00:00:00.000
5122,20260810,20260802,1560,187,142,151,275,5,5,SOA005122,585.5000,585.5000,585.5000,1,1,2026-08-24T00:00:00.000
5123,20260728,20260723,36240,481,478,483,306,3,5,SOA005123,586.2000,586.2000,586.2000,1,1,2026-08-24T00:00:00.000
5124,20260625,20260619,55500,326,497,168,152,8,5,SOA005124,586.9000,586.9000,586.9000,1,1,2026-08-24T00:00:00.000
5125,20260705,20260616,18240,32,44,409,317,1,1,SOA005125,587.6000,587.6000,587.6000,1,1,2026-08-24T00:00:00.000
5126,20260612,20260611,16260,292,407,495,345,9,4,SOA005126,588.3000,588.3000,588.3000,1,1,2026-08-24T00:00:00.000
5127,20260705,20260606,74640,288,79,125,37,5,5,SOA005127,589.0000,589.0000,589.0000,1,1,2026-08-24T00:00:00.000
5128,20260628,20260612,61560,135,111,173,213,4,1,SOA005128,589.7000,589.7000,589.7000,1,1,2026-08-24T00:00:00.000
5129,20260621,20260817,83580,121,23,130,324,5,6,SOA005129,590.4000,590.4000,590.4000,1,1,2026-08-24T00:00:00.000
5130,20260710,20260823,34380,315,347,231,191,1,2,SOA005130,591.1000,591.1000,591.1000,1,1,2026-08-24T00:00:00.000
5131,20260701,20260814,80760,156,475,109,271,5,3,SOA005131,591.8000,591.8000,591.8000,1,1,2026-08-24T00:00:00.000
5132,20260821,20260817,22800,146,448,1,8,9,2,SOA005132,592.5000,592.5000,592.5000,1,1,2026-08-24T00:00:00.000
5133,20260724,20260715,14580,257,489,416,219,6,1,SOA005133,593.2000,593.2000,593.2000,1,1,2026-08-24T00:00:00.000
5134,20260724,20260816,29280,224,250,285,101,3,6,SOA005134,593.9000,593.9000,593.9000,1,1,2026-08-24T00:00:00.000
5135,20260716,20260701,85620,404,202,20,126,6,5,SOA005135,594.6000,594.6000,594.6000,1,1,2026-08-24T00:00:00.000
5136,20260819,20260805,26520,135,13,391,317,8,7,SOA005136,595.3000,595.3000,595.3000,1,1,2026-08-24T00:00:00.000
5137,20260619,20260608,42900,79,19,127,194,10,3,SOA005137,596.0000,596.0000,596.0000,1,1,2026-08-24T00:00:00.000
5138,20260613,20260824,47160,268,129,276,326,9,5,SOA005138,596.7000,596.7000,596.7000,1,1,2026-08-24T00:00:00.000
5139,20260705,20260801,43380,379,14,161,165,3,2,SOA005139,597.4000,597.4000,597.4000,1,1,2026-08-24T00:00:00.000
5140,20260707,20260813,23280,78,110,125,232,8,6,SOA005140,598.1000,598.1000,598.1000,1,1,2026-08-24T00:00:00.000
5141,20260713,20260706,14100,183,37,315,166,1,1,SOA005141,598.8000,598.8000,598.8000,1,1,2026-08-24T00:00:00.000
5142,20260618,20260705,5580,110,237,441,133,3,6,SOA005142,599.5000,599.5000,599.5000,1,1,2026-08-24T00:00:00.000
5143,20260818,20260809,8340,367,210,135,340,7,5,SOA005143,600.2000,600.2000,600.2000,1,1,2026-08-24T00:00:00.000
5144,20260702,20260805,63840,349,200,216,30,3,6,SOA005144,600.9000,600.9000,600.9000,1,1,2026-08-24T00:00:00.000
5145,20260713,20260625,44580,76,10,42,29,2,3,SOA005145,601.6000,601.6000,601.6000,1,1,2026-08-24T00:00:00.000
5146,20260627,20260814,67680,368,72,210,244,5,7,SOA005146,602.3000,602.3000,602.3000,1,1,2026-08-24T00:00:00.000
5147,20260707,20260623,18600,416,458,380,78,5,3,SOA005147,603.0000,603.0000,603.0000,1,1,2026-08-24T00:00:00.000
5148,20260702,20260628,8220,293,291,445,308,4,5,SOA005148,603.7000,603.7000,603.7000,1,1,2026-08-24T00:00:00.000
5149,20260823,20260618,31860,485,291,392,166,3,6,SOA005149,604.4000,604.4000,604.4000,1,1,2026-08-24T00:00:00.000
5150,20260625,20260804,75660,22,225,361,70,6,5,SOA005150,605.1000,605.1000,605.1000,1,1,2026-08-24T00:00:00.000
5151,20260824,20260723,960,48,249,319,147,10,2,SOA005151,605.8000,605.8000,605.8000,1,1,2026-08-24T00:00:00.000
5152,20260617,20260615,25440,192,362,136,13,3,7,SOA005152,606.5000,606.5000,606.5000,1,1,2026-08-24T00:00:00.000
5153,20260806,20260611,46980,289,455,311,225,4,1,SOA005153,607.2000,607.2000,607.2000,1,1,2026-08-24T00:00:00.000
5154,20260812,20260622,30540,167,129,146,326,10,7,SOA005154,607.9000,607.9000,607.9000,1,1,2026-08-24T00:00:00.000
5155,20260630,20260607,24600,358,433,70,116,8,1,SOA005155,608.6000,608.6000,608.6000,1,1,2026-08-24T00:00:00.000
5156,20260810,20260606,31200,195,233,350,290,10,3,SOA005156,609.3000,609.3000,609.3000,1,1,2026-08-24T00:00:00.000
5157,20260706,20260716,62760,34,335,403,128,2,2,SOA005157,610.0000,610.0000,610.0000,1,1,2026-08-24T00:00:00.000
5158,20260528,20260611,62220,452,110,274,74,10,3,SOA005158,610.7000,610.7000,610.7000,1,1,2026-08-24T00:00:00.000
5159,20260729,20260619,25020,90,359,344,84,8,7,SOA005159,611.4000,611.4000,611.4000,1,1,2026-08-24T00:00:00.000
5160,20260722,20260714,60840,24,129,34,348,5,2,SOA005160,612.1000,612.1000,612.1000,1,1,2026-08-24T00:00:00.000
5161,20260619,20260531,82440,143,44,34,57,9,5,SOA005161,612.8000,612.8000,612.8000,1,1,2026-08-24T00:00:00.000
5162,20260818,20260809,69360,145,218,327,206,6,3,SOA005162,613.5000,613.5000,613.5000,1,1,2026-08-24T00:00:00.000
5163,20260823,20260630,83220,435,239,450,26,2,5,SOA005163,614.2000,614.2000,614.2000,1,1,2026-08-24T00:00:00.000
5164,20260621,20260527,52500,418,272,290,57,9,4,SOA005164,614.9000,614.9000,614.9000,1,1,2026-08-24T00:00:00.000
5165,20260622,20260809,20280,58,38,249,48,4,1,SOA005165,615.6000,615.6000,615.6000,1,1,2026-08-24T00:00:00.000
5166,20260804,20260731,71340,157,100,394,95,3,7,SOA005166,616.3000,616.3000,616.3000,1,1,2026-08-24T00:00:00.000
5167,20260728,20260709,83040,331,111,368,287,3,6,SOA005167,617.0000,617.0000,617.0000,1,1,2026-08-24T00:00:00.000
5168,20260803,20260719,70200,184,100,169,317,3,7,SOA005168,617.7000,617.7000,617.7000,1,1,2026-08-24T00:00:00.000
5169,20260616,20260818,37440,323,217,259,172,10,1,SOA005169,618.4000,618.4000,618.4000,1,1,2026-08-24T00:00:00.000
5170,20260605,20260821,65160,200,51,485,218,3,7,SOA005170,619.1000,619.1000,619.1000,1,1,2026-08-24T00:00:00.000
5171,20260722,20260702,13620,428,21,466,141,4,4,SOA005171,619.8000,619.8000,619.8000,1,1,2026-08-24T00:00:00.000
5172,20260724,20260824,480,385,404,402,136,5,5,SOA005172,620.5000,620.5000,620.5000,1,1,2026-08-24T00:00:00.000
5173,20260812,20260714,69060,282,298,92,327,6,7,SOA005173,621.2000,621.2000,621.2000,1,1,2026-08-24T00:00:00.000
5174,20260603,20260705,25320,28,27,18,187,2,2,SOA005174,621.9000,621.9000,621.9000,1,1,2026-08-24T00:00:00.000
5175,20260819,20260807,37440,375,146,292,219,7,7,SOA005175,622.6000,622.6000,622.6000,1,1,2026-08-24T00:00:00.000
5176,20260614,20260730,22620,26,441,463,170,6,4,SOA005176,623.3000,623.3000,623.3000,1,1,2026-08-24T00:00:00.000
5177,20260618,20260816,75240,473,211,15,231,9,6,SOA005177,624.0000,624.0000,624.0000,1,1,2026-08-24T00:00:00.000
5178,20260802,20260725,76020,422,484,234,78,7,7,SOA005178,624.7000,624.7000,624.7000,1,1,2026-08-24T00:00:00.000
5179,20260716,20260605,72000,211,441,183,33,2,1,SOA005179,625.4000,625.4000,625.4000,1,1,2026-08-24T00:00:00.000
5180,20260810,20260707,52620,69,155,437,28,4,6,SOA005180,626.1000,626.1000,626.1000,1,1,2026-08-24T00:00:00.000
5181,20260603,20260806,3660,108,438,201,47,4,1,SOA005181,626.8000,626.8000,626.8000,1,1,2026-08-24T00:00:00.000
5182,20260728,20260718,71700,424,331,173,28,8,6,SOA005182,627.5000,627.5000,627.5000,1,1,2026-08-24T00:00:00.000
5183,20260617,20260702,33600,328,466,424,83,6,4,SOA005183,628.2000,628.2000,628.2000,1,1,2026-08-24T00:00:00.000
5184,20260817,20260718,52860,74,116,496,321,6,3,SOA005184,628.9000,628.9000,628.9000,1,1,2026-08-24T00:00:00.000
5185,20260814,20260622,60840,105,203,345,325,7,3,SOA005185,629.6000,629.6000,629.6000,1,1,2026-08-24T00:00:00.000
5186,20260714,20260801,20940,379,297,405,344,4,1,SOA005186,630.3000,630.3000,630.3000,1,1,2026-08-24T00:00:00.000
5187,20260816,20260529,74400,489,23,470,294,5,6,SOA005187,631.0000,631.0000,631.0000,1,1,2026-08-24T00:00:00.000
5188,20260801,20260623,46500,392,335,184,96,2,4,SOA005188,631.7000,631.7000,631.7000,1,1,2026-08-24T00:00:00.000
5189,20260820,20260615,52560,206,192,391,279,10,6,SOA005189,632.4000,632.4000,632.4000,1,1,2026-08-24T00:00:00.000
5190,20260528,20260813,10080,203,497,5,144,4,1,SOA005190,633.1000,633.1000,633.1000,1,1,2026-08-24T00:00:00.000
5191,20260813,20260802,48240,234,422,199,346,3,2,SOA005191,633.8000,633.8000,633.8000,1,1,2026-08-24T00:00:00.000
5192,20260801,20260724,19080,405,342,148,141,6,5,SOA005192,634.5000,634.5000,634.5000,1,1,2026-08-24T00:00:00.000
5193,20260622,20260625,46920,120,378,481,227,7,4,SOA005193,635.2000,635.2000,635.2000,1,1,2026-08-24T00:00:00.000
5194,20260818,20260810,26940,125,175,30,62,8,2,SOA005194,635.9000,635.9000,635.9000,1,1,2026-08-24T00:00:00.000
5195,20260704,20260629,24060,398,239,231,164,8,1,SOA005195,636.6000,636.6000,636.6000,1,1,2026-08-24T00:00:00.000
5196,20260630,20260730,81180,276,101,172,326,6,1,SOA005196,637.3000,637.3000,637.3000,1,1,2026-08-24T00:00:00.000
5197,20260618,20260728,1680,383,209,324,179,5,1,SOA005197,638.0000,638.0000,638.0000,1,1,2026-08-24T00:00:00.000
5198,20260604,20260823,57660,105,294,226,288,1,2,SOA005198,638.7000,638.7000,638.7000,1,1,2026-08-24T00:00:00.000
5199,20260806,20260724,14520,261,101,53,338,10,3,SOA005199,639.4000,639.4000,639.4000,1,1,2026-08-24T00:00:00.000
5200,20260812,20260726,70860,135,167,264,167,3,2,SOA005200,640.1000,640.1000,640.1000,1,1,2026-08-24T00:00:00.000
5201,20260701,20260614,44340,276,485,81,6,5,1,SOA005201,640.8000,640.8000,640.8000,1,1,2026-08-24T00:00:00.000
5202,20260806,20260808,74760,386,495,32,160,2,1,SOA005202,641.5000,641.5000,641.5000,1,1,2026-08-24T00:00:00.000
5203,20260602,20260802,56280,243,488,326,126,7,1,SOA005203,642.2000,642.2000,642.2000,1,1,2026-08-24T00:00:00.000
5204,20260608,20260601,15660,423,309,433,327,8,6,SOA005204,642.9000,642.9000,642.9000,1,1,2026-08-24T00:00:00.000
5205,20260801,20260530,60780,19,127,208,284,2,2,SOA005205,643.6000,643.6000,643.6000,1,1,2026-08-24T00:00:00.000
5206,20260628,20260815,53940,249,471,325,272,6,2,SOA005206,644.3000,644.3000,644.3000,1,1,2026-08-24T00:00:00.000
5207,20260628,20260804,38160,210,458,263,187,7,5,SOA005207,645.0000,645.0000,645.0000,1,1,2026-08-24T00:00:00.000
5208,20260625,20260808,6900,126,120,359,226,5,3,SOA005208,645.7000,645.7000,645.7000,1,1,2026-08-24T00:00:00.000
5209,20260626,20260810,59640,427,202,10,321,7,2,SOA005209,646.4000,646.4000,646.4000,1,1,2026-08-24T00:00:00.000
5210,20260527,20260810,55020,136,12,149,152,9,5,SOA005210,647.1000,647.1000,647.1000,1,1,2026-08-24T00:00:00.000
5211,20260625,20260816,70980,397,350,38,115,4,2,SOA005211,647.8000,647.8000,647.8000,1,1,2026-08-24T00:00:00.000
5212,20260629,20260824,55200,227,432,197,243,2,7,SOA005212,648.5000,648.5000,648.5000,1,1,2026-08-24T00:00:00.000
5213,20260614,20260701,34380,353,467,187,74,7,6,SOA005213,649.2000,649.2000,649.2000,1,1,2026-08-24T00:00:00.000
5214,20260711,20260824,31260,236,316,28,251,4,1,SOA005214,649.9000,649.9000,649.9000,1,1,2026-08-24T00:00:00.000
5215,20260717,20260615,10560,483,490,307,270,4,3,SOA005215,650.6000,650.6000,650.6000,1,1,2026-08-24T00:00:00.000
5216,20260802,20260611,50760,163,366,76,145,1,5,SOA005216,651.3000,651.3000,651.3000,1,1,2026-08-24T00:00:00.000
5217,20260823,20260722,4140,144,133,427,209,3,5,SOA005217,652.0000,652.0000,652.0000,1,1,2026-08-24T00:00:00.000
5218,20260701,20260713,78360,471,260,287,234,2,1,SOA005218,652.7000,652.7000,652.7000,1,1,2026-08-24T00:00:00.000
5219,20260815,20260715,7680,179,486,32,10,1,7,SOA005219,653.4000,653.4000,653.4000,1,1,2026-08-24T00:00:00.000
5220,20260605,20260704,10020,36,102,87,235,8,1,SOA005220,654.1000,654.1000,654.1000,1,1,2026-08-24T00:00:00.000
5221,20260823,20260601,19920,123,101,260,65,6,2,SOA005221,654.8000,654.8000,654.8000,1,1,2026-08-24T00:00:00.000
5222,20260808,20260611,16860,254,469,434,227,10,1,SOA005222,655.5000,655.5000,655.5000,1,1,2026-08-24T00:00:00.000
5223,20260620,20260712,70020,119,226,51,152,8,1,SOA005223,656.2000,656.2000,656.2000,1,1,2026-08-24T00:00:00.000
5224,20260616,20260607,85140,222,426,371,203,7,2,SOA005224,656.9000,656.9000,656.9000,1,1,2026-08-24T00:00:00.000
5225,20260713,20260630,58380,136,62,175,298,5,3,SOA005225,657.6000,657.6000,657.6000,1,1,2026-08-24T00:00:00.000
5226,20260609,20260722,56340,488,450,85,342,3,5,SOA005226,658.3000,658.3000,658.3000,1,1,2026-08-24T00:00:00.000
5227,20260807,20260530,44640,396,15,82,48,4,4,SOA005227,659.0000,659.0000,659.0000,1,1,2026-08-24T00:00:00.000
5228,20260605,20260605,35820,209,297,158,159,5,3,SOA005228,659.7000,659.7000,659.7000,1,1,2026-08-24T00:00:00.000
5229,20260629,20260809,80160,70,365,69,139,1,1,SOA005229,660.4000,660.4000,660.4000,1,1,2026-08-24T00:00:00.000
5230,20260802,20260719,60480,234,332,404,255,2,4,SOA005230,661.1000,661.1000,661.1000,1,1,2026-08-24T00:00:00.000
5231,20260731,20260818,70560,233,81,382,134,3,1,SOA005231,661.8000,661.8000,661.8000,1,1,2026-08-24T00:00:00.000
5232,20260716,20260527,25320,226,495,186,219,5,2,SOA005232,662.5000,662.5000,662.5000,1,1,2026-08-24T00:00:00.000
5233,20260816,20260710,16020,491,285,401,226,5,7,SOA005233,663.2000,663.2000,663.2000,1,1,2026-08-24T00:00:00.000
5234,20260610,20260619,72420,434,342,395,77,2,5,SOA005234,663.9000,663.9000,663.9000,1,1,2026-08-24T00:00:00.000
5235,20260530,20260713,65340,131,143,362,52,7,2,SOA005235,664.6000,664.6000,664.6000,1,1,2026-08-24T00:00:00.000
5236,20260725,20260818,25980,227,467,64,28,5,3,SOA005236,665.3000,665.3000,665.3000,1,1,2026-08-24T00:00:00.000
5237,20260811,20260814,30480,122,270,440,160,4,2,SOA005237,666.0000,666.0000,666.0000,1,1,2026-08-24T00:00:00.000
5238,20260623,20260809,60480,452,270,455,144,3,4,SOA005238,666.7000,666.7000,666.7000,1,1,2026-08-24T00:00:00.000
5239,20260622,20260529,64860,117,292,121,350,4,4,SOA005239,667.4000,667.4000,667.4000,1,1,2026-08-24T00:00:00.000
5240,20260801,20260823,75960,466,160,155,104,1,2,SOA005240,668.1000,668.1000,668.1000,1,1,2026-08-24T00:00:00.000
5241,20260727,20260702,2340,103,185,147,52,7,7,SOA005241,668.8000,668.8000,668.8000,1,1,2026-08-24T00:00:00.000
5242,20260727,20260716,70020,174,357,169,241,6,3,SOA005242,669.5000,669.5000,669.5000,1,1,2026-08-24T00:00:00.000
5243,20260601,20260616,46440,113,95,283,238,9,2,SOA005243,670.2000,670.2000,670.2000,1,1,2026-08-24T00:00:00.000
5244,20260721,20260613,33840,341,236,186,227,1,5,SOA005244,670.9000,670.9000,670.9000,1,1,2026-08-24T00:00:00.000
5245,20260721,20260725,75600,392,322,10,78,10,6,SOA005245,671.6000,671.6000,671.6000,1,1,2026-08-24T00:00:00.000
5246,20260726,20260614,36840,175,305,131,320,6,3,SOA005246,672.3000,672.3000,672.3000,1,1,2026-08-24T00:00:00.000
5247,20260607,20260527,18060,48,128,139,217,9,5,SOA005247,673.0000,673.0000,673.0000,1,1,2026-08-24T00:00:00.000
5248,20260725,20260822,42120,478,285,64,33,1,5,SOA005248,673.7000,673.7000,673.7000,1,1,2026-08-24T00:00:00.000
5249,20260622,20260626,42720,8,144,496,44,6,5,SOA005249,674.4000,674.4000,674.4000,1,1,2026-08-24T00:00:00.000
5250,20260610,20260609,23580,100,26,441,43,2,3,SOA005250,675.1000,675.1000,675.1000,1,1,2026-08-24T00:00:00.000
5251,20260713,20260612,35580,443,50,252,349,6,3,SOA005251,675.8000,675.8000,675.8000,1,1,2026-08-24T00:00:00.000
5252,20260812,20260621,65940,83,285,485,60,2,6,SOA005252,676.5000,676.5000,676.5000,1,1,2026-08-24T00:00:00.000
5253,20260625,20260709,36120,381,287,136,152,10,1,SOA005253,677.2000,677.2000,677.2000,1,1,2026-08-24T00:00:00.000
5254,20260729,20260618,43740,263,83,115,125,5,5,SOA005254,677.9000,677.9000,677.9000,1,1,2026-08-24T00:00:00.000
5255,20260612,20260628,74040,411,110,469,114,10,5,SOA005255,678.6000,678.6000,678.6000,1,1,2026-08-24T00:00:00.000
5256,20260813,20260813,81060,94,186,183,299,9,7,SOA005256,679.3000,679.3000,679.3000,1,1,2026-08-24T00:00:00.000
5257,20260527,20260611,39780,449,353,132,127,10,1,SOA005257,680.0000,680.0000,680.0000,1,1,2026-08-24T00:00:00.000
5258,20260727,20260808,85500,197,188,234,124,1,5,SOA005258,680.7000,680.7000,680.7000,1,1,2026-08-24T00:00:00.000
5259,20260801,20260730,10680,5,439,171,280,10,7,SOA005259,681.4000,681.4000,681.4000,1,1,2026-08-24T00:00:00.000
5260,20260822,20260715,66060,119,184,362,121,4,1,SOA005260,682.1000,682.1000,682.1000,1,1,2026-08-24T00:00:00.000
5261,20260624,20260619,28980,305,325,128,295,2,2,SOA005261,682.8000,682.8000,682.8000,1,1,2026-08-24T00:00:00.000
5262,20260612,20260621,80880,102,357,413,34,1,1,SOA005262,683.5000,683.5000,683.5000,1,1,2026-08-24T00:00:00.000
5263,20260616,20260710,43020,134,268,56,196,8,4,SOA005263,684.2000,684.2000,684.2000,1,1,2026-08-24T00:00:00.000
5264,20260822,20260528,40380,78,483,378,277,1,6,SOA005264,684.9000,684.9000,684.9000,1,1,2026-08-24T00:00:00.000
5265,20260811,20260802,28020,87,479,313,15,10,6,SOA005265,685.6000,685.6000,685.6000,1,1,2026-08-24T00:00:00.000
5266,20260713,20260801,2340,202,72,399,84,5,4,SOA005266,686.3000,686.3000,686.3000,1,1,2026-08-24T00:00:00.000
5267,20260731,20260726,28320,202,172,499,74,1,3,SOA005267,687.0000,687.0000,687.0000,1,1,2026-08-24T00:00:00.000
5268,20260722,20260726,15840,485,18,197,210,6,5,SOA005268,687.7000,687.7000,687.7000,1,1,2026-08-24T00:00:00.000
5269,20260605,20260527,7380,483,497,22,257,2,3,SOA005269,688.4000,688.4000,688.4000,1,1,2026-08-24T00:00:00.000
5270,20260722,20260723,50160,22,420,413,227,7,2,SOA005270,689.1000,689.1000,689.1000,1,1,2026-08-24T00:00:00.000
5271,20260806,20260707,41340,300,240,21,305,4,6,SOA005271,689.8000,689.8000,689.8000,1,1,2026-08-24T00:00:00.000
5272,20260731,20260622,13620,7,349,83,310,4,2,SOA005272,690.5000,690.5000,690.5000,1,1,2026-08-24T00:00:00.000
5273,20260806,20260625,18060,416,242,162,245,2,7,SOA005273,691.2000,691.2000,691.2000,1,1,2026-08-24T00:00:00.000
5274,20260608,20260705,79920,404,287,197,230,8,5,SOA005274,691.9000,691.9000,691.9000,1,1,2026-08-24T00:00:00.000
5275,20260527,20260815,82020,148,419,489,187,2,3,SOA005275,692.6000,692.6000,692.6000,1,1,2026-08-24T00:00:00.000
5276,20260702,20260810,76140,435,69,55,98,2,2,SOA005276,693.3000,693.3000,693.3000,1,1,2026-08-24T00:00:00.000
5277,20260807,20260718,5040,478,496,15,33,10,3,SOA005277,694.0000,694.0000,694.0000,1,1,2026-08-24T00:00:00.000
5278,20260619,20260730,7680,403,454,230,269,4,2,SOA005278,694.7000,694.7000,694.7000,1,1,2026-08-24T00:00:00.000
5279,20260813,20260803,38940,463,107,24,64,7,1,SOA005279,695.4000,695.4000,695.4000,1,1,2026-08-24T00:00:00.000
5280,20260805,20260605,16140,35,301,424,320,2,7,SOA005280,696.1000,696.1000,696.1000,1,1,2026-08-24T00:00:00.000
5281,20260719,20260606,16680,497,188,303,34,7,3,SOA005281,696.8000,696.8000,696.8000,1,1,2026-08-24T00:00:00.000
5282,20260723,20260711,85440,485,250,297,180,7,3,SOA005282,697.5000,697.5000,697.5000,1,1,2026-08-24T00:00:00.000
5283,20260712,20260611,6360,209,71,111,149,9,7,SOA005283,698.2000,698.2000,698.2000,1,1,2026-08-24T00:00:00.000
5284,20260824,20260807,73380,64,329,428,343,6,1,SOA005284,698.9000,698.9000,698.9000,1,1,2026-08-24T00:00:00.000
5285,20260823,20260725,76500,214,204,379,61,8,5,SOA005285,699.6000,699.6000,699.6000,1,1,2026-08-24T00:00:00.000
5286,20260724,20260725,5520,414,187,163,84,8,3,SOA005286,700.3000,700.3000,700.3000,1,1,2026-08-24T00:00:00.000
5287,20260805,20260620,54060,258,356,143,247,7,7,SOA005287,701.0000,701.0000,701.0000,1,1,2026-08-24T00:00:00.000
5288,20260725,20260822,80700,273,55,447,89,7,2,SOA005288,701.7000,701.7000,701.7000,1,1,2026-08-24T00:00:00.000
5289,20260615,20260709,70620,395,375,50,152,2,6,SOA005289,702.4000,702.4000,702.4000,1,1,2026-08-24T00:00:00.000
5290,20260806,20260813,52260,484,114,10,335,1,4,SOA005290,703.1000,703.1000,703.1000,1,1,2026-08-24T00:00:00.000
5291,20260809,20260528,76740,137,256,455,40,8,5,SOA005291,703.8000,703.8000,703.8000,1,1,2026-08-24T00:00:00.000
5292,20260815,20260626,25440,31,330,307,93,4,1,SOA005292,704.5000,704.5000,704.5000,1,1,2026-08-24T00:00:00.000
5293,20260701,20260724,65460,348,119,281,104,9,3,SOA005293,705.2000,705.2000,705.2000,1,1,2026-08-24T00:00:00.000
5294,20260602,20260810,63660,117,397,190,64,9,4,SOA005294,705.9000,705.9000,705.9000,1,1,2026-08-24T00:00:00.000
5295,20260717,20260717,28800,248,494,161,126,6,5,SOA005295,706.6000,706.6000,706.6000,1,1,2026-08-24T00:00:00.000
5296,20260813,20260812,82980,142,346,47,103,10,7,SOA005296,707.3000,707.3000,707.3000,1,1,2026-08-24T00:00:00.000
5297,20260813,20260818,73560,241,251,428,329,3,1,SOA005297,708.0000,708.0000,708.0000,1,1,2026-08-24T00:00:00.000
5298,20260620,20260614,44700,403,204,301,18,2,6,SOA005298,708.7000,708.7000,708.7000,1,1,2026-08-24T00:00:00.000
5299,20260529,20260802,45900,377,477,35,44,4,5,SOA005299,709.4000,709.4000,709.4000,1,1,2026-08-24T00:00:00.000
5300,20260817,20260602,11400,375,196,159,210,3,5,SOA005300,710.1000,710.1000,710.1000,1,1,2026-08-24T00:00:00.000
5301,20260724,20260630,1800,143,20,149,37,6,2,SOA005301,710.8000,710.8000,710.8000,1,1,2026-08-24T00:00:00.000
5302,20260626,20260821,79620,46,156,486,229,4,7,SOA005302,711.5000,711.5000,711.5000,1,1,2026-08-24T00:00:00.000
5303,20260626,20260805,42240,297,135,218,194,2,3,SOA005303,712.2000,712.2000,712.2000,1,1,2026-08-24T00:00:00.000
5304,20260707,20260606,24000,396,405,160,16,8,7,SOA005304,712.9000,712.9000,712.9000,1,1,2026-08-24T00:00:00.000
5305,20260801,20260605,50100,5,348,209,247,1,6,SOA005305,713.6000,713.6000,713.6000,1,1,2026-08-24T00:00:00.000
5306,20260816,20260702,54180,284,340,396,291,8,7,SOA005306,714.3000,714.3000,714.3000,1,1,2026-08-24T00:00:00.000
5307,20260618,20260611,68160,149,53,433,80,1,6,SOA005307,715.0000,715.0000,715.0000,1,1,2026-08-24T00:00:00.000
5308,20260721,20260725,9660,258,302,93,261,9,5,SOA005308,715.7000,715.7000,715.7000,1,1,2026-08-24T00:00:00.000
5309,20260816,20260629,80460,451,146,250,96,8,5,SOA005309,716.4000,716.4000,716.4000,1,1,2026-08-24T00:00:00.000
5310,20260615,20260625,26520,333,315,344,321,10,1,SOA005310,717.1000,717.1000,717.1000,1,1,2026-08-24T00:00:00.000
5311,20260802,20260628,79860,296,228,420,232,8,1,SOA005311,717.8000,717.8000,717.8000,1,1,2026-08-24T00:00:00.000
5312,20260707,20260816,61980,470,170,17,105,2,2,SOA005312,718.5000,718.5000,718.5000,1,1,2026-08-24T00:00:00.000
5313,20260816,20260624,7140,169,179,351,163,1,2,SOA005313,719.2000,719.2000,719.2000,1,1,2026-08-24T00:00:00.000
5314,20260620,20260601,19500,472,143,324,301,4,4,SOA005314,719.9000,719.9000,719.9000,1,1,2026-08-24T00:00:00.000
5315,20260614,20260529,50100,409,304,409,197,10,2,SOA005315,720.6000,720.6000,720.6000,1,1,2026-08-24T00:00:00.000
5316,20260612,20260807,36120,70,218,122,155,2,1,SOA005316,721.3000,721.3000,721.3000,1,1,2026-08-24T00:00:00.000
5317,20260628,20260627,4920,157,63,296,316,8,7,SOA005317,722.0000,722.0000,722.0000,1,1,2026-08-24T00:00:00.000
5318,20260607,20260616,77700,382,440,232,326,3,1,SOA005318,722.7000,722.7000,722.7000,1,1,2026-08-24T00:00:00.000
5319,20260818,20260617,50100,108,10,273,250,10,3,SOA005319,723.4000,723.4000,723.4000,1,1,2026-08-24T00:00:00.000
5320,20260709,20260804,43500,49,463,95,241,8,1,SOA005320,724.1000,724.1000,724.1000,1,1,2026-08-24T00:00:00.000
5321,20260809,20260812,54240,197,348,212,226,10,2,SOA005321,724.8000,724.8000,724.8000,1,1,2026-08-24T00:00:00.000
5322,20260730,20260723,70020,227,53,245,304,2,7,SOA005322,725.5000,725.5000,725.5000,1,1,2026-08-24T00:00:00.000
5323,20260614,20260527,11340,371,5,9,199,3,5,SOA005323,726.2000,726.2000,726.2000,1,1,2026-08-24T00:00:00.000
5324,20260727,20260809,53280,69,49,140,341,3,4,SOA005324,726.9000,726.9000,726.9000,1,1,2026-08-24T00:00:00.000
5325,20260814,20260624,70500,110,132,454,281,7,6,SOA005325,727.6000,727.6000,727.6000,1,1,2026-08-24T00:00:00.000
5326,20260728,20260606,74700,313,344,172,116,1,7,SOA005326,728.3000,728.3000,728.3000,1,1,2026-08-24T00:00:00.000
5327,20260811,20260817,4920,107,295,199,81,6,5,SOA005327,729.0000,729.0000,729.0000,1,1,2026-08-24T00:00:00.000
5328,20260810,20260704,20880,432,11,307,270,4,6,SOA005328,729.7000,729.7000,729.7000,1,1,2026-08-24T00:00:00.000
5329,20260620,20260530,69720,471,258,332,144,6,4,SOA005329,730.4000,730.4000,730.4000,1,1,2026-08-24T00:00:00.000
5330,20260805,20260705,82260,403,394,390,237,3,4,SOA005330,731.1000,731.1000,731.1000,1,1,2026-08-24T00:00:00.000
5331,20260724,20260618,68220,228,187,439,282,3,3,SOA005331,731.8000,731.8000,731.8000,1,1,2026-08-24T00:00:00.000
5332,20260709,20260604,77520,351,387,283,216,8,4,SOA005332,732.5000,732.5000,732.5000,1,1,2026-08-24T00:00:00.000
5333,20260815,20260615,73320,418,401,288,84,8,7,SOA005333,733.2000,733.2000,733.2000,1,1,2026-08-24T00:00:00.000
5334,20260702,20260814,64380,214,118,46,67,1,6,SOA005334,733.9000,733.9000,733.9000,1,1,2026-08-24T00:00:00.000
5335,20260623,20260701,78060,257,452,3,10,10,3,SOA005335,734.6000,734.6000,734.6000,1,1,2026-08-24T00:00:00.000
5336,20260624,20260718,44880,389,342,325,64,9,3,SOA005336,735.3000,735.3000,735.3000,1,1,2026-08-24T00:00:00.000
5337,20260731,20260530,43080,58,471,253,83,4,4,SOA005337,736.0000,736.0000,736.0000,1,1,2026-08-24T00:00:00.000
5338,20260625,20260821,21300,470,411,238,110,1,5,SOA005338,736.7000,736.7000,736.7000,1,1,2026-08-24T00:00:00.000
5339,20260715,20260708,63600,465,189,254,141,10,6,SOA005339,737.4000,737.4000,737.4000,1,1,2026-08-24T00:00:00.000
5340,20260607,20260731,1440,357,456,424,150,1,5,SOA005340,738.1000,738.1000,738.1000,1,1,2026-08-24T00:00:00.000
5341,20260611,20260817,49200,483,218,128,81,9,5,SOA005341,738.8000,738.8000,738.8000,1,1,2026-08-24T00:00:00.000
5342,20260627,20260802,4380,282,250,455,113,9,1,SOA005342,739.5000,739.5000,739.5000,1,1,2026-08-24T00:00:00.000
5343,20260615,20260723,29340,297,229,431,26,2,2,SOA005343,740.2000,740.2000,740.2000,1,1,2026-08-24T00:00:00.000
5344,20260725,20260616,19260,367,382,226,250,5,3,SOA005344,740.9000,740.9000,740.9000,1,1,2026-08-24T00:00:00.000
5345,20260719,20260809,40260,421,310,349,346,6,4,SOA005345,741.6000,741.6000,741.6000,1,1,2026-08-24T00:00:00.000
5346,20260802,20260722,2700,379,433,271,269,9,3,SOA005346,742.3000,742.3000,742.3000,1,1,2026-08-24T00:00:00.000
5347,20260711,20260713,20280,93,99,67,11,10,4,SOA005347,743.0000,743.0000,743.0000,1,1,2026-08-24T00:00:00.000
5348,20260527,20260616,13320,299,400,353,302,1,4,SOA005348,743.7000,743.7000,743.7000,1,1,2026-08-24T00:00:00.000
5349,20260702,20260709,49980,134,386,469,273,5,5,SOA005349,744.4000,744.4000,744.4000,1,1,2026-08-24T00:00:00.000
5350,20260613,20260618,38040,363,112,10,117,4,7,SOA005350,745.1000,745.1000,745.1000,1,1,2026-08-24T00:00:00.000
5351,20260708,20260716,41040,369,216,174,209,3,5,SOA005351,745.8000,745.8000,745.8000,1,1,2026-08-24T00:00:00.000
5352,20260623,20260727,53220,393,287,328,140,2,7,SOA005352,746.5000,746.5000,746.5000,1,1,2026-08-24T00:00:00.000
5353,20260719,20260605,74820,196,32,198,82,3,1,SOA005353,747.2000,747.2000,747.2000,1,1,2026-08-24T00:00:00.000
5354,20260720,20260804,81180,454,468,335,310,1,3,SOA005354,747.9000,747.9000,747.9000,1,1,2026-08-24T00:00:00.000
5355,20260701,20260528,7380,356,69,267,32,8,1,SOA005355,748.6000,748.6000,748.6000,1,1,2026-08-24T00:00:00.000
5356,20260627,20260604,21540,427,146,68,17,7,4,SOA005356,749.3000,749.3000,749.3000,1,1,2026-08-24T00:00:00.000
5357,20260621,20260618,40260,378,161,418,141,9,3,SOA005357,750.0000,750.0000,750.0000,1,1,2026-08-24T00:00:00.000
5358,20260712,20260616,61680,301,219,55,308,2,3,SOA005358,750.7000,750.7000,750.7000,1,1,2026-08-24T00:00:00.000
5359,20260530,20260630,16020,159,351,413,109,3,4,SOA005359,751.4000,751.4000,751.4000,1,1,2026-08-24T00:00:00.000
5360,20260531,20260610,49860,8,92,69,252,2,6,SOA005360,752.1000,752.1000,752.1000,1,1,2026-08-24T00:00:00.000
5361,20260722,20260612,37140,190,178,454,82,4,1,SOA005361,752.8000,752.8000,752.8000,1,1,2026-08-24T00:00:00.000
5362,20260714,20260718,7320,172,79,369,139,4,4,SOA005362,753.5000,753.5000,753.5000,1,1,2026-08-24T00:00:00.000
5363,20260528,20260701,9360,438,107,228,136,9,6,SOA005363,754.2000,754.2000,754.2000,1,1,2026-08-24T00:00:00.000
5364,20260719,20260527,31560,393,55,301,131,6,3,SOA005364,754.9000,754.9000,754.9000,1,1,2026-08-24T00:00:00.000
5365,20260604,20260819,40020,418,210,432,193,3,2,SOA005365,755.6000,755.6000,755.6000,1,1,2026-08-24T00:00:00.000
5366,20260618,20260618,35940,416,17,171,129,3,7,SOA005366,756.3000,756.3000,756.3000,1,1,2026-08-24T00:00:00.000
5367,20260611,20260702,80580,272,422,235,339,10,1,SOA005367,757.0000,757.0000,757.0000,1,1,2026-08-24T00:00:00.000
5368,20260625,20260820,48120,227,481,27,234,5,4,SOA005368,757.7000,757.7000,757.7000,1,1,2026-08-24T00:00:00.000
5369,20260712,20260806,54120,44,239,106,96,10,1,SOA005369,758.4000,758.4000,758.4000,1,1,2026-08-24T00:00:00.000
5370,20260804,20260601,74700,346,209,428,206,5,4,SOA005370,759.1000,759.1000,759.1000,1,1,2026-08-24T00:00:00.000
5371,20260704,20260608,62100,315,132,282,24,9,5,SOA005371,759.8000,759.8000,759.8000,1,1,2026-08-24T00:00:00.000
5372,20260530,20260708,35820,481,109,460,105,7,4,SOA005372,760.5000,760.5000,760.5000,1,1,2026-08-24T00:00:00.000
5373,20260616,20260728,30480,288,410,23,207,1,1,SOA005373,761.2000,761.2000,761.2000,1,1,2026-08-24T00:00:00.000
5374,20260717,20260816,2280,192,466,191,239,1,2,SOA005374,761.9000,761.9000,761.9000,1,1,2026-08-24T00:00:00.000
5375,20260617,20260809,17760,375,465,158,161,8,2,SOA005375,762.6000,762.6000,762.6000,1,1,2026-08-24T00:00:00.000
5376,20260623,20260617,62100,437,458,4,72,4,3,SOA005376,763.3000,763.3000,763.3000,1,1,2026-08-24T00:00:00.000
5377,20260726,20260624,11880,418,172,313,345,7,7,SOA005377,764.0000,764.0000,764.0000,1,1,2026-08-24T00:00:00.000
5378,20260705,20260612,72060,390,58,284,118,9,7,SOA005378,764.7000,764.7000,764.7000,1,1,2026-08-24T00:00:00.000
5379,20260530,20260614,31680,81,185,153,67,4,1,SOA005379,765.4000,765.4000,765.4000,1,1,2026-08-24T00:00:00.000
5380,20260627,20260612,22860,354,483,105,206,4,7,SOA005380,766.1000,766.1000,766.1000,1,1,2026-08-24T00:00:00.000
5381,20260606,20260607,600,207,416,307,47,9,5,SOA005381,766.8000,766.8000,766.8000,1,1,2026-08-24T00:00:00.000
5382,20260721,20260702,82620,174,371,71,35,4,7,SOA005382,767.5000,767.5000,767.5000,1,1,2026-08-24T00:00:00.000
5383,20260628,20260622,35100,145,55,250,20,4,4,SOA005383,768.2000,768.2000,768.2000,1,1,2026-08-24T00:00:00.000
5384,20260615,20260704,20160,229,289,453,210,3,7,SOA005384,768.9000,768.9000,768.9000,1,1,2026-08-24T00:00:00.000
5385,20260812,20260727,39420,330,103,95,330,3,1,SOA005385,769.6000,769.6000,769.6000,1,1,2026-08-24T00:00:00.000
5386,20260705,20260622,62340,438,5,411,323,8,1,SOA005386,770.3000,770.3000,770.3000,1,1,2026-08-24T00:00:00.000
5387,20260626,20260712,11880,453,46,98,266,10,4,SOA005387,771.0000,771.0000,771.0000,1,1,2026-08-24T00:00:00.000
5388,20260628,20260808,31320,481,13,143,201,8,3,SOA005388,771.7000,771.7000,771.7000,1,1,2026-08-24T00:00:00.000
5389,20260612,20260801,71340,407,266,50,62,2,5,SOA005389,772.4000,772.4000,772.4000,1,1,2026-08-24T00:00:00.000
5390,20260818,20260818,79320,353,311,306,330,2,1,SOA005390,773.1000,773.1000,773.1000,1,1,2026-08-24T00:00:00.000
5391,20260712,20260801,68520,484,446,102,97,8,4,SOA005391,773.8000,773.8000,773.8000,1,1,2026-08-24T00:00:00.000
5392,20260603,20260618,48600,99,77,242,126,5,5,SOA005392,774.5000,774.5000,774.5000,1,1,2026-08-24T00:00:00.000
5393,20260617,20260713,24720,244,178,491,10,5,4,SOA005393,775.2000,775.2000,775.2000,1,1,2026-08-24T00:00:00.000
5394,20260730,20260703,40560,373,78,275,308,7,1,SOA005394,775.9000,775.9000,775.9000,1,1,2026-08-24T00:00:00.000
5395,20260723,20260723,60360,350,94,414,286,1,5,SOA005395,776.6000,776.6000,776.6000,1,1,2026-08-24T00:00:00.000
5396,20260608,20260629,43560,455,105,437,22,5,6,SOA005396,777.3000,777.3000,777.3000,1,1,2026-08-24T00:00:00.000
5397,20260824,20260527,18060,397,348,47,61,7,7,SOA005397,778.0000,778.0000,778.0000,1,1,2026-08-24T00:00:00.000
5398,20260607,20260702,20820,435,432,180,282,3,3,SOA005398,778.7000,778.7000,778.7000,1,1,2026-08-24T00:00:00.000
5399,20260617,20260714,45300,48,80,260,32,5,1,SOA005399,779.4000,779.4000,779.4000,1,1,2026-08-24T00:00:00.000
5400,20260622,20260629,1320,46,459,163,44,9,7,SOA005400,780.1000,780.1000,780.1000,1,1,2026-08-24T00:00:00.000
5401,20260816,20260701,3360,457,18,498,169,2,6,SOA005401,780.8000,780.8000,780.8000,1,1,2026-08-24T00:00:00.000
5402,20260528,20260626,12600,110,236,70,154,9,4,SOA005402,781.5000,781.5000,781.5000,1,1,2026-08-24T00:00:00.000
5403,20260815,20260628,22320,390,473,380,262,5,2,SOA005403,782.2000,782.2000,782.2000,1,1,2026-08-24T00:00:00.000
5404,20260729,20260804,4920,261,349,491,201,6,2,SOA005404,782.9000,782.9000,782.9000,1,1,2026-08-24T00:00:00.000
5405,20260821,20260608,50940,225,358,9,201,3,3,SOA005405,783.6000,783.6000,783.6000,1,1,2026-08-24T00:00:00.000
5406,20260804,20260717,3780,467,93,462,130,2,2,SOA005406,784.3000,784.3000,784.3000,1,1,2026-08-24T00:00:00.000
5407,20260812,20260621,67860,11,204,69,345,1,7,SOA005407,785.0000,785.0000,785.0000,1,1,2026-08-24T00:00:00.000
5408,20260611,20260719,13020,301,163,357,336,7,3,SOA005408,785.7000,785.7000,785.7000,1,1,2026-08-24T00:00:00.000
5409,20260728,20260707,68520,6,210,441,133,2,4,SOA005409,786.4000,786.4000,786.4000,1,1,2026-08-24T00:00:00.000
5410,20260703,20260712,58620,292,144,387,25,3,1,SOA005410,787.1000,787.1000,787.1000,1,1,2026-08-24T00:00:00.000
5411,20260623,20260811,1200,254,118,115,49,4,6,SOA005411,787.8000,787.8000,787.8000,1,1,2026-08-24T00:00:00.000
5412,20260724,20260807,83400,51,494,10,150,7,4,SOA005412,788.5000,788.5000,788.5000,1,1,2026-08-24T00:00:00.000
5413,20260703,20260803,46260,470,171,252,272,2,5,SOA005413,789.2000,789.2000,789.2000,1,1,2026-08-24T00:00:00.000
5414,20260709,20260721,6420,128,163,179,215,1,1,SOA005414,789.9000,789.9000,789.9000,1,1,2026-08-24T00:00:00.000
5415,20260724,20260727,71580,438,153,422,116,3,3,SOA005415,790.6000,790.6000,790.6000,1,1,2026-08-24T00:00:00.000
5416,20260824,20260822,73080,1,174,165,216,6,2,SOA005416,791.3000,791.3000,791.3000,1,1,2026-08-24T00:00:00.000
5417,20260531,20260720,16200,275,283,281,128,1,3,SOA005417,792.0000,792.0000,792.0000,1,1,2026-08-24T00:00:00.000
5418,20260607,20260528,76320,224,162,259,156,4,7,SOA005418,792.7000,792.7000,792.7000,1,1,2026-08-24T00:00:00.000
5419,20260625,20260811,65400,287,275,344,179,1,1,SOA005419,793.4000,793.4000,793.4000,1,1,2026-08-24T00:00:00.000
5420,20260816,20260626,1200,485,150,365,324,5,6,SOA005420,794.1000,794.1000,794.1000,1,1,2026-08-24T00:00:00.000
5421,20260603,20260618,54120,236,259,479,275,6,2,SOA005421,794.8000,794.8000,794.8000,1,1,2026-08-24T00:00:00.000
5422,20260817,20260528,37920,45,134,183,163,5,1,SOA005422,795.5000,795.5000,795.5000,1,1,2026-08-24T00:00:00.000
5423,20260724,20260803,3900,348,139,245,185,9,4,SOA005423,796.2000,796.2000,796.2000,1,1,2026-08-24T00:00:00.000
5424,20260731,20260621,67560,11,194,117,127,2,3,SOA005424,796.9000,796.9000,796.9000,1,1,2026-08-24T00:00:00.000
5425,20260714,20260824,4380,129,159,469,309,7,1,SOA005425,797.6000,797.6000,797.6000,1,1,2026-08-24T00:00:00.000
5426,20260630,20260722,18600,490,244,126,82,2,1,SOA005426,798.3000,798.3000,798.3000,1,1,2026-08-24T00:00:00.000
5427,20260617,20260804,22560,365,133,169,129,1,7,SOA005427,799.0000,799.0000,799.0000,1,1,2026-08-24T00:00:00.000
5428,20260627,20260602,43320,476,262,417,110,6,1,SOA005428,799.7000,799.7000,799.7000,1,1,2026-08-24T00:00:00.000
5429,20260726,20260605,68460,20,299,466,9,6,6,SOA005429,800.4000,800.4000,800.4000,1,1,2026-08-24T00:00:00.000
5430,20260810,20260724,26760,39,308,383,212,4,3,SOA005430,801.1000,801.1000,801.1000,1,1,2026-08-24T00:00:00.000
5431,20260611,20260714,67740,45,250,38,333,3,2,SOA005431,801.8000,801.8000,801.8000,1,1,2026-08-24T00:00:00.000
5432,20260528,20260713,66840,320,234,73,288,7,3,SOA005432,802.5000,802.5000,802.5000,1,1,2026-08-24T00:00:00.000
5433,20260620,20260702,7920,313,496,344,265,10,1,SOA005433,803.2000,803.2000,803.2000,1,1,2026-08-24T00:00:00.000
5434,20260804,20260622,19320,52,411,284,12,1,7,SOA005434,803.9000,803.9000,803.9000,1,1,2026-08-24T00:00:00.000
5435,20260817,20260801,53700,384,148,117,106,2,3,SOA005435,804.6000,804.6000,804.6000,1,1,2026-08-24T00:00:00.000
5436,20260718,20260627,18180,407,227,394,4,2,1,SOA005436,805.3000,805.3000,805.3000,1,1,2026-08-24T00:00:00.000
5437,20260823,20260820,4680,285,99,364,83,6,2,SOA005437,806.0000,806.0000,806.0000,1,1,2026-08-24T00:00:00.000
5438,20260807,20260614,40680,333,21,171,237,10,5,SOA005438,806.7000,806.7000,806.7000,1,1,2026-08-24T00:00:00.000
5439,20260714,20260629,57540,429,287,50,5,10,4,SOA005439,807.4000,807.4000,807.4000,1,1,2026-08-24T00:00:00.000
5440,20260614,20260824,22860,20,240,275,4,7,6,SOA005440,808.1000,808.1000,808.1000,1,1,2026-08-24T00:00:00.000
5441,20260628,20260628,58200,221,327,327,144,9,2,SOA005441,808.8000,808.8000,808.8000,1,1,2026-08-24T00:00:00.000
5442,20260719,20260527,9720,244,445,223,292,3,7,SOA005442,809.5000,809.5000,809.5000,1,1,2026-08-24T00:00:00.000
5443,20260824,20260821,81420,177,344,102,54,6,5,SOA005443,810.2000,810.2000,810.2000,1,1,2026-08-24T00:00:00.000
5444,20260713,20260528,30900,479,270,253,186,10,6,SOA005444,810.9000,810.9000,810.9000,1,1,2026-08-24T00:00:00.000
5445,20260727,20260719,11580,400,163,422,177,2,4,SOA005445,811.6000,811.6000,811.6000,1,1,2026-08-24T00:00:00.000
5446,20260807,20260531,52320,309,114,391,342,3,2,SOA005446,812.3000,812.3000,812.3000,1,1,2026-08-24T00:00:00.000
5447,20260623,20260626,78360,191,442,298,350,9,3,SOA005447,813.0000,813.0000,813.0000,1,1,2026-08-24T00:00:00.000
5448,20260729,20260601,10920,13,119,38,11,6,6,SOA005448,813.7000,813.7000,813.7000,1,1,2026-08-24T00:00:00.000
5449,20260818,20260612,47040,30,133,294,285,8,2,SOA005449,814.4000,814.4000,814.4000,1,1,2026-08-24T00:00:00.000
5450,20260808,20260527,81060,454,488,1,74,4,4,SOA005450,815.1000,815.1000,815.1000,1,1,2026-08-24T00:00:00.000
5451,20260730,20260822,7500,256,419,254,23,1,3,SOA005451,815.8000,815.8000,815.8000,1,1,2026-08-24T00:00:00.000
5452,20260603,20260726,60480,183,283,422,139,6,3,SOA005452,816.5000,816.5000,816.5000,1,1,2026-08-24T00:00:00.000
5453,20260806,20260704,63660,3,410,276,213,1,3,SOA005453,817.2000,817.2000,817.2000,1,1,2026-08-24T00:00:00.000
5454,20260611,20260610,70860,470,260,41,128,8,4,SOA005454,817.9000,817.9000,817.9000,1,1,2026-08-24T00:00:00.000
5455,20260607,20260723,3120,388,207,374,67,2,2,SOA005455,818.6000,818.6000,818.6000,1,1,2026-08-24T00:00:00.000
5456,20260612,20260606,8640,285,84,38,100,6,2,SOA005456,819.3000,819.3000,819.3000,1,1,2026-08-24T00:00:00.000
5457,20260605,20260727,52320,150,439,259,132,2,7,SOA005457,820.0000,820.0000,820.0000,1,1,2026-08-24T00:00:00.000
5458,20260608,20260823,44340,99,355,392,327,1,7,SOA005458,820.7000,820.7000,820.7000,1,1,2026-08-24T00:00:00.000
5459,20260529,20260722,29580,59,123,465,49,5,7,SOA005459,821.4000,821.4000,821.4000,1,1,2026-08-24T00:00:00.000
5460,20260723,20260809,60540,263,428,104,140,10,5,SOA005460,822.1000,822.1000,822.1000,1,1,2026-08-24T00:00:00.000
5461,20260618,20260602,71700,462,11,382,254,10,7,SOA005461,822.8000,822.8000,822.8000,1,1,2026-08-24T00:00:00.000
5462,20260801,20260627,61500,148,9,435,142,6,7,SOA005462,823.5000,823.5000,823.5000,1,1,2026-08-24T00:00:00.000
5463,20260627,20260821,27180,466,107,239,141,3,7,SOA005463,824.2000,824.2000,824.2000,1,1,2026-08-24T00:00:00.000
5464,20260608,20260627,28140,238,291,456,35,9,2,SOA005464,824.9000,824.9000,824.9000,1,1,2026-08-24T00:00:00.000
5465,20260619,20260616,39180,237,166,398,37,10,2,SOA005465,825.6000,825.6000,825.6000,1,1,2026-08-24T00:00:00.000
5466,20260813,20260813,65820,408,227,461,69,10,7,SOA005466,826.3000,826.3000,826.3000,1,1,2026-08-24T00:00:00.000
5467,20260805,20260802,71700,489,321,355,34,6,2,SOA005467,827.0000,827.0000,827.0000,1,1,2026-08-24T00:00:00.000
5468,20260531,20260709,9300,98,73,385,221,8,1,SOA005468,827.7000,827.7000,827.7000,1,1,2026-08-24T00:00:00.000
5469,20260723,20260621,24840,324,491,67,65,3,1,SOA005469,828.4000,828.4000,828.4000,1,1,2026-08-24T00:00:00.000
5470,20260629,20260718,25920,1,222,189,264,5,1,SOA005470,829.1000,829.1000,829.1000,1,1,2026-08-24T00:00:00.000
5471,20260810,20260723,86220,53,132,216,260,7,6,SOA005471,829.8000,829.8000,829.8000,1,1,2026-08-24T00:00:00.000
5472,20260726,20260708,23160,160,137,317,277,2,3,SOA005472,830.5000,830.5000,830.5000,1,1,2026-08-24T00:00:00.000
5473,20260615,20260805,37620,50,67,467,35,1,5,SOA005473,831.2000,831.2000,831.2000,1,1,2026-08-24T00:00:00.000
5474,20260616,20260615,81660,99,96,266,234,2,7,SOA005474,831.9000,831.9000,831.9000,1,1,2026-08-24T00:00:00.000
5475,20260821,20260803,66180,12,66,444,22,1,2,SOA005475,832.6000,832.6000,832.6000,1,1,2026-08-24T00:00:00.000
5476,20260628,20260714,51420,427,457,477,267,3,1,SOA005476,833.3000,833.3000,833.3000,1,1,2026-08-24T00:00:00.000
5477,20260625,20260628,62820,461,417,114,2,7,4,SOA005477,834.0000,834.0000,834.0000,1,1,2026-08-24T00:00:00.000
5478,20260627,20260824,50640,484,276,252,85,2,1,SOA005478,834.7000,834.7000,834.7000,1,1,2026-08-24T00:00:00.000
5479,20260613,20260704,82980,409,313,89,256,1,5,SOA005479,835.4000,835.4000,835.4000,1,1,2026-08-24T00:00:00.000
5480,20260714,20260824,25380,488,186,112,149,3,6,SOA005480,836.1000,836.1000,836.1000,1,1,2026-08-24T00:00:00.000
5481,20260804,20260610,58620,268,67,272,46,1,3,SOA005481,836.8000,836.8000,836.8000,1,1,2026-08-24T00:00:00.000
5482,20260801,20260815,1560,200,335,34,32,9,7,SOA005482,837.5000,837.5000,837.5000,1,1,2026-08-24T00:00:00.000
5483,20260618,20260621,20640,173,234,322,97,3,7,SOA005483,838.2000,838.2000,838.2000,1,1,2026-08-24T00:00:00.000
5484,20260616,20260620,21060,185,21,53,179,9,7,SOA005484,838.9000,838.9000,838.9000,1,1,2026-08-24T00:00:00.000
5485,20260713,20260530,51360,26,494,227,4,5,7,SOA005485,839.6000,839.6000,839.6000,1,1,2026-08-24T00:00:00.000
5486,20260613,20260822,79680,498,209,477,19,7,3,SOA005486,840.3000,840.3000,840.3000,1,1,2026-08-24T00:00:00.000
5487,20260615,20260807,65280,325,45,75,88,4,4,SOA005487,841.0000,841.0000,841.0000,1,1,2026-08-24T00:00:00.000
5488,20260820,20260812,78900,33,399,225,112,9,5,SOA005488,841.7000,841.7000,841.7000,1,1,2026-08-24T00:00:00.000
5489,20260619,20260616,44400,133,267,327,148,2,5,SOA005489,842.4000,842.4000,842.4000,1,1,2026-08-24T00:00:00.000
5490,20260822,20260605,64680,486,266,311,142,1,1,SOA005490,843.1000,843.1000,843.1000,1,1,2026-08-24T00:00:00.000
5491,20260628,20260605,57060,113,302,336,175,10,6,SOA005491,843.8000,843.8000,843.8000,1,1,2026-08-24T00:00:00.000
5492,20260614,20260529,12060,485,70,66,293,6,4,SOA005492,844.5000,844.5000,844.5000,1,1,2026-08-24T00:00:00.000
5493,20260818,20260721,13080,279,458,230,231,5,2,SOA005493,845.2000,845.2000,845.2000,1,1,2026-08-24T00:00:00.000
5494,20260717,20260727,40080,90,32,22,169,5,3,SOA005494,845.9000,845.9000,845.9000,1,1,2026-08-24T00:00:00.000
5495,20260610,20260804,43740,215,67,38,163,10,7,SOA005495,846.6000,846.6000,846.6000,1,1,2026-08-24T00:00:00.000
5496,20260704,20260808,9480,161,18,170,56,8,6,SOA005496,847.3000,847.3000,847.3000,1,1,2026-08-24T00:00:00.000
5497,20260620,20260612,32220,346,198,164,345,8,7,SOA005497,848.0000,848.0000,848.0000,1,1,2026-08-24T00:00:00.000
5498,20260709,20260713,80880,338,440,17,9,10,3,SOA005498,848.7000,848.7000,848.7000,1,1,2026-08-24T00:00:00.000
5499,20260604,20260711,68640,98,317,194,159,2,7,SOA005499,849.4000,849.4000,849.4000,1,1,2026-08-24T00:00:00.000
5500,20260708,20260805,74640,19,67,310,38,8,2,SOA005500,850.1000,850.1000,850.1000,1,1,2026-08-24T00:00:00.000
5501,20260820,20260530,71820,156,241,282,118,9,4,SOA005501,850.8000,850.8000,850.8000,1,1,2026-08-24T00:00:00.000
5502,20260819,20260626,77820,496,379,401,91,1,5,SOA005502,851.5000,851.5000,851.5000,1,1,2026-08-24T00:00:00.000
5503,20260706,20260611,45000,255,470,169,226,10,4,SOA005503,852.2000,852.2000,852.2000,1,1,2026-08-24T00:00:00.000
5504,20260621,20260805,12300,249,431,284,105,9,5,SOA005504,852.9000,852.9000,852.9000,1,1,2026-08-24T00:00:00.000
5505,20260804,20260611,81060,344,74,76,284,7,5,SOA005505,853.6000,853.6000,853.6000,1,1,2026-08-24T00:00:00.000
5506,20260626,20260802,38160,91,3,51,320,3,5,SOA005506,854.3000,854.3000,854.3000,1,1,2026-08-24T00:00:00.000
5507,20260802,20260705,9600,498,414,388,102,1,5,SOA005507,855.0000,855.0000,855.0000,1,1,2026-08-24T00:00:00.000
5508,20260701,20260719,28680,276,401,472,64,9,5,SOA005508,855.7000,855.7000,855.7000,1,1,2026-08-24T00:00:00.000
5509,20260721,20260806,3240,58,139,304,318,8,2,SOA005509,856.4000,856.4000,856.4000,1,1,2026-08-24T00:00:00.000
5510,20260712,20260711,69000,267,383,418,305,5,7,SOA005510,857.1000,857.1000,857.1000,1,1,2026-08-24T00:00:00.000
5511,20260721,20260723,35760,350,29,372,100,7,6,SOA005511,857.8000,857.8000,857.8000,1,1,2026-08-24T00:00:00.000
5512,20260601,20260702,36000,115,77,343,288,3,3,SOA005512,858.5000,858.5000,858.5000,1,1,2026-08-24T00:00:00.000
5513,20260619,20260718,28140,430,246,397,198,1,7,SOA005513,859.2000,859.2000,859.2000,1,1,2026-08-24T00:00:00.000
5514,20260709,20260724,41040,220,355,29,41,10,7,SOA005514,859.9000,859.9000,859.9000,1,1,2026-08-24T00:00:00.000
5515,20260824,20260529,18780,153,481,447,234,10,7,SOA005515,860.6000,860.6000,860.6000,1,1,2026-08-24T00:00:00.000
5516,20260601,20260807,68340,244,208,18,38,8,6,SOA005516,861.3000,861.3000,861.3000,1,1,2026-08-24T00:00:00.000
5517,20260527,20260803,16920,238,230,345,14,3,1,SOA005517,862.0000,862.0000,862.0000,1,1,2026-08-24T00:00:00.000
5518,20260811,20260819,17100,338,145,38,42,5,7,SOA005518,862.7000,862.7000,862.7000,1,1,2026-08-24T00:00:00.000
5519,20260808,20260701,51540,64,144,134,131,6,5,SOA005519,863.4000,863.4000,863.4000,1,1,2026-08-24T00:00:00.000
5520,20260527,20260719,44400,124,184,413,278,5,7,SOA005520,864.1000,864.1000,864.1000,1,1,2026-08-24T00:00:00.000
5521,20260728,20260727,49620,275,147,397,62,10,6,SOA005521,864.8000,864.8000,864.8000,1,1,2026-08-24T00:00:00.000
5522,20260714,20260702,19740,415,7,115,63,4,7,SOA005522,865.5000,865.5000,865.5000,1,1,2026-08-24T00:00:00.000
5523,20260708,20260725,51720,195,127,302,3,7,1,SOA005523,866.2000,866.2000,866.2000,1,1,2026-08-24T00:00:00.000
5524,20260703,20260803,70260,470,69,484,219,6,6,SOA005524,866.9000,866.9000,866.9000,1,1,2026-08-24T00:00:00.000
5525,20260816,20260612,3480,44,240,332,101,1,2,SOA005525,867.6000,867.6000,867.6000,1,1,2026-08-24T00:00:00.000
5526,20260806,20260627,63840,442,20,297,327,10,4,SOA005526,868.3000,868.3000,868.3000,1,1,2026-08-24T00:00:00.000
5527,20260604,20260708,3000,63,57,438,291,9,6,SOA005527,869.0000,869.0000,869.0000,1,1,2026-08-24T00:00:00.000
5528,20260622,20260801,72300,248,461,192,65,8,5,SOA005528,869.7000,869.7000,869.7000,1,1,2026-08-24T00:00:00.000
5529,20260703,20260604,42480,321,231,455,312,3,1,SOA005529,870.4000,870.4000,870.4000,1,1,2026-08-24T00:00:00.000
5530,20260727,20260715,48540,362,437,427,42,2,5,SOA005530,871.1000,871.1000,871.1000,1,1,2026-08-24T00:00:00.000
5531,20260630,20260821,5220,103,320,239,273,9,2,SOA005531,871.8000,871.8000,871.8000,1,1,2026-08-24T00:00:00.000
5532,20260821,20260820,6900,322,5,94,172,9,4,SOA005532,872.5000,872.5000,872.5000,1,1,2026-08-24T00:00:00.000
5533,20260703,20260816,13560,410,291,95,11,8,3,SOA005533,873.2000,873.2000,873.2000,1,1,2026-08-24T00:00:00.000
5534,20260729,20260627,45480,145,257,37,76,3,2,SOA005534,873.9000,873.9000,873.9000,1,1,2026-08-24T00:00:00.000
5535,20260728,20260630,81420,42,398,89,171,4,3,SOA005535,874.6000,874.6000,874.6000,1,1,2026-08-24T00:00:00.000
5536,20260708,20260820,31440,277,414,430,250,5,2,SOA005536,875.3000,875.3000,875.3000,1,1,2026-08-24T00:00:00.000
5537,20260809,20260816,20160,162,345,322,214,5,1,SOA005537,876.0000,876.0000,876.0000,1,1,2026-08-24T00:00:00.000
5538,20260723,20260527,26100,244,35,114,66,4,6,SOA005538,876.7000,876.7000,876.7000,1,1,2026-08-24T00:00:00.000
5539,20260717,20260720,2280,221,309,92,346,6,5,SOA005539,877.4000,877.4000,877.4000,1,1,2026-08-24T00:00:00.000
5540,20260724,20260711,13680,16,495,48,239,5,7,SOA005540,878.1000,878.1000,878.1000,1,1,2026-08-24T00:00:00.000
5541,20260705,20260707,10320,27,296,272,172,7,4,SOA005541,878.8000,878.8000,878.8000,1,1,2026-08-24T00:00:00.000
5542,20260702,20260711,72900,305,216,464,343,1,3,SOA005542,879.5000,879.5000,879.5000,1,1,2026-08-24T00:00:00.000
5543,20260727,20260605,2100,442,221,367,348,1,7,SOA005543,880.2000,880.2000,880.2000,1,1,2026-08-24T00:00:00.000
5544,20260802,20260806,52140,154,277,160,98,3,5,SOA005544,880.9000,880.9000,880.9000,1,1,2026-08-24T00:00:00.000
5545,20260609,20260622,42720,94,268,153,175,4,7,SOA005545,881.6000,881.6000,881.6000,1,1,2026-08-24T00:00:00.000
5546,20260708,20260730,20040,198,323,257,146,10,6,SOA005546,882.3000,882.3000,882.3000,1,1,2026-08-24T00:00:00.000
5547,20260725,20260702,34080,349,151,270,56,10,4,SOA005547,883.0000,883.0000,883.0000,1,1,2026-08-24T00:00:00.000
5548,20260809,20260610,45180,91,338,74,70,5,5,SOA005548,883.7000,883.7000,883.7000,1,1,2026-08-24T00:00:00.000
5549,20260602,20260723,21660,397,253,250,206,3,2,SOA005549,884.4000,884.4000,884.4000,1,1,2026-08-24T00:00:00.000
5550,20260709,20260703,58800,43,139,366,308,8,1,SOA005550,885.1000,885.1000,885.1000,1,1,2026-08-24T00:00:00.000
5551,20260615,20260601,54120,344,347,349,320,4,6,SOA005551,885.8000,885.8000,885.8000,1,1,2026-08-24T00:00:00.000
5552,20260819,20260815,5040,30,479,1,132,2,4,SOA005552,886.5000,886.5000,886.5000,1,1,2026-08-24T00:00:00.000
5553,20260628,20260701,12240,458,456,247,46,8,2,SOA005553,887.2000,887.2000,887.2000,1,1,2026-08-24T00:00:00.000
5554,20260602,20260803,73980,413,287,424,114,4,4,SOA005554,887.9000,887.9000,887.9000,1,1,2026-08-24T00:00:00.000
5555,20260702,20260728,3780,467,428,131,257,1,2,SOA005555,888.6000,888.6000,888.6000,1,1,2026-08-24T00:00:00.000
5556,20260706,20260822,65940,272,247,391,237,10,3,SOA005556,889.3000,889.3000,889.3000,1,1,2026-08-24T00:00:00.000
5557,20260725,20260709,71640,239,76,20,56,1,6,SOA005557,890.0000,890.0000,890.0000,1,1,2026-08-24T00:00:00.000
5558,20260714,20260619,72240,338,429,339,95,7,3,SOA005558,890.7000,890.7000,890.7000,1,1,2026-08-24T00:00:00.000
5559,20260528,20260530,44520,79,474,225,212,7,7,SOA005559,891.4000,891.4000,891.4000,1,1,2026-08-24T00:00:00.000
5560,20260808,20260701,49200,496,52,410,324,5,3,SOA005560,892.1000,892.1000,892.1000,1,1,2026-08-24T00:00:00.000
5561,20260817,20260528,30180,473,302,289,165,3,5,SOA005561,892.8000,892.8000,892.8000,1,1,2026-08-24T00:00:00.000
5562,20260814,20260720,80520,261,188,70,338,4,1,SOA005562,893.5000,893.5000,893.5000,1,1,2026-08-24T00:00:00.000
5563,20260804,20260528,62280,155,249,114,166,7,2,SOA005563,894.2000,894.2000,894.2000,1,1,2026-08-24T00:00:00.000
5564,20260615,20260727,12960,156,367,472,333,9,4,SOA005564,894.9000,894.9000,894.9000,1,1,2026-08-24T00:00:00.000
5565,20260608,20260822,9840,471,490,366,271,3,4,SOA005565,895.6000,895.6000,895.6000,1,1,2026-08-24T00:00:00.000
5566,20260819,20260724,85500,170,25,315,76,10,2,SOA005566,896.3000,896.3000,896.3000,1,1,2026-08-24T00:00:00.000
5567,20260822,20260601,69120,330,279,300,116,2,4,SOA005567,897.0000,897.0000,897.0000,1,1,2026-08-24T00:00:00.000
5568,20260705,20260706,42720,93,411,101,72,3,3,SOA005568,897.7000,897.7000,897.7000,1,1,2026-08-24T00:00:00.000
5569,20260801,20260530,59040,139,181,276,287,9,1,SOA005569,898.4000,898.4000,898.4000,1,1,2026-08-24T00:00:00.000
5570,20260527,20260723,42720,300,175,288,145,5,3,SOA005570,899.1000,899.1000,899.1000,1,1,2026-08-24T00:00:00.000
5571,20260630,20260702,10140,69,458,37,285,9,1,SOA005571,899.8000,899.8000,899.8000,1,1,2026-08-24T00:00:00.000
5572,20260531,20260602,7260,7,274,351,101,6,7,SOA005572,900.5000,900.5000,900.5000,1,1,2026-08-24T00:00:00.000
5573,20260812,20260824,33120,202,155,312,277,9,5,SOA005573,901.2000,901.2000,901.2000,1,1,2026-08-24T00:00:00.000
5574,20260802,20260806,64560,203,280,43,196,7,2,SOA005574,901.9000,901.9000,901.9000,1,1,2026-08-24T00:00:00.000
5575,20260716,20260712,68820,264,40,158,140,7,7,SOA005575,902.6000,902.6000,902.6000,1,1,2026-08-24T00:00:00.000
5576,20260815,20260618,80580,72,151,291,157,8,6,SOA005576,903.3000,903.3000,903.3000,1,1,2026-08-24T00:00:00.000
5577,20260815,20260805,81300,342,9,440,37,4,5,SOA005577,904.0000,904.0000,904.0000,1,1,2026-08-24T00:00:00.000
5578,20260617,20260708,20400,140,220,212,202,4,2,SOA005578,904.7000,904.7000,904.7000,1,1,2026-08-24T00:00:00.000
5579,20260706,20260815,7500,198,41,53,232,5,5,SOA005579,905.4000,905.4000,905.4000,1,1,2026-08-24T00:00:00.000
5580,20260612,20260527,78420,283,374,76,299,4,5,SOA005580,906.1000,906.1000,906.1000,1,1,2026-08-24T00:00:00.000
5581,20260705,20260608,29460,11,104,366,53,7,2,SOA005581,906.8000,906.8000,906.8000,1,1,2026-08-24T00:00:00.000
5582,20260817,20260731,5280,231,385,204,333,6,4,SOA005582,907.5000,907.5000,907.5000,1,1,2026-08-24T00:00:00.000
5583,20260624,20260703,56400,55,338,35,145,10,4,SOA005583,908.2000,908.2000,908.2000,1,1,2026-08-24T00:00:00.000
5584,20260807,20260727,77700,387,454,92,52,6,2,SOA005584,908.9000,908.9000,908.9000,1,1,2026-08-24T00:00:00.000
5585,20260712,20260614,3480,47,439,8,279,10,2,SOA005585,909.6000,909.6000,909.6000,1,1,2026-08-24T00:00:00.000
5586,20260602,20260714,15780,136,18,83,228,8,1,SOA005586,910.3000,910.3000,910.3000,1,1,2026-08-24T00:00:00.000
5587,20260823,20260716,84540,309,395,261,60,3,1,SOA005587,911.0000,911.0000,911.0000,1,1,2026-08-24T00:00:00.000
5588,20260809,20260724,64980,450,435,299,130,6,7,SOA005588,911.7000,911.7000,911.7000,1,1,2026-08-24T00:00:00.000
5589,20260819,20260619,42780,356,167,440,105,1,5,SOA005589,912.4000,912.4000,912.4000,1,1,2026-08-24T00:00:00.000
5590,20260821,20260720,40080,446,40,65,217,5,6,SOA005590,913.1000,913.1000,913.1000,1,1,2026-08-24T00:00:00.000
5591,20260725,20260630,78660,464,14,45,222,2,3,SOA005591,913.8000,913.8000,913.8000,1,1,2026-08-24T00:00:00.000
5592,20260816,20260628,63000,193,101,411,29,5,6,SOA005592,914.5000,914.5000,914.5000,1,1,2026-08-24T00:00:00.000
5593,20260701,20260712,73500,370,226,203,147,1,5,SOA005593,915.2000,915.2000,915.2000,1,1,2026-08-24T00:00:00.000
5594,20260626,20260529,15720,42,329,332,70,10,7,SOA005594,915.9000,915.9000,915.9000,1,1,2026-08-24T00:00:00.000
5595,20260727,20260729,50760,149,263,280,110,5,7,SOA005595,916.6000,916.6000,916.6000,1,1,2026-08-24T00:00:00.000
5596,20260603,20260718,19140,221,284,437,329,3,5,SOA005596,917.3000,917.3000,917.3000,1,1,2026-08-24T00:00:00.000
5597,20260811,20260824,35700,18,159,356,165,5,1,SOA005597,918.0000,918.0000,918.0000,1,1,2026-08-24T00:00:00.000
5598,20260717,20260602,9600,47,224,85,292,6,4,SOA005598,918.7000,918.7000,918.7000,1,1,2026-08-24T00:00:00.000
5599,20260819,20260705,58500,184,129,494,152,10,6,SOA005599,919.4000,919.4000,919.4000,1,1,2026-08-24T00:00:00.000
5600,20260606,20260618,72600,360,101,327,112,6,4,SOA005600,920.1000,920.1000,920.1000,1,1,2026-08-24T00:00:00.000
5601,20260821,20260608,54600,385,188,430,96,6,4,SOA005601,920.8000,920.8000,920.8000,1,1,2026-08-24T00:00:00.000
5602,20260529,20260804,50940,240,79,491,256,9,7,SOA005602,921.5000,921.5000,921.5000,1,1,2026-08-24T00:00:00.000
5603,20260820,20260603,7980,477,392,72,335,8,7,SOA005603,922.2000,922.2000,922.2000,1,1,2026-08-24T00:00:00.000
5604,20260618,20260707,62340,240,188,18,55,4,4,SOA005604,922.9000,922.9000,922.9000,1,1,2026-08-24T00:00:00.000
5605,20260712,20260728,14700,272,30,200,317,2,4,SOA005605,923.6000,923.6000,923.6000,1,1,2026-08-24T00:00:00.000
5606,20260603,20260813,1200,208,111,417,177,8,1,SOA005606,924.3000,924.3000,924.3000,1,1,2026-08-24T00:00:00.000
5607,20260615,20260818,49020,207,481,361,326,6,2,SOA005607,925.0000,925.0000,925.0000,1,1,2026-08-24T00:00:00.000
5608,20260628,20260625,68400,139,325,340,224,1,6,SOA005608,925.7000,925.7000,925.7000,1,1,2026-08-24T00:00:00.000
5609,20260724,20260726,6540,223,276,430,144,6,7,SOA005609,926.4000,926.4000,926.4000,1,1,2026-08-24T00:00:00.000
5610,20260615,20260712,79800,253,69,184,124,4,6,SOA005610,927.1000,927.1000,927.1000,1,1,2026-08-24T00:00:00.000
5611,20260713,20260810,69180,138,392,409,220,8,6,SOA005611,927.8000,927.8000,927.8000,1,1,2026-08-24T00:00:00.000
5612,20260720,20260707,48060,417,323,500,98,8,4,SOA005612,928.5000,928.5000,928.5000,1,1,2026-08-24T00:00:00.000
5613,20260716,20260616,77340,247,420,56,145,5,3,SOA005613,929.2000,929.2000,929.2000,1,1,2026-08-24T00:00:00.000
5614,20260703,20260605,2940,385,192,127,268,5,6,SOA005614,929.9000,929.9000,929.9000,1,1,2026-08-24T00:00:00.000
5615,20260701,20260625,31080,9,458,364,330,6,2,SOA005615,930.6000,930.6000,930.6000,1,1,2026-08-24T00:00:00.000
5616,20260630,20260730,75420,489,495,451,263,10,4,SOA005616,931.3000,931.3000,931.3000,1,1,2026-08-24T00:00:00.000
5617,20260609,20260705,21780,254,184,464,109,2,1,SOA005617,932.0000,932.0000,932.0000,1,1,2026-08-24T00:00:00.000
5618,20260806,20260726,76140,459,239,85,151,8,1,SOA005618,932.7000,932.7000,932.7000,1,1,2026-08-24T00:00:00.000
5619,20260607,20260807,79080,319,79,214,166,8,7,SOA005619,933.4000,933.4000,933.4000,1,1,2026-08-24T00:00:00.000
5620,20260711,20260606,82440,229,73,70,142,9,7,SOA005620,934.1000,934.1000,934.1000,1,1,2026-08-24T00:00:00.000
5621,20260617,20260623,49020,132,467,293,86,9,5,SOA005621,934.8000,934.8000,934.8000,1,1,2026-08-24T00:00:00.000
5622,20260618,20260726,81900,35,474,72,142,2,5,SOA005622,935.5000,935.5000,935.5000,1,1,2026-08-24T00:00:00.000
5623,20260527,20260531,60660,82,152,296,5,8,1,SOA005623,936.2000,936.2000,936.2000,1,1,2026-08-24T00:00:00.000
5624,20260630,20260814,72360,452,308,420,90,5,6,SOA005624,936.9000,936.9000,936.9000,1,1,2026-08-24T00:00:00.000
5625,20260719,20260531,76620,284,495,224,277,3,6,SOA005625,937.6000,937.6000,937.6000,1,1,2026-08-24T00:00:00.000
5626,20260814,20260528,17220,158,363,142,159,2,7,SOA005626,938.3000,938.3000,938.3000,1,1,2026-08-24T00:00:00.000
5627,20260529,20260806,71760,358,446,385,151,2,5,SOA005627,939.0000,939.0000,939.0000,1,1,2026-08-24T00:00:00.000
5628,20260820,20260705,23700,239,388,346,227,6,1,SOA005628,939.7000,939.7000,939.7000,1,1,2026-08-24T00:00:00.000
5629,20260817,20260530,66600,250,33,120,35,9,3,SOA005629,940.4000,940.4000,940.4000,1,1,2026-08-24T00:00:00.000
5630,20260731,20260803,26040,111,7,197,17,10,2,SOA005630,941.1000,941.1000,941.1000,1,1,2026-08-24T00:00:00.000
5631,20260528,20260718,40500,427,369,319,333,2,1,SOA005631,941.8000,941.8000,941.8000,1,1,2026-08-24T00:00:00.000
5632,20260605,20260627,85680,478,30,191,10,6,5,SOA005632,942.5000,942.5000,942.5000,1,1,2026-08-24T00:00:00.000
5633,20260721,20260702,23880,187,460,392,111,3,7,SOA005633,943.2000,943.2000,943.2000,1,1,2026-08-24T00:00:00.000
5634,20260618,20260810,86280,207,323,140,298,8,5,SOA005634,943.9000,943.9000,943.9000,1,1,2026-08-24T00:00:00.000
5635,20260628,20260715,68820,106,294,374,317,8,3,SOA005635,944.6000,944.6000,944.6000,1,1,2026-08-24T00:00:00.000
5636,20260823,20260613,49980,366,363,411,18,4,6,SOA005636,945.3000,945.3000,945.3000,1,1,2026-08-24T00:00:00.000
5637,20260720,20260803,57960,352,376,82,88,10,7,SOA005637,946.0000,946.0000,946.0000,1,1,2026-08-24T00:00:00.000
5638,20260708,20260821,29160,276,397,227,8,4,1,SOA005638,946.7000,946.7000,946.7000,1,1,2026-08-24T00:00:00.000
5639,20260721,20260531,65460,341,216,401,179,8,2,SOA005639,947.4000,947.4000,947.4000,1,1,2026-08-24T00:00:00.000
5640,20260812,20260801,65340,269,324,276,151,7,6,SOA005640,948.1000,948.1000,948.1000,1,1,2026-08-24T00:00:00.000
5641,20260630,20260817,85980,376,229,380,91,1,3,SOA005641,948.8000,948.8000,948.8000,1,1,2026-08-24T00:00:00.000
5642,20260720,20260626,10800,175,414,74,193,2,5,SOA005642,949.5000,949.5000,949.5000,1,1,2026-08-24T00:00:00.000
5643,20260629,20260727,7380,285,201,234,213,3,6,SOA005643,950.2000,950.2000,950.2000,1,1,2026-08-24T00:00:00.000
5644,20260604,20260823,40440,55,461,257,317,8,4,SOA005644,950.9000,950.9000,950.9000,1,1,2026-08-24T00:00:00.000
5645,20260619,20260803,79140,464,386,267,138,9,5,SOA005645,951.6000,951.6000,951.6000,1,1,2026-08-24T00:00:00.000
5646,20260712,20260615,64260,424,259,414,321,7,7,SOA005646,952.3000,952.3000,952.3000,1,1,2026-08-24T00:00:00.000
5647,20260820,20260715,39540,397,399,466,91,9,6,SOA005647,953.0000,953.0000,953.0000,1,1,2026-08-24T00:00:00.000
5648,20260606,20260808,22860,192,314,140,216,1,6,SOA005648,953.7000,953.7000,953.7000,1,1,2026-08-24T00:00:00.000
5649,20260618,20260711,28920,395,140,400,21,5,1,SOA005649,954.4000,954.4000,954.4000,1,1,2026-08-24T00:00:00.000
5650,20260720,20260715,13620,249,24,235,181,4,6,SOA005650,955.1000,955.1000,955.1000,1,1,2026-08-24T00:00:00.000
5651,20260718,20260617,71400,306,334,345,321,7,5,SOA005651,955.8000,955.8000,955.8000,1,1,2026-08-24T00:00:00.000
5652,20260623,20260624,83820,293,359,336,265,9,1,SOA005652,956.5000,956.5000,956.5000,1,1,2026-08-24T00:00:00.000
5653,20260725,20260607,18120,446,115,297,203,9,7,SOA005653,957.2000,957.2000,957.2000,1,1,2026-08-24T00:00:00.000
5654,20260616,20260618,51840,235,178,353,318,7,3,SOA005654,957.9000,957.9000,957.9000,1,1,2026-08-24T00:00:00.000
5655,20260615,20260531,49140,72,377,364,110,2,2,SOA005655,958.6000,958.6000,958.6000,1,1,2026-08-24T00:00:00.000
5656,20260613,20260712,34020,202,168,135,332,7,4,SOA005656,959.3000,959.3000,959.3000,1,1,2026-08-24T00:00:00.000
5657,20260615,20260717,79500,164,360,275,16,9,5,SOA005657,960.0000,960.0000,960.0000,1,1,2026-08-24T00:00:00.000
5658,20260701,20260723,71700,488,371,265,51,5,1,SOA005658,960.7000,960.7000,960.7000,1,1,2026-08-24T00:00:00.000
5659,20260531,20260603,12480,365,168,426,67,3,6,SOA005659,961.4000,961.4000,961.4000,1,1,2026-08-24T00:00:00.000
5660,20260616,20260608,75300,427,12,152,40,6,4,SOA005660,962.1000,962.1000,962.1000,1,1,2026-08-24T00:00:00.000
5661,20260608,20260815,65820,431,109,446,284,9,5,SOA005661,962.8000,962.8000,962.8000,1,1,2026-08-24T00:00:00.000
5662,20260530,20260604,28980,53,337,344,107,5,2,SOA005662,963.5000,963.5000,963.5000,1,1,2026-08-24T00:00:00.000
5663,20260713,20260723,5280,437,196,481,54,8,5,SOA005663,964.2000,964.2000,964.2000,1,1,2026-08-24T00:00:00.000
5664,20260809,20260529,53940,127,400,277,193,7,1,SOA005664,964.9000,964.9000,964.9000,1,1,2026-08-24T00:00:00.000
5665,20260811,20260809,16140,482,357,349,71,2,2,SOA005665,965.6000,965.6000,965.6000,1,1,2026-08-24T00:00:00.000
5666,20260529,20260822,70620,350,312,199,42,4,2,SOA005666,966.3000,966.3000,966.3000,1,1,2026-08-24T00:00:00.000
5667,20260721,20260807,63120,479,453,376,23,1,6,SOA005667,967.0000,967.0000,967.0000,1,1,2026-08-24T00:00:00.000
5668,20260628,20260529,37980,421,40,454,54,6,6,SOA005668,967.7000,967.7000,967.7000,1,1,2026-08-24T00:00:00.000
5669,20260814,20260719,26700,454,84,493,250,1,2,SOA005669,968.4000,968.4000,968.4000,1,1,2026-08-24T00:00:00.000
5670,20260729,20260530,63300,24,190,443,189,10,4,SOA005670,969.1000,969.1000,969.1000,1,1,2026-08-24T00:00:00.000
5671,20260607,20260723,54840,379,499,35,189,6,4,SOA005671,969.8000,969.8000,969.8000,1,1,2026-08-24T00:00:00.000
5672,20260618,20260627,60300,29,442,338,305,9,7,SOA005672,970.5000,970.5000,970.5000,1,1,2026-08-24T00:00:00.000
5673,20260816,20260812,25260,345,326,36,115,9,5,SOA005673,971.2000,971.2000,971.2000,1,1,2026-08-24T00:00:00.000
5674,20260816,20260808,72720,140,315,247,280,6,7,SOA005674,971.9000,971.9000,971.9000,1,1,2026-08-24T00:00:00.000
5675,20260528,20260625,33180,452,421,347,141,7,1,SOA005675,972.6000,972.6000,972.6000,1,1,2026-08-24T00:00:00.000
5676,20260627,20260527,51180,450,313,330,339,5,2,SOA005676,973.3000,973.3000,973.3000,1,1,2026-08-24T00:00:00.000
5677,20260606,20260810,46920,336,55,383,41,4,7,SOA005677,974.0000,974.0000,974.0000,1,1,2026-08-24T00:00:00.000
5678,20260811,20260731,30000,489,222,442,244,5,7,SOA005678,974.7000,974.7000,974.7000,1,1,2026-08-24T00:00:00.000
5679,20260609,20260808,73020,146,164,319,265,7,3,SOA005679,975.4000,975.4000,975.4000,1,1,2026-08-24T00:00:00.000
5680,20260618,20260604,76020,305,470,167,45,7,1,SOA005680,976.1000,976.1000,976.1000,1,1,2026-08-24T00:00:00.000
5681,20260605,20260812,33720,401,489,123,238,5,2,SOA005681,976.8000,976.8000,976.8000,1,1,2026-08-24T00:00:00.000
5682,20260619,20260818,68340,409,418,368,195,6,5,SOA005682,977.5000,977.5000,977.5000,1,1,2026-08-24T00:00:00.000
5683,20260727,20260720,46080,11,293,356,248,3,7,SOA005683,978.2000,978.2000,978.2000,1,1,2026-08-24T00:00:00.000
5684,20260717,20260705,78240,18,380,235,50,7,4,SOA005684,978.9000,978.9000,978.9000,1,1,2026-08-24T00:00:00.000
5685,20260718,20260823,19260,381,288,72,282,4,5,SOA005685,979.6000,979.6000,979.6000,1,1,2026-08-24T00:00:00.000
5686,20260808,20260601,84420,336,198,156,340,9,3,SOA005686,980.3000,980.3000,980.3000,1,1,2026-08-24T00:00:00.000
5687,20260821,20260611,44640,165,274,336,43,9,5,SOA005687,981.0000,981.0000,981.0000,1,1,2026-08-24T00:00:00.000
5688,20260621,20260725,47760,70,153,427,330,5,6,SOA005688,981.7000,981.7000,981.7000,1,1,2026-08-24T00:00:00.000
5689,20260626,20260803,9780,301,269,2,274,7,1,SOA005689,982.4000,982.4000,982.4000,1,1,2026-08-24T00:00:00.000
5690,20260612,20260731,50880,240,219,448,190,5,1,SOA005690,983.1000,983.1000,983.1000,1,1,2026-08-24T00:00:00.000
5691,20260726,20260716,34980,318,374,496,289,7,4,SOA005691,983.8000,983.8000,983.8000,1,1,2026-08-24T00:00:00.000
5692,20260603,20260724,45480,242,430,441,279,2,6,SOA005692,984.5000,984.5000,984.5000,1,1,2026-08-24T00:00:00.000
5693,20260618,20260607,43620,492,49,278,345,7,2,SOA005693,985.2000,985.2000,985.2000,1,1,2026-08-24T00:00:00.000
5694,20260805,20260715,3960,14,434,172,196,9,4,SOA005694,985.9000,985.9000,985.9000,1,1,2026-08-24T00:00:00.000
5695,20260607,20260530,4320,294,388,400,90,3,7,SOA005695,986.6000,986.6000,986.6000,1,1,2026-08-24T00:00:00.000
5696,20260715,20260729,80580,295,99,67,224,4,6,SOA005696,987.3000,987.3000,987.3000,1,1,2026-08-24T00:00:00.000
5697,20260822,20260605,79500,13,33,50,223,2,2,SOA005697,988.0000,988.0000,988.0000,1,1,2026-08-24T00:00:00.000
5698,20260724,20260815,86220,82,5,300,93,4,6,SOA005698,988.7000,988.7000,988.7000,1,1,2026-08-24T00:00:00.000
5699,20260705,20260823,49440,92,440,41,334,6,4,SOA005699,989.4000,989.4000,989.4000,1,1,2026-08-24T00:00:00.000
5700,20260823,20260601,48180,20,147,458,277,8,7,SOA005700,990.1000,990.1000,990.1000,1,1,2026-08-24T00:00:00.000
5701,20260606,20260809,30900,294,1,50,281,8,4,SOA005701,990.8000,990.8000,990.8000,1,1,2026-08-24T00:00:00.000
5702,20260705,20260607,20700,153,284,354,231,1,5,SOA005702,991.5000,991.5000,991.5000,1,1,2026-08-24T00:00:00.000
5703,20260614,20260616,17160,449,337,138,211,7,3,SOA005703,992.2000,992.2000,992.2000,1,1,2026-08-24T00:00:00.000
5704,20260619,20260822,46800,273,26,209,60,7,2,SOA005704,992.9000,992.9000,992.9000,1,1,2026-08-24T00:00:00.000
5705,20260801,20260624,34800,238,111,410,231,4,6,SOA005705,993.6000,993.6000,993.6000,1,1,2026-08-24T00:00:00.000
5706,20260717,20260607,53340,94,430,297,37,9,3,SOA005706,994.3000,994.3000,994.3000,1,1,2026-08-24T00:00:00.000
5707,20260811,20260702,6840,471,296,16,26,6,3,SOA005707,995.0000,995.0000,995.0000,1,1,2026-08-24T00:00:00.000
5708,20260620,20260603,37560,154,409,459,310,1,4,SOA005708,995.7000,995.7000,995.7000,1,1,2026-08-24T00:00:00.000
5709,20260610,20260721,46500,248,222,337,49,3,7,SOA005709,996.4000,996.4000,996.4000,1,1,2026-08-24T00:00:00.000
5710,20260610,20260722,58140,3,203,311,95,6,2,SOA005710,997.1000,997.1000,997.1000,1,1,2026-08-24T00:00:00.000
5711,20260801,20260816,44340,174,66,253,3,5,3,SOA005711,997.8000,997.8000,997.8000,1,1,2026-08-24T00:00:00.000
5712,20260821,20260729,31500,313,45,120,294,10,1,SOA005712,998.5000,998.5000,998.5000,1,1,2026-08-24T00:00:00.000
5713,20260730,20260601,61260,328,179,65,146,3,6,SOA005713,999.2000,999.2000,999.2000,1,1,2026-08-24T00:00:00.000
5714,20260607,20260530,55020,248,326,251,88,8,4,SOA005714,999.9000,999.9000,999.9000,1,1,2026-08-24T00:00:00.000
5715,20260714,20260731,63180,22,284,287,331,6,3,SOA005715,0.6000,0.6000,0.6000,1,1,2026-08-24T00:00:00.000
5716,20260815,20260731,16020,86,209,193,221,7,5,SOA005716,1.3000,1.3000,1.3000,1,1,2026-08-24T00:00:00.000
5717,20260630,20260606,13020,471,82,226,140,6,1,SOA005717,2.0000,2.0000,2.0000,1,1,2026-08-24T00:00:00.000
5718,20260712,20260614,10080,463,335,292,209,8,5,SOA005718,2.7000,2.7000,2.7000,1,1,2026-08-24T00:00:00.000
5719,20260704,20260608,10020,208,284,237,325,7,3,SOA005719,3.4000,3.4000,3.4000,1,1,2026-08-24T00:00:00.000
5720,20260608,20260810,78540,294,10,237,334,5,5,SOA005720,4.1000,4.1000,4.1000,1,1,2026-08-24T00:00:00.000
5721,20260717,20260625,82980,388,412,245,16,2,3,SOA005721,4.8000,4.8000,4.8000,1,1,2026-08-24T00:00:00.000
5722,20260528,20260608,36720,159,347,8,270,10,1,SOA005722,5.5000,5.5000,5.5000,1,1,2026-08-24T00:00:00.000
5723,20260811,20260619,83340,498,445,258,269,9,4,SOA005723,6.2000,6.2000,6.2000,1,1,2026-08-24T00:00:00.000
5724,20260726,20260628,21120,208,348,77,244,1,5,SOA005724,6.9000,6.9000,6.9000,1,1,2026-08-24T00:00:00.000
5725,20260716,20260622,64740,188,134,414,45,1,7,SOA005725,7.6000,7.6000,7.6000,1,1,2026-08-24T00:00:00.000
5726,20260616,20260531,66840,407,471,211,301,3,1,SOA005726,8.3000,8.3000,8.3000,1,1,2026-08-24T00:00:00.000
5727,20260528,20260808,68400,275,107,217,272,1,5,SOA005727,9.0000,9.0000,9.0000,1,1,2026-08-24T00:00:00.000
5728,20260708,20260531,27060,99,444,330,170,4,5,SOA005728,9.7000,9.7000,9.7000,1,1,2026-08-24T00:00:00.000
5729,20260721,20260629,47640,338,3,286,240,7,3,SOA005729,10.4000,10.4000,10.4000,1,1,2026-08-24T00:00:00.000
5730,20260630,20260626,8340,34,173,43,64,7,2,SOA005730,11.1000,11.1000,11.1000,1,1,2026-08-24T00:00:00.000
5731,20260731,20260531,43320,180,316,401,74,2,7,SOA005731,11.8000,11.8000,11.8000,1,1,2026-08-24T00:00:00.000
5732,20260810,20260718,58440,229,16,260,197,1,4,SOA005732,12.5000,12.5000,12.5000,1,1,2026-08-24T00:00:00.000
5733,20260717,20260703,53280,465,113,129,23,8,3,SOA005733,13.2000,13.2000,13.2000,1,1,2026-08-24T00:00:00.000
5734,20260615,20260531,48780,304,279,186,116,4,4,SOA005734,13.9000,13.9000,13.9000,1,1,2026-08-24T00:00:00.000
5735,20260714,20260811,2400,362,266,450,341,4,3,SOA005735,14.6000,14.6000,14.6000,1,1,2026-08-24T00:00:00.000
5736,20260822,20260609,19980,294,64,474,311,7,4,SOA005736,15.3000,15.3000,15.3000,1,1,2026-08-24T00:00:00.000
5737,20260701,20260822,3720,87,241,188,199,8,7,SOA005737,16.0000,16.0000,16.0000,1,1,2026-08-24T00:00:00.000
5738,20260803,20260814,21000,264,112,347,51,9,3,SOA005738,16.7000,16.7000,16.7000,1,1,2026-08-24T00:00:00.000
5739,20260820,20260616,65160,98,37,112,217,4,2,SOA005739,17.4000,17.4000,17.4000,1,1,2026-08-24T00:00:00.000
5740,20260624,20260620,57780,277,287,361,297,3,1,SOA005740,18.1000,18.1000,18.1000,1,1,2026-08-24T00:00:00.000
5741,20260612,20260807,48960,452,460,407,195,4,6,SOA005741,18.8000,18.8000,18.8000,1,1,2026-08-24T00:00:00.000
5742,20260611,20260811,45720,30,258,138,146,3,1,SOA005742,19.5000,19.5000,19.5000,1,1,2026-08-24T00:00:00.000
5743,20260620,20260824,63600,144,130,106,74,8,7,SOA005743,20.2000,20.2000,20.2000,1,1,2026-08-24T00:00:00.000
5744,20260603,20260529,58200,138,306,324,2,5,3,SOA005744,20.9000,20.9000,20.9000,1,1,2026-08-24T00:00:00.000
5745,20260819,20260711,34080,7,21,124,84,5,3,SOA005745,21.6000,21.6000,21.6000,1,1,2026-08-24T00:00:00.000
5746,20260810,20260528,28200,484,353,309,186,8,4,SOA005746,22.3000,22.3000,22.3000,1,1,2026-08-24T00:00:00.000
5747,20260705,20260809,48000,277,94,241,343,6,4,SOA005747,23.0000,23.0000,23.0000,1,1,2026-08-24T00:00:00.000
5748,20260802,20260603,17160,467,172,428,291,1,5,SOA005748,23.7000,23.7000,23.7000,1,1,2026-08-24T00:00:00.000
5749,20260823,20260726,81780,3,464,45,35,7,7,SOA005749,24.4000,24.4000,24.4000,1,1,2026-08-24T00:00:00.000
5750,20260810,20260815,67380,185,167,88,47,9,1,SOA005750,25.1000,25.1000,25.1000,1,1,2026-08-24T00:00:00.000
5751,20260803,20260623,4080,275,106,365,145,2,3,SOA005751,25.8000,25.8000,25.8000,1,1,2026-08-24T00:00:00.000
5752,20260618,20260721,780,83,214,333,68,8,4,SOA005752,26.5000,26.5000,26.5000,1,1,2026-08-24T00:00:00.000
5753,20260728,20260609,27480,111,326,382,49,4,5,SOA005753,27.2000,27.2000,27.2000,1,1,2026-08-24T00:00:00.000
5754,20260611,20260719,77280,290,305,307,145,9,5,SOA005754,27.9000,27.9000,27.9000,1,1,2026-08-24T00:00:00.000
5755,20260718,20260702,9060,5,10,456,57,9,3,SOA005755,28.6000,28.6000,28.6000,1,1,2026-08-24T00:00:00.000
5756,20260616,20260606,8700,296,12,31,205,1,6,SOA005756,29.3000,29.3000,29.3000,1,1,2026-08-24T00:00:00.000
5757,20260611,20260703,51360,120,299,340,97,5,2,SOA005757,30.0000,30.0000,30.0000,1,1,2026-08-24T00:00:00.000
5758,20260718,20260707,3480,78,296,239,158,7,1,SOA005758,30.7000,30.7000,30.7000,1,1,2026-08-24T00:00:00.000
5759,20260616,20260709,13920,334,314,163,41,3,5,SOA005759,31.4000,31.4000,31.4000,1,1,2026-08-24T00:00:00.000
5760,20260709,20260731,9060,335,276,25,317,8,3,SOA005760,32.1000,32.1000,32.1000,1,1,2026-08-24T00:00:00.000
5761,20260722,20260817,25800,282,218,139,94,3,7,SOA005761,32.8000,32.8000,32.8000,1,1,2026-08-24T00:00:00.000
5762,20260707,20260813,25380,149,41,417,184,6,5,SOA005762,33.5000,33.5000,33.5000,1,1,2026-08-24T00:00:00.000
5763,20260627,20260720,46620,339,487,191,184,9,3,SOA005763,34.2000,34.2000,34.2000,1,1,2026-08-24T00:00:00.000
5764,20260714,20260703,10620,379,130,283,65,7,6,SOA005764,34.9000,34.9000,34.9000,1,1,2026-08-24T00:00:00.000
5765,20260729,20260625,30960,83,178,387,273,7,5,SOA005765,35.6000,35.6000,35.6000,1,1,2026-08-24T00:00:00.000
5766,20260724,20260723,22980,157,226,63,194,2,1,SOA005766,36.3000,36.3000,36.3000,1,1,2026-08-24T00:00:00.000
5767,20260605,20260709,9720,365,186,41,248,8,6,SOA005767,37.0000,37.0000,37.0000,1,1,2026-08-24T00:00:00.000
5768,20260609,20260823,6960,122,468,56,29,7,7,SOA005768,37.7000,37.7000,37.7000,1,1,2026-08-24T00:00:00.000
5769,20260722,20260729,53340,283,235,483,180,7,1,SOA005769,38.4000,38.4000,38.4000,1,1,2026-08-24T00:00:00.000
5770,20260530,20260814,54120,490,347,267,188,1,4,SOA005770,39.1000,39.1000,39.1000,1,1,2026-08-24T00:00:00.000
5771,20260606,20260607,47700,345,8,238,101,8,1,SOA005771,39.8000,39.8000,39.8000,1,1,2026-08-24T00:00:00.000
5772,20260630,20260802,52560,180,398,183,291,3,5,SOA005772,40.5000,40.5000,40.5000,1,1,2026-08-24T00:00:00.000
5773,20260711,20260726,55320,374,464,202,296,2,4,SOA005773,41.2000,41.2000,41.2000,1,1,2026-08-24T00:00:00.000
5774,20260813,20260727,19740,286,231,446,340,5,6,SOA005774,41.9000,41.9000,41.9000,1,1,2026-08-24T00:00:00.000
5775,20260718,20260709,77820,235,222,234,79,9,7,SOA005775,42.6000,42.6000,42.6000,1,1,2026-08-24T00:00:00.000
5776,20260717,20260611,37800,274,238,314,114,5,2,SOA005776,43.3000,43.3000,43.3000,1,1,2026-08-24T00:00:00.000
5777,20260730,20260706,35160,435,142,216,324,5,1,SOA005777,44.0000,44.0000,44.0000,1,1,2026-08-24T00:00:00.000
5778,20260607,20260601,24420,465,117,92,324,9,5,SOA005778,44.7000,44.7000,44.7000,1,1,2026-08-24T00:00:00.000
5779,20260705,20260712,54240,62,190,172,145,6,5,SOA005779,45.4000,45.4000,45.4000,1,1,2026-08-24T00:00:00.000
5780,20260721,20260810,78540,117,175,294,257,2,7,SOA005780,46.1000,46.1000,46.1000,1,1,2026-08-24T00:00:00.000
5781,20260612,20260612,12300,181,141,320,233,5,1,SOA005781,46.8000,46.8000,46.8000,1,1,2026-08-24T00:00:00.000
5782,20260716,20260612,84660,440,480,460,18,2,3,SOA005782,47.5000,47.5000,47.5000,1,1,2026-08-24T00:00:00.000
5783,20260705,20260807,47700,267,275,108,233,9,5,SOA005783,48.2000,48.2000,48.2000,1,1,2026-08-24T00:00:00.000
5784,20260605,20260809,17460,268,192,108,20,8,6,SOA005784,48.9000,48.9000,48.9000,1,1,2026-08-24T00:00:00.000
5785,20260629,20260811,29700,471,403,258,174,6,4,SOA005785,49.6000,49.6000,49.6000,1,1,2026-08-24T00:00:00.000
5786,20260711,20260629,38400,22,160,273,103,7,6,SOA005786,50.3000,50.3000,50.3000,1,1,2026-08-24T00:00:00.000
5787,20260619,20260601,61800,173,451,103,246,4,6,SOA005787,51.0000,51.0000,51.0000,1,1,2026-08-24T00:00:00.000
5788,20260626,20260626,53100,23,465,336,176,3,2,SOA005788,51.7000,51.7000,51.7000,1,1,2026-08-24T00:00:00.000
5789,20260809,20260606,33000,347,296,435,274,10,2,SOA005789,52.4000,52.4000,52.4000,1,1,2026-08-24T00:00:00.000
5790,20260616,20260701,10860,273,272,295,139,6,7,SOA005790,53.1000,53.1000,53.1000,1,1,2026-08-24T00:00:00.000
5791,20260705,20260819,2520,62,48,193,55,3,7,SOA005791,53.8000,53.8000,53.8000,1,1,2026-08-24T00:00:00.000
5792,20260613,20260721,22320,483,77,105,10,9,3,SOA005792,54.5000,54.5000,54.5000,1,1,2026-08-24T00:00:00.000
5793,20260601,20260706,56640,15,272,269,249,9,5,SOA005793,55.2000,55.2000,55.2000,1,1,2026-08-24T00:00:00.000
5794,20260807,20260805,73200,332,104,418,83,9,7,SOA005794,55.9000,55.9000,55.9000,1,1,2026-08-24T00:00:00.000
5795,20260711,20260806,32400,293,395,484,151,7,1,SOA005795,56.6000,56.6000,56.6000,1,1,2026-08-24T00:00:00.000
5796,20260530,20260810,62640,462,83,327,44,8,6,SOA005796,57.3000,57.3000,57.3000,1,1,2026-08-24T00:00:00.000
5797,20260811,20260824,46080,67,314,88,249,8,2,SOA005797,58.0000,58.0000,58.0000,1,1,2026-08-24T00:00:00.000
5798,20260527,20260717,52980,396,29,292,183,1,4,SOA005798,58.7000,58.7000,58.7000,1,1,2026-08-24T00:00:00.000
5799,20260614,20260615,42960,19,361,161,320,9,2,SOA005799,59.4000,59.4000,59.4000,1,1,2026-08-24T00:00:00.000
5800,20260529,20260630,1440,91,187,431,258,1,7,SOA005800,60.1000,60.1000,60.1000,1,1,2026-08-24T00:00:00.000
5801,20260823,20260702,73920,454,27,117,238,1,4,SOA005801,60.8000,60.8000,60.8000,1,1,2026-08-24T00:00:00.000
5802,20260603,20260627,85080,23,4,341,48,10,2,SOA005802,61.5000,61.5000,61.5000,1,1,2026-08-24T00:00:00.000
5803,20260718,20260705,81420,54,430,104,75,9,3,SOA005803,62.2000,62.2000,62.2000,1,1,2026-08-24T00:00:00.000
5804,20260624,20260805,56940,338,309,330,204,9,2,SOA005804,62.9000,62.9000,62.9000,1,1,2026-08-24T00:00:00.000
5805,20260703,20260707,44760,481,61,357,290,7,2,SOA005805,63.6000,63.6000,63.6000,1,1,2026-08-24T00:00:00.000
5806,20260710,20260730,2160,394,480,62,163,3,1,SOA005806,64.3000,64.3000,64.3000,1,1,2026-08-24T00:00:00.000
5807,20260815,20260721,17640,215,259,57,156,9,2,SOA005807,65.0000,65.0000,65.0000,1,1,2026-08-24T00:00:00.000
5808,20260611,20260719,80400,469,456,267,50,1,7,SOA005808,65.7000,65.7000,65.7000,1,1,2026-08-24T00:00:00.000
5809,20260601,20260709,67860,126,241,41,5,10,4,SOA005809,66.4000,66.4000,66.4000,1,1,2026-08-24T00:00:00.000
5810,20260724,20260614,60960,303,246,187,215,2,2,SOA005810,67.1000,67.1000,67.1000,1,1,2026-08-24T00:00:00.000
5811,20260707,20260608,18720,38,333,123,177,6,2,SOA005811,67.8000,67.8000,67.8000,1,1,2026-08-24T00:00:00.000
5812,20260527,20260705,61860,124,445,81,348,9,3,SOA005812,68.5000,68.5000,68.5000,1,1,2026-08-24T00:00:00.000
5813,20260817,20260606,34080,1,130,388,177,1,4,SOA005813,69.2000,69.2000,69.2000,1,1,2026-08-24T00:00:00.000
5814,20260710,20260628,45600,50,318,375,56,6,2,SOA005814,69.9000,69.9000,69.9000,1,1,2026-08-24T00:00:00.000
5815,20260618,20260711,17940,225,341,164,164,8,4,SOA005815,70.6000,70.6000,70.6000,1,1,2026-08-24T00:00:00.000
5816,20260806,20260719,13620,130,408,467,188,5,1,SOA005816,71.3000,71.3000,71.3000,1,1,2026-08-24T00:00:00.000
5817,20260805,20260726,17880,334,128,344,322,3,6,SOA005817,72.0000,72.0000,72.0000,1,1,2026-08-24T00:00:00.000
5818,20260620,20260530,53460,78,460,416,17,5,5,SOA005818,72.7000,72.7000,72.7000,1,1,2026-08-24T00:00:00.000
5819,20260623,20260810,3960,13,191,43,154,4,3,SOA005819,73.4000,73.4000,73.4000,1,1,2026-08-24T00:00:00.000
5820,20260724,20260613,66840,139,436,487,34,10,4,SOA005820,74.1000,74.1000,74.1000,1,1,2026-08-24T00:00:00.000
5821,20260702,20260717,1680,458,397,397,200,4,1,SOA005821,74.8000,74.8000,74.8000,1,1,2026-08-24T00:00:00.000
5822,20260605,20260729,49620,198,446,217,25,4,5,SOA005822,75.5000,75.5000,75.5000,1,1,2026-08-24T00:00:00.000
5823,20260706,20260812,59520,328,173,288,231,6,3,SOA005823,76.2000,76.2000,76.2000,1,1,2026-08-24T00:00:00.000
5824,20260701,20260709,49860,117,150,22,215,4,2,SOA005824,76.9000,76.9000,76.9000,1,1,2026-08-24T00:00:00.000
5825,20260720,20260822,40980,189,327,474,73,2,2,SOA005825,77.6000,77.6000,77.6000,1,1,2026-08-24T00:00:00.000
5826,20260823,20260724,900,270,316,298,220,7,7,SOA005826,78.3000,78.3000,78.3000,1,1,2026-08-24T00:00:00.000
5827,20260531,20260808,7320,178,127,282,215,5,1,SOA005827,79.0000,79.0000,79.0000,1,1,2026-08-24T00:00:00.000
5828,20260602,20260617,73380,136,251,493,94,4,1,SOA005828,79.7000,79.7000,79.7000,1,1,2026-08-24T00:00:00.000
5829,20260814,20260822,4620,335,490,245,31,7,3,SOA005829,80.4000,80.4000,80.4000,1,1,2026-08-24T00:00:00.000
5830,20260708,20260819,78540,98,96,317,115,1,4,SOA005830,81.1000,81.1000,81.1000,1,1,2026-08-24T00:00:00.000
5831,20260704,20260709,72420,15,273,199,330,2,1,SOA005831,81.8000,81.8000,81.8000,1,1,2026-08-24T00:00:00.000
5832,20260716,20260731,60120,233,260,342,180,5,1,SOA005832,82.5000,82.5000,82.5000,1,1,2026-08-24T00:00:00.000
5833,20260610,20260819,45060,155,404,430,177,8,6,SOA005833,83.2000,83.2000,83.2000,1,1,2026-08-24T00:00:00.000
5834,20260714,20260816,33960,336,396,373,276,9,7,SOA005834,83.9000,83.9000,83.9000,1,1,2026-08-24T00:00:00.000
5835,20260717,20260623,2760,89,356,287,300,2,6,SOA005835,84.6000,84.6000,84.6000,1,1,2026-08-24T00:00:00.000
5836,20260824,20260823,3480,349,263,44,269,5,5,SOA005836,85.3000,85.3000,85.3000,1,1,2026-08-24T00:00:00.000
5837,20260806,20260814,68880,92,338,290,287,9,6,SOA005837,86.0000,86.0000,86.0000,1,1,2026-08-24T00:00:00.000
5838,20260602,20260714,73020,458,124,126,312,5,5,SOA005838,86.7000,86.7000,86.7000,1,1,2026-08-24T00:00:00.000
5839,20260802,20260613,14520,23,375,402,34,6,6,SOA005839,87.4000,87.4000,87.4000,1,1,2026-08-24T00:00:00.000
5840,20260821,20260626,10680,410,397,23,31,8,4,SOA005840,88.1000,88.1000,88.1000,1,1,2026-08-24T00:00:00.000
5841,20260731,20260806,75360,164,187,296,71,5,3,SOA005841,88.8000,88.8000,88.8000,1,1,2026-08-24T00:00:00.000
5842,20260805,20260817,76500,151,414,58,34,5,3,SOA005842,89.5000,89.5000,89.5000,1,1,2026-08-24T00:00:00.000
5843,20260622,20260725,78240,195,362,155,285,8,5,SOA005843,90.2000,90.2000,90.2000,1,1,2026-08-24T00:00:00.000
5844,20260819,20260619,48840,317,80,67,2,7,5,SOA005844,90.9000,90.9000,90.9000,1,1,2026-08-24T00:00:00.000
5845,20260728,20260627,8400,299,300,232,250,6,1,SOA005845,91.6000,91.6000,91.6000,1,1,2026-08-24T00:00:00.000
5846,20260531,20260802,63540,330,271,3,79,3,3,SOA005846,92.3000,92.3000,92.3000,1,1,2026-08-24T00:00:00.000
5847,20260611,20260618,57180,420,167,254,321,4,4,SOA005847,93.0000,93.0000,93.0000,1,1,2026-08-24T00:00:00.000
5848,20260816,20260618,63960,193,207,166,187,8,1,SOA005848,93.7000,93.7000,93.7000,1,1,2026-08-24T00:00:00.000
5849,20260816,20260723,72060,161,310,173,144,4,2,SOA005849,94.4000,94.4000,94.4000,1,1,2026-08-24T00:00:00.000
5850,20260717,20260712,18960,271,100,143,225,5,7,SOA005850,95.1000,95.1000,95.1000,1,1,2026-08-24T00:00:00.000
5851,20260629,20260619,31440,384,242,233,58,4,7,SOA005851,95.8000,95.8000,95.8000,1,1,2026-08-24T00:00:00.000
5852,20260824,20260628,65940,479,323,344,63,7,7,SOA005852,96.5000,96.5000,96.5000,1,1,2026-08-24T00:00:00.000
5853,20260607,20260604,72360,61,482,98,6,6,6,SOA005853,97.2000,97.2000,97.2000,1,1,2026-08-24T00:00:00.000
5854,20260801,20260701,52980,134,366,265,282,6,4,SOA005854,97.9000,97.9000,97.9000,1,1,2026-08-24T00:00:00.000
5855,20260614,20260819,85020,324,317,216,120,8,6,SOA005855,98.6000,98.6000,98.6000,1,1,2026-08-24T00:00:00.000
5856,20260725,20260621,33300,81,223,280,339,3,1,SOA005856,99.3000,99.3000,99.3000,1,1,2026-08-24T00:00:00.000
5857,20260725,20260814,65040,485,392,342,326,1,6,SOA005857,100.0000,100.0000,100.0000,1,1,2026-08-24T00:00:00.000
5858,20260805,20260813,45180,56,361,316,262,9,7,SOA005858,100.7000,100.7000,100.7000,1,1,2026-08-24T00:00:00.000
5859,20260609,20260804,54180,216,435,12,207,9,1,SOA005859,101.4000,101.4000,101.4000,1,1,2026-08-24T00:00:00.000
5860,20260601,20260626,38520,135,450,203,186,4,1,SOA005860,102.1000,102.1000,102.1000,1,1,2026-08-24T00:00:00.000
5861,20260820,20260711,86100,167,217,375,30,10,1,SOA005861,102.8000,102.8000,102.8000,1,1,2026-08-24T00:00:00.000
5862,20260619,20260731,81240,82,42,458,63,9,1,SOA005862,103.5000,103.5000,103.5000,1,1,2026-08-24T00:00:00.000
5863,20260529,20260706,9600,334,280,329,90,9,4,SOA005863,104.2000,104.2000,104.2000,1,1,2026-08-24T00:00:00.000
5864,20260530,20260818,30960,428,137,78,95,10,6,SOA005864,104.9000,104.9000,104.9000,1,1,2026-08-24T00:00:00.000
5865,20260723,20260626,25500,367,197,289,338,6,1,SOA005865,105.6000,105.6000,105.6000,1,1,2026-08-24T00:00:00.000
5866,20260824,20260705,35400,401,375,338,101,10,2,SOA005866,106.3000,106.3000,106.3000,1,1,2026-08-24T00:00:00.000
5867,20260608,20260610,59760,175,114,426,335,8,7,SOA005867,107.0000,107.0000,107.0000,1,1,2026-08-24T00:00:00.000
5868,20260619,20260623,79500,181,182,379,332,4,7,SOA005868,107.7000,107.7000,107.7000,1,1,2026-08-24T00:00:00.000
5869,20260616,20260719,14220,73,338,450,59,4,4,SOA005869,108.4000,108.4000,108.4000,1,1,2026-08-24T00:00:00.000
5870,20260810,20260628,44640,249,469,188,48,4,6,SOA005870,109.1000,109.1000,109.1000,1,1,2026-08-24T00:00:00.000
5871,20260623,20260821,45120,475,69,346,153,4,6,SOA005871,109.8000,109.8000,109.8000,1,1,2026-08-24T00:00:00.000
5872,20260703,20260613,42540,213,197,346,326,9,6,SOA005872,110.5000,110.5000,110.5000,1,1,2026-08-24T00:00:00.000
5873,20260705,20260727,600,317,445,174,320,3,1,SOA005873,111.2000,111.2000,111.2000,1,1,2026-08-24T00:00:00.000
5874,20260618,20260816,55320,385,450,342,147,1,4,SOA005874,111.9000,111.9000,111.9000,1,1,2026-08-24T00:00:00.000
5875,20260623,20260719,1200,282,30,40,123,4,5,SOA005875,112.6000,112.6000,112.6000,1,1,2026-08-24T00:00:00.000
5876,20260613,20260821,6960,156,219,323,146,8,2,SOA005876,113.3000,113.3000,113.3000,1,1,2026-08-24T00:00:00.000
5877,20260704,20260818,64980,72,476,81,307,5,1,SOA005877,114.0000,114.0000,114.0000,1,1,2026-08-24T00:00:00.000
5878,20260606,20260812,21060,393,168,432,249,10,5,SOA005878,114.7000,114.7000,114.7000,1,1,2026-08-24T00:00:00.000
5879,20260609,20260617,20940,38,234,416,296,7,5,SOA005879,115.4000,115.4000,115.4000,1,1,2026-08-24T00:00:00.000
5880,20260718,20260717,26040,84,110,44,72,3,7,SOA005880,116.1000,116.1000,116.1000,1,1,2026-08-24T00:00:00.000
5881,20260726,20260608,34920,396,216,235,130,5,6,SOA005881,116.8000,116.8000,116.8000,1,1,2026-08-24T00:00:00.000
5882,20260709,20260815,51420,307,196,132,302,10,3,SOA005882,117.5000,117.5000,117.5000,1,1,2026-08-24T00:00:00.000
5883,20260815,20260702,21420,422,26,199,273,9,5,SOA005883,118.2000,118.2000,118.2000,1,1,2026-08-24T00:00:00.000
5884,20260531,20260824,70440,41,40,308,207,3,7,SOA005884,118.9000,118.9000,118.9000,1,1,2026-08-24T00:00:00.000
5885,20260724,20260602,53460,115,185,316,267,8,4,SOA005885,119.6000,119.6000,119.6000,1,1,2026-08-24T00:00:00.000
5886,20260731,20260602,60660,342,307,243,35,1,4,SOA005886,120.3000,120.3000,120.3000,1,1,2026-08-24T00:00:00.000
5887,20260729,20260601,18540,263,493,331,272,4,4,SOA005887,121.0000,121.0000,121.0000,1,1,2026-08-24T00:00:00.000
5888,20260731,20260721,6180,285,224,187,170,8,1,SOA005888,121.7000,121.7000,121.7000,1,1,2026-08-24T00:00:00.000
5889,20260804,20260807,34740,481,208,11,272,8,3,SOA005889,122.4000,122.4000,122.4000,1,1,2026-08-24T00:00:00.000
5890,20260627,20260714,68700,237,403,74,235,1,5,SOA005890,123.1000,123.1000,123.1000,1,1,2026-08-24T00:00:00.000
5891,20260804,20260605,48900,486,314,432,83,6,1,SOA005891,123.8000,123.8000,123.8000,1,1,2026-08-24T00:00:00.000
5892,20260605,20260531,58920,457,438,256,302,2,2,SOA005892,124.5000,124.5000,124.5000,1,1,2026-08-24T00:00:00.000
5893,20260627,20260723,55500,389,313,71,324,4,7,SOA005893,125.2000,125.2000,125.2000,1,1,2026-08-24T00:00:00.000
5894,20260720,20260527,15540,225,286,189,327,8,4,SOA005894,125.9000,125.9000,125.9000,1,1,2026-08-24T00:00:00.000
5895,20260822,20260817,71880,412,329,194,178,8,2,SOA005895,126.6000,126.6000,126.6000,1,1,2026-08-24T00:00:00.000
5896,20260624,20260807,25320,424,395,225,41,7,5,SOA005896,127.3000,127.3000,127.3000,1,1,2026-08-24T00:00:00.000
5897,20260630,20260630,49620,483,358,352,59,5,5,SOA005897,128.0000,128.0000,128.0000,1,1,2026-08-24T00:00:00.000
5898,20260709,20260720,51780,448,294,198,273,9,7,SOA005898,128.7000,128.7000,128.7000,1,1,2026-08-24T00:00:00.000
5899,20260813,20260612,9780,268,194,291,220,4,2,SOA005899,129.4000,129.4000,129.4000,1,1,2026-08-24T00:00:00.000
5900,20260723,20260605,64740,281,137,136,150,10,1,SOA005900,130.1000,130.1000,130.1000,1,1,2026-08-24T00:00:00.000
5901,20260703,20260721,45720,86,66,25,280,10,3,SOA005901,130.8000,130.8000,130.8000,1,1,2026-08-24T00:00:00.000
5902,20260816,20260609,13200,67,95,482,228,10,4,SOA005902,131.5000,131.5000,131.5000,1,1,2026-08-24T00:00:00.000
5903,20260528,20260725,47400,448,293,139,217,9,6,SOA005903,132.2000,132.2000,132.2000,1,1,2026-08-24T00:00:00.000
5904,20260816,20260804,31500,40,177,480,282,7,7,SOA005904,132.9000,132.9000,132.9000,1,1,2026-08-24T00:00:00.000
5905,20260617,20260818,31380,372,93,141,89,2,1,SOA005905,133.6000,133.6000,133.6000,1,1,2026-08-24T00:00:00.000
5906,20260822,20260818,39900,235,284,331,97,1,6,SOA005906,134.3000,134.3000,134.3000,1,1,2026-08-24T00:00:00.000
5907,20260702,20260609,55740,233,295,286,254,8,1,SOA005907,135.0000,135.0000,135.0000,1,1,2026-08-24T00:00:00.000
5908,20260731,20260813,21000,488,377,184,329,7,6,SOA005908,135.7000,135.7000,135.7000,1,1,2026-08-24T00:00:00.000
5909,20260601,20260607,6420,359,264,445,318,4,3,SOA005909,136.4000,136.4000,136.4000,1,1,2026-08-24T00:00:00.000
5910,20260717,20260617,17700,368,406,191,6,6,7,SOA005910,137.1000,137.1000,137.1000,1,1,2026-08-24T00:00:00.000
5911,20260805,20260807,47340,354,208,51,159,6,3,SOA005911,137.8000,137.8000,137.8000,1,1,2026-08-24T00:00:00.000
5912,20260527,20260730,75240,402,43,413,20,3,7,SOA005912,138.5000,138.5000,138.5000,1,1,2026-08-24T00:00:00.000
5913,20260626,20260807,56700,100,254,464,136,3,3,SOA005913,139.2000,139.2000,139.2000,1,1,2026-08-24T00:00:00.000
5914,20260626,20260628,27420,131,325,247,294,3,6,SOA005914,139.9000,139.9000,139.9000,1,1,2026-08-24T00:00:00.000
5915,20260628,20260816,85440,373,103,424,233,9,4,SOA005915,140.6000,140.6000,140.6000,1,1,2026-08-24T00:00:00.000
5916,20260531,20260809,66720,189,5,63,313,2,4,SOA005916,141.3000,141.3000,141.3000,1,1,2026-08-24T00:00:00.000
5917,20260531,20260604,58440,43,271,374,228,6,7,SOA005917,142.0000,142.0000,142.0000,1,1,2026-08-24T00:00:00.000
5918,20260623,20260603,59880,381,25,331,84,6,2,SOA005918,142.7000,142.7000,142.7000,1,1,2026-08-24T00:00:00.000
5919,20260810,20260626,79260,500,45,484,35,7,5,SOA005919,143.4000,143.4000,143.4000,1,1,2026-08-24T00:00:00.000
5920,20260604,20260609,20100,404,100,180,342,10,4,SOA005920,144.1000,144.1000,144.1000,1,1,2026-08-24T00:00:00.000
5921,20260530,20260822,53580,73,427,243,62,1,6,SOA005921,144.8000,144.8000,144.8000,1,1,2026-08-24T00:00:00.000
5922,20260528,20260810,600,211,104,406,13,1,6,SOA005922,145.5000,145.5000,145.5000,1,1,2026-08-24T00:00:00.000
5923,20260808,20260530,1440,228,231,359,168,10,4,SOA005923,146.2000,146.2000,146.2000,1,1,2026-08-24T00:00:00.000
5924,20260621,20260728,58560,469,497,401,93,7,7,SOA005924,146.9000,146.9000,146.9000,1,1,2026-08-24T00:00:00.000
5925,20260730,20260605,57480,287,65,310,184,5,2,SOA005925,147.6000,147.6000,147.6000,1,1,2026-08-24T00:00:00.000
5926,20260628,20260814,65640,62,33,22,324,9,3,SOA005926,148.3000,148.3000,148.3000,1,1,2026-08-24T00:00:00.000
5927,20260628,20260622,20760,95,223,90,66,1,6,SOA005927,149.0000,149.0000,149.0000,1,1,2026-08-24T00:00:00.000
5928,20260820,20260727,25260,155,234,275,57,5,7,SOA005928,149.7000,149.7000,149.7000,1,1,2026-08-24T00:00:00.000
5929,20260802,20260818,18420,377,78,426,161,10,6,SOA005929,150.4000,150.4000,150.4000,1,1,2026-08-24T00:00:00.000
5930,20260801,20260611,63240,441,183,390,63,9,6,SOA005930,151.1000,151.1000,151.1000,1,1,2026-08-24T00:00:00.000
5931,20260717,20260626,52080,275,40,333,109,2,6,SOA005931,151.8000,151.8000,151.8000,1,1,2026-08-24T00:00:00.000
5932,20260613,20260625,51180,267,422,439,142,7,1,SOA005932,152.5000,152.5000,152.5000,1,1,2026-08-24T00:00:00.000
5933,20260728,20260713,44400,98,159,206,139,3,1,SOA005933,153.2000,153.2000,153.2000,1,1,2026-08-24T00:00:00.000
5934,20260815,20260721,24420,5,448,218,283,4,6,SOA005934,153.9000,153.9000,153.9000,1,1,2026-08-24T00:00:00.000
5935,20260727,20260816,25980,355,210,352,3,1,5,SOA005935,154.6000,154.6000,154.6000,1,1,2026-08-24T00:00:00.000
5936,20260621,20260720,2280,493,325,469,53,7,3,SOA005936,155.3000,155.3000,155.3000,1,1,2026-08-24T00:00:00.000
5937,20260702,20260601,4620,57,270,332,268,9,6,SOA005937,156.0000,156.0000,156.0000,1,1,2026-08-24T00:00:00.000
5938,20260722,20260710,1680,302,92,246,18,5,6,SOA005938,156.7000,156.7000,156.7000,1,1,2026-08-24T00:00:00.000
5939,20260527,20260622,50100,14,212,179,112,7,2,SOA005939,157.4000,157.4000,157.4000,1,1,2026-08-24T00:00:00.000
5940,20260619,20260821,61740,343,84,345,45,8,3,SOA005940,158.1000,158.1000,158.1000,1,1,2026-08-24T00:00:00.000
5941,20260629,20260821,81540,354,241,250,142,2,2,SOA005941,158.8000,158.8000,158.8000,1,1,2026-08-24T00:00:00.000
5942,20260611,20260821,49980,420,62,331,323,4,1,SOA005942,159.5000,159.5000,159.5000,1,1,2026-08-24T00:00:00.000
5943,20260709,20260527,22140,376,121,465,33,1,7,SOA005943,160.2000,160.2000,160.2000,1,1,2026-08-24T00:00:00.000
5944,20260713,20260610,780,26,420,179,52,1,1,SOA005944,160.9000,160.9000,160.9000,1,1,2026-08-24T00:00:00.000
5945,20260618,20260724,44400,467,171,405,212,2,3,SOA005945,161.6000,161.6000,161.6000,1,1,2026-08-24T00:00:00.000
5946,20260729,20260705,41640,466,312,400,80,1,2,SOA005946,162.3000,162.3000,162.3000,1,1,2026-08-24T00:00:00.000
5947,20260817,20260531,85260,273,331,220,217,10,1,SOA005947,163.0000,163.0000,163.0000,1,1,2026-08-24T00:00:00.000
5948,20260621,20260823,65280,443,91,404,125,5,2,SOA005948,163.7000,163.7000,163.7000,1,1,2026-08-24T00:00:00.000
5949,20260624,20260709,81600,312,292,126,40,3,7,SOA005949,164.4000,164.4000,164.4000,1,1,2026-08-24T00:00:00.000
5950,20260725,20260818,26220,199,335,419,172,7,7,SOA005950,165.1000,165.1000,165.1000,1,1,2026-08-24T00:00:00.000
5951,20260527,20260726,19200,105,388,409,345,7,5,SOA005951,165.8000,165.8000,165.8000,1,1,2026-08-24T00:00:00.000
5952,20260803,20260613,36180,283,69,67,189,4,2,SOA005952,166.5000,166.5000,166.5000,1,1,2026-08-24T00:00:00.000
5953,20260722,20260806,14160,447,169,264,170,3,2,SOA005953,167.2000,167.2000,167.2000,1,1,2026-08-24T00:00:00.000
5954,20260531,20260807,5040,27,163,279,202,10,1,SOA005954,167.9000,167.9000,167.9000,1,1,2026-08-24T00:00:00.000
5955,20260725,20260823,18960,419,444,473,114,3,2,SOA005955,168.6000,168.6000,168.6000,1,1,2026-08-24T00:00:00.000
5956,20260817,20260602,540,310,145,433,87,2,1,SOA005956,169.3000,169.3000,169.3000,1,1,2026-08-24T00:00:00.000
5957,20260812,20260710,14100,210,436,178,133,6,5,SOA005957,170.0000,170.0000,170.0000,1,1,2026-08-24T00:00:00.000
5958,20260603,20260725,57300,500,174,243,238,3,4,SOA005958,170.7000,170.7000,170.7000,1,1,2026-08-24T00:00:00.000
5959,20260629,20260601,2040,497,228,467,248,2,7,SOA005959,171.4000,171.4000,171.4000,1,1,2026-08-24T00:00:00.000
5960,20260716,20260807,65520,55,419,78,120,8,1,SOA005960,172.1000,172.1000,172.1000,1,1,2026-08-24T00:00:00.000
5961,20260802,20260724,46800,87,411,157,240,9,3,SOA005961,172.8000,172.8000,172.8000,1,1,2026-08-24T00:00:00.000
5962,20260711,20260706,16680,59,208,19,48,8,4,SOA005962,173.5000,173.5000,173.5000,1,1,2026-08-24T00:00:00.000
5963,20260620,20260807,62580,238,132,318,18,9,3,SOA005963,174.2000,174.2000,174.2000,1,1,2026-08-24T00:00:00.000
5964,20260603,20260814,22380,272,246,199,20,10,6,SOA005964,174.9000,174.9000,174.9000,1,1,2026-08-24T00:00:00.000
5965,20260701,20260704,35460,431,483,239,272,1,7,SOA005965,175.6000,175.6000,175.6000,1,1,2026-08-24T00:00:00.000
5966,20260609,20260703,35160,188,236,241,162,8,2,SOA005966,176.3000,176.3000,176.3000,1,1,2026-08-24T00:00:00.000
5967,20260601,20260731,31320,369,372,79,201,6,6,SOA005967,177.0000,177.0000,177.0000,1,1,2026-08-24T00:00:00.000
5968,20260719,20260811,50340,380,32,58,52,5,2,SOA005968,177.7000,177.7000,177.7000,1,1,2026-08-24T00:00:00.000
5969,20260811,20260530,43920,324,142,57,77,8,3,SOA005969,178.4000,178.4000,178.4000,1,1,2026-08-24T00:00:00.000
5970,20260702,20260607,2160,234,396,214,202,4,2,SOA005970,179.1000,179.1000,179.1000,1,1,2026-08-24T00:00:00.000
5971,20260814,20260809,45780,388,250,390,27,8,4,SOA005971,179.8000,179.8000,179.8000,1,1,2026-08-24T00:00:00.000
5972,20260530,20260716,67980,242,196,364,346,10,7,SOA005972,180.5000,180.5000,180.5000,1,1,2026-08-24T00:00:00.000
5973,20260824,20260610,59460,455,255,422,52,3,3,SOA005973,181.2000,181.2000,181.2000,1,1,2026-08-24T00:00:00.000
5974,20260622,20260816,4080,368,95,193,243,9,5,SOA005974,181.9000,181.9000,181.9000,1,1,2026-08-24T00:00:00.000
5975,20260716,20260709,60840,256,147,263,126,2,1,SOA005975,182.6000,182.6000,182.6000,1,1,2026-08-24T00:00:00.000
5976,20260616,20260703,31560,54,379,236,138,5,3,SOA005976,183.3000,183.3000,183.3000,1,1,2026-08-24T00:00:00.000
5977,20260601,20260717,9000,125,389,498,79,2,6,SOA005977,184.0000,184.0000,184.0000,1,1,2026-08-24T00:00:00.000
5978,20260626,20260527,64980,76,73,348,267,4,6,SOA005978,184.7000,184.7000,184.7000,1,1,2026-08-24T00:00:00.000
5979,20260802,20260708,7260,37,182,188,247,9,6,SOA005979,185.4000,185.4000,185.4000,1,1,2026-08-24T00:00:00.000
5980,20260729,20260720,39540,141,216,15,70,4,2,SOA005980,186.1000,186.1000,186.1000,1,1,2026-08-24T00:00:00.000
5981,20260606,20260824,24060,68,344,302,324,10,4,SOA005981,186.8000,186.8000,186.8000,1,1,2026-08-24T00:00:00.000
5982,20260723,20260528,41640,483,16,80,152,7,2,SOA005982,187.5000,187.5000,187.5000,1,1,2026-08-24T00:00:00.000
5983,20260728,20260615,77460,338,97,11,49,5,4,SOA005983,188.2000,188.2000,188.2000,1,1,2026-08-24T00:00:00.000
5984,20260716,20260813,16500,80,461,117,173,10,3,SOA005984,188.9000,188.9000,188.9000,1,1,2026-08-24T00:00:00.000
5985,20260805,20260818,26760,452,203,90,22,5,1,SOA005985,189.6000,189.6000,189.6000,1,1,2026-08-24T00:00:00.000
5986,20260712,20260606,45060,246,21,58,257,3,3,SOA005986,190.3000,190.3000,190.3000,1,1,2026-08-24T00:00:00.000
5987,20260816,20260615,74220,491,347,481,177,10,1,SOA005987,191.0000,191.0000,191.0000,1,1,2026-08-24T00:00:00.000
5988,20260807,20260819,6780,92,318,352,201,9,5,SOA005988,191.7000,191.7000,191.7000,1,1,2026-08-24T00:00:00.000
5989,20260531,20260616,43020,396,338,493,167,1,3,SOA005989,192.4000,192.4000,192.4000,1,1,2026-08-24T00:00:00.000
5990,20260626,20260818,2100,227,415,295,304,2,3,SOA005990,193.1000,193.1000,193.1000,1,1,2026-08-24T00:00:00.000
5991,20260531,20260731,24240,497,293,188,29,10,5,SOA005991,193.8000,193.8000,193.8000,1,1,2026-08-24T00:00:00.000
5992,20260809,20260709,82140,205,122,117,28,3,6,SOA005992,194.5000,194.5000,194.5000,1,1,2026-08-24T00:00:00.000
5993,20260606,20260606,29160,119,322,304,33,6,5,SOA005993,195.2000,195.2000,195.2000,1,1,2026-08-24T00:00:00.000
5994,20260624,20260608,27780,260,472,66,52,10,1,SOA005994,195.9000,195.9000,195.9000,1,1,2026-08-24T00:00:00.000
5995,20260716,20260701,76980,78,318,135,245,4,3,SOA005995,196.6000,196.6000,196.6000,1,1,2026-08-24T00:00:00.000
5996,20260603,20260617,53760,122,71,325,280,5,4,SOA005996,197.3000,197.3000,197.3000,1,1,2026-08-24T00:00:00.000
5997,20260719,20260810,66000,61,362,104,164,8,5,SOA005997,198.0000,198.0000,198.0000,1,1,2026-08-24T00:00:00.000
5998,20260703,20260816,29700,159,3,355,253,1,7,SOA005998,198.7000,198.7000,198.7000,1,1,2026-08-24T00:00:00.000
5999,20260621,20260818,32700,57,346,319,300,10,2,SOA005999,199.4000,199.4000,199.4000,1,1,2026-08-24T00:00:00.000
6000,20260623,20260616,7980,247,484,24,300,4,6,SOA006000,200.1000,200.1000,200.1000,1,1,2026-08-24T00:00:00.000
6001,20260606,20260624,18540,478,248,334,305,10,6,SOA006001,200.8000,200.8000,200.8000,1,1,2026-08-24T00:00:00.000
6002,20260609,20260802,20940,11,143,435,211,6,7,SOA006002,201.5000,201.5000,201.5000,1,1,2026-08-24T00:00:00.000
6003,20260601,20260712,64620,85,224,291,299,6,7,SOA006003,202.2000,202.2000,202.2000,1,1,2026-08-24T00:00:00.000
6004,20260621,20260627,16740,130,434,333,305,5,5,SOA006004,202.9000,202.9000,202.9000,1,1,2026-08-24T00:00:00.000
6005,20260619,20260803,16680,289,93,195,66,10,6,SOA006005,203.6000,203.6000,203.6000,1,1,2026-08-24T00:00:00.000
6006,20260814,20260722,58560,353,203,419,238,10,1,SOA006006,204.3000,204.3000,204.3000,1,1,2026-08-24T00:00:00.000
6007,20260813,20260726,70920,231,427,119,328,3,5,SOA006007,205.0000,205.0000,205.0000,1,1,2026-08-24T00:00:00.000
6008,20260729,20260729,16140,408,112,242,137,9,1,SOA006008,205.7000,205.7000,205.7000,1,1,2026-08-24T00:00:00.000
6009,20260623,20260808,76260,163,47,404,106,1,6,SOA006009,206.4000,206.4000,206.4000,1,1,2026-08-24T00:00:00.000
6010,20260628,20260608,34260,406,423,418,317,6,7,SOA006010,207.1000,207.1000,207.1000,1,1,2026-08-24T00:00:00.000
6011,20260819,20260818,3720,400,144,37,213,5,6,SOA006011,207.8000,207.8000,207.8000,1,1,2026-08-24T00:00:00.000
6012,20260711,20260807,61980,93,392,376,24,4,5,SOA006012,208.5000,208.5000,208.5000,1,1,2026-08-24T00:00:00.000
6013,20260816,20260615,49680,27,293,498,145,6,2,SOA006013,209.2000,209.2000,209.2000,1,1,2026-08-24T00:00:00.000
6014,20260716,20260719,37380,35,186,443,221,6,2,SOA006014,209.9000,209.9000,209.9000,1,1,2026-08-24T00:00:00.000
6015,20260601,20260722,40020,312,80,80,276,7,1,SOA006015,210.6000,210.6000,210.6000,1,1,2026-08-24T00:00:00.000
6016,20260809,20260815,17640,304,87,345,348,3,4,SOA006016,211.3000,211.3000,211.3000,1,1,2026-08-24T00:00:00.000
6017,20260820,20260612,39300,126,304,58,288,2,1,SOA006017,212.0000,212.0000,212.0000,1,1,2026-08-24T00:00:00.000
6018,20260730,20260527,34680,313,204,364,261,4,2,SOA006018,212.7000,212.7000,212.7000,1,1,2026-08-24T00:00:00.000
6019,20260814,20260703,6240,470,148,10,306,5,5,SOA006019,213.4000,213.4000,213.4000,1,1,2026-08-24T00:00:00.000
6020,20260709,20260612,38400,140,44,275,348,4,5,SOA006020,214.1000,214.1000,214.1000,1,1,2026-08-24T00:00:00.000
6021,20260813,20260801,33060,38,62,408,107,1,2,SOA006021,214.8000,214.8000,214.8000,1,1,2026-08-24T00:00:00.000
6022,20260531,20260619,37200,65,309,125,237,9,1,SOA006022,215.5000,215.5000,215.5000,1,1,2026-08-24T00:00:00.000
6023,20260813,20260626,40680,304,228,441,29,4,7,SOA006023,216.2000,216.2000,216.2000,1,1,2026-08-24T00:00:00.000
6024,20260731,20260730,60960,277,245,408,203,4,7,SOA006024,216.9000,216.9000,216.9000,1,1,2026-08-24T00:00:00.000
6025,20260614,20260612,74580,62,141,124,145,3,2,SOA006025,217.6000,217.6000,217.6000,1,1,2026-08-24T00:00:00.000
6026,20260722,20260809,3840,259,131,425,14,6,1,SOA006026,218.3000,218.3000,218.3000,1,1,2026-08-24T00:00:00.000
6027,20260824,20260822,55800,402,482,25,211,4,1,SOA006027,219.0000,219.0000,219.0000,1,1,2026-08-24T00:00:00.000
6028,20260624,20260815,43260,13,491,455,234,1,5,SOA006028,219.7000,219.7000,219.7000,1,1,2026-08-24T00:00:00.000
6029,20260720,20260707,38400,81,466,147,149,10,1,SOA006029,220.4000,220.4000,220.4000,1,1,2026-08-24T00:00:00.000
6030,20260817,20260718,70680,352,15,340,171,8,5,SOA006030,221.1000,221.1000,221.1000,1,1,2026-08-24T00:00:00.000
6031,20260815,20260809,40860,188,29,338,286,10,1,SOA006031,221.8000,221.8000,221.8000,1,1,2026-08-24T00:00:00.000
6032,20260814,20260717,23280,96,255,418,4,9,6,SOA006032,222.5000,222.5000,222.5000,1,1,2026-08-24T00:00:00.000
6033,20260722,20260726,19800,27,221,359,60,4,1,SOA006033,223.2000,223.2000,223.2000,1,1,2026-08-24T00:00:00.000
6034,20260820,20260725,42540,366,312,293,248,2,6,SOA006034,223.9000,223.9000,223.9000,1,1,2026-08-24T00:00:00.000
6035,20260811,20260722,26520,500,468,482,322,3,7,SOA006035,224.6000,224.6000,224.6000,1,1,2026-08-24T00:00:00.000
6036,20260704,20260719,8760,460,57,144,216,9,4,SOA006036,225.3000,225.3000,225.3000,1,1,2026-08-24T00:00:00.000
6037,20260607,20260706,72180,35,130,293,257,3,7,SOA006037,226.0000,226.0000,226.0000,1,1,2026-08-24T00:00:00.000
6038,20260725,20260809,78600,156,94,23,201,1,2,SOA006038,226.7000,226.7000,226.7000,1,1,2026-08-24T00:00:00.000
6039,20260712,20260817,40320,5,410,154,276,5,7,SOA006039,227.4000,227.4000,227.4000,1,1,2026-08-24T00:00:00.000
6040,20260716,20260803,28260,375,257,122,14,9,3,SOA006040,228.1000,228.1000,228.1000,1,1,2026-08-24T00:00:00.000
6041,20260822,20260605,26820,204,97,400,140,8,6,SOA006041,228.8000,228.8000,228.8000,1,1,2026-08-24T00:00:00.000
6042,20260817,20260603,62340,31,191,214,266,10,1,SOA006042,229.5000,229.5000,229.5000,1,1,2026-08-24T00:00:00.000
6043,20260815,20260629,74340,383,109,200,63,7,1,SOA006043,230.2000,230.2000,230.2000,1,1,2026-08-24T00:00:00.000
6044,20260808,20260814,13440,222,8,351,234,2,2,SOA006044,230.9000,230.9000,230.9000,1,1,2026-08-24T00:00:00.000
6045,20260711,20260817,36900,182,457,36,267,2,2,SOA006045,231.6000,231.6000,231.6000,1,1,2026-08-24T00:00:00.000
6046,20260809,20260811,64440,475,42,301,331,7,3,SOA006046,232.3000,232.3000,232.3000,1,1,2026-08-24T00:00:00.000
6047,20260719,20260708,73800,53,118,500,112,5,1,SOA006047,233.0000,233.0000,233.0000,1,1,2026-08-24T00:00:00.000
6048,20260723,20260818,52500,298,389,403,50,2,1,SOA006048,233.7000,233.7000,233.7000,1,1,2026-08-24T00:00:00.000
6049,20260823,20260721,28080,186,91,158,263,4,5,SOA006049,234.4000,234.4000,234.4000,1,1,2026-08-24T00:00:00.000
6050,20260721,20260607,64500,339,355,316,304,4,4,SOA006050,235.1000,235.1000,235.1000,1,1,2026-08-24T00:00:00.000
6051,20260820,20260725,84900,277,116,71,299,1,1,SOA006051,235.8000,235.8000,235.8000,1,1,2026-08-24T00:00:00.000
6052,20260727,20260709,55680,91,60,449,67,2,3,SOA006052,236.5000,236.5000,236.5000,1,1,2026-08-24T00:00:00.000
6053,20260821,20260616,25380,84,237,389,62,2,6,SOA006053,237.2000,237.2000,237.2000,1,1,2026-08-24T00:00:00.000
6054,20260611,20260810,25380,476,3,9,12,10,7,SOA006054,237.9000,237.9000,237.9000,1,1,2026-08-24T00:00:00.000
6055,20260627,20260711,37140,26,499,173,54,3,7,SOA006055,238.6000,238.6000,238.6000,1,1,2026-08-24T00:00:00.000
6056,20260625,20260612,50220,373,358,398,65,8,7,SOA006056,239.3000,239.3000,239.3000,1,1,2026-08-24T00:00:00.000
6057,20260812,20260627,17520,262,92,73,224,4,2,SOA006057,240.0000,240.0000,240.0000,1,1,2026-08-24T00:00:00.000
6058,20260811,20260809,13800,330,129,156,57,10,7,SOA006058,240.7000,240.7000,240.7000,1,1,2026-08-24T00:00:00.000
6059,20260802,20260814,62880,264,490,230,108,6,1,SOA006059,241.4000,241.4000,241.4000,1,1,2026-08-24T00:00:00.000
6060,20260607,20260614,10260,221,439,184,58,5,7,SOA006060,242.1000,242.1000,242.1000,1,1,2026-08-24T00:00:00.000
6061,20260710,20260808,50580,252,9,471,122,9,2,SOA006061,242.8000,242.8000,242.8000,1,1,2026-08-24T00:00:00.000
6062,20260606,20260707,69180,356,467,380,226,1,4,SOA006062,243.5000,243.5000,243.5000,1,1,2026-08-24T00:00:00.000
6063,20260707,20260724,49740,102,426,396,159,4,7,SOA006063,244.2000,244.2000,244.2000,1,1,2026-08-24T00:00:00.000
6064,20260626,20260801,11220,209,133,201,329,3,1,SOA006064,244.9000,244.9000,244.9000,1,1,2026-08-24T00:00:00.000
6065,20260801,20260817,81240,110,495,87,274,8,3,SOA006065,245.6000,245.6000,245.6000,1,1,2026-08-24T00:00:00.000
6066,20260808,20260527,81480,414,334,1,227,8,3,SOA006066,246.3000,246.3000,246.3000,1,1,2026-08-24T00:00:00.000
6067,20260528,20260530,63600,453,58,393,76,7,5,SOA006067,247.0000,247.0000,247.0000,1,1,2026-08-24T00:00:00.000
6068,20260705,20260712,17820,253,13,52,298,10,3,SOA006068,247.7000,247.7000,247.7000,1,1,2026-08-24T00:00:00.000
6069,20260609,20260728,9720,206,141,197,298,7,2,SOA006069,248.4000,248.4000,248.4000,1,1,2026-08-24T00:00:00.000
6070,20260727,20260609,48600,399,428,218,236,1,2,SOA006070,249.1000,249.1000,249.1000,1,1,2026-08-24T00:00:00.000
6071,20260729,20260605,75960,347,440,350,53,1,7,SOA006071,249.8000,249.8000,249.8000,1,1,2026-08-24T00:00:00.000
6072,20260728,20260722,74820,101,156,25,330,10,6,SOA006072,250.5000,250.5000,250.5000,1,1,2026-08-24T00:00:00.000
6073,20260813,20260810,21540,62,5,249,338,7,7,SOA006073,251.2000,251.2000,251.2000,1,1,2026-08-24T00:00:00.000
6074,20260706,20260815,48660,419,482,329,9,6,5,SOA006074,251.9000,251.9000,251.9000,1,1,2026-08-24T00:00:00.000
6075,20260629,20260602,25920,19,306,173,346,6,3,SOA006075,252.6000,252.6000,252.6000,1,1,2026-08-24T00:00:00.000
6076,20260804,20260530,32940,358,115,343,85,8,1,SOA006076,253.3000,253.3000,253.3000,1,1,2026-08-24T00:00:00.000
6077,20260713,20260820,59520,384,338,185,298,1,3,SOA006077,254.0000,254.0000,254.0000,1,1,2026-08-24T00:00:00.000
6078,20260717,20260621,67200,468,406,459,220,2,1,SOA006078,254.7000,254.7000,254.7000,1,1,2026-08-24T00:00:00.000
6079,20260728,20260806,28620,348,443,73,236,8,3,SOA006079,255.4000,255.4000,255.4000,1,1,2026-08-24T00:00:00.000
6080,20260702,20260611,10920,347,208,414,291,8,7,SOA006080,256.1000,256.1000,256.1000,1,1,2026-08-24T00:00:00.000
6081,20260817,20260630,83340,488,135,243,27,8,7,SOA006081,256.8000,256.8000,256.8000,1,1,2026-08-24T00:00:00.000
6082,20260822,20260711,4860,37,161,310,228,2,1,SOA006082,257.5000,257.5000,257.5000,1,1,2026-08-24T00:00:00.000
6083,20260604,20260723,68760,123,163,142,279,10,2,SOA006083,258.2000,258.2000,258.2000,1,1,2026-08-24T00:00:00.000
6084,20260630,20260717,77460,472,88,445,211,1,5,SOA006084,258.9000,258.9000,258.9000,1,1,2026-08-24T00:00:00.000
6085,20260717,20260729,3180,12,121,323,40,3,1,SOA006085,259.6000,259.6000,259.6000,1,1,2026-08-24T00:00:00.000
6086,20260714,20260619,13980,159,104,287,165,8,7,SOA006086,260.3000,260.3000,260.3000,1,1,2026-08-24T00:00:00.000
6087,20260528,20260618,65100,374,281,359,60,4,4,SOA006087,261.0000,261.0000,261.0000,1,1,2026-08-24T00:00:00.000
6088,20260610,20260713,31980,371,95,172,326,3,6,SOA006088,261.7000,261.7000,261.7000,1,1,2026-08-24T00:00:00.000
6089,20260820,20260708,53640,67,17,367,279,7,4,SOA006089,262.4000,262.4000,262.4000,1,1,2026-08-24T00:00:00.000
6090,20260701,20260723,33300,13,369,438,266,4,1,SOA006090,263.1000,263.1000,263.1000,1,1,2026-08-24T00:00:00.000
6091,20260627,20260702,43380,185,106,208,43,7,1,SOA006091,263.8000,263.8000,263.8000,1,1,2026-08-24T00:00:00.000
6092,20260708,20260610,28800,332,217,358,192,9,2,SOA006092,264.5000,264.5000,264.5000,1,1,2026-08-24T00:00:00.000
6093,20260706,20260623,56460,274,168,54,16,8,7,SOA006093,265.2000,265.2000,265.2000,1,1,2026-08-24T00:00:00.000
6094,20260618,20260817,40380,109,134,492,268,6,3,SOA006094,265.9000,265.9000,265.9000,1,1,2026-08-24T00:00:00.000
6095,20260628,20260727,73860,443,27,355,125,1,6,SOA006095,266.6000,266.6000,266.6000,1,1,2026-08-24T00:00:00.000
6096,20260807,20260708,53760,482,187,487,169,9,5,SOA006096,267.3000,267.3000,267.3000,1,1,2026-08-24T00:00:00.000
6097,20260613,20260702,37920,9,275,329,128,6,7,SOA006097,268.0000,268.0000,268.0000,1,1,2026-08-24T00:00:00.000
6098,20260611,20260717,50520,406,71,397,225,4,2,SOA006098,268.7000,268.7000,268.7000,1,1,2026-08-24T00:00:00.000
6099,20260608,20260816,20460,237,203,297,164,5,6,SOA006099,269.4000,269.4000,269.4000,1,1,2026-08-24T00:00:00.000
6100,20260621,20260821,22200,419,196,456,244,10,4,SOA006100,270.1000,270.1000,270.1000,1,1,2026-08-24T00:00:00.000
6101,20260705,20260723,59520,438,244,298,162,4,4,SOA006101,270.8000,270.8000,270.8000,1,1,2026-08-24T00:00:00.000
6102,20260821,20260605,67320,488,173,23,117,2,2,SOA006102,271.5000,271.5000,271.5000,1,1,2026-08-24T00:00:00.000
6103,20260709,20260716,44100,102,252,308,244,2,4,SOA006103,272.2000,272.2000,272.2000,1,1,2026-08-24T00:00:00.000
6104,20260604,20260608,61920,40,496,293,2,2,7,SOA006104,272.9000,272.9000,272.9000,1,1,2026-08-24T00:00:00.000
6105,20260701,20260616,9780,417,469,19,209,1,7,SOA006105,273.6000,273.6000,273.6000,1,1,2026-08-24T00:00:00.000
6106,20260605,20260604,13080,221,157,126,347,8,5,SOA006106,274.3000,274.3000,274.3000,1,1,2026-08-24T00:00:00.000
6107,20260627,20260709,43920,492,129,105,320,7,7,SOA006107,275.0000,275.0000,275.0000,1,1,2026-08-24T00:00:00.000
6108,20260730,20260806,53340,212,177,427,254,2,2,SOA006108,275.7000,275.7000,275.7000,1,1,2026-08-24T00:00:00.000
6109,20260625,20260823,21000,379,149,377,179,2,6,SOA006109,276.4000,276.4000,276.4000,1,1,2026-08-24T00:00:00.000
6110,20260630,20260812,1200,263,170,481,340,5,4,SOA006110,277.1000,277.1000,277.1000,1,1,2026-08-24T00:00:00.000
6111,20260703,20260531,81600,353,440,310,303,2,5,SOA006111,277.8000,277.8000,277.8000,1,1,2026-08-24T00:00:00.000
6112,20260705,20260622,52560,472,89,300,346,3,4,SOA006112,278.5000,278.5000,278.5000,1,1,2026-08-24T00:00:00.000
6113,20260726,20260818,70140,81,394,147,7,7,1,SOA006113,279.2000,279.2000,279.2000,1,1,2026-08-24T00:00:00.000
6114,20260625,20260602,13980,89,376,411,6,10,4,SOA006114,279.9000,279.9000,279.9000,1,1,2026-08-24T00:00:00.000
6115,20260804,20260811,21660,297,424,428,347,5,2,SOA006115,280.6000,280.6000,280.6000,1,1,2026-08-24T00:00:00.000
6116,20260726,20260805,50400,176,42,433,48,6,2,SOA006116,281.3000,281.3000,281.3000,1,1,2026-08-24T00:00:00.000
6117,20260821,20260820,80220,432,6,481,213,1,6,SOA006117,282.0000,282.0000,282.0000,1,1,2026-08-24T00:00:00.000
6118,20260630,20260605,10680,138,40,118,8,3,6,SOA006118,282.7000,282.7000,282.7000,1,1,2026-08-24T00:00:00.000
6119,20260806,20260731,85620,258,36,298,124,4,5,SOA006119,283.4000,283.4000,283.4000,1,1,2026-08-24T00:00:00.000
6120,20260727,20260714,63780,426,206,470,57,2,4,SOA006120,284.1000,284.1000,284.1000,1,1,2026-08-24T00:00:00.000
6121,20260601,20260712,55140,365,166,50,12,5,2,SOA006121,284.8000,284.8000,284.8000,1,1,2026-08-24T00:00:00.000
6122,20260813,20260713,4260,212,484,480,327,2,2,SOA006122,285.5000,285.5000,285.5000,1,1,2026-08-24T00:00:00.000
6123,20260723,20260709,55800,459,76,306,73,2,5,SOA006123,286.2000,286.2000,286.2000,1,1,2026-08-24T00:00:00.000
6124,20260616,20260813,68580,416,473,420,120,4,6,SOA006124,286.9000,286.9000,286.9000,1,1,2026-08-24T00:00:00.000
6125,20260702,20260708,66000,14,162,107,223,4,4,SOA006125,287.6000,287.6000,287.6000,1,1,2026-08-24T00:00:00.000
6126,20260718,20260611,56340,82,294,283,135,7,6,SOA006126,288.3000,288.3000,288.3000,1,1,2026-08-24T00:00:00.000
6127,20260820,20260725,69540,48,476,489,99,7,5,SOA006127,289.0000,289.0000,289.0000,1,1,2026-08-24T00:00:00.000
6128,20260619,20260630,13980,160,190,255,325,1,5,SOA006128,289.7000,289.7000,289.7000,1,1,2026-08-24T00:00:00.000
6129,20260824,20260627,12060,400,464,54,247,6,7,SOA006129,290.4000,290.4000,290.4000,1,1,2026-08-24T00:00:00.000
6130,20260724,20260610,35820,471,430,422,193,9,1,SOA006130,291.1000,291.1000,291.1000,1,1,2026-08-24T00:00:00.000
6131,20260806,20260715,60840,96,500,399,51,4,2,SOA006131,291.8000,291.8000,291.8000,1,1,2026-08-24T00:00:00.000
6132,20260529,20260602,42120,243,138,182,168,10,4,SOA006132,292.5000,292.5000,292.5000,1,1,2026-08-24T00:00:00.000
6133,20260822,20260629,55500,375,271,382,45,1,1,SOA006133,293.2000,293.2000,293.2000,1,1,2026-08-24T00:00:00.000
6134,20260604,20260717,72120,446,194,237,329,3,7,SOA006134,293.9000,293.9000,293.9000,1,1,2026-08-24T00:00:00.000
6135,20260820,20260810,74760,369,415,83,288,2,6,SOA006135,294.6000,294.6000,294.6000,1,1,2026-08-24T00:00:00.000
6136,20260619,20260623,54180,444,258,216,208,10,1,SOA006136,295.3000,295.3000,295.3000,1,1,2026-08-24T00:00:00.000
6137,20260812,20260816,35280,300,485,212,195,9,1,SOA006137,296.0000,296.0000,296.0000,1,1,2026-08-24T00:00:00.000
6138,20260705,20260703,33840,81,42,237,17,2,6,SOA006138,296.7000,296.7000,296.7000,1,1,2026-08-24T00:00:00.000
6139,20260823,20260606,10080,286,143,489,184,4,4,SOA006139,297.4000,297.4000,297.4000,1,1,2026-08-24T00:00:00.000
6140,20260703,20260818,35040,245,278,158,309,6,1,SOA006140,298.1000,298.1000,298.1000,1,1,2026-08-24T00:00:00.000
6141,20260703,20260808,58740,110,412,388,199,7,6,SOA006141,298.8000,298.8000,298.8000,1,1,2026-08-24T00:00:00.000
6142,20260710,20260702,60180,299,486,143,157,2,7,SOA006142,299.5000,299.5000,299.5000,1,1,2026-08-24T00:00:00.000
6143,20260823,20260722,2820,482,43,338,226,6,6,SOA006143,300.2000,300.2000,300.2000,1,1,2026-08-24T00:00:00.000
6144,20260531,20260822,79260,8,347,93,69,5,6,SOA006144,300.9000,300.9000,300.9000,1,1,2026-08-24T00:00:00.000
6145,20260609,20260722,9900,330,443,403,190,1,7,SOA006145,301.6000,301.6000,301.6000,1,1,2026-08-24T00:00:00.000
6146,20260815,20260807,79620,336,10,267,149,5,5,SOA006146,302.3000,302.3000,302.3000,1,1,2026-08-24T00:00:00.000
6147,20260611,20260628,36000,251,167,70,7,9,6,SOA006147,303.0000,303.0000,303.0000,1,1,2026-08-24T00:00:00.000
6148,20260821,20260715,51900,97,105,103,203,6,1,SOA006148,303.7000,303.7000,303.7000,1,1,2026-08-24T00:00:00.000
6149,20260621,20260731,85440,119,332,397,326,9,7,SOA006149,304.4000,304.4000,304.4000,1,1,2026-08-24T00:00:00.000
6150,20260806,20260728,36240,393,474,474,108,10,4,SOA006150,305.1000,305.1000,305.1000,1,1,2026-08-24T00:00:00.000
6151,20260527,20260715,25620,342,12,477,142,7,6,SOA006151,305.8000,305.8000,305.8000,1,1,2026-08-24T00:00:00.000
6152,20260606,20260613,49500,497,229,453,271,6,7,SOA006152,306.5000,306.5000,306.5000,1,1,2026-08-24T00:00:00.000
6153,20260810,20260813,17700,253,295,337,97,6,2,SOA006153,307.2000,307.2000,307.2000,1,1,2026-08-24T00:00:00.000
6154,20260714,20260816,48900,398,111,109,316,6,1,SOA006154,307.9000,307.9000,307.9000,1,1,2026-08-24T00:00:00.000
6155,20260608,20260809,66420,493,343,453,137,8,6,SOA006155,308.6000,308.6000,308.6000,1,1,2026-08-24T00:00:00.000
6156,20260706,20260531,45060,467,340,278,238,3,1,SOA006156,309.3000,309.3000,309.3000,1,1,2026-08-24T00:00:00.000
6157,20260709,20260807,14340,417,490,32,327,5,4,SOA006157,310.0000,310.0000,310.0000,1,1,2026-08-24T00:00:00.000
6158,20260824,20260711,32340,450,404,265,206,9,3,SOA006158,310.7000,310.7000,310.7000,1,1,2026-08-24T00:00:00.000
6159,20260705,20260722,25860,32,155,161,126,3,5,SOA006159,311.4000,311.4000,311.4000,1,1,2026-08-24T00:00:00.000
6160,20260806,20260821,46080,410,406,497,6,8,3,SOA006160,312.1000,312.1000,312.1000,1,1,2026-08-24T00:00:00.000
6161,20260623,20260801,75540,180,302,42,189,3,2,SOA006161,312.8000,312.8000,312.8000,1,1,2026-08-24T00:00:00.000
6162,20260801,20260729,39060,281,304,408,133,9,3,SOA006162,313.5000,313.5000,313.5000,1,1,2026-08-24T00:00:00.000
6163,20260608,20260723,9720,498,96,232,318,2,2,SOA006163,314.2000,314.2000,314.2000,1,1,2026-08-24T00:00:00.000
6164,20260820,20260714,17160,26,368,63,59,2,2,SOA006164,314.9000,314.9000,314.9000,1,1,2026-08-24T00:00:00.000
6165,20260610,20260718,71580,213,86,499,35,6,5,SOA006165,315.6000,315.6000,315.6000,1,1,2026-08-24T00:00:00.000
6166,20260803,20260528,50280,379,26,187,144,7,6,SOA006166,316.3000,316.3000,316.3000,1,1,2026-08-24T00:00:00.000
6167,20260815,20260717,28200,281,347,209,131,9,2,SOA006167,317.0000,317.0000,317.0000,1,1,2026-08-24T00:00:00.000
6168,20260701,20260624,67560,317,147,381,241,1,4,SOA006168,317.7000,317.7000,317.7000,1,1,2026-08-24T00:00:00.000
6169,20260722,20260606,25440,271,4,245,59,2,4,SOA006169,318.4000,318.4000,318.4000,1,1,2026-08-24T00:00:00.000
6170,20260614,20260713,51180,101,156,233,241,9,1,SOA006170,319.1000,319.1000,319.1000,1,1,2026-08-24T00:00:00.000
6171,20260601,20260723,45540,3,351,106,319,6,3,SOA006171,319.8000,319.8000,319.8000,1,1,2026-08-24T00:00:00.000
6172,20260822,20260618,9840,147,203,81,10,4,1,SOA006172,320.5000,320.5000,320.5000,1,1,2026-08-24T00:00:00.000
6173,20260616,20260613,42240,290,103,173,76,10,5,SOA006173,321.2000,321.2000,321.2000,1,1,2026-08-24T00:00:00.000
6174,20260707,20260814,11280,93,179,402,180,9,4,SOA006174,321.9000,321.9000,321.9000,1,1,2026-08-24T00:00:00.000
6175,20260605,20260722,24360,370,93,378,279,3,2,SOA006175,322.6000,322.6000,322.6000,1,1,2026-08-24T00:00:00.000
6176,20260623,20260608,57480,136,118,11,216,5,6,SOA006176,323.3000,323.3000,323.3000,1,1,2026-08-24T00:00:00.000
6177,20260810,20260713,77040,207,133,246,9,3,2,SOA006177,324.0000,324.0000,324.0000,1,1,2026-08-24T00:00:00.000
6178,20260622,20260719,13140,221,75,332,119,7,2,SOA006178,324.7000,324.7000,324.7000,1,1,2026-08-24T00:00:00.000
6179,20260529,20260721,20820,274,129,383,88,7,2,SOA006179,325.4000,325.4000,325.4000,1,1,2026-08-24T00:00:00.000
6180,20260707,20260527,30840,45,362,232,333,7,1,SOA006180,326.1000,326.1000,326.1000,1,1,2026-08-24T00:00:00.000
6181,20260716,20260722,25020,412,305,461,259,7,5,SOA006181,326.8000,326.8000,326.8000,1,1,2026-08-24T00:00:00.000
6182,20260611,20260714,27180,218,352,358,64,8,5,SOA006182,327.5000,327.5000,327.5000,1,1,2026-08-24T00:00:00.000
6183,20260625,20260822,29160,185,216,137,164,3,3,SOA006183,328.2000,328.2000,328.2000,1,1,2026-08-24T00:00:00.000
6184,20260614,20260813,55980,24,423,143,159,10,6,SOA006184,328.9000,328.9000,328.9000,1,1,2026-08-24T00:00:00.000
6185,20260810,20260606,75840,25,146,300,99,6,5,SOA006185,329.6000,329.6000,329.6000,1,1,2026-08-24T00:00:00.000
6186,20260716,20260624,36960,251,269,389,307,1,6,SOA006186,330.3000,330.3000,330.3000,1,1,2026-08-24T00:00:00.000
6187,20260815,20260714,57420,405,68,63,10,7,1,SOA006187,331.0000,331.0000,331.0000,1,1,2026-08-24T00:00:00.000
6188,20260611,20260811,4800,259,226,15,321,10,7,SOA006188,331.7000,331.7000,331.7000,1,1,2026-08-24T00:00:00.000
6189,20260612,20260714,10140,478,58,72,337,6,4,SOA006189,332.4000,332.4000,332.4000,1,1,2026-08-24T00:00:00.000
6190,20260809,20260613,37260,148,107,39,40,3,2,SOA006190,333.1000,333.1000,333.1000,1,1,2026-08-24T00:00:00.000
6191,20260810,20260809,22260,387,292,83,82,10,6,SOA006191,333.8000,333.8000,333.8000,1,1,2026-08-24T00:00:00.000
6192,20260607,20260821,61680,432,491,457,202,8,1,SOA006192,334.5000,334.5000,334.5000,1,1,2026-08-24T00:00:00.000
6193,20260528,20260617,73920,281,412,254,165,4,4,SOA006193,335.2000,335.2000,335.2000,1,1,2026-08-24T00:00:00.000
6194,20260823,20260626,17340,114,10,120,5,6,5,SOA006194,335.9000,335.9000,335.9000,1,1,2026-08-24T00:00:00.000
6195,20260806,20260810,2340,393,322,303,204,5,3,SOA006195,336.6000,336.6000,336.6000,1,1,2026-08-24T00:00:00.000
6196,20260718,20260717,52860,40,408,471,77,5,6,SOA006196,337.3000,337.3000,337.3000,1,1,2026-08-24T00:00:00.000
6197,20260615,20260706,79740,48,495,53,54,6,2,SOA006197,338.0000,338.0000,338.0000,1,1,2026-08-24T00:00:00.000
6198,20260730,20260805,76860,57,466,322,52,9,7,SOA006198,338.7000,338.7000,338.7000,1,1,2026-08-24T00:00:00.000
6199,20260721,20260605,840,486,289,135,315,8,4,SOA006199,339.4000,339.4000,339.4000,1,1,2026-08-24T00:00:00.000
6200,20260527,20260726,1740,56,155,134,227,8,1,SOA006200,340.1000,340.1000,340.1000,1,1,2026-08-24T00:00:00.000
6201,20260718,20260616,45720,51,33,423,105,5,2,SOA006201,340.8000,340.8000,340.8000,1,1,2026-08-24T00:00:00.000
6202,20260617,20260709,3300,51,50,396,344,10,4,SOA006202,341.5000,341.5000,341.5000,1,1,2026-08-24T00:00:00.000
6203,20260815,20260804,61320,252,162,394,250,8,2,SOA006203,342.2000,342.2000,342.2000,1,1,2026-08-24T00:00:00.000
6204,20260605,20260720,42960,108,153,106,309,10,1,SOA006204,342.9000,342.9000,342.9000,1,1,2026-08-24T00:00:00.000
6205,20260617,20260626,15060,21,355,348,253,8,1,SOA006205,343.6000,343.6000,343.6000,1,1,2026-08-24T00:00:00.000
6206,20260704,20260717,17640,396,465,23,278,3,4,SOA006206,344.3000,344.3000,344.3000,1,1,2026-08-24T00:00:00.000
6207,20260711,20260608,85380,410,45,488,37,7,1,SOA006207,345.0000,345.0000,345.0000,1,1,2026-08-24T00:00:00.000
6208,20260606,20260614,43080,244,197,465,293,9,6,SOA006208,345.7000,345.7000,345.7000,1,1,2026-08-24T00:00:00.000
6209,20260814,20260718,52800,323,474,37,63,3,5,SOA006209,346.4000,346.4000,346.4000,1,1,2026-08-24T00:00:00.000
6210,20260617,20260809,69600,19,324,482,79,7,2,SOA006210,347.1000,347.1000,347.1000,1,1,2026-08-24T00:00:00.000
6211,20260716,20260809,11820,384,327,392,103,8,5,SOA006211,347.8000,347.8000,347.8000,1,1,2026-08-24T00:00:00.000
6212,20260607,20260820,7320,404,317,113,333,8,7,SOA006212,348.5000,348.5000,348.5000,1,1,2026-08-24T00:00:00.000
6213,20260820,20260530,67740,290,495,262,137,8,3,SOA006213,349.2000,349.2000,349.2000,1,1,2026-08-24T00:00:00.000
6214,20260612,20260815,51780,223,203,267,228,6,6,SOA006214,349.9000,349.9000,349.9000,1,1,2026-08-24T00:00:00.000
6215,20260607,20260605,81540,364,352,154,325,9,7,SOA006215,350.6000,350.6000,350.6000,1,1,2026-08-24T00:00:00.000
6216,20260604,20260709,4020,129,297,42,303,10,5,SOA006216,351.3000,351.3000,351.3000,1,1,2026-08-24T00:00:00.000
6217,20260603,20260614,65880,346,203,148,306,7,3,SOA006217,352.0000,352.0000,352.0000,1,1,2026-08-24T00:00:00.000
6218,20260808,20260619,65280,219,108,404,117,10,5,SOA006218,352.7000,352.7000,352.7000,1,1,2026-08-24T00:00:00.000
6219,20260615,20260818,49260,462,307,278,156,7,7,SOA006219,353.4000,353.4000,353.4000,1,1,2026-08-24T00:00:00.000
6220,20260824,20260608,51540,324,221,211,204,6,4,SOA006220,354.1000,354.1000,354.1000,1,1,2026-08-24T00:00:00.000
6221,20260616,20260627,81660,32,330,29,102,10,5,SOA006221,354.8000,354.8000,354.8000,1,1,2026-08-24T00:00:00.000
6222,20260809,20260703,78420,386,417,473,112,4,5,SOA006222,355.5000,355.5000,355.5000,1,1,2026-08-24T00:00:00.000
6223,20260613,20260704,11520,302,227,174,186,1,1,SOA006223,356.2000,356.2000,356.2000,1,1,2026-08-24T00:00:00.000
6224,20260706,20260722,41580,164,45,342,98,1,1,SOA006224,356.9000,356.9000,356.9000,1,1,2026-08-24T00:00:00.000
6225,20260702,20260726,31920,488,449,233,230,10,1,SOA006225,357.6000,357.6000,357.6000,1,1,2026-08-24T00:00:00.000
6226,20260802,20260708,74340,47,8,49,238,9,2,SOA006226,358.3000,358.3000,358.3000,1,1,2026-08-24T00:00:00.000
6227,20260610,20260616,61500,171,466,102,253,4,7,SOA006227,359.0000,359.0000,359.0000,1,1,2026-08-24T00:00:00.000
6228,20260622,20260809,60420,439,279,205,239,7,1,SOA006228,359.7000,359.7000,359.7000,1,1,2026-08-24T00:00:00.000
6229,20260718,20260529,43380,433,498,461,107,1,4,SOA006229,360.4000,360.4000,360.4000,1,1,2026-08-24T00:00:00.000
6230,20260626,20260625,85380,493,427,482,216,6,3,SOA006230,361.1000,361.1000,361.1000,1,1,2026-08-24T00:00:00.000
6231,20260819,20260802,35280,332,235,70,71,2,3,SOA006231,361.8000,361.8000,361.8000,1,1,2026-08-24T00:00:00.000
6232,20260722,20260813,42300,358,128,136,307,9,7,SOA006232,362.5000,362.5000,362.5000,1,1,2026-08-24T00:00:00.000
6233,20260708,20260626,58500,39,158,8,267,1,3,SOA006233,363.2000,363.2000,363.2000,1,1,2026-08-24T00:00:00.000
6234,20260726,20260808,49200,490,260,267,52,6,5,SOA006234,363.9000,363.9000,363.9000,1,1,2026-08-24T00:00:00.000
6235,20260717,20260814,57420,223,76,81,168,10,4,SOA006235,364.6000,364.6000,364.6000,1,1,2026-08-24T00:00:00.000
6236,20260709,20260603,44220,211,340,194,316,8,2,SOA006236,365.3000,365.3000,365.3000,1,1,2026-08-24T00:00:00.000
6237,20260712,20260715,6120,479,252,467,256,1,6,SOA006237,366.0000,366.0000,366.0000,1,1,2026-08-24T00:00:00.000
6238,20260621,20260719,79920,307,190,465,223,10,6,SOA006238,366.7000,366.7000,366.7000,1,1,2026-08-24T00:00:00.000
6239,20260527,20260529,65820,223,302,417,278,4,6,SOA006239,367.4000,367.4000,367.4000,1,1,2026-08-24T00:00:00.000
6240,20260621,20260705,10980,254,345,462,349,10,5,SOA006240,368.1000,368.1000,368.1000,1,1,2026-08-24T00:00:00.000
6241,20260726,20260606,70740,10,336,184,25,3,6,SOA006241,368.8000,368.8000,368.8000,1,1,2026-08-24T00:00:00.000
6242,20260721,20260813,17280,26,114,113,272,6,4,SOA006242,369.5000,369.5000,369.5000,1,1,2026-08-24T00:00:00.000
6243,20260528,20260803,60780,319,414,304,109,8,6,SOA006243,370.2000,370.2000,370.2000,1,1,2026-08-24T00:00:00.000
6244,20260703,20260620,21120,442,439,97,70,1,6,SOA006244,370.9000,370.9000,370.9000,1,1,2026-08-24T00:00:00.000
6245,20260720,20260610,3300,74,407,461,278,4,4,SOA006245,371.6000,371.6000,371.6000,1,1,2026-08-24T00:00:00.000
6246,20260729,20260702,34560,409,206,410,267,6,6,SOA006246,372.3000,372.3000,372.3000,1,1,2026-08-24T00:00:00.000
6247,20260621,20260615,21000,432,369,118,262,5,6,SOA006247,373.0000,373.0000,373.0000,1,1,2026-08-24T00:00:00.000
6248,20260614,20260604,52320,322,115,97,72,10,6,SOA006248,373.7000,373.7000,373.7000,1,1,2026-08-24T00:00:00.000
6249,20260731,20260711,58140,219,276,171,311,8,3,SOA006249,374.4000,374.4000,374.4000,1,1,2026-08-24T00:00:00.000
6250,20260529,20260815,15480,272,407,449,37,4,6,SOA006250,375.1000,375.1000,375.1000,1,1,2026-08-24T00:00:00.000
6251,20260815,20260529,61200,263,485,494,35,6,6,SOA006251,375.8000,375.8000,375.8000,1,1,2026-08-24T00:00:00.000
6252,20260617,20260716,69240,25,181,386,297,8,3,SOA006252,376.5000,376.5000,376.5000,1,1,2026-08-24T00:00:00.000
6253,20260822,20260802,55440,464,156,411,319,7,3,SOA006253,377.2000,377.2000,377.2000,1,1,2026-08-24T00:00:00.000
6254,20260617,20260809,34620,97,178,247,271,2,5,SOA006254,377.9000,377.9000,377.9000,1,1,2026-08-24T00:00:00.000
6255,20260702,20260703,69480,314,230,478,333,7,7,SOA006255,378.6000,378.6000,378.6000,1,1,2026-08-24T00:00:00.000
6256,20260801,20260810,54360,119,372,409,332,1,5,SOA006256,379.3000,379.3000,379.3000,1,1,2026-08-24T00:00:00.000
6257,20260729,20260804,24600,229,21,347,7,6,3,SOA006257,380.0000,380.0000,380.0000,1,1,2026-08-24T00:00:00.000
6258,20260611,20260607,71700,289,128,164,179,1,2,SOA006258,380.7000,380.7000,380.7000,1,1,2026-08-24T00:00:00.000
6259,20260811,20260814,14880,413,94,182,148,2,3,SOA006259,381.4000,381.4000,381.4000,1,1,2026-08-24T00:00:00.000
6260,20260819,20260619,19740,34,211,456,348,1,3,SOA006260,382.1000,382.1000,382.1000,1,1,2026-08-24T00:00:00.000
6261,20260721,20260705,27060,147,266,94,178,1,2,SOA006261,382.8000,382.8000,382.8000,1,1,2026-08-24T00:00:00.000
6262,20260605,20260622,28860,161,451,241,241,10,3,SOA006262,383.5000,383.5000,383.5000,1,1,2026-08-24T00:00:00.000
6263,20260718,20260802,73020,253,18,52,74,10,1,SOA006263,384.2000,384.2000,384.2000,1,1,2026-08-24T00:00:00.000
6264,20260727,20260817,60300,294,64,224,257,7,1,SOA006264,384.9000,384.9000,384.9000,1,1,2026-08-24T00:00:00.000
6265,20260613,20260810,56880,29,165,395,312,10,1,SOA006265,385.6000,385.6000,385.6000,1,1,2026-08-24T00:00:00.000
6266,20260728,20260606,24000,380,220,58,230,4,5,SOA006266,386.3000,386.3000,386.3000,1,1,2026-08-24T00:00:00.000
6267,20260630,20260724,38280,404,279,337,263,1,4,SOA006267,387.0000,387.0000,387.0000,1,1,2026-08-24T00:00:00.000
6268,20260708,20260807,26760,138,136,365,135,4,7,SOA006268,387.7000,387.7000,387.7000,1,1,2026-08-24T00:00:00.000
6269,20260622,20260816,14880,487,245,272,1,8,4,SOA006269,388.4000,388.4000,388.4000,1,1,2026-08-24T00:00:00.000
6270,20260611,20260722,55020,283,485,406,87,6,7,SOA006270,389.1000,389.1000,389.1000,1,1,2026-08-24T00:00:00.000
6271,20260628,20260819,20100,395,84,176,251,3,6,SOA006271,389.8000,389.8000,389.8000,1,1,2026-08-24T00:00:00.000
6272,20260629,20260723,30060,280,124,20,342,4,6,SOA006272,390.5000,390.5000,390.5000,1,1,2026-08-24T00:00:00.000
6273,20260711,20260728,43140,446,237,145,324,1,2,SOA006273,391.2000,391.2000,391.2000,1,1,2026-08-24T00:00:00.000
6274,20260625,20260813,18780,168,179,476,172,7,1,SOA006274,391.9000,391.9000,391.9000,1,1,2026-08-24T00:00:00.000
6275,20260718,20260802,18840,133,112,107,237,2,4,SOA006275,392.6000,392.6000,392.6000,1,1,2026-08-24T00:00:00.000
6276,20260814,20260816,74280,274,450,447,40,1,3,SOA006276,393.3000,393.3000,393.3000,1,1,2026-08-24T00:00:00.000
6277,20260603,20260823,85140,126,392,364,339,6,6,SOA006277,394.0000,394.0000,394.0000,1,1,2026-08-24T00:00:00.000
6278,20260625,20260820,420,227,99,40,321,1,4,SOA006278,394.7000,394.7000,394.7000,1,1,2026-08-24T00:00:00.000
6279,20260624,20260621,53820,11,351,200,332,4,1,SOA006279,395.4000,395.4000,395.4000,1,1,2026-08-24T00:00:00.000
6280,20260625,20260612,17580,311,474,283,233,1,1,SOA006280,396.1000,396.1000,396.1000,1,1,2026-08-24T00:00:00.000
6281,20260722,20260528,20880,207,423,449,226,2,7,SOA006281,396.8000,396.8000,396.8000,1,1,2026-08-24T00:00:00.000
6282,20260819,20260724,70200,392,80,89,220,6,4,SOA006282,397.5000,397.5000,397.5000,1,1,2026-08-24T00:00:00.000
6283,20260819,20260611,3540,160,354,20,217,8,2,SOA006283,398.2000,398.2000,398.2000,1,1,2026-08-24T00:00:00.000
6284,20260627,20260824,11400,367,184,150,13,1,3,SOA006284,398.9000,398.9000,398.9000,1,1,2026-08-24T00:00:00.000
6285,20260617,20260818,41100,24,391,224,71,9,4,SOA006285,399.6000,399.6000,399.6000,1,1,2026-08-24T00:00:00.000
6286,20260721,20260731,64500,268,153,477,288,4,6,SOA006286,400.3000,400.3000,400.3000,1,1,2026-08-24T00:00:00.000
6287,20260723,20260723,20400,208,489,338,228,3,7,SOA006287,401.0000,401.0000,401.0000,1,1,2026-08-24T00:00:00.000
6288,20260717,20260713,58560,349,268,153,91,8,3,SOA006288,401.7000,401.7000,401.7000,1,1,2026-08-24T00:00:00.000
6289,20260606,20260805,35580,303,221,63,252,10,2,SOA006289,402.4000,402.4000,402.4000,1,1,2026-08-24T00:00:00.000
6290,20260809,20260816,18840,398,399,252,319,10,4,SOA006290,403.1000,403.1000,403.1000,1,1,2026-08-24T00:00:00.000
6291,20260612,20260722,74820,346,427,61,73,7,2,SOA006291,403.8000,403.8000,403.8000,1,1,2026-08-24T00:00:00.000
6292,20260623,20260814,30720,323,33,339,116,10,6,SOA006292,404.5000,404.5000,404.5000,1,1,2026-08-24T00:00:00.000
6293,20260811,20260821,37320,271,460,13,145,7,7,SOA006293,405.2000,405.2000,405.2000,1,1,2026-08-24T00:00:00.000
6294,20260530,20260618,72120,206,123,260,173,1,2,SOA006294,405.9000,405.9000,405.9000,1,1,2026-08-24T00:00:00.000
6295,20260724,20260724,3240,59,180,39,18,5,6,SOA006295,406.6000,406.6000,406.6000,1,1,2026-08-24T00:00:00.000
6296,20260706,20260812,39960,72,164,499,336,6,2,SOA006296,407.3000,407.3000,407.3000,1,1,2026-08-24T00:00:00.000
6297,20260529,20260713,73200,128,63,103,203,3,5,SOA006297,408.0000,408.0000,408.0000,1,1,2026-08-24T00:00:00.000
6298,20260723,20260608,42480,19,478,184,159,3,7,SOA006298,408.7000,408.7000,408.7000,1,1,2026-08-24T00:00:00.000
6299,20260530,20260601,46920,220,114,27,34,7,4,SOA006299,409.4000,409.4000,409.4000,1,1,2026-08-24T00:00:00.000
6300,20260707,20260614,18120,23,470,343,77,9,5,SOA006300,410.1000,410.1000,410.1000,1,1,2026-08-24T00:00:00.000
6301,20260801,20260611,7500,338,326,362,170,8,7,SOA006301,410.8000,410.8000,410.8000,1,1,2026-08-24T00:00:00.000
6302,20260627,20260805,24420,227,101,261,28,2,2,SOA006302,411.5000,411.5000,411.5000,1,1,2026-08-24T00:00:00.000
6303,20260602,20260626,42960,83,159,451,314,2,2,SOA006303,412.2000,412.2000,412.2000,1,1,2026-08-24T00:00:00.000
6304,20260820,20260718,6720,100,467,59,267,8,5,SOA006304,412.9000,412.9000,412.9000,1,1,2026-08-24T00:00:00.000
6305,20260623,20260527,28860,486,272,39,79,9,2,SOA006305,413.6000,413.6000,413.6000,1,1,2026-08-24T00:00:00.000
6306,20260728,20260728,24840,458,67,384,201,4,7,SOA006306,414.3000,414.3000,414.3000,1,1,2026-08-24T00:00:00.000
6307,20260618,20260612,73980,301,403,452,304,10,6,SOA006307,415.0000,415.0000,415.0000,1,1,2026-08-24T00:00:00.000
6308,20260716,20260622,8640,91,405,58,120,8,7,SOA006308,415.7000,415.7000,415.7000,1,1,2026-08-24T00:00:00.000
6309,20260629,20260717,81000,213,471,198,331,9,5,SOA006309,416.4000,416.4000,416.4000,1,1,2026-08-24T00:00:00.000
6310,20260716,20260719,30540,25,243,218,339,9,4,SOA006310,417.1000,417.1000,417.1000,1,1,2026-08-24T00:00:00.000
6311,20260722,20260808,64440,74,171,439,214,7,2,SOA006311,417.8000,417.8000,417.8000,1,1,2026-08-24T00:00:00.000
6312,20260729,20260726,73740,13,364,128,90,9,1,SOA006312,418.5000,418.5000,418.5000,1,1,2026-08-24T00:00:00.000
6313,20260703,20260701,14820,364,136,322,56,5,4,SOA006313,419.2000,419.2000,419.2000,1,1,2026-08-24T00:00:00.000
6314,20260710,20260620,45540,434,187,20,85,6,6,SOA006314,419.9000,419.9000,419.9000,1,1,2026-08-24T00:00:00.000
6315,20260719,20260530,29880,155,39,325,229,1,5,SOA006315,420.6000,420.6000,420.6000,1,1,2026-08-24T00:00:00.000
6316,20260803,20260717,25260,311,418,162,280,6,4,SOA006316,421.3000,421.3000,421.3000,1,1,2026-08-24T00:00:00.000
6317,20260724,20260609,30420,388,380,329,341,6,4,SOA006317,422.0000,422.0000,422.0000,1,1,2026-08-24T00:00:00.000
6318,20260704,20260814,300,293,302,382,37,2,3,SOA006318,422.7000,422.7000,422.7000,1,1,2026-08-24T00:00:00.000
6319,20260722,20260611,2760,1,114,196,37,10,3,SOA006319,423.4000,423.4000,423.4000,1,1,2026-08-24T00:00:00.000
6320,20260603,20260726,10560,261,331,65,18,1,1,SOA006320,424.1000,424.1000,424.1000,1,1,2026-08-24T00:00:00.000
6321,20260720,20260626,600,140,326,247,48,1,5,SOA006321,424.8000,424.8000,424.8000,1,1,2026-08-24T00:00:00.000
6322,20260706,20260727,77400,147,304,220,293,9,1,SOA006322,425.5000,425.5000,425.5000,1,1,2026-08-24T00:00:00.000
6323,20260719,20260527,16140,394,393,144,164,7,5,SOA006323,426.2000,426.2000,426.2000,1,1,2026-08-24T00:00:00.000
6324,20260811,20260629,120,371,407,297,287,10,7,SOA006324,426.9000,426.9000,426.9000,1,1,2026-08-24T00:00:00.000
6325,20260730,20260527,21480,393,11,287,97,3,1,SOA006325,427.6000,427.6000,427.6000,1,1,2026-08-24T00:00:00.000
6326,20260807,20260712,7560,311,48,170,269,6,3,SOA006326,428.3000,428.3000,428.3000,1,1,2026-08-24T00:00:00.000
6327,20260606,20260629,79860,94,398,164,209,4,1,SOA006327,429.0000,429.0000,429.0000,1,1,2026-08-24T00:00:00.000
6328,20260805,20260702,39900,269,387,321,131,7,5,SOA006328,429.7000,429.7000,429.7000,1,1,2026-08-24T00:00:00.000
6329,20260619,20260728,35040,445,303,357,340,2,4,SOA006329,430.4000,430.4000,430.4000,1,1,2026-08-24T00:00:00.000
6330,20260808,20260617,12420,499,278,162,210,6,2,SOA006330,431.1000,431.1000,431.1000,1,1,2026-08-24T00:00:00.000
6331,20260629,20260614,1740,142,197,378,172,8,1,SOA006331,431.8000,431.8000,431.8000,1,1,2026-08-24T00:00:00.000
6332,20260609,20260716,55680,208,172,291,219,6,4,SOA006332,432.5000,432.5000,432.5000,1,1,2026-08-24T00:00:00.000
6333,20260622,20260624,66060,457,270,263,9,4,6,SOA006333,433.2000,433.2000,433.2000,1,1,2026-08-24T00:00:00.000
6334,20260614,20260709,85920,164,167,330,33,2,1,SOA006334,433.9000,433.9000,433.9000,1,1,2026-08-24T00:00:00.000
6335,20260529,20260528,46500,73,226,72,81,5,2,SOA006335,434.6000,434.6000,434.6000,1,1,2026-08-24T00:00:00.000
6336,20260807,20260613,47760,58,372,377,129,10,2,SOA006336,435.3000,435.3000,435.3000,1,1,2026-08-24T00:00:00.000
6337,20260710,20260614,41580,44,195,292,171,8,6,SOA006337,436.0000,436.0000,436.0000,1,1,2026-08-24T00:00:00.000
6338,20260605,20260722,57780,416,21,32,302,4,3,SOA006338,436.7000,436.7000,436.7000,1,1,2026-08-24T00:00:00.000
6339,20260630,20260815,19740,229,147,128,189,8,3,SOA006339,437.4000,437.4000,437.4000,1,1,2026-08-24T00:00:00.000
6340,20260822,20260717,27660,64,53,188,28,10,2,SOA006340,438.1000,438.1000,438.1000,1,1,2026-08-24T00:00:00.000
6341,20260626,20260601,26460,148,80,333,12,6,1,SOA006341,438.8000,438.8000,438.8000,1,1,2026-08-24T00:00:00.000
6342,20260613,20260803,58020,158,182,164,216,2,4,SOA006342,439.5000,439.5000,439.5000,1,1,2026-08-24T00:00:00.000
6343,20260707,20260709,51240,15,124,15,170,10,4,SOA006343,440.2000,440.2000,440.2000,1,1,2026-08-24T00:00:00.000
6344,20260621,20260617,42540,381,145,205,136,10,4,SOA006344,440.9000,440.9000,440.9000,1,1,2026-08-24T00:00:00.000
6345,20260611,20260807,41940,378,23,20,134,9,4,SOA006345,441.6000,441.6000,441.6000,1,1,2026-08-24T00:00:00.000
6346,20260809,20260623,37860,120,263,427,330,10,3,SOA006346,442.3000,442.3000,442.3000,1,1,2026-08-24T00:00:00.000
6347,20260623,20260602,75300,62,235,277,325,4,5,SOA006347,443.0000,443.0000,443.0000,1,1,2026-08-24T00:00:00.000
6348,20260720,20260611,42060,68,288,244,254,6,3,SOA006348,443.7000,443.7000,443.7000,1,1,2026-08-24T00:00:00.000
6349,20260808,20260628,68160,314,252,385,39,2,6,SOA006349,444.4000,444.4000,444.4000,1,1,2026-08-24T00:00:00.000
6350,20260623,20260819,73440,370,276,419,58,4,1,SOA006350,445.1000,445.1000,445.1000,1,1,2026-08-24T00:00:00.000
6351,20260805,20260719,76320,157,411,211,292,5,4,SOA006351,445.8000,445.8000,445.8000,1,1,2026-08-24T00:00:00.000
6352,20260730,20260729,4140,168,142,198,69,9,4,SOA006352,446.5000,446.5000,446.5000,1,1,2026-08-24T00:00:00.000
6353,20260728,20260613,10440,453,100,138,236,3,4,SOA006353,447.2000,447.2000,447.2000,1,1,2026-08-24T00:00:00.000
6354,20260713,20260601,43800,458,453,38,1,9,4,SOA006354,447.9000,447.9000,447.9000,1,1,2026-08-24T00:00:00.000
6355,20260611,20260530,50160,198,123,109,286,1,4,SOA006355,448.6000,448.6000,448.6000,1,1,2026-08-24T00:00:00.000
6356,20260817,20260812,85800,483,463,62,299,9,3,SOA006356,449.3000,449.3000,449.3000,1,1,2026-08-24T00:00:00.000
6357,20260719,20260527,54060,324,130,113,33,10,3,SOA006357,450.0000,450.0000,450.0000,1,1,2026-08-24T00:00:00.000
6358,20260530,20260815,34320,432,174,481,302,3,6,SOA006358,450.7000,450.7000,450.7000,1,1,2026-08-24T00:00:00.000
6359,20260813,20260630,34140,137,154,375,122,7,1,SOA006359,451.4000,451.4000,451.4000,1,1,2026-08-24T00:00:00.000
6360,20260711,20260614,84600,234,346,486,166,1,2,SOA006360,452.1000,452.1000,452.1000,1,1,2026-08-24T00:00:00.000
6361,20260731,20260808,49920,460,231,57,220,6,5,SOA006361,452.8000,452.8000,452.8000,1,1,2026-08-24T00:00:00.000
6362,20260816,20260721,19380,199,37,27,125,5,4,SOA006362,453.5000,453.5000,453.5000,1,1,2026-08-24T00:00:00.000
6363,20260606,20260803,62580,189,6,421,65,4,2,SOA006363,454.2000,454.2000,454.2000,1,1,2026-08-24T00:00:00.000
6364,20260812,20260819,79200,196,79,445,162,8,4,SOA006364,454.9000,454.9000,454.9000,1,1,2026-08-24T00:00:00.000
6365,20260701,20260814,76860,464,434,141,85,2,2,SOA006365,455.6000,455.6000,455.6000,1,1,2026-08-24T00:00:00.000
6366,20260619,20260619,52260,149,490,134,16,6,2,SOA006366,456.3000,456.3000,456.3000,1,1,2026-08-24T00:00:00.000
6367,20260601,20260703,80520,245,381,236,212,7,4,SOA006367,457.0000,457.0000,457.0000,1,1,2026-08-24T00:00:00.000
6368,20260621,20260815,76200,15,351,137,191,1,5,SOA006368,457.7000,457.7000,457.7000,1,1,2026-08-24T00:00:00.000
6369,20260622,20260706,47460,224,489,24,316,10,3,SOA006369,458.4000,458.4000,458.4000,1,1,2026-08-24T00:00:00.000
6370,20260721,20260815,14340,146,376,133,153,8,5,SOA006370,459.1000,459.1000,459.1000,1,1,2026-08-24T00:00:00.000
6371,20260718,20260728,29040,242,73,34,146,8,2,SOA006371,459.8000,459.8000,459.8000,1,1,2026-08-24T00:00:00.000
6372,20260731,20260622,62640,315,284,235,324,7,7,SOA006372,460.5000,460.5000,460.5000,1,1,2026-08-24T00:00:00.000
6373,20260609,20260728,53880,359,420,429,340,2,7,SOA006373,461.2000,461.2000,461.2000,1,1,2026-08-24T00:00:00.000
6374,20260616,20260726,66000,483,441,367,174,10,1,SOA006374,461.9000,461.9000,461.9000,1,1,2026-08-24T00:00:00.000
6375,20260729,20260620,49260,472,358,214,19,4,4,SOA006375,462.6000,462.6000,462.6000,1,1,2026-08-24T00:00:00.000
6376,20260722,20260527,48780,405,221,405,119,1,7,SOA006376,463.3000,463.3000,463.3000,1,1,2026-08-24T00:00:00.000
6377,20260601,20260724,4140,489,165,139,177,3,3,SOA006377,464.0000,464.0000,464.0000,1,1,2026-08-24T00:00:00.000
6378,20260707,20260710,82980,413,221,340,9,6,2,SOA006378,464.7000,464.7000,464.7000,1,1,2026-08-24T00:00:00.000
6379,20260620,20260621,83880,389,371,144,197,4,3,SOA006379,465.4000,465.4000,465.4000,1,1,2026-08-24T00:00:00.000
6380,20260707,20260711,53220,249,169,404,17,3,5,SOA006380,466.1000,466.1000,466.1000,1,1,2026-08-24T00:00:00.000
6381,20260731,20260820,5520,411,461,135,283,6,3,SOA006381,466.8000,466.8000,466.8000,1,1,2026-08-24T00:00:00.000
6382,20260708,20260722,42060,150,175,197,334,5,1,SOA006382,467.5000,467.5000,467.5000,1,1,2026-08-24T00:00:00.000
6383,20260607,20260820,17040,299,401,326,213,5,3,SOA006383,468.2000,468.2000,468.2000,1,1,2026-08-24T00:00:00.000
6384,20260813,20260711,70500,356,199,227,187,5,4,SOA006384,468.9000,468.9000,468.9000,1,1,2026-08-24T00:00:00.000
6385,20260810,20260610,40560,383,1,467,5,8,6,SOA006385,469.6000,469.6000,469.6000,1,1,2026-08-24T00:00:00.000
6386,20260802,20260609,67140,120,16,493,342,10,6,SOA006386,470.3000,470.3000,470.3000,1,1,2026-08-24T00:00:00.000
6387,20260702,20260717,66900,99,496,33,108,10,4,SOA006387,471.0000,471.0000,471.0000,1,1,2026-08-24T00:00:00.000
6388,20260709,20260611,8940,465,401,421,154,1,3,SOA006388,471.7000,471.7000,471.7000,1,1,2026-08-24T00:00:00.000
6389,20260808,20260601,40800,66,364,309,236,7,6,SOA006389,472.4000,472.4000,472.4000,1,1,2026-08-24T00:00:00.000
6390,20260716,20260813,85620,368,430,30,273,9,1,SOA006390,473.1000,473.1000,473.1000,1,1,2026-08-24T00:00:00.000
6391,20260811,20260617,26460,234,215,364,22,1,1,SOA006391,473.8000,473.8000,473.8000,1,1,2026-08-24T00:00:00.000
6392,20260729,20260610,44400,396,370,473,342,10,5,SOA006392,474.5000,474.5000,474.5000,1,1,2026-08-24T00:00:00.000
6393,20260722,20260722,79080,29,173,183,339,3,4,SOA006393,475.2000,475.2000,475.2000,1,1,2026-08-24T00:00:00.000
6394,20260707,20260626,81600,227,412,237,159,10,6,SOA006394,475.9000,475.9000,475.9000,1,1,2026-08-24T00:00:00.000
6395,20260616,20260719,55920,469,118,383,201,4,2,SOA006395,476.6000,476.6000,476.6000,1,1,2026-08-24T00:00:00.000
6396,20260811,20260602,85140,483,4,441,313,7,4,SOA006396,477.3000,477.3000,477.3000,1,1,2026-08-24T00:00:00.000
6397,20260728,20260720,43320,266,499,426,18,1,7,SOA006397,478.0000,478.0000,478.0000,1,1,2026-08-24T00:00:00.000
6398,20260614,20260630,1500,316,335,35,27,8,4,SOA006398,478.7000,478.7000,478.7000,1,1,2026-08-24T00:00:00.000
6399,20260719,20260720,9480,337,192,437,51,4,1,SOA006399,479.4000,479.4000,479.4000,1,1,2026-08-24T00:00:00.000
6400,20260821,20260717,39300,255,435,481,116,3,2,SOA006400,480.1000,480.1000,480.1000,1,1,2026-08-24T00:00:00.000
6401,20260807,20260609,66180,304,138,244,200,9,7,SOA006401,480.8000,480.8000,480.8000,1,1,2026-08-24T00:00:00.000
6402,20260527,20260604,8040,216,141,88,262,10,4,SOA006402,481.5000,481.5000,481.5000,1,1,2026-08-24T00:00:00.000
6403,20260721,20260729,3240,234,274,38,226,10,7,SOA006403,482.2000,482.2000,482.2000,1,1,2026-08-24T00:00:00.000
6404,20260804,20260616,15300,299,404,477,89,7,6,SOA006404,482.9000,482.9000,482.9000,1,1,2026-08-24T00:00:00.000
6405,20260701,20260629,62880,128,487,99,82,2,4,SOA006405,483.6000,483.6000,483.6000,1,1,2026-08-24T00:00:00.000
6406,20260805,20260818,21060,384,465,256,106,8,1,SOA006406,484.3000,484.3000,484.3000,1,1,2026-08-24T00:00:00.000
6407,20260722,20260706,14460,232,109,57,121,2,2,SOA006407,485.0000,485.0000,485.0000,1,1,2026-08-24T00:00:00.000
6408,20260702,20260725,58380,498,342,80,323,2,5,SOA006408,485.7000,485.7000,485.7000,1,1,2026-08-24T00:00:00.000
6409,20260610,20260720,75120,286,360,61,288,2,3,SOA006409,486.4000,486.4000,486.4000,1,1,2026-08-24T00:00:00.000
6410,20260718,20260607,49620,129,488,32,212,9,6,SOA006410,487.1000,487.1000,487.1000,1,1,2026-08-24T00:00:00.000
6411,20260622,20260701,12840,395,417,444,203,9,6,SOA006411,487.8000,487.8000,487.8000,1,1,2026-08-24T00:00:00.000
6412,20260614,20260618,48000,331,70,311,302,6,5,SOA006412,488.5000,488.5000,488.5000,1,1,2026-08-24T00:00:00.000
6413,20260607,20260601,11280,337,83,299,213,2,5,SOA006413,489.2000,489.2000,489.2000,1,1,2026-08-24T00:00:00.000
6414,20260704,20260715,22020,220,488,452,333,8,2,SOA006414,489.9000,489.9000,489.9000,1,1,2026-08-24T00:00:00.000
6415,20260713,20260531,22140,166,447,225,54,3,2,SOA006415,490.6000,490.6000,490.6000,1,1,2026-08-24T00:00:00.000
6416,20260530,20260807,2040,389,262,495,234,6,3,SOA006416,491.3000,491.3000,491.3000,1,1,2026-08-24T00:00:00.000
6417,20260603,20260620,73080,54,86,200,182,6,4,SOA006417,492.0000,492.0000,492.0000,1,1,2026-08-24T00:00:00.000
6418,20260610,20260718,21720,120,370,176,134,6,4,SOA006418,492.7000,492.7000,492.7000,1,1,2026-08-24T00:00:00.000
6419,20260717,20260808,30840,229,185,334,98,3,6,SOA006419,493.4000,493.4000,493.4000,1,1,2026-08-24T00:00:00.000
6420,20260616,20260819,40020,482,213,334,176,10,3,SOA006420,494.1000,494.1000,494.1000,1,1,2026-08-24T00:00:00.000
6421,20260528,20260611,73560,408,40,496,56,1,5,SOA006421,494.8000,494.8000,494.8000,1,1,2026-08-24T00:00:00.000
6422,20260801,20260808,32220,494,361,199,342,5,7,SOA006422,495.5000,495.5000,495.5000,1,1,2026-08-24T00:00:00.000
6423,20260623,20260809,59040,14,154,389,79,3,5,SOA006423,496.2000,496.2000,496.2000,1,1,2026-08-24T00:00:00.000
6424,20260807,20260629,17700,30,468,496,340,5,1,SOA006424,496.9000,496.9000,496.9000,1,1,2026-08-24T00:00:00.000
6425,20260721,20260606,60420,116,149,256,334,4,6,SOA006425,497.6000,497.6000,497.6000,1,1,2026-08-24T00:00:00.000
6426,20260616,20260810,77400,151,88,180,58,9,3,SOA006426,498.3000,498.3000,498.3000,1,1,2026-08-24T00:00:00.000
6427,20260714,20260819,22800,399,440,225,240,2,5,SOA006427,499.0000,499.0000,499.0000,1,1,2026-08-24T00:00:00.000
6428,20260607,20260727,67140,273,155,457,160,3,5,SOA006428,499.7000,499.7000,499.7000,1,1,2026-08-24T00:00:00.000
6429,20260817,20260717,38520,117,497,275,227,6,6,SOA006429,500.4000,500.4000,500.4000,1,1,2026-08-24T00:00:00.000
6430,20260608,20260701,20640,74,206,80,86,8,6,SOA006430,501.1000,501.1000,501.1000,1,1,2026-08-24T00:00:00.000
6431,20260619,20260713,27000,207,221,97,326,3,5,SOA006431,501.8000,501.8000,501.8000,1,1,2026-08-24T00:00:00.000
6432,20260813,20260806,51000,485,401,20,117,3,3,SOA006432,502.5000,502.5000,502.5000,1,1,2026-08-24T00:00:00.000
6433,20260612,20260626,39240,380,435,438,84,7,3,SOA006433,503.2000,503.2000,503.2000,1,1,2026-08-24T00:00:00.000
6434,20260607,20260728,11040,493,231,393,160,3,6,SOA006434,503.9000,503.9000,503.9000,1,1,2026-08-24T00:00:00.000
6435,20260721,20260727,34020,462,291,123,71,6,3,SOA006435,504.6000,504.6000,504.6000,1,1,2026-08-24T00:00:00.000
6436,20260527,20260614,37080,255,307,313,124,8,2,SOA006436,505.3000,505.3000,505.3000,1,1,2026-08-24T00:00:00.000
6437,20260822,20260626,80520,456,180,455,6,8,2,SOA006437,506.0000,506.0000,506.0000,1,1,2026-08-24T00:00:00.000
6438,20260619,20260806,55440,105,414,328,65,6,7,SOA006438,506.7000,506.7000,506.7000,1,1,2026-08-24T00:00:00.000
6439,20260604,20260806,19440,234,290,143,170,7,2,SOA006439,507.4000,507.4000,507.4000,1,1,2026-08-24T00:00:00.000
6440,20260627,20260703,5700,463,90,64,30,3,4,SOA006440,508.1000,508.1000,508.1000,1,1,2026-08-24T00:00:00.000
6441,20260611,20260807,60480,313,114,21,340,2,7,SOA006441,508.8000,508.8000,508.8000,1,1,2026-08-24T00:00:00.000
6442,20260605,20260821,60600,259,143,265,318,7,5,SOA006442,509.5000,509.5000,509.5000,1,1,2026-08-24T00:00:00.000
6443,20260618,20260617,53940,412,406,299,220,7,2,SOA006443,510.2000,510.2000,510.2000,1,1,2026-08-24T00:00:00.000
6444,20260819,20260708,27840,274,212,432,256,3,1,SOA006444,510.9000,510.9000,510.9000,1,1,2026-08-24T00:00:00.000
6445,20260626,20260718,11220,228,15,128,154,1,3,SOA006445,511.6000,511.6000,511.6000,1,1,2026-08-24T00:00:00.000
6446,20260730,20260821,22860,225,52,335,211,8,3,SOA006446,512.3000,512.3000,512.3000,1,1,2026-08-24T00:00:00.000
6447,20260620,20260718,47700,33,487,156,322,6,3,SOA006447,513.0000,513.0000,513.0000,1,1,2026-08-24T00:00:00.000
6448,20260811,20260527,46860,73,360,83,158,8,2,SOA006448,513.7000,513.7000,513.7000,1,1,2026-08-24T00:00:00.000
6449,20260619,20260626,26040,219,233,256,290,5,6,SOA006449,514.4000,514.4000,514.4000,1,1,2026-08-24T00:00:00.000
6450,20260714,20260531,8760,410,162,20,4,5,7,SOA006450,515.1000,515.1000,515.1000,1,1,2026-08-24T00:00:00.000
6451,20260602,20260819,84540,164,412,62,132,5,6,SOA006451,515.8000,515.8000,515.8000,1,1,2026-08-24T00:00:00.000
6452,20260630,20260602,31740,52,392,358,283,9,7,SOA006452,516.5000,516.5000,516.5000,1,1,2026-08-24T00:00:00.000
6453,20260814,20260715,75600,184,182,235,206,5,4,SOA006453,517.2000,517.2000,517.2000,1,1,2026-08-24T00:00:00.000
6454,20260530,20260617,53520,472,11,82,259,4,7,SOA006454,517.9000,517.9000,517.9000,1,1,2026-08-24T00:00:00.000
6455,20260630,20260610,81480,68,60,424,198,8,1,SOA006455,518.6000,518.6000,518.6000,1,1,2026-08-24T00:00:00.000
6456,20260618,20260610,18780,365,230,308,135,2,2,SOA006456,519.3000,519.3000,519.3000,1,1,2026-08-24T00:00:00.000
6457,20260717,20260629,35820,411,121,97,29,3,2,SOA006457,520.0000,520.0000,520.0000,1,1,2026-08-24T00:00:00.000
6458,20260629,20260607,65580,304,42,342,95,6,1,SOA006458,520.7000,520.7000,520.7000,1,1,2026-08-24T00:00:00.000
6459,20260604,20260704,59880,371,317,442,350,8,6,SOA006459,521.4000,521.4000,521.4000,1,1,2026-08-24T00:00:00.000
6460,20260709,20260810,62400,470,66,357,199,2,3,SOA006460,522.1000,522.1000,522.1000,1,1,2026-08-24T00:00:00.000
6461,20260701,20260820,58680,179,329,409,338,6,5,SOA006461,522.8000,522.8000,522.8000,1,1,2026-08-24T00:00:00.000
6462,20260601,20260604,67740,271,372,277,201,9,4,SOA006462,523.5000,523.5000,523.5000,1,1,2026-08-24T00:00:00.000
6463,20260818,20260629,82920,307,185,75,213,2,4,SOA006463,524.2000,524.2000,524.2000,1,1,2026-08-24T00:00:00.000
6464,20260528,20260622,53520,145,51,265,54,1,6,SOA006464,524.9000,524.9000,524.9000,1,1,2026-08-24T00:00:00.000
6465,20260629,20260822,69900,66,312,90,129,9,6,SOA006465,525.6000,525.6000,525.6000,1,1,2026-08-24T00:00:00.000
6466,20260729,20260802,53220,116,376,468,118,10,1,SOA006466,526.3000,526.3000,526.3000,1,1,2026-08-24T00:00:00.000
6467,20260719,20260722,54960,149,262,29,246,6,2,SOA006467,527.0000,527.0000,527.0000,1,1,2026-08-24T00:00:00.000
6468,20260621,20260813,10920,436,298,462,107,8,3,SOA006468,527.7000,527.7000,527.7000,1,1,2026-08-24T00:00:00.000
6469,20260621,20260624,75300,50,440,464,262,2,7,SOA006469,528.4000,528.4000,528.4000,1,1,2026-08-24T00:00:00.000
6470,20260628,20260528,9900,340,311,267,89,2,1,SOA006470,529.1000,529.1000,529.1000,1,1,2026-08-24T00:00:00.000
6471,20260726,20260716,28620,436,186,362,285,4,7,SOA006471,529.8000,529.8000,529.8000,1,1,2026-08-24T00:00:00.000
6472,20260704,20260601,66900,376,240,28,11,1,6,SOA006472,530.5000,530.5000,530.5000,1,1,2026-08-24T00:00:00.000
6473,20260708,20260530,33600,270,128,296,236,1,6,SOA006473,531.2000,531.2000,531.2000,1,1,2026-08-24T00:00:00.000
6474,20260821,20260714,4140,17,297,382,349,1,2,SOA006474,531.9000,531.9000,531.9000,1,1,2026-08-24T00:00:00.000
6475,20260619,20260818,78120,331,432,279,12,9,2,SOA006475,532.6000,532.6000,532.6000,1,1,2026-08-24T00:00:00.000
6476,20260814,20260805,51660,422,305,43,341,6,5,SOA006476,533.3000,533.3000,533.3000,1,1,2026-08-24T00:00:00.000
6477,20260715,20260815,2940,452,477,16,6,6,1,SOA006477,534.0000,534.0000,534.0000,1,1,2026-08-24T00:00:00.000
6478,20260730,20260715,48120,344,378,212,213,5,5,SOA006478,534.7000,534.7000,534.7000,1,1,2026-08-24T00:00:00.000
6479,20260628,20260805,26520,484,277,498,212,5,2,SOA006479,535.4000,535.4000,535.4000,1,1,2026-08-24T00:00:00.000
6480,20260816,20260807,79380,325,93,428,29,2,6,SOA006480,536.1000,536.1000,536.1000,1,1,2026-08-24T00:00:00.000
6481,20260623,20260604,11880,443,454,397,154,1,7,SOA006481,536.8000,536.8000,536.8000,1,1,2026-08-24T00:00:00.000
6482,20260613,20260718,82260,415,130,144,195,7,2,SOA006482,537.5000,537.5000,537.5000,1,1,2026-08-24T00:00:00.000
6483,20260701,20260529,720,137,53,374,179,10,6,SOA006483,538.2000,538.2000,538.2000,1,1,2026-08-24T00:00:00.000
6484,20260623,20260615,38040,434,40,483,96,7,5,SOA006484,538.9000,538.9000,538.9000,1,1,2026-08-24T00:00:00.000
6485,20260713,20260613,22560,57,209,315,79,3,5,SOA006485,539.6000,539.6000,539.6000,1,1,2026-08-24T00:00:00.000
6486,20260815,20260729,70140,443,340,148,263,8,4,SOA006486,540.3000,540.3000,540.3000,1,1,2026-08-24T00:00:00.000
6487,20260715,20260818,71700,428,209,225,205,7,5,SOA006487,541.0000,541.0000,541.0000,1,1,2026-08-24T00:00:00.000
6488,20260617,20260707,32580,252,349,251,295,4,1,SOA006488,541.7000,541.7000,541.7000,1,1,2026-08-24T00:00:00.000
6489,20260701,20260621,15540,82,13,140,207,3,3,SOA006489,542.4000,542.4000,542.4000,1,1,2026-08-24T00:00:00.000
6490,20260618,20260712,72060,464,239,293,288,5,4,SOA006490,543.1000,543.1000,543.1000,1,1,2026-08-24T00:00:00.000
6491,20260601,20260624,9720,181,291,381,304,5,5,SOA006491,543.8000,543.8000,543.8000,1,1,2026-08-24T00:00:00.000
6492,20260814,20260721,43740,312,318,172,58,8,4,SOA006492,544.5000,544.5000,544.5000,1,1,2026-08-24T00:00:00.000
6493,20260811,20260623,75180,146,221,186,277,7,7,SOA006493,545.2000,545.2000,545.2000,1,1,2026-08-24T00:00:00.000
6494,20260604,20260822,79080,334,250,328,264,6,5,SOA006494,545.9000,545.9000,545.9000,1,1,2026-08-24T00:00:00.000
6495,20260803,20260703,33540,363,75,14,243,10,4,SOA006495,546.6000,546.6000,546.6000,1,1,2026-08-24T00:00:00.000
6496,20260627,20260715,10260,408,195,29,54,8,3,SOA006496,547.3000,547.3000,547.3000,1,1,2026-08-24T00:00:00.000
6497,20260630,20260810,27780,102,255,322,320,7,5,SOA006497,548.0000,548.0000,548.0000,1,1,2026-08-24T00:00:00.000
6498,20260615,20260607,8940,375,482,205,137,4,5,SOA006498,548.7000,548.7000,548.7000,1,1,2026-08-24T00:00:00.000
6499,20260604,20260720,55320,131,341,401,307,7,5,SOA006499,549.4000,549.4000,549.4000,1,1,2026-08-24T00:00:00.000
6500,20260719,20260706,38820,401,46,463,151,9,4,SOA006500,550.1000,550.1000,550.1000,1,1,2026-08-24T00:00:00.000
6501,20260710,20260724,38640,447,20,261,98,7,2,SOA006501,550.8000,550.8000,550.8000,1,1,2026-08-24T00:00:00.000
6502,20260711,20260621,74280,147,262,398,234,1,6,SOA006502,551.5000,551.5000,551.5000,1,1,2026-08-24T00:00:00.000
6503,20260527,20260714,46980,351,287,7,187,5,5,SOA006503,552.2000,552.2000,552.2000,1,1,2026-08-24T00:00:00.000
6504,20260808,20260808,84660,126,111,91,107,2,5,SOA006504,552.9000,552.9000,552.9000,1,1,2026-08-24T00:00:00.000
6505,20260716,20260626,32460,218,417,38,71,4,3,SOA006505,553.6000,553.6000,553.6000,1,1,2026-08-24T00:00:00.000
6506,20260725,20260809,77700,65,136,118,142,6,7,SOA006506,554.3000,554.3000,554.3000,1,1,2026-08-24T00:00:00.000
6507,20260601,20260823,13620,296,164,177,153,7,5,SOA006507,555.0000,555.0000,555.0000,1,1,2026-08-24T00:00:00.000
6508,20260722,20260702,22680,373,87,396,84,2,6,SOA006508,555.7000,555.7000,555.7000,1,1,2026-08-24T00:00:00.000
6509,20260730,20260819,68760,294,431,114,215,3,7,SOA006509,556.4000,556.4000,556.4000,1,1,2026-08-24T00:00:00.000
6510,20260821,20260714,43920,342,394,350,236,4,4,SOA006510,557.1000,557.1000,557.1000,1,1,2026-08-24T00:00:00.000
6511,20260617,20260610,19800,190,91,368,77,6,1,SOA006511,557.8000,557.8000,557.8000,1,1,2026-08-24T00:00:00.000
6512,20260723,20260601,24180,26,35,147,41,1,6,SOA006512,558.5000,558.5000,558.5000,1,1,2026-08-24T00:00:00.000
6513,20260617,20260608,78060,435,165,352,242,6,1,SOA006513,559.2000,559.2000,559.2000,1,1,2026-08-24T00:00:00.000
6514,20260810,20260717,7680,292,84,121,17,2,5,SOA006514,559.9000,559.9000,559.9000,1,1,2026-08-24T00:00:00.000
6515,20260818,20260608,64320,462,39,419,312,1,4,SOA006515,560.6000,560.6000,560.6000,1,1,2026-08-24T00:00:00.000
6516,20260610,20260628,68520,289,94,199,264,10,5,SOA006516,561.3000,561.3000,561.3000,1,1,2026-08-24T00:00:00.000
6517,20260716,20260614,85620,381,132,251,41,1,5,SOA006517,562.0000,562.0000,562.0000,1,1,2026-08-24T00:00:00.000
6518,20260716,20260727,11580,395,425,337,294,2,7,SOA006518,562.7000,562.7000,562.7000,1,1,2026-08-24T00:00:00.000
6519,20260626,20260801,10680,347,260,178,130,4,7,SOA006519,563.4000,563.4000,563.4000,1,1,2026-08-24T00:00:00.000
6520,20260623,20260609,8520,57,257,159,169,3,7,SOA006520,564.1000,564.1000,564.1000,1,1,2026-08-24T00:00:00.000
6521,20260609,20260812,15060,464,329,137,56,5,6,SOA006521,564.8000,564.8000,564.8000,1,1,2026-08-24T00:00:00.000
6522,20260616,20260723,82200,125,168,428,339,5,6,SOA006522,565.5000,565.5000,565.5000,1,1,2026-08-24T00:00:00.000
6523,20260824,20260710,13680,417,304,186,45,7,4,SOA006523,566.2000,566.2000,566.2000,1,1,2026-08-24T00:00:00.000
6524,20260805,20260712,50340,132,187,120,128,10,4,SOA006524,566.9000,566.9000,566.9000,1,1,2026-08-24T00:00:00.000
6525,20260603,20260530,57480,496,371,255,138,10,3,SOA006525,567.6000,567.6000,567.6000,1,1,2026-08-24T00:00:00.000
6526,20260807,20260531,30300,220,357,174,266,1,2,SOA006526,568.3000,568.3000,568.3000,1,1,2026-08-24T00:00:00.000
6527,20260717,20260724,50100,329,35,181,65,3,4,SOA006527,569.0000,569.0000,569.0000,1,1,2026-08-24T00:00:00.000
6528,20260710,20260707,43200,343,85,489,214,7,7,SOA006528,569.7000,569.7000,569.7000,1,1,2026-08-24T00:00:00.000
6529,20260821,20260529,17820,391,321,424,59,7,6,SOA006529,570.4000,570.4000,570.4000,1,1,2026-08-24T00:00:00.000
6530,20260707,20260620,70860,320,145,229,214,9,3,SOA006530,571.1000,571.1000,571.1000,1,1,2026-08-24T00:00:00.000
6531,20260824,20260611,70500,374,403,159,280,1,3,SOA006531,571.8000,571.8000,571.8000,1,1,2026-08-24T00:00:00.000
6532,20260710,20260806,18660,138,147,88,247,7,2,SOA006532,572.5000,572.5000,572.5000,1,1,2026-08-24T00:00:00.000
6533,20260626,20260627,56160,96,422,346,337,8,1,SOA006533,573.2000,573.2000,573.2000,1,1,2026-08-24T00:00:00.000
6534,20260802,20260530,9900,19,435,224,15,10,1,SOA006534,573.9000,573.9000,573.9000,1,1,2026-08-24T00:00:00.000
6535,20260823,20260622,37320,446,261,5,257,2,6,SOA006535,574.6000,574.6000,574.6000,1,1,2026-08-24T00:00:00.000
6536,20260728,20260608,8100,120,432,28,299,7,7,SOA006536,575.3000,575.3000,575.3000,1,1,2026-08-24T00:00:00.000
6537,20260611,20260706,22320,347,480,32,187,7,2,SOA006537,576.0000,576.0000,576.0000,1,1,2026-08-24T00:00:00.000
6538,20260726,20260719,50100,419,436,232,141,9,2,SOA006538,576.7000,576.7000,576.7000,1,1,2026-08-24T00:00:00.000
6539,20260813,20260628,53700,311,150,281,199,5,2,SOA006539,577.4000,577.4000,577.4000,1,1,2026-08-24T00:00:00.000
6540,20260714,20260716,34260,12,346,150,151,9,4,SOA006540,578.1000,578.1000,578.1000,1,1,2026-08-24T00:00:00.000
6541,20260818,20260624,37980,35,391,306,315,6,3,SOA006541,578.8000,578.8000,578.8000,1,1,2026-08-24T00:00:00.000
6542,20260722,20260724,37800,416,32,18,227,4,2,SOA006542,579.5000,579.5000,579.5000,1,1,2026-08-24T00:00:00.000
6543,20260706,20260608,30900,429,342,120,242,6,3,SOA006543,580.2000,580.2000,580.2000,1,1,2026-08-24T00:00:00.000
6544,20260821,20260625,84120,345,198,34,176,7,6,SOA006544,580.9000,580.9000,580.9000,1,1,2026-08-24T00:00:00.000
6545,20260816,20260620,53640,157,255,485,137,2,5,SOA006545,581.6000,581.6000,581.6000,1,1,2026-08-24T00:00:00.000
6546,20260730,20260610,71640,148,310,286,264,2,5,SOA006546,582.3000,582.3000,582.3000,1,1,2026-08-24T00:00:00.000
6547,20260812,20260528,76740,221,206,350,169,8,3,SOA006547,583.0000,583.0000,583.0000,1,1,2026-08-24T00:00:00.000
6548,20260629,20260806,76020,405,410,285,183,2,4,SOA006548,583.7000,583.7000,583.7000,1,1,2026-08-24T00:00:00.000
6549,20260821,20260815,600,35,221,219,267,1,2,SOA006549,584.4000,584.4000,584.4000,1,1,2026-08-24T00:00:00.000
6550,20260607,20260802,69660,469,444,431,306,9,3,SOA006550,585.1000,585.1000,585.1000,1,1,2026-08-24T00:00:00.000
6551,20260615,20260530,73320,233,362,77,44,10,5,SOA006551,585.8000,585.8000,585.8000,1,1,2026-08-24T00:00:00.000
6552,20260530,20260727,1560,1,74,259,262,8,4,SOA006552,586.5000,586.5000,586.5000,1,1,2026-08-24T00:00:00.000
6553,20260707,20260608,70020,139,298,35,119,7,4,SOA006553,587.2000,587.2000,587.2000,1,1,2026-08-24T00:00:00.000
6554,20260703,20260529,28860,415,23,250,349,7,4,SOA006554,587.9000,587.9000,587.9000,1,1,2026-08-24T00:00:00.000
6555,20260611,20260725,47640,223,210,198,298,9,4,SOA006555,588.6000,588.6000,588.6000,1,1,2026-08-24T00:00:00.000
6556,20260627,20260725,22020,339,485,343,187,5,6,SOA006556,589.3000,589.3000,589.3000,1,1,2026-08-24T00:00:00.000
6557,20260630,20260608,70560,112,234,150,327,7,2,SOA006557,590.0000,590.0000,590.0000,1,1,2026-08-24T00:00:00.000
6558,20260628,20260617,70200,291,254,318,73,9,4,SOA006558,590.7000,590.7000,590.7000,1,1,2026-08-24T00:00:00.000
6559,20260725,20260804,67680,208,133,79,176,9,6,SOA006559,591.4000,591.4000,591.4000,1,1,2026-08-24T00:00:00.000
6560,20260610,20260707,75600,261,243,208,10,3,3,SOA006560,592.1000,592.1000,592.1000,1,1,2026-08-24T00:00:00.000
6561,20260805,20260611,7500,450,275,204,35,4,6,SOA006561,592.8000,592.8000,592.8000,1,1,2026-08-24T00:00:00.000
6562,20260717,20260707,77880,276,451,216,341,8,2,SOA006562,593.5000,593.5000,593.5000,1,1,2026-08-24T00:00:00.000
6563,20260528,20260803,31260,308,179,243,336,1,6,SOA006563,594.2000,594.2000,594.2000,1,1,2026-08-24T00:00:00.000
6564,20260529,20260704,19980,407,360,458,142,10,1,SOA006564,594.9000,594.9000,594.9000,1,1,2026-08-24T00:00:00.000
6565,20260802,20260815,6840,341,476,365,241,5,4,SOA006565,595.6000,595.6000,595.6000,1,1,2026-08-24T00:00:00.000
6566,20260805,20260804,11640,267,498,309,95,7,3,SOA006566,596.3000,596.3000,596.3000,1,1,2026-08-24T00:00:00.000
6567,20260623,20260616,46320,147,200,53,113,7,1,SOA006567,597.0000,597.0000,597.0000,1,1,2026-08-24T00:00:00.000
6568,20260801,20260720,9240,329,106,60,305,4,2,SOA006568,597.7000,597.7000,597.7000,1,1,2026-08-24T00:00:00.000
6569,20260608,20260724,63360,256,374,295,2,5,2,SOA006569,598.4000,598.4000,598.4000,1,1,2026-08-24T00:00:00.000
6570,20260529,20260814,35400,11,109,90,51,2,1,SOA006570,599.1000,599.1000,599.1000,1,1,2026-08-24T00:00:00.000
6571,20260530,20260812,45420,453,269,149,28,10,5,SOA006571,599.8000,599.8000,599.8000,1,1,2026-08-24T00:00:00.000
6572,20260819,20260613,10320,401,318,289,64,1,6,SOA006572,600.5000,600.5000,600.5000,1,1,2026-08-24T00:00:00.000
6573,20260803,20260717,58020,327,41,452,116,4,1,SOA006573,601.2000,601.2000,601.2000,1,1,2026-08-24T00:00:00.000
6574,20260810,20260618,4380,475,46,222,39,9,7,SOA006574,601.9000,601.9000,601.9000,1,1,2026-08-24T00:00:00.000
6575,20260813,20260613,29160,61,472,130,130,5,1,SOA006575,602.6000,602.6000,602.6000,1,1,2026-08-24T00:00:00.000
6576,20260805,20260617,41340,204,180,475,252,7,2,SOA006576,603.3000,603.3000,603.3000,1,1,2026-08-24T00:00:00.000
6577,20260817,20260702,7140,500,36,3,309,3,3,SOA006577,604.0000,604.0000,604.0000,1,1,2026-08-24T00:00:00.000
6578,20260629,20260528,85560,246,482,39,184,6,5,SOA006578,604.7000,604.7000,604.7000,1,1,2026-08-24T00:00:00.000
6579,20260618,20260817,3720,229,153,116,166,4,2,SOA006579,605.4000,605.4000,605.4000,1,1,2026-08-24T00:00:00.000
6580,20260815,20260822,44520,39,207,383,71,8,7,SOA006580,606.1000,606.1000,606.1000,1,1,2026-08-24T00:00:00.000
6581,20260726,20260603,75240,350,202,174,9,10,2,SOA006581,606.8000,606.8000,606.8000,1,1,2026-08-24T00:00:00.000
6582,20260626,20260705,50160,237,481,236,241,6,5,SOA006582,607.5000,607.5000,607.5000,1,1,2026-08-24T00:00:00.000
6583,20260613,20260804,14640,54,437,455,256,6,3,SOA006583,608.2000,608.2000,608.2000,1,1,2026-08-24T00:00:00.000
6584,20260705,20260710,37680,267,214,495,94,9,1,SOA006584,608.9000,608.9000,608.9000,1,1,2026-08-24T00:00:00.000
6585,20260805,20260731,83940,214,290,118,107,1,4,SOA006585,609.6000,609.6000,609.6000,1,1,2026-08-24T00:00:00.000
6586,20260730,20260729,18360,17,39,82,151,6,7,SOA006586,610.3000,610.3000,610.3000,1,1,2026-08-24T00:00:00.000
6587,20260723,20260724,4260,124,31,15,130,5,5,SOA006587,611.0000,611.0000,611.0000,1,1,2026-08-24T00:00:00.000
6588,20260702,20260731,30060,128,208,484,297,9,1,SOA006588,611.7000,611.7000,611.7000,1,1,2026-08-24T00:00:00.000
6589,20260802,20260822,25500,278,463,177,110,3,6,SOA006589,612.4000,612.4000,612.4000,1,1,2026-08-24T00:00:00.000
6590,20260823,20260529,48360,376,422,374,159,1,7,SOA006590,613.1000,613.1000,613.1000,1,1,2026-08-24T00:00:00.000
6591,20260609,20260604,3060,204,125,362,47,1,3,SOA006591,613.8000,613.8000,613.8000,1,1,2026-08-24T00:00:00.000
6592,20260801,20260602,46800,380,201,396,97,4,7,SOA006592,614.5000,614.5000,614.5000,1,1,2026-08-24T00:00:00.000
6593,20260620,20260716,20340,353,33,134,167,6,5,SOA006593,615.2000,615.2000,615.2000,1,1,2026-08-24T00:00:00.000
6594,20260815,20260528,3480,23,223,154,189,6,5,SOA006594,615.9000,615.9000,615.9000,1,1,2026-08-24T00:00:00.000
6595,20260625,20260707,45900,62,131,162,36,10,4,SOA006595,616.6000,616.6000,616.6000,1,1,2026-08-24T00:00:00.000
6596,20260708,20260724,80220,105,224,364,304,4,6,SOA006596,617.3000,617.3000,617.3000,1,1,2026-08-24T00:00:00.000
6597,20260528,20260601,30780,111,465,18,98,4,7,SOA006597,618.0000,618.0000,618.0000,1,1,2026-08-24T00:00:00.000
6598,20260608,20260613,45240,116,27,497,265,3,6,SOA006598,618.7000,618.7000,618.7000,1,1,2026-08-24T00:00:00.000
6599,20260606,20260818,84120,98,316,187,37,1,4,SOA006599,619.4000,619.4000,619.4000,1,1,2026-08-24T00:00:00.000
6600,20260618,20260602,19620,353,249,218,125,9,4,SOA006600,620.1000,620.1000,620.1000,1,1,2026-08-24T00:00:00.000
6601,20260720,20260711,5640,102,377,51,261,5,7,SOA006601,620.8000,620.8000,620.8000,1,1,2026-08-24T00:00:00.000
6602,20260707,20260709,48060,390,167,312,73,4,4,SOA006602,621.5000,621.5000,621.5000,1,1,2026-08-24T00:00:00.000
6603,20260817,20260711,43920,350,154,462,12,6,1,SOA006603,622.2000,622.2000,622.2000,1,1,2026-08-24T00:00:00.000
6604,20260817,20260819,64440,356,222,396,204,3,3,SOA006604,622.9000,622.9000,622.9000,1,1,2026-08-24T00:00:00.000
6605,20260803,20260625,52140,349,59,90,38,10,1,SOA006605,623.6000,623.6000,623.6000,1,1,2026-08-24T00:00:00.000
6606,20260812,20260823,16920,338,408,147,75,3,1,SOA006606,624.3000,624.3000,624.3000,1,1,2026-08-24T00:00:00.000
6607,20260604,20260604,61920,107,177,412,233,8,1,SOA006607,625.0000,625.0000,625.0000,1,1,2026-08-24T00:00:00.000
6608,20260720,20260712,41760,74,496,108,35,2,5,SOA006608,625.7000,625.7000,625.7000,1,1,2026-08-24T00:00:00.000
6609,20260724,20260802,16080,243,321,241,69,7,4,SOA006609,626.4000,626.4000,626.4000,1,1,2026-08-24T00:00:00.000
6610,20260807,20260625,74280,52,151,110,332,6,6,SOA006610,627.1000,627.1000,627.1000,1,1,2026-08-24T00:00:00.000
6611,20260729,20260821,17700,24,68,397,94,7,1,SOA006611,627.8000,627.8000,627.8000,1,1,2026-08-24T00:00:00.000
6612,20260723,20260728,13260,230,355,104,120,3,1,SOA006612,628.5000,628.5000,628.5000,1,1,2026-08-24T00:00:00.000
6613,20260817,20260609,21060,232,116,478,227,5,5,SOA006613,629.2000,629.2000,629.2000,1,1,2026-08-24T00:00:00.000
6614,20260824,20260609,47100,39,284,122,324,1,5,SOA006614,629.9000,629.9000,629.9000,1,1,2026-08-24T00:00:00.000
6615,20260727,20260531,57240,198,5,60,101,6,6,SOA006615,630.6000,630.6000,630.6000,1,1,2026-08-24T00:00:00.000
6616,20260721,20260713,76560,385,48,158,131,10,6,SOA006616,631.3000,631.3000,631.3000,1,1,2026-08-24T00:00:00.000
6617,20260816,20260820,12540,315,107,303,34,4,7,SOA006617,632.0000,632.0000,632.0000,1,1,2026-08-24T00:00:00.000
6618,20260710,20260625,30540,299,176,496,314,4,1,SOA006618,632.7000,632.7000,632.7000,1,1,2026-08-24T00:00:00.000
6619,20260721,20260715,83580,372,68,474,45,10,7,SOA006619,633.4000,633.4000,633.4000,1,1,2026-08-24T00:00:00.000
6620,20260808,20260626,60060,363,96,221,13,6,4,SOA006620,634.1000,634.1000,634.1000,1,1,2026-08-24T00:00:00.000
6621,20260802,20260727,62040,41,427,429,151,2,6,SOA006621,634.8000,634.8000,634.8000,1,1,2026-08-24T00:00:00.000
6622,20260728,20260709,60720,331,262,184,250,8,3,SOA006622,635.5000,635.5000,635.5000,1,1,2026-08-24T00:00:00.000
6623,20260709,20260613,22440,454,53,17,332,2,3,SOA006623,636.2000,636.2000,636.2000,1,1,2026-08-24T00:00:00.000
6624,20260719,20260714,78840,138,278,377,124,9,4,SOA006624,636.9000,636.9000,636.9000,1,1,2026-08-24T00:00:00.000
6625,20260821,20260528,47220,294,471,280,294,5,6,SOA006625,637.6000,637.6000,637.6000,1,1,2026-08-24T00:00:00.000
6626,20260806,20260610,84240,205,275,334,279,1,3,SOA006626,638.3000,638.3000,638.3000,1,1,2026-08-24T00:00:00.000
6627,20260530,20260801,2040,160,245,6,215,10,7,SOA006627,639.0000,639.0000,639.0000,1,1,2026-08-24T00:00:00.000
6628,20260725,20260703,36420,441,123,499,110,5,1,SOA006628,639.7000,639.7000,639.7000,1,1,2026-08-24T00:00:00.000
6629,20260728,20260715,44400,192,418,144,276,5,1,SOA006629,640.4000,640.4000,640.4000,1,1,2026-08-24T00:00:00.000
6630,20260817,20260701,73140,316,13,355,219,7,7,SOA006630,641.1000,641.1000,641.1000,1,1,2026-08-24T00:00:00.000
6631,20260612,20260701,26820,377,439,122,220,7,5,SOA006631,641.8000,641.8000,641.8000,1,1,2026-08-24T00:00:00.000
6632,20260615,20260624,79260,344,377,98,105,1,1,SOA006632,642.5000,642.5000,642.5000,1,1,2026-08-24T00:00:00.000
6633,20260718,20260705,39660,23,246,298,161,6,1,SOA006633,643.2000,643.2000,643.2000,1,1,2026-08-24T00:00:00.000
6634,20260707,20260728,2280,423,395,402,326,5,1,SOA006634,643.9000,643.9000,643.9000,1,1,2026-08-24T00:00:00.000
6635,20260622,20260805,58320,420,239,159,232,5,7,SOA006635,644.6000,644.6000,644.6000,1,1,2026-08-24T00:00:00.000
6636,20260626,20260604,14460,157,74,190,1,1,5,SOA006636,645.3000,645.3000,645.3000,1,1,2026-08-24T00:00:00.000
6637,20260817,20260601,76920,130,349,439,116,4,7,SOA006637,646.0000,646.0000,646.0000,1,1,2026-08-24T00:00:00.000
6638,20260807,20260728,22260,173,46,332,307,2,3,SOA006638,646.7000,646.7000,646.7000,1,1,2026-08-24T00:00:00.000
6639,20260719,20260731,15540,288,474,436,100,10,7,SOA006639,647.4000,647.4000,647.4000,1,1,2026-08-24T00:00:00.000
6640,20260824,20260721,85560,241,386,89,298,4,4,SOA006640,648.1000,648.1000,648.1000,1,1,2026-08-24T00:00:00.000
6641,20260610,20260731,16800,15,262,280,87,4,5,SOA006641,648.8000,648.8000,648.8000,1,1,2026-08-24T00:00:00.000
6642,20260609,20260718,69240,226,291,470,165,2,4,SOA006642,649.5000,649.5000,649.5000,1,1,2026-08-24T00:00:00.000
6643,20260704,20260620,68640,226,326,321,36,5,7,SOA006643,650.2000,650.2000,650.2000,1,1,2026-08-24T00:00:00.000
6644,20260606,20260821,11280,20,312,312,300,4,2,SOA006644,650.9000,650.9000,650.9000,1,1,2026-08-24T00:00:00.000
6645,20260531,20260627,16320,307,211,158,267,9,6,SOA006645,651.6000,651.6000,651.6000,1,1,2026-08-24T00:00:00.000
6646,20260620,20260620,54060,437,263,455,233,5,4,SOA006646,652.3000,652.3000,652.3000,1,1,2026-08-24T00:00:00.000
6647,20260622,20260703,15900,122,292,497,175,8,2,SOA006647,653.0000,653.0000,653.0000,1,1,2026-08-24T00:00:00.000
6648,20260628,20260728,49260,186,467,37,263,8,3,SOA006648,653.7000,653.7000,653.7000,1,1,2026-08-24T00:00:00.000
6649,20260603,20260628,80580,475,302,180,193,6,4,SOA006649,654.4000,654.4000,654.4000,1,1,2026-08-24T00:00:00.000
6650,20260805,20260728,27480,223,107,65,143,9,3,SOA006650,655.1000,655.1000,655.1000,1,1,2026-08-24T00:00:00.000
6651,20260607,20260629,58440,364,379,311,147,4,7,SOA006651,655.8000,655.8000,655.8000,1,1,2026-08-24T00:00:00.000
6652,20260819,20260527,57840,345,122,102,327,7,1,SOA006652,656.5000,656.5000,656.5000,1,1,2026-08-24T00:00:00.000
6653,20260621,20260605,85440,482,377,422,233,2,1,SOA006653,657.2000,657.2000,657.2000,1,1,2026-08-24T00:00:00.000
6654,20260808,20260722,18000,482,166,274,176,2,3,SOA006654,657.9000,657.9000,657.9000,1,1,2026-08-24T00:00:00.000
6655,20260706,20260617,84000,203,328,496,103,4,6,SOA006655,658.6000,658.6000,658.6000,1,1,2026-08-24T00:00:00.000
6656,20260727,20260724,9540,120,434,79,155,9,4,SOA006656,659.3000,659.3000,659.3000,1,1,2026-08-24T00:00:00.000
6657,20260604,20260813,3720,86,14,174,128,2,4,SOA006657,660.0000,660.0000,660.0000,1,1,2026-08-24T00:00:00.000
6658,20260725,20260722,70020,240,218,100,317,6,7,SOA006658,660.7000,660.7000,660.7000,1,1,2026-08-24T00:00:00.000
6659,20260621,20260727,23700,57,299,159,135,6,3,SOA006659,661.4000,661.4000,661.4000,1,1,2026-08-24T00:00:00.000
6660,20260601,20260815,32340,190,40,174,46,3,3,SOA006660,662.1000,662.1000,662.1000,1,1,2026-08-24T00:00:00.000
6661,20260618,20260620,54240,95,7,334,187,1,3,SOA006661,662.8000,662.8000,662.8000,1,1,2026-08-24T00:00:00.000
6662,20260601,20260611,6180,303,299,327,196,5,4,SOA006662,663.5000,663.5000,663.5000,1,1,2026-08-24T00:00:00.000
6663,20260630,20260615,73380,66,382,110,88,5,6,SOA006663,664.2000,664.2000,664.2000,1,1,2026-08-24T00:00:00.000
6664,20260724,20260813,45540,28,316,114,231,7,7,SOA006664,664.9000,664.9000,664.9000,1,1,2026-08-24T00:00:00.000
6665,20260802,20260718,6480,409,434,33,3,3,7,SOA006665,665.6000,665.6000,665.6000,1,1,2026-08-24T00:00:00.000
6666,20260617,20260812,15060,166,331,85,234,9,3,SOA006666,666.3000,666.3000,666.3000,1,1,2026-08-24T00:00:00.000
6667,20260625,20260713,17640,32,440,416,67,9,5,SOA006667,667.0000,667.0000,667.0000,1,1,2026-08-24T00:00:00.000
6668,20260703,20260820,57360,491,60,176,242,4,1,SOA006668,667.7000,667.7000,667.7000,1,1,2026-08-24T00:00:00.000
6669,20260528,20260620,58560,498,120,443,219,10,5,SOA006669,668.4000,668.4000,668.4000,1,1,2026-08-24T00:00:00.000
6670,20260821,20260530,70800,206,49,409,16,9,4,SOA006670,669.1000,669.1000,669.1000,1,1,2026-08-24T00:00:00.000
6671,20260530,20260601,56340,290,350,247,203,6,6,SOA006671,669.8000,669.8000,669.8000,1,1,2026-08-24T00:00:00.000
6672,20260609,20260716,3120,431,13,243,275,6,5,SOA006672,670.5000,670.5000,670.5000,1,1,2026-08-24T00:00:00.000
6673,20260725,20260714,37380,336,23,20,284,7,2,SOA006673,671.2000,671.2000,671.2000,1,1,2026-08-24T00:00:00.000
6674,20260729,20260716,33780,480,429,484,345,3,1,SOA006674,671.9000,671.9000,671.9000,1,1,2026-08-24T00:00:00.000
6675,20260621,20260824,18840,413,117,52,161,8,1,SOA006675,672.6000,672.6000,672.6000,1,1,2026-08-24T00:00:00.000
6676,20260812,20260709,33960,365,333,407,306,4,3,SOA006676,673.3000,673.3000,673.3000,1,1,2026-08-24T00:00:00.000
6677,20260810,20260626,81840,57,165,143,346,7,5,SOA006677,674.0000,674.0000,674.0000,1,1,2026-08-24T00:00:00.000
6678,20260807,20260802,41820,301,114,335,128,7,7,SOA006678,674.7000,674.7000,674.7000,1,1,2026-08-24T00:00:00.000
6679,20260813,20260819,78540,457,309,362,214,1,3,SOA006679,675.4000,675.4000,675.4000,1,1,2026-08-24T00:00:00.000
6680,20260608,20260709,18240,309,270,92,43,8,7,SOA006680,676.1000,676.1000,676.1000,1,1,2026-08-24T00:00:00.000
6681,20260703,20260710,86040,6,34,256,272,8,4,SOA006681,676.8000,676.8000,676.8000,1,1,2026-08-24T00:00:00.000
6682,20260807,20260613,22860,116,29,417,130,8,4,SOA006682,677.5000,677.5000,677.5000,1,1,2026-08-24T00:00:00.000
6683,20260803,20260527,9360,153,189,37,28,3,6,SOA006683,678.2000,678.2000,678.2000,1,1,2026-08-24T00:00:00.000
6684,20260705,20260804,6420,124,19,136,209,8,5,SOA006684,678.9000,678.9000,678.9000,1,1,2026-08-24T00:00:00.000
6685,20260627,20260814,31140,409,482,11,207,5,1,SOA006685,679.6000,679.6000,679.6000,1,1,2026-08-24T00:00:00.000
6686,20260704,20260707,420,297,354,391,23,2,6,SOA006686,680.3000,680.3000,680.3000,1,1,2026-08-24T00:00:00.000
6687,20260814,20260602,75300,404,7,145,344,8,3,SOA006687,681.0000,681.0000,681.0000,1,1,2026-08-24T00:00:00.000
6688,20260720,20260821,2220,459,311,283,274,10,2,SOA006688,681.7000,681.7000,681.7000,1,1,2026-08-24T00:00:00.000
6689,20260712,20260821,33780,400,193,323,197,10,2,SOA006689,682.4000,682.4000,682.4000,1,1,2026-08-24T00:00:00.000
6690,20260604,20260630,13200,9,436,209,14,7,2,SOA006690,683.1000,683.1000,683.1000,1,1,2026-08-24T00:00:00.000
6691,20260805,20260804,40980,72,476,5,217,10,6,SOA006691,683.8000,683.8000,683.8000,1,1,2026-08-24T00:00:00.000
6692,20260806,20260618,51660,463,14,152,66,4,4,SOA006692,684.5000,684.5000,684.5000,1,1,2026-08-24T00:00:00.000
6693,20260731,20260703,50640,114,176,174,197,1,4,SOA006693,685.2000,685.2000,685.2000,1,1,2026-08-24T00:00:00.000
6694,20260728,20260605,34740,396,167,60,105,8,3,SOA006694,685.9000,685.9000,685.9000,1,1,2026-08-24T00:00:00.000
6695,20260815,20260809,1620,443,177,231,130,6,5,SOA006695,686.6000,686.6000,686.6000,1,1,2026-08-24T00:00:00.000
6696,20260607,20260731,56280,90,388,290,333,3,3,SOA006696,687.3000,687.3000,687.3000,1,1,2026-08-24T00:00:00.000
6697,20260721,20260819,6240,160,53,1,137,1,6,SOA006697,688.0000,688.0000,688.0000,1,1,2026-08-24T00:00:00.000
6698,20260730,20260702,59580,129,495,255,135,5,6,SOA006698,688.7000,688.7000,688.7000,1,1,2026-08-24T00:00:00.000
6699,20260807,20260731,56580,430,416,487,284,4,7,SOA006699,689.4000,689.4000,689.4000,1,1,2026-08-24T00:00:00.000
6700,20260611,20260627,15660,443,454,361,315,10,3,SOA006700,690.1000,690.1000,690.1000,1,1,2026-08-24T00:00:00.000
6701,20260728,20260615,37380,212,421,395,346,4,7,SOA006701,690.8000,690.8000,690.8000,1,1,2026-08-24T00:00:00.000
6702,20260614,20260611,6300,441,402,363,286,2,2,SOA006702,691.5000,691.5000,691.5000,1,1,2026-08-24T00:00:00.000
6703,20260702,20260614,40740,340,445,40,15,1,5,SOA006703,692.2000,692.2000,692.2000,1,1,2026-08-24T00:00:00.000
6704,20260611,20260714,48060,101,82,20,208,10,6,SOA006704,692.9000,692.9000,692.9000,1,1,2026-08-24T00:00:00.000
6705,20260727,20260807,8280,457,183,313,196,4,6,SOA006705,693.6000,693.6000,693.6000,1,1,2026-08-24T00:00:00.000
6706,20260530,20260606,61620,357,480,488,332,5,5,SOA006706,694.3000,694.3000,694.3000,1,1,2026-08-24T00:00:00.000
6707,20260725,20260624,52800,342,144,345,234,9,3,SOA006707,695.0000,695.0000,695.0000,1,1,2026-08-24T00:00:00.000
6708,20260705,20260714,80280,309,224,177,42,3,1,SOA006708,695.7000,695.7000,695.7000,1,1,2026-08-24T00:00:00.000
6709,20260814,20260722,17520,478,252,455,172,2,6,SOA006709,696.4000,696.4000,696.4000,1,1,2026-08-24T00:00:00.000
6710,20260720,20260623,26160,290,354,206,29,3,7,SOA006710,697.1000,697.1000,697.1000,1,1,2026-08-24T00:00:00.000
6711,20260724,20260714,56280,96,107,227,61,7,3,SOA006711,697.8000,697.8000,697.8000,1,1,2026-08-24T00:00:00.000
6712,20260729,20260715,57660,18,239,170,154,3,5,SOA006712,698.5000,698.5000,698.5000,1,1,2026-08-24T00:00:00.000
6713,20260819,20260801,41820,258,184,468,317,4,7,SOA006713,699.2000,699.2000,699.2000,1,1,2026-08-24T00:00:00.000
6714,20260806,20260602,3720,199,20,34,94,9,4,SOA006714,699.9000,699.9000,699.9000,1,1,2026-08-24T00:00:00.000
6715,20260611,20260711,60540,87,194,261,314,8,1,SOA006715,700.6000,700.6000,700.6000,1,1,2026-08-24T00:00:00.000
6716,20260808,20260812,40560,255,366,202,211,4,5,SOA006716,701.3000,701.3000,701.3000,1,1,2026-08-24T00:00:00.000
6717,20260609,20260610,21360,240,340,429,141,3,2,SOA006717,702.0000,702.0000,702.0000,1,1,2026-08-24T00:00:00.000
6718,20260724,20260709,54120,135,232,225,220,9,2,SOA006718,702.7000,702.7000,702.7000,1,1,2026-08-24T00:00:00.000
6719,20260823,20260706,8520,161,77,4,86,3,3,SOA006719,703.4000,703.4000,703.4000,1,1,2026-08-24T00:00:00.000
6720,20260815,20260714,21180,18,235,55,71,10,1,SOA006720,704.1000,704.1000,704.1000,1,1,2026-08-24T00:00:00.000
6721,20260604,20260725,57420,404,452,446,6,2,3,SOA006721,704.8000,704.8000,704.8000,1,1,2026-08-24T00:00:00.000
6722,20260820,20260728,21300,363,496,477,173,10,5,SOA006722,705.5000,705.5000,705.5000,1,1,2026-08-24T00:00:00.000
6723,20260630,20260716,82680,234,298,393,183,6,7,SOA006723,706.2000,706.2000,706.2000,1,1,2026-08-24T00:00:00.000
6724,20260531,20260703,45480,260,348,458,212,3,4,SOA006724,706.9000,706.9000,706.9000,1,1,2026-08-24T00:00:00.000
6725,20260817,20260708,79680,431,312,327,114,8,1,SOA006725,707.6000,707.6000,707.6000,1,1,2026-08-24T00:00:00.000
6726,20260817,20260712,47460,249,431,78,313,8,1,SOA006726,708.3000,708.3000,708.3000,1,1,2026-08-24T00:00:00.000
6727,20260708,20260621,82080,300,340,55,217,8,3,SOA006727,709.0000,709.0000,709.0000,1,1,2026-08-24T00:00:00.000
6728,20260719,20260608,33540,313,496,120,38,5,7,SOA006728,709.7000,709.7000,709.7000,1,1,2026-08-24T00:00:00.000
6729,20260629,20260715,68760,500,303,108,327,3,5,SOA006729,710.4000,710.4000,710.4000,1,1,2026-08-24T00:00:00.000
6730,20260624,20260528,82020,20,397,470,226,9,5,SOA006730,711.1000,711.1000,711.1000,1,1,2026-08-24T00:00:00.000
6731,20260802,20260801,80040,50,404,407,155,3,5,SOA006731,711.8000,711.8000,711.8000,1,1,2026-08-24T00:00:00.000
6732,20260811,20260703,26460,146,298,478,142,8,5,SOA006732,712.5000,712.5000,712.5000,1,1,2026-08-24T00:00:00.000
6733,20260720,20260630,62280,412,382,323,288,10,6,SOA006733,713.2000,713.2000,713.2000,1,1,2026-08-24T00:00:00.000
6734,20260717,20260603,9480,332,241,125,120,3,6,SOA006734,713.9000,713.9000,713.9000,1,1,2026-08-24T00:00:00.000
6735,20260731,20260815,37260,281,124,184,184,5,5,SOA006735,714.6000,714.6000,714.6000,1,1,2026-08-24T00:00:00.000
6736,20260807,20260608,23760,235,111,21,332,4,3,SOA006736,715.3000,715.3000,715.3000,1,1,2026-08-24T00:00:00.000
6737,20260715,20260715,74940,292,462,326,15,3,3,SOA006737,716.0000,716.0000,716.0000,1,1,2026-08-24T00:00:00.000
6738,20260620,20260618,84060,340,429,311,135,2,1,SOA006738,716.7000,716.7000,716.7000,1,1,2026-08-24T00:00:00.000
6739,20260816,20260608,10740,224,126,341,322,7,4,SOA006739,717.4000,717.4000,717.4000,1,1,2026-08-24T00:00:00.000
6740,20260813,20260730,55920,255,308,199,261,3,3,SOA006740,718.1000,718.1000,718.1000,1,1,2026-08-24T00:00:00.000
6741,20260723,20260806,53580,364,181,200,233,8,1,SOA006741,718.8000,718.8000,718.8000,1,1,2026-08-24T00:00:00.000
6742,20260714,20260821,26520,215,10,52,164,2,7,SOA006742,719.5000,719.5000,719.5000,1,1,2026-08-24T00:00:00.000
6743,20260528,20260808,63780,137,34,9,35,8,3,SOA006743,720.2000,720.2000,720.2000,1,1,2026-08-24T00:00:00.000
6744,20260711,20260531,10740,67,280,257,264,2,6,SOA006744,720.9000,720.9000,720.9000,1,1,2026-08-24T00:00:00.000
6745,20260809,20260715,57000,117,433,121,292,4,6,SOA006745,721.6000,721.6000,721.6000,1,1,2026-08-24T00:00:00.000
6746,20260807,20260606,53160,440,459,500,122,1,3,SOA006746,722.3000,722.3000,722.3000,1,1,2026-08-24T00:00:00.000
6747,20260812,20260717,75660,75,295,253,94,2,3,SOA006747,723.0000,723.0000,723.0000,1,1,2026-08-24T00:00:00.000
6748,20260619,20260816,65340,92,320,192,137,8,7,SOA006748,723.7000,723.7000,723.7000,1,1,2026-08-24T00:00:00.000
6749,20260713,20260527,40440,144,406,113,86,5,3,SOA006749,724.4000,724.4000,724.4000,1,1,2026-08-24T00:00:00.000
6750,20260528,20260702,55620,202,115,475,66,8,2,SOA006750,725.1000,725.1000,725.1000,1,1,2026-08-24T00:00:00.000
6751,20260820,20260819,39720,59,250,381,128,7,3,SOA006751,725.8000,725.8000,725.8000,1,1,2026-08-24T00:00:00.000
6752,20260811,20260622,41460,23,411,53,177,7,6,SOA006752,726.5000,726.5000,726.5000,1,1,2026-08-24T00:00:00.000
6753,20260814,20260626,420,42,17,238,295,9,4,SOA006753,727.2000,727.2000,727.2000,1,1,2026-08-24T00:00:00.000
6754,20260719,20260719,60420,376,168,78,333,7,3,SOA006754,727.9000,727.9000,727.9000,1,1,2026-08-24T00:00:00.000
6755,20260616,20260618,57660,323,145,433,187,7,6,SOA006755,728.6000,728.6000,728.6000,1,1,2026-08-24T00:00:00.000
6756,20260603,20260531,10320,378,85,380,4,3,6,SOA006756,729.3000,729.3000,729.3000,1,1,2026-08-24T00:00:00.000
6757,20260812,20260613,26820,181,207,439,170,2,2,SOA006757,730.0000,730.0000,730.0000,1,1,2026-08-24T00:00:00.000
6758,20260711,20260810,64440,11,20,241,330,4,1,SOA006758,730.7000,730.7000,730.7000,1,1,2026-08-24T00:00:00.000
6759,20260618,20260714,77820,435,330,4,126,8,3,SOA006759,731.4000,731.4000,731.4000,1,1,2026-08-24T00:00:00.000
6760,20260605,20260702,44700,199,334,186,75,10,6,SOA006760,732.1000,732.1000,732.1000,1,1,2026-08-24T00:00:00.000
6761,20260609,20260723,26400,337,198,65,202,3,3,SOA006761,732.8000,732.8000,732.8000,1,1,2026-08-24T00:00:00.000
6762,20260807,20260802,35520,414,301,132,178,4,3,SOA006762,733.5000,733.5000,733.5000,1,1,2026-08-24T00:00:00.000
6763,20260612,20260711,33300,492,245,315,119,9,2,SOA006763,734.2000,734.2000,734.2000,1,1,2026-08-24T00:00:00.000
6764,20260715,20260603,34080,18,380,491,253,4,7,SOA006764,734.9000,734.9000,734.9000,1,1,2026-08-24T00:00:00.000
6765,20260807,20260805,30780,258,122,357,39,7,5,SOA006765,735.6000,735.6000,735.6000,1,1,2026-08-24T00:00:00.000
6766,20260606,20260815,46380,14,197,162,323,2,2,SOA006766,736.3000,736.3000,736.3000,1,1,2026-08-24T00:00:00.000
6767,20260605,20260709,51240,92,254,338,5,5,5,SOA006767,737.0000,737.0000,737.0000,1,1,2026-08-24T00:00:00.000
6768,20260716,20260820,70320,258,112,351,325,4,3,SOA006768,737.7000,737.7000,737.7000,1,1,2026-08-24T00:00:00.000
6769,20260611,20260620,4920,18,488,373,209,2,6,SOA006769,738.4000,738.4000,738.4000,1,1,2026-08-24T00:00:00.000
6770,20260805,20260719,52080,145,186,457,339,6,3,SOA006770,739.1000,739.1000,739.1000,1,1,2026-08-24T00:00:00.000
6771,20260721,20260611,84180,271,186,440,90,4,2,SOA006771,739.8000,739.8000,739.8000,1,1,2026-08-24T00:00:00.000
6772,20260824,20260705,11340,266,84,181,278,9,1,SOA006772,740.5000,740.5000,740.5000,1,1,2026-08-24T00:00:00.000
6773,20260616,20260717,53400,456,129,383,135,7,5,SOA006773,741.2000,741.2000,741.2000,1,1,2026-08-24T00:00:00.000
6774,20260606,20260823,23280,446,38,7,12,4,3,SOA006774,741.9000,741.9000,741.9000,1,1,2026-08-24T00:00:00.000
6775,20260715,20260619,7140,159,212,477,172,2,4,SOA006775,742.6000,742.6000,742.6000,1,1,2026-08-24T00:00:00.000
6776,20260622,20260731,46020,355,160,265,58,6,1,SOA006776,743.3000,743.3000,743.3000,1,1,2026-08-24T00:00:00.000
6777,20260602,20260718,45300,193,122,300,322,1,2,SOA006777,744.0000,744.0000,744.0000,1,1,2026-08-24T00:00:00.000
6778,20260703,20260612,28380,233,34,41,334,4,3,SOA006778,744.7000,744.7000,744.7000,1,1,2026-08-24T00:00:00.000
6779,20260818,20260725,35880,335,320,211,127,10,7,SOA006779,745.4000,745.4000,745.4000,1,1,2026-08-24T00:00:00.000
6780,20260527,20260817,51900,420,277,338,85,4,2,SOA006780,746.1000,746.1000,746.1000,1,1,2026-08-24T00:00:00.000
6781,20260614,20260607,75540,398,157,253,214,4,4,SOA006781,746.8000,746.8000,746.8000,1,1,2026-08-24T00:00:00.000
6782,20260709,20260823,55320,114,386,103,102,4,5,SOA006782,747.5000,747.5000,747.5000,1,1,2026-08-24T00:00:00.000
6783,20260819,20260610,80640,274,381,454,172,1,1,SOA006783,748.2000,748.2000,748.2000,1,1,2026-08-24T00:00:00.000
6784,20260807,20260629,54240,177,237,38,209,1,6,SOA006784,748.9000,748.9000,748.9000,1,1,2026-08-24T00:00:00.000
6785,20260815,20260803,72600,402,209,451,272,7,7,SOA006785,749.6000,749.6000,749.6000,1,1,2026-08-24T00:00:00.000
6786,20260621,20260807,53760,212,221,89,274,7,4,SOA006786,750.3000,750.3000,750.3000,1,1,2026-08-24T00:00:00.000
6787,20260824,20260725,36480,471,418,155,153,8,7,SOA006787,751.0000,751.0000,751.0000,1,1,2026-08-24T00:00:00.000
6788,20260629,20260528,74100,261,267,143,272,3,2,SOA006788,751.7000,751.7000,751.7000,1,1,2026-08-24T00:00:00.000
6789,20260717,20260808,42900,210,452,425,315,5,7,SOA006789,752.4000,752.4000,752.4000,1,1,2026-08-24T00:00:00.000
6790,20260624,20260615,63840,201,194,80,254,10,7,SOA006790,753.1000,753.1000,753.1000,1,1,2026-08-24T00:00:00.000
6791,20260715,20260809,77940,351,154,297,135,1,7,SOA006791,753.8000,753.8000,753.8000,1,1,2026-08-24T00:00:00.000
6792,20260813,20260730,42060,111,202,274,158,2,7,SOA006792,754.5000,754.5000,754.5000,1,1,2026-08-24T00:00:00.000
6793,20260810,20260807,77760,143,369,121,198,3,7,SOA006793,755.2000,755.2000,755.2000,1,1,2026-08-24T00:00:00.000
6794,20260606,20260716,58800,299,291,431,83,8,1,SOA006794,755.9000,755.9000,755.9000,1,1,2026-08-24T00:00:00.000
6795,20260623,20260609,12420,65,44,446,38,7,7,SOA006795,756.6000,756.6000,756.6000,1,1,2026-08-24T00:00:00.000
6796,20260621,20260602,84300,122,89,489,37,1,1,SOA006796,757.3000,757.3000,757.3000,1,1,2026-08-24T00:00:00.000
6797,20260603,20260716,71340,41,158,97,100,1,4,SOA006797,758.0000,758.0000,758.0000,1,1,2026-08-24T00:00:00.000
6798,20260614,20260708,35820,284,383,408,215,3,2,SOA006798,758.7000,758.7000,758.7000,1,1,2026-08-24T00:00:00.000
6799,20260731,20260805,33840,59,75,146,252,4,3,SOA006799,759.4000,759.4000,759.4000,1,1,2026-08-24T00:00:00.000
6800,20260610,20260816,82500,346,64,348,186,5,4,SOA006800,760.1000,760.1000,760.1000,1,1,2026-08-24T00:00:00.000
6801,20260630,20260815,66960,48,74,149,287,6,2,SOA006801,760.8000,760.8000,760.8000,1,1,2026-08-24T00:00:00.000
6802,20260818,20260713,54900,364,254,15,324,8,4,SOA006802,761.5000,761.5000,761.5000,1,1,2026-08-24T00:00:00.000
6803,20260809,20260809,10860,500,391,275,100,9,6,SOA006803,762.2000,762.2000,762.2000,1,1,2026-08-24T00:00:00.000
6804,20260815,20260605,63120,420,99,227,9,9,7,SOA006804,762.9000,762.9000,762.9000,1,1,2026-08-24T00:00:00.000
6805,20260720,20260607,5880,59,134,104,41,2,6,SOA006805,763.6000,763.6000,763.6000,1,1,2026-08-24T00:00:00.000
6806,20260730,20260615,48720,17,224,302,245,2,2,SOA006806,764.3000,764.3000,764.3000,1,1,2026-08-24T00:00:00.000
6807,20260819,20260706,20400,464,81,316,267,5,7,SOA006807,765.0000,765.0000,765.0000,1,1,2026-08-24T00:00:00.000
6808,20260816,20260610,14580,103,206,290,232,1,7,SOA006808,765.7000,765.7000,765.7000,1,1,2026-08-24T00:00:00.000
6809,20260812,20260624,40860,138,88,277,158,8,3,SOA006809,766.4000,766.4000,766.4000,1,1,2026-08-24T00:00:00.000
6810,20260802,20260823,34860,290,14,370,121,8,1,SOA006810,767.1000,767.1000,767.1000,1,1,2026-08-24T00:00:00.000
6811,20260810,20260620,43020,98,161,240,252,8,2,SOA006811,767.8000,767.8000,767.8000,1,1,2026-08-24T00:00:00.000
6812,20260819,20260808,39960,24,89,419,28,1,4,SOA006812,768.5000,768.5000,768.5000,1,1,2026-08-24T00:00:00.000
6813,20260630,20260609,40020,424,206,49,144,9,5,SOA006813,769.2000,769.2000,769.2000,1,1,2026-08-24T00:00:00.000
6814,20260723,20260710,36900,440,365,300,15,2,6,SOA006814,769.9000,769.9000,769.9000,1,1,2026-08-24T00:00:00.000
6815,20260624,20260527,52380,64,153,465,100,2,3,SOA006815,770.6000,770.6000,770.6000,1,1,2026-08-24T00:00:00.000
6816,20260818,20260816,36840,471,135,324,236,6,5,SOA006816,771.3000,771.3000,771.3000,1,1,2026-08-24T00:00:00.000
6817,20260724,20260619,56520,297,172,102,271,1,6,SOA006817,772.0000,772.0000,772.0000,1,1,2026-08-24T00:00:00.000
6818,20260529,20260714,33900,115,62,110,341,6,4,SOA006818,772.7000,772.7000,772.7000,1,1,2026-08-24T00:00:00.000
6819,20260820,20260618,21900,281,473,324,248,2,3,SOA006819,773.4000,773.4000,773.4000,1,1,2026-08-24T00:00:00.000
6820,20260611,20260810,15300,493,94,60,297,1,1,SOA006820,774.1000,774.1000,774.1000,1,1,2026-08-24T00:00:00.000
6821,20260822,20260609,39540,295,246,271,205,7,5,SOA006821,774.8000,774.8000,774.8000,1,1,2026-08-24T00:00:00.000
6822,20260531,20260627,67380,65,28,320,193,2,3,SOA006822,775.5000,775.5000,775.5000,1,1,2026-08-24T00:00:00.000
6823,20260616,20260806,1380,100,299,467,211,3,4,SOA006823,776.2000,776.2000,776.2000,1,1,2026-08-24T00:00:00.000
6824,20260529,20260823,32280,148,45,285,82,6,4,SOA006824,776.9000,776.9000,776.9000,1,1,2026-08-24T00:00:00.000
6825,20260630,20260529,84960,250,115,265,122,4,5,SOA006825,777.6000,777.6000,777.6000,1,1,2026-08-24T00:00:00.000
6826,20260709,20260810,62580,445,331,16,223,10,4,SOA006826,778.3000,778.3000,778.3000,1,1,2026-08-24T00:00:00.000
6827,20260715,20260627,86220,243,26,147,24,1,2,SOA006827,779.0000,779.0000,779.0000,1,1,2026-08-24T00:00:00.000
6828,20260808,20260715,32040,309,257,131,207,9,5,SOA006828,779.7000,779.7000,779.7000,1,1,2026-08-24T00:00:00.000
6829,20260603,20260729,8520,404,170,448,27,4,5,SOA006829,780.4000,780.4000,780.4000,1,1,2026-08-24T00:00:00.000
6830,20260721,20260816,4320,223,300,183,185,10,6,SOA006830,781.1000,781.1000,781.1000,1,1,2026-08-24T00:00:00.000
6831,20260621,20260822,18480,467,443,454,238,6,1,SOA006831,781.8000,781.8000,781.8000,1,1,2026-08-24T00:00:00.000
6832,20260715,20260610,15840,295,135,435,198,6,3,SOA006832,782.5000,782.5000,782.5000,1,1,2026-08-24T00:00:00.000
6833,20260802,20260617,6360,500,280,182,19,1,3,SOA006833,783.2000,783.2000,783.2000,1,1,2026-08-24T00:00:00.000
