AssetKey,AssetNumber,SiteKey,AssetModelKey,AssetCriticalityKey,ParentAssetKey,AssetStatusKey,MaintenanceStrategyKey,UnitOfMeasureKey,RecordStatusKey,AssetName,AssetDescription,SerialNumber,InstallationDate,CommissionedDate,RetirementDate,ReplacementCostAmount,NameplateCapacityValue,WarrantyEndDate,SafetyCriticalFlag,SourceSystemKey,BatchId,LoadedAtUtc,EffectiveFromUtc,EffectiveToUtc,IsCurrent,RowHash
-1,UNKNOWN,-1,-1,-1,-1,-1,-1,-1,-1,Unknown,N/A,UNKNOWN,1900-01-01,1900-01-01,1900-01-01,0.0000,0.0000,1900-01-01,0,-1,0,1900-01-01T00:00:00.000,1900-01-01T00:00:00.000,1900-01-01T00:00:00.000,0,0000000000000000000000000000000000000000000000000000000000000000
1,A000001,169,351,9,-1,8,10,5,3,Keystone Asset 1,Asset starter record 1,A000001,2020-01-02,2020-01-02,2021-01-01,11.3700,11.3700,2021-01-01,1,1,1,2026-08-24T00:00:00.000,2018-01-01T00:00:00.000,9999-12-31T00:00:00.000,1,55e26fa5532354ecae49a0c74c6fd16855e26fa5532354ecae49a0c74c6fd168
2,A000002,291,100,9,-1,11,3,4,2,Quartz Asset 2,Asset starter record 2,A000002,2020-01-03,2020-01-03,2021-01-02,12.7400,12.7400,2021-01-02,1,1,1,2026-08-24T00:00:00.000,2018-01-01T00:00:00.000,9999-12-31T00:00:00.000,1,4eff8682b05b5642b1513419e6092d814eff8682b05b5642b1513419e6092d81
3,A000003,354,295,1,-1,3,8,5,2,Willow Asset 3,Asset starter record 3,A000003,2020-01-04,2020-01-04,2021-01-03,14.1100,14.1100,2021-01-03,1,1,1,2026-08-24T00:00:00.000,2018-01-01T00:00:00.000,9999-12-31T00:00:00.000,1,3fd7589fab5653a7b344cee26d876b1b3fd7589fab5653a7b344cee26d876b1b
4,A000004,83,86,9,-1,2,10,6,3,Orion Asset 4,Asset starter record 4,A000004,2020-01-05,2020-01-05,2021-01-04,15.4800,15.4800,2021-01-04,1,1,1,2026-08-24T00:00:00.000,2018-01-01T00:00:00.000,9999-12-31T00:00:00.000,1,7e69fa38ea395b8198baa816584466bf7e69fa38ea395b8198baa816584466bf
5,A000005,239,275,1,-1,10,9,7,4,Willow Asset 5,Asset starter record 5,A000005,2020-01-06,2020-01-06,2021-01-05,16.8500,16.8500,2021-01-05,0,1,1,2026-08-24T00:00:00.000,2018-01-01T00:00:00.000,9999-12-31T00:00:00.000,1,ea1e3c7eecb855dd9318c3da345a1fccea1e3c7eecb855dd9318c3da345a1fcc
6,A000006,224,100,2,-1,6,8,5,3,Liberty Asset 6,Asset starter record 6,A000006,2020-01-07,2020-01-07,2021-01-06,18.2200,18.2200,2021-01-06,1,1,1,2026-08-24T00:00:00.000,2018-01-01T00:00:00.000,9999-12-31T00:00:00.000,1,51377ce410cf58e483747639df6077b451377ce410cf58e483747639df6077b4
7,A000007,353,290,5,-1,8,6,2,2,Ion Asset 7,Asset starter record 7,A000007,2020-01-08,2020-01-08,2021-01-07,19.5900,19.5900,2021-01-07,1,1,1,2026-08-24T00:00:00.000,2018-01-01T00:00:00.000,9999-12-31T00:00:00.000,1,2c0c1f956be7510ea5b5010cd265c68c2c0c1f956be7510ea5b5010cd265c68c
8,A000008,453,207,7,-1,8,10,7,1,Pioneer Asset 8,Asset starter record 8,A000008,2020-01-09,2020-01-09,2021-01-08,20.9600,20.9600,2021-01-08,1,1,1,2026-08-24T00:00:00.000,2018-01-01T00:00:00.000,9999-12-31T00:00:00.000,1,6becfc166a265ed6ae21386b988c9add6becfc166a265ed6ae21386b988c9add
9,A000009,406,236,1,-1,2,5,1,3,Quartz Asset 9,Asset starter record 9,A000009,2020-01-10,2020-01-10,2021-01-09,22.3300,22.3300,2021-01-09,1,1,1,2026-08-24T00:00:00.000,2018-01-01T00:00:00.000,9999-12-31T00:00:00.000,1,d6fb856c48695a4d929de3b4e5c2960fd6fb856c48695a4d929de3b4e5c2960f
10,A000010,207,344,8,-1,11,5,3,3,Harbor Asset 10,Asset starter record 10,A000010,2020-01-11,2020-01-11,2021-01-10,23.7000,23.7000,2021-01-10,0,1,1,2026-08-24T00:00:00.000,2018-01-01T00:00:00.000,9999-12-31T00:00:00.000,1,0059e28075ba570e85f1693641bf4fe20059e28075ba570e85f1693641bf4fe2
11,A000011,286,160,10,-1,4,1,1,3,Junction Asset 11,Asset starter record 11,A000011,2020-01-12,2020-01-12,2021-01-11,25.0700,25.0700,2021-01-11,1,1,1,2026-08-24T00:00:00.000,2018-01-01T00:00:00.000,9999-12-31T00:00:00.000,1,9b108aa12090585d92dd29d260f430159b108aa12090585d92dd29d260f43015
12,A000012,196,452,4,-1,14,8,4,3,Cedar Asset 12,Asset starter record 12,A000012,2020-01-13,2020-01-13,2021-01-12,26.4400,26.4400,2021-01-12,1,1,1,2026-08-24T00:00:00.000,2018-01-01T00:00:00.000,9999-12-31T00:00:00.000,1,d3b6640ae88351b19d99412ed235fa64d3b6640ae88351b19d99412ed235fa64
13,A000013,30,413,3,-1,3,7,6,2,Junction Asset 13,Asset starter record 13,A000013,2020-01-14,2020-01-14,2021-01-13,27.8100,27.8100,2021-01-13,1,1,1,2026-08-24T00:00:00.000,2018-01-01T00:00:00.000,9999-12-31T00:00:00.000,1,9bcf4ab068d753aa9dd5afb61f66a8d29bcf4ab068d753aa9dd5afb61f66a8d2
14,A000014,426,280,3,-1,9,2,7,4,Zenith Asset 14,Asset starter record 14,A000014,2020-01-15,2020-01-15,2021-01-14,29.1800,29.1800,2021-01-14,1,1,1,2026-08-24T00:00:00.000,2018-01-01T00:00:00.000,9999-12-31T00:00:00.000,1,1d3ce3f15f4a5f1d9e0d1dc3ea7910b91d3ce3f15f4a5f1d9e0d1dc3ea7910b9
15,A000015,372,158,5,-1,14,8,7,4,Harbor Asset 15,Asset starter record 15,A000015,2020-01-16,2020-01-16,2021-01-15,30.5500,30.5500,2021-01-15,0,1,1,2026-08-24T00:00:00.000,2018-01-01T00:00:00.000,9999-12-31T00:00:00.000,1,5f615105f71f5aa3a4e265fa504daf1b5f615105f71f5aa3a4e265fa504daf1b
16,A000016,479,136,6,-1,3,3,5,4,Summit Asset 16,Asset starter record 16,A000016,2020-01-17,2020-01-17,2021-01-16,31.9200,31.9200,2021-01-16,1,1,1,2026-08-24T00:00:00.000,2018-01-01T00:00:00.000,9999-12-31T00:00:00.000,1,998cb7bc3b415341bee59048d9ad725b998cb7bc3b415341bee59048d9ad725b
17,A000017,291,426,3,-1,11,5,2,2,Liberty Asset 17,Asset starter record 17,A000017,2020-01-18,2020-01-18,2021-01-17,33.2900,33.2900,2021-01-17,1,1,1,2026-08-24T00:00:00.000,2018-01-01T00:00:00.000,9999-12-31T00:00:00.000,1,ff4193fb0f595a079b6b0edb2e6e9ccfff4193fb0f595a079b6b0edb2e6e9ccf
18,A000018,64,412,6,-1,9,2,2,3,Keystone Asset 18,Asset starter record 18,A000018,2020-01-19,2020-01-19,2021-01-18,34.6600,34.6600,2021-01-18,1,1,1,2026-08-24T00:00:00.000,2018-01-01T00:00:00.000,9999-12-31T00:00:00.000,1,1001ba62301651318331f374b3d18e1e1001ba62301651318331f374b3d18e1e
19,A000019,99,300,7,-1,4,2,1,3,Summit Asset 19,Asset starter record 19,A000019,2020-01-20,2020-01-20,2021-01-19,36.0300,36.0300,2021-01-19,1,1,1,2026-08-24T00:00:00.000,2018-01-01T00:00:00.000,9999-12-31T00:00:00.000,1,0629491de3f351098b0f38ff8a5d3d590629491de3f351098b0f38ff8a5d3d59
20,A000020,141,74,9,-1,7,4,2,1,Unity Asset 20,Asset starter record 20,A000020,2020-01-21,2020-01-21,2021-01-20,37.4000,37.4000,2021-01-20,0,1,1,2026-08-24T00:00:00.000,2018-01-01T00:00:00.000,9999-12-31T00:00:00.000,1,7b0a0d3be13d5eae9ad751fce1b559e87b0a0d3be13d5eae9ad751fce1b559e8
21,A000021,63,266,4,-1,14,1,6,2,Riverton Asset 21,Asset starter record 21,A000021,2020-01-22,2020-01-22,2021-01-21,38.7700,38.7700,2021-01-21,1,1,1,2026-08-24T00:00:00.000,2018-01-01T00:00:00.000,9999-12-31T00:00:00.000,1,0e9759dac450587baa5096e5d941b7890e9759dac450587baa5096e5d941b789
22,A000022,283,244,10,-1,8,3,4,4,Ion Asset 22,Asset starter record 22,A000022,2020-01-23,2020-01-23,2021-01-22,40.1400,40.1400,2021-01-22,1,1,1,2026-08-24T00:00:00.000,2018-01-01T00:00:00.000,9999-12-31T00:00:00.000,1,7402d8d30a5551689d7f681bc1a08db57402d8d30a5551689d7f681bc1a08db5
23,A000023,465,318,6,-1,11,1,4,2,Orion Asset 23,Asset starter record 23,A000023,2020-01-24,2020-01-24,2021-01-23,41.5100,41.5100,2021-01-23,1,1,1,2026-08-24T00:00:00.000,2018-01-01T00:00:00.000,9999-12-31T00:00:00.000,1,1068b82e58165d7599740ef4d1676ce71068b82e58165d7599740ef4d1676ce7
24,A000024,14,360,7,-1,9,5,1,1,Cedar Asset 24,Asset starter record 24,A000024,2020-01-25,2020-01-25,2021-01-24,42.8800,42.8800,2021-01-24,1,1,1,2026-08-24T00:00:00.000,2018-01-01T00:00:00.000,9999-12-31T00:00:00.000,1,605f33442e8b510189a6ecebf470a9c9605f33442e8b510189a6ecebf470a9c9
25,A000025,219,365,10,-1,7,1,3,4,Ion Asset 25,Asset starter record 25,A000025,2020-01-26,2020-01-26,2021-01-25,44.2500,44.2500,2021-01-25,0,1,1,2026-08-24T00:00:00.000,2018-01-01T00:00:00.000,9999-12-31T00:00:00.000,1,97159914c51c57d2b88ed9177486b25897159914c51c57d2b88ed9177486b258
26,A000026,282,92,5,-1,15,10,6,1,Evergreen Asset 26,Asset starter record 26,A000026,2020-01-27,2020-01-27,2021-01-26,45.6200,45.6200,2021-01-26,1,1,1,2026-08-24T00:00:00.000,2018-01-01T00:00:00.000,9999-12-31T00:00:00.000,1,b48205bdf66a5ea495e5d3a456b42dd0b48205bdf66a5ea495e5d3a456b42dd0
27,A000027,402,408,6,-1,5,6,1,1,Quartz Asset 27,Asset starter record 27,A000027,2020-01-28,2020-01-28,2021-01-27,46.9900,46.9900,2021-01-27,1,1,1,2026-08-24T00:00:00.000,2018-01-01T00:00:00.000,9999-12-31T00:00:00.000,1,b4dd74f332935263aaf4193554f6ab0bb4dd74f332935263aaf4193554f6ab0b
28,A000028,491,320,10,-1,6,7,1,4,Summit Asset 28,Asset starter record 28,A000028,2020-01-29,2020-01-29,2021-01-28,48.3600,48.3600,2021-01-28,1,1,1,2026-08-24T00:00:00.000,2018-01-01T00:00:00.000,9999-12-31T00:00:00.000,1,5c8d53bfcf885a748a5dfc67d89c10a05c8d53bfcf885a748a5dfc67d89c10a0
29,A000029,29,461,4,-1,16,6,2,4,Northstar Asset 29,Asset starter record 29,A000029,2020-01-30,2020-01-30,2021-01-29,49.7300,49.7300,2021-01-29,1,1,1,2026-08-24T00:00:00.000,2018-01-01T00:00:00.000,9999-12-31T00:00:00.000,1,9bd2fa508c8458be81b307f5c10d7e3e9bd2fa508c8458be81b307f5c10d7e3e
30,A000030,272,103,3,-1,12,7,1,4,Quartz Asset 30,Asset starter record 30,A000030,2020-01-31,2020-01-31,2021-01-30,51.1000,51.1000,2021-01-30,0,1,1,2026-08-24T00:00:00.000,2018-01-01T00:00:00.000,9999-12-31T00:00:00.000,1,4c4d7419d38b5b46955695ff6df76d974c4d7419d38b5b46955695ff6df76d97
31,A000031,447,70,5,-1,13,10,5,3,Delta Asset 31,Asset starter record 31,A000031,2020-02-01,2020-02-01,2021-01-31,52.4700,52.4700,2021-01-31,1,1,1,2026-08-24T00:00:00.000,2018-01-01T00:00:00.000,9999-12-31T00:00:00.000,1,7a1735d0745855cab9af9f098d584dec7a1735d0745855cab9af9f098d584dec
32,A000032,162,128,3,-1,2,5,2,2,Pioneer Asset 32,Asset starter record 32,A000032,2020-02-02,2020-02-02,2021-02-01,53.8400,53.8400,2021-02-01,1,1,1,2026-08-24T00:00:00.000,2018-01-01T00:00:00.000,9999-12-31T00:00:00.000,1,f6fef1d4cbfe5a56a6a70877cc54111af6fef1d4cbfe5a56a6a70877cc54111a
33,A000033,252,66,3,-1,10,10,3,1,Riverton Asset 33,Asset starter record 33,A000033,2020-02-03,2020-02-03,2021-02-02,55.2100,55.2100,2021-02-02,1,1,1,2026-08-24T00:00:00.000,2018-01-01T00:00:00.000,9999-12-31T00:00:00.000,1,31bc34a08f5651e8bb880132cf1cdf9731bc34a08f5651e8bb880132cf1cdf97
34,A000034,116,455,3,-1,15,7,6,2,Pioneer Asset 34,Asset starter record 34,A000034,2020-02-04,2020-02-04,2021-02-03,56.5800,56.5800,2021-02-03,1,1,1,2026-08-24T00:00:00.000,2018-01-01T00:00:00.000,9999-12-31T00:00:00.000,1,df00a2aa017856aba1be56fad4863754df00a2aa017856aba1be56fad4863754
35,A000035,401,73,6,-1,11,3,5,3,Junction Asset 35,Asset starter record 35,A000035,2020-02-05,2020-02-05,2021-02-04,57.9500,57.9500,2021-02-04,0,1,1,2026-08-24T00:00:00.000,2018-01-01T00:00:00.000,9999-12-31T00:00:00.000,1,8aa6ee6ad6a95d7f828a6a62a48e5cfa8aa6ee6ad6a95d7f828a6a62a48e5cfa
36,A000036,239,216,8,-1,12,6,2,3,Willow Asset 36,Asset starter record 36,A000036,2020-02-06,2020-02-06,2021-02-05,59.3200,59.3200,2021-02-05,1,1,1,2026-08-24T00:00:00.000,2018-01-01T00:00:00.000,9999-12-31T00:00:00.000,1,6bde79b1320c55cd86c03591a5fb3d8f6bde79b1320c55cd86c03591a5fb3d8f
37,A000037,360,500,7,-1,15,5,4,1,Orion Asset 37,Asset starter record 37,A000037,2020-02-07,2020-02-07,2021-02-06,60.6900,60.6900,2021-02-06,1,1,1,2026-08-24T00:00:00.000,2018-01-01T00:00:00.000,9999-12-31T00:00:00.000,1,f35039d208ab5c31b298e0fc99af8557f35039d208ab5c31b298e0fc99af8557
38,A000038,352,331,1,-1,4,6,3,4,Orion Asset 38,Asset starter record 38,A000038,2020-02-08,2020-02-08,2021-02-07,62.0600,62.0600,2021-02-07,1,1,1,2026-08-24T00:00:00.000,2018-01-01T00:00:00.000,9999-12-31T00:00:00.000,1,7fdc71aa269d578da5605f0bdbf85cf97fdc71aa269d578da5605f0bdbf85cf9
39,A000039,72,187,7,-1,5,10,2,1,Evergreen Asset 39,Asset starter record 39,A000039,2020-02-09,2020-02-09,2021-02-08,63.4300,63.4300,2021-02-08,1,1,1,2026-08-24T00:00:00.000,2018-01-01T00:00:00.000,9999-12-31T00:00:00.000,1,f77a1dc3f8c858fe83a7a43bcde42d92f77a1dc3f8c858fe83a7a43bcde42d92
40,A000040,236,101,10,-1,3,8,4,2,Cedar Asset 40,Asset starter record 40,A000040,2020-02-10,2020-02-10,2021-02-09,64.8000,64.8000,2021-02-09,0,1,1,2026-08-24T00:00:00.000,2018-01-01T00:00:00.000,9999-12-31T00:00:00.000,1,716a98b0b07d5c24a2dc7e98a9a044ff716a98b0b07d5c24a2dc7e98a9a044ff
41,A000041,31,24,1,-1,11,1,2,3,Titan Asset 41,Asset starter record 41,A000041,2020-02-11,2020-02-11,2021-02-10,66.1700,66.1700,2021-02-10,1,1,1,2026-08-24T00:00:00.000,2018-01-01T00:00:00.000,9999-12-31T00:00:00.000,1,1c7602b7dd5f5985a4039b4836de00fa1c7602b7dd5f5985a4039b4836de00fa
42,A000042,486,473,3,-1,5,10,1,2,Delta Asset 42,Asset starter record 42,A000042,2020-02-12,2020-02-12,2021-02-11,67.5400,67.5400,2021-02-11,1,1,1,2026-08-24T00:00:00.000,2018-01-01T00:00:00.000,9999-12-31T00:00:00.000,1,14367ee18c0954e1ab5a4a833e1744fd14367ee18c0954e1ab5a4a833e1744fd
43,A000043,421,112,9,-1,3,4,5,1,Titan Asset 43,Asset starter record 43,A000043,2020-02-13,2020-02-13,2021-02-12,68.9100,68.9100,2021-02-12,1,1,1,2026-08-24T00:00:00.000,2018-01-01T00:00:00.000,9999-12-31T00:00:00.000,1,cffc3f191f1a5929bdb5986e1d5c7e4dcffc3f191f1a5929bdb5986e1d5c7e4d
44,A000044,244,239,3,-1,8,1,3,1,Meridian Asset 44,Asset starter record 44,A000044,2020-02-14,2020-02-14,2021-02-13,70.2800,70.2800,2021-02-13,1,1,1,2026-08-24T00:00:00.000,2018-01-01T00:00:00.000,9999-12-31T00:00:00.000,1,6fb6008479775d1c962bf17932457f6a6fb6008479775d1c962bf17932457f6a
45,A000045,15,98,7,-1,14,1,2,1,Orion Asset 45,Asset starter record 45,A000045,2020-02-15,2020-02-15,2021-02-14,71.6500,71.6500,2021-02-14,0,1,1,2026-08-24T00:00:00.000,2018-01-01T00:00:00.000,9999-12-31T00:00:00.000,1,3ee40698a3695f1087e038b7724d56263ee40698a3695f1087e038b7724d5626
46,A000046,272,287,8,-1,14,5,4,1,Pioneer Asset 46,Asset starter record 46,A000046,2020-02-16,2020-02-16,2021-02-15,73.0200,73.0200,2021-02-15,1,1,1,2026-08-24T00:00:00.000,2018-01-01T00:00:00.000,9999-12-31T00:00:00.000,1,1a0fbd6edb88518ba5407b20b1c4d9941a0fbd6edb88518ba5407b20b1c4d994
47,A000047,200,269,1,-1,1,8,6,4,Pioneer Asset 47,Asset starter record 47,A000047,2020-02-17,2020-02-17,2021-02-16,74.3900,74.3900,2021-02-16,1,1,1,2026-08-24T00:00:00.000,2018-01-01T00:00:00.000,9999-12-31T00:00:00.000,1,e24dc98d84aa562f818b31acce44995ce24dc98d84aa562f818b31acce44995c
48,A000048,188,233,9,-1,3,9,1,4,Forge Asset 48,Asset starter record 48,A000048,2020-02-18,2020-02-18,2021-02-17,75.7600,75.7600,2021-02-17,1,1,1,2026-08-24T00:00:00.000,2018-01-01T00:00:00.000,9999-12-31T00:00:00.000,1,bc4c10db7d7d58058eee627258f3d0d6bc4c10db7d7d58058eee627258f3d0d6
49,A000049,412,228,4,-1,15,8,4,4,Atlas Asset 49,Asset starter record 49,A000049,2020-02-19,2020-02-19,2021-02-18,77.1300,77.1300,2021-02-18,1,1,1,2026-08-24T00:00:00.000,2018-01-01T00:00:00.000,9999-12-31T00:00:00.000,1,d53596b22ef55fff996587fe14f57e3ed53596b22ef55fff996587fe14f57e3e
50,A000050,114,186,7,-1,4,10,5,4,Unity Asset 50,Asset starter record 50,A000050,2020-02-20,2020-02-20,2021-02-19,78.5000,78.5000,2021-02-19,0,1,1,2026-08-24T00:00:00.000,2018-01-01T00:00:00.000,9999-12-31T00:00:00.000,1,d72a3fb125465a30ba1096081189b26bd72a3fb125465a30ba1096081189b26b
51,A000051,421,490,9,-1,7,10,3,3,Vertex Asset 51,Asset starter record 51,A000051,2020-02-21,2020-02-21,2021-02-20,79.8700,79.8700,2021-02-20,1,1,1,2026-08-24T00:00:00.000,2018-01-01T00:00:00.000,9999-12-31T00:00:00.000,1,8892775452c250f3a29e0faacedaa7048892775452c250f3a29e0faacedaa704
52,A000052,82,390,5,-1,11,1,6,3,Atlas Asset 52,Asset starter record 52,A000052,2020-02-22,2020-02-22,2021-02-21,81.2400,81.2400,2021-02-21,1,1,1,2026-08-24T00:00:00.000,2018-01-01T00:00:00.000,9999-12-31T00:00:00.000,1,f5773e88bbf15c01b4846a219822b891f5773e88bbf15c01b4846a219822b891
53,A000053,188,76,2,-1,15,5,6,3,Granite Asset 53,Asset starter record 53,A000053,2020-02-23,2020-02-23,2021-02-22,82.6100,82.6100,2021-02-22,1,1,1,2026-08-24T00:00:00.000,2018-01-01T00:00:00.000,9999-12-31T00:00:00.000,1,a75c84dea24e5aca8aba430a19ce6111a75c84dea24e5aca8aba430a19ce6111
54,A000054,286,213,3,-1,10,2,4,2,Willow Asset 54,Asset starter record 54,A000054,2020-02-24,2020-02-24,2021-02-23,83.9800,83.9800,2021-02-23,1,1,1,2026-08-24T00:00:00.000,2018-01-01T00:00:00.000,9999-12-31T00:00:00.000,1,752f80b0e1485c628ffc23e9fed9ee3a752f80b0e1485c628ffc23e9fed9ee3a
55,A000055,304,40,8,-1,4,10,3,4,Zenith Asset 55,Asset starter record 55,A000055,2020-02-25,2020-02-25,2021-02-24,85.3500,85.3500,2021-02-24,0,1,1,2026-08-24T00:00:00.000,2018-01-01T00:00:00.000,9999-12-31T00:00:00.000,1,522b67fa4f3e5052beee670df9863a3c522b67fa4f3e5052beee670df9863a3c
56,A000056,292,166,8,-1,13,9,4,1,Quartz Asset 56,Asset starter record 56,A000056,2020-02-26,2020-02-26,2021-02-25,86.7200,86.7200,2021-02-25,1,1,1,2026-08-24T00:00:00.000,2018-01-01T00:00:00.000,9999-12-31T00:00:00.000,1,a01e6821b40a5e7796fbd3f33267220ba01e6821b40a5e7796fbd3f33267220b
57,A000057,381,400,10,-1,12,5,7,1,Junction Asset 57,Asset starter record 57,A000057,2020-02-27,2020-02-27,2021-02-26,88.0900,88.0900,2021-02-26,1,1,1,2026-08-24T00:00:00.000,2018-01-01T00:00:00.000,9999-12-31T00:00:00.000,1,39e2b456e00b53ca8175a4ac6c3cd27539e2b456e00b53ca8175a4ac6c3cd275
58,A000058,96,277,7,-1,11,9,5,3,Orion Asset 58,Asset starter record 58,A000058,2020-02-28,2020-02-28,2021-02-27,89.4600,89.4600,2021-02-27,1,1,1,2026-08-24T00:00:00.000,2018-01-01T00:00:00.000,9999-12-31T00:00:00.000,1,1ee14557ae965881abdffaa33881887b1ee14557ae965881abdffaa33881887b
59,A000059,287,227,5,-1,5,5,6,3,Liberty Asset 59,Asset starter record 59,A000059,2020-02-29,2020-02-29,2021-02-28,90.8300,90.8300,2021-02-28,1,1,1,2026-08-24T00:00:00.000,2018-01-01T00:00:00.000,9999-12-31T00:00:00.000,1,330708b05d9e53128d4677a13725bda9330708b05d9e53128d4677a13725bda9
60,A000060,489,54,4,-1,9,2,6,1,Unity Asset 60,Asset starter record 60,A000060,2020-03-01,2020-03-01,2021-03-01,92.2000,92.2000,2021-03-01,0,1,1,2026-08-24T00:00:00.000,2018-01-01T00:00:00.000,9999-12-31T00:00:00.000,1,6d537b249f9d52c5a7823f81fe845dbd6d537b249f9d52c5a7823f81fe845dbd
61,A000061,160,413,2,-1,3,1,6,4,Evergreen Asset 61,Asset starter record 61,A000061,2020-03-02,2020-03-02,2021-03-02,93.5700,93.5700,2021-03-02,1,1,1,2026-08-24T00:00:00.000,2018-01-01T00:00:00.000,9999-12-31T00:00:00.000,1,bffdb6a20676545ca678a99d7217c6a7bffdb6a20676545ca678a99d7217c6a7
62,A000062,230,146,8,-1,8,7,3,1,Forge Asset 62,Asset starter record 62,A000062,2020-03-03,2020-03-03,2021-03-03,94.9400,94.9400,2021-03-03,1,1,1,2026-08-24T00:00:00.000,2018-01-01T00:00:00.000,9999-12-31T00:00:00.000,1,9fe4141b2de65f1d900741da0a02fd8d9fe4141b2de65f1d900741da0a02fd8d
63,A000063,338,7,4,-1,4,1,6,4,Beacon Asset 63,Asset starter record 63,A000063,2020-03-04,2020-03-04,2021-03-04,96.3100,96.3100,2021-03-04,1,1,1,2026-08-24T00:00:00.000,2018-01-01T00:00:00.000,9999-12-31T00:00:00.000,1,7f003b9d8b415e8a8e4ff75a8b615bfd7f003b9d8b415e8a8e4ff75a8b615bfd
64,A000064,307,315,9,-1,14,8,6,1,Liberty Asset 64,Asset starter record 64,A000064,2020-03-05,2020-03-05,2021-03-05,97.6800,97.6800,2021-03-05,1,1,1,2026-08-24T00:00:00.000,2018-01-01T00:00:00.000,9999-12-31T00:00:00.000,1,ab494896fd5e52f787bca4ea998f49afab494896fd5e52f787bca4ea998f49af
65,A000065,36,460,7,-1,9,8,1,2,Zenith Asset 65,Asset starter record 65,A000065,2020-03-06,2020-03-06,2021-03-06,99.0500,99.0500,2021-03-06,0,1,1,2026-08-24T00:00:00.000,2018-01-01T00:00:00.000,9999-12-31T00:00:00.000,1,c3281593f38458af9698d6ea69ddc0dec3281593f38458af9698d6ea69ddc0de
66,A000066,361,290,7,-1,13,4,2,4,Quartz Asset 66,Asset starter record 66,A000066,2020-03-07,2020-03-07,2021-03-07,100.4200,100.4200,2021-03-07,1,1,1,2026-08-24T00:00:00.000,2018-01-01T00:00:00.000,9999-12-31T00:00:00.000,1,b04b932e71a854e3a0f9c072293c22f2b04b932e71a854e3a0f9c072293c22f2
67,A000067,14,224,9,-1,11,9,4,1,Zenith Asset 67,Asset starter record 67,A000067,2020-03-08,2020-03-08,2021-03-08,101.7900,101.7900,2021-03-08,1,1,1,2026-08-24T00:00:00.000,2018-01-01T00:00:00.000,9999-12-31T00:00:00.000,1,0e8b377517925d48883cfd805e1974770e8b377517925d48883cfd805e197477
68,A000068,301,265,5,-1,16,6,7,3,Quartz Asset 68,Asset starter record 68,A000068,2020-03-09,2020-03-09,2021-03-09,103.1600,103.1600,2021-03-09,1,1,1,2026-08-24T00:00:00.000,2018-01-01T00:00:00.000,9999-12-31T00:00:00.000,1,09c13194d1ae58ceab3cb93b728f89d809c13194d1ae58ceab3cb93b728f89d8
69,A000069,245,298,3,-1,13,2,7,3,Orion Asset 69,Asset starter record 69,A000069,2020-03-10,2020-03-10,2021-03-10,104.5300,104.5300,2021-03-10,1,1,1,2026-08-24T00:00:00.000,2018-01-01T00:00:00.000,9999-12-31T00:00:00.000,1,990ea7892a785ceea57cfbea3053161a990ea7892a785ceea57cfbea3053161a
70,A000070,353,9,7,-1,12,3,5,4,Titan Asset 70,Asset starter record 70,A000070,2020-03-11,2020-03-11,2021-03-11,105.9000,105.9000,2021-03-11,0,1,1,2026-08-24T00:00:00.000,2018-01-01T00:00:00.000,9999-12-31T00:00:00.000,1,50c1202d64375cf78c54722d8480091950c1202d64375cf78c54722d84800919
71,A000071,25,341,5,-1,5,10,2,1,Unity Asset 71,Asset starter record 71,A000071,2020-03-12,2020-03-12,2021-03-12,107.2700,107.2700,2021-03-12,1,1,1,2026-08-24T00:00:00.000,2018-01-01T00:00:00.000,9999-12-31T00:00:00.000,1,88fda49bc1b8582abc899789c045897188fda49bc1b8582abc899789c0458971
72,A000072,95,234,10,-1,5,6,6,2,Meridian Asset 72,Asset starter record 72,A000072,2020-03-13,2020-03-13,2021-03-13,108.6400,108.6400,2021-03-13,1,1,1,2026-08-24T00:00:00.000,2018-01-01T00:00:00.000,9999-12-31T00:00:00.000,1,6d11fc1e5e2155dfbf852465643562756d11fc1e5e2155dfbf85246564356275
73,A000073,16,484,7,-1,7,4,5,1,Delta Asset 73,Asset starter record 73,A000073,2020-03-14,2020-03-14,2021-03-14,110.0100,110.0100,2021-03-14,1,1,1,2026-08-24T00:00:00.000,2018-01-01T00:00:00.000,9999-12-31T00:00:00.000,1,25da11521c96572484de312c1d0ecf6f25da11521c96572484de312c1d0ecf6f
74,A000074,500,406,3,-1,15,5,4,4,Evergreen Asset 74,Asset starter record 74,A000074,2020-03-15,2020-03-15,2021-03-15,111.3800,111.3800,2021-03-15,1,1,1,2026-08-24T00:00:00.000,2018-01-01T00:00:00.000,9999-12-31T00:00:00.000,1,9423da41ebb7507da58308f6b75b0df99423da41ebb7507da58308f6b75b0df9
75,A000075,78,270,2,-1,6,6,5,2,Cedar Asset 75,Asset starter record 75,A000075,2020-03-16,2020-03-16,2021-03-16,112.7500,112.7500,2021-03-16,0,1,1,2026-08-24T00:00:00.000,2018-01-01T00:00:00.000,9999-12-31T00:00:00.000,1,10d96267eed95df88e74ff57ae5ac01210d96267eed95df88e74ff57ae5ac012
76,A000076,112,206,1,-1,2,3,6,2,Cedar Asset 76,Asset starter record 76,A000076,2020-03-17,2020-03-17,2021-03-17,114.1200,114.1200,2021-03-17,1,1,1,2026-08-24T00:00:00.000,2018-01-01T00:00:00.000,9999-12-31T00:00:00.000,1,a8d385907516575a9ac37aa5e80fbf53a8d385907516575a9ac37aa5e80fbf53
77,A000077,211,166,9,-1,3,3,5,1,Vertex Asset 77,Asset starter record 77,A000077,2020-03-18,2020-03-18,2021-03-18,115.4900,115.4900,2021-03-18,1,1,1,2026-08-24T00:00:00.000,2018-01-01T00:00:00.000,9999-12-31T00:00:00.000,1,45f9dc433d2b543f94596d5f11a2768b45f9dc433d2b543f94596d5f11a2768b
78,A000078,77,276,3,-1,4,1,2,1,Atlas Asset 78,Asset starter record 78,A000078,2020-03-19,2020-03-19,2021-03-19,116.8600,116.8600,2021-03-19,1,1,1,2026-08-24T00:00:00.000,2018-01-01T00:00:00.000,9999-12-31T00:00:00.000,1,48528a0347a95b34beceb66f63cd4db048528a0347a95b34beceb66f63cd4db0
79,A000079,198,26,10,-1,2,5,1,1,Riverton Asset 79,Asset starter record 79,A000079,2020-03-20,2020-03-20,2021-03-20,118.2300,118.2300,2021-03-20,1,1,1,2026-08-24T00:00:00.000,2018-01-01T00:00:00.000,9999-12-31T00:00:00.000,1,ab804e413b2a5308b0c3d904af61f7d5ab804e413b2a5308b0c3d904af61f7d5
80,A000080,340,91,10,-1,11,5,1,1,Junction Asset 80,Asset starter record 80,A000080,2020-03-21,2020-03-21,2021-03-21,119.6000,119.6000,2021-03-21,0,1,1,2026-08-24T00:00:00.000,2018-01-01T00:00:00.000,9999-12-31T00:00:00.000,1,2df3b1a059aa503aafb987769b63e6082df3b1a059aa503aafb987769b63e608
81,A000081,427,394,6,-1,11,9,4,3,Zenith Asset 81,Asset starter record 81,A000081,2020-03-22,2020-03-22,2021-03-22,120.9700,120.9700,2021-03-22,1,1,1,2026-08-24T00:00:00.000,2018-01-01T00:00:00.000,9999-12-31T00:00:00.000,1,1c52975025f351968bc285c6f404a1231c52975025f351968bc285c6f404a123
82,A000082,282,371,4,-1,10,4,2,3,Pioneer Asset 82,Asset starter record 82,A000082,2020-03-23,2020-03-23,2021-03-23,122.3400,122.3400,2021-03-23,1,1,1,2026-08-24T00:00:00.000,2018-01-01T00:00:00.000,9999-12-31T00:00:00.000,1,17503fc657145004a2eebf54ea04a7cf17503fc657145004a2eebf54ea04a7cf
83,A000083,62,178,10,-1,7,6,3,2,Atlas Asset 83,Asset starter record 83,A000083,2020-03-24,2020-03-24,2021-03-24,123.7100,123.7100,2021-03-24,1,1,1,2026-08-24T00:00:00.000,2018-01-01T00:00:00.000,9999-12-31T00:00:00.000,1,40c374a563525f599a54cf8f9526447840c374a563525f599a54cf8f95264478
84,A000084,259,223,2,-1,7,2,5,1,Harbor Asset 84,Asset starter record 84,A000084,2020-03-25,2020-03-25,2021-03-25,125.0800,125.0800,2021-03-25,1,1,1,2026-08-24T00:00:00.000,2018-01-01T00:00:00.000,9999-12-31T00:00:00.000,1,7a15a383a7a451d39a8d7931a2c339bc7a15a383a7a451d39a8d7931a2c339bc
85,A000085,315,95,8,-1,11,10,3,3,Cedar Asset 85,Asset starter record 85,A000085,2020-03-26,2020-03-26,2021-03-26,126.4500,126.4500,2021-03-26,0,1,1,2026-08-24T00:00:00.000,2018-01-01T00:00:00.000,9999-12-31T00:00:00.000,1,3da4cd949ec9523080ed944013bf5ea93da4cd949ec9523080ed944013bf5ea9
86,A000086,492,256,2,-1,7,2,4,3,Vertex Asset 86,Asset starter record 86,A000086,2020-03-27,2020-03-27,2021-03-27,127.8200,127.8200,2021-03-27,1,1,1,2026-08-24T00:00:00.000,2018-01-01T00:00:00.000,9999-12-31T00:00:00.000,1,feff7f916d5c5925ad33612ec084f469feff7f916d5c5925ad33612ec084f469
87,A000087,330,1,2,-1,3,3,1,1,Delta Asset 87,Asset starter record 87,A000087,2020-03-28,2020-03-28,2021-03-28,129.1900,129.1900,2021-03-28,1,1,1,2026-08-24T00:00:00.000,2018-01-01T00:00:00.000,9999-12-31T00:00:00.000,1,4d13aa6e3fa0597dab71949aac24e78d4d13aa6e3fa0597dab71949aac24e78d
88,A000088,216,440,8,-1,4,2,4,2,Liberty Asset 88,Asset starter record 88,A000088,2020-03-29,2020-03-29,2021-03-29,130.5600,130.5600,2021-03-29,1,1,1,2026-08-24T00:00:00.000,2018-01-01T00:00:00.000,9999-12-31T00:00:00.000,1,449355d879165c369c012eaab6783e0a449355d879165c369c012eaab6783e0a
89,A000089,15,251,7,-1,5,7,6,1,Riverton Asset 89,Asset starter record 89,A000089,2020-03-30,2020-03-30,2021-03-30,131.9300,131.9300,2021-03-30,1,1,1,2026-08-24T00:00:00.000,2018-01-01T00:00:00.000,9999-12-31T00:00:00.000,1,f49b5f383f69537eb2c7d0c4d2a82ff3f49b5f383f69537eb2c7d0c4d2a82ff3
90,A000090,402,10,3,-1,14,6,4,4,Pioneer Asset 90,Asset starter record 90,A000090,2020-03-31,2020-03-31,2021-03-31,133.3000,133.3000,2021-03-31,0,1,1,2026-08-24T00:00:00.000,2018-01-01T00:00:00.000,9999-12-31T00:00:00.000,1,f83337467b315f16a832f550573ffc3ef83337467b315f16a832f550573ffc3e
91,A000091,284,456,7,-1,1,3,7,4,Keystone Asset 91,Asset starter record 91,A000091,2020-04-01,2020-04-01,2021-04-01,134.6700,134.6700,2021-04-01,1,1,1,2026-08-24T00:00:00.000,2018-01-01T00:00:00.000,9999-12-31T00:00:00.000,1,5e3e32534a3951c2aa3e1f4102316de55e3e32534a3951c2aa3e1f4102316de5
92,A000092,374,290,6,-1,3,7,3,2,Quartz Asset 92,Asset starter record 92,A000092,2020-04-02,2020-04-02,2021-04-02,136.0400,136.0400,2021-04-02,1,1,1,2026-08-24T00:00:00.000,2018-01-01T00:00:00.000,9999-12-31T00:00:00.000,1,a6534fd2976c53759ef0cd00021f9ee1a6534fd2976c53759ef0cd00021f9ee1
93,A000093,418,302,4,-1,13,9,6,3,Orion Asset 93,Asset starter record 93,A000093,2020-04-03,2020-04-03,2021-04-03,137.4100,137.4100,2021-04-03,1,1,1,2026-08-24T00:00:00.000,2018-01-01T00:00:00.000,9999-12-31T00:00:00.000,1,d467339fff3d560db6e3320d7ca3c2a7d467339fff3d560db6e3320d7ca3c2a7
94,A000094,41,351,3,-1,2,6,7,4,Junction Asset 94,Asset starter record 94,A000094,2020-04-04,2020-04-04,2021-04-04,138.7800,138.7800,2021-04-04,1,1,1,2026-08-24T00:00:00.000,2018-01-01T00:00:00.000,9999-12-31T00:00:00.000,1,cea7203146dc5dbc801638cf5a859521cea7203146dc5dbc801638cf5a859521
95,A000095,38,59,9,-1,9,1,7,3,Summit Asset 95,Asset starter record 95,A000095,2020-04-05,2020-04-05,2021-04-05,140.1500,140.1500,2021-04-05,0,1,1,2026-08-24T00:00:00.000,2018-01-01T00:00:00.000,9999-12-31T00:00:00.000,1,28ad7ecf5e875523b1bba350e19057b128ad7ecf5e875523b1bba350e19057b1
96,A000096,294,19,5,-1,15,3,4,1,Meridian Asset 96,Asset starter record 96,A000096,2020-04-06,2020-04-06,2021-04-06,141.5200,141.5200,2021-04-06,1,1,1,2026-08-24T00:00:00.000,2018-01-01T00:00:00.000,9999-12-31T00:00:00.000,1,b73c6d0e43b252c2a5e426c29e26aac5b73c6d0e43b252c2a5e426c29e26aac5
97,A000097,40,321,1,-1,7,2,2,4,Granite Asset 97,Asset starter record 97,A000097,2020-04-07,2020-04-07,2021-04-07,142.8900,142.8900,2021-04-07,1,1,1,2026-08-24T00:00:00.000,2018-01-01T00:00:00.000,9999-12-31T00:00:00.000,1,1ad9c886796654559903a26d4d9b3fa81ad9c886796654559903a26d4d9b3fa8
98,A000098,174,208,4,-1,13,3,7,1,Willow Asset 98,Asset starter record 98,A000098,2020-04-08,2020-04-08,2021-04-08,144.2600,144.2600,2021-04-08,1,1,1,2026-08-24T00:00:00.000,2018-01-01T00:00:00.000,9999-12-31T00:00:00.000,1,aa1fa00649135473aa6ee61362c9d486aa1fa00649135473aa6ee61362c9d486
99,A000099,105,480,3,-1,7,2,3,3,Pioneer Asset 99,Asset starter record 99,A000099,2020-04-09,2020-04-09,2021-04-09,145.6300,145.6300,2021-04-09,1,1,1,2026-08-24T00:00:00.000,2018-01-01T00:00:00.000,9999-12-31T00:00:00.000,1,e0f3415a3bd55b5b9835a2d4b103b4f2e0f3415a3bd55b5b9835a2d4b103b4f2
100,A000100,487,378,4,-1,13,4,7,3,Titan Asset 100,Asset starter record 100,A000100,2020-04-10,2020-04-10,2021-04-10,147.0000,147.0000,2021-04-10,0,1,1,2026-08-24T00:00:00.000,2018-01-01T00:00:00.000,9999-12-31T00:00:00.000,1,da01798ba43e5b759b0add6ca32a6cacda01798ba43e5b759b0add6ca32a6cac
101,A000101,238,388,9,-1,3,4,7,1,Atlas Asset 101,Asset starter record 101,A000101,2020-04-11,2020-04-11,2021-04-11,148.3700,148.3700,2021-04-11,1,1,1,2026-08-24T00:00:00.000,2018-01-01T00:00:00.000,9999-12-31T00:00:00.000,1,40978e0680185720b585861d9d57969e40978e0680185720b585861d9d57969e
102,A000102,461,239,9,-1,3,6,7,2,Titan Asset 102,Asset starter record 102,A000102,2020-04-12,2020-04-12,2021-04-12,149.7400,149.7400,2021-04-12,1,1,1,2026-08-24T00:00:00.000,2018-01-01T00:00:00.000,9999-12-31T00:00:00.000,1,bdb234df98665911afa08e76b5fdd2e3bdb234df98665911afa08e76b5fdd2e3
103,A000103,253,80,10,-1,12,8,3,4,Meridian Asset 103,Asset starter record 103,A000103,2020-04-13,2020-04-13,2021-04-13,151.1100,151.1100,2021-04-13,1,1,1,2026-08-24T00:00:00.000,2018-01-01T00:00:00.000,9999-12-31T00:00:00.000,1,29169c53f1fc549791d74dab2c042cee29169c53f1fc549791d74dab2c042cee
104,A000104,392,48,7,-1,10,1,7,2,Junction Asset 104,Asset starter record 104,A000104,2020-04-14,2020-04-14,2021-04-14,152.4800,152.4800,2021-04-14,1,1,1,2026-08-24T00:00:00.000,2018-01-01T00:00:00.000,9999-12-31T00:00:00.000,1,fb349969b5545ef8ac158ee95056cf47fb349969b5545ef8ac158ee95056cf47
105,A000105,251,126,3,-1,14,2,6,1,Pioneer Asset 105,Asset starter record 105,A000105,2020-04-15,2020-04-15,2021-04-15,153.8500,153.8500,2021-04-15,0,1,1,2026-08-24T00:00:00.000,2018-01-01T00:00:00.000,9999-12-31T00:00:00.000,1,a426be7079865961b37800651ed962a4a426be7079865961b37800651ed962a4
106,A000106,19,475,2,-1,7,8,3,3,Riverton Asset 106,Asset starter record 106,A000106,2020-04-16,2020-04-16,2021-04-16,155.2200,155.2200,2021-04-16,1,1,1,2026-08-24T00:00:00.000,2018-01-01T00:00:00.000,9999-12-31T00:00:00.000,1,9fb93d80c28f55f0926d1c379013e8029fb93d80c28f55f0926d1c379013e802
107,A000107,366,360,9,-1,11,5,6,2,Vertex Asset 107,Asset starter record 107,A000107,2020-04-17,2020-04-17,2021-04-17,156.5900,156.5900,2021-04-17,1,1,1,2026-08-24T00:00:00.000,2018-01-01T00:00:00.000,9999-12-31T00:00:00.000,1,ee786f2e49c85c6484bd9e8478cfdf47ee786f2e49c85c6484bd9e8478cfdf47
108,A000108,426,196,10,-1,14,3,6,3,Delta Asset 108,Asset starter record 108,A000108,2020-04-18,2020-04-18,2021-04-18,157.9600,157.9600,2021-04-18,1,1,1,2026-08-24T00:00:00.000,2018-01-01T00:00:00.000,9999-12-31T00:00:00.000,1,fbfac3544a555cc5bf661a43e523c786fbfac3544a555cc5bf661a43e523c786
109,A000109,116,266,7,-1,8,2,5,3,Ion Asset 109,Asset starter record 109,A000109,2020-04-19,2020-04-19,2021-04-19,159.3300,159.3300,2021-04-19,1,1,1,2026-08-24T00:00:00.000,2018-01-01T00:00:00.000,9999-12-31T00:00:00.000,1,f79ae67d77875c67abfbb11737eda965f79ae67d77875c67abfbb11737eda965
110,A000110,237,191,3,-1,15,2,4,4,Northstar Asset 110,Asset starter record 110,A000110,2020-04-20,2020-04-20,2021-04-20,160.7000,160.7000,2021-04-20,0,1,1,2026-08-24T00:00:00.000,2018-01-01T00:00:00.000,9999-12-31T00:00:00.000,1,d9a3d096d4465e899f3e18672f44aaf7d9a3d096d4465e899f3e18672f44aaf7
111,A000111,378,211,5,-1,15,2,5,2,Summit Asset 111,Asset starter record 111,A000111,2020-04-21,2020-04-21,2021-04-21,162.0700,162.0700,2021-04-21,1,1,1,2026-08-24T00:00:00.000,2018-01-01T00:00:00.000,9999-12-31T00:00:00.000,1,f476c080eb3951caaf51cd6feed436a4f476c080eb3951caaf51cd6feed436a4
112,A000112,438,198,3,-1,15,5,2,2,Unity Asset 112,Asset starter record 112,A000112,2020-04-22,2020-04-22,2021-04-22,163.4400,163.4400,2021-04-22,1,1,1,2026-08-24T00:00:00.000,2018-01-01T00:00:00.000,9999-12-31T00:00:00.000,1,b8d22c8a9d285cb298f0505e725a6e48b8d22c8a9d285cb298f0505e725a6e48
113,A000113,313,456,2,-1,4,5,6,1,Cedar Asset 113,Asset starter record 113,A000113,2020-04-23,2020-04-23,2021-04-23,164.8100,164.8100,2021-04-23,1,1,1,2026-08-24T00:00:00.000,2018-01-01T00:00:00.000,9999-12-31T00:00:00.000,1,91d38bdef5835112b03d4a337f8daf6e91d38bdef5835112b03d4a337f8daf6e
114,A000114,305,211,10,-1,9,5,7,3,Cedar Asset 114,Asset starter record 114,A000114,2020-04-24,2020-04-24,2021-04-24,166.1800,166.1800,2021-04-24,1,1,1,2026-08-24T00:00:00.000,2018-01-01T00:00:00.000,9999-12-31T00:00:00.000,1,32a625f6621e519fb1c6a19fc86e2f4432a625f6621e519fb1c6a19fc86e2f44
115,A000115,253,59,10,-1,12,4,3,1,Harbor Asset 115,Asset starter record 115,A000115,2020-04-25,2020-04-25,2021-04-25,167.5500,167.5500,2021-04-25,0,1,1,2026-08-24T00:00:00.000,2018-01-01T00:00:00.000,9999-12-31T00:00:00.000,1,b9a9650e60a2593da9cd56093afddcf1b9a9650e60a2593da9cd56093afddcf1
116,A000116,259,58,9,-1,8,10,5,3,Ion Asset 116,Asset starter record 116,A000116,2020-04-26,2020-04-26,2021-04-26,168.9200,168.9200,2021-04-26,1,1,1,2026-08-24T00:00:00.000,2018-01-01T00:00:00.000,9999-12-31T00:00:00.000,1,cbb48e916fc95656a05470c2328fa6d9cbb48e916fc95656a05470c2328fa6d9
117,A000117,284,53,4,-1,5,10,5,1,Keystone Asset 117,Asset starter record 117,A000117,2020-04-27,2020-04-27,2021-04-27,170.2900,170.2900,2021-04-27,1,1,1,2026-08-24T00:00:00.000,2018-01-01T00:00:00.000,9999-12-31T00:00:00.000,1,2072d927423758d48418c52be6ee51c52072d927423758d48418c52be6ee51c5
118,A000118,370,203,3,-1,8,2,6,4,Junction Asset 118,Asset starter record 118,A000118,2020-04-28,2020-04-28,2021-04-28,171.6600,171.6600,2021-04-28,1,1,1,2026-08-24T00:00:00.000,2018-01-01T00:00:00.000,9999-12-31T00:00:00.000,1,a588f5f159405c36b83c066c77ef2478a588f5f159405c36b83c066c77ef2478
119,A000119,83,478,2,-1,4,1,3,2,Junction Asset 119,Asset starter record 119,A000119,2020-04-29,2020-04-29,2021-04-29,173.0300,173.0300,2021-04-29,1,1,1,2026-08-24T00:00:00.000,2018-01-01T00:00:00.000,9999-12-31T00:00:00.000,1,7d0e26c93d6d5533b850b0701bf361007d0e26c93d6d5533b850b0701bf36100
120,A000120,12,498,9,-1,15,7,2,2,Ion Asset 120,Asset starter record 120,A000120,2020-04-30,2020-04-30,2021-04-30,174.4000,174.4000,2021-04-30,0,1,1,2026-08-24T00:00:00.000,2018-01-01T00:00:00.000,9999-12-31T00:00:00.000,1,17a491274d7e5ae08fee1fd64fef254717a491274d7e5ae08fee1fd64fef2547
121,A000121,309,175,10,-1,5,6,4,3,Meridian Asset 121,Asset starter record 121,A000121,2020-05-01,2020-05-01,2021-05-01,175.7700,175.7700,2021-05-01,1,1,1,2026-08-24T00:00:00.000,2018-01-01T00:00:00.000,9999-12-31T00:00:00.000,1,78d26814b0e45b9a8c8415863a275f2278d26814b0e45b9a8c8415863a275f22
122,A000122,361,292,2,-1,9,8,7,4,Atlas Asset 122,Asset starter record 122,A000122,2020-05-02,2020-05-02,2021-05-02,177.1400,177.1400,2021-05-02,1,1,1,2026-08-24T00:00:00.000,2018-01-01T00:00:00.000,9999-12-31T00:00:00.000,1,63a35fba30f95a4c92258dc95cb7087863a35fba30f95a4c92258dc95cb70878
123,A000123,457,91,5,-1,9,8,4,3,Quartz Asset 123,Asset starter record 123,A000123,2020-05-03,2020-05-03,2021-05-03,178.5100,178.5100,2021-05-03,1,1,1,2026-08-24T00:00:00.000,2018-01-01T00:00:00.000,9999-12-31T00:00:00.000,1,d72f5dd306995277898839e1dc4a9320d72f5dd306995277898839e1dc4a9320
124,A000124,262,429,5,-1,9,5,2,1,Keystone Asset 124,Asset starter record 124,A000124,2020-05-04,2020-05-04,2021-05-04,179.8800,179.8800,2021-05-04,1,1,1,2026-08-24T00:00:00.000,2018-01-01T00:00:00.000,9999-12-31T00:00:00.000,1,c8ff451d7dba5731b905d936d515e1fec8ff451d7dba5731b905d936d515e1fe
125,A000125,28,287,3,-1,6,5,6,1,Evergreen Asset 125,Asset starter record 125,A000125,2020-05-05,2020-05-05,2021-05-05,181.2500,181.2500,2021-05-05,0,1,1,2026-08-24T00:00:00.000,2018-01-01T00:00:00.000,9999-12-31T00:00:00.000,1,945bef8460455330bc1332f11d70ac9a945bef8460455330bc1332f11d70ac9a
126,A000126,147,309,8,-1,3,1,1,4,Forge Asset 126,Asset starter record 126,A000126,2020-05-06,2020-05-06,2021-05-06,182.6200,182.6200,2021-05-06,1,1,1,2026-08-24T00:00:00.000,2018-01-01T00:00:00.000,9999-12-31T00:00:00.000,1,88178ceeeb8c51d9ada82172b0f26c6a88178ceeeb8c51d9ada82172b0f26c6a
127,A000127,137,467,10,-1,7,1,7,2,Titan Asset 127,Asset starter record 127,A000127,2020-05-07,2020-05-07,2021-05-07,183.9900,183.9900,2021-05-07,1,1,1,2026-08-24T00:00:00.000,2018-01-01T00:00:00.000,9999-12-31T00:00:00.000,1,82aac8a9c9105c42960e639ba386249382aac8a9c9105c42960e639ba3862493
128,A000128,49,406,9,-1,3,5,7,3,Cedar Asset 128,Asset starter record 128,A000128,2020-05-08,2020-05-08,2021-05-08,185.3600,185.3600,2021-05-08,1,1,1,2026-08-24T00:00:00.000,2018-01-01T00:00:00.000,9999-12-31T00:00:00.000,1,f58fea1cb80250a0a8687bba5dab48fef58fea1cb80250a0a8687bba5dab48fe
129,A000129,156,375,4,-1,12,3,1,3,Ion Asset 129,Asset starter record 129,A000129,2020-05-09,2020-05-09,2021-05-09,186.7300,186.7300,2021-05-09,1,1,1,2026-08-24T00:00:00.000,2018-01-01T00:00:00.000,9999-12-31T00:00:00.000,1,41bf4428c81c5ad2ba1023e4c95e791441bf4428c81c5ad2ba1023e4c95e7914
130,A000130,331,173,5,-1,3,4,3,3,Liberty Asset 130,Asset starter record 130,A000130,2020-05-10,2020-05-10,2021-05-10,188.1000,188.1000,2021-05-10,0,1,1,2026-08-24T00:00:00.000,2018-01-01T00:00:00.000,9999-12-31T00:00:00.000,1,54fe4dadac4d521c9d53cb4f6a9e6a1854fe4dadac4d521c9d53cb4f6a9e6a18
131,A000131,485,122,7,-1,1,8,1,3,Pioneer Asset 131,Asset starter record 131,A000131,2020-05-11,2020-05-11,2021-05-11,189.4700,189.4700,2021-05-11,1,1,1,2026-08-24T00:00:00.000,2018-01-01T00:00:00.000,9999-12-31T00:00:00.000,1,1c2edf50dd3c5bffb0cb44c4898caf8b1c2edf50dd3c5bffb0cb44c4898caf8b
132,A000132,464,453,3,-1,7,9,4,3,Orion Asset 132,Asset starter record 132,A000132,2020-05-12,2020-05-12,2021-05-12,190.8400,190.8400,2021-05-12,1,1,1,2026-08-24T00:00:00.000,2018-01-01T00:00:00.000,9999-12-31T00:00:00.000,1,6172b689d2405f7b9cdbe36d9de64c436172b689d2405f7b9cdbe36d9de64c43
133,A000133,53,85,2,-1,7,6,7,1,Delta Asset 133,Asset starter record 133,A000133,2020-05-13,2020-05-13,2021-05-13,192.2100,192.2100,2021-05-13,1,1,1,2026-08-24T00:00:00.000,2018-01-01T00:00:00.000,9999-12-31T00:00:00.000,1,cdec2fbfea6b50b882541ee54db30e89cdec2fbfea6b50b882541ee54db30e89
134,A000134,431,459,7,-1,10,6,4,2,Granite Asset 134,Asset starter record 134,A000134,2020-05-14,2020-05-14,2021-05-14,193.5800,193.5800,2021-05-14,1,1,1,2026-08-24T00:00:00.000,2018-01-01T00:00:00.000,9999-12-31T00:00:00.000,1,872cb0f436625f8488f251249c1cad9b872cb0f436625f8488f251249c1cad9b
135,A000135,38,330,2,-1,9,9,6,4,Willow Asset 135,Asset starter record 135,A000135,2020-05-15,2020-05-15,2021-05-15,194.9500,194.9500,2021-05-15,0,1,1,2026-08-24T00:00:00.000,2018-01-01T00:00:00.000,9999-12-31T00:00:00.000,1,751a757de18b519d91a1b8810927dd64751a757de18b519d91a1b8810927dd64
136,A000136,376,119,5,-1,9,7,4,3,Willow Asset 136,Asset starter record 136,A000136,2020-05-16,2020-05-16,2021-05-16,196.3200,196.3200,2021-05-16,1,1,1,2026-08-24T00:00:00.000,2018-01-01T00:00:00.000,9999-12-31T00:00:00.000,1,966c0bbc67325261951ca007ce439f63966c0bbc67325261951ca007ce439f63
137,A000137,414,109,7,-1,12,10,1,1,Junction Asset 137,Asset starter record 137,A000137,2020-05-17,2020-05-17,2021-05-17,197.6900,197.6900,2021-05-17,1,1,1,2026-08-24T00:00:00.000,2018-01-01T00:00:00.000,9999-12-31T00:00:00.000,1,cc3c1d400a8550b6aa5644b6ef0fcbbccc3c1d400a8550b6aa5644b6ef0fcbbc
138,A000138,109,301,9,-1,16,3,4,4,Pioneer Asset 138,Asset starter record 138,A000138,2020-05-18,2020-05-18,2021-05-18,199.0600,199.0600,2021-05-18,1,1,1,2026-08-24T00:00:00.000,2018-01-01T00:00:00.000,9999-12-31T00:00:00.000,1,ca37e85b7afe580f84b57b3026d4e2d3ca37e85b7afe580f84b57b3026d4e2d3
139,A000139,406,241,9,-1,10,5,1,2,Delta Asset 139,Asset starter record 139,A000139,2020-05-19,2020-05-19,2021-05-19,200.4300,200.4300,2021-05-19,1,1,1,2026-08-24T00:00:00.000,2018-01-01T00:00:00.000,9999-12-31T00:00:00.000,1,705e650c15c058a0bf034c99b728a8f7705e650c15c058a0bf034c99b728a8f7
140,A000140,231,467,6,-1,5,9,7,1,Granite Asset 140,Asset starter record 140,A000140,2020-05-20,2020-05-20,2021-05-20,201.8000,201.8000,2021-05-20,0,1,1,2026-08-24T00:00:00.000,2018-01-01T00:00:00.000,9999-12-31T00:00:00.000,1,c020b0ec0b535133befbc793b25da751c020b0ec0b535133befbc793b25da751
141,A000141,274,405,2,-1,1,9,2,2,Keystone Asset 141,Asset starter record 141,A000141,2020-05-21,2020-05-21,2021-05-21,203.1700,203.1700,2021-05-21,1,1,1,2026-08-24T00:00:00.000,2018-01-01T00:00:00.000,9999-12-31T00:00:00.000,1,0085edf3f7cd511ea95cb3fedca0c3e20085edf3f7cd511ea95cb3fedca0c3e2
142,A000142,156,405,8,-1,15,9,2,1,Vertex Asset 142,Asset starter record 142,A000142,2020-05-22,2020-05-22,2021-05-22,204.5400,204.5400,2021-05-22,1,1,1,2026-08-24T00:00:00.000,2018-01-01T00:00:00.000,9999-12-31T00:00:00.000,1,c88a729f632752e081e3da335223965ac88a729f632752e081e3da335223965a
143,A000143,176,452,9,-1,10,6,2,3,Zenith Asset 143,Asset starter record 143,A000143,2020-05-23,2020-05-23,2021-05-23,205.9100,205.9100,2021-05-23,1,1,1,2026-08-24T00:00:00.000,2018-01-01T00:00:00.000,9999-12-31T00:00:00.000,1,201365fcec555808aa8caa908d522b4f201365fcec555808aa8caa908d522b4f
144,A000144,22,457,5,-1,11,4,4,3,Quartz Asset 144,Asset starter record 144,A000144,2020-05-24,2020-05-24,2021-05-24,207.2800,207.2800,2021-05-24,1,1,1,2026-08-24T00:00:00.000,2018-01-01T00:00:00.000,9999-12-31T00:00:00.000,1,22d9652bcf70526dada743a1a4b9c58522d9652bcf70526dada743a1a4b9c585
145,A000145,69,127,8,-1,15,5,6,3,Titan Asset 145,Asset starter record 145,A000145,2020-05-25,2020-05-25,2021-05-25,208.6500,208.6500,2021-05-25,0,1,1,2026-08-24T00:00:00.000,2018-01-01T00:00:00.000,9999-12-31T00:00:00.000,1,eda2dd5534045431a579916eb889bd03eda2dd5534045431a579916eb889bd03
146,A000146,38,17,5,-1,15,9,1,1,Harbor Asset 146,Asset starter record 146,A000146,2020-05-26,2020-05-26,2021-05-26,210.0200,210.0200,2021-05-26,1,1,1,2026-08-24T00:00:00.000,2018-01-01T00:00:00.000,9999-12-31T00:00:00.000,1,56e7bfdf4e3c5d219e0150fb68d8253556e7bfdf4e3c5d219e0150fb68d82535
147,A000147,120,66,9,-1,6,7,6,4,Liberty Asset 147,Asset starter record 147,A000147,2020-05-27,2020-05-27,2021-05-27,211.3900,211.3900,2021-05-27,1,1,1,2026-08-24T00:00:00.000,2018-01-01T00:00:00.000,9999-12-31T00:00:00.000,1,891322e40f255114b31cb8014fe48a73891322e40f255114b31cb8014fe48a73
148,A000148,330,154,4,-1,4,10,2,4,Keystone Asset 148,Asset starter record 148,A000148,2020-05-28,2020-05-28,2021-05-28,212.7600,212.7600,2021-05-28,1,1,1,2026-08-24T00:00:00.000,2018-01-01T00:00:00.000,9999-12-31T00:00:00.000,1,a1e4462048bf592cbcbf43bbcb0b764fa1e4462048bf592cbcbf43bbcb0b764f
149,A000149,192,124,8,-1,1,5,4,1,Northstar Asset 149,Asset starter record 149,A000149,2020-05-29,2020-05-29,2021-05-29,214.1300,214.1300,2021-05-29,1,1,1,2026-08-24T00:00:00.000,2018-01-01T00:00:00.000,9999-12-31T00:00:00.000,1,4865d047aa495c3abb9a9f5b2da6dfbb4865d047aa495c3abb9a9f5b2da6dfbb
150,A000150,267,377,5,-1,12,9,3,3,Titan Asset 150,Asset starter record 150,A000150,2020-05-30,2020-05-30,2021-05-30,215.5000,215.5000,2021-05-30,0,1,1,2026-08-24T00:00:00.000,2018-01-01T00:00:00.000,9999-12-31T00:00:00.000,1,b34660ef279551778f8b374e982886a0b34660ef279551778f8b374e982886a0
151,A000151,303,19,4,-1,10,3,5,1,Northstar Asset 151,Asset starter record 151,A000151,2020-05-31,2020-05-31,2021-05-31,216.8700,216.8700,2021-05-31,1,1,1,2026-08-24T00:00:00.000,2018-01-01T00:00:00.000,9999-12-31T00:00:00.000,1,0629f83a924f5fd8a352857f19b5a57e0629f83a924f5fd8a352857f19b5a57e
152,A000152,455,124,4,-1,10,2,7,3,Summit Asset 152,Asset starter record 152,A000152,2020-06-01,2020-06-01,2021-06-01,218.2400,218.2400,2021-06-01,1,1,1,2026-08-24T00:00:00.000,2018-01-01T00:00:00.000,9999-12-31T00:00:00.000,1,e4ad3852d4725d8a9156f3f65ce7d929e4ad3852d4725d8a9156f3f65ce7d929
153,A000153,261,237,9,-1,6,2,3,1,Beacon Asset 153,Asset starter record 153,A000153,2020-06-02,2020-06-02,2021-06-02,219.6100,219.6100,2021-06-02,1,1,1,2026-08-24T00:00:00.000,2018-01-01T00:00:00.000,9999-12-31T00:00:00.000,1,31a978eeaf6a52d8a93d51ea3c0c40d131a978eeaf6a52d8a93d51ea3c0c40d1
154,A000154,129,449,7,-1,10,7,3,1,Delta Asset 154,Asset starter record 154,A000154,2020-06-03,2020-06-03,2021-06-03,220.9800,220.9800,2021-06-03,1,1,1,2026-08-24T00:00:00.000,2018-01-01T00:00:00.000,9999-12-31T00:00:00.000,1,ab11eb2570b95418a8d50f04b1c7a06dab11eb2570b95418a8d50f04b1c7a06d
155,A000155,447,452,4,-1,4,10,4,2,Vertex Asset 155,Asset starter record 155,A000155,2020-06-04,2020-06-04,2021-06-04,222.3500,222.3500,2021-06-04,0,1,1,2026-08-24T00:00:00.000,2018-01-01T00:00:00.000,9999-12-31T00:00:00.000,1,adeb115129ae5cc997f171e246744cdeadeb115129ae5cc997f171e246744cde
156,A000156,282,19,9,-1,10,3,4,2,Riverton Asset 156,Asset starter record 156,A000156,2020-06-05,2020-06-05,2021-06-05,223.7200,223.7200,2021-06-05,1,1,1,2026-08-24T00:00:00.000,2018-01-01T00:00:00.000,9999-12-31T00:00:00.000,1,f13865e0a2f65346a25a55835bdd135df13865e0a2f65346a25a55835bdd135d
157,A000157,7,217,9,-1,12,4,5,2,Granite Asset 157,Asset starter record 157,A000157,2020-06-06,2020-06-06,2021-06-06,225.0900,225.0900,2021-06-06,1,1,1,2026-08-24T00:00:00.000,2018-01-01T00:00:00.000,9999-12-31T00:00:00.000,1,eb667caa97df55faa3ff9a9258134843eb667caa97df55faa3ff9a9258134843
158,A000158,327,351,4,-1,3,5,3,4,Liberty Asset 158,Asset starter record 158,A000158,2020-06-07,2020-06-07,2021-06-07,226.4600,226.4600,2021-06-07,1,1,1,2026-08-24T00:00:00.000,2018-01-01T00:00:00.000,9999-12-31T00:00:00.000,1,36f199ac202d5e89bcc8e174a665981c36f199ac202d5e89bcc8e174a665981c
159,A000159,74,206,6,-1,4,9,3,4,Meridian Asset 159,Asset starter record 159,A000159,2020-06-08,2020-06-08,2021-06-08,227.8300,227.8300,2021-06-08,1,1,1,2026-08-24T00:00:00.000,2018-01-01T00:00:00.000,9999-12-31T00:00:00.000,1,cf663639e35d5ec5bc35adfcf2477670cf663639e35d5ec5bc35adfcf2477670
160,A000160,286,140,4,-1,8,6,4,1,Titan Asset 160,Asset starter record 160,A000160,2020-06-09,2020-06-09,2021-06-09,229.2000,229.2000,2021-06-09,0,1,1,2026-08-24T00:00:00.000,2018-01-01T00:00:00.000,9999-12-31T00:00:00.000,1,d6f864487eec5e6ebdfb10faea4972e6d6f864487eec5e6ebdfb10faea4972e6
161,A000161,457,482,3,-1,9,7,4,2,Northstar Asset 161,Asset starter record 161,A000161,2020-06-10,2020-06-10,2021-06-10,230.5700,230.5700,2021-06-10,1,1,1,2026-08-24T00:00:00.000,2018-01-01T00:00:00.000,9999-12-31T00:00:00.000,1,c37f0b9b270f5426b36bda125875ce94c37f0b9b270f5426b36bda125875ce94
162,A000162,392,495,6,-1,2,4,6,4,Titan Asset 162,Asset starter record 162,A000162,2020-06-11,2020-06-11,2021-06-11,231.9400,231.9400,2021-06-11,1,1,1,2026-08-24T00:00:00.000,2018-01-01T00:00:00.000,9999-12-31T00:00:00.000,1,e24e55ceaf8b54c6b3f45500a05545aae24e55ceaf8b54c6b3f45500a05545aa
163,A000163,257,204,8,-1,1,6,3,2,Cedar Asset 163,Asset starter record 163,A000163,2020-06-12,2020-06-12,2021-06-12,233.3100,233.3100,2021-06-12,1,1,1,2026-08-24T00:00:00.000,2018-01-01T00:00:00.000,9999-12-31T00:00:00.000,1,b296dab8379454c2ac8cde5e7b58a8a1b296dab8379454c2ac8cde5e7b58a8a1
164,A000164,124,346,1,-1,7,1,7,1,Harbor Asset 164,Asset starter record 164,A000164,2020-06-13,2020-06-13,2021-06-13,234.6800,234.6800,2021-06-13,1,1,1,2026-08-24T00:00:00.000,2018-01-01T00:00:00.000,9999-12-31T00:00:00.000,1,d5a911c403345fa492af9cf8cec12168d5a911c403345fa492af9cf8cec12168
165,A000165,272,352,2,-1,6,8,4,1,Ion Asset 165,Asset starter record 165,A000165,2020-06-14,2020-06-14,2021-06-14,236.0500,236.0500,2021-06-14,0,1,1,2026-08-24T00:00:00.000,2018-01-01T00:00:00.000,9999-12-31T00:00:00.000,1,8aaa9c4281ff5dc0922c9778b105c2d58aaa9c4281ff5dc0922c9778b105c2d5
166,A000166,279,65,9,-1,14,2,7,4,Beacon Asset 166,Asset starter record 166,A000166,2020-06-15,2020-06-15,2021-06-15,237.4200,237.4200,2021-06-15,1,1,1,2026-08-24T00:00:00.000,2018-01-01T00:00:00.000,9999-12-31T00:00:00.000,1,b09b2656ba5e5e0babd783caf9c1245bb09b2656ba5e5e0babd783caf9c1245b
167,A000167,124,459,8,-1,8,9,5,3,Evergreen Asset 167,Asset starter record 167,A000167,2020-06-16,2020-06-16,2021-06-16,238.7900,238.7900,2021-06-16,1,1,1,2026-08-24T00:00:00.000,2018-01-01T00:00:00.000,9999-12-31T00:00:00.000,1,94dee4ba11025dfabc9ffe08a38ff41094dee4ba11025dfabc9ffe08a38ff410
168,A000168,60,82,4,-1,11,5,1,4,Vertex Asset 168,Asset starter record 168,A000168,2020-06-17,2020-06-17,2021-06-17,240.1600,240.1600,2021-06-17,1,1,1,2026-08-24T00:00:00.000,2018-01-01T00:00:00.000,9999-12-31T00:00:00.000,1,1f32efb4bd0557158ce4398423568cf51f32efb4bd0557158ce4398423568cf5
169,A000169,336,350,10,-1,6,7,6,2,Quartz Asset 169,Asset starter record 169,A000169,2020-06-18,2020-06-18,2021-06-18,241.5300,241.5300,2021-06-18,1,1,1,2026-08-24T00:00:00.000,2018-01-01T00:00:00.000,9999-12-31T00:00:00.000,1,95c8f700f33652988c4a6ff697c753da95c8f700f33652988c4a6ff697c753da
170,A000170,280,276,4,-1,4,7,2,4,Orion Asset 170,Asset starter record 170,A000170,2020-06-19,2020-06-19,2021-06-19,242.9000,242.9000,2021-06-19,0,1,1,2026-08-24T00:00:00.000,2018-01-01T00:00:00.000,9999-12-31T00:00:00.000,1,22eebac25c545bb9912fc2e8596f4e4d22eebac25c545bb9912fc2e8596f4e4d
171,A000171,146,375,9,-1,3,3,1,4,Liberty Asset 171,Asset starter record 171,A000171,2020-06-20,2020-06-20,2021-06-20,244.2700,244.2700,2021-06-20,1,1,1,2026-08-24T00:00:00.000,2018-01-01T00:00:00.000,9999-12-31T00:00:00.000,1,f7b67e8cc5ed5c9b80cc4535dcf8d7ccf7b67e8cc5ed5c9b80cc4535dcf8d7cc
172,A000172,416,209,4,-1,1,4,5,3,Willow Asset 172,Asset starter record 172,A000172,2020-06-21,2020-06-21,2021-06-21,245.6400,245.6400,2021-06-21,1,1,1,2026-08-24T00:00:00.000,2018-01-01T00:00:00.000,9999-12-31T00:00:00.000,1,0f6b079017e15803807413a1f00199b70f6b079017e15803807413a1f00199b7
173,A000173,218,339,3,-1,12,8,4,3,Beacon Asset 173,Asset starter record 173,A000173,2020-06-22,2020-06-22,2021-06-22,247.0100,247.0100,2021-06-22,1,1,1,2026-08-24T00:00:00.000,2018-01-01T00:00:00.000,9999-12-31T00:00:00.000,1,5fae7210859857b09a321e97fa97881c5fae7210859857b09a321e97fa97881c
174,A000174,220,48,6,-1,6,3,1,2,Liberty Asset 174,Asset starter record 174,A000174,2020-06-23,2020-06-23,2021-06-23,248.3800,248.3800,2021-06-23,1,1,1,2026-08-24T00:00:00.000,2018-01-01T00:00:00.000,9999-12-31T00:00:00.000,1,f1a1818d4ff956bca0185c00a5360f73f1a1818d4ff956bca0185c00a5360f73
175,A000175,284,333,9,-1,8,1,3,2,Quartz Asset 175,Asset starter record 175,A000175,2020-06-24,2020-06-24,2021-06-24,249.7500,249.7500,2021-06-24,0,1,1,2026-08-24T00:00:00.000,2018-01-01T00:00:00.000,9999-12-31T00:00:00.000,1,257798e64fd15cd7b9324a1e82c4a103257798e64fd15cd7b9324a1e82c4a103
176,A000176,460,407,8,-1,4,5,4,4,Riverton Asset 176,Asset starter record 176,A000176,2020-06-25,2020-06-25,2021-06-25,251.1200,251.1200,2021-06-25,1,1,1,2026-08-24T00:00:00.000,2018-01-01T00:00:00.000,9999-12-31T00:00:00.000,1,1a66288eaa7c53c283c1ba1d0ffcd23e1a66288eaa7c53c283c1ba1d0ffcd23e
177,A000177,177,446,7,-1,15,2,1,2,Atlas Asset 177,Asset starter record 177,A000177,2020-06-26,2020-06-26,2021-06-26,252.4900,252.4900,2021-06-26,1,1,1,2026-08-24T00:00:00.000,2018-01-01T00:00:00.000,9999-12-31T00:00:00.000,1,2be56ddd92685a1fa5c5b74cf769cf3c2be56ddd92685a1fa5c5b74cf769cf3c
178,A000178,174,145,9,-1,9,5,2,4,Forge Asset 178,Asset starter record 178,A000178,2020-06-27,2020-06-27,2021-06-27,253.8600,253.8600,2021-06-27,1,1,1,2026-08-24T00:00:00.000,2018-01-01T00:00:00.000,9999-12-31T00:00:00.000,1,ce24331528285890ad3e0219067a4e6bce24331528285890ad3e0219067a4e6b
179,A000179,451,318,10,-1,2,5,1,2,Beacon Asset 179,Asset starter record 179,A000179,2020-06-28,2020-06-28,2021-06-28,255.2300,255.2300,2021-06-28,1,1,1,2026-08-24T00:00:00.000,2018-01-01T00:00:00.000,9999-12-31T00:00:00.000,1,0cfb6be978e4502fba597ba1180e11a20cfb6be978e4502fba597ba1180e11a2
180,A000180,88,331,3,-1,8,2,3,4,Zenith Asset 180,Asset starter record 180,A000180,2020-06-29,2020-06-29,2021-06-29,256.6000,256.6000,2021-06-29,0,1,1,2026-08-24T00:00:00.000,2018-01-01T00:00:00.000,9999-12-31T00:00:00.000,1,8589a6ad66f25c57a129eb2dd798339b8589a6ad66f25c57a129eb2dd798339b
181,A000181,28,424,6,-1,15,6,3,2,Harbor Asset 181,Asset starter record 181,A000181,2020-06-30,2020-06-30,2021-06-30,257.9700,257.9700,2021-06-30,1,1,1,2026-08-24T00:00:00.000,2018-01-01T00:00:00.000,9999-12-31T00:00:00.000,1,c6e2a0fa9f8b554fbb3006a8c5d99be0c6e2a0fa9f8b554fbb3006a8c5d99be0
182,A000182,95,245,4,-1,14,10,2,2,Ion Asset 182,Asset starter record 182,A000182,2020-07-01,2020-07-01,2021-07-01,259.3400,259.3400,2021-07-01,1,1,1,2026-08-24T00:00:00.000,2018-01-01T00:00:00.000,9999-12-31T00:00:00.000,1,1590e7a5276952579a82f06d5e2f6d6b1590e7a5276952579a82f06d5e2f6d6b
183,A000183,22,2,9,-1,2,2,2,4,Pioneer Asset 183,Asset starter record 183,A000183,2020-07-02,2020-07-02,2021-07-02,260.7100,260.7100,2021-07-02,1,1,1,2026-08-24T00:00:00.000,2018-01-01T00:00:00.000,9999-12-31T00:00:00.000,1,3cdef00c5cf3591482821bb400c224f23cdef00c5cf3591482821bb400c224f2
184,A000184,87,177,10,-1,10,8,3,3,Riverton Asset 184,Asset starter record 184,A000184,2020-07-03,2020-07-03,2021-07-03,262.0800,262.0800,2021-07-03,1,1,1,2026-08-24T00:00:00.000,2018-01-01T00:00:00.000,9999-12-31T00:00:00.000,1,9684292f679e56959ecbd645b1b6bf419684292f679e56959ecbd645b1b6bf41
185,A000185,251,79,4,-1,11,8,3,2,Cedar Asset 185,Asset starter record 185,A000185,2020-07-04,2020-07-04,2021-07-04,263.4500,263.4500,2021-07-04,0,1,1,2026-08-24T00:00:00.000,2018-01-01T00:00:00.000,9999-12-31T00:00:00.000,1,e3b9a2201e835a76a3de7675f02c0d2ee3b9a2201e835a76a3de7675f02c0d2e
186,A000186,436,273,3,-1,10,5,7,2,Riverton Asset 186,Asset starter record 186,A000186,2020-07-05,2020-07-05,2021-07-05,264.8200,264.8200,2021-07-05,1,1,1,2026-08-24T00:00:00.000,2018-01-01T00:00:00.000,9999-12-31T00:00:00.000,1,ee0edfa4784951ce8130202e19dda700ee0edfa4784951ce8130202e19dda700
187,A000187,277,357,2,-1,16,9,2,4,Pioneer Asset 187,Asset starter record 187,A000187,2020-07-06,2020-07-06,2021-07-06,266.1900,266.1900,2021-07-06,1,1,1,2026-08-24T00:00:00.000,2018-01-01T00:00:00.000,9999-12-31T00:00:00.000,1,14584dbc72755c72994d2efbae92ceba14584dbc72755c72994d2efbae92ceba
188,A000188,164,186,10,-1,8,8,6,3,Cedar Asset 188,Asset starter record 188,A000188,2020-07-07,2020-07-07,2021-07-07,267.5600,267.5600,2021-07-07,1,1,1,2026-08-24T00:00:00.000,2018-01-01T00:00:00.000,9999-12-31T00:00:00.000,1,38bc5d5b05325b9b9b78e673ca8cbba538bc5d5b05325b9b9b78e673ca8cbba5
189,A000189,292,194,3,-1,11,9,5,2,Unity Asset 189,Asset starter record 189,A000189,2020-07-08,2020-07-08,2021-07-08,268.9300,268.9300,2021-07-08,1,1,1,2026-08-24T00:00:00.000,2018-01-01T00:00:00.000,9999-12-31T00:00:00.000,1,6ddd41b86dd8596f8ef9ec6f2cb39bf86ddd41b86dd8596f8ef9ec6f2cb39bf8
190,A000190,59,364,6,-1,9,5,1,4,Pioneer Asset 190,Asset starter record 190,A000190,2020-07-09,2020-07-09,2021-07-09,270.3000,270.3000,2021-07-09,0,1,1,2026-08-24T00:00:00.000,2018-01-01T00:00:00.000,9999-12-31T00:00:00.000,1,5a3edc5d5c855b7899ed326edd0bd4a35a3edc5d5c855b7899ed326edd0bd4a3
191,A000191,453,21,9,-1,8,7,1,3,Vertex Asset 191,Asset starter record 191,A000191,2020-07-10,2020-07-10,2021-07-10,271.6700,271.6700,2021-07-10,1,1,1,2026-08-24T00:00:00.000,2018-01-01T00:00:00.000,9999-12-31T00:00:00.000,1,394bac7d7095545db92d87c591a45699394bac7d7095545db92d87c591a45699
192,A000192,169,383,10,-1,10,2,2,3,Willow Asset 192,Asset starter record 192,A000192,2020-07-11,2020-07-11,2021-07-11,273.0400,273.0400,2021-07-11,1,1,1,2026-08-24T00:00:00.000,2018-01-01T00:00:00.000,9999-12-31T00:00:00.000,1,d55933b8be8d5023b38046ffca09fdded55933b8be8d5023b38046ffca09fdde
193,A000193,175,389,3,-1,1,5,7,3,Junction Asset 193,Asset starter record 193,A000193,2020-07-12,2020-07-12,2021-07-12,274.4100,274.4100,2021-07-12,1,1,1,2026-08-24T00:00:00.000,2018-01-01T00:00:00.000,9999-12-31T00:00:00.000,1,55754215930d54cc8dd28ec03fa9acb855754215930d54cc8dd28ec03fa9acb8
194,A000194,409,49,3,-1,1,7,5,1,Quartz Asset 194,Asset starter record 194,A000194,2020-07-13,2020-07-13,2021-07-13,275.7800,275.7800,2021-07-13,1,1,1,2026-08-24T00:00:00.000,2018-01-01T00:00:00.000,9999-12-31T00:00:00.000,1,c20d9d92da265a0d8c6f393913e2e49ec20d9d92da265a0d8c6f393913e2e49e
195,A000195,9,245,5,-1,15,2,3,4,Beacon Asset 195,Asset starter record 195,A000195,2020-07-14,2020-07-14,2021-07-14,277.1500,277.1500,2021-07-14,0,1,1,2026-08-24T00:00:00.000,2018-01-01T00:00:00.000,9999-12-31T00:00:00.000,1,c54ef83cb6cb56d68028b726bfc9b678c54ef83cb6cb56d68028b726bfc9b678
196,A000196,159,452,4,-1,2,4,1,2,Riverton Asset 196,Asset starter record 196,A000196,2020-07-15,2020-07-15,2021-07-15,278.5200,278.5200,2021-07-15,1,1,1,2026-08-24T00:00:00.000,2018-01-01T00:00:00.000,9999-12-31T00:00:00.000,1,5264931745d2551690f8fef5729203005264931745d2551690f8fef572920300
197,A000197,358,367,4,-1,5,10,3,4,Granite Asset 197,Asset starter record 197,A000197,2020-07-16,2020-07-16,2021-07-16,279.8900,279.8900,2021-07-16,1,1,1,2026-08-24T00:00:00.000,2018-01-01T00:00:00.000,9999-12-31T00:00:00.000,1,5c90bc62bb66588b805ce43a5029bab05c90bc62bb66588b805ce43a5029bab0
198,A000198,338,175,4,-1,15,5,4,1,Willow Asset 198,Asset starter record 198,A000198,2020-07-17,2020-07-17,2021-07-17,281.2600,281.2600,2021-07-17,1,1,1,2026-08-24T00:00:00.000,2018-01-01T00:00:00.000,9999-12-31T00:00:00.000,1,ecb5c16092fd54fbb8418bdf9054328decb5c16092fd54fbb8418bdf9054328d
199,A000199,25,204,6,-1,16,2,2,1,Pioneer Asset 199,Asset starter record 199,A000199,2020-07-18,2020-07-18,2021-07-18,282.6300,282.6300,2021-07-18,1,1,1,2026-08-24T00:00:00.000,2018-01-01T00:00:00.000,9999-12-31T00:00:00.000,1,9c5aa6cdc35d579096965418325a33fe9c5aa6cdc35d579096965418325a33fe
200,A000200,309,454,8,-1,14,9,3,3,Delta Asset 200,Asset starter record 200,A000200,2020-07-19,2020-07-19,2021-07-19,284.0000,284.0000,2021-07-19,0,1,1,2026-08-24T00:00:00.000,2018-01-01T00:00:00.000,9999-12-31T00:00:00.000,1,c60e80112d2a5de2bf0c71281b6fcad1c60e80112d2a5de2bf0c71281b6fcad1
201,A000201,477,397,5,-1,10,1,6,2,Orion Asset 201,Asset starter record 201,A000201,2020-07-20,2020-07-20,2021-07-20,285.3700,285.3700,2021-07-20,1,1,1,2026-08-24T00:00:00.000,2018-01-01T00:00:00.000,9999-12-31T00:00:00.000,1,0499eb54126a5080a984264965f6137d0499eb54126a5080a984264965f6137d
202,A000202,89,170,10,-1,10,8,4,1,Liberty Asset 202,Asset starter record 202,A000202,2020-07-21,2020-07-21,2021-07-21,286.7400,286.7400,2021-07-21,1,1,1,2026-08-24T00:00:00.000,2018-01-01T00:00:00.000,9999-12-31T00:00:00.000,1,df93b9da16f25b4bbccd413604d057ccdf93b9da16f25b4bbccd413604d057cc
203,A000203,484,69,8,-1,12,4,5,3,Summit Asset 203,Asset starter record 203,A000203,2020-07-22,2020-07-22,2021-07-22,288.1100,288.1100,2021-07-22,1,1,1,2026-08-24T00:00:00.000,2018-01-01T00:00:00.000,9999-12-31T00:00:00.000,1,9e704844cca851cd8d26461ead0cfee49e704844cca851cd8d26461ead0cfee4
204,A000204,403,41,5,-1,2,1,5,2,Junction Asset 204,Asset starter record 204,A000204,2020-07-23,2020-07-23,2021-07-23,289.4800,289.4800,2021-07-23,1,1,1,2026-08-24T00:00:00.000,2018-01-01T00:00:00.000,9999-12-31T00:00:00.000,1,01b392d629a456be85be87bae119a2f601b392d629a456be85be87bae119a2f6
205,A000205,27,143,1,-1,12,9,7,2,Quartz Asset 205,Asset starter record 205,A000205,2020-07-24,2020-07-24,2021-07-24,290.8500,290.8500,2021-07-24,0,1,1,2026-08-24T00:00:00.000,2018-01-01T00:00:00.000,9999-12-31T00:00:00.000,1,659e3d55ff1a5eba81809ad76e5c609d659e3d55ff1a5eba81809ad76e5c609d
206,A000206,98,324,10,-1,10,2,5,1,Willow Asset 206,Asset starter record 206,A000206,2020-07-25,2020-07-25,2021-07-25,292.2200,292.2200,2021-07-25,1,1,1,2026-08-24T00:00:00.000,2018-01-01T00:00:00.000,9999-12-31T00:00:00.000,1,3342cfbdd4725c10aca974d359870c893342cfbdd4725c10aca974d359870c89
207,A000207,186,198,10,-1,4,6,6,3,Titan Asset 207,Asset starter record 207,A000207,2020-07-26,2020-07-26,2021-07-26,293.5900,293.5900,2021-07-26,1,1,1,2026-08-24T00:00:00.000,2018-01-01T00:00:00.000,9999-12-31T00:00:00.000,1,905809bd9c625f738cd18f232025448a905809bd9c625f738cd18f232025448a
208,A000208,340,13,7,-1,5,1,4,1,Ion Asset 208,Asset starter record 208,A000208,2020-07-27,2020-07-27,2021-07-27,294.9600,294.9600,2021-07-27,1,1,1,2026-08-24T00:00:00.000,2018-01-01T00:00:00.000,9999-12-31T00:00:00.000,1,8f6edc55e4bd5ed6bc16285e68d64c018f6edc55e4bd5ed6bc16285e68d64c01
209,A000209,200,400,6,-1,6,8,7,4,Cedar Asset 209,Asset starter record 209,A000209,2020-07-28,2020-07-28,2021-07-28,296.3300,296.3300,2021-07-28,1,1,1,2026-08-24T00:00:00.000,2018-01-01T00:00:00.000,9999-12-31T00:00:00.000,1,80cbf9fa29075927894fbfc6ea61959b80cbf9fa29075927894fbfc6ea61959b
210,A000210,401,48,3,-1,7,3,3,2,Titan Asset 210,Asset starter record 210,A000210,2020-07-29,2020-07-29,2021-07-29,297.7000,297.7000,2021-07-29,0,1,1,2026-08-24T00:00:00.000,2018-01-01T00:00:00.000,9999-12-31T00:00:00.000,1,7e0951a981805f9d887b5d048eb393707e0951a981805f9d887b5d048eb39370
211,A000211,197,48,3,-1,11,10,5,3,Keystone Asset 211,Asset starter record 211,A000211,2020-07-30,2020-07-30,2021-07-30,299.0700,299.0700,2021-07-30,1,1,1,2026-08-24T00:00:00.000,2018-01-01T00:00:00.000,9999-12-31T00:00:00.000,1,fbae0fbb374f5b3e92d234d57ceee021fbae0fbb374f5b3e92d234d57ceee021
212,A000212,435,415,2,-1,11,2,2,4,Orion Asset 212,Asset starter record 212,A000212,2020-07-31,2020-07-31,2021-07-31,300.4400,300.4400,2021-07-31,1,1,1,2026-08-24T00:00:00.000,2018-01-01T00:00:00.000,9999-12-31T00:00:00.000,1,bf109d84b0895eb4979aa4113ecceda4bf109d84b0895eb4979aa4113ecceda4
213,A000213,432,96,8,-1,5,1,2,3,Titan Asset 213,Asset starter record 213,A000213,2020-08-01,2020-08-01,2021-08-01,301.8100,301.8100,2021-08-01,1,1,1,2026-08-24T00:00:00.000,2018-01-01T00:00:00.000,9999-12-31T00:00:00.000,1,24195ba367595390b4ac1c647370e36b24195ba367595390b4ac1c647370e36b
214,A000214,316,140,5,-1,6,5,4,4,Liberty Asset 214,Asset starter record 214,A000214,2020-08-02,2020-08-02,2021-08-02,303.1800,303.1800,2021-08-02,1,1,1,2026-08-24T00:00:00.000,2018-01-01T00:00:00.000,9999-12-31T00:00:00.000,1,971c2c48d3f751f2a49df058f83a3a2c971c2c48d3f751f2a49df058f83a3a2c
215,A000215,101,349,3,-1,1,7,4,2,Quartz Asset 215,Asset starter record 215,A000215,2020-08-03,2020-08-03,2021-08-03,304.5500,304.5500,2021-08-03,0,1,1,2026-08-24T00:00:00.000,2018-01-01T00:00:00.000,9999-12-31T00:00:00.000,1,b96f12259d20560ca98c2e0d4885ae4ab96f12259d20560ca98c2e0d4885ae4a
216,A000216,465,346,5,-1,14,8,3,3,Orion Asset 216,Asset starter record 216,A000216,2020-08-04,2020-08-04,2021-08-04,305.9200,305.9200,2021-08-04,1,1,1,2026-08-24T00:00:00.000,2018-01-01T00:00:00.000,9999-12-31T00:00:00.000,1,82c4390736aa5f418d8c288eb17cf21982c4390736aa5f418d8c288eb17cf219
217,A000217,359,400,6,-1,16,4,2,3,Vertex Asset 217,Asset starter record 217,A000217,2020-08-05,2020-08-05,2021-08-05,307.2900,307.2900,2021-08-05,1,1,1,2026-08-24T00:00:00.000,2018-01-01T00:00:00.000,9999-12-31T00:00:00.000,1,d44a71855c415d00b5444209ac135bd7d44a71855c415d00b5444209ac135bd7
218,A000218,353,307,3,-1,9,4,4,3,Pioneer Asset 218,Asset starter record 218,A000218,2020-08-06,2020-08-06,2021-08-06,308.6600,308.6600,2021-08-06,1,1,1,2026-08-24T00:00:00.000,2018-01-01T00:00:00.000,9999-12-31T00:00:00.000,1,dd85870e35c95970ad58575e95a446fedd85870e35c95970ad58575e95a446fe
219,A000219,213,79,9,-1,11,5,7,2,Zenith Asset 219,Asset starter record 219,A000219,2020-08-07,2020-08-07,2021-08-07,310.0300,310.0300,2021-08-07,1,1,1,2026-08-24T00:00:00.000,2018-01-01T00:00:00.000,9999-12-31T00:00:00.000,1,356688d99f4a5c79a950f29ea15f813d356688d99f4a5c79a950f29ea15f813d
220,A000220,193,200,7,-1,14,1,1,3,Beacon Asset 220,Asset starter record 220,A000220,2020-08-08,2020-08-08,2021-08-08,311.4000,311.4000,2021-08-08,0,1,1,2026-08-24T00:00:00.000,2018-01-01T00:00:00.000,9999-12-31T00:00:00.000,1,96087d71dcaf508e9914f1394f7b394c96087d71dcaf508e9914f1394f7b394c
221,A000221,18,125,5,-1,8,5,2,3,Ion Asset 221,Asset starter record 221,A000221,2020-08-09,2020-08-09,2021-08-09,312.7700,312.7700,2021-08-09,1,1,1,2026-08-24T00:00:00.000,2018-01-01T00:00:00.000,9999-12-31T00:00:00.000,1,9dbeb65854dd5e0ba1cddfb16fe126e89dbeb65854dd5e0ba1cddfb16fe126e8
222,A000222,243,225,1,-1,10,6,2,1,Pioneer Asset 222,Asset starter record 222,A000222,2020-08-10,2020-08-10,2021-08-10,314.1400,314.1400,2021-08-10,1,1,1,2026-08-24T00:00:00.000,2018-01-01T00:00:00.000,9999-12-31T00:00:00.000,1,9a4416cbc6be5066a3872ccada0db9699a4416cbc6be5066a3872ccada0db969
223,A000223,87,264,9,-1,14,9,6,4,Vertex Asset 223,Asset starter record 223,A000223,2020-08-11,2020-08-11,2021-08-11,315.5100,315.5100,2021-08-11,1,1,1,2026-08-24T00:00:00.000,2018-01-01T00:00:00.000,9999-12-31T00:00:00.000,1,a140b1ab954d50679f13fd7cff61a210a140b1ab954d50679f13fd7cff61a210
224,A000224,263,111,6,-1,5,8,7,2,Vertex Asset 224,Asset starter record 224,A000224,2020-08-12,2020-08-12,2021-08-12,316.8800,316.8800,2021-08-12,1,1,1,2026-08-24T00:00:00.000,2018-01-01T00:00:00.000,9999-12-31T00:00:00.000,1,e5c3b0cf430e595ba3fefdaaffffb610e5c3b0cf430e595ba3fefdaaffffb610
225,A000225,8,200,3,-1,8,3,5,1,Junction Asset 225,Asset starter record 225,A000225,2020-08-13,2020-08-13,2021-08-13,318.2500,318.2500,2021-08-13,0,1,1,2026-08-24T00:00:00.000,2018-01-01T00:00:00.000,9999-12-31T00:00:00.000,1,8c12c508ca0a5794a4464539753058578c12c508ca0a5794a446453975305857
226,A000226,435,167,1,-1,15,1,2,2,Atlas Asset 226,Asset starter record 226,A000226,2020-08-14,2020-08-14,2021-08-14,319.6200,319.6200,2021-08-14,1,1,1,2026-08-24T00:00:00.000,2018-01-01T00:00:00.000,9999-12-31T00:00:00.000,1,64bc3b69ea1b54bbb2cc7505ef063f7364bc3b69ea1b54bbb2cc7505ef063f73
227,A000227,475,263,7,-1,16,10,2,2,Evergreen Asset 227,Asset starter record 227,A000227,2020-08-15,2020-08-15,2021-08-15,320.9900,320.9900,2021-08-15,1,1,1,2026-08-24T00:00:00.000,2018-01-01T00:00:00.000,9999-12-31T00:00:00.000,1,406349946cc5561ca068500343438260406349946cc5561ca068500343438260
228,A000228,374,473,4,-1,11,9,2,1,Willow Asset 228,Asset starter record 228,A000228,2020-08-16,2020-08-16,2021-08-16,322.3600,322.3600,2021-08-16,1,1,1,2026-08-24T00:00:00.000,2018-01-01T00:00:00.000,9999-12-31T00:00:00.000,1,766a3a20575154ab8acd4ea4b49c1b90766a3a20575154ab8acd4ea4b49c1b90
229,A000229,41,267,4,-1,13,4,7,4,Meridian Asset 229,Asset starter record 229,A000229,2020-08-17,2020-08-17,2021-08-17,323.7300,323.7300,2021-08-17,1,1,1,2026-08-24T00:00:00.000,2018-01-01T00:00:00.000,9999-12-31T00:00:00.000,1,1a5f4e8c5de35baaa229410252ac0ed91a5f4e8c5de35baaa229410252ac0ed9
230,A000230,454,200,1,-1,4,9,7,1,Granite Asset 230,Asset starter record 230,A000230,2020-08-18,2020-08-18,2021-08-18,325.1000,325.1000,2021-08-18,0,1,1,2026-08-24T00:00:00.000,2018-01-01T00:00:00.000,9999-12-31T00:00:00.000,1,85a50d80818550fdb55bb94492a407f885a50d80818550fdb55bb94492a407f8
231,A000231,469,13,9,-1,4,2,3,4,Zenith Asset 231,Asset starter record 231,A000231,2020-08-19,2020-08-19,2021-08-19,326.4700,326.4700,2021-08-19,1,1,1,2026-08-24T00:00:00.000,2018-01-01T00:00:00.000,9999-12-31T00:00:00.000,1,e0eaeee537495933b61ff9ed7bf63965e0eaeee537495933b61ff9ed7bf63965
232,A000232,390,235,3,-1,2,6,3,4,Harbor Asset 232,Asset starter record 232,A000232,2020-08-20,2020-08-20,2021-08-20,327.8400,327.8400,2021-08-20,1,1,1,2026-08-24T00:00:00.000,2018-01-01T00:00:00.000,9999-12-31T00:00:00.000,1,2576920c4306581498c8651e5b3946542576920c4306581498c8651e5b394654
233,A000233,53,348,10,-1,5,6,5,3,Delta Asset 233,Asset starter record 233,A000233,2020-08-21,2020-08-21,2021-08-21,329.2100,329.2100,2021-08-21,1,1,1,2026-08-24T00:00:00.000,2018-01-01T00:00:00.000,9999-12-31T00:00:00.000,1,391075f76af9554795c08a33b2dfd766391075f76af9554795c08a33b2dfd766
234,A000234,136,399,2,-1,6,10,7,2,Junction Asset 234,Asset starter record 234,A000234,2020-08-22,2020-08-22,2021-08-22,330.5800,330.5800,2021-08-22,1,1,1,2026-08-24T00:00:00.000,2018-01-01T00:00:00.000,9999-12-31T00:00:00.000,1,d85d08bd458b5786863a3995bde466d6d85d08bd458b5786863a3995bde466d6
235,A000235,402,297,2,-1,3,1,2,4,Zenith Asset 235,Asset starter record 235,A000235,2020-08-23,2020-08-23,2021-08-23,331.9500,331.9500,2021-08-23,0,1,1,2026-08-24T00:00:00.000,2018-01-01T00:00:00.000,9999-12-31T00:00:00.000,1,7e6dd21813da5c789ef3b38db84ae97e7e6dd21813da5c789ef3b38db84ae97e
236,A000236,132,346,3,-1,14,7,4,2,Forge Asset 236,Asset starter record 236,A000236,2020-08-24,2020-08-24,2021-08-24,333.3200,333.3200,2021-08-24,1,1,1,2026-08-24T00:00:00.000,2018-01-01T00:00:00.000,9999-12-31T00:00:00.000,1,4272f3b659ba5eb795cea6ee570cae1a4272f3b659ba5eb795cea6ee570cae1a
237,A000237,42,323,4,-1,13,9,3,4,Delta Asset 237,Asset starter record 237,A000237,2020-08-25,2020-08-25,2021-08-25,334.6900,334.6900,2021-08-25,1,1,1,2026-08-24T00:00:00.000,2018-01-01T00:00:00.000,9999-12-31T00:00:00.000,1,e386c2d0e61e5f56a12c11587442cd0de386c2d0e61e5f56a12c11587442cd0d
238,A000238,185,116,3,-1,9,7,3,3,Vertex Asset 238,Asset starter record 238,A000238,2020-08-26,2020-08-26,2021-08-26,336.0600,336.0600,2021-08-26,1,1,1,2026-08-24T00:00:00.000,2018-01-01T00:00:00.000,9999-12-31T00:00:00.000,1,0d793c7b938f56168dfcf9224e799d350d793c7b938f56168dfcf9224e799d35
239,A000239,274,319,6,-1,10,10,2,3,Forge Asset 239,Asset starter record 239,A000239,2020-08-27,2020-08-27,2021-08-27,337.4300,337.4300,2021-08-27,1,1,1,2026-08-24T00:00:00.000,2018-01-01T00:00:00.000,9999-12-31T00:00:00.000,1,2853bd978a78570b8586fc85b81bfdcf2853bd978a78570b8586fc85b81bfdcf
240,A000240,169,420,4,-1,11,2,3,1,Summit Asset 240,Asset starter record 240,A000240,2020-08-28,2020-08-28,2021-08-28,338.8000,338.8000,2021-08-28,0,1,1,2026-08-24T00:00:00.000,2018-01-01T00:00:00.000,9999-12-31T00:00:00.000,1,73c56b10fb4c5bf5affa30204479db9873c56b10fb4c5bf5affa30204479db98
241,A000241,495,52,1,-1,13,5,4,3,Forge Asset 241,Asset starter record 241,A000241,2020-08-29,2020-08-29,2021-08-29,340.1700,340.1700,2021-08-29,1,1,1,2026-08-24T00:00:00.000,2018-01-01T00:00:00.000,9999-12-31T00:00:00.000,1,0f4e99e1db0b5df88c63093b3f3bd2650f4e99e1db0b5df88c63093b3f3bd265
242,A000242,387,258,7,-1,2,9,7,1,Meridian Asset 242,Asset starter record 242,A000242,2020-08-30,2020-08-30,2021-08-30,341.5400,341.5400,2021-08-30,1,1,1,2026-08-24T00:00:00.000,2018-01-01T00:00:00.000,9999-12-31T00:00:00.000,1,3fef48fddbec5b81bdcf5ce45e0c92fd3fef48fddbec5b81bdcf5ce45e0c92fd
243,A000243,440,121,3,-1,5,9,7,4,Delta Asset 243,Asset starter record 243,A000243,2020-08-31,2020-08-31,2021-08-31,342.9100,342.9100,2021-08-31,1,1,1,2026-08-24T00:00:00.000,2018-01-01T00:00:00.000,9999-12-31T00:00:00.000,1,04f56d0ccc825dcea0219136c9a6b65c04f56d0ccc825dcea0219136c9a6b65c
244,A000244,442,157,7,-1,5,9,3,4,Cedar Asset 244,Asset starter record 244,A000244,2020-09-01,2020-09-01,2021-09-01,344.2800,344.2800,2021-09-01,1,1,1,2026-08-24T00:00:00.000,2018-01-01T00:00:00.000,9999-12-31T00:00:00.000,1,082378e3b40b525999071d98b553b921082378e3b40b525999071d98b553b921
245,A000245,163,310,2,-1,1,8,2,3,Titan Asset 245,Asset starter record 245,A000245,2020-09-02,2020-09-02,2021-09-02,345.6500,345.6500,2021-09-02,0,1,1,2026-08-24T00:00:00.000,2018-01-01T00:00:00.000,9999-12-31T00:00:00.000,1,77b293f4320d5b8fb488fa8e7937302c77b293f4320d5b8fb488fa8e7937302c
246,A000246,430,39,3,-1,16,3,1,3,Unity Asset 246,Asset starter record 246,A000246,2020-09-03,2020-09-03,2021-09-03,347.0200,347.0200,2021-09-03,1,1,1,2026-08-24T00:00:00.000,2018-01-01T00:00:00.000,9999-12-31T00:00:00.000,1,6a2631cbcbf0504c8acfba1ba09276a06a2631cbcbf0504c8acfba1ba09276a0
247,A000247,311,34,4,-1,6,10,7,3,Delta Asset 247,Asset starter record 247,A000247,2020-09-04,2020-09-04,2021-09-04,348.3900,348.3900,2021-09-04,1,1,1,2026-08-24T00:00:00.000,2018-01-01T00:00:00.000,9999-12-31T00:00:00.000,1,384623865bd8544ba5ea840869c3fed4384623865bd8544ba5ea840869c3fed4
248,A000248,386,10,2,-1,11,10,7,1,Zenith Asset 248,Asset starter record 248,A000248,2020-09-05,2020-09-05,2021-09-05,349.7600,349.7600,2021-09-05,1,1,1,2026-08-24T00:00:00.000,2018-01-01T00:00:00.000,9999-12-31T00:00:00.000,1,4a7a70da53e25e4daf073eabd8cdb45c4a7a70da53e25e4daf073eabd8cdb45c
249,A000249,312,116,3,-1,10,5,6,1,Harbor Asset 249,Asset starter record 249,A000249,2020-09-06,2020-09-06,2021-09-06,351.1300,351.1300,2021-09-06,1,1,1,2026-08-24T00:00:00.000,2018-01-01T00:00:00.000,9999-12-31T00:00:00.000,1,2168bf2baf725583a7bc2548517d27802168bf2baf725583a7bc2548517d2780
250,A000250,66,72,8,-1,5,7,7,3,Harbor Asset 250,Asset starter record 250,A000250,2020-09-07,2020-09-07,2021-09-07,352.5000,352.5000,2021-09-07,0,1,1,2026-08-24T00:00:00.000,2018-01-01T00:00:00.000,9999-12-31T00:00:00.000,1,df6cc81ca768579788d24b7bfe7c40dcdf6cc81ca768579788d24b7bfe7c40dc
251,A000251,179,111,2,-1,5,9,2,4,Forge Asset 251,Asset starter record 251,A000251,2020-09-08,2020-09-08,2021-09-08,353.8700,353.8700,2021-09-08,1,1,1,2026-08-24T00:00:00.000,2018-01-01T00:00:00.000,9999-12-31T00:00:00.000,1,08ce0110c6425bfdb99dc7cf993d355008ce0110c6425bfdb99dc7cf993d3550
252,A000252,443,75,4,-1,8,2,2,2,Keystone Asset 252,Asset starter record 252,A000252,2020-09-09,2020-09-09,2021-09-09,355.2400,355.2400,2021-09-09,1,1,1,2026-08-24T00:00:00.000,2018-01-01T00:00:00.000,9999-12-31T00:00:00.000,1,4ceddc8eddea574ab6fd6907db68b9944ceddc8eddea574ab6fd6907db68b994
253,A000253,21,232,1,-1,4,5,1,4,Northstar Asset 253,Asset starter record 253,A000253,2020-09-10,2020-09-10,2021-09-10,356.6100,356.6100,2021-09-10,1,1,1,2026-08-24T00:00:00.000,2018-01-01T00:00:00.000,9999-12-31T00:00:00.000,1,0b5eb94c7b5f5122b30e7d642daeaac50b5eb94c7b5f5122b30e7d642daeaac5
254,A000254,470,162,9,-1,9,9,3,1,Meridian Asset 254,Asset starter record 254,A000254,2020-09-11,2020-09-11,2021-09-11,357.9800,357.9800,2021-09-11,1,1,1,2026-08-24T00:00:00.000,2018-01-01T00:00:00.000,9999-12-31T00:00:00.000,1,f5f5f4864d4b570ea31d0040bf66046ef5f5f4864d4b570ea31d0040bf66046e
255,A000255,60,50,8,-1,11,9,6,3,Meridian Asset 255,Asset starter record 255,A000255,2020-09-12,2020-09-12,2021-09-12,359.3500,359.3500,2021-09-12,0,1,1,2026-08-24T00:00:00.000,2018-01-01T00:00:00.000,9999-12-31T00:00:00.000,1,ec892b8ed6ab5db0b16118310ef56156ec892b8ed6ab5db0b16118310ef56156
256,A000256,221,176,1,-1,14,8,1,2,Willow Asset 256,Asset starter record 256,A000256,2020-09-13,2020-09-13,2021-09-13,360.7200,360.7200,2021-09-13,1,1,1,2026-08-24T00:00:00.000,2018-01-01T00:00:00.000,9999-12-31T00:00:00.000,1,8b9970dc5a355ae686ee880579baae4e8b9970dc5a355ae686ee880579baae4e
257,A000257,108,334,7,-1,3,1,6,1,Ion Asset 257,Asset starter record 257,A000257,2020-09-14,2020-09-14,2021-09-14,362.0900,362.0900,2021-09-14,1,1,1,2026-08-24T00:00:00.000,2018-01-01T00:00:00.000,9999-12-31T00:00:00.000,1,777d1f7ad79154f095ad9ed319ddf600777d1f7ad79154f095ad9ed319ddf600
258,A000258,239,211,1,-1,6,10,6,4,Unity Asset 258,Asset starter record 258,A000258,2020-09-15,2020-09-15,2021-09-15,363.4600,363.4600,2021-09-15,1,1,1,2026-08-24T00:00:00.000,2018-01-01T00:00:00.000,9999-12-31T00:00:00.000,1,371498a25d1658db8c484bb92f218763371498a25d1658db8c484bb92f218763
259,A000259,437,196,7,-1,3,5,2,4,Quartz Asset 259,Asset starter record 259,A000259,2020-09-16,2020-09-16,2021-09-16,364.8300,364.8300,2021-09-16,1,1,1,2026-08-24T00:00:00.000,2018-01-01T00:00:00.000,9999-12-31T00:00:00.000,1,7a34b6656d175b52ae56337839c95a8d7a34b6656d175b52ae56337839c95a8d
260,A000260,108,59,2,-1,15,5,2,3,Junction Asset 260,Asset starter record 260,A000260,2020-09-17,2020-09-17,2021-09-17,366.2000,366.2000,2021-09-17,0,1,1,2026-08-24T00:00:00.000,2018-01-01T00:00:00.000,9999-12-31T00:00:00.000,1,c17372cc2ea358a3a0a8a5a58a42149dc17372cc2ea358a3a0a8a5a58a42149d
261,A000261,223,252,2,-1,11,1,1,2,Beacon Asset 261,Asset starter record 261,A000261,2020-09-18,2020-09-18,2021-09-18,367.5700,367.5700,2021-09-18,1,1,1,2026-08-24T00:00:00.000,2018-01-01T00:00:00.000,9999-12-31T00:00:00.000,1,ae7a2e87979d504f806c81c533ea32b9ae7a2e87979d504f806c81c533ea32b9
262,A000262,251,145,3,-1,7,5,4,3,Titan Asset 262,Asset starter record 262,A000262,2020-09-19,2020-09-19,2021-09-19,368.9400,368.9400,2021-09-19,1,1,1,2026-08-24T00:00:00.000,2018-01-01T00:00:00.000,9999-12-31T00:00:00.000,1,fcf4667d31e250b795571bde2a87c970fcf4667d31e250b795571bde2a87c970
263,A000263,188,191,2,-1,10,7,6,2,Quartz Asset 263,Asset starter record 263,A000263,2020-09-20,2020-09-20,2021-09-20,370.3100,370.3100,2021-09-20,1,1,1,2026-08-24T00:00:00.000,2018-01-01T00:00:00.000,9999-12-31T00:00:00.000,1,8ac43028045c5407b1ee814abc1233a48ac43028045c5407b1ee814abc1233a4
264,A000264,444,114,6,-1,2,7,1,3,Evergreen Asset 264,Asset starter record 264,A000264,2020-09-21,2020-09-21,2021-09-21,371.6800,371.6800,2021-09-21,1,1,1,2026-08-24T00:00:00.000,2018-01-01T00:00:00.000,9999-12-31T00:00:00.000,1,49ada4e91c115c8a905995874ed9e57549ada4e91c115c8a905995874ed9e575
265,A000265,207,3,8,-1,1,6,6,2,Keystone Asset 265,Asset starter record 265,A000265,2020-09-22,2020-09-22,2021-09-22,373.0500,373.0500,2021-09-22,0,1,1,2026-08-24T00:00:00.000,2018-01-01T00:00:00.000,9999-12-31T00:00:00.000,1,5da29ced21e8536f925642d4061acbb55da29ced21e8536f925642d4061acbb5
266,A000266,460,396,6,-1,9,8,1,2,Cedar Asset 266,Asset starter record 266,A000266,2020-09-23,2020-09-23,2021-09-23,374.4200,374.4200,2021-09-23,1,1,1,2026-08-24T00:00:00.000,2018-01-01T00:00:00.000,9999-12-31T00:00:00.000,1,58ecb92ccdc55333a02b3607b85acf8158ecb92ccdc55333a02b3607b85acf81
267,A000267,317,340,1,-1,5,6,1,4,Harbor Asset 267,Asset starter record 267,A000267,2020-09-24,2020-09-24,2021-09-24,375.7900,375.7900,2021-09-24,1,1,1,2026-08-24T00:00:00.000,2018-01-01T00:00:00.000,9999-12-31T00:00:00.000,1,3552b689ef7650c687745e72e0c89a413552b689ef7650c687745e72e0c89a41
268,A000268,28,151,1,-1,12,1,7,2,Northstar Asset 268,Asset starter record 268,A000268,2020-09-25,2020-09-25,2021-09-25,377.1600,377.1600,2021-09-25,1,1,1,2026-08-24T00:00:00.000,2018-01-01T00:00:00.000,9999-12-31T00:00:00.000,1,53a81ded8ad5594a8507c402e2dee71653a81ded8ad5594a8507c402e2dee716
269,A000269,370,255,10,-1,1,6,1,1,Forge Asset 269,Asset starter record 269,A000269,2020-09-26,2020-09-26,2021-09-26,378.5300,378.5300,2021-09-26,1,1,1,2026-08-24T00:00:00.000,2018-01-01T00:00:00.000,9999-12-31T00:00:00.000,1,e8129920575f50359026436a3ba4cf3ce8129920575f50359026436a3ba4cf3c
270,A000270,348,457,7,-1,7,7,2,4,Ion Asset 270,Asset starter record 270,A000270,2020-09-27,2020-09-27,2021-09-27,379.9000,379.9000,2021-09-27,0,1,1,2026-08-24T00:00:00.000,2018-01-01T00:00:00.000,9999-12-31T00:00:00.000,1,905a06bf23865b61b5f07a79f9196c47905a06bf23865b61b5f07a79f9196c47
271,A000271,358,196,6,-1,14,6,3,2,Zenith Asset 271,Asset starter record 271,A000271,2020-09-28,2020-09-28,2021-09-28,381.2700,381.2700,2021-09-28,1,1,1,2026-08-24T00:00:00.000,2018-01-01T00:00:00.000,9999-12-31T00:00:00.000,1,c09f25ce240151c9933e9ca3936debc0c09f25ce240151c9933e9ca3936debc0
272,A000272,123,194,1,-1,16,8,1,4,Forge Asset 272,Asset starter record 272,A000272,2020-09-29,2020-09-29,2021-09-29,382.6400,382.6400,2021-09-29,1,1,1,2026-08-24T00:00:00.000,2018-01-01T00:00:00.000,9999-12-31T00:00:00.000,1,38c07ceb396c530aa31a01e19b16572638c07ceb396c530aa31a01e19b165726
273,A000273,323,135,10,-1,15,6,6,2,Liberty Asset 273,Asset starter record 273,A000273,2020-09-30,2020-09-30,2021-09-30,384.0100,384.0100,2021-09-30,1,1,1,2026-08-24T00:00:00.000,2018-01-01T00:00:00.000,9999-12-31T00:00:00.000,1,d75b17c21a705a2fbd4169264c0eff0fd75b17c21a705a2fbd4169264c0eff0f
274,A000274,19,406,9,-1,2,6,6,3,Junction Asset 274,Asset starter record 274,A000274,2020-10-01,2020-10-01,2021-10-01,385.3800,385.3800,2021-10-01,1,1,1,2026-08-24T00:00:00.000,2018-01-01T00:00:00.000,9999-12-31T00:00:00.000,1,4eb8ab7a99b1520e84e09267f5377cac4eb8ab7a99b1520e84e09267f5377cac
275,A000275,75,459,6,-1,15,1,6,2,Willow Asset 275,Asset starter record 275,A000275,2020-10-02,2020-10-02,2021-10-02,386.7500,386.7500,2021-10-02,0,1,1,2026-08-24T00:00:00.000,2018-01-01T00:00:00.000,9999-12-31T00:00:00.000,1,12443536d3ab5beea0d3a44b45eb66fb12443536d3ab5beea0d3a44b45eb66fb
276,A000276,305,253,10,-1,3,9,3,2,Junction Asset 276,Asset starter record 276,A000276,2020-10-03,2020-10-03,2021-10-03,388.1200,388.1200,2021-10-03,1,1,1,2026-08-24T00:00:00.000,2018-01-01T00:00:00.000,9999-12-31T00:00:00.000,1,7b8f6ef48ada5ac39edf1c74148cfd967b8f6ef48ada5ac39edf1c74148cfd96
277,A000277,164,425,7,-1,10,5,2,1,Zenith Asset 277,Asset starter record 277,A000277,2020-10-04,2020-10-04,2021-10-04,389.4900,389.4900,2021-10-04,1,1,1,2026-08-24T00:00:00.000,2018-01-01T00:00:00.000,9999-12-31T00:00:00.000,1,4fbefa62944e5c89b0062c14d92942ac4fbefa62944e5c89b0062c14d92942ac
278,A000278,20,154,4,-1,14,9,3,1,Quartz Asset 278,Asset starter record 278,A000278,2020-10-05,2020-10-05,2021-10-05,390.8600,390.8600,2021-10-05,1,1,1,2026-08-24T00:00:00.000,2018-01-01T00:00:00.000,9999-12-31T00:00:00.000,1,bd65714ac18c5d2fb15f00c384269cc6bd65714ac18c5d2fb15f00c384269cc6
279,A000279,97,154,1,-1,1,2,2,1,Cedar Asset 279,Asset starter record 279,A000279,2020-10-06,2020-10-06,2021-10-06,392.2300,392.2300,2021-10-06,1,1,1,2026-08-24T00:00:00.000,2018-01-01T00:00:00.000,9999-12-31T00:00:00.000,1,61c52a558d0f5f8fbf843b3b9a626f2561c52a558d0f5f8fbf843b3b9a626f25
280,A000280,318,263,8,-1,7,6,1,3,Forge Asset 280,Asset starter record 280,A000280,2020-10-07,2020-10-07,2021-10-07,393.6000,393.6000,2021-10-07,0,1,1,2026-08-24T00:00:00.000,2018-01-01T00:00:00.000,9999-12-31T00:00:00.000,1,9f6c59ceaf0b510fb0931caf9beb2de79f6c59ceaf0b510fb0931caf9beb2de7
281,A000281,196,442,1,-1,5,7,3,1,Cedar Asset 281,Asset starter record 281,A000281,2020-10-08,2020-10-08,2021-10-08,394.9700,394.9700,2021-10-08,1,1,1,2026-08-24T00:00:00.000,2018-01-01T00:00:00.000,9999-12-31T00:00:00.000,1,7054f52c599b5f9cb6b338921828079e7054f52c599b5f9cb6b338921828079e
282,A000282,330,273,10,-1,12,5,4,2,Keystone Asset 282,Asset starter record 282,A000282,2020-10-09,2020-10-09,2021-10-09,396.3400,396.3400,2021-10-09,1,1,1,2026-08-24T00:00:00.000,2018-01-01T00:00:00.000,9999-12-31T00:00:00.000,1,52b94148b99f519cab0f21464536d64152b94148b99f519cab0f21464536d641
283,A000283,364,431,3,-1,1,8,6,1,Northstar Asset 283,Asset starter record 283,A000283,2020-10-10,2020-10-10,2021-10-10,397.7100,397.7100,2021-10-10,1,1,1,2026-08-24T00:00:00.000,2018-01-01T00:00:00.000,9999-12-31T00:00:00.000,1,2fb59a24f1cd57ff91c08e20b1717df32fb59a24f1cd57ff91c08e20b1717df3
284,A000284,233,426,7,-1,15,10,7,2,Zenith Asset 284,Asset starter record 284,A000284,2020-10-11,2020-10-11,2021-10-11,399.0800,399.0800,2021-10-11,1,1,1,2026-08-24T00:00:00.000,2018-01-01T00:00:00.000,9999-12-31T00:00:00.000,1,ac0c00a8e8965d8684f8274a12c4fc03ac0c00a8e8965d8684f8274a12c4fc03
285,A000285,99,58,9,-1,13,4,1,3,Riverton Asset 285,Asset starter record 285,A000285,2020-10-12,2020-10-12,2021-10-12,400.4500,400.4500,2021-10-12,0,1,1,2026-08-24T00:00:00.000,2018-01-01T00:00:00.000,9999-12-31T00:00:00.000,1,fb1dd9e85b3856c0bad27623ad9bded3fb1dd9e85b3856c0bad27623ad9bded3
286,A000286,8,296,8,-1,11,8,6,4,Junction Asset 286,Asset starter record 286,A000286,2020-10-13,2020-10-13,2021-10-13,401.8200,401.8200,2021-10-13,1,1,1,2026-08-24T00:00:00.000,2018-01-01T00:00:00.000,9999-12-31T00:00:00.000,1,b1590bec6ca75d97987c804b80a28a6eb1590bec6ca75d97987c804b80a28a6e
287,A000287,277,437,7,-1,8,4,4,2,Quartz Asset 287,Asset starter record 287,A000287,2020-10-14,2020-10-14,2021-10-14,403.1900,403.1900,2021-10-14,1,1,1,2026-08-24T00:00:00.000,2018-01-01T00:00:00.000,9999-12-31T00:00:00.000,1,7ba6be1ec61d518eb01c60976a221d6b7ba6be1ec61d518eb01c60976a221d6b
288,A000288,87,319,1,-1,1,7,3,1,Ion Asset 288,Asset starter record 288,A000288,2020-10-15,2020-10-15,2021-10-15,404.5600,404.5600,2021-10-15,1,1,1,2026-08-24T00:00:00.000,2018-01-01T00:00:00.000,9999-12-31T00:00:00.000,1,4248ecc96ecb5c0d99cdabb45fdb7afe4248ecc96ecb5c0d99cdabb45fdb7afe
289,A000289,114,494,8,-1,1,3,3,3,Pioneer Asset 289,Asset starter record 289,A000289,2020-10-16,2020-10-16,2021-10-16,405.9300,405.9300,2021-10-16,1,1,1,2026-08-24T00:00:00.000,2018-01-01T00:00:00.000,9999-12-31T00:00:00.000,1,b07de1cc4b225795b7c8ea089a81f094b07de1cc4b225795b7c8ea089a81f094
290,A000290,158,144,2,-1,15,7,1,1,Titan Asset 290,Asset starter record 290,A000290,2020-10-17,2020-10-17,2021-10-17,407.3000,407.3000,2021-10-17,0,1,1,2026-08-24T00:00:00.000,2018-01-01T00:00:00.000,9999-12-31T00:00:00.000,1,8f54cf4cbb045d7192d45352de8ef1868f54cf4cbb045d7192d45352de8ef186
291,A000291,110,228,3,-1,1,10,1,3,Zenith Asset 291,Asset starter record 291,A000291,2020-10-18,2020-10-18,2021-10-18,408.6700,408.6700,2021-10-18,1,1,1,2026-08-24T00:00:00.000,2018-01-01T00:00:00.000,9999-12-31T00:00:00.000,1,cd2e7244518b5b5eaaedc03314e368efcd2e7244518b5b5eaaedc03314e368ef
292,A000292,474,146,3,-1,11,4,6,2,Orion Asset 292,Asset starter record 292,A000292,2020-10-19,2020-10-19,2021-10-19,410.0400,410.0400,2021-10-19,1,1,1,2026-08-24T00:00:00.000,2018-01-01T00:00:00.000,9999-12-31T00:00:00.000,1,d517fcb6e2a755b4af17335f489acf4cd517fcb6e2a755b4af17335f489acf4c
293,A000293,350,493,10,-1,9,3,5,2,Atlas Asset 293,Asset starter record 293,A000293,2020-10-20,2020-10-20,2021-10-20,411.4100,411.4100,2021-10-20,1,1,1,2026-08-24T00:00:00.000,2018-01-01T00:00:00.000,9999-12-31T00:00:00.000,1,b5bab3768ce55767b38f1a5e8c449971b5bab3768ce55767b38f1a5e8c449971
294,A000294,407,418,1,-1,11,2,2,4,Cedar Asset 294,Asset starter record 294,A000294,2020-10-21,2020-10-21,2021-10-21,412.7800,412.7800,2021-10-21,1,1,1,2026-08-24T00:00:00.000,2018-01-01T00:00:00.000,9999-12-31T00:00:00.000,1,6db6342775ff55e78f7729057eed48ed6db6342775ff55e78f7729057eed48ed
295,A000295,199,225,9,-1,16,6,1,2,Orion Asset 295,Asset starter record 295,A000295,2020-10-22,2020-10-22,2021-10-22,414.1500,414.1500,2021-10-22,0,1,1,2026-08-24T00:00:00.000,2018-01-01T00:00:00.000,9999-12-31T00:00:00.000,1,0570219a872d50f9aa95bfac7ca0e5b40570219a872d50f9aa95bfac7ca0e5b4
296,A000296,29,355,4,-1,1,9,2,1,Atlas Asset 296,Asset starter record 296,A000296,2020-10-23,2020-10-23,2021-10-23,415.5200,415.5200,2021-10-23,1,1,1,2026-08-24T00:00:00.000,2018-01-01T00:00:00.000,9999-12-31T00:00:00.000,1,5f95fb3e6c1c5235aecac8b716b3ef265f95fb3e6c1c5235aecac8b716b3ef26
297,A000297,263,60,2,-1,1,1,4,1,Meridian Asset 297,Asset starter record 297,A000297,2020-10-24,2020-10-24,2021-10-24,416.8900,416.8900,2021-10-24,1,1,1,2026-08-24T00:00:00.000,2018-01-01T00:00:00.000,9999-12-31T00:00:00.000,1,bd0fecbe2132542ca6ef26fae2f46a94bd0fecbe2132542ca6ef26fae2f46a94
298,A000298,455,183,6,-1,9,1,5,1,Forge Asset 298,Asset starter record 298,A000298,2020-10-25,2020-10-25,2021-10-25,418.2600,418.2600,2021-10-25,1,1,1,2026-08-24T00:00:00.000,2018-01-01T00:00:00.000,9999-12-31T00:00:00.000,1,6a432f219a845be286a0cd48276d5c6a6a432f219a845be286a0cd48276d5c6a
299,A000299,295,453,4,-1,9,9,3,1,Beacon Asset 299,Asset starter record 299,A000299,2020-10-26,2020-10-26,2021-10-26,419.6300,419.6300,2021-10-26,1,1,1,2026-08-24T00:00:00.000,2018-01-01T00:00:00.000,9999-12-31T00:00:00.000,1,fbfcb28e60ea577182b5e56d73ea2d5cfbfcb28e60ea577182b5e56d73ea2d5c
300,A000300,183,93,9,-1,5,6,4,4,Forge Asset 300,Asset starter record 300,A000300,2020-10-27,2020-10-27,2021-10-27,421.0000,421.0000,2021-10-27,0,1,1,2026-08-24T00:00:00.000,2018-01-01T00:00:00.000,9999-12-31T00:00:00.000,1,557ea478d3875c7abde14002733c07fa557ea478d3875c7abde14002733c07fa
301,A000301,359,127,2,-1,2,10,5,2,Unity Asset 301,Asset starter record 301,A000301,2020-10-28,2020-10-28,2021-10-28,422.3700,422.3700,2021-10-28,1,1,1,2026-08-24T00:00:00.000,2018-01-01T00:00:00.000,9999-12-31T00:00:00.000,1,a760a6d5fd0d5de98e82b7d13601e06fa760a6d5fd0d5de98e82b7d13601e06f
302,A000302,300,33,5,-1,11,9,1,1,Junction Asset 302,Asset starter record 302,A000302,2020-10-29,2020-10-29,2021-10-29,423.7400,423.7400,2021-10-29,1,1,1,2026-08-24T00:00:00.000,2018-01-01T00:00:00.000,9999-12-31T00:00:00.000,1,e471600af0c2529aa9d8a3508a94b574e471600af0c2529aa9d8a3508a94b574
303,A000303,319,393,6,-1,15,1,4,3,Willow Asset 303,Asset starter record 303,A000303,2020-10-30,2020-10-30,2021-10-30,425.1100,425.1100,2021-10-30,1,1,1,2026-08-24T00:00:00.000,2018-01-01T00:00:00.000,9999-12-31T00:00:00.000,1,654f0e29dafb5316b3e02ce30fa7ac8c654f0e29dafb5316b3e02ce30fa7ac8c
304,A000304,36,406,7,-1,11,10,1,3,Quartz Asset 304,Asset starter record 304,A000304,2020-10-31,2020-10-31,2021-10-31,426.4800,426.4800,2021-10-31,1,1,1,2026-08-24T00:00:00.000,2018-01-01T00:00:00.000,9999-12-31T00:00:00.000,1,ba1936f41a835cc8a9a0ac08751c659fba1936f41a835cc8a9a0ac08751c659f
305,A000305,174,286,7,-1,13,1,4,2,Atlas Asset 305,Asset starter record 305,A000305,2020-11-01,2020-11-01,2021-11-01,427.8500,427.8500,2021-11-01,0,1,1,2026-08-24T00:00:00.000,2018-01-01T00:00:00.000,9999-12-31T00:00:00.000,1,8ba59ac0688a5cb8b2ccf96d494c03a88ba59ac0688a5cb8b2ccf96d494c03a8
306,A000306,16,39,10,-1,15,5,1,1,Willow Asset 306,Asset starter record 306,A000306,2020-11-02,2020-11-02,2021-11-02,429.2200,429.2200,2021-11-02,1,1,1,2026-08-24T00:00:00.000,2018-01-01T00:00:00.000,9999-12-31T00:00:00.000,1,9ecd1db228ff58548c4c611a1a7bf8e29ecd1db228ff58548c4c611a1a7bf8e2
307,A000307,257,215,3,-1,15,5,4,1,Forge Asset 307,Asset starter record 307,A000307,2020-11-03,2020-11-03,2021-11-03,430.5900,430.5900,2021-11-03,1,1,1,2026-08-24T00:00:00.000,2018-01-01T00:00:00.000,9999-12-31T00:00:00.000,1,e8d161f9cb8858f7ae43a6d37f3cb5e0e8d161f9cb8858f7ae43a6d37f3cb5e0
308,A000308,45,13,8,-1,12,1,2,3,Pioneer Asset 308,Asset starter record 308,A000308,2020-11-04,2020-11-04,2021-11-04,431.9600,431.9600,2021-11-04,1,1,1,2026-08-24T00:00:00.000,2018-01-01T00:00:00.000,9999-12-31T00:00:00.000,1,e7fa09ac59f45c74bda918283fe2da44e7fa09ac59f45c74bda918283fe2da44
309,A000309,500,132,10,-1,8,4,2,2,Meridian Asset 309,Asset starter record 309,A000309,2020-11-05,2020-11-05,2021-11-05,433.3300,433.3300,2021-11-05,1,1,1,2026-08-24T00:00:00.000,2018-01-01T00:00:00.000,9999-12-31T00:00:00.000,1,00055c5ea1005eef9ccff7da90c3f5cd00055c5ea1005eef9ccff7da90c3f5cd
310,A000310,238,61,6,-1,8,8,7,2,Meridian Asset 310,Asset starter record 310,A000310,2020-11-06,2020-11-06,2021-11-06,434.7000,434.7000,2021-11-06,0,1,1,2026-08-24T00:00:00.000,2018-01-01T00:00:00.000,9999-12-31T00:00:00.000,1,f282469aa4e45c569623e6317ac9924ff282469aa4e45c569623e6317ac9924f
311,A000311,168,388,6,-1,15,2,7,2,Willow Asset 311,Asset starter record 311,A000311,2020-11-07,2020-11-07,2021-11-07,436.0700,436.0700,2021-11-07,1,1,1,2026-08-24T00:00:00.000,2018-01-01T00:00:00.000,9999-12-31T00:00:00.000,1,273aa0fdf4e45cf2a212d4bcda084c35273aa0fdf4e45cf2a212d4bcda084c35
312,A000312,211,347,3,-1,11,5,7,1,Atlas Asset 312,Asset starter record 312,A000312,2020-11-08,2020-11-08,2021-11-08,437.4400,437.4400,2021-11-08,1,1,1,2026-08-24T00:00:00.000,2018-01-01T00:00:00.000,9999-12-31T00:00:00.000,1,1e1ce86338ed5f5cb06abbd9c9cf8dcd1e1ce86338ed5f5cb06abbd9c9cf8dcd
313,A000313,421,473,8,-1,1,3,2,2,Orion Asset 313,Asset starter record 313,A000313,2020-11-09,2020-11-09,2021-11-09,438.8100,438.8100,2021-11-09,1,1,1,2026-08-24T00:00:00.000,2018-01-01T00:00:00.000,9999-12-31T00:00:00.000,1,d3870df2098d5ebaa2c33abfb6a251aed3870df2098d5ebaa2c33abfb6a251ae
314,A000314,61,455,10,-1,9,5,5,3,Titan Asset 314,Asset starter record 314,A000314,2020-11-10,2020-11-10,2021-11-10,440.1800,440.1800,2021-11-10,1,1,1,2026-08-24T00:00:00.000,2018-01-01T00:00:00.000,9999-12-31T00:00:00.000,1,112a4b190a94564bbfdecc940dcbb0c5112a4b190a94564bbfdecc940dcbb0c5
315,A000315,371,70,8,-1,8,1,3,2,Granite Asset 315,Asset starter record 315,A000315,2020-11-11,2020-11-11,2021-11-11,441.5500,441.5500,2021-11-11,0,1,1,2026-08-24T00:00:00.000,2018-01-01T00:00:00.000,9999-12-31T00:00:00.000,1,f670f21c6adc5457b9bbda1d7e5bb103f670f21c6adc5457b9bbda1d7e5bb103
316,A000316,260,356,5,-1,1,5,2,3,Cedar Asset 316,Asset starter record 316,A000316,2020-11-12,2020-11-12,2021-11-12,442.9200,442.9200,2021-11-12,1,1,1,2026-08-24T00:00:00.000,2018-01-01T00:00:00.000,9999-12-31T00:00:00.000,1,21acb96df1205c1991b0c6da6be61e7e21acb96df1205c1991b0c6da6be61e7e
317,A000317,72,272,10,-1,12,8,4,1,Orion Asset 317,Asset starter record 317,A000317,2020-11-13,2020-11-13,2021-11-13,444.2900,444.2900,2021-11-13,1,1,1,2026-08-24T00:00:00.000,2018-01-01T00:00:00.000,9999-12-31T00:00:00.000,1,d217fafe0f975f3ab3a12205da7fa164d217fafe0f975f3ab3a12205da7fa164
318,A000318,286,315,2,-1,6,3,2,4,Riverton Asset 318,Asset starter record 318,A000318,2020-11-14,2020-11-14,2021-11-14,445.6600,445.6600,2021-11-14,1,1,1,2026-08-24T00:00:00.000,2018-01-01T00:00:00.000,9999-12-31T00:00:00.000,1,1380d8b969df58d391c0d88814a8ce141380d8b969df58d391c0d88814a8ce14
319,A000319,446,291,6,-1,5,7,3,4,Unity Asset 319,Asset starter record 319,A000319,2020-11-15,2020-11-15,2021-11-15,447.0300,447.0300,2021-11-15,1,1,1,2026-08-24T00:00:00.000,2018-01-01T00:00:00.000,9999-12-31T00:00:00.000,1,7b5e945958955c40b5c05a4785026f5e7b5e945958955c40b5c05a4785026f5e
320,A000320,426,412,8,-1,1,1,5,2,Cedar Asset 320,Asset starter record 320,A000320,2020-11-16,2020-11-16,2021-11-16,448.4000,448.4000,2021-11-16,0,1,1,2026-08-24T00:00:00.000,2018-01-01T00:00:00.000,9999-12-31T00:00:00.000,1,9de7c6dadb135302b41813ef28dd51519de7c6dadb135302b41813ef28dd5151
321,A000321,486,416,8,-1,15,8,7,4,Ion Asset 321,Asset starter record 321,A000321,2020-11-17,2020-11-17,2021-11-17,449.7700,449.7700,2021-11-17,1,1,1,2026-08-24T00:00:00.000,2018-01-01T00:00:00.000,9999-12-31T00:00:00.000,1,26dc35c686c55f7090c114ac7957653126dc35c686c55f7090c114ac79576531
322,A000322,290,499,7,-1,2,6,4,4,Summit Asset 322,Asset starter record 322,A000322,2020-11-18,2020-11-18,2021-11-18,451.1400,451.1400,2021-11-18,1,1,1,2026-08-24T00:00:00.000,2018-01-01T00:00:00.000,9999-12-31T00:00:00.000,1,402c14a667ec59c7bba4c0f4d622b700402c14a667ec59c7bba4c0f4d622b700
323,A000323,241,217,10,-1,13,4,1,2,Forge Asset 323,Asset starter record 323,A000323,2020-11-19,2020-11-19,2021-11-19,452.5100,452.5100,2021-11-19,1,1,1,2026-08-24T00:00:00.000,2018-01-01T00:00:00.000,9999-12-31T00:00:00.000,1,effaf8e7cdb65cbf816577b843bbd441effaf8e7cdb65cbf816577b843bbd441
324,A000324,339,166,5,-1,1,3,3,1,Meridian Asset 324,Asset starter record 324,A000324,2020-11-20,2020-11-20,2021-11-20,453.8800,453.8800,2021-11-20,1,1,1,2026-08-24T00:00:00.000,2018-01-01T00:00:00.000,9999-12-31T00:00:00.000,1,e4c1d1ee19205ba3b40f24c44663f8a9e4c1d1ee19205ba3b40f24c44663f8a9
325,A000325,101,327,1,-1,11,10,2,1,Delta Asset 325,Asset starter record 325,A000325,2020-11-21,2020-11-21,2021-11-21,455.2500,455.2500,2021-11-21,0,1,1,2026-08-24T00:00:00.000,2018-01-01T00:00:00.000,9999-12-31T00:00:00.000,1,d3481dfab3fd538bad4f058f40c7df91d3481dfab3fd538bad4f058f40c7df91
326,A000326,325,79,4,-1,13,5,6,3,Beacon Asset 326,Asset starter record 326,A000326,2020-11-22,2020-11-22,2021-11-22,456.6200,456.6200,2021-11-22,1,1,1,2026-08-24T00:00:00.000,2018-01-01T00:00:00.000,9999-12-31T00:00:00.000,1,eef067c099785d4b8ea613d802f46c0ceef067c099785d4b8ea613d802f46c0c
327,A000327,147,102,9,-1,6,4,1,3,Ion Asset 327,Asset starter record 327,A000327,2020-11-23,2020-11-23,2021-11-23,457.9900,457.9900,2021-11-23,1,1,1,2026-08-24T00:00:00.000,2018-01-01T00:00:00.000,9999-12-31T00:00:00.000,1,f2f5d601ae245881862377392f835ce9f2f5d601ae245881862377392f835ce9
328,A000328,151,127,9,-1,8,7,6,3,Beacon Asset 328,Asset starter record 328,A000328,2020-11-24,2020-11-24,2021-11-24,459.3600,459.3600,2021-11-24,1,1,1,2026-08-24T00:00:00.000,2018-01-01T00:00:00.000,9999-12-31T00:00:00.000,1,5a1af7fb76de595ead9857998b87c7395a1af7fb76de595ead9857998b87c739
329,A000329,163,466,5,-1,7,10,7,3,Riverton Asset 329,Asset starter record 329,A000329,2020-11-25,2020-11-25,2021-11-25,460.7300,460.7300,2021-11-25,1,1,1,2026-08-24T00:00:00.000,2018-01-01T00:00:00.000,9999-12-31T00:00:00.000,1,fcb8562528b756178c07a30fa26d573afcb8562528b756178c07a30fa26d573a
330,A000330,171,212,10,-1,14,6,3,2,Harbor Asset 330,Asset starter record 330,A000330,2020-11-26,2020-11-26,2021-11-26,462.1000,462.1000,2021-11-26,0,1,1,2026-08-24T00:00:00.000,2018-01-01T00:00:00.000,9999-12-31T00:00:00.000,1,ec63b063ebdf5697a237cae7579a8402ec63b063ebdf5697a237cae7579a8402
331,A000331,316,252,5,-1,4,4,6,2,Beacon Asset 331,Asset starter record 331,A000331,2020-11-27,2020-11-27,2021-11-27,463.4700,463.4700,2021-11-27,1,1,1,2026-08-24T00:00:00.000,2018-01-01T00:00:00.000,9999-12-31T00:00:00.000,1,4b1a3cb3e9955799ab54b296e7a8cd4e4b1a3cb3e9955799ab54b296e7a8cd4e
332,A000332,25,45,4,-1,7,8,5,1,Junction Asset 332,Asset starter record 332,A000332,2020-11-28,2020-11-28,2021-11-28,464.8400,464.8400,2021-11-28,1,1,1,2026-08-24T00:00:00.000,2018-01-01T00:00:00.000,9999-12-31T00:00:00.000,1,390c18cfc5a55876a07689d1fc71f5f6390c18cfc5a55876a07689d1fc71f5f6
333,A000333,336,378,10,-1,12,3,2,2,Pioneer Asset 333,Asset starter record 333,A000333,2020-11-29,2020-11-29,2021-11-29,466.2100,466.2100,2021-11-29,1,1,1,2026-08-24T00:00:00.000,2018-01-01T00:00:00.000,9999-12-31T00:00:00.000,1,962013e37e5153879e5a8563c3a91a7c962013e37e5153879e5a8563c3a91a7c
334,A000334,192,67,1,-1,14,6,7,4,Orion Asset 334,Asset starter record 334,A000334,2020-11-30,2020-11-30,2021-11-30,467.5800,467.5800,2021-11-30,1,1,1,2026-08-24T00:00:00.000,2018-01-01T00:00:00.000,9999-12-31T00:00:00.000,1,737febbb25a05641b38d1c02ab57bc58737febbb25a05641b38d1c02ab57bc58
335,A000335,286,113,1,-1,8,4,1,3,Quartz Asset 335,Asset starter record 335,A000335,2020-12-01,2020-12-01,2021-12-01,468.9500,468.9500,2021-12-01,0,1,1,2026-08-24T00:00:00.000,2018-01-01T00:00:00.000,9999-12-31T00:00:00.000,1,bda9c8a861cc56bbb89a5d84c85b9a6abda9c8a861cc56bbb89a5d84c85b9a6a
336,A000336,217,249,1,-1,15,5,4,1,Liberty Asset 336,Asset starter record 336,A000336,2020-12-02,2020-12-02,2021-12-02,470.3200,470.3200,2021-12-02,1,1,1,2026-08-24T00:00:00.000,2018-01-01T00:00:00.000,9999-12-31T00:00:00.000,1,64ad5dd7ed125f42a90feef1f72436e064ad5dd7ed125f42a90feef1f72436e0
337,A000337,269,249,9,-1,3,4,6,4,Zenith Asset 337,Asset starter record 337,A000337,2020-12-03,2020-12-03,2021-12-03,471.6900,471.6900,2021-12-03,1,1,1,2026-08-24T00:00:00.000,2018-01-01T00:00:00.000,9999-12-31T00:00:00.000,1,19a349920199545ca0517cea3f91182819a349920199545ca0517cea3f911828
338,A000338,281,158,5,-1,5,1,5,2,Unity Asset 338,Asset starter record 338,A000338,2020-12-04,2020-12-04,2021-12-04,473.0600,473.0600,2021-12-04,1,1,1,2026-08-24T00:00:00.000,2018-01-01T00:00:00.000,9999-12-31T00:00:00.000,1,09987bca1c4b51b4af104751f65482d309987bca1c4b51b4af104751f65482d3
339,A000339,142,87,6,-1,11,7,4,1,Atlas Asset 339,Asset starter record 339,A000339,2020-12-05,2020-12-05,2021-12-05,474.4300,474.4300,2021-12-05,1,1,1,2026-08-24T00:00:00.000,2018-01-01T00:00:00.000,9999-12-31T00:00:00.000,1,dfaa6bfa7e045592965723881039a5eadfaa6bfa7e045592965723881039a5ea
340,A000340,298,463,1,-1,10,10,5,1,Northstar Asset 340,Asset starter record 340,A000340,2020-12-06,2020-12-06,2021-12-06,475.8000,475.8000,2021-12-06,0,1,1,2026-08-24T00:00:00.000,2018-01-01T00:00:00.000,9999-12-31T00:00:00.000,1,487f41656a2b560c91a036a140d113ca487f41656a2b560c91a036a140d113ca
341,A000341,98,341,6,-1,8,5,2,2,Ion Asset 341,Asset starter record 341,A000341,2020-12-07,2020-12-07,2021-12-07,477.1700,477.1700,2021-12-07,1,1,1,2026-08-24T00:00:00.000,2018-01-01T00:00:00.000,9999-12-31T00:00:00.000,1,68336eb04c3f5918b96d5d5a5a74476d68336eb04c3f5918b96d5d5a5a74476d
342,A000342,498,47,3,-1,10,1,4,4,Junction Asset 342,Asset starter record 342,A000342,2020-12-08,2020-12-08,2021-12-08,478.5400,478.5400,2021-12-08,1,1,1,2026-08-24T00:00:00.000,2018-01-01T00:00:00.000,9999-12-31T00:00:00.000,1,c7ca5b12daa4523ca342231aa9c0e7f2c7ca5b12daa4523ca342231aa9c0e7f2
343,A000343,360,217,6,-1,10,8,2,1,Northstar Asset 343,Asset starter record 343,A000343,2020-12-09,2020-12-09,2021-12-09,479.9100,479.9100,2021-12-09,1,1,1,2026-08-24T00:00:00.000,2018-01-01T00:00:00.000,9999-12-31T00:00:00.000,1,fbacef20daea56bbb9c451372f9d75defbacef20daea56bbb9c451372f9d75de
344,A000344,102,267,3,-1,5,9,4,4,Quartz Asset 344,Asset starter record 344,A000344,2020-12-10,2020-12-10,2021-12-10,481.2800,481.2800,2021-12-10,1,1,1,2026-08-24T00:00:00.000,2018-01-01T00:00:00.000,9999-12-31T00:00:00.000,1,1c10a66b348b588aa8356689b701dc761c10a66b348b588aa8356689b701dc76
345,A000345,411,154,10,-1,10,1,7,3,Forge Asset 345,Asset starter record 345,A000345,2020-12-11,2020-12-11,2021-12-11,482.6500,482.6500,2021-12-11,0,1,1,2026-08-24T00:00:00.000,2018-01-01T00:00:00.000,9999-12-31T00:00:00.000,1,823edf0e6b945958a73d55d71ac8e5d7823edf0e6b945958a73d55d71ac8e5d7
346,A000346,280,389,7,-1,12,2,1,2,Cedar Asset 346,Asset starter record 346,A000346,2020-12-12,2020-12-12,2021-12-12,484.0200,484.0200,2021-12-12,1,1,1,2026-08-24T00:00:00.000,2018-01-01T00:00:00.000,9999-12-31T00:00:00.000,1,fafa937f4b265a79abaa2f7ceee04aecfafa937f4b265a79abaa2f7ceee04aec
347,A000347,256,25,3,-1,8,4,3,1,Willow Asset 347,Asset starter record 347,A000347,2020-12-13,2020-12-13,2021-12-13,485.3900,485.3900,2021-12-13,1,1,1,2026-08-24T00:00:00.000,2018-01-01T00:00:00.000,9999-12-31T00:00:00.000,1,3fcf23647ed4502494bd44f49cf02c853fcf23647ed4502494bd44f49cf02c85
348,A000348,273,262,2,-1,4,9,1,3,Atlas Asset 348,Asset starter record 348,A000348,2020-12-14,2020-12-14,2021-12-14,486.7600,486.7600,2021-12-14,1,1,1,2026-08-24T00:00:00.000,2018-01-01T00:00:00.000,9999-12-31T00:00:00.000,1,30cf3a0cb2135a3aac8d0c1e24f9ad9c30cf3a0cb2135a3aac8d0c1e24f9ad9c
349,A000349,161,251,9,-1,8,3,5,3,Keystone Asset 349,Asset starter record 349,A000349,2020-12-15,2020-12-15,2021-12-15,488.1300,488.1300,2021-12-15,1,1,1,2026-08-24T00:00:00.000,2018-01-01T00:00:00.000,9999-12-31T00:00:00.000,1,126b548c0ab75a9c95cd4b26d1744662126b548c0ab75a9c95cd4b26d1744662
350,A000350,479,397,3,-1,8,9,5,4,Junction Asset 350,Asset starter record 350,A000350,2020-12-16,2020-12-16,2021-12-16,489.5000,489.5000,2021-12-16,0,1,1,2026-08-24T00:00:00.000,2018-01-01T00:00:00.000,9999-12-31T00:00:00.000,1,21d0a12eecb15345a052fcbd21cf88d121d0a12eecb15345a052fcbd21cf88d1
351,A000351,54,93,8,-1,12,9,2,2,Delta Asset 351,Asset starter record 351,A000351,2020-12-17,2020-12-17,2021-12-17,490.8700,490.8700,2021-12-17,1,1,1,2026-08-24T00:00:00.000,2018-01-01T00:00:00.000,9999-12-31T00:00:00.000,1,1831fa83877f5eafa8fb74523a6180171831fa83877f5eafa8fb74523a618017
352,A000352,47,72,3,-1,11,6,2,4,Cedar Asset 352,Asset starter record 352,A000352,2020-12-18,2020-12-18,2021-12-18,492.2400,492.2400,2021-12-18,1,1,1,2026-08-24T00:00:00.000,2018-01-01T00:00:00.000,9999-12-31T00:00:00.000,1,1b582c9fd1e45086b85b49310fdc0ff31b582c9fd1e45086b85b49310fdc0ff3
353,A000353,498,149,7,-1,16,9,3,4,Vertex Asset 353,Asset starter record 353,A000353,2020-12-19,2020-12-19,2021-12-19,493.6100,493.6100,2021-12-19,1,1,1,2026-08-24T00:00:00.000,2018-01-01T00:00:00.000,9999-12-31T00:00:00.000,1,20379c7f6ad2535d9d116a7ad92cfe1620379c7f6ad2535d9d116a7ad92cfe16
354,A000354,387,427,2,-1,2,1,6,3,Forge Asset 354,Asset starter record 354,A000354,2020-12-20,2020-12-20,2021-12-20,494.9800,494.9800,2021-12-20,1,1,1,2026-08-24T00:00:00.000,2018-01-01T00:00:00.000,9999-12-31T00:00:00.000,1,76db5e894ed45fd7828ef2408d7864a276db5e894ed45fd7828ef2408d7864a2
355,A000355,465,158,7,-1,6,1,1,4,Quartz Asset 355,Asset starter record 355,A000355,2020-12-21,2020-12-21,2021-12-21,496.3500,496.3500,2021-12-21,0,1,1,2026-08-24T00:00:00.000,2018-01-01T00:00:00.000,9999-12-31T00:00:00.000,1,73ef285d092a55508d8822d3bf6ef99373ef285d092a55508d8822d3bf6ef993
356,A000356,301,323,4,-1,11,8,7,1,Willow Asset 356,Asset starter record 356,A000356,2020-12-22,2020-12-22,2021-12-22,497.7200,497.7200,2021-12-22,1,1,1,2026-08-24T00:00:00.000,2018-01-01T00:00:00.000,9999-12-31T00:00:00.000,1,bf8f513dc7ec56fbbc16a75406323badbf8f513dc7ec56fbbc16a75406323bad
357,A000357,161,52,7,-1,12,9,5,4,Liberty Asset 357,Asset starter record 357,A000357,2020-12-23,2020-12-23,2021-12-23,499.0900,499.0900,2021-12-23,1,1,1,2026-08-24T00:00:00.000,2018-01-01T00:00:00.000,9999-12-31T00:00:00.000,1,cdddb890ab81594cb681af31ec104808cdddb890ab81594cb681af31ec104808
358,A000358,291,376,1,-1,15,8,1,1,Beacon Asset 358,Asset starter record 358,A000358,2020-12-24,2020-12-24,2021-12-24,500.4600,500.4600,2021-12-24,1,1,1,2026-08-24T00:00:00.000,2018-01-01T00:00:00.000,9999-12-31T00:00:00.000,1,a06d23fa149753f0afa81df543285077a06d23fa149753f0afa81df543285077
359,A000359,134,308,9,-1,2,5,3,4,Forge Asset 359,Asset starter record 359,A000359,2020-12-25,2020-12-25,2021-12-25,501.8300,501.8300,2021-12-25,1,1,1,2026-08-24T00:00:00.000,2018-01-01T00:00:00.000,9999-12-31T00:00:00.000,1,5d75c96d494255cf90d954aff0358c0a5d75c96d494255cf90d954aff0358c0a
360,A000360,246,89,9,-1,6,10,1,3,Ion Asset 360,Asset starter record 360,A000360,2020-12-26,2020-12-26,2021-12-26,503.2000,503.2000,2021-12-26,0,1,1,2026-08-24T00:00:00.000,2018-01-01T00:00:00.000,9999-12-31T00:00:00.000,1,7ff3ace038cd5346ad12acc243b112877ff3ace038cd5346ad12acc243b11287
361,A000361,358,451,4,-1,4,5,7,4,Quartz Asset 361,Asset starter record 361,A000361,2020-12-27,2020-12-27,2021-12-27,504.5700,504.5700,2021-12-27,1,1,1,2026-08-24T00:00:00.000,2018-01-01T00:00:00.000,9999-12-31T00:00:00.000,1,c06a9ee38ceb5e989386fecb1f5eb2b5c06a9ee38ceb5e989386fecb1f5eb2b5
362,A000362,434,82,10,-1,13,1,1,3,Liberty Asset 362,Asset starter record 362,A000362,2020-12-28,2020-12-28,2021-12-28,505.9400,505.9400,2021-12-28,1,1,1,2026-08-24T00:00:00.000,2018-01-01T00:00:00.000,9999-12-31T00:00:00.000,1,2aea7d6feea155108a494ad460d5a9422aea7d6feea155108a494ad460d5a942
363,A000363,394,239,9,-1,5,7,5,1,Pioneer Asset 363,Asset starter record 363,A000363,2020-12-29,2020-12-29,2021-12-29,507.3100,507.3100,2021-12-29,1,1,1,2026-08-24T00:00:00.000,2018-01-01T00:00:00.000,9999-12-31T00:00:00.000,1,ba9acac0c0965cdd95ea6c851501a8edba9acac0c0965cdd95ea6c851501a8ed
364,A000364,376,380,4,-1,7,5,4,3,Evergreen Asset 364,Asset starter record 364,A000364,2020-12-30,2020-12-30,2021-12-30,508.6800,508.6800,2021-12-30,1,1,1,2026-08-24T00:00:00.000,2018-01-01T00:00:00.000,9999-12-31T00:00:00.000,1,78edf6d9694658428344f6a5913dd42e78edf6d9694658428344f6a5913dd42e
365,A000365,413,160,8,-1,1,2,7,4,Unity Asset 365,Asset starter record 365,A000365,2020-12-31,2020-12-31,2021-12-31,510.0500,510.0500,2021-12-31,0,1,1,2026-08-24T00:00:00.000,2018-01-01T00:00:00.000,9999-12-31T00:00:00.000,1,2fccc73f096252179a2b07b8de72b9f72fccc73f096252179a2b07b8de72b9f7
366,A000366,361,380,1,-1,13,8,2,4,Evergreen Asset 366,Asset starter record 366,A000366,2021-01-01,2021-01-01,2022-01-01,511.4200,511.4200,2022-01-01,1,1,1,2026-08-24T00:00:00.000,2018-01-01T00:00:00.000,9999-12-31T00:00:00.000,1,f35f51c71c5c561c98eea62464fca242f35f51c71c5c561c98eea62464fca242
367,A000367,66,18,8,-1,11,2,4,4,Evergreen Asset 367,Asset starter record 367,A000367,2021-01-02,2021-01-02,2022-01-02,512.7900,512.7900,2022-01-02,1,1,1,2026-08-24T00:00:00.000,2018-01-01T00:00:00.000,9999-12-31T00:00:00.000,1,d8345527d42f5eccb994a4d50b1412efd8345527d42f5eccb994a4d50b1412ef
368,A000368,66,415,6,-1,2,1,2,2,Vertex Asset 368,Asset starter record 368,A000368,2021-01-03,2021-01-03,2022-01-03,514.1600,514.1600,2022-01-03,1,1,1,2026-08-24T00:00:00.000,2018-01-01T00:00:00.000,9999-12-31T00:00:00.000,1,e729014b426f5eb092aa6aafb28387d5e729014b426f5eb092aa6aafb28387d5
369,A000369,450,261,6,-1,15,6,1,4,Granite Asset 369,Asset starter record 369,A000369,2021-01-04,2021-01-04,2022-01-04,515.5300,515.5300,2022-01-04,1,1,1,2026-08-24T00:00:00.000,2018-01-01T00:00:00.000,9999-12-31T00:00:00.000,1,fc90d48cc5925931820d5f62c193008efc90d48cc5925931820d5f62c193008e
370,A000370,416,74,4,-1,5,3,3,4,Unity Asset 370,Asset starter record 370,A000370,2021-01-05,2021-01-05,2022-01-05,516.9000,516.9000,2022-01-05,0,1,1,2026-08-24T00:00:00.000,2018-01-01T00:00:00.000,9999-12-31T00:00:00.000,1,f2071cca16b75cfb98c9e274024a4d0ef2071cca16b75cfb98c9e274024a4d0e
371,A000371,41,72,9,-1,7,4,6,3,Summit Asset 371,Asset starter record 371,A000371,2021-01-06,2021-01-06,2022-01-06,518.2700,518.2700,2022-01-06,1,1,1,2026-08-24T00:00:00.000,2018-01-01T00:00:00.000,9999-12-31T00:00:00.000,1,a60e5f044e8250d19c78eac21870fb07a60e5f044e8250d19c78eac21870fb07
372,A000372,208,139,9,-1,6,5,7,1,Titan Asset 372,Asset starter record 372,A000372,2021-01-07,2021-01-07,2022-01-07,519.6400,519.6400,2022-01-07,1,1,1,2026-08-24T00:00:00.000,2018-01-01T00:00:00.000,9999-12-31T00:00:00.000,1,0856279dd9ef57278d81394705c81e820856279dd9ef57278d81394705c81e82
373,A000373,151,465,10,-1,14,5,1,3,Ion Asset 373,Asset starter record 373,A000373,2021-01-08,2021-01-08,2022-01-08,521.0100,521.0100,2022-01-08,1,1,1,2026-08-24T00:00:00.000,2018-01-01T00:00:00.000,9999-12-31T00:00:00.000,1,a5980eec2e5c5917ac16ebbe87b347d8a5980eec2e5c5917ac16ebbe87b347d8
374,A000374,23,74,3,-1,12,8,6,1,Meridian Asset 374,Asset starter record 374,A000374,2021-01-09,2021-01-09,2022-01-09,522.3800,522.3800,2022-01-09,1,1,1,2026-08-24T00:00:00.000,2018-01-01T00:00:00.000,9999-12-31T00:00:00.000,1,b54afad8587756d3ab34e67ce288628db54afad8587756d3ab34e67ce288628d
375,A000375,469,217,4,-1,10,5,3,4,Delta Asset 375,Asset starter record 375,A000375,2021-01-10,2021-01-10,2022-01-10,523.7500,523.7500,2022-01-10,0,1,1,2026-08-24T00:00:00.000,2018-01-01T00:00:00.000,9999-12-31T00:00:00.000,1,0fe4b278e64a51758bac622c5ab1359f0fe4b278e64a51758bac622c5ab1359f
376,A000376,346,7,8,-1,11,3,4,2,Liberty Asset 376,Asset starter record 376,A000376,2021-01-11,2021-01-11,2022-01-11,525.1200,525.1200,2022-01-11,1,1,1,2026-08-24T00:00:00.000,2018-01-01T00:00:00.000,9999-12-31T00:00:00.000,1,6db4377f14875cc4901fe9a49bac05806db4377f14875cc4901fe9a49bac0580
377,A000377,33,293,9,-1,9,4,7,4,Evergreen Asset 377,Asset starter record 377,A000377,2021-01-12,2021-01-12,2022-01-12,526.4900,526.4900,2022-01-12,1,1,1,2026-08-24T00:00:00.000,2018-01-01T00:00:00.000,9999-12-31T00:00:00.000,1,dac207c0869c54ccafccff86f795cbe3dac207c0869c54ccafccff86f795cbe3
378,A000378,301,327,7,-1,3,2,4,4,Titan Asset 378,Asset starter record 378,A000378,2021-01-13,2021-01-13,2022-01-13,527.8600,527.8600,2022-01-13,1,1,1,2026-08-24T00:00:00.000,2018-01-01T00:00:00.000,9999-12-31T00:00:00.000,1,550b74ad57535c81b56db3f6b45f61f2550b74ad57535c81b56db3f6b45f61f2
379,A000379,62,348,10,-1,12,7,7,2,Pioneer Asset 379,Asset starter record 379,A000379,2021-01-14,2021-01-14,2022-01-14,529.2300,529.2300,2022-01-14,1,1,1,2026-08-24T00:00:00.000,2018-01-01T00:00:00.000,9999-12-31T00:00:00.000,1,b76cdc00a4015cf897c0073b77df60bdb76cdc00a4015cf897c0073b77df60bd
380,A000380,22,374,1,-1,6,3,5,1,Liberty Asset 380,Asset starter record 380,A000380,2021-01-15,2021-01-15,2022-01-15,530.6000,530.6000,2022-01-15,0,1,1,2026-08-24T00:00:00.000,2018-01-01T00:00:00.000,9999-12-31T00:00:00.000,1,fc9d4ec6b78b58d69946c2bd1c906858fc9d4ec6b78b58d69946c2bd1c906858
381,A000381,212,247,3,-1,5,8,3,3,Liberty Asset 381,Asset starter record 381,A000381,2021-01-16,2021-01-16,2022-01-16,531.9700,531.9700,2022-01-16,1,1,1,2026-08-24T00:00:00.000,2018-01-01T00:00:00.000,9999-12-31T00:00:00.000,1,e50f25f8c3ac55ddab67a93a5ba996cae50f25f8c3ac55ddab67a93a5ba996ca
382,A000382,114,56,3,-1,3,5,5,1,Willow Asset 382,Asset starter record 382,A000382,2021-01-17,2021-01-17,2022-01-17,533.3400,533.3400,2022-01-17,1,1,1,2026-08-24T00:00:00.000,2018-01-01T00:00:00.000,9999-12-31T00:00:00.000,1,32de40d10a00596f93b34018fc0e280532de40d10a00596f93b34018fc0e2805
383,A000383,26,210,7,-1,4,3,3,1,Cedar Asset 383,Asset starter record 383,A000383,2021-01-18,2021-01-18,2022-01-18,534.7100,534.7100,2022-01-18,1,1,1,2026-08-24T00:00:00.000,2018-01-01T00:00:00.000,9999-12-31T00:00:00.000,1,34eeca6220b050c99936e556ae8f93bc34eeca6220b050c99936e556ae8f93bc
384,A000384,120,51,4,-1,6,9,7,3,Pioneer Asset 384,Asset starter record 384,A000384,2021-01-19,2021-01-19,2022-01-19,536.0800,536.0800,2022-01-19,1,1,1,2026-08-24T00:00:00.000,2018-01-01T00:00:00.000,9999-12-31T00:00:00.000,1,c1f233d7d79753beaa0be393b1fc53fdc1f233d7d79753beaa0be393b1fc53fd
385,A000385,30,298,7,-1,3,3,2,4,Zenith Asset 385,Asset starter record 385,A000385,2021-01-20,2021-01-20,2022-01-20,537.4500,537.4500,2022-01-20,0,1,1,2026-08-24T00:00:00.000,2018-01-01T00:00:00.000,9999-12-31T00:00:00.000,1,a13acffb3fce5877a4cae76b32921beda13acffb3fce5877a4cae76b32921bed
386,A000386,143,45,9,-1,14,9,6,1,Atlas Asset 386,Asset starter record 386,A000386,2021-01-21,2021-01-21,2022-01-21,538.8200,538.8200,2022-01-21,1,1,1,2026-08-24T00:00:00.000,2018-01-01T00:00:00.000,9999-12-31T00:00:00.000,1,44b3f174e44f5272af1e7d30ba84a5aa44b3f174e44f5272af1e7d30ba84a5aa
387,A000387,143,421,5,-1,7,5,7,2,Keystone Asset 387,Asset starter record 387,A000387,2021-01-22,2021-01-22,2022-01-22,540.1900,540.1900,2022-01-22,1,1,1,2026-08-24T00:00:00.000,2018-01-01T00:00:00.000,9999-12-31T00:00:00.000,1,fe37c11e0fdd5ffb8f3bf131ddc2926bfe37c11e0fdd5ffb8f3bf131ddc2926b
388,A000388,473,414,1,-1,10,7,1,2,Vertex Asset 388,Asset starter record 388,A000388,2021-01-23,2021-01-23,2022-01-23,541.5600,541.5600,2022-01-23,1,1,1,2026-08-24T00:00:00.000,2018-01-01T00:00:00.000,9999-12-31T00:00:00.000,1,445df5c38cbf5840b04773526d3256ed445df5c38cbf5840b04773526d3256ed
389,A000389,18,163,2,-1,16,3,4,1,Ion Asset 389,Asset starter record 389,A000389,2021-01-24,2021-01-24,2022-01-24,542.9300,542.9300,2022-01-24,1,1,1,2026-08-24T00:00:00.000,2018-01-01T00:00:00.000,9999-12-31T00:00:00.000,1,8c80a07efc685933b59009ec936d6d938c80a07efc685933b59009ec936d6d93
390,A000390,113,333,6,-1,2,7,7,1,Unity Asset 390,Asset starter record 390,A000390,2021-01-25,2021-01-25,2022-01-25,544.3000,544.3000,2022-01-25,0,1,1,2026-08-24T00:00:00.000,2018-01-01T00:00:00.000,9999-12-31T00:00:00.000,1,cdab311ad840582299af596ba668ac2ecdab311ad840582299af596ba668ac2e
391,A000391,122,92,5,-1,4,10,3,4,Junction Asset 391,Asset starter record 391,A000391,2021-01-26,2021-01-26,2022-01-26,545.6700,545.6700,2022-01-26,1,1,1,2026-08-24T00:00:00.000,2018-01-01T00:00:00.000,9999-12-31T00:00:00.000,1,5cafd34251a55d4e894a89217409869e5cafd34251a55d4e894a89217409869e
392,A000392,140,131,7,-1,2,4,3,1,Meridian Asset 392,Asset starter record 392,A000392,2021-01-27,2021-01-27,2022-01-27,547.0400,547.0400,2022-01-27,1,1,1,2026-08-24T00:00:00.000,2018-01-01T00:00:00.000,9999-12-31T00:00:00.000,1,605c2a4364575da3a9ecb89a1220222b605c2a4364575da3a9ecb89a1220222b
393,A000393,99,361,6,-1,8,10,5,3,Junction Asset 393,Asset starter record 393,A000393,2021-01-28,2021-01-28,2022-01-28,548.4100,548.4100,2022-01-28,1,1,1,2026-08-24T00:00:00.000,2018-01-01T00:00:00.000,9999-12-31T00:00:00.000,1,fbf2c98544e551648cb4cd1ce7c50ee3fbf2c98544e551648cb4cd1ce7c50ee3
394,A000394,221,253,10,-1,13,10,3,3,Summit Asset 394,Asset starter record 394,A000394,2021-01-29,2021-01-29,2022-01-29,549.7800,549.7800,2022-01-29,1,1,1,2026-08-24T00:00:00.000,2018-01-01T00:00:00.000,9999-12-31T00:00:00.000,1,4f14c484e76e5cb68b49745f3e142d334f14c484e76e5cb68b49745f3e142d33
395,A000395,173,172,2,-1,16,6,5,4,Northstar Asset 395,Asset starter record 395,A000395,2021-01-30,2021-01-30,2022-01-30,551.1500,551.1500,2022-01-30,0,1,1,2026-08-24T00:00:00.000,2018-01-01T00:00:00.000,9999-12-31T00:00:00.000,1,21491f2a33dd55e783d326f71865cc8821491f2a33dd55e783d326f71865cc88
396,A000396,239,85,8,-1,4,2,7,4,Summit Asset 396,Asset starter record 396,A000396,2021-01-31,2021-01-31,2022-01-31,552.5200,552.5200,2022-01-31,1,1,1,2026-08-24T00:00:00.000,2018-01-01T00:00:00.000,9999-12-31T00:00:00.000,1,4fe2e33e21685d91a6b5cfd3025ceb464fe2e33e21685d91a6b5cfd3025ceb46
397,A000397,286,472,9,-1,7,7,6,4,Unity Asset 397,Asset starter record 397,A000397,2021-02-01,2021-02-01,2022-02-01,553.8900,553.8900,2022-02-01,1,1,1,2026-08-24T00:00:00.000,2018-01-01T00:00:00.000,9999-12-31T00:00:00.000,1,be68ed36f8d45a4c9c90891b5c92ddd4be68ed36f8d45a4c9c90891b5c92ddd4
398,A000398,17,435,7,-1,11,3,2,1,Zenith Asset 398,Asset starter record 398,A000398,2021-02-02,2021-02-02,2022-02-02,555.2600,555.2600,2022-02-02,1,1,1,2026-08-24T00:00:00.000,2018-01-01T00:00:00.000,9999-12-31T00:00:00.000,1,87841fa2a9af5da4bad2f36c7e4db29887841fa2a9af5da4bad2f36c7e4db298
399,A000399,49,189,1,-1,3,10,4,1,Granite Asset 399,Asset starter record 399,A000399,2021-02-03,2021-02-03,2022-02-03,556.6300,556.6300,2022-02-03,1,1,1,2026-08-24T00:00:00.000,2018-01-01T00:00:00.000,9999-12-31T00:00:00.000,1,89d7b012787759a3b6cceaee485f9afd89d7b012787759a3b6cceaee485f9afd
400,A000400,228,465,5,-1,13,2,2,2,Pioneer Asset 400,Asset starter record 400,A000400,2021-02-04,2021-02-04,2022-02-04,558.0000,558.0000,2022-02-04,0,1,1,2026-08-24T00:00:00.000,2018-01-01T00:00:00.000,9999-12-31T00:00:00.000,1,4effe453d2245902aecb7c4a44f512164effe453d2245902aecb7c4a44f51216
401,A000401,238,269,8,-1,4,7,4,4,Summit Asset 401,Asset starter record 401,A000401,2021-02-05,2021-02-05,2022-02-05,559.3700,559.3700,2022-02-05,1,1,1,2026-08-24T00:00:00.000,2018-01-01T00:00:00.000,9999-12-31T00:00:00.000,1,f3e2cde496a7518690d4b5d8cb56d281f3e2cde496a7518690d4b5d8cb56d281
402,A000402,443,390,4,-1,11,5,5,1,Vertex Asset 402,Asset starter record 402,A000402,2021-02-06,2021-02-06,2022-02-06,560.7400,560.7400,2022-02-06,1,1,1,2026-08-24T00:00:00.000,2018-01-01T00:00:00.000,9999-12-31T00:00:00.000,1,897cbfc8dec95eeab22387c262609788897cbfc8dec95eeab22387c262609788
403,A000403,34,215,6,-1,10,10,2,4,Meridian Asset 403,Asset starter record 403,A000403,2021-02-07,2021-02-07,2022-02-07,562.1100,562.1100,2022-02-07,1,1,1,2026-08-24T00:00:00.000,2018-01-01T00:00:00.000,9999-12-31T00:00:00.000,1,ec187b168cb35cf9830f071185051f61ec187b168cb35cf9830f071185051f61
404,A000404,387,37,8,-1,9,1,4,2,Harbor Asset 404,Asset starter record 404,A000404,2021-02-08,2021-02-08,2022-02-08,563.4800,563.4800,2022-02-08,1,1,1,2026-08-24T00:00:00.000,2018-01-01T00:00:00.000,9999-12-31T00:00:00.000,1,79ef4a0614055f1f8639c5d496dbe39c79ef4a0614055f1f8639c5d496dbe39c
405,A000405,312,474,1,-1,9,3,1,2,Atlas Asset 405,Asset starter record 405,A000405,2021-02-09,2021-02-09,2022-02-09,564.8500,564.8500,2022-02-09,0,1,1,2026-08-24T00:00:00.000,2018-01-01T00:00:00.000,9999-12-31T00:00:00.000,1,9e550a92d9395e49b89777e0122fc8939e550a92d9395e49b89777e0122fc893
406,A000406,60,159,9,-1,3,2,4,1,Unity Asset 406,Asset starter record 406,A000406,2021-02-10,2021-02-10,2022-02-10,566.2200,566.2200,2022-02-10,1,1,1,2026-08-24T00:00:00.000,2018-01-01T00:00:00.000,9999-12-31T00:00:00.000,1,7139804632b155b58d502584b60fa2cf7139804632b155b58d502584b60fa2cf
407,A000407,456,174,9,-1,5,7,2,2,Beacon Asset 407,Asset starter record 407,A000407,2021-02-11,2021-02-11,2022-02-11,567.5900,567.5900,2022-02-11,1,1,1,2026-08-24T00:00:00.000,2018-01-01T00:00:00.000,9999-12-31T00:00:00.000,1,bd5ea1c5ab9a5a8e9b508c0453d8ca96bd5ea1c5ab9a5a8e9b508c0453d8ca96
408,A000408,452,3,7,-1,3,6,2,4,Northstar Asset 408,Asset starter record 408,A000408,2021-02-12,2021-02-12,2022-02-12,568.9600,568.9600,2022-02-12,1,1,1,2026-08-24T00:00:00.000,2018-01-01T00:00:00.000,9999-12-31T00:00:00.000,1,4f40eb3a3e065639b54eaf6f8d69d7824f40eb3a3e065639b54eaf6f8d69d782
409,A000409,52,258,7,-1,4,7,2,1,Keystone Asset 409,Asset starter record 409,A000409,2021-02-13,2021-02-13,2022-02-13,570.3300,570.3300,2022-02-13,1,1,1,2026-08-24T00:00:00.000,2018-01-01T00:00:00.000,9999-12-31T00:00:00.000,1,5e7d8b2061c55ea0b667cba8b720e11d5e7d8b2061c55ea0b667cba8b720e11d
410,A000410,3,21,9,-1,13,2,6,2,Atlas Asset 410,Asset starter record 410,A000410,2021-02-14,2021-02-14,2022-02-14,571.7000,571.7000,2022-02-14,0,1,1,2026-08-24T00:00:00.000,2018-01-01T00:00:00.000,9999-12-31T00:00:00.000,1,df4a069ea1aa5230a3cbccd291391a0edf4a069ea1aa5230a3cbccd291391a0e
411,A000411,458,29,10,-1,5,9,5,2,Ion Asset 411,Asset starter record 411,A000411,2021-02-15,2021-02-15,2022-02-15,573.0700,573.0700,2022-02-15,1,1,1,2026-08-24T00:00:00.000,2018-01-01T00:00:00.000,9999-12-31T00:00:00.000,1,3ad691086084529db419302247a464fd3ad691086084529db419302247a464fd
412,A000412,478,1,6,-1,2,2,3,1,Unity Asset 412,Asset starter record 412,A000412,2021-02-16,2021-02-16,2022-02-16,574.4400,574.4400,2022-02-16,1,1,1,2026-08-24T00:00:00.000,2018-01-01T00:00:00.000,9999-12-31T00:00:00.000,1,5394a39ef27e56e2aa106d3ff74611f05394a39ef27e56e2aa106d3ff74611f0
413,A000413,249,141,10,-1,9,1,6,2,Granite Asset 413,Asset starter record 413,A000413,2021-02-17,2021-02-17,2022-02-17,575.8100,575.8100,2022-02-17,1,1,1,2026-08-24T00:00:00.000,2018-01-01T00:00:00.000,9999-12-31T00:00:00.000,1,e20e868a60165718853e069a42c199fde20e868a60165718853e069a42c199fd
414,A000414,241,185,2,-1,8,5,5,1,Pioneer Asset 414,Asset starter record 414,A000414,2021-02-18,2021-02-18,2022-02-18,577.1800,577.1800,2022-02-18,1,1,1,2026-08-24T00:00:00.000,2018-01-01T00:00:00.000,9999-12-31T00:00:00.000,1,ffdb482763c2575b81b567a474db8228ffdb482763c2575b81b567a474db8228
415,A000415,227,151,1,-1,3,2,3,1,Northstar Asset 415,Asset starter record 415,A000415,2021-02-19,2021-02-19,2022-02-19,578.5500,578.5500,2022-02-19,0,1,1,2026-08-24T00:00:00.000,2018-01-01T00:00:00.000,9999-12-31T00:00:00.000,1,c15dbf170cb5530cb8e6028e306c8941c15dbf170cb5530cb8e6028e306c8941
416,A000416,262,118,10,-1,7,4,6,3,Keystone Asset 416,Asset starter record 416,A000416,2021-02-20,2021-02-20,2022-02-20,579.9200,579.9200,2022-02-20,1,1,1,2026-08-24T00:00:00.000,2018-01-01T00:00:00.000,9999-12-31T00:00:00.000,1,14df17640f8a5aef945d94aefd43b88214df17640f8a5aef945d94aefd43b882
417,A000417,373,288,2,-1,12,8,2,4,Beacon Asset 417,Asset starter record 417,A000417,2021-02-21,2021-02-21,2022-02-21,581.2900,581.2900,2022-02-21,1,1,1,2026-08-24T00:00:00.000,2018-01-01T00:00:00.000,9999-12-31T00:00:00.000,1,d6e6cde38c795cd6963a975d00f8b9fbd6e6cde38c795cd6963a975d00f8b9fb
418,A000418,493,430,2,-1,6,8,2,3,Ion Asset 418,Asset starter record 418,A000418,2021-02-22,2021-02-22,2022-02-22,582.6600,582.6600,2022-02-22,1,1,1,2026-08-24T00:00:00.000,2018-01-01T00:00:00.000,9999-12-31T00:00:00.000,1,38675425e4ad5063ab2d09ab2546702c38675425e4ad5063ab2d09ab2546702c
419,A000419,393,192,3,-1,4,3,6,2,Titan Asset 419,Asset starter record 419,A000419,2021-02-23,2021-02-23,2022-02-23,584.0300,584.0300,2022-02-23,1,1,1,2026-08-24T00:00:00.000,2018-01-01T00:00:00.000,9999-12-31T00:00:00.000,1,75494c86ded3588599dd228cee1bbe1775494c86ded3588599dd228cee1bbe17
420,A000420,238,441,7,-1,6,7,2,1,Willow Asset 420,Asset starter record 420,A000420,2021-02-24,2021-02-24,2022-02-24,585.4000,585.4000,2022-02-24,0,1,1,2026-08-24T00:00:00.000,2018-01-01T00:00:00.000,9999-12-31T00:00:00.000,1,a9c97a1e83895007ab7a127c0c8451baa9c97a1e83895007ab7a127c0c8451ba
421,A000421,258,484,6,-1,7,9,3,4,Unity Asset 421,Asset starter record 421,A000421,2021-02-25,2021-02-25,2022-02-25,586.7700,586.7700,2022-02-25,1,1,1,2026-08-24T00:00:00.000,2018-01-01T00:00:00.000,9999-12-31T00:00:00.000,1,c1f54189be285276a3bfde26d7561defc1f54189be285276a3bfde26d7561def
422,A000422,301,116,10,-1,8,1,6,4,Meridian Asset 422,Asset starter record 422,A000422,2021-02-26,2021-02-26,2022-02-26,588.1400,588.1400,2022-02-26,1,1,1,2026-08-24T00:00:00.000,2018-01-01T00:00:00.000,9999-12-31T00:00:00.000,1,37a1db20ac2850f0a8f06a88d8e210a537a1db20ac2850f0a8f06a88d8e210a5
423,A000423,346,375,9,-1,16,5,2,4,Delta Asset 423,Asset starter record 423,A000423,2021-02-27,2021-02-27,2022-02-27,589.5100,589.5100,2022-02-27,1,1,1,2026-08-24T00:00:00.000,2018-01-01T00:00:00.000,9999-12-31T00:00:00.000,1,0214dc814be75357bb7a79624c5b316d0214dc814be75357bb7a79624c5b316d
424,A000424,244,305,6,-1,9,5,2,1,Unity Asset 424,Asset starter record 424,A000424,2021-02-28,2021-02-28,2022-02-28,590.8800,590.8800,2022-02-28,1,1,1,2026-08-24T00:00:00.000,2018-01-01T00:00:00.000,9999-12-31T00:00:00.000,1,e23089c6da3559f69e44f2948b075e06e23089c6da3559f69e44f2948b075e06
425,A000425,304,122,1,-1,14,4,4,1,Northstar Asset 425,Asset starter record 425,A000425,2021-03-01,2021-03-01,2022-03-01,592.2500,592.2500,2022-03-01,0,1,1,2026-08-24T00:00:00.000,2018-01-01T00:00:00.000,9999-12-31T00:00:00.000,1,8a02d111442159c7bfb31640e5a621778a02d111442159c7bfb31640e5a62177
426,A000426,323,209,2,-1,7,1,1,2,Evergreen Asset 426,Asset starter record 426,A000426,2021-03-02,2021-03-02,2022-03-02,593.6200,593.6200,2022-03-02,1,1,1,2026-08-24T00:00:00.000,2018-01-01T00:00:00.000,9999-12-31T00:00:00.000,1,180a6f7ca81c594d9aef3cacede1ef62180a6f7ca81c594d9aef3cacede1ef62
427,A000427,358,438,7,-1,1,6,4,4,Cedar Asset 427,Asset starter record 427,A000427,2021-03-03,2021-03-03,2022-03-03,594.9900,594.9900,2022-03-03,1,1,1,2026-08-24T00:00:00.000,2018-01-01T00:00:00.000,9999-12-31T00:00:00.000,1,7b4fad95293e52b6bde1a1959d32b3b27b4fad95293e52b6bde1a1959d32b3b2
428,A000428,42,440,9,-1,9,9,5,3,Titan Asset 428,Asset starter record 428,A000428,2021-03-04,2021-03-04,2022-03-04,596.3600,596.3600,2022-03-04,1,1,1,2026-08-24T00:00:00.000,2018-01-01T00:00:00.000,9999-12-31T00:00:00.000,1,3b36239c916359d88de2a894dd6443203b36239c916359d88de2a894dd644320
429,A000429,243,455,8,-1,13,4,5,3,Titan Asset 429,Asset starter record 429,A000429,2021-03-05,2021-03-05,2022-03-05,597.7300,597.7300,2022-03-05,1,1,1,2026-08-24T00:00:00.000,2018-01-01T00:00:00.000,9999-12-31T00:00:00.000,1,c8b5c5098d47598595c97abf7479c03ac8b5c5098d47598595c97abf7479c03a
430,A000430,350,125,2,-1,10,7,2,4,Granite Asset 430,Asset starter record 430,A000430,2021-03-06,2021-03-06,2022-03-06,599.1000,599.1000,2022-03-06,0,1,1,2026-08-24T00:00:00.000,2018-01-01T00:00:00.000,9999-12-31T00:00:00.000,1,09045c5be6eb591889c4a478ce79efd209045c5be6eb591889c4a478ce79efd2
431,A000431,351,130,6,-1,14,8,3,3,Beacon Asset 431,Asset starter record 431,A000431,2021-03-07,2021-03-07,2022-03-07,600.4700,600.4700,2022-03-07,1,1,1,2026-08-24T00:00:00.000,2018-01-01T00:00:00.000,9999-12-31T00:00:00.000,1,4febafc28fb95c71b9cec2034d78a3b34febafc28fb95c71b9cec2034d78a3b3
432,A000432,338,449,10,-1,15,10,6,3,Beacon Asset 432,Asset starter record 432,A000432,2021-03-08,2021-03-08,2022-03-08,601.8400,601.8400,2022-03-08,1,1,1,2026-08-24T00:00:00.000,2018-01-01T00:00:00.000,9999-12-31T00:00:00.000,1,1a246df393a45a2995daf54782c198321a246df393a45a2995daf54782c19832
433,A000433,422,311,7,-1,11,4,4,4,Ion Asset 433,Asset starter record 433,A000433,2021-03-09,2021-03-09,2022-03-09,603.2100,603.2100,2022-03-09,1,1,1,2026-08-24T00:00:00.000,2018-01-01T00:00:00.000,9999-12-31T00:00:00.000,1,076956a4cd115fca80720374ea17d428076956a4cd115fca80720374ea17d428
434,A000434,366,246,5,-1,5,8,3,3,Ion Asset 434,Asset starter record 434,A000434,2021-03-10,2021-03-10,2022-03-10,604.5800,604.5800,2022-03-10,1,1,1,2026-08-24T00:00:00.000,2018-01-01T00:00:00.000,9999-12-31T00:00:00.000,1,24b0ff6bc1da54f4821299e24ad87fca24b0ff6bc1da54f4821299e24ad87fca
435,A000435,499,82,8,-1,6,1,6,3,Harbor Asset 435,Asset starter record 435,A000435,2021-03-11,2021-03-11,2022-03-11,605.9500,605.9500,2022-03-11,0,1,1,2026-08-24T00:00:00.000,2018-01-01T00:00:00.000,9999-12-31T00:00:00.000,1,3d45c4b89e815d93960933b9529a349e3d45c4b89e815d93960933b9529a349e
436,A000436,50,178,5,-1,4,3,2,4,Unity Asset 436,Asset starter record 436,A000436,2021-03-12,2021-03-12,2022-03-12,607.3200,607.3200,2022-03-12,1,1,1,2026-08-24T00:00:00.000,2018-01-01T00:00:00.000,9999-12-31T00:00:00.000,1,8fd7d0a2a2da54299523b7e2d5964a1c8fd7d0a2a2da54299523b7e2d5964a1c
437,A000437,183,389,1,-1,8,4,6,2,Evergreen Asset 437,Asset starter record 437,A000437,2021-03-13,2021-03-13,2022-03-13,608.6900,608.6900,2022-03-13,1,1,1,2026-08-24T00:00:00.000,2018-01-01T00:00:00.000,9999-12-31T00:00:00.000,1,b59d4bb6ad555c91bdedbfbe49144276b59d4bb6ad555c91bdedbfbe49144276
438,A000438,353,47,6,-1,2,1,5,4,Forge Asset 438,Asset starter record 438,A000438,2021-03-14,2021-03-14,2022-03-14,610.0600,610.0600,2022-03-14,1,1,1,2026-08-24T00:00:00.000,2018-01-01T00:00:00.000,9999-12-31T00:00:00.000,1,1c61d672c43d5be286f7f85406ddb2d51c61d672c43d5be286f7f85406ddb2d5
439,A000439,208,428,8,-1,12,7,4,4,Liberty Asset 439,Asset starter record 439,A000439,2021-03-15,2021-03-15,2022-03-15,611.4300,611.4300,2022-03-15,1,1,1,2026-08-24T00:00:00.000,2018-01-01T00:00:00.000,9999-12-31T00:00:00.000,1,67c7c3626bc553b7aa4311c109bfaaa567c7c3626bc553b7aa4311c109bfaaa5
440,A000440,449,468,2,-1,6,9,7,3,Meridian Asset 440,Asset starter record 440,A000440,2021-03-16,2021-03-16,2022-03-16,612.8000,612.8000,2022-03-16,0,1,1,2026-08-24T00:00:00.000,2018-01-01T00:00:00.000,9999-12-31T00:00:00.000,1,1cf97c7d37395c9ca997927a7fe717411cf97c7d37395c9ca997927a7fe71741
441,A000441,260,185,1,-1,14,5,7,1,Liberty Asset 441,Asset starter record 441,A000441,2021-03-17,2021-03-17,2022-03-17,614.1700,614.1700,2022-03-17,1,1,1,2026-08-24T00:00:00.000,2018-01-01T00:00:00.000,9999-12-31T00:00:00.000,1,dff32eba57dc54e6818aeb97434fe301dff32eba57dc54e6818aeb97434fe301
442,A000442,326,95,10,-1,2,8,5,3,Keystone Asset 442,Asset starter record 442,A000442,2021-03-18,2021-03-18,2022-03-18,615.5400,615.5400,2022-03-18,1,1,1,2026-08-24T00:00:00.000,2018-01-01T00:00:00.000,9999-12-31T00:00:00.000,1,85d8c195679357e29cf0e924ad2bcf3885d8c195679357e29cf0e924ad2bcf38
443,A000443,401,37,1,-1,11,9,6,4,Zenith Asset 443,Asset starter record 443,A000443,2021-03-19,2021-03-19,2022-03-19,616.9100,616.9100,2022-03-19,1,1,1,2026-08-24T00:00:00.000,2018-01-01T00:00:00.000,9999-12-31T00:00:00.000,1,c7908df534865b409a764a739a5e31c0c7908df534865b409a764a739a5e31c0
444,A000444,125,370,2,-1,4,9,3,2,Ion Asset 444,Asset starter record 444,A000444,2021-03-20,2021-03-20,2022-03-20,618.2800,618.2800,2022-03-20,1,1,1,2026-08-24T00:00:00.000,2018-01-01T00:00:00.000,9999-12-31T00:00:00.000,1,4bac8266066e546ba485563c0a1bf9aa4bac8266066e546ba485563c0a1bf9aa
445,A000445,86,409,5,-1,12,8,6,2,Orion Asset 445,Asset starter record 445,A000445,2021-03-21,2021-03-21,2022-03-21,619.6500,619.6500,2022-03-21,0,1,1,2026-08-24T00:00:00.000,2018-01-01T00:00:00.000,9999-12-31T00:00:00.000,1,80591943455a55038fe83e6c920beaa680591943455a55038fe83e6c920beaa6
446,A000446,399,318,5,-1,9,10,2,1,Unity Asset 446,Asset starter record 446,A000446,2021-03-22,2021-03-22,2022-03-22,621.0200,621.0200,2022-03-22,1,1,1,2026-08-24T00:00:00.000,2018-01-01T00:00:00.000,9999-12-31T00:00:00.000,1,c4a8e3ef30515ab190828bd19d5499b6c4a8e3ef30515ab190828bd19d5499b6
447,A000447,148,314,5,-1,12,10,3,2,Keystone Asset 447,Asset starter record 447,A000447,2021-03-23,2021-03-23,2022-03-23,622.3900,622.3900,2022-03-23,1,1,1,2026-08-24T00:00:00.000,2018-01-01T00:00:00.000,9999-12-31T00:00:00.000,1,06c636d32956517f81a9c7705b11a2a106c636d32956517f81a9c7705b11a2a1
448,A000448,151,398,6,-1,5,8,4,2,Keystone Asset 448,Asset starter record 448,A000448,2021-03-24,2021-03-24,2022-03-24,623.7600,623.7600,2022-03-24,1,1,1,2026-08-24T00:00:00.000,2018-01-01T00:00:00.000,9999-12-31T00:00:00.000,1,9022db748e3152df9386dd9222768e289022db748e3152df9386dd9222768e28
449,A000449,409,116,2,-1,16,10,4,2,Cedar Asset 449,Asset starter record 449,A000449,2021-03-25,2021-03-25,2022-03-25,625.1300,625.1300,2022-03-25,1,1,1,2026-08-24T00:00:00.000,2018-01-01T00:00:00.000,9999-12-31T00:00:00.000,1,90f4fa840fe0548e9df3a23d2832799590f4fa840fe0548e9df3a23d28327995
450,A000450,429,172,1,-1,2,9,5,2,Atlas Asset 450,Asset starter record 450,A000450,2021-03-26,2021-03-26,2022-03-26,626.5000,626.5000,2022-03-26,0,1,1,2026-08-24T00:00:00.000,2018-01-01T00:00:00.000,9999-12-31T00:00:00.000,1,8d4ca860c3aa5e0da45663d393723c9c8d4ca860c3aa5e0da45663d393723c9c
451,A000451,60,104,7,-1,8,1,6,1,Delta Asset 451,Asset starter record 451,A000451,2021-03-27,2021-03-27,2022-03-27,627.8700,627.8700,2022-03-27,1,1,1,2026-08-24T00:00:00.000,2018-01-01T00:00:00.000,9999-12-31T00:00:00.000,1,fcfb5897e6995603a44b6ed3ca25b75dfcfb5897e6995603a44b6ed3ca25b75d
452,A000452,187,280,10,-1,16,6,6,4,Keystone Asset 452,Asset starter record 452,A000452,2021-03-28,2021-03-28,2022-03-28,629.2400,629.2400,2022-03-28,1,1,1,2026-08-24T00:00:00.000,2018-01-01T00:00:00.000,9999-12-31T00:00:00.000,1,1eccef505595539f949f4b50bab6a8f31eccef505595539f949f4b50bab6a8f3
453,A000453,145,353,10,-1,1,9,1,3,Liberty Asset 453,Asset starter record 453,A000453,2021-03-29,2021-03-29,2022-03-29,630.6100,630.6100,2022-03-29,1,1,1,2026-08-24T00:00:00.000,2018-01-01T00:00:00.000,9999-12-31T00:00:00.000,1,3a840c95e17f544aa5fc7d0c5282e3423a840c95e17f544aa5fc7d0c5282e342
454,A000454,246,488,10,-1,7,3,3,2,Vertex Asset 454,Asset starter record 454,A000454,2021-03-30,2021-03-30,2022-03-30,631.9800,631.9800,2022-03-30,1,1,1,2026-08-24T00:00:00.000,2018-01-01T00:00:00.000,9999-12-31T00:00:00.000,1,5a865c1cafb156e5a87d7501f1ce27845a865c1cafb156e5a87d7501f1ce2784
455,A000455,220,327,6,-1,4,9,3,3,Quartz Asset 455,Asset starter record 455,A000455,2021-03-31,2021-03-31,2022-03-31,633.3500,633.3500,2022-03-31,0,1,1,2026-08-24T00:00:00.000,2018-01-01T00:00:00.000,9999-12-31T00:00:00.000,1,46eea7cd857f559eba47e00e1486587b46eea7cd857f559eba47e00e1486587b
456,A000456,289,349,7,-1,2,3,6,4,Harbor Asset 456,Asset starter record 456,A000456,2021-04-01,2021-04-01,2022-04-01,634.7200,634.7200,2022-04-01,1,1,1,2026-08-24T00:00:00.000,2018-01-01T00:00:00.000,9999-12-31T00:00:00.000,1,5a782e7dd742547893ce812946f5b3b95a782e7dd742547893ce812946f5b3b9
457,A000457,80,332,2,-1,11,2,3,4,Zenith Asset 457,Asset starter record 457,A000457,2021-04-02,2021-04-02,2022-04-02,636.0900,636.0900,2022-04-02,1,1,1,2026-08-24T00:00:00.000,2018-01-01T00:00:00.000,9999-12-31T00:00:00.000,1,ac0edf8821b35b73972494ef15d5924fac0edf8821b35b73972494ef15d5924f
458,A000458,222,116,9,-1,5,7,1,2,Vertex Asset 458,Asset starter record 458,A000458,2021-04-03,2021-04-03,2022-04-03,637.4600,637.4600,2022-04-03,1,1,1,2026-08-24T00:00:00.000,2018-01-01T00:00:00.000,9999-12-31T00:00:00.000,1,3f9adbca7a2650298d220a85a209f3403f9adbca7a2650298d220a85a209f340
459,A000459,238,496,7,-1,9,6,7,2,Vertex Asset 459,Asset starter record 459,A000459,2021-04-04,2021-04-04,2022-04-04,638.8300,638.8300,2022-04-04,1,1,1,2026-08-24T00:00:00.000,2018-01-01T00:00:00.000,9999-12-31T00:00:00.000,1,2e627f8fba4354eca70eb199e90a87b12e627f8fba4354eca70eb199e90a87b1
460,A000460,128,286,3,-1,9,2,3,3,Keystone Asset 460,Asset starter record 460,A000460,2021-04-05,2021-04-05,2022-04-05,640.2000,640.2000,2022-04-05,0,1,1,2026-08-24T00:00:00.000,2018-01-01T00:00:00.000,9999-12-31T00:00:00.000,1,d295225e956f529794a90cd917864cdbd295225e956f529794a90cd917864cdb
461,A000461,220,124,9,-1,9,8,2,3,Atlas Asset 461,Asset starter record 461,A000461,2021-04-06,2021-04-06,2022-04-06,641.5700,641.5700,2022-04-06,1,1,1,2026-08-24T00:00:00.000,2018-01-01T00:00:00.000,9999-12-31T00:00:00.000,1,e78a53293308519883a206a3554b8930e78a53293308519883a206a3554b8930
462,A000462,459,465,10,-1,5,6,4,1,Forge Asset 462,Asset starter record 462,A000462,2021-04-07,2021-04-07,2022-04-07,642.9400,642.9400,2022-04-07,1,1,1,2026-08-24T00:00:00.000,2018-01-01T00:00:00.000,9999-12-31T00:00:00.000,1,2433f7b11ac45165ae03bfb1302e3bdf2433f7b11ac45165ae03bfb1302e3bdf
463,A000463,364,271,6,-1,2,4,1,1,Pioneer Asset 463,Asset starter record 463,A000463,2021-04-08,2021-04-08,2022-04-08,644.3100,644.3100,2022-04-08,1,1,1,2026-08-24T00:00:00.000,2018-01-01T00:00:00.000,9999-12-31T00:00:00.000,1,0b5e5ee574655ba8b58ac7e5f1dc41760b5e5ee574655ba8b58ac7e5f1dc4176
464,A000464,25,239,9,-1,9,8,5,2,Granite Asset 464,Asset starter record 464,A000464,2021-04-09,2021-04-09,2022-04-09,645.6800,645.6800,2022-04-09,1,1,1,2026-08-24T00:00:00.000,2018-01-01T00:00:00.000,9999-12-31T00:00:00.000,1,5ac085abd4f15c37aed69b75a663f2d05ac085abd4f15c37aed69b75a663f2d0
465,A000465,88,434,3,-1,4,7,5,4,Vertex Asset 465,Asset starter record 465,A000465,2021-04-10,2021-04-10,2022-04-10,647.0500,647.0500,2022-04-10,0,1,1,2026-08-24T00:00:00.000,2018-01-01T00:00:00.000,9999-12-31T00:00:00.000,1,e6b914c7224d5d6faf1738be155e0492e6b914c7224d5d6faf1738be155e0492
466,A000466,390,499,5,-1,14,2,1,1,Granite Asset 466,Asset starter record 466,A000466,2021-04-11,2021-04-11,2022-04-11,648.4200,648.4200,2022-04-11,1,1,1,2026-08-24T00:00:00.000,2018-01-01T00:00:00.000,9999-12-31T00:00:00.000,1,ddc7dc0d151c50b6bf42294562cb66abddc7dc0d151c50b6bf42294562cb66ab
467,A000467,190,18,6,-1,16,6,1,3,Junction Asset 467,Asset starter record 467,A000467,2021-04-12,2021-04-12,2022-04-12,649.7900,649.7900,2022-04-12,1,1,1,2026-08-24T00:00:00.000,2018-01-01T00:00:00.000,9999-12-31T00:00:00.000,1,f17cb5b9c4ab5dfba9421358d326e3a7f17cb5b9c4ab5dfba9421358d326e3a7
468,A000468,287,193,8,-1,4,7,2,1,Cedar Asset 468,Asset starter record 468,A000468,2021-04-13,2021-04-13,2022-04-13,651.1600,651.1600,2022-04-13,1,1,1,2026-08-24T00:00:00.000,2018-01-01T00:00:00.000,9999-12-31T00:00:00.000,1,118a2ca534c8570c98530babfe02a241118a2ca534c8570c98530babfe02a241
469,A000469,35,483,2,-1,3,1,5,3,Evergreen Asset 469,Asset starter record 469,A000469,2021-04-14,2021-04-14,2022-04-14,652.5300,652.5300,2022-04-14,1,1,1,2026-08-24T00:00:00.000,2018-01-01T00:00:00.000,9999-12-31T00:00:00.000,1,6257595d36fc5ea8afef0e68f50996c86257595d36fc5ea8afef0e68f50996c8
470,A000470,35,158,10,-1,4,9,7,1,Pioneer Asset 470,Asset starter record 470,A000470,2021-04-15,2021-04-15,2022-04-15,653.9000,653.9000,2022-04-15,0,1,1,2026-08-24T00:00:00.000,2018-01-01T00:00:00.000,9999-12-31T00:00:00.000,1,0f0879ec9d595170b2b894a842eb2f800f0879ec9d595170b2b894a842eb2f80
471,A000471,53,151,9,-1,13,3,1,4,Quartz Asset 471,Asset starter record 471,A000471,2021-04-16,2021-04-16,2022-04-16,655.2700,655.2700,2022-04-16,1,1,1,2026-08-24T00:00:00.000,2018-01-01T00:00:00.000,9999-12-31T00:00:00.000,1,675d00974d0c5fa08750a1c44dcc1159675d00974d0c5fa08750a1c44dcc1159
472,A000472,180,195,3,-1,14,6,2,2,Harbor Asset 472,Asset starter record 472,A000472,2021-04-17,2021-04-17,2022-04-17,656.6400,656.6400,2022-04-17,1,1,1,2026-08-24T00:00:00.000,2018-01-01T00:00:00.000,9999-12-31T00:00:00.000,1,cf9fe39d1b0f5c27919c8a276954ca89cf9fe39d1b0f5c27919c8a276954ca89
473,A000473,370,435,7,-1,14,3,1,4,Ion Asset 473,Asset starter record 473,A000473,2021-04-18,2021-04-18,2022-04-18,658.0100,658.0100,2022-04-18,1,1,1,2026-08-24T00:00:00.000,2018-01-01T00:00:00.000,9999-12-31T00:00:00.000,1,3796a39cc9215ace9a096f6c5508f7523796a39cc9215ace9a096f6c5508f752
474,A000474,321,256,3,-1,14,2,3,4,Granite Asset 474,Asset starter record 474,A000474,2021-04-19,2021-04-19,2022-04-19,659.3800,659.3800,2022-04-19,1,1,1,2026-08-24T00:00:00.000,2018-01-01T00:00:00.000,9999-12-31T00:00:00.000,1,bd9f4ace8b5c57ca8c7d15a3d27065eabd9f4ace8b5c57ca8c7d15a3d27065ea
475,A000475,24,405,9,-1,12,8,3,1,Keystone Asset 475,Asset starter record 475,A000475,2021-04-20,2021-04-20,2022-04-20,660.7500,660.7500,2022-04-20,0,1,1,2026-08-24T00:00:00.000,2018-01-01T00:00:00.000,9999-12-31T00:00:00.000,1,7a23d8aa506758ed9c68775f2bd0ec3a7a23d8aa506758ed9c68775f2bd0ec3a
476,A000476,161,279,10,-1,11,1,7,3,Delta Asset 476,Asset starter record 476,A000476,2021-04-21,2021-04-21,2022-04-21,662.1200,662.1200,2022-04-21,1,1,1,2026-08-24T00:00:00.000,2018-01-01T00:00:00.000,9999-12-31T00:00:00.000,1,9d9d9ab8af2d5dad95739a00e349d0349d9d9ab8af2d5dad95739a00e349d034
477,A000477,257,326,3,-1,9,2,4,4,Ion Asset 477,Asset starter record 477,A000477,2021-04-22,2021-04-22,2022-04-22,663.4900,663.4900,2022-04-22,1,1,1,2026-08-24T00:00:00.000,2018-01-01T00:00:00.000,9999-12-31T00:00:00.000,1,87b2e52c321d5b3193d457c873f4589e87b2e52c321d5b3193d457c873f4589e
478,A000478,249,483,4,-1,11,1,3,1,Granite Asset 478,Asset starter record 478,A000478,2021-04-23,2021-04-23,2022-04-23,664.8600,664.8600,2022-04-23,1,1,1,2026-08-24T00:00:00.000,2018-01-01T00:00:00.000,9999-12-31T00:00:00.000,1,3cc5751377875e51936b1631015c48843cc5751377875e51936b1631015c4884
479,A000479,19,189,9,-1,2,1,7,4,Titan Asset 479,Asset starter record 479,A000479,2021-04-24,2021-04-24,2022-04-24,666.2300,666.2300,2022-04-24,1,1,1,2026-08-24T00:00:00.000,2018-01-01T00:00:00.000,9999-12-31T00:00:00.000,1,07f9a71e857f5b56b6d683acd0818ca407f9a71e857f5b56b6d683acd0818ca4
480,A000480,349,31,7,-1,4,10,7,1,Unity Asset 480,Asset starter record 480,A000480,2021-04-25,2021-04-25,2022-04-25,667.6000,667.6000,2022-04-25,0,1,1,2026-08-24T00:00:00.000,2018-01-01T00:00:00.000,9999-12-31T00:00:00.000,1,f26ce35a89af597bb19a4f3e0ad0cd97f26ce35a89af597bb19a4f3e0ad0cd97
481,A000481,420,331,4,-1,13,10,1,2,Forge Asset 481,Asset starter record 481,A000481,2021-04-26,2021-04-26,2022-04-26,668.9700,668.9700,2022-04-26,1,1,1,2026-08-24T00:00:00.000,2018-01-01T00:00:00.000,9999-12-31T00:00:00.000,1,326419fc5e6b5528bae511e97d4e375d326419fc5e6b5528bae511e97d4e375d
482,A000482,15,138,10,-1,8,9,3,3,Summit Asset 482,Asset starter record 482,A000482,2021-04-27,2021-04-27,2022-04-27,670.3400,670.3400,2022-04-27,1,1,1,2026-08-24T00:00:00.000,2018-01-01T00:00:00.000,9999-12-31T00:00:00.000,1,78d9c59441475f69b6ed4c506c5a840178d9c59441475f69b6ed4c506c5a8401
483,A000483,287,410,3,-1,6,5,6,1,Unity Asset 483,Asset starter record 483,A000483,2021-04-28,2021-04-28,2022-04-28,671.7100,671.7100,2022-04-28,1,1,1,2026-08-24T00:00:00.000,2018-01-01T00:00:00.000,9999-12-31T00:00:00.000,1,bee19ef8f3225221a1ef1b3f6113c97fbee19ef8f3225221a1ef1b3f6113c97f
484,A000484,30,38,5,-1,11,5,1,2,Delta Asset 484,Asset starter record 484,A000484,2021-04-29,2021-04-29,2022-04-29,673.0800,673.0800,2022-04-29,1,1,1,2026-08-24T00:00:00.000,2018-01-01T00:00:00.000,9999-12-31T00:00:00.000,1,3400f21bc51d5c5685347d08799978c73400f21bc51d5c5685347d08799978c7
485,A000485,176,455,8,-1,6,1,4,2,Titan Asset 485,Asset starter record 485,A000485,2021-04-30,2021-04-30,2022-04-30,674.4500,674.4500,2022-04-30,0,1,1,2026-08-24T00:00:00.000,2018-01-01T00:00:00.000,9999-12-31T00:00:00.000,1,f0bfffce442b5a9ab8b4c6cf6e37a585f0bfffce442b5a9ab8b4c6cf6e37a585
486,A000486,499,183,6,-1,5,5,5,2,Summit Asset 486,Asset starter record 486,A000486,2021-05-01,2021-05-01,2022-05-01,675.8200,675.8200,2022-05-01,1,1,1,2026-08-24T00:00:00.000,2018-01-01T00:00:00.000,9999-12-31T00:00:00.000,1,434cbc23bc90527c9b297397c2316c00434cbc23bc90527c9b297397c2316c00
487,A000487,63,493,9,-1,1,5,2,1,Titan Asset 487,Asset starter record 487,A000487,2021-05-02,2021-05-02,2022-05-02,677.1900,677.1900,2022-05-02,1,1,1,2026-08-24T00:00:00.000,2018-01-01T00:00:00.000,9999-12-31T00:00:00.000,1,847155f2e75c577db30c4fe8c1def766847155f2e75c577db30c4fe8c1def766
488,A000488,202,425,9,-1,8,7,2,4,Junction Asset 488,Asset starter record 488,A000488,2021-05-03,2021-05-03,2022-05-03,678.5600,678.5600,2022-05-03,1,1,1,2026-08-24T00:00:00.000,2018-01-01T00:00:00.000,9999-12-31T00:00:00.000,1,853de3559c735862a0dd204b6e73f994853de3559c735862a0dd204b6e73f994
489,A000489,500,291,6,-1,5,2,5,2,Granite Asset 489,Asset starter record 489,A000489,2021-05-04,2021-05-04,2022-05-04,679.9300,679.9300,2022-05-04,1,1,1,2026-08-24T00:00:00.000,2018-01-01T00:00:00.000,9999-12-31T00:00:00.000,1,c237cda364285986b930ac317b974115c237cda364285986b930ac317b974115
490,A000490,392,127,2,-1,6,5,4,4,Forge Asset 490,Asset starter record 490,A000490,2021-05-05,2021-05-05,2022-05-05,681.3000,681.3000,2022-05-05,0,1,1,2026-08-24T00:00:00.000,2018-01-01T00:00:00.000,9999-12-31T00:00:00.000,1,8832d68ebb5252de98288951a68a22328832d68ebb5252de98288951a68a2232
491,A000491,220,256,10,-1,14,4,2,2,Junction Asset 491,Asset starter record 491,A000491,2021-05-06,2021-05-06,2022-05-06,682.6700,682.6700,2022-05-06,1,1,1,2026-08-24T00:00:00.000,2018-01-01T00:00:00.000,9999-12-31T00:00:00.000,1,70961d9828485b0fac179534fc1176ef70961d9828485b0fac179534fc1176ef
492,A000492,60,277,8,-1,2,4,7,2,Quartz Asset 492,Asset starter record 492,A000492,2021-05-07,2021-05-07,2022-05-07,684.0400,684.0400,2022-05-07,1,1,1,2026-08-24T00:00:00.000,2018-01-01T00:00:00.000,9999-12-31T00:00:00.000,1,afba72809ec7547d9917fbf85a5f7dfcafba72809ec7547d9917fbf85a5f7dfc
493,A000493,395,190,9,-1,2,8,2,3,Orion Asset 493,Asset starter record 493,A000493,2021-05-08,2021-05-08,2022-05-08,685.4100,685.4100,2022-05-08,1,1,1,2026-08-24T00:00:00.000,2018-01-01T00:00:00.000,9999-12-31T00:00:00.000,1,015cd9335d795569a60dec79075f9369015cd9335d795569a60dec79075f9369
494,A000494,83,167,4,-1,1,4,2,3,Keystone Asset 494,Asset starter record 494,A000494,2021-05-09,2021-05-09,2022-05-09,686.7800,686.7800,2022-05-09,1,1,1,2026-08-24T00:00:00.000,2018-01-01T00:00:00.000,9999-12-31T00:00:00.000,1,b1319a6a09ad59109591c729f1184529b1319a6a09ad59109591c729f1184529
495,A000495,89,315,9,-1,10,8,3,1,Titan Asset 495,Asset starter record 495,A000495,2021-05-10,2021-05-10,2022-05-10,688.1500,688.1500,2022-05-10,0,1,1,2026-08-24T00:00:00.000,2018-01-01T00:00:00.000,9999-12-31T00:00:00.000,1,0fa5ee4d7674524295d18e233a4bc13d0fa5ee4d7674524295d18e233a4bc13d
496,A000496,41,217,8,-1,16,6,6,4,Unity Asset 496,Asset starter record 496,A000496,2021-05-11,2021-05-11,2022-05-11,689.5200,689.5200,2022-05-11,1,1,1,2026-08-24T00:00:00.000,2018-01-01T00:00:00.000,9999-12-31T00:00:00.000,1,d3ed3a7b3a8b54c1905ff78b06f23424d3ed3a7b3a8b54c1905ff78b06f23424
497,A000497,268,481,9,-1,6,10,2,3,Unity Asset 497,Asset starter record 497,A000497,2021-05-12,2021-05-12,2022-05-12,690.8900,690.8900,2022-05-12,1,1,1,2026-08-24T00:00:00.000,2018-01-01T00:00:00.000,9999-12-31T00:00:00.000,1,d686ac77bf415a29985c3f1ff3679df1d686ac77bf415a29985c3f1ff3679df1
498,A000498,317,250,2,-1,10,8,4,4,Forge Asset 498,Asset starter record 498,A000498,2021-05-13,2021-05-13,2022-05-13,692.2600,692.2600,2022-05-13,1,1,1,2026-08-24T00:00:00.000,2018-01-01T00:00:00.000,9999-12-31T00:00:00.000,1,0cdc7cc63ef95c4083677b8acf8c3d790cdc7cc63ef95c4083677b8acf8c3d79
499,A000499,369,458,2,-1,6,5,1,1,Vertex Asset 499,Asset starter record 499,A000499,2021-05-14,2021-05-14,2022-05-14,693.6300,693.6300,2022-05-14,1,1,1,2026-08-24T00:00:00.000,2018-01-01T00:00:00.000,9999-12-31T00:00:00.000,1,271363b8b2d45a659a83bebb671e6046271363b8b2d45a659a83bebb671e6046
500,A000500,403,467,3,-1,8,9,7,3,Quartz Asset 500,Asset starter record 500,A000500,2021-05-15,2021-05-15,2022-05-15,695.0000,695.0000,2022-05-15,0,1,1,2026-08-24T00:00:00.000,2018-01-01T00:00:00.000,9999-12-31T00:00:00.000,1,c41f6ec51fad5bb09aa16cb79786b079c41f6ec51fad5bb09aa16cb79786b079
