EngineeringPartRevisionKey,PartRevisionNumber,ProductKey,EngineeringTeamKey,EngineeringLifecycleStatusKey,UnitOfMeasureKey,EngineeringPartRevisionName,RevisionCode,ActiveFlag,StandardValue,SourceSystemKey,BatchId,LoadedAtUtc,EffectiveFromUtc,EffectiveToUtc,IsCurrent,RowHash
-1,UNKNOWN,-1,-1,-1,-1,Unknown,UNKNOWN,0,0.0000,-1,0,1900-01-01T00:00:00.000,1900-01-01T00:00:00.000,1900-01-01T00:00:00.000,0,0000000000000000000000000000000000000000000000000000000000000000
1,EPR000001,425,124,1,1,Meridian EngineeringPartRevision 1,EPR000001,1,11.3700,1,1,2026-08-24T00:00:00.000,2018-01-01T00:00:00.000,9999-12-31T00:00:00.000,1,3f53bf87b87f5c608a04bd1e98a3fb693f53bf87b87f5c608a04bd1e98a3fb69
2,EPR000002,80,406,4,7,Zenith EngineeringPartRevision 2,EPR000002,1,12.7400,1,1,2026-08-24T00:00:00.000,2018-01-01T00:00:00.000,9999-12-31T00:00:00.000,1,a408bedea3d05a43be8f2e75d4cbbb20a408bedea3d05a43be8f2e75d4cbbb20
3,EPR000003,392,360,1,7,Junction EngineeringPartRevision 3,EPR000003,1,14.1100,1,1,2026-08-24T00:00:00.000,2018-01-01T00:00:00.000,9999-12-31T00:00:00.000,1,37ecb99100235e9f9eeebbe0a93920ef37ecb99100235e9f9eeebbe0a93920ef
4,EPR000004,418,152,10,1,Unity EngineeringPartRevision 4,EPR000004,1,15.4800,1,1,2026-08-24T00:00:00.000,2018-01-01T00:00:00.000,9999-12-31T00:00:00.000,1,1541dad70f4e5107a28a037b74759a881541dad70f4e5107a28a037b74759a88
5,EPR000005,437,304,5,7,Northstar EngineeringPartRevision 5,EPR000005,0,16.8500,1,1,2026-08-24T00:00:00.000,2018-01-01T00:00:00.000,9999-12-31T00:00:00.000,1,75ba88ea821f592c9eaa4c2b276f87e475ba88ea821f592c9eaa4c2b276f87e4
6,EPR000006,292,221,3,7,Granite EngineeringPartRevision 6,EPR000006,1,18.2200,1,1,2026-08-24T00:00:00.000,2018-01-01T00:00:00.000,9999-12-31T00:00:00.000,1,3ff14bb0a541519e866c3f525bb649113ff14bb0a541519e866c3f525bb64911
7,EPR000007,109,1,10,6,Northstar EngineeringPartRevision 7,EPR000007,1,19.5900,1,1,2026-08-24T00:00:00.000,2018-01-01T00:00:00.000,9999-12-31T00:00:00.000,1,9776daaca4f1566b9af079a3ac3b3bea9776daaca4f1566b9af079a3ac3b3bea
8,EPR000008,117,40,9,4,Riverton EngineeringPartRevision 8,EPR000008,1,20.9600,1,1,2026-08-24T00:00:00.000,2018-01-01T00:00:00.000,9999-12-31T00:00:00.000,1,e66b3ba2131a55f99f93915dbdc0f91ee66b3ba2131a55f99f93915dbdc0f91e
9,EPR000009,438,378,2,7,Junction EngineeringPartRevision 9,EPR000009,1,22.3300,1,1,2026-08-24T00:00:00.000,2018-01-01T00:00:00.000,9999-12-31T00:00:00.000,1,d342300a80ae5570bcddea674ef2808cd342300a80ae5570bcddea674ef2808c
10,EPR000010,100,23,6,1,Riverton EngineeringPartRevision 10,EPR000010,0,23.7000,1,1,2026-08-24T00:00:00.000,2018-01-01T00:00:00.000,9999-12-31T00:00:00.000,1,cba177bb12165f5b8823e60e5888afa0cba177bb12165f5b8823e60e5888afa0
11,EPR000011,397,208,4,1,Forge EngineeringPartRevision 11,EPR000011,1,25.0700,1,1,2026-08-24T00:00:00.000,2018-01-01T00:00:00.000,9999-12-31T00:00:00.000,1,20c45449f9955f7d813574c0f182f22020c45449f9955f7d813574c0f182f220
12,EPR000012,181,442,1,3,Harbor EngineeringPartRevision 12,EPR000012,1,26.4400,1,1,2026-08-24T00:00:00.000,2018-01-01T00:00:00.000,9999-12-31T00:00:00.000,1,564bb4003a5258949802e51c2b9e2228564bb4003a5258949802e51c2b9e2228
13,EPR000013,450,295,3,5,Junction EngineeringPartRevision 13,EPR000013,1,27.8100,1,1,2026-08-24T00:00:00.000,2018-01-01T00:00:00.000,9999-12-31T00:00:00.000,1,be4eaf1fdaca51cc927f2088141339f5be4eaf1fdaca51cc927f2088141339f5
14,EPR000014,248,108,8,1,Forge EngineeringPartRevision 14,EPR000014,1,29.1800,1,1,2026-08-24T00:00:00.000,2018-01-01T00:00:00.000,9999-12-31T00:00:00.000,1,49d0196a35f55ccf911194b429dc079b49d0196a35f55ccf911194b429dc079b
15,EPR000015,330,125,3,7,Riverton EngineeringPartRevision 15,EPR000015,0,30.5500,1,1,2026-08-24T00:00:00.000,2018-01-01T00:00:00.000,9999-12-31T00:00:00.000,1,4fcf9e7fddfc512d8eb1abb663db2a944fcf9e7fddfc512d8eb1abb663db2a94
16,EPR000016,144,367,2,7,Zenith EngineeringPartRevision 16,EPR000016,1,31.9200,1,1,2026-08-24T00:00:00.000,2018-01-01T00:00:00.000,9999-12-31T00:00:00.000,1,5f874c15628c57729dd2b7f78a0da3465f874c15628c57729dd2b7f78a0da346
17,EPR000017,282,447,3,3,Liberty EngineeringPartRevision 17,EPR000017,1,33.2900,1,1,2026-08-24T00:00:00.000,2018-01-01T00:00:00.000,9999-12-31T00:00:00.000,1,664c4794e80e5c24afad434a1f0892e1664c4794e80e5c24afad434a1f0892e1
18,EPR000018,77,18,1,1,Ion EngineeringPartRevision 18,EPR000018,1,34.6600,1,1,2026-08-24T00:00:00.000,2018-01-01T00:00:00.000,9999-12-31T00:00:00.000,1,5932cbe1fc2256899c10efdab2d3ce8c5932cbe1fc2256899c10efdab2d3ce8c
19,EPR000019,433,292,4,5,Evergreen EngineeringPartRevision 19,EPR000019,1,36.0300,1,1,2026-08-24T00:00:00.000,2018-01-01T00:00:00.000,9999-12-31T00:00:00.000,1,e1391c49d7f953938daad571b51959d8e1391c49d7f953938daad571b51959d8
20,EPR000020,489,125,8,3,Forge EngineeringPartRevision 20,EPR000020,0,37.4000,1,1,2026-08-24T00:00:00.000,2018-01-01T00:00:00.000,9999-12-31T00:00:00.000,1,913c79f524185f0ab4166a84c618fbdc913c79f524185f0ab4166a84c618fbdc
21,EPR000021,486,415,8,5,Quartz EngineeringPartRevision 21,EPR000021,1,38.7700,1,1,2026-08-24T00:00:00.000,2018-01-01T00:00:00.000,9999-12-31T00:00:00.000,1,c125b9e2499d5c59ad73aea200823ee5c125b9e2499d5c59ad73aea200823ee5
22,EPR000022,474,315,7,6,Titan EngineeringPartRevision 22,EPR000022,1,40.1400,1,1,2026-08-24T00:00:00.000,2018-01-01T00:00:00.000,9999-12-31T00:00:00.000,1,0bb1b82430865e8d800cded586d2f9b40bb1b82430865e8d800cded586d2f9b4
23,EPR000023,396,268,5,5,Keystone EngineeringPartRevision 23,EPR000023,1,41.5100,1,1,2026-08-24T00:00:00.000,2018-01-01T00:00:00.000,9999-12-31T00:00:00.000,1,dc94dc9130105af68512e88f8e908475dc94dc9130105af68512e88f8e908475
24,EPR000024,496,414,3,5,Vertex EngineeringPartRevision 24,EPR000024,1,42.8800,1,1,2026-08-24T00:00:00.000,2018-01-01T00:00:00.000,9999-12-31T00:00:00.000,1,606a68264d1a50119d601dd0397d1e2f606a68264d1a50119d601dd0397d1e2f
25,EPR000025,205,236,8,5,Northstar EngineeringPartRevision 25,EPR000025,0,44.2500,1,1,2026-08-24T00:00:00.000,2018-01-01T00:00:00.000,9999-12-31T00:00:00.000,1,5146caecb45d54fdbf57377dc381abc75146caecb45d54fdbf57377dc381abc7
26,EPR000026,473,432,9,6,Summit EngineeringPartRevision 26,EPR000026,1,45.6200,1,1,2026-08-24T00:00:00.000,2018-01-01T00:00:00.000,9999-12-31T00:00:00.000,1,3c55c05df3e15f31a3d36c2d9b1b736d3c55c05df3e15f31a3d36c2d9b1b736d
27,EPR000027,110,17,7,1,Riverton EngineeringPartRevision 27,EPR000027,1,46.9900,1,1,2026-08-24T00:00:00.000,2018-01-01T00:00:00.000,9999-12-31T00:00:00.000,1,d5b616703ef054d0a33a98d346fcfe94d5b616703ef054d0a33a98d346fcfe94
28,EPR000028,196,397,9,5,Orion EngineeringPartRevision 28,EPR000028,1,48.3600,1,1,2026-08-24T00:00:00.000,2018-01-01T00:00:00.000,9999-12-31T00:00:00.000,1,09ce9de0229d519a98e1b016502a539a09ce9de0229d519a98e1b016502a539a
29,EPR000029,250,168,4,3,Meridian EngineeringPartRevision 29,EPR000029,1,49.7300,1,1,2026-08-24T00:00:00.000,2018-01-01T00:00:00.000,9999-12-31T00:00:00.000,1,fd4f5e1ed0495c5088bada4da9451a75fd4f5e1ed0495c5088bada4da9451a75
30,EPR000030,428,310,2,6,Evergreen EngineeringPartRevision 30,EPR000030,0,51.1000,1,1,2026-08-24T00:00:00.000,2018-01-01T00:00:00.000,9999-12-31T00:00:00.000,1,94a85dbd958e53878bde56c0a43a0a2894a85dbd958e53878bde56c0a43a0a28
31,EPR000031,332,388,1,5,Riverton EngineeringPartRevision 31,EPR000031,1,52.4700,1,1,2026-08-24T00:00:00.000,2018-01-01T00:00:00.000,9999-12-31T00:00:00.000,1,a125d55b5d5358e6b7ada5173f879e86a125d55b5d5358e6b7ada5173f879e86
32,EPR000032,40,382,8,5,Pioneer EngineeringPartRevision 32,EPR000032,1,53.8400,1,1,2026-08-24T00:00:00.000,2018-01-01T00:00:00.000,9999-12-31T00:00:00.000,1,6a5d39df9c565c838e525de0bb0292516a5d39df9c565c838e525de0bb029251
33,EPR000033,330,86,2,6,Quartz EngineeringPartRevision 33,EPR000033,1,55.2100,1,1,2026-08-24T00:00:00.000,2018-01-01T00:00:00.000,9999-12-31T00:00:00.000,1,84e6dd9bbaf05c3bab4517d54f21d34a84e6dd9bbaf05c3bab4517d54f21d34a
34,EPR000034,208,85,1,1,Delta EngineeringPartRevision 34,EPR000034,1,56.5800,1,1,2026-08-24T00:00:00.000,2018-01-01T00:00:00.000,9999-12-31T00:00:00.000,1,ca4b084af90656e3a0102a033ac2bd88ca4b084af90656e3a0102a033ac2bd88
35,EPR000035,434,441,5,2,Unity EngineeringPartRevision 35,EPR000035,0,57.9500,1,1,2026-08-24T00:00:00.000,2018-01-01T00:00:00.000,9999-12-31T00:00:00.000,1,603b39bd64a25b6cbcce8e56ce5fd910603b39bd64a25b6cbcce8e56ce5fd910
36,EPR000036,362,188,3,3,Northstar EngineeringPartRevision 36,EPR000036,1,59.3200,1,1,2026-08-24T00:00:00.000,2018-01-01T00:00:00.000,9999-12-31T00:00:00.000,1,3ae889d9903654118284c19da7cffd5b3ae889d9903654118284c19da7cffd5b
37,EPR000037,242,359,2,7,Forge EngineeringPartRevision 37,EPR000037,1,60.6900,1,1,2026-08-24T00:00:00.000,2018-01-01T00:00:00.000,9999-12-31T00:00:00.000,1,a3e21fb1dd1756bcb6a485b05c4e251fa3e21fb1dd1756bcb6a485b05c4e251f
38,EPR000038,331,107,5,7,Junction EngineeringPartRevision 38,EPR000038,1,62.0600,1,1,2026-08-24T00:00:00.000,2018-01-01T00:00:00.000,9999-12-31T00:00:00.000,1,0459d734d8f05f6b93fbadb6a2b13e6f0459d734d8f05f6b93fbadb6a2b13e6f
39,EPR000039,100,2,8,2,Keystone EngineeringPartRevision 39,EPR000039,1,63.4300,1,1,2026-08-24T00:00:00.000,2018-01-01T00:00:00.000,9999-12-31T00:00:00.000,1,59185f34601957d482d90bc91e43810c59185f34601957d482d90bc91e43810c
40,EPR000040,366,418,2,5,Delta EngineeringPartRevision 40,EPR000040,0,64.8000,1,1,2026-08-24T00:00:00.000,2018-01-01T00:00:00.000,9999-12-31T00:00:00.000,1,af9dbd9807e157919d4f12f60a3cea5baf9dbd9807e157919d4f12f60a3cea5b
41,EPR000041,251,404,9,4,Titan EngineeringPartRevision 41,EPR000041,1,66.1700,1,1,2026-08-24T00:00:00.000,2018-01-01T00:00:00.000,9999-12-31T00:00:00.000,1,4f2ac4c59a925a44a7fc9c743f329ea74f2ac4c59a925a44a7fc9c743f329ea7
42,EPR000042,69,292,3,1,Harbor EngineeringPartRevision 42,EPR000042,1,67.5400,1,1,2026-08-24T00:00:00.000,2018-01-01T00:00:00.000,9999-12-31T00:00:00.000,1,161c6c9a9ec351b68498774912855c47161c6c9a9ec351b68498774912855c47
43,EPR000043,241,123,8,1,Northstar EngineeringPartRevision 43,EPR000043,1,68.9100,1,1,2026-08-24T00:00:00.000,2018-01-01T00:00:00.000,9999-12-31T00:00:00.000,1,b75b52c68d705e4fa24ad905dc96f336b75b52c68d705e4fa24ad905dc96f336
44,EPR000044,226,294,1,6,Liberty EngineeringPartRevision 44,EPR000044,1,70.2800,1,1,2026-08-24T00:00:00.000,2018-01-01T00:00:00.000,9999-12-31T00:00:00.000,1,ab049f6b8e6c55398970bff1095288f6ab049f6b8e6c55398970bff1095288f6
45,EPR000045,119,273,1,6,Junction EngineeringPartRevision 45,EPR000045,0,71.6500,1,1,2026-08-24T00:00:00.000,2018-01-01T00:00:00.000,9999-12-31T00:00:00.000,1,56762ff7b8e95d688846be70cccddedb56762ff7b8e95d688846be70cccddedb
46,EPR000046,173,216,5,3,Meridian EngineeringPartRevision 46,EPR000046,1,73.0200,1,1,2026-08-24T00:00:00.000,2018-01-01T00:00:00.000,9999-12-31T00:00:00.000,1,66da346dd32555a69ec2ddb8a7b04e2d66da346dd32555a69ec2ddb8a7b04e2d
47,EPR000047,7,263,4,2,Atlas EngineeringPartRevision 47,EPR000047,1,74.3900,1,1,2026-08-24T00:00:00.000,2018-01-01T00:00:00.000,9999-12-31T00:00:00.000,1,b280b56a67b755cf91c54f9d4c1f1af4b280b56a67b755cf91c54f9d4c1f1af4
48,EPR000048,311,433,4,4,Riverton EngineeringPartRevision 48,EPR000048,1,75.7600,1,1,2026-08-24T00:00:00.000,2018-01-01T00:00:00.000,9999-12-31T00:00:00.000,1,0084d04b25405854acda744b52f209160084d04b25405854acda744b52f20916
49,EPR000049,242,172,3,6,Zenith EngineeringPartRevision 49,EPR000049,1,77.1300,1,1,2026-08-24T00:00:00.000,2018-01-01T00:00:00.000,9999-12-31T00:00:00.000,1,8ba35f95c62c53e5a906fc6905653e538ba35f95c62c53e5a906fc6905653e53
50,EPR000050,181,409,6,1,Meridian EngineeringPartRevision 50,EPR000050,0,78.5000,1,1,2026-08-24T00:00:00.000,2018-01-01T00:00:00.000,9999-12-31T00:00:00.000,1,50a623e84ba357d996bcb016038fea6850a623e84ba357d996bcb016038fea68
51,EPR000051,184,277,2,4,Beacon EngineeringPartRevision 51,EPR000051,1,79.8700,1,1,2026-08-24T00:00:00.000,2018-01-01T00:00:00.000,9999-12-31T00:00:00.000,1,d79dc61d474a5b42b581ab6af59a6640d79dc61d474a5b42b581ab6af59a6640
52,EPR000052,115,301,8,7,Granite EngineeringPartRevision 52,EPR000052,1,81.2400,1,1,2026-08-24T00:00:00.000,2018-01-01T00:00:00.000,9999-12-31T00:00:00.000,1,ad9f4742f24b56f0b7645795e329ead8ad9f4742f24b56f0b7645795e329ead8
53,EPR000053,216,168,2,4,Liberty EngineeringPartRevision 53,EPR000053,1,82.6100,1,1,2026-08-24T00:00:00.000,2018-01-01T00:00:00.000,9999-12-31T00:00:00.000,1,01af3448deaa55b6b81033392398364101af3448deaa55b6b810333923983641
54,EPR000054,306,193,3,3,Meridian EngineeringPartRevision 54,EPR000054,1,83.9800,1,1,2026-08-24T00:00:00.000,2018-01-01T00:00:00.000,9999-12-31T00:00:00.000,1,0a34f7f40aa952b4a5627b42864ff6a30a34f7f40aa952b4a5627b42864ff6a3
55,EPR000055,10,351,7,7,Orion EngineeringPartRevision 55,EPR000055,0,85.3500,1,1,2026-08-24T00:00:00.000,2018-01-01T00:00:00.000,9999-12-31T00:00:00.000,1,9db46f51d9de584287c898dc84e030cb9db46f51d9de584287c898dc84e030cb
56,EPR000056,12,240,5,2,Harbor EngineeringPartRevision 56,EPR000056,1,86.7200,1,1,2026-08-24T00:00:00.000,2018-01-01T00:00:00.000,9999-12-31T00:00:00.000,1,5f93ad0b1cd85a7499c3b170265563265f93ad0b1cd85a7499c3b17026556326
57,EPR000057,68,6,3,6,Harbor EngineeringPartRevision 57,EPR000057,1,88.0900,1,1,2026-08-24T00:00:00.000,2018-01-01T00:00:00.000,9999-12-31T00:00:00.000,1,32b49755b7375e72b6f01bfc64c904dc32b49755b7375e72b6f01bfc64c904dc
58,EPR000058,255,214,1,3,Vertex EngineeringPartRevision 58,EPR000058,1,89.4600,1,1,2026-08-24T00:00:00.000,2018-01-01T00:00:00.000,9999-12-31T00:00:00.000,1,ea8f42a36a2158e18215f23ca75702f8ea8f42a36a2158e18215f23ca75702f8
59,EPR000059,366,2,4,3,Meridian EngineeringPartRevision 59,EPR000059,1,90.8300,1,1,2026-08-24T00:00:00.000,2018-01-01T00:00:00.000,9999-12-31T00:00:00.000,1,944d9c1c766658828476e774e719e4a8944d9c1c766658828476e774e719e4a8
60,EPR000060,121,52,9,4,Evergreen EngineeringPartRevision 60,EPR000060,0,92.2000,1,1,2026-08-24T00:00:00.000,2018-01-01T00:00:00.000,9999-12-31T00:00:00.000,1,0b48c108002f56e98a3232beb06d87940b48c108002f56e98a3232beb06d8794
61,EPR000061,202,208,7,4,Summit EngineeringPartRevision 61,EPR000061,1,93.5700,1,1,2026-08-24T00:00:00.000,2018-01-01T00:00:00.000,9999-12-31T00:00:00.000,1,9cb66a06a9e252178bf6518516c5335a9cb66a06a9e252178bf6518516c5335a
62,EPR000062,250,357,1,5,Unity EngineeringPartRevision 62,EPR000062,1,94.9400,1,1,2026-08-24T00:00:00.000,2018-01-01T00:00:00.000,9999-12-31T00:00:00.000,1,29a485b5a61c57b2b99505289820802729a485b5a61c57b2b995052898208027
63,EPR000063,193,81,9,3,Atlas EngineeringPartRevision 63,EPR000063,1,96.3100,1,1,2026-08-24T00:00:00.000,2018-01-01T00:00:00.000,9999-12-31T00:00:00.000,1,a611c9b22db856beaa68b1b64ae44425a611c9b22db856beaa68b1b64ae44425
64,EPR000064,398,272,9,5,Ion EngineeringPartRevision 64,EPR000064,1,97.6800,1,1,2026-08-24T00:00:00.000,2018-01-01T00:00:00.000,9999-12-31T00:00:00.000,1,fc1e84c038f852138bf50fef8e5f8001fc1e84c038f852138bf50fef8e5f8001
65,EPR000065,169,398,3,3,Junction EngineeringPartRevision 65,EPR000065,0,99.0500,1,1,2026-08-24T00:00:00.000,2018-01-01T00:00:00.000,9999-12-31T00:00:00.000,1,1337e4880f0753abaf9d25ba06cc6bc41337e4880f0753abaf9d25ba06cc6bc4
66,EPR000066,341,127,1,7,Evergreen EngineeringPartRevision 66,EPR000066,1,100.4200,1,1,2026-08-24T00:00:00.000,2018-01-01T00:00:00.000,9999-12-31T00:00:00.000,1,5e1288488f5550a39b400bf27e1199dd5e1288488f5550a39b400bf27e1199dd
67,EPR000067,254,421,2,7,Pioneer EngineeringPartRevision 67,EPR000067,1,101.7900,1,1,2026-08-24T00:00:00.000,2018-01-01T00:00:00.000,9999-12-31T00:00:00.000,1,fda35deb7e265823962fb50266f8da6ffda35deb7e265823962fb50266f8da6f
68,EPR000068,304,328,5,3,Granite EngineeringPartRevision 68,EPR000068,1,103.1600,1,1,2026-08-24T00:00:00.000,2018-01-01T00:00:00.000,9999-12-31T00:00:00.000,1,acca23bb1eb850d3ac6d22b87000b97aacca23bb1eb850d3ac6d22b87000b97a
69,EPR000069,131,324,7,7,Delta EngineeringPartRevision 69,EPR000069,1,104.5300,1,1,2026-08-24T00:00:00.000,2018-01-01T00:00:00.000,9999-12-31T00:00:00.000,1,d20d92aac25550ce829c4f777f60e3bcd20d92aac25550ce829c4f777f60e3bc
70,EPR000070,470,440,8,7,Summit EngineeringPartRevision 70,EPR000070,0,105.9000,1,1,2026-08-24T00:00:00.000,2018-01-01T00:00:00.000,9999-12-31T00:00:00.000,1,cc8c9aefbee756089e6c02dc96c515c7cc8c9aefbee756089e6c02dc96c515c7
71,EPR000071,123,198,9,7,Titan EngineeringPartRevision 71,EPR000071,1,107.2700,1,1,2026-08-24T00:00:00.000,2018-01-01T00:00:00.000,9999-12-31T00:00:00.000,1,d88ba030792b51b8a73ab68b6516abe7d88ba030792b51b8a73ab68b6516abe7
72,EPR000072,195,281,3,1,Vertex EngineeringPartRevision 72,EPR000072,1,108.6400,1,1,2026-08-24T00:00:00.000,2018-01-01T00:00:00.000,9999-12-31T00:00:00.000,1,2b3ccfd3f503533d9e5a00d4a837fffb2b3ccfd3f503533d9e5a00d4a837fffb
73,EPR000073,479,310,1,6,Ion EngineeringPartRevision 73,EPR000073,1,110.0100,1,1,2026-08-24T00:00:00.000,2018-01-01T00:00:00.000,9999-12-31T00:00:00.000,1,000e2d48a8475caaa5fe326bf38cea6c000e2d48a8475caaa5fe326bf38cea6c
74,EPR000074,491,339,4,6,Evergreen EngineeringPartRevision 74,EPR000074,1,111.3800,1,1,2026-08-24T00:00:00.000,2018-01-01T00:00:00.000,9999-12-31T00:00:00.000,1,6cfc464b8c51581ca525ca17a738e30d6cfc464b8c51581ca525ca17a738e30d
75,EPR000075,14,168,7,3,Riverton EngineeringPartRevision 75,EPR000075,0,112.7500,1,1,2026-08-24T00:00:00.000,2018-01-01T00:00:00.000,9999-12-31T00:00:00.000,1,45686e8982d05ee6a4de85bdb22a287c45686e8982d05ee6a4de85bdb22a287c
76,EPR000076,178,46,5,2,Beacon EngineeringPartRevision 76,EPR000076,1,114.1200,1,1,2026-08-24T00:00:00.000,2018-01-01T00:00:00.000,9999-12-31T00:00:00.000,1,3d1c2251118f5d76983906efd61dd7373d1c2251118f5d76983906efd61dd737
77,EPR000077,229,343,3,3,Willow EngineeringPartRevision 77,EPR000077,1,115.4900,1,1,2026-08-24T00:00:00.000,2018-01-01T00:00:00.000,9999-12-31T00:00:00.000,1,567c71d0fd815440a99ca0142662ceae567c71d0fd815440a99ca0142662ceae
78,EPR000078,371,188,3,1,Pioneer EngineeringPartRevision 78,EPR000078,1,116.8600,1,1,2026-08-24T00:00:00.000,2018-01-01T00:00:00.000,9999-12-31T00:00:00.000,1,f8986383d948579baccf8f5448e290b3f8986383d948579baccf8f5448e290b3
79,EPR000079,216,203,8,4,Forge EngineeringPartRevision 79,EPR000079,1,118.2300,1,1,2026-08-24T00:00:00.000,2018-01-01T00:00:00.000,9999-12-31T00:00:00.000,1,7a010d122e835bc2842871b5f206dd167a010d122e835bc2842871b5f206dd16
80,EPR000080,452,132,2,1,Keystone EngineeringPartRevision 80,EPR000080,0,119.6000,1,1,2026-08-24T00:00:00.000,2018-01-01T00:00:00.000,9999-12-31T00:00:00.000,1,c3f8a31e0cba527e89c4c31f7c3690e3c3f8a31e0cba527e89c4c31f7c3690e3
81,EPR000081,88,437,1,4,Titan EngineeringPartRevision 81,EPR000081,1,120.9700,1,1,2026-08-24T00:00:00.000,2018-01-01T00:00:00.000,9999-12-31T00:00:00.000,1,39a7e1335a73518c87fba836f4ef5f7839a7e1335a73518c87fba836f4ef5f78
82,EPR000082,469,422,5,1,Northstar EngineeringPartRevision 82,EPR000082,1,122.3400,1,1,2026-08-24T00:00:00.000,2018-01-01T00:00:00.000,9999-12-31T00:00:00.000,1,a841dc2f66b15ed8bcaa0cc22612232ea841dc2f66b15ed8bcaa0cc22612232e
83,EPR000083,56,420,1,6,Meridian EngineeringPartRevision 83,EPR000083,1,123.7100,1,1,2026-08-24T00:00:00.000,2018-01-01T00:00:00.000,9999-12-31T00:00:00.000,1,d023554e19e35bc49412ae03fe063f80d023554e19e35bc49412ae03fe063f80
84,EPR000084,7,203,5,7,Atlas EngineeringPartRevision 84,EPR000084,1,125.0800,1,1,2026-08-24T00:00:00.000,2018-01-01T00:00:00.000,9999-12-31T00:00:00.000,1,50c15e57473c5c46924d56faceccb12650c15e57473c5c46924d56faceccb126
85,EPR000085,120,267,4,2,Quartz EngineeringPartRevision 85,EPR000085,0,126.4500,1,1,2026-08-24T00:00:00.000,2018-01-01T00:00:00.000,9999-12-31T00:00:00.000,1,3d948e382d1d5603a547e48c63ffec573d948e382d1d5603a547e48c63ffec57
86,EPR000086,424,138,2,4,Delta EngineeringPartRevision 86,EPR000086,1,127.8200,1,1,2026-08-24T00:00:00.000,2018-01-01T00:00:00.000,9999-12-31T00:00:00.000,1,eb12bf5541f05272a2aa0eeb5e7b9304eb12bf5541f05272a2aa0eeb5e7b9304
87,EPR000087,430,181,3,1,Orion EngineeringPartRevision 87,EPR000087,1,129.1900,1,1,2026-08-24T00:00:00.000,2018-01-01T00:00:00.000,9999-12-31T00:00:00.000,1,c9cd9ce9793255c8bcb7f1a062ab804ac9cd9ce9793255c8bcb7f1a062ab804a
88,EPR000088,169,186,1,6,Cedar EngineeringPartRevision 88,EPR000088,1,130.5600,1,1,2026-08-24T00:00:00.000,2018-01-01T00:00:00.000,9999-12-31T00:00:00.000,1,de1fadb4e47f54d285cbd1487494b26ade1fadb4e47f54d285cbd1487494b26a
89,EPR000089,2,118,10,7,Forge EngineeringPartRevision 89,EPR000089,1,131.9300,1,1,2026-08-24T00:00:00.000,2018-01-01T00:00:00.000,9999-12-31T00:00:00.000,1,42096d9bc2845f98bf01ddd141123b3542096d9bc2845f98bf01ddd141123b35
90,EPR000090,356,192,4,6,Cedar EngineeringPartRevision 90,EPR000090,0,133.3000,1,1,2026-08-24T00:00:00.000,2018-01-01T00:00:00.000,9999-12-31T00:00:00.000,1,85d20c84e43e5cb1b4a4f43777fa610d85d20c84e43e5cb1b4a4f43777fa610d
91,EPR000091,328,250,2,7,Delta EngineeringPartRevision 91,EPR000091,1,134.6700,1,1,2026-08-24T00:00:00.000,2018-01-01T00:00:00.000,9999-12-31T00:00:00.000,1,5ce948ada38058368912d54e68d593505ce948ada38058368912d54e68d59350
92,EPR000092,491,136,4,7,Granite EngineeringPartRevision 92,EPR000092,1,136.0400,1,1,2026-08-24T00:00:00.000,2018-01-01T00:00:00.000,9999-12-31T00:00:00.000,1,5214edf43a735b3981453f60d2f3a38a5214edf43a735b3981453f60d2f3a38a
93,EPR000093,348,171,2,4,Harbor EngineeringPartRevision 93,EPR000093,1,137.4100,1,1,2026-08-24T00:00:00.000,2018-01-01T00:00:00.000,9999-12-31T00:00:00.000,1,ea30da49bd985b08895ed2264f600dcbea30da49bd985b08895ed2264f600dcb
94,EPR000094,387,82,8,3,Vertex EngineeringPartRevision 94,EPR000094,1,138.7800,1,1,2026-08-24T00:00:00.000,2018-01-01T00:00:00.000,9999-12-31T00:00:00.000,1,6e287532f92b561fb40a019e52df55516e287532f92b561fb40a019e52df5551
95,EPR000095,82,327,9,3,Pioneer EngineeringPartRevision 95,EPR000095,0,140.1500,1,1,2026-08-24T00:00:00.000,2018-01-01T00:00:00.000,9999-12-31T00:00:00.000,1,5ed3e0b4511d5d77aed8f591538f45815ed3e0b4511d5d77aed8f591538f4581
96,EPR000096,337,47,10,1,Forge EngineeringPartRevision 96,EPR000096,1,141.5200,1,1,2026-08-24T00:00:00.000,2018-01-01T00:00:00.000,9999-12-31T00:00:00.000,1,5e6a76bb8848594a9c3348f30e31c2925e6a76bb8848594a9c3348f30e31c292
97,EPR000097,66,166,4,4,Beacon EngineeringPartRevision 97,EPR000097,1,142.8900,1,1,2026-08-24T00:00:00.000,2018-01-01T00:00:00.000,9999-12-31T00:00:00.000,1,25320d51e51f5a7e8599a097e35edeb825320d51e51f5a7e8599a097e35edeb8
98,EPR000098,278,351,6,3,Liberty EngineeringPartRevision 98,EPR000098,1,144.2600,1,1,2026-08-24T00:00:00.000,2018-01-01T00:00:00.000,9999-12-31T00:00:00.000,1,fd45c3c26eaf546ca668051d7e78fa96fd45c3c26eaf546ca668051d7e78fa96
99,EPR000099,227,181,7,1,Summit EngineeringPartRevision 99,EPR000099,1,145.6300,1,1,2026-08-24T00:00:00.000,2018-01-01T00:00:00.000,9999-12-31T00:00:00.000,1,d61c0a2efb905cb6a391683005dd38c9d61c0a2efb905cb6a391683005dd38c9
100,EPR000100,197,59,5,2,Vertex EngineeringPartRevision 100,EPR000100,0,147.0000,1,1,2026-08-24T00:00:00.000,2018-01-01T00:00:00.000,9999-12-31T00:00:00.000,1,3b9d78d9a70f59018e5bd74d1cc8abb33b9d78d9a70f59018e5bd74d1cc8abb3
101,EPR000101,84,280,5,5,Junction EngineeringPartRevision 101,EPR000101,1,148.3700,1,1,2026-08-24T00:00:00.000,2018-01-01T00:00:00.000,9999-12-31T00:00:00.000,1,04312ae64e9c52b69b49afd841be233304312ae64e9c52b69b49afd841be2333
102,EPR000102,132,179,4,2,Meridian EngineeringPartRevision 102,EPR000102,1,149.7400,1,1,2026-08-24T00:00:00.000,2018-01-01T00:00:00.000,9999-12-31T00:00:00.000,1,99440ca11c0c51b5bf5f5d601e671c3c99440ca11c0c51b5bf5f5d601e671c3c
103,EPR000103,415,404,9,7,Forge EngineeringPartRevision 103,EPR000103,1,151.1100,1,1,2026-08-24T00:00:00.000,2018-01-01T00:00:00.000,9999-12-31T00:00:00.000,1,991a9eb5080f595c8fab27a3d7f63ded991a9eb5080f595c8fab27a3d7f63ded
104,EPR000104,443,20,2,2,Liberty EngineeringPartRevision 104,EPR000104,1,152.4800,1,1,2026-08-24T00:00:00.000,2018-01-01T00:00:00.000,9999-12-31T00:00:00.000,1,0d864ad17c655ef5917c0155927b73ff0d864ad17c655ef5917c0155927b73ff
105,EPR000105,430,182,6,6,Junction EngineeringPartRevision 105,EPR000105,0,153.8500,1,1,2026-08-24T00:00:00.000,2018-01-01T00:00:00.000,9999-12-31T00:00:00.000,1,7619d9ec267c574abc24fa4111e74f6f7619d9ec267c574abc24fa4111e74f6f
106,EPR000106,218,297,9,5,Granite EngineeringPartRevision 106,EPR000106,1,155.2200,1,1,2026-08-24T00:00:00.000,2018-01-01T00:00:00.000,9999-12-31T00:00:00.000,1,f837055c446a5e74933651c9765bf6b0f837055c446a5e74933651c9765bf6b0
107,EPR000107,371,438,9,2,Delta EngineeringPartRevision 107,EPR000107,1,156.5900,1,1,2026-08-24T00:00:00.000,2018-01-01T00:00:00.000,9999-12-31T00:00:00.000,1,03f7f603f21e517f9af9dd120373cf1103f7f603f21e517f9af9dd120373cf11
108,EPR000108,377,414,2,4,Willow EngineeringPartRevision 108,EPR000108,1,157.9600,1,1,2026-08-24T00:00:00.000,2018-01-01T00:00:00.000,9999-12-31T00:00:00.000,1,016040b13ee6509ba7480ba8243eb4c7016040b13ee6509ba7480ba8243eb4c7
109,EPR000109,242,77,10,2,Atlas EngineeringPartRevision 109,EPR000109,1,159.3300,1,1,2026-08-24T00:00:00.000,2018-01-01T00:00:00.000,9999-12-31T00:00:00.000,1,4508ad1ab7f055f39f8731cfce32f8874508ad1ab7f055f39f8731cfce32f887
110,EPR000110,70,96,9,1,Quartz EngineeringPartRevision 110,EPR000110,0,160.7000,1,1,2026-08-24T00:00:00.000,2018-01-01T00:00:00.000,9999-12-31T00:00:00.000,1,ce60a1cc5e0557fda0e53834320c8c63ce60a1cc5e0557fda0e53834320c8c63
111,EPR000111,184,130,9,6,Unity EngineeringPartRevision 111,EPR000111,1,162.0700,1,1,2026-08-24T00:00:00.000,2018-01-01T00:00:00.000,9999-12-31T00:00:00.000,1,d4c2dbc7a0b75fee941ae697d472de23d4c2dbc7a0b75fee941ae697d472de23
112,EPR000112,67,36,3,6,Vertex EngineeringPartRevision 112,EPR000112,1,163.4400,1,1,2026-08-24T00:00:00.000,2018-01-01T00:00:00.000,9999-12-31T00:00:00.000,1,d3d7ded8d29d5ee69e7964e4487eba92d3d7ded8d29d5ee69e7964e4487eba92
113,EPR000113,478,351,6,5,Beacon EngineeringPartRevision 113,EPR000113,1,164.8100,1,1,2026-08-24T00:00:00.000,2018-01-01T00:00:00.000,9999-12-31T00:00:00.000,1,5c91a9c80de155c78efaedfa9615bbbf5c91a9c80de155c78efaedfa9615bbbf
114,EPR000114,361,102,1,6,Granite EngineeringPartRevision 114,EPR000114,1,166.1800,1,1,2026-08-24T00:00:00.000,2018-01-01T00:00:00.000,9999-12-31T00:00:00.000,1,0fe69b14d1885f5fa289489e0a20d0250fe69b14d1885f5fa289489e0a20d025
115,EPR000115,161,390,9,1,Willow EngineeringPartRevision 115,EPR000115,0,167.5500,1,1,2026-08-24T00:00:00.000,2018-01-01T00:00:00.000,9999-12-31T00:00:00.000,1,d01abd4a04d7573991cbf3417987cf04d01abd4a04d7573991cbf3417987cf04
116,EPR000116,2,426,3,1,Evergreen EngineeringPartRevision 116,EPR000116,1,168.9200,1,1,2026-08-24T00:00:00.000,2018-01-01T00:00:00.000,9999-12-31T00:00:00.000,1,26a6d2ed959a52cb82608fffe538fb3926a6d2ed959a52cb82608fffe538fb39
117,EPR000117,152,426,10,6,Keystone EngineeringPartRevision 117,EPR000117,1,170.2900,1,1,2026-08-24T00:00:00.000,2018-01-01T00:00:00.000,9999-12-31T00:00:00.000,1,ecb3b8be23eb5dd180665942c3ddba50ecb3b8be23eb5dd180665942c3ddba50
118,EPR000118,77,372,5,1,Northstar EngineeringPartRevision 118,EPR000118,1,171.6600,1,1,2026-08-24T00:00:00.000,2018-01-01T00:00:00.000,9999-12-31T00:00:00.000,1,79a2835f805b59a1812b5971fd52740c79a2835f805b59a1812b5971fd52740c
119,EPR000119,149,366,1,1,Willow EngineeringPartRevision 119,EPR000119,1,173.0300,1,1,2026-08-24T00:00:00.000,2018-01-01T00:00:00.000,9999-12-31T00:00:00.000,1,1e8255dee64950d08066581b6681d3f81e8255dee64950d08066581b6681d3f8
120,EPR000120,4,383,7,4,Ion EngineeringPartRevision 120,EPR000120,0,174.4000,1,1,2026-08-24T00:00:00.000,2018-01-01T00:00:00.000,9999-12-31T00:00:00.000,1,f49a9d90ec7b5c47ac1e0c1d1c5e06cff49a9d90ec7b5c47ac1e0c1d1c5e06cf
121,EPR000121,396,102,4,3,Meridian EngineeringPartRevision 121,EPR000121,1,175.7700,1,1,2026-08-24T00:00:00.000,2018-01-01T00:00:00.000,9999-12-31T00:00:00.000,1,8ef478469db4540f90ad68c3c04684448ef478469db4540f90ad68c3c0468444
122,EPR000122,97,249,8,4,Beacon EngineeringPartRevision 122,EPR000122,1,177.1400,1,1,2026-08-24T00:00:00.000,2018-01-01T00:00:00.000,9999-12-31T00:00:00.000,1,1d40efa405dd5ffda4905aea4c46ab611d40efa405dd5ffda4905aea4c46ab61
123,EPR000123,75,221,9,3,Titan EngineeringPartRevision 123,EPR000123,1,178.5100,1,1,2026-08-24T00:00:00.000,2018-01-01T00:00:00.000,9999-12-31T00:00:00.000,1,fbbe528b86165a609785790c10ff0b2efbbe528b86165a609785790c10ff0b2e
124,EPR000124,16,362,4,6,Northstar EngineeringPartRevision 124,EPR000124,1,179.8800,1,1,2026-08-24T00:00:00.000,2018-01-01T00:00:00.000,9999-12-31T00:00:00.000,1,72efbd878e22528185d0c80db4cc88f372efbd878e22528185d0c80db4cc88f3
125,EPR000125,462,180,7,5,Atlas EngineeringPartRevision 125,EPR000125,0,181.2500,1,1,2026-08-24T00:00:00.000,2018-01-01T00:00:00.000,9999-12-31T00:00:00.000,1,564547f080565cdd902894b7348ff09d564547f080565cdd902894b7348ff09d
126,EPR000126,253,39,1,5,Forge EngineeringPartRevision 126,EPR000126,1,182.6200,1,1,2026-08-24T00:00:00.000,2018-01-01T00:00:00.000,9999-12-31T00:00:00.000,1,0c930894e6375fb59d59264ed85d1b270c930894e6375fb59d59264ed85d1b27
127,EPR000127,226,147,4,5,Atlas EngineeringPartRevision 127,EPR000127,1,183.9900,1,1,2026-08-24T00:00:00.000,2018-01-01T00:00:00.000,9999-12-31T00:00:00.000,1,766495ab2d4c57d69090baf1e1b22c8b766495ab2d4c57d69090baf1e1b22c8b
128,EPR000128,306,420,1,5,Willow EngineeringPartRevision 128,EPR000128,1,185.3600,1,1,2026-08-24T00:00:00.000,2018-01-01T00:00:00.000,9999-12-31T00:00:00.000,1,86086d3d81ea54aaac41fd5f08e6a4c586086d3d81ea54aaac41fd5f08e6a4c5
129,EPR000129,227,169,3,4,Ion EngineeringPartRevision 129,EPR000129,1,186.7300,1,1,2026-08-24T00:00:00.000,2018-01-01T00:00:00.000,9999-12-31T00:00:00.000,1,14539b4ae3ce5f90b76f00fed0c4dff914539b4ae3ce5f90b76f00fed0c4dff9
130,EPR000130,235,197,1,2,Keystone EngineeringPartRevision 130,EPR000130,0,188.1000,1,1,2026-08-24T00:00:00.000,2018-01-01T00:00:00.000,9999-12-31T00:00:00.000,1,b244b16f2cf4571e9df0fdd6044067acb244b16f2cf4571e9df0fdd6044067ac
131,EPR000131,426,6,2,7,Riverton EngineeringPartRevision 131,EPR000131,1,189.4700,1,1,2026-08-24T00:00:00.000,2018-01-01T00:00:00.000,9999-12-31T00:00:00.000,1,64195b00ed9d55bab942db6769e1c34864195b00ed9d55bab942db6769e1c348
132,EPR000132,106,167,3,7,Unity EngineeringPartRevision 132,EPR000132,1,190.8400,1,1,2026-08-24T00:00:00.000,2018-01-01T00:00:00.000,9999-12-31T00:00:00.000,1,8026ea1ba7765b40affec6f977ee6cd58026ea1ba7765b40affec6f977ee6cd5
133,EPR000133,366,66,2,3,Unity EngineeringPartRevision 133,EPR000133,1,192.2100,1,1,2026-08-24T00:00:00.000,2018-01-01T00:00:00.000,9999-12-31T00:00:00.000,1,d0c64642e17657f492e6b2d9c19fbe14d0c64642e17657f492e6b2d9c19fbe14
134,EPR000134,211,113,10,5,Ion EngineeringPartRevision 134,EPR000134,1,193.5800,1,1,2026-08-24T00:00:00.000,2018-01-01T00:00:00.000,9999-12-31T00:00:00.000,1,62a11b79e49f5782b9d8a2a38f70e03f62a11b79e49f5782b9d8a2a38f70e03f
135,EPR000135,410,443,8,1,Cedar EngineeringPartRevision 135,EPR000135,0,194.9500,1,1,2026-08-24T00:00:00.000,2018-01-01T00:00:00.000,9999-12-31T00:00:00.000,1,40d8107c79675395900f57b9b0baa16b40d8107c79675395900f57b9b0baa16b
136,EPR000136,363,218,7,2,Willow EngineeringPartRevision 136,EPR000136,1,196.3200,1,1,2026-08-24T00:00:00.000,2018-01-01T00:00:00.000,9999-12-31T00:00:00.000,1,b6fcf52f0a2f5e528b70b911ce9b2804b6fcf52f0a2f5e528b70b911ce9b2804
137,EPR000137,20,432,6,6,Quartz EngineeringPartRevision 137,EPR000137,1,197.6900,1,1,2026-08-24T00:00:00.000,2018-01-01T00:00:00.000,9999-12-31T00:00:00.000,1,8d16cf82b67654f9831e1c0be1fe5fe48d16cf82b67654f9831e1c0be1fe5fe4
138,EPR000138,86,299,5,4,Harbor EngineeringPartRevision 138,EPR000138,1,199.0600,1,1,2026-08-24T00:00:00.000,2018-01-01T00:00:00.000,9999-12-31T00:00:00.000,1,d7b506487f20512099d7481caee2b5a9d7b506487f20512099d7481caee2b5a9
139,EPR000139,204,151,5,1,Harbor EngineeringPartRevision 139,EPR000139,1,200.4300,1,1,2026-08-24T00:00:00.000,2018-01-01T00:00:00.000,9999-12-31T00:00:00.000,1,a648fe1b103559dfa1da6f9c4846f905a648fe1b103559dfa1da6f9c4846f905
140,EPR000140,64,110,2,1,Summit EngineeringPartRevision 140,EPR000140,0,201.8000,1,1,2026-08-24T00:00:00.000,2018-01-01T00:00:00.000,9999-12-31T00:00:00.000,1,7dc570e1771c5526b9d810c06a2b06347dc570e1771c5526b9d810c06a2b0634
141,EPR000141,405,38,2,6,Beacon EngineeringPartRevision 141,EPR000141,1,203.1700,1,1,2026-08-24T00:00:00.000,2018-01-01T00:00:00.000,9999-12-31T00:00:00.000,1,fc2af33d6d615373b4a96d7a9ab7d3c8fc2af33d6d615373b4a96d7a9ab7d3c8
142,EPR000142,261,246,4,7,Delta EngineeringPartRevision 142,EPR000142,1,204.5400,1,1,2026-08-24T00:00:00.000,2018-01-01T00:00:00.000,9999-12-31T00:00:00.000,1,0625c46ee6ac5f5a9ece1ea55cc4930b0625c46ee6ac5f5a9ece1ea55cc4930b
143,EPR000143,88,124,4,2,Cedar EngineeringPartRevision 143,EPR000143,1,205.9100,1,1,2026-08-24T00:00:00.000,2018-01-01T00:00:00.000,9999-12-31T00:00:00.000,1,a03cc712ec4652858e51754510f8fabba03cc712ec4652858e51754510f8fabb
144,EPR000144,470,364,3,1,Titan EngineeringPartRevision 144,EPR000144,1,207.2800,1,1,2026-08-24T00:00:00.000,2018-01-01T00:00:00.000,9999-12-31T00:00:00.000,1,806067bba48c53059f714472253e9d8f806067bba48c53059f714472253e9d8f
145,EPR000145,215,259,4,5,Atlas EngineeringPartRevision 145,EPR000145,0,208.6500,1,1,2026-08-24T00:00:00.000,2018-01-01T00:00:00.000,9999-12-31T00:00:00.000,1,afdf3ceba846592fa66f6593a82c8e57afdf3ceba846592fa66f6593a82c8e57
146,EPR000146,208,41,7,3,Forge EngineeringPartRevision 146,EPR000146,1,210.0200,1,1,2026-08-24T00:00:00.000,2018-01-01T00:00:00.000,9999-12-31T00:00:00.000,1,6027d00138885e97b37898f2eb74d6676027d00138885e97b37898f2eb74d667
147,EPR000147,237,277,9,2,Vertex EngineeringPartRevision 147,EPR000147,1,211.3900,1,1,2026-08-24T00:00:00.000,2018-01-01T00:00:00.000,9999-12-31T00:00:00.000,1,fd4733442b675cababf238a11ae1948bfd4733442b675cababf238a11ae1948b
148,EPR000148,30,416,8,1,Atlas EngineeringPartRevision 148,EPR000148,1,212.7600,1,1,2026-08-24T00:00:00.000,2018-01-01T00:00:00.000,9999-12-31T00:00:00.000,1,1a272ead1ab1509485c0d25ca830bbb41a272ead1ab1509485c0d25ca830bbb4
149,EPR000149,60,355,8,1,Orion EngineeringPartRevision 149,EPR000149,1,214.1300,1,1,2026-08-24T00:00:00.000,2018-01-01T00:00:00.000,9999-12-31T00:00:00.000,1,95fddfff0e045e9b8eece2fc8dad404595fddfff0e045e9b8eece2fc8dad4045
150,EPR000150,372,147,8,4,Riverton EngineeringPartRevision 150,EPR000150,0,215.5000,1,1,2026-08-24T00:00:00.000,2018-01-01T00:00:00.000,9999-12-31T00:00:00.000,1,8d00a77a04305133be8507d066891a488d00a77a04305133be8507d066891a48
151,EPR000151,119,331,8,7,Delta EngineeringPartRevision 151,EPR000151,1,216.8700,1,1,2026-08-24T00:00:00.000,2018-01-01T00:00:00.000,9999-12-31T00:00:00.000,1,0e95a3f5f45b528a810a2179a831e5f90e95a3f5f45b528a810a2179a831e5f9
152,EPR000152,117,32,5,1,Ion EngineeringPartRevision 152,EPR000152,1,218.2400,1,1,2026-08-24T00:00:00.000,2018-01-01T00:00:00.000,9999-12-31T00:00:00.000,1,43d7272fe3765b2ba0fe0bd8ee2093fc43d7272fe3765b2ba0fe0bd8ee2093fc
153,EPR000153,423,318,5,3,Riverton EngineeringPartRevision 153,EPR000153,1,219.6100,1,1,2026-08-24T00:00:00.000,2018-01-01T00:00:00.000,9999-12-31T00:00:00.000,1,2f2e5d0f56525c39b864fad726774a9f2f2e5d0f56525c39b864fad726774a9f
154,EPR000154,170,419,6,2,Quartz EngineeringPartRevision 154,EPR000154,1,220.9800,1,1,2026-08-24T00:00:00.000,2018-01-01T00:00:00.000,9999-12-31T00:00:00.000,1,548524fbcd125586bbfc6bfb06d1e320548524fbcd125586bbfc6bfb06d1e320
155,EPR000155,82,261,3,2,Granite EngineeringPartRevision 155,EPR000155,0,222.3500,1,1,2026-08-24T00:00:00.000,2018-01-01T00:00:00.000,9999-12-31T00:00:00.000,1,fa3d5b4748ba52c88ba87601e2da877bfa3d5b4748ba52c88ba87601e2da877b
156,EPR000156,70,121,10,3,Riverton EngineeringPartRevision 156,EPR000156,1,223.7200,1,1,2026-08-24T00:00:00.000,2018-01-01T00:00:00.000,9999-12-31T00:00:00.000,1,83f0eafd1a5e5d358df781fca1772ff783f0eafd1a5e5d358df781fca1772ff7
157,EPR000157,365,255,1,1,Meridian EngineeringPartRevision 157,EPR000157,1,225.0900,1,1,2026-08-24T00:00:00.000,2018-01-01T00:00:00.000,9999-12-31T00:00:00.000,1,7628d5cc2ecb538c8ee1c503d4129e207628d5cc2ecb538c8ee1c503d4129e20
158,EPR000158,306,319,1,5,Vertex EngineeringPartRevision 158,EPR000158,1,226.4600,1,1,2026-08-24T00:00:00.000,2018-01-01T00:00:00.000,9999-12-31T00:00:00.000,1,56dac852fb9057ad88bfa0d2d57e054356dac852fb9057ad88bfa0d2d57e0543
159,EPR000159,233,405,1,3,Cedar EngineeringPartRevision 159,EPR000159,1,227.8300,1,1,2026-08-24T00:00:00.000,2018-01-01T00:00:00.000,9999-12-31T00:00:00.000,1,7a68ae0262a057d8af2ebde1a5d2566b7a68ae0262a057d8af2ebde1a5d2566b
160,EPR000160,375,75,3,7,Delta EngineeringPartRevision 160,EPR000160,0,229.2000,1,1,2026-08-24T00:00:00.000,2018-01-01T00:00:00.000,9999-12-31T00:00:00.000,1,edef6db7832c5464bd8aca400a312489edef6db7832c5464bd8aca400a312489
161,EPR000161,460,430,10,3,Granite EngineeringPartRevision 161,EPR000161,1,230.5700,1,1,2026-08-24T00:00:00.000,2018-01-01T00:00:00.000,9999-12-31T00:00:00.000,1,b5601c7c35cc59e7a9d0cfc2c131e52db5601c7c35cc59e7a9d0cfc2c131e52d
162,EPR000162,161,440,7,1,Beacon EngineeringPartRevision 162,EPR000162,1,231.9400,1,1,2026-08-24T00:00:00.000,2018-01-01T00:00:00.000,9999-12-31T00:00:00.000,1,66d0c87108d156cbbf055f0d4874091b66d0c87108d156cbbf055f0d4874091b
163,EPR000163,78,114,7,4,Beacon EngineeringPartRevision 163,EPR000163,1,233.3100,1,1,2026-08-24T00:00:00.000,2018-01-01T00:00:00.000,9999-12-31T00:00:00.000,1,c93f9acfb7c95bc3a554be54a88748fec93f9acfb7c95bc3a554be54a88748fe
164,EPR000164,315,326,2,4,Atlas EngineeringPartRevision 164,EPR000164,1,234.6800,1,1,2026-08-24T00:00:00.000,2018-01-01T00:00:00.000,9999-12-31T00:00:00.000,1,d97cfe78eead5b9d9eb70e3764ea906dd97cfe78eead5b9d9eb70e3764ea906d
165,EPR000165,8,101,7,1,Riverton EngineeringPartRevision 165,EPR000165,0,236.0500,1,1,2026-08-24T00:00:00.000,2018-01-01T00:00:00.000,9999-12-31T00:00:00.000,1,a4f35e2b5eb85b80839cf8e0a20a6efda4f35e2b5eb85b80839cf8e0a20a6efd
166,EPR000166,347,388,7,2,Granite EngineeringPartRevision 166,EPR000166,1,237.4200,1,1,2026-08-24T00:00:00.000,2018-01-01T00:00:00.000,9999-12-31T00:00:00.000,1,469931e897f35228afa9e8a9216212b9469931e897f35228afa9e8a9216212b9
167,EPR000167,143,362,10,6,Atlas EngineeringPartRevision 167,EPR000167,1,238.7900,1,1,2026-08-24T00:00:00.000,2018-01-01T00:00:00.000,9999-12-31T00:00:00.000,1,532fec4bda6650db86dcfc4e974817ba532fec4bda6650db86dcfc4e974817ba
168,EPR000168,452,380,7,6,Delta EngineeringPartRevision 168,EPR000168,1,240.1600,1,1,2026-08-24T00:00:00.000,2018-01-01T00:00:00.000,9999-12-31T00:00:00.000,1,2e539002eb515a918dfecbd7c29cbab82e539002eb515a918dfecbd7c29cbab8
169,EPR000169,51,189,4,7,Delta EngineeringPartRevision 169,EPR000169,1,241.5300,1,1,2026-08-24T00:00:00.000,2018-01-01T00:00:00.000,9999-12-31T00:00:00.000,1,5893d5dff81c50eca0155e8d08475e295893d5dff81c50eca0155e8d08475e29
170,EPR000170,398,135,8,7,Cedar EngineeringPartRevision 170,EPR000170,0,242.9000,1,1,2026-08-24T00:00:00.000,2018-01-01T00:00:00.000,9999-12-31T00:00:00.000,1,083aadfbf6fe5355b06fdbe5733a8757083aadfbf6fe5355b06fdbe5733a8757
171,EPR000171,218,243,4,5,Liberty EngineeringPartRevision 171,EPR000171,1,244.2700,1,1,2026-08-24T00:00:00.000,2018-01-01T00:00:00.000,9999-12-31T00:00:00.000,1,67b7824e042a57629f3ab5d81833016267b7824e042a57629f3ab5d818330162
172,EPR000172,306,198,3,6,Northstar EngineeringPartRevision 172,EPR000172,1,245.6400,1,1,2026-08-24T00:00:00.000,2018-01-01T00:00:00.000,9999-12-31T00:00:00.000,1,7b68f02bc33e59688a7bd2a944c3f6e97b68f02bc33e59688a7bd2a944c3f6e9
173,EPR000173,89,16,6,6,Pioneer EngineeringPartRevision 173,EPR000173,1,247.0100,1,1,2026-08-24T00:00:00.000,2018-01-01T00:00:00.000,9999-12-31T00:00:00.000,1,f29fa84c763e501f854a226b804d9b3df29fa84c763e501f854a226b804d9b3d
174,EPR000174,375,34,8,5,Titan EngineeringPartRevision 174,EPR000174,1,248.3800,1,1,2026-08-24T00:00:00.000,2018-01-01T00:00:00.000,9999-12-31T00:00:00.000,1,58fb7ff237fe566ab3a5a8866094ef6758fb7ff237fe566ab3a5a8866094ef67
175,EPR000175,312,26,2,6,Titan EngineeringPartRevision 175,EPR000175,0,249.7500,1,1,2026-08-24T00:00:00.000,2018-01-01T00:00:00.000,9999-12-31T00:00:00.000,1,4d0f9033ef635e90a52c664aa8d96d124d0f9033ef635e90a52c664aa8d96d12
176,EPR000176,333,136,1,2,Zenith EngineeringPartRevision 176,EPR000176,1,251.1200,1,1,2026-08-24T00:00:00.000,2018-01-01T00:00:00.000,9999-12-31T00:00:00.000,1,bb86c564147354b697ab42d965b1912fbb86c564147354b697ab42d965b1912f
177,EPR000177,130,230,10,6,Junction EngineeringPartRevision 177,EPR000177,1,252.4900,1,1,2026-08-24T00:00:00.000,2018-01-01T00:00:00.000,9999-12-31T00:00:00.000,1,d3f7f1f2245755aab65a702710cc54c7d3f7f1f2245755aab65a702710cc54c7
178,EPR000178,476,222,7,4,Cedar EngineeringPartRevision 178,EPR000178,1,253.8600,1,1,2026-08-24T00:00:00.000,2018-01-01T00:00:00.000,9999-12-31T00:00:00.000,1,5615ac8fb8d855008d03f95fee49d4785615ac8fb8d855008d03f95fee49d478
179,EPR000179,169,77,5,2,Ion EngineeringPartRevision 179,EPR000179,1,255.2300,1,1,2026-08-24T00:00:00.000,2018-01-01T00:00:00.000,9999-12-31T00:00:00.000,1,ac22bb5bb2cc57b192cb22981ee56243ac22bb5bb2cc57b192cb22981ee56243
180,EPR000180,279,118,7,7,Granite EngineeringPartRevision 180,EPR000180,0,256.6000,1,1,2026-08-24T00:00:00.000,2018-01-01T00:00:00.000,9999-12-31T00:00:00.000,1,47c8f0e70dc85d50b14d4b1fe49f12bf47c8f0e70dc85d50b14d4b1fe49f12bf
181,EPR000181,310,415,5,5,Zenith EngineeringPartRevision 181,EPR000181,1,257.9700,1,1,2026-08-24T00:00:00.000,2018-01-01T00:00:00.000,9999-12-31T00:00:00.000,1,9c82252ae76c512bbcab097fe8e2d9079c82252ae76c512bbcab097fe8e2d907
182,EPR000182,126,137,1,7,Cedar EngineeringPartRevision 182,EPR000182,1,259.3400,1,1,2026-08-24T00:00:00.000,2018-01-01T00:00:00.000,9999-12-31T00:00:00.000,1,a71926440f6c59ba9afa26cb80b5d78fa71926440f6c59ba9afa26cb80b5d78f
183,EPR000183,177,200,8,1,Northstar EngineeringPartRevision 183,EPR000183,1,260.7100,1,1,2026-08-24T00:00:00.000,2018-01-01T00:00:00.000,9999-12-31T00:00:00.000,1,d9c0712edb81551cb7ba13b492b3390bd9c0712edb81551cb7ba13b492b3390b
184,EPR000184,88,283,5,5,Keystone EngineeringPartRevision 184,EPR000184,1,262.0800,1,1,2026-08-24T00:00:00.000,2018-01-01T00:00:00.000,9999-12-31T00:00:00.000,1,4f06b19e7c6e55d385e152d81924c2234f06b19e7c6e55d385e152d81924c223
185,EPR000185,233,243,10,6,Liberty EngineeringPartRevision 185,EPR000185,0,263.4500,1,1,2026-08-24T00:00:00.000,2018-01-01T00:00:00.000,9999-12-31T00:00:00.000,1,f78bdea34d705f6c88e893a576b03267f78bdea34d705f6c88e893a576b03267
186,EPR000186,58,423,7,6,Granite EngineeringPartRevision 186,EPR000186,1,264.8200,1,1,2026-08-24T00:00:00.000,2018-01-01T00:00:00.000,9999-12-31T00:00:00.000,1,eabf87a17aa45362a2d317dbc778cbf5eabf87a17aa45362a2d317dbc778cbf5
187,EPR000187,293,132,7,7,Orion EngineeringPartRevision 187,EPR000187,1,266.1900,1,1,2026-08-24T00:00:00.000,2018-01-01T00:00:00.000,9999-12-31T00:00:00.000,1,91c24e92ac3b5d8f88fa263331cb1ef691c24e92ac3b5d8f88fa263331cb1ef6
188,EPR000188,367,312,5,7,Orion EngineeringPartRevision 188,EPR000188,1,267.5600,1,1,2026-08-24T00:00:00.000,2018-01-01T00:00:00.000,9999-12-31T00:00:00.000,1,2fe2373a284b5fcba72a17736e598bfd2fe2373a284b5fcba72a17736e598bfd
189,EPR000189,387,315,6,7,Liberty EngineeringPartRevision 189,EPR000189,1,268.9300,1,1,2026-08-24T00:00:00.000,2018-01-01T00:00:00.000,9999-12-31T00:00:00.000,1,d221a879ee9c546489dab8b0c6af7bfcd221a879ee9c546489dab8b0c6af7bfc
190,EPR000190,495,403,8,3,Titan EngineeringPartRevision 190,EPR000190,0,270.3000,1,1,2026-08-24T00:00:00.000,2018-01-01T00:00:00.000,9999-12-31T00:00:00.000,1,1b4d9112b4aa5be1b897af499f148ba21b4d9112b4aa5be1b897af499f148ba2
191,EPR000191,236,122,7,6,Ion EngineeringPartRevision 191,EPR000191,1,271.6700,1,1,2026-08-24T00:00:00.000,2018-01-01T00:00:00.000,9999-12-31T00:00:00.000,1,34c8abd5ff00528cab8cc68ad5886bbd34c8abd5ff00528cab8cc68ad5886bbd
192,EPR000192,348,186,6,6,Summit EngineeringPartRevision 192,EPR000192,1,273.0400,1,1,2026-08-24T00:00:00.000,2018-01-01T00:00:00.000,9999-12-31T00:00:00.000,1,e78a520a2644576c8bb2171a564d574be78a520a2644576c8bb2171a564d574b
193,EPR000193,182,55,1,7,Evergreen EngineeringPartRevision 193,EPR000193,1,274.4100,1,1,2026-08-24T00:00:00.000,2018-01-01T00:00:00.000,9999-12-31T00:00:00.000,1,37cb3934b5ae59afbfbfe35f73220c7437cb3934b5ae59afbfbfe35f73220c74
194,EPR000194,478,306,9,4,Orion EngineeringPartRevision 194,EPR000194,1,275.7800,1,1,2026-08-24T00:00:00.000,2018-01-01T00:00:00.000,9999-12-31T00:00:00.000,1,b029b7c784365d28bb430a66f8b5313fb029b7c784365d28bb430a66f8b5313f
195,EPR000195,180,100,8,7,Junction EngineeringPartRevision 195,EPR000195,0,277.1500,1,1,2026-08-24T00:00:00.000,2018-01-01T00:00:00.000,9999-12-31T00:00:00.000,1,2dc36d42dd7b505f9a4ee0f769e7a7242dc36d42dd7b505f9a4ee0f769e7a724
196,EPR000196,342,152,9,1,Unity EngineeringPartRevision 196,EPR000196,1,278.5200,1,1,2026-08-24T00:00:00.000,2018-01-01T00:00:00.000,9999-12-31T00:00:00.000,1,0c3444ae9ee1528e9e2666474d7e00090c3444ae9ee1528e9e2666474d7e0009
197,EPR000197,399,279,2,5,Vertex EngineeringPartRevision 197,EPR000197,1,279.8900,1,1,2026-08-24T00:00:00.000,2018-01-01T00:00:00.000,9999-12-31T00:00:00.000,1,33517e4531c45d5590f09ef450ce9e1333517e4531c45d5590f09ef450ce9e13
198,EPR000198,486,280,7,3,Northstar EngineeringPartRevision 198,EPR000198,1,281.2600,1,1,2026-08-24T00:00:00.000,2018-01-01T00:00:00.000,9999-12-31T00:00:00.000,1,8db118e8a6065f0b843abf717d5fc91b8db118e8a6065f0b843abf717d5fc91b
199,EPR000199,382,392,4,2,Meridian EngineeringPartRevision 199,EPR000199,1,282.6300,1,1,2026-08-24T00:00:00.000,2018-01-01T00:00:00.000,9999-12-31T00:00:00.000,1,a3213919b0985dc3bd577be8cda51254a3213919b0985dc3bd577be8cda51254
200,EPR000200,9,79,9,5,Delta EngineeringPartRevision 200,EPR000200,0,284.0000,1,1,2026-08-24T00:00:00.000,2018-01-01T00:00:00.000,9999-12-31T00:00:00.000,1,bb1b775c99ab5cfb9abc06afc37696c4bb1b775c99ab5cfb9abc06afc37696c4
201,EPR000201,403,415,3,7,Summit EngineeringPartRevision 201,EPR000201,1,285.3700,1,1,2026-08-24T00:00:00.000,2018-01-01T00:00:00.000,9999-12-31T00:00:00.000,1,17c7f6eb1d0c5c03a20c3f6157a3b04c17c7f6eb1d0c5c03a20c3f6157a3b04c
202,EPR000202,169,92,2,1,Unity EngineeringPartRevision 202,EPR000202,1,286.7400,1,1,2026-08-24T00:00:00.000,2018-01-01T00:00:00.000,9999-12-31T00:00:00.000,1,9846a1bb13425973a3329048063c904c9846a1bb13425973a3329048063c904c
203,EPR000203,478,110,10,4,Orion EngineeringPartRevision 203,EPR000203,1,288.1100,1,1,2026-08-24T00:00:00.000,2018-01-01T00:00:00.000,9999-12-31T00:00:00.000,1,0b8d050dd5d259e3bd72a631a34c605b0b8d050dd5d259e3bd72a631a34c605b
204,EPR000204,209,388,3,5,Willow EngineeringPartRevision 204,EPR000204,1,289.4800,1,1,2026-08-24T00:00:00.000,2018-01-01T00:00:00.000,9999-12-31T00:00:00.000,1,3dd49d02b0785bdfb09ef368dc01af4f3dd49d02b0785bdfb09ef368dc01af4f
205,EPR000205,319,199,10,4,Beacon EngineeringPartRevision 205,EPR000205,0,290.8500,1,1,2026-08-24T00:00:00.000,2018-01-01T00:00:00.000,9999-12-31T00:00:00.000,1,f167319b53aa56fcb7890dc2233cf19ef167319b53aa56fcb7890dc2233cf19e
206,EPR000206,421,132,9,1,Meridian EngineeringPartRevision 206,EPR000206,1,292.2200,1,1,2026-08-24T00:00:00.000,2018-01-01T00:00:00.000,9999-12-31T00:00:00.000,1,485b307c9adb5d48932894054c818cc7485b307c9adb5d48932894054c818cc7
207,EPR000207,433,172,4,2,Liberty EngineeringPartRevision 207,EPR000207,1,293.5900,1,1,2026-08-24T00:00:00.000,2018-01-01T00:00:00.000,9999-12-31T00:00:00.000,1,46f19fa04da55e93b7d6754feda2b34846f19fa04da55e93b7d6754feda2b348
208,EPR000208,411,329,5,6,Ion EngineeringPartRevision 208,EPR000208,1,294.9600,1,1,2026-08-24T00:00:00.000,2018-01-01T00:00:00.000,9999-12-31T00:00:00.000,1,cf7c33982da356fc9d05930c67af0fb6cf7c33982da356fc9d05930c67af0fb6
209,EPR000209,147,317,4,3,Meridian EngineeringPartRevision 209,EPR000209,1,296.3300,1,1,2026-08-24T00:00:00.000,2018-01-01T00:00:00.000,9999-12-31T00:00:00.000,1,c19aebf9f58354abb4a94bc903602999c19aebf9f58354abb4a94bc903602999
210,EPR000210,31,44,8,1,Zenith EngineeringPartRevision 210,EPR000210,0,297.7000,1,1,2026-08-24T00:00:00.000,2018-01-01T00:00:00.000,9999-12-31T00:00:00.000,1,f082208bcc0e590aaf481a03af188fc9f082208bcc0e590aaf481a03af188fc9
211,EPR000211,215,382,4,7,Harbor EngineeringPartRevision 211,EPR000211,1,299.0700,1,1,2026-08-24T00:00:00.000,2018-01-01T00:00:00.000,9999-12-31T00:00:00.000,1,1d1bde5a36615cc59169db2ced45a9e01d1bde5a36615cc59169db2ced45a9e0
212,EPR000212,404,418,1,7,Orion EngineeringPartRevision 212,EPR000212,1,300.4400,1,1,2026-08-24T00:00:00.000,2018-01-01T00:00:00.000,9999-12-31T00:00:00.000,1,f36f59da074c51c8a78a902929a3c680f36f59da074c51c8a78a902929a3c680
213,EPR000213,18,71,6,2,Delta EngineeringPartRevision 213,EPR000213,1,301.8100,1,1,2026-08-24T00:00:00.000,2018-01-01T00:00:00.000,9999-12-31T00:00:00.000,1,5b634918bb495fd9b805cb7a92afdbb95b634918bb495fd9b805cb7a92afdbb9
214,EPR000214,452,94,6,4,Vertex EngineeringPartRevision 214,EPR000214,1,303.1800,1,1,2026-08-24T00:00:00.000,2018-01-01T00:00:00.000,9999-12-31T00:00:00.000,1,b756de4d88ca54aeb5e51615ab54eaf3b756de4d88ca54aeb5e51615ab54eaf3
215,EPR000215,412,56,3,6,Beacon EngineeringPartRevision 215,EPR000215,0,304.5500,1,1,2026-08-24T00:00:00.000,2018-01-01T00:00:00.000,9999-12-31T00:00:00.000,1,2d73908df1f258cf8609963ec92c2dd42d73908df1f258cf8609963ec92c2dd4
216,EPR000216,495,328,3,5,Vertex EngineeringPartRevision 216,EPR000216,1,305.9200,1,1,2026-08-24T00:00:00.000,2018-01-01T00:00:00.000,9999-12-31T00:00:00.000,1,552c0123eb0856ca83372759697f0db0552c0123eb0856ca83372759697f0db0
217,EPR000217,268,376,9,2,Northstar EngineeringPartRevision 217,EPR000217,1,307.2900,1,1,2026-08-24T00:00:00.000,2018-01-01T00:00:00.000,9999-12-31T00:00:00.000,1,b6ea173b30e953f79f855cd42f8f8d0fb6ea173b30e953f79f855cd42f8f8d0f
218,EPR000218,151,415,1,5,Quartz EngineeringPartRevision 218,EPR000218,1,308.6600,1,1,2026-08-24T00:00:00.000,2018-01-01T00:00:00.000,9999-12-31T00:00:00.000,1,b28b0221a80b55659358e0ab1074b768b28b0221a80b55659358e0ab1074b768
219,EPR000219,96,388,10,3,Pioneer EngineeringPartRevision 219,EPR000219,1,310.0300,1,1,2026-08-24T00:00:00.000,2018-01-01T00:00:00.000,9999-12-31T00:00:00.000,1,de01059e16d254e791233603eec15b28de01059e16d254e791233603eec15b28
220,EPR000220,336,128,8,6,Orion EngineeringPartRevision 220,EPR000220,0,311.4000,1,1,2026-08-24T00:00:00.000,2018-01-01T00:00:00.000,9999-12-31T00:00:00.000,1,ca6eb66fedec5c3a9fb48b2a2ab36db0ca6eb66fedec5c3a9fb48b2a2ab36db0
221,EPR000221,379,137,5,3,Titan EngineeringPartRevision 221,EPR000221,1,312.7700,1,1,2026-08-24T00:00:00.000,2018-01-01T00:00:00.000,9999-12-31T00:00:00.000,1,7ef0f90b14285a1b8ce1858120118a477ef0f90b14285a1b8ce1858120118a47
222,EPR000222,110,398,3,5,Harbor EngineeringPartRevision 222,EPR000222,1,314.1400,1,1,2026-08-24T00:00:00.000,2018-01-01T00:00:00.000,9999-12-31T00:00:00.000,1,9d5fe949b88f571ea546a2f38e4f9f719d5fe949b88f571ea546a2f38e4f9f71
223,EPR000223,90,196,4,7,Beacon EngineeringPartRevision 223,EPR000223,1,315.5100,1,1,2026-08-24T00:00:00.000,2018-01-01T00:00:00.000,9999-12-31T00:00:00.000,1,c090f500fac752f4962bf24fc3e8aa19c090f500fac752f4962bf24fc3e8aa19
224,EPR000224,485,295,6,7,Evergreen EngineeringPartRevision 224,EPR000224,1,316.8800,1,1,2026-08-24T00:00:00.000,2018-01-01T00:00:00.000,9999-12-31T00:00:00.000,1,d8c07ab382ee579aa1c026f74bce0908d8c07ab382ee579aa1c026f74bce0908
225,EPR000225,415,34,9,7,Riverton EngineeringPartRevision 225,EPR000225,0,318.2500,1,1,2026-08-24T00:00:00.000,2018-01-01T00:00:00.000,9999-12-31T00:00:00.000,1,cc663c97a53a5c06bbd48e1cc98e0168cc663c97a53a5c06bbd48e1cc98e0168
226,EPR000226,211,66,2,4,Atlas EngineeringPartRevision 226,EPR000226,1,319.6200,1,1,2026-08-24T00:00:00.000,2018-01-01T00:00:00.000,9999-12-31T00:00:00.000,1,56cf6a727c8f53fcbe478dc49e702bdc56cf6a727c8f53fcbe478dc49e702bdc
227,EPR000227,285,215,1,3,Forge EngineeringPartRevision 227,EPR000227,1,320.9900,1,1,2026-08-24T00:00:00.000,2018-01-01T00:00:00.000,9999-12-31T00:00:00.000,1,94d6af4cad0755609d64e95a9dfab58394d6af4cad0755609d64e95a9dfab583
228,EPR000228,196,361,7,4,Beacon EngineeringPartRevision 228,EPR000228,1,322.3600,1,1,2026-08-24T00:00:00.000,2018-01-01T00:00:00.000,9999-12-31T00:00:00.000,1,5053b9362a855059b1c59747bd2d31445053b9362a855059b1c59747bd2d3144
229,EPR000229,370,441,6,4,Evergreen EngineeringPartRevision 229,EPR000229,1,323.7300,1,1,2026-08-24T00:00:00.000,2018-01-01T00:00:00.000,9999-12-31T00:00:00.000,1,9b02830a5c365692841b95fe2a865de49b02830a5c365692841b95fe2a865de4
230,EPR000230,391,268,8,4,Orion EngineeringPartRevision 230,EPR000230,0,325.1000,1,1,2026-08-24T00:00:00.000,2018-01-01T00:00:00.000,9999-12-31T00:00:00.000,1,0ef00f85ef4e56f9bc97a51b6f83e95d0ef00f85ef4e56f9bc97a51b6f83e95d
231,EPR000231,131,285,10,5,Willow EngineeringPartRevision 231,EPR000231,1,326.4700,1,1,2026-08-24T00:00:00.000,2018-01-01T00:00:00.000,9999-12-31T00:00:00.000,1,866af324dcf45bddb248e2f92ae4976c866af324dcf45bddb248e2f92ae4976c
232,EPR000232,336,277,9,7,Zenith EngineeringPartRevision 232,EPR000232,1,327.8400,1,1,2026-08-24T00:00:00.000,2018-01-01T00:00:00.000,9999-12-31T00:00:00.000,1,dab02dd8560a5067b7677daa4f60d7d2dab02dd8560a5067b7677daa4f60d7d2
233,EPR000233,148,450,6,5,Summit EngineeringPartRevision 233,EPR000233,1,329.2100,1,1,2026-08-24T00:00:00.000,2018-01-01T00:00:00.000,9999-12-31T00:00:00.000,1,a2ca57cd0c7d51c79fd03d7acf140c7aa2ca57cd0c7d51c79fd03d7acf140c7a
234,EPR000234,353,208,4,6,Summit EngineeringPartRevision 234,EPR000234,1,330.5800,1,1,2026-08-24T00:00:00.000,2018-01-01T00:00:00.000,9999-12-31T00:00:00.000,1,a337e0ec673c5442ae078df47c66082ea337e0ec673c5442ae078df47c66082e
235,EPR000235,495,277,8,1,Vertex EngineeringPartRevision 235,EPR000235,0,331.9500,1,1,2026-08-24T00:00:00.000,2018-01-01T00:00:00.000,9999-12-31T00:00:00.000,1,3ed7690fac0456149251ff31ac39fc223ed7690fac0456149251ff31ac39fc22
236,EPR000236,97,215,5,7,Liberty EngineeringPartRevision 236,EPR000236,1,333.3200,1,1,2026-08-24T00:00:00.000,2018-01-01T00:00:00.000,9999-12-31T00:00:00.000,1,8205e4b001675693a2e1599259b102d18205e4b001675693a2e1599259b102d1
237,EPR000237,106,287,6,5,Vertex EngineeringPartRevision 237,EPR000237,1,334.6900,1,1,2026-08-24T00:00:00.000,2018-01-01T00:00:00.000,9999-12-31T00:00:00.000,1,039ce1fe925757efbb421c074330ecd1039ce1fe925757efbb421c074330ecd1
238,EPR000238,194,204,3,6,Junction EngineeringPartRevision 238,EPR000238,1,336.0600,1,1,2026-08-24T00:00:00.000,2018-01-01T00:00:00.000,9999-12-31T00:00:00.000,1,d37f5fa0c78f503e900b57d3b55e79cbd37f5fa0c78f503e900b57d3b55e79cb
239,EPR000239,29,186,5,6,Summit EngineeringPartRevision 239,EPR000239,1,337.4300,1,1,2026-08-24T00:00:00.000,2018-01-01T00:00:00.000,9999-12-31T00:00:00.000,1,39f870507f715723b71bc54a8472e56c39f870507f715723b71bc54a8472e56c
240,EPR000240,433,161,8,1,Atlas EngineeringPartRevision 240,EPR000240,0,338.8000,1,1,2026-08-24T00:00:00.000,2018-01-01T00:00:00.000,9999-12-31T00:00:00.000,1,e413a5981a215062aa612ee7f7f7cf34e413a5981a215062aa612ee7f7f7cf34
241,EPR000241,123,73,1,2,Willow EngineeringPartRevision 241,EPR000241,1,340.1700,1,1,2026-08-24T00:00:00.000,2018-01-01T00:00:00.000,9999-12-31T00:00:00.000,1,ae56b88dd8ca56b68c043dd232039b69ae56b88dd8ca56b68c043dd232039b69
242,EPR000242,401,17,2,6,Vertex EngineeringPartRevision 242,EPR000242,1,341.5400,1,1,2026-08-24T00:00:00.000,2018-01-01T00:00:00.000,9999-12-31T00:00:00.000,1,66d023fbdf9953f784dc81e78bec475566d023fbdf9953f784dc81e78bec4755
243,EPR000243,440,73,9,6,Granite EngineeringPartRevision 243,EPR000243,1,342.9100,1,1,2026-08-24T00:00:00.000,2018-01-01T00:00:00.000,9999-12-31T00:00:00.000,1,20a03b9007f45489bdd18162d698348820a03b9007f45489bdd18162d6983488
244,EPR000244,467,164,7,6,Pioneer EngineeringPartRevision 244,EPR000244,1,344.2800,1,1,2026-08-24T00:00:00.000,2018-01-01T00:00:00.000,9999-12-31T00:00:00.000,1,2a93ecca21d053df969290adfaae56922a93ecca21d053df969290adfaae5692
245,EPR000245,452,396,5,3,Summit EngineeringPartRevision 245,EPR000245,0,345.6500,1,1,2026-08-24T00:00:00.000,2018-01-01T00:00:00.000,9999-12-31T00:00:00.000,1,161ddda3048e5a8889326a939c925976161ddda3048e5a8889326a939c925976
246,EPR000246,41,144,3,4,Liberty EngineeringPartRevision 246,EPR000246,1,347.0200,1,1,2026-08-24T00:00:00.000,2018-01-01T00:00:00.000,9999-12-31T00:00:00.000,1,2d62821af29c59fd8d03da1dd6ab2eb82d62821af29c59fd8d03da1dd6ab2eb8
247,EPR000247,407,70,1,1,Titan EngineeringPartRevision 247,EPR000247,1,348.3900,1,1,2026-08-24T00:00:00.000,2018-01-01T00:00:00.000,9999-12-31T00:00:00.000,1,0c8a9fac35c65ab5b13f5b8237b72a380c8a9fac35c65ab5b13f5b8237b72a38
248,EPR000248,161,92,8,7,Cedar EngineeringPartRevision 248,EPR000248,1,349.7600,1,1,2026-08-24T00:00:00.000,2018-01-01T00:00:00.000,9999-12-31T00:00:00.000,1,26c108b6b9a159c590b483f4b4f87d9526c108b6b9a159c590b483f4b4f87d95
249,EPR000249,277,351,3,4,Forge EngineeringPartRevision 249,EPR000249,1,351.1300,1,1,2026-08-24T00:00:00.000,2018-01-01T00:00:00.000,9999-12-31T00:00:00.000,1,a180f5a9f42f501fb514f49ed595440da180f5a9f42f501fb514f49ed595440d
250,EPR000250,456,39,3,5,Quartz EngineeringPartRevision 250,EPR000250,0,352.5000,1,1,2026-08-24T00:00:00.000,2018-01-01T00:00:00.000,9999-12-31T00:00:00.000,1,23b019a8738f5bacb122369540cbea9b23b019a8738f5bacb122369540cbea9b
251,EPR000251,357,219,5,6,Junction EngineeringPartRevision 251,EPR000251,1,353.8700,1,1,2026-08-24T00:00:00.000,2018-01-01T00:00:00.000,9999-12-31T00:00:00.000,1,f2ba493c759b5a888fc261b46e63c8e5f2ba493c759b5a888fc261b46e63c8e5
252,EPR000252,468,31,10,6,Harbor EngineeringPartRevision 252,EPR000252,1,355.2400,1,1,2026-08-24T00:00:00.000,2018-01-01T00:00:00.000,9999-12-31T00:00:00.000,1,b07f3da807885632b4f42b13abb15e86b07f3da807885632b4f42b13abb15e86
253,EPR000253,305,10,6,6,Granite EngineeringPartRevision 253,EPR000253,1,356.6100,1,1,2026-08-24T00:00:00.000,2018-01-01T00:00:00.000,9999-12-31T00:00:00.000,1,f9c62067c4055e408fe5b3c1113b73fdf9c62067c4055e408fe5b3c1113b73fd
254,EPR000254,247,251,5,5,Unity EngineeringPartRevision 254,EPR000254,1,357.9800,1,1,2026-08-24T00:00:00.000,2018-01-01T00:00:00.000,9999-12-31T00:00:00.000,1,94f1225d472e53d6a0ab328a2793820b94f1225d472e53d6a0ab328a2793820b
255,EPR000255,200,435,10,1,Delta EngineeringPartRevision 255,EPR000255,0,359.3500,1,1,2026-08-24T00:00:00.000,2018-01-01T00:00:00.000,9999-12-31T00:00:00.000,1,48ffc8339a5e5280afbbd227bb4c549b48ffc8339a5e5280afbbd227bb4c549b
256,EPR000256,390,322,4,6,Junction EngineeringPartRevision 256,EPR000256,1,360.7200,1,1,2026-08-24T00:00:00.000,2018-01-01T00:00:00.000,9999-12-31T00:00:00.000,1,8d1899e4bbc65cf7b926e2de1902292b8d1899e4bbc65cf7b926e2de1902292b
257,EPR000257,486,297,3,7,Keystone EngineeringPartRevision 257,EPR000257,1,362.0900,1,1,2026-08-24T00:00:00.000,2018-01-01T00:00:00.000,9999-12-31T00:00:00.000,1,97c5ad24216152b5a513d7132739018e97c5ad24216152b5a513d7132739018e
258,EPR000258,129,4,8,2,Orion EngineeringPartRevision 258,EPR000258,1,363.4600,1,1,2026-08-24T00:00:00.000,2018-01-01T00:00:00.000,9999-12-31T00:00:00.000,1,2837a47a8339515d9972976f0282d9352837a47a8339515d9972976f0282d935
259,EPR000259,319,47,9,3,Northstar EngineeringPartRevision 259,EPR000259,1,364.8300,1,1,2026-08-24T00:00:00.000,2018-01-01T00:00:00.000,9999-12-31T00:00:00.000,1,62af15e5ddf15d65a8038d7fe577e93162af15e5ddf15d65a8038d7fe577e931
260,EPR000260,3,173,7,3,Harbor EngineeringPartRevision 260,EPR000260,0,366.2000,1,1,2026-08-24T00:00:00.000,2018-01-01T00:00:00.000,9999-12-31T00:00:00.000,1,9fd1776e1e1b56008ba87f7cc6457b069fd1776e1e1b56008ba87f7cc6457b06
261,EPR000261,332,342,9,4,Meridian EngineeringPartRevision 261,EPR000261,1,367.5700,1,1,2026-08-24T00:00:00.000,2018-01-01T00:00:00.000,9999-12-31T00:00:00.000,1,be5363e24d5359c29fb4005907ff2702be5363e24d5359c29fb4005907ff2702
262,EPR000262,293,115,9,7,Keystone EngineeringPartRevision 262,EPR000262,1,368.9400,1,1,2026-08-24T00:00:00.000,2018-01-01T00:00:00.000,9999-12-31T00:00:00.000,1,9fa0bbd6a20f5ea5a3589fdfb1cd5fd29fa0bbd6a20f5ea5a3589fdfb1cd5fd2
263,EPR000263,31,265,2,6,Delta EngineeringPartRevision 263,EPR000263,1,370.3100,1,1,2026-08-24T00:00:00.000,2018-01-01T00:00:00.000,9999-12-31T00:00:00.000,1,ff932abefe955a3fa290b47276a50c3fff932abefe955a3fa290b47276a50c3f
264,EPR000264,214,98,7,6,Titan EngineeringPartRevision 264,EPR000264,1,371.6800,1,1,2026-08-24T00:00:00.000,2018-01-01T00:00:00.000,9999-12-31T00:00:00.000,1,ca88d1e379ac56a1831fa124a5e9d1b0ca88d1e379ac56a1831fa124a5e9d1b0
265,EPR000265,98,369,8,1,Willow EngineeringPartRevision 265,EPR000265,0,373.0500,1,1,2026-08-24T00:00:00.000,2018-01-01T00:00:00.000,9999-12-31T00:00:00.000,1,1e0d4f029aba5397b514d6c94f9e02a61e0d4f029aba5397b514d6c94f9e02a6
266,EPR000266,277,250,9,3,Forge EngineeringPartRevision 266,EPR000266,1,374.4200,1,1,2026-08-24T00:00:00.000,2018-01-01T00:00:00.000,9999-12-31T00:00:00.000,1,3b22d9c0f8985bd8b04a92e80111503a3b22d9c0f8985bd8b04a92e80111503a
267,EPR000267,242,324,6,2,Junction EngineeringPartRevision 267,EPR000267,1,375.7900,1,1,2026-08-24T00:00:00.000,2018-01-01T00:00:00.000,9999-12-31T00:00:00.000,1,72e69ce000c75b10bb3a8d535f11533d72e69ce000c75b10bb3a8d535f11533d
268,EPR000268,106,50,4,5,Riverton EngineeringPartRevision 268,EPR000268,1,377.1600,1,1,2026-08-24T00:00:00.000,2018-01-01T00:00:00.000,9999-12-31T00:00:00.000,1,eca20257508e5bb382eccce310f4e950eca20257508e5bb382eccce310f4e950
269,EPR000269,98,67,5,4,Delta EngineeringPartRevision 269,EPR000269,1,378.5300,1,1,2026-08-24T00:00:00.000,2018-01-01T00:00:00.000,9999-12-31T00:00:00.000,1,ed3a6cea4708533b8d774f6d0202ea2fed3a6cea4708533b8d774f6d0202ea2f
270,EPR000270,54,238,2,7,Forge EngineeringPartRevision 270,EPR000270,0,379.9000,1,1,2026-08-24T00:00:00.000,2018-01-01T00:00:00.000,9999-12-31T00:00:00.000,1,b84a5893d4a4570dbfe6442c61018afeb84a5893d4a4570dbfe6442c61018afe
271,EPR000271,452,172,5,6,Pioneer EngineeringPartRevision 271,EPR000271,1,381.2700,1,1,2026-08-24T00:00:00.000,2018-01-01T00:00:00.000,9999-12-31T00:00:00.000,1,abaaf8a2166c55319a1f4297209c752fabaaf8a2166c55319a1f4297209c752f
272,EPR000272,345,111,6,7,Pioneer EngineeringPartRevision 272,EPR000272,1,382.6400,1,1,2026-08-24T00:00:00.000,2018-01-01T00:00:00.000,9999-12-31T00:00:00.000,1,28a970cd9b49541ba0c69c15afc3dabe28a970cd9b49541ba0c69c15afc3dabe
273,EPR000273,305,368,2,1,Liberty EngineeringPartRevision 273,EPR000273,1,384.0100,1,1,2026-08-24T00:00:00.000,2018-01-01T00:00:00.000,9999-12-31T00:00:00.000,1,9fa3f86cc7805f9b8b1f07239566c4119fa3f86cc7805f9b8b1f07239566c411
274,EPR000274,420,78,6,1,Cedar EngineeringPartRevision 274,EPR000274,1,385.3800,1,1,2026-08-24T00:00:00.000,2018-01-01T00:00:00.000,9999-12-31T00:00:00.000,1,bfac8d19bbe05ff6b4dc759bc5d89966bfac8d19bbe05ff6b4dc759bc5d89966
275,EPR000275,407,176,6,6,Harbor EngineeringPartRevision 275,EPR000275,0,386.7500,1,1,2026-08-24T00:00:00.000,2018-01-01T00:00:00.000,9999-12-31T00:00:00.000,1,ccf6a75310ff5fa0bd5301bef16cfe42ccf6a75310ff5fa0bd5301bef16cfe42
276,EPR000276,53,87,3,2,Orion EngineeringPartRevision 276,EPR000276,1,388.1200,1,1,2026-08-24T00:00:00.000,2018-01-01T00:00:00.000,9999-12-31T00:00:00.000,1,3bb0db1f158a560789c28891b4a40ea33bb0db1f158a560789c28891b4a40ea3
277,EPR000277,61,120,6,3,Evergreen EngineeringPartRevision 277,EPR000277,1,389.4900,1,1,2026-08-24T00:00:00.000,2018-01-01T00:00:00.000,9999-12-31T00:00:00.000,1,a51158d702d55cac84e3124cbcce3ab2a51158d702d55cac84e3124cbcce3ab2
278,EPR000278,154,69,3,5,Cedar EngineeringPartRevision 278,EPR000278,1,390.8600,1,1,2026-08-24T00:00:00.000,2018-01-01T00:00:00.000,9999-12-31T00:00:00.000,1,f162bb0fd04a56b0bfeb13dc992aa42bf162bb0fd04a56b0bfeb13dc992aa42b
279,EPR000279,227,256,10,4,Meridian EngineeringPartRevision 279,EPR000279,1,392.2300,1,1,2026-08-24T00:00:00.000,2018-01-01T00:00:00.000,9999-12-31T00:00:00.000,1,63f0d4063b1750c68f64d6ce6d68a48663f0d4063b1750c68f64d6ce6d68a486
280,EPR000280,24,354,7,1,Riverton EngineeringPartRevision 280,EPR000280,0,393.6000,1,1,2026-08-24T00:00:00.000,2018-01-01T00:00:00.000,9999-12-31T00:00:00.000,1,78d296528c6b5bee9ddbf759da387fa378d296528c6b5bee9ddbf759da387fa3
281,EPR000281,129,82,10,2,Keystone EngineeringPartRevision 281,EPR000281,1,394.9700,1,1,2026-08-24T00:00:00.000,2018-01-01T00:00:00.000,9999-12-31T00:00:00.000,1,fcb9e1dc23015d14ac2db579b5b2cf91fcb9e1dc23015d14ac2db579b5b2cf91
282,EPR000282,377,246,7,1,Granite EngineeringPartRevision 282,EPR000282,1,396.3400,1,1,2026-08-24T00:00:00.000,2018-01-01T00:00:00.000,9999-12-31T00:00:00.000,1,385bdb9f391a5324b59c098f8a2432f5385bdb9f391a5324b59c098f8a2432f5
283,EPR000283,79,260,3,5,Meridian EngineeringPartRevision 283,EPR000283,1,397.7100,1,1,2026-08-24T00:00:00.000,2018-01-01T00:00:00.000,9999-12-31T00:00:00.000,1,c2f262f2be075dd0bb1ea122974aa3b8c2f262f2be075dd0bb1ea122974aa3b8
284,EPR000284,85,237,9,7,Riverton EngineeringPartRevision 284,EPR000284,1,399.0800,1,1,2026-08-24T00:00:00.000,2018-01-01T00:00:00.000,9999-12-31T00:00:00.000,1,af9259303e175e92a4bc19e82eeb291aaf9259303e175e92a4bc19e82eeb291a
285,EPR000285,188,157,1,4,Liberty EngineeringPartRevision 285,EPR000285,0,400.4500,1,1,2026-08-24T00:00:00.000,2018-01-01T00:00:00.000,9999-12-31T00:00:00.000,1,b5311162340f506c9afc3cb16e8993abb5311162340f506c9afc3cb16e8993ab
286,EPR000286,207,120,6,2,Orion EngineeringPartRevision 286,EPR000286,1,401.8200,1,1,2026-08-24T00:00:00.000,2018-01-01T00:00:00.000,9999-12-31T00:00:00.000,1,eee5d63f4c0e5a6d949e25e355d30682eee5d63f4c0e5a6d949e25e355d30682
287,EPR000287,297,7,7,6,Granite EngineeringPartRevision 287,EPR000287,1,403.1900,1,1,2026-08-24T00:00:00.000,2018-01-01T00:00:00.000,9999-12-31T00:00:00.000,1,e47b79c5b4c35f2a9ccd704cc5c9ad29e47b79c5b4c35f2a9ccd704cc5c9ad29
288,EPR000288,46,346,1,7,Evergreen EngineeringPartRevision 288,EPR000288,1,404.5600,1,1,2026-08-24T00:00:00.000,2018-01-01T00:00:00.000,9999-12-31T00:00:00.000,1,87a0be8e324653b7ba429c03349cb5ee87a0be8e324653b7ba429c03349cb5ee
289,EPR000289,458,335,10,2,Zenith EngineeringPartRevision 289,EPR000289,1,405.9300,1,1,2026-08-24T00:00:00.000,2018-01-01T00:00:00.000,9999-12-31T00:00:00.000,1,a02e6c9f95525920a3df8c05a09899d3a02e6c9f95525920a3df8c05a09899d3
290,EPR000290,280,295,6,7,Willow EngineeringPartRevision 290,EPR000290,0,407.3000,1,1,2026-08-24T00:00:00.000,2018-01-01T00:00:00.000,9999-12-31T00:00:00.000,1,59d441b8a4ce5bada45611e5ae266d8759d441b8a4ce5bada45611e5ae266d87
291,EPR000291,61,64,2,7,Harbor EngineeringPartRevision 291,EPR000291,1,408.6700,1,1,2026-08-24T00:00:00.000,2018-01-01T00:00:00.000,9999-12-31T00:00:00.000,1,1db8237a2efe5b8cab2dfee5f4e2155f1db8237a2efe5b8cab2dfee5f4e2155f
292,EPR000292,36,173,1,2,Liberty EngineeringPartRevision 292,EPR000292,1,410.0400,1,1,2026-08-24T00:00:00.000,2018-01-01T00:00:00.000,9999-12-31T00:00:00.000,1,89ee76d6dbf25a5686d661bfe9f1ec8389ee76d6dbf25a5686d661bfe9f1ec83
293,EPR000293,301,299,3,5,Junction EngineeringPartRevision 293,EPR000293,1,411.4100,1,1,2026-08-24T00:00:00.000,2018-01-01T00:00:00.000,9999-12-31T00:00:00.000,1,91bb394f579b515794d23b80bfa910fa91bb394f579b515794d23b80bfa910fa
294,EPR000294,181,323,9,3,Delta EngineeringPartRevision 294,EPR000294,1,412.7800,1,1,2026-08-24T00:00:00.000,2018-01-01T00:00:00.000,9999-12-31T00:00:00.000,1,175a2fe611b9537090f26a385223e3b7175a2fe611b9537090f26a385223e3b7
295,EPR000295,149,312,10,5,Keystone EngineeringPartRevision 295,EPR000295,0,414.1500,1,1,2026-08-24T00:00:00.000,2018-01-01T00:00:00.000,9999-12-31T00:00:00.000,1,6cf4fe5d925f53bd999206277b5638926cf4fe5d925f53bd999206277b563892
296,EPR000296,181,65,9,7,Northstar EngineeringPartRevision 296,EPR000296,1,415.5200,1,1,2026-08-24T00:00:00.000,2018-01-01T00:00:00.000,9999-12-31T00:00:00.000,1,6aeff9feccfb57f39a39b1a98aa392946aeff9feccfb57f39a39b1a98aa39294
297,EPR000297,77,446,5,2,Beacon EngineeringPartRevision 297,EPR000297,1,416.8900,1,1,2026-08-24T00:00:00.000,2018-01-01T00:00:00.000,9999-12-31T00:00:00.000,1,eb1121007d60560b8bfd06ded6210d86eb1121007d60560b8bfd06ded6210d86
298,EPR000298,389,69,6,4,Junction EngineeringPartRevision 298,EPR000298,1,418.2600,1,1,2026-08-24T00:00:00.000,2018-01-01T00:00:00.000,9999-12-31T00:00:00.000,1,787b1078a4ec529c87c90a24e619eb41787b1078a4ec529c87c90a24e619eb41
299,EPR000299,74,143,4,4,Summit EngineeringPartRevision 299,EPR000299,1,419.6300,1,1,2026-08-24T00:00:00.000,2018-01-01T00:00:00.000,9999-12-31T00:00:00.000,1,edb29ec9764255919611427a3c1ab601edb29ec9764255919611427a3c1ab601
300,EPR000300,117,265,7,4,Granite EngineeringPartRevision 300,EPR000300,0,421.0000,1,1,2026-08-24T00:00:00.000,2018-01-01T00:00:00.000,9999-12-31T00:00:00.000,1,15c2c24939cb5bd38c6437c791bfda5915c2c24939cb5bd38c6437c791bfda59
301,EPR000301,25,340,9,1,Atlas EngineeringPartRevision 301,EPR000301,1,422.3700,1,1,2026-08-24T00:00:00.000,2018-01-01T00:00:00.000,9999-12-31T00:00:00.000,1,beb54c360ae85df99879faef09ea6d8dbeb54c360ae85df99879faef09ea6d8d
302,EPR000302,331,225,7,3,Beacon EngineeringPartRevision 302,EPR000302,1,423.7400,1,1,2026-08-24T00:00:00.000,2018-01-01T00:00:00.000,9999-12-31T00:00:00.000,1,0baf72105edb529ab33a933219a283ab0baf72105edb529ab33a933219a283ab
303,EPR000303,221,380,6,7,Keystone EngineeringPartRevision 303,EPR000303,1,425.1100,1,1,2026-08-24T00:00:00.000,2018-01-01T00:00:00.000,9999-12-31T00:00:00.000,1,e880cce2425259c99a354a45bbd0c950e880cce2425259c99a354a45bbd0c950
304,EPR000304,364,262,1,2,Pioneer EngineeringPartRevision 304,EPR000304,1,426.4800,1,1,2026-08-24T00:00:00.000,2018-01-01T00:00:00.000,9999-12-31T00:00:00.000,1,7ab2cdbfacd85443a4c26db86e0df66d7ab2cdbfacd85443a4c26db86e0df66d
305,EPR000305,17,367,3,3,Ion EngineeringPartRevision 305,EPR000305,0,427.8500,1,1,2026-08-24T00:00:00.000,2018-01-01T00:00:00.000,9999-12-31T00:00:00.000,1,1dbcada15b6f506b9c746421a5541d4a1dbcada15b6f506b9c746421a5541d4a
306,EPR000306,28,237,1,5,Harbor EngineeringPartRevision 306,EPR000306,1,429.2200,1,1,2026-08-24T00:00:00.000,2018-01-01T00:00:00.000,9999-12-31T00:00:00.000,1,85a919ff20b4563896d18f5077f4440885a919ff20b4563896d18f5077f44408
307,EPR000307,398,212,8,2,Delta EngineeringPartRevision 307,EPR000307,1,430.5900,1,1,2026-08-24T00:00:00.000,2018-01-01T00:00:00.000,9999-12-31T00:00:00.000,1,1127b536a6825926bcb6a59e2d1ba8211127b536a6825926bcb6a59e2d1ba821
308,EPR000308,417,168,3,5,Cedar EngineeringPartRevision 308,EPR000308,1,431.9600,1,1,2026-08-24T00:00:00.000,2018-01-01T00:00:00.000,9999-12-31T00:00:00.000,1,25ea4d07b3395439b809ea65550cea5925ea4d07b3395439b809ea65550cea59
309,EPR000309,250,322,6,6,Riverton EngineeringPartRevision 309,EPR000309,1,433.3300,1,1,2026-08-24T00:00:00.000,2018-01-01T00:00:00.000,9999-12-31T00:00:00.000,1,c778e68d728b59e4b51358310ff9ee8ac778e68d728b59e4b51358310ff9ee8a
310,EPR000310,87,104,8,5,Orion EngineeringPartRevision 310,EPR000310,0,434.7000,1,1,2026-08-24T00:00:00.000,2018-01-01T00:00:00.000,9999-12-31T00:00:00.000,1,2c52cd86e99c5d91acd63d627aa9ef732c52cd86e99c5d91acd63d627aa9ef73
311,EPR000311,483,379,7,5,Beacon EngineeringPartRevision 311,EPR000311,1,436.0700,1,1,2026-08-24T00:00:00.000,2018-01-01T00:00:00.000,9999-12-31T00:00:00.000,1,93bc2fbb6663587d8cbaf2fc7bbee7d393bc2fbb6663587d8cbaf2fc7bbee7d3
312,EPR000312,107,439,3,1,Harbor EngineeringPartRevision 312,EPR000312,1,437.4400,1,1,2026-08-24T00:00:00.000,2018-01-01T00:00:00.000,9999-12-31T00:00:00.000,1,9d1702a7efe65917977f90096a8cba989d1702a7efe65917977f90096a8cba98
313,EPR000313,314,418,1,4,Riverton EngineeringPartRevision 313,EPR000313,1,438.8100,1,1,2026-08-24T00:00:00.000,2018-01-01T00:00:00.000,9999-12-31T00:00:00.000,1,f8a800e17fa95be6bcb6c7b63f8236d3f8a800e17fa95be6bcb6c7b63f8236d3
314,EPR000314,445,342,3,6,Keystone EngineeringPartRevision 314,EPR000314,1,440.1800,1,1,2026-08-24T00:00:00.000,2018-01-01T00:00:00.000,9999-12-31T00:00:00.000,1,74b91a49d89851afb11cd09c96e8192a74b91a49d89851afb11cd09c96e8192a
315,EPR000315,379,350,5,2,Harbor EngineeringPartRevision 315,EPR000315,0,441.5500,1,1,2026-08-24T00:00:00.000,2018-01-01T00:00:00.000,9999-12-31T00:00:00.000,1,b34cbbba341c57d8be10fa10e2399d44b34cbbba341c57d8be10fa10e2399d44
316,EPR000316,204,3,8,7,Zenith EngineeringPartRevision 316,EPR000316,1,442.9200,1,1,2026-08-24T00:00:00.000,2018-01-01T00:00:00.000,9999-12-31T00:00:00.000,1,9e333ebc0d6d57da98d1491c208294a99e333ebc0d6d57da98d1491c208294a9
317,EPR000317,62,63,1,2,Junction EngineeringPartRevision 317,EPR000317,1,444.2900,1,1,2026-08-24T00:00:00.000,2018-01-01T00:00:00.000,9999-12-31T00:00:00.000,1,27e39a9748d45833a23792ef7638382f27e39a9748d45833a23792ef7638382f
318,EPR000318,62,429,5,3,Keystone EngineeringPartRevision 318,EPR000318,1,445.6600,1,1,2026-08-24T00:00:00.000,2018-01-01T00:00:00.000,9999-12-31T00:00:00.000,1,957406de36cc5e9bb8d6c9208bc60977957406de36cc5e9bb8d6c9208bc60977
319,EPR000319,97,178,2,7,Unity EngineeringPartRevision 319,EPR000319,1,447.0300,1,1,2026-08-24T00:00:00.000,2018-01-01T00:00:00.000,9999-12-31T00:00:00.000,1,e4ea986f7dd8572caf2ad5aa682bf1f8e4ea986f7dd8572caf2ad5aa682bf1f8
320,EPR000320,496,28,2,5,Delta EngineeringPartRevision 320,EPR000320,0,448.4000,1,1,2026-08-24T00:00:00.000,2018-01-01T00:00:00.000,9999-12-31T00:00:00.000,1,86ba699ddf285ee7a2160e174c2898e686ba699ddf285ee7a2160e174c2898e6
321,EPR000321,309,178,7,4,Atlas EngineeringPartRevision 321,EPR000321,1,449.7700,1,1,2026-08-24T00:00:00.000,2018-01-01T00:00:00.000,9999-12-31T00:00:00.000,1,1d60b0393277519d9046f27d10eda6061d60b0393277519d9046f27d10eda606
322,EPR000322,139,31,3,6,Pioneer EngineeringPartRevision 322,EPR000322,1,451.1400,1,1,2026-08-24T00:00:00.000,2018-01-01T00:00:00.000,9999-12-31T00:00:00.000,1,0927622b97ba5ae0a9c4f88a14d47d4f0927622b97ba5ae0a9c4f88a14d47d4f
323,EPR000323,251,23,6,3,Quartz EngineeringPartRevision 323,EPR000323,1,452.5100,1,1,2026-08-24T00:00:00.000,2018-01-01T00:00:00.000,9999-12-31T00:00:00.000,1,36c6b5b0504753af93dbe0ffc925bf9436c6b5b0504753af93dbe0ffc925bf94
324,EPR000324,469,173,7,6,Cedar EngineeringPartRevision 324,EPR000324,1,453.8800,1,1,2026-08-24T00:00:00.000,2018-01-01T00:00:00.000,9999-12-31T00:00:00.000,1,d1e7f1625fd95446bffeb5e1934b9697d1e7f1625fd95446bffeb5e1934b9697
325,EPR000325,91,360,10,7,Meridian EngineeringPartRevision 325,EPR000325,0,455.2500,1,1,2026-08-24T00:00:00.000,2018-01-01T00:00:00.000,9999-12-31T00:00:00.000,1,96e323c14706517983beac6bd7f8b6da96e323c14706517983beac6bd7f8b6da
326,EPR000326,436,24,8,7,Junction EngineeringPartRevision 326,EPR000326,1,456.6200,1,1,2026-08-24T00:00:00.000,2018-01-01T00:00:00.000,9999-12-31T00:00:00.000,1,648639e763d55c33b1175778f650e5ab648639e763d55c33b1175778f650e5ab
327,EPR000327,478,51,8,4,Quartz EngineeringPartRevision 327,EPR000327,1,457.9900,1,1,2026-08-24T00:00:00.000,2018-01-01T00:00:00.000,9999-12-31T00:00:00.000,1,748537a090445f8289b2c85834088971748537a090445f8289b2c85834088971
328,EPR000328,156,335,5,1,Northstar EngineeringPartRevision 328,EPR000328,1,459.3600,1,1,2026-08-24T00:00:00.000,2018-01-01T00:00:00.000,9999-12-31T00:00:00.000,1,56f3225464b555ad8509bd79c206a78656f3225464b555ad8509bd79c206a786
329,EPR000329,144,309,6,2,Vertex EngineeringPartRevision 329,EPR000329,1,460.7300,1,1,2026-08-24T00:00:00.000,2018-01-01T00:00:00.000,9999-12-31T00:00:00.000,1,f8e07f865cbe5670b50f301acab30664f8e07f865cbe5670b50f301acab30664
330,EPR000330,59,48,8,6,Riverton EngineeringPartRevision 330,EPR000330,0,462.1000,1,1,2026-08-24T00:00:00.000,2018-01-01T00:00:00.000,9999-12-31T00:00:00.000,1,c6fa61bb26075356b5e079347fb91192c6fa61bb26075356b5e079347fb91192
331,EPR000331,483,199,6,6,Liberty EngineeringPartRevision 331,EPR000331,1,463.4700,1,1,2026-08-24T00:00:00.000,2018-01-01T00:00:00.000,9999-12-31T00:00:00.000,1,b4d57aa65b855cb28e2f30850bf593bab4d57aa65b855cb28e2f30850bf593ba
332,EPR000332,53,213,3,2,Meridian EngineeringPartRevision 332,EPR000332,1,464.8400,1,1,2026-08-24T00:00:00.000,2018-01-01T00:00:00.000,9999-12-31T00:00:00.000,1,522a52c0688a5b308e87bd692a7d7f6f522a52c0688a5b308e87bd692a7d7f6f
333,EPR000333,298,115,9,4,Liberty EngineeringPartRevision 333,EPR000333,1,466.2100,1,1,2026-08-24T00:00:00.000,2018-01-01T00:00:00.000,9999-12-31T00:00:00.000,1,04016aea49bd5c36aac4b66469c4b7b804016aea49bd5c36aac4b66469c4b7b8
334,EPR000334,415,214,2,7,Willow EngineeringPartRevision 334,EPR000334,1,467.5800,1,1,2026-08-24T00:00:00.000,2018-01-01T00:00:00.000,9999-12-31T00:00:00.000,1,b7e4dcf9d90958e08a5faf7cb2623e5cb7e4dcf9d90958e08a5faf7cb2623e5c
335,EPR000335,158,160,10,6,Unity EngineeringPartRevision 335,EPR000335,0,468.9500,1,1,2026-08-24T00:00:00.000,2018-01-01T00:00:00.000,9999-12-31T00:00:00.000,1,c88fceb0a2365b4d80209211c0dfa216c88fceb0a2365b4d80209211c0dfa216
336,EPR000336,31,338,9,2,Atlas EngineeringPartRevision 336,EPR000336,1,470.3200,1,1,2026-08-24T00:00:00.000,2018-01-01T00:00:00.000,9999-12-31T00:00:00.000,1,6499dfc4b57652c69c4d9ed8a0988e476499dfc4b57652c69c4d9ed8a0988e47
337,EPR000337,496,29,10,1,Junction EngineeringPartRevision 337,EPR000337,1,471.6900,1,1,2026-08-24T00:00:00.000,2018-01-01T00:00:00.000,9999-12-31T00:00:00.000,1,d534d13b9144518cb347c2c917ec9d66d534d13b9144518cb347c2c917ec9d66
338,EPR000338,443,433,10,6,Pioneer EngineeringPartRevision 338,EPR000338,1,473.0600,1,1,2026-08-24T00:00:00.000,2018-01-01T00:00:00.000,9999-12-31T00:00:00.000,1,f0e43dd3829359169de2b2905b6a15cbf0e43dd3829359169de2b2905b6a15cb
339,EPR000339,194,343,6,6,Evergreen EngineeringPartRevision 339,EPR000339,1,474.4300,1,1,2026-08-24T00:00:00.000,2018-01-01T00:00:00.000,9999-12-31T00:00:00.000,1,04f2e8f8cdc156ae86f847e7120257df04f2e8f8cdc156ae86f847e7120257df
340,EPR000340,59,418,4,4,Vertex EngineeringPartRevision 340,EPR000340,0,475.8000,1,1,2026-08-24T00:00:00.000,2018-01-01T00:00:00.000,9999-12-31T00:00:00.000,1,5b907d0414bd5c459322a1a2c8a112fa5b907d0414bd5c459322a1a2c8a112fa
341,EPR000341,334,23,2,2,Orion EngineeringPartRevision 341,EPR000341,1,477.1700,1,1,2026-08-24T00:00:00.000,2018-01-01T00:00:00.000,9999-12-31T00:00:00.000,1,0b531e1441ad5877a753d7eb8b09db7c0b531e1441ad5877a753d7eb8b09db7c
342,EPR000342,325,267,3,2,Summit EngineeringPartRevision 342,EPR000342,1,478.5400,1,1,2026-08-24T00:00:00.000,2018-01-01T00:00:00.000,9999-12-31T00:00:00.000,1,6ba28e3501275f66bba0d0e44754f3da6ba28e3501275f66bba0d0e44754f3da
343,EPR000343,278,112,3,5,Liberty EngineeringPartRevision 343,EPR000343,1,479.9100,1,1,2026-08-24T00:00:00.000,2018-01-01T00:00:00.000,9999-12-31T00:00:00.000,1,a8c4fc468e7e591cacdb2f3d1be9182da8c4fc468e7e591cacdb2f3d1be9182d
344,EPR000344,362,294,3,2,Vertex EngineeringPartRevision 344,EPR000344,1,481.2800,1,1,2026-08-24T00:00:00.000,2018-01-01T00:00:00.000,9999-12-31T00:00:00.000,1,55e2134e32ee5e5c93a41c16a874544b55e2134e32ee5e5c93a41c16a874544b
345,EPR000345,495,127,3,3,Summit EngineeringPartRevision 345,EPR000345,0,482.6500,1,1,2026-08-24T00:00:00.000,2018-01-01T00:00:00.000,9999-12-31T00:00:00.000,1,5346f02ec6ad588eb4b040c60e51a2705346f02ec6ad588eb4b040c60e51a270
346,EPR000346,448,391,3,5,Junction EngineeringPartRevision 346,EPR000346,1,484.0200,1,1,2026-08-24T00:00:00.000,2018-01-01T00:00:00.000,9999-12-31T00:00:00.000,1,ee182fcde5f656fcb0fc4e905464b5d8ee182fcde5f656fcb0fc4e905464b5d8
347,EPR000347,127,44,3,4,Harbor EngineeringPartRevision 347,EPR000347,1,485.3900,1,1,2026-08-24T00:00:00.000,2018-01-01T00:00:00.000,9999-12-31T00:00:00.000,1,f9235cb8786b57b29238fd27868fb515f9235cb8786b57b29238fd27868fb515
348,EPR000348,498,74,1,1,Titan EngineeringPartRevision 348,EPR000348,1,486.7600,1,1,2026-08-24T00:00:00.000,2018-01-01T00:00:00.000,9999-12-31T00:00:00.000,1,50eb4c2cde305831950057015872170c50eb4c2cde305831950057015872170c
349,EPR000349,399,348,5,5,Forge EngineeringPartRevision 349,EPR000349,1,488.1300,1,1,2026-08-24T00:00:00.000,2018-01-01T00:00:00.000,9999-12-31T00:00:00.000,1,3cade00de595511baaa85cd56f17f1443cade00de595511baaa85cd56f17f144
350,EPR000350,82,23,7,7,Summit EngineeringPartRevision 350,EPR000350,0,489.5000,1,1,2026-08-24T00:00:00.000,2018-01-01T00:00:00.000,9999-12-31T00:00:00.000,1,c208d67177965a1eb062c94fbb0473aac208d67177965a1eb062c94fbb0473aa
351,EPR000351,302,116,1,5,Vertex EngineeringPartRevision 351,EPR000351,1,490.8700,1,1,2026-08-24T00:00:00.000,2018-01-01T00:00:00.000,9999-12-31T00:00:00.000,1,8a34abad63d5513b9c898f58582b2c3c8a34abad63d5513b9c898f58582b2c3c
352,EPR000352,349,424,3,4,Harbor EngineeringPartRevision 352,EPR000352,1,492.2400,1,1,2026-08-24T00:00:00.000,2018-01-01T00:00:00.000,9999-12-31T00:00:00.000,1,f066948d0d8c5423b6afcf3bc152e1d3f066948d0d8c5423b6afcf3bc152e1d3
353,EPR000353,242,76,9,5,Keystone EngineeringPartRevision 353,EPR000353,1,493.6100,1,1,2026-08-24T00:00:00.000,2018-01-01T00:00:00.000,9999-12-31T00:00:00.000,1,f2070b2bc80554b6b81d3bf95e7cc996f2070b2bc80554b6b81d3bf95e7cc996
354,EPR000354,127,422,1,2,Atlas EngineeringPartRevision 354,EPR000354,1,494.9800,1,1,2026-08-24T00:00:00.000,2018-01-01T00:00:00.000,9999-12-31T00:00:00.000,1,67ec0edc01d05da980a8c49a0b94f04667ec0edc01d05da980a8c49a0b94f046
355,EPR000355,403,230,6,6,Orion EngineeringPartRevision 355,EPR000355,0,496.3500,1,1,2026-08-24T00:00:00.000,2018-01-01T00:00:00.000,9999-12-31T00:00:00.000,1,1a43a9ba42d45f4f83fd9482286933f31a43a9ba42d45f4f83fd9482286933f3
356,EPR000356,124,430,4,3,Forge EngineeringPartRevision 356,EPR000356,1,497.7200,1,1,2026-08-24T00:00:00.000,2018-01-01T00:00:00.000,9999-12-31T00:00:00.000,1,f6d5efc6e03a525abd5bb13c2df69018f6d5efc6e03a525abd5bb13c2df69018
357,EPR000357,13,436,10,6,Beacon EngineeringPartRevision 357,EPR000357,1,499.0900,1,1,2026-08-24T00:00:00.000,2018-01-01T00:00:00.000,9999-12-31T00:00:00.000,1,d50261b33a475d07ab0058871bc26e53d50261b33a475d07ab0058871bc26e53
358,EPR000358,369,206,7,3,Orion EngineeringPartRevision 358,EPR000358,1,500.4600,1,1,2026-08-24T00:00:00.000,2018-01-01T00:00:00.000,9999-12-31T00:00:00.000,1,c16dd63b7dcc576c9e7e40935f65c7a7c16dd63b7dcc576c9e7e40935f65c7a7
359,EPR000359,125,400,2,5,Junction EngineeringPartRevision 359,EPR000359,1,501.8300,1,1,2026-08-24T00:00:00.000,2018-01-01T00:00:00.000,9999-12-31T00:00:00.000,1,dc448da6e9785e5986cd70d14d1218e8dc448da6e9785e5986cd70d14d1218e8
360,EPR000360,376,18,3,3,Delta EngineeringPartRevision 360,EPR000360,0,503.2000,1,1,2026-08-24T00:00:00.000,2018-01-01T00:00:00.000,9999-12-31T00:00:00.000,1,7b002f62dbc355bdb75e2008124ab6ca7b002f62dbc355bdb75e2008124ab6ca
361,EPR000361,396,62,5,4,Northstar EngineeringPartRevision 361,EPR000361,1,504.5700,1,1,2026-08-24T00:00:00.000,2018-01-01T00:00:00.000,9999-12-31T00:00:00.000,1,dfb99e67580352fd8621d25a944dbce7dfb99e67580352fd8621d25a944dbce7
362,EPR000362,226,227,3,3,Summit EngineeringPartRevision 362,EPR000362,1,505.9400,1,1,2026-08-24T00:00:00.000,2018-01-01T00:00:00.000,9999-12-31T00:00:00.000,1,107ca1de05185a2e8dd7e632499d5278107ca1de05185a2e8dd7e632499d5278
363,EPR000363,37,245,5,1,Vertex EngineeringPartRevision 363,EPR000363,1,507.3100,1,1,2026-08-24T00:00:00.000,2018-01-01T00:00:00.000,9999-12-31T00:00:00.000,1,235c638a36015fae8238a8394f4af4bb235c638a36015fae8238a8394f4af4bb
364,EPR000364,160,1,1,1,Summit EngineeringPartRevision 364,EPR000364,1,508.6800,1,1,2026-08-24T00:00:00.000,2018-01-01T00:00:00.000,9999-12-31T00:00:00.000,1,fb69369a4612587fbe7622239e823cfefb69369a4612587fbe7622239e823cfe
365,EPR000365,403,147,10,4,Zenith EngineeringPartRevision 365,EPR000365,0,510.0500,1,1,2026-08-24T00:00:00.000,2018-01-01T00:00:00.000,9999-12-31T00:00:00.000,1,a821ebb105ab590a9a1a9ed6976f9eb7a821ebb105ab590a9a1a9ed6976f9eb7
366,EPR000366,428,135,5,7,Meridian EngineeringPartRevision 366,EPR000366,1,511.4200,1,1,2026-08-24T00:00:00.000,2018-01-01T00:00:00.000,9999-12-31T00:00:00.000,1,e53b26a16e845e348a571793c60bbc25e53b26a16e845e348a571793c60bbc25
367,EPR000367,383,172,10,5,Meridian EngineeringPartRevision 367,EPR000367,1,512.7900,1,1,2026-08-24T00:00:00.000,2018-01-01T00:00:00.000,9999-12-31T00:00:00.000,1,5905782a17f151a6a051f93c690f0ec15905782a17f151a6a051f93c690f0ec1
368,EPR000368,96,444,9,6,Summit EngineeringPartRevision 368,EPR000368,1,514.1600,1,1,2026-08-24T00:00:00.000,2018-01-01T00:00:00.000,9999-12-31T00:00:00.000,1,d6df0bbd72a85092980fedf70a2a5c16d6df0bbd72a85092980fedf70a2a5c16
369,EPR000369,419,445,1,7,Unity EngineeringPartRevision 369,EPR000369,1,515.5300,1,1,2026-08-24T00:00:00.000,2018-01-01T00:00:00.000,9999-12-31T00:00:00.000,1,15923fc9310f55ceb07949cb1a45e5ef15923fc9310f55ceb07949cb1a45e5ef
370,EPR000370,247,301,8,6,Vertex EngineeringPartRevision 370,EPR000370,0,516.9000,1,1,2026-08-24T00:00:00.000,2018-01-01T00:00:00.000,9999-12-31T00:00:00.000,1,3db72424d7a95a568ad0f18c673e3bc73db72424d7a95a568ad0f18c673e3bc7
371,EPR000371,190,167,2,2,Granite EngineeringPartRevision 371,EPR000371,1,518.2700,1,1,2026-08-24T00:00:00.000,2018-01-01T00:00:00.000,9999-12-31T00:00:00.000,1,615ca9b7770b520fa3f07a70ca48c3f6615ca9b7770b520fa3f07a70ca48c3f6
372,EPR000372,403,445,7,5,Riverton EngineeringPartRevision 372,EPR000372,1,519.6400,1,1,2026-08-24T00:00:00.000,2018-01-01T00:00:00.000,9999-12-31T00:00:00.000,1,efd42561d6535e7e84cf0a5719e4cb97efd42561d6535e7e84cf0a5719e4cb97
373,EPR000373,4,287,6,1,Titan EngineeringPartRevision 373,EPR000373,1,521.0100,1,1,2026-08-24T00:00:00.000,2018-01-01T00:00:00.000,9999-12-31T00:00:00.000,1,ecf130270457597098a26474bb7fb001ecf130270457597098a26474bb7fb001
374,EPR000374,142,155,6,1,Keystone EngineeringPartRevision 374,EPR000374,1,522.3800,1,1,2026-08-24T00:00:00.000,2018-01-01T00:00:00.000,9999-12-31T00:00:00.000,1,0cf0703f0905584c8c5e34b859061ebd0cf0703f0905584c8c5e34b859061ebd
375,EPR000375,472,297,6,5,Zenith EngineeringPartRevision 375,EPR000375,0,523.7500,1,1,2026-08-24T00:00:00.000,2018-01-01T00:00:00.000,9999-12-31T00:00:00.000,1,2481c70300c55c2197e82cb8a65e8f732481c70300c55c2197e82cb8a65e8f73
376,EPR000376,312,33,8,3,Willow EngineeringPartRevision 376,EPR000376,1,525.1200,1,1,2026-08-24T00:00:00.000,2018-01-01T00:00:00.000,9999-12-31T00:00:00.000,1,e3387c3a767159b5b809e055c88cac89e3387c3a767159b5b809e055c88cac89
377,EPR000377,174,82,6,1,Pioneer EngineeringPartRevision 377,EPR000377,1,526.4900,1,1,2026-08-24T00:00:00.000,2018-01-01T00:00:00.000,9999-12-31T00:00:00.000,1,c29b6985216e5f14b6eeff9dca4b1412c29b6985216e5f14b6eeff9dca4b1412
378,EPR000378,494,58,3,5,Riverton EngineeringPartRevision 378,EPR000378,1,527.8600,1,1,2026-08-24T00:00:00.000,2018-01-01T00:00:00.000,9999-12-31T00:00:00.000,1,1632fd106f95578781c248e2a6eccc841632fd106f95578781c248e2a6eccc84
379,EPR000379,297,82,5,5,Quartz EngineeringPartRevision 379,EPR000379,1,529.2300,1,1,2026-08-24T00:00:00.000,2018-01-01T00:00:00.000,9999-12-31T00:00:00.000,1,a13fe1c15bbb57cf856c60ac38d5e97ca13fe1c15bbb57cf856c60ac38d5e97c
380,EPR000380,295,296,1,3,Ion EngineeringPartRevision 380,EPR000380,0,530.6000,1,1,2026-08-24T00:00:00.000,2018-01-01T00:00:00.000,9999-12-31T00:00:00.000,1,fc88d34f715f541187b9e9258dcd74fbfc88d34f715f541187b9e9258dcd74fb
381,EPR000381,457,184,2,5,Keystone EngineeringPartRevision 381,EPR000381,1,531.9700,1,1,2026-08-24T00:00:00.000,2018-01-01T00:00:00.000,9999-12-31T00:00:00.000,1,7b6bfa917f2c598c9b894dbcb9508a2a7b6bfa917f2c598c9b894dbcb9508a2a
382,EPR000382,345,81,5,5,Summit EngineeringPartRevision 382,EPR000382,1,533.3400,1,1,2026-08-24T00:00:00.000,2018-01-01T00:00:00.000,9999-12-31T00:00:00.000,1,abb29ad87229573c9b5cb18cb31e23deabb29ad87229573c9b5cb18cb31e23de
383,EPR000383,408,44,3,5,Vertex EngineeringPartRevision 383,EPR000383,1,534.7100,1,1,2026-08-24T00:00:00.000,2018-01-01T00:00:00.000,9999-12-31T00:00:00.000,1,f8c121c43fab5b42b765bbc2244c9f3cf8c121c43fab5b42b765bbc2244c9f3c
384,EPR000384,376,311,7,7,Zenith EngineeringPartRevision 384,EPR000384,1,536.0800,1,1,2026-08-24T00:00:00.000,2018-01-01T00:00:00.000,9999-12-31T00:00:00.000,1,0ae4a73f898851a7b0c69fd4ca3ebf570ae4a73f898851a7b0c69fd4ca3ebf57
385,EPR000385,353,381,2,5,Orion EngineeringPartRevision 385,EPR000385,0,537.4500,1,1,2026-08-24T00:00:00.000,2018-01-01T00:00:00.000,9999-12-31T00:00:00.000,1,848e18e05e6f552783657b08dcf5c3c3848e18e05e6f552783657b08dcf5c3c3
386,EPR000386,382,290,8,1,Evergreen EngineeringPartRevision 386,EPR000386,1,538.8200,1,1,2026-08-24T00:00:00.000,2018-01-01T00:00:00.000,9999-12-31T00:00:00.000,1,dfe73d18fdc854e7bb1772e67402b168dfe73d18fdc854e7bb1772e67402b168
387,EPR000387,202,198,9,5,Cedar EngineeringPartRevision 387,EPR000387,1,540.1900,1,1,2026-08-24T00:00:00.000,2018-01-01T00:00:00.000,9999-12-31T00:00:00.000,1,49665988cdd35dbd9d4dcd51ee818c6349665988cdd35dbd9d4dcd51ee818c63
388,EPR000388,149,44,1,5,Harbor EngineeringPartRevision 388,EPR000388,1,541.5600,1,1,2026-08-24T00:00:00.000,2018-01-01T00:00:00.000,9999-12-31T00:00:00.000,1,935e5d48c9e45cf994f2ba414e157047935e5d48c9e45cf994f2ba414e157047
389,EPR000389,168,184,6,7,Riverton EngineeringPartRevision 389,EPR000389,1,542.9300,1,1,2026-08-24T00:00:00.000,2018-01-01T00:00:00.000,9999-12-31T00:00:00.000,1,1a1cd3dffa3d5ee7b6e9b93b6e849bee1a1cd3dffa3d5ee7b6e9b93b6e849bee
390,EPR000390,284,304,7,6,Orion EngineeringPartRevision 390,EPR000390,0,544.3000,1,1,2026-08-24T00:00:00.000,2018-01-01T00:00:00.000,9999-12-31T00:00:00.000,1,511cfa468f095fa2bccbdfbda7cf759d511cfa468f095fa2bccbdfbda7cf759d
391,EPR000391,125,345,4,1,Evergreen EngineeringPartRevision 391,EPR000391,1,545.6700,1,1,2026-08-24T00:00:00.000,2018-01-01T00:00:00.000,9999-12-31T00:00:00.000,1,dfd091bbfd85577a8e8aa1cc7d6db6a5dfd091bbfd85577a8e8aa1cc7d6db6a5
392,EPR000392,265,444,4,3,Atlas EngineeringPartRevision 392,EPR000392,1,547.0400,1,1,2026-08-24T00:00:00.000,2018-01-01T00:00:00.000,9999-12-31T00:00:00.000,1,06febc67399e55e58312e04295374ae106febc67399e55e58312e04295374ae1
393,EPR000393,500,189,5,4,Cedar EngineeringPartRevision 393,EPR000393,1,548.4100,1,1,2026-08-24T00:00:00.000,2018-01-01T00:00:00.000,9999-12-31T00:00:00.000,1,86968b76815058e59c69ab847effa98686968b76815058e59c69ab847effa986
394,EPR000394,155,391,8,6,Cedar EngineeringPartRevision 394,EPR000394,1,549.7800,1,1,2026-08-24T00:00:00.000,2018-01-01T00:00:00.000,9999-12-31T00:00:00.000,1,d79541273203563583781c4f80f7d26cd79541273203563583781c4f80f7d26c
395,EPR000395,123,182,5,1,Summit EngineeringPartRevision 395,EPR000395,0,551.1500,1,1,2026-08-24T00:00:00.000,2018-01-01T00:00:00.000,9999-12-31T00:00:00.000,1,478856bd83cb5f77aa326715fb8092ef478856bd83cb5f77aa326715fb8092ef
396,EPR000396,334,188,9,4,Atlas EngineeringPartRevision 396,EPR000396,1,552.5200,1,1,2026-08-24T00:00:00.000,2018-01-01T00:00:00.000,9999-12-31T00:00:00.000,1,b930dac0fecb54b1b5acbc0e1ee5b07eb930dac0fecb54b1b5acbc0e1ee5b07e
397,EPR000397,345,357,6,2,Beacon EngineeringPartRevision 397,EPR000397,1,553.8900,1,1,2026-08-24T00:00:00.000,2018-01-01T00:00:00.000,9999-12-31T00:00:00.000,1,a67a1cacfbb9596b9c93d2dfb396a0dca67a1cacfbb9596b9c93d2dfb396a0dc
398,EPR000398,394,256,4,1,Unity EngineeringPartRevision 398,EPR000398,1,555.2600,1,1,2026-08-24T00:00:00.000,2018-01-01T00:00:00.000,9999-12-31T00:00:00.000,1,6d47b8f6bfeb5280b26aa4ae984f19476d47b8f6bfeb5280b26aa4ae984f1947
399,EPR000399,493,255,8,1,Forge EngineeringPartRevision 399,EPR000399,1,556.6300,1,1,2026-08-24T00:00:00.000,2018-01-01T00:00:00.000,9999-12-31T00:00:00.000,1,8410313e57d05521a7405a8a4e782e2c8410313e57d05521a7405a8a4e782e2c
400,EPR000400,158,356,6,6,Unity EngineeringPartRevision 400,EPR000400,0,558.0000,1,1,2026-08-24T00:00:00.000,2018-01-01T00:00:00.000,9999-12-31T00:00:00.000,1,ec78622a538e570f88ec6430dfb4b8fcec78622a538e570f88ec6430dfb4b8fc
401,EPR000401,270,272,9,7,Quartz EngineeringPartRevision 401,EPR000401,1,559.3700,1,1,2026-08-24T00:00:00.000,2018-01-01T00:00:00.000,9999-12-31T00:00:00.000,1,f48c5b8cf9ce5452b16705d5d54b15a7f48c5b8cf9ce5452b16705d5d54b15a7
402,EPR000402,63,204,2,7,Forge EngineeringPartRevision 402,EPR000402,1,560.7400,1,1,2026-08-24T00:00:00.000,2018-01-01T00:00:00.000,9999-12-31T00:00:00.000,1,d32ff0941a9d5c41af2e95b5bb7798b2d32ff0941a9d5c41af2e95b5bb7798b2
403,EPR000403,369,383,5,2,Ion EngineeringPartRevision 403,EPR000403,1,562.1100,1,1,2026-08-24T00:00:00.000,2018-01-01T00:00:00.000,9999-12-31T00:00:00.000,1,7a5cf7780ab85f36a44f63474e32d1aa7a5cf7780ab85f36a44f63474e32d1aa
404,EPR000404,342,229,10,2,Liberty EngineeringPartRevision 404,EPR000404,1,563.4800,1,1,2026-08-24T00:00:00.000,2018-01-01T00:00:00.000,9999-12-31T00:00:00.000,1,83fd1d02487b59c4ad5e52a04044d67183fd1d02487b59c4ad5e52a04044d671
405,EPR000405,325,61,2,6,Willow EngineeringPartRevision 405,EPR000405,0,564.8500,1,1,2026-08-24T00:00:00.000,2018-01-01T00:00:00.000,9999-12-31T00:00:00.000,1,26ca3def32e15897b4f2d6f83ca4ca9926ca3def32e15897b4f2d6f83ca4ca99
406,EPR000406,185,32,10,1,Pioneer EngineeringPartRevision 406,EPR000406,1,566.2200,1,1,2026-08-24T00:00:00.000,2018-01-01T00:00:00.000,9999-12-31T00:00:00.000,1,a6fd9f266b7c509ebe3045ae18cd3239a6fd9f266b7c509ebe3045ae18cd3239
407,EPR000407,279,430,6,7,Titan EngineeringPartRevision 407,EPR000407,1,567.5900,1,1,2026-08-24T00:00:00.000,2018-01-01T00:00:00.000,9999-12-31T00:00:00.000,1,84c3e975a04f53b2983d5d0d5392641d84c3e975a04f53b2983d5d0d5392641d
408,EPR000408,193,276,5,7,Zenith EngineeringPartRevision 408,EPR000408,1,568.9600,1,1,2026-08-24T00:00:00.000,2018-01-01T00:00:00.000,9999-12-31T00:00:00.000,1,d830a940ef71554f84cd19ec27b1a535d830a940ef71554f84cd19ec27b1a535
409,EPR000409,322,248,8,5,Granite EngineeringPartRevision 409,EPR000409,1,570.3300,1,1,2026-08-24T00:00:00.000,2018-01-01T00:00:00.000,9999-12-31T00:00:00.000,1,3939f62657115452ad6996f3972741783939f62657115452ad6996f397274178
410,EPR000410,425,71,5,3,Unity EngineeringPartRevision 410,EPR000410,0,571.7000,1,1,2026-08-24T00:00:00.000,2018-01-01T00:00:00.000,9999-12-31T00:00:00.000,1,aed6449da1315027acd1251a6c61a604aed6449da1315027acd1251a6c61a604
411,EPR000411,278,387,9,4,Pioneer EngineeringPartRevision 411,EPR000411,1,573.0700,1,1,2026-08-24T00:00:00.000,2018-01-01T00:00:00.000,9999-12-31T00:00:00.000,1,1a9e220eedca5adfb50c0faa81ad1d481a9e220eedca5adfb50c0faa81ad1d48
412,EPR000412,39,272,3,7,Northstar EngineeringPartRevision 412,EPR000412,1,574.4400,1,1,2026-08-24T00:00:00.000,2018-01-01T00:00:00.000,9999-12-31T00:00:00.000,1,2b13998fd50b5d5398bf8270f23863aa2b13998fd50b5d5398bf8270f23863aa
413,EPR000413,109,21,1,6,Quartz EngineeringPartRevision 413,EPR000413,1,575.8100,1,1,2026-08-24T00:00:00.000,2018-01-01T00:00:00.000,9999-12-31T00:00:00.000,1,a80728bc4641503097caddb3ff9eb7efa80728bc4641503097caddb3ff9eb7ef
414,EPR000414,292,170,8,5,Harbor EngineeringPartRevision 414,EPR000414,1,577.1800,1,1,2026-08-24T00:00:00.000,2018-01-01T00:00:00.000,9999-12-31T00:00:00.000,1,664796a946d05e39893927bead519396664796a946d05e39893927bead519396
415,EPR000415,428,6,2,6,Atlas EngineeringPartRevision 415,EPR000415,0,578.5500,1,1,2026-08-24T00:00:00.000,2018-01-01T00:00:00.000,9999-12-31T00:00:00.000,1,5f1df84d74d65adb8899a6a4dc5747c15f1df84d74d65adb8899a6a4dc5747c1
416,EPR000416,204,407,7,5,Beacon EngineeringPartRevision 416,EPR000416,1,579.9200,1,1,2026-08-24T00:00:00.000,2018-01-01T00:00:00.000,9999-12-31T00:00:00.000,1,1d49916fee9b53d38524ebf86c58ab781d49916fee9b53d38524ebf86c58ab78
417,EPR000417,312,236,4,6,Unity EngineeringPartRevision 417,EPR000417,1,581.2900,1,1,2026-08-24T00:00:00.000,2018-01-01T00:00:00.000,9999-12-31T00:00:00.000,1,2dd25aa0fa225d04ba97dd927d43edf32dd25aa0fa225d04ba97dd927d43edf3
418,EPR000418,472,68,3,3,Harbor EngineeringPartRevision 418,EPR000418,1,582.6600,1,1,2026-08-24T00:00:00.000,2018-01-01T00:00:00.000,9999-12-31T00:00:00.000,1,9d0fc8ed34885fb2aa22d0d3ff889a279d0fc8ed34885fb2aa22d0d3ff889a27
419,EPR000419,369,403,10,6,Unity EngineeringPartRevision 419,EPR000419,1,584.0300,1,1,2026-08-24T00:00:00.000,2018-01-01T00:00:00.000,9999-12-31T00:00:00.000,1,ab5e3eb1f3f250ae92fe8c8bf3e871efab5e3eb1f3f250ae92fe8c8bf3e871ef
420,EPR000420,406,271,1,3,Liberty EngineeringPartRevision 420,EPR000420,0,585.4000,1,1,2026-08-24T00:00:00.000,2018-01-01T00:00:00.000,9999-12-31T00:00:00.000,1,9bbdca2a0b2e57c38add5e8766d1c8239bbdca2a0b2e57c38add5e8766d1c823
421,EPR000421,214,118,3,5,Junction EngineeringPartRevision 421,EPR000421,1,586.7700,1,1,2026-08-24T00:00:00.000,2018-01-01T00:00:00.000,9999-12-31T00:00:00.000,1,dbe5b164a2b75783bde90e0526e371cbdbe5b164a2b75783bde90e0526e371cb
422,EPR000422,352,381,3,5,Pioneer EngineeringPartRevision 422,EPR000422,1,588.1400,1,1,2026-08-24T00:00:00.000,2018-01-01T00:00:00.000,9999-12-31T00:00:00.000,1,60bffb20ba0552c9a0ce9e80a870513b60bffb20ba0552c9a0ce9e80a870513b
423,EPR000423,431,319,2,3,Delta EngineeringPartRevision 423,EPR000423,1,589.5100,1,1,2026-08-24T00:00:00.000,2018-01-01T00:00:00.000,9999-12-31T00:00:00.000,1,dbcc6db28f9c5d8db368c3cc0cd2a02edbcc6db28f9c5d8db368c3cc0cd2a02e
424,EPR000424,233,164,8,4,Harbor EngineeringPartRevision 424,EPR000424,1,590.8800,1,1,2026-08-24T00:00:00.000,2018-01-01T00:00:00.000,9999-12-31T00:00:00.000,1,056f73bdec575a499ea06a4aa677eff0056f73bdec575a499ea06a4aa677eff0
425,EPR000425,175,444,7,5,Evergreen EngineeringPartRevision 425,EPR000425,0,592.2500,1,1,2026-08-24T00:00:00.000,2018-01-01T00:00:00.000,9999-12-31T00:00:00.000,1,30764591fb0f5f8db6eb0a9ff3b0948030764591fb0f5f8db6eb0a9ff3b09480
426,EPR000426,468,292,6,2,Vertex EngineeringPartRevision 426,EPR000426,1,593.6200,1,1,2026-08-24T00:00:00.000,2018-01-01T00:00:00.000,9999-12-31T00:00:00.000,1,fa3b920cfe445930b25dafd73338ee67fa3b920cfe445930b25dafd73338ee67
427,EPR000427,396,404,2,4,Cedar EngineeringPartRevision 427,EPR000427,1,594.9900,1,1,2026-08-24T00:00:00.000,2018-01-01T00:00:00.000,9999-12-31T00:00:00.000,1,fe94e71d00395c02921d4fcf1463bbc4fe94e71d00395c02921d4fcf1463bbc4
428,EPR000428,322,147,3,7,Evergreen EngineeringPartRevision 428,EPR000428,1,596.3600,1,1,2026-08-24T00:00:00.000,2018-01-01T00:00:00.000,9999-12-31T00:00:00.000,1,662a774e90d55031aaf4ffbc62241a84662a774e90d55031aaf4ffbc62241a84
429,EPR000429,258,215,7,7,Quartz EngineeringPartRevision 429,EPR000429,1,597.7300,1,1,2026-08-24T00:00:00.000,2018-01-01T00:00:00.000,9999-12-31T00:00:00.000,1,68ce1ff3777c5a70af8c30d646e97c2968ce1ff3777c5a70af8c30d646e97c29
430,EPR000430,187,440,7,1,Meridian EngineeringPartRevision 430,EPR000430,0,599.1000,1,1,2026-08-24T00:00:00.000,2018-01-01T00:00:00.000,9999-12-31T00:00:00.000,1,af2146254ece598d971ab9b04c1084deaf2146254ece598d971ab9b04c1084de
431,EPR000431,93,346,9,3,Willow EngineeringPartRevision 431,EPR000431,1,600.4700,1,1,2026-08-24T00:00:00.000,2018-01-01T00:00:00.000,9999-12-31T00:00:00.000,1,98612e17fa5e598d83d1a7798fb85a2398612e17fa5e598d83d1a7798fb85a23
432,EPR000432,318,288,10,1,Atlas EngineeringPartRevision 432,EPR000432,1,601.8400,1,1,2026-08-24T00:00:00.000,2018-01-01T00:00:00.000,9999-12-31T00:00:00.000,1,c67f80295956567ca6fd70564e694d99c67f80295956567ca6fd70564e694d99
433,EPR000433,1,77,6,2,Junction EngineeringPartRevision 433,EPR000433,1,603.2100,1,1,2026-08-24T00:00:00.000,2018-01-01T00:00:00.000,9999-12-31T00:00:00.000,1,103b8d43e02d5f5da1c1c2e0cfcf16bd103b8d43e02d5f5da1c1c2e0cfcf16bd
434,EPR000434,112,265,6,2,Meridian EngineeringPartRevision 434,EPR000434,1,604.5800,1,1,2026-08-24T00:00:00.000,2018-01-01T00:00:00.000,9999-12-31T00:00:00.000,1,925ea0f7d0c4589984f1e98f7fdec3aa925ea0f7d0c4589984f1e98f7fdec3aa
435,EPR000435,154,362,7,5,Willow EngineeringPartRevision 435,EPR000435,0,605.9500,1,1,2026-08-24T00:00:00.000,2018-01-01T00:00:00.000,9999-12-31T00:00:00.000,1,39c0c3f4fe2b5d4f9d67a1ea6b49156939c0c3f4fe2b5d4f9d67a1ea6b491569
436,EPR000436,325,22,10,3,Meridian EngineeringPartRevision 436,EPR000436,1,607.3200,1,1,2026-08-24T00:00:00.000,2018-01-01T00:00:00.000,9999-12-31T00:00:00.000,1,102a852eeb2b5e4bb73145f7c6f58480102a852eeb2b5e4bb73145f7c6f58480
437,EPR000437,149,88,9,4,Summit EngineeringPartRevision 437,EPR000437,1,608.6900,1,1,2026-08-24T00:00:00.000,2018-01-01T00:00:00.000,9999-12-31T00:00:00.000,1,f4948068533a56a69b2425e446675d50f4948068533a56a69b2425e446675d50
438,EPR000438,143,447,6,5,Northstar EngineeringPartRevision 438,EPR000438,1,610.0600,1,1,2026-08-24T00:00:00.000,2018-01-01T00:00:00.000,9999-12-31T00:00:00.000,1,5981f5ada27d52b3af5dcdf63fbea4115981f5ada27d52b3af5dcdf63fbea411
439,EPR000439,276,330,4,4,Meridian EngineeringPartRevision 439,EPR000439,1,611.4300,1,1,2026-08-24T00:00:00.000,2018-01-01T00:00:00.000,9999-12-31T00:00:00.000,1,feab0401ed4a59f3b5347974c53c9018feab0401ed4a59f3b5347974c53c9018
440,EPR000440,67,437,4,4,Riverton EngineeringPartRevision 440,EPR000440,0,612.8000,1,1,2026-08-24T00:00:00.000,2018-01-01T00:00:00.000,9999-12-31T00:00:00.000,1,da9f939ab3ae56edb3ba2790d39972ddda9f939ab3ae56edb3ba2790d39972dd
441,EPR000441,12,448,9,3,Willow EngineeringPartRevision 441,EPR000441,1,614.1700,1,1,2026-08-24T00:00:00.000,2018-01-01T00:00:00.000,9999-12-31T00:00:00.000,1,c4778575b1e350118e8042586691000bc4778575b1e350118e8042586691000b
442,EPR000442,493,275,7,2,Harbor EngineeringPartRevision 442,EPR000442,1,615.5400,1,1,2026-08-24T00:00:00.000,2018-01-01T00:00:00.000,9999-12-31T00:00:00.000,1,5b76632a84d65f659231d9b6d80e80655b76632a84d65f659231d9b6d80e8065
443,EPR000443,213,223,4,6,Pioneer EngineeringPartRevision 443,EPR000443,1,616.9100,1,1,2026-08-24T00:00:00.000,2018-01-01T00:00:00.000,9999-12-31T00:00:00.000,1,43a6dce2434a5f16b7ca213228668c7343a6dce2434a5f16b7ca213228668c73
444,EPR000444,174,435,9,7,Summit EngineeringPartRevision 444,EPR000444,1,618.2800,1,1,2026-08-24T00:00:00.000,2018-01-01T00:00:00.000,9999-12-31T00:00:00.000,1,b1fb020b5b4e5ddc8303e95a6f49283ab1fb020b5b4e5ddc8303e95a6f49283a
445,EPR000445,450,66,5,6,Forge EngineeringPartRevision 445,EPR000445,0,619.6500,1,1,2026-08-24T00:00:00.000,2018-01-01T00:00:00.000,9999-12-31T00:00:00.000,1,5f8a6774c8f35fc19edade2ca64b05f25f8a6774c8f35fc19edade2ca64b05f2
446,EPR000446,128,422,6,1,Zenith EngineeringPartRevision 446,EPR000446,1,621.0200,1,1,2026-08-24T00:00:00.000,2018-01-01T00:00:00.000,9999-12-31T00:00:00.000,1,822f44020a38576fa06f8f36c9af745e822f44020a38576fa06f8f36c9af745e
447,EPR000447,382,387,8,7,Evergreen EngineeringPartRevision 447,EPR000447,1,622.3900,1,1,2026-08-24T00:00:00.000,2018-01-01T00:00:00.000,9999-12-31T00:00:00.000,1,540ba38a655c5d4eb8d2fc2fab1bcf26540ba38a655c5d4eb8d2fc2fab1bcf26
448,EPR000448,361,431,4,1,Titan EngineeringPartRevision 448,EPR000448,1,623.7600,1,1,2026-08-24T00:00:00.000,2018-01-01T00:00:00.000,9999-12-31T00:00:00.000,1,1abaa3449993511bb140af967b0a5f731abaa3449993511bb140af967b0a5f73
449,EPR000449,299,63,1,7,Granite EngineeringPartRevision 449,EPR000449,1,625.1300,1,1,2026-08-24T00:00:00.000,2018-01-01T00:00:00.000,9999-12-31T00:00:00.000,1,7637a3cb833b5e48a680947c99d65f097637a3cb833b5e48a680947c99d65f09
450,EPR000450,390,121,2,1,Atlas EngineeringPartRevision 450,EPR000450,0,626.5000,1,1,2026-08-24T00:00:00.000,2018-01-01T00:00:00.000,9999-12-31T00:00:00.000,1,4ab81e46a6675a4baa9c521513bc234b4ab81e46a6675a4baa9c521513bc234b
451,EPR000451,363,365,9,1,Pioneer EngineeringPartRevision 451,EPR000451,1,627.8700,1,1,2026-08-24T00:00:00.000,2018-01-01T00:00:00.000,9999-12-31T00:00:00.000,1,a4dbf14d783754cd8c648a43d9668651a4dbf14d783754cd8c648a43d9668651
452,EPR000452,439,130,10,7,Beacon EngineeringPartRevision 452,EPR000452,1,629.2400,1,1,2026-08-24T00:00:00.000,2018-01-01T00:00:00.000,9999-12-31T00:00:00.000,1,50408fb102a759fdaf45d1bf27d18bd750408fb102a759fdaf45d1bf27d18bd7
453,EPR000453,222,281,1,5,Riverton EngineeringPartRevision 453,EPR000453,1,630.6100,1,1,2026-08-24T00:00:00.000,2018-01-01T00:00:00.000,9999-12-31T00:00:00.000,1,944d067262e850129d61262cc1bbae64944d067262e850129d61262cc1bbae64
454,EPR000454,390,147,6,5,Forge EngineeringPartRevision 454,EPR000454,1,631.9800,1,1,2026-08-24T00:00:00.000,2018-01-01T00:00:00.000,9999-12-31T00:00:00.000,1,c3156a94d4e35f90a8008f6ce5c15e17c3156a94d4e35f90a8008f6ce5c15e17
455,EPR000455,243,432,4,4,Ion EngineeringPartRevision 455,EPR000455,0,633.3500,1,1,2026-08-24T00:00:00.000,2018-01-01T00:00:00.000,9999-12-31T00:00:00.000,1,7202d2c65a335084ad10471dce7c2fcc7202d2c65a335084ad10471dce7c2fcc
456,EPR000456,236,43,1,6,Pioneer EngineeringPartRevision 456,EPR000456,1,634.7200,1,1,2026-08-24T00:00:00.000,2018-01-01T00:00:00.000,9999-12-31T00:00:00.000,1,e934a7b5310f5c28b62d212b9d9f3b87e934a7b5310f5c28b62d212b9d9f3b87
457,EPR000457,275,212,3,6,Unity EngineeringPartRevision 457,EPR000457,1,636.0900,1,1,2026-08-24T00:00:00.000,2018-01-01T00:00:00.000,9999-12-31T00:00:00.000,1,ac8bed9ffc3853e888b2d046877986edac8bed9ffc3853e888b2d046877986ed
458,EPR000458,496,88,4,7,Liberty EngineeringPartRevision 458,EPR000458,1,637.4600,1,1,2026-08-24T00:00:00.000,2018-01-01T00:00:00.000,9999-12-31T00:00:00.000,1,e290dd79e539508bbe547ecc72a65b42e290dd79e539508bbe547ecc72a65b42
459,EPR000459,322,64,4,4,Delta EngineeringPartRevision 459,EPR000459,1,638.8300,1,1,2026-08-24T00:00:00.000,2018-01-01T00:00:00.000,9999-12-31T00:00:00.000,1,3830c6ed39635538869e058129c7bdc53830c6ed39635538869e058129c7bdc5
460,EPR000460,90,13,8,6,Meridian EngineeringPartRevision 460,EPR000460,0,640.2000,1,1,2026-08-24T00:00:00.000,2018-01-01T00:00:00.000,9999-12-31T00:00:00.000,1,c3275778f6a05631accedeee95ff8309c3275778f6a05631accedeee95ff8309
461,EPR000461,365,182,5,7,Meridian EngineeringPartRevision 461,EPR000461,1,641.5700,1,1,2026-08-24T00:00:00.000,2018-01-01T00:00:00.000,9999-12-31T00:00:00.000,1,b4d7240fd1b658dd9a566d64326bd490b4d7240fd1b658dd9a566d64326bd490
462,EPR000462,246,219,5,7,Vertex EngineeringPartRevision 462,EPR000462,1,642.9400,1,1,2026-08-24T00:00:00.000,2018-01-01T00:00:00.000,9999-12-31T00:00:00.000,1,2e334d8f80c559778b7a67f9c4f90bdb2e334d8f80c559778b7a67f9c4f90bdb
463,EPR000463,285,75,3,2,Liberty EngineeringPartRevision 463,EPR000463,1,644.3100,1,1,2026-08-24T00:00:00.000,2018-01-01T00:00:00.000,9999-12-31T00:00:00.000,1,5c4551dc9fed5c8ba23a42b9d52783fa5c4551dc9fed5c8ba23a42b9d52783fa
464,EPR000464,11,240,7,1,Junction EngineeringPartRevision 464,EPR000464,1,645.6800,1,1,2026-08-24T00:00:00.000,2018-01-01T00:00:00.000,9999-12-31T00:00:00.000,1,dde9d153239c5dae8236850faa6fcfacdde9d153239c5dae8236850faa6fcfac
465,EPR000465,155,127,2,2,Ion EngineeringPartRevision 465,EPR000465,0,647.0500,1,1,2026-08-24T00:00:00.000,2018-01-01T00:00:00.000,9999-12-31T00:00:00.000,1,b574d47602ea51a0a8a90cca8ac81b9bb574d47602ea51a0a8a90cca8ac81b9b
466,EPR000466,195,391,3,1,Meridian EngineeringPartRevision 466,EPR000466,1,648.4200,1,1,2026-08-24T00:00:00.000,2018-01-01T00:00:00.000,9999-12-31T00:00:00.000,1,c6950580655e5edf9579406b3f31f529c6950580655e5edf9579406b3f31f529
467,EPR000467,22,269,10,5,Delta EngineeringPartRevision 467,EPR000467,1,649.7900,1,1,2026-08-24T00:00:00.000,2018-01-01T00:00:00.000,9999-12-31T00:00:00.000,1,adf305dfcc9d5436a72094ae9520b0f5adf305dfcc9d5436a72094ae9520b0f5
468,EPR000468,470,109,10,6,Meridian EngineeringPartRevision 468,EPR000468,1,651.1600,1,1,2026-08-24T00:00:00.000,2018-01-01T00:00:00.000,9999-12-31T00:00:00.000,1,674542c6611b572595f4f84045a6843a674542c6611b572595f4f84045a6843a
469,EPR000469,91,372,1,6,Summit EngineeringPartRevision 469,EPR000469,1,652.5300,1,1,2026-08-24T00:00:00.000,2018-01-01T00:00:00.000,9999-12-31T00:00:00.000,1,fbb57e2f9e2657ddb2223d1581899bd1fbb57e2f9e2657ddb2223d1581899bd1
470,EPR000470,129,160,4,5,Delta EngineeringPartRevision 470,EPR000470,0,653.9000,1,1,2026-08-24T00:00:00.000,2018-01-01T00:00:00.000,9999-12-31T00:00:00.000,1,a7c8c6cb5c19503d8793315a42daf822a7c8c6cb5c19503d8793315a42daf822
471,EPR000471,11,340,6,1,Riverton EngineeringPartRevision 471,EPR000471,1,655.2700,1,1,2026-08-24T00:00:00.000,2018-01-01T00:00:00.000,9999-12-31T00:00:00.000,1,c82f9907b4e05ca0993c9a118fbbb7afc82f9907b4e05ca0993c9a118fbbb7af
472,EPR000472,237,135,10,5,Evergreen EngineeringPartRevision 472,EPR000472,1,656.6400,1,1,2026-08-24T00:00:00.000,2018-01-01T00:00:00.000,9999-12-31T00:00:00.000,1,5c1ab565cda3560f830a57b24db472e05c1ab565cda3560f830a57b24db472e0
473,EPR000473,369,351,8,1,Meridian EngineeringPartRevision 473,EPR000473,1,658.0100,1,1,2026-08-24T00:00:00.000,2018-01-01T00:00:00.000,9999-12-31T00:00:00.000,1,6fdecbc4603557398a262b35c6a5f9bd6fdecbc4603557398a262b35c6a5f9bd
474,EPR000474,239,283,7,5,Vertex EngineeringPartRevision 474,EPR000474,1,659.3800,1,1,2026-08-24T00:00:00.000,2018-01-01T00:00:00.000,9999-12-31T00:00:00.000,1,7baee95e26755df8b15c02c9a22e0b727baee95e26755df8b15c02c9a22e0b72
475,EPR000475,118,99,5,4,Cedar EngineeringPartRevision 475,EPR000475,0,660.7500,1,1,2026-08-24T00:00:00.000,2018-01-01T00:00:00.000,9999-12-31T00:00:00.000,1,0856cac446ff509bb170138f6f34d8e40856cac446ff509bb170138f6f34d8e4
476,EPR000476,403,385,2,3,Beacon EngineeringPartRevision 476,EPR000476,1,662.1200,1,1,2026-08-24T00:00:00.000,2018-01-01T00:00:00.000,9999-12-31T00:00:00.000,1,cfd64d15ac3756ac82850fabb3d53d3acfd64d15ac3756ac82850fabb3d53d3a
477,EPR000477,234,359,6,5,Evergreen EngineeringPartRevision 477,EPR000477,1,663.4900,1,1,2026-08-24T00:00:00.000,2018-01-01T00:00:00.000,9999-12-31T00:00:00.000,1,782db85c2e4e5a5daa2b853d65baabd4782db85c2e4e5a5daa2b853d65baabd4
478,EPR000478,238,308,9,7,Delta EngineeringPartRevision 478,EPR000478,1,664.8600,1,1,2026-08-24T00:00:00.000,2018-01-01T00:00:00.000,9999-12-31T00:00:00.000,1,ffdfd43f7c6559d4bd1736d0912238b5ffdfd43f7c6559d4bd1736d0912238b5
479,EPR000479,278,370,9,4,Zenith EngineeringPartRevision 479,EPR000479,1,666.2300,1,1,2026-08-24T00:00:00.000,2018-01-01T00:00:00.000,9999-12-31T00:00:00.000,1,22c08dacda04565ead51c27d62e1959f22c08dacda04565ead51c27d62e1959f
480,EPR000480,48,149,3,2,Meridian EngineeringPartRevision 480,EPR000480,0,667.6000,1,1,2026-08-24T00:00:00.000,2018-01-01T00:00:00.000,9999-12-31T00:00:00.000,1,6454700024495c73bd8e8e8a3b858c8e6454700024495c73bd8e8e8a3b858c8e
481,EPR000481,61,291,6,1,Ion EngineeringPartRevision 481,EPR000481,1,668.9700,1,1,2026-08-24T00:00:00.000,2018-01-01T00:00:00.000,9999-12-31T00:00:00.000,1,688b6e9bdcbb55208d242b3c73f2a374688b6e9bdcbb55208d242b3c73f2a374
482,EPR000482,348,335,5,6,Evergreen EngineeringPartRevision 482,EPR000482,1,670.3400,1,1,2026-08-24T00:00:00.000,2018-01-01T00:00:00.000,9999-12-31T00:00:00.000,1,8fd8d9da24dc5f8581a9652f8f7731178fd8d9da24dc5f8581a9652f8f773117
483,EPR000483,175,13,8,7,Evergreen EngineeringPartRevision 483,EPR000483,1,671.7100,1,1,2026-08-24T00:00:00.000,2018-01-01T00:00:00.000,9999-12-31T00:00:00.000,1,c65dd754bebe5d8ea19f83e3074e9470c65dd754bebe5d8ea19f83e3074e9470
484,EPR000484,114,58,4,2,Harbor EngineeringPartRevision 484,EPR000484,1,673.0800,1,1,2026-08-24T00:00:00.000,2018-01-01T00:00:00.000,9999-12-31T00:00:00.000,1,6785ab0c822d58f2b1750025827a7e366785ab0c822d58f2b1750025827a7e36
485,EPR000485,29,355,1,4,Ion EngineeringPartRevision 485,EPR000485,0,674.4500,1,1,2026-08-24T00:00:00.000,2018-01-01T00:00:00.000,9999-12-31T00:00:00.000,1,e6f233e0d4b058d3b31d1b2b66c190c8e6f233e0d4b058d3b31d1b2b66c190c8
486,EPR000486,42,6,8,4,Delta EngineeringPartRevision 486,EPR000486,1,675.8200,1,1,2026-08-24T00:00:00.000,2018-01-01T00:00:00.000,9999-12-31T00:00:00.000,1,b98e52fc59c451fc8276a31d3566352ab98e52fc59c451fc8276a31d3566352a
487,EPR000487,202,236,5,5,Keystone EngineeringPartRevision 487,EPR000487,1,677.1900,1,1,2026-08-24T00:00:00.000,2018-01-01T00:00:00.000,9999-12-31T00:00:00.000,1,6f2857897a855b378151c7ffa52801506f2857897a855b378151c7ffa5280150
488,EPR000488,201,203,8,4,Liberty EngineeringPartRevision 488,EPR000488,1,678.5600,1,1,2026-08-24T00:00:00.000,2018-01-01T00:00:00.000,9999-12-31T00:00:00.000,1,7bd2563d766d50e180432be0c9868f837bd2563d766d50e180432be0c9868f83
489,EPR000489,3,218,4,4,Meridian EngineeringPartRevision 489,EPR000489,1,679.9300,1,1,2026-08-24T00:00:00.000,2018-01-01T00:00:00.000,9999-12-31T00:00:00.000,1,9acdea78de775fe9bfde6fa6b2abfa509acdea78de775fe9bfde6fa6b2abfa50
490,EPR000490,497,44,6,6,Forge EngineeringPartRevision 490,EPR000490,0,681.3000,1,1,2026-08-24T00:00:00.000,2018-01-01T00:00:00.000,9999-12-31T00:00:00.000,1,a7b121bb2432571aada40f4241be44b1a7b121bb2432571aada40f4241be44b1
491,EPR000491,202,260,8,3,Granite EngineeringPartRevision 491,EPR000491,1,682.6700,1,1,2026-08-24T00:00:00.000,2018-01-01T00:00:00.000,9999-12-31T00:00:00.000,1,775404d3e2795581b3048e2cbab9cfd6775404d3e2795581b3048e2cbab9cfd6
492,EPR000492,278,415,8,2,Harbor EngineeringPartRevision 492,EPR000492,1,684.0400,1,1,2026-08-24T00:00:00.000,2018-01-01T00:00:00.000,9999-12-31T00:00:00.000,1,6ef513f1b61f5ab285f50705a3987afd6ef513f1b61f5ab285f50705a3987afd
493,EPR000493,417,11,7,1,Junction EngineeringPartRevision 493,EPR000493,1,685.4100,1,1,2026-08-24T00:00:00.000,2018-01-01T00:00:00.000,9999-12-31T00:00:00.000,1,33fc29bc1285570b91b4c27ecf2c8ae233fc29bc1285570b91b4c27ecf2c8ae2
494,EPR000494,44,40,7,6,Riverton EngineeringPartRevision 494,EPR000494,1,686.7800,1,1,2026-08-24T00:00:00.000,2018-01-01T00:00:00.000,9999-12-31T00:00:00.000,1,b4584e127799577fabc78cfbd00e449fb4584e127799577fabc78cfbd00e449f
495,EPR000495,297,265,7,1,Vertex EngineeringPartRevision 495,EPR000495,0,688.1500,1,1,2026-08-24T00:00:00.000,2018-01-01T00:00:00.000,9999-12-31T00:00:00.000,1,96939402f6135cfea22b5fba743e2ec796939402f6135cfea22b5fba743e2ec7
496,EPR000496,304,33,2,6,Granite EngineeringPartRevision 496,EPR000496,1,689.5200,1,1,2026-08-24T00:00:00.000,2018-01-01T00:00:00.000,9999-12-31T00:00:00.000,1,a7d3038dc00558d6bbc5c911ebd3532ea7d3038dc00558d6bbc5c911ebd3532e
497,EPR000497,461,22,6,4,Quartz EngineeringPartRevision 497,EPR000497,1,690.8900,1,1,2026-08-24T00:00:00.000,2018-01-01T00:00:00.000,9999-12-31T00:00:00.000,1,d4ba79d2470d57b290253cfc0a832371d4ba79d2470d57b290253cfc0a832371
498,EPR000498,469,440,1,5,Harbor EngineeringPartRevision 498,EPR000498,1,692.2600,1,1,2026-08-24T00:00:00.000,2018-01-01T00:00:00.000,9999-12-31T00:00:00.000,1,7d4c507bb0945dc8941e619aff77df807d4c507bb0945dc8941e619aff77df80
499,EPR000499,309,274,3,6,Delta EngineeringPartRevision 499,EPR000499,1,693.6300,1,1,2026-08-24T00:00:00.000,2018-01-01T00:00:00.000,9999-12-31T00:00:00.000,1,e80b8b6edca350fb9eaf8e1e0a2ed200e80b8b6edca350fb9eaf8e1e0a2ed200
500,EPR000500,129,182,7,2,Pioneer EngineeringPartRevision 500,EPR000500,0,695.0000,1,1,2026-08-24T00:00:00.000,2018-01-01T00:00:00.000,9999-12-31T00:00:00.000,1,eadab818fe725e7ab1227b7d053a6364eadab818fe725e7ab1227b7d053a6364
