FinanceProductCostVersionKey,ProductCostVersionCode,ProductKey,PlantKey,FinanceCostComponentDetailKey,FinanceCostingMethodKey,CurrencyKey,CostVersionName,EffectiveDate,ExpirationDate,SourceSystemKey,BatchId,LoadedAtUtc,EffectiveFromUtc,EffectiveToUtc,IsCurrent,RowHash
-1,UNKNOWN,-1,-1,-1,-1,-1,Unknown,1900-01-01,1900-01-01,-1,0,1900-01-01T00:00:00.000,1900-01-01T00:00:00.000,1900-01-01T00:00:00.000,0,0000000000000000000000000000000000000000000000000000000000000000
1,FPCV000001,272,192,136,8,3,Junction FinanceProductCostVersion 1,2020-01-02,2020-01-02,1,1,2026-08-24T00:00:00.000,2018-01-01T00:00:00.000,9999-12-31T00:00:00.000,1,1de4345fe1ba5f35b366f58c946449651de4345fe1ba5f35b366f58c94644965
2,FPCV000002,67,87,148,8,1,Quartz FinanceProductCostVersion 2,2020-01-03,2020-01-03,1,1,2026-08-24T00:00:00.000,2018-01-01T00:00:00.000,9999-12-31T00:00:00.000,1,36824b4051ef51bcbc7b78696e13293836824b4051ef51bcbc7b78696e132938
3,FPCV000003,229,315,265,7,5,Zenith FinanceProductCostVersion 3,2020-01-04,2020-01-04,1,1,2026-08-24T00:00:00.000,2018-01-01T00:00:00.000,9999-12-31T00:00:00.000,1,90ff2868d23559e588f7fe49c0535f3f90ff2868d23559e588f7fe49c0535f3f
4,FPCV000004,355,228,144,3,5,Delta FinanceProductCostVersion 4,2020-01-05,2020-01-05,1,1,2026-08-24T00:00:00.000,2018-01-01T00:00:00.000,9999-12-31T00:00:00.000,1,a6a0fdd744135a568ce691c9e1cf5848a6a0fdd744135a568ce691c9e1cf5848
5,FPCV000005,150,192,28,3,2,Summit FinanceProductCostVersion 5,2020-01-06,2020-01-06,1,1,2026-08-24T00:00:00.000,2018-01-01T00:00:00.000,9999-12-31T00:00:00.000,1,7d63b1d43b5c5e559b7dc44538f885677d63b1d43b5c5e559b7dc44538f88567
6,FPCV000006,303,144,466,2,1,Forge FinanceProductCostVersion 6,2020-01-07,2020-01-07,1,1,2026-08-24T00:00:00.000,2018-01-01T00:00:00.000,9999-12-31T00:00:00.000,1,50af4d8648a157e38102bfd9f7a2f96650af4d8648a157e38102bfd9f7a2f966
7,FPCV000007,225,20,424,5,3,Northstar FinanceProductCostVersion 7,2020-01-08,2020-01-08,1,1,2026-08-24T00:00:00.000,2018-01-01T00:00:00.000,9999-12-31T00:00:00.000,1,c8c6cc01ef3652bfa9b6e6f6c929522bc8c6cc01ef3652bfa9b6e6f6c929522b
8,FPCV000008,77,26,121,2,1,Meridian FinanceProductCostVersion 8,2020-01-09,2020-01-09,1,1,2026-08-24T00:00:00.000,2018-01-01T00:00:00.000,9999-12-31T00:00:00.000,1,0dfbdf23d2c3502981fd0243475c2de50dfbdf23d2c3502981fd0243475c2de5
9,FPCV000009,255,178,420,2,3,Willow FinanceProductCostVersion 9,2020-01-10,2020-01-10,1,1,2026-08-24T00:00:00.000,2018-01-01T00:00:00.000,9999-12-31T00:00:00.000,1,1d6aaf3840b95ea89968e1c46f957ef31d6aaf3840b95ea89968e1c46f957ef3
10,FPCV000010,426,319,387,4,2,Evergreen FinanceProductCostVersion 10,2020-01-11,2020-01-11,1,1,2026-08-24T00:00:00.000,2018-01-01T00:00:00.000,9999-12-31T00:00:00.000,1,43dc28fb8f265871850a881c81dfb3cc43dc28fb8f265871850a881c81dfb3cc
11,FPCV000011,145,43,414,1,3,Delta FinanceProductCostVersion 11,2020-01-12,2020-01-12,1,1,2026-08-24T00:00:00.000,2018-01-01T00:00:00.000,9999-12-31T00:00:00.000,1,759a55710d465848a16064d265b5034f759a55710d465848a16064d265b5034f
12,FPCV000012,5,235,9,2,2,Liberty FinanceProductCostVersion 12,2020-01-13,2020-01-13,1,1,2026-08-24T00:00:00.000,2018-01-01T00:00:00.000,9999-12-31T00:00:00.000,1,9e512ff789385127be1c3d046df826e29e512ff789385127be1c3d046df826e2
13,FPCV000013,103,243,116,1,3,Meridian FinanceProductCostVersion 13,2020-01-14,2020-01-14,1,1,2026-08-24T00:00:00.000,2018-01-01T00:00:00.000,9999-12-31T00:00:00.000,1,7bd6ede06fa85485b9a85b49ff5bcba47bd6ede06fa85485b9a85b49ff5bcba4
14,FPCV000014,440,13,385,3,4,Harbor FinanceProductCostVersion 14,2020-01-15,2020-01-15,1,1,2026-08-24T00:00:00.000,2018-01-01T00:00:00.000,9999-12-31T00:00:00.000,1,3c4f270a0d4a5117bea4a743305fe5393c4f270a0d4a5117bea4a743305fe539
15,FPCV000015,402,283,336,1,5,Pioneer FinanceProductCostVersion 15,2020-01-16,2020-01-16,1,1,2026-08-24T00:00:00.000,2018-01-01T00:00:00.000,9999-12-31T00:00:00.000,1,db714390f9835f8bbefac0e6331252b9db714390f9835f8bbefac0e6331252b9
16,FPCV000016,85,144,17,4,4,Orion FinanceProductCostVersion 16,2020-01-17,2020-01-17,1,1,2026-08-24T00:00:00.000,2018-01-01T00:00:00.000,9999-12-31T00:00:00.000,1,84d9402e2f025202b3d0df198cd6c46284d9402e2f025202b3d0df198cd6c462
17,FPCV000017,412,13,8,3,1,Evergreen FinanceProductCostVersion 17,2020-01-18,2020-01-18,1,1,2026-08-24T00:00:00.000,2018-01-01T00:00:00.000,9999-12-31T00:00:00.000,1,9c09376dc42950128eb3abd39c6c36c89c09376dc42950128eb3abd39c6c36c8
18,FPCV000018,182,232,198,1,3,Vertex FinanceProductCostVersion 18,2020-01-19,2020-01-19,1,1,2026-08-24T00:00:00.000,2018-01-01T00:00:00.000,9999-12-31T00:00:00.000,1,d6030fff57555d14927b4a81076ffb61d6030fff57555d14927b4a81076ffb61
19,FPCV000019,472,207,230,3,3,Granite FinanceProductCostVersion 19,2020-01-20,2020-01-20,1,1,2026-08-24T00:00:00.000,2018-01-01T00:00:00.000,9999-12-31T00:00:00.000,1,f013cab08c1c5e6686b708e476dde2c4f013cab08c1c5e6686b708e476dde2c4
20,FPCV000020,423,254,394,6,2,Junction FinanceProductCostVersion 20,2020-01-21,2020-01-21,1,1,2026-08-24T00:00:00.000,2018-01-01T00:00:00.000,9999-12-31T00:00:00.000,1,1d1090c16613574db6d8fef3ae0b422b1d1090c16613574db6d8fef3ae0b422b
21,FPCV000021,407,101,407,8,5,Summit FinanceProductCostVersion 21,2020-01-22,2020-01-22,1,1,2026-08-24T00:00:00.000,2018-01-01T00:00:00.000,9999-12-31T00:00:00.000,1,02e2de4422285a979f25b76a578a54d702e2de4422285a979f25b76a578a54d7
22,FPCV000022,222,232,178,5,3,Unity FinanceProductCostVersion 22,2020-01-23,2020-01-23,1,1,2026-08-24T00:00:00.000,2018-01-01T00:00:00.000,9999-12-31T00:00:00.000,1,60a4c7b8e6d757cd9a35fe4d3e49ff0b60a4c7b8e6d757cd9a35fe4d3e49ff0b
23,FPCV000023,169,115,470,2,4,Cedar FinanceProductCostVersion 23,2020-01-24,2020-01-24,1,1,2026-08-24T00:00:00.000,2018-01-01T00:00:00.000,9999-12-31T00:00:00.000,1,f3253b71d1da55d6933001201a575b99f3253b71d1da55d6933001201a575b99
24,FPCV000024,274,73,62,1,2,Granite FinanceProductCostVersion 24,2020-01-25,2020-01-25,1,1,2026-08-24T00:00:00.000,2018-01-01T00:00:00.000,9999-12-31T00:00:00.000,1,607614322127529796bbdd8c6a2e6334607614322127529796bbdd8c6a2e6334
25,FPCV000025,121,57,295,5,4,Vertex FinanceProductCostVersion 25,2020-01-26,2020-01-26,1,1,2026-08-24T00:00:00.000,2018-01-01T00:00:00.000,9999-12-31T00:00:00.000,1,c85cc8d721d05c03a5f99da84183f3bcc85cc8d721d05c03a5f99da84183f3bc
26,FPCV000026,177,83,7,8,4,Titan FinanceProductCostVersion 26,2020-01-27,2020-01-27,1,1,2026-08-24T00:00:00.000,2018-01-01T00:00:00.000,9999-12-31T00:00:00.000,1,984df4207a7d5428bc8cb2fa2928f90f984df4207a7d5428bc8cb2fa2928f90f
27,FPCV000027,289,87,449,8,2,Meridian FinanceProductCostVersion 27,2020-01-28,2020-01-28,1,1,2026-08-24T00:00:00.000,2018-01-01T00:00:00.000,9999-12-31T00:00:00.000,1,e99d240a70775d158f4f88cacc486feee99d240a70775d158f4f88cacc486fee
28,FPCV000028,371,69,30,7,1,Summit FinanceProductCostVersion 28,2020-01-29,2020-01-29,1,1,2026-08-24T00:00:00.000,2018-01-01T00:00:00.000,9999-12-31T00:00:00.000,1,76579ff85e4953868162336d84dab2d876579ff85e4953868162336d84dab2d8
29,FPCV000029,430,251,260,2,5,Summit FinanceProductCostVersion 29,2020-01-30,2020-01-30,1,1,2026-08-24T00:00:00.000,2018-01-01T00:00:00.000,9999-12-31T00:00:00.000,1,c06fe817e8115f1ca9be732b6ef89150c06fe817e8115f1ca9be732b6ef89150
30,FPCV000030,462,83,178,4,1,Summit FinanceProductCostVersion 30,2020-01-31,2020-01-31,1,1,2026-08-24T00:00:00.000,2018-01-01T00:00:00.000,9999-12-31T00:00:00.000,1,4ff9f5e4ea605223a506ba1184e44a944ff9f5e4ea605223a506ba1184e44a94
31,FPCV000031,104,330,310,4,3,Summit FinanceProductCostVersion 31,2020-02-01,2020-02-01,1,1,2026-08-24T00:00:00.000,2018-01-01T00:00:00.000,9999-12-31T00:00:00.000,1,d4c22ec954175e02a18e7a934b0823fad4c22ec954175e02a18e7a934b0823fa
32,FPCV000032,106,150,447,5,3,Quartz FinanceProductCostVersion 32,2020-02-02,2020-02-02,1,1,2026-08-24T00:00:00.000,2018-01-01T00:00:00.000,9999-12-31T00:00:00.000,1,c54c4b52a2245042b51b07cf7997775bc54c4b52a2245042b51b07cf7997775b
33,FPCV000033,487,333,259,5,1,Riverton FinanceProductCostVersion 33,2020-02-03,2020-02-03,1,1,2026-08-24T00:00:00.000,2018-01-01T00:00:00.000,9999-12-31T00:00:00.000,1,a8ce0ae3f31051f8a20722ae2cdf7a37a8ce0ae3f31051f8a20722ae2cdf7a37
34,FPCV000034,232,348,363,6,2,Evergreen FinanceProductCostVersion 34,2020-02-04,2020-02-04,1,1,2026-08-24T00:00:00.000,2018-01-01T00:00:00.000,9999-12-31T00:00:00.000,1,a2f454f6d64155d0aa8a412c37546934a2f454f6d64155d0aa8a412c37546934
35,FPCV000035,167,340,419,7,5,Beacon FinanceProductCostVersion 35,2020-02-05,2020-02-05,1,1,2026-08-24T00:00:00.000,2018-01-01T00:00:00.000,9999-12-31T00:00:00.000,1,a619791108845430ba02cd3c28018405a619791108845430ba02cd3c28018405
36,FPCV000036,283,311,346,8,2,Granite FinanceProductCostVersion 36,2020-02-06,2020-02-06,1,1,2026-08-24T00:00:00.000,2018-01-01T00:00:00.000,9999-12-31T00:00:00.000,1,9b7d2637b3765cb1803a41613e6df9609b7d2637b3765cb1803a41613e6df960
37,FPCV000037,261,87,424,4,2,Riverton FinanceProductCostVersion 37,2020-02-07,2020-02-07,1,1,2026-08-24T00:00:00.000,2018-01-01T00:00:00.000,9999-12-31T00:00:00.000,1,369e126dcdd45dd1991f2e27444cbf4c369e126dcdd45dd1991f2e27444cbf4c
38,FPCV000038,135,46,154,6,4,Evergreen FinanceProductCostVersion 38,2020-02-08,2020-02-08,1,1,2026-08-24T00:00:00.000,2018-01-01T00:00:00.000,9999-12-31T00:00:00.000,1,e27d580ffedc507b86fdc1b47182da71e27d580ffedc507b86fdc1b47182da71
39,FPCV000039,459,227,134,2,2,Junction FinanceProductCostVersion 39,2020-02-09,2020-02-09,1,1,2026-08-24T00:00:00.000,2018-01-01T00:00:00.000,9999-12-31T00:00:00.000,1,3fd5959b2b4d54949e55c5d6681bd9c73fd5959b2b4d54949e55c5d6681bd9c7
40,FPCV000040,96,152,327,2,2,Pioneer FinanceProductCostVersion 40,2020-02-10,2020-02-10,1,1,2026-08-24T00:00:00.000,2018-01-01T00:00:00.000,9999-12-31T00:00:00.000,1,2f08e8a33e84525aa8830e2eaccaff352f08e8a33e84525aa8830e2eaccaff35
41,FPCV000041,278,329,312,2,5,Keystone FinanceProductCostVersion 41,2020-02-11,2020-02-11,1,1,2026-08-24T00:00:00.000,2018-01-01T00:00:00.000,9999-12-31T00:00:00.000,1,b29a0de2182e5abb8de280c737fcb9f2b29a0de2182e5abb8de280c737fcb9f2
42,FPCV000042,245,336,165,5,5,Ion FinanceProductCostVersion 42,2020-02-12,2020-02-12,1,1,2026-08-24T00:00:00.000,2018-01-01T00:00:00.000,9999-12-31T00:00:00.000,1,8b8492f8346c597d99e7788783533a4f8b8492f8346c597d99e7788783533a4f
43,FPCV000043,26,247,70,6,3,Summit FinanceProductCostVersion 43,2020-02-13,2020-02-13,1,1,2026-08-24T00:00:00.000,2018-01-01T00:00:00.000,9999-12-31T00:00:00.000,1,5db17aea273252d0afba4a0e86c046765db17aea273252d0afba4a0e86c04676
44,FPCV000044,237,334,53,1,1,Riverton FinanceProductCostVersion 44,2020-02-14,2020-02-14,1,1,2026-08-24T00:00:00.000,2018-01-01T00:00:00.000,9999-12-31T00:00:00.000,1,aba39af2939b588aa67a3655380ebdd0aba39af2939b588aa67a3655380ebdd0
45,FPCV000045,115,179,452,8,4,Harbor FinanceProductCostVersion 45,2020-02-15,2020-02-15,1,1,2026-08-24T00:00:00.000,2018-01-01T00:00:00.000,9999-12-31T00:00:00.000,1,4b82a3bbc2ff5f64b07b89905dc319f04b82a3bbc2ff5f64b07b89905dc319f0
46,FPCV000046,238,139,142,7,5,Beacon FinanceProductCostVersion 46,2020-02-16,2020-02-16,1,1,2026-08-24T00:00:00.000,2018-01-01T00:00:00.000,9999-12-31T00:00:00.000,1,201fc9f3bb205112a6390fe6b911216c201fc9f3bb205112a6390fe6b911216c
47,FPCV000047,418,23,479,7,5,Quartz FinanceProductCostVersion 47,2020-02-17,2020-02-17,1,1,2026-08-24T00:00:00.000,2018-01-01T00:00:00.000,9999-12-31T00:00:00.000,1,6f56b121569153fc846ceec1f4fdf5066f56b121569153fc846ceec1f4fdf506
48,FPCV000048,300,319,334,6,5,Harbor FinanceProductCostVersion 48,2020-02-18,2020-02-18,1,1,2026-08-24T00:00:00.000,2018-01-01T00:00:00.000,9999-12-31T00:00:00.000,1,120211be93a65a108b1542ffc4ed494f120211be93a65a108b1542ffc4ed494f
49,FPCV000049,4,155,43,7,1,Zenith FinanceProductCostVersion 49,2020-02-19,2020-02-19,1,1,2026-08-24T00:00:00.000,2018-01-01T00:00:00.000,9999-12-31T00:00:00.000,1,232360d53d3d561d801201bd543ea56c232360d53d3d561d801201bd543ea56c
50,FPCV000050,25,222,389,6,1,Vertex FinanceProductCostVersion 50,2020-02-20,2020-02-20,1,1,2026-08-24T00:00:00.000,2018-01-01T00:00:00.000,9999-12-31T00:00:00.000,1,9b9e9add4b885b32be38479a4d970a1b9b9e9add4b885b32be38479a4d970a1b
51,FPCV000051,473,254,229,3,3,Titan FinanceProductCostVersion 51,2020-02-21,2020-02-21,1,1,2026-08-24T00:00:00.000,2018-01-01T00:00:00.000,9999-12-31T00:00:00.000,1,124b02cf49f4540484b7e8254154a62d124b02cf49f4540484b7e8254154a62d
52,FPCV000052,99,260,119,8,2,Northstar FinanceProductCostVersion 52,2020-02-22,2020-02-22,1,1,2026-08-24T00:00:00.000,2018-01-01T00:00:00.000,9999-12-31T00:00:00.000,1,6356b8b348d75f43b204fcc4817cce306356b8b348d75f43b204fcc4817cce30
53,FPCV000053,435,308,331,5,4,Vertex FinanceProductCostVersion 53,2020-02-23,2020-02-23,1,1,2026-08-24T00:00:00.000,2018-01-01T00:00:00.000,9999-12-31T00:00:00.000,1,8576e246ea795176afc85b9da5dc32328576e246ea795176afc85b9da5dc3232
54,FPCV000054,29,200,383,2,1,Orion FinanceProductCostVersion 54,2020-02-24,2020-02-24,1,1,2026-08-24T00:00:00.000,2018-01-01T00:00:00.000,9999-12-31T00:00:00.000,1,d4ccfb9a5ba05fe8bff4fca745bd4db6d4ccfb9a5ba05fe8bff4fca745bd4db6
55,FPCV000055,435,300,192,6,1,Northstar FinanceProductCostVersion 55,2020-02-25,2020-02-25,1,1,2026-08-24T00:00:00.000,2018-01-01T00:00:00.000,9999-12-31T00:00:00.000,1,9d3b46129f48584597a658364880fd299d3b46129f48584597a658364880fd29
56,FPCV000056,391,158,268,7,4,Forge FinanceProductCostVersion 56,2020-02-26,2020-02-26,1,1,2026-08-24T00:00:00.000,2018-01-01T00:00:00.000,9999-12-31T00:00:00.000,1,5d91002c85f75ff199b6f1837605fa6f5d91002c85f75ff199b6f1837605fa6f
57,FPCV000057,31,340,265,3,3,Keystone FinanceProductCostVersion 57,2020-02-27,2020-02-27,1,1,2026-08-24T00:00:00.000,2018-01-01T00:00:00.000,9999-12-31T00:00:00.000,1,ce233774a71f5515ac3e048bda5dbf92ce233774a71f5515ac3e048bda5dbf92
58,FPCV000058,257,259,368,8,3,Orion FinanceProductCostVersion 58,2020-02-28,2020-02-28,1,1,2026-08-24T00:00:00.000,2018-01-01T00:00:00.000,9999-12-31T00:00:00.000,1,ee24af0ebc2b5ce39b805bd1c8dd2e71ee24af0ebc2b5ce39b805bd1c8dd2e71
59,FPCV000059,215,105,215,3,2,Orion FinanceProductCostVersion 59,2020-02-29,2020-02-29,1,1,2026-08-24T00:00:00.000,2018-01-01T00:00:00.000,9999-12-31T00:00:00.000,1,daaa2c5872b65194b3e9d247bdbc2d95daaa2c5872b65194b3e9d247bdbc2d95
60,FPCV000060,442,281,314,2,2,Harbor FinanceProductCostVersion 60,2020-03-01,2020-03-01,1,1,2026-08-24T00:00:00.000,2018-01-01T00:00:00.000,9999-12-31T00:00:00.000,1,5eed0909728454159df22b5ec834c1495eed0909728454159df22b5ec834c149
61,FPCV000061,372,257,345,3,4,Riverton FinanceProductCostVersion 61,2020-03-02,2020-03-02,1,1,2026-08-24T00:00:00.000,2018-01-01T00:00:00.000,9999-12-31T00:00:00.000,1,29e1e28225bd5877bd83939f819034a129e1e28225bd5877bd83939f819034a1
62,FPCV000062,267,102,121,5,3,Ion FinanceProductCostVersion 62,2020-03-03,2020-03-03,1,1,2026-08-24T00:00:00.000,2018-01-01T00:00:00.000,9999-12-31T00:00:00.000,1,c62796baf352591dba3b227b11165e7cc62796baf352591dba3b227b11165e7c
63,FPCV000063,485,170,437,3,5,Harbor FinanceProductCostVersion 63,2020-03-04,2020-03-04,1,1,2026-08-24T00:00:00.000,2018-01-01T00:00:00.000,9999-12-31T00:00:00.000,1,eeecb721a1405a8eac6518ccaa933344eeecb721a1405a8eac6518ccaa933344
64,FPCV000064,265,90,159,7,5,Titan FinanceProductCostVersion 64,2020-03-05,2020-03-05,1,1,2026-08-24T00:00:00.000,2018-01-01T00:00:00.000,9999-12-31T00:00:00.000,1,f0fa3a44258558909c5156e43a66f8f9f0fa3a44258558909c5156e43a66f8f9
65,FPCV000065,482,273,144,6,2,Junction FinanceProductCostVersion 65,2020-03-06,2020-03-06,1,1,2026-08-24T00:00:00.000,2018-01-01T00:00:00.000,9999-12-31T00:00:00.000,1,886328b1e2da5120b8663bd4e67efc49886328b1e2da5120b8663bd4e67efc49
66,FPCV000066,278,342,370,1,3,Delta FinanceProductCostVersion 66,2020-03-07,2020-03-07,1,1,2026-08-24T00:00:00.000,2018-01-01T00:00:00.000,9999-12-31T00:00:00.000,1,8e8d5e89344d51cf824eedb2721d39648e8d5e89344d51cf824eedb2721d3964
67,FPCV000067,374,348,238,6,4,Northstar FinanceProductCostVersion 67,2020-03-08,2020-03-08,1,1,2026-08-24T00:00:00.000,2018-01-01T00:00:00.000,9999-12-31T00:00:00.000,1,8e8953132986570cb6895c3e711ab8338e8953132986570cb6895c3e711ab833
68,FPCV000068,448,93,428,8,1,Summit FinanceProductCostVersion 68,2020-03-09,2020-03-09,1,1,2026-08-24T00:00:00.000,2018-01-01T00:00:00.000,9999-12-31T00:00:00.000,1,62a7f161f85a5e2294a5f8c94cbcbd3362a7f161f85a5e2294a5f8c94cbcbd33
69,FPCV000069,352,65,131,3,3,Quartz FinanceProductCostVersion 69,2020-03-10,2020-03-10,1,1,2026-08-24T00:00:00.000,2018-01-01T00:00:00.000,9999-12-31T00:00:00.000,1,9683cb830eeb59c89317659dd1910e699683cb830eeb59c89317659dd1910e69
70,FPCV000070,33,250,244,3,2,Beacon FinanceProductCostVersion 70,2020-03-11,2020-03-11,1,1,2026-08-24T00:00:00.000,2018-01-01T00:00:00.000,9999-12-31T00:00:00.000,1,1f89ba7419a65ee0ba6d02e161be1ae11f89ba7419a65ee0ba6d02e161be1ae1
71,FPCV000071,432,57,288,2,5,Cedar FinanceProductCostVersion 71,2020-03-12,2020-03-12,1,1,2026-08-24T00:00:00.000,2018-01-01T00:00:00.000,9999-12-31T00:00:00.000,1,233a944c2fea5edd9f6370c48781600d233a944c2fea5edd9f6370c48781600d
72,FPCV000072,381,257,389,3,3,Northstar FinanceProductCostVersion 72,2020-03-13,2020-03-13,1,1,2026-08-24T00:00:00.000,2018-01-01T00:00:00.000,9999-12-31T00:00:00.000,1,12cfdcac56555e77a1f5e02800da222312cfdcac56555e77a1f5e02800da2223
73,FPCV000073,22,189,454,4,5,Granite FinanceProductCostVersion 73,2020-03-14,2020-03-14,1,1,2026-08-24T00:00:00.000,2018-01-01T00:00:00.000,9999-12-31T00:00:00.000,1,d0459847b95d51e8a6dc2a23af6ebfc0d0459847b95d51e8a6dc2a23af6ebfc0
74,FPCV000074,266,160,363,8,3,Riverton FinanceProductCostVersion 74,2020-03-15,2020-03-15,1,1,2026-08-24T00:00:00.000,2018-01-01T00:00:00.000,9999-12-31T00:00:00.000,1,ae2a18c8e6ae5e218866881a8e52faa5ae2a18c8e6ae5e218866881a8e52faa5
75,FPCV000075,457,106,431,3,3,Orion FinanceProductCostVersion 75,2020-03-16,2020-03-16,1,1,2026-08-24T00:00:00.000,2018-01-01T00:00:00.000,9999-12-31T00:00:00.000,1,4efd24dc087954de9bdcd7abf3c3ec634efd24dc087954de9bdcd7abf3c3ec63
76,FPCV000076,381,181,35,5,1,Liberty FinanceProductCostVersion 76,2020-03-17,2020-03-17,1,1,2026-08-24T00:00:00.000,2018-01-01T00:00:00.000,9999-12-31T00:00:00.000,1,3d0fb790ce5251aba706006847bbc5733d0fb790ce5251aba706006847bbc573
77,FPCV000077,56,171,219,2,1,Riverton FinanceProductCostVersion 77,2020-03-18,2020-03-18,1,1,2026-08-24T00:00:00.000,2018-01-01T00:00:00.000,9999-12-31T00:00:00.000,1,5eb6c559d4b65390957bc5d4c33a85665eb6c559d4b65390957bc5d4c33a8566
78,FPCV000078,335,301,96,8,5,Vertex FinanceProductCostVersion 78,2020-03-19,2020-03-19,1,1,2026-08-24T00:00:00.000,2018-01-01T00:00:00.000,9999-12-31T00:00:00.000,1,f16ce37ca10b59a7b6049f29c4d9988bf16ce37ca10b59a7b6049f29c4d9988b
79,FPCV000079,181,276,425,5,2,Cedar FinanceProductCostVersion 79,2020-03-20,2020-03-20,1,1,2026-08-24T00:00:00.000,2018-01-01T00:00:00.000,9999-12-31T00:00:00.000,1,2a0dabc37f115a5cbd0dd894b62b9a212a0dabc37f115a5cbd0dd894b62b9a21
80,FPCV000080,487,91,477,8,3,Orion FinanceProductCostVersion 80,2020-03-21,2020-03-21,1,1,2026-08-24T00:00:00.000,2018-01-01T00:00:00.000,9999-12-31T00:00:00.000,1,ab2c1d4041a85b41864a2d89c4d3df4aab2c1d4041a85b41864a2d89c4d3df4a
81,FPCV000081,356,160,277,7,2,Harbor FinanceProductCostVersion 81,2020-03-22,2020-03-22,1,1,2026-08-24T00:00:00.000,2018-01-01T00:00:00.000,9999-12-31T00:00:00.000,1,55517bb73b415e518e8ef59ef598cc0055517bb73b415e518e8ef59ef598cc00
82,FPCV000082,89,289,164,3,4,Willow FinanceProductCostVersion 82,2020-03-23,2020-03-23,1,1,2026-08-24T00:00:00.000,2018-01-01T00:00:00.000,9999-12-31T00:00:00.000,1,5c253c80ace254b8993014f9fba0656b5c253c80ace254b8993014f9fba0656b
83,FPCV000083,445,6,471,7,1,Ion FinanceProductCostVersion 83,2020-03-24,2020-03-24,1,1,2026-08-24T00:00:00.000,2018-01-01T00:00:00.000,9999-12-31T00:00:00.000,1,73a8e4c518be5a22a5bfaa747507ec6773a8e4c518be5a22a5bfaa747507ec67
84,FPCV000084,222,235,23,8,5,Forge FinanceProductCostVersion 84,2020-03-25,2020-03-25,1,1,2026-08-24T00:00:00.000,2018-01-01T00:00:00.000,9999-12-31T00:00:00.000,1,fb21e53217845455aec06b5616668b07fb21e53217845455aec06b5616668b07
85,FPCV000085,361,89,5,2,5,Northstar FinanceProductCostVersion 85,2020-03-26,2020-03-26,1,1,2026-08-24T00:00:00.000,2018-01-01T00:00:00.000,9999-12-31T00:00:00.000,1,cd8640030dc85261805d4e5f8603f159cd8640030dc85261805d4e5f8603f159
86,FPCV000086,242,161,55,4,3,Summit FinanceProductCostVersion 86,2020-03-27,2020-03-27,1,1,2026-08-24T00:00:00.000,2018-01-01T00:00:00.000,9999-12-31T00:00:00.000,1,ae44c2003b58565fb540ff3417fb4594ae44c2003b58565fb540ff3417fb4594
87,FPCV000087,53,234,9,2,3,Evergreen FinanceProductCostVersion 87,2020-03-28,2020-03-28,1,1,2026-08-24T00:00:00.000,2018-01-01T00:00:00.000,9999-12-31T00:00:00.000,1,09a7adba231759e7be4da53f1cfe23ad09a7adba231759e7be4da53f1cfe23ad
88,FPCV000088,236,105,394,2,4,Cedar FinanceProductCostVersion 88,2020-03-29,2020-03-29,1,1,2026-08-24T00:00:00.000,2018-01-01T00:00:00.000,9999-12-31T00:00:00.000,1,a92a8686a03a588ca0c4e9f9f81e05a3a92a8686a03a588ca0c4e9f9f81e05a3
89,FPCV000089,392,21,68,7,2,Atlas FinanceProductCostVersion 89,2020-03-30,2020-03-30,1,1,2026-08-24T00:00:00.000,2018-01-01T00:00:00.000,9999-12-31T00:00:00.000,1,22d93d1240075b7794fef0c9f1c6cb3322d93d1240075b7794fef0c9f1c6cb33
90,FPCV000090,309,33,459,3,5,Delta FinanceProductCostVersion 90,2020-03-31,2020-03-31,1,1,2026-08-24T00:00:00.000,2018-01-01T00:00:00.000,9999-12-31T00:00:00.000,1,fd6e6125132a5700af87e012d422fbdffd6e6125132a5700af87e012d422fbdf
91,FPCV000091,20,117,12,4,2,Unity FinanceProductCostVersion 91,2020-04-01,2020-04-01,1,1,2026-08-24T00:00:00.000,2018-01-01T00:00:00.000,9999-12-31T00:00:00.000,1,c9528383c80d5e69ae6f8699b3fc81adc9528383c80d5e69ae6f8699b3fc81ad
92,FPCV000092,477,298,463,4,3,Summit FinanceProductCostVersion 92,2020-04-02,2020-04-02,1,1,2026-08-24T00:00:00.000,2018-01-01T00:00:00.000,9999-12-31T00:00:00.000,1,fb65bdb194715bd0ab5fa5f32ee02d94fb65bdb194715bd0ab5fa5f32ee02d94
93,FPCV000093,421,48,261,1,3,Keystone FinanceProductCostVersion 93,2020-04-03,2020-04-03,1,1,2026-08-24T00:00:00.000,2018-01-01T00:00:00.000,9999-12-31T00:00:00.000,1,4ad2954b2d8851caa16e4bcf0e372b304ad2954b2d8851caa16e4bcf0e372b30
94,FPCV000094,387,269,91,2,4,Willow FinanceProductCostVersion 94,2020-04-04,2020-04-04,1,1,2026-08-24T00:00:00.000,2018-01-01T00:00:00.000,9999-12-31T00:00:00.000,1,81f5f09dad0c5bde862b5c9507d980ac81f5f09dad0c5bde862b5c9507d980ac
95,FPCV000095,227,104,247,7,3,Vertex FinanceProductCostVersion 95,2020-04-05,2020-04-05,1,1,2026-08-24T00:00:00.000,2018-01-01T00:00:00.000,9999-12-31T00:00:00.000,1,c15efacebd82576180b317a70fd0fce3c15efacebd82576180b317a70fd0fce3
96,FPCV000096,482,240,18,8,4,Summit FinanceProductCostVersion 96,2020-04-06,2020-04-06,1,1,2026-08-24T00:00:00.000,2018-01-01T00:00:00.000,9999-12-31T00:00:00.000,1,0607a3f10c45545c9e3dd05757f93e4f0607a3f10c45545c9e3dd05757f93e4f
97,FPCV000097,17,85,435,2,1,Junction FinanceProductCostVersion 97,2020-04-07,2020-04-07,1,1,2026-08-24T00:00:00.000,2018-01-01T00:00:00.000,9999-12-31T00:00:00.000,1,203e0c6daea053f0a6222b72e7acbe30203e0c6daea053f0a6222b72e7acbe30
98,FPCV000098,350,63,407,3,1,Zenith FinanceProductCostVersion 98,2020-04-08,2020-04-08,1,1,2026-08-24T00:00:00.000,2018-01-01T00:00:00.000,9999-12-31T00:00:00.000,1,d99bf5732c475771857e3f52ce06ca11d99bf5732c475771857e3f52ce06ca11
99,FPCV000099,221,54,169,3,2,Atlas FinanceProductCostVersion 99,2020-04-09,2020-04-09,1,1,2026-08-24T00:00:00.000,2018-01-01T00:00:00.000,9999-12-31T00:00:00.000,1,00559c78c7ad55cc9073e147c453d86f00559c78c7ad55cc9073e147c453d86f
100,FPCV000100,353,3,236,6,1,Orion FinanceProductCostVersion 100,2020-04-10,2020-04-10,1,1,2026-08-24T00:00:00.000,2018-01-01T00:00:00.000,9999-12-31T00:00:00.000,1,0a6fd7d9373d5b2683e3e1f141f16c630a6fd7d9373d5b2683e3e1f141f16c63
101,FPCV000101,192,229,408,8,3,Forge FinanceProductCostVersion 101,2020-04-11,2020-04-11,1,1,2026-08-24T00:00:00.000,2018-01-01T00:00:00.000,9999-12-31T00:00:00.000,1,5b5f8dbee8ce5d42a50cd3c1b2664e8c5b5f8dbee8ce5d42a50cd3c1b2664e8c
102,FPCV000102,18,41,165,2,4,Harbor FinanceProductCostVersion 102,2020-04-12,2020-04-12,1,1,2026-08-24T00:00:00.000,2018-01-01T00:00:00.000,9999-12-31T00:00:00.000,1,1fb5b0e4ab1e5cdaa80fb6aad109cb9c1fb5b0e4ab1e5cdaa80fb6aad109cb9c
103,FPCV000103,492,325,429,8,5,Junction FinanceProductCostVersion 103,2020-04-13,2020-04-13,1,1,2026-08-24T00:00:00.000,2018-01-01T00:00:00.000,9999-12-31T00:00:00.000,1,210ed1c6f4cd5884894488006d1a0d61210ed1c6f4cd5884894488006d1a0d61
104,FPCV000104,441,235,83,2,1,Junction FinanceProductCostVersion 104,2020-04-14,2020-04-14,1,1,2026-08-24T00:00:00.000,2018-01-01T00:00:00.000,9999-12-31T00:00:00.000,1,8bdb3f570bfd55adac4831f367f7b74a8bdb3f570bfd55adac4831f367f7b74a
105,FPCV000105,63,326,494,2,3,Summit FinanceProductCostVersion 105,2020-04-15,2020-04-15,1,1,2026-08-24T00:00:00.000,2018-01-01T00:00:00.000,9999-12-31T00:00:00.000,1,74563fc03ac25b11b204157b8989137874563fc03ac25b11b204157b89891378
106,FPCV000106,493,125,37,3,1,Forge FinanceProductCostVersion 106,2020-04-16,2020-04-16,1,1,2026-08-24T00:00:00.000,2018-01-01T00:00:00.000,9999-12-31T00:00:00.000,1,a0d09dffbaee521a9cd2e57a8336492ba0d09dffbaee521a9cd2e57a8336492b
107,FPCV000107,194,177,350,1,3,Cedar FinanceProductCostVersion 107,2020-04-17,2020-04-17,1,1,2026-08-24T00:00:00.000,2018-01-01T00:00:00.000,9999-12-31T00:00:00.000,1,9423f085d1375ccd82c253293c194d039423f085d1375ccd82c253293c194d03
108,FPCV000108,359,76,435,2,1,Granite FinanceProductCostVersion 108,2020-04-18,2020-04-18,1,1,2026-08-24T00:00:00.000,2018-01-01T00:00:00.000,9999-12-31T00:00:00.000,1,b691a0daa87153418f2beb2fee472bf5b691a0daa87153418f2beb2fee472bf5
109,FPCV000109,162,293,367,5,4,Liberty FinanceProductCostVersion 109,2020-04-19,2020-04-19,1,1,2026-08-24T00:00:00.000,2018-01-01T00:00:00.000,9999-12-31T00:00:00.000,1,a9d80155b6c35f5aa5a8d884ee90b99da9d80155b6c35f5aa5a8d884ee90b99d
110,FPCV000110,174,272,225,7,2,Orion FinanceProductCostVersion 110,2020-04-20,2020-04-20,1,1,2026-08-24T00:00:00.000,2018-01-01T00:00:00.000,9999-12-31T00:00:00.000,1,b37325f58ff755f3b9d6091a557c4e81b37325f58ff755f3b9d6091a557c4e81
111,FPCV000111,92,113,176,1,1,Quartz FinanceProductCostVersion 111,2020-04-21,2020-04-21,1,1,2026-08-24T00:00:00.000,2018-01-01T00:00:00.000,9999-12-31T00:00:00.000,1,f750db079f775f9f973e18bad0221265f750db079f775f9f973e18bad0221265
112,FPCV000112,344,275,326,4,4,Zenith FinanceProductCostVersion 112,2020-04-22,2020-04-22,1,1,2026-08-24T00:00:00.000,2018-01-01T00:00:00.000,9999-12-31T00:00:00.000,1,516a5b055e165a279ea90cce3ddf480d516a5b055e165a279ea90cce3ddf480d
113,FPCV000113,370,120,10,1,5,Willow FinanceProductCostVersion 113,2020-04-23,2020-04-23,1,1,2026-08-24T00:00:00.000,2018-01-01T00:00:00.000,9999-12-31T00:00:00.000,1,8556584f7393509f885fba01d838e5898556584f7393509f885fba01d838e589
114,FPCV000114,169,347,248,1,2,Meridian FinanceProductCostVersion 114,2020-04-24,2020-04-24,1,1,2026-08-24T00:00:00.000,2018-01-01T00:00:00.000,9999-12-31T00:00:00.000,1,8b95368acf695ac59f7a07ad2de9add98b95368acf695ac59f7a07ad2de9add9
115,FPCV000115,498,327,37,8,5,Beacon FinanceProductCostVersion 115,2020-04-25,2020-04-25,1,1,2026-08-24T00:00:00.000,2018-01-01T00:00:00.000,9999-12-31T00:00:00.000,1,5f0a2ed4ffb15556ac0cc1b1783540bd5f0a2ed4ffb15556ac0cc1b1783540bd
116,FPCV000116,221,240,282,2,1,Atlas FinanceProductCostVersion 116,2020-04-26,2020-04-26,1,1,2026-08-24T00:00:00.000,2018-01-01T00:00:00.000,9999-12-31T00:00:00.000,1,cf4f99f374fc53d6b8809fa42cc0cae5cf4f99f374fc53d6b8809fa42cc0cae5
117,FPCV000117,335,249,158,5,3,Riverton FinanceProductCostVersion 117,2020-04-27,2020-04-27,1,1,2026-08-24T00:00:00.000,2018-01-01T00:00:00.000,9999-12-31T00:00:00.000,1,07decc2f8e3d5552be0a704ed870e79a07decc2f8e3d5552be0a704ed870e79a
118,FPCV000118,424,161,58,1,4,Granite FinanceProductCostVersion 118,2020-04-28,2020-04-28,1,1,2026-08-24T00:00:00.000,2018-01-01T00:00:00.000,9999-12-31T00:00:00.000,1,bbe18597170c5ea89f3ad3da4b00682abbe18597170c5ea89f3ad3da4b00682a
119,FPCV000119,437,283,198,7,1,Orion FinanceProductCostVersion 119,2020-04-29,2020-04-29,1,1,2026-08-24T00:00:00.000,2018-01-01T00:00:00.000,9999-12-31T00:00:00.000,1,04a1f10c43a6545ebb79fe3a1a4578e504a1f10c43a6545ebb79fe3a1a4578e5
120,FPCV000120,339,291,497,5,3,Liberty FinanceProductCostVersion 120,2020-04-30,2020-04-30,1,1,2026-08-24T00:00:00.000,2018-01-01T00:00:00.000,9999-12-31T00:00:00.000,1,bc57d520c6c65b7393f2116292067e1ebc57d520c6c65b7393f2116292067e1e
121,FPCV000121,351,314,269,4,2,Quartz FinanceProductCostVersion 121,2020-05-01,2020-05-01,1,1,2026-08-24T00:00:00.000,2018-01-01T00:00:00.000,9999-12-31T00:00:00.000,1,ac3305abc94258afb61f7293d711a1cfac3305abc94258afb61f7293d711a1cf
122,FPCV000122,60,342,392,3,5,Keystone FinanceProductCostVersion 122,2020-05-02,2020-05-02,1,1,2026-08-24T00:00:00.000,2018-01-01T00:00:00.000,9999-12-31T00:00:00.000,1,19562320421a5fbf940c616d958bb2bb19562320421a5fbf940c616d958bb2bb
123,FPCV000123,55,78,36,6,1,Unity FinanceProductCostVersion 123,2020-05-03,2020-05-03,1,1,2026-08-24T00:00:00.000,2018-01-01T00:00:00.000,9999-12-31T00:00:00.000,1,cba49e6ddd51593097c370bb7f6ae174cba49e6ddd51593097c370bb7f6ae174
124,FPCV000124,206,212,360,3,3,Unity FinanceProductCostVersion 124,2020-05-04,2020-05-04,1,1,2026-08-24T00:00:00.000,2018-01-01T00:00:00.000,9999-12-31T00:00:00.000,1,8cb8545e93ae5255a87d372a75e39e508cb8545e93ae5255a87d372a75e39e50
125,FPCV000125,433,286,252,2,1,Granite FinanceProductCostVersion 125,2020-05-05,2020-05-05,1,1,2026-08-24T00:00:00.000,2018-01-01T00:00:00.000,9999-12-31T00:00:00.000,1,bc54783be47e520494f25daefad1784dbc54783be47e520494f25daefad1784d
126,FPCV000126,318,77,64,6,3,Northstar FinanceProductCostVersion 126,2020-05-06,2020-05-06,1,1,2026-08-24T00:00:00.000,2018-01-01T00:00:00.000,9999-12-31T00:00:00.000,1,a739ffb221be596e89433226532735f2a739ffb221be596e89433226532735f2
127,FPCV000127,82,113,325,5,4,Keystone FinanceProductCostVersion 127,2020-05-07,2020-05-07,1,1,2026-08-24T00:00:00.000,2018-01-01T00:00:00.000,9999-12-31T00:00:00.000,1,1d7cb6fc8f5356028b437fb06a446e9f1d7cb6fc8f5356028b437fb06a446e9f
128,FPCV000128,9,144,359,8,2,Granite FinanceProductCostVersion 128,2020-05-08,2020-05-08,1,1,2026-08-24T00:00:00.000,2018-01-01T00:00:00.000,9999-12-31T00:00:00.000,1,82862ddb1de85568a132552eae5c114e82862ddb1de85568a132552eae5c114e
129,FPCV000129,259,305,417,3,3,Vertex FinanceProductCostVersion 129,2020-05-09,2020-05-09,1,1,2026-08-24T00:00:00.000,2018-01-01T00:00:00.000,9999-12-31T00:00:00.000,1,b741499910fe547396fe0f9a085d56c3b741499910fe547396fe0f9a085d56c3
130,FPCV000130,399,271,393,4,4,Cedar FinanceProductCostVersion 130,2020-05-10,2020-05-10,1,1,2026-08-24T00:00:00.000,2018-01-01T00:00:00.000,9999-12-31T00:00:00.000,1,8b86cd5da61c53609305dd897ed5a7428b86cd5da61c53609305dd897ed5a742
131,FPCV000131,493,85,222,7,4,Summit FinanceProductCostVersion 131,2020-05-11,2020-05-11,1,1,2026-08-24T00:00:00.000,2018-01-01T00:00:00.000,9999-12-31T00:00:00.000,1,932e469a1338578ab8598a86f2071803932e469a1338578ab8598a86f2071803
132,FPCV000132,182,95,412,7,1,Unity FinanceProductCostVersion 132,2020-05-12,2020-05-12,1,1,2026-08-24T00:00:00.000,2018-01-01T00:00:00.000,9999-12-31T00:00:00.000,1,776ee255820058cfa921d89536ec9a5d776ee255820058cfa921d89536ec9a5d
133,FPCV000133,229,274,486,6,5,Northstar FinanceProductCostVersion 133,2020-05-13,2020-05-13,1,1,2026-08-24T00:00:00.000,2018-01-01T00:00:00.000,9999-12-31T00:00:00.000,1,1e4a533183da56dbb6f0a71da45d4d371e4a533183da56dbb6f0a71da45d4d37
134,FPCV000134,403,62,250,4,5,Atlas FinanceProductCostVersion 134,2020-05-14,2020-05-14,1,1,2026-08-24T00:00:00.000,2018-01-01T00:00:00.000,9999-12-31T00:00:00.000,1,0ba30a82159c598a9bba5c1ff22d877e0ba30a82159c598a9bba5c1ff22d877e
135,FPCV000135,77,247,427,6,5,Keystone FinanceProductCostVersion 135,2020-05-15,2020-05-15,1,1,2026-08-24T00:00:00.000,2018-01-01T00:00:00.000,9999-12-31T00:00:00.000,1,92d8d67fd8a254b4bdd3b228655a7dfc92d8d67fd8a254b4bdd3b228655a7dfc
136,FPCV000136,311,10,252,8,4,Evergreen FinanceProductCostVersion 136,2020-05-16,2020-05-16,1,1,2026-08-24T00:00:00.000,2018-01-01T00:00:00.000,9999-12-31T00:00:00.000,1,7d362e3533bf56c2a8cb94d86e50f1db7d362e3533bf56c2a8cb94d86e50f1db
137,FPCV000137,338,284,16,5,5,Summit FinanceProductCostVersion 137,2020-05-17,2020-05-17,1,1,2026-08-24T00:00:00.000,2018-01-01T00:00:00.000,9999-12-31T00:00:00.000,1,4bba61c569f65d4bae662e90d9b89bcb4bba61c569f65d4bae662e90d9b89bcb
138,FPCV000138,341,302,381,7,2,Keystone FinanceProductCostVersion 138,2020-05-18,2020-05-18,1,1,2026-08-24T00:00:00.000,2018-01-01T00:00:00.000,9999-12-31T00:00:00.000,1,2f27b9ddd30e50ee9cb9a5f72b624bca2f27b9ddd30e50ee9cb9a5f72b624bca
139,FPCV000139,143,244,355,3,1,Forge FinanceProductCostVersion 139,2020-05-19,2020-05-19,1,1,2026-08-24T00:00:00.000,2018-01-01T00:00:00.000,9999-12-31T00:00:00.000,1,107528b2016a5d00b1fcd0a2d31fba08107528b2016a5d00b1fcd0a2d31fba08
140,FPCV000140,263,344,165,7,5,Evergreen FinanceProductCostVersion 140,2020-05-20,2020-05-20,1,1,2026-08-24T00:00:00.000,2018-01-01T00:00:00.000,9999-12-31T00:00:00.000,1,50b892356c275523ab8b24551855ee4b50b892356c275523ab8b24551855ee4b
141,FPCV000141,166,275,307,7,1,Cedar FinanceProductCostVersion 141,2020-05-21,2020-05-21,1,1,2026-08-24T00:00:00.000,2018-01-01T00:00:00.000,9999-12-31T00:00:00.000,1,55e7f32aeac1551494e912e58a058e8055e7f32aeac1551494e912e58a058e80
142,FPCV000142,395,45,366,7,4,Riverton FinanceProductCostVersion 142,2020-05-22,2020-05-22,1,1,2026-08-24T00:00:00.000,2018-01-01T00:00:00.000,9999-12-31T00:00:00.000,1,7af20df5085251809e8be3c3fd1419997af20df5085251809e8be3c3fd141999
143,FPCV000143,93,243,95,1,3,Pioneer FinanceProductCostVersion 143,2020-05-23,2020-05-23,1,1,2026-08-24T00:00:00.000,2018-01-01T00:00:00.000,9999-12-31T00:00:00.000,1,8c2130052a2d5d5195e31dbe24572c1a8c2130052a2d5d5195e31dbe24572c1a
144,FPCV000144,23,84,313,2,2,Cedar FinanceProductCostVersion 144,2020-05-24,2020-05-24,1,1,2026-08-24T00:00:00.000,2018-01-01T00:00:00.000,9999-12-31T00:00:00.000,1,09a713ca19f7516ab89d4b5a84dcd27609a713ca19f7516ab89d4b5a84dcd276
145,FPCV000145,303,280,42,5,1,Zenith FinanceProductCostVersion 145,2020-05-25,2020-05-25,1,1,2026-08-24T00:00:00.000,2018-01-01T00:00:00.000,9999-12-31T00:00:00.000,1,c771fa2b0d3b50cca0c0787aaf9eb57ec771fa2b0d3b50cca0c0787aaf9eb57e
146,FPCV000146,195,242,251,7,4,Cedar FinanceProductCostVersion 146,2020-05-26,2020-05-26,1,1,2026-08-24T00:00:00.000,2018-01-01T00:00:00.000,9999-12-31T00:00:00.000,1,154e1f78f7765ff5a7e337e3abd89638154e1f78f7765ff5a7e337e3abd89638
147,FPCV000147,266,161,395,1,5,Willow FinanceProductCostVersion 147,2020-05-27,2020-05-27,1,1,2026-08-24T00:00:00.000,2018-01-01T00:00:00.000,9999-12-31T00:00:00.000,1,d1b94441d8eb58b2b1f96b22f98b3209d1b94441d8eb58b2b1f96b22f98b3209
148,FPCV000148,444,167,184,5,1,Willow FinanceProductCostVersion 148,2020-05-28,2020-05-28,1,1,2026-08-24T00:00:00.000,2018-01-01T00:00:00.000,9999-12-31T00:00:00.000,1,d67a6089bc655e5d96bd4bfee8d87b60d67a6089bc655e5d96bd4bfee8d87b60
149,FPCV000149,335,60,164,4,1,Granite FinanceProductCostVersion 149,2020-05-29,2020-05-29,1,1,2026-08-24T00:00:00.000,2018-01-01T00:00:00.000,9999-12-31T00:00:00.000,1,92383b3bb25d529ca6db58fc8ec03ea192383b3bb25d529ca6db58fc8ec03ea1
150,FPCV000150,299,160,131,4,5,Northstar FinanceProductCostVersion 150,2020-05-30,2020-05-30,1,1,2026-08-24T00:00:00.000,2018-01-01T00:00:00.000,9999-12-31T00:00:00.000,1,09f273a44c645846b566004a891fad0e09f273a44c645846b566004a891fad0e
151,FPCV000151,96,335,261,1,4,Forge FinanceProductCostVersion 151,2020-05-31,2020-05-31,1,1,2026-08-24T00:00:00.000,2018-01-01T00:00:00.000,9999-12-31T00:00:00.000,1,a03b8454392959fda2a2f16d5be4bd70a03b8454392959fda2a2f16d5be4bd70
152,FPCV000152,20,138,361,3,4,Ion FinanceProductCostVersion 152,2020-06-01,2020-06-01,1,1,2026-08-24T00:00:00.000,2018-01-01T00:00:00.000,9999-12-31T00:00:00.000,1,7b51644637655c26b34b429270492ff37b51644637655c26b34b429270492ff3
153,FPCV000153,496,217,88,8,2,Quartz FinanceProductCostVersion 153,2020-06-02,2020-06-02,1,1,2026-08-24T00:00:00.000,2018-01-01T00:00:00.000,9999-12-31T00:00:00.000,1,b74b7b8132fb57a3a8278f8d2d20df1fb74b7b8132fb57a3a8278f8d2d20df1f
154,FPCV000154,8,235,43,1,2,Delta FinanceProductCostVersion 154,2020-06-03,2020-06-03,1,1,2026-08-24T00:00:00.000,2018-01-01T00:00:00.000,9999-12-31T00:00:00.000,1,4fe2fde11d795a20bf42c6d1e06e59f04fe2fde11d795a20bf42c6d1e06e59f0
155,FPCV000155,48,111,383,8,5,Cedar FinanceProductCostVersion 155,2020-06-04,2020-06-04,1,1,2026-08-24T00:00:00.000,2018-01-01T00:00:00.000,9999-12-31T00:00:00.000,1,0462f7768c215a6f9bfe31685e95c6350462f7768c215a6f9bfe31685e95c635
156,FPCV000156,389,216,455,7,4,Junction FinanceProductCostVersion 156,2020-06-05,2020-06-05,1,1,2026-08-24T00:00:00.000,2018-01-01T00:00:00.000,9999-12-31T00:00:00.000,1,8d05a398b7ca57ce9311994182cf6ffb8d05a398b7ca57ce9311994182cf6ffb
157,FPCV000157,44,38,10,2,4,Zenith FinanceProductCostVersion 157,2020-06-06,2020-06-06,1,1,2026-08-24T00:00:00.000,2018-01-01T00:00:00.000,9999-12-31T00:00:00.000,1,25ed0165bb8d5ed0a4d5c825d3cf429225ed0165bb8d5ed0a4d5c825d3cf4292
158,FPCV000158,443,296,203,5,5,Forge FinanceProductCostVersion 158,2020-06-07,2020-06-07,1,1,2026-08-24T00:00:00.000,2018-01-01T00:00:00.000,9999-12-31T00:00:00.000,1,086c3b462c0d5d9d901b7109a4b1cb81086c3b462c0d5d9d901b7109a4b1cb81
159,FPCV000159,139,160,297,8,5,Summit FinanceProductCostVersion 159,2020-06-08,2020-06-08,1,1,2026-08-24T00:00:00.000,2018-01-01T00:00:00.000,9999-12-31T00:00:00.000,1,7a9b687dda505142a4f9c4a4171381ff7a9b687dda505142a4f9c4a4171381ff
160,FPCV000160,419,214,158,8,4,Atlas FinanceProductCostVersion 160,2020-06-09,2020-06-09,1,1,2026-08-24T00:00:00.000,2018-01-01T00:00:00.000,9999-12-31T00:00:00.000,1,4d8a757953d85a27b7a64f04b1b24b174d8a757953d85a27b7a64f04b1b24b17
161,FPCV000161,416,252,34,3,2,Orion FinanceProductCostVersion 161,2020-06-10,2020-06-10,1,1,2026-08-24T00:00:00.000,2018-01-01T00:00:00.000,9999-12-31T00:00:00.000,1,fbd16eec35b75cdd99d2978f343598b8fbd16eec35b75cdd99d2978f343598b8
162,FPCV000162,210,276,290,1,4,Evergreen FinanceProductCostVersion 162,2020-06-11,2020-06-11,1,1,2026-08-24T00:00:00.000,2018-01-01T00:00:00.000,9999-12-31T00:00:00.000,1,54505f861bad563d8a8d73844bb370df54505f861bad563d8a8d73844bb370df
163,FPCV000163,321,101,491,4,2,Pioneer FinanceProductCostVersion 163,2020-06-12,2020-06-12,1,1,2026-08-24T00:00:00.000,2018-01-01T00:00:00.000,9999-12-31T00:00:00.000,1,bc789c4fddd8525e9762a3581037d4babc789c4fddd8525e9762a3581037d4ba
164,FPCV000164,149,73,234,5,3,Willow FinanceProductCostVersion 164,2020-06-13,2020-06-13,1,1,2026-08-24T00:00:00.000,2018-01-01T00:00:00.000,9999-12-31T00:00:00.000,1,12a427c42115593ab158290d26fe304e12a427c42115593ab158290d26fe304e
165,FPCV000165,233,192,342,4,1,Meridian FinanceProductCostVersion 165,2020-06-14,2020-06-14,1,1,2026-08-24T00:00:00.000,2018-01-01T00:00:00.000,9999-12-31T00:00:00.000,1,8eac7c6f6f5f5834a4c5c5c24977c0168eac7c6f6f5f5834a4c5c5c24977c016
166,FPCV000166,21,309,225,1,2,Vertex FinanceProductCostVersion 166,2020-06-15,2020-06-15,1,1,2026-08-24T00:00:00.000,2018-01-01T00:00:00.000,9999-12-31T00:00:00.000,1,0a80bf6d611055e0b3ccdbb03b29e8c30a80bf6d611055e0b3ccdbb03b29e8c3
167,FPCV000167,398,186,185,2,1,Riverton FinanceProductCostVersion 167,2020-06-16,2020-06-16,1,1,2026-08-24T00:00:00.000,2018-01-01T00:00:00.000,9999-12-31T00:00:00.000,1,e816fbcad74a5f7faaeb0b18cd14067be816fbcad74a5f7faaeb0b18cd14067b
168,FPCV000168,272,241,351,4,1,Willow FinanceProductCostVersion 168,2020-06-17,2020-06-17,1,1,2026-08-24T00:00:00.000,2018-01-01T00:00:00.000,9999-12-31T00:00:00.000,1,6833cc7ff5f65ecab2d02f725d6ba8fb6833cc7ff5f65ecab2d02f725d6ba8fb
169,FPCV000169,448,96,6,1,2,Junction FinanceProductCostVersion 169,2020-06-18,2020-06-18,1,1,2026-08-24T00:00:00.000,2018-01-01T00:00:00.000,9999-12-31T00:00:00.000,1,92c616156c585b589b61b1d22979ab7492c616156c585b589b61b1d22979ab74
170,FPCV000170,172,166,486,4,2,Northstar FinanceProductCostVersion 170,2020-06-19,2020-06-19,1,1,2026-08-24T00:00:00.000,2018-01-01T00:00:00.000,9999-12-31T00:00:00.000,1,4faa1ed5fcbd52599c916e3846a2e8154faa1ed5fcbd52599c916e3846a2e815
171,FPCV000171,472,212,459,4,1,Summit FinanceProductCostVersion 171,2020-06-20,2020-06-20,1,1,2026-08-24T00:00:00.000,2018-01-01T00:00:00.000,9999-12-31T00:00:00.000,1,dd8d75986fa952e6bca2b7c25663c78fdd8d75986fa952e6bca2b7c25663c78f
172,FPCV000172,161,37,38,7,5,Riverton FinanceProductCostVersion 172,2020-06-21,2020-06-21,1,1,2026-08-24T00:00:00.000,2018-01-01T00:00:00.000,9999-12-31T00:00:00.000,1,9c76f6d6b3be54d8bd989cd3f76361749c76f6d6b3be54d8bd989cd3f7636174
173,FPCV000173,94,207,265,5,3,Quartz FinanceProductCostVersion 173,2020-06-22,2020-06-22,1,1,2026-08-24T00:00:00.000,2018-01-01T00:00:00.000,9999-12-31T00:00:00.000,1,464b6b82ab7e5b11a9b67742e0d6ee7c464b6b82ab7e5b11a9b67742e0d6ee7c
174,FPCV000174,44,347,295,1,4,Riverton FinanceProductCostVersion 174,2020-06-23,2020-06-23,1,1,2026-08-24T00:00:00.000,2018-01-01T00:00:00.000,9999-12-31T00:00:00.000,1,31bfa7dbbe3a592bac00bdc77faecb6831bfa7dbbe3a592bac00bdc77faecb68
175,FPCV000175,209,143,263,7,3,Summit FinanceProductCostVersion 175,2020-06-24,2020-06-24,1,1,2026-08-24T00:00:00.000,2018-01-01T00:00:00.000,9999-12-31T00:00:00.000,1,4ecfbcf027355469b3144913812c39b84ecfbcf027355469b3144913812c39b8
176,FPCV000176,461,49,215,5,5,Harbor FinanceProductCostVersion 176,2020-06-25,2020-06-25,1,1,2026-08-24T00:00:00.000,2018-01-01T00:00:00.000,9999-12-31T00:00:00.000,1,a21b709c852d5d46a4639e7bdf14a9dda21b709c852d5d46a4639e7bdf14a9dd
177,FPCV000177,364,206,336,4,5,Beacon FinanceProductCostVersion 177,2020-06-26,2020-06-26,1,1,2026-08-24T00:00:00.000,2018-01-01T00:00:00.000,9999-12-31T00:00:00.000,1,ac6ba41fcbe25a529526849b6720b6deac6ba41fcbe25a529526849b6720b6de
178,FPCV000178,108,344,124,3,2,Vertex FinanceProductCostVersion 178,2020-06-27,2020-06-27,1,1,2026-08-24T00:00:00.000,2018-01-01T00:00:00.000,9999-12-31T00:00:00.000,1,e6def5e8a726511286978841ab0e795be6def5e8a726511286978841ab0e795b
179,FPCV000179,322,143,175,8,4,Liberty FinanceProductCostVersion 179,2020-06-28,2020-06-28,1,1,2026-08-24T00:00:00.000,2018-01-01T00:00:00.000,9999-12-31T00:00:00.000,1,93fa5796e27d5665b281e4d65946070593fa5796e27d5665b281e4d659460705
180,FPCV000180,491,143,50,3,1,Meridian FinanceProductCostVersion 180,2020-06-29,2020-06-29,1,1,2026-08-24T00:00:00.000,2018-01-01T00:00:00.000,9999-12-31T00:00:00.000,1,176cc8f9c2b852aca61aeee14ebf12a9176cc8f9c2b852aca61aeee14ebf12a9
181,FPCV000181,416,69,55,2,1,Riverton FinanceProductCostVersion 181,2020-06-30,2020-06-30,1,1,2026-08-24T00:00:00.000,2018-01-01T00:00:00.000,9999-12-31T00:00:00.000,1,2ef1de53bafd5da7b1afe8ef84d0ff522ef1de53bafd5da7b1afe8ef84d0ff52
182,FPCV000182,481,96,408,7,5,Cedar FinanceProductCostVersion 182,2020-07-01,2020-07-01,1,1,2026-08-24T00:00:00.000,2018-01-01T00:00:00.000,9999-12-31T00:00:00.000,1,d3fdf346b8e85c07adf005bdea918cc0d3fdf346b8e85c07adf005bdea918cc0
183,FPCV000183,278,111,499,7,4,Zenith FinanceProductCostVersion 183,2020-07-02,2020-07-02,1,1,2026-08-24T00:00:00.000,2018-01-01T00:00:00.000,9999-12-31T00:00:00.000,1,abbd97e1bef953c3be41d7d1d9b2eaf4abbd97e1bef953c3be41d7d1d9b2eaf4
184,FPCV000184,359,23,456,7,1,Northstar FinanceProductCostVersion 184,2020-07-03,2020-07-03,1,1,2026-08-24T00:00:00.000,2018-01-01T00:00:00.000,9999-12-31T00:00:00.000,1,90dcffb6101759069aa6b52690f8f1cb90dcffb6101759069aa6b52690f8f1cb
185,FPCV000185,22,233,214,8,3,Evergreen FinanceProductCostVersion 185,2020-07-04,2020-07-04,1,1,2026-08-24T00:00:00.000,2018-01-01T00:00:00.000,9999-12-31T00:00:00.000,1,64b4548d93935c5190892e3cb4901b8764b4548d93935c5190892e3cb4901b87
186,FPCV000186,237,249,330,3,1,Evergreen FinanceProductCostVersion 186,2020-07-05,2020-07-05,1,1,2026-08-24T00:00:00.000,2018-01-01T00:00:00.000,9999-12-31T00:00:00.000,1,f30f858e42eb5c5c8e6be7fd26107449f30f858e42eb5c5c8e6be7fd26107449
187,FPCV000187,411,30,261,1,2,Unity FinanceProductCostVersion 187,2020-07-06,2020-07-06,1,1,2026-08-24T00:00:00.000,2018-01-01T00:00:00.000,9999-12-31T00:00:00.000,1,b016f63218345fc19a37c84502e466d3b016f63218345fc19a37c84502e466d3
188,FPCV000188,400,5,270,1,4,Orion FinanceProductCostVersion 188,2020-07-07,2020-07-07,1,1,2026-08-24T00:00:00.000,2018-01-01T00:00:00.000,9999-12-31T00:00:00.000,1,2f39d0702d175d46859bb3e7340d31c32f39d0702d175d46859bb3e7340d31c3
189,FPCV000189,205,254,385,1,4,Northstar FinanceProductCostVersion 189,2020-07-08,2020-07-08,1,1,2026-08-24T00:00:00.000,2018-01-01T00:00:00.000,9999-12-31T00:00:00.000,1,81c021bd19025bee9a5dccc8566a431281c021bd19025bee9a5dccc8566a4312
190,FPCV000190,401,123,489,2,1,Ion FinanceProductCostVersion 190,2020-07-09,2020-07-09,1,1,2026-08-24T00:00:00.000,2018-01-01T00:00:00.000,9999-12-31T00:00:00.000,1,fdbea60e37405a278b6101a20d69d41ffdbea60e37405a278b6101a20d69d41f
191,FPCV000191,160,90,4,6,1,Summit FinanceProductCostVersion 191,2020-07-10,2020-07-10,1,1,2026-08-24T00:00:00.000,2018-01-01T00:00:00.000,9999-12-31T00:00:00.000,1,f71719159849580bb16c639ce57331a3f71719159849580bb16c639ce57331a3
192,FPCV000192,51,93,211,2,4,Keystone FinanceProductCostVersion 192,2020-07-11,2020-07-11,1,1,2026-08-24T00:00:00.000,2018-01-01T00:00:00.000,9999-12-31T00:00:00.000,1,6f6dcbe17f14510fae5705afd027b31d6f6dcbe17f14510fae5705afd027b31d
193,FPCV000193,469,142,439,4,5,Delta FinanceProductCostVersion 193,2020-07-12,2020-07-12,1,1,2026-08-24T00:00:00.000,2018-01-01T00:00:00.000,9999-12-31T00:00:00.000,1,7baf1f8534265d7eadf58e7f111c0a6e7baf1f8534265d7eadf58e7f111c0a6e
194,FPCV000194,475,342,300,5,2,Atlas FinanceProductCostVersion 194,2020-07-13,2020-07-13,1,1,2026-08-24T00:00:00.000,2018-01-01T00:00:00.000,9999-12-31T00:00:00.000,1,663ddf97dbd8501584f8bcd14df3d004663ddf97dbd8501584f8bcd14df3d004
195,FPCV000195,316,236,489,3,2,Liberty FinanceProductCostVersion 195,2020-07-14,2020-07-14,1,1,2026-08-24T00:00:00.000,2018-01-01T00:00:00.000,9999-12-31T00:00:00.000,1,38c970f94a6651538f883dd99eb0d12c38c970f94a6651538f883dd99eb0d12c
196,FPCV000196,60,68,154,7,2,Beacon FinanceProductCostVersion 196,2020-07-15,2020-07-15,1,1,2026-08-24T00:00:00.000,2018-01-01T00:00:00.000,9999-12-31T00:00:00.000,1,17586ad559be57559e687d4d0520b64617586ad559be57559e687d4d0520b646
197,FPCV000197,341,66,31,1,4,Northstar FinanceProductCostVersion 197,2020-07-16,2020-07-16,1,1,2026-08-24T00:00:00.000,2018-01-01T00:00:00.000,9999-12-31T00:00:00.000,1,a199e576d86c518ca4ae60389f381634a199e576d86c518ca4ae60389f381634
198,FPCV000198,258,273,167,4,3,Riverton FinanceProductCostVersion 198,2020-07-17,2020-07-17,1,1,2026-08-24T00:00:00.000,2018-01-01T00:00:00.000,9999-12-31T00:00:00.000,1,fecfd37e17bd5b6a8ac00c6d8df90b05fecfd37e17bd5b6a8ac00c6d8df90b05
199,FPCV000199,216,50,314,4,4,Cedar FinanceProductCostVersion 199,2020-07-18,2020-07-18,1,1,2026-08-24T00:00:00.000,2018-01-01T00:00:00.000,9999-12-31T00:00:00.000,1,c25e852faa125b1985c20e20552697d6c25e852faa125b1985c20e20552697d6
200,FPCV000200,132,317,18,5,4,Keystone FinanceProductCostVersion 200,2020-07-19,2020-07-19,1,1,2026-08-24T00:00:00.000,2018-01-01T00:00:00.000,9999-12-31T00:00:00.000,1,a629b1c24f1d5859ae368ee40b91b175a629b1c24f1d5859ae368ee40b91b175
201,FPCV000201,19,308,168,8,1,Unity FinanceProductCostVersion 201,2020-07-20,2020-07-20,1,1,2026-08-24T00:00:00.000,2018-01-01T00:00:00.000,9999-12-31T00:00:00.000,1,faea4119527152d59110a88ffbc18ae5faea4119527152d59110a88ffbc18ae5
202,FPCV000202,339,253,294,2,5,Ion FinanceProductCostVersion 202,2020-07-21,2020-07-21,1,1,2026-08-24T00:00:00.000,2018-01-01T00:00:00.000,9999-12-31T00:00:00.000,1,6db74242d1835ed9bb78eed7966f454a6db74242d1835ed9bb78eed7966f454a
203,FPCV000203,126,106,410,4,3,Summit FinanceProductCostVersion 203,2020-07-22,2020-07-22,1,1,2026-08-24T00:00:00.000,2018-01-01T00:00:00.000,9999-12-31T00:00:00.000,1,fadb69e691885dd78ff746bab84e9129fadb69e691885dd78ff746bab84e9129
204,FPCV000204,239,40,423,6,1,Zenith FinanceProductCostVersion 204,2020-07-23,2020-07-23,1,1,2026-08-24T00:00:00.000,2018-01-01T00:00:00.000,9999-12-31T00:00:00.000,1,961593581eb758098a4a6e132499e599961593581eb758098a4a6e132499e599
205,FPCV000205,116,342,155,7,3,Beacon FinanceProductCostVersion 205,2020-07-24,2020-07-24,1,1,2026-08-24T00:00:00.000,2018-01-01T00:00:00.000,9999-12-31T00:00:00.000,1,1acab470f10d592484650c31306434591acab470f10d592484650c3130643459
206,FPCV000206,49,308,185,4,3,Quartz FinanceProductCostVersion 206,2020-07-25,2020-07-25,1,1,2026-08-24T00:00:00.000,2018-01-01T00:00:00.000,9999-12-31T00:00:00.000,1,2f8262f190e55d258c24b302f5d5b5d02f8262f190e55d258c24b302f5d5b5d0
207,FPCV000207,81,308,83,6,1,Zenith FinanceProductCostVersion 207,2020-07-26,2020-07-26,1,1,2026-08-24T00:00:00.000,2018-01-01T00:00:00.000,9999-12-31T00:00:00.000,1,af470abea4d25c099494c8cd907d547daf470abea4d25c099494c8cd907d547d
208,FPCV000208,26,253,315,3,1,Willow FinanceProductCostVersion 208,2020-07-27,2020-07-27,1,1,2026-08-24T00:00:00.000,2018-01-01T00:00:00.000,9999-12-31T00:00:00.000,1,22500d66a6d656cf97924e28057985c522500d66a6d656cf97924e28057985c5
209,FPCV000209,450,57,49,5,3,Northstar FinanceProductCostVersion 209,2020-07-28,2020-07-28,1,1,2026-08-24T00:00:00.000,2018-01-01T00:00:00.000,9999-12-31T00:00:00.000,1,7dd5391fd2cf5e178f19c66df40907767dd5391fd2cf5e178f19c66df4090776
210,FPCV000210,488,294,307,1,3,Evergreen FinanceProductCostVersion 210,2020-07-29,2020-07-29,1,1,2026-08-24T00:00:00.000,2018-01-01T00:00:00.000,9999-12-31T00:00:00.000,1,88d1a984eec4541d904ed41733b852d988d1a984eec4541d904ed41733b852d9
211,FPCV000211,480,312,467,2,2,Beacon FinanceProductCostVersion 211,2020-07-30,2020-07-30,1,1,2026-08-24T00:00:00.000,2018-01-01T00:00:00.000,9999-12-31T00:00:00.000,1,b598a881862555568b46a1893ee56b36b598a881862555568b46a1893ee56b36
212,FPCV000212,265,119,215,2,1,Summit FinanceProductCostVersion 212,2020-07-31,2020-07-31,1,1,2026-08-24T00:00:00.000,2018-01-01T00:00:00.000,9999-12-31T00:00:00.000,1,48f72e08555256afa4941a3c309b11eb48f72e08555256afa4941a3c309b11eb
213,FPCV000213,285,337,481,6,3,Titan FinanceProductCostVersion 213,2020-08-01,2020-08-01,1,1,2026-08-24T00:00:00.000,2018-01-01T00:00:00.000,9999-12-31T00:00:00.000,1,c63c90ed73b75ed3a989afc44b8ec700c63c90ed73b75ed3a989afc44b8ec700
214,FPCV000214,14,316,426,5,3,Liberty FinanceProductCostVersion 214,2020-08-02,2020-08-02,1,1,2026-08-24T00:00:00.000,2018-01-01T00:00:00.000,9999-12-31T00:00:00.000,1,66c5ee02e9e353c492805954d009581166c5ee02e9e353c492805954d0095811
215,FPCV000215,309,134,497,6,3,Orion FinanceProductCostVersion 215,2020-08-03,2020-08-03,1,1,2026-08-24T00:00:00.000,2018-01-01T00:00:00.000,9999-12-31T00:00:00.000,1,000180e05b865fb6b0eb55d8c6f6f347000180e05b865fb6b0eb55d8c6f6f347
216,FPCV000216,150,10,108,1,4,Willow FinanceProductCostVersion 216,2020-08-04,2020-08-04,1,1,2026-08-24T00:00:00.000,2018-01-01T00:00:00.000,9999-12-31T00:00:00.000,1,4e5ac84d3b605f51b81e96e288ea3fc84e5ac84d3b605f51b81e96e288ea3fc8
217,FPCV000217,359,240,2,6,5,Delta FinanceProductCostVersion 217,2020-08-05,2020-08-05,1,1,2026-08-24T00:00:00.000,2018-01-01T00:00:00.000,9999-12-31T00:00:00.000,1,bffd1de52f2b5c5eb894ce1a7493f42abffd1de52f2b5c5eb894ce1a7493f42a
218,FPCV000218,267,203,310,6,4,Delta FinanceProductCostVersion 218,2020-08-06,2020-08-06,1,1,2026-08-24T00:00:00.000,2018-01-01T00:00:00.000,9999-12-31T00:00:00.000,1,709eb28d1b3f5d16983c3cca34dfb15b709eb28d1b3f5d16983c3cca34dfb15b
219,FPCV000219,263,293,494,2,5,Unity FinanceProductCostVersion 219,2020-08-07,2020-08-07,1,1,2026-08-24T00:00:00.000,2018-01-01T00:00:00.000,9999-12-31T00:00:00.000,1,72e4715d12e1560ea7636e98d7f30b2972e4715d12e1560ea7636e98d7f30b29
220,FPCV000220,430,267,450,6,4,Delta FinanceProductCostVersion 220,2020-08-08,2020-08-08,1,1,2026-08-24T00:00:00.000,2018-01-01T00:00:00.000,9999-12-31T00:00:00.000,1,231a1d3c2aa85d84a125e89f091b06ee231a1d3c2aa85d84a125e89f091b06ee
221,FPCV000221,433,177,384,8,1,Willow FinanceProductCostVersion 221,2020-08-09,2020-08-09,1,1,2026-08-24T00:00:00.000,2018-01-01T00:00:00.000,9999-12-31T00:00:00.000,1,a695a84a2fce5d2aa13ad4b465c4b5baa695a84a2fce5d2aa13ad4b465c4b5ba
222,FPCV000222,188,166,387,5,1,Zenith FinanceProductCostVersion 222,2020-08-10,2020-08-10,1,1,2026-08-24T00:00:00.000,2018-01-01T00:00:00.000,9999-12-31T00:00:00.000,1,649c20f9587e530492ae6abeafca7603649c20f9587e530492ae6abeafca7603
223,FPCV000223,272,82,233,5,2,Keystone FinanceProductCostVersion 223,2020-08-11,2020-08-11,1,1,2026-08-24T00:00:00.000,2018-01-01T00:00:00.000,9999-12-31T00:00:00.000,1,d9d61f0ab97b5cdabd9b448b7de989e9d9d61f0ab97b5cdabd9b448b7de989e9
224,FPCV000224,93,332,41,6,5,Northstar FinanceProductCostVersion 224,2020-08-12,2020-08-12,1,1,2026-08-24T00:00:00.000,2018-01-01T00:00:00.000,9999-12-31T00:00:00.000,1,731886d6fd0b51279d008ca46da91b3f731886d6fd0b51279d008ca46da91b3f
225,FPCV000225,49,232,350,5,4,Zenith FinanceProductCostVersion 225,2020-08-13,2020-08-13,1,1,2026-08-24T00:00:00.000,2018-01-01T00:00:00.000,9999-12-31T00:00:00.000,1,205ca5f0ac6b5272a7881b495e477f48205ca5f0ac6b5272a7881b495e477f48
226,FPCV000226,142,340,264,4,4,Pioneer FinanceProductCostVersion 226,2020-08-14,2020-08-14,1,1,2026-08-24T00:00:00.000,2018-01-01T00:00:00.000,9999-12-31T00:00:00.000,1,dd1f72ab6f5c5e4da71c1367ac2fa0e5dd1f72ab6f5c5e4da71c1367ac2fa0e5
227,FPCV000227,85,193,301,8,5,Quartz FinanceProductCostVersion 227,2020-08-15,2020-08-15,1,1,2026-08-24T00:00:00.000,2018-01-01T00:00:00.000,9999-12-31T00:00:00.000,1,f212772579f55f0988d6f2194af4d866f212772579f55f0988d6f2194af4d866
228,FPCV000228,113,264,344,8,3,Titan FinanceProductCostVersion 228,2020-08-16,2020-08-16,1,1,2026-08-24T00:00:00.000,2018-01-01T00:00:00.000,9999-12-31T00:00:00.000,1,2258dca33ff15207b45f45fb68ccb8782258dca33ff15207b45f45fb68ccb878
229,FPCV000229,173,250,54,3,5,Forge FinanceProductCostVersion 229,2020-08-17,2020-08-17,1,1,2026-08-24T00:00:00.000,2018-01-01T00:00:00.000,9999-12-31T00:00:00.000,1,9e17e70d01de5ecc95f0311e1417d2669e17e70d01de5ecc95f0311e1417d266
230,FPCV000230,33,183,277,7,2,Harbor FinanceProductCostVersion 230,2020-08-18,2020-08-18,1,1,2026-08-24T00:00:00.000,2018-01-01T00:00:00.000,9999-12-31T00:00:00.000,1,d8e48e8ebd185ded938a9d2bff495482d8e48e8ebd185ded938a9d2bff495482
231,FPCV000231,339,176,68,7,3,Cedar FinanceProductCostVersion 231,2020-08-19,2020-08-19,1,1,2026-08-24T00:00:00.000,2018-01-01T00:00:00.000,9999-12-31T00:00:00.000,1,0c67770520d752c786cb6e715ca874ce0c67770520d752c786cb6e715ca874ce
232,FPCV000232,373,219,451,3,2,Vertex FinanceProductCostVersion 232,2020-08-20,2020-08-20,1,1,2026-08-24T00:00:00.000,2018-01-01T00:00:00.000,9999-12-31T00:00:00.000,1,1f1013bb1c2a584a966ff3506ebd297c1f1013bb1c2a584a966ff3506ebd297c
233,FPCV000233,153,308,421,5,4,Willow FinanceProductCostVersion 233,2020-08-21,2020-08-21,1,1,2026-08-24T00:00:00.000,2018-01-01T00:00:00.000,9999-12-31T00:00:00.000,1,e0d4c666213b58219263a204e10cd6afe0d4c666213b58219263a204e10cd6af
234,FPCV000234,385,1,145,3,4,Zenith FinanceProductCostVersion 234,2020-08-22,2020-08-22,1,1,2026-08-24T00:00:00.000,2018-01-01T00:00:00.000,9999-12-31T00:00:00.000,1,9f72ce531b7f5d0b8ac304a60b247da29f72ce531b7f5d0b8ac304a60b247da2
235,FPCV000235,269,20,402,7,1,Forge FinanceProductCostVersion 235,2020-08-23,2020-08-23,1,1,2026-08-24T00:00:00.000,2018-01-01T00:00:00.000,9999-12-31T00:00:00.000,1,5d6dc3d6fc585f6ca3ddb4bbb033c8505d6dc3d6fc585f6ca3ddb4bbb033c850
236,FPCV000236,233,140,14,1,4,Forge FinanceProductCostVersion 236,2020-08-24,2020-08-24,1,1,2026-08-24T00:00:00.000,2018-01-01T00:00:00.000,9999-12-31T00:00:00.000,1,cd2560c0ef5058c6b4cfc9903ea8b3e3cd2560c0ef5058c6b4cfc9903ea8b3e3
237,FPCV000237,51,229,450,4,4,Titan FinanceProductCostVersion 237,2020-08-25,2020-08-25,1,1,2026-08-24T00:00:00.000,2018-01-01T00:00:00.000,9999-12-31T00:00:00.000,1,a1de0b1ae4205c219dd62cc3cce61ee9a1de0b1ae4205c219dd62cc3cce61ee9
238,FPCV000238,40,333,109,1,3,Keystone FinanceProductCostVersion 238,2020-08-26,2020-08-26,1,1,2026-08-24T00:00:00.000,2018-01-01T00:00:00.000,9999-12-31T00:00:00.000,1,2efca16ad5a25920a4a2638bc1d0b3bb2efca16ad5a25920a4a2638bc1d0b3bb
239,FPCV000239,342,54,111,1,3,Meridian FinanceProductCostVersion 239,2020-08-27,2020-08-27,1,1,2026-08-24T00:00:00.000,2018-01-01T00:00:00.000,9999-12-31T00:00:00.000,1,6f1610b89d7d5a4199273f253ba940de6f1610b89d7d5a4199273f253ba940de
240,FPCV000240,389,208,385,3,3,Willow FinanceProductCostVersion 240,2020-08-28,2020-08-28,1,1,2026-08-24T00:00:00.000,2018-01-01T00:00:00.000,9999-12-31T00:00:00.000,1,5a50d8862e535923b8bcce79ca44ef265a50d8862e535923b8bcce79ca44ef26
241,FPCV000241,52,140,391,8,5,Granite FinanceProductCostVersion 241,2020-08-29,2020-08-29,1,1,2026-08-24T00:00:00.000,2018-01-01T00:00:00.000,9999-12-31T00:00:00.000,1,d5e347a33fc857699e112dbf26f3cbafd5e347a33fc857699e112dbf26f3cbaf
242,FPCV000242,79,193,45,8,3,Liberty FinanceProductCostVersion 242,2020-08-30,2020-08-30,1,1,2026-08-24T00:00:00.000,2018-01-01T00:00:00.000,9999-12-31T00:00:00.000,1,d738b5d7a10554f9aafcc1c71df9e7b4d738b5d7a10554f9aafcc1c71df9e7b4
243,FPCV000243,207,181,80,1,5,Junction FinanceProductCostVersion 243,2020-08-31,2020-08-31,1,1,2026-08-24T00:00:00.000,2018-01-01T00:00:00.000,9999-12-31T00:00:00.000,1,be181621ea625e8aa595aa61d542ea44be181621ea625e8aa595aa61d542ea44
244,FPCV000244,95,202,388,4,2,Granite FinanceProductCostVersion 244,2020-09-01,2020-09-01,1,1,2026-08-24T00:00:00.000,2018-01-01T00:00:00.000,9999-12-31T00:00:00.000,1,98a421ee61dd5c1ea0c9cc7ac82f01e898a421ee61dd5c1ea0c9cc7ac82f01e8
245,FPCV000245,79,316,280,6,3,Ion FinanceProductCostVersion 245,2020-09-02,2020-09-02,1,1,2026-08-24T00:00:00.000,2018-01-01T00:00:00.000,9999-12-31T00:00:00.000,1,efdee0d56abe5bf0ae4f7853ce044612efdee0d56abe5bf0ae4f7853ce044612
246,FPCV000246,165,308,492,2,4,Harbor FinanceProductCostVersion 246,2020-09-03,2020-09-03,1,1,2026-08-24T00:00:00.000,2018-01-01T00:00:00.000,9999-12-31T00:00:00.000,1,bb937c1002cb58b9a4edfd77044f7529bb937c1002cb58b9a4edfd77044f7529
247,FPCV000247,491,123,490,2,5,Riverton FinanceProductCostVersion 247,2020-09-04,2020-09-04,1,1,2026-08-24T00:00:00.000,2018-01-01T00:00:00.000,9999-12-31T00:00:00.000,1,c90f7b4363ab5822a98007e07957f99fc90f7b4363ab5822a98007e07957f99f
248,FPCV000248,217,113,482,4,2,Riverton FinanceProductCostVersion 248,2020-09-05,2020-09-05,1,1,2026-08-24T00:00:00.000,2018-01-01T00:00:00.000,9999-12-31T00:00:00.000,1,797b683989ec5312a1c241e1d2e881a4797b683989ec5312a1c241e1d2e881a4
249,FPCV000249,263,271,102,8,5,Cedar FinanceProductCostVersion 249,2020-09-06,2020-09-06,1,1,2026-08-24T00:00:00.000,2018-01-01T00:00:00.000,9999-12-31T00:00:00.000,1,dd7c4337557e5c1a99151e7d8d94dd59dd7c4337557e5c1a99151e7d8d94dd59
250,FPCV000250,372,129,431,2,2,Unity FinanceProductCostVersion 250,2020-09-07,2020-09-07,1,1,2026-08-24T00:00:00.000,2018-01-01T00:00:00.000,9999-12-31T00:00:00.000,1,9f81857afda65fb8b77b23dc012213089f81857afda65fb8b77b23dc01221308
251,FPCV000251,51,108,182,2,4,Harbor FinanceProductCostVersion 251,2020-09-08,2020-09-08,1,1,2026-08-24T00:00:00.000,2018-01-01T00:00:00.000,9999-12-31T00:00:00.000,1,a79be14a92795badb48810c02c338e79a79be14a92795badb48810c02c338e79
252,FPCV000252,270,152,428,8,4,Liberty FinanceProductCostVersion 252,2020-09-09,2020-09-09,1,1,2026-08-24T00:00:00.000,2018-01-01T00:00:00.000,9999-12-31T00:00:00.000,1,2fbddb72e63d594aa3355a57d205c57c2fbddb72e63d594aa3355a57d205c57c
253,FPCV000253,121,344,178,7,1,Ion FinanceProductCostVersion 253,2020-09-10,2020-09-10,1,1,2026-08-24T00:00:00.000,2018-01-01T00:00:00.000,9999-12-31T00:00:00.000,1,2b852805d94054a0967f5be268d46d7a2b852805d94054a0967f5be268d46d7a
254,FPCV000254,345,78,471,3,2,Junction FinanceProductCostVersion 254,2020-09-11,2020-09-11,1,1,2026-08-24T00:00:00.000,2018-01-01T00:00:00.000,9999-12-31T00:00:00.000,1,bc45bee317935bbeaf00344115744efbbc45bee317935bbeaf00344115744efb
255,FPCV000255,233,293,442,3,2,Unity FinanceProductCostVersion 255,2020-09-12,2020-09-12,1,1,2026-08-24T00:00:00.000,2018-01-01T00:00:00.000,9999-12-31T00:00:00.000,1,987bd8872ec15e9e9fc8f82a4fd26325987bd8872ec15e9e9fc8f82a4fd26325
256,FPCV000256,219,99,227,4,3,Cedar FinanceProductCostVersion 256,2020-09-13,2020-09-13,1,1,2026-08-24T00:00:00.000,2018-01-01T00:00:00.000,9999-12-31T00:00:00.000,1,979160b8c42759ebb918a00b3d35bd3c979160b8c42759ebb918a00b3d35bd3c
257,FPCV000257,492,142,352,5,4,Atlas FinanceProductCostVersion 257,2020-09-14,2020-09-14,1,1,2026-08-24T00:00:00.000,2018-01-01T00:00:00.000,9999-12-31T00:00:00.000,1,6f686ce97d43571eae1ed26f644932216f686ce97d43571eae1ed26f64493221
258,FPCV000258,370,258,62,1,5,Unity FinanceProductCostVersion 258,2020-09-15,2020-09-15,1,1,2026-08-24T00:00:00.000,2018-01-01T00:00:00.000,9999-12-31T00:00:00.000,1,df66bbbb0186509e917dd3cb247e5300df66bbbb0186509e917dd3cb247e5300
259,FPCV000259,78,287,87,3,3,Zenith FinanceProductCostVersion 259,2020-09-16,2020-09-16,1,1,2026-08-24T00:00:00.000,2018-01-01T00:00:00.000,9999-12-31T00:00:00.000,1,11289a2518505265823ec3a195362c2d11289a2518505265823ec3a195362c2d
260,FPCV000260,35,237,120,6,4,Vertex FinanceProductCostVersion 260,2020-09-17,2020-09-17,1,1,2026-08-24T00:00:00.000,2018-01-01T00:00:00.000,9999-12-31T00:00:00.000,1,1522b5d54fcd5184913ef09a166e79721522b5d54fcd5184913ef09a166e7972
261,FPCV000261,47,280,492,2,4,Evergreen FinanceProductCostVersion 261,2020-09-18,2020-09-18,1,1,2026-08-24T00:00:00.000,2018-01-01T00:00:00.000,9999-12-31T00:00:00.000,1,7954a5361cf356e594ac1c0e153ceb3f7954a5361cf356e594ac1c0e153ceb3f
262,FPCV000262,135,254,52,5,5,Cedar FinanceProductCostVersion 262,2020-09-19,2020-09-19,1,1,2026-08-24T00:00:00.000,2018-01-01T00:00:00.000,9999-12-31T00:00:00.000,1,49bfa2175a455380aaa29ca66102bfa949bfa2175a455380aaa29ca66102bfa9
263,FPCV000263,263,167,265,5,1,Zenith FinanceProductCostVersion 263,2020-09-20,2020-09-20,1,1,2026-08-24T00:00:00.000,2018-01-01T00:00:00.000,9999-12-31T00:00:00.000,1,290b05c082ae581f8e9b5c73cf8314e4290b05c082ae581f8e9b5c73cf8314e4
264,FPCV000264,307,15,404,6,5,Quartz FinanceProductCostVersion 264,2020-09-21,2020-09-21,1,1,2026-08-24T00:00:00.000,2018-01-01T00:00:00.000,9999-12-31T00:00:00.000,1,b10371076a185753a61a492a55d20921b10371076a185753a61a492a55d20921
265,FPCV000265,450,301,485,4,5,Pioneer FinanceProductCostVersion 265,2020-09-22,2020-09-22,1,1,2026-08-24T00:00:00.000,2018-01-01T00:00:00.000,9999-12-31T00:00:00.000,1,2c0560bdda6954d5bef98ba904de36e42c0560bdda6954d5bef98ba904de36e4
266,FPCV000266,328,74,224,2,3,Northstar FinanceProductCostVersion 266,2020-09-23,2020-09-23,1,1,2026-08-24T00:00:00.000,2018-01-01T00:00:00.000,9999-12-31T00:00:00.000,1,6ac4cb764dea5c0685308c48b9fb5cd96ac4cb764dea5c0685308c48b9fb5cd9
267,FPCV000267,17,226,55,5,2,Pioneer FinanceProductCostVersion 267,2020-09-24,2020-09-24,1,1,2026-08-24T00:00:00.000,2018-01-01T00:00:00.000,9999-12-31T00:00:00.000,1,501798984ea852ab9e97865b231f6e12501798984ea852ab9e97865b231f6e12
268,FPCV000268,58,172,485,6,3,Cedar FinanceProductCostVersion 268,2020-09-25,2020-09-25,1,1,2026-08-24T00:00:00.000,2018-01-01T00:00:00.000,9999-12-31T00:00:00.000,1,37eb049055565a45a4efbf7eef7bce8637eb049055565a45a4efbf7eef7bce86
269,FPCV000269,298,238,11,8,1,Atlas FinanceProductCostVersion 269,2020-09-26,2020-09-26,1,1,2026-08-24T00:00:00.000,2018-01-01T00:00:00.000,9999-12-31T00:00:00.000,1,42621be5600b566ba2c634c430380ed942621be5600b566ba2c634c430380ed9
270,FPCV000270,240,255,454,7,2,Delta FinanceProductCostVersion 270,2020-09-27,2020-09-27,1,1,2026-08-24T00:00:00.000,2018-01-01T00:00:00.000,9999-12-31T00:00:00.000,1,5d028a9780c059d786cb2053b3a64a575d028a9780c059d786cb2053b3a64a57
271,FPCV000271,138,324,450,2,3,Pioneer FinanceProductCostVersion 271,2020-09-28,2020-09-28,1,1,2026-08-24T00:00:00.000,2018-01-01T00:00:00.000,9999-12-31T00:00:00.000,1,92f6207a8443553db2e34fe5e277b32292f6207a8443553db2e34fe5e277b322
272,FPCV000272,142,262,50,5,5,Northstar FinanceProductCostVersion 272,2020-09-29,2020-09-29,1,1,2026-08-24T00:00:00.000,2018-01-01T00:00:00.000,9999-12-31T00:00:00.000,1,945bef3c510950c4b880c5b6aa2d97e0945bef3c510950c4b880c5b6aa2d97e0
273,FPCV000273,478,195,224,5,3,Evergreen FinanceProductCostVersion 273,2020-09-30,2020-09-30,1,1,2026-08-24T00:00:00.000,2018-01-01T00:00:00.000,9999-12-31T00:00:00.000,1,758ef330dec75bee9b04b8551fb45604758ef330dec75bee9b04b8551fb45604
274,FPCV000274,350,11,276,1,5,Junction FinanceProductCostVersion 274,2020-10-01,2020-10-01,1,1,2026-08-24T00:00:00.000,2018-01-01T00:00:00.000,9999-12-31T00:00:00.000,1,bd9f4e492a2b516b9607f0dc0e72b80bbd9f4e492a2b516b9607f0dc0e72b80b
275,FPCV000275,200,113,27,4,5,Atlas FinanceProductCostVersion 275,2020-10-02,2020-10-02,1,1,2026-08-24T00:00:00.000,2018-01-01T00:00:00.000,9999-12-31T00:00:00.000,1,92f3ca981fd65c31803607e9a77c1f0f92f3ca981fd65c31803607e9a77c1f0f
276,FPCV000276,183,325,415,4,2,Keystone FinanceProductCostVersion 276,2020-10-03,2020-10-03,1,1,2026-08-24T00:00:00.000,2018-01-01T00:00:00.000,9999-12-31T00:00:00.000,1,d6764fa453c1526b9186020723787774d6764fa453c1526b9186020723787774
277,FPCV000277,34,143,418,6,3,Beacon FinanceProductCostVersion 277,2020-10-04,2020-10-04,1,1,2026-08-24T00:00:00.000,2018-01-01T00:00:00.000,9999-12-31T00:00:00.000,1,bba0857a5f89513f9f07d350a2836724bba0857a5f89513f9f07d350a2836724
278,FPCV000278,37,254,100,3,3,Vertex FinanceProductCostVersion 278,2020-10-05,2020-10-05,1,1,2026-08-24T00:00:00.000,2018-01-01T00:00:00.000,9999-12-31T00:00:00.000,1,4d8079a61a5c5e87a2ed93c5cf6d31bb4d8079a61a5c5e87a2ed93c5cf6d31bb
279,FPCV000279,355,79,1,7,5,Quartz FinanceProductCostVersion 279,2020-10-06,2020-10-06,1,1,2026-08-24T00:00:00.000,2018-01-01T00:00:00.000,9999-12-31T00:00:00.000,1,f6d37ef8031d5890a292bea1a3915d92f6d37ef8031d5890a292bea1a3915d92
280,FPCV000280,277,168,288,5,3,Riverton FinanceProductCostVersion 280,2020-10-07,2020-10-07,1,1,2026-08-24T00:00:00.000,2018-01-01T00:00:00.000,9999-12-31T00:00:00.000,1,b48a6e805c7e500d8bd85fd6cdbcd986b48a6e805c7e500d8bd85fd6cdbcd986
281,FPCV000281,147,293,2,3,4,Willow FinanceProductCostVersion 281,2020-10-08,2020-10-08,1,1,2026-08-24T00:00:00.000,2018-01-01T00:00:00.000,9999-12-31T00:00:00.000,1,19e7d849f2ef52a0b9f61e410851424919e7d849f2ef52a0b9f61e4108514249
282,FPCV000282,263,248,211,8,1,Meridian FinanceProductCostVersion 282,2020-10-09,2020-10-09,1,1,2026-08-24T00:00:00.000,2018-01-01T00:00:00.000,9999-12-31T00:00:00.000,1,77f32ac5bcbd5095b305195098c6b35777f32ac5bcbd5095b305195098c6b357
283,FPCV000283,18,1,269,2,2,Meridian FinanceProductCostVersion 283,2020-10-10,2020-10-10,1,1,2026-08-24T00:00:00.000,2018-01-01T00:00:00.000,9999-12-31T00:00:00.000,1,44661cdbe6b25c60a6de6a98cf90c9e644661cdbe6b25c60a6de6a98cf90c9e6
284,FPCV000284,2,84,453,3,4,Forge FinanceProductCostVersion 284,2020-10-11,2020-10-11,1,1,2026-08-24T00:00:00.000,2018-01-01T00:00:00.000,9999-12-31T00:00:00.000,1,58126fd6dede5b58a7a175cdae60b89058126fd6dede5b58a7a175cdae60b890
285,FPCV000285,500,111,150,8,3,Ion FinanceProductCostVersion 285,2020-10-12,2020-10-12,1,1,2026-08-24T00:00:00.000,2018-01-01T00:00:00.000,9999-12-31T00:00:00.000,1,4f45527224605abf909721b87fbfac104f45527224605abf909721b87fbfac10
286,FPCV000286,449,279,13,2,2,Ion FinanceProductCostVersion 286,2020-10-13,2020-10-13,1,1,2026-08-24T00:00:00.000,2018-01-01T00:00:00.000,9999-12-31T00:00:00.000,1,d1764eb30f5a55b6a10c743d8c3712f5d1764eb30f5a55b6a10c743d8c3712f5
287,FPCV000287,472,238,412,5,2,Unity FinanceProductCostVersion 287,2020-10-14,2020-10-14,1,1,2026-08-24T00:00:00.000,2018-01-01T00:00:00.000,9999-12-31T00:00:00.000,1,83923bd2e0665785b5ce8925fa5e0fd983923bd2e0665785b5ce8925fa5e0fd9
288,FPCV000288,135,202,139,6,1,Zenith FinanceProductCostVersion 288,2020-10-15,2020-10-15,1,1,2026-08-24T00:00:00.000,2018-01-01T00:00:00.000,9999-12-31T00:00:00.000,1,9386ea2ca8b45bebbc51d58217cf2e919386ea2ca8b45bebbc51d58217cf2e91
289,FPCV000289,59,114,155,3,5,Ion FinanceProductCostVersion 289,2020-10-16,2020-10-16,1,1,2026-08-24T00:00:00.000,2018-01-01T00:00:00.000,9999-12-31T00:00:00.000,1,b1eb77c78b4a539eaf93aff2dd337602b1eb77c78b4a539eaf93aff2dd337602
290,FPCV000290,368,282,52,2,4,Quartz FinanceProductCostVersion 290,2020-10-17,2020-10-17,1,1,2026-08-24T00:00:00.000,2018-01-01T00:00:00.000,9999-12-31T00:00:00.000,1,c075a9bbad4e51be8360ec43ba65cc8cc075a9bbad4e51be8360ec43ba65cc8c
291,FPCV000291,169,205,275,8,3,Zenith FinanceProductCostVersion 291,2020-10-18,2020-10-18,1,1,2026-08-24T00:00:00.000,2018-01-01T00:00:00.000,9999-12-31T00:00:00.000,1,eeeea5862cbd59ec977736a7812e92eeeeeea5862cbd59ec977736a7812e92ee
292,FPCV000292,283,41,434,7,1,Harbor FinanceProductCostVersion 292,2020-10-19,2020-10-19,1,1,2026-08-24T00:00:00.000,2018-01-01T00:00:00.000,9999-12-31T00:00:00.000,1,df5930d5cde95bda922e0c93198f205cdf5930d5cde95bda922e0c93198f205c
293,FPCV000293,228,193,460,7,2,Titan FinanceProductCostVersion 293,2020-10-20,2020-10-20,1,1,2026-08-24T00:00:00.000,2018-01-01T00:00:00.000,9999-12-31T00:00:00.000,1,ee1cf8dcc3935dccade133ee8915184bee1cf8dcc3935dccade133ee8915184b
294,FPCV000294,2,118,184,1,2,Cedar FinanceProductCostVersion 294,2020-10-21,2020-10-21,1,1,2026-08-24T00:00:00.000,2018-01-01T00:00:00.000,9999-12-31T00:00:00.000,1,5d631374711b561189fc65053b3e2b7e5d631374711b561189fc65053b3e2b7e
295,FPCV000295,246,152,9,4,4,Pioneer FinanceProductCostVersion 295,2020-10-22,2020-10-22,1,1,2026-08-24T00:00:00.000,2018-01-01T00:00:00.000,9999-12-31T00:00:00.000,1,711b08773e5a57e7bc0af6046ec8a1b9711b08773e5a57e7bc0af6046ec8a1b9
296,FPCV000296,408,307,142,2,1,Granite FinanceProductCostVersion 296,2020-10-23,2020-10-23,1,1,2026-08-24T00:00:00.000,2018-01-01T00:00:00.000,9999-12-31T00:00:00.000,1,eb4fb10cf4d8559d8d8882c12402bc70eb4fb10cf4d8559d8d8882c12402bc70
297,FPCV000297,83,327,108,1,4,Beacon FinanceProductCostVersion 297,2020-10-24,2020-10-24,1,1,2026-08-24T00:00:00.000,2018-01-01T00:00:00.000,9999-12-31T00:00:00.000,1,0a7fda1522d45fc8b130abc97c7580940a7fda1522d45fc8b130abc97c758094
298,FPCV000298,176,5,40,5,5,Beacon FinanceProductCostVersion 298,2020-10-25,2020-10-25,1,1,2026-08-24T00:00:00.000,2018-01-01T00:00:00.000,9999-12-31T00:00:00.000,1,1f7a19f805575be2ab39b2406c8c567f1f7a19f805575be2ab39b2406c8c567f
299,FPCV000299,108,183,362,1,5,Vertex FinanceProductCostVersion 299,2020-10-26,2020-10-26,1,1,2026-08-24T00:00:00.000,2018-01-01T00:00:00.000,9999-12-31T00:00:00.000,1,c7adb1f8673b515ea5f9ff128b89e45ac7adb1f8673b515ea5f9ff128b89e45a
300,FPCV000300,296,141,20,2,2,Titan FinanceProductCostVersion 300,2020-10-27,2020-10-27,1,1,2026-08-24T00:00:00.000,2018-01-01T00:00:00.000,9999-12-31T00:00:00.000,1,16c5d5c80e2455e297771eba2d17ce7816c5d5c80e2455e297771eba2d17ce78
301,FPCV000301,153,225,332,3,4,Orion FinanceProductCostVersion 301,2020-10-28,2020-10-28,1,1,2026-08-24T00:00:00.000,2018-01-01T00:00:00.000,9999-12-31T00:00:00.000,1,b50e0bd67b6c5960ba0d7b93d2ee8e43b50e0bd67b6c5960ba0d7b93d2ee8e43
302,FPCV000302,283,49,309,1,4,Willow FinanceProductCostVersion 302,2020-10-29,2020-10-29,1,1,2026-08-24T00:00:00.000,2018-01-01T00:00:00.000,9999-12-31T00:00:00.000,1,434e70cf4eba5aca8f1c61fc65ee9407434e70cf4eba5aca8f1c61fc65ee9407
303,FPCV000303,388,321,151,4,2,Titan FinanceProductCostVersion 303,2020-10-30,2020-10-30,1,1,2026-08-24T00:00:00.000,2018-01-01T00:00:00.000,9999-12-31T00:00:00.000,1,189b2774c18954669a856d509c81c4e7189b2774c18954669a856d509c81c4e7
304,FPCV000304,459,295,373,7,2,Riverton FinanceProductCostVersion 304,2020-10-31,2020-10-31,1,1,2026-08-24T00:00:00.000,2018-01-01T00:00:00.000,9999-12-31T00:00:00.000,1,c502c3f8de7c50db98743f56c015fb82c502c3f8de7c50db98743f56c015fb82
305,FPCV000305,241,197,115,6,3,Keystone FinanceProductCostVersion 305,2020-11-01,2020-11-01,1,1,2026-08-24T00:00:00.000,2018-01-01T00:00:00.000,9999-12-31T00:00:00.000,1,ab6598a37079585cbbb9a34935863c1dab6598a37079585cbbb9a34935863c1d
306,FPCV000306,403,161,106,5,2,Orion FinanceProductCostVersion 306,2020-11-02,2020-11-02,1,1,2026-08-24T00:00:00.000,2018-01-01T00:00:00.000,9999-12-31T00:00:00.000,1,d5fcdc1180a95e7595d8c8f344dc5f72d5fcdc1180a95e7595d8c8f344dc5f72
307,FPCV000307,237,36,301,3,4,Orion FinanceProductCostVersion 307,2020-11-03,2020-11-03,1,1,2026-08-24T00:00:00.000,2018-01-01T00:00:00.000,9999-12-31T00:00:00.000,1,1985b1e22db153f1a5b8aed994b68c761985b1e22db153f1a5b8aed994b68c76
308,FPCV000308,10,175,92,1,1,Northstar FinanceProductCostVersion 308,2020-11-04,2020-11-04,1,1,2026-08-24T00:00:00.000,2018-01-01T00:00:00.000,9999-12-31T00:00:00.000,1,4923576840f059cfbf86c01b32aa10264923576840f059cfbf86c01b32aa1026
309,FPCV000309,367,212,177,8,3,Evergreen FinanceProductCostVersion 309,2020-11-05,2020-11-05,1,1,2026-08-24T00:00:00.000,2018-01-01T00:00:00.000,9999-12-31T00:00:00.000,1,8dd09e1371fd5dc69d693edc3918968f8dd09e1371fd5dc69d693edc3918968f
310,FPCV000310,353,3,334,4,2,Granite FinanceProductCostVersion 310,2020-11-06,2020-11-06,1,1,2026-08-24T00:00:00.000,2018-01-01T00:00:00.000,9999-12-31T00:00:00.000,1,60a985cc4dfa54ca84ff30497800680560a985cc4dfa54ca84ff304978006805
311,FPCV000311,450,329,260,4,5,Meridian FinanceProductCostVersion 311,2020-11-07,2020-11-07,1,1,2026-08-24T00:00:00.000,2018-01-01T00:00:00.000,9999-12-31T00:00:00.000,1,69fed2de81ec5f12b01c75cbc172121b69fed2de81ec5f12b01c75cbc172121b
312,FPCV000312,331,161,63,3,3,Riverton FinanceProductCostVersion 312,2020-11-08,2020-11-08,1,1,2026-08-24T00:00:00.000,2018-01-01T00:00:00.000,9999-12-31T00:00:00.000,1,c4b3d4e7546d588094cd6bd2b90c8faec4b3d4e7546d588094cd6bd2b90c8fae
313,FPCV000313,139,299,278,2,2,Evergreen FinanceProductCostVersion 313,2020-11-09,2020-11-09,1,1,2026-08-24T00:00:00.000,2018-01-01T00:00:00.000,9999-12-31T00:00:00.000,1,d55857d6862e59f4aa6f31d073acbfcad55857d6862e59f4aa6f31d073acbfca
314,FPCV000314,241,184,121,1,5,Willow FinanceProductCostVersion 314,2020-11-10,2020-11-10,1,1,2026-08-24T00:00:00.000,2018-01-01T00:00:00.000,9999-12-31T00:00:00.000,1,68f71e9d1acb56ce9f9bbce7eb19439868f71e9d1acb56ce9f9bbce7eb194398
315,FPCV000315,49,63,248,3,2,Zenith FinanceProductCostVersion 315,2020-11-11,2020-11-11,1,1,2026-08-24T00:00:00.000,2018-01-01T00:00:00.000,9999-12-31T00:00:00.000,1,269a69d2ed3957d4b4b46477bbe98b19269a69d2ed3957d4b4b46477bbe98b19
316,FPCV000316,394,127,159,1,3,Liberty FinanceProductCostVersion 316,2020-11-12,2020-11-12,1,1,2026-08-24T00:00:00.000,2018-01-01T00:00:00.000,9999-12-31T00:00:00.000,1,5b852f36c5ed53549e48e7a923a289a45b852f36c5ed53549e48e7a923a289a4
317,FPCV000317,37,154,493,8,1,Unity FinanceProductCostVersion 317,2020-11-13,2020-11-13,1,1,2026-08-24T00:00:00.000,2018-01-01T00:00:00.000,9999-12-31T00:00:00.000,1,d3d5fb1e9657538a90607d30ab6fbc8dd3d5fb1e9657538a90607d30ab6fbc8d
318,FPCV000318,259,211,179,4,3,Atlas FinanceProductCostVersion 318,2020-11-14,2020-11-14,1,1,2026-08-24T00:00:00.000,2018-01-01T00:00:00.000,9999-12-31T00:00:00.000,1,359e0efbf05a5b4e8d701c999e6cb6d8359e0efbf05a5b4e8d701c999e6cb6d8
319,FPCV000319,208,123,155,6,5,Cedar FinanceProductCostVersion 319,2020-11-15,2020-11-15,1,1,2026-08-24T00:00:00.000,2018-01-01T00:00:00.000,9999-12-31T00:00:00.000,1,b6bcbf53b9305c8384a94616e45b6c81b6bcbf53b9305c8384a94616e45b6c81
320,FPCV000320,42,32,183,4,2,Titan FinanceProductCostVersion 320,2020-11-16,2020-11-16,1,1,2026-08-24T00:00:00.000,2018-01-01T00:00:00.000,9999-12-31T00:00:00.000,1,c9b9b1d2768f577090f187caedaa45fec9b9b1d2768f577090f187caedaa45fe
321,FPCV000321,471,227,339,4,4,Keystone FinanceProductCostVersion 321,2020-11-17,2020-11-17,1,1,2026-08-24T00:00:00.000,2018-01-01T00:00:00.000,9999-12-31T00:00:00.000,1,d751c00629f250d187b6971084244760d751c00629f250d187b6971084244760
322,FPCV000322,91,36,360,5,5,Titan FinanceProductCostVersion 322,2020-11-18,2020-11-18,1,1,2026-08-24T00:00:00.000,2018-01-01T00:00:00.000,9999-12-31T00:00:00.000,1,b067400ee13651cc87839aa0e477c87bb067400ee13651cc87839aa0e477c87b
323,FPCV000323,171,291,237,4,5,Evergreen FinanceProductCostVersion 323,2020-11-19,2020-11-19,1,1,2026-08-24T00:00:00.000,2018-01-01T00:00:00.000,9999-12-31T00:00:00.000,1,3993b3971f6651b6b283912c22d6ab473993b3971f6651b6b283912c22d6ab47
324,FPCV000324,336,181,332,3,2,Granite FinanceProductCostVersion 324,2020-11-20,2020-11-20,1,1,2026-08-24T00:00:00.000,2018-01-01T00:00:00.000,9999-12-31T00:00:00.000,1,4ba1db18090f552b932b9042ae9208494ba1db18090f552b932b9042ae920849
325,FPCV000325,403,244,162,1,4,Evergreen FinanceProductCostVersion 325,2020-11-21,2020-11-21,1,1,2026-08-24T00:00:00.000,2018-01-01T00:00:00.000,9999-12-31T00:00:00.000,1,e17be23916c851d195a79d33aba49a7de17be23916c851d195a79d33aba49a7d
326,FPCV000326,103,278,42,8,1,Zenith FinanceProductCostVersion 326,2020-11-22,2020-11-22,1,1,2026-08-24T00:00:00.000,2018-01-01T00:00:00.000,9999-12-31T00:00:00.000,1,9487740bb1fa596cb17cf82364e644b99487740bb1fa596cb17cf82364e644b9
327,FPCV000327,58,180,266,3,5,Forge FinanceProductCostVersion 327,2020-11-23,2020-11-23,1,1,2026-08-24T00:00:00.000,2018-01-01T00:00:00.000,9999-12-31T00:00:00.000,1,635b7bd5351e59b9b1d217dcc19072e9635b7bd5351e59b9b1d217dcc19072e9
328,FPCV000328,52,168,373,2,1,Atlas FinanceProductCostVersion 328,2020-11-24,2020-11-24,1,1,2026-08-24T00:00:00.000,2018-01-01T00:00:00.000,9999-12-31T00:00:00.000,1,0bb614908c615917a376ea1c553eda2d0bb614908c615917a376ea1c553eda2d
329,FPCV000329,233,341,216,6,1,Summit FinanceProductCostVersion 329,2020-11-25,2020-11-25,1,1,2026-08-24T00:00:00.000,2018-01-01T00:00:00.000,9999-12-31T00:00:00.000,1,7ffaa29c4c995426a95cff0807c14f537ffaa29c4c995426a95cff0807c14f53
330,FPCV000330,179,118,178,6,2,Cedar FinanceProductCostVersion 330,2020-11-26,2020-11-26,1,1,2026-08-24T00:00:00.000,2018-01-01T00:00:00.000,9999-12-31T00:00:00.000,1,b8e17634e0845fb8be2a3c909864a9e0b8e17634e0845fb8be2a3c909864a9e0
331,FPCV000331,402,280,46,7,5,Quartz FinanceProductCostVersion 331,2020-11-27,2020-11-27,1,1,2026-08-24T00:00:00.000,2018-01-01T00:00:00.000,9999-12-31T00:00:00.000,1,d85ee820c60c52babf4897bad67f1a86d85ee820c60c52babf4897bad67f1a86
332,FPCV000332,274,116,96,5,1,Riverton FinanceProductCostVersion 332,2020-11-28,2020-11-28,1,1,2026-08-24T00:00:00.000,2018-01-01T00:00:00.000,9999-12-31T00:00:00.000,1,4b2ea1b9f4b95d8daa9d4b57022efdd34b2ea1b9f4b95d8daa9d4b57022efdd3
333,FPCV000333,496,120,48,1,5,Granite FinanceProductCostVersion 333,2020-11-29,2020-11-29,1,1,2026-08-24T00:00:00.000,2018-01-01T00:00:00.000,9999-12-31T00:00:00.000,1,2331bf4811575696a0f8ebd219b6dedc2331bf4811575696a0f8ebd219b6dedc
334,FPCV000334,232,214,135,8,2,Ion FinanceProductCostVersion 334,2020-11-30,2020-11-30,1,1,2026-08-24T00:00:00.000,2018-01-01T00:00:00.000,9999-12-31T00:00:00.000,1,4b3c7a32447a5883bc904eaad0a671824b3c7a32447a5883bc904eaad0a67182
335,FPCV000335,273,71,28,1,5,Junction FinanceProductCostVersion 335,2020-12-01,2020-12-01,1,1,2026-08-24T00:00:00.000,2018-01-01T00:00:00.000,9999-12-31T00:00:00.000,1,5ad1863f0c505a4ebb1097ddfd511ef95ad1863f0c505a4ebb1097ddfd511ef9
336,FPCV000336,36,237,312,5,2,Northstar FinanceProductCostVersion 336,2020-12-02,2020-12-02,1,1,2026-08-24T00:00:00.000,2018-01-01T00:00:00.000,9999-12-31T00:00:00.000,1,859acd2316dd531c9e0b951830adc21a859acd2316dd531c9e0b951830adc21a
337,FPCV000337,224,77,176,7,1,Junction FinanceProductCostVersion 337,2020-12-03,2020-12-03,1,1,2026-08-24T00:00:00.000,2018-01-01T00:00:00.000,9999-12-31T00:00:00.000,1,d3a366291d3355e3afda58fab48bfeded3a366291d3355e3afda58fab48bfede
338,FPCV000338,445,113,340,6,3,Riverton FinanceProductCostVersion 338,2020-12-04,2020-12-04,1,1,2026-08-24T00:00:00.000,2018-01-01T00:00:00.000,9999-12-31T00:00:00.000,1,bc32d67edff756c391a6bba214355aa2bc32d67edff756c391a6bba214355aa2
339,FPCV000339,83,31,303,3,1,Cedar FinanceProductCostVersion 339,2020-12-05,2020-12-05,1,1,2026-08-24T00:00:00.000,2018-01-01T00:00:00.000,9999-12-31T00:00:00.000,1,61ff12c049d852c581b42de13d0b006661ff12c049d852c581b42de13d0b0066
340,FPCV000340,368,40,92,5,1,Quartz FinanceProductCostVersion 340,2020-12-06,2020-12-06,1,1,2026-08-24T00:00:00.000,2018-01-01T00:00:00.000,9999-12-31T00:00:00.000,1,e553cb8569d15760a178fdb9d53cbd62e553cb8569d15760a178fdb9d53cbd62
341,FPCV000341,81,196,310,2,5,Harbor FinanceProductCostVersion 341,2020-12-07,2020-12-07,1,1,2026-08-24T00:00:00.000,2018-01-01T00:00:00.000,9999-12-31T00:00:00.000,1,30b1a7592e7557b0b3d56c41e0dfcc9330b1a7592e7557b0b3d56c41e0dfcc93
342,FPCV000342,310,257,462,2,1,Zenith FinanceProductCostVersion 342,2020-12-08,2020-12-08,1,1,2026-08-24T00:00:00.000,2018-01-01T00:00:00.000,9999-12-31T00:00:00.000,1,4860cc6b27f25f42a856d39878dd12f64860cc6b27f25f42a856d39878dd12f6
343,FPCV000343,63,343,363,7,2,Meridian FinanceProductCostVersion 343,2020-12-09,2020-12-09,1,1,2026-08-24T00:00:00.000,2018-01-01T00:00:00.000,9999-12-31T00:00:00.000,1,bb440e8efad0569bb3c7bd461b1fa3dabb440e8efad0569bb3c7bd461b1fa3da
344,FPCV000344,346,152,95,3,3,Atlas FinanceProductCostVersion 344,2020-12-10,2020-12-10,1,1,2026-08-24T00:00:00.000,2018-01-01T00:00:00.000,9999-12-31T00:00:00.000,1,cebe842d70ab51e198258c16fb076e21cebe842d70ab51e198258c16fb076e21
345,FPCV000345,437,86,459,6,5,Forge FinanceProductCostVersion 345,2020-12-11,2020-12-11,1,1,2026-08-24T00:00:00.000,2018-01-01T00:00:00.000,9999-12-31T00:00:00.000,1,3f5f26fad29958f697400a36a68718613f5f26fad29958f697400a36a6871861
346,FPCV000346,451,77,306,7,3,Riverton FinanceProductCostVersion 346,2020-12-12,2020-12-12,1,1,2026-08-24T00:00:00.000,2018-01-01T00:00:00.000,9999-12-31T00:00:00.000,1,a5747c227674551e9b58ec65d916fc4ea5747c227674551e9b58ec65d916fc4e
347,FPCV000347,176,98,177,1,3,Summit FinanceProductCostVersion 347,2020-12-13,2020-12-13,1,1,2026-08-24T00:00:00.000,2018-01-01T00:00:00.000,9999-12-31T00:00:00.000,1,8e89527afe6b527ebfa9058e6e7766078e89527afe6b527ebfa9058e6e776607
348,FPCV000348,287,58,439,4,4,Forge FinanceProductCostVersion 348,2020-12-14,2020-12-14,1,1,2026-08-24T00:00:00.000,2018-01-01T00:00:00.000,9999-12-31T00:00:00.000,1,85ee112ff17c598f87c144080fa7709c85ee112ff17c598f87c144080fa7709c
349,FPCV000349,279,186,419,1,5,Atlas FinanceProductCostVersion 349,2020-12-15,2020-12-15,1,1,2026-08-24T00:00:00.000,2018-01-01T00:00:00.000,9999-12-31T00:00:00.000,1,6503832b800053348b3ae93897ec37e76503832b800053348b3ae93897ec37e7
350,FPCV000350,132,236,208,1,2,Orion FinanceProductCostVersion 350,2020-12-16,2020-12-16,1,1,2026-08-24T00:00:00.000,2018-01-01T00:00:00.000,9999-12-31T00:00:00.000,1,96b4cb3cb6345ee0bf2c9d4af7c872d096b4cb3cb6345ee0bf2c9d4af7c872d0
351,FPCV000351,475,205,345,4,4,Zenith FinanceProductCostVersion 351,2020-12-17,2020-12-17,1,1,2026-08-24T00:00:00.000,2018-01-01T00:00:00.000,9999-12-31T00:00:00.000,1,5cfd349911225be4855d415f862df48a5cfd349911225be4855d415f862df48a
352,FPCV000352,17,83,165,8,1,Vertex FinanceProductCostVersion 352,2020-12-18,2020-12-18,1,1,2026-08-24T00:00:00.000,2018-01-01T00:00:00.000,9999-12-31T00:00:00.000,1,583c41b5413a5178a92f10fbbb9217ca583c41b5413a5178a92f10fbbb9217ca
353,FPCV000353,31,120,205,2,5,Harbor FinanceProductCostVersion 353,2020-12-19,2020-12-19,1,1,2026-08-24T00:00:00.000,2018-01-01T00:00:00.000,9999-12-31T00:00:00.000,1,de2c9bf6599e50fdb64bcc58fee38833de2c9bf6599e50fdb64bcc58fee38833
354,FPCV000354,45,39,406,6,3,Evergreen FinanceProductCostVersion 354,2020-12-20,2020-12-20,1,1,2026-08-24T00:00:00.000,2018-01-01T00:00:00.000,9999-12-31T00:00:00.000,1,cfdb3287e93e50b695d17fa7f14b75aecfdb3287e93e50b695d17fa7f14b75ae
355,FPCV000355,393,335,341,4,4,Junction FinanceProductCostVersion 355,2020-12-21,2020-12-21,1,1,2026-08-24T00:00:00.000,2018-01-01T00:00:00.000,9999-12-31T00:00:00.000,1,b9ac8152a62751f78462716e983f6e53b9ac8152a62751f78462716e983f6e53
356,FPCV000356,3,22,175,8,1,Orion FinanceProductCostVersion 356,2020-12-22,2020-12-22,1,1,2026-08-24T00:00:00.000,2018-01-01T00:00:00.000,9999-12-31T00:00:00.000,1,e65f28f48bd357998002b05835b4aa4ae65f28f48bd357998002b05835b4aa4a
357,FPCV000357,75,162,216,1,2,Ion FinanceProductCostVersion 357,2020-12-23,2020-12-23,1,1,2026-08-24T00:00:00.000,2018-01-01T00:00:00.000,9999-12-31T00:00:00.000,1,98a785676fb3571b8dcd283e68d7e3d698a785676fb3571b8dcd283e68d7e3d6
358,FPCV000358,184,75,44,6,5,Liberty FinanceProductCostVersion 358,2020-12-24,2020-12-24,1,1,2026-08-24T00:00:00.000,2018-01-01T00:00:00.000,9999-12-31T00:00:00.000,1,8168de06677a5c0881fa13794d17dcff8168de06677a5c0881fa13794d17dcff
359,FPCV000359,443,191,463,1,1,Evergreen FinanceProductCostVersion 359,2020-12-25,2020-12-25,1,1,2026-08-24T00:00:00.000,2018-01-01T00:00:00.000,9999-12-31T00:00:00.000,1,d23cb8cefabc5f21ba596d151aa8a437d23cb8cefabc5f21ba596d151aa8a437
360,FPCV000360,473,61,117,7,4,Unity FinanceProductCostVersion 360,2020-12-26,2020-12-26,1,1,2026-08-24T00:00:00.000,2018-01-01T00:00:00.000,9999-12-31T00:00:00.000,1,2518424f08655dc3bc4dda52e4862c992518424f08655dc3bc4dda52e4862c99
361,FPCV000361,134,65,86,8,3,Forge FinanceProductCostVersion 361,2020-12-27,2020-12-27,1,1,2026-08-24T00:00:00.000,2018-01-01T00:00:00.000,9999-12-31T00:00:00.000,1,1da675a884c45730b3d54835401ba5161da675a884c45730b3d54835401ba516
362,FPCV000362,320,91,277,4,3,Cedar FinanceProductCostVersion 362,2020-12-28,2020-12-28,1,1,2026-08-24T00:00:00.000,2018-01-01T00:00:00.000,9999-12-31T00:00:00.000,1,a4bbeb412e1151a2937d2ffee1e071eda4bbeb412e1151a2937d2ffee1e071ed
363,FPCV000363,116,314,101,7,1,Delta FinanceProductCostVersion 363,2020-12-29,2020-12-29,1,1,2026-08-24T00:00:00.000,2018-01-01T00:00:00.000,9999-12-31T00:00:00.000,1,7f40e7b80d9b5e7eb201e84778e933687f40e7b80d9b5e7eb201e84778e93368
364,FPCV000364,114,235,225,2,5,Zenith FinanceProductCostVersion 364,2020-12-30,2020-12-30,1,1,2026-08-24T00:00:00.000,2018-01-01T00:00:00.000,9999-12-31T00:00:00.000,1,87c29d9ea0a1576eb2719ace6e75c36b87c29d9ea0a1576eb2719ace6e75c36b
365,FPCV000365,419,273,188,7,4,Orion FinanceProductCostVersion 365,2020-12-31,2020-12-31,1,1,2026-08-24T00:00:00.000,2018-01-01T00:00:00.000,9999-12-31T00:00:00.000,1,6f50d80ec8345ee9a65e5f21de2996a36f50d80ec8345ee9a65e5f21de2996a3
366,FPCV000366,64,172,174,5,1,Cedar FinanceProductCostVersion 366,2021-01-01,2021-01-01,1,1,2026-08-24T00:00:00.000,2018-01-01T00:00:00.000,9999-12-31T00:00:00.000,1,5592fc06a4e453d18958fb557d8712535592fc06a4e453d18958fb557d871253
367,FPCV000367,38,127,387,3,4,Ion FinanceProductCostVersion 367,2021-01-02,2021-01-02,1,1,2026-08-24T00:00:00.000,2018-01-01T00:00:00.000,9999-12-31T00:00:00.000,1,2c6c2832f57b5ca084bd2ca1016d7bda2c6c2832f57b5ca084bd2ca1016d7bda
368,FPCV000368,136,109,289,3,1,Junction FinanceProductCostVersion 368,2021-01-03,2021-01-03,1,1,2026-08-24T00:00:00.000,2018-01-01T00:00:00.000,9999-12-31T00:00:00.000,1,da5d85a017025099bbd38ccac032f89ada5d85a017025099bbd38ccac032f89a
369,FPCV000369,351,242,410,8,5,Quartz FinanceProductCostVersion 369,2021-01-04,2021-01-04,1,1,2026-08-24T00:00:00.000,2018-01-01T00:00:00.000,9999-12-31T00:00:00.000,1,445888c67897547698bfc8c92ede6791445888c67897547698bfc8c92ede6791
370,FPCV000370,302,60,188,7,2,Vertex FinanceProductCostVersion 370,2021-01-05,2021-01-05,1,1,2026-08-24T00:00:00.000,2018-01-01T00:00:00.000,9999-12-31T00:00:00.000,1,597517d8f28c53588d1e6c9a3e5e775f597517d8f28c53588d1e6c9a3e5e775f
371,FPCV000371,171,208,194,4,1,Liberty FinanceProductCostVersion 371,2021-01-06,2021-01-06,1,1,2026-08-24T00:00:00.000,2018-01-01T00:00:00.000,9999-12-31T00:00:00.000,1,4443fc8ce6325f1e99e7d5b4bc9a709b4443fc8ce6325f1e99e7d5b4bc9a709b
372,FPCV000372,154,29,263,6,2,Titan FinanceProductCostVersion 372,2021-01-07,2021-01-07,1,1,2026-08-24T00:00:00.000,2018-01-01T00:00:00.000,9999-12-31T00:00:00.000,1,ce560264e1105439ada0001d04e2500ace560264e1105439ada0001d04e2500a
373,FPCV000373,156,171,300,2,5,Granite FinanceProductCostVersion 373,2021-01-08,2021-01-08,1,1,2026-08-24T00:00:00.000,2018-01-01T00:00:00.000,9999-12-31T00:00:00.000,1,25b8a47a842352ea9780f1e4ef12130e25b8a47a842352ea9780f1e4ef12130e
374,FPCV000374,486,245,218,1,4,Summit FinanceProductCostVersion 374,2021-01-09,2021-01-09,1,1,2026-08-24T00:00:00.000,2018-01-01T00:00:00.000,9999-12-31T00:00:00.000,1,47b337e5d622556cbbbd0f12599613ac47b337e5d622556cbbbd0f12599613ac
375,FPCV000375,55,328,236,6,2,Willow FinanceProductCostVersion 375,2021-01-10,2021-01-10,1,1,2026-08-24T00:00:00.000,2018-01-01T00:00:00.000,9999-12-31T00:00:00.000,1,e72f732cc5785af3913be383e872e60de72f732cc5785af3913be383e872e60d
376,FPCV000376,401,58,78,7,2,Meridian FinanceProductCostVersion 376,2021-01-11,2021-01-11,1,1,2026-08-24T00:00:00.000,2018-01-01T00:00:00.000,9999-12-31T00:00:00.000,1,4ff6fcdbdb725d0bb3b64b72b20c6cd04ff6fcdbdb725d0bb3b64b72b20c6cd0
377,FPCV000377,186,93,205,4,1,Forge FinanceProductCostVersion 377,2021-01-12,2021-01-12,1,1,2026-08-24T00:00:00.000,2018-01-01T00:00:00.000,9999-12-31T00:00:00.000,1,2b34333ccb98590da7aa36eb73275d342b34333ccb98590da7aa36eb73275d34
378,FPCV000378,136,169,212,1,2,Atlas FinanceProductCostVersion 378,2021-01-13,2021-01-13,1,1,2026-08-24T00:00:00.000,2018-01-01T00:00:00.000,9999-12-31T00:00:00.000,1,974f5420958252a6bb54524a5a00bb22974f5420958252a6bb54524a5a00bb22
379,FPCV000379,109,164,424,8,4,Northstar FinanceProductCostVersion 379,2021-01-14,2021-01-14,1,1,2026-08-24T00:00:00.000,2018-01-01T00:00:00.000,9999-12-31T00:00:00.000,1,fd9b028dfaba523ca07cac1de4793eaafd9b028dfaba523ca07cac1de4793eaa
380,FPCV000380,299,88,375,4,5,Beacon FinanceProductCostVersion 380,2021-01-15,2021-01-15,1,1,2026-08-24T00:00:00.000,2018-01-01T00:00:00.000,9999-12-31T00:00:00.000,1,7f758564bc7154359373e6df2b21d7817f758564bc7154359373e6df2b21d781
381,FPCV000381,479,218,149,1,3,Northstar FinanceProductCostVersion 381,2021-01-16,2021-01-16,1,1,2026-08-24T00:00:00.000,2018-01-01T00:00:00.000,9999-12-31T00:00:00.000,1,6edb929db45b577bb2abde750186021c6edb929db45b577bb2abde750186021c
382,FPCV000382,33,211,476,8,1,Delta FinanceProductCostVersion 382,2021-01-17,2021-01-17,1,1,2026-08-24T00:00:00.000,2018-01-01T00:00:00.000,9999-12-31T00:00:00.000,1,07b5339fcd2f57c1af2cc8daad468dff07b5339fcd2f57c1af2cc8daad468dff
383,FPCV000383,248,219,322,2,1,Quartz FinanceProductCostVersion 383,2021-01-18,2021-01-18,1,1,2026-08-24T00:00:00.000,2018-01-01T00:00:00.000,9999-12-31T00:00:00.000,1,421beeb676ef534ca3f7bd178a3b8c93421beeb676ef534ca3f7bd178a3b8c93
384,FPCV000384,296,148,231,3,3,Keystone FinanceProductCostVersion 384,2021-01-19,2021-01-19,1,1,2026-08-24T00:00:00.000,2018-01-01T00:00:00.000,9999-12-31T00:00:00.000,1,cacaa59189f45036b7628056f23043e9cacaa59189f45036b7628056f23043e9
385,FPCV000385,244,117,119,5,5,Ion FinanceProductCostVersion 385,2021-01-20,2021-01-20,1,1,2026-08-24T00:00:00.000,2018-01-01T00:00:00.000,9999-12-31T00:00:00.000,1,a12cb3f32cee558cb9eba1cee4d83011a12cb3f32cee558cb9eba1cee4d83011
386,FPCV000386,421,207,448,2,2,Orion FinanceProductCostVersion 386,2021-01-21,2021-01-21,1,1,2026-08-24T00:00:00.000,2018-01-01T00:00:00.000,9999-12-31T00:00:00.000,1,7dbafffbafa65dd5ab63abea14a7bd347dbafffbafa65dd5ab63abea14a7bd34
387,FPCV000387,218,1,168,1,4,Quartz FinanceProductCostVersion 387,2021-01-22,2021-01-22,1,1,2026-08-24T00:00:00.000,2018-01-01T00:00:00.000,9999-12-31T00:00:00.000,1,69ba9b8af1de5df7b3330e3285b3a42869ba9b8af1de5df7b3330e3285b3a428
388,FPCV000388,393,302,73,8,2,Quartz FinanceProductCostVersion 388,2021-01-23,2021-01-23,1,1,2026-08-24T00:00:00.000,2018-01-01T00:00:00.000,9999-12-31T00:00:00.000,1,a7c7b1d470085199bf8fb213c47b5a58a7c7b1d470085199bf8fb213c47b5a58
389,FPCV000389,87,221,394,8,4,Beacon FinanceProductCostVersion 389,2021-01-24,2021-01-24,1,1,2026-08-24T00:00:00.000,2018-01-01T00:00:00.000,9999-12-31T00:00:00.000,1,2a5ebecb2e2055da81b94dceb1b81da32a5ebecb2e2055da81b94dceb1b81da3
390,FPCV000390,380,299,209,6,3,Evergreen FinanceProductCostVersion 390,2021-01-25,2021-01-25,1,1,2026-08-24T00:00:00.000,2018-01-01T00:00:00.000,9999-12-31T00:00:00.000,1,3932a048d371564ba536f1d4328eb2b13932a048d371564ba536f1d4328eb2b1
391,FPCV000391,62,254,28,2,3,Forge FinanceProductCostVersion 391,2021-01-26,2021-01-26,1,1,2026-08-24T00:00:00.000,2018-01-01T00:00:00.000,9999-12-31T00:00:00.000,1,9a0e26a7b36e57789418a2d652e2b3f49a0e26a7b36e57789418a2d652e2b3f4
392,FPCV000392,10,198,359,1,2,Evergreen FinanceProductCostVersion 392,2021-01-27,2021-01-27,1,1,2026-08-24T00:00:00.000,2018-01-01T00:00:00.000,9999-12-31T00:00:00.000,1,a07f85059d2b5d4d925de4d70a35045aa07f85059d2b5d4d925de4d70a35045a
393,FPCV000393,2,350,192,1,3,Riverton FinanceProductCostVersion 393,2021-01-28,2021-01-28,1,1,2026-08-24T00:00:00.000,2018-01-01T00:00:00.000,9999-12-31T00:00:00.000,1,0ddf2b38e364588e8229d75c3427f1a40ddf2b38e364588e8229d75c3427f1a4
394,FPCV000394,104,155,325,6,5,Vertex FinanceProductCostVersion 394,2021-01-29,2021-01-29,1,1,2026-08-24T00:00:00.000,2018-01-01T00:00:00.000,9999-12-31T00:00:00.000,1,b12576f0f74e5e2296053fe736b09c91b12576f0f74e5e2296053fe736b09c91
395,FPCV000395,173,244,482,6,4,Titan FinanceProductCostVersion 395,2021-01-30,2021-01-30,1,1,2026-08-24T00:00:00.000,2018-01-01T00:00:00.000,9999-12-31T00:00:00.000,1,f7b28c6dff605d8f8a0ce899864037daf7b28c6dff605d8f8a0ce899864037da
396,FPCV000396,169,249,48,4,1,Evergreen FinanceProductCostVersion 396,2021-01-31,2021-01-31,1,1,2026-08-24T00:00:00.000,2018-01-01T00:00:00.000,9999-12-31T00:00:00.000,1,502c468a4a1f51eaaa3b86191595284f502c468a4a1f51eaaa3b86191595284f
397,FPCV000397,202,154,334,5,1,Meridian FinanceProductCostVersion 397,2021-02-01,2021-02-01,1,1,2026-08-24T00:00:00.000,2018-01-01T00:00:00.000,9999-12-31T00:00:00.000,1,951c81676fc05b6bb4a51ae729464abb951c81676fc05b6bb4a51ae729464abb
398,FPCV000398,465,99,302,8,1,Titan FinanceProductCostVersion 398,2021-02-02,2021-02-02,1,1,2026-08-24T00:00:00.000,2018-01-01T00:00:00.000,9999-12-31T00:00:00.000,1,45e98ec7f4e65e33b642ed5c7ad6477c45e98ec7f4e65e33b642ed5c7ad6477c
399,FPCV000399,196,257,377,3,1,Beacon FinanceProductCostVersion 399,2021-02-03,2021-02-03,1,1,2026-08-24T00:00:00.000,2018-01-01T00:00:00.000,9999-12-31T00:00:00.000,1,5b73e667d12855e7a478e65b5f2ed4405b73e667d12855e7a478e65b5f2ed440
400,FPCV000400,325,89,394,1,5,Cedar FinanceProductCostVersion 400,2021-02-04,2021-02-04,1,1,2026-08-24T00:00:00.000,2018-01-01T00:00:00.000,9999-12-31T00:00:00.000,1,751c8268b410573eb9281063f166a2db751c8268b410573eb9281063f166a2db
401,FPCV000401,491,347,400,7,4,Quartz FinanceProductCostVersion 401,2021-02-05,2021-02-05,1,1,2026-08-24T00:00:00.000,2018-01-01T00:00:00.000,9999-12-31T00:00:00.000,1,c772402cfce95eef989ef50f9c455bfbc772402cfce95eef989ef50f9c455bfb
402,FPCV000402,68,189,146,1,4,Forge FinanceProductCostVersion 402,2021-02-06,2021-02-06,1,1,2026-08-24T00:00:00.000,2018-01-01T00:00:00.000,9999-12-31T00:00:00.000,1,e1a642c6d0545d6fb8f52df4f67ec1e6e1a642c6d0545d6fb8f52df4f67ec1e6
403,FPCV000403,106,92,268,6,1,Atlas FinanceProductCostVersion 403,2021-02-07,2021-02-07,1,1,2026-08-24T00:00:00.000,2018-01-01T00:00:00.000,9999-12-31T00:00:00.000,1,f94d90ee22ab5ec1a6ecc023828063d8f94d90ee22ab5ec1a6ecc023828063d8
404,FPCV000404,403,61,328,1,4,Unity FinanceProductCostVersion 404,2021-02-08,2021-02-08,1,1,2026-08-24T00:00:00.000,2018-01-01T00:00:00.000,9999-12-31T00:00:00.000,1,1801b900269c54f980e298cdcff3111a1801b900269c54f980e298cdcff3111a
405,FPCV000405,30,102,187,5,3,Vertex FinanceProductCostVersion 405,2021-02-09,2021-02-09,1,1,2026-08-24T00:00:00.000,2018-01-01T00:00:00.000,9999-12-31T00:00:00.000,1,2f60ae8998125c2397abc0e14b3956ef2f60ae8998125c2397abc0e14b3956ef
406,FPCV000406,215,195,42,6,1,Titan FinanceProductCostVersion 406,2021-02-10,2021-02-10,1,1,2026-08-24T00:00:00.000,2018-01-01T00:00:00.000,9999-12-31T00:00:00.000,1,abf72e1d81da56cb8de16d888566cf96abf72e1d81da56cb8de16d888566cf96
407,FPCV000407,348,53,30,8,4,Meridian FinanceProductCostVersion 407,2021-02-11,2021-02-11,1,1,2026-08-24T00:00:00.000,2018-01-01T00:00:00.000,9999-12-31T00:00:00.000,1,0626191901485b068b93e921e5db64510626191901485b068b93e921e5db6451
408,FPCV000408,237,149,14,8,4,Ion FinanceProductCostVersion 408,2021-02-12,2021-02-12,1,1,2026-08-24T00:00:00.000,2018-01-01T00:00:00.000,9999-12-31T00:00:00.000,1,8766cafa86fb53d18423b50615fa7cfb8766cafa86fb53d18423b50615fa7cfb
409,FPCV000409,330,300,323,6,1,Harbor FinanceProductCostVersion 409,2021-02-13,2021-02-13,1,1,2026-08-24T00:00:00.000,2018-01-01T00:00:00.000,9999-12-31T00:00:00.000,1,fdb538113dc75f438dbf753263e9a3d1fdb538113dc75f438dbf753263e9a3d1
410,FPCV000410,278,213,260,5,4,Vertex FinanceProductCostVersion 410,2021-02-14,2021-02-14,1,1,2026-08-24T00:00:00.000,2018-01-01T00:00:00.000,9999-12-31T00:00:00.000,1,c57d92e6549054458507d787dd904265c57d92e6549054458507d787dd904265
411,FPCV000411,366,301,152,6,2,Evergreen FinanceProductCostVersion 411,2021-02-15,2021-02-15,1,1,2026-08-24T00:00:00.000,2018-01-01T00:00:00.000,9999-12-31T00:00:00.000,1,6728561a65b3575d864d2ac4ee851f546728561a65b3575d864d2ac4ee851f54
412,FPCV000412,388,160,471,7,1,Unity FinanceProductCostVersion 412,2021-02-16,2021-02-16,1,1,2026-08-24T00:00:00.000,2018-01-01T00:00:00.000,9999-12-31T00:00:00.000,1,3a540dfbe2585fc0afb4cae1ed68249b3a540dfbe2585fc0afb4cae1ed68249b
413,FPCV000413,289,203,464,6,4,Evergreen FinanceProductCostVersion 413,2021-02-17,2021-02-17,1,1,2026-08-24T00:00:00.000,2018-01-01T00:00:00.000,9999-12-31T00:00:00.000,1,0dbae9799cce5f80a2868bff819f95de0dbae9799cce5f80a2868bff819f95de
414,FPCV000414,427,343,211,1,4,Northstar FinanceProductCostVersion 414,2021-02-18,2021-02-18,1,1,2026-08-24T00:00:00.000,2018-01-01T00:00:00.000,9999-12-31T00:00:00.000,1,89a10507d0cf5ff7b8ee79cdd60d4a9989a10507d0cf5ff7b8ee79cdd60d4a99
415,FPCV000415,382,74,299,1,1,Northstar FinanceProductCostVersion 415,2021-02-19,2021-02-19,1,1,2026-08-24T00:00:00.000,2018-01-01T00:00:00.000,9999-12-31T00:00:00.000,1,4ffea8e9e08b5e7182a7836977bf11044ffea8e9e08b5e7182a7836977bf1104
416,FPCV000416,498,85,325,5,3,Liberty FinanceProductCostVersion 416,2021-02-20,2021-02-20,1,1,2026-08-24T00:00:00.000,2018-01-01T00:00:00.000,9999-12-31T00:00:00.000,1,ccea0dee3cd35ee9adf8907b59b97e25ccea0dee3cd35ee9adf8907b59b97e25
417,FPCV000417,305,325,47,8,4,Harbor FinanceProductCostVersion 417,2021-02-21,2021-02-21,1,1,2026-08-24T00:00:00.000,2018-01-01T00:00:00.000,9999-12-31T00:00:00.000,1,40c7180534a35e408f963d66e3a7aef640c7180534a35e408f963d66e3a7aef6
418,FPCV000418,231,73,217,3,2,Titan FinanceProductCostVersion 418,2021-02-22,2021-02-22,1,1,2026-08-24T00:00:00.000,2018-01-01T00:00:00.000,9999-12-31T00:00:00.000,1,7fd991e779325499bd190c6d7b442eff7fd991e779325499bd190c6d7b442eff
419,FPCV000419,430,168,298,8,1,Delta FinanceProductCostVersion 419,2021-02-23,2021-02-23,1,1,2026-08-24T00:00:00.000,2018-01-01T00:00:00.000,9999-12-31T00:00:00.000,1,2d7b42bd1afb5d398e447c032f7883f52d7b42bd1afb5d398e447c032f7883f5
420,FPCV000420,245,42,398,7,3,Unity FinanceProductCostVersion 420,2021-02-24,2021-02-24,1,1,2026-08-24T00:00:00.000,2018-01-01T00:00:00.000,9999-12-31T00:00:00.000,1,121b3d917cd75df9a1aff7d2f7b8042e121b3d917cd75df9a1aff7d2f7b8042e
421,FPCV000421,40,26,405,2,3,Pioneer FinanceProductCostVersion 421,2021-02-25,2021-02-25,1,1,2026-08-24T00:00:00.000,2018-01-01T00:00:00.000,9999-12-31T00:00:00.000,1,9a80ca873c9a53fe80f752654358f6be9a80ca873c9a53fe80f752654358f6be
422,FPCV000422,463,38,267,1,5,Summit FinanceProductCostVersion 422,2021-02-26,2021-02-26,1,1,2026-08-24T00:00:00.000,2018-01-01T00:00:00.000,9999-12-31T00:00:00.000,1,8d581a291ed45f06be76472b0ef00b898d581a291ed45f06be76472b0ef00b89
423,FPCV000423,305,329,247,6,2,Liberty FinanceProductCostVersion 423,2021-02-27,2021-02-27,1,1,2026-08-24T00:00:00.000,2018-01-01T00:00:00.000,9999-12-31T00:00:00.000,1,c9567e60c6285ba2a9294aa001e290a0c9567e60c6285ba2a9294aa001e290a0
424,FPCV000424,278,124,494,8,2,Unity FinanceProductCostVersion 424,2021-02-28,2021-02-28,1,1,2026-08-24T00:00:00.000,2018-01-01T00:00:00.000,9999-12-31T00:00:00.000,1,cd40fadaaf8c587bb0b6f18986468d1ccd40fadaaf8c587bb0b6f18986468d1c
425,FPCV000425,86,72,45,3,2,Harbor FinanceProductCostVersion 425,2021-03-01,2021-03-01,1,1,2026-08-24T00:00:00.000,2018-01-01T00:00:00.000,9999-12-31T00:00:00.000,1,64baf0164a115b399fb3e020247e290264baf0164a115b399fb3e020247e2902
426,FPCV000426,127,237,43,3,4,Cedar FinanceProductCostVersion 426,2021-03-02,2021-03-02,1,1,2026-08-24T00:00:00.000,2018-01-01T00:00:00.000,9999-12-31T00:00:00.000,1,314b464eb86c5245aa7d10249c380652314b464eb86c5245aa7d10249c380652
427,FPCV000427,333,130,41,2,1,Unity FinanceProductCostVersion 427,2021-03-03,2021-03-03,1,1,2026-08-24T00:00:00.000,2018-01-01T00:00:00.000,9999-12-31T00:00:00.000,1,12198f059c805e95adf812a9f070af3512198f059c805e95adf812a9f070af35
428,FPCV000428,267,184,306,8,4,Harbor FinanceProductCostVersion 428,2021-03-04,2021-03-04,1,1,2026-08-24T00:00:00.000,2018-01-01T00:00:00.000,9999-12-31T00:00:00.000,1,9d85893b50be5dfb96f438f2e4a988919d85893b50be5dfb96f438f2e4a98891
429,FPCV000429,404,47,403,8,1,Quartz FinanceProductCostVersion 429,2021-03-05,2021-03-05,1,1,2026-08-24T00:00:00.000,2018-01-01T00:00:00.000,9999-12-31T00:00:00.000,1,28a5e861a6dc5f47ace8204aa629fdea28a5e861a6dc5f47ace8204aa629fdea
430,FPCV000430,284,270,365,2,3,Junction FinanceProductCostVersion 430,2021-03-06,2021-03-06,1,1,2026-08-24T00:00:00.000,2018-01-01T00:00:00.000,9999-12-31T00:00:00.000,1,d689905e08c65cd181548167702af230d689905e08c65cd181548167702af230
431,FPCV000431,208,292,64,1,1,Orion FinanceProductCostVersion 431,2021-03-07,2021-03-07,1,1,2026-08-24T00:00:00.000,2018-01-01T00:00:00.000,9999-12-31T00:00:00.000,1,09f297bd00235ad5bd26a5678c312b4209f297bd00235ad5bd26a5678c312b42
432,FPCV000432,146,206,345,8,2,Northstar FinanceProductCostVersion 432,2021-03-08,2021-03-08,1,1,2026-08-24T00:00:00.000,2018-01-01T00:00:00.000,9999-12-31T00:00:00.000,1,3fa21af87ed15e04b6747c93357d92a83fa21af87ed15e04b6747c93357d92a8
433,FPCV000433,46,31,271,4,1,Willow FinanceProductCostVersion 433,2021-03-09,2021-03-09,1,1,2026-08-24T00:00:00.000,2018-01-01T00:00:00.000,9999-12-31T00:00:00.000,1,8940b2348e73562da172aef2913c9a918940b2348e73562da172aef2913c9a91
434,FPCV000434,241,292,414,7,3,Keystone FinanceProductCostVersion 434,2021-03-10,2021-03-10,1,1,2026-08-24T00:00:00.000,2018-01-01T00:00:00.000,9999-12-31T00:00:00.000,1,e0859fb619365182899a665f3d9bc4e0e0859fb619365182899a665f3d9bc4e0
435,FPCV000435,294,18,477,8,5,Titan FinanceProductCostVersion 435,2021-03-11,2021-03-11,1,1,2026-08-24T00:00:00.000,2018-01-01T00:00:00.000,9999-12-31T00:00:00.000,1,9c012da71d0350ef8e487b939ef37c6d9c012da71d0350ef8e487b939ef37c6d
436,FPCV000436,489,80,82,1,5,Orion FinanceProductCostVersion 436,2021-03-12,2021-03-12,1,1,2026-08-24T00:00:00.000,2018-01-01T00:00:00.000,9999-12-31T00:00:00.000,1,2d3c27677f085729b00480d571a503e52d3c27677f085729b00480d571a503e5
437,FPCV000437,475,323,357,3,1,Granite FinanceProductCostVersion 437,2021-03-13,2021-03-13,1,1,2026-08-24T00:00:00.000,2018-01-01T00:00:00.000,9999-12-31T00:00:00.000,1,1c7b378a88205a279181fe403387ea4f1c7b378a88205a279181fe403387ea4f
438,FPCV000438,427,147,321,3,3,Evergreen FinanceProductCostVersion 438,2021-03-14,2021-03-14,1,1,2026-08-24T00:00:00.000,2018-01-01T00:00:00.000,9999-12-31T00:00:00.000,1,fc2d3d146f435d3b965f850c99559e45fc2d3d146f435d3b965f850c99559e45
439,FPCV000439,225,64,386,8,3,Granite FinanceProductCostVersion 439,2021-03-15,2021-03-15,1,1,2026-08-24T00:00:00.000,2018-01-01T00:00:00.000,9999-12-31T00:00:00.000,1,89fbbd11cf585c928207300f4436ea3389fbbd11cf585c928207300f4436ea33
440,FPCV000440,343,284,90,5,3,Northstar FinanceProductCostVersion 440,2021-03-16,2021-03-16,1,1,2026-08-24T00:00:00.000,2018-01-01T00:00:00.000,9999-12-31T00:00:00.000,1,b77e04493b065bfe9814f42c55a9479cb77e04493b065bfe9814f42c55a9479c
441,FPCV000441,460,126,432,3,1,Liberty FinanceProductCostVersion 441,2021-03-17,2021-03-17,1,1,2026-08-24T00:00:00.000,2018-01-01T00:00:00.000,9999-12-31T00:00:00.000,1,efa5eb6c364d5e2d845eba98ac55074fefa5eb6c364d5e2d845eba98ac55074f
442,FPCV000442,74,55,288,6,1,Pioneer FinanceProductCostVersion 442,2021-03-18,2021-03-18,1,1,2026-08-24T00:00:00.000,2018-01-01T00:00:00.000,9999-12-31T00:00:00.000,1,5fb5df5ac68b5ecbab5a9a8591405de25fb5df5ac68b5ecbab5a9a8591405de2
443,FPCV000443,379,288,228,5,2,Junction FinanceProductCostVersion 443,2021-03-19,2021-03-19,1,1,2026-08-24T00:00:00.000,2018-01-01T00:00:00.000,9999-12-31T00:00:00.000,1,93582b60f122568bb445cca0f80174ca93582b60f122568bb445cca0f80174ca
444,FPCV000444,224,87,248,8,4,Northstar FinanceProductCostVersion 444,2021-03-20,2021-03-20,1,1,2026-08-24T00:00:00.000,2018-01-01T00:00:00.000,9999-12-31T00:00:00.000,1,03d59676f6175f2f9aed21226227194d03d59676f6175f2f9aed21226227194d
445,FPCV000445,273,24,27,3,2,Cedar FinanceProductCostVersion 445,2021-03-21,2021-03-21,1,1,2026-08-24T00:00:00.000,2018-01-01T00:00:00.000,9999-12-31T00:00:00.000,1,ff9f39471bd959ef926e0bc6ba13f776ff9f39471bd959ef926e0bc6ba13f776
446,FPCV000446,368,92,214,6,4,Ion FinanceProductCostVersion 446,2021-03-22,2021-03-22,1,1,2026-08-24T00:00:00.000,2018-01-01T00:00:00.000,9999-12-31T00:00:00.000,1,65a4a6fd3f2857989b244d34e8a3d65865a4a6fd3f2857989b244d34e8a3d658
447,FPCV000447,426,39,475,1,1,Meridian FinanceProductCostVersion 447,2021-03-23,2021-03-23,1,1,2026-08-24T00:00:00.000,2018-01-01T00:00:00.000,9999-12-31T00:00:00.000,1,fcdddbe7b16d5427b60e40c993835081fcdddbe7b16d5427b60e40c993835081
448,FPCV000448,445,67,395,4,1,Harbor FinanceProductCostVersion 448,2021-03-24,2021-03-24,1,1,2026-08-24T00:00:00.000,2018-01-01T00:00:00.000,9999-12-31T00:00:00.000,1,2a87ab88f8355f9ea4f7fff654a567852a87ab88f8355f9ea4f7fff654a56785
449,FPCV000449,111,218,428,5,2,Vertex FinanceProductCostVersion 449,2021-03-25,2021-03-25,1,1,2026-08-24T00:00:00.000,2018-01-01T00:00:00.000,9999-12-31T00:00:00.000,1,ccadc43e9f6d567db2febf12a4daefe1ccadc43e9f6d567db2febf12a4daefe1
450,FPCV000450,221,101,5,3,3,Meridian FinanceProductCostVersion 450,2021-03-26,2021-03-26,1,1,2026-08-24T00:00:00.000,2018-01-01T00:00:00.000,9999-12-31T00:00:00.000,1,c10cbf1ffcb7526a81aed6f0481f439cc10cbf1ffcb7526a81aed6f0481f439c
451,FPCV000451,57,166,36,8,2,Quartz FinanceProductCostVersion 451,2021-03-27,2021-03-27,1,1,2026-08-24T00:00:00.000,2018-01-01T00:00:00.000,9999-12-31T00:00:00.000,1,5f8e38462d545115bbd7bceaf51b95c85f8e38462d545115bbd7bceaf51b95c8
452,FPCV000452,315,74,427,1,1,Atlas FinanceProductCostVersion 452,2021-03-28,2021-03-28,1,1,2026-08-24T00:00:00.000,2018-01-01T00:00:00.000,9999-12-31T00:00:00.000,1,9819133bdf7c57e9bc78de6ea0f6b14a9819133bdf7c57e9bc78de6ea0f6b14a
453,FPCV000453,169,147,405,1,4,Summit FinanceProductCostVersion 453,2021-03-29,2021-03-29,1,1,2026-08-24T00:00:00.000,2018-01-01T00:00:00.000,9999-12-31T00:00:00.000,1,80712604663a5d9bb79dc3c43d413a2680712604663a5d9bb79dc3c43d413a26
454,FPCV000454,100,120,50,4,2,Junction FinanceProductCostVersion 454,2021-03-30,2021-03-30,1,1,2026-08-24T00:00:00.000,2018-01-01T00:00:00.000,9999-12-31T00:00:00.000,1,73c2dc32e7c1527c89a2b3342047050873c2dc32e7c1527c89a2b33420470508
455,FPCV000455,446,322,68,3,2,Quartz FinanceProductCostVersion 455,2021-03-31,2021-03-31,1,1,2026-08-24T00:00:00.000,2018-01-01T00:00:00.000,9999-12-31T00:00:00.000,1,2d5b21e74079563498888739562864ca2d5b21e74079563498888739562864ca
456,FPCV000456,133,61,62,7,2,Summit FinanceProductCostVersion 456,2021-04-01,2021-04-01,1,1,2026-08-24T00:00:00.000,2018-01-01T00:00:00.000,9999-12-31T00:00:00.000,1,23bccc9c5ce8582595830258cce020df23bccc9c5ce8582595830258cce020df
457,FPCV000457,418,52,291,7,2,Keystone FinanceProductCostVersion 457,2021-04-02,2021-04-02,1,1,2026-08-24T00:00:00.000,2018-01-01T00:00:00.000,9999-12-31T00:00:00.000,1,7643c7fa0e4652919cbe65a1ebe69e0b7643c7fa0e4652919cbe65a1ebe69e0b
458,FPCV000458,134,82,405,3,3,Atlas FinanceProductCostVersion 458,2021-04-03,2021-04-03,1,1,2026-08-24T00:00:00.000,2018-01-01T00:00:00.000,9999-12-31T00:00:00.000,1,69675abaf1345fde945d2b102f65ecc969675abaf1345fde945d2b102f65ecc9
459,FPCV000459,89,91,414,6,4,Willow FinanceProductCostVersion 459,2021-04-04,2021-04-04,1,1,2026-08-24T00:00:00.000,2018-01-01T00:00:00.000,9999-12-31T00:00:00.000,1,70eeabffe9025b818dba79c498095c8370eeabffe9025b818dba79c498095c83
460,FPCV000460,129,40,295,8,2,Ion FinanceProductCostVersion 460,2021-04-05,2021-04-05,1,1,2026-08-24T00:00:00.000,2018-01-01T00:00:00.000,9999-12-31T00:00:00.000,1,80ebef5d35f355fbac87ec4300ac855580ebef5d35f355fbac87ec4300ac8555
461,FPCV000461,90,29,335,3,5,Quartz FinanceProductCostVersion 461,2021-04-06,2021-04-06,1,1,2026-08-24T00:00:00.000,2018-01-01T00:00:00.000,9999-12-31T00:00:00.000,1,d5ca2875bab55dfaa91f6c540a6358b4d5ca2875bab55dfaa91f6c540a6358b4
462,FPCV000462,153,44,327,3,4,Willow FinanceProductCostVersion 462,2021-04-07,2021-04-07,1,1,2026-08-24T00:00:00.000,2018-01-01T00:00:00.000,9999-12-31T00:00:00.000,1,7a2b7462b19a58f2b72ec9ba6a878f617a2b7462b19a58f2b72ec9ba6a878f61
463,FPCV000463,140,139,480,6,2,Beacon FinanceProductCostVersion 463,2021-04-08,2021-04-08,1,1,2026-08-24T00:00:00.000,2018-01-01T00:00:00.000,9999-12-31T00:00:00.000,1,5332a544da6f539089e805130e7332885332a544da6f539089e805130e733288
464,FPCV000464,217,163,10,1,2,Keystone FinanceProductCostVersion 464,2021-04-09,2021-04-09,1,1,2026-08-24T00:00:00.000,2018-01-01T00:00:00.000,9999-12-31T00:00:00.000,1,78460ba06aec5659a9e1644415c7441d78460ba06aec5659a9e1644415c7441d
465,FPCV000465,211,103,58,8,1,Granite FinanceProductCostVersion 465,2021-04-10,2021-04-10,1,1,2026-08-24T00:00:00.000,2018-01-01T00:00:00.000,9999-12-31T00:00:00.000,1,153e7e7fe48556fa83ce15c0e7cca591153e7e7fe48556fa83ce15c0e7cca591
466,FPCV000466,356,242,286,7,2,Harbor FinanceProductCostVersion 466,2021-04-11,2021-04-11,1,1,2026-08-24T00:00:00.000,2018-01-01T00:00:00.000,9999-12-31T00:00:00.000,1,a460254679b25b1cac316bf428b757f4a460254679b25b1cac316bf428b757f4
467,FPCV000467,31,61,259,8,3,Beacon FinanceProductCostVersion 467,2021-04-12,2021-04-12,1,1,2026-08-24T00:00:00.000,2018-01-01T00:00:00.000,9999-12-31T00:00:00.000,1,1c6ec97e643551ecab3ce5fa504a09151c6ec97e643551ecab3ce5fa504a0915
468,FPCV000468,186,212,125,7,1,Forge FinanceProductCostVersion 468,2021-04-13,2021-04-13,1,1,2026-08-24T00:00:00.000,2018-01-01T00:00:00.000,9999-12-31T00:00:00.000,1,d694334bbd0b5d0b99135d896d32acd7d694334bbd0b5d0b99135d896d32acd7
469,FPCV000469,321,120,102,2,3,Northstar FinanceProductCostVersion 469,2021-04-14,2021-04-14,1,1,2026-08-24T00:00:00.000,2018-01-01T00:00:00.000,9999-12-31T00:00:00.000,1,4f1598b21e9550348b0310aedde35b444f1598b21e9550348b0310aedde35b44
470,FPCV000470,365,102,105,1,5,Orion FinanceProductCostVersion 470,2021-04-15,2021-04-15,1,1,2026-08-24T00:00:00.000,2018-01-01T00:00:00.000,9999-12-31T00:00:00.000,1,e8a43ff9544b504e8664779292e584b8e8a43ff9544b504e8664779292e584b8
471,FPCV000471,410,22,149,6,5,Junction FinanceProductCostVersion 471,2021-04-16,2021-04-16,1,1,2026-08-24T00:00:00.000,2018-01-01T00:00:00.000,9999-12-31T00:00:00.000,1,41be128bc57c5d6eb643e9c05883d47d41be128bc57c5d6eb643e9c05883d47d
472,FPCV000472,148,170,333,8,4,Beacon FinanceProductCostVersion 472,2021-04-17,2021-04-17,1,1,2026-08-24T00:00:00.000,2018-01-01T00:00:00.000,9999-12-31T00:00:00.000,1,5efe53d1ad47560187b7c4c888830c035efe53d1ad47560187b7c4c888830c03
473,FPCV000473,192,10,378,6,4,Titan FinanceProductCostVersion 473,2021-04-18,2021-04-18,1,1,2026-08-24T00:00:00.000,2018-01-01T00:00:00.000,9999-12-31T00:00:00.000,1,6a64aa981cf859719900bebd6ead12596a64aa981cf859719900bebd6ead1259
474,FPCV000474,67,228,49,2,3,Willow FinanceProductCostVersion 474,2021-04-19,2021-04-19,1,1,2026-08-24T00:00:00.000,2018-01-01T00:00:00.000,9999-12-31T00:00:00.000,1,443e63773149512abe59544d46ab55b8443e63773149512abe59544d46ab55b8
475,FPCV000475,400,125,168,2,3,Titan FinanceProductCostVersion 475,2021-04-20,2021-04-20,1,1,2026-08-24T00:00:00.000,2018-01-01T00:00:00.000,9999-12-31T00:00:00.000,1,fae711f58a2f55629c316c492f5950e3fae711f58a2f55629c316c492f5950e3
476,FPCV000476,294,322,345,2,5,Ion FinanceProductCostVersion 476,2021-04-21,2021-04-21,1,1,2026-08-24T00:00:00.000,2018-01-01T00:00:00.000,9999-12-31T00:00:00.000,1,3a98a97d8465590db31029c3c9fc7dd93a98a97d8465590db31029c3c9fc7dd9
477,FPCV000477,310,72,202,8,2,Forge FinanceProductCostVersion 477,2021-04-22,2021-04-22,1,1,2026-08-24T00:00:00.000,2018-01-01T00:00:00.000,9999-12-31T00:00:00.000,1,44d55a20157b51d0b1db4d0c84a9d9ac44d55a20157b51d0b1db4d0c84a9d9ac
478,FPCV000478,396,159,36,7,2,Evergreen FinanceProductCostVersion 478,2021-04-23,2021-04-23,1,1,2026-08-24T00:00:00.000,2018-01-01T00:00:00.000,9999-12-31T00:00:00.000,1,17833b24c390583ea6c4387fd7cdd08217833b24c390583ea6c4387fd7cdd082
479,FPCV000479,328,170,86,2,3,Cedar FinanceProductCostVersion 479,2021-04-24,2021-04-24,1,1,2026-08-24T00:00:00.000,2018-01-01T00:00:00.000,9999-12-31T00:00:00.000,1,73b609ed491359498de201cde4ebf53a73b609ed491359498de201cde4ebf53a
480,FPCV000480,281,186,286,7,4,Granite FinanceProductCostVersion 480,2021-04-25,2021-04-25,1,1,2026-08-24T00:00:00.000,2018-01-01T00:00:00.000,9999-12-31T00:00:00.000,1,05a70679f7555c75a2cec4f8103e115b05a70679f7555c75a2cec4f8103e115b
481,FPCV000481,85,300,241,5,5,Unity FinanceProductCostVersion 481,2021-04-26,2021-04-26,1,1,2026-08-24T00:00:00.000,2018-01-01T00:00:00.000,9999-12-31T00:00:00.000,1,ed96973c9bd052b1b3c1162a9d2598fbed96973c9bd052b1b3c1162a9d2598fb
482,FPCV000482,215,139,473,2,1,Beacon FinanceProductCostVersion 482,2021-04-27,2021-04-27,1,1,2026-08-24T00:00:00.000,2018-01-01T00:00:00.000,9999-12-31T00:00:00.000,1,6278032e75c759c7b03e0720fd11c5296278032e75c759c7b03e0720fd11c529
483,FPCV000483,280,195,150,5,2,Pioneer FinanceProductCostVersion 483,2021-04-28,2021-04-28,1,1,2026-08-24T00:00:00.000,2018-01-01T00:00:00.000,9999-12-31T00:00:00.000,1,92f13899ad6455f8bcacc8ca19f7222092f13899ad6455f8bcacc8ca19f72220
484,FPCV000484,316,331,58,4,4,Vertex FinanceProductCostVersion 484,2021-04-29,2021-04-29,1,1,2026-08-24T00:00:00.000,2018-01-01T00:00:00.000,9999-12-31T00:00:00.000,1,c90958aee649560c84fa7e64058d6283c90958aee649560c84fa7e64058d6283
485,FPCV000485,480,118,479,6,4,Keystone FinanceProductCostVersion 485,2021-04-30,2021-04-30,1,1,2026-08-24T00:00:00.000,2018-01-01T00:00:00.000,9999-12-31T00:00:00.000,1,60ea6e2aa3355a589060baf1775cd05560ea6e2aa3355a589060baf1775cd055
486,FPCV000486,246,30,374,7,1,Zenith FinanceProductCostVersion 486,2021-05-01,2021-05-01,1,1,2026-08-24T00:00:00.000,2018-01-01T00:00:00.000,9999-12-31T00:00:00.000,1,30cac4dbf14b5183903d1ab545ba4bc330cac4dbf14b5183903d1ab545ba4bc3
487,FPCV000487,121,259,193,1,4,Ion FinanceProductCostVersion 487,2021-05-02,2021-05-02,1,1,2026-08-24T00:00:00.000,2018-01-01T00:00:00.000,9999-12-31T00:00:00.000,1,1f22ebba6d5c5f2fab6b986a2645f7cd1f22ebba6d5c5f2fab6b986a2645f7cd
488,FPCV000488,114,318,424,1,5,Pioneer FinanceProductCostVersion 488,2021-05-03,2021-05-03,1,1,2026-08-24T00:00:00.000,2018-01-01T00:00:00.000,9999-12-31T00:00:00.000,1,22e8db6d3d31584c90eeb3d97c6236e222e8db6d3d31584c90eeb3d97c6236e2
489,FPCV000489,474,317,29,5,5,Unity FinanceProductCostVersion 489,2021-05-04,2021-05-04,1,1,2026-08-24T00:00:00.000,2018-01-01T00:00:00.000,9999-12-31T00:00:00.000,1,5132dd748baa5078bcf44cfed998a32e5132dd748baa5078bcf44cfed998a32e
490,FPCV000490,450,272,191,5,4,Orion FinanceProductCostVersion 490,2021-05-05,2021-05-05,1,1,2026-08-24T00:00:00.000,2018-01-01T00:00:00.000,9999-12-31T00:00:00.000,1,bdd849972dfb56b3b4176b216bfdf808bdd849972dfb56b3b4176b216bfdf808
491,FPCV000491,329,211,204,3,1,Pioneer FinanceProductCostVersion 491,2021-05-06,2021-05-06,1,1,2026-08-24T00:00:00.000,2018-01-01T00:00:00.000,9999-12-31T00:00:00.000,1,e1fc40b421155167a72d6aa5bb056294e1fc40b421155167a72d6aa5bb056294
492,FPCV000492,50,192,147,2,1,Orion FinanceProductCostVersion 492,2021-05-07,2021-05-07,1,1,2026-08-24T00:00:00.000,2018-01-01T00:00:00.000,9999-12-31T00:00:00.000,1,94a38be2177850ffb191ab0d106d416394a38be2177850ffb191ab0d106d4163
493,FPCV000493,307,88,379,2,3,Beacon FinanceProductCostVersion 493,2021-05-08,2021-05-08,1,1,2026-08-24T00:00:00.000,2018-01-01T00:00:00.000,9999-12-31T00:00:00.000,1,d429d2d2730252e3bf1e9259cd7fa385d429d2d2730252e3bf1e9259cd7fa385
494,FPCV000494,486,350,124,6,4,Titan FinanceProductCostVersion 494,2021-05-09,2021-05-09,1,1,2026-08-24T00:00:00.000,2018-01-01T00:00:00.000,9999-12-31T00:00:00.000,1,ef69779b0c5a5eecb84a877d7dfe736fef69779b0c5a5eecb84a877d7dfe736f
495,FPCV000495,289,127,316,8,2,Willow FinanceProductCostVersion 495,2021-05-10,2021-05-10,1,1,2026-08-24T00:00:00.000,2018-01-01T00:00:00.000,9999-12-31T00:00:00.000,1,472198acfbf25756a8b00c4a9d4f8c2c472198acfbf25756a8b00c4a9d4f8c2c
496,FPCV000496,365,147,145,7,3,Liberty FinanceProductCostVersion 496,2021-05-11,2021-05-11,1,1,2026-08-24T00:00:00.000,2018-01-01T00:00:00.000,9999-12-31T00:00:00.000,1,61e639a70a1a5ebeb9e48f7ddc84288861e639a70a1a5ebeb9e48f7ddc842888
497,FPCV000497,201,298,136,1,2,Forge FinanceProductCostVersion 497,2021-05-12,2021-05-12,1,1,2026-08-24T00:00:00.000,2018-01-01T00:00:00.000,9999-12-31T00:00:00.000,1,3e7374cd367a5b30b69669ee6cdf33e23e7374cd367a5b30b69669ee6cdf33e2
498,FPCV000498,127,144,153,6,4,Vertex FinanceProductCostVersion 498,2021-05-13,2021-05-13,1,1,2026-08-24T00:00:00.000,2018-01-01T00:00:00.000,9999-12-31T00:00:00.000,1,255924d39dba527d9f14586d970ee7c5255924d39dba527d9f14586d970ee7c5
499,FPCV000499,320,228,464,8,1,Riverton FinanceProductCostVersion 499,2021-05-14,2021-05-14,1,1,2026-08-24T00:00:00.000,2018-01-01T00:00:00.000,9999-12-31T00:00:00.000,1,e0adb31821a35f3e824c14b6e2f05414e0adb31821a35f3e824c14b6e2f05414
500,FPCV000500,271,82,182,8,3,Beacon FinanceProductCostVersion 500,2021-05-15,2021-05-15,1,1,2026-08-24T00:00:00.000,2018-01-01T00:00:00.000,9999-12-31T00:00:00.000,1,8de63386e3be59c3bda0ffe7452787b08de63386e3be59c3bda0ffe7452787b0
