FinancePlanningVersionKey,PlanningVersionCode,BusinessUnitKey,FinanceScenarioTypeKey,CurrencyKey,PlanningVersionName,VersionStartDate,VersionEndDate,SourceSystemKey,BatchId,LoadedAtUtc,EffectiveFromUtc,EffectiveToUtc,IsCurrent,RowHash
-1,UNKNOWN,-1,-1,-1,Unknown,1900-01-01,1900-01-01,-1,0,1900-01-01T00:00:00.000,1900-01-01T00:00:00.000,1900-01-01T00:00:00.000,0,0000000000000000000000000000000000000000000000000000000000000000
1,FPV000001,402,3,2,Titan FinancePlanningVersion 1,2020-01-02,2021-01-01,1,1,2026-08-24T00:00:00.000,2018-01-01T00:00:00.000,9999-12-31T00:00:00.000,1,9199e904200755f48d3bd0ba8993ed149199e904200755f48d3bd0ba8993ed14
2,FPV000002,122,5,1,Zenith FinancePlanningVersion 2,2020-01-03,2021-01-02,1,1,2026-08-24T00:00:00.000,2018-01-01T00:00:00.000,9999-12-31T00:00:00.000,1,769a0119d1e0508e91a922f5b3cd9973769a0119d1e0508e91a922f5b3cd9973
3,FPV000003,408,6,5,Granite FinancePlanningVersion 3,2020-01-04,2021-01-03,1,1,2026-08-24T00:00:00.000,2018-01-01T00:00:00.000,9999-12-31T00:00:00.000,1,4f0d99bed153563ab31b529e6c1fa1634f0d99bed153563ab31b529e6c1fa163
4,FPV000004,363,4,5,Keystone FinancePlanningVersion 4,2020-01-05,2021-01-04,1,1,2026-08-24T00:00:00.000,2018-01-01T00:00:00.000,9999-12-31T00:00:00.000,1,0f8d864c84685fc5a9adcd022d1e2ac60f8d864c84685fc5a9adcd022d1e2ac6
5,FPV000005,231,10,3,Evergreen FinancePlanningVersion 5,2020-01-06,2021-01-05,1,1,2026-08-24T00:00:00.000,2018-01-01T00:00:00.000,9999-12-31T00:00:00.000,1,a5387ea0c1aa5000b164393ea90fc248a5387ea0c1aa5000b164393ea90fc248
6,FPV000006,159,2,5,Beacon FinancePlanningVersion 6,2020-01-07,2021-01-06,1,1,2026-08-24T00:00:00.000,2018-01-01T00:00:00.000,9999-12-31T00:00:00.000,1,bf724eb0e7cd59968711340dbf7a3e51bf724eb0e7cd59968711340dbf7a3e51
7,FPV000007,209,4,2,Granite FinancePlanningVersion 7,2020-01-08,2021-01-07,1,1,2026-08-24T00:00:00.000,2018-01-01T00:00:00.000,9999-12-31T00:00:00.000,1,0d667a48c23c50388fb6262ca9015f9b0d667a48c23c50388fb6262ca9015f9b
8,FPV000008,281,8,5,Ion FinancePlanningVersion 8,2020-01-09,2021-01-08,1,1,2026-08-24T00:00:00.000,2018-01-01T00:00:00.000,9999-12-31T00:00:00.000,1,075b448bd6ce50b994236091fa31aab3075b448bd6ce50b994236091fa31aab3
9,FPV000009,456,10,5,Evergreen FinancePlanningVersion 9,2020-01-10,2021-01-09,1,1,2026-08-24T00:00:00.000,2018-01-01T00:00:00.000,9999-12-31T00:00:00.000,1,fd79c30c0952543aab71e9c03d902518fd79c30c0952543aab71e9c03d902518
10,FPV000010,349,1,2,Harbor FinancePlanningVersion 10,2020-01-11,2021-01-10,1,1,2026-08-24T00:00:00.000,2018-01-01T00:00:00.000,9999-12-31T00:00:00.000,1,1b128b33d8b150f0b5478039fa6864081b128b33d8b150f0b5478039fa686408
11,FPV000011,104,2,3,Harbor FinancePlanningVersion 11,2020-01-12,2021-01-11,1,1,2026-08-24T00:00:00.000,2018-01-01T00:00:00.000,9999-12-31T00:00:00.000,1,cf56654cc84b5e5e8a8b1accf9831770cf56654cc84b5e5e8a8b1accf9831770
12,FPV000012,93,5,2,Orion FinancePlanningVersion 12,2020-01-13,2021-01-12,1,1,2026-08-24T00:00:00.000,2018-01-01T00:00:00.000,9999-12-31T00:00:00.000,1,b8082d4daf99502d915f2df04d095e57b8082d4daf99502d915f2df04d095e57
13,FPV000013,253,2,5,Harbor FinancePlanningVersion 13,2020-01-14,2021-01-13,1,1,2026-08-24T00:00:00.000,2018-01-01T00:00:00.000,9999-12-31T00:00:00.000,1,6f98597376d85acf8adee79e29650d016f98597376d85acf8adee79e29650d01
14,FPV000014,388,10,5,Ion FinancePlanningVersion 14,2020-01-15,2021-01-14,1,1,2026-08-24T00:00:00.000,2018-01-01T00:00:00.000,9999-12-31T00:00:00.000,1,8f9544cb78115b7b9fc496980051978b8f9544cb78115b7b9fc496980051978b
15,FPV000015,152,5,5,Ion FinancePlanningVersion 15,2020-01-16,2021-01-15,1,1,2026-08-24T00:00:00.000,2018-01-01T00:00:00.000,9999-12-31T00:00:00.000,1,e5ca5308ea885c9f905786e0964068a0e5ca5308ea885c9f905786e0964068a0
16,FPV000016,428,9,3,Unity FinancePlanningVersion 16,2020-01-17,2021-01-16,1,1,2026-08-24T00:00:00.000,2018-01-01T00:00:00.000,9999-12-31T00:00:00.000,1,443dabc2ff065adfbff98abeb1494c4f443dabc2ff065adfbff98abeb1494c4f
17,FPV000017,417,1,4,Quartz FinancePlanningVersion 17,2020-01-18,2021-01-17,1,1,2026-08-24T00:00:00.000,2018-01-01T00:00:00.000,9999-12-31T00:00:00.000,1,6fa80cfe6e665b97b1ebb6806d654aac6fa80cfe6e665b97b1ebb6806d654aac
18,FPV000018,147,2,2,Junction FinancePlanningVersion 18,2020-01-19,2021-01-18,1,1,2026-08-24T00:00:00.000,2018-01-01T00:00:00.000,9999-12-31T00:00:00.000,1,a78c10e1fb7452a197476a23840ae219a78c10e1fb7452a197476a23840ae219
19,FPV000019,205,9,4,Unity FinancePlanningVersion 19,2020-01-20,2021-01-19,1,1,2026-08-24T00:00:00.000,2018-01-01T00:00:00.000,9999-12-31T00:00:00.000,1,a52c7b3ec0de52138f685e427ff004d2a52c7b3ec0de52138f685e427ff004d2
20,FPV000020,96,9,2,Atlas FinancePlanningVersion 20,2020-01-21,2021-01-20,1,1,2026-08-24T00:00:00.000,2018-01-01T00:00:00.000,9999-12-31T00:00:00.000,1,621e5816c32e5419b7c23b1a8a664849621e5816c32e5419b7c23b1a8a664849
21,FPV000021,493,3,3,Willow FinancePlanningVersion 21,2020-01-22,2021-01-21,1,1,2026-08-24T00:00:00.000,2018-01-01T00:00:00.000,9999-12-31T00:00:00.000,1,0cdc86f137885c6ba1129b9cec38fc5b0cdc86f137885c6ba1129b9cec38fc5b
22,FPV000022,425,1,2,Harbor FinancePlanningVersion 22,2020-01-23,2021-01-22,1,1,2026-08-24T00:00:00.000,2018-01-01T00:00:00.000,9999-12-31T00:00:00.000,1,4d226a0c656851e290d3baf6b67e67494d226a0c656851e290d3baf6b67e6749
23,FPV000023,65,4,5,Northstar FinancePlanningVersion 23,2020-01-24,2021-01-23,1,1,2026-08-24T00:00:00.000,2018-01-01T00:00:00.000,9999-12-31T00:00:00.000,1,f50d8e6753fa5075af13348bf5253001f50d8e6753fa5075af13348bf5253001
24,FPV000024,404,8,4,Quartz FinancePlanningVersion 24,2020-01-25,2021-01-24,1,1,2026-08-24T00:00:00.000,2018-01-01T00:00:00.000,9999-12-31T00:00:00.000,1,408adb0c13fa5a1cb56f4e816cdad826408adb0c13fa5a1cb56f4e816cdad826
25,FPV000025,229,7,3,Junction FinancePlanningVersion 25,2020-01-26,2021-01-25,1,1,2026-08-24T00:00:00.000,2018-01-01T00:00:00.000,9999-12-31T00:00:00.000,1,cf419c38a8b4596ebf8c951463025a36cf419c38a8b4596ebf8c951463025a36
26,FPV000026,146,8,4,Pioneer FinancePlanningVersion 26,2020-01-27,2021-01-26,1,1,2026-08-24T00:00:00.000,2018-01-01T00:00:00.000,9999-12-31T00:00:00.000,1,100dad9bf69f51359fd4d53fff6b41e5100dad9bf69f51359fd4d53fff6b41e5
27,FPV000027,36,10,5,Willow FinancePlanningVersion 27,2020-01-28,2021-01-27,1,1,2026-08-24T00:00:00.000,2018-01-01T00:00:00.000,9999-12-31T00:00:00.000,1,4bbd287475865077b15c39183a769ef54bbd287475865077b15c39183a769ef5
28,FPV000028,98,6,1,Titan FinancePlanningVersion 28,2020-01-29,2021-01-28,1,1,2026-08-24T00:00:00.000,2018-01-01T00:00:00.000,9999-12-31T00:00:00.000,1,88e83e9f790b59eab39dc74f273f795288e83e9f790b59eab39dc74f273f7952
29,FPV000029,407,5,2,Harbor FinancePlanningVersion 29,2020-01-30,2021-01-29,1,1,2026-08-24T00:00:00.000,2018-01-01T00:00:00.000,9999-12-31T00:00:00.000,1,9dc44daeaa3a5ec2aa0447c96c7ab7489dc44daeaa3a5ec2aa0447c96c7ab748
30,FPV000030,405,10,5,Vertex FinancePlanningVersion 30,2020-01-31,2021-01-30,1,1,2026-08-24T00:00:00.000,2018-01-01T00:00:00.000,9999-12-31T00:00:00.000,1,0e639746b1235c9a884d03c1589726960e639746b1235c9a884d03c158972696
31,FPV000031,26,1,3,Harbor FinancePlanningVersion 31,2020-02-01,2021-01-31,1,1,2026-08-24T00:00:00.000,2018-01-01T00:00:00.000,9999-12-31T00:00:00.000,1,96dad85acbdc559aa8a416955dffe2c496dad85acbdc559aa8a416955dffe2c4
32,FPV000032,202,3,5,Willow FinancePlanningVersion 32,2020-02-02,2021-02-01,1,1,2026-08-24T00:00:00.000,2018-01-01T00:00:00.000,9999-12-31T00:00:00.000,1,384781ba78a450329405dc5b2fa57b8d384781ba78a450329405dc5b2fa57b8d
33,FPV000033,134,2,1,Keystone FinancePlanningVersion 33,2020-02-03,2021-02-02,1,1,2026-08-24T00:00:00.000,2018-01-01T00:00:00.000,9999-12-31T00:00:00.000,1,ace649a1518050d981c6326d2de928f7ace649a1518050d981c6326d2de928f7
34,FPV000034,307,3,5,Delta FinancePlanningVersion 34,2020-02-04,2021-02-03,1,1,2026-08-24T00:00:00.000,2018-01-01T00:00:00.000,9999-12-31T00:00:00.000,1,05b64ce7bddb5d149d7664ad749fe2a605b64ce7bddb5d149d7664ad749fe2a6
35,FPV000035,77,7,4,Willow FinancePlanningVersion 35,2020-02-05,2021-02-04,1,1,2026-08-24T00:00:00.000,2018-01-01T00:00:00.000,9999-12-31T00:00:00.000,1,97b2fd88692754f38a779af8bb7f028097b2fd88692754f38a779af8bb7f0280
36,FPV000036,361,8,4,Ion FinancePlanningVersion 36,2020-02-06,2021-02-05,1,1,2026-08-24T00:00:00.000,2018-01-01T00:00:00.000,9999-12-31T00:00:00.000,1,fa54e4681244507ab5d92d0f4a3b705cfa54e4681244507ab5d92d0f4a3b705c
37,FPV000037,444,5,3,Liberty FinancePlanningVersion 37,2020-02-07,2021-02-06,1,1,2026-08-24T00:00:00.000,2018-01-01T00:00:00.000,9999-12-31T00:00:00.000,1,6de7040293e6539582259062f6333c366de7040293e6539582259062f6333c36
38,FPV000038,332,6,3,Forge FinancePlanningVersion 38,2020-02-08,2021-02-07,1,1,2026-08-24T00:00:00.000,2018-01-01T00:00:00.000,9999-12-31T00:00:00.000,1,5f5ee4c521f656abb3b3ca4c13edd9555f5ee4c521f656abb3b3ca4c13edd955
39,FPV000039,117,3,1,Delta FinancePlanningVersion 39,2020-02-09,2021-02-08,1,1,2026-08-24T00:00:00.000,2018-01-01T00:00:00.000,9999-12-31T00:00:00.000,1,9a5f643c959f50dd9ebb9d0672b6a0c69a5f643c959f50dd9ebb9d0672b6a0c6
40,FPV000040,313,6,3,Summit FinancePlanningVersion 40,2020-02-10,2021-02-09,1,1,2026-08-24T00:00:00.000,2018-01-01T00:00:00.000,9999-12-31T00:00:00.000,1,6742df3a7d94582da02fe71499a01cb86742df3a7d94582da02fe71499a01cb8
41,FPV000041,465,4,1,Vertex FinancePlanningVersion 41,2020-02-11,2021-02-10,1,1,2026-08-24T00:00:00.000,2018-01-01T00:00:00.000,9999-12-31T00:00:00.000,1,fd3dc922daed5afe8336ce8e62855a43fd3dc922daed5afe8336ce8e62855a43
42,FPV000042,181,10,5,Harbor FinancePlanningVersion 42,2020-02-12,2021-02-11,1,1,2026-08-24T00:00:00.000,2018-01-01T00:00:00.000,9999-12-31T00:00:00.000,1,e999cfb09d1f5cf69f967a8eabda16f6e999cfb09d1f5cf69f967a8eabda16f6
43,FPV000043,462,3,5,Willow FinancePlanningVersion 43,2020-02-13,2021-02-12,1,1,2026-08-24T00:00:00.000,2018-01-01T00:00:00.000,9999-12-31T00:00:00.000,1,c708dcc561ca57b3ae3d389267e2e39dc708dcc561ca57b3ae3d389267e2e39d
44,FPV000044,176,7,4,Harbor FinancePlanningVersion 44,2020-02-14,2021-02-13,1,1,2026-08-24T00:00:00.000,2018-01-01T00:00:00.000,9999-12-31T00:00:00.000,1,b84ae6fd00bf53dba9b30647784398d0b84ae6fd00bf53dba9b30647784398d0
45,FPV000045,436,3,5,Ion FinancePlanningVersion 45,2020-02-15,2021-02-14,1,1,2026-08-24T00:00:00.000,2018-01-01T00:00:00.000,9999-12-31T00:00:00.000,1,938d01f8e0cb59b49caae79d97eef11d938d01f8e0cb59b49caae79d97eef11d
46,FPV000046,187,7,2,Titan FinancePlanningVersion 46,2020-02-16,2021-02-15,1,1,2026-08-24T00:00:00.000,2018-01-01T00:00:00.000,9999-12-31T00:00:00.000,1,82f957a9f83b515a9be30706754e4ab282f957a9f83b515a9be30706754e4ab2
47,FPV000047,432,1,4,Pioneer FinancePlanningVersion 47,2020-02-17,2021-02-16,1,1,2026-08-24T00:00:00.000,2018-01-01T00:00:00.000,9999-12-31T00:00:00.000,1,8d3c08d12bc454f3bef1b445814a2ea58d3c08d12bc454f3bef1b445814a2ea5
48,FPV000048,363,8,2,Orion FinancePlanningVersion 48,2020-02-18,2021-02-17,1,1,2026-08-24T00:00:00.000,2018-01-01T00:00:00.000,9999-12-31T00:00:00.000,1,4d90003603255717aad2622edefc2f944d90003603255717aad2622edefc2f94
49,FPV000049,468,2,3,Delta FinancePlanningVersion 49,2020-02-19,2021-02-18,1,1,2026-08-24T00:00:00.000,2018-01-01T00:00:00.000,9999-12-31T00:00:00.000,1,138393ca724c5f7a846b324d467e877b138393ca724c5f7a846b324d467e877b
50,FPV000050,355,4,3,Summit FinancePlanningVersion 50,2020-02-20,2021-02-19,1,1,2026-08-24T00:00:00.000,2018-01-01T00:00:00.000,9999-12-31T00:00:00.000,1,b3114f73b38f5636bdc8e9bcabd985c0b3114f73b38f5636bdc8e9bcabd985c0
51,FPV000051,176,7,4,Summit FinancePlanningVersion 51,2020-02-21,2021-02-20,1,1,2026-08-24T00:00:00.000,2018-01-01T00:00:00.000,9999-12-31T00:00:00.000,1,ee44aa1c39725d999744ff74e19a205fee44aa1c39725d999744ff74e19a205f
52,FPV000052,457,10,4,Orion FinancePlanningVersion 52,2020-02-22,2021-02-21,1,1,2026-08-24T00:00:00.000,2018-01-01T00:00:00.000,9999-12-31T00:00:00.000,1,e442b43858ae55d088ecdf421b6a66b2e442b43858ae55d088ecdf421b6a66b2
53,FPV000053,226,10,1,Atlas FinancePlanningVersion 53,2020-02-23,2021-02-22,1,1,2026-08-24T00:00:00.000,2018-01-01T00:00:00.000,9999-12-31T00:00:00.000,1,13d482e7d58a556d976a6d818df5468a13d482e7d58a556d976a6d818df5468a
54,FPV000054,255,4,1,Titan FinancePlanningVersion 54,2020-02-24,2021-02-23,1,1,2026-08-24T00:00:00.000,2018-01-01T00:00:00.000,9999-12-31T00:00:00.000,1,067df8a8f64a5c2aa00be8c65525da81067df8a8f64a5c2aa00be8c65525da81
55,FPV000055,114,5,1,Summit FinancePlanningVersion 55,2020-02-25,2021-02-24,1,1,2026-08-24T00:00:00.000,2018-01-01T00:00:00.000,9999-12-31T00:00:00.000,1,af269f2f0eb55f9093018667a3ea275faf269f2f0eb55f9093018667a3ea275f
56,FPV000056,25,5,4,Summit FinancePlanningVersion 56,2020-02-26,2021-02-25,1,1,2026-08-24T00:00:00.000,2018-01-01T00:00:00.000,9999-12-31T00:00:00.000,1,bd8a45078a905ee6ac8afe8ca1c28ab3bd8a45078a905ee6ac8afe8ca1c28ab3
57,FPV000057,357,1,3,Northstar FinancePlanningVersion 57,2020-02-27,2021-02-26,1,1,2026-08-24T00:00:00.000,2018-01-01T00:00:00.000,9999-12-31T00:00:00.000,1,c4b31e6a4f095656873582cdfc67564ac4b31e6a4f095656873582cdfc67564a
58,FPV000058,195,1,2,Unity FinancePlanningVersion 58,2020-02-28,2021-02-27,1,1,2026-08-24T00:00:00.000,2018-01-01T00:00:00.000,9999-12-31T00:00:00.000,1,f6deca08129a5d29ab53eeb752146c09f6deca08129a5d29ab53eeb752146c09
59,FPV000059,225,7,1,Beacon FinancePlanningVersion 59,2020-02-29,2021-02-28,1,1,2026-08-24T00:00:00.000,2018-01-01T00:00:00.000,9999-12-31T00:00:00.000,1,450e9136a3f05b8eabf604583d5fbe71450e9136a3f05b8eabf604583d5fbe71
60,FPV000060,120,2,2,Pioneer FinancePlanningVersion 60,2020-03-01,2021-03-01,1,1,2026-08-24T00:00:00.000,2018-01-01T00:00:00.000,9999-12-31T00:00:00.000,1,7652e4e7232358a590763673ce47ff7f7652e4e7232358a590763673ce47ff7f
61,FPV000061,236,3,3,Cedar FinancePlanningVersion 61,2020-03-02,2021-03-02,1,1,2026-08-24T00:00:00.000,2018-01-01T00:00:00.000,9999-12-31T00:00:00.000,1,38c5f9d933e45a0da624d34e000281f338c5f9d933e45a0da624d34e000281f3
62,FPV000062,245,5,5,Titan FinancePlanningVersion 62,2020-03-03,2021-03-03,1,1,2026-08-24T00:00:00.000,2018-01-01T00:00:00.000,9999-12-31T00:00:00.000,1,776d1f9e98b4528c93a85340bcc14259776d1f9e98b4528c93a85340bcc14259
63,FPV000063,46,2,2,Summit FinancePlanningVersion 63,2020-03-04,2021-03-04,1,1,2026-08-24T00:00:00.000,2018-01-01T00:00:00.000,9999-12-31T00:00:00.000,1,45da48b0f47b5be69ca1bc4985bf563545da48b0f47b5be69ca1bc4985bf5635
64,FPV000064,414,8,4,Riverton FinancePlanningVersion 64,2020-03-05,2021-03-05,1,1,2026-08-24T00:00:00.000,2018-01-01T00:00:00.000,9999-12-31T00:00:00.000,1,930fdf5d88bb509d8ac1bbc13eaba822930fdf5d88bb509d8ac1bbc13eaba822
65,FPV000065,433,10,3,Atlas FinancePlanningVersion 65,2020-03-06,2021-03-06,1,1,2026-08-24T00:00:00.000,2018-01-01T00:00:00.000,9999-12-31T00:00:00.000,1,44b10dca486c5ef4ac2787fd602c906c44b10dca486c5ef4ac2787fd602c906c
66,FPV000066,92,4,1,Titan FinancePlanningVersion 66,2020-03-07,2021-03-07,1,1,2026-08-24T00:00:00.000,2018-01-01T00:00:00.000,9999-12-31T00:00:00.000,1,01142c90793b5c9c83fa32498dfe6d0c01142c90793b5c9c83fa32498dfe6d0c
67,FPV000067,279,1,3,Orion FinancePlanningVersion 67,2020-03-08,2021-03-08,1,1,2026-08-24T00:00:00.000,2018-01-01T00:00:00.000,9999-12-31T00:00:00.000,1,6c8c65167ac35cdd87ad7b93c07f604d6c8c65167ac35cdd87ad7b93c07f604d
68,FPV000068,354,5,4,Quartz FinancePlanningVersion 68,2020-03-09,2021-03-09,1,1,2026-08-24T00:00:00.000,2018-01-01T00:00:00.000,9999-12-31T00:00:00.000,1,2d8199288ad3506ab956cd57018d2b8f2d8199288ad3506ab956cd57018d2b8f
69,FPV000069,57,1,4,Zenith FinancePlanningVersion 69,2020-03-10,2021-03-10,1,1,2026-08-24T00:00:00.000,2018-01-01T00:00:00.000,9999-12-31T00:00:00.000,1,19278ed0fadd59c1876b8500d2852dbf19278ed0fadd59c1876b8500d2852dbf
70,FPV000070,89,2,5,Willow FinancePlanningVersion 70,2020-03-11,2021-03-11,1,1,2026-08-24T00:00:00.000,2018-01-01T00:00:00.000,9999-12-31T00:00:00.000,1,28679af0358e56e5bdf26799f4c572ae28679af0358e56e5bdf26799f4c572ae
71,FPV000071,128,4,3,Zenith FinancePlanningVersion 71,2020-03-12,2021-03-12,1,1,2026-08-24T00:00:00.000,2018-01-01T00:00:00.000,9999-12-31T00:00:00.000,1,34d5be1726f55c43964331a4c7da438a34d5be1726f55c43964331a4c7da438a
72,FPV000072,479,10,4,Quartz FinancePlanningVersion 72,2020-03-13,2021-03-13,1,1,2026-08-24T00:00:00.000,2018-01-01T00:00:00.000,9999-12-31T00:00:00.000,1,0078ad9138645f8ab49509d567aab5e50078ad9138645f8ab49509d567aab5e5
73,FPV000073,60,2,4,Vertex FinancePlanningVersion 73,2020-03-14,2021-03-14,1,1,2026-08-24T00:00:00.000,2018-01-01T00:00:00.000,9999-12-31T00:00:00.000,1,76d1494be2e759619adee42ff132355c76d1494be2e759619adee42ff132355c
74,FPV000074,5,9,5,Junction FinancePlanningVersion 74,2020-03-15,2021-03-15,1,1,2026-08-24T00:00:00.000,2018-01-01T00:00:00.000,9999-12-31T00:00:00.000,1,1075f9750baa5e55804d9dc00c859d821075f9750baa5e55804d9dc00c859d82
75,FPV000075,429,9,4,Zenith FinancePlanningVersion 75,2020-03-16,2021-03-16,1,1,2026-08-24T00:00:00.000,2018-01-01T00:00:00.000,9999-12-31T00:00:00.000,1,f3c9ee7310785de0a72b3cbab022a150f3c9ee7310785de0a72b3cbab022a150
76,FPV000076,9,10,5,Zenith FinancePlanningVersion 76,2020-03-17,2021-03-17,1,1,2026-08-24T00:00:00.000,2018-01-01T00:00:00.000,9999-12-31T00:00:00.000,1,44e54e615de05bb1a5f2f6a46daa33a544e54e615de05bb1a5f2f6a46daa33a5
77,FPV000077,328,8,4,Unity FinancePlanningVersion 77,2020-03-18,2021-03-18,1,1,2026-08-24T00:00:00.000,2018-01-01T00:00:00.000,9999-12-31T00:00:00.000,1,d264b3b653685ceb84913b27d6bdfab9d264b3b653685ceb84913b27d6bdfab9
78,FPV000078,464,4,2,Beacon FinancePlanningVersion 78,2020-03-19,2021-03-19,1,1,2026-08-24T00:00:00.000,2018-01-01T00:00:00.000,9999-12-31T00:00:00.000,1,0abbe4ffa6c052048007f7a98ce686e60abbe4ffa6c052048007f7a98ce686e6
79,FPV000079,485,4,1,Northstar FinancePlanningVersion 79,2020-03-20,2021-03-20,1,1,2026-08-24T00:00:00.000,2018-01-01T00:00:00.000,9999-12-31T00:00:00.000,1,339feb330b2c52b49de4ef562f264958339feb330b2c52b49de4ef562f264958
80,FPV000080,98,7,4,Granite FinancePlanningVersion 80,2020-03-21,2021-03-21,1,1,2026-08-24T00:00:00.000,2018-01-01T00:00:00.000,9999-12-31T00:00:00.000,1,b7b4aa23791553da8ec45b6f4b5fbc39b7b4aa23791553da8ec45b6f4b5fbc39
81,FPV000081,425,5,4,Northstar FinancePlanningVersion 81,2020-03-22,2021-03-22,1,1,2026-08-24T00:00:00.000,2018-01-01T00:00:00.000,9999-12-31T00:00:00.000,1,47465663c525537c8c4d4e3ef303bf8247465663c525537c8c4d4e3ef303bf82
82,FPV000082,7,4,4,Cedar FinancePlanningVersion 82,2020-03-23,2021-03-23,1,1,2026-08-24T00:00:00.000,2018-01-01T00:00:00.000,9999-12-31T00:00:00.000,1,7a5e72e7ce875ef88492b77ddefc351e7a5e72e7ce875ef88492b77ddefc351e
83,FPV000083,436,7,2,Evergreen FinancePlanningVersion 83,2020-03-24,2021-03-24,1,1,2026-08-24T00:00:00.000,2018-01-01T00:00:00.000,9999-12-31T00:00:00.000,1,f14eece6535c507bbac35771fa411e3cf14eece6535c507bbac35771fa411e3c
84,FPV000084,424,6,5,Keystone FinancePlanningVersion 84,2020-03-25,2021-03-25,1,1,2026-08-24T00:00:00.000,2018-01-01T00:00:00.000,9999-12-31T00:00:00.000,1,a4461d48b17b56449c3291e2abd70abfa4461d48b17b56449c3291e2abd70abf
85,FPV000085,397,9,5,Orion FinancePlanningVersion 85,2020-03-26,2021-03-26,1,1,2026-08-24T00:00:00.000,2018-01-01T00:00:00.000,9999-12-31T00:00:00.000,1,77f6d5b32f8d5897979a46186627cf6077f6d5b32f8d5897979a46186627cf60
86,FPV000086,331,9,4,Quartz FinancePlanningVersion 86,2020-03-27,2021-03-27,1,1,2026-08-24T00:00:00.000,2018-01-01T00:00:00.000,9999-12-31T00:00:00.000,1,fea83cbfb25855bbb1a140c396d683bcfea83cbfb25855bbb1a140c396d683bc
87,FPV000087,131,8,2,Cedar FinancePlanningVersion 87,2020-03-28,2021-03-28,1,1,2026-08-24T00:00:00.000,2018-01-01T00:00:00.000,9999-12-31T00:00:00.000,1,fb63426f280b5b72957f789bf767272dfb63426f280b5b72957f789bf767272d
88,FPV000088,177,6,2,Zenith FinancePlanningVersion 88,2020-03-29,2021-03-29,1,1,2026-08-24T00:00:00.000,2018-01-01T00:00:00.000,9999-12-31T00:00:00.000,1,071174def5ec5f93b1bc5289c105c4e4071174def5ec5f93b1bc5289c105c4e4
89,FPV000089,208,7,3,Unity FinancePlanningVersion 89,2020-03-30,2021-03-30,1,1,2026-08-24T00:00:00.000,2018-01-01T00:00:00.000,9999-12-31T00:00:00.000,1,b9bffe2b0f6b50e194df7da249433fb1b9bffe2b0f6b50e194df7da249433fb1
90,FPV000090,144,6,3,Evergreen FinancePlanningVersion 90,2020-03-31,2021-03-31,1,1,2026-08-24T00:00:00.000,2018-01-01T00:00:00.000,9999-12-31T00:00:00.000,1,edab7864f1995305981448058d008823edab7864f1995305981448058d008823
91,FPV000091,307,8,2,Northstar FinancePlanningVersion 91,2020-04-01,2021-04-01,1,1,2026-08-24T00:00:00.000,2018-01-01T00:00:00.000,9999-12-31T00:00:00.000,1,8efa32f3e7575dc1a9ec113b17ba42578efa32f3e7575dc1a9ec113b17ba4257
92,FPV000092,60,5,5,Titan FinancePlanningVersion 92,2020-04-02,2021-04-02,1,1,2026-08-24T00:00:00.000,2018-01-01T00:00:00.000,9999-12-31T00:00:00.000,1,0700ff6e7b3653b884b7aeaeb0be53850700ff6e7b3653b884b7aeaeb0be5385
93,FPV000093,163,5,1,Keystone FinancePlanningVersion 93,2020-04-03,2021-04-03,1,1,2026-08-24T00:00:00.000,2018-01-01T00:00:00.000,9999-12-31T00:00:00.000,1,e4e73307e7d95b6ba52a8679a7c06150e4e73307e7d95b6ba52a8679a7c06150
94,FPV000094,374,7,4,Willow FinancePlanningVersion 94,2020-04-04,2021-04-04,1,1,2026-08-24T00:00:00.000,2018-01-01T00:00:00.000,9999-12-31T00:00:00.000,1,8a67b917b9635cc2acda643323b364c08a67b917b9635cc2acda643323b364c0
95,FPV000095,150,2,3,Junction FinancePlanningVersion 95,2020-04-05,2021-04-05,1,1,2026-08-24T00:00:00.000,2018-01-01T00:00:00.000,9999-12-31T00:00:00.000,1,2b0d72146c76548597d76c3629026ab52b0d72146c76548597d76c3629026ab5
96,FPV000096,126,7,2,Cedar FinancePlanningVersion 96,2020-04-06,2021-04-06,1,1,2026-08-24T00:00:00.000,2018-01-01T00:00:00.000,9999-12-31T00:00:00.000,1,a745c55fdc835d15a2b6ba2f79f75aeba745c55fdc835d15a2b6ba2f79f75aeb
97,FPV000097,382,8,4,Vertex FinancePlanningVersion 97,2020-04-07,2021-04-07,1,1,2026-08-24T00:00:00.000,2018-01-01T00:00:00.000,9999-12-31T00:00:00.000,1,eb81cdfe683255c3916a0b6014ce6e27eb81cdfe683255c3916a0b6014ce6e27
98,FPV000098,468,5,5,Willow FinancePlanningVersion 98,2020-04-08,2021-04-08,1,1,2026-08-24T00:00:00.000,2018-01-01T00:00:00.000,9999-12-31T00:00:00.000,1,5812f0a492265c1ebd48307ebc1a91665812f0a492265c1ebd48307ebc1a9166
99,FPV000099,382,5,1,Cedar FinancePlanningVersion 99,2020-04-09,2021-04-09,1,1,2026-08-24T00:00:00.000,2018-01-01T00:00:00.000,9999-12-31T00:00:00.000,1,38e8682c4ea95d1282ea9e144b295b3e38e8682c4ea95d1282ea9e144b295b3e
100,FPV000100,244,6,1,Granite FinancePlanningVersion 100,2020-04-10,2021-04-10,1,1,2026-08-24T00:00:00.000,2018-01-01T00:00:00.000,9999-12-31T00:00:00.000,1,6e89392b442c5761a17dc99a42b064086e89392b442c5761a17dc99a42b06408
101,FPV000101,341,2,3,Junction FinancePlanningVersion 101,2020-04-11,2021-04-11,1,1,2026-08-24T00:00:00.000,2018-01-01T00:00:00.000,9999-12-31T00:00:00.000,1,28db529331285f4d9e7aac42f25c41ad28db529331285f4d9e7aac42f25c41ad
102,FPV000102,39,6,5,Granite FinancePlanningVersion 102,2020-04-12,2021-04-12,1,1,2026-08-24T00:00:00.000,2018-01-01T00:00:00.000,9999-12-31T00:00:00.000,1,228f64ea7d6858939f46504d0beb53e6228f64ea7d6858939f46504d0beb53e6
103,FPV000103,417,8,2,Atlas FinancePlanningVersion 103,2020-04-13,2021-04-13,1,1,2026-08-24T00:00:00.000,2018-01-01T00:00:00.000,9999-12-31T00:00:00.000,1,2619c68ab2b2510d92d77c3f4299dda62619c68ab2b2510d92d77c3f4299dda6
104,FPV000104,128,5,2,Keystone FinancePlanningVersion 104,2020-04-14,2021-04-14,1,1,2026-08-24T00:00:00.000,2018-01-01T00:00:00.000,9999-12-31T00:00:00.000,1,1421dac9d7bf571581000745bd6814041421dac9d7bf571581000745bd681404
105,FPV000105,445,7,2,Quartz FinancePlanningVersion 105,2020-04-15,2021-04-15,1,1,2026-08-24T00:00:00.000,2018-01-01T00:00:00.000,9999-12-31T00:00:00.000,1,605700ceadb155fabe246b19de0bb12e605700ceadb155fabe246b19de0bb12e
106,FPV000106,340,10,3,Liberty FinancePlanningVersion 106,2020-04-16,2021-04-16,1,1,2026-08-24T00:00:00.000,2018-01-01T00:00:00.000,9999-12-31T00:00:00.000,1,4c6e02d0fc8c561b878520e6e381062f4c6e02d0fc8c561b878520e6e381062f
107,FPV000107,415,1,1,Cedar FinancePlanningVersion 107,2020-04-17,2021-04-17,1,1,2026-08-24T00:00:00.000,2018-01-01T00:00:00.000,9999-12-31T00:00:00.000,1,18fcfe4ea30a5897854922b7d727983818fcfe4ea30a5897854922b7d7279838
108,FPV000108,218,9,3,Summit FinancePlanningVersion 108,2020-04-18,2021-04-18,1,1,2026-08-24T00:00:00.000,2018-01-01T00:00:00.000,9999-12-31T00:00:00.000,1,442e824536bb5738bf9c33a3861513f7442e824536bb5738bf9c33a3861513f7
109,FPV000109,453,6,3,Orion FinancePlanningVersion 109,2020-04-19,2021-04-19,1,1,2026-08-24T00:00:00.000,2018-01-01T00:00:00.000,9999-12-31T00:00:00.000,1,89956727fc925511915b55da565fa32889956727fc925511915b55da565fa328
110,FPV000110,407,2,3,Pioneer FinancePlanningVersion 110,2020-04-20,2021-04-20,1,1,2026-08-24T00:00:00.000,2018-01-01T00:00:00.000,9999-12-31T00:00:00.000,1,71584fe9739f57dabcb8574c6ac2551a71584fe9739f57dabcb8574c6ac2551a
111,FPV000111,356,2,5,Unity FinancePlanningVersion 111,2020-04-21,2021-04-21,1,1,2026-08-24T00:00:00.000,2018-01-01T00:00:00.000,9999-12-31T00:00:00.000,1,583332b8221754e3acc6ab664b06cc05583332b8221754e3acc6ab664b06cc05
112,FPV000112,103,7,2,Meridian FinancePlanningVersion 112,2020-04-22,2021-04-22,1,1,2026-08-24T00:00:00.000,2018-01-01T00:00:00.000,9999-12-31T00:00:00.000,1,1d6342d48bba599abc558cb885acf4ff1d6342d48bba599abc558cb885acf4ff
113,FPV000113,2,2,5,Ion FinancePlanningVersion 113,2020-04-23,2021-04-23,1,1,2026-08-24T00:00:00.000,2018-01-01T00:00:00.000,9999-12-31T00:00:00.000,1,e244131ef4bc514ba38847fd45c6d4c9e244131ef4bc514ba38847fd45c6d4c9
114,FPV000114,329,8,5,Willow FinancePlanningVersion 114,2020-04-24,2021-04-24,1,1,2026-08-24T00:00:00.000,2018-01-01T00:00:00.000,9999-12-31T00:00:00.000,1,539ce1fa166b5ba9b7bdfc918c69283c539ce1fa166b5ba9b7bdfc918c69283c
115,FPV000115,338,8,1,Willow FinancePlanningVersion 115,2020-04-25,2021-04-25,1,1,2026-08-24T00:00:00.000,2018-01-01T00:00:00.000,9999-12-31T00:00:00.000,1,d88a5011192e5d6d998a96e1047db881d88a5011192e5d6d998a96e1047db881
116,FPV000116,481,9,3,Riverton FinancePlanningVersion 116,2020-04-26,2021-04-26,1,1,2026-08-24T00:00:00.000,2018-01-01T00:00:00.000,9999-12-31T00:00:00.000,1,f1b7f4e4dcec507f9c187506d76aa4eef1b7f4e4dcec507f9c187506d76aa4ee
117,FPV000117,498,3,1,Unity FinancePlanningVersion 117,2020-04-27,2021-04-27,1,1,2026-08-24T00:00:00.000,2018-01-01T00:00:00.000,9999-12-31T00:00:00.000,1,6621fb8a391e587ebd970a25ddb8e3236621fb8a391e587ebd970a25ddb8e323
118,FPV000118,358,6,5,Meridian FinancePlanningVersion 118,2020-04-28,2021-04-28,1,1,2026-08-24T00:00:00.000,2018-01-01T00:00:00.000,9999-12-31T00:00:00.000,1,8750b47d3f3f5675aa2eb0899577d0978750b47d3f3f5675aa2eb0899577d097
119,FPV000119,198,9,2,Zenith FinancePlanningVersion 119,2020-04-29,2021-04-29,1,1,2026-08-24T00:00:00.000,2018-01-01T00:00:00.000,9999-12-31T00:00:00.000,1,aab857324dd45c0699904f8c196838daaab857324dd45c0699904f8c196838da
120,FPV000120,276,10,1,Unity FinancePlanningVersion 120,2020-04-30,2021-04-30,1,1,2026-08-24T00:00:00.000,2018-01-01T00:00:00.000,9999-12-31T00:00:00.000,1,ef3dba707f345132975f166837f0ed5fef3dba707f345132975f166837f0ed5f
121,FPV000121,239,8,1,Keystone FinancePlanningVersion 121,2020-05-01,2021-05-01,1,1,2026-08-24T00:00:00.000,2018-01-01T00:00:00.000,9999-12-31T00:00:00.000,1,69d3f360b703502995d513a1c8d3d01b69d3f360b703502995d513a1c8d3d01b
122,FPV000122,497,4,2,Titan FinancePlanningVersion 122,2020-05-02,2021-05-02,1,1,2026-08-24T00:00:00.000,2018-01-01T00:00:00.000,9999-12-31T00:00:00.000,1,93d2c641d1a95e6cb1845c389ec1d67e93d2c641d1a95e6cb1845c389ec1d67e
123,FPV000123,309,6,2,Keystone FinancePlanningVersion 123,2020-05-03,2021-05-03,1,1,2026-08-24T00:00:00.000,2018-01-01T00:00:00.000,9999-12-31T00:00:00.000,1,b4aa4cb682735c5286392feaa3eb7afcb4aa4cb682735c5286392feaa3eb7afc
124,FPV000124,117,10,2,Junction FinancePlanningVersion 124,2020-05-04,2021-05-04,1,1,2026-08-24T00:00:00.000,2018-01-01T00:00:00.000,9999-12-31T00:00:00.000,1,d18d44609f14538ca992a680d7931147d18d44609f14538ca992a680d7931147
125,FPV000125,39,4,4,Delta FinancePlanningVersion 125,2020-05-05,2021-05-05,1,1,2026-08-24T00:00:00.000,2018-01-01T00:00:00.000,9999-12-31T00:00:00.000,1,44b725f4edc155518b97d57cabee4bae44b725f4edc155518b97d57cabee4bae
126,FPV000126,147,2,3,Cedar FinancePlanningVersion 126,2020-05-06,2021-05-06,1,1,2026-08-24T00:00:00.000,2018-01-01T00:00:00.000,9999-12-31T00:00:00.000,1,aa82e04bf72b5a41bcce64439a040327aa82e04bf72b5a41bcce64439a040327
127,FPV000127,101,1,4,Riverton FinancePlanningVersion 127,2020-05-07,2021-05-07,1,1,2026-08-24T00:00:00.000,2018-01-01T00:00:00.000,9999-12-31T00:00:00.000,1,ff68a88752eb52b4aaa7b2cc83ae5094ff68a88752eb52b4aaa7b2cc83ae5094
128,FPV000128,371,4,5,Granite FinancePlanningVersion 128,2020-05-08,2021-05-08,1,1,2026-08-24T00:00:00.000,2018-01-01T00:00:00.000,9999-12-31T00:00:00.000,1,1eb9a782ff7454c99b1c9c7ffe189b6c1eb9a782ff7454c99b1c9c7ffe189b6c
129,FPV000129,141,4,3,Vertex FinancePlanningVersion 129,2020-05-09,2021-05-09,1,1,2026-08-24T00:00:00.000,2018-01-01T00:00:00.000,9999-12-31T00:00:00.000,1,3c1cb7b0cfa157cabebed2514095b5d43c1cb7b0cfa157cabebed2514095b5d4
130,FPV000130,460,10,2,Northstar FinancePlanningVersion 130,2020-05-10,2021-05-10,1,1,2026-08-24T00:00:00.000,2018-01-01T00:00:00.000,9999-12-31T00:00:00.000,1,603d0e01864651afa3f3d1278a5951b0603d0e01864651afa3f3d1278a5951b0
131,FPV000131,340,3,2,Evergreen FinancePlanningVersion 131,2020-05-11,2021-05-11,1,1,2026-08-24T00:00:00.000,2018-01-01T00:00:00.000,9999-12-31T00:00:00.000,1,904e20c2b0ec558280de77c59a19c49d904e20c2b0ec558280de77c59a19c49d
132,FPV000132,423,8,4,Granite FinancePlanningVersion 132,2020-05-12,2021-05-12,1,1,2026-08-24T00:00:00.000,2018-01-01T00:00:00.000,9999-12-31T00:00:00.000,1,4e555dc100705fea97bfcda5f0a8bc4d4e555dc100705fea97bfcda5f0a8bc4d
133,FPV000133,278,4,2,Meridian FinancePlanningVersion 133,2020-05-13,2021-05-13,1,1,2026-08-24T00:00:00.000,2018-01-01T00:00:00.000,9999-12-31T00:00:00.000,1,b9fd0acce0e952f9975b0bbfa80f76bfb9fd0acce0e952f9975b0bbfa80f76bf
134,FPV000134,132,2,2,Vertex FinancePlanningVersion 134,2020-05-14,2021-05-14,1,1,2026-08-24T00:00:00.000,2018-01-01T00:00:00.000,9999-12-31T00:00:00.000,1,2781dec1454f5a23a6980e7a41ec09a12781dec1454f5a23a6980e7a41ec09a1
135,FPV000135,146,6,1,Vertex FinancePlanningVersion 135,2020-05-15,2021-05-15,1,1,2026-08-24T00:00:00.000,2018-01-01T00:00:00.000,9999-12-31T00:00:00.000,1,ff3abe35e9775ecfa87e684e254184e2ff3abe35e9775ecfa87e684e254184e2
136,FPV000136,305,6,2,Liberty FinancePlanningVersion 136,2020-05-16,2021-05-16,1,1,2026-08-24T00:00:00.000,2018-01-01T00:00:00.000,9999-12-31T00:00:00.000,1,6ab04b1a26805e47be37474ac212d0e76ab04b1a26805e47be37474ac212d0e7
137,FPV000137,424,8,4,Titan FinancePlanningVersion 137,2020-05-17,2021-05-17,1,1,2026-08-24T00:00:00.000,2018-01-01T00:00:00.000,9999-12-31T00:00:00.000,1,9baae62a7d80502ea74fff6fd7189c039baae62a7d80502ea74fff6fd7189c03
138,FPV000138,166,10,4,Quartz FinancePlanningVersion 138,2020-05-18,2021-05-18,1,1,2026-08-24T00:00:00.000,2018-01-01T00:00:00.000,9999-12-31T00:00:00.000,1,8511b4c8d2305dde939eb9e55eae9f608511b4c8d2305dde939eb9e55eae9f60
139,FPV000139,256,1,4,Harbor FinancePlanningVersion 139,2020-05-19,2021-05-19,1,1,2026-08-24T00:00:00.000,2018-01-01T00:00:00.000,9999-12-31T00:00:00.000,1,f86bcce85c425f1abc6f572b9bc7e43af86bcce85c425f1abc6f572b9bc7e43a
140,FPV000140,398,9,3,Keystone FinancePlanningVersion 140,2020-05-20,2021-05-20,1,1,2026-08-24T00:00:00.000,2018-01-01T00:00:00.000,9999-12-31T00:00:00.000,1,07ecf031a383560e9205e9a2ade445f007ecf031a383560e9205e9a2ade445f0
141,FPV000141,222,8,4,Meridian FinancePlanningVersion 141,2020-05-21,2021-05-21,1,1,2026-08-24T00:00:00.000,2018-01-01T00:00:00.000,9999-12-31T00:00:00.000,1,9d71440916375687af59d46ef909787c9d71440916375687af59d46ef909787c
142,FPV000142,375,8,3,Evergreen FinancePlanningVersion 142,2020-05-22,2021-05-22,1,1,2026-08-24T00:00:00.000,2018-01-01T00:00:00.000,9999-12-31T00:00:00.000,1,c90daa1d34e452f18dfd325ab0b546dbc90daa1d34e452f18dfd325ab0b546db
143,FPV000143,308,7,4,Northstar FinancePlanningVersion 143,2020-05-23,2021-05-23,1,1,2026-08-24T00:00:00.000,2018-01-01T00:00:00.000,9999-12-31T00:00:00.000,1,39991c33509853d58ec7f6438973192039991c33509853d58ec7f64389731920
144,FPV000144,364,8,5,Forge FinancePlanningVersion 144,2020-05-24,2021-05-24,1,1,2026-08-24T00:00:00.000,2018-01-01T00:00:00.000,9999-12-31T00:00:00.000,1,e0cd1990e567540f99b24799f899545be0cd1990e567540f99b24799f899545b
145,FPV000145,73,3,2,Quartz FinancePlanningVersion 145,2020-05-25,2021-05-25,1,1,2026-08-24T00:00:00.000,2018-01-01T00:00:00.000,9999-12-31T00:00:00.000,1,0864bf405b0e54579374b4832e302fd20864bf405b0e54579374b4832e302fd2
146,FPV000146,221,1,1,Titan FinancePlanningVersion 146,2020-05-26,2021-05-26,1,1,2026-08-24T00:00:00.000,2018-01-01T00:00:00.000,9999-12-31T00:00:00.000,1,d44b9bd786f35c09bb4b3cef50fa0070d44b9bd786f35c09bb4b3cef50fa0070
147,FPV000147,468,3,1,Willow FinancePlanningVersion 147,2020-05-27,2021-05-27,1,1,2026-08-24T00:00:00.000,2018-01-01T00:00:00.000,9999-12-31T00:00:00.000,1,7653cf0e2dff5e0db0ad4ab7948afeb27653cf0e2dff5e0db0ad4ab7948afeb2
148,FPV000148,249,9,4,Summit FinancePlanningVersion 148,2020-05-28,2021-05-28,1,1,2026-08-24T00:00:00.000,2018-01-01T00:00:00.000,9999-12-31T00:00:00.000,1,fcc132fc7cfb567e91d9c7554b8c2001fcc132fc7cfb567e91d9c7554b8c2001
149,FPV000149,181,8,5,Vertex FinancePlanningVersion 149,2020-05-29,2021-05-29,1,1,2026-08-24T00:00:00.000,2018-01-01T00:00:00.000,9999-12-31T00:00:00.000,1,83495db6782150cfa7c4bc8c1f4f8a7b83495db6782150cfa7c4bc8c1f4f8a7b
150,FPV000150,464,5,4,Delta FinancePlanningVersion 150,2020-05-30,2021-05-30,1,1,2026-08-24T00:00:00.000,2018-01-01T00:00:00.000,9999-12-31T00:00:00.000,1,62db5205a0515e56a909466c709ae0da62db5205a0515e56a909466c709ae0da
151,FPV000151,179,7,1,Forge FinancePlanningVersion 151,2020-05-31,2021-05-31,1,1,2026-08-24T00:00:00.000,2018-01-01T00:00:00.000,9999-12-31T00:00:00.000,1,07312ad2b562568d92f82113deb3e60507312ad2b562568d92f82113deb3e605
152,FPV000152,327,2,4,Granite FinancePlanningVersion 152,2020-06-01,2021-06-01,1,1,2026-08-24T00:00:00.000,2018-01-01T00:00:00.000,9999-12-31T00:00:00.000,1,05bc2eb077ce5add9274cfaf4cf618f405bc2eb077ce5add9274cfaf4cf618f4
153,FPV000153,1,9,2,Junction FinancePlanningVersion 153,2020-06-02,2021-06-02,1,1,2026-08-24T00:00:00.000,2018-01-01T00:00:00.000,9999-12-31T00:00:00.000,1,cfb50af750e35c79b1952ca8cd09d631cfb50af750e35c79b1952ca8cd09d631
154,FPV000154,343,5,3,Forge FinancePlanningVersion 154,2020-06-03,2021-06-03,1,1,2026-08-24T00:00:00.000,2018-01-01T00:00:00.000,9999-12-31T00:00:00.000,1,1fa139ae419159839e403cd8a83496a61fa139ae419159839e403cd8a83496a6
155,FPV000155,175,5,1,Willow FinancePlanningVersion 155,2020-06-04,2021-06-04,1,1,2026-08-24T00:00:00.000,2018-01-01T00:00:00.000,9999-12-31T00:00:00.000,1,4818078c6ada5c269b31a8c7c67e5ebf4818078c6ada5c269b31a8c7c67e5ebf
156,FPV000156,314,4,5,Unity FinancePlanningVersion 156,2020-06-05,2021-06-05,1,1,2026-08-24T00:00:00.000,2018-01-01T00:00:00.000,9999-12-31T00:00:00.000,1,921dcf9d579b5e42b9acfe1b26578f5f921dcf9d579b5e42b9acfe1b26578f5f
157,FPV000157,325,6,2,Liberty FinancePlanningVersion 157,2020-06-06,2021-06-06,1,1,2026-08-24T00:00:00.000,2018-01-01T00:00:00.000,9999-12-31T00:00:00.000,1,db6ecb42aeb35a5f958c4f5c54fba2d0db6ecb42aeb35a5f958c4f5c54fba2d0
158,FPV000158,219,6,3,Evergreen FinancePlanningVersion 158,2020-06-07,2021-06-07,1,1,2026-08-24T00:00:00.000,2018-01-01T00:00:00.000,9999-12-31T00:00:00.000,1,4bfda695e1cf556498083c62c0575a2f4bfda695e1cf556498083c62c0575a2f
159,FPV000159,155,9,1,Meridian FinancePlanningVersion 159,2020-06-08,2021-06-08,1,1,2026-08-24T00:00:00.000,2018-01-01T00:00:00.000,9999-12-31T00:00:00.000,1,55a8a252ff965435abfe6c1395a116dc55a8a252ff965435abfe6c1395a116dc
160,FPV000160,488,1,2,Quartz FinancePlanningVersion 160,2020-06-09,2021-06-09,1,1,2026-08-24T00:00:00.000,2018-01-01T00:00:00.000,9999-12-31T00:00:00.000,1,5c58a6dc20475cc79b71756f8d2728b45c58a6dc20475cc79b71756f8d2728b4
161,FPV000161,200,10,2,Harbor FinancePlanningVersion 161,2020-06-10,2021-06-10,1,1,2026-08-24T00:00:00.000,2018-01-01T00:00:00.000,9999-12-31T00:00:00.000,1,e813d3aa14e15f1ca1163e36c2bb4ed3e813d3aa14e15f1ca1163e36c2bb4ed3
162,FPV000162,228,2,4,Northstar FinancePlanningVersion 162,2020-06-11,2021-06-11,1,1,2026-08-24T00:00:00.000,2018-01-01T00:00:00.000,9999-12-31T00:00:00.000,1,47e651a8edbc543d9ce7fdcb3c95c5f647e651a8edbc543d9ce7fdcb3c95c5f6
163,FPV000163,265,6,1,Liberty FinancePlanningVersion 163,2020-06-12,2021-06-12,1,1,2026-08-24T00:00:00.000,2018-01-01T00:00:00.000,9999-12-31T00:00:00.000,1,06ca8728fc9d5d2d93b03bfe3c5bd6d506ca8728fc9d5d2d93b03bfe3c5bd6d5
164,FPV000164,419,5,2,Ion FinancePlanningVersion 164,2020-06-13,2021-06-13,1,1,2026-08-24T00:00:00.000,2018-01-01T00:00:00.000,9999-12-31T00:00:00.000,1,453ba6131f5d558abffb2743c9e60353453ba6131f5d558abffb2743c9e60353
165,FPV000165,195,4,5,Summit FinancePlanningVersion 165,2020-06-14,2021-06-14,1,1,2026-08-24T00:00:00.000,2018-01-01T00:00:00.000,9999-12-31T00:00:00.000,1,c6c02b7562f754c18913ab6c01608534c6c02b7562f754c18913ab6c01608534
166,FPV000166,84,10,3,Atlas FinancePlanningVersion 166,2020-06-15,2021-06-15,1,1,2026-08-24T00:00:00.000,2018-01-01T00:00:00.000,9999-12-31T00:00:00.000,1,1ce1314f590a5a3cab7826d19da316231ce1314f590a5a3cab7826d19da31623
167,FPV000167,492,4,5,Meridian FinancePlanningVersion 167,2020-06-16,2021-06-16,1,1,2026-08-24T00:00:00.000,2018-01-01T00:00:00.000,9999-12-31T00:00:00.000,1,19f58a0e51875f7d94aedf5f2933b51b19f58a0e51875f7d94aedf5f2933b51b
168,FPV000168,283,10,4,Northstar FinancePlanningVersion 168,2020-06-17,2021-06-17,1,1,2026-08-24T00:00:00.000,2018-01-01T00:00:00.000,9999-12-31T00:00:00.000,1,ba74d0bb8543590f8703f48c6bad5fccba74d0bb8543590f8703f48c6bad5fcc
169,FPV000169,253,9,2,Liberty FinancePlanningVersion 169,2020-06-18,2021-06-18,1,1,2026-08-24T00:00:00.000,2018-01-01T00:00:00.000,9999-12-31T00:00:00.000,1,9944b51a56fa5f068c558f7c5f3ed7859944b51a56fa5f068c558f7c5f3ed785
170,FPV000170,469,3,5,Atlas FinancePlanningVersion 170,2020-06-19,2021-06-19,1,1,2026-08-24T00:00:00.000,2018-01-01T00:00:00.000,9999-12-31T00:00:00.000,1,015e19d03b3e57e59744d132a7dc7866015e19d03b3e57e59744d132a7dc7866
171,FPV000171,439,10,3,Forge FinancePlanningVersion 171,2020-06-20,2021-06-20,1,1,2026-08-24T00:00:00.000,2018-01-01T00:00:00.000,9999-12-31T00:00:00.000,1,af6b4e99ecf1552693933bf331db2adeaf6b4e99ecf1552693933bf331db2ade
172,FPV000172,312,8,3,Riverton FinancePlanningVersion 172,2020-06-21,2021-06-21,1,1,2026-08-24T00:00:00.000,2018-01-01T00:00:00.000,9999-12-31T00:00:00.000,1,c9fb1265b46b5c1c8243172433bf0c86c9fb1265b46b5c1c8243172433bf0c86
173,FPV000173,312,3,3,Willow FinancePlanningVersion 173,2020-06-22,2021-06-22,1,1,2026-08-24T00:00:00.000,2018-01-01T00:00:00.000,9999-12-31T00:00:00.000,1,393c5b51fd8850f7ad18c4eb4f996805393c5b51fd8850f7ad18c4eb4f996805
174,FPV000174,194,6,2,Junction FinancePlanningVersion 174,2020-06-23,2021-06-23,1,1,2026-08-24T00:00:00.000,2018-01-01T00:00:00.000,9999-12-31T00:00:00.000,1,84879fa3fe8b51228fc1656a99c6e29f84879fa3fe8b51228fc1656a99c6e29f
175,FPV000175,130,8,2,Pioneer FinancePlanningVersion 175,2020-06-24,2021-06-24,1,1,2026-08-24T00:00:00.000,2018-01-01T00:00:00.000,9999-12-31T00:00:00.000,1,e96b70a4d65857308dd34b373302e60de96b70a4d65857308dd34b373302e60d
176,FPV000176,172,6,4,Vertex FinancePlanningVersion 176,2020-06-25,2021-06-25,1,1,2026-08-24T00:00:00.000,2018-01-01T00:00:00.000,9999-12-31T00:00:00.000,1,036b7d1099655780a7b1468e72ac0a0a036b7d1099655780a7b1468e72ac0a0a
177,FPV000177,266,8,3,Northstar FinancePlanningVersion 177,2020-06-26,2021-06-26,1,1,2026-08-24T00:00:00.000,2018-01-01T00:00:00.000,9999-12-31T00:00:00.000,1,32f9c8ad0380581db2cd2ca30b2a71f832f9c8ad0380581db2cd2ca30b2a71f8
178,FPV000178,373,10,3,Summit FinancePlanningVersion 178,2020-06-27,2021-06-27,1,1,2026-08-24T00:00:00.000,2018-01-01T00:00:00.000,9999-12-31T00:00:00.000,1,48a10ce97e0f51b0a558148c77c316bf48a10ce97e0f51b0a558148c77c316bf
179,FPV000179,349,4,2,Keystone FinancePlanningVersion 179,2020-06-28,2021-06-28,1,1,2026-08-24T00:00:00.000,2018-01-01T00:00:00.000,9999-12-31T00:00:00.000,1,42eff69709995ababcbfcf3060fd8cd342eff69709995ababcbfcf3060fd8cd3
180,FPV000180,239,4,2,Ion FinancePlanningVersion 180,2020-06-29,2021-06-29,1,1,2026-08-24T00:00:00.000,2018-01-01T00:00:00.000,9999-12-31T00:00:00.000,1,06197201401d5ed6ba85a5ecf503153c06197201401d5ed6ba85a5ecf503153c
181,FPV000181,7,3,1,Forge FinancePlanningVersion 181,2020-06-30,2021-06-30,1,1,2026-08-24T00:00:00.000,2018-01-01T00:00:00.000,9999-12-31T00:00:00.000,1,89eccd129580500392eb6e7c0ff1249e89eccd129580500392eb6e7c0ff1249e
182,FPV000182,466,3,3,Evergreen FinancePlanningVersion 182,2020-07-01,2021-07-01,1,1,2026-08-24T00:00:00.000,2018-01-01T00:00:00.000,9999-12-31T00:00:00.000,1,33d03fe605be568c8272a87e34a873c033d03fe605be568c8272a87e34a873c0
183,FPV000183,35,6,4,Riverton FinancePlanningVersion 183,2020-07-02,2021-07-02,1,1,2026-08-24T00:00:00.000,2018-01-01T00:00:00.000,9999-12-31T00:00:00.000,1,b1b98ab620f2527a856a3f6242e02a61b1b98ab620f2527a856a3f6242e02a61
184,FPV000184,109,8,1,Riverton FinancePlanningVersion 184,2020-07-03,2021-07-03,1,1,2026-08-24T00:00:00.000,2018-01-01T00:00:00.000,9999-12-31T00:00:00.000,1,9ee23fbf02fe5e69b0c00a9fd1ed65f49ee23fbf02fe5e69b0c00a9fd1ed65f4
185,FPV000185,148,3,3,Unity FinancePlanningVersion 185,2020-07-04,2021-07-04,1,1,2026-08-24T00:00:00.000,2018-01-01T00:00:00.000,9999-12-31T00:00:00.000,1,60a80956482a5b6a8748064f25d144e460a80956482a5b6a8748064f25d144e4
186,FPV000186,190,2,5,Riverton FinancePlanningVersion 186,2020-07-05,2021-07-05,1,1,2026-08-24T00:00:00.000,2018-01-01T00:00:00.000,9999-12-31T00:00:00.000,1,0d417f21269a5e5fb4a292775ef9f7ec0d417f21269a5e5fb4a292775ef9f7ec
187,FPV000187,362,8,5,Northstar FinancePlanningVersion 187,2020-07-06,2021-07-06,1,1,2026-08-24T00:00:00.000,2018-01-01T00:00:00.000,9999-12-31T00:00:00.000,1,c23db24eed7f5790a5244cb874bad403c23db24eed7f5790a5244cb874bad403
188,FPV000188,490,2,5,Pioneer FinancePlanningVersion 188,2020-07-07,2021-07-07,1,1,2026-08-24T00:00:00.000,2018-01-01T00:00:00.000,9999-12-31T00:00:00.000,1,b6fdf9b8b48e55a1b8cb30b3e30d4088b6fdf9b8b48e55a1b8cb30b3e30d4088
189,FPV000189,223,2,3,Forge FinancePlanningVersion 189,2020-07-08,2021-07-08,1,1,2026-08-24T00:00:00.000,2018-01-01T00:00:00.000,9999-12-31T00:00:00.000,1,6036d34ba59d5eccb97edb2e560ce1806036d34ba59d5eccb97edb2e560ce180
190,FPV000190,140,9,1,Riverton FinancePlanningVersion 190,2020-07-09,2021-07-09,1,1,2026-08-24T00:00:00.000,2018-01-01T00:00:00.000,9999-12-31T00:00:00.000,1,c92be89fa61f5517b5ea45aff88e2215c92be89fa61f5517b5ea45aff88e2215
191,FPV000191,271,9,2,Keystone FinancePlanningVersion 191,2020-07-10,2021-07-10,1,1,2026-08-24T00:00:00.000,2018-01-01T00:00:00.000,9999-12-31T00:00:00.000,1,0541fade376c543c846985aae92d3aab0541fade376c543c846985aae92d3aab
192,FPV000192,131,5,3,Summit FinancePlanningVersion 192,2020-07-11,2021-07-11,1,1,2026-08-24T00:00:00.000,2018-01-01T00:00:00.000,9999-12-31T00:00:00.000,1,10b27906142d5cf7b8d869df2ee6a25b10b27906142d5cf7b8d869df2ee6a25b
193,FPV000193,58,5,3,Harbor FinancePlanningVersion 193,2020-07-12,2021-07-12,1,1,2026-08-24T00:00:00.000,2018-01-01T00:00:00.000,9999-12-31T00:00:00.000,1,37a4ab8df2af5d848b996c100b18113637a4ab8df2af5d848b996c100b181136
194,FPV000194,63,5,1,Beacon FinancePlanningVersion 194,2020-07-13,2021-07-13,1,1,2026-08-24T00:00:00.000,2018-01-01T00:00:00.000,9999-12-31T00:00:00.000,1,b9f2f2dd672952dd9dc27ad4ec562103b9f2f2dd672952dd9dc27ad4ec562103
195,FPV000195,191,10,4,Riverton FinancePlanningVersion 195,2020-07-14,2021-07-14,1,1,2026-08-24T00:00:00.000,2018-01-01T00:00:00.000,9999-12-31T00:00:00.000,1,880d6d801d195dc587bdd6d4a98ee41e880d6d801d195dc587bdd6d4a98ee41e
196,FPV000196,223,4,1,Forge FinancePlanningVersion 196,2020-07-15,2021-07-15,1,1,2026-08-24T00:00:00.000,2018-01-01T00:00:00.000,9999-12-31T00:00:00.000,1,d36879960f995abb9cc3a366a4bb4ac7d36879960f995abb9cc3a366a4bb4ac7
197,FPV000197,270,9,5,Summit FinancePlanningVersion 197,2020-07-16,2021-07-16,1,1,2026-08-24T00:00:00.000,2018-01-01T00:00:00.000,9999-12-31T00:00:00.000,1,4bb1245987fd5dc6bf8a65893f2f5e3b4bb1245987fd5dc6bf8a65893f2f5e3b
198,FPV000198,378,9,5,Atlas FinancePlanningVersion 198,2020-07-17,2021-07-17,1,1,2026-08-24T00:00:00.000,2018-01-01T00:00:00.000,9999-12-31T00:00:00.000,1,4c2d3a634f2c5e63acf7e51301e9a0024c2d3a634f2c5e63acf7e51301e9a002
199,FPV000199,196,9,3,Delta FinancePlanningVersion 199,2020-07-18,2021-07-18,1,1,2026-08-24T00:00:00.000,2018-01-01T00:00:00.000,9999-12-31T00:00:00.000,1,71031a34e5ce50dd881027c13a1da11071031a34e5ce50dd881027c13a1da110
200,FPV000200,249,10,2,Ion FinancePlanningVersion 200,2020-07-19,2021-07-19,1,1,2026-08-24T00:00:00.000,2018-01-01T00:00:00.000,9999-12-31T00:00:00.000,1,cfbb0584dbea54478e83d9141f54c1afcfbb0584dbea54478e83d9141f54c1af
201,FPV000201,136,4,1,Titan FinancePlanningVersion 201,2020-07-20,2021-07-20,1,1,2026-08-24T00:00:00.000,2018-01-01T00:00:00.000,9999-12-31T00:00:00.000,1,e37985f7f3d759ce976ef61000de6116e37985f7f3d759ce976ef61000de6116
202,FPV000202,259,6,4,Liberty FinancePlanningVersion 202,2020-07-21,2021-07-21,1,1,2026-08-24T00:00:00.000,2018-01-01T00:00:00.000,9999-12-31T00:00:00.000,1,b7ccd020639f566e8b9c460290b94378b7ccd020639f566e8b9c460290b94378
203,FPV000203,7,8,1,Riverton FinancePlanningVersion 203,2020-07-22,2021-07-22,1,1,2026-08-24T00:00:00.000,2018-01-01T00:00:00.000,9999-12-31T00:00:00.000,1,ee13246f89b65f4eb4692add56894ab5ee13246f89b65f4eb4692add56894ab5
204,FPV000204,432,9,2,Unity FinancePlanningVersion 204,2020-07-23,2021-07-23,1,1,2026-08-24T00:00:00.000,2018-01-01T00:00:00.000,9999-12-31T00:00:00.000,1,5b3ce55ee9d157c285c573634f3b424e5b3ce55ee9d157c285c573634f3b424e
205,FPV000205,493,8,1,Beacon FinancePlanningVersion 205,2020-07-24,2021-07-24,1,1,2026-08-24T00:00:00.000,2018-01-01T00:00:00.000,9999-12-31T00:00:00.000,1,e4695bcd2bf559b18757c5b58fe383b5e4695bcd2bf559b18757c5b58fe383b5
206,FPV000206,368,6,3,Vertex FinancePlanningVersion 206,2020-07-25,2021-07-25,1,1,2026-08-24T00:00:00.000,2018-01-01T00:00:00.000,9999-12-31T00:00:00.000,1,b1fde729c38b59a89147dafbca0d1b03b1fde729c38b59a89147dafbca0d1b03
207,FPV000207,188,3,1,Liberty FinancePlanningVersion 207,2020-07-26,2021-07-26,1,1,2026-08-24T00:00:00.000,2018-01-01T00:00:00.000,9999-12-31T00:00:00.000,1,ffa14cd6126b5cc5893b312b5a458e2cffa14cd6126b5cc5893b312b5a458e2c
208,FPV000208,107,2,2,Granite FinancePlanningVersion 208,2020-07-27,2021-07-27,1,1,2026-08-24T00:00:00.000,2018-01-01T00:00:00.000,9999-12-31T00:00:00.000,1,229db822f5fc525983b6a61cc03b9ff8229db822f5fc525983b6a61cc03b9ff8
209,FPV000209,213,2,5,Junction FinancePlanningVersion 209,2020-07-28,2021-07-28,1,1,2026-08-24T00:00:00.000,2018-01-01T00:00:00.000,9999-12-31T00:00:00.000,1,93c253033d735e9b8ebcfdb65e5e037393c253033d735e9b8ebcfdb65e5e0373
210,FPV000210,140,4,2,Evergreen FinancePlanningVersion 210,2020-07-29,2021-07-29,1,1,2026-08-24T00:00:00.000,2018-01-01T00:00:00.000,9999-12-31T00:00:00.000,1,73b48f5b02c750159e628b1cc4db28f473b48f5b02c750159e628b1cc4db28f4
211,FPV000211,138,4,3,Northstar FinancePlanningVersion 211,2020-07-30,2021-07-30,1,1,2026-08-24T00:00:00.000,2018-01-01T00:00:00.000,9999-12-31T00:00:00.000,1,3d026bcd3b82585695f3602012af705f3d026bcd3b82585695f3602012af705f
212,FPV000212,148,3,3,Pioneer FinancePlanningVersion 212,2020-07-31,2021-07-31,1,1,2026-08-24T00:00:00.000,2018-01-01T00:00:00.000,9999-12-31T00:00:00.000,1,7cc1934908e358da87bff48002a0fc977cc1934908e358da87bff48002a0fc97
213,FPV000213,500,6,1,Cedar FinancePlanningVersion 213,2020-08-01,2021-08-01,1,1,2026-08-24T00:00:00.000,2018-01-01T00:00:00.000,9999-12-31T00:00:00.000,1,8efa3e1435b657f984c5d848180a9fd48efa3e1435b657f984c5d848180a9fd4
214,FPV000214,146,3,2,Meridian FinancePlanningVersion 214,2020-08-02,2021-08-02,1,1,2026-08-24T00:00:00.000,2018-01-01T00:00:00.000,9999-12-31T00:00:00.000,1,a46ecb430ffc53d39423071bcb707c9da46ecb430ffc53d39423071bcb707c9d
215,FPV000215,425,4,1,Summit FinancePlanningVersion 215,2020-08-03,2021-08-03,1,1,2026-08-24T00:00:00.000,2018-01-01T00:00:00.000,9999-12-31T00:00:00.000,1,9ccdb204e69c5ed78c94ec2f5d2506ac9ccdb204e69c5ed78c94ec2f5d2506ac
216,FPV000216,418,5,2,Atlas FinancePlanningVersion 216,2020-08-04,2021-08-04,1,1,2026-08-24T00:00:00.000,2018-01-01T00:00:00.000,9999-12-31T00:00:00.000,1,fc55ccb4b9a05278b3f8b9117197bd47fc55ccb4b9a05278b3f8b9117197bd47
217,FPV000217,341,5,5,Harbor FinancePlanningVersion 217,2020-08-05,2021-08-05,1,1,2026-08-24T00:00:00.000,2018-01-01T00:00:00.000,9999-12-31T00:00:00.000,1,668edbbacecc525181000e6b23d482ee668edbbacecc525181000e6b23d482ee
218,FPV000218,6,7,5,Harbor FinancePlanningVersion 218,2020-08-06,2021-08-06,1,1,2026-08-24T00:00:00.000,2018-01-01T00:00:00.000,9999-12-31T00:00:00.000,1,17b7f83263d55afc8271e54607d8ef2017b7f83263d55afc8271e54607d8ef20
219,FPV000219,408,9,3,Atlas FinancePlanningVersion 219,2020-08-07,2021-08-07,1,1,2026-08-24T00:00:00.000,2018-01-01T00:00:00.000,9999-12-31T00:00:00.000,1,fa60ffaccf67572e9ccb606ff4b64915fa60ffaccf67572e9ccb606ff4b64915
220,FPV000220,12,9,4,Evergreen FinancePlanningVersion 220,2020-08-08,2021-08-08,1,1,2026-08-24T00:00:00.000,2018-01-01T00:00:00.000,9999-12-31T00:00:00.000,1,41d56de6f55c58f2ab02c8ca9a9f68b741d56de6f55c58f2ab02c8ca9a9f68b7
221,FPV000221,360,3,2,Granite FinancePlanningVersion 221,2020-08-09,2021-08-09,1,1,2026-08-24T00:00:00.000,2018-01-01T00:00:00.000,9999-12-31T00:00:00.000,1,a8f9557e3697512e88f541c0921c6d66a8f9557e3697512e88f541c0921c6d66
222,FPV000222,167,5,3,Liberty FinancePlanningVersion 222,2020-08-10,2021-08-10,1,1,2026-08-24T00:00:00.000,2018-01-01T00:00:00.000,9999-12-31T00:00:00.000,1,148c96a71f4653cc9b7222fc2dee8130148c96a71f4653cc9b7222fc2dee8130
223,FPV000223,109,6,2,Pioneer FinancePlanningVersion 223,2020-08-11,2021-08-11,1,1,2026-08-24T00:00:00.000,2018-01-01T00:00:00.000,9999-12-31T00:00:00.000,1,022e584e6ce35a26a07c4a1a726af38a022e584e6ce35a26a07c4a1a726af38a
224,FPV000224,266,6,4,Evergreen FinancePlanningVersion 224,2020-08-12,2021-08-12,1,1,2026-08-24T00:00:00.000,2018-01-01T00:00:00.000,9999-12-31T00:00:00.000,1,1a86ade8fd9b5bdd8dc11adb1ec7fe4a1a86ade8fd9b5bdd8dc11adb1ec7fe4a
225,FPV000225,1,6,2,Harbor FinancePlanningVersion 225,2020-08-13,2021-08-13,1,1,2026-08-24T00:00:00.000,2018-01-01T00:00:00.000,9999-12-31T00:00:00.000,1,1ea23814c2795ee4af56c8f1919a07741ea23814c2795ee4af56c8f1919a0774
226,FPV000226,303,2,2,Granite FinancePlanningVersion 226,2020-08-14,2021-08-14,1,1,2026-08-24T00:00:00.000,2018-01-01T00:00:00.000,9999-12-31T00:00:00.000,1,f9a203db51a9563dae40e2fa29035406f9a203db51a9563dae40e2fa29035406
227,FPV000227,337,5,4,Delta FinancePlanningVersion 227,2020-08-15,2021-08-15,1,1,2026-08-24T00:00:00.000,2018-01-01T00:00:00.000,9999-12-31T00:00:00.000,1,d5ab5504213d5849805dc32f991beef3d5ab5504213d5849805dc32f991beef3
228,FPV000228,325,4,1,Unity FinancePlanningVersion 228,2020-08-16,2021-08-16,1,1,2026-08-24T00:00:00.000,2018-01-01T00:00:00.000,9999-12-31T00:00:00.000,1,0f033aa1dfd0559ab82eaf8a6d1c42830f033aa1dfd0559ab82eaf8a6d1c4283
229,FPV000229,169,4,1,Meridian FinancePlanningVersion 229,2020-08-17,2021-08-17,1,1,2026-08-24T00:00:00.000,2018-01-01T00:00:00.000,9999-12-31T00:00:00.000,1,8012fd6e61ac506a82372ac41c8151ac8012fd6e61ac506a82372ac41c8151ac
230,FPV000230,407,3,1,Cedar FinancePlanningVersion 230,2020-08-18,2021-08-18,1,1,2026-08-24T00:00:00.000,2018-01-01T00:00:00.000,9999-12-31T00:00:00.000,1,96745aa3c4395382b4e66bd0cd7e1e4b96745aa3c4395382b4e66bd0cd7e1e4b
231,FPV000231,70,5,3,Granite FinancePlanningVersion 231,2020-08-19,2021-08-19,1,1,2026-08-24T00:00:00.000,2018-01-01T00:00:00.000,9999-12-31T00:00:00.000,1,dabd6d4cdafc5b768dfd13541085c453dabd6d4cdafc5b768dfd13541085c453
232,FPV000232,415,4,2,Unity FinancePlanningVersion 232,2020-08-20,2021-08-20,1,1,2026-08-24T00:00:00.000,2018-01-01T00:00:00.000,9999-12-31T00:00:00.000,1,682851ae174157219f310a94edcb0692682851ae174157219f310a94edcb0692
233,FPV000233,58,7,3,Northstar FinancePlanningVersion 233,2020-08-21,2021-08-21,1,1,2026-08-24T00:00:00.000,2018-01-01T00:00:00.000,9999-12-31T00:00:00.000,1,5eb908dd75de5b3898e65d6b6991cb795eb908dd75de5b3898e65d6b6991cb79
234,FPV000234,500,10,3,Ion FinancePlanningVersion 234,2020-08-22,2021-08-22,1,1,2026-08-24T00:00:00.000,2018-01-01T00:00:00.000,9999-12-31T00:00:00.000,1,4afba28df5aa5523975461f20524da224afba28df5aa5523975461f20524da22
235,FPV000235,428,3,2,Keystone FinancePlanningVersion 235,2020-08-23,2021-08-23,1,1,2026-08-24T00:00:00.000,2018-01-01T00:00:00.000,9999-12-31T00:00:00.000,1,55b2f8a3e8cd520da41bacc57544e19155b2f8a3e8cd520da41bacc57544e191
236,FPV000236,299,10,4,Willow FinancePlanningVersion 236,2020-08-24,2021-08-24,1,1,2026-08-24T00:00:00.000,2018-01-01T00:00:00.000,9999-12-31T00:00:00.000,1,42986bda55395b1da1253e78b01f18d942986bda55395b1da1253e78b01f18d9
237,FPV000237,355,5,2,Keystone FinancePlanningVersion 237,2020-08-25,2021-08-25,1,1,2026-08-24T00:00:00.000,2018-01-01T00:00:00.000,9999-12-31T00:00:00.000,1,b8aed9acccbe51b787567b6e842ddc64b8aed9acccbe51b787567b6e842ddc64
238,FPV000238,450,8,5,Quartz FinancePlanningVersion 238,2020-08-26,2021-08-26,1,1,2026-08-24T00:00:00.000,2018-01-01T00:00:00.000,9999-12-31T00:00:00.000,1,9f26c0897abd51d598d5af1ad476ee4b9f26c0897abd51d598d5af1ad476ee4b
239,FPV000239,158,5,2,Zenith FinancePlanningVersion 239,2020-08-27,2021-08-27,1,1,2026-08-24T00:00:00.000,2018-01-01T00:00:00.000,9999-12-31T00:00:00.000,1,2b853cc55ae05cfc996d7e3944f3d3e52b853cc55ae05cfc996d7e3944f3d3e5
240,FPV000240,150,6,1,Pioneer FinancePlanningVersion 240,2020-08-28,2021-08-28,1,1,2026-08-24T00:00:00.000,2018-01-01T00:00:00.000,9999-12-31T00:00:00.000,1,73fde7ede9c05405819261da2712f27573fde7ede9c05405819261da2712f275
241,FPV000241,452,5,5,Quartz FinancePlanningVersion 241,2020-08-29,2021-08-29,1,1,2026-08-24T00:00:00.000,2018-01-01T00:00:00.000,9999-12-31T00:00:00.000,1,4ea2383f18d556f481c493bc9e5af4994ea2383f18d556f481c493bc9e5af499
242,FPV000242,470,8,5,Vertex FinancePlanningVersion 242,2020-08-30,2021-08-30,1,1,2026-08-24T00:00:00.000,2018-01-01T00:00:00.000,9999-12-31T00:00:00.000,1,1e877f2bee325518aaff03877dcc9b7b1e877f2bee325518aaff03877dcc9b7b
243,FPV000243,115,1,4,Keystone FinancePlanningVersion 243,2020-08-31,2021-08-31,1,1,2026-08-24T00:00:00.000,2018-01-01T00:00:00.000,9999-12-31T00:00:00.000,1,9b948deb16e0528cab60665b038046159b948deb16e0528cab60665b03804615
244,FPV000244,414,10,1,Delta FinancePlanningVersion 244,2020-09-01,2021-09-01,1,1,2026-08-24T00:00:00.000,2018-01-01T00:00:00.000,9999-12-31T00:00:00.000,1,2aacfa672a7557a78fbf90362ed8e5862aacfa672a7557a78fbf90362ed8e586
245,FPV000245,380,7,4,Cedar FinancePlanningVersion 245,2020-09-02,2021-09-02,1,1,2026-08-24T00:00:00.000,2018-01-01T00:00:00.000,9999-12-31T00:00:00.000,1,5d230f614e35560aa0565dfb320ef7bc5d230f614e35560aa0565dfb320ef7bc
246,FPV000246,109,5,5,Riverton FinancePlanningVersion 246,2020-09-03,2021-09-03,1,1,2026-08-24T00:00:00.000,2018-01-01T00:00:00.000,9999-12-31T00:00:00.000,1,b3b81f650232595c9a99956e0a6c5a13b3b81f650232595c9a99956e0a6c5a13
247,FPV000247,62,1,4,Ion FinancePlanningVersion 247,2020-09-04,2021-09-04,1,1,2026-08-24T00:00:00.000,2018-01-01T00:00:00.000,9999-12-31T00:00:00.000,1,745fbb82b7fa5a12a084e604284685d6745fbb82b7fa5a12a084e604284685d6
248,FPV000248,50,7,5,Atlas FinancePlanningVersion 248,2020-09-05,2021-09-05,1,1,2026-08-24T00:00:00.000,2018-01-01T00:00:00.000,9999-12-31T00:00:00.000,1,7ff6688f6bbd561b8b2ed6d467579f8d7ff6688f6bbd561b8b2ed6d467579f8d
249,FPV000249,141,10,1,Summit FinancePlanningVersion 249,2020-09-06,2021-09-06,1,1,2026-08-24T00:00:00.000,2018-01-01T00:00:00.000,9999-12-31T00:00:00.000,1,15723b01eb4a5b9483b65569869d571c15723b01eb4a5b9483b65569869d571c
250,FPV000250,244,1,3,Vertex FinancePlanningVersion 250,2020-09-07,2021-09-07,1,1,2026-08-24T00:00:00.000,2018-01-01T00:00:00.000,9999-12-31T00:00:00.000,1,fad784fc5ab65241a1288ef9e06e7504fad784fc5ab65241a1288ef9e06e7504
251,FPV000251,423,2,1,Summit FinancePlanningVersion 251,2020-09-08,2021-09-08,1,1,2026-08-24T00:00:00.000,2018-01-01T00:00:00.000,9999-12-31T00:00:00.000,1,bb0263d6b6985344b33c9b610c7378cbbb0263d6b6985344b33c9b610c7378cb
252,FPV000252,151,1,5,Keystone FinancePlanningVersion 252,2020-09-09,2021-09-09,1,1,2026-08-24T00:00:00.000,2018-01-01T00:00:00.000,9999-12-31T00:00:00.000,1,106f9909fed9567a9d8de45e3b441baf106f9909fed9567a9d8de45e3b441baf
253,FPV000253,399,2,2,Junction FinancePlanningVersion 253,2020-09-10,2021-09-10,1,1,2026-08-24T00:00:00.000,2018-01-01T00:00:00.000,9999-12-31T00:00:00.000,1,57c2d47457075df9a4282e8bef341e0c57c2d47457075df9a4282e8bef341e0c
254,FPV000254,484,1,5,Orion FinancePlanningVersion 254,2020-09-11,2021-09-11,1,1,2026-08-24T00:00:00.000,2018-01-01T00:00:00.000,9999-12-31T00:00:00.000,1,2e48505880fa586691bbf74bf5c1a8122e48505880fa586691bbf74bf5c1a812
255,FPV000255,236,5,2,Quartz FinancePlanningVersion 255,2020-09-12,2021-09-12,1,1,2026-08-24T00:00:00.000,2018-01-01T00:00:00.000,9999-12-31T00:00:00.000,1,71b08204db835d9cac92c0262f725b1871b08204db835d9cac92c0262f725b18
256,FPV000256,283,4,5,Ion FinancePlanningVersion 256,2020-09-13,2021-09-13,1,1,2026-08-24T00:00:00.000,2018-01-01T00:00:00.000,9999-12-31T00:00:00.000,1,6117e6aa6c425faabcd353b4a8ef834f6117e6aa6c425faabcd353b4a8ef834f
257,FPV000257,482,5,2,Willow FinancePlanningVersion 257,2020-09-14,2021-09-14,1,1,2026-08-24T00:00:00.000,2018-01-01T00:00:00.000,9999-12-31T00:00:00.000,1,c785a513c72b5329806f6b2e6dac71ffc785a513c72b5329806f6b2e6dac71ff
258,FPV000258,332,9,2,Pioneer FinancePlanningVersion 258,2020-09-15,2021-09-15,1,1,2026-08-24T00:00:00.000,2018-01-01T00:00:00.000,9999-12-31T00:00:00.000,1,93a1c8d157a8537ab44de26dab030f8193a1c8d157a8537ab44de26dab030f81
259,FPV000259,387,5,5,Vertex FinancePlanningVersion 259,2020-09-16,2021-09-16,1,1,2026-08-24T00:00:00.000,2018-01-01T00:00:00.000,9999-12-31T00:00:00.000,1,e4717ec1221f591d9f80d9735b8ea2d8e4717ec1221f591d9f80d9735b8ea2d8
260,FPV000260,346,6,5,Riverton FinancePlanningVersion 260,2020-09-17,2021-09-17,1,1,2026-08-24T00:00:00.000,2018-01-01T00:00:00.000,9999-12-31T00:00:00.000,1,61fc16a1b3885d778ccd7f19122e797761fc16a1b3885d778ccd7f19122e7977
261,FPV000261,340,8,3,Cedar FinancePlanningVersion 261,2020-09-18,2021-09-18,1,1,2026-08-24T00:00:00.000,2018-01-01T00:00:00.000,9999-12-31T00:00:00.000,1,edf371f43f6e5692b749d93c2179b2e5edf371f43f6e5692b749d93c2179b2e5
262,FPV000262,276,6,3,Atlas FinancePlanningVersion 262,2020-09-19,2021-09-19,1,1,2026-08-24T00:00:00.000,2018-01-01T00:00:00.000,9999-12-31T00:00:00.000,1,b640ba41379d52f2936569a4f6c05c49b640ba41379d52f2936569a4f6c05c49
263,FPV000263,496,7,5,Liberty FinancePlanningVersion 263,2020-09-20,2021-09-20,1,1,2026-08-24T00:00:00.000,2018-01-01T00:00:00.000,9999-12-31T00:00:00.000,1,54198e853bef51c9800f866a16aac2f454198e853bef51c9800f866a16aac2f4
264,FPV000264,257,10,3,Summit FinancePlanningVersion 264,2020-09-21,2021-09-21,1,1,2026-08-24T00:00:00.000,2018-01-01T00:00:00.000,9999-12-31T00:00:00.000,1,db453d5a2aa853488e5b6b7c370b0f47db453d5a2aa853488e5b6b7c370b0f47
265,FPV000265,124,2,2,Cedar FinancePlanningVersion 265,2020-09-22,2021-09-22,1,1,2026-08-24T00:00:00.000,2018-01-01T00:00:00.000,9999-12-31T00:00:00.000,1,cb44d95ba2545418996f66b48949ae2ecb44d95ba2545418996f66b48949ae2e
266,FPV000266,144,7,1,Liberty FinancePlanningVersion 266,2020-09-23,2021-09-23,1,1,2026-08-24T00:00:00.000,2018-01-01T00:00:00.000,9999-12-31T00:00:00.000,1,ebd335cb06cb56b291149a427d439619ebd335cb06cb56b291149a427d439619
267,FPV000267,251,7,3,Northstar FinancePlanningVersion 267,2020-09-24,2021-09-24,1,1,2026-08-24T00:00:00.000,2018-01-01T00:00:00.000,9999-12-31T00:00:00.000,1,8c129b9fb78e59d6afe616fa04ffa3168c129b9fb78e59d6afe616fa04ffa316
268,FPV000268,192,5,3,Liberty FinancePlanningVersion 268,2020-09-25,2021-09-25,1,1,2026-08-24T00:00:00.000,2018-01-01T00:00:00.000,9999-12-31T00:00:00.000,1,57ec1f0bf7c059639b4e350edc1628e257ec1f0bf7c059639b4e350edc1628e2
269,FPV000269,364,4,1,Pioneer FinancePlanningVersion 269,2020-09-26,2021-09-26,1,1,2026-08-24T00:00:00.000,2018-01-01T00:00:00.000,9999-12-31T00:00:00.000,1,783102a1d9b154759bde9ab8031cbb14783102a1d9b154759bde9ab8031cbb14
270,FPV000270,398,8,3,Unity FinancePlanningVersion 270,2020-09-27,2021-09-27,1,1,2026-08-24T00:00:00.000,2018-01-01T00:00:00.000,9999-12-31T00:00:00.000,1,e8ed6a8c07685bd28f496e039fe33713e8ed6a8c07685bd28f496e039fe33713
271,FPV000271,124,6,2,Atlas FinancePlanningVersion 271,2020-09-28,2021-09-28,1,1,2026-08-24T00:00:00.000,2018-01-01T00:00:00.000,9999-12-31T00:00:00.000,1,741bb925fdd95df9a11269aa769baef4741bb925fdd95df9a11269aa769baef4
272,FPV000272,282,7,5,Unity FinancePlanningVersion 272,2020-09-29,2021-09-29,1,1,2026-08-24T00:00:00.000,2018-01-01T00:00:00.000,9999-12-31T00:00:00.000,1,b13f1566451259448c06fdd6ad55e496b13f1566451259448c06fdd6ad55e496
273,FPV000273,154,1,1,Harbor FinancePlanningVersion 273,2020-09-30,2021-09-30,1,1,2026-08-24T00:00:00.000,2018-01-01T00:00:00.000,9999-12-31T00:00:00.000,1,1eb5cfd16d825b0cae31747c2200b8ac1eb5cfd16d825b0cae31747c2200b8ac
274,FPV000274,92,8,2,Granite FinancePlanningVersion 274,2020-10-01,2021-10-01,1,1,2026-08-24T00:00:00.000,2018-01-01T00:00:00.000,9999-12-31T00:00:00.000,1,03a19538eff95c89a34c6c673afb222303a19538eff95c89a34c6c673afb2223
275,FPV000275,239,4,3,Summit FinancePlanningVersion 275,2020-10-02,2021-10-02,1,1,2026-08-24T00:00:00.000,2018-01-01T00:00:00.000,9999-12-31T00:00:00.000,1,707ca6abfc095b8f97d2726f6b36f2c4707ca6abfc095b8f97d2726f6b36f2c4
276,FPV000276,446,5,2,Keystone FinancePlanningVersion 276,2020-10-03,2021-10-03,1,1,2026-08-24T00:00:00.000,2018-01-01T00:00:00.000,9999-12-31T00:00:00.000,1,5c2e9f33eeb556f1a53e35199ef499865c2e9f33eeb556f1a53e35199ef49986
277,FPV000277,189,9,2,Quartz FinancePlanningVersion 277,2020-10-04,2021-10-04,1,1,2026-08-24T00:00:00.000,2018-01-01T00:00:00.000,9999-12-31T00:00:00.000,1,f1523667ef9756f5893f0637fff8e9a1f1523667ef9756f5893f0637fff8e9a1
278,FPV000278,438,9,4,Evergreen FinancePlanningVersion 278,2020-10-05,2021-10-05,1,1,2026-08-24T00:00:00.000,2018-01-01T00:00:00.000,9999-12-31T00:00:00.000,1,68daf0ccb90752f092fd38a925c235dd68daf0ccb90752f092fd38a925c235dd
279,FPV000279,257,4,5,Keystone FinancePlanningVersion 279,2020-10-06,2021-10-06,1,1,2026-08-24T00:00:00.000,2018-01-01T00:00:00.000,9999-12-31T00:00:00.000,1,6d5e88cec586541cae618c90c151e58b6d5e88cec586541cae618c90c151e58b
280,FPV000280,49,9,1,Riverton FinancePlanningVersion 280,2020-10-07,2021-10-07,1,1,2026-08-24T00:00:00.000,2018-01-01T00:00:00.000,9999-12-31T00:00:00.000,1,5938e9a8e9da5dbc80b47e734c50d92c5938e9a8e9da5dbc80b47e734c50d92c
281,FPV000281,431,2,4,Cedar FinancePlanningVersion 281,2020-10-08,2021-10-08,1,1,2026-08-24T00:00:00.000,2018-01-01T00:00:00.000,9999-12-31T00:00:00.000,1,f6438cd1ad6655aa819fdcd18e5cf33cf6438cd1ad6655aa819fdcd18e5cf33c
282,FPV000282,187,7,5,Junction FinancePlanningVersion 282,2020-10-09,2021-10-09,1,1,2026-08-24T00:00:00.000,2018-01-01T00:00:00.000,9999-12-31T00:00:00.000,1,be8fb422269c54e3998fa0b90e0ea31fbe8fb422269c54e3998fa0b90e0ea31f
283,FPV000283,464,2,2,Harbor FinancePlanningVersion 283,2020-10-10,2021-10-10,1,1,2026-08-24T00:00:00.000,2018-01-01T00:00:00.000,9999-12-31T00:00:00.000,1,5c4deab5443152dbaea3e59a92f0355a5c4deab5443152dbaea3e59a92f0355a
284,FPV000284,48,6,1,Beacon FinancePlanningVersion 284,2020-10-11,2021-10-11,1,1,2026-08-24T00:00:00.000,2018-01-01T00:00:00.000,9999-12-31T00:00:00.000,1,405e2679c7a155fd97cb5f79df9401b6405e2679c7a155fd97cb5f79df9401b6
285,FPV000285,459,8,4,Vertex FinancePlanningVersion 285,2020-10-12,2021-10-12,1,1,2026-08-24T00:00:00.000,2018-01-01T00:00:00.000,9999-12-31T00:00:00.000,1,bbf87df6516e58cdb088f75e74674661bbf87df6516e58cdb088f75e74674661
286,FPV000286,75,8,1,Junction FinancePlanningVersion 286,2020-10-13,2021-10-13,1,1,2026-08-24T00:00:00.000,2018-01-01T00:00:00.000,9999-12-31T00:00:00.000,1,19af8092e2ff56548f3754aa2720aefc19af8092e2ff56548f3754aa2720aefc
287,FPV000287,472,2,3,Meridian FinancePlanningVersion 287,2020-10-14,2021-10-14,1,1,2026-08-24T00:00:00.000,2018-01-01T00:00:00.000,9999-12-31T00:00:00.000,1,44587938aa9d5696a140e8df656689cb44587938aa9d5696a140e8df656689cb
288,FPV000288,433,10,1,Cedar FinancePlanningVersion 288,2020-10-15,2021-10-15,1,1,2026-08-24T00:00:00.000,2018-01-01T00:00:00.000,9999-12-31T00:00:00.000,1,1cc934f9a5345418ab66a37ab1f5d8d51cc934f9a5345418ab66a37ab1f5d8d5
289,FPV000289,342,7,5,Forge FinancePlanningVersion 289,2020-10-16,2021-10-16,1,1,2026-08-24T00:00:00.000,2018-01-01T00:00:00.000,9999-12-31T00:00:00.000,1,9f0d76d5fb115cca90c1c8de21ddd8c59f0d76d5fb115cca90c1c8de21ddd8c5
290,FPV000290,172,8,1,Keystone FinancePlanningVersion 290,2020-10-17,2021-10-17,1,1,2026-08-24T00:00:00.000,2018-01-01T00:00:00.000,9999-12-31T00:00:00.000,1,2b2dbb6a1a5f5625b2e93faa87f881622b2dbb6a1a5f5625b2e93faa87f88162
291,FPV000291,123,7,3,Unity FinancePlanningVersion 291,2020-10-18,2021-10-18,1,1,2026-08-24T00:00:00.000,2018-01-01T00:00:00.000,9999-12-31T00:00:00.000,1,7c794d7c47755dccb038c315c6931ada7c794d7c47755dccb038c315c6931ada
292,FPV000292,243,7,4,Atlas FinancePlanningVersion 292,2020-10-19,2021-10-19,1,1,2026-08-24T00:00:00.000,2018-01-01T00:00:00.000,9999-12-31T00:00:00.000,1,c403cf938eb35d5784ac60c878347c89c403cf938eb35d5784ac60c878347c89
293,FPV000293,332,5,1,Summit FinancePlanningVersion 293,2020-10-20,2021-10-20,1,1,2026-08-24T00:00:00.000,2018-01-01T00:00:00.000,9999-12-31T00:00:00.000,1,79f4c0ae86e05fbbaa594a07cd4caac679f4c0ae86e05fbbaa594a07cd4caac6
294,FPV000294,317,4,3,Liberty FinancePlanningVersion 294,2020-10-21,2021-10-21,1,1,2026-08-24T00:00:00.000,2018-01-01T00:00:00.000,9999-12-31T00:00:00.000,1,ef404c271e025a0fa1d31c0cfcee5d22ef404c271e025a0fa1d31c0cfcee5d22
295,FPV000295,69,1,4,Pioneer FinancePlanningVersion 295,2020-10-22,2021-10-22,1,1,2026-08-24T00:00:00.000,2018-01-01T00:00:00.000,9999-12-31T00:00:00.000,1,d31d48aa79ec5a2990c3205a92be8596d31d48aa79ec5a2990c3205a92be8596
296,FPV000296,412,7,1,Cedar FinancePlanningVersion 296,2020-10-23,2021-10-23,1,1,2026-08-24T00:00:00.000,2018-01-01T00:00:00.000,9999-12-31T00:00:00.000,1,1b005c87a47d56219cf1ec5d0d9959721b005c87a47d56219cf1ec5d0d995972
297,FPV000297,198,1,4,Delta FinancePlanningVersion 297,2020-10-24,2021-10-24,1,1,2026-08-24T00:00:00.000,2018-01-01T00:00:00.000,9999-12-31T00:00:00.000,1,0f68a8ffc6a65fc8b9aec70adffd868a0f68a8ffc6a65fc8b9aec70adffd868a
298,FPV000298,155,6,1,Quartz FinancePlanningVersion 298,2020-10-25,2021-10-25,1,1,2026-08-24T00:00:00.000,2018-01-01T00:00:00.000,9999-12-31T00:00:00.000,1,dbb4d4f1bce352c4b29897ef1bb5bf01dbb4d4f1bce352c4b29897ef1bb5bf01
299,FPV000299,159,2,1,Zenith FinancePlanningVersion 299,2020-10-26,2021-10-26,1,1,2026-08-24T00:00:00.000,2018-01-01T00:00:00.000,9999-12-31T00:00:00.000,1,91b5cb892e37572a85f275e4ee53f39191b5cb892e37572a85f275e4ee53f391
300,FPV000300,111,3,5,Ion FinancePlanningVersion 300,2020-10-27,2021-10-27,1,1,2026-08-24T00:00:00.000,2018-01-01T00:00:00.000,9999-12-31T00:00:00.000,1,33aff68c733a5697b5be87435da491f833aff68c733a5697b5be87435da491f8
301,FPV000301,383,8,3,Quartz FinancePlanningVersion 301,2020-10-28,2021-10-28,1,1,2026-08-24T00:00:00.000,2018-01-01T00:00:00.000,9999-12-31T00:00:00.000,1,44c9651b463050cba9a7d51009de306644c9651b463050cba9a7d51009de3066
302,FPV000302,221,5,5,Harbor FinancePlanningVersion 302,2020-10-29,2021-10-29,1,1,2026-08-24T00:00:00.000,2018-01-01T00:00:00.000,9999-12-31T00:00:00.000,1,bd95b5eb19355d39bc5427f7e89476d7bd95b5eb19355d39bc5427f7e89476d7
303,FPV000303,363,8,5,Evergreen FinancePlanningVersion 303,2020-10-30,2021-10-30,1,1,2026-08-24T00:00:00.000,2018-01-01T00:00:00.000,9999-12-31T00:00:00.000,1,6b2e2a876cfe5823a5985dc6470ee2996b2e2a876cfe5823a5985dc6470ee299
304,FPV000304,247,6,3,Granite FinancePlanningVersion 304,2020-10-31,2021-10-31,1,1,2026-08-24T00:00:00.000,2018-01-01T00:00:00.000,9999-12-31T00:00:00.000,1,bcba84598724557ba217a40811514f7dbcba84598724557ba217a40811514f7d
305,FPV000305,163,6,5,Beacon FinancePlanningVersion 305,2020-11-01,2021-11-01,1,1,2026-08-24T00:00:00.000,2018-01-01T00:00:00.000,9999-12-31T00:00:00.000,1,446f737e8dc55cb6b1f779bff847de0f446f737e8dc55cb6b1f779bff847de0f
306,FPV000306,482,1,3,Willow FinancePlanningVersion 306,2020-11-02,2021-11-02,1,1,2026-08-24T00:00:00.000,2018-01-01T00:00:00.000,9999-12-31T00:00:00.000,1,282ca4041cd65aa0b8844219ec72c3d2282ca4041cd65aa0b8844219ec72c3d2
307,FPV000307,14,9,2,Titan FinancePlanningVersion 307,2020-11-03,2021-11-03,1,1,2026-08-24T00:00:00.000,2018-01-01T00:00:00.000,9999-12-31T00:00:00.000,1,01a3906cf3a65d62a40bd748f618bb7401a3906cf3a65d62a40bd748f618bb74
308,FPV000308,285,5,5,Willow FinancePlanningVersion 308,2020-11-04,2021-11-04,1,1,2026-08-24T00:00:00.000,2018-01-01T00:00:00.000,9999-12-31T00:00:00.000,1,a5baf35f14025180a8fd98e51e100a3ea5baf35f14025180a8fd98e51e100a3e
309,FPV000309,43,5,1,Orion FinancePlanningVersion 309,2020-11-05,2021-11-05,1,1,2026-08-24T00:00:00.000,2018-01-01T00:00:00.000,9999-12-31T00:00:00.000,1,058b93f7c5e05356a7eaaa7a8f4ad043058b93f7c5e05356a7eaaa7a8f4ad043
310,FPV000310,364,7,4,Forge FinancePlanningVersion 310,2020-11-06,2021-11-06,1,1,2026-08-24T00:00:00.000,2018-01-01T00:00:00.000,9999-12-31T00:00:00.000,1,255fbaa6f2d25ca1adaffb67cd11858b255fbaa6f2d25ca1adaffb67cd11858b
311,FPV000311,293,3,1,Keystone FinancePlanningVersion 311,2020-11-07,2021-11-07,1,1,2026-08-24T00:00:00.000,2018-01-01T00:00:00.000,9999-12-31T00:00:00.000,1,bb43b3171fb953ecacb8ce0e54423494bb43b3171fb953ecacb8ce0e54423494
312,FPV000312,126,3,4,Junction FinancePlanningVersion 312,2020-11-08,2021-11-08,1,1,2026-08-24T00:00:00.000,2018-01-01T00:00:00.000,9999-12-31T00:00:00.000,1,1997eb6acad25a5eae9501a9f3971c991997eb6acad25a5eae9501a9f3971c99
313,FPV000313,184,10,2,Forge FinancePlanningVersion 313,2020-11-09,2021-11-09,1,1,2026-08-24T00:00:00.000,2018-01-01T00:00:00.000,9999-12-31T00:00:00.000,1,7a5bcc86d13e5c06b45f6461b3c7c9677a5bcc86d13e5c06b45f6461b3c7c967
314,FPV000314,404,3,5,Granite FinancePlanningVersion 314,2020-11-10,2021-11-10,1,1,2026-08-24T00:00:00.000,2018-01-01T00:00:00.000,9999-12-31T00:00:00.000,1,f179da676c685159a059ef063f91bb20f179da676c685159a059ef063f91bb20
315,FPV000315,233,1,3,Cedar FinancePlanningVersion 315,2020-11-11,2021-11-11,1,1,2026-08-24T00:00:00.000,2018-01-01T00:00:00.000,9999-12-31T00:00:00.000,1,df07b8d69a185eb7915a5686d8e6786adf07b8d69a185eb7915a5686d8e6786a
316,FPV000316,442,7,3,Junction FinancePlanningVersion 316,2020-11-12,2021-11-12,1,1,2026-08-24T00:00:00.000,2018-01-01T00:00:00.000,9999-12-31T00:00:00.000,1,84023cec096f5741a62c3f431c0eba6384023cec096f5741a62c3f431c0eba63
317,FPV000317,254,10,4,Cedar FinancePlanningVersion 317,2020-11-13,2021-11-13,1,1,2026-08-24T00:00:00.000,2018-01-01T00:00:00.000,9999-12-31T00:00:00.000,1,ce59a40b91425ef8ba8f66749464988fce59a40b91425ef8ba8f66749464988f
318,FPV000318,256,2,3,Titan FinancePlanningVersion 318,2020-11-14,2021-11-14,1,1,2026-08-24T00:00:00.000,2018-01-01T00:00:00.000,9999-12-31T00:00:00.000,1,a3c5fd98d4ce5b32b665d380062354caa3c5fd98d4ce5b32b665d380062354ca
319,FPV000319,149,5,3,Atlas FinancePlanningVersion 319,2020-11-15,2021-11-15,1,1,2026-08-24T00:00:00.000,2018-01-01T00:00:00.000,9999-12-31T00:00:00.000,1,cef600bd224d53d6ae92bf0a3903abf4cef600bd224d53d6ae92bf0a3903abf4
320,FPV000320,279,3,2,Meridian FinancePlanningVersion 320,2020-11-16,2021-11-16,1,1,2026-08-24T00:00:00.000,2018-01-01T00:00:00.000,9999-12-31T00:00:00.000,1,f156049f352c57b49446c92e6d720427f156049f352c57b49446c92e6d720427
321,FPV000321,36,6,4,Ion FinancePlanningVersion 321,2020-11-17,2021-11-17,1,1,2026-08-24T00:00:00.000,2018-01-01T00:00:00.000,9999-12-31T00:00:00.000,1,ed2add3621405cd184adcc830da93f26ed2add3621405cd184adcc830da93f26
322,FPV000322,299,4,5,Junction FinancePlanningVersion 322,2020-11-18,2021-11-18,1,1,2026-08-24T00:00:00.000,2018-01-01T00:00:00.000,9999-12-31T00:00:00.000,1,d2f5cfd55fc8517284e02930681a8710d2f5cfd55fc8517284e02930681a8710
323,FPV000323,274,6,4,Meridian FinancePlanningVersion 323,2020-11-19,2021-11-19,1,1,2026-08-24T00:00:00.000,2018-01-01T00:00:00.000,9999-12-31T00:00:00.000,1,9d462e878a8853aa87faaa82680350f49d462e878a8853aa87faaa82680350f4
324,FPV000324,60,6,1,Pioneer FinancePlanningVersion 324,2020-11-20,2021-11-20,1,1,2026-08-24T00:00:00.000,2018-01-01T00:00:00.000,9999-12-31T00:00:00.000,1,0f99bc5960885deb8a394a6a6d05a4ad0f99bc5960885deb8a394a6a6d05a4ad
325,FPV000325,134,6,5,Willow FinancePlanningVersion 325,2020-11-21,2021-11-21,1,1,2026-08-24T00:00:00.000,2018-01-01T00:00:00.000,9999-12-31T00:00:00.000,1,8ecd57f7f04152f9af71c2a893763db58ecd57f7f04152f9af71c2a893763db5
326,FPV000326,17,1,1,Unity FinancePlanningVersion 326,2020-11-22,2021-11-22,1,1,2026-08-24T00:00:00.000,2018-01-01T00:00:00.000,9999-12-31T00:00:00.000,1,dc9cab5f1c685c2dbfe847b0beceecf4dc9cab5f1c685c2dbfe847b0beceecf4
327,FPV000327,312,7,1,Liberty FinancePlanningVersion 327,2020-11-23,2021-11-23,1,1,2026-08-24T00:00:00.000,2018-01-01T00:00:00.000,9999-12-31T00:00:00.000,1,c054916907fa568289ec65e55d684309c054916907fa568289ec65e55d684309
328,FPV000328,340,9,5,Granite FinancePlanningVersion 328,2020-11-24,2021-11-24,1,1,2026-08-24T00:00:00.000,2018-01-01T00:00:00.000,9999-12-31T00:00:00.000,1,5dab6d8333335357b5d0e21ec24b92d75dab6d8333335357b5d0e21ec24b92d7
329,FPV000329,131,7,1,Liberty FinancePlanningVersion 329,2020-11-25,2021-11-25,1,1,2026-08-24T00:00:00.000,2018-01-01T00:00:00.000,9999-12-31T00:00:00.000,1,97cfd859b7ec560c90a75ed156cd784097cfd859b7ec560c90a75ed156cd7840
330,FPV000330,385,4,1,Summit FinancePlanningVersion 330,2020-11-26,2021-11-26,1,1,2026-08-24T00:00:00.000,2018-01-01T00:00:00.000,9999-12-31T00:00:00.000,1,c5576f9cf2ad5fdf9d33dbe5b3afab59c5576f9cf2ad5fdf9d33dbe5b3afab59
331,FPV000331,254,8,3,Beacon FinancePlanningVersion 331,2020-11-27,2021-11-27,1,1,2026-08-24T00:00:00.000,2018-01-01T00:00:00.000,9999-12-31T00:00:00.000,1,917a36be41e650398c7d5e0ea5243beb917a36be41e650398c7d5e0ea5243beb
332,FPV000332,85,10,3,Vertex FinancePlanningVersion 332,2020-11-28,2021-11-28,1,1,2026-08-24T00:00:00.000,2018-01-01T00:00:00.000,9999-12-31T00:00:00.000,1,3fcc79ce241a5a5eb4eb8577ed7e1e5d3fcc79ce241a5a5eb4eb8577ed7e1e5d
333,FPV000333,373,4,5,Vertex FinancePlanningVersion 333,2020-11-29,2021-11-29,1,1,2026-08-24T00:00:00.000,2018-01-01T00:00:00.000,9999-12-31T00:00:00.000,1,dcd0950400cd5c9aa9d6648c852708d1dcd0950400cd5c9aa9d6648c852708d1
334,FPV000334,35,4,2,Willow FinancePlanningVersion 334,2020-11-30,2021-11-30,1,1,2026-08-24T00:00:00.000,2018-01-01T00:00:00.000,9999-12-31T00:00:00.000,1,852b3e39d7025b9d8f0624ef6a65bfe6852b3e39d7025b9d8f0624ef6a65bfe6
335,FPV000335,344,4,1,Summit FinancePlanningVersion 335,2020-12-01,2021-12-01,1,1,2026-08-24T00:00:00.000,2018-01-01T00:00:00.000,9999-12-31T00:00:00.000,1,4e92fa3d5a1952fea4347722d7a8bc0b4e92fa3d5a1952fea4347722d7a8bc0b
336,FPV000336,412,2,4,Summit FinancePlanningVersion 336,2020-12-02,2021-12-02,1,1,2026-08-24T00:00:00.000,2018-01-01T00:00:00.000,9999-12-31T00:00:00.000,1,9d205c0194c45e5d8646d6c6f162aeea9d205c0194c45e5d8646d6c6f162aeea
337,FPV000337,392,3,3,Quartz FinancePlanningVersion 337,2020-12-03,2021-12-03,1,1,2026-08-24T00:00:00.000,2018-01-01T00:00:00.000,9999-12-31T00:00:00.000,1,622f13ec921d5080ae93da84c238527c622f13ec921d5080ae93da84c238527c
338,FPV000338,170,9,4,Quartz FinancePlanningVersion 338,2020-12-04,2021-12-04,1,1,2026-08-24T00:00:00.000,2018-01-01T00:00:00.000,9999-12-31T00:00:00.000,1,c3dab0ee793b519cb96642b7cf7aa129c3dab0ee793b519cb96642b7cf7aa129
339,FPV000339,109,7,5,Willow FinancePlanningVersion 339,2020-12-05,2021-12-05,1,1,2026-08-24T00:00:00.000,2018-01-01T00:00:00.000,9999-12-31T00:00:00.000,1,9657706ccfa859d2b6b91e4813425eaf9657706ccfa859d2b6b91e4813425eaf
340,FPV000340,411,9,4,Liberty FinancePlanningVersion 340,2020-12-06,2021-12-06,1,1,2026-08-24T00:00:00.000,2018-01-01T00:00:00.000,9999-12-31T00:00:00.000,1,d18b8205b1175dc9b46db20811e5f39ed18b8205b1175dc9b46db20811e5f39e
341,FPV000341,178,5,1,Liberty FinancePlanningVersion 341,2020-12-07,2021-12-07,1,1,2026-08-24T00:00:00.000,2018-01-01T00:00:00.000,9999-12-31T00:00:00.000,1,c066d5459b5d5901a4d225f009ec359ac066d5459b5d5901a4d225f009ec359a
342,FPV000342,165,6,5,Unity FinancePlanningVersion 342,2020-12-08,2021-12-08,1,1,2026-08-24T00:00:00.000,2018-01-01T00:00:00.000,9999-12-31T00:00:00.000,1,bd644ed53abe55ddbf23e17a34d322f4bd644ed53abe55ddbf23e17a34d322f4
343,FPV000343,82,5,5,Titan FinancePlanningVersion 343,2020-12-09,2021-12-09,1,1,2026-08-24T00:00:00.000,2018-01-01T00:00:00.000,9999-12-31T00:00:00.000,1,b71b8d6c973356f989474681f2bf6a32b71b8d6c973356f989474681f2bf6a32
344,FPV000344,102,5,4,Unity FinancePlanningVersion 344,2020-12-10,2021-12-10,1,1,2026-08-24T00:00:00.000,2018-01-01T00:00:00.000,9999-12-31T00:00:00.000,1,dc5294d2d353587f867acfe0d769c439dc5294d2d353587f867acfe0d769c439
345,FPV000345,152,1,4,Zenith FinancePlanningVersion 345,2020-12-11,2021-12-11,1,1,2026-08-24T00:00:00.000,2018-01-01T00:00:00.000,9999-12-31T00:00:00.000,1,6470ede1f6715cd88a7508a2399daf5d6470ede1f6715cd88a7508a2399daf5d
346,FPV000346,328,8,1,Unity FinancePlanningVersion 346,2020-12-12,2021-12-12,1,1,2026-08-24T00:00:00.000,2018-01-01T00:00:00.000,9999-12-31T00:00:00.000,1,117b78f7f3925ffb9cbff560eaff2ce8117b78f7f3925ffb9cbff560eaff2ce8
347,FPV000347,48,10,2,Forge FinancePlanningVersion 347,2020-12-13,2021-12-13,1,1,2026-08-24T00:00:00.000,2018-01-01T00:00:00.000,9999-12-31T00:00:00.000,1,d41c5dfa4949536bb91268c26b95dee0d41c5dfa4949536bb91268c26b95dee0
348,FPV000348,170,2,3,Keystone FinancePlanningVersion 348,2020-12-14,2021-12-14,1,1,2026-08-24T00:00:00.000,2018-01-01T00:00:00.000,9999-12-31T00:00:00.000,1,34f29c2749cb5b0a9cdc1cd68b1e143c34f29c2749cb5b0a9cdc1cd68b1e143c
349,FPV000349,19,4,1,Zenith FinancePlanningVersion 349,2020-12-15,2021-12-15,1,1,2026-08-24T00:00:00.000,2018-01-01T00:00:00.000,9999-12-31T00:00:00.000,1,1ebf9a468d505bb1aa2e102f837194bc1ebf9a468d505bb1aa2e102f837194bc
350,FPV000350,275,6,5,Pioneer FinancePlanningVersion 350,2020-12-16,2021-12-16,1,1,2026-08-24T00:00:00.000,2018-01-01T00:00:00.000,9999-12-31T00:00:00.000,1,84c9c76b7504589c8fa9c1e3b1abbb6984c9c76b7504589c8fa9c1e3b1abbb69
351,FPV000351,266,2,5,Unity FinancePlanningVersion 351,2020-12-17,2021-12-17,1,1,2026-08-24T00:00:00.000,2018-01-01T00:00:00.000,9999-12-31T00:00:00.000,1,612fdf9fe4785c2097a7d4d2b8f2c561612fdf9fe4785c2097a7d4d2b8f2c561
352,FPV000352,97,6,1,Meridian FinancePlanningVersion 352,2020-12-18,2021-12-18,1,1,2026-08-24T00:00:00.000,2018-01-01T00:00:00.000,9999-12-31T00:00:00.000,1,ff2cbe813caf5440a70fed6ade0f2a5aff2cbe813caf5440a70fed6ade0f2a5a
353,FPV000353,196,7,1,Northstar FinancePlanningVersion 353,2020-12-19,2021-12-19,1,1,2026-08-24T00:00:00.000,2018-01-01T00:00:00.000,9999-12-31T00:00:00.000,1,0be51a90e56d5ef28d0fc3a95c601bc00be51a90e56d5ef28d0fc3a95c601bc0
354,FPV000354,82,3,4,Summit FinancePlanningVersion 354,2020-12-20,2021-12-20,1,1,2026-08-24T00:00:00.000,2018-01-01T00:00:00.000,9999-12-31T00:00:00.000,1,000a795878f05398bf0b382b2d8ffeee000a795878f05398bf0b382b2d8ffeee
355,FPV000355,338,4,2,Meridian FinancePlanningVersion 355,2020-12-21,2021-12-21,1,1,2026-08-24T00:00:00.000,2018-01-01T00:00:00.000,9999-12-31T00:00:00.000,1,88d5788173745e518119001352269c6588d5788173745e518119001352269c65
356,FPV000356,311,3,1,Summit FinancePlanningVersion 356,2020-12-22,2021-12-22,1,1,2026-08-24T00:00:00.000,2018-01-01T00:00:00.000,9999-12-31T00:00:00.000,1,0ded771412f050ff9e27d8946df9e3030ded771412f050ff9e27d8946df9e303
357,FPV000357,159,7,4,Delta FinancePlanningVersion 357,2020-12-23,2021-12-23,1,1,2026-08-24T00:00:00.000,2018-01-01T00:00:00.000,9999-12-31T00:00:00.000,1,6ce80bc6f4ce553a99f506a7dee632fe6ce80bc6f4ce553a99f506a7dee632fe
358,FPV000358,81,5,3,Meridian FinancePlanningVersion 358,2020-12-24,2021-12-24,1,1,2026-08-24T00:00:00.000,2018-01-01T00:00:00.000,9999-12-31T00:00:00.000,1,a798467d1d5e5c00a82db12a54d927c2a798467d1d5e5c00a82db12a54d927c2
359,FPV000359,398,2,5,Harbor FinancePlanningVersion 359,2020-12-25,2021-12-25,1,1,2026-08-24T00:00:00.000,2018-01-01T00:00:00.000,9999-12-31T00:00:00.000,1,415f2f8cffd65abb98dd0e23095ce537415f2f8cffd65abb98dd0e23095ce537
360,FPV000360,331,1,3,Orion FinancePlanningVersion 360,2020-12-26,2021-12-26,1,1,2026-08-24T00:00:00.000,2018-01-01T00:00:00.000,9999-12-31T00:00:00.000,1,f680b37227c15b18b750c1648064e6ecf680b37227c15b18b750c1648064e6ec
361,FPV000361,10,3,1,Zenith FinancePlanningVersion 361,2020-12-27,2021-12-27,1,1,2026-08-24T00:00:00.000,2018-01-01T00:00:00.000,9999-12-31T00:00:00.000,1,0c4e078857ae58318eced8dedb05cea70c4e078857ae58318eced8dedb05cea7
362,FPV000362,209,6,1,Meridian FinancePlanningVersion 362,2020-12-28,2021-12-28,1,1,2026-08-24T00:00:00.000,2018-01-01T00:00:00.000,9999-12-31T00:00:00.000,1,6ab42bd0de915aaaa93c01ac4c1e49b56ab42bd0de915aaaa93c01ac4c1e49b5
363,FPV000363,484,3,3,Atlas FinancePlanningVersion 363,2020-12-29,2021-12-29,1,1,2026-08-24T00:00:00.000,2018-01-01T00:00:00.000,9999-12-31T00:00:00.000,1,0a57e4f3aa595d20bdb232a54d6c84ab0a57e4f3aa595d20bdb232a54d6c84ab
364,FPV000364,198,4,5,Meridian FinancePlanningVersion 364,2020-12-30,2021-12-30,1,1,2026-08-24T00:00:00.000,2018-01-01T00:00:00.000,9999-12-31T00:00:00.000,1,80630d76fa08534cb80569062af68c0580630d76fa08534cb80569062af68c05
365,FPV000365,421,4,1,Willow FinancePlanningVersion 365,2020-12-31,2021-12-31,1,1,2026-08-24T00:00:00.000,2018-01-01T00:00:00.000,9999-12-31T00:00:00.000,1,063dc7bd7ef95467910efebc1716abac063dc7bd7ef95467910efebc1716abac
366,FPV000366,471,10,4,Vertex FinancePlanningVersion 366,2021-01-01,2022-01-01,1,1,2026-08-24T00:00:00.000,2018-01-01T00:00:00.000,9999-12-31T00:00:00.000,1,ab0ae486d22951c296bd699f8a23c40eab0ae486d22951c296bd699f8a23c40e
367,FPV000367,103,3,5,Orion FinancePlanningVersion 367,2021-01-02,2022-01-02,1,1,2026-08-24T00:00:00.000,2018-01-01T00:00:00.000,9999-12-31T00:00:00.000,1,b6546e57cf8d5869b935a7a25df4dfacb6546e57cf8d5869b935a7a25df4dfac
368,FPV000368,148,2,4,Zenith FinancePlanningVersion 368,2021-01-03,2022-01-03,1,1,2026-08-24T00:00:00.000,2018-01-01T00:00:00.000,9999-12-31T00:00:00.000,1,b555a269783a5d6cb47cbbfa32bcb59fb555a269783a5d6cb47cbbfa32bcb59f
369,FPV000369,278,2,3,Beacon FinancePlanningVersion 369,2021-01-04,2022-01-04,1,1,2026-08-24T00:00:00.000,2018-01-01T00:00:00.000,9999-12-31T00:00:00.000,1,c6ac6577ef1c59c6b5c2aaf056c49737c6ac6577ef1c59c6b5c2aaf056c49737
370,FPV000370,498,2,3,Atlas FinancePlanningVersion 370,2021-01-05,2022-01-05,1,1,2026-08-24T00:00:00.000,2018-01-01T00:00:00.000,9999-12-31T00:00:00.000,1,d3f56771a466526e80089412f756b072d3f56771a466526e80089412f756b072
371,FPV000371,254,8,5,Forge FinancePlanningVersion 371,2021-01-06,2022-01-06,1,1,2026-08-24T00:00:00.000,2018-01-01T00:00:00.000,9999-12-31T00:00:00.000,1,cdd516f684065cbd9f4c20ef217eb048cdd516f684065cbd9f4c20ef217eb048
372,FPV000372,313,5,1,Zenith FinancePlanningVersion 372,2021-01-07,2022-01-07,1,1,2026-08-24T00:00:00.000,2018-01-01T00:00:00.000,9999-12-31T00:00:00.000,1,351a4f47a85858be8c219eebc7333bf7351a4f47a85858be8c219eebc7333bf7
373,FPV000373,414,1,2,Summit FinancePlanningVersion 373,2021-01-08,2022-01-08,1,1,2026-08-24T00:00:00.000,2018-01-01T00:00:00.000,9999-12-31T00:00:00.000,1,17686a3165805066850ed78e1ba1057e17686a3165805066850ed78e1ba1057e
374,FPV000374,147,3,2,Delta FinancePlanningVersion 374,2021-01-09,2022-01-09,1,1,2026-08-24T00:00:00.000,2018-01-01T00:00:00.000,9999-12-31T00:00:00.000,1,40407432dd4a572caf9f03cdb6faa96a40407432dd4a572caf9f03cdb6faa96a
375,FPV000375,359,8,2,Titan FinancePlanningVersion 375,2021-01-10,2022-01-10,1,1,2026-08-24T00:00:00.000,2018-01-01T00:00:00.000,9999-12-31T00:00:00.000,1,254af4d7dba95c7bba957a8f48cbb379254af4d7dba95c7bba957a8f48cbb379
376,FPV000376,86,10,1,Titan FinancePlanningVersion 376,2021-01-11,2022-01-11,1,1,2026-08-24T00:00:00.000,2018-01-01T00:00:00.000,9999-12-31T00:00:00.000,1,63fb11e6609a51318c21f208084e653463fb11e6609a51318c21f208084e6534
377,FPV000377,180,10,1,Pioneer FinancePlanningVersion 377,2021-01-12,2022-01-12,1,1,2026-08-24T00:00:00.000,2018-01-01T00:00:00.000,9999-12-31T00:00:00.000,1,d221ffb06fae5ed69a19c62e78fc2041d221ffb06fae5ed69a19c62e78fc2041
378,FPV000378,266,6,3,Unity FinancePlanningVersion 378,2021-01-13,2022-01-13,1,1,2026-08-24T00:00:00.000,2018-01-01T00:00:00.000,9999-12-31T00:00:00.000,1,a9c7bd7cdd1e543cabbcfc467902cd97a9c7bd7cdd1e543cabbcfc467902cd97
379,FPV000379,493,4,1,Riverton FinancePlanningVersion 379,2021-01-14,2022-01-14,1,1,2026-08-24T00:00:00.000,2018-01-01T00:00:00.000,9999-12-31T00:00:00.000,1,8f6a0bea144654b5ade181cb7f3fde7e8f6a0bea144654b5ade181cb7f3fde7e
380,FPV000380,295,3,5,Junction FinancePlanningVersion 380,2021-01-15,2022-01-15,1,1,2026-08-24T00:00:00.000,2018-01-01T00:00:00.000,9999-12-31T00:00:00.000,1,7b6e25dd5c315136a14e2f172bd921ad7b6e25dd5c315136a14e2f172bd921ad
381,FPV000381,131,6,2,Evergreen FinancePlanningVersion 381,2021-01-16,2022-01-16,1,1,2026-08-24T00:00:00.000,2018-01-01T00:00:00.000,9999-12-31T00:00:00.000,1,8b344b7bcf2d58e8b04ab664df533df38b344b7bcf2d58e8b04ab664df533df3
382,FPV000382,127,4,2,Junction FinancePlanningVersion 382,2021-01-17,2022-01-17,1,1,2026-08-24T00:00:00.000,2018-01-01T00:00:00.000,9999-12-31T00:00:00.000,1,f6a37f20fba551bfb3e46dcc7c7c5d87f6a37f20fba551bfb3e46dcc7c7c5d87
383,FPV000383,378,4,2,Vertex FinancePlanningVersion 383,2021-01-18,2022-01-18,1,1,2026-08-24T00:00:00.000,2018-01-01T00:00:00.000,9999-12-31T00:00:00.000,1,b536f085d3ab5d1f8bbfad65715d933fb536f085d3ab5d1f8bbfad65715d933f
384,FPV000384,244,9,1,Cedar FinancePlanningVersion 384,2021-01-19,2022-01-19,1,1,2026-08-24T00:00:00.000,2018-01-01T00:00:00.000,9999-12-31T00:00:00.000,1,cc9f036461565088b9a5fbcc05386f02cc9f036461565088b9a5fbcc05386f02
385,FPV000385,282,2,5,Junction FinancePlanningVersion 385,2021-01-20,2022-01-20,1,1,2026-08-24T00:00:00.000,2018-01-01T00:00:00.000,9999-12-31T00:00:00.000,1,bc669d4a36d35197978244719d18eebdbc669d4a36d35197978244719d18eebd
386,FPV000386,164,10,4,Forge FinancePlanningVersion 386,2021-01-21,2022-01-21,1,1,2026-08-24T00:00:00.000,2018-01-01T00:00:00.000,9999-12-31T00:00:00.000,1,d6b332b30aaf5860be1501f46f249840d6b332b30aaf5860be1501f46f249840
387,FPV000387,306,6,5,Harbor FinancePlanningVersion 387,2021-01-22,2022-01-22,1,1,2026-08-24T00:00:00.000,2018-01-01T00:00:00.000,9999-12-31T00:00:00.000,1,6f793ba2611358abbc77334de4fce2186f793ba2611358abbc77334de4fce218
388,FPV000388,180,7,5,Cedar FinancePlanningVersion 388,2021-01-23,2022-01-23,1,1,2026-08-24T00:00:00.000,2018-01-01T00:00:00.000,9999-12-31T00:00:00.000,1,9fe847583bcd5f2494d5b0e58568bc6c9fe847583bcd5f2494d5b0e58568bc6c
389,FPV000389,311,3,4,Zenith FinancePlanningVersion 389,2021-01-24,2022-01-24,1,1,2026-08-24T00:00:00.000,2018-01-01T00:00:00.000,9999-12-31T00:00:00.000,1,ab097abb35d85d3aad44aaa8bea261b0ab097abb35d85d3aad44aaa8bea261b0
390,FPV000390,75,8,1,Pioneer FinancePlanningVersion 390,2021-01-25,2022-01-25,1,1,2026-08-24T00:00:00.000,2018-01-01T00:00:00.000,9999-12-31T00:00:00.000,1,cda6318030785dfe9e5e9e9d9e03ed8acda6318030785dfe9e5e9e9d9e03ed8a
391,FPV000391,384,3,5,Quartz FinancePlanningVersion 391,2021-01-26,2022-01-26,1,1,2026-08-24T00:00:00.000,2018-01-01T00:00:00.000,9999-12-31T00:00:00.000,1,31622e92fbeb5832b4bc42910e9c08f231622e92fbeb5832b4bc42910e9c08f2
392,FPV000392,384,8,5,Pioneer FinancePlanningVersion 392,2021-01-27,2022-01-27,1,1,2026-08-24T00:00:00.000,2018-01-01T00:00:00.000,9999-12-31T00:00:00.000,1,38d7a06315255265b4c7c7ca39d0587438d7a06315255265b4c7c7ca39d05874
393,FPV000393,67,1,4,Junction FinancePlanningVersion 393,2021-01-28,2022-01-28,1,1,2026-08-24T00:00:00.000,2018-01-01T00:00:00.000,9999-12-31T00:00:00.000,1,7f231ecafc4d5a84afa30edc106e848a7f231ecafc4d5a84afa30edc106e848a
394,FPV000394,421,10,2,Harbor FinancePlanningVersion 394,2021-01-29,2022-01-29,1,1,2026-08-24T00:00:00.000,2018-01-01T00:00:00.000,9999-12-31T00:00:00.000,1,941f9f00335f51e382ee0e7cccc1b57f941f9f00335f51e382ee0e7cccc1b57f
395,FPV000395,493,3,5,Pioneer FinancePlanningVersion 395,2021-01-30,2022-01-30,1,1,2026-08-24T00:00:00.000,2018-01-01T00:00:00.000,9999-12-31T00:00:00.000,1,734741c852ab5872af85b6e7b505631b734741c852ab5872af85b6e7b505631b
396,FPV000396,104,1,5,Northstar FinancePlanningVersion 396,2021-01-31,2022-01-31,1,1,2026-08-24T00:00:00.000,2018-01-01T00:00:00.000,9999-12-31T00:00:00.000,1,1ddf6f078569561a8e31f2dce8f2386c1ddf6f078569561a8e31f2dce8f2386c
397,FPV000397,26,7,2,Unity FinancePlanningVersion 397,2021-02-01,2022-02-01,1,1,2026-08-24T00:00:00.000,2018-01-01T00:00:00.000,9999-12-31T00:00:00.000,1,ca56ebf7747a5942b0e69aef562a7d5dca56ebf7747a5942b0e69aef562a7d5d
398,FPV000398,438,6,2,Keystone FinancePlanningVersion 398,2021-02-02,2022-02-02,1,1,2026-08-24T00:00:00.000,2018-01-01T00:00:00.000,9999-12-31T00:00:00.000,1,dc5b4e5eff425c0abffe7771819e6d4bdc5b4e5eff425c0abffe7771819e6d4b
399,FPV000399,21,7,1,Cedar FinancePlanningVersion 399,2021-02-03,2022-02-03,1,1,2026-08-24T00:00:00.000,2018-01-01T00:00:00.000,9999-12-31T00:00:00.000,1,90f596b4913e5261b9c6167a37d05af390f596b4913e5261b9c6167a37d05af3
400,FPV000400,162,10,5,Granite FinancePlanningVersion 400,2021-02-04,2022-02-04,1,1,2026-08-24T00:00:00.000,2018-01-01T00:00:00.000,9999-12-31T00:00:00.000,1,79c7b5428b865242aada8f1787667b8079c7b5428b865242aada8f1787667b80
401,FPV000401,14,7,1,Forge FinancePlanningVersion 401,2021-02-05,2022-02-05,1,1,2026-08-24T00:00:00.000,2018-01-01T00:00:00.000,9999-12-31T00:00:00.000,1,e041e5d70f8d58188938bf3982813df4e041e5d70f8d58188938bf3982813df4
402,FPV000402,218,10,3,Titan FinancePlanningVersion 402,2021-02-06,2022-02-06,1,1,2026-08-24T00:00:00.000,2018-01-01T00:00:00.000,9999-12-31T00:00:00.000,1,ab91e274ef1e5d08b04831cd8f2985efab91e274ef1e5d08b04831cd8f2985ef
403,FPV000403,261,8,2,Atlas FinancePlanningVersion 403,2021-02-07,2022-02-07,1,1,2026-08-24T00:00:00.000,2018-01-01T00:00:00.000,9999-12-31T00:00:00.000,1,36b038ba50c35dd4b605d54b6b99fd0e36b038ba50c35dd4b605d54b6b99fd0e
404,FPV000404,437,1,4,Willow FinancePlanningVersion 404,2021-02-08,2022-02-08,1,1,2026-08-24T00:00:00.000,2018-01-01T00:00:00.000,9999-12-31T00:00:00.000,1,c37bcabc2e64505c91ec18bdb76a7e13c37bcabc2e64505c91ec18bdb76a7e13
405,FPV000405,68,9,3,Evergreen FinancePlanningVersion 405,2021-02-09,2022-02-09,1,1,2026-08-24T00:00:00.000,2018-01-01T00:00:00.000,9999-12-31T00:00:00.000,1,65071ecefc605f0492350cabb8caec2165071ecefc605f0492350cabb8caec21
406,FPV000406,460,9,4,Beacon FinancePlanningVersion 406,2021-02-10,2022-02-10,1,1,2026-08-24T00:00:00.000,2018-01-01T00:00:00.000,9999-12-31T00:00:00.000,1,519bc4f9a4f753b6881c4e2bdeb22ea2519bc4f9a4f753b6881c4e2bdeb22ea2
407,FPV000407,442,7,2,Willow FinancePlanningVersion 407,2021-02-11,2022-02-11,1,1,2026-08-24T00:00:00.000,2018-01-01T00:00:00.000,9999-12-31T00:00:00.000,1,d7648272ee6e557ea21608241ce49106d7648272ee6e557ea21608241ce49106
408,FPV000408,369,9,2,Atlas FinancePlanningVersion 408,2021-02-12,2022-02-12,1,1,2026-08-24T00:00:00.000,2018-01-01T00:00:00.000,9999-12-31T00:00:00.000,1,533092544d6658fbb61522e99b1bd163533092544d6658fbb61522e99b1bd163
409,FPV000409,353,7,4,Delta FinancePlanningVersion 409,2021-02-13,2022-02-13,1,1,2026-08-24T00:00:00.000,2018-01-01T00:00:00.000,9999-12-31T00:00:00.000,1,dfba966fed935328b70583e1351891a2dfba966fed935328b70583e1351891a2
410,FPV000410,306,6,3,Keystone FinancePlanningVersion 410,2021-02-14,2022-02-14,1,1,2026-08-24T00:00:00.000,2018-01-01T00:00:00.000,9999-12-31T00:00:00.000,1,74b9761aef1150c698f0e10502fcf2db74b9761aef1150c698f0e10502fcf2db
411,FPV000411,180,9,5,Atlas FinancePlanningVersion 411,2021-02-15,2022-02-15,1,1,2026-08-24T00:00:00.000,2018-01-01T00:00:00.000,9999-12-31T00:00:00.000,1,5feec78e1a4459b5aefea1b7eb1a52dd5feec78e1a4459b5aefea1b7eb1a52dd
412,FPV000412,271,4,1,Atlas FinancePlanningVersion 412,2021-02-16,2022-02-16,1,1,2026-08-24T00:00:00.000,2018-01-01T00:00:00.000,9999-12-31T00:00:00.000,1,bc0711900588517eb2ed00bdc44227e3bc0711900588517eb2ed00bdc44227e3
413,FPV000413,471,8,4,Ion FinancePlanningVersion 413,2021-02-17,2022-02-17,1,1,2026-08-24T00:00:00.000,2018-01-01T00:00:00.000,9999-12-31T00:00:00.000,1,d8d0f1bf52b658a8b20cf74f9371e17ad8d0f1bf52b658a8b20cf74f9371e17a
414,FPV000414,213,4,2,Granite FinancePlanningVersion 414,2021-02-18,2022-02-18,1,1,2026-08-24T00:00:00.000,2018-01-01T00:00:00.000,9999-12-31T00:00:00.000,1,9036a7f60b06506eb71b98bcf91f93549036a7f60b06506eb71b98bcf91f9354
415,FPV000415,414,3,1,Atlas FinancePlanningVersion 415,2021-02-19,2022-02-19,1,1,2026-08-24T00:00:00.000,2018-01-01T00:00:00.000,9999-12-31T00:00:00.000,1,31ec555e32e351a8b186eba94c1ea6e931ec555e32e351a8b186eba94c1ea6e9
416,FPV000416,2,9,1,Forge FinancePlanningVersion 416,2021-02-20,2022-02-20,1,1,2026-08-24T00:00:00.000,2018-01-01T00:00:00.000,9999-12-31T00:00:00.000,1,fa7b0c4d6855555b8f32ed54f34e57fefa7b0c4d6855555b8f32ed54f34e57fe
417,FPV000417,242,5,4,Delta FinancePlanningVersion 417,2021-02-21,2022-02-21,1,1,2026-08-24T00:00:00.000,2018-01-01T00:00:00.000,9999-12-31T00:00:00.000,1,94055b7bf54458fdad0ee8ee8112c6ae94055b7bf54458fdad0ee8ee8112c6ae
418,FPV000418,471,4,5,Delta FinancePlanningVersion 418,2021-02-22,2022-02-22,1,1,2026-08-24T00:00:00.000,2018-01-01T00:00:00.000,9999-12-31T00:00:00.000,1,74992c40105855c9bfe37e03cc79742a74992c40105855c9bfe37e03cc79742a
419,FPV000419,444,10,2,Zenith FinancePlanningVersion 419,2021-02-23,2022-02-23,1,1,2026-08-24T00:00:00.000,2018-01-01T00:00:00.000,9999-12-31T00:00:00.000,1,6f26e62ef5a85ecd817c28de46ef047b6f26e62ef5a85ecd817c28de46ef047b
420,FPV000420,273,6,4,Willow FinancePlanningVersion 420,2021-02-24,2022-02-24,1,1,2026-08-24T00:00:00.000,2018-01-01T00:00:00.000,9999-12-31T00:00:00.000,1,37f04804ab855d328124dd884ca9aa8437f04804ab855d328124dd884ca9aa84
421,FPV000421,379,2,4,Evergreen FinancePlanningVersion 421,2021-02-25,2022-02-25,1,1,2026-08-24T00:00:00.000,2018-01-01T00:00:00.000,9999-12-31T00:00:00.000,1,2f83d57b5f9d52dcad4ee71db36adde22f83d57b5f9d52dcad4ee71db36adde2
422,FPV000422,325,4,3,Unity FinancePlanningVersion 422,2021-02-26,2022-02-26,1,1,2026-08-24T00:00:00.000,2018-01-01T00:00:00.000,9999-12-31T00:00:00.000,1,068fb18bd8115607b18f06b402aeeba5068fb18bd8115607b18f06b402aeeba5
423,FPV000423,421,9,3,Evergreen FinancePlanningVersion 423,2021-02-27,2022-02-27,1,1,2026-08-24T00:00:00.000,2018-01-01T00:00:00.000,9999-12-31T00:00:00.000,1,3b38a5216d545ea2a9a046fec2d2e6cd3b38a5216d545ea2a9a046fec2d2e6cd
424,FPV000424,125,4,3,Forge FinancePlanningVersion 424,2021-02-28,2022-02-28,1,1,2026-08-24T00:00:00.000,2018-01-01T00:00:00.000,9999-12-31T00:00:00.000,1,e5f824bd59315db1b9cc9553c256b2bbe5f824bd59315db1b9cc9553c256b2bb
425,FPV000425,324,2,1,Junction FinancePlanningVersion 425,2021-03-01,2022-03-01,1,1,2026-08-24T00:00:00.000,2018-01-01T00:00:00.000,9999-12-31T00:00:00.000,1,7e97da6e4eab5f07b38627559e93eedc7e97da6e4eab5f07b38627559e93eedc
426,FPV000426,363,5,4,Willow FinancePlanningVersion 426,2021-03-02,2022-03-02,1,1,2026-08-24T00:00:00.000,2018-01-01T00:00:00.000,9999-12-31T00:00:00.000,1,039974c88d475b979e372441acde9277039974c88d475b979e372441acde9277
427,FPV000427,142,8,1,Granite FinancePlanningVersion 427,2021-03-03,2022-03-03,1,1,2026-08-24T00:00:00.000,2018-01-01T00:00:00.000,9999-12-31T00:00:00.000,1,11010162b1245198b21b1e3b444c8e1711010162b1245198b21b1e3b444c8e17
428,FPV000428,29,1,4,Pioneer FinancePlanningVersion 428,2021-03-04,2022-03-04,1,1,2026-08-24T00:00:00.000,2018-01-01T00:00:00.000,9999-12-31T00:00:00.000,1,61fae597bacb5fcfb58cda296ab0726c61fae597bacb5fcfb58cda296ab0726c
429,FPV000429,8,1,1,Summit FinancePlanningVersion 429,2021-03-05,2022-03-05,1,1,2026-08-24T00:00:00.000,2018-01-01T00:00:00.000,9999-12-31T00:00:00.000,1,6d762e85466c528bb007d0693bf2638b6d762e85466c528bb007d0693bf2638b
430,FPV000430,470,6,5,Delta FinancePlanningVersion 430,2021-03-06,2022-03-06,1,1,2026-08-24T00:00:00.000,2018-01-01T00:00:00.000,9999-12-31T00:00:00.000,1,aeba11b6f7b352ec9998e7789a2e1d9aaeba11b6f7b352ec9998e7789a2e1d9a
431,FPV000431,335,7,5,Zenith FinancePlanningVersion 431,2021-03-07,2022-03-07,1,1,2026-08-24T00:00:00.000,2018-01-01T00:00:00.000,9999-12-31T00:00:00.000,1,f67320ecafd15a62851ce105d8206fb5f67320ecafd15a62851ce105d8206fb5
432,FPV000432,251,2,4,Junction FinancePlanningVersion 432,2021-03-08,2022-03-08,1,1,2026-08-24T00:00:00.000,2018-01-01T00:00:00.000,9999-12-31T00:00:00.000,1,1b5f5528a39352d7a5ff5c7fcf8055e01b5f5528a39352d7a5ff5c7fcf8055e0
433,FPV000433,56,3,5,Pioneer FinancePlanningVersion 433,2021-03-09,2022-03-09,1,1,2026-08-24T00:00:00.000,2018-01-01T00:00:00.000,9999-12-31T00:00:00.000,1,bb79e34957815e02934103e470045958bb79e34957815e02934103e470045958
434,FPV000434,7,2,2,Atlas FinancePlanningVersion 434,2021-03-10,2022-03-10,1,1,2026-08-24T00:00:00.000,2018-01-01T00:00:00.000,9999-12-31T00:00:00.000,1,9f13249342a159da91447ab1c71372049f13249342a159da91447ab1c7137204
435,FPV000435,42,6,3,Riverton FinancePlanningVersion 435,2021-03-11,2022-03-11,1,1,2026-08-24T00:00:00.000,2018-01-01T00:00:00.000,9999-12-31T00:00:00.000,1,983ee050bbe85b1d883663795e56d6aa983ee050bbe85b1d883663795e56d6aa
436,FPV000436,322,1,4,Unity FinancePlanningVersion 436,2021-03-12,2022-03-12,1,1,2026-08-24T00:00:00.000,2018-01-01T00:00:00.000,9999-12-31T00:00:00.000,1,26d794df73765322b3ca1abc21ca541826d794df73765322b3ca1abc21ca5418
437,FPV000437,72,3,1,Granite FinancePlanningVersion 437,2021-03-13,2022-03-13,1,1,2026-08-24T00:00:00.000,2018-01-01T00:00:00.000,9999-12-31T00:00:00.000,1,9e2544a32bef51d49becfba6c91848e59e2544a32bef51d49becfba6c91848e5
438,FPV000438,366,9,2,Beacon FinancePlanningVersion 438,2021-03-14,2022-03-14,1,1,2026-08-24T00:00:00.000,2018-01-01T00:00:00.000,9999-12-31T00:00:00.000,1,5573d66105cd5afd8014aaaa1af7cc315573d66105cd5afd8014aaaa1af7cc31
439,FPV000439,300,1,1,Keystone FinancePlanningVersion 439,2021-03-15,2022-03-15,1,1,2026-08-24T00:00:00.000,2018-01-01T00:00:00.000,9999-12-31T00:00:00.000,1,88cdd3c59bc252089caa0d70798771ac88cdd3c59bc252089caa0d70798771ac
440,FPV000440,123,10,4,Quartz FinancePlanningVersion 440,2021-03-16,2022-03-16,1,1,2026-08-24T00:00:00.000,2018-01-01T00:00:00.000,9999-12-31T00:00:00.000,1,eab2b44f8da95b6ab324472461b8d44beab2b44f8da95b6ab324472461b8d44b
441,FPV000441,466,6,5,Quartz FinancePlanningVersion 441,2021-03-17,2022-03-17,1,1,2026-08-24T00:00:00.000,2018-01-01T00:00:00.000,9999-12-31T00:00:00.000,1,f4c2d76068125a92ac128180296e62c3f4c2d76068125a92ac128180296e62c3
442,FPV000442,325,2,2,Cedar FinancePlanningVersion 442,2021-03-18,2022-03-18,1,1,2026-08-24T00:00:00.000,2018-01-01T00:00:00.000,9999-12-31T00:00:00.000,1,268f014b3e38513197a8efd347c6cb45268f014b3e38513197a8efd347c6cb45
443,FPV000443,163,8,3,Granite FinancePlanningVersion 443,2021-03-19,2022-03-19,1,1,2026-08-24T00:00:00.000,2018-01-01T00:00:00.000,9999-12-31T00:00:00.000,1,4ad4691d53c65ab1bb2d70687f7faa9f4ad4691d53c65ab1bb2d70687f7faa9f
444,FPV000444,39,6,5,Orion FinancePlanningVersion 444,2021-03-20,2022-03-20,1,1,2026-08-24T00:00:00.000,2018-01-01T00:00:00.000,9999-12-31T00:00:00.000,1,6e8174594e1253f6835ae43f9f6570046e8174594e1253f6835ae43f9f657004
445,FPV000445,366,5,1,Summit FinancePlanningVersion 445,2021-03-21,2022-03-21,1,1,2026-08-24T00:00:00.000,2018-01-01T00:00:00.000,9999-12-31T00:00:00.000,1,f94ff2e66b7c5a68bf0252292112faadf94ff2e66b7c5a68bf0252292112faad
446,FPV000446,296,6,1,Pioneer FinancePlanningVersion 446,2021-03-22,2022-03-22,1,1,2026-08-24T00:00:00.000,2018-01-01T00:00:00.000,9999-12-31T00:00:00.000,1,62a55d098be65788acff09baed2a7a8562a55d098be65788acff09baed2a7a85
447,FPV000447,485,1,3,Pioneer FinancePlanningVersion 447,2021-03-23,2022-03-23,1,1,2026-08-24T00:00:00.000,2018-01-01T00:00:00.000,9999-12-31T00:00:00.000,1,c99cd0c08e7e534a9f27d2c664878a90c99cd0c08e7e534a9f27d2c664878a90
448,FPV000448,485,4,2,Summit FinancePlanningVersion 448,2021-03-24,2022-03-24,1,1,2026-08-24T00:00:00.000,2018-01-01T00:00:00.000,9999-12-31T00:00:00.000,1,c665cf0692f3567b95c0af62c7db7075c665cf0692f3567b95c0af62c7db7075
449,FPV000449,339,1,2,Unity FinancePlanningVersion 449,2021-03-25,2022-03-25,1,1,2026-08-24T00:00:00.000,2018-01-01T00:00:00.000,9999-12-31T00:00:00.000,1,be03667f22735a54aec9e1cfdc4e70bbbe03667f22735a54aec9e1cfdc4e70bb
450,FPV000450,230,8,4,Cedar FinancePlanningVersion 450,2021-03-26,2022-03-26,1,1,2026-08-24T00:00:00.000,2018-01-01T00:00:00.000,9999-12-31T00:00:00.000,1,9971962e222f5ba6beb269d9d027b2179971962e222f5ba6beb269d9d027b217
451,FPV000451,141,10,4,Titan FinancePlanningVersion 451,2021-03-27,2022-03-27,1,1,2026-08-24T00:00:00.000,2018-01-01T00:00:00.000,9999-12-31T00:00:00.000,1,1e396c57d4755101912653d2b6e9880f1e396c57d4755101912653d2b6e9880f
452,FPV000452,110,9,4,Beacon FinancePlanningVersion 452,2021-03-28,2022-03-28,1,1,2026-08-24T00:00:00.000,2018-01-01T00:00:00.000,9999-12-31T00:00:00.000,1,be7f8a34fe045437b5f988db3f73bb7cbe7f8a34fe045437b5f988db3f73bb7c
453,FPV000453,264,10,2,Pioneer FinancePlanningVersion 453,2021-03-29,2022-03-29,1,1,2026-08-24T00:00:00.000,2018-01-01T00:00:00.000,9999-12-31T00:00:00.000,1,2faf67e84af05347897e24e198829d7d2faf67e84af05347897e24e198829d7d
454,FPV000454,284,5,5,Northstar FinancePlanningVersion 454,2021-03-30,2022-03-30,1,1,2026-08-24T00:00:00.000,2018-01-01T00:00:00.000,9999-12-31T00:00:00.000,1,f5a9222db86552f2a240c581094f697cf5a9222db86552f2a240c581094f697c
455,FPV000455,209,6,2,Titan FinancePlanningVersion 455,2021-03-31,2022-03-31,1,1,2026-08-24T00:00:00.000,2018-01-01T00:00:00.000,9999-12-31T00:00:00.000,1,94286cf025025bb6841a97376f052d2a94286cf025025bb6841a97376f052d2a
456,FPV000456,193,8,2,Harbor FinancePlanningVersion 456,2021-04-01,2022-04-01,1,1,2026-08-24T00:00:00.000,2018-01-01T00:00:00.000,9999-12-31T00:00:00.000,1,c6d5e69c76ca5125a741312bf7fcd6e6c6d5e69c76ca5125a741312bf7fcd6e6
457,FPV000457,116,6,5,Unity FinancePlanningVersion 457,2021-04-02,2022-04-02,1,1,2026-08-24T00:00:00.000,2018-01-01T00:00:00.000,9999-12-31T00:00:00.000,1,2621f927432455a7a673d8b22c72164d2621f927432455a7a673d8b22c72164d
458,FPV000458,152,4,1,Harbor FinancePlanningVersion 458,2021-04-03,2022-04-03,1,1,2026-08-24T00:00:00.000,2018-01-01T00:00:00.000,9999-12-31T00:00:00.000,1,e50ae5e8da885abb8661fbeb088efac8e50ae5e8da885abb8661fbeb088efac8
459,FPV000459,200,5,1,Beacon FinancePlanningVersion 459,2021-04-04,2022-04-04,1,1,2026-08-24T00:00:00.000,2018-01-01T00:00:00.000,9999-12-31T00:00:00.000,1,6bca609f35ca58749c311b684f40a0e76bca609f35ca58749c311b684f40a0e7
460,FPV000460,384,3,4,Forge FinancePlanningVersion 460,2021-04-05,2022-04-05,1,1,2026-08-24T00:00:00.000,2018-01-01T00:00:00.000,9999-12-31T00:00:00.000,1,313854974da753b49acff0f0da22866e313854974da753b49acff0f0da22866e
461,FPV000461,154,7,4,Meridian FinancePlanningVersion 461,2021-04-06,2022-04-06,1,1,2026-08-24T00:00:00.000,2018-01-01T00:00:00.000,9999-12-31T00:00:00.000,1,b124aa8054cf5066a11c202b68f6a3f1b124aa8054cf5066a11c202b68f6a3f1
462,FPV000462,350,4,4,Zenith FinancePlanningVersion 462,2021-04-07,2022-04-07,1,1,2026-08-24T00:00:00.000,2018-01-01T00:00:00.000,9999-12-31T00:00:00.000,1,fa3aca41217650079e4bd5277b381052fa3aca41217650079e4bd5277b381052
463,FPV000463,150,6,5,Quartz FinancePlanningVersion 463,2021-04-08,2022-04-08,1,1,2026-08-24T00:00:00.000,2018-01-01T00:00:00.000,9999-12-31T00:00:00.000,1,28073afef1fd5c0a9065be3a460baa7528073afef1fd5c0a9065be3a460baa75
464,FPV000464,158,5,4,Quartz FinancePlanningVersion 464,2021-04-09,2022-04-09,1,1,2026-08-24T00:00:00.000,2018-01-01T00:00:00.000,9999-12-31T00:00:00.000,1,6f214c167dd65abba8b8a485895054c76f214c167dd65abba8b8a485895054c7
465,FPV000465,253,3,2,Delta FinancePlanningVersion 465,2021-04-10,2022-04-10,1,1,2026-08-24T00:00:00.000,2018-01-01T00:00:00.000,9999-12-31T00:00:00.000,1,ef09187809bc5f6183a314806d77ac4aef09187809bc5f6183a314806d77ac4a
466,FPV000466,319,7,5,Titan FinancePlanningVersion 466,2021-04-11,2022-04-11,1,1,2026-08-24T00:00:00.000,2018-01-01T00:00:00.000,9999-12-31T00:00:00.000,1,43210552b6615cdfbd6a0d809bc7d5ea43210552b6615cdfbd6a0d809bc7d5ea
467,FPV000467,250,2,2,Orion FinancePlanningVersion 467,2021-04-12,2022-04-12,1,1,2026-08-24T00:00:00.000,2018-01-01T00:00:00.000,9999-12-31T00:00:00.000,1,19b7ddc9abe453ee90f6cd083c8ef2d219b7ddc9abe453ee90f6cd083c8ef2d2
468,FPV000468,169,5,3,Liberty FinancePlanningVersion 468,2021-04-13,2022-04-13,1,1,2026-08-24T00:00:00.000,2018-01-01T00:00:00.000,9999-12-31T00:00:00.000,1,856dac2e606f524cb04ccfd13f7a3805856dac2e606f524cb04ccfd13f7a3805
469,FPV000469,168,3,5,Orion FinancePlanningVersion 469,2021-04-14,2022-04-14,1,1,2026-08-24T00:00:00.000,2018-01-01T00:00:00.000,9999-12-31T00:00:00.000,1,a61e8ff6207e596eb16bcab8f263dcf7a61e8ff6207e596eb16bcab8f263dcf7
470,FPV000470,281,1,5,Forge FinancePlanningVersion 470,2021-04-15,2022-04-15,1,1,2026-08-24T00:00:00.000,2018-01-01T00:00:00.000,9999-12-31T00:00:00.000,1,fdcba47a9df6541fbfc54ec32e8ce3c1fdcba47a9df6541fbfc54ec32e8ce3c1
471,FPV000471,50,3,2,Meridian FinancePlanningVersion 471,2021-04-16,2022-04-16,1,1,2026-08-24T00:00:00.000,2018-01-01T00:00:00.000,9999-12-31T00:00:00.000,1,af7dcb95745c56878a4891798db67508af7dcb95745c56878a4891798db67508
472,FPV000472,496,6,3,Cedar FinancePlanningVersion 472,2021-04-17,2022-04-17,1,1,2026-08-24T00:00:00.000,2018-01-01T00:00:00.000,9999-12-31T00:00:00.000,1,803859ea4ee0529aa223fdd2eb49660d803859ea4ee0529aa223fdd2eb49660d
473,FPV000473,18,9,5,Willow FinancePlanningVersion 473,2021-04-18,2022-04-18,1,1,2026-08-24T00:00:00.000,2018-01-01T00:00:00.000,9999-12-31T00:00:00.000,1,d3b6fec3a6fb5c3285bbcdfd06b0b8cfd3b6fec3a6fb5c3285bbcdfd06b0b8cf
474,FPV000474,79,3,3,Unity FinancePlanningVersion 474,2021-04-19,2022-04-19,1,1,2026-08-24T00:00:00.000,2018-01-01T00:00:00.000,9999-12-31T00:00:00.000,1,8bcc8b868da25c76bc59dcc871ebfb168bcc8b868da25c76bc59dcc871ebfb16
475,FPV000475,388,6,2,Pioneer FinancePlanningVersion 475,2021-04-20,2022-04-20,1,1,2026-08-24T00:00:00.000,2018-01-01T00:00:00.000,9999-12-31T00:00:00.000,1,d57e2974ada251babc0ea15459a60cb3d57e2974ada251babc0ea15459a60cb3
476,FPV000476,389,7,4,Northstar FinancePlanningVersion 476,2021-04-21,2022-04-21,1,1,2026-08-24T00:00:00.000,2018-01-01T00:00:00.000,9999-12-31T00:00:00.000,1,e5c71334cdec52fdadebb79060eac07fe5c71334cdec52fdadebb79060eac07f
477,FPV000477,153,2,1,Vertex FinancePlanningVersion 477,2021-04-22,2022-04-22,1,1,2026-08-24T00:00:00.000,2018-01-01T00:00:00.000,9999-12-31T00:00:00.000,1,0e39d275fc745e81b2d4f6b2e6319a000e39d275fc745e81b2d4f6b2e6319a00
478,FPV000478,305,10,4,Junction FinancePlanningVersion 478,2021-04-23,2022-04-23,1,1,2026-08-24T00:00:00.000,2018-01-01T00:00:00.000,9999-12-31T00:00:00.000,1,97852974813a560ab722ecf86254403097852974813a560ab722ecf862544030
479,FPV000479,400,10,2,Summit FinancePlanningVersion 479,2021-04-24,2022-04-24,1,1,2026-08-24T00:00:00.000,2018-01-01T00:00:00.000,9999-12-31T00:00:00.000,1,6052806b13c9542aaaf82a5c664b12fa6052806b13c9542aaaf82a5c664b12fa
480,FPV000480,142,7,3,Cedar FinancePlanningVersion 480,2021-04-25,2022-04-25,1,1,2026-08-24T00:00:00.000,2018-01-01T00:00:00.000,9999-12-31T00:00:00.000,1,391b8fee79305f3f889494ee883cbfa2391b8fee79305f3f889494ee883cbfa2
481,FPV000481,358,1,2,Vertex FinancePlanningVersion 481,2021-04-26,2022-04-26,1,1,2026-08-24T00:00:00.000,2018-01-01T00:00:00.000,9999-12-31T00:00:00.000,1,c37a48c073f551cda39f05279dd6b4c3c37a48c073f551cda39f05279dd6b4c3
482,FPV000482,444,10,2,Delta FinancePlanningVersion 482,2021-04-27,2022-04-27,1,1,2026-08-24T00:00:00.000,2018-01-01T00:00:00.000,9999-12-31T00:00:00.000,1,fd1ec6b2556752c883519c43d38ec3f0fd1ec6b2556752c883519c43d38ec3f0
483,FPV000483,211,7,3,Liberty FinancePlanningVersion 483,2021-04-28,2022-04-28,1,1,2026-08-24T00:00:00.000,2018-01-01T00:00:00.000,9999-12-31T00:00:00.000,1,04063561d3b85c66819f0844c8030d4804063561d3b85c66819f0844c8030d48
484,FPV000484,400,2,1,Zenith FinancePlanningVersion 484,2021-04-29,2022-04-29,1,1,2026-08-24T00:00:00.000,2018-01-01T00:00:00.000,9999-12-31T00:00:00.000,1,fb7a6678285f5c94b86953b783bcab6ffb7a6678285f5c94b86953b783bcab6f
485,FPV000485,168,2,3,Orion FinancePlanningVersion 485,2021-04-30,2022-04-30,1,1,2026-08-24T00:00:00.000,2018-01-01T00:00:00.000,9999-12-31T00:00:00.000,1,28dc09e29e985a01b17e32de54157d7428dc09e29e985a01b17e32de54157d74
486,FPV000486,500,6,1,Summit FinancePlanningVersion 486,2021-05-01,2022-05-01,1,1,2026-08-24T00:00:00.000,2018-01-01T00:00:00.000,9999-12-31T00:00:00.000,1,ed8fe36d762550868b6241f09e537638ed8fe36d762550868b6241f09e537638
487,FPV000487,15,3,3,Keystone FinancePlanningVersion 487,2021-05-02,2022-05-02,1,1,2026-08-24T00:00:00.000,2018-01-01T00:00:00.000,9999-12-31T00:00:00.000,1,c5c7f624406056deb12032e96904f66ac5c7f624406056deb12032e96904f66a
488,FPV000488,6,1,3,Delta FinancePlanningVersion 488,2021-05-03,2022-05-03,1,1,2026-08-24T00:00:00.000,2018-01-01T00:00:00.000,9999-12-31T00:00:00.000,1,7106e65d3a0e52c9935b583f492960967106e65d3a0e52c9935b583f49296096
489,FPV000489,142,2,2,Atlas FinancePlanningVersion 489,2021-05-04,2022-05-04,1,1,2026-08-24T00:00:00.000,2018-01-01T00:00:00.000,9999-12-31T00:00:00.000,1,f91e1022630c5f968ae3e628028cd5d6f91e1022630c5f968ae3e628028cd5d6
490,FPV000490,41,8,3,Liberty FinancePlanningVersion 490,2021-05-05,2022-05-05,1,1,2026-08-24T00:00:00.000,2018-01-01T00:00:00.000,9999-12-31T00:00:00.000,1,53bd098a50555555aa198337db9a2f9d53bd098a50555555aa198337db9a2f9d
491,FPV000491,50,3,2,Summit FinancePlanningVersion 491,2021-05-06,2022-05-06,1,1,2026-08-24T00:00:00.000,2018-01-01T00:00:00.000,9999-12-31T00:00:00.000,1,e5f9c6b0acb350f595f072e9b3222478e5f9c6b0acb350f595f072e9b3222478
492,FPV000492,158,1,1,Meridian FinancePlanningVersion 492,2021-05-07,2022-05-07,1,1,2026-08-24T00:00:00.000,2018-01-01T00:00:00.000,9999-12-31T00:00:00.000,1,a11517b0de855428a20f494befebd31ea11517b0de855428a20f494befebd31e
493,FPV000493,14,3,2,Riverton FinancePlanningVersion 493,2021-05-08,2022-05-08,1,1,2026-08-24T00:00:00.000,2018-01-01T00:00:00.000,9999-12-31T00:00:00.000,1,ad896d3d6b4c56aabe343900a313ce83ad896d3d6b4c56aabe343900a313ce83
494,FPV000494,312,9,4,Forge FinancePlanningVersion 494,2021-05-09,2022-05-09,1,1,2026-08-24T00:00:00.000,2018-01-01T00:00:00.000,9999-12-31T00:00:00.000,1,a00f10dc7f5c551190f6d4328d576263a00f10dc7f5c551190f6d4328d576263
495,FPV000495,408,10,5,Titan FinancePlanningVersion 495,2021-05-10,2022-05-10,1,1,2026-08-24T00:00:00.000,2018-01-01T00:00:00.000,9999-12-31T00:00:00.000,1,4555744bedb75008bb7ed30afb1021444555744bedb75008bb7ed30afb102144
496,FPV000496,276,10,1,Beacon FinancePlanningVersion 496,2021-05-11,2022-05-11,1,1,2026-08-24T00:00:00.000,2018-01-01T00:00:00.000,9999-12-31T00:00:00.000,1,772d3d459bec59fb82c1a5cfcd708df6772d3d459bec59fb82c1a5cfcd708df6
497,FPV000497,107,7,5,Unity FinancePlanningVersion 497,2021-05-12,2022-05-12,1,1,2026-08-24T00:00:00.000,2018-01-01T00:00:00.000,9999-12-31T00:00:00.000,1,98f531a499d25a6fb19c23068af1f07f98f531a499d25a6fb19c23068af1f07f
498,FPV000498,396,3,4,Ion FinancePlanningVersion 498,2021-05-13,2022-05-13,1,1,2026-08-24T00:00:00.000,2018-01-01T00:00:00.000,9999-12-31T00:00:00.000,1,634ca9bff8245153813e713e6b893470634ca9bff8245153813e713e6b893470
499,FPV000499,451,2,3,Junction FinancePlanningVersion 499,2021-05-14,2022-05-14,1,1,2026-08-24T00:00:00.000,2018-01-01T00:00:00.000,9999-12-31T00:00:00.000,1,0a82782be164535683b8e523d18c04dc0a82782be164535683b8e523d18c04dc
500,FPV000500,257,5,1,Quartz FinancePlanningVersion 500,2021-05-15,2022-05-15,1,1,2026-08-24T00:00:00.000,2018-01-01T00:00:00.000,9999-12-31T00:00:00.000,1,550b4f51a06b57e393ea879634835a09550b4f51a06b57e393ea879634835a09
