InventorySerialNumberKey,SerialNumber,ProductKey,InventoryLotKey,InventoryStockStatusKey,SerialDescription,ActivationDate,WarrantyEndDate,SourceSystemKey,BatchId,LoadedAtUtc,EffectiveFromUtc,EffectiveToUtc,IsCurrent,RowHash
-1,UNKNOWN,-1,-1,-1,N/A,1900-01-01,1900-01-01,-1,0,1900-01-01T00:00:00.000,1900-01-01T00:00:00.000,1900-01-01T00:00:00.000,0,0000000000000000000000000000000000000000000000000000000000000000
1,ISN000001,265,420,5,InventorySerialNumber starter record 1,2020-01-02,2021-01-01,1,1,2026-08-24T00:00:00.000,2018-01-01T00:00:00.000,9999-12-31T00:00:00.000,1,81bfe1f2282258fab37208fe3e1c1a1481bfe1f2282258fab37208fe3e1c1a14
2,ISN000002,133,240,10,InventorySerialNumber starter record 2,2020-01-03,2021-01-02,1,1,2026-08-24T00:00:00.000,2018-01-01T00:00:00.000,9999-12-31T00:00:00.000,1,c37a46fa3ef758cc8ae8b199ee0d5246c37a46fa3ef758cc8ae8b199ee0d5246
3,ISN000003,192,416,6,InventorySerialNumber starter record 3,2020-01-04,2021-01-03,1,1,2026-08-24T00:00:00.000,2018-01-01T00:00:00.000,9999-12-31T00:00:00.000,1,bdb0bc5bb48c5065aa967679ed7bb8b9bdb0bc5bb48c5065aa967679ed7bb8b9
4,ISN000004,276,70,1,InventorySerialNumber starter record 4,2020-01-05,2021-01-04,1,1,2026-08-24T00:00:00.000,2018-01-01T00:00:00.000,9999-12-31T00:00:00.000,1,8a44884ee4405733ac3be182fe7153bc8a44884ee4405733ac3be182fe7153bc
5,ISN000005,138,71,9,InventorySerialNumber starter record 5,2020-01-06,2021-01-05,1,1,2026-08-24T00:00:00.000,2018-01-01T00:00:00.000,9999-12-31T00:00:00.000,1,02f4487a021150d3ae6f2314fb51dd4b02f4487a021150d3ae6f2314fb51dd4b
6,ISN000006,491,228,7,InventorySerialNumber starter record 6,2020-01-07,2021-01-06,1,1,2026-08-24T00:00:00.000,2018-01-01T00:00:00.000,9999-12-31T00:00:00.000,1,dcfd51e459295084900e33c32c69d3ecdcfd51e459295084900e33c32c69d3ec
7,ISN000007,417,150,1,InventorySerialNumber starter record 7,2020-01-08,2021-01-07,1,1,2026-08-24T00:00:00.000,2018-01-01T00:00:00.000,9999-12-31T00:00:00.000,1,69ed41a048cb5e6cac471d7d89a62d6a69ed41a048cb5e6cac471d7d89a62d6a
8,ISN000008,392,212,8,InventorySerialNumber starter record 8,2020-01-09,2021-01-08,1,1,2026-08-24T00:00:00.000,2018-01-01T00:00:00.000,9999-12-31T00:00:00.000,1,a6f6c6e68315518480c0a80543276de7a6f6c6e68315518480c0a80543276de7
9,ISN000009,374,408,9,InventorySerialNumber starter record 9,2020-01-10,2021-01-09,1,1,2026-08-24T00:00:00.000,2018-01-01T00:00:00.000,9999-12-31T00:00:00.000,1,5d56e7ea459e59e69587d450c72737165d56e7ea459e59e69587d450c7273716
10,ISN000010,222,232,2,InventorySerialNumber starter record 10,2020-01-11,2021-01-10,1,1,2026-08-24T00:00:00.000,2018-01-01T00:00:00.000,9999-12-31T00:00:00.000,1,58797c9ce43a5d9383fe15bf78536f9858797c9ce43a5d9383fe15bf78536f98
11,ISN000011,15,157,6,InventorySerialNumber starter record 11,2020-01-12,2021-01-11,1,1,2026-08-24T00:00:00.000,2018-01-01T00:00:00.000,9999-12-31T00:00:00.000,1,286d4d7ca576560eb936c55cabff3de8286d4d7ca576560eb936c55cabff3de8
12,ISN000012,146,407,1,InventorySerialNumber starter record 12,2020-01-13,2021-01-12,1,1,2026-08-24T00:00:00.000,2018-01-01T00:00:00.000,9999-12-31T00:00:00.000,1,f74d4168882d555a93679e30aaa840a7f74d4168882d555a93679e30aaa840a7
13,ISN000013,125,471,3,InventorySerialNumber starter record 13,2020-01-14,2021-01-13,1,1,2026-08-24T00:00:00.000,2018-01-01T00:00:00.000,9999-12-31T00:00:00.000,1,177d9efe50a25cbb8d4d84f654e80d00177d9efe50a25cbb8d4d84f654e80d00
14,ISN000014,141,36,9,InventorySerialNumber starter record 14,2020-01-15,2021-01-14,1,1,2026-08-24T00:00:00.000,2018-01-01T00:00:00.000,9999-12-31T00:00:00.000,1,fd7fc9f9533756fe9867989feac3d0f8fd7fc9f9533756fe9867989feac3d0f8
15,ISN000015,79,416,1,InventorySerialNumber starter record 15,2020-01-16,2021-01-15,1,1,2026-08-24T00:00:00.000,2018-01-01T00:00:00.000,9999-12-31T00:00:00.000,1,d41cc8e0267959ef8621375f2f2e862ad41cc8e0267959ef8621375f2f2e862a
16,ISN000016,450,187,6,InventorySerialNumber starter record 16,2020-01-17,2021-01-16,1,1,2026-08-24T00:00:00.000,2018-01-01T00:00:00.000,9999-12-31T00:00:00.000,1,fb0f2f92c71d57d3a7d7f927b8bdb584fb0f2f92c71d57d3a7d7f927b8bdb584
17,ISN000017,415,-1,5,InventorySerialNumber starter record 17,2020-01-18,2021-01-17,1,1,2026-08-24T00:00:00.000,2018-01-01T00:00:00.000,9999-12-31T00:00:00.000,1,06e658f7692c5f14acbe813f93b07fce06e658f7692c5f14acbe813f93b07fce
18,ISN000018,259,92,2,InventorySerialNumber starter record 18,2020-01-19,2021-01-18,1,1,2026-08-24T00:00:00.000,2018-01-01T00:00:00.000,9999-12-31T00:00:00.000,1,4f1491d7b301500aa0fb96783fb4d5124f1491d7b301500aa0fb96783fb4d512
19,ISN000019,5,232,7,InventorySerialNumber starter record 19,2020-01-20,2021-01-19,1,1,2026-08-24T00:00:00.000,2018-01-01T00:00:00.000,9999-12-31T00:00:00.000,1,3d19a0e4696f5f839afa8dc03ab602db3d19a0e4696f5f839afa8dc03ab602db
20,ISN000020,324,80,7,InventorySerialNumber starter record 20,2020-01-21,2021-01-20,1,1,2026-08-24T00:00:00.000,2018-01-01T00:00:00.000,9999-12-31T00:00:00.000,1,f586eb3744965873aad52070165fa7f9f586eb3744965873aad52070165fa7f9
21,ISN000021,349,49,1,InventorySerialNumber starter record 21,2020-01-22,2021-01-21,1,1,2026-08-24T00:00:00.000,2018-01-01T00:00:00.000,9999-12-31T00:00:00.000,1,da38e08bdffc5c10947ddaafd440e550da38e08bdffc5c10947ddaafd440e550
22,ISN000022,256,129,9,InventorySerialNumber starter record 22,2020-01-23,2021-01-22,1,1,2026-08-24T00:00:00.000,2018-01-01T00:00:00.000,9999-12-31T00:00:00.000,1,f19b1616fc7e532799f511e1b4c2410ff19b1616fc7e532799f511e1b4c2410f
23,ISN000023,232,43,4,InventorySerialNumber starter record 23,2020-01-24,2021-01-23,1,1,2026-08-24T00:00:00.000,2018-01-01T00:00:00.000,9999-12-31T00:00:00.000,1,cfe8af6d8b6a5e58a7c35b2f79736c94cfe8af6d8b6a5e58a7c35b2f79736c94
24,ISN000024,496,125,7,InventorySerialNumber starter record 24,2020-01-25,2021-01-24,1,1,2026-08-24T00:00:00.000,2018-01-01T00:00:00.000,9999-12-31T00:00:00.000,1,61a8277e46175f43afcab2496ceba36b61a8277e46175f43afcab2496ceba36b
25,ISN000025,137,313,1,InventorySerialNumber starter record 25,2020-01-26,2021-01-25,1,1,2026-08-24T00:00:00.000,2018-01-01T00:00:00.000,9999-12-31T00:00:00.000,1,c5207a24aa405e8391260489f63808a4c5207a24aa405e8391260489f63808a4
26,ISN000026,35,374,10,InventorySerialNumber starter record 26,2020-01-27,2021-01-26,1,1,2026-08-24T00:00:00.000,2018-01-01T00:00:00.000,9999-12-31T00:00:00.000,1,4c30716742bd564194a0950e737bcf414c30716742bd564194a0950e737bcf41
27,ISN000027,13,113,4,InventorySerialNumber starter record 27,2020-01-28,2021-01-27,1,1,2026-08-24T00:00:00.000,2018-01-01T00:00:00.000,9999-12-31T00:00:00.000,1,79fec32ee86c5d1893f03795ecaf92ee79fec32ee86c5d1893f03795ecaf92ee
28,ISN000028,86,117,2,InventorySerialNumber starter record 28,2020-01-29,2021-01-28,1,1,2026-08-24T00:00:00.000,2018-01-01T00:00:00.000,9999-12-31T00:00:00.000,1,edd0da4901e1590e8bf54458c7920993edd0da4901e1590e8bf54458c7920993
29,ISN000029,234,191,2,InventorySerialNumber starter record 29,2020-01-30,2021-01-29,1,1,2026-08-24T00:00:00.000,2018-01-01T00:00:00.000,9999-12-31T00:00:00.000,1,24bd6d79962e5d5fa98ec9c79f85a76b24bd6d79962e5d5fa98ec9c79f85a76b
30,ISN000030,123,246,8,InventorySerialNumber starter record 30,2020-01-31,2021-01-30,1,1,2026-08-24T00:00:00.000,2018-01-01T00:00:00.000,9999-12-31T00:00:00.000,1,7a873e97f6d95a2681f778db33c2e46a7a873e97f6d95a2681f778db33c2e46a
31,ISN000031,36,265,2,InventorySerialNumber starter record 31,2020-02-01,2021-01-31,1,1,2026-08-24T00:00:00.000,2018-01-01T00:00:00.000,9999-12-31T00:00:00.000,1,fd165b8986b35c23abd99654ad119107fd165b8986b35c23abd99654ad119107
32,ISN000032,329,114,5,InventorySerialNumber starter record 32,2020-02-02,2021-02-01,1,1,2026-08-24T00:00:00.000,2018-01-01T00:00:00.000,9999-12-31T00:00:00.000,1,45c58a9fed0c5e3cac1bb89c10ac0b5045c58a9fed0c5e3cac1bb89c10ac0b50
33,ISN000033,241,99,3,InventorySerialNumber starter record 33,2020-02-03,2021-02-02,1,1,2026-08-24T00:00:00.000,2018-01-01T00:00:00.000,9999-12-31T00:00:00.000,1,724ae897c07156459d2ceb047eb88628724ae897c07156459d2ceb047eb88628
34,ISN000034,378,-1,9,InventorySerialNumber starter record 34,2020-02-04,2021-02-03,1,1,2026-08-24T00:00:00.000,2018-01-01T00:00:00.000,9999-12-31T00:00:00.000,1,34cbf97c3c27531e9709b59b640f60b534cbf97c3c27531e9709b59b640f60b5
35,ISN000035,471,308,8,InventorySerialNumber starter record 35,2020-02-05,2021-02-04,1,1,2026-08-24T00:00:00.000,2018-01-01T00:00:00.000,9999-12-31T00:00:00.000,1,c7ebde9c67745e3f8be3e8ab79f29569c7ebde9c67745e3f8be3e8ab79f29569
36,ISN000036,129,193,5,InventorySerialNumber starter record 36,2020-02-06,2021-02-05,1,1,2026-08-24T00:00:00.000,2018-01-01T00:00:00.000,9999-12-31T00:00:00.000,1,71363e60b04753beb4186ab5fe73e21071363e60b04753beb4186ab5fe73e210
37,ISN000037,434,351,6,InventorySerialNumber starter record 37,2020-02-07,2021-02-06,1,1,2026-08-24T00:00:00.000,2018-01-01T00:00:00.000,9999-12-31T00:00:00.000,1,0ddb3690cc7b5f08aa5750c536fdd5880ddb3690cc7b5f08aa5750c536fdd588
38,ISN000038,76,385,5,InventorySerialNumber starter record 38,2020-02-08,2021-02-07,1,1,2026-08-24T00:00:00.000,2018-01-01T00:00:00.000,9999-12-31T00:00:00.000,1,58428632ab2f551aaf6ced215c1bab7f58428632ab2f551aaf6ced215c1bab7f
39,ISN000039,106,116,3,InventorySerialNumber starter record 39,2020-02-09,2021-02-08,1,1,2026-08-24T00:00:00.000,2018-01-01T00:00:00.000,9999-12-31T00:00:00.000,1,29cfe7323dc459ed8f1325305f93b2ce29cfe7323dc459ed8f1325305f93b2ce
40,ISN000040,18,481,10,InventorySerialNumber starter record 40,2020-02-10,2021-02-09,1,1,2026-08-24T00:00:00.000,2018-01-01T00:00:00.000,9999-12-31T00:00:00.000,1,8d8eb98efae15e54a17b7715e3fec02c8d8eb98efae15e54a17b7715e3fec02c
41,ISN000041,181,284,5,InventorySerialNumber starter record 41,2020-02-11,2021-02-10,1,1,2026-08-24T00:00:00.000,2018-01-01T00:00:00.000,9999-12-31T00:00:00.000,1,96aeedd4011a5df3bded31b28a63142f96aeedd4011a5df3bded31b28a63142f
42,ISN000042,192,440,2,InventorySerialNumber starter record 42,2020-02-12,2021-02-11,1,1,2026-08-24T00:00:00.000,2018-01-01T00:00:00.000,9999-12-31T00:00:00.000,1,207ffce9fdfc57b6bdba30d5bcadf523207ffce9fdfc57b6bdba30d5bcadf523
43,ISN000043,483,299,3,InventorySerialNumber starter record 43,2020-02-13,2021-02-12,1,1,2026-08-24T00:00:00.000,2018-01-01T00:00:00.000,9999-12-31T00:00:00.000,1,71bf226ee31e5d07bf4554d3d3b9c0a071bf226ee31e5d07bf4554d3d3b9c0a0
44,ISN000044,39,434,10,InventorySerialNumber starter record 44,2020-02-14,2021-02-13,1,1,2026-08-24T00:00:00.000,2018-01-01T00:00:00.000,9999-12-31T00:00:00.000,1,ed27890f0db65deba2d3573cd1791f69ed27890f0db65deba2d3573cd1791f69
45,ISN000045,206,123,2,InventorySerialNumber starter record 45,2020-02-15,2021-02-14,1,1,2026-08-24T00:00:00.000,2018-01-01T00:00:00.000,9999-12-31T00:00:00.000,1,c5506f6230d252f5b37b0549189c8fa6c5506f6230d252f5b37b0549189c8fa6
46,ISN000046,360,15,8,InventorySerialNumber starter record 46,2020-02-16,2021-02-15,1,1,2026-08-24T00:00:00.000,2018-01-01T00:00:00.000,9999-12-31T00:00:00.000,1,3c3fad5cfb4c508f968fc8fc7b6b3fcb3c3fad5cfb4c508f968fc8fc7b6b3fcb
47,ISN000047,119,356,7,InventorySerialNumber starter record 47,2020-02-17,2021-02-16,1,1,2026-08-24T00:00:00.000,2018-01-01T00:00:00.000,9999-12-31T00:00:00.000,1,49b3b415ad5c557f9d33cd5c252d160049b3b415ad5c557f9d33cd5c252d1600
48,ISN000048,126,368,8,InventorySerialNumber starter record 48,2020-02-18,2021-02-17,1,1,2026-08-24T00:00:00.000,2018-01-01T00:00:00.000,9999-12-31T00:00:00.000,1,58e97373b6c35f129ca48f949a5a968e58e97373b6c35f129ca48f949a5a968e
49,ISN000049,81,322,4,InventorySerialNumber starter record 49,2020-02-19,2021-02-18,1,1,2026-08-24T00:00:00.000,2018-01-01T00:00:00.000,9999-12-31T00:00:00.000,1,7177c0784f205d4686cc9d77a8aca60c7177c0784f205d4686cc9d77a8aca60c
50,ISN000050,455,485,7,InventorySerialNumber starter record 50,2020-02-20,2021-02-19,1,1,2026-08-24T00:00:00.000,2018-01-01T00:00:00.000,9999-12-31T00:00:00.000,1,e27e627c787c54af8634bce2aba2246ee27e627c787c54af8634bce2aba2246e
51,ISN000051,15,-1,1,InventorySerialNumber starter record 51,2020-02-21,2021-02-20,1,1,2026-08-24T00:00:00.000,2018-01-01T00:00:00.000,9999-12-31T00:00:00.000,1,b507dd3283f553cb943710fa7819b63db507dd3283f553cb943710fa7819b63d
52,ISN000052,260,335,1,InventorySerialNumber starter record 52,2020-02-22,2021-02-21,1,1,2026-08-24T00:00:00.000,2018-01-01T00:00:00.000,9999-12-31T00:00:00.000,1,0978e65ccc125b68a166da13f20a44b70978e65ccc125b68a166da13f20a44b7
53,ISN000053,113,79,1,InventorySerialNumber starter record 53,2020-02-23,2021-02-22,1,1,2026-08-24T00:00:00.000,2018-01-01T00:00:00.000,9999-12-31T00:00:00.000,1,bbfb6d9a35bc56cfb82a550e5f77de92bbfb6d9a35bc56cfb82a550e5f77de92
54,ISN000054,449,270,8,InventorySerialNumber starter record 54,2020-02-24,2021-02-23,1,1,2026-08-24T00:00:00.000,2018-01-01T00:00:00.000,9999-12-31T00:00:00.000,1,9ff496988ba65135ab4fe5d55c2943d29ff496988ba65135ab4fe5d55c2943d2
55,ISN000055,471,420,1,InventorySerialNumber starter record 55,2020-02-25,2021-02-24,1,1,2026-08-24T00:00:00.000,2018-01-01T00:00:00.000,9999-12-31T00:00:00.000,1,f3e79558e30f5936b0ff7b69a728afe1f3e79558e30f5936b0ff7b69a728afe1
56,ISN000056,232,41,8,InventorySerialNumber starter record 56,2020-02-26,2021-02-25,1,1,2026-08-24T00:00:00.000,2018-01-01T00:00:00.000,9999-12-31T00:00:00.000,1,952dda9eaeff5e8384fdf256ae9771cb952dda9eaeff5e8384fdf256ae9771cb
57,ISN000057,161,160,2,InventorySerialNumber starter record 57,2020-02-27,2021-02-26,1,1,2026-08-24T00:00:00.000,2018-01-01T00:00:00.000,9999-12-31T00:00:00.000,1,6c99e71d1cc2554db9c2fc1f5271b06e6c99e71d1cc2554db9c2fc1f5271b06e
58,ISN000058,320,31,3,InventorySerialNumber starter record 58,2020-02-28,2021-02-27,1,1,2026-08-24T00:00:00.000,2018-01-01T00:00:00.000,9999-12-31T00:00:00.000,1,29028a2393fc5603a436285dd6a1fdf429028a2393fc5603a436285dd6a1fdf4
59,ISN000059,386,235,1,InventorySerialNumber starter record 59,2020-02-29,2021-02-28,1,1,2026-08-24T00:00:00.000,2018-01-01T00:00:00.000,9999-12-31T00:00:00.000,1,657564ab9d8c5bbbbe2311a2357c0a38657564ab9d8c5bbbbe2311a2357c0a38
60,ISN000060,207,299,8,InventorySerialNumber starter record 60,2020-03-01,2021-03-01,1,1,2026-08-24T00:00:00.000,2018-01-01T00:00:00.000,9999-12-31T00:00:00.000,1,c7272b7ee0005c618ca63c2d7c9c9d7fc7272b7ee0005c618ca63c2d7c9c9d7f
61,ISN000061,42,117,1,InventorySerialNumber starter record 61,2020-03-02,2021-03-02,1,1,2026-08-24T00:00:00.000,2018-01-01T00:00:00.000,9999-12-31T00:00:00.000,1,5db944a7469858bc8368e349e100985b5db944a7469858bc8368e349e100985b
62,ISN000062,353,178,6,InventorySerialNumber starter record 62,2020-03-03,2021-03-03,1,1,2026-08-24T00:00:00.000,2018-01-01T00:00:00.000,9999-12-31T00:00:00.000,1,dbe783c652a85cd8bef552795bb0d646dbe783c652a85cd8bef552795bb0d646
63,ISN000063,342,80,3,InventorySerialNumber starter record 63,2020-03-04,2021-03-04,1,1,2026-08-24T00:00:00.000,2018-01-01T00:00:00.000,9999-12-31T00:00:00.000,1,051abb70857f5716b2a9dee3af3d6d3c051abb70857f5716b2a9dee3af3d6d3c
64,ISN000064,144,319,2,InventorySerialNumber starter record 64,2020-03-05,2021-03-05,1,1,2026-08-24T00:00:00.000,2018-01-01T00:00:00.000,9999-12-31T00:00:00.000,1,7a148c7ce04358a8ab98996aabdf6bd87a148c7ce04358a8ab98996aabdf6bd8
65,ISN000065,367,280,8,InventorySerialNumber starter record 65,2020-03-06,2021-03-06,1,1,2026-08-24T00:00:00.000,2018-01-01T00:00:00.000,9999-12-31T00:00:00.000,1,b39e6c55b9da52e0b8e032485e1318d3b39e6c55b9da52e0b8e032485e1318d3
66,ISN000066,428,464,8,InventorySerialNumber starter record 66,2020-03-07,2021-03-07,1,1,2026-08-24T00:00:00.000,2018-01-01T00:00:00.000,9999-12-31T00:00:00.000,1,1e3f63b569655552976a8fa1588d3dea1e3f63b569655552976a8fa1588d3dea
67,ISN000067,142,306,9,InventorySerialNumber starter record 67,2020-03-08,2021-03-08,1,1,2026-08-24T00:00:00.000,2018-01-01T00:00:00.000,9999-12-31T00:00:00.000,1,1e8c2cfb596e5974b0ab04eabd2e3e001e8c2cfb596e5974b0ab04eabd2e3e00
68,ISN000068,177,-1,3,InventorySerialNumber starter record 68,2020-03-09,2021-03-09,1,1,2026-08-24T00:00:00.000,2018-01-01T00:00:00.000,9999-12-31T00:00:00.000,1,2ecf28ca76b8516384a721f95f9624c52ecf28ca76b8516384a721f95f9624c5
69,ISN000069,431,12,3,InventorySerialNumber starter record 69,2020-03-10,2021-03-10,1,1,2026-08-24T00:00:00.000,2018-01-01T00:00:00.000,9999-12-31T00:00:00.000,1,3e3686a053dd5782a95c7cbcbdabd1b33e3686a053dd5782a95c7cbcbdabd1b3
70,ISN000070,91,82,3,InventorySerialNumber starter record 70,2020-03-11,2021-03-11,1,1,2026-08-24T00:00:00.000,2018-01-01T00:00:00.000,9999-12-31T00:00:00.000,1,34904ca442ad5c6595c57ddcaa15ed6034904ca442ad5c6595c57ddcaa15ed60
71,ISN000071,223,461,2,InventorySerialNumber starter record 71,2020-03-12,2021-03-12,1,1,2026-08-24T00:00:00.000,2018-01-01T00:00:00.000,9999-12-31T00:00:00.000,1,51e6b53b7ebf51a8a20621f747745f4451e6b53b7ebf51a8a20621f747745f44
72,ISN000072,403,457,10,InventorySerialNumber starter record 72,2020-03-13,2021-03-13,1,1,2026-08-24T00:00:00.000,2018-01-01T00:00:00.000,9999-12-31T00:00:00.000,1,693f9f4a7e0657a9a00c1ac6e5aa2cf5693f9f4a7e0657a9a00c1ac6e5aa2cf5
73,ISN000073,385,489,9,InventorySerialNumber starter record 73,2020-03-14,2021-03-14,1,1,2026-08-24T00:00:00.000,2018-01-01T00:00:00.000,9999-12-31T00:00:00.000,1,e570d29ec14d5736bff6a98d7433cbbce570d29ec14d5736bff6a98d7433cbbc
74,ISN000074,62,488,7,InventorySerialNumber starter record 74,2020-03-15,2021-03-15,1,1,2026-08-24T00:00:00.000,2018-01-01T00:00:00.000,9999-12-31T00:00:00.000,1,353cc58dc8485f488224803d8faa5fee353cc58dc8485f488224803d8faa5fee
75,ISN000075,109,124,2,InventorySerialNumber starter record 75,2020-03-16,2021-03-16,1,1,2026-08-24T00:00:00.000,2018-01-01T00:00:00.000,9999-12-31T00:00:00.000,1,f8c8c39e39725237b6a8c12a7e4b23e9f8c8c39e39725237b6a8c12a7e4b23e9
76,ISN000076,342,50,5,InventorySerialNumber starter record 76,2020-03-17,2021-03-17,1,1,2026-08-24T00:00:00.000,2018-01-01T00:00:00.000,9999-12-31T00:00:00.000,1,d129170ffd4455e98fcd552c58b60fddd129170ffd4455e98fcd552c58b60fdd
77,ISN000077,479,492,9,InventorySerialNumber starter record 77,2020-03-18,2021-03-18,1,1,2026-08-24T00:00:00.000,2018-01-01T00:00:00.000,9999-12-31T00:00:00.000,1,c7a214c7537f5b65aa8feb3bb003f910c7a214c7537f5b65aa8feb3bb003f910
78,ISN000078,392,426,8,InventorySerialNumber starter record 78,2020-03-19,2021-03-19,1,1,2026-08-24T00:00:00.000,2018-01-01T00:00:00.000,9999-12-31T00:00:00.000,1,d8403237beac54859fcf27905817f4b1d8403237beac54859fcf27905817f4b1
79,ISN000079,458,209,1,InventorySerialNumber starter record 79,2020-03-20,2021-03-20,1,1,2026-08-24T00:00:00.000,2018-01-01T00:00:00.000,9999-12-31T00:00:00.000,1,cc33bfb60d455eb7a1e83c6cd9e83340cc33bfb60d455eb7a1e83c6cd9e83340
80,ISN000080,384,495,3,InventorySerialNumber starter record 80,2020-03-21,2021-03-21,1,1,2026-08-24T00:00:00.000,2018-01-01T00:00:00.000,9999-12-31T00:00:00.000,1,30702c478a7c533eb118c493f622f65d30702c478a7c533eb118c493f622f65d
81,ISN000081,85,312,7,InventorySerialNumber starter record 81,2020-03-22,2021-03-22,1,1,2026-08-24T00:00:00.000,2018-01-01T00:00:00.000,9999-12-31T00:00:00.000,1,f6e2e19a0f0955ff9716ab04c2160218f6e2e19a0f0955ff9716ab04c2160218
82,ISN000082,4,346,4,InventorySerialNumber starter record 82,2020-03-23,2021-03-23,1,1,2026-08-24T00:00:00.000,2018-01-01T00:00:00.000,9999-12-31T00:00:00.000,1,450509ac9cc35dd18a4a41337c6589fc450509ac9cc35dd18a4a41337c6589fc
83,ISN000083,361,38,2,InventorySerialNumber starter record 83,2020-03-24,2021-03-24,1,1,2026-08-24T00:00:00.000,2018-01-01T00:00:00.000,9999-12-31T00:00:00.000,1,bed9f111b12954ffb9d8e3a6d7fd3a8dbed9f111b12954ffb9d8e3a6d7fd3a8d
84,ISN000084,89,239,6,InventorySerialNumber starter record 84,2020-03-25,2021-03-25,1,1,2026-08-24T00:00:00.000,2018-01-01T00:00:00.000,9999-12-31T00:00:00.000,1,31c8631e0fb656ae831f63ac18e8786e31c8631e0fb656ae831f63ac18e8786e
85,ISN000085,273,-1,8,InventorySerialNumber starter record 85,2020-03-26,2021-03-26,1,1,2026-08-24T00:00:00.000,2018-01-01T00:00:00.000,9999-12-31T00:00:00.000,1,1a17e69233865e628e02321fcabe4f361a17e69233865e628e02321fcabe4f36
86,ISN000086,80,132,9,InventorySerialNumber starter record 86,2020-03-27,2021-03-27,1,1,2026-08-24T00:00:00.000,2018-01-01T00:00:00.000,9999-12-31T00:00:00.000,1,94a0cd417cb550d9922ed71be042ddee94a0cd417cb550d9922ed71be042ddee
87,ISN000087,354,314,5,InventorySerialNumber starter record 87,2020-03-28,2021-03-28,1,1,2026-08-24T00:00:00.000,2018-01-01T00:00:00.000,9999-12-31T00:00:00.000,1,cc61e0734a9b543ea9f252b8a42edd79cc61e0734a9b543ea9f252b8a42edd79
88,ISN000088,176,353,2,InventorySerialNumber starter record 88,2020-03-29,2021-03-29,1,1,2026-08-24T00:00:00.000,2018-01-01T00:00:00.000,9999-12-31T00:00:00.000,1,b51e4dc2437d5595b3b6c05fd269328bb51e4dc2437d5595b3b6c05fd269328b
89,ISN000089,408,177,1,InventorySerialNumber starter record 89,2020-03-30,2021-03-30,1,1,2026-08-24T00:00:00.000,2018-01-01T00:00:00.000,9999-12-31T00:00:00.000,1,6945ffca6d7258ae8f5766de5a41e36a6945ffca6d7258ae8f5766de5a41e36a
90,ISN000090,443,63,1,InventorySerialNumber starter record 90,2020-03-31,2021-03-31,1,1,2026-08-24T00:00:00.000,2018-01-01T00:00:00.000,9999-12-31T00:00:00.000,1,157b2ffc2aca5f4d8ef1f586518b9fe5157b2ffc2aca5f4d8ef1f586518b9fe5
91,ISN000091,175,476,4,InventorySerialNumber starter record 91,2020-04-01,2021-04-01,1,1,2026-08-24T00:00:00.000,2018-01-01T00:00:00.000,9999-12-31T00:00:00.000,1,4c26b8fbe06457e4ae287d90742bbea34c26b8fbe06457e4ae287d90742bbea3
92,ISN000092,428,441,5,InventorySerialNumber starter record 92,2020-04-02,2021-04-02,1,1,2026-08-24T00:00:00.000,2018-01-01T00:00:00.000,9999-12-31T00:00:00.000,1,4b0b499757c95caca243bcedc283ea584b0b499757c95caca243bcedc283ea58
93,ISN000093,339,91,3,InventorySerialNumber starter record 93,2020-04-03,2021-04-03,1,1,2026-08-24T00:00:00.000,2018-01-01T00:00:00.000,9999-12-31T00:00:00.000,1,d8517c869e3e581db9d49317dabc0c90d8517c869e3e581db9d49317dabc0c90
94,ISN000094,267,478,5,InventorySerialNumber starter record 94,2020-04-04,2021-04-04,1,1,2026-08-24T00:00:00.000,2018-01-01T00:00:00.000,9999-12-31T00:00:00.000,1,0cc63ef1249358839f644769ffd099ce0cc63ef1249358839f644769ffd099ce
95,ISN000095,65,136,9,InventorySerialNumber starter record 95,2020-04-05,2021-04-05,1,1,2026-08-24T00:00:00.000,2018-01-01T00:00:00.000,9999-12-31T00:00:00.000,1,244813fea00f5eb0b78e67bb4e1f067a244813fea00f5eb0b78e67bb4e1f067a
96,ISN000096,35,53,6,InventorySerialNumber starter record 96,2020-04-06,2021-04-06,1,1,2026-08-24T00:00:00.000,2018-01-01T00:00:00.000,9999-12-31T00:00:00.000,1,b7a04eac0b3b50a3863c809e4ebbfe0eb7a04eac0b3b50a3863c809e4ebbfe0e
97,ISN000097,294,93,1,InventorySerialNumber starter record 97,2020-04-07,2021-04-07,1,1,2026-08-24T00:00:00.000,2018-01-01T00:00:00.000,9999-12-31T00:00:00.000,1,aa939ac3e1645bf4a900f079eeb66a9aaa939ac3e1645bf4a900f079eeb66a9a
98,ISN000098,336,169,2,InventorySerialNumber starter record 98,2020-04-08,2021-04-08,1,1,2026-08-24T00:00:00.000,2018-01-01T00:00:00.000,9999-12-31T00:00:00.000,1,4be6b0a3b6cd5b9a889a2482d61e30bf4be6b0a3b6cd5b9a889a2482d61e30bf
99,ISN000099,370,449,10,InventorySerialNumber starter record 99,2020-04-09,2021-04-09,1,1,2026-08-24T00:00:00.000,2018-01-01T00:00:00.000,9999-12-31T00:00:00.000,1,0797c4a9541151fbb6e21f0514bf5d5d0797c4a9541151fbb6e21f0514bf5d5d
100,ISN000100,451,232,2,InventorySerialNumber starter record 100,2020-04-10,2021-04-10,1,1,2026-08-24T00:00:00.000,2018-01-01T00:00:00.000,9999-12-31T00:00:00.000,1,be6456a3aab55578ae721a4524255c56be6456a3aab55578ae721a4524255c56
101,ISN000101,486,95,1,InventorySerialNumber starter record 101,2020-04-11,2021-04-11,1,1,2026-08-24T00:00:00.000,2018-01-01T00:00:00.000,9999-12-31T00:00:00.000,1,5bc0b959f0c05bddb6106654c73f20eb5bc0b959f0c05bddb6106654c73f20eb
102,ISN000102,483,-1,4,InventorySerialNumber starter record 102,2020-04-12,2021-04-12,1,1,2026-08-24T00:00:00.000,2018-01-01T00:00:00.000,9999-12-31T00:00:00.000,1,6b169259b4b25d3eaef07ab682b9d1e16b169259b4b25d3eaef07ab682b9d1e1
103,ISN000103,437,328,5,InventorySerialNumber starter record 103,2020-04-13,2021-04-13,1,1,2026-08-24T00:00:00.000,2018-01-01T00:00:00.000,9999-12-31T00:00:00.000,1,16f918f6a6465c33af6bdee5d899361616f918f6a6465c33af6bdee5d8993616
104,ISN000104,389,245,4,InventorySerialNumber starter record 104,2020-04-14,2021-04-14,1,1,2026-08-24T00:00:00.000,2018-01-01T00:00:00.000,9999-12-31T00:00:00.000,1,0594cc6cb0fb5ad1939c6705d8f0b37c0594cc6cb0fb5ad1939c6705d8f0b37c
105,ISN000105,298,104,8,InventorySerialNumber starter record 105,2020-04-15,2021-04-15,1,1,2026-08-24T00:00:00.000,2018-01-01T00:00:00.000,9999-12-31T00:00:00.000,1,04b4746c806a56cab39748c47432dac204b4746c806a56cab39748c47432dac2
106,ISN000106,148,287,3,InventorySerialNumber starter record 106,2020-04-16,2021-04-16,1,1,2026-08-24T00:00:00.000,2018-01-01T00:00:00.000,9999-12-31T00:00:00.000,1,a2f49de468cc590581b4acfff01bf1cea2f49de468cc590581b4acfff01bf1ce
107,ISN000107,111,465,2,InventorySerialNumber starter record 107,2020-04-17,2021-04-17,1,1,2026-08-24T00:00:00.000,2018-01-01T00:00:00.000,9999-12-31T00:00:00.000,1,12c7e7ba0b41542da277e52e11eed63f12c7e7ba0b41542da277e52e11eed63f
108,ISN000108,122,241,6,InventorySerialNumber starter record 108,2020-04-18,2021-04-18,1,1,2026-08-24T00:00:00.000,2018-01-01T00:00:00.000,9999-12-31T00:00:00.000,1,9fc8c30ef849506fb91b8a299b4fac1c9fc8c30ef849506fb91b8a299b4fac1c
109,ISN000109,66,96,2,InventorySerialNumber starter record 109,2020-04-19,2021-04-19,1,1,2026-08-24T00:00:00.000,2018-01-01T00:00:00.000,9999-12-31T00:00:00.000,1,234d3d6aa828500b9a8c808473cec8a7234d3d6aa828500b9a8c808473cec8a7
110,ISN000110,100,408,10,InventorySerialNumber starter record 110,2020-04-20,2021-04-20,1,1,2026-08-24T00:00:00.000,2018-01-01T00:00:00.000,9999-12-31T00:00:00.000,1,397666a3695e574688c8bb77bd5db978397666a3695e574688c8bb77bd5db978
111,ISN000111,231,156,4,InventorySerialNumber starter record 111,2020-04-21,2021-04-21,1,1,2026-08-24T00:00:00.000,2018-01-01T00:00:00.000,9999-12-31T00:00:00.000,1,9353fa19e88c5dc2bf5cb14e8eb275749353fa19e88c5dc2bf5cb14e8eb27574
112,ISN000112,370,360,6,InventorySerialNumber starter record 112,2020-04-22,2021-04-22,1,1,2026-08-24T00:00:00.000,2018-01-01T00:00:00.000,9999-12-31T00:00:00.000,1,61909b36858f5fd4994b7be7d4c3269761909b36858f5fd4994b7be7d4c32697
113,ISN000113,153,439,2,InventorySerialNumber starter record 113,2020-04-23,2021-04-23,1,1,2026-08-24T00:00:00.000,2018-01-01T00:00:00.000,9999-12-31T00:00:00.000,1,3121f2d7259e5827b957382749516cf43121f2d7259e5827b957382749516cf4
114,ISN000114,492,2,3,InventorySerialNumber starter record 114,2020-04-24,2021-04-24,1,1,2026-08-24T00:00:00.000,2018-01-01T00:00:00.000,9999-12-31T00:00:00.000,1,36099b6755af5808bbda4365f8ee762336099b6755af5808bbda4365f8ee7623
115,ISN000115,41,464,5,InventorySerialNumber starter record 115,2020-04-25,2021-04-25,1,1,2026-08-24T00:00:00.000,2018-01-01T00:00:00.000,9999-12-31T00:00:00.000,1,7b94d594ca1650c4ab8ce7561ebb0e677b94d594ca1650c4ab8ce7561ebb0e67
116,ISN000116,384,83,1,InventorySerialNumber starter record 116,2020-04-26,2021-04-26,1,1,2026-08-24T00:00:00.000,2018-01-01T00:00:00.000,9999-12-31T00:00:00.000,1,131ed8a4f45f541282864fb1a5b08f61131ed8a4f45f541282864fb1a5b08f61
117,ISN000117,100,403,7,InventorySerialNumber starter record 117,2020-04-27,2021-04-27,1,1,2026-08-24T00:00:00.000,2018-01-01T00:00:00.000,9999-12-31T00:00:00.000,1,fb1d07e98e995036ac88e91485599f15fb1d07e98e995036ac88e91485599f15
118,ISN000118,412,340,6,InventorySerialNumber starter record 118,2020-04-28,2021-04-28,1,1,2026-08-24T00:00:00.000,2018-01-01T00:00:00.000,9999-12-31T00:00:00.000,1,74c3e9b1f93758359ab23cdc2bdcb44774c3e9b1f93758359ab23cdc2bdcb447
119,ISN000119,411,-1,3,InventorySerialNumber starter record 119,2020-04-29,2021-04-29,1,1,2026-08-24T00:00:00.000,2018-01-01T00:00:00.000,9999-12-31T00:00:00.000,1,acbea0433622587e8ea3246039ee1d39acbea0433622587e8ea3246039ee1d39
120,ISN000120,377,31,7,InventorySerialNumber starter record 120,2020-04-30,2021-04-30,1,1,2026-08-24T00:00:00.000,2018-01-01T00:00:00.000,9999-12-31T00:00:00.000,1,70ff3e637ac052e0ad3301f0a01c8f4d70ff3e637ac052e0ad3301f0a01c8f4d
121,ISN000121,46,51,1,InventorySerialNumber starter record 121,2020-05-01,2021-05-01,1,1,2026-08-24T00:00:00.000,2018-01-01T00:00:00.000,9999-12-31T00:00:00.000,1,7bf05e013c035a64b0d93792879d89b57bf05e013c035a64b0d93792879d89b5
122,ISN000122,300,398,3,InventorySerialNumber starter record 122,2020-05-02,2021-05-02,1,1,2026-08-24T00:00:00.000,2018-01-01T00:00:00.000,9999-12-31T00:00:00.000,1,8a102b5c77635214a54398f7d8119ac68a102b5c77635214a54398f7d8119ac6
123,ISN000123,67,307,7,InventorySerialNumber starter record 123,2020-05-03,2021-05-03,1,1,2026-08-24T00:00:00.000,2018-01-01T00:00:00.000,9999-12-31T00:00:00.000,1,c7b5e30d19ba58379f0267ef8f638971c7b5e30d19ba58379f0267ef8f638971
124,ISN000124,264,216,2,InventorySerialNumber starter record 124,2020-05-04,2021-05-04,1,1,2026-08-24T00:00:00.000,2018-01-01T00:00:00.000,9999-12-31T00:00:00.000,1,6a80ee4d2d9a56a7bad4771d40e013a76a80ee4d2d9a56a7bad4771d40e013a7
125,ISN000125,194,475,6,InventorySerialNumber starter record 125,2020-05-05,2021-05-05,1,1,2026-08-24T00:00:00.000,2018-01-01T00:00:00.000,9999-12-31T00:00:00.000,1,9ae58b5cee74571fb4c3d8ecab6ceb859ae58b5cee74571fb4c3d8ecab6ceb85
126,ISN000126,474,500,4,InventorySerialNumber starter record 126,2020-05-06,2021-05-06,1,1,2026-08-24T00:00:00.000,2018-01-01T00:00:00.000,9999-12-31T00:00:00.000,1,92889706d0345ee7afe1290b79be127b92889706d0345ee7afe1290b79be127b
127,ISN000127,141,87,7,InventorySerialNumber starter record 127,2020-05-07,2021-05-07,1,1,2026-08-24T00:00:00.000,2018-01-01T00:00:00.000,9999-12-31T00:00:00.000,1,90cbe0a1cada543f9ef2330f80c65afe90cbe0a1cada543f9ef2330f80c65afe
128,ISN000128,387,69,2,InventorySerialNumber starter record 128,2020-05-08,2021-05-08,1,1,2026-08-24T00:00:00.000,2018-01-01T00:00:00.000,9999-12-31T00:00:00.000,1,b30a2a94fd185be6bd3c070a4453a163b30a2a94fd185be6bd3c070a4453a163
129,ISN000129,425,27,4,InventorySerialNumber starter record 129,2020-05-09,2021-05-09,1,1,2026-08-24T00:00:00.000,2018-01-01T00:00:00.000,9999-12-31T00:00:00.000,1,0bd48cac6101581ba0fc440d0217a4f70bd48cac6101581ba0fc440d0217a4f7
130,ISN000130,443,152,1,InventorySerialNumber starter record 130,2020-05-10,2021-05-10,1,1,2026-08-24T00:00:00.000,2018-01-01T00:00:00.000,9999-12-31T00:00:00.000,1,d70afb3d91635576b3a77aec7edaf484d70afb3d91635576b3a77aec7edaf484
131,ISN000131,321,148,1,InventorySerialNumber starter record 131,2020-05-11,2021-05-11,1,1,2026-08-24T00:00:00.000,2018-01-01T00:00:00.000,9999-12-31T00:00:00.000,1,3bcbd2afac755f56a69765a8d15f48f73bcbd2afac755f56a69765a8d15f48f7
132,ISN000132,314,498,7,InventorySerialNumber starter record 132,2020-05-12,2021-05-12,1,1,2026-08-24T00:00:00.000,2018-01-01T00:00:00.000,9999-12-31T00:00:00.000,1,eece0de8f0b758528a7cee804b68937beece0de8f0b758528a7cee804b68937b
133,ISN000133,69,131,6,InventorySerialNumber starter record 133,2020-05-13,2021-05-13,1,1,2026-08-24T00:00:00.000,2018-01-01T00:00:00.000,9999-12-31T00:00:00.000,1,bd25bd8daafd599596f91fb831b9bfa7bd25bd8daafd599596f91fb831b9bfa7
134,ISN000134,461,492,10,InventorySerialNumber starter record 134,2020-05-14,2021-05-14,1,1,2026-08-24T00:00:00.000,2018-01-01T00:00:00.000,9999-12-31T00:00:00.000,1,cb4c8e1efa455c54b3b877635ae65d2bcb4c8e1efa455c54b3b877635ae65d2b
135,ISN000135,369,297,4,InventorySerialNumber starter record 135,2020-05-15,2021-05-15,1,1,2026-08-24T00:00:00.000,2018-01-01T00:00:00.000,9999-12-31T00:00:00.000,1,c568b5c1272850df8045a0cca8f9281ac568b5c1272850df8045a0cca8f9281a
136,ISN000136,252,-1,1,InventorySerialNumber starter record 136,2020-05-16,2021-05-16,1,1,2026-08-24T00:00:00.000,2018-01-01T00:00:00.000,9999-12-31T00:00:00.000,1,92086ddde8425315aca2bbed6f48795d92086ddde8425315aca2bbed6f48795d
137,ISN000137,215,123,5,InventorySerialNumber starter record 137,2020-05-17,2021-05-17,1,1,2026-08-24T00:00:00.000,2018-01-01T00:00:00.000,9999-12-31T00:00:00.000,1,b8031364ad86551b8e4053c86ae97663b8031364ad86551b8e4053c86ae97663
138,ISN000138,159,452,1,InventorySerialNumber starter record 138,2020-05-18,2021-05-18,1,1,2026-08-24T00:00:00.000,2018-01-01T00:00:00.000,9999-12-31T00:00:00.000,1,a695227bb87757c38faab81482c5ec60a695227bb87757c38faab81482c5ec60
139,ISN000139,401,366,4,InventorySerialNumber starter record 139,2020-05-19,2021-05-19,1,1,2026-08-24T00:00:00.000,2018-01-01T00:00:00.000,9999-12-31T00:00:00.000,1,a2e55e60ad9b50b3b6bd3d562ed62813a2e55e60ad9b50b3b6bd3d562ed62813
140,ISN000140,124,243,8,InventorySerialNumber starter record 140,2020-05-20,2021-05-20,1,1,2026-08-24T00:00:00.000,2018-01-01T00:00:00.000,9999-12-31T00:00:00.000,1,8102f71f8dea5fd39a3f725e94c2c8c68102f71f8dea5fd39a3f725e94c2c8c6
141,ISN000141,264,24,4,InventorySerialNumber starter record 141,2020-05-21,2021-05-21,1,1,2026-08-24T00:00:00.000,2018-01-01T00:00:00.000,9999-12-31T00:00:00.000,1,c266ef375cde535f9842e1d7165d47c8c266ef375cde535f9842e1d7165d47c8
142,ISN000142,51,301,4,InventorySerialNumber starter record 142,2020-05-22,2021-05-22,1,1,2026-08-24T00:00:00.000,2018-01-01T00:00:00.000,9999-12-31T00:00:00.000,1,76772ff3b7cf515e81ceb5185a60061176772ff3b7cf515e81ceb5185a600611
143,ISN000143,66,329,7,InventorySerialNumber starter record 143,2020-05-23,2021-05-23,1,1,2026-08-24T00:00:00.000,2018-01-01T00:00:00.000,9999-12-31T00:00:00.000,1,5b641db37642515abe3f88bddb11eac45b641db37642515abe3f88bddb11eac4
144,ISN000144,299,463,8,InventorySerialNumber starter record 144,2020-05-24,2021-05-24,1,1,2026-08-24T00:00:00.000,2018-01-01T00:00:00.000,9999-12-31T00:00:00.000,1,db1190db7acb5f528a220e266381b545db1190db7acb5f528a220e266381b545
145,ISN000145,325,299,4,InventorySerialNumber starter record 145,2020-05-25,2021-05-25,1,1,2026-08-24T00:00:00.000,2018-01-01T00:00:00.000,9999-12-31T00:00:00.000,1,228775750a425c0e9ce588d8fc777beb228775750a425c0e9ce588d8fc777beb
146,ISN000146,183,143,8,InventorySerialNumber starter record 146,2020-05-26,2021-05-26,1,1,2026-08-24T00:00:00.000,2018-01-01T00:00:00.000,9999-12-31T00:00:00.000,1,14b7dca5769651ee99a97bdcbcb3db3f14b7dca5769651ee99a97bdcbcb3db3f
147,ISN000147,247,348,2,InventorySerialNumber starter record 147,2020-05-27,2021-05-27,1,1,2026-08-24T00:00:00.000,2018-01-01T00:00:00.000,9999-12-31T00:00:00.000,1,a89bf4a1a57a56ff84f295a41622d9b7a89bf4a1a57a56ff84f295a41622d9b7
148,ISN000148,477,187,3,InventorySerialNumber starter record 148,2020-05-28,2021-05-28,1,1,2026-08-24T00:00:00.000,2018-01-01T00:00:00.000,9999-12-31T00:00:00.000,1,2f7f8473aba7598fb66be64b20418d8a2f7f8473aba7598fb66be64b20418d8a
149,ISN000149,263,129,9,InventorySerialNumber starter record 149,2020-05-29,2021-05-29,1,1,2026-08-24T00:00:00.000,2018-01-01T00:00:00.000,9999-12-31T00:00:00.000,1,1f5197cbeb735833a307ebab7310894c1f5197cbeb735833a307ebab7310894c
150,ISN000150,318,40,2,InventorySerialNumber starter record 150,2020-05-30,2021-05-30,1,1,2026-08-24T00:00:00.000,2018-01-01T00:00:00.000,9999-12-31T00:00:00.000,1,4fe3685c80a65bc8af3fa87d89921ad14fe3685c80a65bc8af3fa87d89921ad1
151,ISN000151,17,356,8,InventorySerialNumber starter record 151,2020-05-31,2021-05-31,1,1,2026-08-24T00:00:00.000,2018-01-01T00:00:00.000,9999-12-31T00:00:00.000,1,30fae3337ebb588ba2af3d5ed5cf9fa430fae3337ebb588ba2af3d5ed5cf9fa4
152,ISN000152,420,456,8,InventorySerialNumber starter record 152,2020-06-01,2021-06-01,1,1,2026-08-24T00:00:00.000,2018-01-01T00:00:00.000,9999-12-31T00:00:00.000,1,ef44b0d8e2a350cd96bd2a0ffa5ca4fbef44b0d8e2a350cd96bd2a0ffa5ca4fb
153,ISN000153,284,-1,7,InventorySerialNumber starter record 153,2020-06-02,2021-06-02,1,1,2026-08-24T00:00:00.000,2018-01-01T00:00:00.000,9999-12-31T00:00:00.000,1,ad169bfaa3195fbea8e768f845484e2bad169bfaa3195fbea8e768f845484e2b
154,ISN000154,313,196,7,InventorySerialNumber starter record 154,2020-06-03,2021-06-03,1,1,2026-08-24T00:00:00.000,2018-01-01T00:00:00.000,9999-12-31T00:00:00.000,1,d124c1c331f7592d96ec4723ec81153ed124c1c331f7592d96ec4723ec81153e
155,ISN000155,4,408,7,InventorySerialNumber starter record 155,2020-06-04,2021-06-04,1,1,2026-08-24T00:00:00.000,2018-01-01T00:00:00.000,9999-12-31T00:00:00.000,1,d0a2ada9ea335bdaafb64c271e344206d0a2ada9ea335bdaafb64c271e344206
156,ISN000156,452,247,2,InventorySerialNumber starter record 156,2020-06-05,2021-06-05,1,1,2026-08-24T00:00:00.000,2018-01-01T00:00:00.000,9999-12-31T00:00:00.000,1,4a888d85ac7d5d3198b82e6da69a6a354a888d85ac7d5d3198b82e6da69a6a35
157,ISN000157,223,296,2,InventorySerialNumber starter record 157,2020-06-06,2021-06-06,1,1,2026-08-24T00:00:00.000,2018-01-01T00:00:00.000,9999-12-31T00:00:00.000,1,eb5fc082174059e5a696d4e871baa55feb5fc082174059e5a696d4e871baa55f
158,ISN000158,36,241,2,InventorySerialNumber starter record 158,2020-06-07,2021-06-07,1,1,2026-08-24T00:00:00.000,2018-01-01T00:00:00.000,9999-12-31T00:00:00.000,1,695c19e2598a59caa5063ccc25af9d96695c19e2598a59caa5063ccc25af9d96
159,ISN000159,225,468,9,InventorySerialNumber starter record 159,2020-06-08,2021-06-08,1,1,2026-08-24T00:00:00.000,2018-01-01T00:00:00.000,9999-12-31T00:00:00.000,1,7dfe9025b64a5121af955e790ee14cd57dfe9025b64a5121af955e790ee14cd5
160,ISN000160,200,190,7,InventorySerialNumber starter record 160,2020-06-09,2021-06-09,1,1,2026-08-24T00:00:00.000,2018-01-01T00:00:00.000,9999-12-31T00:00:00.000,1,e2cd3826510d5aacafc4d1c7b8f788aee2cd3826510d5aacafc4d1c7b8f788ae
161,ISN000161,340,37,10,InventorySerialNumber starter record 161,2020-06-10,2021-06-10,1,1,2026-08-24T00:00:00.000,2018-01-01T00:00:00.000,9999-12-31T00:00:00.000,1,d4611f2c096059249a54d58637d23d97d4611f2c096059249a54d58637d23d97
162,ISN000162,489,58,1,InventorySerialNumber starter record 162,2020-06-11,2021-06-11,1,1,2026-08-24T00:00:00.000,2018-01-01T00:00:00.000,9999-12-31T00:00:00.000,1,0de121833e1e572ea1fd9638a5867e8a0de121833e1e572ea1fd9638a5867e8a
163,ISN000163,268,337,4,InventorySerialNumber starter record 163,2020-06-12,2021-06-12,1,1,2026-08-24T00:00:00.000,2018-01-01T00:00:00.000,9999-12-31T00:00:00.000,1,5cd5edebdd15590a8a5a5aae52b3454b5cd5edebdd15590a8a5a5aae52b3454b
164,ISN000164,308,72,2,InventorySerialNumber starter record 164,2020-06-13,2021-06-13,1,1,2026-08-24T00:00:00.000,2018-01-01T00:00:00.000,9999-12-31T00:00:00.000,1,cdbe3aa490605fffbb0bd382677a3a20cdbe3aa490605fffbb0bd382677a3a20
165,ISN000165,5,151,7,InventorySerialNumber starter record 165,2020-06-14,2021-06-14,1,1,2026-08-24T00:00:00.000,2018-01-01T00:00:00.000,9999-12-31T00:00:00.000,1,157d013401f25989ad28c08e7bb9c2a9157d013401f25989ad28c08e7bb9c2a9
166,ISN000166,104,443,10,InventorySerialNumber starter record 166,2020-06-15,2021-06-15,1,1,2026-08-24T00:00:00.000,2018-01-01T00:00:00.000,9999-12-31T00:00:00.000,1,512e8268aded509fb541a25c9a15f55b512e8268aded509fb541a25c9a15f55b
167,ISN000167,108,255,3,InventorySerialNumber starter record 167,2020-06-16,2021-06-16,1,1,2026-08-24T00:00:00.000,2018-01-01T00:00:00.000,9999-12-31T00:00:00.000,1,17fecf150e9550c6ab9179cf1689637217fecf150e9550c6ab9179cf16896372
168,ISN000168,375,399,3,InventorySerialNumber starter record 168,2020-06-17,2021-06-17,1,1,2026-08-24T00:00:00.000,2018-01-01T00:00:00.000,9999-12-31T00:00:00.000,1,53499a5c05b359cdb0a68512f6b4672053499a5c05b359cdb0a68512f6b46720
169,ISN000169,385,50,8,InventorySerialNumber starter record 169,2020-06-18,2021-06-18,1,1,2026-08-24T00:00:00.000,2018-01-01T00:00:00.000,9999-12-31T00:00:00.000,1,94f7ca82123b5d3583de47c9ecc572a694f7ca82123b5d3583de47c9ecc572a6
170,ISN000170,333,-1,7,InventorySerialNumber starter record 170,2020-06-19,2021-06-19,1,1,2026-08-24T00:00:00.000,2018-01-01T00:00:00.000,9999-12-31T00:00:00.000,1,0bb48c30b7925489b8fa424dad475e660bb48c30b7925489b8fa424dad475e66
171,ISN000171,119,15,9,InventorySerialNumber starter record 171,2020-06-20,2021-06-20,1,1,2026-08-24T00:00:00.000,2018-01-01T00:00:00.000,9999-12-31T00:00:00.000,1,32d89b3d3d475e71a5d584e632f58ac232d89b3d3d475e71a5d584e632f58ac2
172,ISN000172,236,422,4,InventorySerialNumber starter record 172,2020-06-21,2021-06-21,1,1,2026-08-24T00:00:00.000,2018-01-01T00:00:00.000,9999-12-31T00:00:00.000,1,63916a682d9c502ebc0d003499fa64eb63916a682d9c502ebc0d003499fa64eb
173,ISN000173,35,193,9,InventorySerialNumber starter record 173,2020-06-22,2021-06-22,1,1,2026-08-24T00:00:00.000,2018-01-01T00:00:00.000,9999-12-31T00:00:00.000,1,adeb0bb9aa3d5d44bbcf1d092afc70b6adeb0bb9aa3d5d44bbcf1d092afc70b6
174,ISN000174,395,22,2,InventorySerialNumber starter record 174,2020-06-23,2021-06-23,1,1,2026-08-24T00:00:00.000,2018-01-01T00:00:00.000,9999-12-31T00:00:00.000,1,d835d53d416f5a91be47e48dfcafe53fd835d53d416f5a91be47e48dfcafe53f
175,ISN000175,284,3,1,InventorySerialNumber starter record 175,2020-06-24,2021-06-24,1,1,2026-08-24T00:00:00.000,2018-01-01T00:00:00.000,9999-12-31T00:00:00.000,1,28809f12e4bd571fb2ead9b775ed916728809f12e4bd571fb2ead9b775ed9167
176,ISN000176,456,442,3,InventorySerialNumber starter record 176,2020-06-25,2021-06-25,1,1,2026-08-24T00:00:00.000,2018-01-01T00:00:00.000,9999-12-31T00:00:00.000,1,7aa2ab73b4b450d89473b0aa29b9f4927aa2ab73b4b450d89473b0aa29b9f492
177,ISN000177,364,28,5,InventorySerialNumber starter record 177,2020-06-26,2021-06-26,1,1,2026-08-24T00:00:00.000,2018-01-01T00:00:00.000,9999-12-31T00:00:00.000,1,f86cddc8f64c511c93b4f891435cb9acf86cddc8f64c511c93b4f891435cb9ac
178,ISN000178,50,307,4,InventorySerialNumber starter record 178,2020-06-27,2021-06-27,1,1,2026-08-24T00:00:00.000,2018-01-01T00:00:00.000,9999-12-31T00:00:00.000,1,e9557ebd122f58b4853dc7cedc3186bae9557ebd122f58b4853dc7cedc3186ba
179,ISN000179,55,303,2,InventorySerialNumber starter record 179,2020-06-28,2021-06-28,1,1,2026-08-24T00:00:00.000,2018-01-01T00:00:00.000,9999-12-31T00:00:00.000,1,1c9fc5a2d75357af8f51a9999ef982941c9fc5a2d75357af8f51a9999ef98294
180,ISN000180,144,432,4,InventorySerialNumber starter record 180,2020-06-29,2021-06-29,1,1,2026-08-24T00:00:00.000,2018-01-01T00:00:00.000,9999-12-31T00:00:00.000,1,b67df33af21b5840a6aa274416306907b67df33af21b5840a6aa274416306907
181,ISN000181,300,74,10,InventorySerialNumber starter record 181,2020-06-30,2021-06-30,1,1,2026-08-24T00:00:00.000,2018-01-01T00:00:00.000,9999-12-31T00:00:00.000,1,232e93b3d4cf50e08b2fb95a26e518fc232e93b3d4cf50e08b2fb95a26e518fc
182,ISN000182,140,118,7,InventorySerialNumber starter record 182,2020-07-01,2021-07-01,1,1,2026-08-24T00:00:00.000,2018-01-01T00:00:00.000,9999-12-31T00:00:00.000,1,66b728038f9258e9a9a0df0628d42a8a66b728038f9258e9a9a0df0628d42a8a
183,ISN000183,145,139,1,InventorySerialNumber starter record 183,2020-07-02,2021-07-02,1,1,2026-08-24T00:00:00.000,2018-01-01T00:00:00.000,9999-12-31T00:00:00.000,1,2e81d5804f4557adae591231c77c82632e81d5804f4557adae591231c77c8263
184,ISN000184,350,317,9,InventorySerialNumber starter record 184,2020-07-03,2021-07-03,1,1,2026-08-24T00:00:00.000,2018-01-01T00:00:00.000,9999-12-31T00:00:00.000,1,c984801ecbae5b7d94d8d9f6accc7245c984801ecbae5b7d94d8d9f6accc7245
185,ISN000185,376,279,4,InventorySerialNumber starter record 185,2020-07-04,2021-07-04,1,1,2026-08-24T00:00:00.000,2018-01-01T00:00:00.000,9999-12-31T00:00:00.000,1,806ee25df345574780dedb28daaac1d5806ee25df345574780dedb28daaac1d5
186,ISN000186,486,487,5,InventorySerialNumber starter record 186,2020-07-05,2021-07-05,1,1,2026-08-24T00:00:00.000,2018-01-01T00:00:00.000,9999-12-31T00:00:00.000,1,f5a9893b4d6c5ed196f4a58216c8b4b7f5a9893b4d6c5ed196f4a58216c8b4b7
187,ISN000187,436,-1,10,InventorySerialNumber starter record 187,2020-07-06,2021-07-06,1,1,2026-08-24T00:00:00.000,2018-01-01T00:00:00.000,9999-12-31T00:00:00.000,1,311e8132b1215c4fa1ad344611c06028311e8132b1215c4fa1ad344611c06028
188,ISN000188,39,289,1,InventorySerialNumber starter record 188,2020-07-07,2021-07-07,1,1,2026-08-24T00:00:00.000,2018-01-01T00:00:00.000,9999-12-31T00:00:00.000,1,2b9d7e82de4456d2a6d2aa7a8563d4a52b9d7e82de4456d2a6d2aa7a8563d4a5
189,ISN000189,304,112,7,InventorySerialNumber starter record 189,2020-07-08,2021-07-08,1,1,2026-08-24T00:00:00.000,2018-01-01T00:00:00.000,9999-12-31T00:00:00.000,1,99b4bec0bea651a48c293db3d23e0c7199b4bec0bea651a48c293db3d23e0c71
190,ISN000190,290,64,5,InventorySerialNumber starter record 190,2020-07-09,2021-07-09,1,1,2026-08-24T00:00:00.000,2018-01-01T00:00:00.000,9999-12-31T00:00:00.000,1,85a4e1aed4775b3e8b098017c63400f085a4e1aed4775b3e8b098017c63400f0
191,ISN000191,456,1,3,InventorySerialNumber starter record 191,2020-07-10,2021-07-10,1,1,2026-08-24T00:00:00.000,2018-01-01T00:00:00.000,9999-12-31T00:00:00.000,1,b7ac8114c4a25305be1c9b1f2765335bb7ac8114c4a25305be1c9b1f2765335b
192,ISN000192,23,429,8,InventorySerialNumber starter record 192,2020-07-11,2021-07-11,1,1,2026-08-24T00:00:00.000,2018-01-01T00:00:00.000,9999-12-31T00:00:00.000,1,911a4a39c47751f2b6bc781bf1f3f10c911a4a39c47751f2b6bc781bf1f3f10c
193,ISN000193,52,137,5,InventorySerialNumber starter record 193,2020-07-12,2021-07-12,1,1,2026-08-24T00:00:00.000,2018-01-01T00:00:00.000,9999-12-31T00:00:00.000,1,d6764922778a54d188097576a5c2d8edd6764922778a54d188097576a5c2d8ed
194,ISN000194,398,35,3,InventorySerialNumber starter record 194,2020-07-13,2021-07-13,1,1,2026-08-24T00:00:00.000,2018-01-01T00:00:00.000,9999-12-31T00:00:00.000,1,8cba0dd2f3815ecc975d6e86f09259428cba0dd2f3815ecc975d6e86f0925942
195,ISN000195,234,198,1,InventorySerialNumber starter record 195,2020-07-14,2021-07-14,1,1,2026-08-24T00:00:00.000,2018-01-01T00:00:00.000,9999-12-31T00:00:00.000,1,40f3218ef83d55cd9e93b36aaf42aec740f3218ef83d55cd9e93b36aaf42aec7
196,ISN000196,144,346,2,InventorySerialNumber starter record 196,2020-07-15,2021-07-15,1,1,2026-08-24T00:00:00.000,2018-01-01T00:00:00.000,9999-12-31T00:00:00.000,1,47eece716db85dc4920a7e5c501deea647eece716db85dc4920a7e5c501deea6
197,ISN000197,98,390,3,InventorySerialNumber starter record 197,2020-07-16,2021-07-16,1,1,2026-08-24T00:00:00.000,2018-01-01T00:00:00.000,9999-12-31T00:00:00.000,1,e53b83d098f95f78939e7297ac92f1dfe53b83d098f95f78939e7297ac92f1df
198,ISN000198,429,348,6,InventorySerialNumber starter record 198,2020-07-17,2021-07-17,1,1,2026-08-24T00:00:00.000,2018-01-01T00:00:00.000,9999-12-31T00:00:00.000,1,ec996370478d5f6aaec3d40db39cd68bec996370478d5f6aaec3d40db39cd68b
199,ISN000199,381,248,9,InventorySerialNumber starter record 199,2020-07-18,2021-07-18,1,1,2026-08-24T00:00:00.000,2018-01-01T00:00:00.000,9999-12-31T00:00:00.000,1,87166725e6ed5a0085ee476e0eb5110087166725e6ed5a0085ee476e0eb51100
200,ISN000200,72,62,3,InventorySerialNumber starter record 200,2020-07-19,2021-07-19,1,1,2026-08-24T00:00:00.000,2018-01-01T00:00:00.000,9999-12-31T00:00:00.000,1,6a8ce02573e95fe09a270e862861803c6a8ce02573e95fe09a270e862861803c
201,ISN000201,180,414,6,InventorySerialNumber starter record 201,2020-07-20,2021-07-20,1,1,2026-08-24T00:00:00.000,2018-01-01T00:00:00.000,9999-12-31T00:00:00.000,1,2378fd4d947550498fd35d6cede1a0652378fd4d947550498fd35d6cede1a065
202,ISN000202,278,243,8,InventorySerialNumber starter record 202,2020-07-21,2021-07-21,1,1,2026-08-24T00:00:00.000,2018-01-01T00:00:00.000,9999-12-31T00:00:00.000,1,6e68dc1bc41a503693cf2464cc334e386e68dc1bc41a503693cf2464cc334e38
203,ISN000203,297,280,7,InventorySerialNumber starter record 203,2020-07-22,2021-07-22,1,1,2026-08-24T00:00:00.000,2018-01-01T00:00:00.000,9999-12-31T00:00:00.000,1,36dfb9cce5d8587ea3490d6c9bfb52f936dfb9cce5d8587ea3490d6c9bfb52f9
204,ISN000204,458,-1,5,InventorySerialNumber starter record 204,2020-07-23,2021-07-23,1,1,2026-08-24T00:00:00.000,2018-01-01T00:00:00.000,9999-12-31T00:00:00.000,1,d320b8f929c95098955023782eef5a33d320b8f929c95098955023782eef5a33
205,ISN000205,309,248,5,InventorySerialNumber starter record 205,2020-07-24,2021-07-24,1,1,2026-08-24T00:00:00.000,2018-01-01T00:00:00.000,9999-12-31T00:00:00.000,1,2d68bb7c827d521b969d04e56d4885de2d68bb7c827d521b969d04e56d4885de
206,ISN000206,307,212,8,InventorySerialNumber starter record 206,2020-07-25,2021-07-25,1,1,2026-08-24T00:00:00.000,2018-01-01T00:00:00.000,9999-12-31T00:00:00.000,1,5a6fea8f2b8559aebdb18ff770d8279c5a6fea8f2b8559aebdb18ff770d8279c
207,ISN000207,413,459,2,InventorySerialNumber starter record 207,2020-07-26,2021-07-26,1,1,2026-08-24T00:00:00.000,2018-01-01T00:00:00.000,9999-12-31T00:00:00.000,1,8b093d5e4dfc5f4da52700dbe8b0b51a8b093d5e4dfc5f4da52700dbe8b0b51a
208,ISN000208,89,389,5,InventorySerialNumber starter record 208,2020-07-27,2021-07-27,1,1,2026-08-24T00:00:00.000,2018-01-01T00:00:00.000,9999-12-31T00:00:00.000,1,ef13e5360d3d5aacb6b25683863b1dd1ef13e5360d3d5aacb6b25683863b1dd1
209,ISN000209,167,228,9,InventorySerialNumber starter record 209,2020-07-28,2021-07-28,1,1,2026-08-24T00:00:00.000,2018-01-01T00:00:00.000,9999-12-31T00:00:00.000,1,ef4f45f60b1e564e802b350d1af49e9cef4f45f60b1e564e802b350d1af49e9c
210,ISN000210,424,413,1,InventorySerialNumber starter record 210,2020-07-29,2021-07-29,1,1,2026-08-24T00:00:00.000,2018-01-01T00:00:00.000,9999-12-31T00:00:00.000,1,b6ee77f442555e3f829b4b447e2efa86b6ee77f442555e3f829b4b447e2efa86
211,ISN000211,147,162,10,InventorySerialNumber starter record 211,2020-07-30,2021-07-30,1,1,2026-08-24T00:00:00.000,2018-01-01T00:00:00.000,9999-12-31T00:00:00.000,1,66d8c472c41359f1a9fc4e33c9e0440b66d8c472c41359f1a9fc4e33c9e0440b
212,ISN000212,324,273,7,InventorySerialNumber starter record 212,2020-07-31,2021-07-31,1,1,2026-08-24T00:00:00.000,2018-01-01T00:00:00.000,9999-12-31T00:00:00.000,1,976cc82a08455166af0d8a887b9fcf1d976cc82a08455166af0d8a887b9fcf1d
213,ISN000213,329,457,10,InventorySerialNumber starter record 213,2020-08-01,2021-08-01,1,1,2026-08-24T00:00:00.000,2018-01-01T00:00:00.000,9999-12-31T00:00:00.000,1,f0e148b8a0b159a5bd56a9e0a95ab148f0e148b8a0b159a5bd56a9e0a95ab148
214,ISN000214,475,255,3,InventorySerialNumber starter record 214,2020-08-02,2021-08-02,1,1,2026-08-24T00:00:00.000,2018-01-01T00:00:00.000,9999-12-31T00:00:00.000,1,f1e2a7e985d258ccab8f5973a560f200f1e2a7e985d258ccab8f5973a560f200
215,ISN000215,16,173,3,InventorySerialNumber starter record 215,2020-08-03,2021-08-03,1,1,2026-08-24T00:00:00.000,2018-01-01T00:00:00.000,9999-12-31T00:00:00.000,1,46652c39f48551769e6f367a11d82c6346652c39f48551769e6f367a11d82c63
216,ISN000216,486,166,5,InventorySerialNumber starter record 216,2020-08-04,2021-08-04,1,1,2026-08-24T00:00:00.000,2018-01-01T00:00:00.000,9999-12-31T00:00:00.000,1,188e9594501d59d6a51ec0ddcd2e07e2188e9594501d59d6a51ec0ddcd2e07e2
217,ISN000217,348,385,5,InventorySerialNumber starter record 217,2020-08-05,2021-08-05,1,1,2026-08-24T00:00:00.000,2018-01-01T00:00:00.000,9999-12-31T00:00:00.000,1,d4d9fe1a81db53ce8a553a0b507c34a3d4d9fe1a81db53ce8a553a0b507c34a3
218,ISN000218,89,213,8,InventorySerialNumber starter record 218,2020-08-06,2021-08-06,1,1,2026-08-24T00:00:00.000,2018-01-01T00:00:00.000,9999-12-31T00:00:00.000,1,5c019130b82054a4b02bf64020daa4575c019130b82054a4b02bf64020daa457
219,ISN000219,98,449,7,InventorySerialNumber starter record 219,2020-08-07,2021-08-07,1,1,2026-08-24T00:00:00.000,2018-01-01T00:00:00.000,9999-12-31T00:00:00.000,1,de87ad14fa3d5273b86f3e4b62b3d447de87ad14fa3d5273b86f3e4b62b3d447
220,ISN000220,462,473,4,InventorySerialNumber starter record 220,2020-08-08,2021-08-08,1,1,2026-08-24T00:00:00.000,2018-01-01T00:00:00.000,9999-12-31T00:00:00.000,1,cd1f3536d47b54038eb60d7afc26c3f6cd1f3536d47b54038eb60d7afc26c3f6
221,ISN000221,458,-1,1,InventorySerialNumber starter record 221,2020-08-09,2021-08-09,1,1,2026-08-24T00:00:00.000,2018-01-01T00:00:00.000,9999-12-31T00:00:00.000,1,03e592877acb52e6a5a4919c0436a81a03e592877acb52e6a5a4919c0436a81a
222,ISN000222,356,25,2,InventorySerialNumber starter record 222,2020-08-10,2021-08-10,1,1,2026-08-24T00:00:00.000,2018-01-01T00:00:00.000,9999-12-31T00:00:00.000,1,cb76a95e12b559d791ace536db16a0e6cb76a95e12b559d791ace536db16a0e6
223,ISN000223,363,399,5,InventorySerialNumber starter record 223,2020-08-11,2021-08-11,1,1,2026-08-24T00:00:00.000,2018-01-01T00:00:00.000,9999-12-31T00:00:00.000,1,3774334c60865aa7b895228bf0e729703774334c60865aa7b895228bf0e72970
224,ISN000224,117,265,3,InventorySerialNumber starter record 224,2020-08-12,2021-08-12,1,1,2026-08-24T00:00:00.000,2018-01-01T00:00:00.000,9999-12-31T00:00:00.000,1,971e3a33cd685d42906060f459df8e00971e3a33cd685d42906060f459df8e00
225,ISN000225,166,31,10,InventorySerialNumber starter record 225,2020-08-13,2021-08-13,1,1,2026-08-24T00:00:00.000,2018-01-01T00:00:00.000,9999-12-31T00:00:00.000,1,46ca453973485b1fa22426e4b7d0f24046ca453973485b1fa22426e4b7d0f240
226,ISN000226,262,259,1,InventorySerialNumber starter record 226,2020-08-14,2021-08-14,1,1,2026-08-24T00:00:00.000,2018-01-01T00:00:00.000,9999-12-31T00:00:00.000,1,90cb39ac8727557eb217a802c1bc655c90cb39ac8727557eb217a802c1bc655c
227,ISN000227,453,34,5,InventorySerialNumber starter record 227,2020-08-15,2021-08-15,1,1,2026-08-24T00:00:00.000,2018-01-01T00:00:00.000,9999-12-31T00:00:00.000,1,af5f97a9e829571fab8ed3d255e6760faf5f97a9e829571fab8ed3d255e6760f
228,ISN000228,268,14,1,InventorySerialNumber starter record 228,2020-08-16,2021-08-16,1,1,2026-08-24T00:00:00.000,2018-01-01T00:00:00.000,9999-12-31T00:00:00.000,1,4541362b06aa58f9899e4621039983194541362b06aa58f9899e462103998319
229,ISN000229,383,192,5,InventorySerialNumber starter record 229,2020-08-17,2021-08-17,1,1,2026-08-24T00:00:00.000,2018-01-01T00:00:00.000,9999-12-31T00:00:00.000,1,b3a25a8ce26051dcae30be13809525dbb3a25a8ce26051dcae30be13809525db
230,ISN000230,475,140,3,InventorySerialNumber starter record 230,2020-08-18,2021-08-18,1,1,2026-08-24T00:00:00.000,2018-01-01T00:00:00.000,9999-12-31T00:00:00.000,1,31cfe615dff15c64a84fa89e9572cf9831cfe615dff15c64a84fa89e9572cf98
231,ISN000231,244,7,2,InventorySerialNumber starter record 231,2020-08-19,2021-08-19,1,1,2026-08-24T00:00:00.000,2018-01-01T00:00:00.000,9999-12-31T00:00:00.000,1,4e129fde0bde56f584b477a959903bfa4e129fde0bde56f584b477a959903bfa
232,ISN000232,348,322,2,InventorySerialNumber starter record 232,2020-08-20,2021-08-20,1,1,2026-08-24T00:00:00.000,2018-01-01T00:00:00.000,9999-12-31T00:00:00.000,1,ce8a9cbae2eb5183af42b231582af4cbce8a9cbae2eb5183af42b231582af4cb
233,ISN000233,94,195,10,InventorySerialNumber starter record 233,2020-08-21,2021-08-21,1,1,2026-08-24T00:00:00.000,2018-01-01T00:00:00.000,9999-12-31T00:00:00.000,1,8d95afd1d1745a169934a98e4dd393648d95afd1d1745a169934a98e4dd39364
234,ISN000234,15,71,4,InventorySerialNumber starter record 234,2020-08-22,2021-08-22,1,1,2026-08-24T00:00:00.000,2018-01-01T00:00:00.000,9999-12-31T00:00:00.000,1,4879d4023f685c1e801cad66678085a24879d4023f685c1e801cad66678085a2
235,ISN000235,41,19,1,InventorySerialNumber starter record 235,2020-08-23,2021-08-23,1,1,2026-08-24T00:00:00.000,2018-01-01T00:00:00.000,9999-12-31T00:00:00.000,1,5e75bfaf5117563083776ec7e35c20a55e75bfaf5117563083776ec7e35c20a5
236,ISN000236,394,414,4,InventorySerialNumber starter record 236,2020-08-24,2021-08-24,1,1,2026-08-24T00:00:00.000,2018-01-01T00:00:00.000,9999-12-31T00:00:00.000,1,7abe5f1de3b5563abfb83f4c112cb89b7abe5f1de3b5563abfb83f4c112cb89b
237,ISN000237,424,212,2,InventorySerialNumber starter record 237,2020-08-25,2021-08-25,1,1,2026-08-24T00:00:00.000,2018-01-01T00:00:00.000,9999-12-31T00:00:00.000,1,7caa5a6cfcbc54909c56db6332abee287caa5a6cfcbc54909c56db6332abee28
238,ISN000238,293,-1,7,InventorySerialNumber starter record 238,2020-08-26,2021-08-26,1,1,2026-08-24T00:00:00.000,2018-01-01T00:00:00.000,9999-12-31T00:00:00.000,1,b3af67b1f36c5a4889cc4c232a11421fb3af67b1f36c5a4889cc4c232a11421f
239,ISN000239,201,452,3,InventorySerialNumber starter record 239,2020-08-27,2021-08-27,1,1,2026-08-24T00:00:00.000,2018-01-01T00:00:00.000,9999-12-31T00:00:00.000,1,ec796273332c5e1daad7379ee8f0fa05ec796273332c5e1daad7379ee8f0fa05
240,ISN000240,296,460,6,InventorySerialNumber starter record 240,2020-08-28,2021-08-28,1,1,2026-08-24T00:00:00.000,2018-01-01T00:00:00.000,9999-12-31T00:00:00.000,1,e0f40458995d5c43bc80478571cdd571e0f40458995d5c43bc80478571cdd571
241,ISN000241,328,248,6,InventorySerialNumber starter record 241,2020-08-29,2021-08-29,1,1,2026-08-24T00:00:00.000,2018-01-01T00:00:00.000,9999-12-31T00:00:00.000,1,170bbd71347d518c924fd047b5023e2f170bbd71347d518c924fd047b5023e2f
242,ISN000242,66,463,1,InventorySerialNumber starter record 242,2020-08-30,2021-08-30,1,1,2026-08-24T00:00:00.000,2018-01-01T00:00:00.000,9999-12-31T00:00:00.000,1,b64206b9ab875ee89073cd381b5c8f1bb64206b9ab875ee89073cd381b5c8f1b
243,ISN000243,266,185,3,InventorySerialNumber starter record 243,2020-08-31,2021-08-31,1,1,2026-08-24T00:00:00.000,2018-01-01T00:00:00.000,9999-12-31T00:00:00.000,1,fa85a1587fb95088aeadb0ec3259929efa85a1587fb95088aeadb0ec3259929e
244,ISN000244,338,112,4,InventorySerialNumber starter record 244,2020-09-01,2021-09-01,1,1,2026-08-24T00:00:00.000,2018-01-01T00:00:00.000,9999-12-31T00:00:00.000,1,da69662170ef5c45836232f654b9507ada69662170ef5c45836232f654b9507a
245,ISN000245,275,110,7,InventorySerialNumber starter record 245,2020-09-02,2021-09-02,1,1,2026-08-24T00:00:00.000,2018-01-01T00:00:00.000,9999-12-31T00:00:00.000,1,409f03102a1b5f619e557010845b67bd409f03102a1b5f619e557010845b67bd
246,ISN000246,301,375,4,InventorySerialNumber starter record 246,2020-09-03,2021-09-03,1,1,2026-08-24T00:00:00.000,2018-01-01T00:00:00.000,9999-12-31T00:00:00.000,1,4b1a2aabe16e5ae9a7ac9b9fa5ad00a24b1a2aabe16e5ae9a7ac9b9fa5ad00a2
247,ISN000247,215,180,6,InventorySerialNumber starter record 247,2020-09-04,2021-09-04,1,1,2026-08-24T00:00:00.000,2018-01-01T00:00:00.000,9999-12-31T00:00:00.000,1,7aec30e5e21c5b889616d793ae893dce7aec30e5e21c5b889616d793ae893dce
248,ISN000248,418,236,1,InventorySerialNumber starter record 248,2020-09-05,2021-09-05,1,1,2026-08-24T00:00:00.000,2018-01-01T00:00:00.000,9999-12-31T00:00:00.000,1,84f8cf1a5c495966a7ca0bad43234a3f84f8cf1a5c495966a7ca0bad43234a3f
249,ISN000249,309,471,10,InventorySerialNumber starter record 249,2020-09-06,2021-09-06,1,1,2026-08-24T00:00:00.000,2018-01-01T00:00:00.000,9999-12-31T00:00:00.000,1,8fca4d3244d75c15af16975080419b0b8fca4d3244d75c15af16975080419b0b
250,ISN000250,72,418,8,InventorySerialNumber starter record 250,2020-09-07,2021-09-07,1,1,2026-08-24T00:00:00.000,2018-01-01T00:00:00.000,9999-12-31T00:00:00.000,1,868784e15822539f93f807c9314eb30d868784e15822539f93f807c9314eb30d
251,ISN000251,466,247,10,InventorySerialNumber starter record 251,2020-09-08,2021-09-08,1,1,2026-08-24T00:00:00.000,2018-01-01T00:00:00.000,9999-12-31T00:00:00.000,1,4bdf711a25445c3d84c0a4fec52b990e4bdf711a25445c3d84c0a4fec52b990e
252,ISN000252,451,81,4,InventorySerialNumber starter record 252,2020-09-09,2021-09-09,1,1,2026-08-24T00:00:00.000,2018-01-01T00:00:00.000,9999-12-31T00:00:00.000,1,890295fe77925c30b088cdff8f5626d7890295fe77925c30b088cdff8f5626d7
253,ISN000253,264,481,6,InventorySerialNumber starter record 253,2020-09-10,2021-09-10,1,1,2026-08-24T00:00:00.000,2018-01-01T00:00:00.000,9999-12-31T00:00:00.000,1,c4994922d6c759048135cc6bf1901b31c4994922d6c759048135cc6bf1901b31
254,ISN000254,373,91,3,InventorySerialNumber starter record 254,2020-09-11,2021-09-11,1,1,2026-08-24T00:00:00.000,2018-01-01T00:00:00.000,9999-12-31T00:00:00.000,1,a28846a6579759b4b26cf12de23a61bca28846a6579759b4b26cf12de23a61bc
255,ISN000255,271,-1,7,InventorySerialNumber starter record 255,2020-09-12,2021-09-12,1,1,2026-08-24T00:00:00.000,2018-01-01T00:00:00.000,9999-12-31T00:00:00.000,1,a7d7aebe962e5eada674833258099c30a7d7aebe962e5eada674833258099c30
256,ISN000256,6,176,2,InventorySerialNumber starter record 256,2020-09-13,2021-09-13,1,1,2026-08-24T00:00:00.000,2018-01-01T00:00:00.000,9999-12-31T00:00:00.000,1,850aae0ff6b95ef885cab6b6e537b9a2850aae0ff6b95ef885cab6b6e537b9a2
257,ISN000257,88,182,8,InventorySerialNumber starter record 257,2020-09-14,2021-09-14,1,1,2026-08-24T00:00:00.000,2018-01-01T00:00:00.000,9999-12-31T00:00:00.000,1,bb491e5bd8e45bb7bf209005a8ddf15cbb491e5bd8e45bb7bf209005a8ddf15c
258,ISN000258,203,272,6,InventorySerialNumber starter record 258,2020-09-15,2021-09-15,1,1,2026-08-24T00:00:00.000,2018-01-01T00:00:00.000,9999-12-31T00:00:00.000,1,ffbb7952a1205e56b793e6b2100c4302ffbb7952a1205e56b793e6b2100c4302
259,ISN000259,230,478,6,InventorySerialNumber starter record 259,2020-09-16,2021-09-16,1,1,2026-08-24T00:00:00.000,2018-01-01T00:00:00.000,9999-12-31T00:00:00.000,1,66f0d6b9718a557aad83c01efa8da40566f0d6b9718a557aad83c01efa8da405
260,ISN000260,115,103,10,InventorySerialNumber starter record 260,2020-09-17,2021-09-17,1,1,2026-08-24T00:00:00.000,2018-01-01T00:00:00.000,9999-12-31T00:00:00.000,1,39880861033d57268f9eedc6d5555af439880861033d57268f9eedc6d5555af4
261,ISN000261,358,316,9,InventorySerialNumber starter record 261,2020-09-18,2021-09-18,1,1,2026-08-24T00:00:00.000,2018-01-01T00:00:00.000,9999-12-31T00:00:00.000,1,f33db661f10b51f49eb56234716fb084f33db661f10b51f49eb56234716fb084
262,ISN000262,196,472,8,InventorySerialNumber starter record 262,2020-09-19,2021-09-19,1,1,2026-08-24T00:00:00.000,2018-01-01T00:00:00.000,9999-12-31T00:00:00.000,1,3ca0038497ce5b8ea43601ac8d06b1bd3ca0038497ce5b8ea43601ac8d06b1bd
263,ISN000263,424,57,6,InventorySerialNumber starter record 263,2020-09-20,2021-09-20,1,1,2026-08-24T00:00:00.000,2018-01-01T00:00:00.000,9999-12-31T00:00:00.000,1,430b88b0d7f8558787153967246ecdc1430b88b0d7f8558787153967246ecdc1
264,ISN000264,422,462,1,InventorySerialNumber starter record 264,2020-09-21,2021-09-21,1,1,2026-08-24T00:00:00.000,2018-01-01T00:00:00.000,9999-12-31T00:00:00.000,1,3b087a5bec0058219406cf24582ca0363b087a5bec0058219406cf24582ca036
265,ISN000265,272,453,7,InventorySerialNumber starter record 265,2020-09-22,2021-09-22,1,1,2026-08-24T00:00:00.000,2018-01-01T00:00:00.000,9999-12-31T00:00:00.000,1,5b2d5ba53bb359e193279d43750a86a95b2d5ba53bb359e193279d43750a86a9
266,ISN000266,144,36,10,InventorySerialNumber starter record 266,2020-09-23,2021-09-23,1,1,2026-08-24T00:00:00.000,2018-01-01T00:00:00.000,9999-12-31T00:00:00.000,1,c3c0236e75ab5a7cbe75ea221f701591c3c0236e75ab5a7cbe75ea221f701591
267,ISN000267,359,339,8,InventorySerialNumber starter record 267,2020-09-24,2021-09-24,1,1,2026-08-24T00:00:00.000,2018-01-01T00:00:00.000,9999-12-31T00:00:00.000,1,2d3353d53f355730a6e1f299c78328b42d3353d53f355730a6e1f299c78328b4
268,ISN000268,10,489,10,InventorySerialNumber starter record 268,2020-09-25,2021-09-25,1,1,2026-08-24T00:00:00.000,2018-01-01T00:00:00.000,9999-12-31T00:00:00.000,1,a998881a510a56c69f68453708767e97a998881a510a56c69f68453708767e97
269,ISN000269,346,222,6,InventorySerialNumber starter record 269,2020-09-26,2021-09-26,1,1,2026-08-24T00:00:00.000,2018-01-01T00:00:00.000,9999-12-31T00:00:00.000,1,5bfcbcf79587573ea91a873d84fa22d15bfcbcf79587573ea91a873d84fa22d1
270,ISN000270,170,72,3,InventorySerialNumber starter record 270,2020-09-27,2021-09-27,1,1,2026-08-24T00:00:00.000,2018-01-01T00:00:00.000,9999-12-31T00:00:00.000,1,a09714499e8055518058dbf152aed019a09714499e8055518058dbf152aed019
271,ISN000271,83,161,3,InventorySerialNumber starter record 271,2020-09-28,2021-09-28,1,1,2026-08-24T00:00:00.000,2018-01-01T00:00:00.000,9999-12-31T00:00:00.000,1,d4828a8c2bf75d4782ef70fbb8e3112fd4828a8c2bf75d4782ef70fbb8e3112f
272,ISN000272,43,-1,5,InventorySerialNumber starter record 272,2020-09-29,2021-09-29,1,1,2026-08-24T00:00:00.000,2018-01-01T00:00:00.000,9999-12-31T00:00:00.000,1,0ca715eab376597791dec730ca5ad9b50ca715eab376597791dec730ca5ad9b5
273,ISN000273,102,335,10,InventorySerialNumber starter record 273,2020-09-30,2021-09-30,1,1,2026-08-24T00:00:00.000,2018-01-01T00:00:00.000,9999-12-31T00:00:00.000,1,6d6437829bab5086ac0c489fc7db11396d6437829bab5086ac0c489fc7db1139
274,ISN000274,278,58,2,InventorySerialNumber starter record 274,2020-10-01,2021-10-01,1,1,2026-08-24T00:00:00.000,2018-01-01T00:00:00.000,9999-12-31T00:00:00.000,1,5d1c8e2296b75327a08f02200db78f505d1c8e2296b75327a08f02200db78f50
275,ISN000275,126,313,4,InventorySerialNumber starter record 275,2020-10-02,2021-10-02,1,1,2026-08-24T00:00:00.000,2018-01-01T00:00:00.000,9999-12-31T00:00:00.000,1,0d18b6d878ba506d960c598f7c9fd6490d18b6d878ba506d960c598f7c9fd649
276,ISN000276,184,454,9,InventorySerialNumber starter record 276,2020-10-03,2021-10-03,1,1,2026-08-24T00:00:00.000,2018-01-01T00:00:00.000,9999-12-31T00:00:00.000,1,b8168173ab9e5249bea86a26a0ad84d9b8168173ab9e5249bea86a26a0ad84d9
277,ISN000277,418,349,9,InventorySerialNumber starter record 277,2020-10-04,2021-10-04,1,1,2026-08-24T00:00:00.000,2018-01-01T00:00:00.000,9999-12-31T00:00:00.000,1,c39a2331973c5bce96fc5519845c22b8c39a2331973c5bce96fc5519845c22b8
278,ISN000278,409,336,8,InventorySerialNumber starter record 278,2020-10-05,2021-10-05,1,1,2026-08-24T00:00:00.000,2018-01-01T00:00:00.000,9999-12-31T00:00:00.000,1,e9c935f035b35a7193ca1606c439896de9c935f035b35a7193ca1606c439896d
279,ISN000279,22,266,1,InventorySerialNumber starter record 279,2020-10-06,2021-10-06,1,1,2026-08-24T00:00:00.000,2018-01-01T00:00:00.000,9999-12-31T00:00:00.000,1,e9a289912cb158f3a3995d86ea14d106e9a289912cb158f3a3995d86ea14d106
280,ISN000280,41,131,5,InventorySerialNumber starter record 280,2020-10-07,2021-10-07,1,1,2026-08-24T00:00:00.000,2018-01-01T00:00:00.000,9999-12-31T00:00:00.000,1,53757ed13d0a549ca54a3babbf3ecab853757ed13d0a549ca54a3babbf3ecab8
281,ISN000281,389,346,6,InventorySerialNumber starter record 281,2020-10-08,2021-10-08,1,1,2026-08-24T00:00:00.000,2018-01-01T00:00:00.000,9999-12-31T00:00:00.000,1,b3c2a7b15c79590dbc53f3395eaca682b3c2a7b15c79590dbc53f3395eaca682
282,ISN000282,257,87,4,InventorySerialNumber starter record 282,2020-10-09,2021-10-09,1,1,2026-08-24T00:00:00.000,2018-01-01T00:00:00.000,9999-12-31T00:00:00.000,1,d2bae46cd21c545b9cf6b12f38a5b378d2bae46cd21c545b9cf6b12f38a5b378
283,ISN000283,67,110,10,InventorySerialNumber starter record 283,2020-10-10,2021-10-10,1,1,2026-08-24T00:00:00.000,2018-01-01T00:00:00.000,9999-12-31T00:00:00.000,1,c47e293db5ae537bb99f188d3d362125c47e293db5ae537bb99f188d3d362125
284,ISN000284,252,472,1,InventorySerialNumber starter record 284,2020-10-11,2021-10-11,1,1,2026-08-24T00:00:00.000,2018-01-01T00:00:00.000,9999-12-31T00:00:00.000,1,6c6f93918a535219973fb7ceedcd59416c6f93918a535219973fb7ceedcd5941
285,ISN000285,277,299,10,InventorySerialNumber starter record 285,2020-10-12,2021-10-12,1,1,2026-08-24T00:00:00.000,2018-01-01T00:00:00.000,9999-12-31T00:00:00.000,1,20edc5b1356653cf820e507bc2814c1620edc5b1356653cf820e507bc2814c16
286,ISN000286,194,392,3,InventorySerialNumber starter record 286,2020-10-13,2021-10-13,1,1,2026-08-24T00:00:00.000,2018-01-01T00:00:00.000,9999-12-31T00:00:00.000,1,0b37e353e14556b3a4eb47304d5212490b37e353e14556b3a4eb47304d521249
287,ISN000287,32,149,1,InventorySerialNumber starter record 287,2020-10-14,2021-10-14,1,1,2026-08-24T00:00:00.000,2018-01-01T00:00:00.000,9999-12-31T00:00:00.000,1,e18a84d071945d19843bea110bc63a04e18a84d071945d19843bea110bc63a04
288,ISN000288,88,318,5,InventorySerialNumber starter record 288,2020-10-15,2021-10-15,1,1,2026-08-24T00:00:00.000,2018-01-01T00:00:00.000,9999-12-31T00:00:00.000,1,349a0a5482bd583696d6de0395b2de8e349a0a5482bd583696d6de0395b2de8e
289,ISN000289,103,-1,5,InventorySerialNumber starter record 289,2020-10-16,2021-10-16,1,1,2026-08-24T00:00:00.000,2018-01-01T00:00:00.000,9999-12-31T00:00:00.000,1,39689549e3b95ea2895be199c02e5ce139689549e3b95ea2895be199c02e5ce1
290,ISN000290,109,276,1,InventorySerialNumber starter record 290,2020-10-17,2021-10-17,1,1,2026-08-24T00:00:00.000,2018-01-01T00:00:00.000,9999-12-31T00:00:00.000,1,3c480e9e8f68534aae099e89314f5fb33c480e9e8f68534aae099e89314f5fb3
291,ISN000291,475,442,2,InventorySerialNumber starter record 291,2020-10-18,2021-10-18,1,1,2026-08-24T00:00:00.000,2018-01-01T00:00:00.000,9999-12-31T00:00:00.000,1,7969ee193d8c567f8a0c6c162115db227969ee193d8c567f8a0c6c162115db22
292,ISN000292,237,458,5,InventorySerialNumber starter record 292,2020-10-19,2021-10-19,1,1,2026-08-24T00:00:00.000,2018-01-01T00:00:00.000,9999-12-31T00:00:00.000,1,cd65132c2c655b5ba9e79c29dc685c18cd65132c2c655b5ba9e79c29dc685c18
293,ISN000293,420,338,9,InventorySerialNumber starter record 293,2020-10-20,2021-10-20,1,1,2026-08-24T00:00:00.000,2018-01-01T00:00:00.000,9999-12-31T00:00:00.000,1,6a2dd1c29016550780e97b13e16a19d06a2dd1c29016550780e97b13e16a19d0
294,ISN000294,221,128,6,InventorySerialNumber starter record 294,2020-10-21,2021-10-21,1,1,2026-08-24T00:00:00.000,2018-01-01T00:00:00.000,9999-12-31T00:00:00.000,1,80fc26ac05b05524ba9ec11bef9b5cf080fc26ac05b05524ba9ec11bef9b5cf0
295,ISN000295,123,280,4,InventorySerialNumber starter record 295,2020-10-22,2021-10-22,1,1,2026-08-24T00:00:00.000,2018-01-01T00:00:00.000,9999-12-31T00:00:00.000,1,c971ffdecde5565596c3674104e6caaec971ffdecde5565596c3674104e6caae
296,ISN000296,23,341,9,InventorySerialNumber starter record 296,2020-10-23,2021-10-23,1,1,2026-08-24T00:00:00.000,2018-01-01T00:00:00.000,9999-12-31T00:00:00.000,1,a75296623b4a5ae38fd9e029f6987b4ba75296623b4a5ae38fd9e029f6987b4b
297,ISN000297,348,31,8,InventorySerialNumber starter record 297,2020-10-24,2021-10-24,1,1,2026-08-24T00:00:00.000,2018-01-01T00:00:00.000,9999-12-31T00:00:00.000,1,195cb9ed8fb059aeb42e7f6ea9229697195cb9ed8fb059aeb42e7f6ea9229697
298,ISN000298,493,488,2,InventorySerialNumber starter record 298,2020-10-25,2021-10-25,1,1,2026-08-24T00:00:00.000,2018-01-01T00:00:00.000,9999-12-31T00:00:00.000,1,6b37da6716655c7f8dcd4048db8435ec6b37da6716655c7f8dcd4048db8435ec
299,ISN000299,452,399,9,InventorySerialNumber starter record 299,2020-10-26,2021-10-26,1,1,2026-08-24T00:00:00.000,2018-01-01T00:00:00.000,9999-12-31T00:00:00.000,1,b886077897ce58209d327b4e164984c2b886077897ce58209d327b4e164984c2
300,ISN000300,43,480,7,InventorySerialNumber starter record 300,2020-10-27,2021-10-27,1,1,2026-08-24T00:00:00.000,2018-01-01T00:00:00.000,9999-12-31T00:00:00.000,1,9ea6215034db56fa9a81605b0d9ab2d29ea6215034db56fa9a81605b0d9ab2d2
301,ISN000301,59,314,5,InventorySerialNumber starter record 301,2020-10-28,2021-10-28,1,1,2026-08-24T00:00:00.000,2018-01-01T00:00:00.000,9999-12-31T00:00:00.000,1,e66ad4b55e705dd9b89c227d8f46cdd1e66ad4b55e705dd9b89c227d8f46cdd1
302,ISN000302,299,110,8,InventorySerialNumber starter record 302,2020-10-29,2021-10-29,1,1,2026-08-24T00:00:00.000,2018-01-01T00:00:00.000,9999-12-31T00:00:00.000,1,ca1549ce123253c38198bf1398c0b6ffca1549ce123253c38198bf1398c0b6ff
303,ISN000303,195,353,2,InventorySerialNumber starter record 303,2020-10-30,2021-10-30,1,1,2026-08-24T00:00:00.000,2018-01-01T00:00:00.000,9999-12-31T00:00:00.000,1,4310c1090a6259ca9ec266570dcbd8ea4310c1090a6259ca9ec266570dcbd8ea
304,ISN000304,384,19,6,InventorySerialNumber starter record 304,2020-10-31,2021-10-31,1,1,2026-08-24T00:00:00.000,2018-01-01T00:00:00.000,9999-12-31T00:00:00.000,1,350e62e5eba55452a67125434e921e13350e62e5eba55452a67125434e921e13
305,ISN000305,369,114,1,InventorySerialNumber starter record 305,2020-11-01,2021-11-01,1,1,2026-08-24T00:00:00.000,2018-01-01T00:00:00.000,9999-12-31T00:00:00.000,1,de5c3bab82e65024ac1793761e02ab1ede5c3bab82e65024ac1793761e02ab1e
306,ISN000306,167,-1,5,InventorySerialNumber starter record 306,2020-11-02,2021-11-02,1,1,2026-08-24T00:00:00.000,2018-01-01T00:00:00.000,9999-12-31T00:00:00.000,1,94ce38c1a5a45075bdf9cee4f3490fe294ce38c1a5a45075bdf9cee4f3490fe2
307,ISN000307,444,136,4,InventorySerialNumber starter record 307,2020-11-03,2021-11-03,1,1,2026-08-24T00:00:00.000,2018-01-01T00:00:00.000,9999-12-31T00:00:00.000,1,bf11746f93a85e38a617128845baaacebf11746f93a85e38a617128845baaace
308,ISN000308,203,84,2,InventorySerialNumber starter record 308,2020-11-04,2021-11-04,1,1,2026-08-24T00:00:00.000,2018-01-01T00:00:00.000,9999-12-31T00:00:00.000,1,1fb0e58501be58dea1bd7642f37a5d6e1fb0e58501be58dea1bd7642f37a5d6e
309,ISN000309,284,309,9,InventorySerialNumber starter record 309,2020-11-05,2021-11-05,1,1,2026-08-24T00:00:00.000,2018-01-01T00:00:00.000,9999-12-31T00:00:00.000,1,5faef60f5bb452738d8a607e8ea400845faef60f5bb452738d8a607e8ea40084
310,ISN000310,359,153,3,InventorySerialNumber starter record 310,2020-11-06,2021-11-06,1,1,2026-08-24T00:00:00.000,2018-01-01T00:00:00.000,9999-12-31T00:00:00.000,1,0bd66f29c51555f484b62f922180b03a0bd66f29c51555f484b62f922180b03a
311,ISN000311,217,336,3,InventorySerialNumber starter record 311,2020-11-07,2021-11-07,1,1,2026-08-24T00:00:00.000,2018-01-01T00:00:00.000,9999-12-31T00:00:00.000,1,048bafbe6f4d5307afdd680153038a14048bafbe6f4d5307afdd680153038a14
312,ISN000312,316,254,10,InventorySerialNumber starter record 312,2020-11-08,2021-11-08,1,1,2026-08-24T00:00:00.000,2018-01-01T00:00:00.000,9999-12-31T00:00:00.000,1,2454241ed9b85f1f97a08ed4febaef8b2454241ed9b85f1f97a08ed4febaef8b
313,ISN000313,228,245,3,InventorySerialNumber starter record 313,2020-11-09,2021-11-09,1,1,2026-08-24T00:00:00.000,2018-01-01T00:00:00.000,9999-12-31T00:00:00.000,1,57e66fa5fc5550558c22546162a44f5357e66fa5fc5550558c22546162a44f53
314,ISN000314,363,327,10,InventorySerialNumber starter record 314,2020-11-10,2021-11-10,1,1,2026-08-24T00:00:00.000,2018-01-01T00:00:00.000,9999-12-31T00:00:00.000,1,94dcb8ce156e5fc3af4ad6f566c01f5494dcb8ce156e5fc3af4ad6f566c01f54
315,ISN000315,295,75,8,InventorySerialNumber starter record 315,2020-11-11,2021-11-11,1,1,2026-08-24T00:00:00.000,2018-01-01T00:00:00.000,9999-12-31T00:00:00.000,1,c87a5ea7d1dd514bb94d911e3576b6ebc87a5ea7d1dd514bb94d911e3576b6eb
316,ISN000316,131,351,6,InventorySerialNumber starter record 316,2020-11-12,2021-11-12,1,1,2026-08-24T00:00:00.000,2018-01-01T00:00:00.000,9999-12-31T00:00:00.000,1,0a271897a7655e0da931e0320c86b3600a271897a7655e0da931e0320c86b360
317,ISN000317,381,252,3,InventorySerialNumber starter record 317,2020-11-13,2021-11-13,1,1,2026-08-24T00:00:00.000,2018-01-01T00:00:00.000,9999-12-31T00:00:00.000,1,7ec72bd4ff885d7387ca13f4a89a98b97ec72bd4ff885d7387ca13f4a89a98b9
318,ISN000318,426,488,1,InventorySerialNumber starter record 318,2020-11-14,2021-11-14,1,1,2026-08-24T00:00:00.000,2018-01-01T00:00:00.000,9999-12-31T00:00:00.000,1,f106fc045891518db4a1c230fea01278f106fc045891518db4a1c230fea01278
319,ISN000319,379,91,1,InventorySerialNumber starter record 319,2020-11-15,2021-11-15,1,1,2026-08-24T00:00:00.000,2018-01-01T00:00:00.000,9999-12-31T00:00:00.000,1,1675642797fb57fd9d618a9d829121451675642797fb57fd9d618a9d82912145
320,ISN000320,489,28,10,InventorySerialNumber starter record 320,2020-11-16,2021-11-16,1,1,2026-08-24T00:00:00.000,2018-01-01T00:00:00.000,9999-12-31T00:00:00.000,1,e95943afae0d504a8dcbe322a9c61dbee95943afae0d504a8dcbe322a9c61dbe
321,ISN000321,113,154,5,InventorySerialNumber starter record 321,2020-11-17,2021-11-17,1,1,2026-08-24T00:00:00.000,2018-01-01T00:00:00.000,9999-12-31T00:00:00.000,1,c10a5616699259abad1c5f0161abc3f3c10a5616699259abad1c5f0161abc3f3
322,ISN000322,203,102,9,InventorySerialNumber starter record 322,2020-11-18,2021-11-18,1,1,2026-08-24T00:00:00.000,2018-01-01T00:00:00.000,9999-12-31T00:00:00.000,1,715454d4ed435fef81e09f6de161334e715454d4ed435fef81e09f6de161334e
323,ISN000323,118,-1,7,InventorySerialNumber starter record 323,2020-11-19,2021-11-19,1,1,2026-08-24T00:00:00.000,2018-01-01T00:00:00.000,9999-12-31T00:00:00.000,1,eb3f86a58bf85e56bdbeae2bc8e38282eb3f86a58bf85e56bdbeae2bc8e38282
324,ISN000324,432,76,7,InventorySerialNumber starter record 324,2020-11-20,2021-11-20,1,1,2026-08-24T00:00:00.000,2018-01-01T00:00:00.000,9999-12-31T00:00:00.000,1,86526112c13c544984b0f754d097abef86526112c13c544984b0f754d097abef
325,ISN000325,190,308,1,InventorySerialNumber starter record 325,2020-11-21,2021-11-21,1,1,2026-08-24T00:00:00.000,2018-01-01T00:00:00.000,9999-12-31T00:00:00.000,1,a388fe46d5c95bbf8c387a607573f9e4a388fe46d5c95bbf8c387a607573f9e4
326,ISN000326,10,144,1,InventorySerialNumber starter record 326,2020-11-22,2021-11-22,1,1,2026-08-24T00:00:00.000,2018-01-01T00:00:00.000,9999-12-31T00:00:00.000,1,d14c0795bb715b86858d88aa41c0032ed14c0795bb715b86858d88aa41c0032e
327,ISN000327,244,232,5,InventorySerialNumber starter record 327,2020-11-23,2021-11-23,1,1,2026-08-24T00:00:00.000,2018-01-01T00:00:00.000,9999-12-31T00:00:00.000,1,4476537098d553c6a79793fad951ce744476537098d553c6a79793fad951ce74
328,ISN000328,453,269,6,InventorySerialNumber starter record 328,2020-11-24,2021-11-24,1,1,2026-08-24T00:00:00.000,2018-01-01T00:00:00.000,9999-12-31T00:00:00.000,1,ffaa0a95ff635333a190b801629edee6ffaa0a95ff635333a190b801629edee6
329,ISN000329,76,39,6,InventorySerialNumber starter record 329,2020-11-25,2021-11-25,1,1,2026-08-24T00:00:00.000,2018-01-01T00:00:00.000,9999-12-31T00:00:00.000,1,5664cfaa4b5155c3a47cd3f9fb19bd255664cfaa4b5155c3a47cd3f9fb19bd25
330,ISN000330,288,250,1,InventorySerialNumber starter record 330,2020-11-26,2021-11-26,1,1,2026-08-24T00:00:00.000,2018-01-01T00:00:00.000,9999-12-31T00:00:00.000,1,df784cc4ee6f500aac60f197e017eeb9df784cc4ee6f500aac60f197e017eeb9
331,ISN000331,103,181,6,InventorySerialNumber starter record 331,2020-11-27,2021-11-27,1,1,2026-08-24T00:00:00.000,2018-01-01T00:00:00.000,9999-12-31T00:00:00.000,1,830568c161df586480e109a24201987a830568c161df586480e109a24201987a
332,ISN000332,336,264,1,InventorySerialNumber starter record 332,2020-11-28,2021-11-28,1,1,2026-08-24T00:00:00.000,2018-01-01T00:00:00.000,9999-12-31T00:00:00.000,1,f53c27fc427952cda147b8a519db34c5f53c27fc427952cda147b8a519db34c5
333,ISN000333,59,313,1,InventorySerialNumber starter record 333,2020-11-29,2021-11-29,1,1,2026-08-24T00:00:00.000,2018-01-01T00:00:00.000,9999-12-31T00:00:00.000,1,90b19ea98dfa556c81e13829caa7da4a90b19ea98dfa556c81e13829caa7da4a
334,ISN000334,490,233,9,InventorySerialNumber starter record 334,2020-11-30,2021-11-30,1,1,2026-08-24T00:00:00.000,2018-01-01T00:00:00.000,9999-12-31T00:00:00.000,1,5bd92d3973cd579c95955d7c50c6bea25bd92d3973cd579c95955d7c50c6bea2
335,ISN000335,135,277,7,InventorySerialNumber starter record 335,2020-12-01,2021-12-01,1,1,2026-08-24T00:00:00.000,2018-01-01T00:00:00.000,9999-12-31T00:00:00.000,1,27a6db9f412053f1a22436a24f26a20727a6db9f412053f1a22436a24f26a207
336,ISN000336,10,296,6,InventorySerialNumber starter record 336,2020-12-02,2021-12-02,1,1,2026-08-24T00:00:00.000,2018-01-01T00:00:00.000,9999-12-31T00:00:00.000,1,4f52ad949b775e5789f989ebd6d431eb4f52ad949b775e5789f989ebd6d431eb
337,ISN000337,64,259,8,InventorySerialNumber starter record 337,2020-12-03,2021-12-03,1,1,2026-08-24T00:00:00.000,2018-01-01T00:00:00.000,9999-12-31T00:00:00.000,1,a982ba656e2a50109d95608e540354e1a982ba656e2a50109d95608e540354e1
338,ISN000338,169,11,10,InventorySerialNumber starter record 338,2020-12-04,2021-12-04,1,1,2026-08-24T00:00:00.000,2018-01-01T00:00:00.000,9999-12-31T00:00:00.000,1,7024a23bcf015e29bee8381ae49bd36e7024a23bcf015e29bee8381ae49bd36e
339,ISN000339,248,229,1,InventorySerialNumber starter record 339,2020-12-05,2021-12-05,1,1,2026-08-24T00:00:00.000,2018-01-01T00:00:00.000,9999-12-31T00:00:00.000,1,1368df5e2add579a81eedf670b7f22fc1368df5e2add579a81eedf670b7f22fc
340,ISN000340,57,-1,2,InventorySerialNumber starter record 340,2020-12-06,2021-12-06,1,1,2026-08-24T00:00:00.000,2018-01-01T00:00:00.000,9999-12-31T00:00:00.000,1,9f73b918478f5882b6659a7c5f1654569f73b918478f5882b6659a7c5f165456
341,ISN000341,78,39,7,InventorySerialNumber starter record 341,2020-12-07,2021-12-07,1,1,2026-08-24T00:00:00.000,2018-01-01T00:00:00.000,9999-12-31T00:00:00.000,1,177c5c6de568538e90c1752dbf26d8a4177c5c6de568538e90c1752dbf26d8a4
342,ISN000342,286,31,3,InventorySerialNumber starter record 342,2020-12-08,2021-12-08,1,1,2026-08-24T00:00:00.000,2018-01-01T00:00:00.000,9999-12-31T00:00:00.000,1,555b5ff86ef650e99e620ffcbb7b092b555b5ff86ef650e99e620ffcbb7b092b
343,ISN000343,426,164,6,InventorySerialNumber starter record 343,2020-12-09,2021-12-09,1,1,2026-08-24T00:00:00.000,2018-01-01T00:00:00.000,9999-12-31T00:00:00.000,1,a0813a04793358f2b709456398258c68a0813a04793358f2b709456398258c68
344,ISN000344,153,59,7,InventorySerialNumber starter record 344,2020-12-10,2021-12-10,1,1,2026-08-24T00:00:00.000,2018-01-01T00:00:00.000,9999-12-31T00:00:00.000,1,174b753c2d5d5bf6a8f04ea74c2471e7174b753c2d5d5bf6a8f04ea74c2471e7
345,ISN000345,411,449,1,InventorySerialNumber starter record 345,2020-12-11,2021-12-11,1,1,2026-08-24T00:00:00.000,2018-01-01T00:00:00.000,9999-12-31T00:00:00.000,1,a84ed095423a54b893d9d802d98a8c80a84ed095423a54b893d9d802d98a8c80
346,ISN000346,112,210,10,InventorySerialNumber starter record 346,2020-12-12,2021-12-12,1,1,2026-08-24T00:00:00.000,2018-01-01T00:00:00.000,9999-12-31T00:00:00.000,1,96a483b4caf85e5786e07f57fa78548996a483b4caf85e5786e07f57fa785489
347,ISN000347,394,477,7,InventorySerialNumber starter record 347,2020-12-13,2021-12-13,1,1,2026-08-24T00:00:00.000,2018-01-01T00:00:00.000,9999-12-31T00:00:00.000,1,e5c0ad6e9d2e51e3907dba8b6bccb04ae5c0ad6e9d2e51e3907dba8b6bccb04a
348,ISN000348,365,104,7,InventorySerialNumber starter record 348,2020-12-14,2021-12-14,1,1,2026-08-24T00:00:00.000,2018-01-01T00:00:00.000,9999-12-31T00:00:00.000,1,ccda8cb47ec658d3b8696552e7901de7ccda8cb47ec658d3b8696552e7901de7
349,ISN000349,376,457,10,InventorySerialNumber starter record 349,2020-12-15,2021-12-15,1,1,2026-08-24T00:00:00.000,2018-01-01T00:00:00.000,9999-12-31T00:00:00.000,1,fe37bafdf4bb5b55924ee4da762d2ebbfe37bafdf4bb5b55924ee4da762d2ebb
350,ISN000350,320,343,3,InventorySerialNumber starter record 350,2020-12-16,2021-12-16,1,1,2026-08-24T00:00:00.000,2018-01-01T00:00:00.000,9999-12-31T00:00:00.000,1,7ee8cbdccb425658a3ee4145c7c33cc47ee8cbdccb425658a3ee4145c7c33cc4
351,ISN000351,273,416,1,InventorySerialNumber starter record 351,2020-12-17,2021-12-17,1,1,2026-08-24T00:00:00.000,2018-01-01T00:00:00.000,9999-12-31T00:00:00.000,1,15af3fb5154c5c22a6b9abb02199114a15af3fb5154c5c22a6b9abb02199114a
352,ISN000352,316,399,1,InventorySerialNumber starter record 352,2020-12-18,2021-12-18,1,1,2026-08-24T00:00:00.000,2018-01-01T00:00:00.000,9999-12-31T00:00:00.000,1,ccf1532622705ece88e640352140185eccf1532622705ece88e640352140185e
353,ISN000353,31,491,9,InventorySerialNumber starter record 353,2020-12-19,2021-12-19,1,1,2026-08-24T00:00:00.000,2018-01-01T00:00:00.000,9999-12-31T00:00:00.000,1,eca9af80b44b5a1195ef17711c5be3afeca9af80b44b5a1195ef17711c5be3af
354,ISN000354,191,285,8,InventorySerialNumber starter record 354,2020-12-20,2021-12-20,1,1,2026-08-24T00:00:00.000,2018-01-01T00:00:00.000,9999-12-31T00:00:00.000,1,f28181895272548594745e6a6d348fedf28181895272548594745e6a6d348fed
355,ISN000355,312,498,9,InventorySerialNumber starter record 355,2020-12-21,2021-12-21,1,1,2026-08-24T00:00:00.000,2018-01-01T00:00:00.000,9999-12-31T00:00:00.000,1,1bf3c3bcf652527983cbe68eca97ba981bf3c3bcf652527983cbe68eca97ba98
356,ISN000356,255,380,7,InventorySerialNumber starter record 356,2020-12-22,2021-12-22,1,1,2026-08-24T00:00:00.000,2018-01-01T00:00:00.000,9999-12-31T00:00:00.000,1,92856dcc744a56e882b098f57d7b22c392856dcc744a56e882b098f57d7b22c3
357,ISN000357,471,-1,10,InventorySerialNumber starter record 357,2020-12-23,2021-12-23,1,1,2026-08-24T00:00:00.000,2018-01-01T00:00:00.000,9999-12-31T00:00:00.000,1,607d4cafbf5a5026af8ab6ea4bd3872a607d4cafbf5a5026af8ab6ea4bd3872a
358,ISN000358,335,296,6,InventorySerialNumber starter record 358,2020-12-24,2021-12-24,1,1,2026-08-24T00:00:00.000,2018-01-01T00:00:00.000,9999-12-31T00:00:00.000,1,428345a58d6e5b6f9250646ebf5da410428345a58d6e5b6f9250646ebf5da410
359,ISN000359,113,288,2,InventorySerialNumber starter record 359,2020-12-25,2021-12-25,1,1,2026-08-24T00:00:00.000,2018-01-01T00:00:00.000,9999-12-31T00:00:00.000,1,b8340040ef535f01a6bd09e4528001a5b8340040ef535f01a6bd09e4528001a5
360,ISN000360,79,99,10,InventorySerialNumber starter record 360,2020-12-26,2021-12-26,1,1,2026-08-24T00:00:00.000,2018-01-01T00:00:00.000,9999-12-31T00:00:00.000,1,d0b5210bc9d657c6b975c3d1b9e2e0b4d0b5210bc9d657c6b975c3d1b9e2e0b4
361,ISN000361,225,394,9,InventorySerialNumber starter record 361,2020-12-27,2021-12-27,1,1,2026-08-24T00:00:00.000,2018-01-01T00:00:00.000,9999-12-31T00:00:00.000,1,846295f46c1e55029fe2e52e936540b8846295f46c1e55029fe2e52e936540b8
362,ISN000362,423,408,10,InventorySerialNumber starter record 362,2020-12-28,2021-12-28,1,1,2026-08-24T00:00:00.000,2018-01-01T00:00:00.000,9999-12-31T00:00:00.000,1,4283625525b051c7bedbf2b182adaa7d4283625525b051c7bedbf2b182adaa7d
363,ISN000363,479,224,4,InventorySerialNumber starter record 363,2020-12-29,2021-12-29,1,1,2026-08-24T00:00:00.000,2018-01-01T00:00:00.000,9999-12-31T00:00:00.000,1,a7c5f4e5e05256f18169ea42f2b21101a7c5f4e5e05256f18169ea42f2b21101
364,ISN000364,468,454,5,InventorySerialNumber starter record 364,2020-12-30,2021-12-30,1,1,2026-08-24T00:00:00.000,2018-01-01T00:00:00.000,9999-12-31T00:00:00.000,1,55e796d736685aecb128d55c66e1ebfe55e796d736685aecb128d55c66e1ebfe
365,ISN000365,108,364,9,InventorySerialNumber starter record 365,2020-12-31,2021-12-31,1,1,2026-08-24T00:00:00.000,2018-01-01T00:00:00.000,9999-12-31T00:00:00.000,1,b5e0fc5a23e75f58bdb4962b34ce23efb5e0fc5a23e75f58bdb4962b34ce23ef
366,ISN000366,466,410,8,InventorySerialNumber starter record 366,2021-01-01,2022-01-01,1,1,2026-08-24T00:00:00.000,2018-01-01T00:00:00.000,9999-12-31T00:00:00.000,1,17416479bc1f5fbd94a5a938030fce8517416479bc1f5fbd94a5a938030fce85
367,ISN000367,60,75,6,InventorySerialNumber starter record 367,2021-01-02,2022-01-02,1,1,2026-08-24T00:00:00.000,2018-01-01T00:00:00.000,9999-12-31T00:00:00.000,1,eee47dc844ff57cfb7e7488f5765b80deee47dc844ff57cfb7e7488f5765b80d
368,ISN000368,14,432,10,InventorySerialNumber starter record 368,2021-01-03,2022-01-03,1,1,2026-08-24T00:00:00.000,2018-01-01T00:00:00.000,9999-12-31T00:00:00.000,1,fb0de2a09f195b3da006f5a9acf30703fb0de2a09f195b3da006f5a9acf30703
369,ISN000369,293,422,3,InventorySerialNumber starter record 369,2021-01-04,2022-01-04,1,1,2026-08-24T00:00:00.000,2018-01-01T00:00:00.000,9999-12-31T00:00:00.000,1,2cc7a44197375806a609d95e7ff714c32cc7a44197375806a609d95e7ff714c3
370,ISN000370,194,234,1,InventorySerialNumber starter record 370,2021-01-05,2022-01-05,1,1,2026-08-24T00:00:00.000,2018-01-01T00:00:00.000,9999-12-31T00:00:00.000,1,b1a7093703fa533bbb8c6b9e94fae34eb1a7093703fa533bbb8c6b9e94fae34e
371,ISN000371,482,311,10,InventorySerialNumber starter record 371,2021-01-06,2022-01-06,1,1,2026-08-24T00:00:00.000,2018-01-01T00:00:00.000,9999-12-31T00:00:00.000,1,8262b9e0d5705e928b2ccb99fdd43e948262b9e0d5705e928b2ccb99fdd43e94
372,ISN000372,283,132,5,InventorySerialNumber starter record 372,2021-01-07,2022-01-07,1,1,2026-08-24T00:00:00.000,2018-01-01T00:00:00.000,9999-12-31T00:00:00.000,1,4c2c0fa46bcb56fe8632d3c1d2b407094c2c0fa46bcb56fe8632d3c1d2b40709
373,ISN000373,489,479,3,InventorySerialNumber starter record 373,2021-01-08,2022-01-08,1,1,2026-08-24T00:00:00.000,2018-01-01T00:00:00.000,9999-12-31T00:00:00.000,1,37e47099dcfa5a2ab5d30086f122f22037e47099dcfa5a2ab5d30086f122f220
374,ISN000374,237,-1,6,InventorySerialNumber starter record 374,2021-01-09,2022-01-09,1,1,2026-08-24T00:00:00.000,2018-01-01T00:00:00.000,9999-12-31T00:00:00.000,1,c43a7302215351608dca0dba6722dd3dc43a7302215351608dca0dba6722dd3d
375,ISN000375,161,1,10,InventorySerialNumber starter record 375,2021-01-10,2022-01-10,1,1,2026-08-24T00:00:00.000,2018-01-01T00:00:00.000,9999-12-31T00:00:00.000,1,d33be799acbe57a19d0a09fc4993d17bd33be799acbe57a19d0a09fc4993d17b
376,ISN000376,170,39,5,InventorySerialNumber starter record 376,2021-01-11,2022-01-11,1,1,2026-08-24T00:00:00.000,2018-01-01T00:00:00.000,9999-12-31T00:00:00.000,1,1de9ff6b813a5775b40b2b3574ee64861de9ff6b813a5775b40b2b3574ee6486
377,ISN000377,283,204,3,InventorySerialNumber starter record 377,2021-01-12,2022-01-12,1,1,2026-08-24T00:00:00.000,2018-01-01T00:00:00.000,9999-12-31T00:00:00.000,1,cb55c1ce133357fc95254d17ff381148cb55c1ce133357fc95254d17ff381148
378,ISN000378,113,230,5,InventorySerialNumber starter record 378,2021-01-13,2022-01-13,1,1,2026-08-24T00:00:00.000,2018-01-01T00:00:00.000,9999-12-31T00:00:00.000,1,d0e53fc717fc5a1aa0ab47c00c0ffc99d0e53fc717fc5a1aa0ab47c00c0ffc99
379,ISN000379,156,94,9,InventorySerialNumber starter record 379,2021-01-14,2022-01-14,1,1,2026-08-24T00:00:00.000,2018-01-01T00:00:00.000,9999-12-31T00:00:00.000,1,d526aab76ff055e5adc343855650ddced526aab76ff055e5adc343855650ddce
380,ISN000380,24,129,7,InventorySerialNumber starter record 380,2021-01-15,2022-01-15,1,1,2026-08-24T00:00:00.000,2018-01-01T00:00:00.000,9999-12-31T00:00:00.000,1,21f0b8ba7883555cbabf07d051c59c5b21f0b8ba7883555cbabf07d051c59c5b
381,ISN000381,168,139,5,InventorySerialNumber starter record 381,2021-01-16,2022-01-16,1,1,2026-08-24T00:00:00.000,2018-01-01T00:00:00.000,9999-12-31T00:00:00.000,1,d7914637e07c5aff84ef3cd1f4b26739d7914637e07c5aff84ef3cd1f4b26739
382,ISN000382,380,248,2,InventorySerialNumber starter record 382,2021-01-17,2022-01-17,1,1,2026-08-24T00:00:00.000,2018-01-01T00:00:00.000,9999-12-31T00:00:00.000,1,f8dce06daa1d57f9a018635064b5ef1bf8dce06daa1d57f9a018635064b5ef1b
383,ISN000383,101,128,6,InventorySerialNumber starter record 383,2021-01-18,2022-01-18,1,1,2026-08-24T00:00:00.000,2018-01-01T00:00:00.000,9999-12-31T00:00:00.000,1,41d6a185e0b856ab9740996d3b5bf05341d6a185e0b856ab9740996d3b5bf053
384,ISN000384,316,259,6,InventorySerialNumber starter record 384,2021-01-19,2022-01-19,1,1,2026-08-24T00:00:00.000,2018-01-01T00:00:00.000,9999-12-31T00:00:00.000,1,d211d2f5647a5aa0953a842ba1f09630d211d2f5647a5aa0953a842ba1f09630
385,ISN000385,66,343,8,InventorySerialNumber starter record 385,2021-01-20,2022-01-20,1,1,2026-08-24T00:00:00.000,2018-01-01T00:00:00.000,9999-12-31T00:00:00.000,1,fc4b6c860a2c5584b796d57ad7044870fc4b6c860a2c5584b796d57ad7044870
386,ISN000386,20,18,9,InventorySerialNumber starter record 386,2021-01-21,2022-01-21,1,1,2026-08-24T00:00:00.000,2018-01-01T00:00:00.000,9999-12-31T00:00:00.000,1,5de1fddab53d5ffb8a50be086a007f995de1fddab53d5ffb8a50be086a007f99
387,ISN000387,214,496,6,InventorySerialNumber starter record 387,2021-01-22,2022-01-22,1,1,2026-08-24T00:00:00.000,2018-01-01T00:00:00.000,9999-12-31T00:00:00.000,1,e93622c08039558f86d7f183bc79f6eae93622c08039558f86d7f183bc79f6ea
388,ISN000388,448,422,4,InventorySerialNumber starter record 388,2021-01-23,2022-01-23,1,1,2026-08-24T00:00:00.000,2018-01-01T00:00:00.000,9999-12-31T00:00:00.000,1,c610623e942c5975983b73da0fa01ba9c610623e942c5975983b73da0fa01ba9
389,ISN000389,385,77,6,InventorySerialNumber starter record 389,2021-01-24,2022-01-24,1,1,2026-08-24T00:00:00.000,2018-01-01T00:00:00.000,9999-12-31T00:00:00.000,1,b80a4b3988ba5cb4906b731850b4acb5b80a4b3988ba5cb4906b731850b4acb5
390,ISN000390,478,237,7,InventorySerialNumber starter record 390,2021-01-25,2022-01-25,1,1,2026-08-24T00:00:00.000,2018-01-01T00:00:00.000,9999-12-31T00:00:00.000,1,015b9330b7505d9fbae1f30d25149983015b9330b7505d9fbae1f30d25149983
391,ISN000391,406,-1,10,InventorySerialNumber starter record 391,2021-01-26,2022-01-26,1,1,2026-08-24T00:00:00.000,2018-01-01T00:00:00.000,9999-12-31T00:00:00.000,1,75c4a26857fd5c79a4a13c375fb87a9675c4a26857fd5c79a4a13c375fb87a96
392,ISN000392,459,321,3,InventorySerialNumber starter record 392,2021-01-27,2022-01-27,1,1,2026-08-24T00:00:00.000,2018-01-01T00:00:00.000,9999-12-31T00:00:00.000,1,5f2a2b1e8b105adda71b458c952d9a725f2a2b1e8b105adda71b458c952d9a72
393,ISN000393,224,155,8,InventorySerialNumber starter record 393,2021-01-28,2022-01-28,1,1,2026-08-24T00:00:00.000,2018-01-01T00:00:00.000,9999-12-31T00:00:00.000,1,0f16c630be2a53239d8b9172e6b995f60f16c630be2a53239d8b9172e6b995f6
394,ISN000394,241,379,4,InventorySerialNumber starter record 394,2021-01-29,2022-01-29,1,1,2026-08-24T00:00:00.000,2018-01-01T00:00:00.000,9999-12-31T00:00:00.000,1,72217238e6a15d5a9f845f62d7f5981372217238e6a15d5a9f845f62d7f59813
395,ISN000395,476,163,4,InventorySerialNumber starter record 395,2021-01-30,2022-01-30,1,1,2026-08-24T00:00:00.000,2018-01-01T00:00:00.000,9999-12-31T00:00:00.000,1,bb3ae5b3c2c159939817443a71dd7941bb3ae5b3c2c159939817443a71dd7941
396,ISN000396,145,145,8,InventorySerialNumber starter record 396,2021-01-31,2022-01-31,1,1,2026-08-24T00:00:00.000,2018-01-01T00:00:00.000,9999-12-31T00:00:00.000,1,c9762f944e0f5039871881947aad98b7c9762f944e0f5039871881947aad98b7
397,ISN000397,377,108,7,InventorySerialNumber starter record 397,2021-02-01,2022-02-01,1,1,2026-08-24T00:00:00.000,2018-01-01T00:00:00.000,9999-12-31T00:00:00.000,1,a9d69b94dc0e5d8896661b3a04b19a6aa9d69b94dc0e5d8896661b3a04b19a6a
398,ISN000398,450,284,10,InventorySerialNumber starter record 398,2021-02-02,2022-02-02,1,1,2026-08-24T00:00:00.000,2018-01-01T00:00:00.000,9999-12-31T00:00:00.000,1,1ec6d055714d5775b47bf4e859042de41ec6d055714d5775b47bf4e859042de4
399,ISN000399,425,382,6,InventorySerialNumber starter record 399,2021-02-03,2022-02-03,1,1,2026-08-24T00:00:00.000,2018-01-01T00:00:00.000,9999-12-31T00:00:00.000,1,cde2ae8f8cde5d14acc24b96bd0cca16cde2ae8f8cde5d14acc24b96bd0cca16
400,ISN000400,394,348,8,InventorySerialNumber starter record 400,2021-02-04,2022-02-04,1,1,2026-08-24T00:00:00.000,2018-01-01T00:00:00.000,9999-12-31T00:00:00.000,1,8c2cfabf3e0b58479e0393099c98996a8c2cfabf3e0b58479e0393099c98996a
401,ISN000401,22,436,6,InventorySerialNumber starter record 401,2021-02-05,2022-02-05,1,1,2026-08-24T00:00:00.000,2018-01-01T00:00:00.000,9999-12-31T00:00:00.000,1,febb871e04775fca81516a141390f3a6febb871e04775fca81516a141390f3a6
402,ISN000402,185,335,2,InventorySerialNumber starter record 402,2021-02-06,2022-02-06,1,1,2026-08-24T00:00:00.000,2018-01-01T00:00:00.000,9999-12-31T00:00:00.000,1,c8d98a10e9a95df68e8a5369f9c0a72bc8d98a10e9a95df68e8a5369f9c0a72b
403,ISN000403,58,163,10,InventorySerialNumber starter record 403,2021-02-07,2022-02-07,1,1,2026-08-24T00:00:00.000,2018-01-01T00:00:00.000,9999-12-31T00:00:00.000,1,84e7ea8a42b05761995b3877152cbe4b84e7ea8a42b05761995b3877152cbe4b
404,ISN000404,82,1,7,InventorySerialNumber starter record 404,2021-02-08,2022-02-08,1,1,2026-08-24T00:00:00.000,2018-01-01T00:00:00.000,9999-12-31T00:00:00.000,1,3d75ab6cb9e75e2b928faf0cd9be37e13d75ab6cb9e75e2b928faf0cd9be37e1
405,ISN000405,242,132,2,InventorySerialNumber starter record 405,2021-02-09,2022-02-09,1,1,2026-08-24T00:00:00.000,2018-01-01T00:00:00.000,9999-12-31T00:00:00.000,1,b4d03ebc403f5a5cbbc54a62a832f1c6b4d03ebc403f5a5cbbc54a62a832f1c6
406,ISN000406,270,204,3,InventorySerialNumber starter record 406,2021-02-10,2022-02-10,1,1,2026-08-24T00:00:00.000,2018-01-01T00:00:00.000,9999-12-31T00:00:00.000,1,70021c65bd5f5af8a01f33f1f761b4d870021c65bd5f5af8a01f33f1f761b4d8
407,ISN000407,21,273,6,InventorySerialNumber starter record 407,2021-02-11,2022-02-11,1,1,2026-08-24T00:00:00.000,2018-01-01T00:00:00.000,9999-12-31T00:00:00.000,1,e637e9f5e7085c14b70348138a653e3be637e9f5e7085c14b70348138a653e3b
408,ISN000408,382,-1,7,InventorySerialNumber starter record 408,2021-02-12,2022-02-12,1,1,2026-08-24T00:00:00.000,2018-01-01T00:00:00.000,9999-12-31T00:00:00.000,1,852a129d56da50d4852695e37bcc985e852a129d56da50d4852695e37bcc985e
409,ISN000409,49,396,4,InventorySerialNumber starter record 409,2021-02-13,2022-02-13,1,1,2026-08-24T00:00:00.000,2018-01-01T00:00:00.000,9999-12-31T00:00:00.000,1,25de29f81fc759a586c3b398ce13612625de29f81fc759a586c3b398ce136126
410,ISN000410,39,306,3,InventorySerialNumber starter record 410,2021-02-14,2022-02-14,1,1,2026-08-24T00:00:00.000,2018-01-01T00:00:00.000,9999-12-31T00:00:00.000,1,768ced525b845e79a1e6379d819c1150768ced525b845e79a1e6379d819c1150
411,ISN000411,40,198,9,InventorySerialNumber starter record 411,2021-02-15,2022-02-15,1,1,2026-08-24T00:00:00.000,2018-01-01T00:00:00.000,9999-12-31T00:00:00.000,1,08b6d3cb60f459bbbddf550efcff66d908b6d3cb60f459bbbddf550efcff66d9
412,ISN000412,105,473,4,InventorySerialNumber starter record 412,2021-02-16,2022-02-16,1,1,2026-08-24T00:00:00.000,2018-01-01T00:00:00.000,9999-12-31T00:00:00.000,1,f2843d8d8f925d5a897557466d6de07cf2843d8d8f925d5a897557466d6de07c
413,ISN000413,457,393,3,InventorySerialNumber starter record 413,2021-02-17,2022-02-17,1,1,2026-08-24T00:00:00.000,2018-01-01T00:00:00.000,9999-12-31T00:00:00.000,1,6c9d6cacedbb5beea51e5c88ea9292686c9d6cacedbb5beea51e5c88ea929268
414,ISN000414,362,149,4,InventorySerialNumber starter record 414,2021-02-18,2022-02-18,1,1,2026-08-24T00:00:00.000,2018-01-01T00:00:00.000,9999-12-31T00:00:00.000,1,d54c0f8e7917548c948c205c3d14aa08d54c0f8e7917548c948c205c3d14aa08
415,ISN000415,318,391,4,InventorySerialNumber starter record 415,2021-02-19,2022-02-19,1,1,2026-08-24T00:00:00.000,2018-01-01T00:00:00.000,9999-12-31T00:00:00.000,1,92863d101792549696df15671437e09f92863d101792549696df15671437e09f
416,ISN000416,462,393,6,InventorySerialNumber starter record 416,2021-02-20,2022-02-20,1,1,2026-08-24T00:00:00.000,2018-01-01T00:00:00.000,9999-12-31T00:00:00.000,1,b50c2a90b684570a8b4d35243d90269fb50c2a90b684570a8b4d35243d90269f
417,ISN000417,29,375,9,InventorySerialNumber starter record 417,2021-02-21,2022-02-21,1,1,2026-08-24T00:00:00.000,2018-01-01T00:00:00.000,9999-12-31T00:00:00.000,1,b31851fbb85f5f4b9651dd13befb5fb6b31851fbb85f5f4b9651dd13befb5fb6
418,ISN000418,430,102,3,InventorySerialNumber starter record 418,2021-02-22,2022-02-22,1,1,2026-08-24T00:00:00.000,2018-01-01T00:00:00.000,9999-12-31T00:00:00.000,1,92d84fb96c785623b6fedfb18a16a5ca92d84fb96c785623b6fedfb18a16a5ca
419,ISN000419,256,419,2,InventorySerialNumber starter record 419,2021-02-23,2022-02-23,1,1,2026-08-24T00:00:00.000,2018-01-01T00:00:00.000,9999-12-31T00:00:00.000,1,f0102882377457c9a068e6a4b25ffe7ef0102882377457c9a068e6a4b25ffe7e
420,ISN000420,127,251,5,InventorySerialNumber starter record 420,2021-02-24,2022-02-24,1,1,2026-08-24T00:00:00.000,2018-01-01T00:00:00.000,9999-12-31T00:00:00.000,1,b354aa4fa8f2525c87546efa73aa4bd0b354aa4fa8f2525c87546efa73aa4bd0
421,ISN000421,115,58,2,InventorySerialNumber starter record 421,2021-02-25,2022-02-25,1,1,2026-08-24T00:00:00.000,2018-01-01T00:00:00.000,9999-12-31T00:00:00.000,1,3fe42e8c89625c6ea770d65861de43883fe42e8c89625c6ea770d65861de4388
422,ISN000422,25,48,10,InventorySerialNumber starter record 422,2021-02-26,2022-02-26,1,1,2026-08-24T00:00:00.000,2018-01-01T00:00:00.000,9999-12-31T00:00:00.000,1,229f8fd963cd5623b76e7928cb2ac9d9229f8fd963cd5623b76e7928cb2ac9d9
423,ISN000423,29,289,9,InventorySerialNumber starter record 423,2021-02-27,2022-02-27,1,1,2026-08-24T00:00:00.000,2018-01-01T00:00:00.000,9999-12-31T00:00:00.000,1,a1d13c99fc655a35be3224881f6fe932a1d13c99fc655a35be3224881f6fe932
424,ISN000424,332,406,1,InventorySerialNumber starter record 424,2021-02-28,2022-02-28,1,1,2026-08-24T00:00:00.000,2018-01-01T00:00:00.000,9999-12-31T00:00:00.000,1,26a8999ea1b95794a05b6c2c0988ae9d26a8999ea1b95794a05b6c2c0988ae9d
425,ISN000425,228,-1,1,InventorySerialNumber starter record 425,2021-03-01,2022-03-01,1,1,2026-08-24T00:00:00.000,2018-01-01T00:00:00.000,9999-12-31T00:00:00.000,1,7aa3bb76ead65f8c9309f515bf75806e7aa3bb76ead65f8c9309f515bf75806e
426,ISN000426,184,233,9,InventorySerialNumber starter record 426,2021-03-02,2022-03-02,1,1,2026-08-24T00:00:00.000,2018-01-01T00:00:00.000,9999-12-31T00:00:00.000,1,57272e742b97511b94fec443de5ca20357272e742b97511b94fec443de5ca203
427,ISN000427,254,113,1,InventorySerialNumber starter record 427,2021-03-03,2022-03-03,1,1,2026-08-24T00:00:00.000,2018-01-01T00:00:00.000,9999-12-31T00:00:00.000,1,53f91b2b417f52bb8b60038e89b70b0853f91b2b417f52bb8b60038e89b70b08
428,ISN000428,449,238,4,InventorySerialNumber starter record 428,2021-03-04,2022-03-04,1,1,2026-08-24T00:00:00.000,2018-01-01T00:00:00.000,9999-12-31T00:00:00.000,1,94ef72ac323b5894b42d50e926e83db994ef72ac323b5894b42d50e926e83db9
429,ISN000429,409,186,1,InventorySerialNumber starter record 429,2021-03-05,2022-03-05,1,1,2026-08-24T00:00:00.000,2018-01-01T00:00:00.000,9999-12-31T00:00:00.000,1,a090506ed8fa57ef84ae1a5646e817f1a090506ed8fa57ef84ae1a5646e817f1
430,ISN000430,81,348,5,InventorySerialNumber starter record 430,2021-03-06,2022-03-06,1,1,2026-08-24T00:00:00.000,2018-01-01T00:00:00.000,9999-12-31T00:00:00.000,1,f9701b37416454a1ac36017e2b1cd659f9701b37416454a1ac36017e2b1cd659
431,ISN000431,262,328,9,InventorySerialNumber starter record 431,2021-03-07,2022-03-07,1,1,2026-08-24T00:00:00.000,2018-01-01T00:00:00.000,9999-12-31T00:00:00.000,1,e7b7caa249ac55dcbd2959def98f5a53e7b7caa249ac55dcbd2959def98f5a53
432,ISN000432,398,210,1,InventorySerialNumber starter record 432,2021-03-08,2022-03-08,1,1,2026-08-24T00:00:00.000,2018-01-01T00:00:00.000,9999-12-31T00:00:00.000,1,ddd2141b501756d996ad35df9f31adb0ddd2141b501756d996ad35df9f31adb0
433,ISN000433,451,13,9,InventorySerialNumber starter record 433,2021-03-09,2022-03-09,1,1,2026-08-24T00:00:00.000,2018-01-01T00:00:00.000,9999-12-31T00:00:00.000,1,ff1a7e74c7ce535c9b9ec9cacc747233ff1a7e74c7ce535c9b9ec9cacc747233
434,ISN000434,460,40,9,InventorySerialNumber starter record 434,2021-03-10,2022-03-10,1,1,2026-08-24T00:00:00.000,2018-01-01T00:00:00.000,9999-12-31T00:00:00.000,1,275d250722cd5c5bb81a056f4c712bbf275d250722cd5c5bb81a056f4c712bbf
435,ISN000435,77,480,4,InventorySerialNumber starter record 435,2021-03-11,2022-03-11,1,1,2026-08-24T00:00:00.000,2018-01-01T00:00:00.000,9999-12-31T00:00:00.000,1,38d91ad2f6575336b2f8b69622acc89f38d91ad2f6575336b2f8b69622acc89f
436,ISN000436,304,134,6,InventorySerialNumber starter record 436,2021-03-12,2022-03-12,1,1,2026-08-24T00:00:00.000,2018-01-01T00:00:00.000,9999-12-31T00:00:00.000,1,956b36ff31515429a968273024403bc4956b36ff31515429a968273024403bc4
437,ISN000437,430,297,3,InventorySerialNumber starter record 437,2021-03-13,2022-03-13,1,1,2026-08-24T00:00:00.000,2018-01-01T00:00:00.000,9999-12-31T00:00:00.000,1,5c241b917db75c28bc7449ac04862f005c241b917db75c28bc7449ac04862f00
438,ISN000438,364,175,9,InventorySerialNumber starter record 438,2021-03-14,2022-03-14,1,1,2026-08-24T00:00:00.000,2018-01-01T00:00:00.000,9999-12-31T00:00:00.000,1,49c4c20b57f55efb888547dd917683a349c4c20b57f55efb888547dd917683a3
439,ISN000439,28,56,7,InventorySerialNumber starter record 439,2021-03-15,2022-03-15,1,1,2026-08-24T00:00:00.000,2018-01-01T00:00:00.000,9999-12-31T00:00:00.000,1,a2f3b4bc9fc454a1851e459beb87cf06a2f3b4bc9fc454a1851e459beb87cf06
440,ISN000440,48,86,4,InventorySerialNumber starter record 440,2021-03-16,2022-03-16,1,1,2026-08-24T00:00:00.000,2018-01-01T00:00:00.000,9999-12-31T00:00:00.000,1,02fe9a3993405c198dbc72000ab61b5902fe9a3993405c198dbc72000ab61b59
441,ISN000441,420,41,8,InventorySerialNumber starter record 441,2021-03-17,2022-03-17,1,1,2026-08-24T00:00:00.000,2018-01-01T00:00:00.000,9999-12-31T00:00:00.000,1,3b15fc9b7b08591580d1bb9f151842bf3b15fc9b7b08591580d1bb9f151842bf
442,ISN000442,171,-1,4,InventorySerialNumber starter record 442,2021-03-18,2022-03-18,1,1,2026-08-24T00:00:00.000,2018-01-01T00:00:00.000,9999-12-31T00:00:00.000,1,08ea05bef2985bfb8884846335f7f04308ea05bef2985bfb8884846335f7f043
443,ISN000443,82,230,5,InventorySerialNumber starter record 443,2021-03-19,2022-03-19,1,1,2026-08-24T00:00:00.000,2018-01-01T00:00:00.000,9999-12-31T00:00:00.000,1,0cb087a1b8035c1191144060bb9268dd0cb087a1b8035c1191144060bb9268dd
444,ISN000444,492,47,4,InventorySerialNumber starter record 444,2021-03-20,2022-03-20,1,1,2026-08-24T00:00:00.000,2018-01-01T00:00:00.000,9999-12-31T00:00:00.000,1,3c79164dabd15359a705e57ba660cee03c79164dabd15359a705e57ba660cee0
445,ISN000445,195,177,9,InventorySerialNumber starter record 445,2021-03-21,2022-03-21,1,1,2026-08-24T00:00:00.000,2018-01-01T00:00:00.000,9999-12-31T00:00:00.000,1,add4b3bf11cd58cc8361bc90b33bd8deadd4b3bf11cd58cc8361bc90b33bd8de
446,ISN000446,80,183,1,InventorySerialNumber starter record 446,2021-03-22,2022-03-22,1,1,2026-08-24T00:00:00.000,2018-01-01T00:00:00.000,9999-12-31T00:00:00.000,1,0a31585ce2ee5e56bf69dba8e47524d50a31585ce2ee5e56bf69dba8e47524d5
447,ISN000447,74,371,8,InventorySerialNumber starter record 447,2021-03-23,2022-03-23,1,1,2026-08-24T00:00:00.000,2018-01-01T00:00:00.000,9999-12-31T00:00:00.000,1,a35cfa96822f54b08fac5a3b4753b75aa35cfa96822f54b08fac5a3b4753b75a
448,ISN000448,422,116,10,InventorySerialNumber starter record 448,2021-03-24,2022-03-24,1,1,2026-08-24T00:00:00.000,2018-01-01T00:00:00.000,9999-12-31T00:00:00.000,1,fe62b209897b531294f48fce7c69323cfe62b209897b531294f48fce7c69323c
449,ISN000449,14,24,9,InventorySerialNumber starter record 449,2021-03-25,2022-03-25,1,1,2026-08-24T00:00:00.000,2018-01-01T00:00:00.000,9999-12-31T00:00:00.000,1,598d700edb715ed2b83b2258e4f7ef6b598d700edb715ed2b83b2258e4f7ef6b
450,ISN000450,325,273,6,InventorySerialNumber starter record 450,2021-03-26,2022-03-26,1,1,2026-08-24T00:00:00.000,2018-01-01T00:00:00.000,9999-12-31T00:00:00.000,1,c0bfd170520057ca87f4912c3874caedc0bfd170520057ca87f4912c3874caed
451,ISN000451,187,177,6,InventorySerialNumber starter record 451,2021-03-27,2022-03-27,1,1,2026-08-24T00:00:00.000,2018-01-01T00:00:00.000,9999-12-31T00:00:00.000,1,7d6506ffb1b45918b220bf66192dfca57d6506ffb1b45918b220bf66192dfca5
452,ISN000452,455,435,9,InventorySerialNumber starter record 452,2021-03-28,2022-03-28,1,1,2026-08-24T00:00:00.000,2018-01-01T00:00:00.000,9999-12-31T00:00:00.000,1,fe6b5dfc208453b8982d14f7bddea0cafe6b5dfc208453b8982d14f7bddea0ca
453,ISN000453,464,299,10,InventorySerialNumber starter record 453,2021-03-29,2022-03-29,1,1,2026-08-24T00:00:00.000,2018-01-01T00:00:00.000,9999-12-31T00:00:00.000,1,332f8137f9a45dea8fb1bc0473f11f4e332f8137f9a45dea8fb1bc0473f11f4e
454,ISN000454,180,330,1,InventorySerialNumber starter record 454,2021-03-30,2022-03-30,1,1,2026-08-24T00:00:00.000,2018-01-01T00:00:00.000,9999-12-31T00:00:00.000,1,09420357558750c3bdea3b54ef03f89709420357558750c3bdea3b54ef03f897
455,ISN000455,68,404,1,InventorySerialNumber starter record 455,2021-03-31,2022-03-31,1,1,2026-08-24T00:00:00.000,2018-01-01T00:00:00.000,9999-12-31T00:00:00.000,1,35bc9948248d50fe9a3e68505226c16d35bc9948248d50fe9a3e68505226c16d
456,ISN000456,370,466,6,InventorySerialNumber starter record 456,2021-04-01,2022-04-01,1,1,2026-08-24T00:00:00.000,2018-01-01T00:00:00.000,9999-12-31T00:00:00.000,1,aa9b89c3b7b95712a757522a10ea49bcaa9b89c3b7b95712a757522a10ea49bc
457,ISN000457,66,226,6,InventorySerialNumber starter record 457,2021-04-02,2022-04-02,1,1,2026-08-24T00:00:00.000,2018-01-01T00:00:00.000,9999-12-31T00:00:00.000,1,96e7b0e87fab509abc0df682c18ffde896e7b0e87fab509abc0df682c18ffde8
458,ISN000458,315,223,3,InventorySerialNumber starter record 458,2021-04-03,2022-04-03,1,1,2026-08-24T00:00:00.000,2018-01-01T00:00:00.000,9999-12-31T00:00:00.000,1,7ed07100323f51409933387f62d7e8a77ed07100323f51409933387f62d7e8a7
459,ISN000459,441,-1,5,InventorySerialNumber starter record 459,2021-04-04,2022-04-04,1,1,2026-08-24T00:00:00.000,2018-01-01T00:00:00.000,9999-12-31T00:00:00.000,1,6c765c5e0a2f57558f8aedf2fd39d00a6c765c5e0a2f57558f8aedf2fd39d00a
460,ISN000460,58,15,10,InventorySerialNumber starter record 460,2021-04-05,2022-04-05,1,1,2026-08-24T00:00:00.000,2018-01-01T00:00:00.000,9999-12-31T00:00:00.000,1,f0e1b97f42d455999ff3e115093a5694f0e1b97f42d455999ff3e115093a5694
461,ISN000461,196,109,8,InventorySerialNumber starter record 461,2021-04-06,2022-04-06,1,1,2026-08-24T00:00:00.000,2018-01-01T00:00:00.000,9999-12-31T00:00:00.000,1,cf867318d4ab5376b6b79d3b032e819bcf867318d4ab5376b6b79d3b032e819b
462,ISN000462,105,218,7,InventorySerialNumber starter record 462,2021-04-07,2022-04-07,1,1,2026-08-24T00:00:00.000,2018-01-01T00:00:00.000,9999-12-31T00:00:00.000,1,7499743dded25239b6b14b73c754fda77499743dded25239b6b14b73c754fda7
463,ISN000463,316,31,8,InventorySerialNumber starter record 463,2021-04-08,2022-04-08,1,1,2026-08-24T00:00:00.000,2018-01-01T00:00:00.000,9999-12-31T00:00:00.000,1,c8dfd1e295da5cadbb97b68b6ad50879c8dfd1e295da5cadbb97b68b6ad50879
464,ISN000464,122,491,2,InventorySerialNumber starter record 464,2021-04-09,2022-04-09,1,1,2026-08-24T00:00:00.000,2018-01-01T00:00:00.000,9999-12-31T00:00:00.000,1,81b123c58e185613ad37a3d4cf388a6681b123c58e185613ad37a3d4cf388a66
465,ISN000465,7,371,7,InventorySerialNumber starter record 465,2021-04-10,2022-04-10,1,1,2026-08-24T00:00:00.000,2018-01-01T00:00:00.000,9999-12-31T00:00:00.000,1,55e40dbf661357fc9998c1b082d76f1c55e40dbf661357fc9998c1b082d76f1c
466,ISN000466,19,428,10,InventorySerialNumber starter record 466,2021-04-11,2022-04-11,1,1,2026-08-24T00:00:00.000,2018-01-01T00:00:00.000,9999-12-31T00:00:00.000,1,8945160dd2ed5094a419a9bcfdbc449e8945160dd2ed5094a419a9bcfdbc449e
467,ISN000467,243,438,4,InventorySerialNumber starter record 467,2021-04-12,2022-04-12,1,1,2026-08-24T00:00:00.000,2018-01-01T00:00:00.000,9999-12-31T00:00:00.000,1,2f140ce3c07053f2872f30333e08902f2f140ce3c07053f2872f30333e08902f
468,ISN000468,139,8,3,InventorySerialNumber starter record 468,2021-04-13,2022-04-13,1,1,2026-08-24T00:00:00.000,2018-01-01T00:00:00.000,9999-12-31T00:00:00.000,1,843f9d8cf7195cef811f60cb810d18f9843f9d8cf7195cef811f60cb810d18f9
469,ISN000469,306,53,4,InventorySerialNumber starter record 469,2021-04-14,2022-04-14,1,1,2026-08-24T00:00:00.000,2018-01-01T00:00:00.000,9999-12-31T00:00:00.000,1,ca03ada7e3335eea8c5e00ce709b6857ca03ada7e3335eea8c5e00ce709b6857
470,ISN000470,488,492,1,InventorySerialNumber starter record 470,2021-04-15,2022-04-15,1,1,2026-08-24T00:00:00.000,2018-01-01T00:00:00.000,9999-12-31T00:00:00.000,1,5bcffd43457f55b58f4c7347a7b0d7605bcffd43457f55b58f4c7347a7b0d760
471,ISN000471,358,337,5,InventorySerialNumber starter record 471,2021-04-16,2022-04-16,1,1,2026-08-24T00:00:00.000,2018-01-01T00:00:00.000,9999-12-31T00:00:00.000,1,171eb15cdb51584cb6138a494168668f171eb15cdb51584cb6138a494168668f
472,ISN000472,116,150,2,InventorySerialNumber starter record 472,2021-04-17,2022-04-17,1,1,2026-08-24T00:00:00.000,2018-01-01T00:00:00.000,9999-12-31T00:00:00.000,1,0cc438b587b156e9b12ef1cb4a16e9ce0cc438b587b156e9b12ef1cb4a16e9ce
473,ISN000473,143,481,8,InventorySerialNumber starter record 473,2021-04-18,2022-04-18,1,1,2026-08-24T00:00:00.000,2018-01-01T00:00:00.000,9999-12-31T00:00:00.000,1,8c69c129bd4b581a8afdf52d1be330b18c69c129bd4b581a8afdf52d1be330b1
474,ISN000474,293,380,1,InventorySerialNumber starter record 474,2021-04-19,2022-04-19,1,1,2026-08-24T00:00:00.000,2018-01-01T00:00:00.000,9999-12-31T00:00:00.000,1,38c64f96b1e156438fe749fbd393667c38c64f96b1e156438fe749fbd393667c
475,ISN000475,169,66,7,InventorySerialNumber starter record 475,2021-04-20,2022-04-20,1,1,2026-08-24T00:00:00.000,2018-01-01T00:00:00.000,9999-12-31T00:00:00.000,1,6a71187f12625e0a80006c7dae608c376a71187f12625e0a80006c7dae608c37
476,ISN000476,193,-1,1,InventorySerialNumber starter record 476,2021-04-21,2022-04-21,1,1,2026-08-24T00:00:00.000,2018-01-01T00:00:00.000,9999-12-31T00:00:00.000,1,77c688fa17d2508c8825c692926019a877c688fa17d2508c8825c692926019a8
477,ISN000477,317,172,6,InventorySerialNumber starter record 477,2021-04-22,2022-04-22,1,1,2026-08-24T00:00:00.000,2018-01-01T00:00:00.000,9999-12-31T00:00:00.000,1,7de190535de35e0d8ea8017c495354ec7de190535de35e0d8ea8017c495354ec
478,ISN000478,303,59,6,InventorySerialNumber starter record 478,2021-04-23,2022-04-23,1,1,2026-08-24T00:00:00.000,2018-01-01T00:00:00.000,9999-12-31T00:00:00.000,1,1d6879b9a6035b42837c8cd1f6a310e01d6879b9a6035b42837c8cd1f6a310e0
479,ISN000479,233,441,4,InventorySerialNumber starter record 479,2021-04-24,2022-04-24,1,1,2026-08-24T00:00:00.000,2018-01-01T00:00:00.000,9999-12-31T00:00:00.000,1,19c2aa611415538a8f99218856f30e7619c2aa611415538a8f99218856f30e76
480,ISN000480,4,344,5,InventorySerialNumber starter record 480,2021-04-25,2022-04-25,1,1,2026-08-24T00:00:00.000,2018-01-01T00:00:00.000,9999-12-31T00:00:00.000,1,1efa901b5ddb5e2f833fe1917a79fdb61efa901b5ddb5e2f833fe1917a79fdb6
481,ISN000481,370,142,2,InventorySerialNumber starter record 481,2021-04-26,2022-04-26,1,1,2026-08-24T00:00:00.000,2018-01-01T00:00:00.000,9999-12-31T00:00:00.000,1,3dae13cde0aa57a49faad15f0e24ef113dae13cde0aa57a49faad15f0e24ef11
482,ISN000482,371,221,2,InventorySerialNumber starter record 482,2021-04-27,2022-04-27,1,1,2026-08-24T00:00:00.000,2018-01-01T00:00:00.000,9999-12-31T00:00:00.000,1,de9c0ab1340d5a00b1dc9a65e8e0b688de9c0ab1340d5a00b1dc9a65e8e0b688
483,ISN000483,86,253,6,InventorySerialNumber starter record 483,2021-04-28,2022-04-28,1,1,2026-08-24T00:00:00.000,2018-01-01T00:00:00.000,9999-12-31T00:00:00.000,1,f06b50e1a5d650d38b346346a5bb82a8f06b50e1a5d650d38b346346a5bb82a8
484,ISN000484,149,310,7,InventorySerialNumber starter record 484,2021-04-29,2022-04-29,1,1,2026-08-24T00:00:00.000,2018-01-01T00:00:00.000,9999-12-31T00:00:00.000,1,a4924fb85bd05e288d09c9dd5002feefa4924fb85bd05e288d09c9dd5002feef
485,ISN000485,117,484,10,InventorySerialNumber starter record 485,2021-04-30,2022-04-30,1,1,2026-08-24T00:00:00.000,2018-01-01T00:00:00.000,9999-12-31T00:00:00.000,1,9690b73d6be6581a87e0342244e42e8c9690b73d6be6581a87e0342244e42e8c
486,ISN000486,91,490,2,InventorySerialNumber starter record 486,2021-05-01,2022-05-01,1,1,2026-08-24T00:00:00.000,2018-01-01T00:00:00.000,9999-12-31T00:00:00.000,1,41f1756035f254f68e87a47a5ccb3f3641f1756035f254f68e87a47a5ccb3f36
487,ISN000487,278,231,8,InventorySerialNumber starter record 487,2021-05-02,2022-05-02,1,1,2026-08-24T00:00:00.000,2018-01-01T00:00:00.000,9999-12-31T00:00:00.000,1,7f299485d1a1543c87f3cc1f1ccf3d4b7f299485d1a1543c87f3cc1f1ccf3d4b
488,ISN000488,261,90,2,InventorySerialNumber starter record 488,2021-05-03,2022-05-03,1,1,2026-08-24T00:00:00.000,2018-01-01T00:00:00.000,9999-12-31T00:00:00.000,1,e3eb5186d0d150c3abf2aea82895c282e3eb5186d0d150c3abf2aea82895c282
489,ISN000489,355,402,10,InventorySerialNumber starter record 489,2021-05-04,2022-05-04,1,1,2026-08-24T00:00:00.000,2018-01-01T00:00:00.000,9999-12-31T00:00:00.000,1,8e596840382e5b69906b28132d4ae3cc8e596840382e5b69906b28132d4ae3cc
490,ISN000490,131,30,8,InventorySerialNumber starter record 490,2021-05-05,2022-05-05,1,1,2026-08-24T00:00:00.000,2018-01-01T00:00:00.000,9999-12-31T00:00:00.000,1,01efeb7c93805283beb0379a2d334f6001efeb7c93805283beb0379a2d334f60
491,ISN000491,86,46,7,InventorySerialNumber starter record 491,2021-05-06,2022-05-06,1,1,2026-08-24T00:00:00.000,2018-01-01T00:00:00.000,9999-12-31T00:00:00.000,1,1ca914246f5256889322e96d137f03bc1ca914246f5256889322e96d137f03bc
492,ISN000492,339,136,7,InventorySerialNumber starter record 492,2021-05-07,2022-05-07,1,1,2026-08-24T00:00:00.000,2018-01-01T00:00:00.000,9999-12-31T00:00:00.000,1,1bcfcac4727c54e9a53572299b8057771bcfcac4727c54e9a53572299b805777
493,ISN000493,139,-1,1,InventorySerialNumber starter record 493,2021-05-08,2022-05-08,1,1,2026-08-24T00:00:00.000,2018-01-01T00:00:00.000,9999-12-31T00:00:00.000,1,f63b51d946795660b41436d19bdc9641f63b51d946795660b41436d19bdc9641
494,ISN000494,25,155,3,InventorySerialNumber starter record 494,2021-05-09,2022-05-09,1,1,2026-08-24T00:00:00.000,2018-01-01T00:00:00.000,9999-12-31T00:00:00.000,1,1807c4ccebcf5f40a9befd470e6fb7661807c4ccebcf5f40a9befd470e6fb766
495,ISN000495,74,463,3,InventorySerialNumber starter record 495,2021-05-10,2022-05-10,1,1,2026-08-24T00:00:00.000,2018-01-01T00:00:00.000,9999-12-31T00:00:00.000,1,391b89ef6e1f55239edaaf881f4acbf6391b89ef6e1f55239edaaf881f4acbf6
496,ISN000496,178,85,7,InventorySerialNumber starter record 496,2021-05-11,2022-05-11,1,1,2026-08-24T00:00:00.000,2018-01-01T00:00:00.000,9999-12-31T00:00:00.000,1,4345596c33a25d908f21bbab1c71dfb54345596c33a25d908f21bbab1c71dfb5
497,ISN000497,84,392,1,InventorySerialNumber starter record 497,2021-05-12,2022-05-12,1,1,2026-08-24T00:00:00.000,2018-01-01T00:00:00.000,9999-12-31T00:00:00.000,1,fdc3d9c323e05680b71bc2b1b9a56606fdc3d9c323e05680b71bc2b1b9a56606
498,ISN000498,99,297,1,InventorySerialNumber starter record 498,2021-05-13,2022-05-13,1,1,2026-08-24T00:00:00.000,2018-01-01T00:00:00.000,9999-12-31T00:00:00.000,1,38a9d3fcbd535164ac570797dcfc63ab38a9d3fcbd535164ac570797dcfc63ab
499,ISN000499,61,63,2,InventorySerialNumber starter record 499,2021-05-14,2022-05-14,1,1,2026-08-24T00:00:00.000,2018-01-01T00:00:00.000,9999-12-31T00:00:00.000,1,7aa066bef11554e391b82d298cb9c9417aa066bef11554e391b82d298cb9c941
500,ISN000500,495,480,3,InventorySerialNumber starter record 500,2021-05-15,2022-05-15,1,1,2026-08-24T00:00:00.000,2018-01-01T00:00:00.000,9999-12-31T00:00:00.000,1,dc6e5da7225e53d1b12ce04ba1b08454dc6e5da7225e53d1b12ce04ba1b08454
