LogisticsTransportLoadKey,TransportLoadNumber,LogisticsCarrierServiceOptionKey,LogisticsLaneSegmentKey,PlannerEmployeeKey,LogisticsShipmentStatusKey,TransportLoadName,PlannedDepartureDate,PlannedArrivalDate,SourceSystemKey,BatchId,LoadedAtUtc,EffectiveFromUtc,EffectiveToUtc,IsCurrent,RowHash
-1,UNKNOWN,-1,-1,-1,-1,Unknown,1900-01-01,1900-01-01,-1,0,1900-01-01T00:00:00.000,1900-01-01T00:00:00.000,1900-01-01T00:00:00.000,0,0000000000000000000000000000000000000000000000000000000000000000
1,LTL000001,89,293,116,9,Junction LogisticsTransportLoad 1,2020-01-02,2020-01-02,1,1,2026-08-24T00:00:00.000,2018-01-01T00:00:00.000,9999-12-31T00:00:00.000,1,ccbc399bca055e22b2a921657c4a8dd7ccbc399bca055e22b2a921657c4a8dd7
2,LTL000002,410,415,95,3,Delta LogisticsTransportLoad 2,2020-01-03,2020-01-03,1,1,2026-08-24T00:00:00.000,2018-01-01T00:00:00.000,9999-12-31T00:00:00.000,1,47f682a089935118892f61744c3c046047f682a089935118892f61744c3c0460
3,LTL000003,45,289,274,14,Zenith LogisticsTransportLoad 3,2020-01-04,2020-01-04,1,1,2026-08-24T00:00:00.000,2018-01-01T00:00:00.000,9999-12-31T00:00:00.000,1,299db3cb0c205c67986226b468073160299db3cb0c205c67986226b468073160
4,LTL000004,292,161,130,14,Unity LogisticsTransportLoad 4,2020-01-05,2020-01-05,1,1,2026-08-24T00:00:00.000,2018-01-01T00:00:00.000,9999-12-31T00:00:00.000,1,9453132a8e6f5023a5afba46800afe5e9453132a8e6f5023a5afba46800afe5e
5,LTL000005,249,196,23,11,Keystone LogisticsTransportLoad 5,2020-01-06,2020-01-06,1,1,2026-08-24T00:00:00.000,2018-01-01T00:00:00.000,9999-12-31T00:00:00.000,1,09b5006f473d57a3987958e56ff4b43609b5006f473d57a3987958e56ff4b436
6,LTL000006,5,480,393,2,Harbor LogisticsTransportLoad 6,2020-01-07,2020-01-07,1,1,2026-08-24T00:00:00.000,2018-01-01T00:00:00.000,9999-12-31T00:00:00.000,1,04755a085d03526294c1f7533bb6449304755a085d03526294c1f7533bb64493
7,LTL000007,203,180,398,10,Beacon LogisticsTransportLoad 7,2020-01-08,2020-01-08,1,1,2026-08-24T00:00:00.000,2018-01-01T00:00:00.000,9999-12-31T00:00:00.000,1,70d70724497f5fbe8aa2c9ef4c69c5ce70d70724497f5fbe8aa2c9ef4c69c5ce
8,LTL000008,307,10,444,7,Granite LogisticsTransportLoad 8,2020-01-09,2020-01-09,1,1,2026-08-24T00:00:00.000,2018-01-01T00:00:00.000,9999-12-31T00:00:00.000,1,109b1fa48cf55965ba20dfc4309d6dc2109b1fa48cf55965ba20dfc4309d6dc2
9,LTL000009,372,236,392,8,Junction LogisticsTransportLoad 9,2020-01-10,2020-01-10,1,1,2026-08-24T00:00:00.000,2018-01-01T00:00:00.000,9999-12-31T00:00:00.000,1,357b1669ffcf50acb3ed3511cb96625b357b1669ffcf50acb3ed3511cb96625b
10,LTL000010,363,420,467,12,Atlas LogisticsTransportLoad 10,2020-01-11,2020-01-11,1,1,2026-08-24T00:00:00.000,2018-01-01T00:00:00.000,9999-12-31T00:00:00.000,1,369afbbfa1045c3a9a859cb60398b807369afbbfa1045c3a9a859cb60398b807
11,LTL000011,261,59,305,8,Granite LogisticsTransportLoad 11,2020-01-12,2020-01-12,1,1,2026-08-24T00:00:00.000,2018-01-01T00:00:00.000,9999-12-31T00:00:00.000,1,4e49778f396857b3b9d02cdc89cabddf4e49778f396857b3b9d02cdc89cabddf
12,LTL000012,97,270,104,5,Liberty LogisticsTransportLoad 12,2020-01-13,2020-01-13,1,1,2026-08-24T00:00:00.000,2018-01-01T00:00:00.000,9999-12-31T00:00:00.000,1,7f76ecf860045949ab76a4d351eb04b67f76ecf860045949ab76a4d351eb04b6
13,LTL000013,101,383,144,12,Summit LogisticsTransportLoad 13,2020-01-14,2020-01-14,1,1,2026-08-24T00:00:00.000,2018-01-01T00:00:00.000,9999-12-31T00:00:00.000,1,6810494eb1015fb4994b566fd8d3d87c6810494eb1015fb4994b566fd8d3d87c
14,LTL000014,323,263,150,4,Liberty LogisticsTransportLoad 14,2020-01-15,2020-01-15,1,1,2026-08-24T00:00:00.000,2018-01-01T00:00:00.000,9999-12-31T00:00:00.000,1,c19696445bee56c2b7c3fed4500a993bc19696445bee56c2b7c3fed4500a993b
15,LTL000015,446,366,103,14,Quartz LogisticsTransportLoad 15,2020-01-16,2020-01-16,1,1,2026-08-24T00:00:00.000,2018-01-01T00:00:00.000,9999-12-31T00:00:00.000,1,d42e994977c251f18b63fa8e0edea161d42e994977c251f18b63fa8e0edea161
16,LTL000016,208,146,461,8,Atlas LogisticsTransportLoad 16,2020-01-17,2020-01-17,1,1,2026-08-24T00:00:00.000,2018-01-01T00:00:00.000,9999-12-31T00:00:00.000,1,85505e20f500547088772cbf8a07aa4685505e20f500547088772cbf8a07aa46
17,LTL000017,214,337,-1,8,Beacon LogisticsTransportLoad 17,2020-01-18,2020-01-18,1,1,2026-08-24T00:00:00.000,2018-01-01T00:00:00.000,9999-12-31T00:00:00.000,1,eeab2877b4175a2cb0318d0cb8729b27eeab2877b4175a2cb0318d0cb8729b27
18,LTL000018,70,270,278,8,Liberty LogisticsTransportLoad 18,2020-01-19,2020-01-19,1,1,2026-08-24T00:00:00.000,2018-01-01T00:00:00.000,9999-12-31T00:00:00.000,1,125cf20071625f93a67934eb6626721c125cf20071625f93a67934eb6626721c
19,LTL000019,343,224,271,1,Atlas LogisticsTransportLoad 19,2020-01-20,2020-01-20,1,1,2026-08-24T00:00:00.000,2018-01-01T00:00:00.000,9999-12-31T00:00:00.000,1,80e8bdfb2b44519fb03dccda6b3511cd80e8bdfb2b44519fb03dccda6b3511cd
20,LTL000020,494,46,489,9,Liberty LogisticsTransportLoad 20,2020-01-21,2020-01-21,1,1,2026-08-24T00:00:00.000,2018-01-01T00:00:00.000,9999-12-31T00:00:00.000,1,d88b1fae22f05beda2f8d47e1f4539f1d88b1fae22f05beda2f8d47e1f4539f1
21,LTL000021,134,375,25,1,Vertex LogisticsTransportLoad 21,2020-01-22,2020-01-22,1,1,2026-08-24T00:00:00.000,2018-01-01T00:00:00.000,9999-12-31T00:00:00.000,1,2214381fe1545f74809905cbe81852902214381fe1545f74809905cbe8185290
22,LTL000022,371,334,271,4,Zenith LogisticsTransportLoad 22,2020-01-23,2020-01-23,1,1,2026-08-24T00:00:00.000,2018-01-01T00:00:00.000,9999-12-31T00:00:00.000,1,e8afc15916915f6091a050dc21215b63e8afc15916915f6091a050dc21215b63
23,LTL000023,232,435,419,10,Willow LogisticsTransportLoad 23,2020-01-24,2020-01-24,1,1,2026-08-24T00:00:00.000,2018-01-01T00:00:00.000,9999-12-31T00:00:00.000,1,6d88ba78820e544a8100ac65389996be6d88ba78820e544a8100ac65389996be
24,LTL000024,10,74,179,6,Junction LogisticsTransportLoad 24,2020-01-25,2020-01-25,1,1,2026-08-24T00:00:00.000,2018-01-01T00:00:00.000,9999-12-31T00:00:00.000,1,cfacc6440b0c5b89956af4a8e9cb98b0cfacc6440b0c5b89956af4a8e9cb98b0
25,LTL000025,330,193,190,2,Harbor LogisticsTransportLoad 25,2020-01-26,2020-01-26,1,1,2026-08-24T00:00:00.000,2018-01-01T00:00:00.000,9999-12-31T00:00:00.000,1,a00e242dc6b252c7a79ad43aa9f4c967a00e242dc6b252c7a79ad43aa9f4c967
26,LTL000026,163,206,166,1,Orion LogisticsTransportLoad 26,2020-01-27,2020-01-27,1,1,2026-08-24T00:00:00.000,2018-01-01T00:00:00.000,9999-12-31T00:00:00.000,1,9ddcba2d3a265cbc95765f23d632cb289ddcba2d3a265cbc95765f23d632cb28
27,LTL000027,462,484,194,11,Atlas LogisticsTransportLoad 27,2020-01-28,2020-01-28,1,1,2026-08-24T00:00:00.000,2018-01-01T00:00:00.000,9999-12-31T00:00:00.000,1,ea1ca58de8f55d369492a6b3b8d4408eea1ca58de8f55d369492a6b3b8d4408e
28,LTL000028,74,285,270,5,Titan LogisticsTransportLoad 28,2020-01-29,2020-01-29,1,1,2026-08-24T00:00:00.000,2018-01-01T00:00:00.000,9999-12-31T00:00:00.000,1,f844cacecd1a517296cc01c664306be7f844cacecd1a517296cc01c664306be7
29,LTL000029,22,32,294,4,Willow LogisticsTransportLoad 29,2020-01-30,2020-01-30,1,1,2026-08-24T00:00:00.000,2018-01-01T00:00:00.000,9999-12-31T00:00:00.000,1,8d77b50bcbc3561c835884a08bafc7338d77b50bcbc3561c835884a08bafc733
30,LTL000030,195,121,217,5,Zenith LogisticsTransportLoad 30,2020-01-31,2020-01-31,1,1,2026-08-24T00:00:00.000,2018-01-01T00:00:00.000,9999-12-31T00:00:00.000,1,ba1f4e4fa4ad5071b4f3aa6066bf7e50ba1f4e4fa4ad5071b4f3aa6066bf7e50
31,LTL000031,106,411,145,2,Meridian LogisticsTransportLoad 31,2020-02-01,2020-02-01,1,1,2026-08-24T00:00:00.000,2018-01-01T00:00:00.000,9999-12-31T00:00:00.000,1,eba72b2cc95556a19cbb8fc5f3c224ffeba72b2cc95556a19cbb8fc5f3c224ff
32,LTL000032,124,216,470,12,Keystone LogisticsTransportLoad 32,2020-02-02,2020-02-02,1,1,2026-08-24T00:00:00.000,2018-01-01T00:00:00.000,9999-12-31T00:00:00.000,1,33669d4a09e85cac99d779e614c1ab7633669d4a09e85cac99d779e614c1ab76
33,LTL000033,205,8,373,13,Atlas LogisticsTransportLoad 33,2020-02-03,2020-02-03,1,1,2026-08-24T00:00:00.000,2018-01-01T00:00:00.000,9999-12-31T00:00:00.000,1,6d46714e8a4c5be195145fc853b0d5b76d46714e8a4c5be195145fc853b0d5b7
34,LTL000034,255,281,-1,11,Pioneer LogisticsTransportLoad 34,2020-02-04,2020-02-04,1,1,2026-08-24T00:00:00.000,2018-01-01T00:00:00.000,9999-12-31T00:00:00.000,1,fd43316685035adb80fe660ca7113a1bfd43316685035adb80fe660ca7113a1b
35,LTL000035,172,137,24,1,Pioneer LogisticsTransportLoad 35,2020-02-05,2020-02-05,1,1,2026-08-24T00:00:00.000,2018-01-01T00:00:00.000,9999-12-31T00:00:00.000,1,9c40ec521bdc5c3ea586d6191ad1c3de9c40ec521bdc5c3ea586d6191ad1c3de
36,LTL000036,210,234,37,12,Forge LogisticsTransportLoad 36,2020-02-06,2020-02-06,1,1,2026-08-24T00:00:00.000,2018-01-01T00:00:00.000,9999-12-31T00:00:00.000,1,e110ede0c87955e4bba2c3e2f5167ee2e110ede0c87955e4bba2c3e2f5167ee2
37,LTL000037,397,408,404,5,Cedar LogisticsTransportLoad 37,2020-02-07,2020-02-07,1,1,2026-08-24T00:00:00.000,2018-01-01T00:00:00.000,9999-12-31T00:00:00.000,1,4a23ba5f84d65f62adc6670e0e71d8af4a23ba5f84d65f62adc6670e0e71d8af
38,LTL000038,226,136,51,12,Cedar LogisticsTransportLoad 38,2020-02-08,2020-02-08,1,1,2026-08-24T00:00:00.000,2018-01-01T00:00:00.000,9999-12-31T00:00:00.000,1,b7c91bfc781758d6b7f1860edb5948abb7c91bfc781758d6b7f1860edb5948ab
39,LTL000039,306,351,268,5,Meridian LogisticsTransportLoad 39,2020-02-09,2020-02-09,1,1,2026-08-24T00:00:00.000,2018-01-01T00:00:00.000,9999-12-31T00:00:00.000,1,c2e40af1926450ca9db53ab465290275c2e40af1926450ca9db53ab465290275
40,LTL000040,392,454,107,4,Orion LogisticsTransportLoad 40,2020-02-10,2020-02-10,1,1,2026-08-24T00:00:00.000,2018-01-01T00:00:00.000,9999-12-31T00:00:00.000,1,ea752afa695c5e51a6e1aa05b15df943ea752afa695c5e51a6e1aa05b15df943
41,LTL000041,448,163,73,1,Meridian LogisticsTransportLoad 41,2020-02-11,2020-02-11,1,1,2026-08-24T00:00:00.000,2018-01-01T00:00:00.000,9999-12-31T00:00:00.000,1,8513fe23111f58f3aebdef7a939bb9fb8513fe23111f58f3aebdef7a939bb9fb
42,LTL000042,160,159,73,3,Harbor LogisticsTransportLoad 42,2020-02-12,2020-02-12,1,1,2026-08-24T00:00:00.000,2018-01-01T00:00:00.000,9999-12-31T00:00:00.000,1,50a0325b04315a6083610ec1397ebb9950a0325b04315a6083610ec1397ebb99
43,LTL000043,160,456,295,6,Orion LogisticsTransportLoad 43,2020-02-13,2020-02-13,1,1,2026-08-24T00:00:00.000,2018-01-01T00:00:00.000,9999-12-31T00:00:00.000,1,668063ed96a15daa85f3176498503409668063ed96a15daa85f3176498503409
44,LTL000044,240,172,266,14,Zenith LogisticsTransportLoad 44,2020-02-14,2020-02-14,1,1,2026-08-24T00:00:00.000,2018-01-01T00:00:00.000,9999-12-31T00:00:00.000,1,f099f8c9bf985d27825e961be2f75bb0f099f8c9bf985d27825e961be2f75bb0
45,LTL000045,460,391,437,9,Liberty LogisticsTransportLoad 45,2020-02-15,2020-02-15,1,1,2026-08-24T00:00:00.000,2018-01-01T00:00:00.000,9999-12-31T00:00:00.000,1,b32328ce1b3f5a5d9a1a11449736bd6db32328ce1b3f5a5d9a1a11449736bd6d
46,LTL000046,218,405,33,2,Zenith LogisticsTransportLoad 46,2020-02-16,2020-02-16,1,1,2026-08-24T00:00:00.000,2018-01-01T00:00:00.000,9999-12-31T00:00:00.000,1,c7906ca796445e8dae3e0e22e2612f04c7906ca796445e8dae3e0e22e2612f04
47,LTL000047,135,489,215,2,Junction LogisticsTransportLoad 47,2020-02-17,2020-02-17,1,1,2026-08-24T00:00:00.000,2018-01-01T00:00:00.000,9999-12-31T00:00:00.000,1,70f9ebd85b135174ac3071786fdbeac370f9ebd85b135174ac3071786fdbeac3
48,LTL000048,271,218,32,14,Meridian LogisticsTransportLoad 48,2020-02-18,2020-02-18,1,1,2026-08-24T00:00:00.000,2018-01-01T00:00:00.000,9999-12-31T00:00:00.000,1,8e53e063abad5acc883e3d1e0c5bdf818e53e063abad5acc883e3d1e0c5bdf81
49,LTL000049,271,137,482,7,Vertex LogisticsTransportLoad 49,2020-02-19,2020-02-19,1,1,2026-08-24T00:00:00.000,2018-01-01T00:00:00.000,9999-12-31T00:00:00.000,1,ade1d077190452d7bbbc0c5e06b62aa1ade1d077190452d7bbbc0c5e06b62aa1
50,LTL000050,365,291,202,8,Meridian LogisticsTransportLoad 50,2020-02-20,2020-02-20,1,1,2026-08-24T00:00:00.000,2018-01-01T00:00:00.000,9999-12-31T00:00:00.000,1,c470c1526e8d5d8a922a84c0e7229a83c470c1526e8d5d8a922a84c0e7229a83
51,LTL000051,459,297,-1,14,Atlas LogisticsTransportLoad 51,2020-02-21,2020-02-21,1,1,2026-08-24T00:00:00.000,2018-01-01T00:00:00.000,9999-12-31T00:00:00.000,1,5b206edc9f865bcdb12b6f67940738935b206edc9f865bcdb12b6f6794073893
52,LTL000052,187,109,250,4,Quartz LogisticsTransportLoad 52,2020-02-22,2020-02-22,1,1,2026-08-24T00:00:00.000,2018-01-01T00:00:00.000,9999-12-31T00:00:00.000,1,839a28bdc69253f49bfb0f215d342a4e839a28bdc69253f49bfb0f215d342a4e
53,LTL000053,154,337,68,2,Zenith LogisticsTransportLoad 53,2020-02-23,2020-02-23,1,1,2026-08-24T00:00:00.000,2018-01-01T00:00:00.000,9999-12-31T00:00:00.000,1,4e3752b69b1c50a9bee8e85b4cf8583d4e3752b69b1c50a9bee8e85b4cf8583d
54,LTL000054,71,332,170,6,Harbor LogisticsTransportLoad 54,2020-02-24,2020-02-24,1,1,2026-08-24T00:00:00.000,2018-01-01T00:00:00.000,9999-12-31T00:00:00.000,1,c35d79f18f9652b2834b50243100e681c35d79f18f9652b2834b50243100e681
55,LTL000055,144,35,459,10,Forge LogisticsTransportLoad 55,2020-02-25,2020-02-25,1,1,2026-08-24T00:00:00.000,2018-01-01T00:00:00.000,9999-12-31T00:00:00.000,1,b447e44444025b5185370ff29da127b4b447e44444025b5185370ff29da127b4
56,LTL000056,8,244,218,12,Summit LogisticsTransportLoad 56,2020-02-26,2020-02-26,1,1,2026-08-24T00:00:00.000,2018-01-01T00:00:00.000,9999-12-31T00:00:00.000,1,6c3a60fb1d0458b2b47eddd5ddf682b16c3a60fb1d0458b2b47eddd5ddf682b1
57,LTL000057,187,291,173,4,Orion LogisticsTransportLoad 57,2020-02-27,2020-02-27,1,1,2026-08-24T00:00:00.000,2018-01-01T00:00:00.000,9999-12-31T00:00:00.000,1,503bccec2d515aec86b61ba9234acb34503bccec2d515aec86b61ba9234acb34
58,LTL000058,263,417,7,9,Delta LogisticsTransportLoad 58,2020-02-28,2020-02-28,1,1,2026-08-24T00:00:00.000,2018-01-01T00:00:00.000,9999-12-31T00:00:00.000,1,bff1b9793ac15e889ef25bcf54a8107bbff1b9793ac15e889ef25bcf54a8107b
59,LTL000059,60,155,497,14,Willow LogisticsTransportLoad 59,2020-02-29,2020-02-29,1,1,2026-08-24T00:00:00.000,2018-01-01T00:00:00.000,9999-12-31T00:00:00.000,1,7fd86a5bf18350cb9153546e7d1f76e57fd86a5bf18350cb9153546e7d1f76e5
60,LTL000060,418,346,132,4,Ion LogisticsTransportLoad 60,2020-03-01,2020-03-01,1,1,2026-08-24T00:00:00.000,2018-01-01T00:00:00.000,9999-12-31T00:00:00.000,1,b769419ac1f5548cacc1a403b2a362b6b769419ac1f5548cacc1a403b2a362b6
61,LTL000061,398,329,424,1,Atlas LogisticsTransportLoad 61,2020-03-02,2020-03-02,1,1,2026-08-24T00:00:00.000,2018-01-01T00:00:00.000,9999-12-31T00:00:00.000,1,ea14a7aad07c57689e365514916fb467ea14a7aad07c57689e365514916fb467
62,LTL000062,490,180,62,2,Quartz LogisticsTransportLoad 62,2020-03-03,2020-03-03,1,1,2026-08-24T00:00:00.000,2018-01-01T00:00:00.000,9999-12-31T00:00:00.000,1,511fb04340cc59fca62977ee82be14dc511fb04340cc59fca62977ee82be14dc
63,LTL000063,472,323,71,12,Beacon LogisticsTransportLoad 63,2020-03-04,2020-03-04,1,1,2026-08-24T00:00:00.000,2018-01-01T00:00:00.000,9999-12-31T00:00:00.000,1,b81df4b58c6a5ce28fd337a7cf259b88b81df4b58c6a5ce28fd337a7cf259b88
64,LTL000064,288,260,132,3,Harbor LogisticsTransportLoad 64,2020-03-05,2020-03-05,1,1,2026-08-24T00:00:00.000,2018-01-01T00:00:00.000,9999-12-31T00:00:00.000,1,c6d985536bfa59e08cc068dbd311bc15c6d985536bfa59e08cc068dbd311bc15
65,LTL000065,458,231,458,1,Zenith LogisticsTransportLoad 65,2020-03-06,2020-03-06,1,1,2026-08-24T00:00:00.000,2018-01-01T00:00:00.000,9999-12-31T00:00:00.000,1,659ad286398e58d4bb2b8a9788d5bf8d659ad286398e58d4bb2b8a9788d5bf8d
66,LTL000066,181,487,253,6,Beacon LogisticsTransportLoad 66,2020-03-07,2020-03-07,1,1,2026-08-24T00:00:00.000,2018-01-01T00:00:00.000,9999-12-31T00:00:00.000,1,3896aa74dd075ead844a009f13b55ab53896aa74dd075ead844a009f13b55ab5
67,LTL000067,322,12,96,3,Atlas LogisticsTransportLoad 67,2020-03-08,2020-03-08,1,1,2026-08-24T00:00:00.000,2018-01-01T00:00:00.000,9999-12-31T00:00:00.000,1,96f3647bd3095982b2d5dacb16c43a1296f3647bd3095982b2d5dacb16c43a12
68,LTL000068,433,496,-1,3,Cedar LogisticsTransportLoad 68,2020-03-09,2020-03-09,1,1,2026-08-24T00:00:00.000,2018-01-01T00:00:00.000,9999-12-31T00:00:00.000,1,2c03763a150b5ba195db7990e22a3fcc2c03763a150b5ba195db7990e22a3fcc
69,LTL000069,440,303,318,14,Delta LogisticsTransportLoad 69,2020-03-10,2020-03-10,1,1,2026-08-24T00:00:00.000,2018-01-01T00:00:00.000,9999-12-31T00:00:00.000,1,8cca8e69d0e65d20ad00851ee43222ca8cca8e69d0e65d20ad00851ee43222ca
70,LTL000070,408,141,60,4,Granite LogisticsTransportLoad 70,2020-03-11,2020-03-11,1,1,2026-08-24T00:00:00.000,2018-01-01T00:00:00.000,9999-12-31T00:00:00.000,1,70ebde519d105034b80d4312a3e2bf5a70ebde519d105034b80d4312a3e2bf5a
71,LTL000071,433,117,141,3,Titan LogisticsTransportLoad 71,2020-03-12,2020-03-12,1,1,2026-08-24T00:00:00.000,2018-01-01T00:00:00.000,9999-12-31T00:00:00.000,1,ad15209c715d56bd9a27f6e8722d53e0ad15209c715d56bd9a27f6e8722d53e0
72,LTL000072,69,99,354,1,Atlas LogisticsTransportLoad 72,2020-03-13,2020-03-13,1,1,2026-08-24T00:00:00.000,2018-01-01T00:00:00.000,9999-12-31T00:00:00.000,1,7a81a134344957ccbfb39391cb2150917a81a134344957ccbfb39391cb215091
73,LTL000073,270,386,352,4,Vertex LogisticsTransportLoad 73,2020-03-14,2020-03-14,1,1,2026-08-24T00:00:00.000,2018-01-01T00:00:00.000,9999-12-31T00:00:00.000,1,5a12249706595fae969f8eff487447d35a12249706595fae969f8eff487447d3
74,LTL000074,10,446,178,11,Atlas LogisticsTransportLoad 74,2020-03-15,2020-03-15,1,1,2026-08-24T00:00:00.000,2018-01-01T00:00:00.000,9999-12-31T00:00:00.000,1,ea378656893c5df6b4a56a013689e824ea378656893c5df6b4a56a013689e824
75,LTL000075,233,327,228,5,Ion LogisticsTransportLoad 75,2020-03-16,2020-03-16,1,1,2026-08-24T00:00:00.000,2018-01-01T00:00:00.000,9999-12-31T00:00:00.000,1,543af1ad472253d6b0711d5986b54dca543af1ad472253d6b0711d5986b54dca
76,LTL000076,244,491,111,2,Zenith LogisticsTransportLoad 76,2020-03-17,2020-03-17,1,1,2026-08-24T00:00:00.000,2018-01-01T00:00:00.000,9999-12-31T00:00:00.000,1,bd4916095f425d7297fc20031a5590d1bd4916095f425d7297fc20031a5590d1
77,LTL000077,244,479,238,13,Vertex LogisticsTransportLoad 77,2020-03-18,2020-03-18,1,1,2026-08-24T00:00:00.000,2018-01-01T00:00:00.000,9999-12-31T00:00:00.000,1,40ca8c8cb4e954a6af36f5ee1067bd6740ca8c8cb4e954a6af36f5ee1067bd67
78,LTL000078,54,25,280,9,Northstar LogisticsTransportLoad 78,2020-03-19,2020-03-19,1,1,2026-08-24T00:00:00.000,2018-01-01T00:00:00.000,9999-12-31T00:00:00.000,1,6c0006d54e575c63a5ab07e71868b53b6c0006d54e575c63a5ab07e71868b53b
79,LTL000079,368,14,32,11,Quartz LogisticsTransportLoad 79,2020-03-20,2020-03-20,1,1,2026-08-24T00:00:00.000,2018-01-01T00:00:00.000,9999-12-31T00:00:00.000,1,21e0db4d39695a82815ca41a2946a88521e0db4d39695a82815ca41a2946a885
80,LTL000080,121,446,5,6,Summit LogisticsTransportLoad 80,2020-03-21,2020-03-21,1,1,2026-08-24T00:00:00.000,2018-01-01T00:00:00.000,9999-12-31T00:00:00.000,1,96bcbac655b15d76a7946c2b88c4e8a196bcbac655b15d76a7946c2b88c4e8a1
81,LTL000081,374,486,231,14,Meridian LogisticsTransportLoad 81,2020-03-22,2020-03-22,1,1,2026-08-24T00:00:00.000,2018-01-01T00:00:00.000,9999-12-31T00:00:00.000,1,8e95ec2c5d2954c58791a0171de6651e8e95ec2c5d2954c58791a0171de6651e
82,LTL000082,451,318,118,9,Keystone LogisticsTransportLoad 82,2020-03-23,2020-03-23,1,1,2026-08-24T00:00:00.000,2018-01-01T00:00:00.000,9999-12-31T00:00:00.000,1,7fc7fa8c072b55a9be261216677fcfe67fc7fa8c072b55a9be261216677fcfe6
83,LTL000083,423,46,36,11,Delta LogisticsTransportLoad 83,2020-03-24,2020-03-24,1,1,2026-08-24T00:00:00.000,2018-01-01T00:00:00.000,9999-12-31T00:00:00.000,1,b060437b06015aeea08b8dee0237772db060437b06015aeea08b8dee0237772d
84,LTL000084,175,69,251,4,Quartz LogisticsTransportLoad 84,2020-03-25,2020-03-25,1,1,2026-08-24T00:00:00.000,2018-01-01T00:00:00.000,9999-12-31T00:00:00.000,1,3e7ecbe1e03f5f7f976811605f7cb6393e7ecbe1e03f5f7f976811605f7cb639
85,LTL000085,207,110,-1,2,Beacon LogisticsTransportLoad 85,2020-03-26,2020-03-26,1,1,2026-08-24T00:00:00.000,2018-01-01T00:00:00.000,9999-12-31T00:00:00.000,1,f032e93fdd6d5f21a8dd66424632dedbf032e93fdd6d5f21a8dd66424632dedb
86,LTL000086,319,422,363,9,Vertex LogisticsTransportLoad 86,2020-03-27,2020-03-27,1,1,2026-08-24T00:00:00.000,2018-01-01T00:00:00.000,9999-12-31T00:00:00.000,1,8a69df36271657ddb675708a8a4e73bf8a69df36271657ddb675708a8a4e73bf
87,LTL000087,138,490,401,1,Unity LogisticsTransportLoad 87,2020-03-28,2020-03-28,1,1,2026-08-24T00:00:00.000,2018-01-01T00:00:00.000,9999-12-31T00:00:00.000,1,c5863c54bb805c72baa3f460a867e3d1c5863c54bb805c72baa3f460a867e3d1
88,LTL000088,250,51,386,1,Delta LogisticsTransportLoad 88,2020-03-29,2020-03-29,1,1,2026-08-24T00:00:00.000,2018-01-01T00:00:00.000,9999-12-31T00:00:00.000,1,62a4936c2d635b0d8480910c1f8b51b962a4936c2d635b0d8480910c1f8b51b9
89,LTL000089,193,387,250,6,Atlas LogisticsTransportLoad 89,2020-03-30,2020-03-30,1,1,2026-08-24T00:00:00.000,2018-01-01T00:00:00.000,9999-12-31T00:00:00.000,1,35986d36c6e051eb9a6186eb8cb845b735986d36c6e051eb9a6186eb8cb845b7
90,LTL000090,496,431,48,4,Pioneer LogisticsTransportLoad 90,2020-03-31,2020-03-31,1,1,2026-08-24T00:00:00.000,2018-01-01T00:00:00.000,9999-12-31T00:00:00.000,1,9024c7a8982850fdbe527f9e5a0a6e809024c7a8982850fdbe527f9e5a0a6e80
91,LTL000091,330,97,175,13,Vertex LogisticsTransportLoad 91,2020-04-01,2020-04-01,1,1,2026-08-24T00:00:00.000,2018-01-01T00:00:00.000,9999-12-31T00:00:00.000,1,11ed003b796e57babf96c0a61d62001311ed003b796e57babf96c0a61d620013
92,LTL000092,14,227,486,11,Orion LogisticsTransportLoad 92,2020-04-02,2020-04-02,1,1,2026-08-24T00:00:00.000,2018-01-01T00:00:00.000,9999-12-31T00:00:00.000,1,5bddde7fc50a539a98c6edeedcc2cf065bddde7fc50a539a98c6edeedcc2cf06
93,LTL000093,166,218,128,8,Beacon LogisticsTransportLoad 93,2020-04-03,2020-04-03,1,1,2026-08-24T00:00:00.000,2018-01-01T00:00:00.000,9999-12-31T00:00:00.000,1,1d7e18dd54855779b3a177b8708ce5dd1d7e18dd54855779b3a177b8708ce5dd
94,LTL000094,346,24,231,6,Zenith LogisticsTransportLoad 94,2020-04-04,2020-04-04,1,1,2026-08-24T00:00:00.000,2018-01-01T00:00:00.000,9999-12-31T00:00:00.000,1,30c818addc7951c69b96e0acc3e7a0a130c818addc7951c69b96e0acc3e7a0a1
95,LTL000095,158,165,173,12,Summit LogisticsTransportLoad 95,2020-04-05,2020-04-05,1,1,2026-08-24T00:00:00.000,2018-01-01T00:00:00.000,9999-12-31T00:00:00.000,1,caeaea73e7ae5ff0adf11ca750cee953caeaea73e7ae5ff0adf11ca750cee953
96,LTL000096,21,33,329,8,Willow LogisticsTransportLoad 96,2020-04-06,2020-04-06,1,1,2026-08-24T00:00:00.000,2018-01-01T00:00:00.000,9999-12-31T00:00:00.000,1,1226b57a101c5b5185cbe5d3350f596c1226b57a101c5b5185cbe5d3350f596c
97,LTL000097,396,274,218,9,Riverton LogisticsTransportLoad 97,2020-04-07,2020-04-07,1,1,2026-08-24T00:00:00.000,2018-01-01T00:00:00.000,9999-12-31T00:00:00.000,1,8bcf56759eea56a785f29cbc192784a88bcf56759eea56a785f29cbc192784a8
98,LTL000098,35,127,320,7,Meridian LogisticsTransportLoad 98,2020-04-08,2020-04-08,1,1,2026-08-24T00:00:00.000,2018-01-01T00:00:00.000,9999-12-31T00:00:00.000,1,c6597b0c03005e7f868399ace18ad982c6597b0c03005e7f868399ace18ad982
99,LTL000099,122,266,497,4,Vertex LogisticsTransportLoad 99,2020-04-09,2020-04-09,1,1,2026-08-24T00:00:00.000,2018-01-01T00:00:00.000,9999-12-31T00:00:00.000,1,644dea460a9955798c4fcecda9476690644dea460a9955798c4fcecda9476690
100,LTL000100,461,398,489,9,Ion LogisticsTransportLoad 100,2020-04-10,2020-04-10,1,1,2026-08-24T00:00:00.000,2018-01-01T00:00:00.000,9999-12-31T00:00:00.000,1,bb6eb0a5892b50a0ba26d3a5e663d670bb6eb0a5892b50a0ba26d3a5e663d670
101,LTL000101,62,429,271,5,Northstar LogisticsTransportLoad 101,2020-04-11,2020-04-11,1,1,2026-08-24T00:00:00.000,2018-01-01T00:00:00.000,9999-12-31T00:00:00.000,1,0bcb3f6a26ba5f42953543f1e72f09670bcb3f6a26ba5f42953543f1e72f0967
102,LTL000102,351,92,-1,8,Forge LogisticsTransportLoad 102,2020-04-12,2020-04-12,1,1,2026-08-24T00:00:00.000,2018-01-01T00:00:00.000,9999-12-31T00:00:00.000,1,a9b7ef16584357cda16b39264aad7904a9b7ef16584357cda16b39264aad7904
103,LTL000103,239,141,272,1,Liberty LogisticsTransportLoad 103,2020-04-13,2020-04-13,1,1,2026-08-24T00:00:00.000,2018-01-01T00:00:00.000,9999-12-31T00:00:00.000,1,46064b0112b556b1ada8d8bc5be1055446064b0112b556b1ada8d8bc5be10554
104,LTL000104,201,19,456,5,Vertex LogisticsTransportLoad 104,2020-04-14,2020-04-14,1,1,2026-08-24T00:00:00.000,2018-01-01T00:00:00.000,9999-12-31T00:00:00.000,1,117cc87429ea528e9896f0e1b07b4d8b117cc87429ea528e9896f0e1b07b4d8b
105,LTL000105,317,233,52,11,Harbor LogisticsTransportLoad 105,2020-04-15,2020-04-15,1,1,2026-08-24T00:00:00.000,2018-01-01T00:00:00.000,9999-12-31T00:00:00.000,1,033d26b8e0405b9d9651dd28bb71bc2f033d26b8e0405b9d9651dd28bb71bc2f
106,LTL000106,290,488,333,13,Unity LogisticsTransportLoad 106,2020-04-16,2020-04-16,1,1,2026-08-24T00:00:00.000,2018-01-01T00:00:00.000,9999-12-31T00:00:00.000,1,079a5a1aeeb35e5a85420b2034b1e1d6079a5a1aeeb35e5a85420b2034b1e1d6
107,LTL000107,476,105,207,3,Vertex LogisticsTransportLoad 107,2020-04-17,2020-04-17,1,1,2026-08-24T00:00:00.000,2018-01-01T00:00:00.000,9999-12-31T00:00:00.000,1,a843951bb79758f1914c97a615cab22aa843951bb79758f1914c97a615cab22a
108,LTL000108,290,387,482,1,Quartz LogisticsTransportLoad 108,2020-04-18,2020-04-18,1,1,2026-08-24T00:00:00.000,2018-01-01T00:00:00.000,9999-12-31T00:00:00.000,1,8d39ecd0bcbf5143a6b93660dbdb59908d39ecd0bcbf5143a6b93660dbdb5990
109,LTL000109,181,70,423,12,Evergreen LogisticsTransportLoad 109,2020-04-19,2020-04-19,1,1,2026-08-24T00:00:00.000,2018-01-01T00:00:00.000,9999-12-31T00:00:00.000,1,6c9032545b4d5854bf5b2dd943cfb8726c9032545b4d5854bf5b2dd943cfb872
110,LTL000110,477,242,448,7,Atlas LogisticsTransportLoad 110,2020-04-20,2020-04-20,1,1,2026-08-24T00:00:00.000,2018-01-01T00:00:00.000,9999-12-31T00:00:00.000,1,9aae1af8169d5771bd4a703caf82fb4e9aae1af8169d5771bd4a703caf82fb4e
111,LTL000111,75,3,140,2,Willow LogisticsTransportLoad 111,2020-04-21,2020-04-21,1,1,2026-08-24T00:00:00.000,2018-01-01T00:00:00.000,9999-12-31T00:00:00.000,1,57b29f521006597586882e5f8da2d26f57b29f521006597586882e5f8da2d26f
112,LTL000112,133,95,478,9,Unity LogisticsTransportLoad 112,2020-04-22,2020-04-22,1,1,2026-08-24T00:00:00.000,2018-01-01T00:00:00.000,9999-12-31T00:00:00.000,1,d41d0337fb8959e29b8fc43b38e84ecfd41d0337fb8959e29b8fc43b38e84ecf
113,LTL000113,70,444,217,12,Titan LogisticsTransportLoad 113,2020-04-23,2020-04-23,1,1,2026-08-24T00:00:00.000,2018-01-01T00:00:00.000,9999-12-31T00:00:00.000,1,2968e3334d175bf786cec716d6f786a72968e3334d175bf786cec716d6f786a7
114,LTL000114,215,462,380,12,Delta LogisticsTransportLoad 114,2020-04-24,2020-04-24,1,1,2026-08-24T00:00:00.000,2018-01-01T00:00:00.000,9999-12-31T00:00:00.000,1,d1be1bd8577b5eecb452e77e82acb43dd1be1bd8577b5eecb452e77e82acb43d
115,LTL000115,40,396,73,2,Willow LogisticsTransportLoad 115,2020-04-25,2020-04-25,1,1,2026-08-24T00:00:00.000,2018-01-01T00:00:00.000,9999-12-31T00:00:00.000,1,d5bd0c3190b05710bac39e055f8f008ed5bd0c3190b05710bac39e055f8f008e
116,LTL000116,184,446,137,14,Ion LogisticsTransportLoad 116,2020-04-26,2020-04-26,1,1,2026-08-24T00:00:00.000,2018-01-01T00:00:00.000,9999-12-31T00:00:00.000,1,f6fb256c0ce1500e818b6636edcb42a7f6fb256c0ce1500e818b6636edcb42a7
117,LTL000117,482,109,25,10,Zenith LogisticsTransportLoad 117,2020-04-27,2020-04-27,1,1,2026-08-24T00:00:00.000,2018-01-01T00:00:00.000,9999-12-31T00:00:00.000,1,a23e545d79315bdca915d32d10609138a23e545d79315bdca915d32d10609138
118,LTL000118,32,491,402,4,Northstar LogisticsTransportLoad 118,2020-04-28,2020-04-28,1,1,2026-08-24T00:00:00.000,2018-01-01T00:00:00.000,9999-12-31T00:00:00.000,1,a5fd3999e54b57aaaa2715ed71909d3ca5fd3999e54b57aaaa2715ed71909d3c
119,LTL000119,189,35,-1,12,Quartz LogisticsTransportLoad 119,2020-04-29,2020-04-29,1,1,2026-08-24T00:00:00.000,2018-01-01T00:00:00.000,9999-12-31T00:00:00.000,1,8fd2ed96c17556c0bf2a5f92ae434cbc8fd2ed96c17556c0bf2a5f92ae434cbc
120,LTL000120,404,392,394,10,Evergreen LogisticsTransportLoad 120,2020-04-30,2020-04-30,1,1,2026-08-24T00:00:00.000,2018-01-01T00:00:00.000,9999-12-31T00:00:00.000,1,5ebea050c6a85eba856cea5f02ef18c65ebea050c6a85eba856cea5f02ef18c6
121,LTL000121,101,94,255,7,Summit LogisticsTransportLoad 121,2020-05-01,2020-05-01,1,1,2026-08-24T00:00:00.000,2018-01-01T00:00:00.000,9999-12-31T00:00:00.000,1,7744802eedce5ca3b6316df98c56e8137744802eedce5ca3b6316df98c56e813
122,LTL000122,166,122,91,8,Northstar LogisticsTransportLoad 122,2020-05-02,2020-05-02,1,1,2026-08-24T00:00:00.000,2018-01-01T00:00:00.000,9999-12-31T00:00:00.000,1,9ffd1892203a5c37aa6992d7a79443439ffd1892203a5c37aa6992d7a7944343
123,LTL000123,295,182,147,3,Orion LogisticsTransportLoad 123,2020-05-03,2020-05-03,1,1,2026-08-24T00:00:00.000,2018-01-01T00:00:00.000,9999-12-31T00:00:00.000,1,d63ef06b2ece56ce8fd651bb80c6a755d63ef06b2ece56ce8fd651bb80c6a755
124,LTL000124,117,495,399,7,Vertex LogisticsTransportLoad 124,2020-05-04,2020-05-04,1,1,2026-08-24T00:00:00.000,2018-01-01T00:00:00.000,9999-12-31T00:00:00.000,1,b29b38edbd705127bdd8815c8c036336b29b38edbd705127bdd8815c8c036336
125,LTL000125,449,207,330,2,Liberty LogisticsTransportLoad 125,2020-05-05,2020-05-05,1,1,2026-08-24T00:00:00.000,2018-01-01T00:00:00.000,9999-12-31T00:00:00.000,1,928736c00bb35765bc7b23c345a925de928736c00bb35765bc7b23c345a925de
126,LTL000126,138,108,338,5,Quartz LogisticsTransportLoad 126,2020-05-06,2020-05-06,1,1,2026-08-24T00:00:00.000,2018-01-01T00:00:00.000,9999-12-31T00:00:00.000,1,988ff1589cb15a92963b5347f5eceba1988ff1589cb15a92963b5347f5eceba1
127,LTL000127,359,196,380,6,Quartz LogisticsTransportLoad 127,2020-05-07,2020-05-07,1,1,2026-08-24T00:00:00.000,2018-01-01T00:00:00.000,9999-12-31T00:00:00.000,1,8c8cc314eac25af8ad606b84b624cdc58c8cc314eac25af8ad606b84b624cdc5
128,LTL000128,135,12,228,11,Ion LogisticsTransportLoad 128,2020-05-08,2020-05-08,1,1,2026-08-24T00:00:00.000,2018-01-01T00:00:00.000,9999-12-31T00:00:00.000,1,cdd17a9593dc5b33b44a9c55e5ae5267cdd17a9593dc5b33b44a9c55e5ae5267
129,LTL000129,101,370,36,10,Titan LogisticsTransportLoad 129,2020-05-09,2020-05-09,1,1,2026-08-24T00:00:00.000,2018-01-01T00:00:00.000,9999-12-31T00:00:00.000,1,cfc8697ac11252be886b8b75fe8bcb33cfc8697ac11252be886b8b75fe8bcb33
130,LTL000130,449,380,450,1,Titan LogisticsTransportLoad 130,2020-05-10,2020-05-10,1,1,2026-08-24T00:00:00.000,2018-01-01T00:00:00.000,9999-12-31T00:00:00.000,1,13e266194ade55f6a466c38257a16ff413e266194ade55f6a466c38257a16ff4
131,LTL000131,136,114,467,10,Summit LogisticsTransportLoad 131,2020-05-11,2020-05-11,1,1,2026-08-24T00:00:00.000,2018-01-01T00:00:00.000,9999-12-31T00:00:00.000,1,0cce258c444752d0a7e5d66fe75307c60cce258c444752d0a7e5d66fe75307c6
132,LTL000132,102,89,273,3,Vertex LogisticsTransportLoad 132,2020-05-12,2020-05-12,1,1,2026-08-24T00:00:00.000,2018-01-01T00:00:00.000,9999-12-31T00:00:00.000,1,fcc53f578eb858589201711826f168ebfcc53f578eb858589201711826f168eb
133,LTL000133,209,167,29,4,Liberty LogisticsTransportLoad 133,2020-05-13,2020-05-13,1,1,2026-08-24T00:00:00.000,2018-01-01T00:00:00.000,9999-12-31T00:00:00.000,1,580078e54f69567682f2238a4f94bd24580078e54f69567682f2238a4f94bd24
134,LTL000134,422,414,428,13,Atlas LogisticsTransportLoad 134,2020-05-14,2020-05-14,1,1,2026-08-24T00:00:00.000,2018-01-01T00:00:00.000,9999-12-31T00:00:00.000,1,b366b49862d65c1a8730966e810b8270b366b49862d65c1a8730966e810b8270
135,LTL000135,101,35,168,1,Northstar LogisticsTransportLoad 135,2020-05-15,2020-05-15,1,1,2026-08-24T00:00:00.000,2018-01-01T00:00:00.000,9999-12-31T00:00:00.000,1,252c19fde86a5dfbb22ac3018c5d8be7252c19fde86a5dfbb22ac3018c5d8be7
136,LTL000136,45,43,-1,14,Orion LogisticsTransportLoad 136,2020-05-16,2020-05-16,1,1,2026-08-24T00:00:00.000,2018-01-01T00:00:00.000,9999-12-31T00:00:00.000,1,f8f313b810535687955ed51f4f73bc6cf8f313b810535687955ed51f4f73bc6c
137,LTL000137,422,19,463,10,Forge LogisticsTransportLoad 137,2020-05-17,2020-05-17,1,1,2026-08-24T00:00:00.000,2018-01-01T00:00:00.000,9999-12-31T00:00:00.000,1,b6a34f934e455769bfbee9fa59f0e0e5b6a34f934e455769bfbee9fa59f0e0e5
138,LTL000138,383,305,197,1,Forge LogisticsTransportLoad 138,2020-05-18,2020-05-18,1,1,2026-08-24T00:00:00.000,2018-01-01T00:00:00.000,9999-12-31T00:00:00.000,1,124eb0eea95956b898c9d8ede09dddf3124eb0eea95956b898c9d8ede09dddf3
139,LTL000139,200,420,439,11,Atlas LogisticsTransportLoad 139,2020-05-19,2020-05-19,1,1,2026-08-24T00:00:00.000,2018-01-01T00:00:00.000,9999-12-31T00:00:00.000,1,4367e2bfb9225b35afad7c78036757c24367e2bfb9225b35afad7c78036757c2
140,LTL000140,267,309,410,11,Delta LogisticsTransportLoad 140,2020-05-20,2020-05-20,1,1,2026-08-24T00:00:00.000,2018-01-01T00:00:00.000,9999-12-31T00:00:00.000,1,365243fd00e3511fb7805c43d3cee58d365243fd00e3511fb7805c43d3cee58d
141,LTL000141,436,110,406,6,Riverton LogisticsTransportLoad 141,2020-05-21,2020-05-21,1,1,2026-08-24T00:00:00.000,2018-01-01T00:00:00.000,9999-12-31T00:00:00.000,1,51bc742cf764539d9051b26b922e143451bc742cf764539d9051b26b922e1434
142,LTL000142,432,351,225,13,Atlas LogisticsTransportLoad 142,2020-05-22,2020-05-22,1,1,2026-08-24T00:00:00.000,2018-01-01T00:00:00.000,9999-12-31T00:00:00.000,1,7b4d20d54d3550e38c61de6e9be1072c7b4d20d54d3550e38c61de6e9be1072c
143,LTL000143,355,109,455,13,Forge LogisticsTransportLoad 143,2020-05-23,2020-05-23,1,1,2026-08-24T00:00:00.000,2018-01-01T00:00:00.000,9999-12-31T00:00:00.000,1,624417b64b755d12adf4a0e9af6e130b624417b64b755d12adf4a0e9af6e130b
144,LTL000144,342,456,128,8,Unity LogisticsTransportLoad 144,2020-05-24,2020-05-24,1,1,2026-08-24T00:00:00.000,2018-01-01T00:00:00.000,9999-12-31T00:00:00.000,1,22a0ad7d8fd655b59ac3b0978f55a2d822a0ad7d8fd655b59ac3b0978f55a2d8
145,LTL000145,200,449,321,4,Willow LogisticsTransportLoad 145,2020-05-25,2020-05-25,1,1,2026-08-24T00:00:00.000,2018-01-01T00:00:00.000,9999-12-31T00:00:00.000,1,4ca989f0796b594991cb7d46895784984ca989f0796b594991cb7d4689578498
146,LTL000146,456,169,214,1,Atlas LogisticsTransportLoad 146,2020-05-26,2020-05-26,1,1,2026-08-24T00:00:00.000,2018-01-01T00:00:00.000,9999-12-31T00:00:00.000,1,1015baef20555dfbb6da743abf62724a1015baef20555dfbb6da743abf62724a
147,LTL000147,35,361,173,3,Ion LogisticsTransportLoad 147,2020-05-27,2020-05-27,1,1,2026-08-24T00:00:00.000,2018-01-01T00:00:00.000,9999-12-31T00:00:00.000,1,b0bd1bb191be5de3b3fb23c0afc44e18b0bd1bb191be5de3b3fb23c0afc44e18
148,LTL000148,413,130,235,3,Evergreen LogisticsTransportLoad 148,2020-05-28,2020-05-28,1,1,2026-08-24T00:00:00.000,2018-01-01T00:00:00.000,9999-12-31T00:00:00.000,1,679e8ec34011571aad852635619faf96679e8ec34011571aad852635619faf96
149,LTL000149,337,124,263,8,Cedar LogisticsTransportLoad 149,2020-05-29,2020-05-29,1,1,2026-08-24T00:00:00.000,2018-01-01T00:00:00.000,9999-12-31T00:00:00.000,1,53960ca98db353288ae2fd1ccaf05f1653960ca98db353288ae2fd1ccaf05f16
150,LTL000150,109,361,61,12,Keystone LogisticsTransportLoad 150,2020-05-30,2020-05-30,1,1,2026-08-24T00:00:00.000,2018-01-01T00:00:00.000,9999-12-31T00:00:00.000,1,2c51d4b7f6bb5353be45f414374968d02c51d4b7f6bb5353be45f414374968d0
151,LTL000151,408,376,197,1,Quartz LogisticsTransportLoad 151,2020-05-31,2020-05-31,1,1,2026-08-24T00:00:00.000,2018-01-01T00:00:00.000,9999-12-31T00:00:00.000,1,3d5ed3edb52c507cb407e6749bd5e1a93d5ed3edb52c507cb407e6749bd5e1a9
152,LTL000152,1,252,385,7,Evergreen LogisticsTransportLoad 152,2020-06-01,2020-06-01,1,1,2026-08-24T00:00:00.000,2018-01-01T00:00:00.000,9999-12-31T00:00:00.000,1,d76720ddf7a154a9b28d7f44fae854e8d76720ddf7a154a9b28d7f44fae854e8
153,LTL000153,24,234,-1,5,Riverton LogisticsTransportLoad 153,2020-06-02,2020-06-02,1,1,2026-08-24T00:00:00.000,2018-01-01T00:00:00.000,9999-12-31T00:00:00.000,1,23f71dea4d0b5a27b8c6db02a739b78b23f71dea4d0b5a27b8c6db02a739b78b
154,LTL000154,455,319,193,5,Evergreen LogisticsTransportLoad 154,2020-06-03,2020-06-03,1,1,2026-08-24T00:00:00.000,2018-01-01T00:00:00.000,9999-12-31T00:00:00.000,1,af82ce02c3e65afe8200d9ba625c8ba4af82ce02c3e65afe8200d9ba625c8ba4
155,LTL000155,204,246,307,11,Quartz LogisticsTransportLoad 155,2020-06-04,2020-06-04,1,1,2026-08-24T00:00:00.000,2018-01-01T00:00:00.000,9999-12-31T00:00:00.000,1,fff76e0884dc5911b6ebe1331f159548fff76e0884dc5911b6ebe1331f159548
156,LTL000156,213,241,336,5,Unity LogisticsTransportLoad 156,2020-06-05,2020-06-05,1,1,2026-08-24T00:00:00.000,2018-01-01T00:00:00.000,9999-12-31T00:00:00.000,1,f6328e026ea35ec2a55b45f2a1883321f6328e026ea35ec2a55b45f2a1883321
157,LTL000157,210,258,335,9,Zenith LogisticsTransportLoad 157,2020-06-06,2020-06-06,1,1,2026-08-24T00:00:00.000,2018-01-01T00:00:00.000,9999-12-31T00:00:00.000,1,29144abb5aa65386b67eea93c3e2978429144abb5aa65386b67eea93c3e29784
158,LTL000158,455,431,318,5,Vertex LogisticsTransportLoad 158,2020-06-07,2020-06-07,1,1,2026-08-24T00:00:00.000,2018-01-01T00:00:00.000,9999-12-31T00:00:00.000,1,a34418e57b845275ba43633e6f4307aea34418e57b845275ba43633e6f4307ae
159,LTL000159,336,87,98,2,Beacon LogisticsTransportLoad 159,2020-06-08,2020-06-08,1,1,2026-08-24T00:00:00.000,2018-01-01T00:00:00.000,9999-12-31T00:00:00.000,1,7f2154f1f0285278b77ba957a136caf07f2154f1f0285278b77ba957a136caf0
160,LTL000160,60,465,9,11,Forge LogisticsTransportLoad 160,2020-06-09,2020-06-09,1,1,2026-08-24T00:00:00.000,2018-01-01T00:00:00.000,9999-12-31T00:00:00.000,1,95633b74b18f52f2b9946630a2ae987495633b74b18f52f2b9946630a2ae9874
161,LTL000161,486,263,477,3,Vertex LogisticsTransportLoad 161,2020-06-10,2020-06-10,1,1,2026-08-24T00:00:00.000,2018-01-01T00:00:00.000,9999-12-31T00:00:00.000,1,eed1ae9d677e5d94858b6c057d243dd8eed1ae9d677e5d94858b6c057d243dd8
162,LTL000162,235,2,377,14,Atlas LogisticsTransportLoad 162,2020-06-11,2020-06-11,1,1,2026-08-24T00:00:00.000,2018-01-01T00:00:00.000,9999-12-31T00:00:00.000,1,684f51cf600a577382c08ece19ab3f56684f51cf600a577382c08ece19ab3f56
163,LTL000163,94,84,421,13,Beacon LogisticsTransportLoad 163,2020-06-12,2020-06-12,1,1,2026-08-24T00:00:00.000,2018-01-01T00:00:00.000,9999-12-31T00:00:00.000,1,6d4ebee17ca75defbfd721a0d45b817c6d4ebee17ca75defbfd721a0d45b817c
164,LTL000164,415,373,264,6,Cedar LogisticsTransportLoad 164,2020-06-13,2020-06-13,1,1,2026-08-24T00:00:00.000,2018-01-01T00:00:00.000,9999-12-31T00:00:00.000,1,314b82fa2b1e5520a95915cd5f208ca7314b82fa2b1e5520a95915cd5f208ca7
165,LTL000165,139,435,84,7,Zenith LogisticsTransportLoad 165,2020-06-14,2020-06-14,1,1,2026-08-24T00:00:00.000,2018-01-01T00:00:00.000,9999-12-31T00:00:00.000,1,2f001225bebc5ae195b3eca550b384d12f001225bebc5ae195b3eca550b384d1
166,LTL000166,98,348,465,10,Willow LogisticsTransportLoad 166,2020-06-15,2020-06-15,1,1,2026-08-24T00:00:00.000,2018-01-01T00:00:00.000,9999-12-31T00:00:00.000,1,735037abebd45a2386e14e918f7603a1735037abebd45a2386e14e918f7603a1
167,LTL000167,112,26,278,7,Atlas LogisticsTransportLoad 167,2020-06-16,2020-06-16,1,1,2026-08-24T00:00:00.000,2018-01-01T00:00:00.000,9999-12-31T00:00:00.000,1,c9b260a97fea596181a51a06a2598f30c9b260a97fea596181a51a06a2598f30
168,LTL000168,219,290,1,8,Zenith LogisticsTransportLoad 168,2020-06-17,2020-06-17,1,1,2026-08-24T00:00:00.000,2018-01-01T00:00:00.000,9999-12-31T00:00:00.000,1,c95c8d4a30af505589c7f34b6bc71514c95c8d4a30af505589c7f34b6bc71514
169,LTL000169,132,76,39,12,Riverton LogisticsTransportLoad 169,2020-06-18,2020-06-18,1,1,2026-08-24T00:00:00.000,2018-01-01T00:00:00.000,9999-12-31T00:00:00.000,1,f8db3d8f4c585393a7360f3fbbf70051f8db3d8f4c585393a7360f3fbbf70051
170,LTL000170,297,239,-1,13,Ion LogisticsTransportLoad 170,2020-06-19,2020-06-19,1,1,2026-08-24T00:00:00.000,2018-01-01T00:00:00.000,9999-12-31T00:00:00.000,1,444698e03bcb53a59452b57fd80ed1f1444698e03bcb53a59452b57fd80ed1f1
171,LTL000171,371,37,339,3,Junction LogisticsTransportLoad 171,2020-06-20,2020-06-20,1,1,2026-08-24T00:00:00.000,2018-01-01T00:00:00.000,9999-12-31T00:00:00.000,1,d9e8ce755ac158b7a3b09afcf8181a76d9e8ce755ac158b7a3b09afcf8181a76
172,LTL000172,313,493,221,7,Orion LogisticsTransportLoad 172,2020-06-21,2020-06-21,1,1,2026-08-24T00:00:00.000,2018-01-01T00:00:00.000,9999-12-31T00:00:00.000,1,3f45de6faf3f5e84b36bd4dfff53c4e83f45de6faf3f5e84b36bd4dfff53c4e8
173,LTL000173,411,314,258,7,Forge LogisticsTransportLoad 173,2020-06-22,2020-06-22,1,1,2026-08-24T00:00:00.000,2018-01-01T00:00:00.000,9999-12-31T00:00:00.000,1,ac9e705823925950bc1f3bad33624393ac9e705823925950bc1f3bad33624393
174,LTL000174,294,95,436,14,Quartz LogisticsTransportLoad 174,2020-06-23,2020-06-23,1,1,2026-08-24T00:00:00.000,2018-01-01T00:00:00.000,9999-12-31T00:00:00.000,1,e3fb891ca5f1529383d64e3dc9847539e3fb891ca5f1529383d64e3dc9847539
175,LTL000175,23,166,70,4,Granite LogisticsTransportLoad 175,2020-06-24,2020-06-24,1,1,2026-08-24T00:00:00.000,2018-01-01T00:00:00.000,9999-12-31T00:00:00.000,1,490ab44708895f69bcab2d24e6fb9a84490ab44708895f69bcab2d24e6fb9a84
176,LTL000176,199,21,362,6,Delta LogisticsTransportLoad 176,2020-06-25,2020-06-25,1,1,2026-08-24T00:00:00.000,2018-01-01T00:00:00.000,9999-12-31T00:00:00.000,1,a82d6cd07cb35a35b041aa9c21ff7388a82d6cd07cb35a35b041aa9c21ff7388
177,LTL000177,379,350,67,3,Quartz LogisticsTransportLoad 177,2020-06-26,2020-06-26,1,1,2026-08-24T00:00:00.000,2018-01-01T00:00:00.000,9999-12-31T00:00:00.000,1,57749bfe5e6651219e40b44da1d6545757749bfe5e6651219e40b44da1d65457
178,LTL000178,338,206,112,11,Meridian LogisticsTransportLoad 178,2020-06-27,2020-06-27,1,1,2026-08-24T00:00:00.000,2018-01-01T00:00:00.000,9999-12-31T00:00:00.000,1,c615f24eda5455f68022011d4b54e39dc615f24eda5455f68022011d4b54e39d
179,LTL000179,198,134,271,9,Vertex LogisticsTransportLoad 179,2020-06-28,2020-06-28,1,1,2026-08-24T00:00:00.000,2018-01-01T00:00:00.000,9999-12-31T00:00:00.000,1,4a5e2605f0715eb5ab13aaa992d95bc54a5e2605f0715eb5ab13aaa992d95bc5
180,LTL000180,39,222,419,6,Junction LogisticsTransportLoad 180,2020-06-29,2020-06-29,1,1,2026-08-24T00:00:00.000,2018-01-01T00:00:00.000,9999-12-31T00:00:00.000,1,08a629c20bc054a880416a866a84465d08a629c20bc054a880416a866a84465d
181,LTL000181,419,179,407,3,Junction LogisticsTransportLoad 181,2020-06-30,2020-06-30,1,1,2026-08-24T00:00:00.000,2018-01-01T00:00:00.000,9999-12-31T00:00:00.000,1,895ea9c3d9be53f49dcdac01760ed1be895ea9c3d9be53f49dcdac01760ed1be
182,LTL000182,163,360,93,4,Liberty LogisticsTransportLoad 182,2020-07-01,2020-07-01,1,1,2026-08-24T00:00:00.000,2018-01-01T00:00:00.000,9999-12-31T00:00:00.000,1,03a82b885d7d5482890c95c193e62fe803a82b885d7d5482890c95c193e62fe8
183,LTL000183,272,209,434,3,Atlas LogisticsTransportLoad 183,2020-07-02,2020-07-02,1,1,2026-08-24T00:00:00.000,2018-01-01T00:00:00.000,9999-12-31T00:00:00.000,1,c498c50b16b1586c9b348b13b9930fe7c498c50b16b1586c9b348b13b9930fe7
184,LTL000184,476,231,64,6,Delta LogisticsTransportLoad 184,2020-07-03,2020-07-03,1,1,2026-08-24T00:00:00.000,2018-01-01T00:00:00.000,9999-12-31T00:00:00.000,1,1c43165c4b2e586494a717d099478a951c43165c4b2e586494a717d099478a95
185,LTL000185,90,108,217,14,Willow LogisticsTransportLoad 185,2020-07-04,2020-07-04,1,1,2026-08-24T00:00:00.000,2018-01-01T00:00:00.000,9999-12-31T00:00:00.000,1,d43e5c3d2d4558e1ae246d1de3cc6469d43e5c3d2d4558e1ae246d1de3cc6469
186,LTL000186,349,214,236,8,Keystone LogisticsTransportLoad 186,2020-07-05,2020-07-05,1,1,2026-08-24T00:00:00.000,2018-01-01T00:00:00.000,9999-12-31T00:00:00.000,1,bae31afd9051565499e0afd58f1f3a36bae31afd9051565499e0afd58f1f3a36
187,LTL000187,218,108,-1,12,Keystone LogisticsTransportLoad 187,2020-07-06,2020-07-06,1,1,2026-08-24T00:00:00.000,2018-01-01T00:00:00.000,9999-12-31T00:00:00.000,1,e3c94624f4c254768f3b1b52d1bee2e7e3c94624f4c254768f3b1b52d1bee2e7
188,LTL000188,195,347,307,14,Cedar LogisticsTransportLoad 188,2020-07-07,2020-07-07,1,1,2026-08-24T00:00:00.000,2018-01-01T00:00:00.000,9999-12-31T00:00:00.000,1,8a00f96640445634a74be308a5e842828a00f96640445634a74be308a5e84282
189,LTL000189,42,347,270,6,Liberty LogisticsTransportLoad 189,2020-07-08,2020-07-08,1,1,2026-08-24T00:00:00.000,2018-01-01T00:00:00.000,9999-12-31T00:00:00.000,1,6eca92ad8edc5deabdc381959afa921e6eca92ad8edc5deabdc381959afa921e
190,LTL000190,231,124,10,7,Zenith LogisticsTransportLoad 190,2020-07-09,2020-07-09,1,1,2026-08-24T00:00:00.000,2018-01-01T00:00:00.000,9999-12-31T00:00:00.000,1,98e908080aac5527891efb184936c55a98e908080aac5527891efb184936c55a
191,LTL000191,378,305,377,12,Quartz LogisticsTransportLoad 191,2020-07-10,2020-07-10,1,1,2026-08-24T00:00:00.000,2018-01-01T00:00:00.000,9999-12-31T00:00:00.000,1,7092cf43f08f5490829ccf8f7d236a177092cf43f08f5490829ccf8f7d236a17
192,LTL000192,252,215,454,10,Vertex LogisticsTransportLoad 192,2020-07-11,2020-07-11,1,1,2026-08-24T00:00:00.000,2018-01-01T00:00:00.000,9999-12-31T00:00:00.000,1,2bc68f31b4305ff198d571c093cc13e32bc68f31b4305ff198d571c093cc13e3
193,LTL000193,91,10,385,8,Liberty LogisticsTransportLoad 193,2020-07-12,2020-07-12,1,1,2026-08-24T00:00:00.000,2018-01-01T00:00:00.000,9999-12-31T00:00:00.000,1,f5c5834e131d5c7ba336acf223f16d3af5c5834e131d5c7ba336acf223f16d3a
194,LTL000194,62,176,104,2,Beacon LogisticsTransportLoad 194,2020-07-13,2020-07-13,1,1,2026-08-24T00:00:00.000,2018-01-01T00:00:00.000,9999-12-31T00:00:00.000,1,f13bd6f778255f16ba2bdc1102c92f22f13bd6f778255f16ba2bdc1102c92f22
195,LTL000195,477,225,24,10,Riverton LogisticsTransportLoad 195,2020-07-14,2020-07-14,1,1,2026-08-24T00:00:00.000,2018-01-01T00:00:00.000,9999-12-31T00:00:00.000,1,7e66fc7eb8115f8fbd3f53845b9b0b8c7e66fc7eb8115f8fbd3f53845b9b0b8c
196,LTL000196,425,69,85,2,Keystone LogisticsTransportLoad 196,2020-07-15,2020-07-15,1,1,2026-08-24T00:00:00.000,2018-01-01T00:00:00.000,9999-12-31T00:00:00.000,1,e70155884894513cb4281a8ed94be4abe70155884894513cb4281a8ed94be4ab
197,LTL000197,56,395,465,13,Keystone LogisticsTransportLoad 197,2020-07-16,2020-07-16,1,1,2026-08-24T00:00:00.000,2018-01-01T00:00:00.000,9999-12-31T00:00:00.000,1,a48436e8294558b8a214b5a9db92a1d8a48436e8294558b8a214b5a9db92a1d8
198,LTL000198,10,285,405,3,Beacon LogisticsTransportLoad 198,2020-07-17,2020-07-17,1,1,2026-08-24T00:00:00.000,2018-01-01T00:00:00.000,9999-12-31T00:00:00.000,1,9c542c92a9f25b06b3f26b2bd3dc9ee49c542c92a9f25b06b3f26b2bd3dc9ee4
199,LTL000199,383,372,332,14,Cedar LogisticsTransportLoad 199,2020-07-18,2020-07-18,1,1,2026-08-24T00:00:00.000,2018-01-01T00:00:00.000,9999-12-31T00:00:00.000,1,ab32873ffd865b828133c14b4c17bf5eab32873ffd865b828133c14b4c17bf5e
200,LTL000200,331,446,125,9,Granite LogisticsTransportLoad 200,2020-07-19,2020-07-19,1,1,2026-08-24T00:00:00.000,2018-01-01T00:00:00.000,9999-12-31T00:00:00.000,1,a1bc0b7fe4075aed8bfc27af5433f578a1bc0b7fe4075aed8bfc27af5433f578
201,LTL000201,325,209,27,14,Cedar LogisticsTransportLoad 201,2020-07-20,2020-07-20,1,1,2026-08-24T00:00:00.000,2018-01-01T00:00:00.000,9999-12-31T00:00:00.000,1,a11575c34d865c38a1428b5f606dfa3ba11575c34d865c38a1428b5f606dfa3b
202,LTL000202,481,93,295,2,Delta LogisticsTransportLoad 202,2020-07-21,2020-07-21,1,1,2026-08-24T00:00:00.000,2018-01-01T00:00:00.000,9999-12-31T00:00:00.000,1,ba22a2f908115f648db5db79ce174432ba22a2f908115f648db5db79ce174432
203,LTL000203,130,60,87,7,Beacon LogisticsTransportLoad 203,2020-07-22,2020-07-22,1,1,2026-08-24T00:00:00.000,2018-01-01T00:00:00.000,9999-12-31T00:00:00.000,1,989e8be8489c5f6cb96ae4ae7ce0dc78989e8be8489c5f6cb96ae4ae7ce0dc78
204,LTL000204,248,237,-1,5,Riverton LogisticsTransportLoad 204,2020-07-23,2020-07-23,1,1,2026-08-24T00:00:00.000,2018-01-01T00:00:00.000,9999-12-31T00:00:00.000,1,fcf806e58e4e5c49875b6872317b20d0fcf806e58e4e5c49875b6872317b20d0
205,LTL000205,415,265,253,13,Ion LogisticsTransportLoad 205,2020-07-24,2020-07-24,1,1,2026-08-24T00:00:00.000,2018-01-01T00:00:00.000,9999-12-31T00:00:00.000,1,f061cf8559b956838e396a48619f9778f061cf8559b956838e396a48619f9778
206,LTL000206,64,37,277,10,Cedar LogisticsTransportLoad 206,2020-07-25,2020-07-25,1,1,2026-08-24T00:00:00.000,2018-01-01T00:00:00.000,9999-12-31T00:00:00.000,1,1ad7ab0b330954a28fbf9252601580e91ad7ab0b330954a28fbf9252601580e9
207,LTL000207,284,82,357,2,Willow LogisticsTransportLoad 207,2020-07-26,2020-07-26,1,1,2026-08-24T00:00:00.000,2018-01-01T00:00:00.000,9999-12-31T00:00:00.000,1,4f45dcc79af05879bee4ae4c6c69c6bf4f45dcc79af05879bee4ae4c6c69c6bf
208,LTL000208,372,92,439,13,Keystone LogisticsTransportLoad 208,2020-07-27,2020-07-27,1,1,2026-08-24T00:00:00.000,2018-01-01T00:00:00.000,9999-12-31T00:00:00.000,1,9e3cadc5f771514f9d0a14b79158bd469e3cadc5f771514f9d0a14b79158bd46
209,LTL000209,17,221,413,3,Forge LogisticsTransportLoad 209,2020-07-28,2020-07-28,1,1,2026-08-24T00:00:00.000,2018-01-01T00:00:00.000,9999-12-31T00:00:00.000,1,29a553ce9f545d25a6fe3aae0d1976d929a553ce9f545d25a6fe3aae0d1976d9
210,LTL000210,234,468,271,14,Ion LogisticsTransportLoad 210,2020-07-29,2020-07-29,1,1,2026-08-24T00:00:00.000,2018-01-01T00:00:00.000,9999-12-31T00:00:00.000,1,11854ffcb51051a58c029106ce2f384111854ffcb51051a58c029106ce2f3841
211,LTL000211,162,8,72,13,Junction LogisticsTransportLoad 211,2020-07-30,2020-07-30,1,1,2026-08-24T00:00:00.000,2018-01-01T00:00:00.000,9999-12-31T00:00:00.000,1,08aa8d4ee42a57ec85ee1e670015f77f08aa8d4ee42a57ec85ee1e670015f77f
212,LTL000212,344,148,330,9,Beacon LogisticsTransportLoad 212,2020-07-31,2020-07-31,1,1,2026-08-24T00:00:00.000,2018-01-01T00:00:00.000,9999-12-31T00:00:00.000,1,0f475f6b90625c428c70e077814496e50f475f6b90625c428c70e077814496e5
213,LTL000213,11,306,145,10,Quartz LogisticsTransportLoad 213,2020-08-01,2020-08-01,1,1,2026-08-24T00:00:00.000,2018-01-01T00:00:00.000,9999-12-31T00:00:00.000,1,8837814b5a2353b484488c7e35b0052a8837814b5a2353b484488c7e35b0052a
214,LTL000214,35,71,211,8,Quartz LogisticsTransportLoad 214,2020-08-02,2020-08-02,1,1,2026-08-24T00:00:00.000,2018-01-01T00:00:00.000,9999-12-31T00:00:00.000,1,51764f3857e3593aa0cfe16d0150a20f51764f3857e3593aa0cfe16d0150a20f
215,LTL000215,480,40,286,2,Willow LogisticsTransportLoad 215,2020-08-03,2020-08-03,1,1,2026-08-24T00:00:00.000,2018-01-01T00:00:00.000,9999-12-31T00:00:00.000,1,12ea6da4729a55a59675c26a37af486512ea6da4729a55a59675c26a37af4865
216,LTL000216,448,201,196,7,Beacon LogisticsTransportLoad 216,2020-08-04,2020-08-04,1,1,2026-08-24T00:00:00.000,2018-01-01T00:00:00.000,9999-12-31T00:00:00.000,1,90f711abc9f55123aad2ad14d5c54d6990f711abc9f55123aad2ad14d5c54d69
217,LTL000217,139,346,295,8,Quartz LogisticsTransportLoad 217,2020-08-05,2020-08-05,1,1,2026-08-24T00:00:00.000,2018-01-01T00:00:00.000,9999-12-31T00:00:00.000,1,ba60e98832f851b59bd0199f5b73a3beba60e98832f851b59bd0199f5b73a3be
218,LTL000218,171,189,482,4,Northstar LogisticsTransportLoad 218,2020-08-06,2020-08-06,1,1,2026-08-24T00:00:00.000,2018-01-01T00:00:00.000,9999-12-31T00:00:00.000,1,a5b1853f1fcf58d7ac03b15f821675faa5b1853f1fcf58d7ac03b15f821675fa
219,LTL000219,460,202,89,5,Forge LogisticsTransportLoad 219,2020-08-07,2020-08-07,1,1,2026-08-24T00:00:00.000,2018-01-01T00:00:00.000,9999-12-31T00:00:00.000,1,c90a3ae5a6615ab5bf3fd233fa59908ac90a3ae5a6615ab5bf3fd233fa59908a
220,LTL000220,262,195,248,1,Beacon LogisticsTransportLoad 220,2020-08-08,2020-08-08,1,1,2026-08-24T00:00:00.000,2018-01-01T00:00:00.000,9999-12-31T00:00:00.000,1,af375521ff25553e9f2bef6f75fff7d0af375521ff25553e9f2bef6f75fff7d0
221,LTL000221,477,71,-1,10,Evergreen LogisticsTransportLoad 221,2020-08-09,2020-08-09,1,1,2026-08-24T00:00:00.000,2018-01-01T00:00:00.000,9999-12-31T00:00:00.000,1,f9206c73121e55569feb781438be2ec3f9206c73121e55569feb781438be2ec3
222,LTL000222,377,431,106,8,Granite LogisticsTransportLoad 222,2020-08-10,2020-08-10,1,1,2026-08-24T00:00:00.000,2018-01-01T00:00:00.000,9999-12-31T00:00:00.000,1,aad87cb035e75a639e8c84b08e109135aad87cb035e75a639e8c84b08e109135
223,LTL000223,245,117,481,1,Vertex LogisticsTransportLoad 223,2020-08-11,2020-08-11,1,1,2026-08-24T00:00:00.000,2018-01-01T00:00:00.000,9999-12-31T00:00:00.000,1,63865d0fd4e15f7698cca6c6634a0f6963865d0fd4e15f7698cca6c6634a0f69
224,LTL000224,69,148,498,7,Titan LogisticsTransportLoad 224,2020-08-12,2020-08-12,1,1,2026-08-24T00:00:00.000,2018-01-01T00:00:00.000,9999-12-31T00:00:00.000,1,8b2ec45f14af52cc8d2434c469ec8d2e8b2ec45f14af52cc8d2434c469ec8d2e
225,LTL000225,379,51,277,3,Quartz LogisticsTransportLoad 225,2020-08-13,2020-08-13,1,1,2026-08-24T00:00:00.000,2018-01-01T00:00:00.000,9999-12-31T00:00:00.000,1,95ea7369340f506383fd7c8c5959d35c95ea7369340f506383fd7c8c5959d35c
226,LTL000226,13,159,81,11,Willow LogisticsTransportLoad 226,2020-08-14,2020-08-14,1,1,2026-08-24T00:00:00.000,2018-01-01T00:00:00.000,9999-12-31T00:00:00.000,1,d1645a13bf16537980937e0d8e78abdad1645a13bf16537980937e0d8e78abda
227,LTL000227,461,235,208,8,Riverton LogisticsTransportLoad 227,2020-08-15,2020-08-15,1,1,2026-08-24T00:00:00.000,2018-01-01T00:00:00.000,9999-12-31T00:00:00.000,1,0f068589c4c9591c94f0fcc7c184659f0f068589c4c9591c94f0fcc7c184659f
228,LTL000228,116,176,238,8,Forge LogisticsTransportLoad 228,2020-08-16,2020-08-16,1,1,2026-08-24T00:00:00.000,2018-01-01T00:00:00.000,9999-12-31T00:00:00.000,1,29280c3bd7025037930615f046ee01c329280c3bd7025037930615f046ee01c3
229,LTL000229,499,93,112,11,Unity LogisticsTransportLoad 229,2020-08-17,2020-08-17,1,1,2026-08-24T00:00:00.000,2018-01-01T00:00:00.000,9999-12-31T00:00:00.000,1,b93e16cfb24153f99d7366f95c25e86fb93e16cfb24153f99d7366f95c25e86f
230,LTL000230,244,128,497,1,Zenith LogisticsTransportLoad 230,2020-08-18,2020-08-18,1,1,2026-08-24T00:00:00.000,2018-01-01T00:00:00.000,9999-12-31T00:00:00.000,1,6a59a6eca44758df9d9ad8e80fa47d1c6a59a6eca44758df9d9ad8e80fa47d1c
231,LTL000231,201,266,215,1,Riverton LogisticsTransportLoad 231,2020-08-19,2020-08-19,1,1,2026-08-24T00:00:00.000,2018-01-01T00:00:00.000,9999-12-31T00:00:00.000,1,a23b0ea88aa459f8b1d15e0965048607a23b0ea88aa459f8b1d15e0965048607
232,LTL000232,374,64,293,10,Harbor LogisticsTransportLoad 232,2020-08-20,2020-08-20,1,1,2026-08-24T00:00:00.000,2018-01-01T00:00:00.000,9999-12-31T00:00:00.000,1,c0dcb39192df5db686af6cfc4f3fd6c4c0dcb39192df5db686af6cfc4f3fd6c4
233,LTL000233,126,166,465,2,Beacon LogisticsTransportLoad 233,2020-08-21,2020-08-21,1,1,2026-08-24T00:00:00.000,2018-01-01T00:00:00.000,9999-12-31T00:00:00.000,1,ec061748cb9a55ae804fa5e243b1249eec061748cb9a55ae804fa5e243b1249e
234,LTL000234,106,45,146,2,Vertex LogisticsTransportLoad 234,2020-08-22,2020-08-22,1,1,2026-08-24T00:00:00.000,2018-01-01T00:00:00.000,9999-12-31T00:00:00.000,1,7f2a5224ae0b5303980fe1ae4df800447f2a5224ae0b5303980fe1ae4df80044
235,LTL000235,463,154,33,9,Evergreen LogisticsTransportLoad 235,2020-08-23,2020-08-23,1,1,2026-08-24T00:00:00.000,2018-01-01T00:00:00.000,9999-12-31T00:00:00.000,1,5106908e8033585b91c86bad7ba31e8f5106908e8033585b91c86bad7ba31e8f
236,LTL000236,462,416,40,1,Willow LogisticsTransportLoad 236,2020-08-24,2020-08-24,1,1,2026-08-24T00:00:00.000,2018-01-01T00:00:00.000,9999-12-31T00:00:00.000,1,c2ee391b868a52e5b253dd61f158199fc2ee391b868a52e5b253dd61f158199f
237,LTL000237,280,450,332,5,Forge LogisticsTransportLoad 237,2020-08-25,2020-08-25,1,1,2026-08-24T00:00:00.000,2018-01-01T00:00:00.000,9999-12-31T00:00:00.000,1,7118b512b0c655308b44e2557a64c1fd7118b512b0c655308b44e2557a64c1fd
238,LTL000238,384,40,-1,7,Beacon LogisticsTransportLoad 238,2020-08-26,2020-08-26,1,1,2026-08-24T00:00:00.000,2018-01-01T00:00:00.000,9999-12-31T00:00:00.000,1,8761a1cdbfe4532da5b413736e84d58f8761a1cdbfe4532da5b413736e84d58f
239,LTL000239,350,441,162,6,Meridian LogisticsTransportLoad 239,2020-08-27,2020-08-27,1,1,2026-08-24T00:00:00.000,2018-01-01T00:00:00.000,9999-12-31T00:00:00.000,1,69a0217e8be657498b042722998e0ca069a0217e8be657498b042722998e0ca0
240,LTL000240,441,157,475,11,Pioneer LogisticsTransportLoad 240,2020-08-28,2020-08-28,1,1,2026-08-24T00:00:00.000,2018-01-01T00:00:00.000,9999-12-31T00:00:00.000,1,a0361455cd9b5231b3369201e28398ffa0361455cd9b5231b3369201e28398ff
241,LTL000241,313,267,222,4,Beacon LogisticsTransportLoad 241,2020-08-29,2020-08-29,1,1,2026-08-24T00:00:00.000,2018-01-01T00:00:00.000,9999-12-31T00:00:00.000,1,dfe61af0d1125a62999c85a1392beec3dfe61af0d1125a62999c85a1392beec3
242,LTL000242,401,18,12,13,Beacon LogisticsTransportLoad 242,2020-08-30,2020-08-30,1,1,2026-08-24T00:00:00.000,2018-01-01T00:00:00.000,9999-12-31T00:00:00.000,1,f6cc7a19d3d75d16b913dc90931f5a22f6cc7a19d3d75d16b913dc90931f5a22
243,LTL000243,220,336,82,14,Evergreen LogisticsTransportLoad 243,2020-08-31,2020-08-31,1,1,2026-08-24T00:00:00.000,2018-01-01T00:00:00.000,9999-12-31T00:00:00.000,1,34bfbd24b1d85a36a653eadc496bf40334bfbd24b1d85a36a653eadc496bf403
244,LTL000244,103,14,11,10,Granite LogisticsTransportLoad 244,2020-09-01,2020-09-01,1,1,2026-08-24T00:00:00.000,2018-01-01T00:00:00.000,9999-12-31T00:00:00.000,1,b2cdd11071f15c67976162532b16d128b2cdd11071f15c67976162532b16d128
245,LTL000245,184,191,191,3,Evergreen LogisticsTransportLoad 245,2020-09-02,2020-09-02,1,1,2026-08-24T00:00:00.000,2018-01-01T00:00:00.000,9999-12-31T00:00:00.000,1,02c5b869a83c5439bd5a0f8af64663ed02c5b869a83c5439bd5a0f8af64663ed
246,LTL000246,318,364,28,6,Northstar LogisticsTransportLoad 246,2020-09-03,2020-09-03,1,1,2026-08-24T00:00:00.000,2018-01-01T00:00:00.000,9999-12-31T00:00:00.000,1,d0d9992724d95e36ba43dacb0bb23373d0d9992724d95e36ba43dacb0bb23373
247,LTL000247,157,187,140,14,Meridian LogisticsTransportLoad 247,2020-09-04,2020-09-04,1,1,2026-08-24T00:00:00.000,2018-01-01T00:00:00.000,9999-12-31T00:00:00.000,1,0abce296ff1a52d9a59f797f4ecf4c830abce296ff1a52d9a59f797f4ecf4c83
248,LTL000248,374,144,57,8,Delta LogisticsTransportLoad 248,2020-09-05,2020-09-05,1,1,2026-08-24T00:00:00.000,2018-01-01T00:00:00.000,9999-12-31T00:00:00.000,1,91791102173451149ff2e0eeed2e218991791102173451149ff2e0eeed2e2189
249,LTL000249,277,205,285,13,Northstar LogisticsTransportLoad 249,2020-09-06,2020-09-06,1,1,2026-08-24T00:00:00.000,2018-01-01T00:00:00.000,9999-12-31T00:00:00.000,1,05c03cff3dfb5351890b34fa41078cb305c03cff3dfb5351890b34fa41078cb3
250,LTL000250,75,434,382,6,Titan LogisticsTransportLoad 250,2020-09-07,2020-09-07,1,1,2026-08-24T00:00:00.000,2018-01-01T00:00:00.000,9999-12-31T00:00:00.000,1,68b3d84d60805341a87402435560581e68b3d84d60805341a87402435560581e
251,LTL000251,163,258,1,13,Northstar LogisticsTransportLoad 251,2020-09-08,2020-09-08,1,1,2026-08-24T00:00:00.000,2018-01-01T00:00:00.000,9999-12-31T00:00:00.000,1,58ee82e2a7195ad694a0e5a79c86760d58ee82e2a7195ad694a0e5a79c86760d
252,LTL000252,183,308,397,12,Unity LogisticsTransportLoad 252,2020-09-09,2020-09-09,1,1,2026-08-24T00:00:00.000,2018-01-01T00:00:00.000,9999-12-31T00:00:00.000,1,7b85d762598f5741a40b00571c3e0e3d7b85d762598f5741a40b00571c3e0e3d
253,LTL000253,185,141,112,7,Quartz LogisticsTransportLoad 253,2020-09-10,2020-09-10,1,1,2026-08-24T00:00:00.000,2018-01-01T00:00:00.000,9999-12-31T00:00:00.000,1,71d8b3a226f050968202891dc94942de71d8b3a226f050968202891dc94942de
254,LTL000254,95,356,359,7,Beacon LogisticsTransportLoad 254,2020-09-11,2020-09-11,1,1,2026-08-24T00:00:00.000,2018-01-01T00:00:00.000,9999-12-31T00:00:00.000,1,e558ed6aa02656b89fef6acf9579c960e558ed6aa02656b89fef6acf9579c960
255,LTL000255,371,77,-1,6,Northstar LogisticsTransportLoad 255,2020-09-12,2020-09-12,1,1,2026-08-24T00:00:00.000,2018-01-01T00:00:00.000,9999-12-31T00:00:00.000,1,7b0fb4a88670544d9bd7d6249bcbe0ed7b0fb4a88670544d9bd7d6249bcbe0ed
256,LTL000256,94,174,15,12,Liberty LogisticsTransportLoad 256,2020-09-13,2020-09-13,1,1,2026-08-24T00:00:00.000,2018-01-01T00:00:00.000,9999-12-31T00:00:00.000,1,3472e1e00a25529f93fb73ad051926893472e1e00a25529f93fb73ad05192689
257,LTL000257,91,260,144,9,Pioneer LogisticsTransportLoad 257,2020-09-14,2020-09-14,1,1,2026-08-24T00:00:00.000,2018-01-01T00:00:00.000,9999-12-31T00:00:00.000,1,d89252d6f8555e5283fc5fbb42b77283d89252d6f8555e5283fc5fbb42b77283
258,LTL000258,414,221,433,7,Granite LogisticsTransportLoad 258,2020-09-15,2020-09-15,1,1,2026-08-24T00:00:00.000,2018-01-01T00:00:00.000,9999-12-31T00:00:00.000,1,cbeb374e7c4f5f038be360dcbde10c0acbeb374e7c4f5f038be360dcbde10c0a
259,LTL000259,328,28,117,7,Zenith LogisticsTransportLoad 259,2020-09-16,2020-09-16,1,1,2026-08-24T00:00:00.000,2018-01-01T00:00:00.000,9999-12-31T00:00:00.000,1,d038aa68332c5af0a1e902039cb05fa0d038aa68332c5af0a1e902039cb05fa0
260,LTL000260,247,320,257,14,Keystone LogisticsTransportLoad 260,2020-09-17,2020-09-17,1,1,2026-08-24T00:00:00.000,2018-01-01T00:00:00.000,9999-12-31T00:00:00.000,1,dc891a052ae657ce86e447e2dc22b7fddc891a052ae657ce86e447e2dc22b7fd
261,LTL000261,34,383,127,10,Orion LogisticsTransportLoad 261,2020-09-18,2020-09-18,1,1,2026-08-24T00:00:00.000,2018-01-01T00:00:00.000,9999-12-31T00:00:00.000,1,581baf553ad5512b8ef6160d6541327e581baf553ad5512b8ef6160d6541327e
262,LTL000262,350,46,254,6,Unity LogisticsTransportLoad 262,2020-09-19,2020-09-19,1,1,2026-08-24T00:00:00.000,2018-01-01T00:00:00.000,9999-12-31T00:00:00.000,1,362c1cd5850153c891b62ffe123671c0362c1cd5850153c891b62ffe123671c0
263,LTL000263,345,237,211,13,Delta LogisticsTransportLoad 263,2020-09-20,2020-09-20,1,1,2026-08-24T00:00:00.000,2018-01-01T00:00:00.000,9999-12-31T00:00:00.000,1,93da8938a949592aa681c27ab721654b93da8938a949592aa681c27ab721654b
264,LTL000264,42,448,409,12,Beacon LogisticsTransportLoad 264,2020-09-21,2020-09-21,1,1,2026-08-24T00:00:00.000,2018-01-01T00:00:00.000,9999-12-31T00:00:00.000,1,3bdf675191ce5f4ba7f447385d873cc83bdf675191ce5f4ba7f447385d873cc8
265,LTL000265,445,414,439,2,Junction LogisticsTransportLoad 265,2020-09-22,2020-09-22,1,1,2026-08-24T00:00:00.000,2018-01-01T00:00:00.000,9999-12-31T00:00:00.000,1,9ebaa6b282275c7681598a2d2ac9d3129ebaa6b282275c7681598a2d2ac9d312
266,LTL000266,365,36,417,3,Pioneer LogisticsTransportLoad 266,2020-09-23,2020-09-23,1,1,2026-08-24T00:00:00.000,2018-01-01T00:00:00.000,9999-12-31T00:00:00.000,1,a161a2610ad35646b065e154a3f67cf4a161a2610ad35646b065e154a3f67cf4
267,LTL000267,18,268,154,1,Keystone LogisticsTransportLoad 267,2020-09-24,2020-09-24,1,1,2026-08-24T00:00:00.000,2018-01-01T00:00:00.000,9999-12-31T00:00:00.000,1,9c8aaa475e3055e88fe1d77fb3091c969c8aaa475e3055e88fe1d77fb3091c96
268,LTL000268,30,220,207,11,Unity LogisticsTransportLoad 268,2020-09-25,2020-09-25,1,1,2026-08-24T00:00:00.000,2018-01-01T00:00:00.000,9999-12-31T00:00:00.000,1,6a93202c866956009c15fd2bb66fcfae6a93202c866956009c15fd2bb66fcfae
269,LTL000269,203,453,112,14,Harbor LogisticsTransportLoad 269,2020-09-26,2020-09-26,1,1,2026-08-24T00:00:00.000,2018-01-01T00:00:00.000,9999-12-31T00:00:00.000,1,37c5f06328525293ab1de50687b5db0b37c5f06328525293ab1de50687b5db0b
270,LTL000270,284,115,307,7,Atlas LogisticsTransportLoad 270,2020-09-27,2020-09-27,1,1,2026-08-24T00:00:00.000,2018-01-01T00:00:00.000,9999-12-31T00:00:00.000,1,13ebc3dc532b5d97a4eb539c3cfbea6213ebc3dc532b5d97a4eb539c3cfbea62
271,LTL000271,197,126,440,7,Vertex LogisticsTransportLoad 271,2020-09-28,2020-09-28,1,1,2026-08-24T00:00:00.000,2018-01-01T00:00:00.000,9999-12-31T00:00:00.000,1,e64a8ed4e37f5a0a99e8349ef541390fe64a8ed4e37f5a0a99e8349ef541390f
272,LTL000272,5,384,-1,13,Cedar LogisticsTransportLoad 272,2020-09-29,2020-09-29,1,1,2026-08-24T00:00:00.000,2018-01-01T00:00:00.000,9999-12-31T00:00:00.000,1,ffaa770b64715225affc9de88d6afe2cffaa770b64715225affc9de88d6afe2c
273,LTL000273,292,406,390,6,Willow LogisticsTransportLoad 273,2020-09-30,2020-09-30,1,1,2026-08-24T00:00:00.000,2018-01-01T00:00:00.000,9999-12-31T00:00:00.000,1,5e2c3ab300f75894b0eaa147785595eb5e2c3ab300f75894b0eaa147785595eb
274,LTL000274,386,172,5,7,Zenith LogisticsTransportLoad 274,2020-10-01,2020-10-01,1,1,2026-08-24T00:00:00.000,2018-01-01T00:00:00.000,9999-12-31T00:00:00.000,1,1457f847163b5380a4f842a9a0f8e8f41457f847163b5380a4f842a9a0f8e8f4
275,LTL000275,5,342,339,14,Liberty LogisticsTransportLoad 275,2020-10-02,2020-10-02,1,1,2026-08-24T00:00:00.000,2018-01-01T00:00:00.000,9999-12-31T00:00:00.000,1,f868bfa9c2f857c19f6290775dffc05df868bfa9c2f857c19f6290775dffc05d
276,LTL000276,354,135,180,9,Riverton LogisticsTransportLoad 276,2020-10-03,2020-10-03,1,1,2026-08-24T00:00:00.000,2018-01-01T00:00:00.000,9999-12-31T00:00:00.000,1,1b6f125f41815187ac734249d2b24ff91b6f125f41815187ac734249d2b24ff9
277,LTL000277,100,221,411,1,Keystone LogisticsTransportLoad 277,2020-10-04,2020-10-04,1,1,2026-08-24T00:00:00.000,2018-01-01T00:00:00.000,9999-12-31T00:00:00.000,1,1599ed3d2f6756ad9e451fa3224d11151599ed3d2f6756ad9e451fa3224d1115
278,LTL000278,399,224,474,14,Zenith LogisticsTransportLoad 278,2020-10-05,2020-10-05,1,1,2026-08-24T00:00:00.000,2018-01-01T00:00:00.000,9999-12-31T00:00:00.000,1,e639a41aeee8534aa79733a0c62611a1e639a41aeee8534aa79733a0c62611a1
279,LTL000279,439,349,143,11,Evergreen LogisticsTransportLoad 279,2020-10-06,2020-10-06,1,1,2026-08-24T00:00:00.000,2018-01-01T00:00:00.000,9999-12-31T00:00:00.000,1,d0a7077d819153edb6a7478710884c2dd0a7077d819153edb6a7478710884c2d
280,LTL000280,473,97,413,8,Vertex LogisticsTransportLoad 280,2020-10-07,2020-10-07,1,1,2026-08-24T00:00:00.000,2018-01-01T00:00:00.000,9999-12-31T00:00:00.000,1,28fd9d602b695bc99143ee8d3045c9cf28fd9d602b695bc99143ee8d3045c9cf
281,LTL000281,392,387,478,2,Ion LogisticsTransportLoad 281,2020-10-08,2020-10-08,1,1,2026-08-24T00:00:00.000,2018-01-01T00:00:00.000,9999-12-31T00:00:00.000,1,5c2e47d633675775a411fad60e218aeb5c2e47d633675775a411fad60e218aeb
282,LTL000282,287,101,397,12,Delta LogisticsTransportLoad 282,2020-10-09,2020-10-09,1,1,2026-08-24T00:00:00.000,2018-01-01T00:00:00.000,9999-12-31T00:00:00.000,1,0b1183c7acfc56b8bdce2070e9296dd80b1183c7acfc56b8bdce2070e9296dd8
283,LTL000283,138,102,370,8,Junction LogisticsTransportLoad 283,2020-10-10,2020-10-10,1,1,2026-08-24T00:00:00.000,2018-01-01T00:00:00.000,9999-12-31T00:00:00.000,1,48f103bca7c652459e1ee20c53a1ebc448f103bca7c652459e1ee20c53a1ebc4
284,LTL000284,265,480,322,11,Northstar LogisticsTransportLoad 284,2020-10-11,2020-10-11,1,1,2026-08-24T00:00:00.000,2018-01-01T00:00:00.000,9999-12-31T00:00:00.000,1,4fad9387418a5493a9ce43620e05ea894fad9387418a5493a9ce43620e05ea89
285,LTL000285,457,377,341,2,Delta LogisticsTransportLoad 285,2020-10-12,2020-10-12,1,1,2026-08-24T00:00:00.000,2018-01-01T00:00:00.000,9999-12-31T00:00:00.000,1,986cc66753c95a3095d57d75bbb613e4986cc66753c95a3095d57d75bbb613e4
286,LTL000286,365,448,147,14,Zenith LogisticsTransportLoad 286,2020-10-13,2020-10-13,1,1,2026-08-24T00:00:00.000,2018-01-01T00:00:00.000,9999-12-31T00:00:00.000,1,0bdc0319285154d4be0b47fa9eaf11230bdc0319285154d4be0b47fa9eaf1123
287,LTL000287,176,374,188,9,Keystone LogisticsTransportLoad 287,2020-10-14,2020-10-14,1,1,2026-08-24T00:00:00.000,2018-01-01T00:00:00.000,9999-12-31T00:00:00.000,1,07e5a247f5095253be5c4fa6a1e892b007e5a247f5095253be5c4fa6a1e892b0
288,LTL000288,3,414,32,8,Granite LogisticsTransportLoad 288,2020-10-15,2020-10-15,1,1,2026-08-24T00:00:00.000,2018-01-01T00:00:00.000,9999-12-31T00:00:00.000,1,15484211c33b51daa086022d1076dc5415484211c33b51daa086022d1076dc54
289,LTL000289,222,117,-1,2,Granite LogisticsTransportLoad 289,2020-10-16,2020-10-16,1,1,2026-08-24T00:00:00.000,2018-01-01T00:00:00.000,9999-12-31T00:00:00.000,1,67c3f98b64fc592a8ba9c257528be10467c3f98b64fc592a8ba9c257528be104
290,LTL000290,483,197,470,14,Pioneer LogisticsTransportLoad 290,2020-10-17,2020-10-17,1,1,2026-08-24T00:00:00.000,2018-01-01T00:00:00.000,9999-12-31T00:00:00.000,1,43bcaf64f1a651eeb4748f6a000d012143bcaf64f1a651eeb4748f6a000d0121
291,LTL000291,477,348,444,6,Pioneer LogisticsTransportLoad 291,2020-10-18,2020-10-18,1,1,2026-08-24T00:00:00.000,2018-01-01T00:00:00.000,9999-12-31T00:00:00.000,1,726563f912a45989ada26e13079efe24726563f912a45989ada26e13079efe24
292,LTL000292,88,160,114,9,Meridian LogisticsTransportLoad 292,2020-10-19,2020-10-19,1,1,2026-08-24T00:00:00.000,2018-01-01T00:00:00.000,9999-12-31T00:00:00.000,1,e534bfa6602e535eaff9e442e2f738b7e534bfa6602e535eaff9e442e2f738b7
293,LTL000293,453,241,406,8,Vertex LogisticsTransportLoad 293,2020-10-20,2020-10-20,1,1,2026-08-24T00:00:00.000,2018-01-01T00:00:00.000,9999-12-31T00:00:00.000,1,3854185cee4755fa8658ac2bc4a76b093854185cee4755fa8658ac2bc4a76b09
294,LTL000294,244,440,362,7,Riverton LogisticsTransportLoad 294,2020-10-21,2020-10-21,1,1,2026-08-24T00:00:00.000,2018-01-01T00:00:00.000,9999-12-31T00:00:00.000,1,03a78a70cf1b5ee09ba25fd45ddf378e03a78a70cf1b5ee09ba25fd45ddf378e
295,LTL000295,90,232,237,13,Liberty LogisticsTransportLoad 295,2020-10-22,2020-10-22,1,1,2026-08-24T00:00:00.000,2018-01-01T00:00:00.000,9999-12-31T00:00:00.000,1,f158fb1567ea5022a326ec39b2d88abaf158fb1567ea5022a326ec39b2d88aba
296,LTL000296,149,230,363,3,Cedar LogisticsTransportLoad 296,2020-10-23,2020-10-23,1,1,2026-08-24T00:00:00.000,2018-01-01T00:00:00.000,9999-12-31T00:00:00.000,1,15786c9440935386a8de9159dca3f84e15786c9440935386a8de9159dca3f84e
297,LTL000297,40,304,129,7,Junction LogisticsTransportLoad 297,2020-10-24,2020-10-24,1,1,2026-08-24T00:00:00.000,2018-01-01T00:00:00.000,9999-12-31T00:00:00.000,1,38d4097255965c1f8fe2b2ed27bd953d38d4097255965c1f8fe2b2ed27bd953d
298,LTL000298,198,255,20,11,Quartz LogisticsTransportLoad 298,2020-10-25,2020-10-25,1,1,2026-08-24T00:00:00.000,2018-01-01T00:00:00.000,9999-12-31T00:00:00.000,1,00b7eeacddeb510884186f7a54ebca1d00b7eeacddeb510884186f7a54ebca1d
299,LTL000299,413,3,213,13,Summit LogisticsTransportLoad 299,2020-10-26,2020-10-26,1,1,2026-08-24T00:00:00.000,2018-01-01T00:00:00.000,9999-12-31T00:00:00.000,1,007b72e533ca5e15a460707910beefa2007b72e533ca5e15a460707910beefa2
300,LTL000300,163,268,120,9,Summit LogisticsTransportLoad 300,2020-10-27,2020-10-27,1,1,2026-08-24T00:00:00.000,2018-01-01T00:00:00.000,9999-12-31T00:00:00.000,1,66be3fa1b0085eec8eaf5fc906e9b14966be3fa1b0085eec8eaf5fc906e9b149
301,LTL000301,24,421,300,9,Orion LogisticsTransportLoad 301,2020-10-28,2020-10-28,1,1,2026-08-24T00:00:00.000,2018-01-01T00:00:00.000,9999-12-31T00:00:00.000,1,26a45f17ea935818b5b455df57ef388526a45f17ea935818b5b455df57ef3885
302,LTL000302,240,163,8,13,Northstar LogisticsTransportLoad 302,2020-10-29,2020-10-29,1,1,2026-08-24T00:00:00.000,2018-01-01T00:00:00.000,9999-12-31T00:00:00.000,1,76c129906276520587aaaadd4aef878676c129906276520587aaaadd4aef8786
303,LTL000303,369,407,326,8,Northstar LogisticsTransportLoad 303,2020-10-30,2020-10-30,1,1,2026-08-24T00:00:00.000,2018-01-01T00:00:00.000,9999-12-31T00:00:00.000,1,fe520a9989c253ebb410168bb02508c4fe520a9989c253ebb410168bb02508c4
304,LTL000304,400,119,392,4,Orion LogisticsTransportLoad 304,2020-10-31,2020-10-31,1,1,2026-08-24T00:00:00.000,2018-01-01T00:00:00.000,9999-12-31T00:00:00.000,1,b9d6a7f0c6f15d209b702eafe783b168b9d6a7f0c6f15d209b702eafe783b168
305,LTL000305,199,22,373,1,Ion LogisticsTransportLoad 305,2020-11-01,2020-11-01,1,1,2026-08-24T00:00:00.000,2018-01-01T00:00:00.000,9999-12-31T00:00:00.000,1,02ac0d4000f45e8bae6e1b7a11c3c5ba02ac0d4000f45e8bae6e1b7a11c3c5ba
306,LTL000306,485,254,-1,11,Atlas LogisticsTransportLoad 306,2020-11-02,2020-11-02,1,1,2026-08-24T00:00:00.000,2018-01-01T00:00:00.000,9999-12-31T00:00:00.000,1,e3d23cf2470854dbac9df3faaf5d88fce3d23cf2470854dbac9df3faaf5d88fc
307,LTL000307,357,279,364,3,Riverton LogisticsTransportLoad 307,2020-11-03,2020-11-03,1,1,2026-08-24T00:00:00.000,2018-01-01T00:00:00.000,9999-12-31T00:00:00.000,1,68b3b4bb429159ecb150802b5ffd141268b3b4bb429159ecb150802b5ffd1412
308,LTL000308,126,345,82,1,Keystone LogisticsTransportLoad 308,2020-11-04,2020-11-04,1,1,2026-08-24T00:00:00.000,2018-01-01T00:00:00.000,9999-12-31T00:00:00.000,1,6e88bd68656a5088ada0370ddd323ba36e88bd68656a5088ada0370ddd323ba3
309,LTL000309,133,139,381,7,Pioneer LogisticsTransportLoad 309,2020-11-05,2020-11-05,1,1,2026-08-24T00:00:00.000,2018-01-01T00:00:00.000,9999-12-31T00:00:00.000,1,d5d11fdeb97c59db9519dd9a378a0034d5d11fdeb97c59db9519dd9a378a0034
310,LTL000310,429,293,465,11,Liberty LogisticsTransportLoad 310,2020-11-06,2020-11-06,1,1,2026-08-24T00:00:00.000,2018-01-01T00:00:00.000,9999-12-31T00:00:00.000,1,f2ab5b3aeb1d55cf8bc13e379ce39223f2ab5b3aeb1d55cf8bc13e379ce39223
311,LTL000311,481,147,72,5,Vertex LogisticsTransportLoad 311,2020-11-07,2020-11-07,1,1,2026-08-24T00:00:00.000,2018-01-01T00:00:00.000,9999-12-31T00:00:00.000,1,df3a042efdfe512eabdee118b0c042a4df3a042efdfe512eabdee118b0c042a4
312,LTL000312,454,231,93,12,Cedar LogisticsTransportLoad 312,2020-11-08,2020-11-08,1,1,2026-08-24T00:00:00.000,2018-01-01T00:00:00.000,9999-12-31T00:00:00.000,1,cae96d0e87e157ae95e1fc9c2e4b4ebfcae96d0e87e157ae95e1fc9c2e4b4ebf
313,LTL000313,85,150,474,3,Orion LogisticsTransportLoad 313,2020-11-09,2020-11-09,1,1,2026-08-24T00:00:00.000,2018-01-01T00:00:00.000,9999-12-31T00:00:00.000,1,0d4fb8ab0dc5571499a243b031d050d70d4fb8ab0dc5571499a243b031d050d7
314,LTL000314,88,142,7,7,Unity LogisticsTransportLoad 314,2020-11-10,2020-11-10,1,1,2026-08-24T00:00:00.000,2018-01-01T00:00:00.000,9999-12-31T00:00:00.000,1,89dea33f9db3535ebc7dafac5e381cf689dea33f9db3535ebc7dafac5e381cf6
315,LTL000315,151,85,494,8,Vertex LogisticsTransportLoad 315,2020-11-11,2020-11-11,1,1,2026-08-24T00:00:00.000,2018-01-01T00:00:00.000,9999-12-31T00:00:00.000,1,726275d69273565bab7e249466e5abec726275d69273565bab7e249466e5abec
316,LTL000316,374,236,185,9,Willow LogisticsTransportLoad 316,2020-11-12,2020-11-12,1,1,2026-08-24T00:00:00.000,2018-01-01T00:00:00.000,9999-12-31T00:00:00.000,1,667ed40613b252c098ebd2d36dfeb274667ed40613b252c098ebd2d36dfeb274
317,LTL000317,347,320,343,7,Evergreen LogisticsTransportLoad 317,2020-11-13,2020-11-13,1,1,2026-08-24T00:00:00.000,2018-01-01T00:00:00.000,9999-12-31T00:00:00.000,1,cdafbcbad1d2510db46be3ae7f4880e6cdafbcbad1d2510db46be3ae7f4880e6
318,LTL000318,152,263,150,2,Keystone LogisticsTransportLoad 318,2020-11-14,2020-11-14,1,1,2026-08-24T00:00:00.000,2018-01-01T00:00:00.000,9999-12-31T00:00:00.000,1,d2e82b7a1f12540da9c4ac2c88643a89d2e82b7a1f12540da9c4ac2c88643a89
319,LTL000319,468,261,224,12,Delta LogisticsTransportLoad 319,2020-11-15,2020-11-15,1,1,2026-08-24T00:00:00.000,2018-01-01T00:00:00.000,9999-12-31T00:00:00.000,1,036cfb680e4553de874af44cb69a18dc036cfb680e4553de874af44cb69a18dc
320,LTL000320,107,163,209,13,Meridian LogisticsTransportLoad 320,2020-11-16,2020-11-16,1,1,2026-08-24T00:00:00.000,2018-01-01T00:00:00.000,9999-12-31T00:00:00.000,1,9a29ac1522385df5903c0bc58b08a3c49a29ac1522385df5903c0bc58b08a3c4
321,LTL000321,53,79,466,3,Orion LogisticsTransportLoad 321,2020-11-17,2020-11-17,1,1,2026-08-24T00:00:00.000,2018-01-01T00:00:00.000,9999-12-31T00:00:00.000,1,61c3d3d7866859f5b4d6df8cd8a4ea9d61c3d3d7866859f5b4d6df8cd8a4ea9d
322,LTL000322,14,351,216,12,Titan LogisticsTransportLoad 322,2020-11-18,2020-11-18,1,1,2026-08-24T00:00:00.000,2018-01-01T00:00:00.000,9999-12-31T00:00:00.000,1,1bf6733a3bea5175a5720ce3a31f7da01bf6733a3bea5175a5720ce3a31f7da0
323,LTL000323,466,131,-1,13,Delta LogisticsTransportLoad 323,2020-11-19,2020-11-19,1,1,2026-08-24T00:00:00.000,2018-01-01T00:00:00.000,9999-12-31T00:00:00.000,1,f7bad071959c58f0b2cd33e0a6e6fb2df7bad071959c58f0b2cd33e0a6e6fb2d
324,LTL000324,216,286,276,5,Granite LogisticsTransportLoad 324,2020-11-20,2020-11-20,1,1,2026-08-24T00:00:00.000,2018-01-01T00:00:00.000,9999-12-31T00:00:00.000,1,004f852cf347502f9a9c92aa80d86503004f852cf347502f9a9c92aa80d86503
325,LTL000325,90,354,59,1,Orion LogisticsTransportLoad 325,2020-11-21,2020-11-21,1,1,2026-08-24T00:00:00.000,2018-01-01T00:00:00.000,9999-12-31T00:00:00.000,1,4c98de9645cd5752afe4af94f92528fa4c98de9645cd5752afe4af94f92528fa
326,LTL000326,80,489,112,14,Meridian LogisticsTransportLoad 326,2020-11-22,2020-11-22,1,1,2026-08-24T00:00:00.000,2018-01-01T00:00:00.000,9999-12-31T00:00:00.000,1,c3f92003410a51718cafeb85fc1fc908c3f92003410a51718cafeb85fc1fc908
327,LTL000327,413,161,128,10,Keystone LogisticsTransportLoad 327,2020-11-23,2020-11-23,1,1,2026-08-24T00:00:00.000,2018-01-01T00:00:00.000,9999-12-31T00:00:00.000,1,615ba1b7257c5585a6519948b5476478615ba1b7257c5585a6519948b5476478
328,LTL000328,135,413,330,1,Summit LogisticsTransportLoad 328,2020-11-24,2020-11-24,1,1,2026-08-24T00:00:00.000,2018-01-01T00:00:00.000,9999-12-31T00:00:00.000,1,9979d35b04155e20afbedad6df6fe4e19979d35b04155e20afbedad6df6fe4e1
329,LTL000329,376,430,360,2,Quartz LogisticsTransportLoad 329,2020-11-25,2020-11-25,1,1,2026-08-24T00:00:00.000,2018-01-01T00:00:00.000,9999-12-31T00:00:00.000,1,709372ce68a55eb7a0d89176afe1e03e709372ce68a55eb7a0d89176afe1e03e
330,LTL000330,256,369,66,8,Titan LogisticsTransportLoad 330,2020-11-26,2020-11-26,1,1,2026-08-24T00:00:00.000,2018-01-01T00:00:00.000,9999-12-31T00:00:00.000,1,79e6ba34c71e59adae04e3b6b31aec2179e6ba34c71e59adae04e3b6b31aec21
331,LTL000331,473,477,262,3,Zenith LogisticsTransportLoad 331,2020-11-27,2020-11-27,1,1,2026-08-24T00:00:00.000,2018-01-01T00:00:00.000,9999-12-31T00:00:00.000,1,b27312e4417a5badad0eb2117c73f13cb27312e4417a5badad0eb2117c73f13c
332,LTL000332,289,29,322,5,Summit LogisticsTransportLoad 332,2020-11-28,2020-11-28,1,1,2026-08-24T00:00:00.000,2018-01-01T00:00:00.000,9999-12-31T00:00:00.000,1,f14dea71375f5ebdb5a78439bcbe57e5f14dea71375f5ebdb5a78439bcbe57e5
333,LTL000333,67,389,8,4,Meridian LogisticsTransportLoad 333,2020-11-29,2020-11-29,1,1,2026-08-24T00:00:00.000,2018-01-01T00:00:00.000,9999-12-31T00:00:00.000,1,96101d72e7a055f998bcc486e16efbeb96101d72e7a055f998bcc486e16efbeb
334,LTL000334,52,194,204,9,Beacon LogisticsTransportLoad 334,2020-11-30,2020-11-30,1,1,2026-08-24T00:00:00.000,2018-01-01T00:00:00.000,9999-12-31T00:00:00.000,1,a3a8faf6291b56c88a65552290e275e7a3a8faf6291b56c88a65552290e275e7
335,LTL000335,384,98,208,6,Willow LogisticsTransportLoad 335,2020-12-01,2020-12-01,1,1,2026-08-24T00:00:00.000,2018-01-01T00:00:00.000,9999-12-31T00:00:00.000,1,fd9e401a81e650d8aac3fe68533a02d0fd9e401a81e650d8aac3fe68533a02d0
336,LTL000336,96,485,436,2,Harbor LogisticsTransportLoad 336,2020-12-02,2020-12-02,1,1,2026-08-24T00:00:00.000,2018-01-01T00:00:00.000,9999-12-31T00:00:00.000,1,5efbd1809dcd58628d6ecc78b6aa69525efbd1809dcd58628d6ecc78b6aa6952
337,LTL000337,214,287,109,11,Forge LogisticsTransportLoad 337,2020-12-03,2020-12-03,1,1,2026-08-24T00:00:00.000,2018-01-01T00:00:00.000,9999-12-31T00:00:00.000,1,cdf4d92e50475387af3315a0b43f1db9cdf4d92e50475387af3315a0b43f1db9
338,LTL000338,268,347,285,6,Unity LogisticsTransportLoad 338,2020-12-04,2020-12-04,1,1,2026-08-24T00:00:00.000,2018-01-01T00:00:00.000,9999-12-31T00:00:00.000,1,801b864eafa85fb49146b40629362f44801b864eafa85fb49146b40629362f44
339,LTL000339,496,144,146,2,Forge LogisticsTransportLoad 339,2020-12-05,2020-12-05,1,1,2026-08-24T00:00:00.000,2018-01-01T00:00:00.000,9999-12-31T00:00:00.000,1,269b996d6d725ef5a5d4344793655e53269b996d6d725ef5a5d4344793655e53
340,LTL000340,128,305,-1,5,Cedar LogisticsTransportLoad 340,2020-12-06,2020-12-06,1,1,2026-08-24T00:00:00.000,2018-01-01T00:00:00.000,9999-12-31T00:00:00.000,1,67a4961eafa65f968c777de21021af9167a4961eafa65f968c777de21021af91
341,LTL000341,111,156,202,3,Granite LogisticsTransportLoad 341,2020-12-07,2020-12-07,1,1,2026-08-24T00:00:00.000,2018-01-01T00:00:00.000,9999-12-31T00:00:00.000,1,46fd8105495f531392187536bcf0c2f246fd8105495f531392187536bcf0c2f2
342,LTL000342,61,289,99,5,Ion LogisticsTransportLoad 342,2020-12-08,2020-12-08,1,1,2026-08-24T00:00:00.000,2018-01-01T00:00:00.000,9999-12-31T00:00:00.000,1,ecd24fb5bc5d52fda444e91734114e9becd24fb5bc5d52fda444e91734114e9b
343,LTL000343,112,111,332,8,Atlas LogisticsTransportLoad 343,2020-12-09,2020-12-09,1,1,2026-08-24T00:00:00.000,2018-01-01T00:00:00.000,9999-12-31T00:00:00.000,1,d95e39bf9325582dbb124822a17d7d6ad95e39bf9325582dbb124822a17d7d6a
344,LTL000344,408,447,95,6,Vertex LogisticsTransportLoad 344,2020-12-10,2020-12-10,1,1,2026-08-24T00:00:00.000,2018-01-01T00:00:00.000,9999-12-31T00:00:00.000,1,0f490478a52950f9b4b661d61b955e8a0f490478a52950f9b4b661d61b955e8a
345,LTL000345,415,473,129,13,Riverton LogisticsTransportLoad 345,2020-12-11,2020-12-11,1,1,2026-08-24T00:00:00.000,2018-01-01T00:00:00.000,9999-12-31T00:00:00.000,1,b4a4748b54e554c38b7c6427a9a8550ab4a4748b54e554c38b7c6427a9a8550a
346,LTL000346,264,498,313,6,Granite LogisticsTransportLoad 346,2020-12-12,2020-12-12,1,1,2026-08-24T00:00:00.000,2018-01-01T00:00:00.000,9999-12-31T00:00:00.000,1,1b9e743a55225564b2df4959a53351071b9e743a55225564b2df4959a5335107
347,LTL000347,340,455,400,6,Zenith LogisticsTransportLoad 347,2020-12-13,2020-12-13,1,1,2026-08-24T00:00:00.000,2018-01-01T00:00:00.000,9999-12-31T00:00:00.000,1,6673d43492b6519e8bcede73249322486673d43492b6519e8bcede7324932248
348,LTL000348,25,225,123,3,Meridian LogisticsTransportLoad 348,2020-12-14,2020-12-14,1,1,2026-08-24T00:00:00.000,2018-01-01T00:00:00.000,9999-12-31T00:00:00.000,1,7d091f9f3a3a529ca3b5c20ab1d1bfad7d091f9f3a3a529ca3b5c20ab1d1bfad
349,LTL000349,420,357,325,12,Riverton LogisticsTransportLoad 349,2020-12-15,2020-12-15,1,1,2026-08-24T00:00:00.000,2018-01-01T00:00:00.000,9999-12-31T00:00:00.000,1,68cd951869be5e008f118d03a49e90cc68cd951869be5e008f118d03a49e90cc
350,LTL000350,295,270,424,12,Unity LogisticsTransportLoad 350,2020-12-16,2020-12-16,1,1,2026-08-24T00:00:00.000,2018-01-01T00:00:00.000,9999-12-31T00:00:00.000,1,58f5704844a759e8b8719a202729805a58f5704844a759e8b8719a202729805a
351,LTL000351,165,366,128,11,Titan LogisticsTransportLoad 351,2020-12-17,2020-12-17,1,1,2026-08-24T00:00:00.000,2018-01-01T00:00:00.000,9999-12-31T00:00:00.000,1,4f0abdff7cdd5121b5d3097acafe8ad24f0abdff7cdd5121b5d3097acafe8ad2
352,LTL000352,120,306,72,7,Granite LogisticsTransportLoad 352,2020-12-18,2020-12-18,1,1,2026-08-24T00:00:00.000,2018-01-01T00:00:00.000,9999-12-31T00:00:00.000,1,5f1d861936a154988e50d4b1d735abe25f1d861936a154988e50d4b1d735abe2
353,LTL000353,433,39,163,10,Ion LogisticsTransportLoad 353,2020-12-19,2020-12-19,1,1,2026-08-24T00:00:00.000,2018-01-01T00:00:00.000,9999-12-31T00:00:00.000,1,6216afe94e6150caa9e17a0a87032d776216afe94e6150caa9e17a0a87032d77
354,LTL000354,292,29,500,10,Keystone LogisticsTransportLoad 354,2020-12-20,2020-12-20,1,1,2026-08-24T00:00:00.000,2018-01-01T00:00:00.000,9999-12-31T00:00:00.000,1,86fc6d9bdefb532aae8b04a37a3d590486fc6d9bdefb532aae8b04a37a3d5904
355,LTL000355,344,393,404,2,Harbor LogisticsTransportLoad 355,2020-12-21,2020-12-21,1,1,2026-08-24T00:00:00.000,2018-01-01T00:00:00.000,9999-12-31T00:00:00.000,1,694db8e0e81355fbbbc5e88c14fda09c694db8e0e81355fbbbc5e88c14fda09c
356,LTL000356,414,103,282,14,Quartz LogisticsTransportLoad 356,2020-12-22,2020-12-22,1,1,2026-08-24T00:00:00.000,2018-01-01T00:00:00.000,9999-12-31T00:00:00.000,1,748b7df650d759e291fa80cf9ce4b599748b7df650d759e291fa80cf9ce4b599
357,LTL000357,227,150,-1,12,Unity LogisticsTransportLoad 357,2020-12-23,2020-12-23,1,1,2026-08-24T00:00:00.000,2018-01-01T00:00:00.000,9999-12-31T00:00:00.000,1,401dbfdd3f20512ba2235db54a9ffd5d401dbfdd3f20512ba2235db54a9ffd5d
358,LTL000358,287,426,63,4,Cedar LogisticsTransportLoad 358,2020-12-24,2020-12-24,1,1,2026-08-24T00:00:00.000,2018-01-01T00:00:00.000,9999-12-31T00:00:00.000,1,464c61e373f755238024c40d8b83aff8464c61e373f755238024c40d8b83aff8
359,LTL000359,368,444,67,11,Atlas LogisticsTransportLoad 359,2020-12-25,2020-12-25,1,1,2026-08-24T00:00:00.000,2018-01-01T00:00:00.000,9999-12-31T00:00:00.000,1,384cea46be3d55ecaf52a27f9e62b7fb384cea46be3d55ecaf52a27f9e62b7fb
360,LTL000360,30,320,32,14,Beacon LogisticsTransportLoad 360,2020-12-26,2020-12-26,1,1,2026-08-24T00:00:00.000,2018-01-01T00:00:00.000,9999-12-31T00:00:00.000,1,a5a3ec7e0add52eba850d8088c902a62a5a3ec7e0add52eba850d8088c902a62
361,LTL000361,81,462,472,5,Willow LogisticsTransportLoad 361,2020-12-27,2020-12-27,1,1,2026-08-24T00:00:00.000,2018-01-01T00:00:00.000,9999-12-31T00:00:00.000,1,d21185c60d205b0b965219dc393b1f18d21185c60d205b0b965219dc393b1f18
362,LTL000362,41,486,115,10,Northstar LogisticsTransportLoad 362,2020-12-28,2020-12-28,1,1,2026-08-24T00:00:00.000,2018-01-01T00:00:00.000,9999-12-31T00:00:00.000,1,2ff4752b5090515b8c11d4e5ed4714a42ff4752b5090515b8c11d4e5ed4714a4
363,LTL000363,324,6,95,1,Harbor LogisticsTransportLoad 363,2020-12-29,2020-12-29,1,1,2026-08-24T00:00:00.000,2018-01-01T00:00:00.000,9999-12-31T00:00:00.000,1,f76aef073b105244b808213f9d82280af76aef073b105244b808213f9d82280a
364,LTL000364,472,305,204,13,Meridian LogisticsTransportLoad 364,2020-12-30,2020-12-30,1,1,2026-08-24T00:00:00.000,2018-01-01T00:00:00.000,9999-12-31T00:00:00.000,1,b7bbe27222535be59fcc0bb496f6bd53b7bbe27222535be59fcc0bb496f6bd53
365,LTL000365,51,223,441,4,Forge LogisticsTransportLoad 365,2020-12-31,2020-12-31,1,1,2026-08-24T00:00:00.000,2018-01-01T00:00:00.000,9999-12-31T00:00:00.000,1,60ff61ae40e458fdabe7b5d16615a68d60ff61ae40e458fdabe7b5d16615a68d
366,LTL000366,128,471,50,4,Riverton LogisticsTransportLoad 366,2021-01-01,2021-01-01,1,1,2026-08-24T00:00:00.000,2018-01-01T00:00:00.000,9999-12-31T00:00:00.000,1,c2fe5360b3ba554396dcb522d9f3c538c2fe5360b3ba554396dcb522d9f3c538
367,LTL000367,174,431,332,3,Granite LogisticsTransportLoad 367,2021-01-02,2021-01-02,1,1,2026-08-24T00:00:00.000,2018-01-01T00:00:00.000,9999-12-31T00:00:00.000,1,dcb4c1aa72ba537490db14a2e24f53c5dcb4c1aa72ba537490db14a2e24f53c5
368,LTL000368,406,72,126,3,Harbor LogisticsTransportLoad 368,2021-01-03,2021-01-03,1,1,2026-08-24T00:00:00.000,2018-01-01T00:00:00.000,9999-12-31T00:00:00.000,1,f0e1bf7a7ca7577ea17ffbc489e4e0d2f0e1bf7a7ca7577ea17ffbc489e4e0d2
369,LTL000369,199,271,192,2,Forge LogisticsTransportLoad 369,2021-01-04,2021-01-04,1,1,2026-08-24T00:00:00.000,2018-01-01T00:00:00.000,9999-12-31T00:00:00.000,1,9f9e89b18b0958c3a9f726f48c3bde059f9e89b18b0958c3a9f726f48c3bde05
370,LTL000370,95,216,65,14,Meridian LogisticsTransportLoad 370,2021-01-05,2021-01-05,1,1,2026-08-24T00:00:00.000,2018-01-01T00:00:00.000,9999-12-31T00:00:00.000,1,feb801be261758519705b212445ca442feb801be261758519705b212445ca442
371,LTL000371,3,351,347,12,Northstar LogisticsTransportLoad 371,2021-01-06,2021-01-06,1,1,2026-08-24T00:00:00.000,2018-01-01T00:00:00.000,9999-12-31T00:00:00.000,1,8ae7cdadccd655d1953725ae0160861e8ae7cdadccd655d1953725ae0160861e
372,LTL000372,81,200,120,12,Forge LogisticsTransportLoad 372,2021-01-07,2021-01-07,1,1,2026-08-24T00:00:00.000,2018-01-01T00:00:00.000,9999-12-31T00:00:00.000,1,c22394e1062250539bc3c0961865dc3fc22394e1062250539bc3c0961865dc3f
373,LTL000373,318,35,27,5,Pioneer LogisticsTransportLoad 373,2021-01-08,2021-01-08,1,1,2026-08-24T00:00:00.000,2018-01-01T00:00:00.000,9999-12-31T00:00:00.000,1,8ba835715b105594b8a5b2cabf1af3a08ba835715b105594b8a5b2cabf1af3a0
374,LTL000374,121,107,-1,9,Liberty LogisticsTransportLoad 374,2021-01-09,2021-01-09,1,1,2026-08-24T00:00:00.000,2018-01-01T00:00:00.000,9999-12-31T00:00:00.000,1,9a43fcc381ed5fb4b8a70ce87853046e9a43fcc381ed5fb4b8a70ce87853046e
375,LTL000375,489,87,197,14,Cedar LogisticsTransportLoad 375,2021-01-10,2021-01-10,1,1,2026-08-24T00:00:00.000,2018-01-01T00:00:00.000,9999-12-31T00:00:00.000,1,fa442a0284e052b7a76c19f73c302f55fa442a0284e052b7a76c19f73c302f55
376,LTL000376,231,173,314,3,Keystone LogisticsTransportLoad 376,2021-01-11,2021-01-11,1,1,2026-08-24T00:00:00.000,2018-01-01T00:00:00.000,9999-12-31T00:00:00.000,1,89fac90a4db55ae3bd6ecb6e04f62f0489fac90a4db55ae3bd6ecb6e04f62f04
377,LTL000377,314,316,183,11,Forge LogisticsTransportLoad 377,2021-01-12,2021-01-12,1,1,2026-08-24T00:00:00.000,2018-01-01T00:00:00.000,9999-12-31T00:00:00.000,1,da8243b677e65ce4a098e6273d8f11eada8243b677e65ce4a098e6273d8f11ea
378,LTL000378,459,422,3,12,Pioneer LogisticsTransportLoad 378,2021-01-13,2021-01-13,1,1,2026-08-24T00:00:00.000,2018-01-01T00:00:00.000,9999-12-31T00:00:00.000,1,44c709ed5471565890493c42a9a317e244c709ed5471565890493c42a9a317e2
379,LTL000379,496,100,351,2,Keystone LogisticsTransportLoad 379,2021-01-14,2021-01-14,1,1,2026-08-24T00:00:00.000,2018-01-01T00:00:00.000,9999-12-31T00:00:00.000,1,7d109b19e98c5e93a71debfbe63824c27d109b19e98c5e93a71debfbe63824c2
380,LTL000380,485,218,53,11,Vertex LogisticsTransportLoad 380,2021-01-15,2021-01-15,1,1,2026-08-24T00:00:00.000,2018-01-01T00:00:00.000,9999-12-31T00:00:00.000,1,6cbab68b429951b5a8d6f2c2d18addae6cbab68b429951b5a8d6f2c2d18addae
381,LTL000381,216,326,118,5,Titan LogisticsTransportLoad 381,2021-01-16,2021-01-16,1,1,2026-08-24T00:00:00.000,2018-01-01T00:00:00.000,9999-12-31T00:00:00.000,1,84e06916e8ee55d29627c4d0f63f46af84e06916e8ee55d29627c4d0f63f46af
382,LTL000382,88,477,39,2,Granite LogisticsTransportLoad 382,2021-01-17,2021-01-17,1,1,2026-08-24T00:00:00.000,2018-01-01T00:00:00.000,9999-12-31T00:00:00.000,1,7d83b695a04f598096dfd5726e24ae577d83b695a04f598096dfd5726e24ae57
383,LTL000383,111,383,25,13,Quartz LogisticsTransportLoad 383,2021-01-18,2021-01-18,1,1,2026-08-24T00:00:00.000,2018-01-01T00:00:00.000,9999-12-31T00:00:00.000,1,72988cd5d4d95108a329fe80c3de22c472988cd5d4d95108a329fe80c3de22c4
384,LTL000384,87,63,207,12,Unity LogisticsTransportLoad 384,2021-01-19,2021-01-19,1,1,2026-08-24T00:00:00.000,2018-01-01T00:00:00.000,9999-12-31T00:00:00.000,1,1514b99a52f154f3b8948257f78f0e411514b99a52f154f3b8948257f78f0e41
385,LTL000385,481,193,42,3,Northstar LogisticsTransportLoad 385,2021-01-20,2021-01-20,1,1,2026-08-24T00:00:00.000,2018-01-01T00:00:00.000,9999-12-31T00:00:00.000,1,589ec59f14e35bf8ad36a70c5d5566d0589ec59f14e35bf8ad36a70c5d5566d0
386,LTL000386,18,202,421,4,Titan LogisticsTransportLoad 386,2021-01-21,2021-01-21,1,1,2026-08-24T00:00:00.000,2018-01-01T00:00:00.000,9999-12-31T00:00:00.000,1,dd6ed115249f502786f63b60becc846bdd6ed115249f502786f63b60becc846b
387,LTL000387,198,465,146,14,Harbor LogisticsTransportLoad 387,2021-01-22,2021-01-22,1,1,2026-08-24T00:00:00.000,2018-01-01T00:00:00.000,9999-12-31T00:00:00.000,1,66ef2f7b0af55a3c8277a2175920b06566ef2f7b0af55a3c8277a2175920b065
388,LTL000388,122,228,228,5,Quartz LogisticsTransportLoad 388,2021-01-23,2021-01-23,1,1,2026-08-24T00:00:00.000,2018-01-01T00:00:00.000,9999-12-31T00:00:00.000,1,cbb792ce5fbc5206be2c58963a2bc5cfcbb792ce5fbc5206be2c58963a2bc5cf
389,LTL000389,331,31,230,11,Riverton LogisticsTransportLoad 389,2021-01-24,2021-01-24,1,1,2026-08-24T00:00:00.000,2018-01-01T00:00:00.000,9999-12-31T00:00:00.000,1,f390cdadcc9a5272a8b02ef4e4ba581af390cdadcc9a5272a8b02ef4e4ba581a
390,LTL000390,479,466,165,1,Forge LogisticsTransportLoad 390,2021-01-25,2021-01-25,1,1,2026-08-24T00:00:00.000,2018-01-01T00:00:00.000,9999-12-31T00:00:00.000,1,f76f2738435051febc1e18cef8268582f76f2738435051febc1e18cef8268582
391,LTL000391,131,221,-1,11,Northstar LogisticsTransportLoad 391,2021-01-26,2021-01-26,1,1,2026-08-24T00:00:00.000,2018-01-01T00:00:00.000,9999-12-31T00:00:00.000,1,35a9bf6529e8581fa891ced99a46e6b635a9bf6529e8581fa891ced99a46e6b6
392,LTL000392,325,334,161,14,Titan LogisticsTransportLoad 392,2021-01-27,2021-01-27,1,1,2026-08-24T00:00:00.000,2018-01-01T00:00:00.000,9999-12-31T00:00:00.000,1,7f550b5e458b5e81b13de417756360397f550b5e458b5e81b13de41775636039
393,LTL000393,326,23,38,8,Junction LogisticsTransportLoad 393,2021-01-28,2021-01-28,1,1,2026-08-24T00:00:00.000,2018-01-01T00:00:00.000,9999-12-31T00:00:00.000,1,23fbb01b3a385feaae24ff6fc8ab4a8923fbb01b3a385feaae24ff6fc8ab4a89
394,LTL000394,6,331,167,3,Keystone LogisticsTransportLoad 394,2021-01-29,2021-01-29,1,1,2026-08-24T00:00:00.000,2018-01-01T00:00:00.000,9999-12-31T00:00:00.000,1,0e3533ae13bc50e381f133a3f3a8886f0e3533ae13bc50e381f133a3f3a8886f
395,LTL000395,60,494,393,12,Keystone LogisticsTransportLoad 395,2021-01-30,2021-01-30,1,1,2026-08-24T00:00:00.000,2018-01-01T00:00:00.000,9999-12-31T00:00:00.000,1,55feb207fa3e51fc9662515a8d1480f355feb207fa3e51fc9662515a8d1480f3
396,LTL000396,57,111,51,11,Zenith LogisticsTransportLoad 396,2021-01-31,2021-01-31,1,1,2026-08-24T00:00:00.000,2018-01-01T00:00:00.000,9999-12-31T00:00:00.000,1,3f2364f800a351b397e2e37e2292e10c3f2364f800a351b397e2e37e2292e10c
397,LTL000397,463,63,261,1,Unity LogisticsTransportLoad 397,2021-02-01,2021-02-01,1,1,2026-08-24T00:00:00.000,2018-01-01T00:00:00.000,9999-12-31T00:00:00.000,1,de18185a7bfb5ce1bf2ce4fa983dfc49de18185a7bfb5ce1bf2ce4fa983dfc49
398,LTL000398,211,488,265,1,Cedar LogisticsTransportLoad 398,2021-02-02,2021-02-02,1,1,2026-08-24T00:00:00.000,2018-01-01T00:00:00.000,9999-12-31T00:00:00.000,1,8a25ddb44920508baa8abba6f4ecf8c88a25ddb44920508baa8abba6f4ecf8c8
399,LTL000399,127,365,126,8,Junction LogisticsTransportLoad 399,2021-02-03,2021-02-03,1,1,2026-08-24T00:00:00.000,2018-01-01T00:00:00.000,9999-12-31T00:00:00.000,1,7c8e21348c865b758d3351ef02d0be8a7c8e21348c865b758d3351ef02d0be8a
400,LTL000400,454,47,252,4,Keystone LogisticsTransportLoad 400,2021-02-04,2021-02-04,1,1,2026-08-24T00:00:00.000,2018-01-01T00:00:00.000,9999-12-31T00:00:00.000,1,055f9932e71c535aa411d38b1ff4e4a1055f9932e71c535aa411d38b1ff4e4a1
401,LTL000401,83,391,379,11,Delta LogisticsTransportLoad 401,2021-02-05,2021-02-05,1,1,2026-08-24T00:00:00.000,2018-01-01T00:00:00.000,9999-12-31T00:00:00.000,1,15405e20714d51b2ac627b3a2ad1770d15405e20714d51b2ac627b3a2ad1770d
402,LTL000402,218,290,414,9,Meridian LogisticsTransportLoad 402,2021-02-06,2021-02-06,1,1,2026-08-24T00:00:00.000,2018-01-01T00:00:00.000,9999-12-31T00:00:00.000,1,d90a333d53985e349fb549c450104843d90a333d53985e349fb549c450104843
403,LTL000403,233,479,463,13,Riverton LogisticsTransportLoad 403,2021-02-07,2021-02-07,1,1,2026-08-24T00:00:00.000,2018-01-01T00:00:00.000,9999-12-31T00:00:00.000,1,721cbf1040a05d94903366df8e9dc6bf721cbf1040a05d94903366df8e9dc6bf
404,LTL000404,1,182,342,13,Titan LogisticsTransportLoad 404,2021-02-08,2021-02-08,1,1,2026-08-24T00:00:00.000,2018-01-01T00:00:00.000,9999-12-31T00:00:00.000,1,d09389ac77d3550088ad090c02da26bad09389ac77d3550088ad090c02da26ba
405,LTL000405,367,118,493,6,Atlas LogisticsTransportLoad 405,2021-02-09,2021-02-09,1,1,2026-08-24T00:00:00.000,2018-01-01T00:00:00.000,9999-12-31T00:00:00.000,1,8a33b15a2a5a5214a1a84fb7998da6e78a33b15a2a5a5214a1a84fb7998da6e7
406,LTL000406,370,61,283,13,Riverton LogisticsTransportLoad 406,2021-02-10,2021-02-10,1,1,2026-08-24T00:00:00.000,2018-01-01T00:00:00.000,9999-12-31T00:00:00.000,1,df61485339e05c89b75eabf80d35c24cdf61485339e05c89b75eabf80d35c24c
407,LTL000407,254,188,410,14,Atlas LogisticsTransportLoad 407,2021-02-11,2021-02-11,1,1,2026-08-24T00:00:00.000,2018-01-01T00:00:00.000,9999-12-31T00:00:00.000,1,0251f7b120cb59d09272e96512622e470251f7b120cb59d09272e96512622e47
408,LTL000408,390,90,-1,2,Liberty LogisticsTransportLoad 408,2021-02-12,2021-02-12,1,1,2026-08-24T00:00:00.000,2018-01-01T00:00:00.000,9999-12-31T00:00:00.000,1,889d7c8f7d585660a95c6a83e0b34fe1889d7c8f7d585660a95c6a83e0b34fe1
409,LTL000409,439,488,368,10,Liberty LogisticsTransportLoad 409,2021-02-13,2021-02-13,1,1,2026-08-24T00:00:00.000,2018-01-01T00:00:00.000,9999-12-31T00:00:00.000,1,77f860ad81ba5a11ba1fdfc0c3ee991d77f860ad81ba5a11ba1fdfc0c3ee991d
410,LTL000410,455,495,438,10,Liberty LogisticsTransportLoad 410,2021-02-14,2021-02-14,1,1,2026-08-24T00:00:00.000,2018-01-01T00:00:00.000,9999-12-31T00:00:00.000,1,e1695c992223596094a8500ea1de398fe1695c992223596094a8500ea1de398f
411,LTL000411,399,79,495,9,Harbor LogisticsTransportLoad 411,2021-02-15,2021-02-15,1,1,2026-08-24T00:00:00.000,2018-01-01T00:00:00.000,9999-12-31T00:00:00.000,1,c1c3da9c123b56c99df5afd306f443e7c1c3da9c123b56c99df5afd306f443e7
412,LTL000412,200,68,257,8,Willow LogisticsTransportLoad 412,2021-02-16,2021-02-16,1,1,2026-08-24T00:00:00.000,2018-01-01T00:00:00.000,9999-12-31T00:00:00.000,1,a70680ea2b1b5e70b2e5df4909e9d18ea70680ea2b1b5e70b2e5df4909e9d18e
413,LTL000413,110,390,203,3,Unity LogisticsTransportLoad 413,2021-02-17,2021-02-17,1,1,2026-08-24T00:00:00.000,2018-01-01T00:00:00.000,9999-12-31T00:00:00.000,1,4d49a2a597d45c828735a8287d0025964d49a2a597d45c828735a8287d002596
414,LTL000414,134,323,123,1,Forge LogisticsTransportLoad 414,2021-02-18,2021-02-18,1,1,2026-08-24T00:00:00.000,2018-01-01T00:00:00.000,9999-12-31T00:00:00.000,1,9d9ac0bd3d6d5e9cbc1f2cbf84413e949d9ac0bd3d6d5e9cbc1f2cbf84413e94
415,LTL000415,255,71,464,11,Vertex LogisticsTransportLoad 415,2021-02-19,2021-02-19,1,1,2026-08-24T00:00:00.000,2018-01-01T00:00:00.000,9999-12-31T00:00:00.000,1,e2c0bb3802d2513fb9614ba264a55537e2c0bb3802d2513fb9614ba264a55537
416,LTL000416,292,370,277,9,Meridian LogisticsTransportLoad 416,2021-02-20,2021-02-20,1,1,2026-08-24T00:00:00.000,2018-01-01T00:00:00.000,9999-12-31T00:00:00.000,1,cc7dd37efc2e576688c2b4a0c7280bd2cc7dd37efc2e576688c2b4a0c7280bd2
417,LTL000417,495,488,429,6,Willow LogisticsTransportLoad 417,2021-02-21,2021-02-21,1,1,2026-08-24T00:00:00.000,2018-01-01T00:00:00.000,9999-12-31T00:00:00.000,1,f86e0ef347aa5a28a003b04c361a83e0f86e0ef347aa5a28a003b04c361a83e0
418,LTL000418,201,173,279,14,Unity LogisticsTransportLoad 418,2021-02-22,2021-02-22,1,1,2026-08-24T00:00:00.000,2018-01-01T00:00:00.000,9999-12-31T00:00:00.000,1,25563a19c0c25a0b89b644a02a1cc6e225563a19c0c25a0b89b644a02a1cc6e2
419,LTL000419,77,252,396,3,Summit LogisticsTransportLoad 419,2021-02-23,2021-02-23,1,1,2026-08-24T00:00:00.000,2018-01-01T00:00:00.000,9999-12-31T00:00:00.000,1,78fc64f4ba56596db31dc8412a8d73d778fc64f4ba56596db31dc8412a8d73d7
420,LTL000420,271,395,265,3,Quartz LogisticsTransportLoad 420,2021-02-24,2021-02-24,1,1,2026-08-24T00:00:00.000,2018-01-01T00:00:00.000,9999-12-31T00:00:00.000,1,aafeca80c4d253ad9c2d903b99a2a1e5aafeca80c4d253ad9c2d903b99a2a1e5
421,LTL000421,148,411,451,12,Evergreen LogisticsTransportLoad 421,2021-02-25,2021-02-25,1,1,2026-08-24T00:00:00.000,2018-01-01T00:00:00.000,9999-12-31T00:00:00.000,1,3649f5f3de815a819d8075981a4851d43649f5f3de815a819d8075981a4851d4
422,LTL000422,421,388,408,7,Riverton LogisticsTransportLoad 422,2021-02-26,2021-02-26,1,1,2026-08-24T00:00:00.000,2018-01-01T00:00:00.000,9999-12-31T00:00:00.000,1,17b20837a46b5ffabe528f13492eb42217b20837a46b5ffabe528f13492eb422
423,LTL000423,345,298,122,12,Orion LogisticsTransportLoad 423,2021-02-27,2021-02-27,1,1,2026-08-24T00:00:00.000,2018-01-01T00:00:00.000,9999-12-31T00:00:00.000,1,c3f8759908fb56ddaf390757fb938fc8c3f8759908fb56ddaf390757fb938fc8
424,LTL000424,197,179,324,7,Keystone LogisticsTransportLoad 424,2021-02-28,2021-02-28,1,1,2026-08-24T00:00:00.000,2018-01-01T00:00:00.000,9999-12-31T00:00:00.000,1,3c575ee751765defaec24d9e3887485f3c575ee751765defaec24d9e3887485f
425,LTL000425,170,487,-1,5,Granite LogisticsTransportLoad 425,2021-03-01,2021-03-01,1,1,2026-08-24T00:00:00.000,2018-01-01T00:00:00.000,9999-12-31T00:00:00.000,1,0cf0c1d0022d5247b2edee10856a7d950cf0c1d0022d5247b2edee10856a7d95
426,LTL000426,196,179,458,5,Forge LogisticsTransportLoad 426,2021-03-02,2021-03-02,1,1,2026-08-24T00:00:00.000,2018-01-01T00:00:00.000,9999-12-31T00:00:00.000,1,11ad24e9a7ac5e1b8817ebfb0ca931e611ad24e9a7ac5e1b8817ebfb0ca931e6
427,LTL000427,284,445,220,12,Atlas LogisticsTransportLoad 427,2021-03-03,2021-03-03,1,1,2026-08-24T00:00:00.000,2018-01-01T00:00:00.000,9999-12-31T00:00:00.000,1,6c9cf8ce4c325bca8cacae686d1b85896c9cf8ce4c325bca8cacae686d1b8589
428,LTL000428,123,256,42,7,Riverton LogisticsTransportLoad 428,2021-03-04,2021-03-04,1,1,2026-08-24T00:00:00.000,2018-01-01T00:00:00.000,9999-12-31T00:00:00.000,1,5b7cb394f2515623a880e7473c8c29415b7cb394f2515623a880e7473c8c2941
429,LTL000429,18,220,486,7,Atlas LogisticsTransportLoad 429,2021-03-05,2021-03-05,1,1,2026-08-24T00:00:00.000,2018-01-01T00:00:00.000,9999-12-31T00:00:00.000,1,0b16d6616b1d5df1a06c6b5458691f350b16d6616b1d5df1a06c6b5458691f35
430,LTL000430,38,92,148,13,Orion LogisticsTransportLoad 430,2021-03-06,2021-03-06,1,1,2026-08-24T00:00:00.000,2018-01-01T00:00:00.000,9999-12-31T00:00:00.000,1,ce892a25e78f52d08c29e3ca56c583c2ce892a25e78f52d08c29e3ca56c583c2
431,LTL000431,307,197,484,8,Cedar LogisticsTransportLoad 431,2021-03-07,2021-03-07,1,1,2026-08-24T00:00:00.000,2018-01-01T00:00:00.000,9999-12-31T00:00:00.000,1,561ee8eda2ad5632a4e5d18d7e753845561ee8eda2ad5632a4e5d18d7e753845
432,LTL000432,476,442,461,11,Summit LogisticsTransportLoad 432,2021-03-08,2021-03-08,1,1,2026-08-24T00:00:00.000,2018-01-01T00:00:00.000,9999-12-31T00:00:00.000,1,b7fdf893777d5c6baf1e78b88eb35c40b7fdf893777d5c6baf1e78b88eb35c40
433,LTL000433,338,402,395,14,Willow LogisticsTransportLoad 433,2021-03-09,2021-03-09,1,1,2026-08-24T00:00:00.000,2018-01-01T00:00:00.000,9999-12-31T00:00:00.000,1,3bf00a543d5e57019a7c3b39079ed2dd3bf00a543d5e57019a7c3b39079ed2dd
434,LTL000434,441,60,12,1,Summit LogisticsTransportLoad 434,2021-03-10,2021-03-10,1,1,2026-08-24T00:00:00.000,2018-01-01T00:00:00.000,9999-12-31T00:00:00.000,1,177fe9c66f545cbea1b1f17667210f9f177fe9c66f545cbea1b1f17667210f9f
435,LTL000435,469,237,396,6,Quartz LogisticsTransportLoad 435,2021-03-11,2021-03-11,1,1,2026-08-24T00:00:00.000,2018-01-01T00:00:00.000,9999-12-31T00:00:00.000,1,ebed5535bf635567842e79f7e99565f7ebed5535bf635567842e79f7e99565f7
436,LTL000436,147,100,188,6,Orion LogisticsTransportLoad 436,2021-03-12,2021-03-12,1,1,2026-08-24T00:00:00.000,2018-01-01T00:00:00.000,9999-12-31T00:00:00.000,1,5a99c10145915b828d2afea00fadeaef5a99c10145915b828d2afea00fadeaef
437,LTL000437,61,28,235,1,Ion LogisticsTransportLoad 437,2021-03-13,2021-03-13,1,1,2026-08-24T00:00:00.000,2018-01-01T00:00:00.000,9999-12-31T00:00:00.000,1,e4dab24c2c105fd1a7f103a4b838142ce4dab24c2c105fd1a7f103a4b838142c
438,LTL000438,375,423,153,12,Quartz LogisticsTransportLoad 438,2021-03-14,2021-03-14,1,1,2026-08-24T00:00:00.000,2018-01-01T00:00:00.000,9999-12-31T00:00:00.000,1,d33edc81f1af5633aa04ac29b1fbe97ed33edc81f1af5633aa04ac29b1fbe97e
439,LTL000439,212,87,116,2,Unity LogisticsTransportLoad 439,2021-03-15,2021-03-15,1,1,2026-08-24T00:00:00.000,2018-01-01T00:00:00.000,9999-12-31T00:00:00.000,1,a956e741d8bc55d2980ea3becbf92650a956e741d8bc55d2980ea3becbf92650
440,LTL000440,415,109,84,13,Junction LogisticsTransportLoad 440,2021-03-16,2021-03-16,1,1,2026-08-24T00:00:00.000,2018-01-01T00:00:00.000,9999-12-31T00:00:00.000,1,644b7790f1f456d38f53e5edeb158cdc644b7790f1f456d38f53e5edeb158cdc
441,LTL000441,149,319,401,12,Orion LogisticsTransportLoad 441,2021-03-17,2021-03-17,1,1,2026-08-24T00:00:00.000,2018-01-01T00:00:00.000,9999-12-31T00:00:00.000,1,740773df40e052cb945dfc2c4a8a8cfa740773df40e052cb945dfc2c4a8a8cfa
442,LTL000442,411,376,-1,1,Meridian LogisticsTransportLoad 442,2021-03-18,2021-03-18,1,1,2026-08-24T00:00:00.000,2018-01-01T00:00:00.000,9999-12-31T00:00:00.000,1,97d836e0f68858cd82625accfa0eb5bf97d836e0f68858cd82625accfa0eb5bf
443,LTL000443,25,94,292,8,Willow LogisticsTransportLoad 443,2021-03-19,2021-03-19,1,1,2026-08-24T00:00:00.000,2018-01-01T00:00:00.000,9999-12-31T00:00:00.000,1,f2424abda5e75d4dafccb6ace254649cf2424abda5e75d4dafccb6ace254649c
444,LTL000444,476,220,259,14,Liberty LogisticsTransportLoad 444,2021-03-20,2021-03-20,1,1,2026-08-24T00:00:00.000,2018-01-01T00:00:00.000,9999-12-31T00:00:00.000,1,8d9bbfbe06d45e56a6446230feea3f968d9bbfbe06d45e56a6446230feea3f96
445,LTL000445,399,213,187,6,Summit LogisticsTransportLoad 445,2021-03-21,2021-03-21,1,1,2026-08-24T00:00:00.000,2018-01-01T00:00:00.000,9999-12-31T00:00:00.000,1,b2c89665faab5ac7aad3c06a7f3c1a4eb2c89665faab5ac7aad3c06a7f3c1a4e
446,LTL000446,245,65,435,2,Keystone LogisticsTransportLoad 446,2021-03-22,2021-03-22,1,1,2026-08-24T00:00:00.000,2018-01-01T00:00:00.000,9999-12-31T00:00:00.000,1,1e36963d9bd355fca4d54355eec768371e36963d9bd355fca4d54355eec76837
447,LTL000447,298,303,121,12,Orion LogisticsTransportLoad 447,2021-03-23,2021-03-23,1,1,2026-08-24T00:00:00.000,2018-01-01T00:00:00.000,9999-12-31T00:00:00.000,1,b3bfca3f285d5e19be15377ffa42f97fb3bfca3f285d5e19be15377ffa42f97f
448,LTL000448,325,310,11,12,Atlas LogisticsTransportLoad 448,2021-03-24,2021-03-24,1,1,2026-08-24T00:00:00.000,2018-01-01T00:00:00.000,9999-12-31T00:00:00.000,1,4106a85196965a94956670f21ab07cad4106a85196965a94956670f21ab07cad
449,LTL000449,140,170,340,2,Quartz LogisticsTransportLoad 449,2021-03-25,2021-03-25,1,1,2026-08-24T00:00:00.000,2018-01-01T00:00:00.000,9999-12-31T00:00:00.000,1,5e89e23b7d26558a8cf4a3d39fe840ad5e89e23b7d26558a8cf4a3d39fe840ad
450,LTL000450,391,284,278,9,Delta LogisticsTransportLoad 450,2021-03-26,2021-03-26,1,1,2026-08-24T00:00:00.000,2018-01-01T00:00:00.000,9999-12-31T00:00:00.000,1,60069191d12a543b9fc976cc2706933960069191d12a543b9fc976cc27069339
451,LTL000451,106,439,32,5,Granite LogisticsTransportLoad 451,2021-03-27,2021-03-27,1,1,2026-08-24T00:00:00.000,2018-01-01T00:00:00.000,9999-12-31T00:00:00.000,1,0abc91e2ea5d5b20a148539d75bad4080abc91e2ea5d5b20a148539d75bad408
452,LTL000452,10,403,225,10,Harbor LogisticsTransportLoad 452,2021-03-28,2021-03-28,1,1,2026-08-24T00:00:00.000,2018-01-01T00:00:00.000,9999-12-31T00:00:00.000,1,7754e14a8f8f553da604dde1020732a67754e14a8f8f553da604dde1020732a6
453,LTL000453,256,345,124,13,Riverton LogisticsTransportLoad 453,2021-03-29,2021-03-29,1,1,2026-08-24T00:00:00.000,2018-01-01T00:00:00.000,9999-12-31T00:00:00.000,1,890e345764d351bd973b195b56dd7ddf890e345764d351bd973b195b56dd7ddf
454,LTL000454,180,496,429,11,Junction LogisticsTransportLoad 454,2021-03-30,2021-03-30,1,1,2026-08-24T00:00:00.000,2018-01-01T00:00:00.000,9999-12-31T00:00:00.000,1,0f62eea3aae3569c8d4a9fea406f45560f62eea3aae3569c8d4a9fea406f4556
455,LTL000455,82,452,252,11,Quartz LogisticsTransportLoad 455,2021-03-31,2021-03-31,1,1,2026-08-24T00:00:00.000,2018-01-01T00:00:00.000,9999-12-31T00:00:00.000,1,88bc024e27595e8582c3748e193e987588bc024e27595e8582c3748e193e9875
456,LTL000456,182,123,94,4,Ion LogisticsTransportLoad 456,2021-04-01,2021-04-01,1,1,2026-08-24T00:00:00.000,2018-01-01T00:00:00.000,9999-12-31T00:00:00.000,1,68b0dd0a37bc5022a193de92b915f76b68b0dd0a37bc5022a193de92b915f76b
457,LTL000457,144,19,100,5,Willow LogisticsTransportLoad 457,2021-04-02,2021-04-02,1,1,2026-08-24T00:00:00.000,2018-01-01T00:00:00.000,9999-12-31T00:00:00.000,1,ffb8d2a65640505e929893298f2b1214ffb8d2a65640505e929893298f2b1214
458,LTL000458,120,108,198,13,Evergreen LogisticsTransportLoad 458,2021-04-03,2021-04-03,1,1,2026-08-24T00:00:00.000,2018-01-01T00:00:00.000,9999-12-31T00:00:00.000,1,031a6a5800485c139d99884591ee6855031a6a5800485c139d99884591ee6855
459,LTL000459,471,417,-1,11,Keystone LogisticsTransportLoad 459,2021-04-04,2021-04-04,1,1,2026-08-24T00:00:00.000,2018-01-01T00:00:00.000,9999-12-31T00:00:00.000,1,313d53a9de03543986f45d22aeba5ccb313d53a9de03543986f45d22aeba5ccb
460,LTL000460,59,473,369,9,Harbor LogisticsTransportLoad 460,2021-04-05,2021-04-05,1,1,2026-08-24T00:00:00.000,2018-01-01T00:00:00.000,9999-12-31T00:00:00.000,1,65581f09e93b50f48d814aee0df9077265581f09e93b50f48d814aee0df90772
461,LTL000461,25,403,262,3,Forge LogisticsTransportLoad 461,2021-04-06,2021-04-06,1,1,2026-08-24T00:00:00.000,2018-01-01T00:00:00.000,9999-12-31T00:00:00.000,1,2bde9b51d55b5fac8ddd40d8ff3881bb2bde9b51d55b5fac8ddd40d8ff3881bb
462,LTL000462,47,143,272,7,Titan LogisticsTransportLoad 462,2021-04-07,2021-04-07,1,1,2026-08-24T00:00:00.000,2018-01-01T00:00:00.000,9999-12-31T00:00:00.000,1,e996e15e6a2e542da42769af9f1e8105e996e15e6a2e542da42769af9f1e8105
463,LTL000463,402,243,135,9,Atlas LogisticsTransportLoad 463,2021-04-08,2021-04-08,1,1,2026-08-24T00:00:00.000,2018-01-01T00:00:00.000,9999-12-31T00:00:00.000,1,02b4866b459c5909878d32b8411c54dc02b4866b459c5909878d32b8411c54dc
464,LTL000464,472,456,336,10,Keystone LogisticsTransportLoad 464,2021-04-09,2021-04-09,1,1,2026-08-24T00:00:00.000,2018-01-01T00:00:00.000,9999-12-31T00:00:00.000,1,06e21678a22e557ab5486b3e855cc24e06e21678a22e557ab5486b3e855cc24e
465,LTL000465,230,330,216,10,Cedar LogisticsTransportLoad 465,2021-04-10,2021-04-10,1,1,2026-08-24T00:00:00.000,2018-01-01T00:00:00.000,9999-12-31T00:00:00.000,1,cb4b1d398f1d54eeb6599adb25f0518dcb4b1d398f1d54eeb6599adb25f0518d
466,LTL000466,474,488,479,5,Keystone LogisticsTransportLoad 466,2021-04-11,2021-04-11,1,1,2026-08-24T00:00:00.000,2018-01-01T00:00:00.000,9999-12-31T00:00:00.000,1,b22bbfdfa4145e3faf42e758fc5ee0acb22bbfdfa4145e3faf42e758fc5ee0ac
467,LTL000467,77,472,498,14,Meridian LogisticsTransportLoad 467,2021-04-12,2021-04-12,1,1,2026-08-24T00:00:00.000,2018-01-01T00:00:00.000,9999-12-31T00:00:00.000,1,4c498fcb6f8d5629bb77a665bff7912e4c498fcb6f8d5629bb77a665bff7912e
468,LTL000468,176,401,372,13,Unity LogisticsTransportLoad 468,2021-04-13,2021-04-13,1,1,2026-08-24T00:00:00.000,2018-01-01T00:00:00.000,9999-12-31T00:00:00.000,1,b6df36638a665be695cb6ebc34cebf4db6df36638a665be695cb6ebc34cebf4d
469,LTL000469,363,436,420,10,Vertex LogisticsTransportLoad 469,2021-04-14,2021-04-14,1,1,2026-08-24T00:00:00.000,2018-01-01T00:00:00.000,9999-12-31T00:00:00.000,1,17975e8966335349b0bbff9f5a506b3117975e8966335349b0bbff9f5a506b31
470,LTL000470,78,401,433,11,Orion LogisticsTransportLoad 470,2021-04-15,2021-04-15,1,1,2026-08-24T00:00:00.000,2018-01-01T00:00:00.000,9999-12-31T00:00:00.000,1,b5547d3bccfb52ed84181b0238af385ab5547d3bccfb52ed84181b0238af385a
471,LTL000471,29,277,51,6,Pioneer LogisticsTransportLoad 471,2021-04-16,2021-04-16,1,1,2026-08-24T00:00:00.000,2018-01-01T00:00:00.000,9999-12-31T00:00:00.000,1,c80faa6cf5835603b75b21752dd46a30c80faa6cf5835603b75b21752dd46a30
472,LTL000472,483,428,259,14,Granite LogisticsTransportLoad 472,2021-04-17,2021-04-17,1,1,2026-08-24T00:00:00.000,2018-01-01T00:00:00.000,9999-12-31T00:00:00.000,1,9271f8deb61353f4b8e27be11eef65eb9271f8deb61353f4b8e27be11eef65eb
473,LTL000473,320,46,337,1,Quartz LogisticsTransportLoad 473,2021-04-18,2021-04-18,1,1,2026-08-24T00:00:00.000,2018-01-01T00:00:00.000,9999-12-31T00:00:00.000,1,b28bddcb031e5fc4b62f79df9e81b971b28bddcb031e5fc4b62f79df9e81b971
474,LTL000474,427,432,226,2,Meridian LogisticsTransportLoad 474,2021-04-19,2021-04-19,1,1,2026-08-24T00:00:00.000,2018-01-01T00:00:00.000,9999-12-31T00:00:00.000,1,60b4564b882651dc98a120d21ca2f1c760b4564b882651dc98a120d21ca2f1c7
475,LTL000475,404,118,205,9,Pioneer LogisticsTransportLoad 475,2021-04-20,2021-04-20,1,1,2026-08-24T00:00:00.000,2018-01-01T00:00:00.000,9999-12-31T00:00:00.000,1,5a81a842b57354309cd269b09ffe5f075a81a842b57354309cd269b09ffe5f07
476,LTL000476,101,258,-1,1,Evergreen LogisticsTransportLoad 476,2021-04-21,2021-04-21,1,1,2026-08-24T00:00:00.000,2018-01-01T00:00:00.000,9999-12-31T00:00:00.000,1,a0838e89656955a78d6f1aeb1eb7d1f5a0838e89656955a78d6f1aeb1eb7d1f5
477,LTL000477,152,442,414,4,Forge LogisticsTransportLoad 477,2021-04-22,2021-04-22,1,1,2026-08-24T00:00:00.000,2018-01-01T00:00:00.000,9999-12-31T00:00:00.000,1,1a176452a4785d76a1b82bafcb30d6661a176452a4785d76a1b82bafcb30d666
478,LTL000478,185,469,109,3,Zenith LogisticsTransportLoad 478,2021-04-23,2021-04-23,1,1,2026-08-24T00:00:00.000,2018-01-01T00:00:00.000,9999-12-31T00:00:00.000,1,e3cea258f1625824b8969714ec055c8ee3cea258f1625824b8969714ec055c8e
479,LTL000479,74,479,255,4,Granite LogisticsTransportLoad 479,2021-04-24,2021-04-24,1,1,2026-08-24T00:00:00.000,2018-01-01T00:00:00.000,9999-12-31T00:00:00.000,1,38704c4e69315b4b9ce5b357c4016dcd38704c4e69315b4b9ce5b357c4016dcd
480,LTL000480,389,63,274,11,Ion LogisticsTransportLoad 480,2021-04-25,2021-04-25,1,1,2026-08-24T00:00:00.000,2018-01-01T00:00:00.000,9999-12-31T00:00:00.000,1,28da9c278c0b512c938e708ca5bdaef428da9c278c0b512c938e708ca5bdaef4
481,LTL000481,287,144,119,10,Keystone LogisticsTransportLoad 481,2021-04-26,2021-04-26,1,1,2026-08-24T00:00:00.000,2018-01-01T00:00:00.000,9999-12-31T00:00:00.000,1,c0f163690f665ca6ba5988cbece5871fc0f163690f665ca6ba5988cbece5871f
482,LTL000482,382,467,165,3,Granite LogisticsTransportLoad 482,2021-04-27,2021-04-27,1,1,2026-08-24T00:00:00.000,2018-01-01T00:00:00.000,9999-12-31T00:00:00.000,1,15710a74ccde5de0b918f61078e3f9dd15710a74ccde5de0b918f61078e3f9dd
483,LTL000483,254,182,56,10,Harbor LogisticsTransportLoad 483,2021-04-28,2021-04-28,1,1,2026-08-24T00:00:00.000,2018-01-01T00:00:00.000,9999-12-31T00:00:00.000,1,7afa737f029d526bb537635f97a287687afa737f029d526bb537635f97a28768
484,LTL000484,446,451,347,2,Cedar LogisticsTransportLoad 484,2021-04-29,2021-04-29,1,1,2026-08-24T00:00:00.000,2018-01-01T00:00:00.000,9999-12-31T00:00:00.000,1,1eadb769d63e5c20b5771b3bbef4f72c1eadb769d63e5c20b5771b3bbef4f72c
485,LTL000485,78,191,280,14,Evergreen LogisticsTransportLoad 485,2021-04-30,2021-04-30,1,1,2026-08-24T00:00:00.000,2018-01-01T00:00:00.000,9999-12-31T00:00:00.000,1,e474f55667d65a41875993e1343e6a33e474f55667d65a41875993e1343e6a33
486,LTL000486,191,284,184,1,Northstar LogisticsTransportLoad 486,2021-05-01,2021-05-01,1,1,2026-08-24T00:00:00.000,2018-01-01T00:00:00.000,9999-12-31T00:00:00.000,1,299070dbefd35c3daf3f2ffa9f5347c8299070dbefd35c3daf3f2ffa9f5347c8
487,LTL000487,279,42,110,6,Cedar LogisticsTransportLoad 487,2021-05-02,2021-05-02,1,1,2026-08-24T00:00:00.000,2018-01-01T00:00:00.000,9999-12-31T00:00:00.000,1,5951ef1024e2554e9a3c71004b47e4d15951ef1024e2554e9a3c71004b47e4d1
488,LTL000488,232,450,494,6,Quartz LogisticsTransportLoad 488,2021-05-03,2021-05-03,1,1,2026-08-24T00:00:00.000,2018-01-01T00:00:00.000,9999-12-31T00:00:00.000,1,e43b74750c525cfbabc99e1b00771165e43b74750c525cfbabc99e1b00771165
489,LTL000489,311,79,201,3,Northstar LogisticsTransportLoad 489,2021-05-04,2021-05-04,1,1,2026-08-24T00:00:00.000,2018-01-01T00:00:00.000,9999-12-31T00:00:00.000,1,b21ca73244c75ebe8514fa30a33e4462b21ca73244c75ebe8514fa30a33e4462
490,LTL000490,237,307,33,8,Keystone LogisticsTransportLoad 490,2021-05-05,2021-05-05,1,1,2026-08-24T00:00:00.000,2018-01-01T00:00:00.000,9999-12-31T00:00:00.000,1,181fa01b873b5b188d5744c95d680dde181fa01b873b5b188d5744c95d680dde
491,LTL000491,450,95,451,12,Keystone LogisticsTransportLoad 491,2021-05-06,2021-05-06,1,1,2026-08-24T00:00:00.000,2018-01-01T00:00:00.000,9999-12-31T00:00:00.000,1,94461079db485a16b3c619f9fe10b2d694461079db485a16b3c619f9fe10b2d6
492,LTL000492,182,211,397,12,Granite LogisticsTransportLoad 492,2021-05-07,2021-05-07,1,1,2026-08-24T00:00:00.000,2018-01-01T00:00:00.000,9999-12-31T00:00:00.000,1,7f56ed6a04c65e809a9ad14e41e11fa27f56ed6a04c65e809a9ad14e41e11fa2
493,LTL000493,73,471,-1,4,Harbor LogisticsTransportLoad 493,2021-05-08,2021-05-08,1,1,2026-08-24T00:00:00.000,2018-01-01T00:00:00.000,9999-12-31T00:00:00.000,1,fc6f65841db759119eaa8cba8c6f2fe8fc6f65841db759119eaa8cba8c6f2fe8
494,LTL000494,97,240,389,10,Harbor LogisticsTransportLoad 494,2021-05-09,2021-05-09,1,1,2026-08-24T00:00:00.000,2018-01-01T00:00:00.000,9999-12-31T00:00:00.000,1,6ba90511ac595f069b765909122c15ea6ba90511ac595f069b765909122c15ea
495,LTL000495,423,488,378,13,Summit LogisticsTransportLoad 495,2021-05-10,2021-05-10,1,1,2026-08-24T00:00:00.000,2018-01-01T00:00:00.000,9999-12-31T00:00:00.000,1,8160c6c69c325c6a91086398064e990e8160c6c69c325c6a91086398064e990e
496,LTL000496,152,434,228,6,Atlas LogisticsTransportLoad 496,2021-05-11,2021-05-11,1,1,2026-08-24T00:00:00.000,2018-01-01T00:00:00.000,9999-12-31T00:00:00.000,1,795e3982b5b55e27803d1af17d952098795e3982b5b55e27803d1af17d952098
497,LTL000497,422,118,199,5,Pioneer LogisticsTransportLoad 497,2021-05-12,2021-05-12,1,1,2026-08-24T00:00:00.000,2018-01-01T00:00:00.000,9999-12-31T00:00:00.000,1,eb6810442e755189875b82393162cafdeb6810442e755189875b82393162cafd
498,LTL000498,405,132,259,1,Willow LogisticsTransportLoad 498,2021-05-13,2021-05-13,1,1,2026-08-24T00:00:00.000,2018-01-01T00:00:00.000,9999-12-31T00:00:00.000,1,d8f958fa859f550e84357fa283559379d8f958fa859f550e84357fa283559379
499,LTL000499,437,415,474,12,Pioneer LogisticsTransportLoad 499,2021-05-14,2021-05-14,1,1,2026-08-24T00:00:00.000,2018-01-01T00:00:00.000,9999-12-31T00:00:00.000,1,f60fef1612305c12a6b8b981ee56ad18f60fef1612305c12a6b8b981ee56ad18
500,LTL000500,76,361,15,14,Delta LogisticsTransportLoad 500,2021-05-15,2021-05-15,1,1,2026-08-24T00:00:00.000,2018-01-01T00:00:00.000,9999-12-31T00:00:00.000,1,a4aa402a5ece5c918300b2394dfa0e07a4aa402a5ece5c918300b2394dfa0e07
