MaintenanceSparePartKey,SparePartNumber,ProductKey,MaintenanceAssetComponentTypeKey,UnitOfMeasureKey,HazardClassKey,MaintenanceSparePartName,RevisionCode,ActiveFlag,StandardValue,SourceSystemKey,BatchId,LoadedAtUtc,EffectiveFromUtc,EffectiveToUtc,IsCurrent,RowHash
-1,UNKNOWN,-1,-1,-1,-1,Unknown,UNKNOWN,0,0.0000,-1,0,1900-01-01T00:00:00.000,1900-01-01T00:00:00.000,1900-01-01T00:00:00.000,0,0000000000000000000000000000000000000000000000000000000000000000
1,MSP000001,319,438,4,13,Titan MaintenanceSparePart 1,MSP000001,1,11.3700,1,1,2026-08-24T00:00:00.000,2018-01-01T00:00:00.000,9999-12-31T00:00:00.000,1,e26ab2a6b64853a1a51c8a8636d27d8ee26ab2a6b64853a1a51c8a8636d27d8e
2,MSP000002,331,155,3,1,Evergreen MaintenanceSparePart 2,MSP000002,1,12.7400,1,1,2026-08-24T00:00:00.000,2018-01-01T00:00:00.000,9999-12-31T00:00:00.000,1,81363b906bcd586581d079a7e73f204481363b906bcd586581d079a7e73f2044
3,MSP000003,6,74,3,10,Titan MaintenanceSparePart 3,MSP000003,1,14.1100,1,1,2026-08-24T00:00:00.000,2018-01-01T00:00:00.000,9999-12-31T00:00:00.000,1,22a78e43196b52b39e23b454ec5f99e922a78e43196b52b39e23b454ec5f99e9
4,MSP000004,454,155,6,1,Vertex MaintenanceSparePart 4,MSP000004,1,15.4800,1,1,2026-08-24T00:00:00.000,2018-01-01T00:00:00.000,9999-12-31T00:00:00.000,1,083a078dd5685ca8bec876ef6af1ccfa083a078dd5685ca8bec876ef6af1ccfa
5,MSP000005,11,112,6,13,Pioneer MaintenanceSparePart 5,MSP000005,0,16.8500,1,1,2026-08-24T00:00:00.000,2018-01-01T00:00:00.000,9999-12-31T00:00:00.000,1,9c51aa360d7253c784aa7fb417ec5aac9c51aa360d7253c784aa7fb417ec5aac
6,MSP000006,55,126,2,7,Harbor MaintenanceSparePart 6,MSP000006,1,18.2200,1,1,2026-08-24T00:00:00.000,2018-01-01T00:00:00.000,9999-12-31T00:00:00.000,1,318dffb31cae5f9d844e47886871afe7318dffb31cae5f9d844e47886871afe7
7,MSP000007,169,257,5,9,Willow MaintenanceSparePart 7,MSP000007,1,19.5900,1,1,2026-08-24T00:00:00.000,2018-01-01T00:00:00.000,9999-12-31T00:00:00.000,1,741411a8c3605640821b91384780e9d0741411a8c3605640821b91384780e9d0
8,MSP000008,259,394,5,14,Liberty MaintenanceSparePart 8,MSP000008,1,20.9600,1,1,2026-08-24T00:00:00.000,2018-01-01T00:00:00.000,9999-12-31T00:00:00.000,1,2496f79370a150d896f734a23f1a833b2496f79370a150d896f734a23f1a833b
9,MSP000009,404,414,1,8,Ion MaintenanceSparePart 9,MSP000009,1,22.3300,1,1,2026-08-24T00:00:00.000,2018-01-01T00:00:00.000,9999-12-31T00:00:00.000,1,4f568cbc75c65be3b12de1d67bad6c804f568cbc75c65be3b12de1d67bad6c80
10,MSP000010,288,302,4,3,Zenith MaintenanceSparePart 10,MSP000010,0,23.7000,1,1,2026-08-24T00:00:00.000,2018-01-01T00:00:00.000,9999-12-31T00:00:00.000,1,8332049078945b84aab24cab53b264c28332049078945b84aab24cab53b264c2
11,MSP000011,65,163,7,12,Harbor MaintenanceSparePart 11,MSP000011,1,25.0700,1,1,2026-08-24T00:00:00.000,2018-01-01T00:00:00.000,9999-12-31T00:00:00.000,1,48a09ae36bde5bea8c9f80f3526fb5f648a09ae36bde5bea8c9f80f3526fb5f6
12,MSP000012,366,61,4,5,Willow MaintenanceSparePart 12,MSP000012,1,26.4400,1,1,2026-08-24T00:00:00.000,2018-01-01T00:00:00.000,9999-12-31T00:00:00.000,1,fe25224cf0625a1fbaaf952403b1ecf9fe25224cf0625a1fbaaf952403b1ecf9
13,MSP000013,283,270,4,7,Harbor MaintenanceSparePart 13,MSP000013,1,27.8100,1,1,2026-08-24T00:00:00.000,2018-01-01T00:00:00.000,9999-12-31T00:00:00.000,1,03fe9b8c8ba45490b9e1890607f4520b03fe9b8c8ba45490b9e1890607f4520b
14,MSP000014,80,139,5,5,Granite MaintenanceSparePart 14,MSP000014,1,29.1800,1,1,2026-08-24T00:00:00.000,2018-01-01T00:00:00.000,9999-12-31T00:00:00.000,1,367e6d03ba3a5dac8a18eedb0293d35d367e6d03ba3a5dac8a18eedb0293d35d
15,MSP000015,424,315,5,6,Meridian MaintenanceSparePart 15,MSP000015,0,30.5500,1,1,2026-08-24T00:00:00.000,2018-01-01T00:00:00.000,9999-12-31T00:00:00.000,1,86bca95c36c350f68e30b2283588f51586bca95c36c350f68e30b2283588f515
16,MSP000016,173,483,5,2,Quartz MaintenanceSparePart 16,MSP000016,1,31.9200,1,1,2026-08-24T00:00:00.000,2018-01-01T00:00:00.000,9999-12-31T00:00:00.000,1,aca0566a23af51c39e6b8b3851f7a873aca0566a23af51c39e6b8b3851f7a873
17,MSP000017,90,392,1,17,Vertex MaintenanceSparePart 17,MSP000017,1,33.2900,1,1,2026-08-24T00:00:00.000,2018-01-01T00:00:00.000,9999-12-31T00:00:00.000,1,17a90fca07895af8aa6bbf239383a81217a90fca07895af8aa6bbf239383a812
18,MSP000018,231,354,5,2,Orion MaintenanceSparePart 18,MSP000018,1,34.6600,1,1,2026-08-24T00:00:00.000,2018-01-01T00:00:00.000,9999-12-31T00:00:00.000,1,6d76b6e0f07f560993f68a248631605e6d76b6e0f07f560993f68a248631605e
19,MSP000019,182,162,5,18,Willow MaintenanceSparePart 19,MSP000019,1,36.0300,1,1,2026-08-24T00:00:00.000,2018-01-01T00:00:00.000,9999-12-31T00:00:00.000,1,b1cee1fd64265151845af685f6d5268fb1cee1fd64265151845af685f6d5268f
20,MSP000020,270,241,2,16,Orion MaintenanceSparePart 20,MSP000020,0,37.4000,1,1,2026-08-24T00:00:00.000,2018-01-01T00:00:00.000,9999-12-31T00:00:00.000,1,4ce2a5a97fd659ffb6e516c84d4eccf14ce2a5a97fd659ffb6e516c84d4eccf1
21,MSP000021,436,305,3,5,Delta MaintenanceSparePart 21,MSP000021,1,38.7700,1,1,2026-08-24T00:00:00.000,2018-01-01T00:00:00.000,9999-12-31T00:00:00.000,1,f86733328b3b550c98adc36d400a2d45f86733328b3b550c98adc36d400a2d45
22,MSP000022,117,261,1,9,Vertex MaintenanceSparePart 22,MSP000022,1,40.1400,1,1,2026-08-24T00:00:00.000,2018-01-01T00:00:00.000,9999-12-31T00:00:00.000,1,ff8140e1777c517f9c58bc86876094c8ff8140e1777c517f9c58bc86876094c8
23,MSP000023,232,255,1,6,Willow MaintenanceSparePart 23,MSP000023,1,41.5100,1,1,2026-08-24T00:00:00.000,2018-01-01T00:00:00.000,9999-12-31T00:00:00.000,1,4e4ecc3a4cf159d3ac8cc892dbb43bd04e4ecc3a4cf159d3ac8cc892dbb43bd0
24,MSP000024,205,393,7,18,Keystone MaintenanceSparePart 24,MSP000024,1,42.8800,1,1,2026-08-24T00:00:00.000,2018-01-01T00:00:00.000,9999-12-31T00:00:00.000,1,9309de8f92cb59cdbab828ce20b3c07a9309de8f92cb59cdbab828ce20b3c07a
25,MSP000025,67,471,7,3,Vertex MaintenanceSparePart 25,MSP000025,0,44.2500,1,1,2026-08-24T00:00:00.000,2018-01-01T00:00:00.000,9999-12-31T00:00:00.000,1,11d387e178d55d9e8ab35217c7cdd7db11d387e178d55d9e8ab35217c7cdd7db
26,MSP000026,453,210,5,11,Delta MaintenanceSparePart 26,MSP000026,1,45.6200,1,1,2026-08-24T00:00:00.000,2018-01-01T00:00:00.000,9999-12-31T00:00:00.000,1,fd488774199a56f8951f890c1474043bfd488774199a56f8951f890c1474043b
27,MSP000027,3,287,3,14,Quartz MaintenanceSparePart 27,MSP000027,1,46.9900,1,1,2026-08-24T00:00:00.000,2018-01-01T00:00:00.000,9999-12-31T00:00:00.000,1,057bc0861c235fb280c223d3cbf2774e057bc0861c235fb280c223d3cbf2774e
28,MSP000028,87,438,2,2,Quartz MaintenanceSparePart 28,MSP000028,1,48.3600,1,1,2026-08-24T00:00:00.000,2018-01-01T00:00:00.000,9999-12-31T00:00:00.000,1,fd9eae9ea3bb53f89429c15a073bb404fd9eae9ea3bb53f89429c15a073bb404
29,MSP000029,246,240,2,14,Liberty MaintenanceSparePart 29,MSP000029,1,49.7300,1,1,2026-08-24T00:00:00.000,2018-01-01T00:00:00.000,9999-12-31T00:00:00.000,1,65cf548f129f578c870a301ee45a014265cf548f129f578c870a301ee45a0142
30,MSP000030,116,324,7,16,Zenith MaintenanceSparePart 30,MSP000030,0,51.1000,1,1,2026-08-24T00:00:00.000,2018-01-01T00:00:00.000,9999-12-31T00:00:00.000,1,3398ac424b4b5a61ae8ca20f8922bb9a3398ac424b4b5a61ae8ca20f8922bb9a
31,MSP000031,387,261,3,13,Riverton MaintenanceSparePart 31,MSP000031,1,52.4700,1,1,2026-08-24T00:00:00.000,2018-01-01T00:00:00.000,9999-12-31T00:00:00.000,1,f08f6a779ba25059996d2d2190bb5591f08f6a779ba25059996d2d2190bb5591
32,MSP000032,184,244,3,1,Summit MaintenanceSparePart 32,MSP000032,1,53.8400,1,1,2026-08-24T00:00:00.000,2018-01-01T00:00:00.000,9999-12-31T00:00:00.000,1,7f64fb3b6a0052898c2bff07056dfa027f64fb3b6a0052898c2bff07056dfa02
33,MSP000033,342,492,4,9,Forge MaintenanceSparePart 33,MSP000033,1,55.2100,1,1,2026-08-24T00:00:00.000,2018-01-01T00:00:00.000,9999-12-31T00:00:00.000,1,fbcd21939e3e5825ae74dc35f717f12ffbcd21939e3e5825ae74dc35f717f12f
34,MSP000034,207,358,1,5,Junction MaintenanceSparePart 34,MSP000034,1,56.5800,1,1,2026-08-24T00:00:00.000,2018-01-01T00:00:00.000,9999-12-31T00:00:00.000,1,cbbc5694b185574cb7fa13104dbd60cfcbbc5694b185574cb7fa13104dbd60cf
35,MSP000035,332,202,3,18,Cedar MaintenanceSparePart 35,MSP000035,0,57.9500,1,1,2026-08-24T00:00:00.000,2018-01-01T00:00:00.000,9999-12-31T00:00:00.000,1,bbcffc6be3e05a459c1205284cab1d01bbcffc6be3e05a459c1205284cab1d01
36,MSP000036,19,86,5,6,Orion MaintenanceSparePart 36,MSP000036,1,59.3200,1,1,2026-08-24T00:00:00.000,2018-01-01T00:00:00.000,9999-12-31T00:00:00.000,1,f783c8824cb45eaeb63a6cdd643414a9f783c8824cb45eaeb63a6cdd643414a9
37,MSP000037,206,96,4,10,Cedar MaintenanceSparePart 37,MSP000037,1,60.6900,1,1,2026-08-24T00:00:00.000,2018-01-01T00:00:00.000,9999-12-31T00:00:00.000,1,7367f9ec81105edfb6ee5df967baac9f7367f9ec81105edfb6ee5df967baac9f
38,MSP000038,83,187,2,18,Unity MaintenanceSparePart 38,MSP000038,1,62.0600,1,1,2026-08-24T00:00:00.000,2018-01-01T00:00:00.000,9999-12-31T00:00:00.000,1,c7c61982f32950ec828cad06aca263fec7c61982f32950ec828cad06aca263fe
39,MSP000039,389,333,7,14,Harbor MaintenanceSparePart 39,MSP000039,1,63.4300,1,1,2026-08-24T00:00:00.000,2018-01-01T00:00:00.000,9999-12-31T00:00:00.000,1,6d6ff96479135795b6e5e5c3a1a23ef76d6ff96479135795b6e5e5c3a1a23ef7
40,MSP000040,317,184,3,10,Summit MaintenanceSparePart 40,MSP000040,0,64.8000,1,1,2026-08-24T00:00:00.000,2018-01-01T00:00:00.000,9999-12-31T00:00:00.000,1,5ce7165d8637557cbf63953633c7df5c5ce7165d8637557cbf63953633c7df5c
41,MSP000041,60,229,7,14,Cedar MaintenanceSparePart 41,MSP000041,1,66.1700,1,1,2026-08-24T00:00:00.000,2018-01-01T00:00:00.000,9999-12-31T00:00:00.000,1,13cfdf24f2bc596089a32d401e3eba2d13cfdf24f2bc596089a32d401e3eba2d
42,MSP000042,343,252,2,11,Orion MaintenanceSparePart 42,MSP000042,1,67.5400,1,1,2026-08-24T00:00:00.000,2018-01-01T00:00:00.000,9999-12-31T00:00:00.000,1,530a55df8f395a41bbc5ec8d5393005d530a55df8f395a41bbc5ec8d5393005d
43,MSP000043,4,70,3,11,Northstar MaintenanceSparePart 43,MSP000043,1,68.9100,1,1,2026-08-24T00:00:00.000,2018-01-01T00:00:00.000,9999-12-31T00:00:00.000,1,7c64e6ce39b750babb5ca98f9831adad7c64e6ce39b750babb5ca98f9831adad
44,MSP000044,82,217,6,8,Northstar MaintenanceSparePart 44,MSP000044,1,70.2800,1,1,2026-08-24T00:00:00.000,2018-01-01T00:00:00.000,9999-12-31T00:00:00.000,1,36564dddcadc576880eff17f0ab02b7436564dddcadc576880eff17f0ab02b74
45,MSP000045,191,309,5,8,Forge MaintenanceSparePart 45,MSP000045,0,71.6500,1,1,2026-08-24T00:00:00.000,2018-01-01T00:00:00.000,9999-12-31T00:00:00.000,1,40c72882ec0d56e7adf502c4fd04c8ee40c72882ec0d56e7adf502c4fd04c8ee
46,MSP000046,119,31,3,13,Summit MaintenanceSparePart 46,MSP000046,1,73.0200,1,1,2026-08-24T00:00:00.000,2018-01-01T00:00:00.000,9999-12-31T00:00:00.000,1,5c38a5fcc3375fdb99d7ce65f4ea38455c38a5fcc3375fdb99d7ce65f4ea3845
47,MSP000047,55,186,2,2,Zenith MaintenanceSparePart 47,MSP000047,1,74.3900,1,1,2026-08-24T00:00:00.000,2018-01-01T00:00:00.000,9999-12-31T00:00:00.000,1,6d0bf17efc28559b92a74cad793340a36d0bf17efc28559b92a74cad793340a3
48,MSP000048,369,365,6,11,Zenith MaintenanceSparePart 48,MSP000048,1,75.7600,1,1,2026-08-24T00:00:00.000,2018-01-01T00:00:00.000,9999-12-31T00:00:00.000,1,57d0fc5c25fc506b963f988cfa09785b57d0fc5c25fc506b963f988cfa09785b
49,MSP000049,239,256,2,4,Meridian MaintenanceSparePart 49,MSP000049,1,77.1300,1,1,2026-08-24T00:00:00.000,2018-01-01T00:00:00.000,9999-12-31T00:00:00.000,1,ec6205e1444556d09b1070cff78b0492ec6205e1444556d09b1070cff78b0492
50,MSP000050,362,68,2,1,Keystone MaintenanceSparePart 50,MSP000050,0,78.5000,1,1,2026-08-24T00:00:00.000,2018-01-01T00:00:00.000,9999-12-31T00:00:00.000,1,144752b760b95fc8ad7d05306ec97d95144752b760b95fc8ad7d05306ec97d95
51,MSP000051,377,311,3,6,Forge MaintenanceSparePart 51,MSP000051,1,79.8700,1,1,2026-08-24T00:00:00.000,2018-01-01T00:00:00.000,9999-12-31T00:00:00.000,1,b62c9a4bea245c0faa64d3ea5f028a51b62c9a4bea245c0faa64d3ea5f028a51
52,MSP000052,72,442,2,4,Forge MaintenanceSparePart 52,MSP000052,1,81.2400,1,1,2026-08-24T00:00:00.000,2018-01-01T00:00:00.000,9999-12-31T00:00:00.000,1,f60fb771e4cd5fa8848911a64e372626f60fb771e4cd5fa8848911a64e372626
53,MSP000053,260,364,6,14,Unity MaintenanceSparePart 53,MSP000053,1,82.6100,1,1,2026-08-24T00:00:00.000,2018-01-01T00:00:00.000,9999-12-31T00:00:00.000,1,46905b728b4a56bdae07c356f1ee9f7146905b728b4a56bdae07c356f1ee9f71
54,MSP000054,347,44,5,10,Unity MaintenanceSparePart 54,MSP000054,1,83.9800,1,1,2026-08-24T00:00:00.000,2018-01-01T00:00:00.000,9999-12-31T00:00:00.000,1,e6859987f0f85072a3c73710183c8952e6859987f0f85072a3c73710183c8952
55,MSP000055,90,98,2,1,Atlas MaintenanceSparePart 55,MSP000055,0,85.3500,1,1,2026-08-24T00:00:00.000,2018-01-01T00:00:00.000,9999-12-31T00:00:00.000,1,a6ca9b9754905c308db39ada1aaf9738a6ca9b9754905c308db39ada1aaf9738
56,MSP000056,361,251,5,1,Cedar MaintenanceSparePart 56,MSP000056,1,86.7200,1,1,2026-08-24T00:00:00.000,2018-01-01T00:00:00.000,9999-12-31T00:00:00.000,1,ccc56dae72645a4c8519644762567a9dccc56dae72645a4c8519644762567a9d
57,MSP000057,225,158,7,11,Cedar MaintenanceSparePart 57,MSP000057,1,88.0900,1,1,2026-08-24T00:00:00.000,2018-01-01T00:00:00.000,9999-12-31T00:00:00.000,1,b525552350a4586da3e1131697c7b21eb525552350a4586da3e1131697c7b21e
58,MSP000058,312,96,5,9,Harbor MaintenanceSparePart 58,MSP000058,1,89.4600,1,1,2026-08-24T00:00:00.000,2018-01-01T00:00:00.000,9999-12-31T00:00:00.000,1,b348952e1e095b0298447fff2bea868db348952e1e095b0298447fff2bea868d
59,MSP000059,424,464,3,16,Titan MaintenanceSparePart 59,MSP000059,1,90.8300,1,1,2026-08-24T00:00:00.000,2018-01-01T00:00:00.000,9999-12-31T00:00:00.000,1,444a55bf2f3f59f881b1066b1a5a6669444a55bf2f3f59f881b1066b1a5a6669
60,MSP000060,155,288,6,12,Evergreen MaintenanceSparePart 60,MSP000060,0,92.2000,1,1,2026-08-24T00:00:00.000,2018-01-01T00:00:00.000,9999-12-31T00:00:00.000,1,60116cd4b1b85123b1dc0227e479487b60116cd4b1b85123b1dc0227e479487b
61,MSP000061,50,338,5,5,Evergreen MaintenanceSparePart 61,MSP000061,1,93.5700,1,1,2026-08-24T00:00:00.000,2018-01-01T00:00:00.000,9999-12-31T00:00:00.000,1,2f0a0722c1bf5108bda1d675171fe1f52f0a0722c1bf5108bda1d675171fe1f5
62,MSP000062,51,209,7,11,Forge MaintenanceSparePart 62,MSP000062,1,94.9400,1,1,2026-08-24T00:00:00.000,2018-01-01T00:00:00.000,9999-12-31T00:00:00.000,1,08c6c5989c1454ddb69762ff0f28245c08c6c5989c1454ddb69762ff0f28245c
63,MSP000063,391,18,7,9,Beacon MaintenanceSparePart 63,MSP000063,1,96.3100,1,1,2026-08-24T00:00:00.000,2018-01-01T00:00:00.000,9999-12-31T00:00:00.000,1,37051beea1fc518880756b31a66f8f7337051beea1fc518880756b31a66f8f73
64,MSP000064,436,286,5,18,Harbor MaintenanceSparePart 64,MSP000064,1,97.6800,1,1,2026-08-24T00:00:00.000,2018-01-01T00:00:00.000,9999-12-31T00:00:00.000,1,34941da7409e508c8f77e490ba3cd42c34941da7409e508c8f77e490ba3cd42c
65,MSP000065,140,496,7,3,Atlas MaintenanceSparePart 65,MSP000065,0,99.0500,1,1,2026-08-24T00:00:00.000,2018-01-01T00:00:00.000,9999-12-31T00:00:00.000,1,4c8ba6e5ef2b5342b43c1069e0ff8e134c8ba6e5ef2b5342b43c1069e0ff8e13
66,MSP000066,329,182,4,5,Junction MaintenanceSparePart 66,MSP000066,1,100.4200,1,1,2026-08-24T00:00:00.000,2018-01-01T00:00:00.000,9999-12-31T00:00:00.000,1,00e41787f1465e67952fbf7e51b64c4700e41787f1465e67952fbf7e51b64c47
67,MSP000067,453,199,4,7,Willow MaintenanceSparePart 67,MSP000067,1,101.7900,1,1,2026-08-24T00:00:00.000,2018-01-01T00:00:00.000,9999-12-31T00:00:00.000,1,020767fe33ae58babb1dee29bbd010db020767fe33ae58babb1dee29bbd010db
68,MSP000068,131,411,3,8,Quartz MaintenanceSparePart 68,MSP000068,1,103.1600,1,1,2026-08-24T00:00:00.000,2018-01-01T00:00:00.000,9999-12-31T00:00:00.000,1,acbf16ab9fa85b9ba6871b096dbf8fd2acbf16ab9fa85b9ba6871b096dbf8fd2
69,MSP000069,475,399,1,11,Willow MaintenanceSparePart 69,MSP000069,1,104.5300,1,1,2026-08-24T00:00:00.000,2018-01-01T00:00:00.000,9999-12-31T00:00:00.000,1,33428c441df35a699949ef7d80289abd33428c441df35a699949ef7d80289abd
70,MSP000070,148,242,2,16,Junction MaintenanceSparePart 70,MSP000070,0,105.9000,1,1,2026-08-24T00:00:00.000,2018-01-01T00:00:00.000,9999-12-31T00:00:00.000,1,003e559cb666520fb250aedd2094148a003e559cb666520fb250aedd2094148a
71,MSP000071,436,122,2,2,Liberty MaintenanceSparePart 71,MSP000071,1,107.2700,1,1,2026-08-24T00:00:00.000,2018-01-01T00:00:00.000,9999-12-31T00:00:00.000,1,0798a2962ea45349b2134f3ec9d626960798a2962ea45349b2134f3ec9d62696
72,MSP000072,44,57,2,14,Zenith MaintenanceSparePart 72,MSP000072,1,108.6400,1,1,2026-08-24T00:00:00.000,2018-01-01T00:00:00.000,9999-12-31T00:00:00.000,1,531f0e9231b75084aebedd751be4b7af531f0e9231b75084aebedd751be4b7af
73,MSP000073,312,5,6,11,Cedar MaintenanceSparePart 73,MSP000073,1,110.0100,1,1,2026-08-24T00:00:00.000,2018-01-01T00:00:00.000,9999-12-31T00:00:00.000,1,852adc9381b35441a0353fde08dfb777852adc9381b35441a0353fde08dfb777
74,MSP000074,330,380,5,13,Meridian MaintenanceSparePart 74,MSP000074,1,111.3800,1,1,2026-08-24T00:00:00.000,2018-01-01T00:00:00.000,9999-12-31T00:00:00.000,1,29bfaae8a11158c1a929680a086fc2e329bfaae8a11158c1a929680a086fc2e3
75,MSP000075,251,18,4,15,Delta MaintenanceSparePart 75,MSP000075,0,112.7500,1,1,2026-08-24T00:00:00.000,2018-01-01T00:00:00.000,9999-12-31T00:00:00.000,1,ce3fd2798057590f83a392803f05ffeace3fd2798057590f83a392803f05ffea
76,MSP000076,160,334,2,6,Evergreen MaintenanceSparePart 76,MSP000076,1,114.1200,1,1,2026-08-24T00:00:00.000,2018-01-01T00:00:00.000,9999-12-31T00:00:00.000,1,d540dc5cc75755ab9ea257da22b7e54cd540dc5cc75755ab9ea257da22b7e54c
77,MSP000077,360,51,7,10,Liberty MaintenanceSparePart 77,MSP000077,1,115.4900,1,1,2026-08-24T00:00:00.000,2018-01-01T00:00:00.000,9999-12-31T00:00:00.000,1,8c0e78151dd15f61aad0bddcfbc4225a8c0e78151dd15f61aad0bddcfbc4225a
78,MSP000078,204,68,3,18,Harbor MaintenanceSparePart 78,MSP000078,1,116.8600,1,1,2026-08-24T00:00:00.000,2018-01-01T00:00:00.000,9999-12-31T00:00:00.000,1,d32d0bd4d09d537b9e0089f0cff3f851d32d0bd4d09d537b9e0089f0cff3f851
79,MSP000079,41,198,7,6,Forge MaintenanceSparePart 79,MSP000079,1,118.2300,1,1,2026-08-24T00:00:00.000,2018-01-01T00:00:00.000,9999-12-31T00:00:00.000,1,39270b2ba8665547b18555c93e39c60639270b2ba8665547b18555c93e39c606
80,MSP000080,81,372,3,3,Titan MaintenanceSparePart 80,MSP000080,0,119.6000,1,1,2026-08-24T00:00:00.000,2018-01-01T00:00:00.000,9999-12-31T00:00:00.000,1,954d358df55c5515bc9cb2f302e700e0954d358df55c5515bc9cb2f302e700e0
81,MSP000081,321,429,1,6,Cedar MaintenanceSparePart 81,MSP000081,1,120.9700,1,1,2026-08-24T00:00:00.000,2018-01-01T00:00:00.000,9999-12-31T00:00:00.000,1,9eca9579e7b6562ba83d294d5450d59a9eca9579e7b6562ba83d294d5450d59a
82,MSP000082,381,6,7,18,Ion MaintenanceSparePart 82,MSP000082,1,122.3400,1,1,2026-08-24T00:00:00.000,2018-01-01T00:00:00.000,9999-12-31T00:00:00.000,1,80e235f3d7db558aa8004bef9404476e80e235f3d7db558aa8004bef9404476e
83,MSP000083,306,2,1,5,Junction MaintenanceSparePart 83,MSP000083,1,123.7100,1,1,2026-08-24T00:00:00.000,2018-01-01T00:00:00.000,9999-12-31T00:00:00.000,1,4f1c9f1739ad5989a761def8478e7d994f1c9f1739ad5989a761def8478e7d99
84,MSP000084,430,467,4,11,Zenith MaintenanceSparePart 84,MSP000084,1,125.0800,1,1,2026-08-24T00:00:00.000,2018-01-01T00:00:00.000,9999-12-31T00:00:00.000,1,b31b61f846835d7f9faf374c588bccefb31b61f846835d7f9faf374c588bccef
85,MSP000085,462,368,5,2,Cedar MaintenanceSparePart 85,MSP000085,0,126.4500,1,1,2026-08-24T00:00:00.000,2018-01-01T00:00:00.000,9999-12-31T00:00:00.000,1,06ac4d4e9eb55139b53f059669033d8b06ac4d4e9eb55139b53f059669033d8b
86,MSP000086,108,31,3,2,Willow MaintenanceSparePart 86,MSP000086,1,127.8200,1,1,2026-08-24T00:00:00.000,2018-01-01T00:00:00.000,9999-12-31T00:00:00.000,1,7d148e1154ad5271a61b0035ba2db31e7d148e1154ad5271a61b0035ba2db31e
87,MSP000087,275,16,6,1,Keystone MaintenanceSparePart 87,MSP000087,1,129.1900,1,1,2026-08-24T00:00:00.000,2018-01-01T00:00:00.000,9999-12-31T00:00:00.000,1,35e938d8773f58fe8f00cb2d96311f8f35e938d8773f58fe8f00cb2d96311f8f
88,MSP000088,100,61,1,9,Keystone MaintenanceSparePart 88,MSP000088,1,130.5600,1,1,2026-08-24T00:00:00.000,2018-01-01T00:00:00.000,9999-12-31T00:00:00.000,1,7f2ddb0bcccd53d2a0948300d16e45af7f2ddb0bcccd53d2a0948300d16e45af
89,MSP000089,319,376,5,1,Delta MaintenanceSparePart 89,MSP000089,1,131.9300,1,1,2026-08-24T00:00:00.000,2018-01-01T00:00:00.000,9999-12-31T00:00:00.000,1,dd4a31be84705d1eaf230ddfaa8dc29add4a31be84705d1eaf230ddfaa8dc29a
90,MSP000090,27,75,6,4,Pioneer MaintenanceSparePart 90,MSP000090,0,133.3000,1,1,2026-08-24T00:00:00.000,2018-01-01T00:00:00.000,9999-12-31T00:00:00.000,1,09be7b63885b5d8fa255af1e4dfedc0c09be7b63885b5d8fa255af1e4dfedc0c
91,MSP000091,469,224,4,14,Meridian MaintenanceSparePart 91,MSP000091,1,134.6700,1,1,2026-08-24T00:00:00.000,2018-01-01T00:00:00.000,9999-12-31T00:00:00.000,1,e77fbad471af5c17bc68ea70a004a0b4e77fbad471af5c17bc68ea70a004a0b4
92,MSP000092,203,275,6,13,Harbor MaintenanceSparePart 92,MSP000092,1,136.0400,1,1,2026-08-24T00:00:00.000,2018-01-01T00:00:00.000,9999-12-31T00:00:00.000,1,115b7b17b3cb5b4cbb73d28ed3c39740115b7b17b3cb5b4cbb73d28ed3c39740
93,MSP000093,241,417,5,15,Evergreen MaintenanceSparePart 93,MSP000093,1,137.4100,1,1,2026-08-24T00:00:00.000,2018-01-01T00:00:00.000,9999-12-31T00:00:00.000,1,3bf76aa19e615f89a06578f3203af5ee3bf76aa19e615f89a06578f3203af5ee
94,MSP000094,276,248,1,16,Orion MaintenanceSparePart 94,MSP000094,1,138.7800,1,1,2026-08-24T00:00:00.000,2018-01-01T00:00:00.000,9999-12-31T00:00:00.000,1,b550dd1a0da65c27847cf9ca298ece34b550dd1a0da65c27847cf9ca298ece34
95,MSP000095,66,443,4,4,Zenith MaintenanceSparePart 95,MSP000095,0,140.1500,1,1,2026-08-24T00:00:00.000,2018-01-01T00:00:00.000,9999-12-31T00:00:00.000,1,f7a6ea567ddb5199881c668ff313c704f7a6ea567ddb5199881c668ff313c704
96,MSP000096,287,358,2,2,Cedar MaintenanceSparePart 96,MSP000096,1,141.5200,1,1,2026-08-24T00:00:00.000,2018-01-01T00:00:00.000,9999-12-31T00:00:00.000,1,336f566469b55d7ea45bbb043a283df9336f566469b55d7ea45bbb043a283df9
97,MSP000097,475,93,1,11,Willow MaintenanceSparePart 97,MSP000097,1,142.8900,1,1,2026-08-24T00:00:00.000,2018-01-01T00:00:00.000,9999-12-31T00:00:00.000,1,c758b8a0209e5555b5bee9fdf1c8700dc758b8a0209e5555b5bee9fdf1c8700d
98,MSP000098,480,248,7,8,Delta MaintenanceSparePart 98,MSP000098,1,144.2600,1,1,2026-08-24T00:00:00.000,2018-01-01T00:00:00.000,9999-12-31T00:00:00.000,1,10a975fb09805ffcadc517f1f9afdf1510a975fb09805ffcadc517f1f9afdf15
99,MSP000099,148,258,1,16,Atlas MaintenanceSparePart 99,MSP000099,1,145.6300,1,1,2026-08-24T00:00:00.000,2018-01-01T00:00:00.000,9999-12-31T00:00:00.000,1,3cc120ff7a2b542bbe04a4722993b2a23cc120ff7a2b542bbe04a4722993b2a2
100,MSP000100,327,261,6,13,Quartz MaintenanceSparePart 100,MSP000100,0,147.0000,1,1,2026-08-24T00:00:00.000,2018-01-01T00:00:00.000,9999-12-31T00:00:00.000,1,1dd0f4ce0e275e13b7c1b71419337a2a1dd0f4ce0e275e13b7c1b71419337a2a
101,MSP000101,110,183,1,16,Summit MaintenanceSparePart 101,MSP000101,1,148.3700,1,1,2026-08-24T00:00:00.000,2018-01-01T00:00:00.000,9999-12-31T00:00:00.000,1,7e106a5b2f7850c0b30b34def829b0ce7e106a5b2f7850c0b30b34def829b0ce
102,MSP000102,234,63,7,10,Cedar MaintenanceSparePart 102,MSP000102,1,149.7400,1,1,2026-08-24T00:00:00.000,2018-01-01T00:00:00.000,9999-12-31T00:00:00.000,1,16b62169f0ba5f3f8998cb65504eef4016b62169f0ba5f3f8998cb65504eef40
103,MSP000103,185,85,2,7,Meridian MaintenanceSparePart 103,MSP000103,1,151.1100,1,1,2026-08-24T00:00:00.000,2018-01-01T00:00:00.000,9999-12-31T00:00:00.000,1,1777550de52c5905a6d910cf99e54b3e1777550de52c5905a6d910cf99e54b3e
104,MSP000104,69,308,7,6,Junction MaintenanceSparePart 104,MSP000104,1,152.4800,1,1,2026-08-24T00:00:00.000,2018-01-01T00:00:00.000,9999-12-31T00:00:00.000,1,aec02f613fb25f96853c61dcb0c39424aec02f613fb25f96853c61dcb0c39424
105,MSP000105,427,467,1,8,Junction MaintenanceSparePart 105,MSP000105,0,153.8500,1,1,2026-08-24T00:00:00.000,2018-01-01T00:00:00.000,9999-12-31T00:00:00.000,1,b782b1ecda0b5bb98a83d3cdd1d0b89bb782b1ecda0b5bb98a83d3cdd1d0b89b
106,MSP000106,136,119,5,1,Vertex MaintenanceSparePart 106,MSP000106,1,155.2200,1,1,2026-08-24T00:00:00.000,2018-01-01T00:00:00.000,9999-12-31T00:00:00.000,1,243a32c0221b5f00acd56630f0583761243a32c0221b5f00acd56630f0583761
107,MSP000107,374,135,7,7,Evergreen MaintenanceSparePart 107,MSP000107,1,156.5900,1,1,2026-08-24T00:00:00.000,2018-01-01T00:00:00.000,9999-12-31T00:00:00.000,1,af71a6910c605afc83d3f0ffc66407cfaf71a6910c605afc83d3f0ffc66407cf
108,MSP000108,170,349,6,11,Delta MaintenanceSparePart 108,MSP000108,1,157.9600,1,1,2026-08-24T00:00:00.000,2018-01-01T00:00:00.000,9999-12-31T00:00:00.000,1,5a37d7b788ab55bf8ffd64214b6042065a37d7b788ab55bf8ffd64214b604206
109,MSP000109,292,432,5,10,Riverton MaintenanceSparePart 109,MSP000109,1,159.3300,1,1,2026-08-24T00:00:00.000,2018-01-01T00:00:00.000,9999-12-31T00:00:00.000,1,445e5a721458516f9176c19d1e782ab5445e5a721458516f9176c19d1e782ab5
110,MSP000110,437,142,7,10,Meridian MaintenanceSparePart 110,MSP000110,0,160.7000,1,1,2026-08-24T00:00:00.000,2018-01-01T00:00:00.000,9999-12-31T00:00:00.000,1,b5884ae0084254b59a8e693fec50c846b5884ae0084254b59a8e693fec50c846
111,MSP000111,129,76,4,11,Beacon MaintenanceSparePart 111,MSP000111,1,162.0700,1,1,2026-08-24T00:00:00.000,2018-01-01T00:00:00.000,9999-12-31T00:00:00.000,1,f4361d09146859a79c5ffd5724bf3d05f4361d09146859a79c5ffd5724bf3d05
112,MSP000112,267,120,6,7,Evergreen MaintenanceSparePart 112,MSP000112,1,163.4400,1,1,2026-08-24T00:00:00.000,2018-01-01T00:00:00.000,9999-12-31T00:00:00.000,1,3894c18317e456d2a0ecef79d3ccb9923894c18317e456d2a0ecef79d3ccb992
113,MSP000113,462,369,7,1,Summit MaintenanceSparePart 113,MSP000113,1,164.8100,1,1,2026-08-24T00:00:00.000,2018-01-01T00:00:00.000,9999-12-31T00:00:00.000,1,7f4b7a3e59e559ab9d98c96188eb7ec07f4b7a3e59e559ab9d98c96188eb7ec0
114,MSP000114,114,148,3,8,Ion MaintenanceSparePart 114,MSP000114,1,166.1800,1,1,2026-08-24T00:00:00.000,2018-01-01T00:00:00.000,9999-12-31T00:00:00.000,1,403ed259a31d55289f2fabb39e22057e403ed259a31d55289f2fabb39e22057e
115,MSP000115,135,228,7,10,Unity MaintenanceSparePart 115,MSP000115,0,167.5500,1,1,2026-08-24T00:00:00.000,2018-01-01T00:00:00.000,9999-12-31T00:00:00.000,1,b4dbce3186e954c18b3fbbef5e3a70c7b4dbce3186e954c18b3fbbef5e3a70c7
116,MSP000116,344,178,4,7,Ion MaintenanceSparePart 116,MSP000116,1,168.9200,1,1,2026-08-24T00:00:00.000,2018-01-01T00:00:00.000,9999-12-31T00:00:00.000,1,a84efb622a7954eda128a9671aa7d4d9a84efb622a7954eda128a9671aa7d4d9
117,MSP000117,489,106,5,6,Zenith MaintenanceSparePart 117,MSP000117,1,170.2900,1,1,2026-08-24T00:00:00.000,2018-01-01T00:00:00.000,9999-12-31T00:00:00.000,1,d1a1698558c253e5a4ab151cc6c9eb7dd1a1698558c253e5a4ab151cc6c9eb7d
118,MSP000118,468,433,1,11,Forge MaintenanceSparePart 118,MSP000118,1,171.6600,1,1,2026-08-24T00:00:00.000,2018-01-01T00:00:00.000,9999-12-31T00:00:00.000,1,52520e698ab350b9a2a2e86c65755cad52520e698ab350b9a2a2e86c65755cad
119,MSP000119,349,84,4,14,Junction MaintenanceSparePart 119,MSP000119,1,173.0300,1,1,2026-08-24T00:00:00.000,2018-01-01T00:00:00.000,9999-12-31T00:00:00.000,1,1dad248cc019518f96ef4576d992fab61dad248cc019518f96ef4576d992fab6
120,MSP000120,254,413,5,11,Keystone MaintenanceSparePart 120,MSP000120,0,174.4000,1,1,2026-08-24T00:00:00.000,2018-01-01T00:00:00.000,9999-12-31T00:00:00.000,1,78a4cd53e4725e0d843a143d5d1223d978a4cd53e4725e0d843a143d5d1223d9
121,MSP000121,134,5,2,1,Willow MaintenanceSparePart 121,MSP000121,1,175.7700,1,1,2026-08-24T00:00:00.000,2018-01-01T00:00:00.000,9999-12-31T00:00:00.000,1,91f96a3ff9685f15a49109b05e01f80291f96a3ff9685f15a49109b05e01f802
122,MSP000122,473,459,7,9,Ion MaintenanceSparePart 122,MSP000122,1,177.1400,1,1,2026-08-24T00:00:00.000,2018-01-01T00:00:00.000,9999-12-31T00:00:00.000,1,7bfd6b32ccb25a34b02dfbbd2dcfcd717bfd6b32ccb25a34b02dfbbd2dcfcd71
123,MSP000123,54,132,5,9,Delta MaintenanceSparePart 123,MSP000123,1,178.5100,1,1,2026-08-24T00:00:00.000,2018-01-01T00:00:00.000,9999-12-31T00:00:00.000,1,0062f4e26c0552adb7a8283285869df80062f4e26c0552adb7a8283285869df8
124,MSP000124,38,437,7,15,Orion MaintenanceSparePart 124,MSP000124,1,179.8800,1,1,2026-08-24T00:00:00.000,2018-01-01T00:00:00.000,9999-12-31T00:00:00.000,1,50d2aef6ea76510fa68088d0c30f2aea50d2aef6ea76510fa68088d0c30f2aea
125,MSP000125,373,488,4,14,Northstar MaintenanceSparePart 125,MSP000125,0,181.2500,1,1,2026-08-24T00:00:00.000,2018-01-01T00:00:00.000,9999-12-31T00:00:00.000,1,a023d5cfe03c5b69960390edca17f50da023d5cfe03c5b69960390edca17f50d
126,MSP000126,243,403,6,14,Meridian MaintenanceSparePart 126,MSP000126,1,182.6200,1,1,2026-08-24T00:00:00.000,2018-01-01T00:00:00.000,9999-12-31T00:00:00.000,1,e47f593730955ff6892be577b602d298e47f593730955ff6892be577b602d298
127,MSP000127,376,186,3,7,Ion MaintenanceSparePart 127,MSP000127,1,183.9900,1,1,2026-08-24T00:00:00.000,2018-01-01T00:00:00.000,9999-12-31T00:00:00.000,1,e25af5fecf17553194bfccfb6ea0f4f8e25af5fecf17553194bfccfb6ea0f4f8
128,MSP000128,23,209,6,4,Willow MaintenanceSparePart 128,MSP000128,1,185.3600,1,1,2026-08-24T00:00:00.000,2018-01-01T00:00:00.000,9999-12-31T00:00:00.000,1,78a5443007515aa3b9f488b5c3713b9378a5443007515aa3b9f488b5c3713b93
129,MSP000129,216,257,4,3,Meridian MaintenanceSparePart 129,MSP000129,1,186.7300,1,1,2026-08-24T00:00:00.000,2018-01-01T00:00:00.000,9999-12-31T00:00:00.000,1,07dd4cd4d62c58a0bb244a46f55c91ad07dd4cd4d62c58a0bb244a46f55c91ad
130,MSP000130,414,476,1,8,Beacon MaintenanceSparePart 130,MSP000130,0,188.1000,1,1,2026-08-24T00:00:00.000,2018-01-01T00:00:00.000,9999-12-31T00:00:00.000,1,c29e58e9b2b6518d81b6e0f2d677c60fc29e58e9b2b6518d81b6e0f2d677c60f
131,MSP000131,73,474,7,7,Harbor MaintenanceSparePart 131,MSP000131,1,189.4700,1,1,2026-08-24T00:00:00.000,2018-01-01T00:00:00.000,9999-12-31T00:00:00.000,1,38fbb45bd7515560b7356afdfe8d75da38fbb45bd7515560b7356afdfe8d75da
132,MSP000132,119,71,3,16,Cedar MaintenanceSparePart 132,MSP000132,1,190.8400,1,1,2026-08-24T00:00:00.000,2018-01-01T00:00:00.000,9999-12-31T00:00:00.000,1,eb54847b88db5e04b2d9daf79d753d1ceb54847b88db5e04b2d9daf79d753d1c
133,MSP000133,436,95,6,2,Keystone MaintenanceSparePart 133,MSP000133,1,192.2100,1,1,2026-08-24T00:00:00.000,2018-01-01T00:00:00.000,9999-12-31T00:00:00.000,1,c599a25caeb15869ae8c22094182292bc599a25caeb15869ae8c22094182292b
134,MSP000134,372,65,2,10,Atlas MaintenanceSparePart 134,MSP000134,1,193.5800,1,1,2026-08-24T00:00:00.000,2018-01-01T00:00:00.000,9999-12-31T00:00:00.000,1,31f492453e7a520195f6d24bc10c6be031f492453e7a520195f6d24bc10c6be0
135,MSP000135,174,500,7,3,Summit MaintenanceSparePart 135,MSP000135,0,194.9500,1,1,2026-08-24T00:00:00.000,2018-01-01T00:00:00.000,9999-12-31T00:00:00.000,1,610c7492d1795607888db5ac78d76b7d610c7492d1795607888db5ac78d76b7d
136,MSP000136,187,408,4,4,Keystone MaintenanceSparePart 136,MSP000136,1,196.3200,1,1,2026-08-24T00:00:00.000,2018-01-01T00:00:00.000,9999-12-31T00:00:00.000,1,e95e826bebb653c7a5b776b12ff39552e95e826bebb653c7a5b776b12ff39552
137,MSP000137,18,213,5,10,Forge MaintenanceSparePart 137,MSP000137,1,197.6900,1,1,2026-08-24T00:00:00.000,2018-01-01T00:00:00.000,9999-12-31T00:00:00.000,1,5ae3028496a05e2282b428097658363e5ae3028496a05e2282b428097658363e
138,MSP000138,133,19,4,10,Atlas MaintenanceSparePart 138,MSP000138,1,199.0600,1,1,2026-08-24T00:00:00.000,2018-01-01T00:00:00.000,9999-12-31T00:00:00.000,1,b6a3ff2e829c5d3094c8dfa2dfdbed63b6a3ff2e829c5d3094c8dfa2dfdbed63
139,MSP000139,318,465,6,10,Granite MaintenanceSparePart 139,MSP000139,1,200.4300,1,1,2026-08-24T00:00:00.000,2018-01-01T00:00:00.000,9999-12-31T00:00:00.000,1,ef41e8bbe8665694aeb48f84f121c03bef41e8bbe8665694aeb48f84f121c03b
140,MSP000140,99,105,3,16,Quartz MaintenanceSparePart 140,MSP000140,0,201.8000,1,1,2026-08-24T00:00:00.000,2018-01-01T00:00:00.000,9999-12-31T00:00:00.000,1,1869ef5897e855ce9d62bbad65aaedbc1869ef5897e855ce9d62bbad65aaedbc
141,MSP000141,333,146,2,6,Beacon MaintenanceSparePart 141,MSP000141,1,203.1700,1,1,2026-08-24T00:00:00.000,2018-01-01T00:00:00.000,9999-12-31T00:00:00.000,1,37f5d39e8f1952cf9cf4718aa72b936c37f5d39e8f1952cf9cf4718aa72b936c
142,MSP000142,300,78,7,15,Junction MaintenanceSparePart 142,MSP000142,1,204.5400,1,1,2026-08-24T00:00:00.000,2018-01-01T00:00:00.000,9999-12-31T00:00:00.000,1,61d9871b461655e7a543476e066567ee61d9871b461655e7a543476e066567ee
143,MSP000143,79,104,6,9,Evergreen MaintenanceSparePart 143,MSP000143,1,205.9100,1,1,2026-08-24T00:00:00.000,2018-01-01T00:00:00.000,9999-12-31T00:00:00.000,1,95b2254aff0e5941809a289767c0610195b2254aff0e5941809a289767c06101
144,MSP000144,292,326,7,8,Liberty MaintenanceSparePart 144,MSP000144,1,207.2800,1,1,2026-08-24T00:00:00.000,2018-01-01T00:00:00.000,9999-12-31T00:00:00.000,1,48f7c835697b5a70abb1a452ed6ad70e48f7c835697b5a70abb1a452ed6ad70e
145,MSP000145,29,109,3,17,Harbor MaintenanceSparePart 145,MSP000145,0,208.6500,1,1,2026-08-24T00:00:00.000,2018-01-01T00:00:00.000,9999-12-31T00:00:00.000,1,41bf879feeed5cd2942e9185d0c3c87e41bf879feeed5cd2942e9185d0c3c87e
146,MSP000146,358,120,5,8,Evergreen MaintenanceSparePart 146,MSP000146,1,210.0200,1,1,2026-08-24T00:00:00.000,2018-01-01T00:00:00.000,9999-12-31T00:00:00.000,1,20b9d24a084453eaaead49fce191698a20b9d24a084453eaaead49fce191698a
147,MSP000147,320,373,4,8,Unity MaintenanceSparePart 147,MSP000147,1,211.3900,1,1,2026-08-24T00:00:00.000,2018-01-01T00:00:00.000,9999-12-31T00:00:00.000,1,aa256a60776e5e1b8f523b79df5a2d62aa256a60776e5e1b8f523b79df5a2d62
148,MSP000148,144,325,2,18,Junction MaintenanceSparePart 148,MSP000148,1,212.7600,1,1,2026-08-24T00:00:00.000,2018-01-01T00:00:00.000,9999-12-31T00:00:00.000,1,782401805d2a531fb983f1bb05856b61782401805d2a531fb983f1bb05856b61
149,MSP000149,109,15,1,4,Delta MaintenanceSparePart 149,MSP000149,1,214.1300,1,1,2026-08-24T00:00:00.000,2018-01-01T00:00:00.000,9999-12-31T00:00:00.000,1,c1d99f24b972575b99423765c939f491c1d99f24b972575b99423765c939f491
150,MSP000150,276,180,2,18,Beacon MaintenanceSparePart 150,MSP000150,0,215.5000,1,1,2026-08-24T00:00:00.000,2018-01-01T00:00:00.000,9999-12-31T00:00:00.000,1,39f563952b155449aa6925661179c91339f563952b155449aa6925661179c913
151,MSP000151,219,355,1,13,Unity MaintenanceSparePart 151,MSP000151,1,216.8700,1,1,2026-08-24T00:00:00.000,2018-01-01T00:00:00.000,9999-12-31T00:00:00.000,1,b70a580377105af096b27c75f2b66da5b70a580377105af096b27c75f2b66da5
152,MSP000152,82,228,6,7,Unity MaintenanceSparePart 152,MSP000152,1,218.2400,1,1,2026-08-24T00:00:00.000,2018-01-01T00:00:00.000,9999-12-31T00:00:00.000,1,7c4138218fe95b99a4134eb0c666b89b7c4138218fe95b99a4134eb0c666b89b
153,MSP000153,110,445,6,17,Pioneer MaintenanceSparePart 153,MSP000153,1,219.6100,1,1,2026-08-24T00:00:00.000,2018-01-01T00:00:00.000,9999-12-31T00:00:00.000,1,d21cbd7424f5551c8f5adfb121d59d28d21cbd7424f5551c8f5adfb121d59d28
154,MSP000154,54,295,6,13,Forge MaintenanceSparePart 154,MSP000154,1,220.9800,1,1,2026-08-24T00:00:00.000,2018-01-01T00:00:00.000,9999-12-31T00:00:00.000,1,d9af323ca6d35215acff79fd90469ef5d9af323ca6d35215acff79fd90469ef5
155,MSP000155,59,420,4,3,Forge MaintenanceSparePart 155,MSP000155,0,222.3500,1,1,2026-08-24T00:00:00.000,2018-01-01T00:00:00.000,9999-12-31T00:00:00.000,1,0885cfe036985554b54ee067a0aa85f90885cfe036985554b54ee067a0aa85f9
156,MSP000156,404,453,6,18,Pioneer MaintenanceSparePart 156,MSP000156,1,223.7200,1,1,2026-08-24T00:00:00.000,2018-01-01T00:00:00.000,9999-12-31T00:00:00.000,1,b355f44d91f853e38447b1a7b280224cb355f44d91f853e38447b1a7b280224c
157,MSP000157,8,385,4,8,Granite MaintenanceSparePart 157,MSP000157,1,225.0900,1,1,2026-08-24T00:00:00.000,2018-01-01T00:00:00.000,9999-12-31T00:00:00.000,1,9a486861c3e1578f9a37cfeb3b37c17f9a486861c3e1578f9a37cfeb3b37c17f
158,MSP000158,254,310,5,18,Titan MaintenanceSparePart 158,MSP000158,1,226.4600,1,1,2026-08-24T00:00:00.000,2018-01-01T00:00:00.000,9999-12-31T00:00:00.000,1,2ffe3a0b2274513c80f2956e26d4b2c82ffe3a0b2274513c80f2956e26d4b2c8
159,MSP000159,62,22,7,5,Unity MaintenanceSparePart 159,MSP000159,1,227.8300,1,1,2026-08-24T00:00:00.000,2018-01-01T00:00:00.000,9999-12-31T00:00:00.000,1,4ef9266fbe5350c1a9cb08a150f5de3b4ef9266fbe5350c1a9cb08a150f5de3b
160,MSP000160,75,472,3,13,Zenith MaintenanceSparePart 160,MSP000160,0,229.2000,1,1,2026-08-24T00:00:00.000,2018-01-01T00:00:00.000,9999-12-31T00:00:00.000,1,b283a287f1cd509c9caf744c4d5cae75b283a287f1cd509c9caf744c4d5cae75
161,MSP000161,96,366,1,4,Titan MaintenanceSparePart 161,MSP000161,1,230.5700,1,1,2026-08-24T00:00:00.000,2018-01-01T00:00:00.000,9999-12-31T00:00:00.000,1,257a2b40c40955ce8b9e92feb5fa5fe1257a2b40c40955ce8b9e92feb5fa5fe1
162,MSP000162,329,485,2,3,Zenith MaintenanceSparePart 162,MSP000162,1,231.9400,1,1,2026-08-24T00:00:00.000,2018-01-01T00:00:00.000,9999-12-31T00:00:00.000,1,9277e62868985168831aaa8fdc9388e09277e62868985168831aaa8fdc9388e0
163,MSP000163,62,48,7,11,Unity MaintenanceSparePart 163,MSP000163,1,233.3100,1,1,2026-08-24T00:00:00.000,2018-01-01T00:00:00.000,9999-12-31T00:00:00.000,1,28a6c174e4a059909ffe2fe01a48aa9228a6c174e4a059909ffe2fe01a48aa92
164,MSP000164,238,20,5,5,Pioneer MaintenanceSparePart 164,MSP000164,1,234.6800,1,1,2026-08-24T00:00:00.000,2018-01-01T00:00:00.000,9999-12-31T00:00:00.000,1,20acfb9975275546a32e59eecec24d9820acfb9975275546a32e59eecec24d98
165,MSP000165,139,450,4,11,Ion MaintenanceSparePart 165,MSP000165,0,236.0500,1,1,2026-08-24T00:00:00.000,2018-01-01T00:00:00.000,9999-12-31T00:00:00.000,1,e3643f3e3fde51a9ac6f97864534ff92e3643f3e3fde51a9ac6f97864534ff92
166,MSP000166,347,39,6,4,Forge MaintenanceSparePart 166,MSP000166,1,237.4200,1,1,2026-08-24T00:00:00.000,2018-01-01T00:00:00.000,9999-12-31T00:00:00.000,1,fb15561d0d545f9fb1687197caae8a77fb15561d0d545f9fb1687197caae8a77
167,MSP000167,95,192,3,18,Quartz MaintenanceSparePart 167,MSP000167,1,238.7900,1,1,2026-08-24T00:00:00.000,2018-01-01T00:00:00.000,9999-12-31T00:00:00.000,1,b65ab5ccf2525bfd800a78d94962299fb65ab5ccf2525bfd800a78d94962299f
168,MSP000168,207,362,1,7,Willow MaintenanceSparePart 168,MSP000168,1,240.1600,1,1,2026-08-24T00:00:00.000,2018-01-01T00:00:00.000,9999-12-31T00:00:00.000,1,07e2a897004c52b1ade3fa6f8dc8774707e2a897004c52b1ade3fa6f8dc87747
169,MSP000169,22,448,6,12,Liberty MaintenanceSparePart 169,MSP000169,1,241.5300,1,1,2026-08-24T00:00:00.000,2018-01-01T00:00:00.000,9999-12-31T00:00:00.000,1,32f84c8c2db75731b9aed51f203c5f5532f84c8c2db75731b9aed51f203c5f55
170,MSP000170,160,33,3,17,Willow MaintenanceSparePart 170,MSP000170,0,242.9000,1,1,2026-08-24T00:00:00.000,2018-01-01T00:00:00.000,9999-12-31T00:00:00.000,1,7b779262d81c59efb9a3cb789606e8907b779262d81c59efb9a3cb789606e890
171,MSP000171,339,184,4,8,Quartz MaintenanceSparePart 171,MSP000171,1,244.2700,1,1,2026-08-24T00:00:00.000,2018-01-01T00:00:00.000,9999-12-31T00:00:00.000,1,9a31208848f25a64a5718111d6c1badd9a31208848f25a64a5718111d6c1badd
172,MSP000172,385,106,6,8,Keystone MaintenanceSparePart 172,MSP000172,1,245.6400,1,1,2026-08-24T00:00:00.000,2018-01-01T00:00:00.000,9999-12-31T00:00:00.000,1,c6edd9e8d7a751f991d14b78a7e8317bc6edd9e8d7a751f991d14b78a7e8317b
173,MSP000173,86,73,1,14,Harbor MaintenanceSparePart 173,MSP000173,1,247.0100,1,1,2026-08-24T00:00:00.000,2018-01-01T00:00:00.000,9999-12-31T00:00:00.000,1,7993b1008dc35b0b81b70e7fba05f89c7993b1008dc35b0b81b70e7fba05f89c
174,MSP000174,397,317,4,9,Meridian MaintenanceSparePart 174,MSP000174,1,248.3800,1,1,2026-08-24T00:00:00.000,2018-01-01T00:00:00.000,9999-12-31T00:00:00.000,1,7bcca8025a1d52c990573719b614f4d37bcca8025a1d52c990573719b614f4d3
175,MSP000175,67,263,1,17,Vertex MaintenanceSparePart 175,MSP000175,0,249.7500,1,1,2026-08-24T00:00:00.000,2018-01-01T00:00:00.000,9999-12-31T00:00:00.000,1,47cde6bc93025afa86b17b5c921f79a947cde6bc93025afa86b17b5c921f79a9
176,MSP000176,268,76,3,6,Junction MaintenanceSparePart 176,MSP000176,1,251.1200,1,1,2026-08-24T00:00:00.000,2018-01-01T00:00:00.000,9999-12-31T00:00:00.000,1,42903d5271eb58a783306c98f6a95e0342903d5271eb58a783306c98f6a95e03
177,MSP000177,427,205,7,3,Delta MaintenanceSparePart 177,MSP000177,1,252.4900,1,1,2026-08-24T00:00:00.000,2018-01-01T00:00:00.000,9999-12-31T00:00:00.000,1,9ab905be015b5c90bde58d94d7056c6f9ab905be015b5c90bde58d94d7056c6f
178,MSP000178,492,339,2,8,Unity MaintenanceSparePart 178,MSP000178,1,253.8600,1,1,2026-08-24T00:00:00.000,2018-01-01T00:00:00.000,9999-12-31T00:00:00.000,1,4f594486e0f8556d9fd8286f3426c19e4f594486e0f8556d9fd8286f3426c19e
179,MSP000179,351,31,7,5,Unity MaintenanceSparePart 179,MSP000179,1,255.2300,1,1,2026-08-24T00:00:00.000,2018-01-01T00:00:00.000,9999-12-31T00:00:00.000,1,015940da3c5654be87c3138ac7e0ceb2015940da3c5654be87c3138ac7e0ceb2
180,MSP000180,269,473,2,9,Orion MaintenanceSparePart 180,MSP000180,0,256.6000,1,1,2026-08-24T00:00:00.000,2018-01-01T00:00:00.000,9999-12-31T00:00:00.000,1,4a4e7a33d9995caaa76f0a4fe40173cb4a4e7a33d9995caaa76f0a4fe40173cb
181,MSP000181,61,66,3,3,Meridian MaintenanceSparePart 181,MSP000181,1,257.9700,1,1,2026-08-24T00:00:00.000,2018-01-01T00:00:00.000,9999-12-31T00:00:00.000,1,0f982724509e53a1ba96a9e4e95f75590f982724509e53a1ba96a9e4e95f7559
182,MSP000182,171,61,6,14,Willow MaintenanceSparePart 182,MSP000182,1,259.3400,1,1,2026-08-24T00:00:00.000,2018-01-01T00:00:00.000,9999-12-31T00:00:00.000,1,ac8488cd106d5e70b28374460eaacd9aac8488cd106d5e70b28374460eaacd9a
183,MSP000183,211,250,7,10,Granite MaintenanceSparePart 183,MSP000183,1,260.7100,1,1,2026-08-24T00:00:00.000,2018-01-01T00:00:00.000,9999-12-31T00:00:00.000,1,3697b7de41a65acaa836d4beff268c5b3697b7de41a65acaa836d4beff268c5b
184,MSP000184,173,229,6,7,Unity MaintenanceSparePart 184,MSP000184,1,262.0800,1,1,2026-08-24T00:00:00.000,2018-01-01T00:00:00.000,9999-12-31T00:00:00.000,1,0f506c4cb8a65db892e7fa01aba878240f506c4cb8a65db892e7fa01aba87824
185,MSP000185,278,244,5,9,Summit MaintenanceSparePart 185,MSP000185,0,263.4500,1,1,2026-08-24T00:00:00.000,2018-01-01T00:00:00.000,9999-12-31T00:00:00.000,1,2687de233b195603913df3a7ada58b952687de233b195603913df3a7ada58b95
186,MSP000186,357,286,7,1,Quartz MaintenanceSparePart 186,MSP000186,1,264.8200,1,1,2026-08-24T00:00:00.000,2018-01-01T00:00:00.000,9999-12-31T00:00:00.000,1,eb5256e80ad35c2794adc4db427f8134eb5256e80ad35c2794adc4db427f8134
187,MSP000187,395,439,3,8,Unity MaintenanceSparePart 187,MSP000187,1,266.1900,1,1,2026-08-24T00:00:00.000,2018-01-01T00:00:00.000,9999-12-31T00:00:00.000,1,387a2da6807757419e90344ec50b5e0f387a2da6807757419e90344ec50b5e0f
188,MSP000188,185,436,3,4,Keystone MaintenanceSparePart 188,MSP000188,1,267.5600,1,1,2026-08-24T00:00:00.000,2018-01-01T00:00:00.000,9999-12-31T00:00:00.000,1,e5a6db14b60f500ca5ed1a84a7d1c146e5a6db14b60f500ca5ed1a84a7d1c146
189,MSP000189,161,397,7,6,Titan MaintenanceSparePart 189,MSP000189,1,268.9300,1,1,2026-08-24T00:00:00.000,2018-01-01T00:00:00.000,9999-12-31T00:00:00.000,1,f445563fba555cd0b2961e169e86f653f445563fba555cd0b2961e169e86f653
190,MSP000190,337,226,1,6,Titan MaintenanceSparePart 190,MSP000190,0,270.3000,1,1,2026-08-24T00:00:00.000,2018-01-01T00:00:00.000,9999-12-31T00:00:00.000,1,35bbf53f3c395b52a24e986c2cd8b77c35bbf53f3c395b52a24e986c2cd8b77c
191,MSP000191,360,474,2,12,Ion MaintenanceSparePart 191,MSP000191,1,271.6700,1,1,2026-08-24T00:00:00.000,2018-01-01T00:00:00.000,9999-12-31T00:00:00.000,1,5f98ae17c53458d5920b602b9a6dda305f98ae17c53458d5920b602b9a6dda30
192,MSP000192,137,98,3,12,Harbor MaintenanceSparePart 192,MSP000192,1,273.0400,1,1,2026-08-24T00:00:00.000,2018-01-01T00:00:00.000,9999-12-31T00:00:00.000,1,ff9b482644495d068178101cd8822a89ff9b482644495d068178101cd8822a89
193,MSP000193,339,381,2,17,Harbor MaintenanceSparePart 193,MSP000193,1,274.4100,1,1,2026-08-24T00:00:00.000,2018-01-01T00:00:00.000,9999-12-31T00:00:00.000,1,1941a521f5b4561bab6f26805ec4ae7e1941a521f5b4561bab6f26805ec4ae7e
194,MSP000194,232,245,3,12,Vertex MaintenanceSparePart 194,MSP000194,1,275.7800,1,1,2026-08-24T00:00:00.000,2018-01-01T00:00:00.000,9999-12-31T00:00:00.000,1,996a8ab07a915498973028ff091b268f996a8ab07a915498973028ff091b268f
195,MSP000195,118,6,3,16,Delta MaintenanceSparePart 195,MSP000195,0,277.1500,1,1,2026-08-24T00:00:00.000,2018-01-01T00:00:00.000,9999-12-31T00:00:00.000,1,162e5c4083df5a48a8fe77f23cf7be6d162e5c4083df5a48a8fe77f23cf7be6d
196,MSP000196,383,237,7,14,Titan MaintenanceSparePart 196,MSP000196,1,278.5200,1,1,2026-08-24T00:00:00.000,2018-01-01T00:00:00.000,9999-12-31T00:00:00.000,1,c8d4ff880fdf5469bc8edfc0f932d5c0c8d4ff880fdf5469bc8edfc0f932d5c0
197,MSP000197,106,155,2,6,Granite MaintenanceSparePart 197,MSP000197,1,279.8900,1,1,2026-08-24T00:00:00.000,2018-01-01T00:00:00.000,9999-12-31T00:00:00.000,1,5e4f13b6b31557a88ea4ffe5bd8612b65e4f13b6b31557a88ea4ffe5bd8612b6
198,MSP000198,294,193,4,8,Orion MaintenanceSparePart 198,MSP000198,1,281.2600,1,1,2026-08-24T00:00:00.000,2018-01-01T00:00:00.000,9999-12-31T00:00:00.000,1,3182e2ad82d55490972ae468295233663182e2ad82d55490972ae46829523366
199,MSP000199,53,95,3,6,Willow MaintenanceSparePart 199,MSP000199,1,282.6300,1,1,2026-08-24T00:00:00.000,2018-01-01T00:00:00.000,9999-12-31T00:00:00.000,1,92b854ceb09c58eeb00d6170814efa7492b854ceb09c58eeb00d6170814efa74
200,MSP000200,90,334,3,18,Meridian MaintenanceSparePart 200,MSP000200,0,284.0000,1,1,2026-08-24T00:00:00.000,2018-01-01T00:00:00.000,9999-12-31T00:00:00.000,1,66092eac5e3251b0b587d4eac1a6ba2766092eac5e3251b0b587d4eac1a6ba27
201,MSP000201,215,447,6,15,Delta MaintenanceSparePart 201,MSP000201,1,285.3700,1,1,2026-08-24T00:00:00.000,2018-01-01T00:00:00.000,9999-12-31T00:00:00.000,1,16806a9460b05281b41c0b79580e060f16806a9460b05281b41c0b79580e060f
202,MSP000202,192,40,3,3,Harbor MaintenanceSparePart 202,MSP000202,1,286.7400,1,1,2026-08-24T00:00:00.000,2018-01-01T00:00:00.000,9999-12-31T00:00:00.000,1,c0c5fe2dda0256f48a7bb984b1fed233c0c5fe2dda0256f48a7bb984b1fed233
203,MSP000203,80,466,3,17,Pioneer MaintenanceSparePart 203,MSP000203,1,288.1100,1,1,2026-08-24T00:00:00.000,2018-01-01T00:00:00.000,9999-12-31T00:00:00.000,1,bea438eae2f1559e9626a083ebf28e1abea438eae2f1559e9626a083ebf28e1a
204,MSP000204,352,92,3,15,Quartz MaintenanceSparePart 204,MSP000204,1,289.4800,1,1,2026-08-24T00:00:00.000,2018-01-01T00:00:00.000,9999-12-31T00:00:00.000,1,59a445ab9c6e54598422d6cca1ee74dc59a445ab9c6e54598422d6cca1ee74dc
205,MSP000205,384,55,2,8,Evergreen MaintenanceSparePart 205,MSP000205,0,290.8500,1,1,2026-08-24T00:00:00.000,2018-01-01T00:00:00.000,9999-12-31T00:00:00.000,1,d1dad3bac1695c60a25a6064e3620fe7d1dad3bac1695c60a25a6064e3620fe7
206,MSP000206,89,218,4,8,Harbor MaintenanceSparePart 206,MSP000206,1,292.2200,1,1,2026-08-24T00:00:00.000,2018-01-01T00:00:00.000,9999-12-31T00:00:00.000,1,e1d6b05281e65f4eba849572a1a5b543e1d6b05281e65f4eba849572a1a5b543
207,MSP000207,299,388,3,15,Forge MaintenanceSparePart 207,MSP000207,1,293.5900,1,1,2026-08-24T00:00:00.000,2018-01-01T00:00:00.000,9999-12-31T00:00:00.000,1,1032e85adf885f8a816fa7bba1ed0be21032e85adf885f8a816fa7bba1ed0be2
208,MSP000208,217,449,1,5,Meridian MaintenanceSparePart 208,MSP000208,1,294.9600,1,1,2026-08-24T00:00:00.000,2018-01-01T00:00:00.000,9999-12-31T00:00:00.000,1,5efa44f45ade5ac1ab0956ac93ce18975efa44f45ade5ac1ab0956ac93ce1897
209,MSP000209,264,133,7,18,Pioneer MaintenanceSparePart 209,MSP000209,1,296.3300,1,1,2026-08-24T00:00:00.000,2018-01-01T00:00:00.000,9999-12-31T00:00:00.000,1,28aaf5d5e0ad57adad66dec77f582bac28aaf5d5e0ad57adad66dec77f582bac
210,MSP000210,424,75,1,4,Junction MaintenanceSparePart 210,MSP000210,0,297.7000,1,1,2026-08-24T00:00:00.000,2018-01-01T00:00:00.000,9999-12-31T00:00:00.000,1,25f721cf9a8e5163867d58810a30f1ee25f721cf9a8e5163867d58810a30f1ee
211,MSP000211,176,97,1,4,Delta MaintenanceSparePart 211,MSP000211,1,299.0700,1,1,2026-08-24T00:00:00.000,2018-01-01T00:00:00.000,9999-12-31T00:00:00.000,1,ba3052eab54856eba357f7be3d126a62ba3052eab54856eba357f7be3d126a62
212,MSP000212,470,263,4,18,Forge MaintenanceSparePart 212,MSP000212,1,300.4400,1,1,2026-08-24T00:00:00.000,2018-01-01T00:00:00.000,9999-12-31T00:00:00.000,1,e96ec91028b7550da097b9ec79e0c5eee96ec91028b7550da097b9ec79e0c5ee
213,MSP000213,110,316,3,1,Beacon MaintenanceSparePart 213,MSP000213,1,301.8100,1,1,2026-08-24T00:00:00.000,2018-01-01T00:00:00.000,9999-12-31T00:00:00.000,1,f568a6f507415654ab55caaa8ec79fd6f568a6f507415654ab55caaa8ec79fd6
214,MSP000214,19,74,6,13,Delta MaintenanceSparePart 214,MSP000214,1,303.1800,1,1,2026-08-24T00:00:00.000,2018-01-01T00:00:00.000,9999-12-31T00:00:00.000,1,04138b577360526aa7740ec28853905e04138b577360526aa7740ec28853905e
215,MSP000215,301,231,7,5,Delta MaintenanceSparePart 215,MSP000215,0,304.5500,1,1,2026-08-24T00:00:00.000,2018-01-01T00:00:00.000,9999-12-31T00:00:00.000,1,ebbe0782c9695b7694992983a0b3e69debbe0782c9695b7694992983a0b3e69d
216,MSP000216,83,126,7,5,Beacon MaintenanceSparePart 216,MSP000216,1,305.9200,1,1,2026-08-24T00:00:00.000,2018-01-01T00:00:00.000,9999-12-31T00:00:00.000,1,65a01d8d5814579ba5d74d604bd33b5565a01d8d5814579ba5d74d604bd33b55
217,MSP000217,300,401,3,14,Quartz MaintenanceSparePart 217,MSP000217,1,307.2900,1,1,2026-08-24T00:00:00.000,2018-01-01T00:00:00.000,9999-12-31T00:00:00.000,1,d2a8f72150825f3bb12118960690cd82d2a8f72150825f3bb12118960690cd82
218,MSP000218,182,277,5,10,Keystone MaintenanceSparePart 218,MSP000218,1,308.6600,1,1,2026-08-24T00:00:00.000,2018-01-01T00:00:00.000,9999-12-31T00:00:00.000,1,73287cf61d855841acea0ca2a501623273287cf61d855841acea0ca2a5016232
219,MSP000219,477,379,2,17,Forge MaintenanceSparePart 219,MSP000219,1,310.0300,1,1,2026-08-24T00:00:00.000,2018-01-01T00:00:00.000,9999-12-31T00:00:00.000,1,8c6b1869858e51f8b4f6b02ca382f7308c6b1869858e51f8b4f6b02ca382f730
220,MSP000220,438,473,4,14,Harbor MaintenanceSparePart 220,MSP000220,0,311.4000,1,1,2026-08-24T00:00:00.000,2018-01-01T00:00:00.000,9999-12-31T00:00:00.000,1,88b7a101625455ae80c63d6ac553dbca88b7a101625455ae80c63d6ac553dbca
221,MSP000221,311,487,7,6,Forge MaintenanceSparePart 221,MSP000221,1,312.7700,1,1,2026-08-24T00:00:00.000,2018-01-01T00:00:00.000,9999-12-31T00:00:00.000,1,e5fc4df46e0e56fba2b46d40c0e9ae8ee5fc4df46e0e56fba2b46d40c0e9ae8e
222,MSP000222,18,397,1,5,Meridian MaintenanceSparePart 222,MSP000222,1,314.1400,1,1,2026-08-24T00:00:00.000,2018-01-01T00:00:00.000,9999-12-31T00:00:00.000,1,ba3062ea23275141a972a38c61d7f948ba3062ea23275141a972a38c61d7f948
223,MSP000223,333,232,4,11,Ion MaintenanceSparePart 223,MSP000223,1,315.5100,1,1,2026-08-24T00:00:00.000,2018-01-01T00:00:00.000,9999-12-31T00:00:00.000,1,798d1657ce1e5246a73050b5d0ea360f798d1657ce1e5246a73050b5d0ea360f
224,MSP000224,313,440,2,3,Ion MaintenanceSparePart 224,MSP000224,1,316.8800,1,1,2026-08-24T00:00:00.000,2018-01-01T00:00:00.000,9999-12-31T00:00:00.000,1,c9703116b08650efb29aea0b1566d358c9703116b08650efb29aea0b1566d358
225,MSP000225,498,449,2,17,Ion MaintenanceSparePart 225,MSP000225,0,318.2500,1,1,2026-08-24T00:00:00.000,2018-01-01T00:00:00.000,9999-12-31T00:00:00.000,1,67159ad1ab10527ab065fbd0d26d64a367159ad1ab10527ab065fbd0d26d64a3
226,MSP000226,185,17,5,16,Forge MaintenanceSparePart 226,MSP000226,1,319.6200,1,1,2026-08-24T00:00:00.000,2018-01-01T00:00:00.000,9999-12-31T00:00:00.000,1,205a224aa2415d3d9773e8f352bda429205a224aa2415d3d9773e8f352bda429
227,MSP000227,431,131,1,3,Summit MaintenanceSparePart 227,MSP000227,1,320.9900,1,1,2026-08-24T00:00:00.000,2018-01-01T00:00:00.000,9999-12-31T00:00:00.000,1,a938d9c7fee45424984dbe7da8e8545ca938d9c7fee45424984dbe7da8e8545c
228,MSP000228,153,312,2,11,Harbor MaintenanceSparePart 228,MSP000228,1,322.3600,1,1,2026-08-24T00:00:00.000,2018-01-01T00:00:00.000,9999-12-31T00:00:00.000,1,41fbc9a7ef9a5fda9366caf55abfaf1741fbc9a7ef9a5fda9366caf55abfaf17
229,MSP000229,485,35,4,15,Zenith MaintenanceSparePart 229,MSP000229,1,323.7300,1,1,2026-08-24T00:00:00.000,2018-01-01T00:00:00.000,9999-12-31T00:00:00.000,1,ee850b19785753f78eb84ef83caff64eee850b19785753f78eb84ef83caff64e
230,MSP000230,475,223,7,2,Forge MaintenanceSparePart 230,MSP000230,0,325.1000,1,1,2026-08-24T00:00:00.000,2018-01-01T00:00:00.000,9999-12-31T00:00:00.000,1,0eede9a60845561c81cbd5f8d084dc690eede9a60845561c81cbd5f8d084dc69
231,MSP000231,428,368,7,9,Junction MaintenanceSparePart 231,MSP000231,1,326.4700,1,1,2026-08-24T00:00:00.000,2018-01-01T00:00:00.000,9999-12-31T00:00:00.000,1,dc1f94168500547789838bb6642a8f30dc1f94168500547789838bb6642a8f30
232,MSP000232,185,459,7,9,Meridian MaintenanceSparePart 232,MSP000232,1,327.8400,1,1,2026-08-24T00:00:00.000,2018-01-01T00:00:00.000,9999-12-31T00:00:00.000,1,a9346872e5c65eb597d596647b5f0e82a9346872e5c65eb597d596647b5f0e82
233,MSP000233,469,151,7,12,Northstar MaintenanceSparePart 233,MSP000233,1,329.2100,1,1,2026-08-24T00:00:00.000,2018-01-01T00:00:00.000,9999-12-31T00:00:00.000,1,b33c399a4a75526797ad39e49f375c5cb33c399a4a75526797ad39e49f375c5c
234,MSP000234,94,374,1,10,Orion MaintenanceSparePart 234,MSP000234,1,330.5800,1,1,2026-08-24T00:00:00.000,2018-01-01T00:00:00.000,9999-12-31T00:00:00.000,1,aeb2db4eb38d558985a2aa78897693b6aeb2db4eb38d558985a2aa78897693b6
235,MSP000235,406,291,7,12,Unity MaintenanceSparePart 235,MSP000235,0,331.9500,1,1,2026-08-24T00:00:00.000,2018-01-01T00:00:00.000,9999-12-31T00:00:00.000,1,5243620c59485c5b86398be7366ff6a25243620c59485c5b86398be7366ff6a2
236,MSP000236,142,7,5,14,Granite MaintenanceSparePart 236,MSP000236,1,333.3200,1,1,2026-08-24T00:00:00.000,2018-01-01T00:00:00.000,9999-12-31T00:00:00.000,1,4b63a12cb63159149ca056580036eac14b63a12cb63159149ca056580036eac1
237,MSP000237,350,79,5,9,Liberty MaintenanceSparePart 237,MSP000237,1,334.6900,1,1,2026-08-24T00:00:00.000,2018-01-01T00:00:00.000,9999-12-31T00:00:00.000,1,c7367ebf262e56d1810e99919f40dd13c7367ebf262e56d1810e99919f40dd13
238,MSP000238,264,468,4,15,Titan MaintenanceSparePart 238,MSP000238,1,336.0600,1,1,2026-08-24T00:00:00.000,2018-01-01T00:00:00.000,9999-12-31T00:00:00.000,1,e9b3275cf5e7564fa8132297be42d1dce9b3275cf5e7564fa8132297be42d1dc
239,MSP000239,161,183,4,8,Beacon MaintenanceSparePart 239,MSP000239,1,337.4300,1,1,2026-08-24T00:00:00.000,2018-01-01T00:00:00.000,9999-12-31T00:00:00.000,1,bdab49acfc325dea9e7894a6483778d5bdab49acfc325dea9e7894a6483778d5
240,MSP000240,99,387,5,15,Zenith MaintenanceSparePart 240,MSP000240,0,338.8000,1,1,2026-08-24T00:00:00.000,2018-01-01T00:00:00.000,9999-12-31T00:00:00.000,1,b26e0ce2425a5c2c9d82c29192cf9929b26e0ce2425a5c2c9d82c29192cf9929
241,MSP000241,471,157,2,9,Willow MaintenanceSparePart 241,MSP000241,1,340.1700,1,1,2026-08-24T00:00:00.000,2018-01-01T00:00:00.000,9999-12-31T00:00:00.000,1,118d1b4f962b59f9b6e741d5a99eec0b118d1b4f962b59f9b6e741d5a99eec0b
242,MSP000242,176,231,5,8,Titan MaintenanceSparePart 242,MSP000242,1,341.5400,1,1,2026-08-24T00:00:00.000,2018-01-01T00:00:00.000,9999-12-31T00:00:00.000,1,00814d78772b58d3834d2e3193b4ec4500814d78772b58d3834d2e3193b4ec45
243,MSP000243,160,414,5,9,Northstar MaintenanceSparePart 243,MSP000243,1,342.9100,1,1,2026-08-24T00:00:00.000,2018-01-01T00:00:00.000,9999-12-31T00:00:00.000,1,3a6f340bd9c851e7b140e443874083033a6f340bd9c851e7b140e44387408303
244,MSP000244,378,344,1,11,Keystone MaintenanceSparePart 244,MSP000244,1,344.2800,1,1,2026-08-24T00:00:00.000,2018-01-01T00:00:00.000,9999-12-31T00:00:00.000,1,822d61c914c45541984dd44fa85eda0d822d61c914c45541984dd44fa85eda0d
245,MSP000245,386,403,4,13,Summit MaintenanceSparePart 245,MSP000245,0,345.6500,1,1,2026-08-24T00:00:00.000,2018-01-01T00:00:00.000,9999-12-31T00:00:00.000,1,856f1379e0fb55f9b6cc5037870023c1856f1379e0fb55f9b6cc5037870023c1
246,MSP000246,409,172,7,4,Meridian MaintenanceSparePart 246,MSP000246,1,347.0200,1,1,2026-08-24T00:00:00.000,2018-01-01T00:00:00.000,9999-12-31T00:00:00.000,1,0ecd36a734b95ed7a50fb3a2869259250ecd36a734b95ed7a50fb3a286925925
247,MSP000247,370,141,7,15,Quartz MaintenanceSparePart 247,MSP000247,1,348.3900,1,1,2026-08-24T00:00:00.000,2018-01-01T00:00:00.000,9999-12-31T00:00:00.000,1,85b35fee80a455a288d7a993eedbd5a485b35fee80a455a288d7a993eedbd5a4
248,MSP000248,297,454,5,15,Riverton MaintenanceSparePart 248,MSP000248,1,349.7600,1,1,2026-08-24T00:00:00.000,2018-01-01T00:00:00.000,9999-12-31T00:00:00.000,1,565324a66fe25c03bc33bcbfcfdeab66565324a66fe25c03bc33bcbfcfdeab66
249,MSP000249,133,245,2,3,Evergreen MaintenanceSparePart 249,MSP000249,1,351.1300,1,1,2026-08-24T00:00:00.000,2018-01-01T00:00:00.000,9999-12-31T00:00:00.000,1,ef6c1b05aaa9508da5beb7f2e1836c91ef6c1b05aaa9508da5beb7f2e1836c91
250,MSP000250,207,202,3,18,Harbor MaintenanceSparePart 250,MSP000250,0,352.5000,1,1,2026-08-24T00:00:00.000,2018-01-01T00:00:00.000,9999-12-31T00:00:00.000,1,f19fddeee1a45117ac064d649e2b1e70f19fddeee1a45117ac064d649e2b1e70
251,MSP000251,243,272,1,1,Orion MaintenanceSparePart 251,MSP000251,1,353.8700,1,1,2026-08-24T00:00:00.000,2018-01-01T00:00:00.000,9999-12-31T00:00:00.000,1,453f02d1c04f5ea3b382990401c78cb0453f02d1c04f5ea3b382990401c78cb0
252,MSP000252,122,426,7,9,Zenith MaintenanceSparePart 252,MSP000252,1,355.2400,1,1,2026-08-24T00:00:00.000,2018-01-01T00:00:00.000,9999-12-31T00:00:00.000,1,f854755b4b725a7b9a10b82fac5e6f94f854755b4b725a7b9a10b82fac5e6f94
253,MSP000253,181,304,1,3,Liberty MaintenanceSparePart 253,MSP000253,1,356.6100,1,1,2026-08-24T00:00:00.000,2018-01-01T00:00:00.000,9999-12-31T00:00:00.000,1,99bce848ecdc5b668de164abb1481be899bce848ecdc5b668de164abb1481be8
254,MSP000254,15,419,5,16,Unity MaintenanceSparePart 254,MSP000254,1,357.9800,1,1,2026-08-24T00:00:00.000,2018-01-01T00:00:00.000,9999-12-31T00:00:00.000,1,18ac1a850fe45a3b984132ed62847ae618ac1a850fe45a3b984132ed62847ae6
255,MSP000255,281,187,5,15,Cedar MaintenanceSparePart 255,MSP000255,0,359.3500,1,1,2026-08-24T00:00:00.000,2018-01-01T00:00:00.000,9999-12-31T00:00:00.000,1,c1ad0246c27057d79c32298e155a55dec1ad0246c27057d79c32298e155a55de
256,MSP000256,359,445,3,10,Riverton MaintenanceSparePart 256,MSP000256,1,360.7200,1,1,2026-08-24T00:00:00.000,2018-01-01T00:00:00.000,9999-12-31T00:00:00.000,1,9f36e1868cc853cfab82be9ef24740d39f36e1868cc853cfab82be9ef24740d3
257,MSP000257,168,173,7,5,Granite MaintenanceSparePart 257,MSP000257,1,362.0900,1,1,2026-08-24T00:00:00.000,2018-01-01T00:00:00.000,9999-12-31T00:00:00.000,1,4f600ee7353155acad7d81a0d19bb49e4f600ee7353155acad7d81a0d19bb49e
258,MSP000258,113,277,3,12,Northstar MaintenanceSparePart 258,MSP000258,1,363.4600,1,1,2026-08-24T00:00:00.000,2018-01-01T00:00:00.000,9999-12-31T00:00:00.000,1,7dd7353d8382548695a146c1814458a47dd7353d8382548695a146c1814458a4
259,MSP000259,70,136,7,11,Evergreen MaintenanceSparePart 259,MSP000259,1,364.8300,1,1,2026-08-24T00:00:00.000,2018-01-01T00:00:00.000,9999-12-31T00:00:00.000,1,0fdf4db6eb355efbb84bddbf60a068cf0fdf4db6eb355efbb84bddbf60a068cf
260,MSP000260,1,363,4,17,Willow MaintenanceSparePart 260,MSP000260,0,366.2000,1,1,2026-08-24T00:00:00.000,2018-01-01T00:00:00.000,9999-12-31T00:00:00.000,1,d35ae6221b6357ffa8ed80ec850e3c6fd35ae6221b6357ffa8ed80ec850e3c6f
261,MSP000261,126,402,2,8,Cedar MaintenanceSparePart 261,MSP000261,1,367.5700,1,1,2026-08-24T00:00:00.000,2018-01-01T00:00:00.000,9999-12-31T00:00:00.000,1,a66c27213ffd5f679b5aecc68c3bf2e7a66c27213ffd5f679b5aecc68c3bf2e7
262,MSP000262,68,287,7,17,Summit MaintenanceSparePart 262,MSP000262,1,368.9400,1,1,2026-08-24T00:00:00.000,2018-01-01T00:00:00.000,9999-12-31T00:00:00.000,1,8b0686f417f652ebafb03b6ec3c9ea578b0686f417f652ebafb03b6ec3c9ea57
263,MSP000263,353,21,6,9,Summit MaintenanceSparePart 263,MSP000263,1,370.3100,1,1,2026-08-24T00:00:00.000,2018-01-01T00:00:00.000,9999-12-31T00:00:00.000,1,71326fc993405bc6a45c35d8d50f1cb871326fc993405bc6a45c35d8d50f1cb8
264,MSP000264,102,57,7,1,Summit MaintenanceSparePart 264,MSP000264,1,371.6800,1,1,2026-08-24T00:00:00.000,2018-01-01T00:00:00.000,9999-12-31T00:00:00.000,1,18597e0b483e5f7dbb201c3fe242487118597e0b483e5f7dbb201c3fe2424871
265,MSP000265,422,286,1,11,Atlas MaintenanceSparePart 265,MSP000265,0,373.0500,1,1,2026-08-24T00:00:00.000,2018-01-01T00:00:00.000,9999-12-31T00:00:00.000,1,4b875d2ea8fc5da7b5ed1ea1291fe0614b875d2ea8fc5da7b5ed1ea1291fe061
266,MSP000266,364,54,7,14,Harbor MaintenanceSparePart 266,MSP000266,1,374.4200,1,1,2026-08-24T00:00:00.000,2018-01-01T00:00:00.000,9999-12-31T00:00:00.000,1,dcb4e02f6c3f53cf9682064a3df8c747dcb4e02f6c3f53cf9682064a3df8c747
267,MSP000267,352,467,2,13,Orion MaintenanceSparePart 267,MSP000267,1,375.7900,1,1,2026-08-24T00:00:00.000,2018-01-01T00:00:00.000,9999-12-31T00:00:00.000,1,1a4a747eefef55629f3947a931a769591a4a747eefef55629f3947a931a76959
268,MSP000268,102,266,3,12,Atlas MaintenanceSparePart 268,MSP000268,1,377.1600,1,1,2026-08-24T00:00:00.000,2018-01-01T00:00:00.000,9999-12-31T00:00:00.000,1,1541083ab7e95a6086dc541fba4524ea1541083ab7e95a6086dc541fba4524ea
269,MSP000269,260,297,4,1,Unity MaintenanceSparePart 269,MSP000269,1,378.5300,1,1,2026-08-24T00:00:00.000,2018-01-01T00:00:00.000,9999-12-31T00:00:00.000,1,4ea6f769f0ed5a03a4c4aa0836220dfe4ea6f769f0ed5a03a4c4aa0836220dfe
270,MSP000270,4,82,5,13,Granite MaintenanceSparePart 270,MSP000270,0,379.9000,1,1,2026-08-24T00:00:00.000,2018-01-01T00:00:00.000,9999-12-31T00:00:00.000,1,38145fae2d085829894dc12d8b39dd2e38145fae2d085829894dc12d8b39dd2e
271,MSP000271,398,474,6,11,Forge MaintenanceSparePart 271,MSP000271,1,381.2700,1,1,2026-08-24T00:00:00.000,2018-01-01T00:00:00.000,9999-12-31T00:00:00.000,1,72f56537c86952dd8ee7ebce92ac807c72f56537c86952dd8ee7ebce92ac807c
272,MSP000272,374,211,6,12,Atlas MaintenanceSparePart 272,MSP000272,1,382.6400,1,1,2026-08-24T00:00:00.000,2018-01-01T00:00:00.000,9999-12-31T00:00:00.000,1,fcf0afdd772458dc88a035ea3c0af453fcf0afdd772458dc88a035ea3c0af453
273,MSP000273,375,263,2,18,Summit MaintenanceSparePart 273,MSP000273,1,384.0100,1,1,2026-08-24T00:00:00.000,2018-01-01T00:00:00.000,9999-12-31T00:00:00.000,1,ebac793251475eddab88ca06d139d651ebac793251475eddab88ca06d139d651
274,MSP000274,11,58,1,18,Vertex MaintenanceSparePart 274,MSP000274,1,385.3800,1,1,2026-08-24T00:00:00.000,2018-01-01T00:00:00.000,9999-12-31T00:00:00.000,1,9851dbcc82ad5f9cbac66bb1d531d4bc9851dbcc82ad5f9cbac66bb1d531d4bc
275,MSP000275,17,81,7,7,Northstar MaintenanceSparePart 275,MSP000275,0,386.7500,1,1,2026-08-24T00:00:00.000,2018-01-01T00:00:00.000,9999-12-31T00:00:00.000,1,dcefb1759cdc5b90ab78cd6b7c75eed7dcefb1759cdc5b90ab78cd6b7c75eed7
276,MSP000276,171,129,3,10,Pioneer MaintenanceSparePart 276,MSP000276,1,388.1200,1,1,2026-08-24T00:00:00.000,2018-01-01T00:00:00.000,9999-12-31T00:00:00.000,1,b99e0da56be65baf98a70ef14a1830d3b99e0da56be65baf98a70ef14a1830d3
277,MSP000277,360,137,6,18,Evergreen MaintenanceSparePart 277,MSP000277,1,389.4900,1,1,2026-08-24T00:00:00.000,2018-01-01T00:00:00.000,9999-12-31T00:00:00.000,1,b3ab0ce0ec535436825c474a2dc6c4f7b3ab0ce0ec535436825c474a2dc6c4f7
278,MSP000278,439,328,6,11,Summit MaintenanceSparePart 278,MSP000278,1,390.8600,1,1,2026-08-24T00:00:00.000,2018-01-01T00:00:00.000,9999-12-31T00:00:00.000,1,d2a775aa6ee1599989de9a8e6a79aea2d2a775aa6ee1599989de9a8e6a79aea2
279,MSP000279,432,476,2,5,Forge MaintenanceSparePart 279,MSP000279,1,392.2300,1,1,2026-08-24T00:00:00.000,2018-01-01T00:00:00.000,9999-12-31T00:00:00.000,1,fae5e694f3595c6eb23b0b2266c6b3f0fae5e694f3595c6eb23b0b2266c6b3f0
280,MSP000280,14,333,5,4,Meridian MaintenanceSparePart 280,MSP000280,0,393.6000,1,1,2026-08-24T00:00:00.000,2018-01-01T00:00:00.000,9999-12-31T00:00:00.000,1,b7d2160dc9ce5b3db51ccaf550b2be79b7d2160dc9ce5b3db51ccaf550b2be79
281,MSP000281,403,28,2,13,Granite MaintenanceSparePart 281,MSP000281,1,394.9700,1,1,2026-08-24T00:00:00.000,2018-01-01T00:00:00.000,9999-12-31T00:00:00.000,1,1a7dc4b7a74d5a7c9b16d4eba980a3731a7dc4b7a74d5a7c9b16d4eba980a373
282,MSP000282,146,133,7,8,Liberty MaintenanceSparePart 282,MSP000282,1,396.3400,1,1,2026-08-24T00:00:00.000,2018-01-01T00:00:00.000,9999-12-31T00:00:00.000,1,f7e8a9b61529501994417c3b51493273f7e8a9b61529501994417c3b51493273
283,MSP000283,180,485,7,12,Harbor MaintenanceSparePart 283,MSP000283,1,397.7100,1,1,2026-08-24T00:00:00.000,2018-01-01T00:00:00.000,9999-12-31T00:00:00.000,1,a77229f618c35fc98b2842554ae10100a77229f618c35fc98b2842554ae10100
284,MSP000284,214,295,5,11,Quartz MaintenanceSparePart 284,MSP000284,1,399.0800,1,1,2026-08-24T00:00:00.000,2018-01-01T00:00:00.000,9999-12-31T00:00:00.000,1,3dc516fb882250b78b010c582d203e0f3dc516fb882250b78b010c582d203e0f
285,MSP000285,52,129,2,1,Zenith MaintenanceSparePart 285,MSP000285,0,400.4500,1,1,2026-08-24T00:00:00.000,2018-01-01T00:00:00.000,9999-12-31T00:00:00.000,1,062506d231575ac8b89224ae26ca290f062506d231575ac8b89224ae26ca290f
286,MSP000286,7,347,5,12,Harbor MaintenanceSparePart 286,MSP000286,1,401.8200,1,1,2026-08-24T00:00:00.000,2018-01-01T00:00:00.000,9999-12-31T00:00:00.000,1,2bc7396361fe55baab00ef4ca953e95c2bc7396361fe55baab00ef4ca953e95c
287,MSP000287,293,137,4,17,Junction MaintenanceSparePart 287,MSP000287,1,403.1900,1,1,2026-08-24T00:00:00.000,2018-01-01T00:00:00.000,9999-12-31T00:00:00.000,1,b6dd6999b536509d855d1c81954afc06b6dd6999b536509d855d1c81954afc06
288,MSP000288,335,384,6,16,Ion MaintenanceSparePart 288,MSP000288,1,404.5600,1,1,2026-08-24T00:00:00.000,2018-01-01T00:00:00.000,9999-12-31T00:00:00.000,1,5204bbf086375d168ff5126cd32730c75204bbf086375d168ff5126cd32730c7
289,MSP000289,75,403,3,15,Cedar MaintenanceSparePart 289,MSP000289,1,405.9300,1,1,2026-08-24T00:00:00.000,2018-01-01T00:00:00.000,9999-12-31T00:00:00.000,1,b101f10a54ba5cb4ba7c18bc3edefa93b101f10a54ba5cb4ba7c18bc3edefa93
290,MSP000290,69,381,7,6,Quartz MaintenanceSparePart 290,MSP000290,0,407.3000,1,1,2026-08-24T00:00:00.000,2018-01-01T00:00:00.000,9999-12-31T00:00:00.000,1,76383d31f01058659701ef3aa181421576383d31f01058659701ef3aa1814215
291,MSP000291,33,392,2,4,Zenith MaintenanceSparePart 291,MSP000291,1,408.6700,1,1,2026-08-24T00:00:00.000,2018-01-01T00:00:00.000,9999-12-31T00:00:00.000,1,97032e98f74f5aad8b94ffbfe026a5db97032e98f74f5aad8b94ffbfe026a5db
292,MSP000292,365,372,1,10,Unity MaintenanceSparePart 292,MSP000292,1,410.0400,1,1,2026-08-24T00:00:00.000,2018-01-01T00:00:00.000,9999-12-31T00:00:00.000,1,f743040c12f654ce9bf1c1efdbe29125f743040c12f654ce9bf1c1efdbe29125
293,MSP000293,80,356,3,17,Delta MaintenanceSparePart 293,MSP000293,1,411.4100,1,1,2026-08-24T00:00:00.000,2018-01-01T00:00:00.000,9999-12-31T00:00:00.000,1,a3ca6888fe7457cabd33c23727186342a3ca6888fe7457cabd33c23727186342
294,MSP000294,190,193,2,16,Harbor MaintenanceSparePart 294,MSP000294,1,412.7800,1,1,2026-08-24T00:00:00.000,2018-01-01T00:00:00.000,9999-12-31T00:00:00.000,1,7d5f1f4e8ca05b61849c73e575a3a5ac7d5f1f4e8ca05b61849c73e575a3a5ac
295,MSP000295,230,131,5,14,Beacon MaintenanceSparePart 295,MSP000295,0,414.1500,1,1,2026-08-24T00:00:00.000,2018-01-01T00:00:00.000,9999-12-31T00:00:00.000,1,da75f13c8aa05491a5f564ed5a43c22cda75f13c8aa05491a5f564ed5a43c22c
296,MSP000296,339,89,7,2,Cedar MaintenanceSparePart 296,MSP000296,1,415.5200,1,1,2026-08-24T00:00:00.000,2018-01-01T00:00:00.000,9999-12-31T00:00:00.000,1,d131cbf0240752df80fff1176a20fbaad131cbf0240752df80fff1176a20fbaa
297,MSP000297,168,102,4,8,Willow MaintenanceSparePart 297,MSP000297,1,416.8900,1,1,2026-08-24T00:00:00.000,2018-01-01T00:00:00.000,9999-12-31T00:00:00.000,1,ef7486ff92265da38f2f200a9af27a8eef7486ff92265da38f2f200a9af27a8e
298,MSP000298,3,273,3,6,Quartz MaintenanceSparePart 298,MSP000298,1,418.2600,1,1,2026-08-24T00:00:00.000,2018-01-01T00:00:00.000,9999-12-31T00:00:00.000,1,ae43f10d242b5cdd9e686e90f733e26bae43f10d242b5cdd9e686e90f733e26b
299,MSP000299,277,16,3,3,Beacon MaintenanceSparePart 299,MSP000299,1,419.6300,1,1,2026-08-24T00:00:00.000,2018-01-01T00:00:00.000,9999-12-31T00:00:00.000,1,14cfbf5f0ea6549da098f4dc23615b9c14cfbf5f0ea6549da098f4dc23615b9c
300,MSP000300,54,71,4,18,Willow MaintenanceSparePart 300,MSP000300,0,421.0000,1,1,2026-08-24T00:00:00.000,2018-01-01T00:00:00.000,9999-12-31T00:00:00.000,1,3c35bda878fd5c0bbc1f192b546c51f33c35bda878fd5c0bbc1f192b546c51f3
301,MSP000301,175,93,6,13,Titan MaintenanceSparePart 301,MSP000301,1,422.3700,1,1,2026-08-24T00:00:00.000,2018-01-01T00:00:00.000,9999-12-31T00:00:00.000,1,64bd6b8e0de054cc8e0f6019c289512b64bd6b8e0de054cc8e0f6019c289512b
302,MSP000302,104,282,7,3,Forge MaintenanceSparePart 302,MSP000302,1,423.7400,1,1,2026-08-24T00:00:00.000,2018-01-01T00:00:00.000,9999-12-31T00:00:00.000,1,f275fcf213ea5666854e9dbf284de0a5f275fcf213ea5666854e9dbf284de0a5
303,MSP000303,26,222,3,9,Harbor MaintenanceSparePart 303,MSP000303,1,425.1100,1,1,2026-08-24T00:00:00.000,2018-01-01T00:00:00.000,9999-12-31T00:00:00.000,1,eb8aec326026583181c3be747dc1e45aeb8aec326026583181c3be747dc1e45a
304,MSP000304,277,347,1,8,Forge MaintenanceSparePart 304,MSP000304,1,426.4800,1,1,2026-08-24T00:00:00.000,2018-01-01T00:00:00.000,9999-12-31T00:00:00.000,1,30ce66f8b4285b2c85334a9ec7b4420e30ce66f8b4285b2c85334a9ec7b4420e
305,MSP000305,142,183,1,18,Quartz MaintenanceSparePart 305,MSP000305,0,427.8500,1,1,2026-08-24T00:00:00.000,2018-01-01T00:00:00.000,9999-12-31T00:00:00.000,1,24abef3eb96c5b18a8d80b74327eb48224abef3eb96c5b18a8d80b74327eb482
306,MSP000306,441,144,1,1,Atlas MaintenanceSparePart 306,MSP000306,1,429.2200,1,1,2026-08-24T00:00:00.000,2018-01-01T00:00:00.000,9999-12-31T00:00:00.000,1,c56499789b1e55e3ac5b22ee7304d2a6c56499789b1e55e3ac5b22ee7304d2a6
307,MSP000307,454,42,4,7,Titan MaintenanceSparePart 307,MSP000307,1,430.5900,1,1,2026-08-24T00:00:00.000,2018-01-01T00:00:00.000,9999-12-31T00:00:00.000,1,2f545539d1125393aeb1278298df87cb2f545539d1125393aeb1278298df87cb
308,MSP000308,243,186,6,11,Junction MaintenanceSparePart 308,MSP000308,1,431.9600,1,1,2026-08-24T00:00:00.000,2018-01-01T00:00:00.000,9999-12-31T00:00:00.000,1,a149c16d406e5b7eb1a3e74c2f0fac4ea149c16d406e5b7eb1a3e74c2f0fac4e
309,MSP000309,435,390,4,3,Quartz MaintenanceSparePart 309,MSP000309,1,433.3300,1,1,2026-08-24T00:00:00.000,2018-01-01T00:00:00.000,9999-12-31T00:00:00.000,1,1f2ef86d4f7c56389c8fe350fa3adee61f2ef86d4f7c56389c8fe350fa3adee6
310,MSP000310,187,367,2,12,Quartz MaintenanceSparePart 310,MSP000310,0,434.7000,1,1,2026-08-24T00:00:00.000,2018-01-01T00:00:00.000,9999-12-31T00:00:00.000,1,923467df68f252e8816fbe90094d7f0d923467df68f252e8816fbe90094d7f0d
311,MSP000311,364,169,6,10,Riverton MaintenanceSparePart 311,MSP000311,1,436.0700,1,1,2026-08-24T00:00:00.000,2018-01-01T00:00:00.000,9999-12-31T00:00:00.000,1,ebe47e241ede5fa5993f776366e881beebe47e241ede5fa5993f776366e881be
312,MSP000312,87,51,6,3,Cedar MaintenanceSparePart 312,MSP000312,1,437.4400,1,1,2026-08-24T00:00:00.000,2018-01-01T00:00:00.000,9999-12-31T00:00:00.000,1,f3cb6325bbd65a80a8074d2a2b185a17f3cb6325bbd65a80a8074d2a2b185a17
313,MSP000313,14,341,4,9,Ion MaintenanceSparePart 313,MSP000313,1,438.8100,1,1,2026-08-24T00:00:00.000,2018-01-01T00:00:00.000,9999-12-31T00:00:00.000,1,c37a36d7fcb257d98d25f722d91ecc1bc37a36d7fcb257d98d25f722d91ecc1b
314,MSP000314,193,143,4,4,Willow MaintenanceSparePart 314,MSP000314,1,440.1800,1,1,2026-08-24T00:00:00.000,2018-01-01T00:00:00.000,9999-12-31T00:00:00.000,1,bfcc999b74575d128340c4ddf0f53c5abfcc999b74575d128340c4ddf0f53c5a
315,MSP000315,191,431,4,7,Forge MaintenanceSparePart 315,MSP000315,0,441.5500,1,1,2026-08-24T00:00:00.000,2018-01-01T00:00:00.000,9999-12-31T00:00:00.000,1,a58a0729792458699ad73cf53a2adf83a58a0729792458699ad73cf53a2adf83
316,MSP000316,443,87,6,9,Delta MaintenanceSparePart 316,MSP000316,1,442.9200,1,1,2026-08-24T00:00:00.000,2018-01-01T00:00:00.000,9999-12-31T00:00:00.000,1,bfbbf80512be54b997ed6a72e80d5e03bfbbf80512be54b997ed6a72e80d5e03
317,MSP000317,443,375,3,2,Meridian MaintenanceSparePart 317,MSP000317,1,444.2900,1,1,2026-08-24T00:00:00.000,2018-01-01T00:00:00.000,9999-12-31T00:00:00.000,1,b3faaf3394db59c58c13f76f5f522a39b3faaf3394db59c58c13f76f5f522a39
318,MSP000318,81,441,2,11,Northstar MaintenanceSparePart 318,MSP000318,1,445.6600,1,1,2026-08-24T00:00:00.000,2018-01-01T00:00:00.000,9999-12-31T00:00:00.000,1,d8f4777acbbe54bcb2e12097eaf210a1d8f4777acbbe54bcb2e12097eaf210a1
319,MSP000319,474,160,2,8,Liberty MaintenanceSparePart 319,MSP000319,1,447.0300,1,1,2026-08-24T00:00:00.000,2018-01-01T00:00:00.000,9999-12-31T00:00:00.000,1,4beb2a770c80547883af7a304180b1aa4beb2a770c80547883af7a304180b1aa
320,MSP000320,247,151,3,4,Atlas MaintenanceSparePart 320,MSP000320,0,448.4000,1,1,2026-08-24T00:00:00.000,2018-01-01T00:00:00.000,9999-12-31T00:00:00.000,1,3ab5a81319025dca80412d5eb1f5c0a83ab5a81319025dca80412d5eb1f5c0a8
321,MSP000321,226,474,2,7,Meridian MaintenanceSparePart 321,MSP000321,1,449.7700,1,1,2026-08-24T00:00:00.000,2018-01-01T00:00:00.000,9999-12-31T00:00:00.000,1,559509cc565d5cfe89aec2ccd5a5fa4f559509cc565d5cfe89aec2ccd5a5fa4f
322,MSP000322,39,422,2,17,Delta MaintenanceSparePart 322,MSP000322,1,451.1400,1,1,2026-08-24T00:00:00.000,2018-01-01T00:00:00.000,9999-12-31T00:00:00.000,1,d70d2c26051b5008a9b2b7878e1388a2d70d2c26051b5008a9b2b7878e1388a2
323,MSP000323,183,398,1,18,Vertex MaintenanceSparePart 323,MSP000323,1,452.5100,1,1,2026-08-24T00:00:00.000,2018-01-01T00:00:00.000,9999-12-31T00:00:00.000,1,825468ba5e2150c29ff0a270124cd72c825468ba5e2150c29ff0a270124cd72c
324,MSP000324,459,192,7,5,Ion MaintenanceSparePart 324,MSP000324,1,453.8800,1,1,2026-08-24T00:00:00.000,2018-01-01T00:00:00.000,9999-12-31T00:00:00.000,1,efd9f93acfbf5993b994ccb8878013acefd9f93acfbf5993b994ccb8878013ac
325,MSP000325,382,284,7,16,Keystone MaintenanceSparePart 325,MSP000325,0,455.2500,1,1,2026-08-24T00:00:00.000,2018-01-01T00:00:00.000,9999-12-31T00:00:00.000,1,5bf35952b27c5d25b415c0b1cd4667a85bf35952b27c5d25b415c0b1cd4667a8
326,MSP000326,75,172,7,14,Liberty MaintenanceSparePart 326,MSP000326,1,456.6200,1,1,2026-08-24T00:00:00.000,2018-01-01T00:00:00.000,9999-12-31T00:00:00.000,1,e03a332db77a556986ebf9f15494c6f5e03a332db77a556986ebf9f15494c6f5
327,MSP000327,225,252,3,1,Keystone MaintenanceSparePart 327,MSP000327,1,457.9900,1,1,2026-08-24T00:00:00.000,2018-01-01T00:00:00.000,9999-12-31T00:00:00.000,1,3011c5c8d66255f795c75cecc4e5c6313011c5c8d66255f795c75cecc4e5c631
328,MSP000328,351,173,3,14,Titan MaintenanceSparePart 328,MSP000328,1,459.3600,1,1,2026-08-24T00:00:00.000,2018-01-01T00:00:00.000,9999-12-31T00:00:00.000,1,3423cf5a63815dcc86ca3d6a0e7177bd3423cf5a63815dcc86ca3d6a0e7177bd
329,MSP000329,34,40,6,17,Junction MaintenanceSparePart 329,MSP000329,1,460.7300,1,1,2026-08-24T00:00:00.000,2018-01-01T00:00:00.000,9999-12-31T00:00:00.000,1,f804ccd6b9255923b95abe99530116a7f804ccd6b9255923b95abe99530116a7
330,MSP000330,135,122,3,12,Willow MaintenanceSparePart 330,MSP000330,0,462.1000,1,1,2026-08-24T00:00:00.000,2018-01-01T00:00:00.000,9999-12-31T00:00:00.000,1,ef63f36eba28563cb0b6517fd6712d77ef63f36eba28563cb0b6517fd6712d77
331,MSP000331,269,320,6,14,Unity MaintenanceSparePart 331,MSP000331,1,463.4700,1,1,2026-08-24T00:00:00.000,2018-01-01T00:00:00.000,9999-12-31T00:00:00.000,1,e713674e44365438b8c9d036243d27a3e713674e44365438b8c9d036243d27a3
332,MSP000332,140,466,3,17,Granite MaintenanceSparePart 332,MSP000332,1,464.8400,1,1,2026-08-24T00:00:00.000,2018-01-01T00:00:00.000,9999-12-31T00:00:00.000,1,e6b7076d91bc5074911807eef7653552e6b7076d91bc5074911807eef7653552
333,MSP000333,155,105,2,14,Willow MaintenanceSparePart 333,MSP000333,1,466.2100,1,1,2026-08-24T00:00:00.000,2018-01-01T00:00:00.000,9999-12-31T00:00:00.000,1,b60fb97b632258fd9653d3af906155f2b60fb97b632258fd9653d3af906155f2
334,MSP000334,152,364,7,16,Keystone MaintenanceSparePart 334,MSP000334,1,467.5800,1,1,2026-08-24T00:00:00.000,2018-01-01T00:00:00.000,9999-12-31T00:00:00.000,1,f4f5941e74a455e5b937550f09413c93f4f5941e74a455e5b937550f09413c93
335,MSP000335,375,216,3,1,Delta MaintenanceSparePart 335,MSP000335,0,468.9500,1,1,2026-08-24T00:00:00.000,2018-01-01T00:00:00.000,9999-12-31T00:00:00.000,1,82fe1c3f0087569ca6bb3a4ab808fc2782fe1c3f0087569ca6bb3a4ab808fc27
336,MSP000336,220,422,7,5,Harbor MaintenanceSparePart 336,MSP000336,1,470.3200,1,1,2026-08-24T00:00:00.000,2018-01-01T00:00:00.000,9999-12-31T00:00:00.000,1,343be025696c57188855e0966b1acce6343be025696c57188855e0966b1acce6
337,MSP000337,280,252,3,8,Harbor MaintenanceSparePart 337,MSP000337,1,471.6900,1,1,2026-08-24T00:00:00.000,2018-01-01T00:00:00.000,9999-12-31T00:00:00.000,1,4c33b491db025525b8fd5fd2261803e54c33b491db025525b8fd5fd2261803e5
338,MSP000338,430,498,5,6,Harbor MaintenanceSparePart 338,MSP000338,1,473.0600,1,1,2026-08-24T00:00:00.000,2018-01-01T00:00:00.000,9999-12-31T00:00:00.000,1,2b4bd9c6587d5a58b9232e79a1647ae42b4bd9c6587d5a58b9232e79a1647ae4
339,MSP000339,144,253,7,1,Cedar MaintenanceSparePart 339,MSP000339,1,474.4300,1,1,2026-08-24T00:00:00.000,2018-01-01T00:00:00.000,9999-12-31T00:00:00.000,1,1f0451ee9b605efb8140ff50605c4a1a1f0451ee9b605efb8140ff50605c4a1a
340,MSP000340,315,54,6,9,Granite MaintenanceSparePart 340,MSP000340,0,475.8000,1,1,2026-08-24T00:00:00.000,2018-01-01T00:00:00.000,9999-12-31T00:00:00.000,1,6b5b450528885e69ae94976d73d38c8f6b5b450528885e69ae94976d73d38c8f
341,MSP000341,341,345,2,17,Liberty MaintenanceSparePart 341,MSP000341,1,477.1700,1,1,2026-08-24T00:00:00.000,2018-01-01T00:00:00.000,9999-12-31T00:00:00.000,1,56bda65350ee542b8702805952d1f63756bda65350ee542b8702805952d1f637
342,MSP000342,70,288,4,11,Titan MaintenanceSparePart 342,MSP000342,1,478.5400,1,1,2026-08-24T00:00:00.000,2018-01-01T00:00:00.000,9999-12-31T00:00:00.000,1,56f7791f5d365aa8a66b970794a089ae56f7791f5d365aa8a66b970794a089ae
343,MSP000343,3,375,7,2,Delta MaintenanceSparePart 343,MSP000343,1,479.9100,1,1,2026-08-24T00:00:00.000,2018-01-01T00:00:00.000,9999-12-31T00:00:00.000,1,305946717ce352a58043d04654d46e76305946717ce352a58043d04654d46e76
344,MSP000344,65,133,3,6,Delta MaintenanceSparePart 344,MSP000344,1,481.2800,1,1,2026-08-24T00:00:00.000,2018-01-01T00:00:00.000,9999-12-31T00:00:00.000,1,519b660cf2495e45bf3b34f8a1c4c725519b660cf2495e45bf3b34f8a1c4c725
345,MSP000345,83,279,3,3,Orion MaintenanceSparePart 345,MSP000345,0,482.6500,1,1,2026-08-24T00:00:00.000,2018-01-01T00:00:00.000,9999-12-31T00:00:00.000,1,722e46e45b525fd2a0d4e0a5d549156a722e46e45b525fd2a0d4e0a5d549156a
346,MSP000346,484,71,2,15,Titan MaintenanceSparePart 346,MSP000346,1,484.0200,1,1,2026-08-24T00:00:00.000,2018-01-01T00:00:00.000,9999-12-31T00:00:00.000,1,c7a4c012b17c50b1a7de3f0ea6b1111bc7a4c012b17c50b1a7de3f0ea6b1111b
347,MSP000347,230,256,1,8,Forge MaintenanceSparePart 347,MSP000347,1,485.3900,1,1,2026-08-24T00:00:00.000,2018-01-01T00:00:00.000,9999-12-31T00:00:00.000,1,63d64280a1bb5fb981d29f7c5b8fd69463d64280a1bb5fb981d29f7c5b8fd694
348,MSP000348,164,404,5,12,Cedar MaintenanceSparePart 348,MSP000348,1,486.7600,1,1,2026-08-24T00:00:00.000,2018-01-01T00:00:00.000,9999-12-31T00:00:00.000,1,450822b7a820540d926ee4a854c0d54c450822b7a820540d926ee4a854c0d54c
349,MSP000349,363,86,2,3,Evergreen MaintenanceSparePart 349,MSP000349,1,488.1300,1,1,2026-08-24T00:00:00.000,2018-01-01T00:00:00.000,9999-12-31T00:00:00.000,1,d230efd5f7d45ba5b45b68db320f7b7dd230efd5f7d45ba5b45b68db320f7b7d
350,MSP000350,311,385,3,7,Summit MaintenanceSparePart 350,MSP000350,0,489.5000,1,1,2026-08-24T00:00:00.000,2018-01-01T00:00:00.000,9999-12-31T00:00:00.000,1,f1e7009643e55b52bc2cf1af588715acf1e7009643e55b52bc2cf1af588715ac
351,MSP000351,391,189,1,1,Quartz MaintenanceSparePart 351,MSP000351,1,490.8700,1,1,2026-08-24T00:00:00.000,2018-01-01T00:00:00.000,9999-12-31T00:00:00.000,1,f27b1a3630a35d67a210bb6ba56a5dbdf27b1a3630a35d67a210bb6ba56a5dbd
352,MSP000352,131,3,7,3,Junction MaintenanceSparePart 352,MSP000352,1,492.2400,1,1,2026-08-24T00:00:00.000,2018-01-01T00:00:00.000,9999-12-31T00:00:00.000,1,792f886ce5da5d6281ea80e43e3f08eb792f886ce5da5d6281ea80e43e3f08eb
353,MSP000353,118,350,3,12,Forge MaintenanceSparePart 353,MSP000353,1,493.6100,1,1,2026-08-24T00:00:00.000,2018-01-01T00:00:00.000,9999-12-31T00:00:00.000,1,439f2dedfee75e71b784a01b453f2e84439f2dedfee75e71b784a01b453f2e84
354,MSP000354,171,128,6,16,Ion MaintenanceSparePart 354,MSP000354,1,494.9800,1,1,2026-08-24T00:00:00.000,2018-01-01T00:00:00.000,9999-12-31T00:00:00.000,1,edf25355f8965bd6bff81e8cb2255dd6edf25355f8965bd6bff81e8cb2255dd6
355,MSP000355,19,329,2,4,Pioneer MaintenanceSparePart 355,MSP000355,0,496.3500,1,1,2026-08-24T00:00:00.000,2018-01-01T00:00:00.000,9999-12-31T00:00:00.000,1,004ba7e18a9f54e899c34961944ba4f8004ba7e18a9f54e899c34961944ba4f8
356,MSP000356,210,248,3,8,Titan MaintenanceSparePart 356,MSP000356,1,497.7200,1,1,2026-08-24T00:00:00.000,2018-01-01T00:00:00.000,9999-12-31T00:00:00.000,1,43818f048bcf5cc3a8d4d712000b567b43818f048bcf5cc3a8d4d712000b567b
357,MSP000357,459,464,1,16,Evergreen MaintenanceSparePart 357,MSP000357,1,499.0900,1,1,2026-08-24T00:00:00.000,2018-01-01T00:00:00.000,9999-12-31T00:00:00.000,1,b74a531cacc6589392b042be43270c34b74a531cacc6589392b042be43270c34
358,MSP000358,112,381,3,13,Junction MaintenanceSparePart 358,MSP000358,1,500.4600,1,1,2026-08-24T00:00:00.000,2018-01-01T00:00:00.000,9999-12-31T00:00:00.000,1,51ad46fafba05a7abbf30a9d609bac3151ad46fafba05a7abbf30a9d609bac31
359,MSP000359,363,367,4,6,Pioneer MaintenanceSparePart 359,MSP000359,1,501.8300,1,1,2026-08-24T00:00:00.000,2018-01-01T00:00:00.000,9999-12-31T00:00:00.000,1,4473eaeb2f9a574682939e6995ee36b34473eaeb2f9a574682939e6995ee36b3
360,MSP000360,366,208,1,5,Cedar MaintenanceSparePart 360,MSP000360,0,503.2000,1,1,2026-08-24T00:00:00.000,2018-01-01T00:00:00.000,9999-12-31T00:00:00.000,1,ca96a669665b5c1880d3f8ccfa813beeca96a669665b5c1880d3f8ccfa813bee
361,MSP000361,375,478,3,4,Summit MaintenanceSparePart 361,MSP000361,1,504.5700,1,1,2026-08-24T00:00:00.000,2018-01-01T00:00:00.000,9999-12-31T00:00:00.000,1,9b063d86ad2f5e4f9e5a945a0ed781129b063d86ad2f5e4f9e5a945a0ed78112
362,MSP000362,139,324,5,1,Riverton MaintenanceSparePart 362,MSP000362,1,505.9400,1,1,2026-08-24T00:00:00.000,2018-01-01T00:00:00.000,9999-12-31T00:00:00.000,1,e9760cc212dd5eb883e6db0925c090fbe9760cc212dd5eb883e6db0925c090fb
363,MSP000363,289,15,5,5,Beacon MaintenanceSparePart 363,MSP000363,1,507.3100,1,1,2026-08-24T00:00:00.000,2018-01-01T00:00:00.000,9999-12-31T00:00:00.000,1,376c95a2159a5ee2aa34ce5fd48a6f21376c95a2159a5ee2aa34ce5fd48a6f21
364,MSP000364,297,415,5,16,Forge MaintenanceSparePart 364,MSP000364,1,508.6800,1,1,2026-08-24T00:00:00.000,2018-01-01T00:00:00.000,9999-12-31T00:00:00.000,1,502bf774b7b055dca40209c2baa27fa9502bf774b7b055dca40209c2baa27fa9
365,MSP000365,269,113,5,7,Cedar MaintenanceSparePart 365,MSP000365,0,510.0500,1,1,2026-08-24T00:00:00.000,2018-01-01T00:00:00.000,9999-12-31T00:00:00.000,1,68a288fd066b5bdd98d8e942ed56050068a288fd066b5bdd98d8e942ed560500
366,MSP000366,277,181,1,18,Pioneer MaintenanceSparePart 366,MSP000366,1,511.4200,1,1,2026-08-24T00:00:00.000,2018-01-01T00:00:00.000,9999-12-31T00:00:00.000,1,3ffb0495b0e35b1dacec17df4c54d9263ffb0495b0e35b1dacec17df4c54d926
367,MSP000367,468,219,3,7,Vertex MaintenanceSparePart 367,MSP000367,1,512.7900,1,1,2026-08-24T00:00:00.000,2018-01-01T00:00:00.000,9999-12-31T00:00:00.000,1,a89e9194eb8f59c891fcf12db25ea54ea89e9194eb8f59c891fcf12db25ea54e
368,MSP000368,144,376,5,1,Riverton MaintenanceSparePart 368,MSP000368,1,514.1600,1,1,2026-08-24T00:00:00.000,2018-01-01T00:00:00.000,9999-12-31T00:00:00.000,1,1e593558cc15582e8a3befbd2267db951e593558cc15582e8a3befbd2267db95
369,MSP000369,123,291,1,2,Atlas MaintenanceSparePart 369,MSP000369,1,515.5300,1,1,2026-08-24T00:00:00.000,2018-01-01T00:00:00.000,9999-12-31T00:00:00.000,1,699ed5a9a62256d6a33da8edbff01f54699ed5a9a62256d6a33da8edbff01f54
370,MSP000370,216,252,7,1,Orion MaintenanceSparePart 370,MSP000370,0,516.9000,1,1,2026-08-24T00:00:00.000,2018-01-01T00:00:00.000,9999-12-31T00:00:00.000,1,4023f400fdb25ddd991c9a611e2d78584023f400fdb25ddd991c9a611e2d7858
371,MSP000371,137,437,1,12,Quartz MaintenanceSparePart 371,MSP000371,1,518.2700,1,1,2026-08-24T00:00:00.000,2018-01-01T00:00:00.000,9999-12-31T00:00:00.000,1,c6de55d3ee0958e1bffe5552c4945820c6de55d3ee0958e1bffe5552c4945820
372,MSP000372,101,496,6,12,Unity MaintenanceSparePart 372,MSP000372,1,519.6400,1,1,2026-08-24T00:00:00.000,2018-01-01T00:00:00.000,9999-12-31T00:00:00.000,1,ccd805541c965fe7b7b2e9a7717b9b6dccd805541c965fe7b7b2e9a7717b9b6d
373,MSP000373,116,248,1,17,Cedar MaintenanceSparePart 373,MSP000373,1,521.0100,1,1,2026-08-24T00:00:00.000,2018-01-01T00:00:00.000,9999-12-31T00:00:00.000,1,95b14cd7a97659149b7f57055ce02d1d95b14cd7a97659149b7f57055ce02d1d
374,MSP000374,316,274,2,7,Quartz MaintenanceSparePart 374,MSP000374,1,522.3800,1,1,2026-08-24T00:00:00.000,2018-01-01T00:00:00.000,9999-12-31T00:00:00.000,1,285dda2b340352d4857d3a4983306845285dda2b340352d4857d3a4983306845
375,MSP000375,476,448,2,1,Zenith MaintenanceSparePart 375,MSP000375,0,523.7500,1,1,2026-08-24T00:00:00.000,2018-01-01T00:00:00.000,9999-12-31T00:00:00.000,1,8ecd90247201546f9e25d9a58ea236848ecd90247201546f9e25d9a58ea23684
376,MSP000376,155,324,5,17,Meridian MaintenanceSparePart 376,MSP000376,1,525.1200,1,1,2026-08-24T00:00:00.000,2018-01-01T00:00:00.000,9999-12-31T00:00:00.000,1,6a7606ce91825bd3acdf0f6a1557c0ca6a7606ce91825bd3acdf0f6a1557c0ca
377,MSP000377,1,43,2,18,Junction MaintenanceSparePart 377,MSP000377,1,526.4900,1,1,2026-08-24T00:00:00.000,2018-01-01T00:00:00.000,9999-12-31T00:00:00.000,1,7dd27abfbe635bc89338268850db26827dd27abfbe635bc89338268850db2682
378,MSP000378,229,435,1,12,Quartz MaintenanceSparePart 378,MSP000378,1,527.8600,1,1,2026-08-24T00:00:00.000,2018-01-01T00:00:00.000,9999-12-31T00:00:00.000,1,b71bc8951312528cb709225da855b5e6b71bc8951312528cb709225da855b5e6
379,MSP000379,496,307,5,13,Liberty MaintenanceSparePart 379,MSP000379,1,529.2300,1,1,2026-08-24T00:00:00.000,2018-01-01T00:00:00.000,9999-12-31T00:00:00.000,1,742fd61e9a1f53c997ba8ae87bb62462742fd61e9a1f53c997ba8ae87bb62462
380,MSP000380,428,226,3,2,Orion MaintenanceSparePart 380,MSP000380,0,530.6000,1,1,2026-08-24T00:00:00.000,2018-01-01T00:00:00.000,9999-12-31T00:00:00.000,1,f9e625db43245fc39282b95c2638f3aff9e625db43245fc39282b95c2638f3af
381,MSP000381,455,28,4,4,Quartz MaintenanceSparePart 381,MSP000381,1,531.9700,1,1,2026-08-24T00:00:00.000,2018-01-01T00:00:00.000,9999-12-31T00:00:00.000,1,e92fd0eb758e5027b35122c936402dcce92fd0eb758e5027b35122c936402dcc
382,MSP000382,165,28,6,18,Riverton MaintenanceSparePart 382,MSP000382,1,533.3400,1,1,2026-08-24T00:00:00.000,2018-01-01T00:00:00.000,9999-12-31T00:00:00.000,1,43312a946be054daa2a84136ba87dc8443312a946be054daa2a84136ba87dc84
383,MSP000383,54,142,3,18,Cedar MaintenanceSparePart 383,MSP000383,1,534.7100,1,1,2026-08-24T00:00:00.000,2018-01-01T00:00:00.000,9999-12-31T00:00:00.000,1,976176b58c425f07a4e7810596370bdb976176b58c425f07a4e7810596370bdb
384,MSP000384,223,254,2,9,Atlas MaintenanceSparePart 384,MSP000384,1,536.0800,1,1,2026-08-24T00:00:00.000,2018-01-01T00:00:00.000,9999-12-31T00:00:00.000,1,40d5099d27e45bd390ab9540868a246540d5099d27e45bd390ab9540868a2465
385,MSP000385,430,111,7,18,Summit MaintenanceSparePart 385,MSP000385,0,537.4500,1,1,2026-08-24T00:00:00.000,2018-01-01T00:00:00.000,9999-12-31T00:00:00.000,1,cbfd180f87385954b17bdc6e8c7e1b86cbfd180f87385954b17bdc6e8c7e1b86
386,MSP000386,388,247,3,9,Riverton MaintenanceSparePart 386,MSP000386,1,538.8200,1,1,2026-08-24T00:00:00.000,2018-01-01T00:00:00.000,9999-12-31T00:00:00.000,1,79d61cd5be1e5dac943b0df6ef272db479d61cd5be1e5dac943b0df6ef272db4
387,MSP000387,464,423,5,11,Riverton MaintenanceSparePart 387,MSP000387,1,540.1900,1,1,2026-08-24T00:00:00.000,2018-01-01T00:00:00.000,9999-12-31T00:00:00.000,1,c72426c5ebbd57b7bf28d3be6fb7f735c72426c5ebbd57b7bf28d3be6fb7f735
388,MSP000388,38,216,5,13,Unity MaintenanceSparePart 388,MSP000388,1,541.5600,1,1,2026-08-24T00:00:00.000,2018-01-01T00:00:00.000,9999-12-31T00:00:00.000,1,d289ab9d08c75feda9a375ef0a1e42e2d289ab9d08c75feda9a375ef0a1e42e2
389,MSP000389,106,38,6,2,Zenith MaintenanceSparePart 389,MSP000389,1,542.9300,1,1,2026-08-24T00:00:00.000,2018-01-01T00:00:00.000,9999-12-31T00:00:00.000,1,dce785da43995abcb4b32e5d9b2a2294dce785da43995abcb4b32e5d9b2a2294
390,MSP000390,134,230,2,4,Atlas MaintenanceSparePart 390,MSP000390,0,544.3000,1,1,2026-08-24T00:00:00.000,2018-01-01T00:00:00.000,9999-12-31T00:00:00.000,1,96ce0e8ef0505e0e9c7907f8cf6a9d3e96ce0e8ef0505e0e9c7907f8cf6a9d3e
391,MSP000391,291,105,7,5,Liberty MaintenanceSparePart 391,MSP000391,1,545.6700,1,1,2026-08-24T00:00:00.000,2018-01-01T00:00:00.000,9999-12-31T00:00:00.000,1,851f5c5c3b225f9cb51131286eebac83851f5c5c3b225f9cb51131286eebac83
392,MSP000392,205,16,7,7,Atlas MaintenanceSparePart 392,MSP000392,1,547.0400,1,1,2026-08-24T00:00:00.000,2018-01-01T00:00:00.000,9999-12-31T00:00:00.000,1,2d36acbb746052debcf03af042b6b2522d36acbb746052debcf03af042b6b252
393,MSP000393,446,55,3,16,Atlas MaintenanceSparePart 393,MSP000393,1,548.4100,1,1,2026-08-24T00:00:00.000,2018-01-01T00:00:00.000,9999-12-31T00:00:00.000,1,6e17bae0bef257a6b9bb824a580aa5e76e17bae0bef257a6b9bb824a580aa5e7
394,MSP000394,133,326,5,13,Titan MaintenanceSparePart 394,MSP000394,1,549.7800,1,1,2026-08-24T00:00:00.000,2018-01-01T00:00:00.000,9999-12-31T00:00:00.000,1,775a98cb5ef6598b8068fba7f8107d55775a98cb5ef6598b8068fba7f8107d55
395,MSP000395,294,162,1,9,Meridian MaintenanceSparePart 395,MSP000395,0,551.1500,1,1,2026-08-24T00:00:00.000,2018-01-01T00:00:00.000,9999-12-31T00:00:00.000,1,53bf5fa626545bb5a23dedfca3f416b453bf5fa626545bb5a23dedfca3f416b4
396,MSP000396,61,287,1,1,Quartz MaintenanceSparePart 396,MSP000396,1,552.5200,1,1,2026-08-24T00:00:00.000,2018-01-01T00:00:00.000,9999-12-31T00:00:00.000,1,ad35db14627c5d669eaf9bfa6c222dbcad35db14627c5d669eaf9bfa6c222dbc
397,MSP000397,360,40,7,12,Keystone MaintenanceSparePart 397,MSP000397,1,553.8900,1,1,2026-08-24T00:00:00.000,2018-01-01T00:00:00.000,9999-12-31T00:00:00.000,1,6e5f70eae1d456e3b6a4a57c78f8cc766e5f70eae1d456e3b6a4a57c78f8cc76
398,MSP000398,443,482,5,11,Riverton MaintenanceSparePart 398,MSP000398,1,555.2600,1,1,2026-08-24T00:00:00.000,2018-01-01T00:00:00.000,9999-12-31T00:00:00.000,1,93d86e1c64175c35922a39f289719f5193d86e1c64175c35922a39f289719f51
399,MSP000399,468,290,4,11,Ion MaintenanceSparePart 399,MSP000399,1,556.6300,1,1,2026-08-24T00:00:00.000,2018-01-01T00:00:00.000,9999-12-31T00:00:00.000,1,f97a893e3a6e5399b26e5f82c10dd09bf97a893e3a6e5399b26e5f82c10dd09b
400,MSP000400,407,189,1,14,Granite MaintenanceSparePart 400,MSP000400,0,558.0000,1,1,2026-08-24T00:00:00.000,2018-01-01T00:00:00.000,9999-12-31T00:00:00.000,1,e0fe39141f7e5c4bbd1eb3341ccc215ae0fe39141f7e5c4bbd1eb3341ccc215a
401,MSP000401,22,79,7,16,Orion MaintenanceSparePart 401,MSP000401,1,559.3700,1,1,2026-08-24T00:00:00.000,2018-01-01T00:00:00.000,9999-12-31T00:00:00.000,1,ea83a6ef319050da94f23bafdb2f7030ea83a6ef319050da94f23bafdb2f7030
402,MSP000402,180,308,4,12,Forge MaintenanceSparePart 402,MSP000402,1,560.7400,1,1,2026-08-24T00:00:00.000,2018-01-01T00:00:00.000,9999-12-31T00:00:00.000,1,a667ca29e5ba57179155505950c834c1a667ca29e5ba57179155505950c834c1
403,MSP000403,146,338,7,13,Keystone MaintenanceSparePart 403,MSP000403,1,562.1100,1,1,2026-08-24T00:00:00.000,2018-01-01T00:00:00.000,9999-12-31T00:00:00.000,1,c6ec5e09841b5dc88a6513167b89c975c6ec5e09841b5dc88a6513167b89c975
404,MSP000404,239,316,2,6,Beacon MaintenanceSparePart 404,MSP000404,1,563.4800,1,1,2026-08-24T00:00:00.000,2018-01-01T00:00:00.000,9999-12-31T00:00:00.000,1,1e4e9d9f5c1b509594ed48c030d2f4751e4e9d9f5c1b509594ed48c030d2f475
405,MSP000405,430,286,5,3,Delta MaintenanceSparePart 405,MSP000405,0,564.8500,1,1,2026-08-24T00:00:00.000,2018-01-01T00:00:00.000,9999-12-31T00:00:00.000,1,46bb0419a6e95a3582ddbb4b93f514e746bb0419a6e95a3582ddbb4b93f514e7
406,MSP000406,57,424,2,10,Keystone MaintenanceSparePart 406,MSP000406,1,566.2200,1,1,2026-08-24T00:00:00.000,2018-01-01T00:00:00.000,9999-12-31T00:00:00.000,1,648efb0b08f0559daeee612e68431d2a648efb0b08f0559daeee612e68431d2a
407,MSP000407,89,458,1,10,Beacon MaintenanceSparePart 407,MSP000407,1,567.5900,1,1,2026-08-24T00:00:00.000,2018-01-01T00:00:00.000,9999-12-31T00:00:00.000,1,203b82bd1058502cbbd96f10ba4ddc50203b82bd1058502cbbd96f10ba4ddc50
408,MSP000408,292,190,7,4,Delta MaintenanceSparePart 408,MSP000408,1,568.9600,1,1,2026-08-24T00:00:00.000,2018-01-01T00:00:00.000,9999-12-31T00:00:00.000,1,a714c0ca092a55eb860afd811c431a11a714c0ca092a55eb860afd811c431a11
409,MSP000409,500,8,1,4,Junction MaintenanceSparePart 409,MSP000409,1,570.3300,1,1,2026-08-24T00:00:00.000,2018-01-01T00:00:00.000,9999-12-31T00:00:00.000,1,5b3145ac020754e780e825a10b7eec1a5b3145ac020754e780e825a10b7eec1a
410,MSP000410,405,123,6,1,Forge MaintenanceSparePart 410,MSP000410,0,571.7000,1,1,2026-08-24T00:00:00.000,2018-01-01T00:00:00.000,9999-12-31T00:00:00.000,1,a59318ef2dbc52b18b557cab85e70feda59318ef2dbc52b18b557cab85e70fed
411,MSP000411,272,373,4,13,Cedar MaintenanceSparePart 411,MSP000411,1,573.0700,1,1,2026-08-24T00:00:00.000,2018-01-01T00:00:00.000,9999-12-31T00:00:00.000,1,5b06c2b769605470bdce17c746ee00875b06c2b769605470bdce17c746ee0087
412,MSP000412,395,37,3,6,Cedar MaintenanceSparePart 412,MSP000412,1,574.4400,1,1,2026-08-24T00:00:00.000,2018-01-01T00:00:00.000,9999-12-31T00:00:00.000,1,c206ef1c257b5f678a42429c1f433e7cc206ef1c257b5f678a42429c1f433e7c
413,MSP000413,314,486,7,8,Forge MaintenanceSparePart 413,MSP000413,1,575.8100,1,1,2026-08-24T00:00:00.000,2018-01-01T00:00:00.000,9999-12-31T00:00:00.000,1,c9439ffb6bb85933a88761380ffadb75c9439ffb6bb85933a88761380ffadb75
414,MSP000414,248,462,3,3,Orion MaintenanceSparePart 414,MSP000414,1,577.1800,1,1,2026-08-24T00:00:00.000,2018-01-01T00:00:00.000,9999-12-31T00:00:00.000,1,d9d1b7709cf7572c9f3c419d50d41a45d9d1b7709cf7572c9f3c419d50d41a45
415,MSP000415,318,106,3,9,Zenith MaintenanceSparePart 415,MSP000415,0,578.5500,1,1,2026-08-24T00:00:00.000,2018-01-01T00:00:00.000,9999-12-31T00:00:00.000,1,78ec2afb97e75cd8a801a86049c358e678ec2afb97e75cd8a801a86049c358e6
416,MSP000416,44,82,4,1,Willow MaintenanceSparePart 416,MSP000416,1,579.9200,1,1,2026-08-24T00:00:00.000,2018-01-01T00:00:00.000,9999-12-31T00:00:00.000,1,62660dcf416f567387a388357640a5e062660dcf416f567387a388357640a5e0
417,MSP000417,190,264,7,15,Forge MaintenanceSparePart 417,MSP000417,1,581.2900,1,1,2026-08-24T00:00:00.000,2018-01-01T00:00:00.000,9999-12-31T00:00:00.000,1,8ca9e71033fd5defa63d63be88accfe28ca9e71033fd5defa63d63be88accfe2
418,MSP000418,43,176,1,4,Delta MaintenanceSparePart 418,MSP000418,1,582.6600,1,1,2026-08-24T00:00:00.000,2018-01-01T00:00:00.000,9999-12-31T00:00:00.000,1,472fc03b72715bebae51a60af23998dd472fc03b72715bebae51a60af23998dd
419,MSP000419,489,124,1,4,Atlas MaintenanceSparePart 419,MSP000419,1,584.0300,1,1,2026-08-24T00:00:00.000,2018-01-01T00:00:00.000,9999-12-31T00:00:00.000,1,b4a1bfa218af55dc845cc86d9dbc7c88b4a1bfa218af55dc845cc86d9dbc7c88
420,MSP000420,43,269,5,8,Summit MaintenanceSparePart 420,MSP000420,0,585.4000,1,1,2026-08-24T00:00:00.000,2018-01-01T00:00:00.000,9999-12-31T00:00:00.000,1,d54f2aa91b9b5413abad48773459edd2d54f2aa91b9b5413abad48773459edd2
421,MSP000421,99,293,2,15,Forge MaintenanceSparePart 421,MSP000421,1,586.7700,1,1,2026-08-24T00:00:00.000,2018-01-01T00:00:00.000,9999-12-31T00:00:00.000,1,666f91363fe7592484e65da8bf5f787e666f91363fe7592484e65da8bf5f787e
422,MSP000422,47,209,3,3,Zenith MaintenanceSparePart 422,MSP000422,1,588.1400,1,1,2026-08-24T00:00:00.000,2018-01-01T00:00:00.000,9999-12-31T00:00:00.000,1,512a497846515c7e9ea63294ee246a1c512a497846515c7e9ea63294ee246a1c
423,MSP000423,494,376,2,1,Junction MaintenanceSparePart 423,MSP000423,1,589.5100,1,1,2026-08-24T00:00:00.000,2018-01-01T00:00:00.000,9999-12-31T00:00:00.000,1,551661988880536ebf0c9d02ebfe8464551661988880536ebf0c9d02ebfe8464
424,MSP000424,211,242,2,7,Northstar MaintenanceSparePart 424,MSP000424,1,590.8800,1,1,2026-08-24T00:00:00.000,2018-01-01T00:00:00.000,9999-12-31T00:00:00.000,1,81bb7a2f85495f87b259eee3ad278a7081bb7a2f85495f87b259eee3ad278a70
425,MSP000425,313,387,1,14,Junction MaintenanceSparePart 425,MSP000425,0,592.2500,1,1,2026-08-24T00:00:00.000,2018-01-01T00:00:00.000,9999-12-31T00:00:00.000,1,71a3bb44220d57cd908af059b7dbddcd71a3bb44220d57cd908af059b7dbddcd
426,MSP000426,473,469,5,16,Ion MaintenanceSparePart 426,MSP000426,1,593.6200,1,1,2026-08-24T00:00:00.000,2018-01-01T00:00:00.000,9999-12-31T00:00:00.000,1,c35b5d38ca605746907263b00416f0a6c35b5d38ca605746907263b00416f0a6
427,MSP000427,421,496,7,8,Ion MaintenanceSparePart 427,MSP000427,1,594.9900,1,1,2026-08-24T00:00:00.000,2018-01-01T00:00:00.000,9999-12-31T00:00:00.000,1,e9e84472f64f531ebd9ea869ea90bb00e9e84472f64f531ebd9ea869ea90bb00
428,MSP000428,415,188,1,2,Titan MaintenanceSparePart 428,MSP000428,1,596.3600,1,1,2026-08-24T00:00:00.000,2018-01-01T00:00:00.000,9999-12-31T00:00:00.000,1,6d45972d5b535c3088919527ef6166a86d45972d5b535c3088919527ef6166a8
429,MSP000429,247,306,6,8,Junction MaintenanceSparePart 429,MSP000429,1,597.7300,1,1,2026-08-24T00:00:00.000,2018-01-01T00:00:00.000,9999-12-31T00:00:00.000,1,27eab9371b6652dbac114370ace08f7a27eab9371b6652dbac114370ace08f7a
430,MSP000430,137,157,3,18,Atlas MaintenanceSparePart 430,MSP000430,0,599.1000,1,1,2026-08-24T00:00:00.000,2018-01-01T00:00:00.000,9999-12-31T00:00:00.000,1,ce04695abb165e2eac57c62dc6727881ce04695abb165e2eac57c62dc6727881
431,MSP000431,15,284,7,13,Atlas MaintenanceSparePart 431,MSP000431,1,600.4700,1,1,2026-08-24T00:00:00.000,2018-01-01T00:00:00.000,9999-12-31T00:00:00.000,1,bab79198c5d45fca97a7329899c1230fbab79198c5d45fca97a7329899c1230f
432,MSP000432,459,105,6,3,Junction MaintenanceSparePart 432,MSP000432,1,601.8400,1,1,2026-08-24T00:00:00.000,2018-01-01T00:00:00.000,9999-12-31T00:00:00.000,1,2c528af6d0fa5168ad64162d58bc85d22c528af6d0fa5168ad64162d58bc85d2
433,MSP000433,314,209,7,16,Riverton MaintenanceSparePart 433,MSP000433,1,603.2100,1,1,2026-08-24T00:00:00.000,2018-01-01T00:00:00.000,9999-12-31T00:00:00.000,1,851d2f9085b8521f8612a8caa1bab04e851d2f9085b8521f8612a8caa1bab04e
434,MSP000434,3,484,5,10,Keystone MaintenanceSparePart 434,MSP000434,1,604.5800,1,1,2026-08-24T00:00:00.000,2018-01-01T00:00:00.000,9999-12-31T00:00:00.000,1,e64702e1c7db5b3c9583c7575b63a24fe64702e1c7db5b3c9583c7575b63a24f
435,MSP000435,423,473,2,7,Vertex MaintenanceSparePart 435,MSP000435,0,605.9500,1,1,2026-08-24T00:00:00.000,2018-01-01T00:00:00.000,9999-12-31T00:00:00.000,1,30dac38ba9ad5dbd814b29af8d54f22030dac38ba9ad5dbd814b29af8d54f220
436,MSP000436,327,166,1,11,Beacon MaintenanceSparePart 436,MSP000436,1,607.3200,1,1,2026-08-24T00:00:00.000,2018-01-01T00:00:00.000,9999-12-31T00:00:00.000,1,4b1f3be6b9625a2884c8fd8661a013294b1f3be6b9625a2884c8fd8661a01329
437,MSP000437,133,102,2,18,Orion MaintenanceSparePart 437,MSP000437,1,608.6900,1,1,2026-08-24T00:00:00.000,2018-01-01T00:00:00.000,9999-12-31T00:00:00.000,1,df0cc1aaad2f502faab41d5bb47074cfdf0cc1aaad2f502faab41d5bb47074cf
438,MSP000438,403,245,2,4,Summit MaintenanceSparePart 438,MSP000438,1,610.0600,1,1,2026-08-24T00:00:00.000,2018-01-01T00:00:00.000,9999-12-31T00:00:00.000,1,0399b6281f4a5044919fc0dcaae1301c0399b6281f4a5044919fc0dcaae1301c
439,MSP000439,345,322,2,8,Orion MaintenanceSparePart 439,MSP000439,1,611.4300,1,1,2026-08-24T00:00:00.000,2018-01-01T00:00:00.000,9999-12-31T00:00:00.000,1,ebcb25897f975eb4b243ac64ce8bb1adebcb25897f975eb4b243ac64ce8bb1ad
440,MSP000440,363,60,2,9,Northstar MaintenanceSparePart 440,MSP000440,0,612.8000,1,1,2026-08-24T00:00:00.000,2018-01-01T00:00:00.000,9999-12-31T00:00:00.000,1,a86e571b32ad5d5692fb50315e49ff1ea86e571b32ad5d5692fb50315e49ff1e
441,MSP000441,334,483,7,2,Meridian MaintenanceSparePart 441,MSP000441,1,614.1700,1,1,2026-08-24T00:00:00.000,2018-01-01T00:00:00.000,9999-12-31T00:00:00.000,1,e989e2fbc96557158edf4558c8a3972fe989e2fbc96557158edf4558c8a3972f
442,MSP000442,55,239,6,1,Keystone MaintenanceSparePart 442,MSP000442,1,615.5400,1,1,2026-08-24T00:00:00.000,2018-01-01T00:00:00.000,9999-12-31T00:00:00.000,1,53e6c82bacef516eb37b9ed05043226a53e6c82bacef516eb37b9ed05043226a
443,MSP000443,232,233,1,16,Beacon MaintenanceSparePart 443,MSP000443,1,616.9100,1,1,2026-08-24T00:00:00.000,2018-01-01T00:00:00.000,9999-12-31T00:00:00.000,1,e9d2e699deae532abf2755a440d49dace9d2e699deae532abf2755a440d49dac
444,MSP000444,453,60,4,4,Pioneer MaintenanceSparePart 444,MSP000444,1,618.2800,1,1,2026-08-24T00:00:00.000,2018-01-01T00:00:00.000,9999-12-31T00:00:00.000,1,a0f7e4ab5ca35637a674f4351b36d542a0f7e4ab5ca35637a674f4351b36d542
445,MSP000445,182,212,1,5,Granite MaintenanceSparePart 445,MSP000445,0,619.6500,1,1,2026-08-24T00:00:00.000,2018-01-01T00:00:00.000,9999-12-31T00:00:00.000,1,19ffed779beb5270b8cda731bc43b0b219ffed779beb5270b8cda731bc43b0b2
446,MSP000446,343,137,4,2,Titan MaintenanceSparePart 446,MSP000446,1,621.0200,1,1,2026-08-24T00:00:00.000,2018-01-01T00:00:00.000,9999-12-31T00:00:00.000,1,57f316edf68e56afa31eba20acaf353757f316edf68e56afa31eba20acaf3537
447,MSP000447,105,172,7,1,Ion MaintenanceSparePart 447,MSP000447,1,622.3900,1,1,2026-08-24T00:00:00.000,2018-01-01T00:00:00.000,9999-12-31T00:00:00.000,1,68814bf939cc526d9e7697b302ce920d68814bf939cc526d9e7697b302ce920d
448,MSP000448,234,40,2,3,Willow MaintenanceSparePart 448,MSP000448,1,623.7600,1,1,2026-08-24T00:00:00.000,2018-01-01T00:00:00.000,9999-12-31T00:00:00.000,1,5bf70ed183a654b2a57f26395151465e5bf70ed183a654b2a57f26395151465e
449,MSP000449,478,60,7,8,Atlas MaintenanceSparePart 449,MSP000449,1,625.1300,1,1,2026-08-24T00:00:00.000,2018-01-01T00:00:00.000,9999-12-31T00:00:00.000,1,e722fcdd167f581b99b9520dfde5b628e722fcdd167f581b99b9520dfde5b628
450,MSP000450,173,269,7,8,Pioneer MaintenanceSparePart 450,MSP000450,0,626.5000,1,1,2026-08-24T00:00:00.000,2018-01-01T00:00:00.000,9999-12-31T00:00:00.000,1,fcf5216ecb4a5feaba631173055075e3fcf5216ecb4a5feaba631173055075e3
451,MSP000451,494,260,4,9,Northstar MaintenanceSparePart 451,MSP000451,1,627.8700,1,1,2026-08-24T00:00:00.000,2018-01-01T00:00:00.000,9999-12-31T00:00:00.000,1,a2912ad615b554d69406518f128760e4a2912ad615b554d69406518f128760e4
452,MSP000452,134,73,3,15,Titan MaintenanceSparePart 452,MSP000452,1,629.2400,1,1,2026-08-24T00:00:00.000,2018-01-01T00:00:00.000,9999-12-31T00:00:00.000,1,c17c828396e6551ab07e921f2e7986e2c17c828396e6551ab07e921f2e7986e2
453,MSP000453,424,220,2,6,Titan MaintenanceSparePart 453,MSP000453,1,630.6100,1,1,2026-08-24T00:00:00.000,2018-01-01T00:00:00.000,9999-12-31T00:00:00.000,1,66cd8040e74251a887c35a965753853766cd8040e74251a887c35a9657538537
454,MSP000454,384,415,7,16,Beacon MaintenanceSparePart 454,MSP000454,1,631.9800,1,1,2026-08-24T00:00:00.000,2018-01-01T00:00:00.000,9999-12-31T00:00:00.000,1,eb49e48a323352e5b427ff5431bca69deb49e48a323352e5b427ff5431bca69d
455,MSP000455,360,81,6,1,Evergreen MaintenanceSparePart 455,MSP000455,0,633.3500,1,1,2026-08-24T00:00:00.000,2018-01-01T00:00:00.000,9999-12-31T00:00:00.000,1,33ba9dfa21bb55aeb6f798c49cc7913d33ba9dfa21bb55aeb6f798c49cc7913d
456,MSP000456,194,110,1,6,Pioneer MaintenanceSparePart 456,MSP000456,1,634.7200,1,1,2026-08-24T00:00:00.000,2018-01-01T00:00:00.000,9999-12-31T00:00:00.000,1,d6015d2202445c8898ac47e3c748c688d6015d2202445c8898ac47e3c748c688
457,MSP000457,328,226,3,15,Quartz MaintenanceSparePart 457,MSP000457,1,636.0900,1,1,2026-08-24T00:00:00.000,2018-01-01T00:00:00.000,9999-12-31T00:00:00.000,1,796cb510f5fe5e81b75c4218cbc84831796cb510f5fe5e81b75c4218cbc84831
458,MSP000458,400,447,5,14,Quartz MaintenanceSparePart 458,MSP000458,1,637.4600,1,1,2026-08-24T00:00:00.000,2018-01-01T00:00:00.000,9999-12-31T00:00:00.000,1,873aa3498c0b5bc8aee21ec89e4f7447873aa3498c0b5bc8aee21ec89e4f7447
459,MSP000459,255,176,1,4,Evergreen MaintenanceSparePart 459,MSP000459,1,638.8300,1,1,2026-08-24T00:00:00.000,2018-01-01T00:00:00.000,9999-12-31T00:00:00.000,1,84bbca1274ec5915bc197ff54aea2bc584bbca1274ec5915bc197ff54aea2bc5
460,MSP000460,19,334,5,3,Atlas MaintenanceSparePart 460,MSP000460,0,640.2000,1,1,2026-08-24T00:00:00.000,2018-01-01T00:00:00.000,9999-12-31T00:00:00.000,1,f540bd8c298d5ce993d4d5f09e3cb07ef540bd8c298d5ce993d4d5f09e3cb07e
461,MSP000461,194,87,4,8,Keystone MaintenanceSparePart 461,MSP000461,1,641.5700,1,1,2026-08-24T00:00:00.000,2018-01-01T00:00:00.000,9999-12-31T00:00:00.000,1,684a0879228e5369baaadaad0c11e4d8684a0879228e5369baaadaad0c11e4d8
462,MSP000462,51,268,2,1,Quartz MaintenanceSparePart 462,MSP000462,1,642.9400,1,1,2026-08-24T00:00:00.000,2018-01-01T00:00:00.000,9999-12-31T00:00:00.000,1,abd36475376a5326b8a56ba168d6e1f5abd36475376a5326b8a56ba168d6e1f5
463,MSP000463,364,248,5,4,Keystone MaintenanceSparePart 463,MSP000463,1,644.3100,1,1,2026-08-24T00:00:00.000,2018-01-01T00:00:00.000,9999-12-31T00:00:00.000,1,adf15cf93f7e5d66bc176e95d6e2791cadf15cf93f7e5d66bc176e95d6e2791c
464,MSP000464,472,100,3,5,Summit MaintenanceSparePart 464,MSP000464,1,645.6800,1,1,2026-08-24T00:00:00.000,2018-01-01T00:00:00.000,9999-12-31T00:00:00.000,1,8c781256f36b5abba89c2978ebe61ae48c781256f36b5abba89c2978ebe61ae4
465,MSP000465,386,399,5,9,Willow MaintenanceSparePart 465,MSP000465,0,647.0500,1,1,2026-08-24T00:00:00.000,2018-01-01T00:00:00.000,9999-12-31T00:00:00.000,1,463232f8e02c5e2d9fd42a93a69e2f80463232f8e02c5e2d9fd42a93a69e2f80
466,MSP000466,397,203,3,2,Beacon MaintenanceSparePart 466,MSP000466,1,648.4200,1,1,2026-08-24T00:00:00.000,2018-01-01T00:00:00.000,9999-12-31T00:00:00.000,1,a4a7661aeb5b54239bc057c18bc44ed9a4a7661aeb5b54239bc057c18bc44ed9
467,MSP000467,78,116,4,10,Zenith MaintenanceSparePart 467,MSP000467,1,649.7900,1,1,2026-08-24T00:00:00.000,2018-01-01T00:00:00.000,9999-12-31T00:00:00.000,1,91be08a083ac59e2b744fa94b3bf732c91be08a083ac59e2b744fa94b3bf732c
468,MSP000468,6,31,5,15,Unity MaintenanceSparePart 468,MSP000468,1,651.1600,1,1,2026-08-24T00:00:00.000,2018-01-01T00:00:00.000,9999-12-31T00:00:00.000,1,eb1896c4f1655ed69021cb1bceed1109eb1896c4f1655ed69021cb1bceed1109
469,MSP000469,448,197,1,18,Cedar MaintenanceSparePart 469,MSP000469,1,652.5300,1,1,2026-08-24T00:00:00.000,2018-01-01T00:00:00.000,9999-12-31T00:00:00.000,1,a56cdb4935e85014a33422f216c99fa6a56cdb4935e85014a33422f216c99fa6
470,MSP000470,138,106,1,10,Cedar MaintenanceSparePart 470,MSP000470,0,653.9000,1,1,2026-08-24T00:00:00.000,2018-01-01T00:00:00.000,9999-12-31T00:00:00.000,1,765129ed00685ff4a7e22be776062c7c765129ed00685ff4a7e22be776062c7c
471,MSP000471,105,233,1,4,Forge MaintenanceSparePart 471,MSP000471,1,655.2700,1,1,2026-08-24T00:00:00.000,2018-01-01T00:00:00.000,9999-12-31T00:00:00.000,1,2057b7581c405254b8d0effa5ed2e5222057b7581c405254b8d0effa5ed2e522
472,MSP000472,63,180,3,7,Cedar MaintenanceSparePart 472,MSP000472,1,656.6400,1,1,2026-08-24T00:00:00.000,2018-01-01T00:00:00.000,9999-12-31T00:00:00.000,1,6414a9a4948a568bad84e051825cf2676414a9a4948a568bad84e051825cf267
473,MSP000473,165,472,3,6,Liberty MaintenanceSparePart 473,MSP000473,1,658.0100,1,1,2026-08-24T00:00:00.000,2018-01-01T00:00:00.000,9999-12-31T00:00:00.000,1,39f33931dcfb5aaa8361f224c7e40f0539f33931dcfb5aaa8361f224c7e40f05
474,MSP000474,212,428,4,8,Keystone MaintenanceSparePart 474,MSP000474,1,659.3800,1,1,2026-08-24T00:00:00.000,2018-01-01T00:00:00.000,9999-12-31T00:00:00.000,1,79eba5ce256153a8bba720f30a79b3bd79eba5ce256153a8bba720f30a79b3bd
475,MSP000475,188,267,4,5,Harbor MaintenanceSparePart 475,MSP000475,0,660.7500,1,1,2026-08-24T00:00:00.000,2018-01-01T00:00:00.000,9999-12-31T00:00:00.000,1,d28008c6919b586f890843253e7aa3a4d28008c6919b586f890843253e7aa3a4
476,MSP000476,280,234,4,17,Orion MaintenanceSparePart 476,MSP000476,1,662.1200,1,1,2026-08-24T00:00:00.000,2018-01-01T00:00:00.000,9999-12-31T00:00:00.000,1,4d50687e84d65e71a9c247ab0503ddd94d50687e84d65e71a9c247ab0503ddd9
477,MSP000477,149,325,6,8,Northstar MaintenanceSparePart 477,MSP000477,1,663.4900,1,1,2026-08-24T00:00:00.000,2018-01-01T00:00:00.000,9999-12-31T00:00:00.000,1,81cb1967430e5b85b4077fccfcdb636c81cb1967430e5b85b4077fccfcdb636c
478,MSP000478,371,416,4,18,Atlas MaintenanceSparePart 478,MSP000478,1,664.8600,1,1,2026-08-24T00:00:00.000,2018-01-01T00:00:00.000,9999-12-31T00:00:00.000,1,8976b1d1a0de5472bdc38a88028f16638976b1d1a0de5472bdc38a88028f1663
479,MSP000479,43,461,2,6,Harbor MaintenanceSparePart 479,MSP000479,1,666.2300,1,1,2026-08-24T00:00:00.000,2018-01-01T00:00:00.000,9999-12-31T00:00:00.000,1,4cf050f67cbb5cceaa41e34e9e99bc224cf050f67cbb5cceaa41e34e9e99bc22
480,MSP000480,205,114,7,13,Atlas MaintenanceSparePart 480,MSP000480,0,667.6000,1,1,2026-08-24T00:00:00.000,2018-01-01T00:00:00.000,9999-12-31T00:00:00.000,1,703e227f30345aa4854a3d47b796cef6703e227f30345aa4854a3d47b796cef6
481,MSP000481,312,37,5,13,Harbor MaintenanceSparePart 481,MSP000481,1,668.9700,1,1,2026-08-24T00:00:00.000,2018-01-01T00:00:00.000,9999-12-31T00:00:00.000,1,af2c59b6acf9569cae1db0daecdd2cfeaf2c59b6acf9569cae1db0daecdd2cfe
482,MSP000482,377,264,4,9,Riverton MaintenanceSparePart 482,MSP000482,1,670.3400,1,1,2026-08-24T00:00:00.000,2018-01-01T00:00:00.000,9999-12-31T00:00:00.000,1,0d33a743cb3853c7a675a421c3f83ce00d33a743cb3853c7a675a421c3f83ce0
483,MSP000483,419,449,4,18,Northstar MaintenanceSparePart 483,MSP000483,1,671.7100,1,1,2026-08-24T00:00:00.000,2018-01-01T00:00:00.000,9999-12-31T00:00:00.000,1,b387532ad6ae532f9e5e756b48515901b387532ad6ae532f9e5e756b48515901
484,MSP000484,35,399,5,5,Evergreen MaintenanceSparePart 484,MSP000484,1,673.0800,1,1,2026-08-24T00:00:00.000,2018-01-01T00:00:00.000,9999-12-31T00:00:00.000,1,4207d29db5145da997ed07072704b25d4207d29db5145da997ed07072704b25d
485,MSP000485,25,373,4,18,Ion MaintenanceSparePart 485,MSP000485,0,674.4500,1,1,2026-08-24T00:00:00.000,2018-01-01T00:00:00.000,9999-12-31T00:00:00.000,1,9b3df6641f3c5bca841a763a9aab95199b3df6641f3c5bca841a763a9aab9519
486,MSP000486,42,428,1,9,Quartz MaintenanceSparePart 486,MSP000486,1,675.8200,1,1,2026-08-24T00:00:00.000,2018-01-01T00:00:00.000,9999-12-31T00:00:00.000,1,0a4ed15a430157a8b572ffc25a839a5f0a4ed15a430157a8b572ffc25a839a5f
487,MSP000487,104,84,6,17,Harbor MaintenanceSparePart 487,MSP000487,1,677.1900,1,1,2026-08-24T00:00:00.000,2018-01-01T00:00:00.000,9999-12-31T00:00:00.000,1,971f4dd1a8c4533e98ad5ec8127c1c02971f4dd1a8c4533e98ad5ec8127c1c02
488,MSP000488,344,381,2,11,Riverton MaintenanceSparePart 488,MSP000488,1,678.5600,1,1,2026-08-24T00:00:00.000,2018-01-01T00:00:00.000,9999-12-31T00:00:00.000,1,94985a889f7654c0997258a642c6663494985a889f7654c0997258a642c66634
489,MSP000489,159,272,3,17,Liberty MaintenanceSparePart 489,MSP000489,1,679.9300,1,1,2026-08-24T00:00:00.000,2018-01-01T00:00:00.000,9999-12-31T00:00:00.000,1,8dc71ef887085f9cb3f564f624b4dc6f8dc71ef887085f9cb3f564f624b4dc6f
490,MSP000490,287,64,3,15,Meridian MaintenanceSparePart 490,MSP000490,0,681.3000,1,1,2026-08-24T00:00:00.000,2018-01-01T00:00:00.000,9999-12-31T00:00:00.000,1,911db53c1b38550bbb72b6ab506a25e0911db53c1b38550bbb72b6ab506a25e0
491,MSP000491,233,67,2,5,Vertex MaintenanceSparePart 491,MSP000491,1,682.6700,1,1,2026-08-24T00:00:00.000,2018-01-01T00:00:00.000,9999-12-31T00:00:00.000,1,980be92cabb655c19be76bb07f31e225980be92cabb655c19be76bb07f31e225
492,MSP000492,201,227,5,13,Delta MaintenanceSparePart 492,MSP000492,1,684.0400,1,1,2026-08-24T00:00:00.000,2018-01-01T00:00:00.000,9999-12-31T00:00:00.000,1,92a440f856fa5c32b20cfbdb6b4a8d1192a440f856fa5c32b20cfbdb6b4a8d11
493,MSP000493,143,316,1,1,Willow MaintenanceSparePart 493,MSP000493,1,685.4100,1,1,2026-08-24T00:00:00.000,2018-01-01T00:00:00.000,9999-12-31T00:00:00.000,1,8e3f28cd0bee521e895f1b65bd9b59888e3f28cd0bee521e895f1b65bd9b5988
494,MSP000494,156,5,1,6,Beacon MaintenanceSparePart 494,MSP000494,1,686.7800,1,1,2026-08-24T00:00:00.000,2018-01-01T00:00:00.000,9999-12-31T00:00:00.000,1,2ca4a7634849511295f2307536900c642ca4a7634849511295f2307536900c64
495,MSP000495,322,417,6,2,Harbor MaintenanceSparePart 495,MSP000495,0,688.1500,1,1,2026-08-24T00:00:00.000,2018-01-01T00:00:00.000,9999-12-31T00:00:00.000,1,5c738a9040c258219074a89974f667465c738a9040c258219074a89974f66746
496,MSP000496,346,326,1,8,Granite MaintenanceSparePart 496,MSP000496,1,689.5200,1,1,2026-08-24T00:00:00.000,2018-01-01T00:00:00.000,9999-12-31T00:00:00.000,1,177ff798e6365a12855e736cc8b143fd177ff798e6365a12855e736cc8b143fd
497,MSP000497,463,487,2,12,Liberty MaintenanceSparePart 497,MSP000497,1,690.8900,1,1,2026-08-24T00:00:00.000,2018-01-01T00:00:00.000,9999-12-31T00:00:00.000,1,8c399e996f8b5d8ebe88089479095ec28c399e996f8b5d8ebe88089479095ec2
498,MSP000498,19,397,1,10,Keystone MaintenanceSparePart 498,MSP000498,1,692.2600,1,1,2026-08-24T00:00:00.000,2018-01-01T00:00:00.000,9999-12-31T00:00:00.000,1,052e6e85d3835b7e964ea355e9ec74ae052e6e85d3835b7e964ea355e9ec74ae
499,MSP000499,466,57,1,16,Meridian MaintenanceSparePart 499,MSP000499,1,693.6300,1,1,2026-08-24T00:00:00.000,2018-01-01T00:00:00.000,9999-12-31T00:00:00.000,1,a1d9cc5a713b55af985f38119e55618aa1d9cc5a713b55af985f38119e55618a
500,MSP000500,420,211,4,7,Keystone MaintenanceSparePart 500,MSP000500,0,695.0000,1,1,2026-08-24T00:00:00.000,2018-01-01T00:00:00.000,9999-12-31T00:00:00.000,1,a5a7e854c7b55bfa9eb8e01d2a85a8daa5a7e854c7b55bfa9eb8e01d2a85a8da
