MaintenanceWorkRequestKey,WorkRequestNumber,AssetKey,PlantKey,RequesterEmployeeKey,PriorityKey,MaintenanceWorkTypeKey,MaintenanceOrderStatusKey,MaintenanceWorkRequestName,RevisionCode,ActiveFlag,StandardValue,SourceSystemKey,BatchId,LoadedAtUtc,EffectiveFromUtc,EffectiveToUtc,IsCurrent,RowHash
-1,UNKNOWN,-1,-1,-1,-1,-1,-1,Unknown,UNKNOWN,0,0.0000,-1,0,1900-01-01T00:00:00.000,1900-01-01T00:00:00.000,1900-01-01T00:00:00.000,0,0000000000000000000000000000000000000000000000000000000000000000
1,MWR000001,259,41,490,5,5,4,Keystone MaintenanceWorkRequest 1,MWR000001,1,11.3700,1,1,2026-08-24T00:00:00.000,2018-01-01T00:00:00.000,9999-12-31T00:00:00.000,1,52f07799f3a65dfb8abbd85f7a377b8652f07799f3a65dfb8abbd85f7a377b86
2,MWR000002,438,7,412,3,9,6,Willow MaintenanceWorkRequest 2,MWR000002,1,12.7400,1,1,2026-08-24T00:00:00.000,2018-01-01T00:00:00.000,9999-12-31T00:00:00.000,1,a27d0312d34f5886abd41551a195da71a27d0312d34f5886abd41551a195da71
3,MWR000003,197,341,282,5,6,6,Granite MaintenanceWorkRequest 3,MWR000003,1,14.1100,1,1,2026-08-24T00:00:00.000,2018-01-01T00:00:00.000,9999-12-31T00:00:00.000,1,430d69dfd5de52318dfdc51163b628ba430d69dfd5de52318dfdc51163b628ba
4,MWR000004,270,33,249,3,7,1,Titan MaintenanceWorkRequest 4,MWR000004,1,15.4800,1,1,2026-08-24T00:00:00.000,2018-01-01T00:00:00.000,9999-12-31T00:00:00.000,1,71628d4355945c84b9bc3b33c7d8af0871628d4355945c84b9bc3b33c7d8af08
5,MWR000005,403,161,125,3,2,7,Evergreen MaintenanceWorkRequest 5,MWR000005,0,16.8500,1,1,2026-08-24T00:00:00.000,2018-01-01T00:00:00.000,9999-12-31T00:00:00.000,1,f772739956f15289bf53f7f8582485bdf772739956f15289bf53f7f8582485bd
6,MWR000006,34,141,35,3,3,2,Northstar MaintenanceWorkRequest 6,MWR000006,1,18.2200,1,1,2026-08-24T00:00:00.000,2018-01-01T00:00:00.000,9999-12-31T00:00:00.000,1,eafab97e3930562ca39703e0e759bc2aeafab97e3930562ca39703e0e759bc2a
7,MWR000007,451,75,395,4,8,12,Beacon MaintenanceWorkRequest 7,MWR000007,1,19.5900,1,1,2026-08-24T00:00:00.000,2018-01-01T00:00:00.000,9999-12-31T00:00:00.000,1,fd78b8418d055199a91cb59a2f7aac68fd78b8418d055199a91cb59a2f7aac68
8,MWR000008,444,104,260,3,6,12,Junction MaintenanceWorkRequest 8,MWR000008,1,20.9600,1,1,2026-08-24T00:00:00.000,2018-01-01T00:00:00.000,9999-12-31T00:00:00.000,1,da5f35133ca35ec49589c780b64423c1da5f35133ca35ec49589c780b64423c1
9,MWR000009,366,231,102,5,12,4,Northstar MaintenanceWorkRequest 9,MWR000009,1,22.3300,1,1,2026-08-24T00:00:00.000,2018-01-01T00:00:00.000,9999-12-31T00:00:00.000,1,eedff13ad6bb5b029e16ba3e5a49ae4eeedff13ad6bb5b029e16ba3e5a49ae4e
10,MWR000010,462,287,190,2,10,9,Vertex MaintenanceWorkRequest 10,MWR000010,0,23.7000,1,1,2026-08-24T00:00:00.000,2018-01-01T00:00:00.000,9999-12-31T00:00:00.000,1,2274656018975cabaafa7b0d803a1db22274656018975cabaafa7b0d803a1db2
11,MWR000011,308,114,286,4,5,12,Evergreen MaintenanceWorkRequest 11,MWR000011,1,25.0700,1,1,2026-08-24T00:00:00.000,2018-01-01T00:00:00.000,9999-12-31T00:00:00.000,1,aacb286a48345e9abe10ae04146d2ff7aacb286a48345e9abe10ae04146d2ff7
12,MWR000012,246,314,293,3,8,12,Pioneer MaintenanceWorkRequest 12,MWR000012,1,26.4400,1,1,2026-08-24T00:00:00.000,2018-01-01T00:00:00.000,9999-12-31T00:00:00.000,1,12e19582697452d8a40a0ea43c4714f712e19582697452d8a40a0ea43c4714f7
13,MWR000013,350,330,6,2,5,6,Summit MaintenanceWorkRequest 13,MWR000013,1,27.8100,1,1,2026-08-24T00:00:00.000,2018-01-01T00:00:00.000,9999-12-31T00:00:00.000,1,0c3a43130dea58eb8f9677e05b6b0b450c3a43130dea58eb8f9677e05b6b0b45
14,MWR000014,351,300,298,4,9,7,Northstar MaintenanceWorkRequest 14,MWR000014,1,29.1800,1,1,2026-08-24T00:00:00.000,2018-01-01T00:00:00.000,9999-12-31T00:00:00.000,1,03c8f4debbc15361ba74505c359aae3203c8f4debbc15361ba74505c359aae32
15,MWR000015,302,75,316,1,1,11,Forge MaintenanceWorkRequest 15,MWR000015,0,30.5500,1,1,2026-08-24T00:00:00.000,2018-01-01T00:00:00.000,9999-12-31T00:00:00.000,1,d244f2593d015739b7a901c8413228f6d244f2593d015739b7a901c8413228f6
16,MWR000016,172,341,154,1,4,4,Ion MaintenanceWorkRequest 16,MWR000016,1,31.9200,1,1,2026-08-24T00:00:00.000,2018-01-01T00:00:00.000,9999-12-31T00:00:00.000,1,6e2f82e431f957328e3fe113e2bb6f6a6e2f82e431f957328e3fe113e2bb6f6a
17,MWR000017,54,169,-1,3,11,6,Cedar MaintenanceWorkRequest 17,MWR000017,1,33.2900,1,1,2026-08-24T00:00:00.000,2018-01-01T00:00:00.000,9999-12-31T00:00:00.000,1,81885d479b9a57148bf640210bdffb3281885d479b9a57148bf640210bdffb32
18,MWR000018,261,274,335,3,7,6,Ion MaintenanceWorkRequest 18,MWR000018,1,34.6600,1,1,2026-08-24T00:00:00.000,2018-01-01T00:00:00.000,9999-12-31T00:00:00.000,1,c7a6e1a2c9c05392b3fd5e0c29ac0d1ec7a6e1a2c9c05392b3fd5e0c29ac0d1e
19,MWR000019,500,250,428,4,7,7,Meridian MaintenanceWorkRequest 19,MWR000019,1,36.0300,1,1,2026-08-24T00:00:00.000,2018-01-01T00:00:00.000,9999-12-31T00:00:00.000,1,83de814367be527f827747c484feeb6c83de814367be527f827747c484feeb6c
20,MWR000020,369,348,477,4,2,5,Zenith MaintenanceWorkRequest 20,MWR000020,0,37.4000,1,1,2026-08-24T00:00:00.000,2018-01-01T00:00:00.000,9999-12-31T00:00:00.000,1,b6abde5a2de7514f89630f7ee7848689b6abde5a2de7514f89630f7ee7848689
21,MWR000021,22,196,98,1,7,5,Junction MaintenanceWorkRequest 21,MWR000021,1,38.7700,1,1,2026-08-24T00:00:00.000,2018-01-01T00:00:00.000,9999-12-31T00:00:00.000,1,7481ea8fce585e348dd2aa7934a1d5127481ea8fce585e348dd2aa7934a1d512
22,MWR000022,88,313,244,4,9,5,Granite MaintenanceWorkRequest 22,MWR000022,1,40.1400,1,1,2026-08-24T00:00:00.000,2018-01-01T00:00:00.000,9999-12-31T00:00:00.000,1,0753f529e5555685a63c163852b828e90753f529e5555685a63c163852b828e9
23,MWR000023,70,175,367,1,7,3,Willow MaintenanceWorkRequest 23,MWR000023,1,41.5100,1,1,2026-08-24T00:00:00.000,2018-01-01T00:00:00.000,9999-12-31T00:00:00.000,1,9686feb4c4205571ac14c37077172de89686feb4c4205571ac14c37077172de8
24,MWR000024,440,301,477,3,12,12,Pioneer MaintenanceWorkRequest 24,MWR000024,1,42.8800,1,1,2026-08-24T00:00:00.000,2018-01-01T00:00:00.000,9999-12-31T00:00:00.000,1,d2a9b77579505f76b266d9e66f9d867fd2a9b77579505f76b266d9e66f9d867f
25,MWR000025,316,153,90,1,2,6,Northstar MaintenanceWorkRequest 25,MWR000025,0,44.2500,1,1,2026-08-24T00:00:00.000,2018-01-01T00:00:00.000,9999-12-31T00:00:00.000,1,6222689562a755f1b4c6a161ef831ea76222689562a755f1b4c6a161ef831ea7
26,MWR000026,254,103,80,3,1,5,Pioneer MaintenanceWorkRequest 26,MWR000026,1,45.6200,1,1,2026-08-24T00:00:00.000,2018-01-01T00:00:00.000,9999-12-31T00:00:00.000,1,81fa6123417d5487b005b11da5ecef4381fa6123417d5487b005b11da5ecef43
27,MWR000027,435,256,104,2,3,4,Granite MaintenanceWorkRequest 27,MWR000027,1,46.9900,1,1,2026-08-24T00:00:00.000,2018-01-01T00:00:00.000,9999-12-31T00:00:00.000,1,1cd88f18a9a9518ea3adde70567b9c741cd88f18a9a9518ea3adde70567b9c74
28,MWR000028,48,78,151,4,2,10,Granite MaintenanceWorkRequest 28,MWR000028,1,48.3600,1,1,2026-08-24T00:00:00.000,2018-01-01T00:00:00.000,9999-12-31T00:00:00.000,1,ef303544129c55fd8ce345f384b95624ef303544129c55fd8ce345f384b95624
29,MWR000029,416,140,399,3,7,7,Summit MaintenanceWorkRequest 29,MWR000029,1,49.7300,1,1,2026-08-24T00:00:00.000,2018-01-01T00:00:00.000,9999-12-31T00:00:00.000,1,085ab42e875b5d01b0f6fc7b30df0bb5085ab42e875b5d01b0f6fc7b30df0bb5
30,MWR000030,140,240,32,1,10,6,Ion MaintenanceWorkRequest 30,MWR000030,0,51.1000,1,1,2026-08-24T00:00:00.000,2018-01-01T00:00:00.000,9999-12-31T00:00:00.000,1,25fa8732247f582083fb2985ce9a509425fa8732247f582083fb2985ce9a5094
31,MWR000031,22,305,111,3,7,7,Summit MaintenanceWorkRequest 31,MWR000031,1,52.4700,1,1,2026-08-24T00:00:00.000,2018-01-01T00:00:00.000,9999-12-31T00:00:00.000,1,34aea0cea06655c4a780212c4929461034aea0cea06655c4a780212c49294610
32,MWR000032,9,170,450,2,12,4,Liberty MaintenanceWorkRequest 32,MWR000032,1,53.8400,1,1,2026-08-24T00:00:00.000,2018-01-01T00:00:00.000,9999-12-31T00:00:00.000,1,12a933bad3b25fefb4a9d0bbb76e944e12a933bad3b25fefb4a9d0bbb76e944e
33,MWR000033,435,342,399,5,12,10,Harbor MaintenanceWorkRequest 33,MWR000033,1,55.2100,1,1,2026-08-24T00:00:00.000,2018-01-01T00:00:00.000,9999-12-31T00:00:00.000,1,5168499c77a35b4bac376c5ca157fc5a5168499c77a35b4bac376c5ca157fc5a
34,MWR000034,86,344,-1,5,7,7,Willow MaintenanceWorkRequest 34,MWR000034,1,56.5800,1,1,2026-08-24T00:00:00.000,2018-01-01T00:00:00.000,9999-12-31T00:00:00.000,1,3756583bdfeb51679c17a4ac366614273756583bdfeb51679c17a4ac36661427
35,MWR000035,257,166,396,2,7,1,Titan MaintenanceWorkRequest 35,MWR000035,0,57.9500,1,1,2026-08-24T00:00:00.000,2018-01-01T00:00:00.000,9999-12-31T00:00:00.000,1,f55204f586f45682ba3da3e6948b4ab4f55204f586f45682ba3da3e6948b4ab4
36,MWR000036,461,292,48,5,10,7,Harbor MaintenanceWorkRequest 36,MWR000036,1,59.3200,1,1,2026-08-24T00:00:00.000,2018-01-01T00:00:00.000,9999-12-31T00:00:00.000,1,08b5229a173456d29fbc294029db8fc008b5229a173456d29fbc294029db8fc0
37,MWR000037,392,7,55,1,4,8,Summit MaintenanceWorkRequest 37,MWR000037,1,60.6900,1,1,2026-08-24T00:00:00.000,2018-01-01T00:00:00.000,9999-12-31T00:00:00.000,1,a8e8c27a09135fe4ac06f01b33ad9593a8e8c27a09135fe4ac06f01b33ad9593
38,MWR000038,48,11,258,1,2,4,Beacon MaintenanceWorkRequest 38,MWR000038,1,62.0600,1,1,2026-08-24T00:00:00.000,2018-01-01T00:00:00.000,9999-12-31T00:00:00.000,1,30115dd2dfb458719b0a979307721f9430115dd2dfb458719b0a979307721f94
39,MWR000039,371,184,44,1,4,11,Liberty MaintenanceWorkRequest 39,MWR000039,1,63.4300,1,1,2026-08-24T00:00:00.000,2018-01-01T00:00:00.000,9999-12-31T00:00:00.000,1,2365bd4aa34c5306b57227fc74a7c0832365bd4aa34c5306b57227fc74a7c083
40,MWR000040,379,230,413,4,9,6,Cedar MaintenanceWorkRequest 40,MWR000040,0,64.8000,1,1,2026-08-24T00:00:00.000,2018-01-01T00:00:00.000,9999-12-31T00:00:00.000,1,684c3713768f5b918a364aee3b26731a684c3713768f5b918a364aee3b26731a
41,MWR000041,364,185,493,3,9,5,Orion MaintenanceWorkRequest 41,MWR000041,1,66.1700,1,1,2026-08-24T00:00:00.000,2018-01-01T00:00:00.000,9999-12-31T00:00:00.000,1,0452dbb01e2759fd98770157b80cd35c0452dbb01e2759fd98770157b80cd35c
42,MWR000042,315,37,358,1,6,5,Meridian MaintenanceWorkRequest 42,MWR000042,1,67.5400,1,1,2026-08-24T00:00:00.000,2018-01-01T00:00:00.000,9999-12-31T00:00:00.000,1,c16779cd3871592cb4e1b73440fa5517c16779cd3871592cb4e1b73440fa5517
43,MWR000043,213,275,97,4,6,8,Atlas MaintenanceWorkRequest 43,MWR000043,1,68.9100,1,1,2026-08-24T00:00:00.000,2018-01-01T00:00:00.000,9999-12-31T00:00:00.000,1,18caf86fd4795c398cb560e3d22c269a18caf86fd4795c398cb560e3d22c269a
44,MWR000044,491,264,488,4,5,7,Northstar MaintenanceWorkRequest 44,MWR000044,1,70.2800,1,1,2026-08-24T00:00:00.000,2018-01-01T00:00:00.000,9999-12-31T00:00:00.000,1,9578b98ab13c54c28a92aca105ac2d239578b98ab13c54c28a92aca105ac2d23
45,MWR000045,209,235,341,5,8,5,Delta MaintenanceWorkRequest 45,MWR000045,0,71.6500,1,1,2026-08-24T00:00:00.000,2018-01-01T00:00:00.000,9999-12-31T00:00:00.000,1,1976382e5bfd5764a16890817f002d5d1976382e5bfd5764a16890817f002d5d
46,MWR000046,323,295,183,2,10,7,Willow MaintenanceWorkRequest 46,MWR000046,1,73.0200,1,1,2026-08-24T00:00:00.000,2018-01-01T00:00:00.000,9999-12-31T00:00:00.000,1,180b4deb31655526947b1e6b303ead17180b4deb31655526947b1e6b303ead17
47,MWR000047,133,37,438,5,2,12,Cedar MaintenanceWorkRequest 47,MWR000047,1,74.3900,1,1,2026-08-24T00:00:00.000,2018-01-01T00:00:00.000,9999-12-31T00:00:00.000,1,1d0177c539cc586d896c568d7e4357131d0177c539cc586d896c568d7e435713
48,MWR000048,62,186,46,2,7,2,Evergreen MaintenanceWorkRequest 48,MWR000048,1,75.7600,1,1,2026-08-24T00:00:00.000,2018-01-01T00:00:00.000,9999-12-31T00:00:00.000,1,7a9e04170fc95f22b7941d337b260e7a7a9e04170fc95f22b7941d337b260e7a
49,MWR000049,284,142,292,3,7,7,Riverton MaintenanceWorkRequest 49,MWR000049,1,77.1300,1,1,2026-08-24T00:00:00.000,2018-01-01T00:00:00.000,9999-12-31T00:00:00.000,1,32ca8486d9b053eda92d075a636d353732ca8486d9b053eda92d075a636d3537
50,MWR000050,277,144,234,3,8,4,Ion MaintenanceWorkRequest 50,MWR000050,0,78.5000,1,1,2026-08-24T00:00:00.000,2018-01-01T00:00:00.000,9999-12-31T00:00:00.000,1,63a6a8a02a185318aad3c50c366c132163a6a8a02a185318aad3c50c366c1321
51,MWR000051,401,211,-1,5,2,9,Northstar MaintenanceWorkRequest 51,MWR000051,1,79.8700,1,1,2026-08-24T00:00:00.000,2018-01-01T00:00:00.000,9999-12-31T00:00:00.000,1,fa2b8a148bdf5c05af880c8dfaae1a89fa2b8a148bdf5c05af880c8dfaae1a89
52,MWR000052,181,135,377,4,7,5,Atlas MaintenanceWorkRequest 52,MWR000052,1,81.2400,1,1,2026-08-24T00:00:00.000,2018-01-01T00:00:00.000,9999-12-31T00:00:00.000,1,5a92f48cf8635ebfa119ef75e129e9a05a92f48cf8635ebfa119ef75e129e9a0
53,MWR000053,418,93,248,3,4,2,Unity MaintenanceWorkRequest 53,MWR000053,1,82.6100,1,1,2026-08-24T00:00:00.000,2018-01-01T00:00:00.000,9999-12-31T00:00:00.000,1,d889ad5a9b575cbe85a7b9d4220c7bbfd889ad5a9b575cbe85a7b9d4220c7bbf
54,MWR000054,417,244,85,3,1,12,Evergreen MaintenanceWorkRequest 54,MWR000054,1,83.9800,1,1,2026-08-24T00:00:00.000,2018-01-01T00:00:00.000,9999-12-31T00:00:00.000,1,8b76b489af0752dd912a0f297a9b9d168b76b489af0752dd912a0f297a9b9d16
55,MWR000055,279,188,263,2,7,9,Atlas MaintenanceWorkRequest 55,MWR000055,0,85.3500,1,1,2026-08-24T00:00:00.000,2018-01-01T00:00:00.000,9999-12-31T00:00:00.000,1,1e65d4a9237c57498af42b2cf7c23cb81e65d4a9237c57498af42b2cf7c23cb8
56,MWR000056,282,30,110,2,8,1,Keystone MaintenanceWorkRequest 56,MWR000056,1,86.7200,1,1,2026-08-24T00:00:00.000,2018-01-01T00:00:00.000,9999-12-31T00:00:00.000,1,5740487f0fae595b90dbd6c0235215135740487f0fae595b90dbd6c023521513
57,MWR000057,148,46,161,2,12,10,Vertex MaintenanceWorkRequest 57,MWR000057,1,88.0900,1,1,2026-08-24T00:00:00.000,2018-01-01T00:00:00.000,9999-12-31T00:00:00.000,1,cf95509eeedb509bb0e55e3aed99cf89cf95509eeedb509bb0e55e3aed99cf89
58,MWR000058,173,333,451,3,3,6,Meridian MaintenanceWorkRequest 58,MWR000058,1,89.4600,1,1,2026-08-24T00:00:00.000,2018-01-01T00:00:00.000,9999-12-31T00:00:00.000,1,30e54cdbcd28557392e0f45887d8c84830e54cdbcd28557392e0f45887d8c848
59,MWR000059,431,53,274,5,6,9,Keystone MaintenanceWorkRequest 59,MWR000059,1,90.8300,1,1,2026-08-24T00:00:00.000,2018-01-01T00:00:00.000,9999-12-31T00:00:00.000,1,10d51af81b3a50279e5c2f323da53d3c10d51af81b3a50279e5c2f323da53d3c
60,MWR000060,447,189,53,5,11,1,Harbor MaintenanceWorkRequest 60,MWR000060,0,92.2000,1,1,2026-08-24T00:00:00.000,2018-01-01T00:00:00.000,9999-12-31T00:00:00.000,1,ed515796fc6e5005a19b2761ff40c912ed515796fc6e5005a19b2761ff40c912
61,MWR000061,500,15,414,1,12,2,Vertex MaintenanceWorkRequest 61,MWR000061,1,93.5700,1,1,2026-08-24T00:00:00.000,2018-01-01T00:00:00.000,9999-12-31T00:00:00.000,1,1163ab93ea715def8cee5e2898f1dde01163ab93ea715def8cee5e2898f1dde0
62,MWR000062,405,56,343,3,3,8,Orion MaintenanceWorkRequest 62,MWR000062,1,94.9400,1,1,2026-08-24T00:00:00.000,2018-01-01T00:00:00.000,9999-12-31T00:00:00.000,1,80ae54bba97a57d18a00554ecac2ec7c80ae54bba97a57d18a00554ecac2ec7c
63,MWR000063,338,125,300,1,8,11,Atlas MaintenanceWorkRequest 63,MWR000063,1,96.3100,1,1,2026-08-24T00:00:00.000,2018-01-01T00:00:00.000,9999-12-31T00:00:00.000,1,2e2ff869a7845367b5e690b4d455b7372e2ff869a7845367b5e690b4d455b737
64,MWR000064,353,114,175,3,7,11,Unity MaintenanceWorkRequest 64,MWR000064,1,97.6800,1,1,2026-08-24T00:00:00.000,2018-01-01T00:00:00.000,9999-12-31T00:00:00.000,1,d85013bc958b5ffa98674914fd2b8c40d85013bc958b5ffa98674914fd2b8c40
65,MWR000065,348,100,26,5,2,11,Northstar MaintenanceWorkRequest 65,MWR000065,0,99.0500,1,1,2026-08-24T00:00:00.000,2018-01-01T00:00:00.000,9999-12-31T00:00:00.000,1,74348c16d6835eb2a2587497fd3b23fb74348c16d6835eb2a2587497fd3b23fb
66,MWR000066,161,117,462,3,1,6,Ion MaintenanceWorkRequest 66,MWR000066,1,100.4200,1,1,2026-08-24T00:00:00.000,2018-01-01T00:00:00.000,9999-12-31T00:00:00.000,1,fd6bd4152bf25a4fae7492498a8ec2e2fd6bd4152bf25a4fae7492498a8ec2e2
67,MWR000067,456,135,378,3,1,6,Harbor MaintenanceWorkRequest 67,MWR000067,1,101.7900,1,1,2026-08-24T00:00:00.000,2018-01-01T00:00:00.000,9999-12-31T00:00:00.000,1,82a42c6b41c55608971995df75ee5ac082a42c6b41c55608971995df75ee5ac0
68,MWR000068,488,312,-1,1,1,11,Forge MaintenanceWorkRequest 68,MWR000068,1,103.1600,1,1,2026-08-24T00:00:00.000,2018-01-01T00:00:00.000,9999-12-31T00:00:00.000,1,9320b7aa697b5e1194d44d50adbeea1b9320b7aa697b5e1194d44d50adbeea1b
69,MWR000069,321,46,436,2,11,2,Evergreen MaintenanceWorkRequest 69,MWR000069,1,104.5300,1,1,2026-08-24T00:00:00.000,2018-01-01T00:00:00.000,9999-12-31T00:00:00.000,1,c42ba4e861945345b14952a4722f6310c42ba4e861945345b14952a4722f6310
70,MWR000070,274,112,85,1,10,8,Junction MaintenanceWorkRequest 70,MWR000070,0,105.9000,1,1,2026-08-24T00:00:00.000,2018-01-01T00:00:00.000,9999-12-31T00:00:00.000,1,6fd64f0bc8025d0ebb11bb46fcce95596fd64f0bc8025d0ebb11bb46fcce9559
71,MWR000071,226,163,244,4,9,1,Meridian MaintenanceWorkRequest 71,MWR000071,1,107.2700,1,1,2026-08-24T00:00:00.000,2018-01-01T00:00:00.000,9999-12-31T00:00:00.000,1,580f36ab9a2253dbbc58d1c24672837f580f36ab9a2253dbbc58d1c24672837f
72,MWR000072,57,142,230,3,12,2,Summit MaintenanceWorkRequest 72,MWR000072,1,108.6400,1,1,2026-08-24T00:00:00.000,2018-01-01T00:00:00.000,9999-12-31T00:00:00.000,1,54df64f4928754f1bacebf705b15dc4654df64f4928754f1bacebf705b15dc46
73,MWR000073,466,88,376,2,9,2,Keystone MaintenanceWorkRequest 73,MWR000073,1,110.0100,1,1,2026-08-24T00:00:00.000,2018-01-01T00:00:00.000,9999-12-31T00:00:00.000,1,1e7c8a849a6254718e6269c25cb8f41d1e7c8a849a6254718e6269c25cb8f41d
74,MWR000074,187,171,180,4,8,1,Unity MaintenanceWorkRequest 74,MWR000074,1,111.3800,1,1,2026-08-24T00:00:00.000,2018-01-01T00:00:00.000,9999-12-31T00:00:00.000,1,5ec6a30d774f55eda9ece8eb4ec821615ec6a30d774f55eda9ece8eb4ec82161
75,MWR000075,56,275,169,2,10,9,Atlas MaintenanceWorkRequest 75,MWR000075,0,112.7500,1,1,2026-08-24T00:00:00.000,2018-01-01T00:00:00.000,9999-12-31T00:00:00.000,1,6dc3173b2b2c5e15b004696bf75f30e16dc3173b2b2c5e15b004696bf75f30e1
76,MWR000076,304,115,488,4,9,9,Keystone MaintenanceWorkRequest 76,MWR000076,1,114.1200,1,1,2026-08-24T00:00:00.000,2018-01-01T00:00:00.000,9999-12-31T00:00:00.000,1,c3a7784d9b9451348a859e4acf6bc8cdc3a7784d9b9451348a859e4acf6bc8cd
77,MWR000077,263,65,386,2,6,3,Willow MaintenanceWorkRequest 77,MWR000077,1,115.4900,1,1,2026-08-24T00:00:00.000,2018-01-01T00:00:00.000,9999-12-31T00:00:00.000,1,b4ffb9e692b45d5cba52e9c4d42bb573b4ffb9e692b45d5cba52e9c4d42bb573
78,MWR000078,227,299,90,1,7,8,Quartz MaintenanceWorkRequest 78,MWR000078,1,116.8600,1,1,2026-08-24T00:00:00.000,2018-01-01T00:00:00.000,9999-12-31T00:00:00.000,1,b3fca511c232534496cdddf6380a3233b3fca511c232534496cdddf6380a3233
79,MWR000079,200,309,162,1,12,9,Atlas MaintenanceWorkRequest 79,MWR000079,1,118.2300,1,1,2026-08-24T00:00:00.000,2018-01-01T00:00:00.000,9999-12-31T00:00:00.000,1,1bc1e11a9d8854beb8cbf5e49965ff081bc1e11a9d8854beb8cbf5e49965ff08
80,MWR000080,74,32,23,5,4,4,Pioneer MaintenanceWorkRequest 80,MWR000080,0,119.6000,1,1,2026-08-24T00:00:00.000,2018-01-01T00:00:00.000,9999-12-31T00:00:00.000,1,c77705098dcd5f57b148bb5552d9b2e0c77705098dcd5f57b148bb5552d9b2e0
81,MWR000081,448,296,6,2,12,4,Delta MaintenanceWorkRequest 81,MWR000081,1,120.9700,1,1,2026-08-24T00:00:00.000,2018-01-01T00:00:00.000,9999-12-31T00:00:00.000,1,4cd3c5ec4d735b10b74be771e6e3227e4cd3c5ec4d735b10b74be771e6e3227e
82,MWR000082,470,286,238,2,3,3,Liberty MaintenanceWorkRequest 82,MWR000082,1,122.3400,1,1,2026-08-24T00:00:00.000,2018-01-01T00:00:00.000,9999-12-31T00:00:00.000,1,86e4eee9c3665832b5d3dc2b5f4a028886e4eee9c3665832b5d3dc2b5f4a0288
83,MWR000083,499,106,189,3,7,8,Cedar MaintenanceWorkRequest 83,MWR000083,1,123.7100,1,1,2026-08-24T00:00:00.000,2018-01-01T00:00:00.000,9999-12-31T00:00:00.000,1,326c7e873e9152f68258e56e8cb62991326c7e873e9152f68258e56e8cb62991
84,MWR000084,316,104,141,3,4,9,Unity MaintenanceWorkRequest 84,MWR000084,1,125.0800,1,1,2026-08-24T00:00:00.000,2018-01-01T00:00:00.000,9999-12-31T00:00:00.000,1,e0a8b65ea9e7523fbbec69edc9749a46e0a8b65ea9e7523fbbec69edc9749a46
85,MWR000085,169,230,-1,2,5,4,Delta MaintenanceWorkRequest 85,MWR000085,0,126.4500,1,1,2026-08-24T00:00:00.000,2018-01-01T00:00:00.000,9999-12-31T00:00:00.000,1,c8ae09aff0b35801813f2c743bab0057c8ae09aff0b35801813f2c743bab0057
86,MWR000086,379,75,90,3,5,7,Ion MaintenanceWorkRequest 86,MWR000086,1,127.8200,1,1,2026-08-24T00:00:00.000,2018-01-01T00:00:00.000,9999-12-31T00:00:00.000,1,ff62cc48ca805fcabffcbf069ecfd5baff62cc48ca805fcabffcbf069ecfd5ba
87,MWR000087,137,222,77,5,10,3,Riverton MaintenanceWorkRequest 87,MWR000087,1,129.1900,1,1,2026-08-24T00:00:00.000,2018-01-01T00:00:00.000,9999-12-31T00:00:00.000,1,f4af366bb3f6570abb71c64eb3e52a93f4af366bb3f6570abb71c64eb3e52a93
88,MWR000088,270,79,345,3,10,2,Unity MaintenanceWorkRequest 88,MWR000088,1,130.5600,1,1,2026-08-24T00:00:00.000,2018-01-01T00:00:00.000,9999-12-31T00:00:00.000,1,a9bd8df6d4825af4957ba864b464dfb0a9bd8df6d4825af4957ba864b464dfb0
89,MWR000089,137,192,382,2,8,3,Northstar MaintenanceWorkRequest 89,MWR000089,1,131.9300,1,1,2026-08-24T00:00:00.000,2018-01-01T00:00:00.000,9999-12-31T00:00:00.000,1,17c976a3e62f53af926ab4bc9fab0d4017c976a3e62f53af926ab4bc9fab0d40
90,MWR000090,262,131,127,1,2,10,Forge MaintenanceWorkRequest 90,MWR000090,0,133.3000,1,1,2026-08-24T00:00:00.000,2018-01-01T00:00:00.000,9999-12-31T00:00:00.000,1,09c2eb12072c59b4bda73f5308ed3aaf09c2eb12072c59b4bda73f5308ed3aaf
91,MWR000091,196,259,245,2,8,2,Pioneer MaintenanceWorkRequest 91,MWR000091,1,134.6700,1,1,2026-08-24T00:00:00.000,2018-01-01T00:00:00.000,9999-12-31T00:00:00.000,1,87bc438bfdfa5f42a248b979903d22f587bc438bfdfa5f42a248b979903d22f5
92,MWR000092,320,28,2,5,3,10,Junction MaintenanceWorkRequest 92,MWR000092,1,136.0400,1,1,2026-08-24T00:00:00.000,2018-01-01T00:00:00.000,9999-12-31T00:00:00.000,1,9b8bdd98cf835f18914566471a50fafd9b8bdd98cf835f18914566471a50fafd
93,MWR000093,25,324,375,1,3,9,Unity MaintenanceWorkRequest 93,MWR000093,1,137.4100,1,1,2026-08-24T00:00:00.000,2018-01-01T00:00:00.000,9999-12-31T00:00:00.000,1,4af46e81dce45e3188e51fde8b0711894af46e81dce45e3188e51fde8b071189
94,MWR000094,324,280,274,1,8,3,Ion MaintenanceWorkRequest 94,MWR000094,1,138.7800,1,1,2026-08-24T00:00:00.000,2018-01-01T00:00:00.000,9999-12-31T00:00:00.000,1,7561b9b2a5b85267a37c464848bf98a47561b9b2a5b85267a37c464848bf98a4
95,MWR000095,54,199,180,3,1,12,Meridian MaintenanceWorkRequest 95,MWR000095,0,140.1500,1,1,2026-08-24T00:00:00.000,2018-01-01T00:00:00.000,9999-12-31T00:00:00.000,1,dbb16286fd1f5d7e9f52587c2898c3c7dbb16286fd1f5d7e9f52587c2898c3c7
96,MWR000096,175,123,360,3,6,2,Pioneer MaintenanceWorkRequest 96,MWR000096,1,141.5200,1,1,2026-08-24T00:00:00.000,2018-01-01T00:00:00.000,9999-12-31T00:00:00.000,1,e9a8fa2883185e7eb3c4e612fd4c0f70e9a8fa2883185e7eb3c4e612fd4c0f70
97,MWR000097,330,201,369,1,1,8,Zenith MaintenanceWorkRequest 97,MWR000097,1,142.8900,1,1,2026-08-24T00:00:00.000,2018-01-01T00:00:00.000,9999-12-31T00:00:00.000,1,d6a57e3465555ea8a35cc67b269d59e4d6a57e3465555ea8a35cc67b269d59e4
98,MWR000098,325,47,156,4,8,12,Beacon MaintenanceWorkRequest 98,MWR000098,1,144.2600,1,1,2026-08-24T00:00:00.000,2018-01-01T00:00:00.000,9999-12-31T00:00:00.000,1,26477f2f52565e028fc567811a816cdb26477f2f52565e028fc567811a816cdb
99,MWR000099,57,311,275,3,10,4,Keystone MaintenanceWorkRequest 99,MWR000099,1,145.6300,1,1,2026-08-24T00:00:00.000,2018-01-01T00:00:00.000,9999-12-31T00:00:00.000,1,b5069637a6a75e868370da68411ad7ebb5069637a6a75e868370da68411ad7eb
100,MWR000100,237,89,404,3,10,1,Orion MaintenanceWorkRequest 100,MWR000100,0,147.0000,1,1,2026-08-24T00:00:00.000,2018-01-01T00:00:00.000,9999-12-31T00:00:00.000,1,b8e7312fdc4c569c9a4c541a44c204e6b8e7312fdc4c569c9a4c541a44c204e6
101,MWR000101,445,35,209,3,3,10,Liberty MaintenanceWorkRequest 101,MWR000101,1,148.3700,1,1,2026-08-24T00:00:00.000,2018-01-01T00:00:00.000,9999-12-31T00:00:00.000,1,7f3f5aa07bce5d6fb04d3abfd635001b7f3f5aa07bce5d6fb04d3abfd635001b
102,MWR000102,485,187,-1,4,12,11,Summit MaintenanceWorkRequest 102,MWR000102,1,149.7400,1,1,2026-08-24T00:00:00.000,2018-01-01T00:00:00.000,9999-12-31T00:00:00.000,1,0c47e051d4b45a5891a673f818f753d40c47e051d4b45a5891a673f818f753d4
103,MWR000103,82,43,169,5,12,6,Liberty MaintenanceWorkRequest 103,MWR000103,1,151.1100,1,1,2026-08-24T00:00:00.000,2018-01-01T00:00:00.000,9999-12-31T00:00:00.000,1,8798c80e06cf5eb58f39879be52b5c728798c80e06cf5eb58f39879be52b5c72
104,MWR000104,155,310,123,2,12,7,Junction MaintenanceWorkRequest 104,MWR000104,1,152.4800,1,1,2026-08-24T00:00:00.000,2018-01-01T00:00:00.000,9999-12-31T00:00:00.000,1,35dc6537680b5e1eb41a012944448cf235dc6537680b5e1eb41a012944448cf2
105,MWR000105,80,104,276,2,2,2,Vertex MaintenanceWorkRequest 105,MWR000105,0,153.8500,1,1,2026-08-24T00:00:00.000,2018-01-01T00:00:00.000,9999-12-31T00:00:00.000,1,17e321b871bb554b903feee08ce86a1117e321b871bb554b903feee08ce86a11
106,MWR000106,432,9,323,4,8,12,Junction MaintenanceWorkRequest 106,MWR000106,1,155.2200,1,1,2026-08-24T00:00:00.000,2018-01-01T00:00:00.000,9999-12-31T00:00:00.000,1,e641d986520d5b0bb386897a7bf7c805e641d986520d5b0bb386897a7bf7c805
107,MWR000107,104,145,302,4,8,11,Vertex MaintenanceWorkRequest 107,MWR000107,1,156.5900,1,1,2026-08-24T00:00:00.000,2018-01-01T00:00:00.000,9999-12-31T00:00:00.000,1,b34e766b55575f68a09799ee39d1151fb34e766b55575f68a09799ee39d1151f
108,MWR000108,310,83,497,1,5,8,Liberty MaintenanceWorkRequest 108,MWR000108,1,157.9600,1,1,2026-08-24T00:00:00.000,2018-01-01T00:00:00.000,9999-12-31T00:00:00.000,1,c55b2ddf6c765d9bb2ed4af317a0ade8c55b2ddf6c765d9bb2ed4af317a0ade8
109,MWR000109,54,316,392,5,4,9,Unity MaintenanceWorkRequest 109,MWR000109,1,159.3300,1,1,2026-08-24T00:00:00.000,2018-01-01T00:00:00.000,9999-12-31T00:00:00.000,1,e6efd167d1a857cc8343296adb072eb7e6efd167d1a857cc8343296adb072eb7
110,MWR000110,137,96,401,4,9,7,Willow MaintenanceWorkRequest 110,MWR000110,0,160.7000,1,1,2026-08-24T00:00:00.000,2018-01-01T00:00:00.000,9999-12-31T00:00:00.000,1,f89c0dfe555c5179b5a3a806cd306c9ff89c0dfe555c5179b5a3a806cd306c9f
111,MWR000111,380,144,316,4,2,1,Ion MaintenanceWorkRequest 111,MWR000111,1,162.0700,1,1,2026-08-24T00:00:00.000,2018-01-01T00:00:00.000,9999-12-31T00:00:00.000,1,30467d56a3835d71af9aebbce980a60130467d56a3835d71af9aebbce980a601
112,MWR000112,85,102,33,3,12,10,Zenith MaintenanceWorkRequest 112,MWR000112,1,163.4400,1,1,2026-08-24T00:00:00.000,2018-01-01T00:00:00.000,9999-12-31T00:00:00.000,1,6155d4ffba98581db41fd873aa187fca6155d4ffba98581db41fd873aa187fca
113,MWR000113,226,13,225,4,5,8,Zenith MaintenanceWorkRequest 113,MWR000113,1,164.8100,1,1,2026-08-24T00:00:00.000,2018-01-01T00:00:00.000,9999-12-31T00:00:00.000,1,60d744a48bef5d2ea3cd11b35e8d69c060d744a48bef5d2ea3cd11b35e8d69c0
114,MWR000114,84,240,379,3,2,6,Liberty MaintenanceWorkRequest 114,MWR000114,1,166.1800,1,1,2026-08-24T00:00:00.000,2018-01-01T00:00:00.000,9999-12-31T00:00:00.000,1,74dd29212a75599fa74a02486f49890a74dd29212a75599fa74a02486f49890a
115,MWR000115,298,181,304,1,12,6,Beacon MaintenanceWorkRequest 115,MWR000115,0,167.5500,1,1,2026-08-24T00:00:00.000,2018-01-01T00:00:00.000,9999-12-31T00:00:00.000,1,7ed10f67be2f5584a4fa18cce1078d0e7ed10f67be2f5584a4fa18cce1078d0e
116,MWR000116,396,181,152,2,3,5,Harbor MaintenanceWorkRequest 116,MWR000116,1,168.9200,1,1,2026-08-24T00:00:00.000,2018-01-01T00:00:00.000,9999-12-31T00:00:00.000,1,9d3a370897f058a084981d7c1822631d9d3a370897f058a084981d7c1822631d
117,MWR000117,493,100,158,3,4,8,Unity MaintenanceWorkRequest 117,MWR000117,1,170.2900,1,1,2026-08-24T00:00:00.000,2018-01-01T00:00:00.000,9999-12-31T00:00:00.000,1,36605f1594d65d389417d9c90c3e4fe236605f1594d65d389417d9c90c3e4fe2
118,MWR000118,324,177,417,5,12,5,Vertex MaintenanceWorkRequest 118,MWR000118,1,171.6600,1,1,2026-08-24T00:00:00.000,2018-01-01T00:00:00.000,9999-12-31T00:00:00.000,1,a1fdcfee9f6e51abb45f156fdd158507a1fdcfee9f6e51abb45f156fdd158507
119,MWR000119,225,198,-1,1,10,11,Forge MaintenanceWorkRequest 119,MWR000119,1,173.0300,1,1,2026-08-24T00:00:00.000,2018-01-01T00:00:00.000,9999-12-31T00:00:00.000,1,37b1e92c40ff53fca05d2718f4c0bc2037b1e92c40ff53fca05d2718f4c0bc20
120,MWR000120,338,8,234,4,3,7,Delta MaintenanceWorkRequest 120,MWR000120,0,174.4000,1,1,2026-08-24T00:00:00.000,2018-01-01T00:00:00.000,9999-12-31T00:00:00.000,1,775f2b2dfb425146b261e32ef19c74d0775f2b2dfb425146b261e32ef19c74d0
121,MWR000121,171,209,107,1,5,10,Keystone MaintenanceWorkRequest 121,MWR000121,1,175.7700,1,1,2026-08-24T00:00:00.000,2018-01-01T00:00:00.000,9999-12-31T00:00:00.000,1,35ca303e65035f6f9b80cf51cf39795a35ca303e65035f6f9b80cf51cf39795a
122,MWR000122,133,140,145,3,8,12,Quartz MaintenanceWorkRequest 122,MWR000122,1,177.1400,1,1,2026-08-24T00:00:00.000,2018-01-01T00:00:00.000,9999-12-31T00:00:00.000,1,9d1e24abce52516ebe256450ea8cd5d59d1e24abce52516ebe256450ea8cd5d5
123,MWR000123,85,320,60,1,3,4,Pioneer MaintenanceWorkRequest 123,MWR000123,1,178.5100,1,1,2026-08-24T00:00:00.000,2018-01-01T00:00:00.000,9999-12-31T00:00:00.000,1,496f3e25cb93529e93443ad6a76b9cf1496f3e25cb93529e93443ad6a76b9cf1
124,MWR000124,252,76,336,3,4,3,Evergreen MaintenanceWorkRequest 124,MWR000124,1,179.8800,1,1,2026-08-24T00:00:00.000,2018-01-01T00:00:00.000,9999-12-31T00:00:00.000,1,d34b5e9492045ce6afc6104197de1c15d34b5e9492045ce6afc6104197de1c15
125,MWR000125,153,263,39,3,7,1,Delta MaintenanceWorkRequest 125,MWR000125,0,181.2500,1,1,2026-08-24T00:00:00.000,2018-01-01T00:00:00.000,9999-12-31T00:00:00.000,1,dd008575b87c5f5680a8b65a401a6840dd008575b87c5f5680a8b65a401a6840
126,MWR000126,358,317,85,2,5,11,Unity MaintenanceWorkRequest 126,MWR000126,1,182.6200,1,1,2026-08-24T00:00:00.000,2018-01-01T00:00:00.000,9999-12-31T00:00:00.000,1,a48f6689670f5156b2d5ec478c97f271a48f6689670f5156b2d5ec478c97f271
127,MWR000127,241,88,481,4,9,4,Vertex MaintenanceWorkRequest 127,MWR000127,1,183.9900,1,1,2026-08-24T00:00:00.000,2018-01-01T00:00:00.000,9999-12-31T00:00:00.000,1,cecf1ccb0406525f87e0447dcf7e9464cecf1ccb0406525f87e0447dcf7e9464
128,MWR000128,339,7,452,2,5,7,Vertex MaintenanceWorkRequest 128,MWR000128,1,185.3600,1,1,2026-08-24T00:00:00.000,2018-01-01T00:00:00.000,9999-12-31T00:00:00.000,1,49eebf122dc15119beb6b57fb974d12349eebf122dc15119beb6b57fb974d123
129,MWR000129,329,44,499,1,12,10,Unity MaintenanceWorkRequest 129,MWR000129,1,186.7300,1,1,2026-08-24T00:00:00.000,2018-01-01T00:00:00.000,9999-12-31T00:00:00.000,1,891d62ed85de57feae27bd50f3ff952e891d62ed85de57feae27bd50f3ff952e
130,MWR000130,162,185,385,4,2,9,Granite MaintenanceWorkRequest 130,MWR000130,0,188.1000,1,1,2026-08-24T00:00:00.000,2018-01-01T00:00:00.000,9999-12-31T00:00:00.000,1,0a078242a06253aeadab7e614ae788e30a078242a06253aeadab7e614ae788e3
131,MWR000131,296,3,159,5,6,6,Granite MaintenanceWorkRequest 131,MWR000131,1,189.4700,1,1,2026-08-24T00:00:00.000,2018-01-01T00:00:00.000,9999-12-31T00:00:00.000,1,3430f616461d5388a1f5eb776d34da523430f616461d5388a1f5eb776d34da52
132,MWR000132,96,251,285,5,3,5,Liberty MaintenanceWorkRequest 132,MWR000132,1,190.8400,1,1,2026-08-24T00:00:00.000,2018-01-01T00:00:00.000,9999-12-31T00:00:00.000,1,ba8fa263ae555fff90c9fc5db158f9c6ba8fa263ae555fff90c9fc5db158f9c6
133,MWR000133,382,288,402,4,5,1,Quartz MaintenanceWorkRequest 133,MWR000133,1,192.2100,1,1,2026-08-24T00:00:00.000,2018-01-01T00:00:00.000,9999-12-31T00:00:00.000,1,e7541d6f2a175206a01bc92633639fa8e7541d6f2a175206a01bc92633639fa8
134,MWR000134,137,188,435,5,2,5,Summit MaintenanceWorkRequest 134,MWR000134,1,193.5800,1,1,2026-08-24T00:00:00.000,2018-01-01T00:00:00.000,9999-12-31T00:00:00.000,1,a49093b7e17858418e8828201ddcda4ea49093b7e17858418e8828201ddcda4e
135,MWR000135,478,146,478,3,6,3,Junction MaintenanceWorkRequest 135,MWR000135,0,194.9500,1,1,2026-08-24T00:00:00.000,2018-01-01T00:00:00.000,9999-12-31T00:00:00.000,1,d8f9503ca68d5f5082b15502e3f815add8f9503ca68d5f5082b15502e3f815ad
136,MWR000136,416,256,-1,1,12,3,Ion MaintenanceWorkRequest 136,MWR000136,1,196.3200,1,1,2026-08-24T00:00:00.000,2018-01-01T00:00:00.000,9999-12-31T00:00:00.000,1,244b4dcd056657e88f7f5b426f9392bf244b4dcd056657e88f7f5b426f9392bf
137,MWR000137,179,36,190,4,11,12,Liberty MaintenanceWorkRequest 137,MWR000137,1,197.6900,1,1,2026-08-24T00:00:00.000,2018-01-01T00:00:00.000,9999-12-31T00:00:00.000,1,fbf0ec933bba5033b820e2b81537aa3cfbf0ec933bba5033b820e2b81537aa3c
138,MWR000138,287,206,328,2,11,5,Vertex MaintenanceWorkRequest 138,MWR000138,1,199.0600,1,1,2026-08-24T00:00:00.000,2018-01-01T00:00:00.000,9999-12-31T00:00:00.000,1,2b3055533015544292c192aaa5661e912b3055533015544292c192aaa5661e91
139,MWR000139,122,185,490,5,5,8,Zenith MaintenanceWorkRequest 139,MWR000139,1,200.4300,1,1,2026-08-24T00:00:00.000,2018-01-01T00:00:00.000,9999-12-31T00:00:00.000,1,6499a2168b8a535fa851abafe6715f0b6499a2168b8a535fa851abafe6715f0b
140,MWR000140,19,253,463,5,3,9,Beacon MaintenanceWorkRequest 140,MWR000140,0,201.8000,1,1,2026-08-24T00:00:00.000,2018-01-01T00:00:00.000,9999-12-31T00:00:00.000,1,6df73fcb5f0853b3bdd4d8542e11e8c16df73fcb5f0853b3bdd4d8542e11e8c1
141,MWR000141,211,204,121,1,8,12,Forge MaintenanceWorkRequest 141,MWR000141,1,203.1700,1,1,2026-08-24T00:00:00.000,2018-01-01T00:00:00.000,9999-12-31T00:00:00.000,1,2cc21584b3af5d77861c1cafbeb8e6152cc21584b3af5d77861c1cafbeb8e615
142,MWR000142,171,252,120,3,10,1,Ion MaintenanceWorkRequest 142,MWR000142,1,204.5400,1,1,2026-08-24T00:00:00.000,2018-01-01T00:00:00.000,9999-12-31T00:00:00.000,1,e9138179ffe15f519d34dfcbc1cc39b0e9138179ffe15f519d34dfcbc1cc39b0
143,MWR000143,293,212,230,4,2,1,Forge MaintenanceWorkRequest 143,MWR000143,1,205.9100,1,1,2026-08-24T00:00:00.000,2018-01-01T00:00:00.000,9999-12-31T00:00:00.000,1,e1cbd5811599519dbeaa8ea6463f09c3e1cbd5811599519dbeaa8ea6463f09c3
144,MWR000144,276,143,288,3,12,6,Quartz MaintenanceWorkRequest 144,MWR000144,1,207.2800,1,1,2026-08-24T00:00:00.000,2018-01-01T00:00:00.000,9999-12-31T00:00:00.000,1,83563e475bd0537db4d4e8c67c84933e83563e475bd0537db4d4e8c67c84933e
145,MWR000145,68,47,480,3,1,5,Unity MaintenanceWorkRequest 145,MWR000145,0,208.6500,1,1,2026-08-24T00:00:00.000,2018-01-01T00:00:00.000,9999-12-31T00:00:00.000,1,fca5ed94d198590e9b4512793b2c0f84fca5ed94d198590e9b4512793b2c0f84
146,MWR000146,263,291,347,2,2,2,Orion MaintenanceWorkRequest 146,MWR000146,1,210.0200,1,1,2026-08-24T00:00:00.000,2018-01-01T00:00:00.000,9999-12-31T00:00:00.000,1,10790c49065c5f058f158676efd1ca8d10790c49065c5f058f158676efd1ca8d
147,MWR000147,323,154,278,5,12,3,Evergreen MaintenanceWorkRequest 147,MWR000147,1,211.3900,1,1,2026-08-24T00:00:00.000,2018-01-01T00:00:00.000,9999-12-31T00:00:00.000,1,d66c4d6b5d115dde802b18325d4c3c46d66c4d6b5d115dde802b18325d4c3c46
148,MWR000148,338,54,252,3,4,12,Atlas MaintenanceWorkRequest 148,MWR000148,1,212.7600,1,1,2026-08-24T00:00:00.000,2018-01-01T00:00:00.000,9999-12-31T00:00:00.000,1,0b40a690dea758d2a2639fc2531945ee0b40a690dea758d2a2639fc2531945ee
149,MWR000149,299,124,240,2,1,9,Granite MaintenanceWorkRequest 149,MWR000149,1,214.1300,1,1,2026-08-24T00:00:00.000,2018-01-01T00:00:00.000,9999-12-31T00:00:00.000,1,12a73a7cb88b522b99bf503ab8a5c85c12a73a7cb88b522b99bf503ab8a5c85c
150,MWR000150,315,97,227,1,3,8,Unity MaintenanceWorkRequest 150,MWR000150,0,215.5000,1,1,2026-08-24T00:00:00.000,2018-01-01T00:00:00.000,9999-12-31T00:00:00.000,1,1f07eb8abd385c0ca158cf423cb248831f07eb8abd385c0ca158cf423cb24883
151,MWR000151,374,166,305,3,5,11,Titan MaintenanceWorkRequest 151,MWR000151,1,216.8700,1,1,2026-08-24T00:00:00.000,2018-01-01T00:00:00.000,9999-12-31T00:00:00.000,1,963a8ddc684a52189e9aea7325f3db13963a8ddc684a52189e9aea7325f3db13
152,MWR000152,158,3,94,2,6,5,Riverton MaintenanceWorkRequest 152,MWR000152,1,218.2400,1,1,2026-08-24T00:00:00.000,2018-01-01T00:00:00.000,9999-12-31T00:00:00.000,1,46952305b102531e9f1c70ba7e2352d146952305b102531e9f1c70ba7e2352d1
153,MWR000153,77,27,-1,4,12,3,Cedar MaintenanceWorkRequest 153,MWR000153,1,219.6100,1,1,2026-08-24T00:00:00.000,2018-01-01T00:00:00.000,9999-12-31T00:00:00.000,1,044f16a8d5f954fd87a5279377d50de4044f16a8d5f954fd87a5279377d50de4
154,MWR000154,360,235,27,2,6,2,Meridian MaintenanceWorkRequest 154,MWR000154,1,220.9800,1,1,2026-08-24T00:00:00.000,2018-01-01T00:00:00.000,9999-12-31T00:00:00.000,1,02b63355b3035b3cb9048c8e17506dd402b63355b3035b3cb9048c8e17506dd4
155,MWR000155,353,310,493,3,6,6,Beacon MaintenanceWorkRequest 155,MWR000155,0,222.3500,1,1,2026-08-24T00:00:00.000,2018-01-01T00:00:00.000,9999-12-31T00:00:00.000,1,5dd71233c5e85bd48e8ec221153913175dd71233c5e85bd48e8ec22115391317
156,MWR000156,271,321,232,5,7,1,Keystone MaintenanceWorkRequest 156,MWR000156,1,223.7200,1,1,2026-08-24T00:00:00.000,2018-01-01T00:00:00.000,9999-12-31T00:00:00.000,1,ad0815c966335f72830660b878256eddad0815c966335f72830660b878256edd
157,MWR000157,36,210,129,4,7,4,Quartz MaintenanceWorkRequest 157,MWR000157,1,225.0900,1,1,2026-08-24T00:00:00.000,2018-01-01T00:00:00.000,9999-12-31T00:00:00.000,1,4cee355c9df65f3ab5f6f6393679cf944cee355c9df65f3ab5f6f6393679cf94
158,MWR000158,167,272,403,4,1,12,Junction MaintenanceWorkRequest 158,MWR000158,1,226.4600,1,1,2026-08-24T00:00:00.000,2018-01-01T00:00:00.000,9999-12-31T00:00:00.000,1,51c88ff52a1f569cb9691bc2f178f58151c88ff52a1f569cb9691bc2f178f581
159,MWR000159,65,179,25,1,5,9,Delta MaintenanceWorkRequest 159,MWR000159,1,227.8300,1,1,2026-08-24T00:00:00.000,2018-01-01T00:00:00.000,9999-12-31T00:00:00.000,1,73a969962319576ba180d0fcebb2635373a969962319576ba180d0fcebb26353
160,MWR000160,371,320,66,2,9,10,Keystone MaintenanceWorkRequest 160,MWR000160,0,229.2000,1,1,2026-08-24T00:00:00.000,2018-01-01T00:00:00.000,9999-12-31T00:00:00.000,1,c0b888bd653c583f9d57b76e4a10947dc0b888bd653c583f9d57b76e4a10947d
161,MWR000161,489,42,135,1,4,7,Quartz MaintenanceWorkRequest 161,MWR000161,1,230.5700,1,1,2026-08-24T00:00:00.000,2018-01-01T00:00:00.000,9999-12-31T00:00:00.000,1,41118ec1cf2750bf93131e9cb735073441118ec1cf2750bf93131e9cb7350734
162,MWR000162,197,165,203,1,12,12,Junction MaintenanceWorkRequest 162,MWR000162,1,231.9400,1,1,2026-08-24T00:00:00.000,2018-01-01T00:00:00.000,9999-12-31T00:00:00.000,1,e8ee50bb52dd59938b3825b2a9f1656ae8ee50bb52dd59938b3825b2a9f1656a
163,MWR000163,400,206,359,3,4,12,Riverton MaintenanceWorkRequest 163,MWR000163,1,233.3100,1,1,2026-08-24T00:00:00.000,2018-01-01T00:00:00.000,9999-12-31T00:00:00.000,1,48aa22e36dd2592693879e6f095f995548aa22e36dd2592693879e6f095f9955
164,MWR000164,135,189,299,4,6,7,Summit MaintenanceWorkRequest 164,MWR000164,1,234.6800,1,1,2026-08-24T00:00:00.000,2018-01-01T00:00:00.000,9999-12-31T00:00:00.000,1,79552856ec005b9c80ec0272ee9f06f479552856ec005b9c80ec0272ee9f06f4
165,MWR000165,266,330,153,5,10,7,Pioneer MaintenanceWorkRequest 165,MWR000165,0,236.0500,1,1,2026-08-24T00:00:00.000,2018-01-01T00:00:00.000,9999-12-31T00:00:00.000,1,9acea1dffcbb57bcb159069966093ecb9acea1dffcbb57bcb159069966093ecb
166,MWR000166,443,97,183,5,4,7,Pioneer MaintenanceWorkRequest 166,MWR000166,1,237.4200,1,1,2026-08-24T00:00:00.000,2018-01-01T00:00:00.000,9999-12-31T00:00:00.000,1,6c31e665bd825341b6e084daf6a70de86c31e665bd825341b6e084daf6a70de8
167,MWR000167,224,249,433,4,1,8,Forge MaintenanceWorkRequest 167,MWR000167,1,238.7900,1,1,2026-08-24T00:00:00.000,2018-01-01T00:00:00.000,9999-12-31T00:00:00.000,1,0645f4c7f38d50088da979b552fa1bc00645f4c7f38d50088da979b552fa1bc0
168,MWR000168,382,30,363,5,10,9,Evergreen MaintenanceWorkRequest 168,MWR000168,1,240.1600,1,1,2026-08-24T00:00:00.000,2018-01-01T00:00:00.000,9999-12-31T00:00:00.000,1,a8e73f6c7a1a5e72bb8006f4465fc2aaa8e73f6c7a1a5e72bb8006f4465fc2aa
169,MWR000169,64,63,41,4,10,2,Unity MaintenanceWorkRequest 169,MWR000169,1,241.5300,1,1,2026-08-24T00:00:00.000,2018-01-01T00:00:00.000,9999-12-31T00:00:00.000,1,4d463aa1955759e2bc8cbcd94e26835f4d463aa1955759e2bc8cbcd94e26835f
170,MWR000170,426,231,-1,5,1,6,Unity MaintenanceWorkRequest 170,MWR000170,0,242.9000,1,1,2026-08-24T00:00:00.000,2018-01-01T00:00:00.000,9999-12-31T00:00:00.000,1,a7041351191e522a950d1a158c9ef944a7041351191e522a950d1a158c9ef944
171,MWR000171,347,128,420,3,2,4,Meridian MaintenanceWorkRequest 171,MWR000171,1,244.2700,1,1,2026-08-24T00:00:00.000,2018-01-01T00:00:00.000,9999-12-31T00:00:00.000,1,f1dd8352f819573d9f4ebdd50062aa04f1dd8352f819573d9f4ebdd50062aa04
172,MWR000172,36,167,423,5,9,12,Atlas MaintenanceWorkRequest 172,MWR000172,1,245.6400,1,1,2026-08-24T00:00:00.000,2018-01-01T00:00:00.000,9999-12-31T00:00:00.000,1,ef39a915f86b514192499d3263f44b89ef39a915f86b514192499d3263f44b89
173,MWR000173,378,209,211,3,3,12,Orion MaintenanceWorkRequest 173,MWR000173,1,247.0100,1,1,2026-08-24T00:00:00.000,2018-01-01T00:00:00.000,9999-12-31T00:00:00.000,1,7f8c6d8325ba57e2939be9dfd0f592e87f8c6d8325ba57e2939be9dfd0f592e8
174,MWR000174,182,336,149,3,7,8,Ion MaintenanceWorkRequest 174,MWR000174,1,248.3800,1,1,2026-08-24T00:00:00.000,2018-01-01T00:00:00.000,9999-12-31T00:00:00.000,1,d7d3de08b9a4513ba3a15f6d57fa6b2ad7d3de08b9a4513ba3a15f6d57fa6b2a
175,MWR000175,182,233,187,2,7,12,Pioneer MaintenanceWorkRequest 175,MWR000175,0,249.7500,1,1,2026-08-24T00:00:00.000,2018-01-01T00:00:00.000,9999-12-31T00:00:00.000,1,af7388587afc5991a9495f876d799d32af7388587afc5991a9495f876d799d32
176,MWR000176,155,238,495,1,3,4,Vertex MaintenanceWorkRequest 176,MWR000176,1,251.1200,1,1,2026-08-24T00:00:00.000,2018-01-01T00:00:00.000,9999-12-31T00:00:00.000,1,827feaa23ba15957b13a8c6b73e94413827feaa23ba15957b13a8c6b73e94413
177,MWR000177,315,285,40,1,3,3,Atlas MaintenanceWorkRequest 177,MWR000177,1,252.4900,1,1,2026-08-24T00:00:00.000,2018-01-01T00:00:00.000,9999-12-31T00:00:00.000,1,d249308067fe53bd9106bf8106ea27fed249308067fe53bd9106bf8106ea27fe
178,MWR000178,9,69,498,5,8,4,Orion MaintenanceWorkRequest 178,MWR000178,1,253.8600,1,1,2026-08-24T00:00:00.000,2018-01-01T00:00:00.000,9999-12-31T00:00:00.000,1,3498d2a6f84b5782a7bcd5a6344ce8c13498d2a6f84b5782a7bcd5a6344ce8c1
179,MWR000179,328,163,353,5,1,3,Atlas MaintenanceWorkRequest 179,MWR000179,1,255.2300,1,1,2026-08-24T00:00:00.000,2018-01-01T00:00:00.000,9999-12-31T00:00:00.000,1,87c121d4c685551faa3176a06d70ac8a87c121d4c685551faa3176a06d70ac8a
180,MWR000180,177,142,136,5,6,10,Beacon MaintenanceWorkRequest 180,MWR000180,0,256.6000,1,1,2026-08-24T00:00:00.000,2018-01-01T00:00:00.000,9999-12-31T00:00:00.000,1,bd971ce141ef533a81ae2eaa2994dba0bd971ce141ef533a81ae2eaa2994dba0
181,MWR000181,27,108,153,3,10,11,Cedar MaintenanceWorkRequest 181,MWR000181,1,257.9700,1,1,2026-08-24T00:00:00.000,2018-01-01T00:00:00.000,9999-12-31T00:00:00.000,1,1b47762e0a5859c488a6186c68f22fff1b47762e0a5859c488a6186c68f22fff
182,MWR000182,312,170,245,5,4,1,Harbor MaintenanceWorkRequest 182,MWR000182,1,259.3400,1,1,2026-08-24T00:00:00.000,2018-01-01T00:00:00.000,9999-12-31T00:00:00.000,1,408359182d1253baab9a3605f80c72ac408359182d1253baab9a3605f80c72ac
183,MWR000183,394,344,403,3,11,3,Northstar MaintenanceWorkRequest 183,MWR000183,1,260.7100,1,1,2026-08-24T00:00:00.000,2018-01-01T00:00:00.000,9999-12-31T00:00:00.000,1,7ee555e1ce6c53b2ad026aa06ed07af37ee555e1ce6c53b2ad026aa06ed07af3
184,MWR000184,200,188,495,2,12,4,Liberty MaintenanceWorkRequest 184,MWR000184,1,262.0800,1,1,2026-08-24T00:00:00.000,2018-01-01T00:00:00.000,9999-12-31T00:00:00.000,1,8af8e4f9665251d1aeef492e5dcd3e938af8e4f9665251d1aeef492e5dcd3e93
185,MWR000185,424,21,461,4,5,10,Pioneer MaintenanceWorkRequest 185,MWR000185,0,263.4500,1,1,2026-08-24T00:00:00.000,2018-01-01T00:00:00.000,9999-12-31T00:00:00.000,1,060146fbf4e65b30a59d198912ed158c060146fbf4e65b30a59d198912ed158c
186,MWR000186,325,30,473,3,7,5,Unity MaintenanceWorkRequest 186,MWR000186,1,264.8200,1,1,2026-08-24T00:00:00.000,2018-01-01T00:00:00.000,9999-12-31T00:00:00.000,1,33e7ef15c8b55a129132284aa3718d6d33e7ef15c8b55a129132284aa3718d6d
187,MWR000187,310,81,-1,2,8,12,Liberty MaintenanceWorkRequest 187,MWR000187,1,266.1900,1,1,2026-08-24T00:00:00.000,2018-01-01T00:00:00.000,9999-12-31T00:00:00.000,1,286beaab36f759ceae66f46c67b75c1e286beaab36f759ceae66f46c67b75c1e
188,MWR000188,141,20,209,5,4,10,Cedar MaintenanceWorkRequest 188,MWR000188,1,267.5600,1,1,2026-08-24T00:00:00.000,2018-01-01T00:00:00.000,9999-12-31T00:00:00.000,1,bb05c702e0ba55cd9f9e0aff9dc04746bb05c702e0ba55cd9f9e0aff9dc04746
189,MWR000189,180,22,143,3,11,7,Titan MaintenanceWorkRequest 189,MWR000189,1,268.9300,1,1,2026-08-24T00:00:00.000,2018-01-01T00:00:00.000,9999-12-31T00:00:00.000,1,ccec9757c2b65956a873463511b69ed6ccec9757c2b65956a873463511b69ed6
190,MWR000190,291,327,295,4,3,7,Beacon MaintenanceWorkRequest 190,MWR000190,0,270.3000,1,1,2026-08-24T00:00:00.000,2018-01-01T00:00:00.000,9999-12-31T00:00:00.000,1,ef92f0a9214a576ca5c7f02b5baeba0eef92f0a9214a576ca5c7f02b5baeba0e
191,MWR000191,310,279,348,3,6,2,Orion MaintenanceWorkRequest 191,MWR000191,1,271.6700,1,1,2026-08-24T00:00:00.000,2018-01-01T00:00:00.000,9999-12-31T00:00:00.000,1,2dc963272ba15afebf7a9b3c0e32c3082dc963272ba15afebf7a9b3c0e32c308
192,MWR000192,452,251,149,3,2,7,Cedar MaintenanceWorkRequest 192,MWR000192,1,273.0400,1,1,2026-08-24T00:00:00.000,2018-01-01T00:00:00.000,9999-12-31T00:00:00.000,1,fd154a1067695724bcb345c32945f44bfd154a1067695724bcb345c32945f44b
193,MWR000193,372,204,74,1,8,10,Pioneer MaintenanceWorkRequest 193,MWR000193,1,274.4100,1,1,2026-08-24T00:00:00.000,2018-01-01T00:00:00.000,9999-12-31T00:00:00.000,1,09cb4b3830c2553eae0026d522084da709cb4b3830c2553eae0026d522084da7
194,MWR000194,353,205,372,4,2,5,Keystone MaintenanceWorkRequest 194,MWR000194,1,275.7800,1,1,2026-08-24T00:00:00.000,2018-01-01T00:00:00.000,9999-12-31T00:00:00.000,1,1b4d626095955c22bd3ed21ee0df383d1b4d626095955c22bd3ed21ee0df383d
195,MWR000195,179,194,387,2,4,5,Ion MaintenanceWorkRequest 195,MWR000195,0,277.1500,1,1,2026-08-24T00:00:00.000,2018-01-01T00:00:00.000,9999-12-31T00:00:00.000,1,8fa896c4a8505b32bf98cbb6620f3b7d8fa896c4a8505b32bf98cbb6620f3b7d
196,MWR000196,370,290,53,3,11,8,Beacon MaintenanceWorkRequest 196,MWR000196,1,278.5200,1,1,2026-08-24T00:00:00.000,2018-01-01T00:00:00.000,9999-12-31T00:00:00.000,1,00d2d61602f85b9eadc67e6e5090a26000d2d61602f85b9eadc67e6e5090a260
197,MWR000197,272,82,134,5,8,9,Junction MaintenanceWorkRequest 197,MWR000197,1,279.8900,1,1,2026-08-24T00:00:00.000,2018-01-01T00:00:00.000,9999-12-31T00:00:00.000,1,02770eb3418153828ef987a83829f0b102770eb3418153828ef987a83829f0b1
198,MWR000198,412,339,292,1,1,10,Northstar MaintenanceWorkRequest 198,MWR000198,1,281.2600,1,1,2026-08-24T00:00:00.000,2018-01-01T00:00:00.000,9999-12-31T00:00:00.000,1,af10529434f75768bf1d24d37100e8b1af10529434f75768bf1d24d37100e8b1
199,MWR000199,382,8,445,5,12,11,Harbor MaintenanceWorkRequest 199,MWR000199,1,282.6300,1,1,2026-08-24T00:00:00.000,2018-01-01T00:00:00.000,9999-12-31T00:00:00.000,1,3ca1c7b8c943578b949f4a8ef674e53c3ca1c7b8c943578b949f4a8ef674e53c
200,MWR000200,456,108,386,3,1,3,Beacon MaintenanceWorkRequest 200,MWR000200,0,284.0000,1,1,2026-08-24T00:00:00.000,2018-01-01T00:00:00.000,9999-12-31T00:00:00.000,1,796b735857595356ac54ba1e32b2ef40796b735857595356ac54ba1e32b2ef40
201,MWR000201,274,92,77,3,12,7,Beacon MaintenanceWorkRequest 201,MWR000201,1,285.3700,1,1,2026-08-24T00:00:00.000,2018-01-01T00:00:00.000,9999-12-31T00:00:00.000,1,556ea7a417325f8096fde459d4694eed556ea7a417325f8096fde459d4694eed
202,MWR000202,136,50,460,5,8,10,Zenith MaintenanceWorkRequest 202,MWR000202,1,286.7400,1,1,2026-08-24T00:00:00.000,2018-01-01T00:00:00.000,9999-12-31T00:00:00.000,1,3ea8e32d6e365fdcbd38d4a5af4671263ea8e32d6e365fdcbd38d4a5af467126
203,MWR000203,27,103,66,5,5,1,Junction MaintenanceWorkRequest 203,MWR000203,1,288.1100,1,1,2026-08-24T00:00:00.000,2018-01-01T00:00:00.000,9999-12-31T00:00:00.000,1,594f8625a403532799c8b07a2b1a16f4594f8625a403532799c8b07a2b1a16f4
204,MWR000204,104,83,-1,4,11,9,Northstar MaintenanceWorkRequest 204,MWR000204,1,289.4800,1,1,2026-08-24T00:00:00.000,2018-01-01T00:00:00.000,9999-12-31T00:00:00.000,1,907e36daa4f55403a530fb4c828539eb907e36daa4f55403a530fb4c828539eb
205,MWR000205,236,139,442,1,6,1,Junction MaintenanceWorkRequest 205,MWR000205,0,290.8500,1,1,2026-08-24T00:00:00.000,2018-01-01T00:00:00.000,9999-12-31T00:00:00.000,1,195f1e41a5ba5c68b03bc26b34f9a406195f1e41a5ba5c68b03bc26b34f9a406
206,MWR000206,92,232,20,1,6,4,Harbor MaintenanceWorkRequest 206,MWR000206,1,292.2200,1,1,2026-08-24T00:00:00.000,2018-01-01T00:00:00.000,9999-12-31T00:00:00.000,1,74321d2d6b0756c99862752440aed2c574321d2d6b0756c99862752440aed2c5
207,MWR000207,325,295,313,4,6,4,Ion MaintenanceWorkRequest 207,MWR000207,1,293.5900,1,1,2026-08-24T00:00:00.000,2018-01-01T00:00:00.000,9999-12-31T00:00:00.000,1,812ae3df659354debf132c1600233458812ae3df659354debf132c1600233458
208,MWR000208,236,27,473,3,4,6,Ion MaintenanceWorkRequest 208,MWR000208,1,294.9600,1,1,2026-08-24T00:00:00.000,2018-01-01T00:00:00.000,9999-12-31T00:00:00.000,1,5424985473655b9ea526547454126a6b5424985473655b9ea526547454126a6b
209,MWR000209,420,242,133,1,8,6,Pioneer MaintenanceWorkRequest 209,MWR000209,1,296.3300,1,1,2026-08-24T00:00:00.000,2018-01-01T00:00:00.000,9999-12-31T00:00:00.000,1,41ed52f3c3b15c94afa33dd033adf73441ed52f3c3b15c94afa33dd033adf734
210,MWR000210,368,50,349,2,11,2,Willow MaintenanceWorkRequest 210,MWR000210,0,297.7000,1,1,2026-08-24T00:00:00.000,2018-01-01T00:00:00.000,9999-12-31T00:00:00.000,1,b0203e5f42795084891475e0fb442449b0203e5f42795084891475e0fb442449
211,MWR000211,62,281,131,2,9,1,Ion MaintenanceWorkRequest 211,MWR000211,1,299.0700,1,1,2026-08-24T00:00:00.000,2018-01-01T00:00:00.000,9999-12-31T00:00:00.000,1,b7de984691a856cb89d2514806ef85b7b7de984691a856cb89d2514806ef85b7
212,MWR000212,434,115,491,1,2,3,Ion MaintenanceWorkRequest 212,MWR000212,1,300.4400,1,1,2026-08-24T00:00:00.000,2018-01-01T00:00:00.000,9999-12-31T00:00:00.000,1,081a99f0b951544d92a7076fdfb2d0c7081a99f0b951544d92a7076fdfb2d0c7
213,MWR000213,212,242,428,4,3,2,Quartz MaintenanceWorkRequest 213,MWR000213,1,301.8100,1,1,2026-08-24T00:00:00.000,2018-01-01T00:00:00.000,9999-12-31T00:00:00.000,1,afbc73a51cba5b05a3b457666c74d5a7afbc73a51cba5b05a3b457666c74d5a7
214,MWR000214,201,333,103,1,8,1,Meridian MaintenanceWorkRequest 214,MWR000214,1,303.1800,1,1,2026-08-24T00:00:00.000,2018-01-01T00:00:00.000,9999-12-31T00:00:00.000,1,608c8ba94af25709a1485d607f855d62608c8ba94af25709a1485d607f855d62
215,MWR000215,330,196,61,2,5,9,Junction MaintenanceWorkRequest 215,MWR000215,0,304.5500,1,1,2026-08-24T00:00:00.000,2018-01-01T00:00:00.000,9999-12-31T00:00:00.000,1,bd1d23ed75735884a3c0b7285854a747bd1d23ed75735884a3c0b7285854a747
216,MWR000216,186,308,82,5,2,5,Quartz MaintenanceWorkRequest 216,MWR000216,1,305.9200,1,1,2026-08-24T00:00:00.000,2018-01-01T00:00:00.000,9999-12-31T00:00:00.000,1,8ffbba5f01f4560aad6291ffe1cf65608ffbba5f01f4560aad6291ffe1cf6560
217,MWR000217,79,295,395,2,3,12,Willow MaintenanceWorkRequest 217,MWR000217,1,307.2900,1,1,2026-08-24T00:00:00.000,2018-01-01T00:00:00.000,9999-12-31T00:00:00.000,1,f5d3cdee562155ccb8f7eb5916ad09b5f5d3cdee562155ccb8f7eb5916ad09b5
218,MWR000218,7,105,107,1,9,3,Cedar MaintenanceWorkRequest 218,MWR000218,1,308.6600,1,1,2026-08-24T00:00:00.000,2018-01-01T00:00:00.000,9999-12-31T00:00:00.000,1,f8a14aaf90405d4a983e52a2f56d74c5f8a14aaf90405d4a983e52a2f56d74c5
219,MWR000219,403,155,483,4,9,3,Liberty MaintenanceWorkRequest 219,MWR000219,1,310.0300,1,1,2026-08-24T00:00:00.000,2018-01-01T00:00:00.000,9999-12-31T00:00:00.000,1,5092a55a43765a329e42ca3713be0a195092a55a43765a329e42ca3713be0a19
220,MWR000220,442,145,171,3,10,12,Riverton MaintenanceWorkRequest 220,MWR000220,0,311.4000,1,1,2026-08-24T00:00:00.000,2018-01-01T00:00:00.000,9999-12-31T00:00:00.000,1,17f541f55d7555c6a3cdd08aaad4da9417f541f55d7555c6a3cdd08aaad4da94
221,MWR000221,315,138,-1,3,7,12,Granite MaintenanceWorkRequest 221,MWR000221,1,312.7700,1,1,2026-08-24T00:00:00.000,2018-01-01T00:00:00.000,9999-12-31T00:00:00.000,1,ddbf0e7a97465516b33cba5aa5c62e42ddbf0e7a97465516b33cba5aa5c62e42
222,MWR000222,151,234,279,5,7,7,Zenith MaintenanceWorkRequest 222,MWR000222,1,314.1400,1,1,2026-08-24T00:00:00.000,2018-01-01T00:00:00.000,9999-12-31T00:00:00.000,1,4a3c0ec9a4375b0fbded1fc858ce7e3e4a3c0ec9a4375b0fbded1fc858ce7e3e
223,MWR000223,148,220,395,5,12,3,Junction MaintenanceWorkRequest 223,MWR000223,1,315.5100,1,1,2026-08-24T00:00:00.000,2018-01-01T00:00:00.000,9999-12-31T00:00:00.000,1,c17d3a88cf7f54bb90e0d9bd361544dec17d3a88cf7f54bb90e0d9bd361544de
224,MWR000224,47,140,54,5,2,4,Zenith MaintenanceWorkRequest 224,MWR000224,1,316.8800,1,1,2026-08-24T00:00:00.000,2018-01-01T00:00:00.000,9999-12-31T00:00:00.000,1,5dcf54f8f0a65683ba0c357cd35f9fbb5dcf54f8f0a65683ba0c357cd35f9fbb
225,MWR000225,353,282,279,4,9,12,Harbor MaintenanceWorkRequest 225,MWR000225,0,318.2500,1,1,2026-08-24T00:00:00.000,2018-01-01T00:00:00.000,9999-12-31T00:00:00.000,1,c930b0ff3b355dc987e49d17300ece3ac930b0ff3b355dc987e49d17300ece3a
226,MWR000226,429,254,480,3,11,5,Zenith MaintenanceWorkRequest 226,MWR000226,1,319.6200,1,1,2026-08-24T00:00:00.000,2018-01-01T00:00:00.000,9999-12-31T00:00:00.000,1,9738d2400d215893a4d1ee398d8109309738d2400d215893a4d1ee398d810930
227,MWR000227,431,33,337,3,8,10,Cedar MaintenanceWorkRequest 227,MWR000227,1,320.9900,1,1,2026-08-24T00:00:00.000,2018-01-01T00:00:00.000,9999-12-31T00:00:00.000,1,2f73ccc127dc5c66b519c55a6c0af1372f73ccc127dc5c66b519c55a6c0af137
228,MWR000228,416,281,5,4,12,5,Vertex MaintenanceWorkRequest 228,MWR000228,1,322.3600,1,1,2026-08-24T00:00:00.000,2018-01-01T00:00:00.000,9999-12-31T00:00:00.000,1,9a16ee1dc6435d01a2753f5380007e599a16ee1dc6435d01a2753f5380007e59
229,MWR000229,472,22,253,4,10,5,Willow MaintenanceWorkRequest 229,MWR000229,1,323.7300,1,1,2026-08-24T00:00:00.000,2018-01-01T00:00:00.000,9999-12-31T00:00:00.000,1,0e713c6e248752abac87d613a65b8ece0e713c6e248752abac87d613a65b8ece
230,MWR000230,120,76,123,2,2,9,Quartz MaintenanceWorkRequest 230,MWR000230,0,325.1000,1,1,2026-08-24T00:00:00.000,2018-01-01T00:00:00.000,9999-12-31T00:00:00.000,1,5789676de9c15f2293f24c2fd50bd8cb5789676de9c15f2293f24c2fd50bd8cb
231,MWR000231,453,243,5,1,6,8,Cedar MaintenanceWorkRequest 231,MWR000231,1,326.4700,1,1,2026-08-24T00:00:00.000,2018-01-01T00:00:00.000,9999-12-31T00:00:00.000,1,1521988c042954e19b64541c0d6cb2221521988c042954e19b64541c0d6cb222
232,MWR000232,53,318,436,4,2,11,Meridian MaintenanceWorkRequest 232,MWR000232,1,327.8400,1,1,2026-08-24T00:00:00.000,2018-01-01T00:00:00.000,9999-12-31T00:00:00.000,1,e0338b3a380b5f7aacc636abe0c53868e0338b3a380b5f7aacc636abe0c53868
233,MWR000233,204,244,436,3,5,11,Titan MaintenanceWorkRequest 233,MWR000233,1,329.2100,1,1,2026-08-24T00:00:00.000,2018-01-01T00:00:00.000,9999-12-31T00:00:00.000,1,08c2d8bfdf5c53d0964f860452050e5d08c2d8bfdf5c53d0964f860452050e5d
234,MWR000234,229,157,406,4,1,4,Summit MaintenanceWorkRequest 234,MWR000234,1,330.5800,1,1,2026-08-24T00:00:00.000,2018-01-01T00:00:00.000,9999-12-31T00:00:00.000,1,d042b989af1454fb826298d9a5921ce2d042b989af1454fb826298d9a5921ce2
235,MWR000235,406,73,352,4,1,5,Keystone MaintenanceWorkRequest 235,MWR000235,0,331.9500,1,1,2026-08-24T00:00:00.000,2018-01-01T00:00:00.000,9999-12-31T00:00:00.000,1,fb651c1951ea5da981c85710821a5df4fb651c1951ea5da981c85710821a5df4
236,MWR000236,156,3,463,3,8,10,Harbor MaintenanceWorkRequest 236,MWR000236,1,333.3200,1,1,2026-08-24T00:00:00.000,2018-01-01T00:00:00.000,9999-12-31T00:00:00.000,1,546a72af296a5986aceb421fe3a46d0d546a72af296a5986aceb421fe3a46d0d
237,MWR000237,113,261,223,5,7,5,Unity MaintenanceWorkRequest 237,MWR000237,1,334.6900,1,1,2026-08-24T00:00:00.000,2018-01-01T00:00:00.000,9999-12-31T00:00:00.000,1,6b81742101be5d4cb1058e4106dc1fbc6b81742101be5d4cb1058e4106dc1fbc
238,MWR000238,485,246,-1,2,6,8,Willow MaintenanceWorkRequest 238,MWR000238,1,336.0600,1,1,2026-08-24T00:00:00.000,2018-01-01T00:00:00.000,9999-12-31T00:00:00.000,1,c0f29e09f74e5ac79e3e7740e7ff66f7c0f29e09f74e5ac79e3e7740e7ff66f7
239,MWR000239,302,42,306,2,7,2,Northstar MaintenanceWorkRequest 239,MWR000239,1,337.4300,1,1,2026-08-24T00:00:00.000,2018-01-01T00:00:00.000,9999-12-31T00:00:00.000,1,4b0c276cf1a750afb618122b5f9cd41e4b0c276cf1a750afb618122b5f9cd41e
240,MWR000240,96,107,205,5,4,7,Granite MaintenanceWorkRequest 240,MWR000240,0,338.8000,1,1,2026-08-24T00:00:00.000,2018-01-01T00:00:00.000,9999-12-31T00:00:00.000,1,8978245a91415f479d0606d81e99a85d8978245a91415f479d0606d81e99a85d
241,MWR000241,37,168,98,4,8,9,Riverton MaintenanceWorkRequest 241,MWR000241,1,340.1700,1,1,2026-08-24T00:00:00.000,2018-01-01T00:00:00.000,9999-12-31T00:00:00.000,1,1bbd55e455fe53e183d275a5a694dd191bbd55e455fe53e183d275a5a694dd19
242,MWR000242,380,258,396,5,1,7,Keystone MaintenanceWorkRequest 242,MWR000242,1,341.5400,1,1,2026-08-24T00:00:00.000,2018-01-01T00:00:00.000,9999-12-31T00:00:00.000,1,03c16f75ecd056748abd1042246d13fe03c16f75ecd056748abd1042246d13fe
243,MWR000243,265,105,27,2,8,11,Vertex MaintenanceWorkRequest 243,MWR000243,1,342.9100,1,1,2026-08-24T00:00:00.000,2018-01-01T00:00:00.000,9999-12-31T00:00:00.000,1,d2ad842a0226571e95b4803155bda604d2ad842a0226571e95b4803155bda604
244,MWR000244,3,211,496,3,8,5,Vertex MaintenanceWorkRequest 244,MWR000244,1,344.2800,1,1,2026-08-24T00:00:00.000,2018-01-01T00:00:00.000,9999-12-31T00:00:00.000,1,dc923e6d89135fd085a836258c83fdeddc923e6d89135fd085a836258c83fded
245,MWR000245,289,132,416,4,8,9,Pioneer MaintenanceWorkRequest 245,MWR000245,0,345.6500,1,1,2026-08-24T00:00:00.000,2018-01-01T00:00:00.000,9999-12-31T00:00:00.000,1,51523159d5ef538ab6eb4a73141b516951523159d5ef538ab6eb4a73141b5169
246,MWR000246,65,115,238,1,4,9,Meridian MaintenanceWorkRequest 246,MWR000246,1,347.0200,1,1,2026-08-24T00:00:00.000,2018-01-01T00:00:00.000,9999-12-31T00:00:00.000,1,32a8ef5d93575dda8f8bc399204395d832a8ef5d93575dda8f8bc399204395d8
247,MWR000247,255,59,378,1,6,2,Atlas MaintenanceWorkRequest 247,MWR000247,1,348.3900,1,1,2026-08-24T00:00:00.000,2018-01-01T00:00:00.000,9999-12-31T00:00:00.000,1,b8c57358eee05595986002d2693411d1b8c57358eee05595986002d2693411d1
248,MWR000248,456,321,125,5,12,7,Junction MaintenanceWorkRequest 248,MWR000248,1,349.7600,1,1,2026-08-24T00:00:00.000,2018-01-01T00:00:00.000,9999-12-31T00:00:00.000,1,0d543ef5a0be5d60880cbd221b8473bd0d543ef5a0be5d60880cbd221b8473bd
249,MWR000249,13,294,331,3,11,9,Vertex MaintenanceWorkRequest 249,MWR000249,1,351.1300,1,1,2026-08-24T00:00:00.000,2018-01-01T00:00:00.000,9999-12-31T00:00:00.000,1,b019133b0a1a51058d2d6052c6c644f2b019133b0a1a51058d2d6052c6c644f2
250,MWR000250,329,127,337,2,6,5,Keystone MaintenanceWorkRequest 250,MWR000250,0,352.5000,1,1,2026-08-24T00:00:00.000,2018-01-01T00:00:00.000,9999-12-31T00:00:00.000,1,47bee9333ded535ab4364aefc3f19a9347bee9333ded535ab4364aefc3f19a93
251,MWR000251,238,98,153,4,9,1,Cedar MaintenanceWorkRequest 251,MWR000251,1,353.8700,1,1,2026-08-24T00:00:00.000,2018-01-01T00:00:00.000,9999-12-31T00:00:00.000,1,53aaa7a59d475a82aef43bed298458d053aaa7a59d475a82aef43bed298458d0
252,MWR000252,188,212,264,4,12,11,Summit MaintenanceWorkRequest 252,MWR000252,1,355.2400,1,1,2026-08-24T00:00:00.000,2018-01-01T00:00:00.000,9999-12-31T00:00:00.000,1,ddce6bc64d6d5bad9d4675c02aa976a0ddce6bc64d6d5bad9d4675c02aa976a0
253,MWR000253,460,215,249,4,5,4,Vertex MaintenanceWorkRequest 253,MWR000253,1,356.6100,1,1,2026-08-24T00:00:00.000,2018-01-01T00:00:00.000,9999-12-31T00:00:00.000,1,65f84db7af6f55f3b6cf19f34ed87b9565f84db7af6f55f3b6cf19f34ed87b95
254,MWR000254,291,235,241,4,4,1,Evergreen MaintenanceWorkRequest 254,MWR000254,1,357.9800,1,1,2026-08-24T00:00:00.000,2018-01-01T00:00:00.000,9999-12-31T00:00:00.000,1,ba696ec90adf504f8a1c483e4a8f3c94ba696ec90adf504f8a1c483e4a8f3c94
255,MWR000255,286,166,-1,3,3,2,Keystone MaintenanceWorkRequest 255,MWR000255,0,359.3500,1,1,2026-08-24T00:00:00.000,2018-01-01T00:00:00.000,9999-12-31T00:00:00.000,1,8228bd7e529a5dd89b31b5799509244d8228bd7e529a5dd89b31b5799509244d
256,MWR000256,58,145,434,1,1,1,Cedar MaintenanceWorkRequest 256,MWR000256,1,360.7200,1,1,2026-08-24T00:00:00.000,2018-01-01T00:00:00.000,9999-12-31T00:00:00.000,1,dfc4a10aab1a5210b068c6b1be5716a5dfc4a10aab1a5210b068c6b1be5716a5
257,MWR000257,185,348,63,3,6,5,Forge MaintenanceWorkRequest 257,MWR000257,1,362.0900,1,1,2026-08-24T00:00:00.000,2018-01-01T00:00:00.000,9999-12-31T00:00:00.000,1,a8f34443c86e56fb806a83ff2cfc16f0a8f34443c86e56fb806a83ff2cfc16f0
258,MWR000258,273,115,153,2,12,6,Pioneer MaintenanceWorkRequest 258,MWR000258,1,363.4600,1,1,2026-08-24T00:00:00.000,2018-01-01T00:00:00.000,9999-12-31T00:00:00.000,1,dacecc777fa15aadb2e7c9cad5dcf4e0dacecc777fa15aadb2e7c9cad5dcf4e0
259,MWR000259,242,12,373,2,3,11,Riverton MaintenanceWorkRequest 259,MWR000259,1,364.8300,1,1,2026-08-24T00:00:00.000,2018-01-01T00:00:00.000,9999-12-31T00:00:00.000,1,eb90e22a820c5b31aa082a40831a8dc4eb90e22a820c5b31aa082a40831a8dc4
260,MWR000260,445,277,406,1,3,11,Cedar MaintenanceWorkRequest 260,MWR000260,0,366.2000,1,1,2026-08-24T00:00:00.000,2018-01-01T00:00:00.000,9999-12-31T00:00:00.000,1,9700565b35c35f2cb33cafa396bf57619700565b35c35f2cb33cafa396bf5761
261,MWR000261,64,290,145,4,5,11,Orion MaintenanceWorkRequest 261,MWR000261,1,367.5700,1,1,2026-08-24T00:00:00.000,2018-01-01T00:00:00.000,9999-12-31T00:00:00.000,1,b75e4804aeaf548990c389d1bd4807b9b75e4804aeaf548990c389d1bd4807b9
262,MWR000262,480,155,390,1,5,8,Unity MaintenanceWorkRequest 262,MWR000262,1,368.9400,1,1,2026-08-24T00:00:00.000,2018-01-01T00:00:00.000,9999-12-31T00:00:00.000,1,44161075eac4531ba97a0c8c30a7bb8044161075eac4531ba97a0c8c30a7bb80
263,MWR000263,448,161,452,4,8,10,Evergreen MaintenanceWorkRequest 263,MWR000263,1,370.3100,1,1,2026-08-24T00:00:00.000,2018-01-01T00:00:00.000,9999-12-31T00:00:00.000,1,be27bbc08eb95a8c94fc756398ab4cb7be27bbc08eb95a8c94fc756398ab4cb7
264,MWR000264,311,263,218,1,11,9,Meridian MaintenanceWorkRequest 264,MWR000264,1,371.6800,1,1,2026-08-24T00:00:00.000,2018-01-01T00:00:00.000,9999-12-31T00:00:00.000,1,e048509551f05f36bc8e5518552a6326e048509551f05f36bc8e5518552a6326
265,MWR000265,432,51,376,4,2,3,Junction MaintenanceWorkRequest 265,MWR000265,0,373.0500,1,1,2026-08-24T00:00:00.000,2018-01-01T00:00:00.000,9999-12-31T00:00:00.000,1,a8679df64db45a85b82a5b855285df4ba8679df64db45a85b82a5b855285df4b
266,MWR000266,1,32,72,5,4,3,Atlas MaintenanceWorkRequest 266,MWR000266,1,374.4200,1,1,2026-08-24T00:00:00.000,2018-01-01T00:00:00.000,9999-12-31T00:00:00.000,1,5e67da1147535dd195a11064a2da95765e67da1147535dd195a11064a2da9576
267,MWR000267,223,288,16,3,6,10,Willow MaintenanceWorkRequest 267,MWR000267,1,375.7900,1,1,2026-08-24T00:00:00.000,2018-01-01T00:00:00.000,9999-12-31T00:00:00.000,1,2f556087f179535daacea70b2ca35f302f556087f179535daacea70b2ca35f30
268,MWR000268,481,121,159,2,3,9,Liberty MaintenanceWorkRequest 268,MWR000268,1,377.1600,1,1,2026-08-24T00:00:00.000,2018-01-01T00:00:00.000,9999-12-31T00:00:00.000,1,619eb91cd405582db3a923aa18df23d5619eb91cd405582db3a923aa18df23d5
269,MWR000269,114,251,395,2,3,11,Beacon MaintenanceWorkRequest 269,MWR000269,1,378.5300,1,1,2026-08-24T00:00:00.000,2018-01-01T00:00:00.000,9999-12-31T00:00:00.000,1,1819a6f96ed15f8b8d7c84bb36f9a7cc1819a6f96ed15f8b8d7c84bb36f9a7cc
270,MWR000270,403,272,183,5,2,9,Harbor MaintenanceWorkRequest 270,MWR000270,0,379.9000,1,1,2026-08-24T00:00:00.000,2018-01-01T00:00:00.000,9999-12-31T00:00:00.000,1,db5639ac734a5baf9b58b7309f6b11c8db5639ac734a5baf9b58b7309f6b11c8
271,MWR000271,256,208,500,2,1,10,Vertex MaintenanceWorkRequest 271,MWR000271,1,381.2700,1,1,2026-08-24T00:00:00.000,2018-01-01T00:00:00.000,9999-12-31T00:00:00.000,1,505cbe4288165e6c8ac706721609c5f2505cbe4288165e6c8ac706721609c5f2
272,MWR000272,220,79,-1,4,8,5,Summit MaintenanceWorkRequest 272,MWR000272,1,382.6400,1,1,2026-08-24T00:00:00.000,2018-01-01T00:00:00.000,9999-12-31T00:00:00.000,1,158e23059cdc51e5b53503fbb37774f0158e23059cdc51e5b53503fbb37774f0
273,MWR000273,422,76,82,4,7,3,Junction MaintenanceWorkRequest 273,MWR000273,1,384.0100,1,1,2026-08-24T00:00:00.000,2018-01-01T00:00:00.000,9999-12-31T00:00:00.000,1,251e738320ca53028e2f7b69707ad5a5251e738320ca53028e2f7b69707ad5a5
274,MWR000274,44,20,153,4,3,4,Riverton MaintenanceWorkRequest 274,MWR000274,1,385.3800,1,1,2026-08-24T00:00:00.000,2018-01-01T00:00:00.000,9999-12-31T00:00:00.000,1,0915ec9bddb35d1ba3409bcd18d1e11b0915ec9bddb35d1ba3409bcd18d1e11b
275,MWR000275,424,75,194,3,4,3,Orion MaintenanceWorkRequest 275,MWR000275,0,386.7500,1,1,2026-08-24T00:00:00.000,2018-01-01T00:00:00.000,9999-12-31T00:00:00.000,1,5362bf8f5f9857c1b4ca70e06299e3b45362bf8f5f9857c1b4ca70e06299e3b4
276,MWR000276,77,186,38,3,5,8,Willow MaintenanceWorkRequest 276,MWR000276,1,388.1200,1,1,2026-08-24T00:00:00.000,2018-01-01T00:00:00.000,9999-12-31T00:00:00.000,1,762eece4bcd55b0f978eb12cbc07d301762eece4bcd55b0f978eb12cbc07d301
277,MWR000277,128,339,382,5,9,1,Riverton MaintenanceWorkRequest 277,MWR000277,1,389.4900,1,1,2026-08-24T00:00:00.000,2018-01-01T00:00:00.000,9999-12-31T00:00:00.000,1,e3f7c2473b2d5861b6f183ccefae5cdfe3f7c2473b2d5861b6f183ccefae5cdf
278,MWR000278,402,236,199,1,4,4,Harbor MaintenanceWorkRequest 278,MWR000278,1,390.8600,1,1,2026-08-24T00:00:00.000,2018-01-01T00:00:00.000,9999-12-31T00:00:00.000,1,704e809a53fb5320b5b70d686b9bdacc704e809a53fb5320b5b70d686b9bdacc
279,MWR000279,130,2,471,2,2,3,Willow MaintenanceWorkRequest 279,MWR000279,1,392.2300,1,1,2026-08-24T00:00:00.000,2018-01-01T00:00:00.000,9999-12-31T00:00:00.000,1,fd800b2f2cf5591ebf3efa166e2069aafd800b2f2cf5591ebf3efa166e2069aa
280,MWR000280,238,104,346,3,1,10,Meridian MaintenanceWorkRequest 280,MWR000280,0,393.6000,1,1,2026-08-24T00:00:00.000,2018-01-01T00:00:00.000,9999-12-31T00:00:00.000,1,3c20a4d252235b7a8c0eefba77ab77a63c20a4d252235b7a8c0eefba77ab77a6
281,MWR000281,322,228,184,2,8,4,Vertex MaintenanceWorkRequest 281,MWR000281,1,394.9700,1,1,2026-08-24T00:00:00.000,2018-01-01T00:00:00.000,9999-12-31T00:00:00.000,1,4b697ed8ed7b5893bfa5ef1ee41091784b697ed8ed7b5893bfa5ef1ee4109178
282,MWR000282,404,198,258,1,8,3,Unity MaintenanceWorkRequest 282,MWR000282,1,396.3400,1,1,2026-08-24T00:00:00.000,2018-01-01T00:00:00.000,9999-12-31T00:00:00.000,1,4e81293aba2e593abc5f7e062d91d3134e81293aba2e593abc5f7e062d91d313
283,MWR000283,245,346,401,5,3,8,Pioneer MaintenanceWorkRequest 283,MWR000283,1,397.7100,1,1,2026-08-24T00:00:00.000,2018-01-01T00:00:00.000,9999-12-31T00:00:00.000,1,93cc00edc54a506583bb81a757d029bf93cc00edc54a506583bb81a757d029bf
284,MWR000284,489,202,287,4,1,3,Meridian MaintenanceWorkRequest 284,MWR000284,1,399.0800,1,1,2026-08-24T00:00:00.000,2018-01-01T00:00:00.000,9999-12-31T00:00:00.000,1,692a6729471f57edada6caef33d3bae3692a6729471f57edada6caef33d3bae3
285,MWR000285,322,143,145,3,12,4,Harbor MaintenanceWorkRequest 285,MWR000285,0,400.4500,1,1,2026-08-24T00:00:00.000,2018-01-01T00:00:00.000,9999-12-31T00:00:00.000,1,e98adb68895a5fa8aff8c80b5b9641a1e98adb68895a5fa8aff8c80b5b9641a1
286,MWR000286,369,184,32,4,4,8,Keystone MaintenanceWorkRequest 286,MWR000286,1,401.8200,1,1,2026-08-24T00:00:00.000,2018-01-01T00:00:00.000,9999-12-31T00:00:00.000,1,ecc1244e50eb5529908897bfa7c58888ecc1244e50eb5529908897bfa7c58888
287,MWR000287,272,83,377,1,11,7,Summit MaintenanceWorkRequest 287,MWR000287,1,403.1900,1,1,2026-08-24T00:00:00.000,2018-01-01T00:00:00.000,9999-12-31T00:00:00.000,1,4bcca9b6963e549c859822b5bcc24a884bcca9b6963e549c859822b5bcc24a88
288,MWR000288,408,63,256,1,7,10,Keystone MaintenanceWorkRequest 288,MWR000288,1,404.5600,1,1,2026-08-24T00:00:00.000,2018-01-01T00:00:00.000,9999-12-31T00:00:00.000,1,6ddfaf131a125d1594001922d1c283346ddfaf131a125d1594001922d1c28334
289,MWR000289,396,221,-1,1,7,5,Orion MaintenanceWorkRequest 289,MWR000289,1,405.9300,1,1,2026-08-24T00:00:00.000,2018-01-01T00:00:00.000,9999-12-31T00:00:00.000,1,b4f5a20249655ff6824503eb7cb837c5b4f5a20249655ff6824503eb7cb837c5
290,MWR000290,448,87,155,2,1,4,Delta MaintenanceWorkRequest 290,MWR000290,0,407.3000,1,1,2026-08-24T00:00:00.000,2018-01-01T00:00:00.000,9999-12-31T00:00:00.000,1,662a56926711517a9529c16249b53790662a56926711517a9529c16249b53790
291,MWR000291,430,184,457,5,7,8,Summit MaintenanceWorkRequest 291,MWR000291,1,408.6700,1,1,2026-08-24T00:00:00.000,2018-01-01T00:00:00.000,9999-12-31T00:00:00.000,1,dd70d473d914566e9c0f77c676c7908bdd70d473d914566e9c0f77c676c7908b
292,MWR000292,486,333,177,2,2,5,Keystone MaintenanceWorkRequest 292,MWR000292,1,410.0400,1,1,2026-08-24T00:00:00.000,2018-01-01T00:00:00.000,9999-12-31T00:00:00.000,1,39b259be63b55934a6ca2d7b0ba364c639b259be63b55934a6ca2d7b0ba364c6
293,MWR000293,39,196,8,4,10,1,Summit MaintenanceWorkRequest 293,MWR000293,1,411.4100,1,1,2026-08-24T00:00:00.000,2018-01-01T00:00:00.000,9999-12-31T00:00:00.000,1,ea84513951775b3cb73aa4ba58b69852ea84513951775b3cb73aa4ba58b69852
294,MWR000294,325,98,312,1,7,11,Beacon MaintenanceWorkRequest 294,MWR000294,1,412.7800,1,1,2026-08-24T00:00:00.000,2018-01-01T00:00:00.000,9999-12-31T00:00:00.000,1,a576cf53372b575cb11a502bfe77a1dba576cf53372b575cb11a502bfe77a1db
295,MWR000295,255,183,55,1,8,6,Evergreen MaintenanceWorkRequest 295,MWR000295,0,414.1500,1,1,2026-08-24T00:00:00.000,2018-01-01T00:00:00.000,9999-12-31T00:00:00.000,1,0d1c4faa08005aba99b720169634e6510d1c4faa08005aba99b720169634e651
296,MWR000296,299,1,174,1,6,1,Unity MaintenanceWorkRequest 296,MWR000296,1,415.5200,1,1,2026-08-24T00:00:00.000,2018-01-01T00:00:00.000,9999-12-31T00:00:00.000,1,134752ce00335e0d9eb9e24362792ce3134752ce00335e0d9eb9e24362792ce3
297,MWR000297,304,24,394,2,10,4,Northstar MaintenanceWorkRequest 297,MWR000297,1,416.8900,1,1,2026-08-24T00:00:00.000,2018-01-01T00:00:00.000,9999-12-31T00:00:00.000,1,00fd586d79ef557fb0868a332941d64300fd586d79ef557fb0868a332941d643
298,MWR000298,112,325,53,5,4,11,Harbor MaintenanceWorkRequest 298,MWR000298,1,418.2600,1,1,2026-08-24T00:00:00.000,2018-01-01T00:00:00.000,9999-12-31T00:00:00.000,1,f2a07a6c1cae57d198c62032dfac73e4f2a07a6c1cae57d198c62032dfac73e4
299,MWR000299,292,112,378,5,6,11,Beacon MaintenanceWorkRequest 299,MWR000299,1,419.6300,1,1,2026-08-24T00:00:00.000,2018-01-01T00:00:00.000,9999-12-31T00:00:00.000,1,d2ec82bbd5b9565ab3ac4de509973d0dd2ec82bbd5b9565ab3ac4de509973d0d
300,MWR000300,38,13,200,3,3,1,Titan MaintenanceWorkRequest 300,MWR000300,0,421.0000,1,1,2026-08-24T00:00:00.000,2018-01-01T00:00:00.000,9999-12-31T00:00:00.000,1,264309e588be5c6d813104eda73a6229264309e588be5c6d813104eda73a6229
301,MWR000301,472,90,37,5,2,3,Junction MaintenanceWorkRequest 301,MWR000301,1,422.3700,1,1,2026-08-24T00:00:00.000,2018-01-01T00:00:00.000,9999-12-31T00:00:00.000,1,b1d406d262de55b88a401df6849dd95bb1d406d262de55b88a401df6849dd95b
302,MWR000302,209,270,388,5,10,8,Atlas MaintenanceWorkRequest 302,MWR000302,1,423.7400,1,1,2026-08-24T00:00:00.000,2018-01-01T00:00:00.000,9999-12-31T00:00:00.000,1,ea47f04c27585446a8bd74ee698ae9c0ea47f04c27585446a8bd74ee698ae9c0
303,MWR000303,323,111,155,2,6,7,Willow MaintenanceWorkRequest 303,MWR000303,1,425.1100,1,1,2026-08-24T00:00:00.000,2018-01-01T00:00:00.000,9999-12-31T00:00:00.000,1,3de28c34b2d35c6aacce7af7726f33c33de28c34b2d35c6aacce7af7726f33c3
304,MWR000304,219,318,125,4,10,2,Harbor MaintenanceWorkRequest 304,MWR000304,1,426.4800,1,1,2026-08-24T00:00:00.000,2018-01-01T00:00:00.000,9999-12-31T00:00:00.000,1,846d3b49ed4257aca5ea3000d1aa33a6846d3b49ed4257aca5ea3000d1aa33a6
305,MWR000305,262,261,440,4,5,2,Granite MaintenanceWorkRequest 305,MWR000305,0,427.8500,1,1,2026-08-24T00:00:00.000,2018-01-01T00:00:00.000,9999-12-31T00:00:00.000,1,aee0c01e29fb507687f22fc50e62ca12aee0c01e29fb507687f22fc50e62ca12
306,MWR000306,116,253,-1,4,12,8,Summit MaintenanceWorkRequest 306,MWR000306,1,429.2200,1,1,2026-08-24T00:00:00.000,2018-01-01T00:00:00.000,9999-12-31T00:00:00.000,1,0e7221984e2f54d0b7f3cff30d3fc7240e7221984e2f54d0b7f3cff30d3fc724
307,MWR000307,460,151,76,5,3,9,Summit MaintenanceWorkRequest 307,MWR000307,1,430.5900,1,1,2026-08-24T00:00:00.000,2018-01-01T00:00:00.000,9999-12-31T00:00:00.000,1,0e43a90892985fef8dbd54933b8484e70e43a90892985fef8dbd54933b8484e7
308,MWR000308,299,277,341,1,4,5,Riverton MaintenanceWorkRequest 308,MWR000308,1,431.9600,1,1,2026-08-24T00:00:00.000,2018-01-01T00:00:00.000,9999-12-31T00:00:00.000,1,1eaae3c8f0a95f38ab379f2381cccfd21eaae3c8f0a95f38ab379f2381cccfd2
309,MWR000309,490,298,80,5,10,2,Evergreen MaintenanceWorkRequest 309,MWR000309,1,433.3300,1,1,2026-08-24T00:00:00.000,2018-01-01T00:00:00.000,9999-12-31T00:00:00.000,1,47676d16fc0358c79c1cb85bb593ae6b47676d16fc0358c79c1cb85bb593ae6b
310,MWR000310,278,144,396,3,3,6,Atlas MaintenanceWorkRequest 310,MWR000310,0,434.7000,1,1,2026-08-24T00:00:00.000,2018-01-01T00:00:00.000,9999-12-31T00:00:00.000,1,0d03fa2eb6e35ca6825717d19c5c84c20d03fa2eb6e35ca6825717d19c5c84c2
311,MWR000311,412,186,128,5,3,4,Keystone MaintenanceWorkRequest 311,MWR000311,1,436.0700,1,1,2026-08-24T00:00:00.000,2018-01-01T00:00:00.000,9999-12-31T00:00:00.000,1,709c05fa58c65eaba6c575bc04801e0b709c05fa58c65eaba6c575bc04801e0b
312,MWR000312,131,276,138,3,7,2,Harbor MaintenanceWorkRequest 312,MWR000312,1,437.4400,1,1,2026-08-24T00:00:00.000,2018-01-01T00:00:00.000,9999-12-31T00:00:00.000,1,7a5de0daa3b65f81b71eb660484c4c5d7a5de0daa3b65f81b71eb660484c4c5d
313,MWR000313,204,267,398,1,11,9,Harbor MaintenanceWorkRequest 313,MWR000313,1,438.8100,1,1,2026-08-24T00:00:00.000,2018-01-01T00:00:00.000,9999-12-31T00:00:00.000,1,3416d45d3ecc5f6eb96c8b1d3c4d66d93416d45d3ecc5f6eb96c8b1d3c4d66d9
314,MWR000314,86,272,180,5,10,4,Zenith MaintenanceWorkRequest 314,MWR000314,1,440.1800,1,1,2026-08-24T00:00:00.000,2018-01-01T00:00:00.000,9999-12-31T00:00:00.000,1,8d7aac6337725cb6a7a46293c910ed488d7aac6337725cb6a7a46293c910ed48
315,MWR000315,302,330,60,3,11,3,Riverton MaintenanceWorkRequest 315,MWR000315,0,441.5500,1,1,2026-08-24T00:00:00.000,2018-01-01T00:00:00.000,9999-12-31T00:00:00.000,1,e384f62e946b5163926a677ec68f683de384f62e946b5163926a677ec68f683d
316,MWR000316,9,70,123,5,2,3,Summit MaintenanceWorkRequest 316,MWR000316,1,442.9200,1,1,2026-08-24T00:00:00.000,2018-01-01T00:00:00.000,9999-12-31T00:00:00.000,1,ef0440daa58f53df9259b8dc330c2e99ef0440daa58f53df9259b8dc330c2e99
317,MWR000317,81,223,366,2,12,11,Harbor MaintenanceWorkRequest 317,MWR000317,1,444.2900,1,1,2026-08-24T00:00:00.000,2018-01-01T00:00:00.000,9999-12-31T00:00:00.000,1,958a7f873f6f5bf5b916bbad3a79b6a0958a7f873f6f5bf5b916bbad3a79b6a0
318,MWR000318,57,262,190,2,2,6,Willow MaintenanceWorkRequest 318,MWR000318,1,445.6600,1,1,2026-08-24T00:00:00.000,2018-01-01T00:00:00.000,9999-12-31T00:00:00.000,1,3c205c1cb1ad536489e392fe32b4f8813c205c1cb1ad536489e392fe32b4f881
319,MWR000319,452,12,1,5,5,1,Delta MaintenanceWorkRequest 319,MWR000319,1,447.0300,1,1,2026-08-24T00:00:00.000,2018-01-01T00:00:00.000,9999-12-31T00:00:00.000,1,c0aa2a378bc25dd4b81c75c2b09fc011c0aa2a378bc25dd4b81c75c2b09fc011
320,MWR000320,242,173,456,4,10,1,Atlas MaintenanceWorkRequest 320,MWR000320,0,448.4000,1,1,2026-08-24T00:00:00.000,2018-01-01T00:00:00.000,9999-12-31T00:00:00.000,1,58074d7db8bf51ebbbf39c92d47ac11658074d7db8bf51ebbbf39c92d47ac116
321,MWR000321,462,108,341,5,7,4,Cedar MaintenanceWorkRequest 321,MWR000321,1,449.7700,1,1,2026-08-24T00:00:00.000,2018-01-01T00:00:00.000,9999-12-31T00:00:00.000,1,e4cbf529b1e15012bde75e9934456279e4cbf529b1e15012bde75e9934456279
322,MWR000322,408,146,411,1,2,7,Cedar MaintenanceWorkRequest 322,MWR000322,1,451.1400,1,1,2026-08-24T00:00:00.000,2018-01-01T00:00:00.000,9999-12-31T00:00:00.000,1,847b142591475e30aa3e455067636d7f847b142591475e30aa3e455067636d7f
323,MWR000323,127,208,-1,4,6,10,Harbor MaintenanceWorkRequest 323,MWR000323,1,452.5100,1,1,2026-08-24T00:00:00.000,2018-01-01T00:00:00.000,9999-12-31T00:00:00.000,1,593d9b78324559b3bf36d537596752a8593d9b78324559b3bf36d537596752a8
324,MWR000324,303,36,168,3,1,11,Delta MaintenanceWorkRequest 324,MWR000324,1,453.8800,1,1,2026-08-24T00:00:00.000,2018-01-01T00:00:00.000,9999-12-31T00:00:00.000,1,e720fcad33615254bc99a07695e190abe720fcad33615254bc99a07695e190ab
325,MWR000325,34,16,425,2,10,3,Riverton MaintenanceWorkRequest 325,MWR000325,0,455.2500,1,1,2026-08-24T00:00:00.000,2018-01-01T00:00:00.000,9999-12-31T00:00:00.000,1,5963d6e300d1569982d5f9b1680ee17d5963d6e300d1569982d5f9b1680ee17d
326,MWR000326,190,307,112,3,2,7,Northstar MaintenanceWorkRequest 326,MWR000326,1,456.6200,1,1,2026-08-24T00:00:00.000,2018-01-01T00:00:00.000,9999-12-31T00:00:00.000,1,21b04e808c455aa0b89c84859cc6923421b04e808c455aa0b89c84859cc69234
327,MWR000327,236,346,357,4,10,8,Northstar MaintenanceWorkRequest 327,MWR000327,1,457.9900,1,1,2026-08-24T00:00:00.000,2018-01-01T00:00:00.000,9999-12-31T00:00:00.000,1,f4c8093df4f65fa48bb8f70e9aaa79eff4c8093df4f65fa48bb8f70e9aaa79ef
328,MWR000328,335,340,151,1,8,4,Northstar MaintenanceWorkRequest 328,MWR000328,1,459.3600,1,1,2026-08-24T00:00:00.000,2018-01-01T00:00:00.000,9999-12-31T00:00:00.000,1,756fbb806f795e93a0e0aee2c390628c756fbb806f795e93a0e0aee2c390628c
329,MWR000329,214,334,129,5,6,8,Junction MaintenanceWorkRequest 329,MWR000329,1,460.7300,1,1,2026-08-24T00:00:00.000,2018-01-01T00:00:00.000,9999-12-31T00:00:00.000,1,ead22680392d5c2a9549a83d69628fe4ead22680392d5c2a9549a83d69628fe4
330,MWR000330,277,30,228,1,9,7,Riverton MaintenanceWorkRequest 330,MWR000330,0,462.1000,1,1,2026-08-24T00:00:00.000,2018-01-01T00:00:00.000,9999-12-31T00:00:00.000,1,18f35a1fa8c0536d8a8722c296b5cd7418f35a1fa8c0536d8a8722c296b5cd74
331,MWR000331,360,280,268,2,12,6,Quartz MaintenanceWorkRequest 331,MWR000331,1,463.4700,1,1,2026-08-24T00:00:00.000,2018-01-01T00:00:00.000,9999-12-31T00:00:00.000,1,b6e765819c4158f3b790468c5459075ab6e765819c4158f3b790468c5459075a
332,MWR000332,372,201,287,1,6,9,Granite MaintenanceWorkRequest 332,MWR000332,1,464.8400,1,1,2026-08-24T00:00:00.000,2018-01-01T00:00:00.000,9999-12-31T00:00:00.000,1,f30a4cc9206a51c8a2c155ad2aadcef1f30a4cc9206a51c8a2c155ad2aadcef1
333,MWR000333,264,314,29,3,12,5,Delta MaintenanceWorkRequest 333,MWR000333,1,466.2100,1,1,2026-08-24T00:00:00.000,2018-01-01T00:00:00.000,9999-12-31T00:00:00.000,1,9ea3e34601c65bdfbd6c4319c2e0354d9ea3e34601c65bdfbd6c4319c2e0354d
334,MWR000334,432,149,123,1,8,9,Willow MaintenanceWorkRequest 334,MWR000334,1,467.5800,1,1,2026-08-24T00:00:00.000,2018-01-01T00:00:00.000,9999-12-31T00:00:00.000,1,5d0b0d621adb5a7bb0c8cdef7dc257d65d0b0d621adb5a7bb0c8cdef7dc257d6
335,MWR000335,305,129,287,4,2,5,Delta MaintenanceWorkRequest 335,MWR000335,0,468.9500,1,1,2026-08-24T00:00:00.000,2018-01-01T00:00:00.000,9999-12-31T00:00:00.000,1,5743dd2b2d435f4a845290e65b4b3f0c5743dd2b2d435f4a845290e65b4b3f0c
336,MWR000336,78,267,45,1,2,6,Meridian MaintenanceWorkRequest 336,MWR000336,1,470.3200,1,1,2026-08-24T00:00:00.000,2018-01-01T00:00:00.000,9999-12-31T00:00:00.000,1,6215662bbe00508f839b2f1587b114b16215662bbe00508f839b2f1587b114b1
337,MWR000337,374,293,45,3,5,10,Beacon MaintenanceWorkRequest 337,MWR000337,1,471.6900,1,1,2026-08-24T00:00:00.000,2018-01-01T00:00:00.000,9999-12-31T00:00:00.000,1,4d67c55f75cc54c4ae386296caa6b3f14d67c55f75cc54c4ae386296caa6b3f1
338,MWR000338,384,146,310,3,3,9,Vertex MaintenanceWorkRequest 338,MWR000338,1,473.0600,1,1,2026-08-24T00:00:00.000,2018-01-01T00:00:00.000,9999-12-31T00:00:00.000,1,f61b9e7c0ebe58c38709e31b4da61ceef61b9e7c0ebe58c38709e31b4da61cee
339,MWR000339,482,121,60,4,12,8,Zenith MaintenanceWorkRequest 339,MWR000339,1,474.4300,1,1,2026-08-24T00:00:00.000,2018-01-01T00:00:00.000,9999-12-31T00:00:00.000,1,f8516d549fe454ad881da00c59992c60f8516d549fe454ad881da00c59992c60
340,MWR000340,366,320,-1,5,4,2,Summit MaintenanceWorkRequest 340,MWR000340,0,475.8000,1,1,2026-08-24T00:00:00.000,2018-01-01T00:00:00.000,9999-12-31T00:00:00.000,1,587547842cf754f99945558e6759b1e0587547842cf754f99945558e6759b1e0
341,MWR000341,115,62,385,1,10,4,Evergreen MaintenanceWorkRequest 341,MWR000341,1,477.1700,1,1,2026-08-24T00:00:00.000,2018-01-01T00:00:00.000,9999-12-31T00:00:00.000,1,c8b3812e844e57d68ead24d2333885b3c8b3812e844e57d68ead24d2333885b3
342,MWR000342,322,297,80,3,12,12,Liberty MaintenanceWorkRequest 342,MWR000342,1,478.5400,1,1,2026-08-24T00:00:00.000,2018-01-01T00:00:00.000,9999-12-31T00:00:00.000,1,bcdd45e009075830bf08dbc23e25be89bcdd45e009075830bf08dbc23e25be89
343,MWR000343,356,80,317,4,3,3,Vertex MaintenanceWorkRequest 343,MWR000343,1,479.9100,1,1,2026-08-24T00:00:00.000,2018-01-01T00:00:00.000,9999-12-31T00:00:00.000,1,9fe665f9d4d55910b18e0020e02dc6fb9fe665f9d4d55910b18e0020e02dc6fb
344,MWR000344,214,125,402,2,5,8,Willow MaintenanceWorkRequest 344,MWR000344,1,481.2800,1,1,2026-08-24T00:00:00.000,2018-01-01T00:00:00.000,9999-12-31T00:00:00.000,1,e54f76bf5d8d54baa6fa760e47d08423e54f76bf5d8d54baa6fa760e47d08423
345,MWR000345,131,3,387,4,5,1,Quartz MaintenanceWorkRequest 345,MWR000345,0,482.6500,1,1,2026-08-24T00:00:00.000,2018-01-01T00:00:00.000,9999-12-31T00:00:00.000,1,05480dbb751e543ea15d3404ce99e68d05480dbb751e543ea15d3404ce99e68d
346,MWR000346,403,220,132,1,5,8,Forge MaintenanceWorkRequest 346,MWR000346,1,484.0200,1,1,2026-08-24T00:00:00.000,2018-01-01T00:00:00.000,9999-12-31T00:00:00.000,1,315c719a8b425472a5c45642b00dac66315c719a8b425472a5c45642b00dac66
347,MWR000347,305,87,393,4,8,6,Orion MaintenanceWorkRequest 347,MWR000347,1,485.3900,1,1,2026-08-24T00:00:00.000,2018-01-01T00:00:00.000,9999-12-31T00:00:00.000,1,db0075fe2e2a5249bc8ec6b80a659608db0075fe2e2a5249bc8ec6b80a659608
348,MWR000348,93,313,309,3,3,11,Pioneer MaintenanceWorkRequest 348,MWR000348,1,486.7600,1,1,2026-08-24T00:00:00.000,2018-01-01T00:00:00.000,9999-12-31T00:00:00.000,1,5c36b0239d955a6ab2d235a47a6d4c315c36b0239d955a6ab2d235a47a6d4c31
349,MWR000349,472,5,135,2,8,8,Titan MaintenanceWorkRequest 349,MWR000349,1,488.1300,1,1,2026-08-24T00:00:00.000,2018-01-01T00:00:00.000,9999-12-31T00:00:00.000,1,4374dc17eb0c5855990162e2204791384374dc17eb0c5855990162e220479138
350,MWR000350,224,120,51,1,3,12,Summit MaintenanceWorkRequest 350,MWR000350,0,489.5000,1,1,2026-08-24T00:00:00.000,2018-01-01T00:00:00.000,9999-12-31T00:00:00.000,1,06664c58da595997a5b24703e5bdb25a06664c58da595997a5b24703e5bdb25a
351,MWR000351,162,202,430,3,10,6,Quartz MaintenanceWorkRequest 351,MWR000351,1,490.8700,1,1,2026-08-24T00:00:00.000,2018-01-01T00:00:00.000,9999-12-31T00:00:00.000,1,08d8ab44bfe55594892a35e4ac150c4308d8ab44bfe55594892a35e4ac150c43
352,MWR000352,43,141,409,3,1,4,Liberty MaintenanceWorkRequest 352,MWR000352,1,492.2400,1,1,2026-08-24T00:00:00.000,2018-01-01T00:00:00.000,9999-12-31T00:00:00.000,1,36cf8766cb9452b697eb8df2f11db81836cf8766cb9452b697eb8df2f11db818
353,MWR000353,414,123,372,4,3,3,Keystone MaintenanceWorkRequest 353,MWR000353,1,493.6100,1,1,2026-08-24T00:00:00.000,2018-01-01T00:00:00.000,9999-12-31T00:00:00.000,1,0f1cab8b1d9a58a1a00c379ee92e53370f1cab8b1d9a58a1a00c379ee92e5337
354,MWR000354,105,240,273,4,11,6,Harbor MaintenanceWorkRequest 354,MWR000354,1,494.9800,1,1,2026-08-24T00:00:00.000,2018-01-01T00:00:00.000,9999-12-31T00:00:00.000,1,8d329e8934495c48841f30502164c6dd8d329e8934495c48841f30502164c6dd
355,MWR000355,230,218,364,1,1,1,Titan MaintenanceWorkRequest 355,MWR000355,0,496.3500,1,1,2026-08-24T00:00:00.000,2018-01-01T00:00:00.000,9999-12-31T00:00:00.000,1,3b07fb74e3bc576a93698192759d40f23b07fb74e3bc576a93698192759d40f2
356,MWR000356,371,115,92,1,5,7,Evergreen MaintenanceWorkRequest 356,MWR000356,1,497.7200,1,1,2026-08-24T00:00:00.000,2018-01-01T00:00:00.000,9999-12-31T00:00:00.000,1,71c1fdbe1b6b5367b6d90c2350febe9971c1fdbe1b6b5367b6d90c2350febe99
357,MWR000357,411,339,-1,3,2,8,Willow MaintenanceWorkRequest 357,MWR000357,1,499.0900,1,1,2026-08-24T00:00:00.000,2018-01-01T00:00:00.000,9999-12-31T00:00:00.000,1,686a959308175b999be7cec7f2789685686a959308175b999be7cec7f2789685
358,MWR000358,49,297,426,4,2,11,Evergreen MaintenanceWorkRequest 358,MWR000358,1,500.4600,1,1,2026-08-24T00:00:00.000,2018-01-01T00:00:00.000,9999-12-31T00:00:00.000,1,829ebb2da5155e148bb9b7f727fa545e829ebb2da5155e148bb9b7f727fa545e
359,MWR000359,415,259,442,5,6,9,Northstar MaintenanceWorkRequest 359,MWR000359,1,501.8300,1,1,2026-08-24T00:00:00.000,2018-01-01T00:00:00.000,9999-12-31T00:00:00.000,1,1b1909b77d3655099ca6709ab8e37e9e1b1909b77d3655099ca6709ab8e37e9e
360,MWR000360,102,160,263,4,4,10,Delta MaintenanceWorkRequest 360,MWR000360,0,503.2000,1,1,2026-08-24T00:00:00.000,2018-01-01T00:00:00.000,9999-12-31T00:00:00.000,1,0eba4bf7c6ab551c88e06f338b010dee0eba4bf7c6ab551c88e06f338b010dee
361,MWR000361,48,217,414,1,7,11,Ion MaintenanceWorkRequest 361,MWR000361,1,504.5700,1,1,2026-08-24T00:00:00.000,2018-01-01T00:00:00.000,9999-12-31T00:00:00.000,1,ade5d8e0b06f5f049ea15c5a6f8ed1a7ade5d8e0b06f5f049ea15c5a6f8ed1a7
362,MWR000362,44,252,53,3,7,9,Harbor MaintenanceWorkRequest 362,MWR000362,1,505.9400,1,1,2026-08-24T00:00:00.000,2018-01-01T00:00:00.000,9999-12-31T00:00:00.000,1,5f207a1619475fd8abd29d269de8fee95f207a1619475fd8abd29d269de8fee9
363,MWR000363,498,116,10,2,6,7,Meridian MaintenanceWorkRequest 363,MWR000363,1,507.3100,1,1,2026-08-24T00:00:00.000,2018-01-01T00:00:00.000,9999-12-31T00:00:00.000,1,c70623846d285deda6c1b0582cf44e9fc70623846d285deda6c1b0582cf44e9f
364,MWR000364,207,123,393,5,7,5,Orion MaintenanceWorkRequest 364,MWR000364,1,508.6800,1,1,2026-08-24T00:00:00.000,2018-01-01T00:00:00.000,9999-12-31T00:00:00.000,1,dc354025c3a25f9f9db049339d67fd97dc354025c3a25f9f9db049339d67fd97
365,MWR000365,204,15,141,5,6,1,Vertex MaintenanceWorkRequest 365,MWR000365,0,510.0500,1,1,2026-08-24T00:00:00.000,2018-01-01T00:00:00.000,9999-12-31T00:00:00.000,1,6471bcf8ceac56fa9daa7ca592a4147f6471bcf8ceac56fa9daa7ca592a4147f
366,MWR000366,86,44,60,3,12,4,Riverton MaintenanceWorkRequest 366,MWR000366,1,511.4200,1,1,2026-08-24T00:00:00.000,2018-01-01T00:00:00.000,9999-12-31T00:00:00.000,1,8d1f4195423f5663a974b8e51f5c49b98d1f4195423f5663a974b8e51f5c49b9
367,MWR000367,183,34,248,4,10,3,Northstar MaintenanceWorkRequest 367,MWR000367,1,512.7900,1,1,2026-08-24T00:00:00.000,2018-01-01T00:00:00.000,9999-12-31T00:00:00.000,1,1d438a91fc4158a392e05edcf33618071d438a91fc4158a392e05edcf3361807
368,MWR000368,260,53,298,4,7,7,Forge MaintenanceWorkRequest 368,MWR000368,1,514.1600,1,1,2026-08-24T00:00:00.000,2018-01-01T00:00:00.000,9999-12-31T00:00:00.000,1,070de24438845b9089865a1136279c90070de24438845b9089865a1136279c90
369,MWR000369,400,339,357,5,8,3,Titan MaintenanceWorkRequest 369,MWR000369,1,515.5300,1,1,2026-08-24T00:00:00.000,2018-01-01T00:00:00.000,9999-12-31T00:00:00.000,1,9d72e79df0ff57948b88e7c75d7853589d72e79df0ff57948b88e7c75d785358
370,MWR000370,356,137,23,5,3,3,Forge MaintenanceWorkRequest 370,MWR000370,0,516.9000,1,1,2026-08-24T00:00:00.000,2018-01-01T00:00:00.000,9999-12-31T00:00:00.000,1,f1a9372d936e5fd19c37a32bf7c6cd79f1a9372d936e5fd19c37a32bf7c6cd79
371,MWR000371,329,239,6,4,1,1,Ion MaintenanceWorkRequest 371,MWR000371,1,518.2700,1,1,2026-08-24T00:00:00.000,2018-01-01T00:00:00.000,9999-12-31T00:00:00.000,1,8cddea0f0e6f552398b7160789fb63648cddea0f0e6f552398b7160789fb6364
372,MWR000372,351,279,491,5,6,6,Delta MaintenanceWorkRequest 372,MWR000372,1,519.6400,1,1,2026-08-24T00:00:00.000,2018-01-01T00:00:00.000,9999-12-31T00:00:00.000,1,d3562a2762a65fc0b5f349a73910f720d3562a2762a65fc0b5f349a73910f720
373,MWR000373,472,272,260,2,11,2,Unity MaintenanceWorkRequest 373,MWR000373,1,521.0100,1,1,2026-08-24T00:00:00.000,2018-01-01T00:00:00.000,9999-12-31T00:00:00.000,1,efd5f647a911526f99a96821508dc90eefd5f647a911526f99a96821508dc90e
374,MWR000374,405,241,-1,4,12,11,Delta MaintenanceWorkRequest 374,MWR000374,1,522.3800,1,1,2026-08-24T00:00:00.000,2018-01-01T00:00:00.000,9999-12-31T00:00:00.000,1,c93b03b5cf7654cb865eb996eba640e3c93b03b5cf7654cb865eb996eba640e3
375,MWR000375,203,132,437,4,6,9,Junction MaintenanceWorkRequest 375,MWR000375,0,523.7500,1,1,2026-08-24T00:00:00.000,2018-01-01T00:00:00.000,9999-12-31T00:00:00.000,1,23af58ddfdeb5387b801bda2212cfbbd23af58ddfdeb5387b801bda2212cfbbd
376,MWR000376,113,108,78,4,12,10,Willow MaintenanceWorkRequest 376,MWR000376,1,525.1200,1,1,2026-08-24T00:00:00.000,2018-01-01T00:00:00.000,9999-12-31T00:00:00.000,1,f13beae3ddbe5d86907642337bf4811ff13beae3ddbe5d86907642337bf4811f
377,MWR000377,481,273,305,2,5,3,Forge MaintenanceWorkRequest 377,MWR000377,1,526.4900,1,1,2026-08-24T00:00:00.000,2018-01-01T00:00:00.000,9999-12-31T00:00:00.000,1,9c024b69d53859ceb5ed869c2c2d70559c024b69d53859ceb5ed869c2c2d7055
378,MWR000378,291,244,167,2,5,5,Evergreen MaintenanceWorkRequest 378,MWR000378,1,527.8600,1,1,2026-08-24T00:00:00.000,2018-01-01T00:00:00.000,9999-12-31T00:00:00.000,1,ccd6db3b0d215a689ad88ffa59c5ce5cccd6db3b0d215a689ad88ffa59c5ce5c
379,MWR000379,130,113,387,4,9,7,Pioneer MaintenanceWorkRequest 379,MWR000379,1,529.2300,1,1,2026-08-24T00:00:00.000,2018-01-01T00:00:00.000,9999-12-31T00:00:00.000,1,f1fb1852e7cc520f864b732788523237f1fb1852e7cc520f864b732788523237
380,MWR000380,202,264,241,1,2,2,Cedar MaintenanceWorkRequest 380,MWR000380,0,530.6000,1,1,2026-08-24T00:00:00.000,2018-01-01T00:00:00.000,9999-12-31T00:00:00.000,1,94f1717477f45ee9980b18cff8682db694f1717477f45ee9980b18cff8682db6
381,MWR000381,45,145,288,2,12,10,Beacon MaintenanceWorkRequest 381,MWR000381,1,531.9700,1,1,2026-08-24T00:00:00.000,2018-01-01T00:00:00.000,9999-12-31T00:00:00.000,1,22aa46aee49650ad96b9a8c8f20d3a5322aa46aee49650ad96b9a8c8f20d3a53
382,MWR000382,30,247,373,1,3,11,Forge MaintenanceWorkRequest 382,MWR000382,1,533.3400,1,1,2026-08-24T00:00:00.000,2018-01-01T00:00:00.000,9999-12-31T00:00:00.000,1,4b6795e141ab5d4c802209bfbaea37554b6795e141ab5d4c802209bfbaea3755
383,MWR000383,259,50,261,5,4,9,Junction MaintenanceWorkRequest 383,MWR000383,1,534.7100,1,1,2026-08-24T00:00:00.000,2018-01-01T00:00:00.000,9999-12-31T00:00:00.000,1,720f4bfecf835879a44789afe0e3a174720f4bfecf835879a44789afe0e3a174
384,MWR000384,175,293,240,4,2,10,Quartz MaintenanceWorkRequest 384,MWR000384,1,536.0800,1,1,2026-08-24T00:00:00.000,2018-01-01T00:00:00.000,9999-12-31T00:00:00.000,1,a6a1a70dd8bd50ef9e8898d83a63801da6a1a70dd8bd50ef9e8898d83a63801d
385,MWR000385,254,318,140,4,4,1,Harbor MaintenanceWorkRequest 385,MWR000385,0,537.4500,1,1,2026-08-24T00:00:00.000,2018-01-01T00:00:00.000,9999-12-31T00:00:00.000,1,779f58c39fd95ad1a8e5b027b79bcd3d779f58c39fd95ad1a8e5b027b79bcd3d
386,MWR000386,193,223,389,4,2,1,Unity MaintenanceWorkRequest 386,MWR000386,1,538.8200,1,1,2026-08-24T00:00:00.000,2018-01-01T00:00:00.000,9999-12-31T00:00:00.000,1,8c2fb69d00175d32825b134f0d67f9f88c2fb69d00175d32825b134f0d67f9f8
387,MWR000387,336,271,18,2,8,2,Pioneer MaintenanceWorkRequest 387,MWR000387,1,540.1900,1,1,2026-08-24T00:00:00.000,2018-01-01T00:00:00.000,9999-12-31T00:00:00.000,1,3511fb0186a95561b92ee1969abb6b723511fb0186a95561b92ee1969abb6b72
388,MWR000388,131,102,319,2,4,3,Atlas MaintenanceWorkRequest 388,MWR000388,1,541.5600,1,1,2026-08-24T00:00:00.000,2018-01-01T00:00:00.000,9999-12-31T00:00:00.000,1,8903af818d8b54968473f821397e4e7d8903af818d8b54968473f821397e4e7d
389,MWR000389,234,104,349,1,8,7,Meridian MaintenanceWorkRequest 389,MWR000389,1,542.9300,1,1,2026-08-24T00:00:00.000,2018-01-01T00:00:00.000,9999-12-31T00:00:00.000,1,7bfbffa4e4c059a58f90feea3dc2ec967bfbffa4e4c059a58f90feea3dc2ec96
390,MWR000390,348,54,218,3,4,5,Willow MaintenanceWorkRequest 390,MWR000390,0,544.3000,1,1,2026-08-24T00:00:00.000,2018-01-01T00:00:00.000,9999-12-31T00:00:00.000,1,a329680479865540ac10465493cc9fc8a329680479865540ac10465493cc9fc8
391,MWR000391,314,59,-1,1,5,3,Granite MaintenanceWorkRequest 391,MWR000391,1,545.6700,1,1,2026-08-24T00:00:00.000,2018-01-01T00:00:00.000,9999-12-31T00:00:00.000,1,a24a792cadd2521c997a35d6284aa2eba24a792cadd2521c997a35d6284aa2eb
392,MWR000392,105,75,226,2,5,11,Unity MaintenanceWorkRequest 392,MWR000392,1,547.0400,1,1,2026-08-24T00:00:00.000,2018-01-01T00:00:00.000,9999-12-31T00:00:00.000,1,196b55619cac5f159e15292af11cc105196b55619cac5f159e15292af11cc105
393,MWR000393,389,38,92,3,11,10,Granite MaintenanceWorkRequest 393,MWR000393,1,548.4100,1,1,2026-08-24T00:00:00.000,2018-01-01T00:00:00.000,9999-12-31T00:00:00.000,1,ca525cbe7b155431a21c919675abcc66ca525cbe7b155431a21c919675abcc66
394,MWR000394,315,249,171,4,8,5,Willow MaintenanceWorkRequest 394,MWR000394,1,549.7800,1,1,2026-08-24T00:00:00.000,2018-01-01T00:00:00.000,9999-12-31T00:00:00.000,1,2e4dc0ce06fb55efb21e022fee8be5d92e4dc0ce06fb55efb21e022fee8be5d9
395,MWR000395,171,1,439,3,3,12,Beacon MaintenanceWorkRequest 395,MWR000395,0,551.1500,1,1,2026-08-24T00:00:00.000,2018-01-01T00:00:00.000,9999-12-31T00:00:00.000,1,7be047e2ac8e50eea90cfa41a5dd25a57be047e2ac8e50eea90cfa41a5dd25a5
396,MWR000396,399,154,182,3,10,12,Vertex MaintenanceWorkRequest 396,MWR000396,1,552.5200,1,1,2026-08-24T00:00:00.000,2018-01-01T00:00:00.000,9999-12-31T00:00:00.000,1,8b4ee5e04def57e38dbdd1b42177608f8b4ee5e04def57e38dbdd1b42177608f
397,MWR000397,334,327,84,2,10,11,Atlas MaintenanceWorkRequest 397,MWR000397,1,553.8900,1,1,2026-08-24T00:00:00.000,2018-01-01T00:00:00.000,9999-12-31T00:00:00.000,1,c4194cdd08715aefb02873b89c953cfec4194cdd08715aefb02873b89c953cfe
398,MWR000398,77,10,398,1,4,2,Granite MaintenanceWorkRequest 398,MWR000398,1,555.2600,1,1,2026-08-24T00:00:00.000,2018-01-01T00:00:00.000,9999-12-31T00:00:00.000,1,a9bef74f48c45115934084411b326953a9bef74f48c45115934084411b326953
399,MWR000399,43,112,86,2,5,3,Granite MaintenanceWorkRequest 399,MWR000399,1,556.6300,1,1,2026-08-24T00:00:00.000,2018-01-01T00:00:00.000,9999-12-31T00:00:00.000,1,a367413ac8315420803b6c1e2f27c0aca367413ac8315420803b6c1e2f27c0ac
400,MWR000400,87,147,27,2,4,7,Northstar MaintenanceWorkRequest 400,MWR000400,0,558.0000,1,1,2026-08-24T00:00:00.000,2018-01-01T00:00:00.000,9999-12-31T00:00:00.000,1,cba2683cb997536d922ec016d1c7c5d9cba2683cb997536d922ec016d1c7c5d9
401,MWR000401,168,17,395,3,8,4,Titan MaintenanceWorkRequest 401,MWR000401,1,559.3700,1,1,2026-08-24T00:00:00.000,2018-01-01T00:00:00.000,9999-12-31T00:00:00.000,1,40cfb6c2fde451e19633b475e34151ea40cfb6c2fde451e19633b475e34151ea
402,MWR000402,295,165,349,3,3,5,Willow MaintenanceWorkRequest 402,MWR000402,1,560.7400,1,1,2026-08-24T00:00:00.000,2018-01-01T00:00:00.000,9999-12-31T00:00:00.000,1,1e2f2466efb4529d8b017cad68e76de11e2f2466efb4529d8b017cad68e76de1
403,MWR000403,188,64,469,3,11,3,Keystone MaintenanceWorkRequest 403,MWR000403,1,562.1100,1,1,2026-08-24T00:00:00.000,2018-01-01T00:00:00.000,9999-12-31T00:00:00.000,1,ac1ae30342e95610a7d5e406084b3078ac1ae30342e95610a7d5e406084b3078
404,MWR000404,107,316,185,1,9,2,Cedar MaintenanceWorkRequest 404,MWR000404,1,563.4800,1,1,2026-08-24T00:00:00.000,2018-01-01T00:00:00.000,9999-12-31T00:00:00.000,1,86ade48d33ac5a1aa3f6699df126966686ade48d33ac5a1aa3f6699df1269666
405,MWR000405,408,255,183,5,9,8,Atlas MaintenanceWorkRequest 405,MWR000405,0,564.8500,1,1,2026-08-24T00:00:00.000,2018-01-01T00:00:00.000,9999-12-31T00:00:00.000,1,6d0e6f2d59be5226a7a00a6fcd11df206d0e6f2d59be5226a7a00a6fcd11df20
406,MWR000406,39,311,81,1,5,2,Quartz MaintenanceWorkRequest 406,MWR000406,1,566.2200,1,1,2026-08-24T00:00:00.000,2018-01-01T00:00:00.000,9999-12-31T00:00:00.000,1,e99268ea4e8e572f94d3c51d1fa32ab6e99268ea4e8e572f94d3c51d1fa32ab6
407,MWR000407,425,95,146,2,3,2,Quartz MaintenanceWorkRequest 407,MWR000407,1,567.5900,1,1,2026-08-24T00:00:00.000,2018-01-01T00:00:00.000,9999-12-31T00:00:00.000,1,8ba0e31691d0529cb66c8cffce4de7c58ba0e31691d0529cb66c8cffce4de7c5
408,MWR000408,258,222,-1,2,4,6,Harbor MaintenanceWorkRequest 408,MWR000408,1,568.9600,1,1,2026-08-24T00:00:00.000,2018-01-01T00:00:00.000,9999-12-31T00:00:00.000,1,46a3f837d783556bb4bcb8f0118f415846a3f837d783556bb4bcb8f0118f4158
409,MWR000409,237,243,395,1,3,11,Evergreen MaintenanceWorkRequest 409,MWR000409,1,570.3300,1,1,2026-08-24T00:00:00.000,2018-01-01T00:00:00.000,9999-12-31T00:00:00.000,1,7f2b7da8be445aa59b8b59ae54336d047f2b7da8be445aa59b8b59ae54336d04
410,MWR000410,490,238,293,5,6,2,Beacon MaintenanceWorkRequest 410,MWR000410,0,571.7000,1,1,2026-08-24T00:00:00.000,2018-01-01T00:00:00.000,9999-12-31T00:00:00.000,1,016d8554302052948be8996fdfa91423016d8554302052948be8996fdfa91423
411,MWR000411,28,130,15,3,10,1,Orion MaintenanceWorkRequest 411,MWR000411,1,573.0700,1,1,2026-08-24T00:00:00.000,2018-01-01T00:00:00.000,9999-12-31T00:00:00.000,1,84c044f036ce50e18c60deda3ff0025384c044f036ce50e18c60deda3ff00253
412,MWR000412,360,115,161,4,5,6,Willow MaintenanceWorkRequest 412,MWR000412,1,574.4400,1,1,2026-08-24T00:00:00.000,2018-01-01T00:00:00.000,9999-12-31T00:00:00.000,1,d2476f0baf3d57118ad661bfbb061100d2476f0baf3d57118ad661bfbb061100
413,MWR000413,22,144,294,4,11,4,Delta MaintenanceWorkRequest 413,MWR000413,1,575.8100,1,1,2026-08-24T00:00:00.000,2018-01-01T00:00:00.000,9999-12-31T00:00:00.000,1,0cdc72960734532888361f3ff3f21e660cdc72960734532888361f3ff3f21e66
414,MWR000414,263,41,379,5,6,2,Summit MaintenanceWorkRequest 414,MWR000414,1,577.1800,1,1,2026-08-24T00:00:00.000,2018-01-01T00:00:00.000,9999-12-31T00:00:00.000,1,af464ef86b0f5eb68520f8eb7874e2adaf464ef86b0f5eb68520f8eb7874e2ad
415,MWR000415,491,187,40,1,8,8,Junction MaintenanceWorkRequest 415,MWR000415,0,578.5500,1,1,2026-08-24T00:00:00.000,2018-01-01T00:00:00.000,9999-12-31T00:00:00.000,1,1fae0a2a71bb57f69b6ef76168b78ff31fae0a2a71bb57f69b6ef76168b78ff3
416,MWR000416,6,172,498,1,10,5,Willow MaintenanceWorkRequest 416,MWR000416,1,579.9200,1,1,2026-08-24T00:00:00.000,2018-01-01T00:00:00.000,9999-12-31T00:00:00.000,1,2ffe75f8d1c5550ebef2ea2ab5c4427b2ffe75f8d1c5550ebef2ea2ab5c4427b
417,MWR000417,233,256,165,5,5,8,Orion MaintenanceWorkRequest 417,MWR000417,1,581.2900,1,1,2026-08-24T00:00:00.000,2018-01-01T00:00:00.000,9999-12-31T00:00:00.000,1,08b0fbefb1765fbd97d7633090e8364f08b0fbefb1765fbd97d7633090e8364f
418,MWR000418,67,138,267,5,1,7,Meridian MaintenanceWorkRequest 418,MWR000418,1,582.6600,1,1,2026-08-24T00:00:00.000,2018-01-01T00:00:00.000,9999-12-31T00:00:00.000,1,f47549ca3429516a8da4879379b35c64f47549ca3429516a8da4879379b35c64
419,MWR000419,342,101,479,4,12,7,Atlas MaintenanceWorkRequest 419,MWR000419,1,584.0300,1,1,2026-08-24T00:00:00.000,2018-01-01T00:00:00.000,9999-12-31T00:00:00.000,1,368707d76a0457379dde86debd4e2983368707d76a0457379dde86debd4e2983
420,MWR000420,137,142,141,2,5,5,Summit MaintenanceWorkRequest 420,MWR000420,0,585.4000,1,1,2026-08-24T00:00:00.000,2018-01-01T00:00:00.000,9999-12-31T00:00:00.000,1,5334bb151a255733bab4b5fc30e042265334bb151a255733bab4b5fc30e04226
421,MWR000421,307,333,134,5,4,12,Orion MaintenanceWorkRequest 421,MWR000421,1,586.7700,1,1,2026-08-24T00:00:00.000,2018-01-01T00:00:00.000,9999-12-31T00:00:00.000,1,05086ea9c38458bbb2b9fc5aee726b8405086ea9c38458bbb2b9fc5aee726b84
422,MWR000422,187,219,372,2,8,3,Liberty MaintenanceWorkRequest 422,MWR000422,1,588.1400,1,1,2026-08-24T00:00:00.000,2018-01-01T00:00:00.000,9999-12-31T00:00:00.000,1,647c0670feb052bb8bb586cdc8d31126647c0670feb052bb8bb586cdc8d31126
423,MWR000423,410,47,390,3,12,1,Granite MaintenanceWorkRequest 423,MWR000423,1,589.5100,1,1,2026-08-24T00:00:00.000,2018-01-01T00:00:00.000,9999-12-31T00:00:00.000,1,79181a99c0f65653843077177ebe120179181a99c0f65653843077177ebe1201
424,MWR000424,48,26,387,4,3,11,Cedar MaintenanceWorkRequest 424,MWR000424,1,590.8800,1,1,2026-08-24T00:00:00.000,2018-01-01T00:00:00.000,9999-12-31T00:00:00.000,1,634af465f8e75536885a6bcf7232f5be634af465f8e75536885a6bcf7232f5be
425,MWR000425,364,176,-1,1,11,2,Keystone MaintenanceWorkRequest 425,MWR000425,0,592.2500,1,1,2026-08-24T00:00:00.000,2018-01-01T00:00:00.000,9999-12-31T00:00:00.000,1,69c409f5b9dd5daba4f8c0ae0e509b9969c409f5b9dd5daba4f8c0ae0e509b99
426,MWR000426,179,45,351,3,4,9,Atlas MaintenanceWorkRequest 426,MWR000426,1,593.6200,1,1,2026-08-24T00:00:00.000,2018-01-01T00:00:00.000,9999-12-31T00:00:00.000,1,58c99b9b453056288e677063cc0c457658c99b9b453056288e677063cc0c4576
427,MWR000427,175,147,459,5,10,10,Pioneer MaintenanceWorkRequest 427,MWR000427,1,594.9900,1,1,2026-08-24T00:00:00.000,2018-01-01T00:00:00.000,9999-12-31T00:00:00.000,1,41bb92590c3c5526bd2af04efbc31acb41bb92590c3c5526bd2af04efbc31acb
428,MWR000428,375,122,38,5,1,11,Quartz MaintenanceWorkRequest 428,MWR000428,1,596.3600,1,1,2026-08-24T00:00:00.000,2018-01-01T00:00:00.000,9999-12-31T00:00:00.000,1,a65e4b6b6c0f556a9ba393a5805c6b1ea65e4b6b6c0f556a9ba393a5805c6b1e
429,MWR000429,180,176,163,2,7,1,Meridian MaintenanceWorkRequest 429,MWR000429,1,597.7300,1,1,2026-08-24T00:00:00.000,2018-01-01T00:00:00.000,9999-12-31T00:00:00.000,1,d89dc31f15b95b89a6ebb9b8bd525210d89dc31f15b95b89a6ebb9b8bd525210
430,MWR000430,379,62,436,5,12,4,Quartz MaintenanceWorkRequest 430,MWR000430,0,599.1000,1,1,2026-08-24T00:00:00.000,2018-01-01T00:00:00.000,9999-12-31T00:00:00.000,1,8f249d21f19250319238663d9741036f8f249d21f19250319238663d9741036f
431,MWR000431,92,58,194,3,7,8,Delta MaintenanceWorkRequest 431,MWR000431,1,600.4700,1,1,2026-08-24T00:00:00.000,2018-01-01T00:00:00.000,9999-12-31T00:00:00.000,1,134cde17418550ff8eda346fdda43e09134cde17418550ff8eda346fdda43e09
432,MWR000432,192,122,365,4,9,11,Unity MaintenanceWorkRequest 432,MWR000432,1,601.8400,1,1,2026-08-24T00:00:00.000,2018-01-01T00:00:00.000,9999-12-31T00:00:00.000,1,c2bcc4e4c5f15c61a8c4bb611a1931ebc2bcc4e4c5f15c61a8c4bb611a1931eb
433,MWR000433,75,145,225,1,2,1,Quartz MaintenanceWorkRequest 433,MWR000433,1,603.2100,1,1,2026-08-24T00:00:00.000,2018-01-01T00:00:00.000,9999-12-31T00:00:00.000,1,ce3135904d5951589ee5b6206b5ed464ce3135904d5951589ee5b6206b5ed464
434,MWR000434,70,335,332,2,3,3,Cedar MaintenanceWorkRequest 434,MWR000434,1,604.5800,1,1,2026-08-24T00:00:00.000,2018-01-01T00:00:00.000,9999-12-31T00:00:00.000,1,85558c8eb89952ffa0e82c2f5e7087a985558c8eb89952ffa0e82c2f5e7087a9
435,MWR000435,109,296,49,2,12,4,Meridian MaintenanceWorkRequest 435,MWR000435,0,605.9500,1,1,2026-08-24T00:00:00.000,2018-01-01T00:00:00.000,9999-12-31T00:00:00.000,1,48a76fb2c9d659d89d8e34ef51d3076a48a76fb2c9d659d89d8e34ef51d3076a
436,MWR000436,329,232,54,1,9,8,Meridian MaintenanceWorkRequest 436,MWR000436,1,607.3200,1,1,2026-08-24T00:00:00.000,2018-01-01T00:00:00.000,9999-12-31T00:00:00.000,1,e1a6c58da37959bf991ad9869047afe8e1a6c58da37959bf991ad9869047afe8
437,MWR000437,219,216,9,3,7,4,Unity MaintenanceWorkRequest 437,MWR000437,1,608.6900,1,1,2026-08-24T00:00:00.000,2018-01-01T00:00:00.000,9999-12-31T00:00:00.000,1,62c8ac55eda554b49ba2eccafc52f51262c8ac55eda554b49ba2eccafc52f512
438,MWR000438,135,72,389,3,11,4,Forge MaintenanceWorkRequest 438,MWR000438,1,610.0600,1,1,2026-08-24T00:00:00.000,2018-01-01T00:00:00.000,9999-12-31T00:00:00.000,1,b84b6b98af945c8b9c3b54828726b8eeb84b6b98af945c8b9c3b54828726b8ee
439,MWR000439,411,264,320,2,4,11,Cedar MaintenanceWorkRequest 439,MWR000439,1,611.4300,1,1,2026-08-24T00:00:00.000,2018-01-01T00:00:00.000,9999-12-31T00:00:00.000,1,821a53e99eba5d519a1b61e323a76bf8821a53e99eba5d519a1b61e323a76bf8
440,MWR000440,470,58,65,1,4,1,Meridian MaintenanceWorkRequest 440,MWR000440,0,612.8000,1,1,2026-08-24T00:00:00.000,2018-01-01T00:00:00.000,9999-12-31T00:00:00.000,1,dccae4af36a85869a89aad618f42d6ecdccae4af36a85869a89aad618f42d6ec
441,MWR000441,210,28,310,1,4,2,Riverton MaintenanceWorkRequest 441,MWR000441,1,614.1700,1,1,2026-08-24T00:00:00.000,2018-01-01T00:00:00.000,9999-12-31T00:00:00.000,1,c2221e6e0faa54a19617f36dd0fc9a6ac2221e6e0faa54a19617f36dd0fc9a6a
442,MWR000442,205,95,-1,1,1,7,Unity MaintenanceWorkRequest 442,MWR000442,1,615.5400,1,1,2026-08-24T00:00:00.000,2018-01-01T00:00:00.000,9999-12-31T00:00:00.000,1,787601c31aaf5638a44bd80f0cdc9161787601c31aaf5638a44bd80f0cdc9161
443,MWR000443,117,171,305,3,10,3,Liberty MaintenanceWorkRequest 443,MWR000443,1,616.9100,1,1,2026-08-24T00:00:00.000,2018-01-01T00:00:00.000,9999-12-31T00:00:00.000,1,3086e537c7f9579f931fcad7928412933086e537c7f9579f931fcad792841293
444,MWR000444,440,106,492,1,12,12,Titan MaintenanceWorkRequest 444,MWR000444,1,618.2800,1,1,2026-08-24T00:00:00.000,2018-01-01T00:00:00.000,9999-12-31T00:00:00.000,1,f1734153df3d5afbaaf0a700971c3e2ff1734153df3d5afbaaf0a700971c3e2f
445,MWR000445,349,323,156,4,1,7,Atlas MaintenanceWorkRequest 445,MWR000445,0,619.6500,1,1,2026-08-24T00:00:00.000,2018-01-01T00:00:00.000,9999-12-31T00:00:00.000,1,203a352b5a6059959b60d11b182a916e203a352b5a6059959b60d11b182a916e
446,MWR000446,443,181,65,2,12,11,Titan MaintenanceWorkRequest 446,MWR000446,1,621.0200,1,1,2026-08-24T00:00:00.000,2018-01-01T00:00:00.000,9999-12-31T00:00:00.000,1,4dee2b7dcf3f5ef4bf5af69d688476254dee2b7dcf3f5ef4bf5af69d68847625
447,MWR000447,35,190,372,3,9,4,Delta MaintenanceWorkRequest 447,MWR000447,1,622.3900,1,1,2026-08-24T00:00:00.000,2018-01-01T00:00:00.000,9999-12-31T00:00:00.000,1,a27a677435f8532597c8ee0908a77acea27a677435f8532597c8ee0908a77ace
448,MWR000448,211,136,109,5,7,9,Atlas MaintenanceWorkRequest 448,MWR000448,1,623.7600,1,1,2026-08-24T00:00:00.000,2018-01-01T00:00:00.000,9999-12-31T00:00:00.000,1,7b2a7807ebba58b78b4d926bda30909c7b2a7807ebba58b78b4d926bda30909c
449,MWR000449,406,240,313,3,3,8,Pioneer MaintenanceWorkRequest 449,MWR000449,1,625.1300,1,1,2026-08-24T00:00:00.000,2018-01-01T00:00:00.000,9999-12-31T00:00:00.000,1,1b2e9ec752c15b6f934e2222801c6ba81b2e9ec752c15b6f934e2222801c6ba8
450,MWR000450,141,120,393,5,4,3,Keystone MaintenanceWorkRequest 450,MWR000450,0,626.5000,1,1,2026-08-24T00:00:00.000,2018-01-01T00:00:00.000,9999-12-31T00:00:00.000,1,07a9c06a878953ab977dffeb037ec07207a9c06a878953ab977dffeb037ec072
451,MWR000451,78,60,4,4,9,1,Summit MaintenanceWorkRequest 451,MWR000451,1,627.8700,1,1,2026-08-24T00:00:00.000,2018-01-01T00:00:00.000,9999-12-31T00:00:00.000,1,73ef4bc6c72f56f4b5576678e55f427c73ef4bc6c72f56f4b5576678e55f427c
452,MWR000452,286,203,57,1,9,7,Quartz MaintenanceWorkRequest 452,MWR000452,1,629.2400,1,1,2026-08-24T00:00:00.000,2018-01-01T00:00:00.000,9999-12-31T00:00:00.000,1,4e5fd41a1d3651bc93f993cfdb0a6ece4e5fd41a1d3651bc93f993cfdb0a6ece
453,MWR000453,208,320,48,3,12,5,Meridian MaintenanceWorkRequest 453,MWR000453,1,630.6100,1,1,2026-08-24T00:00:00.000,2018-01-01T00:00:00.000,9999-12-31T00:00:00.000,1,4c9ce24121a4541ba05e8c265f8cfb684c9ce24121a4541ba05e8c265f8cfb68
454,MWR000454,306,303,65,2,10,6,Unity MaintenanceWorkRequest 454,MWR000454,1,631.9800,1,1,2026-08-24T00:00:00.000,2018-01-01T00:00:00.000,9999-12-31T00:00:00.000,1,1db6929a5e405cc9bc0776eaea92b6931db6929a5e405cc9bc0776eaea92b693
455,MWR000455,44,75,226,5,11,4,Riverton MaintenanceWorkRequest 455,MWR000455,0,633.3500,1,1,2026-08-24T00:00:00.000,2018-01-01T00:00:00.000,9999-12-31T00:00:00.000,1,3f879603213a58c0bccf4526a97893013f879603213a58c0bccf4526a9789301
456,MWR000456,75,184,375,4,11,9,Quartz MaintenanceWorkRequest 456,MWR000456,1,634.7200,1,1,2026-08-24T00:00:00.000,2018-01-01T00:00:00.000,9999-12-31T00:00:00.000,1,9d422fe92fc85bbe9c0e7492007ba1f49d422fe92fc85bbe9c0e7492007ba1f4
457,MWR000457,172,231,251,1,12,12,Junction MaintenanceWorkRequest 457,MWR000457,1,636.0900,1,1,2026-08-24T00:00:00.000,2018-01-01T00:00:00.000,9999-12-31T00:00:00.000,1,b86e81fc75775708bfa0be563e0b28e4b86e81fc75775708bfa0be563e0b28e4
458,MWR000458,208,330,461,3,8,7,Riverton MaintenanceWorkRequest 458,MWR000458,1,637.4600,1,1,2026-08-24T00:00:00.000,2018-01-01T00:00:00.000,9999-12-31T00:00:00.000,1,bfd3e24f793d5b22af64db785320c870bfd3e24f793d5b22af64db785320c870
459,MWR000459,445,283,-1,3,10,1,Vertex MaintenanceWorkRequest 459,MWR000459,1,638.8300,1,1,2026-08-24T00:00:00.000,2018-01-01T00:00:00.000,9999-12-31T00:00:00.000,1,bd9764f55edc5f9faf5401b5f7c3e572bd9764f55edc5f9faf5401b5f7c3e572
460,MWR000460,334,32,338,3,3,9,Meridian MaintenanceWorkRequest 460,MWR000460,0,640.2000,1,1,2026-08-24T00:00:00.000,2018-01-01T00:00:00.000,9999-12-31T00:00:00.000,1,0f1e4ac8b3075f1a9faf94f9ba07fa720f1e4ac8b3075f1a9faf94f9ba07fa72
461,MWR000461,275,290,468,3,4,11,Willow MaintenanceWorkRequest 461,MWR000461,1,641.5700,1,1,2026-08-24T00:00:00.000,2018-01-01T00:00:00.000,9999-12-31T00:00:00.000,1,17418d8fd76c5536a4a8a5a2ddef025b17418d8fd76c5536a4a8a5a2ddef025b
462,MWR000462,227,236,231,5,2,11,Unity MaintenanceWorkRequest 462,MWR000462,1,642.9400,1,1,2026-08-24T00:00:00.000,2018-01-01T00:00:00.000,9999-12-31T00:00:00.000,1,a42ccebf442e53449208a902ed6228c9a42ccebf442e53449208a902ed6228c9
463,MWR000463,22,104,51,2,12,4,Summit MaintenanceWorkRequest 463,MWR000463,1,644.3100,1,1,2026-08-24T00:00:00.000,2018-01-01T00:00:00.000,9999-12-31T00:00:00.000,1,585b63e23e2a58f8a33fb295783c8d05585b63e23e2a58f8a33fb295783c8d05
464,MWR000464,177,325,494,5,6,5,Zenith MaintenanceWorkRequest 464,MWR000464,1,645.6800,1,1,2026-08-24T00:00:00.000,2018-01-01T00:00:00.000,9999-12-31T00:00:00.000,1,b658f74b662156c7ae4340aac8c95f31b658f74b662156c7ae4340aac8c95f31
465,MWR000465,343,241,167,2,4,10,Delta MaintenanceWorkRequest 465,MWR000465,0,647.0500,1,1,2026-08-24T00:00:00.000,2018-01-01T00:00:00.000,9999-12-31T00:00:00.000,1,f5185ce0d3715fb082b9d80cc760cb41f5185ce0d3715fb082b9d80cc760cb41
466,MWR000466,262,43,92,4,10,9,Cedar MaintenanceWorkRequest 466,MWR000466,1,648.4200,1,1,2026-08-24T00:00:00.000,2018-01-01T00:00:00.000,9999-12-31T00:00:00.000,1,6fa766ae126b5660b386529579ba865f6fa766ae126b5660b386529579ba865f
467,MWR000467,267,42,276,2,7,10,Orion MaintenanceWorkRequest 467,MWR000467,1,649.7900,1,1,2026-08-24T00:00:00.000,2018-01-01T00:00:00.000,9999-12-31T00:00:00.000,1,5ad4537e465655538bf9f4ff7ffb896d5ad4537e465655538bf9f4ff7ffb896d
468,MWR000468,267,103,478,4,5,4,Keystone MaintenanceWorkRequest 468,MWR000468,1,651.1600,1,1,2026-08-24T00:00:00.000,2018-01-01T00:00:00.000,9999-12-31T00:00:00.000,1,f119941fe7e650629cce0df860dc81e5f119941fe7e650629cce0df860dc81e5
469,MWR000469,439,249,453,4,2,9,Vertex MaintenanceWorkRequest 469,MWR000469,1,652.5300,1,1,2026-08-24T00:00:00.000,2018-01-01T00:00:00.000,9999-12-31T00:00:00.000,1,c60e2c539a4655ea95dedfa0e2b1afd8c60e2c539a4655ea95dedfa0e2b1afd8
470,MWR000470,392,157,63,2,2,9,Summit MaintenanceWorkRequest 470,MWR000470,0,653.9000,1,1,2026-08-24T00:00:00.000,2018-01-01T00:00:00.000,9999-12-31T00:00:00.000,1,22feeeae701056adba0a4c6aa5c341c122feeeae701056adba0a4c6aa5c341c1
471,MWR000471,147,299,42,1,7,10,Quartz MaintenanceWorkRequest 471,MWR000471,1,655.2700,1,1,2026-08-24T00:00:00.000,2018-01-01T00:00:00.000,9999-12-31T00:00:00.000,1,464667928fb55d6f8d555230e870a00f464667928fb55d6f8d555230e870a00f
472,MWR000472,368,307,355,5,8,1,Evergreen MaintenanceWorkRequest 472,MWR000472,1,656.6400,1,1,2026-08-24T00:00:00.000,2018-01-01T00:00:00.000,9999-12-31T00:00:00.000,1,f97579d5ff9d5a8693e0ee3c9d548c92f97579d5ff9d5a8693e0ee3c9d548c92
473,MWR000473,162,27,11,4,8,8,Zenith MaintenanceWorkRequest 473,MWR000473,1,658.0100,1,1,2026-08-24T00:00:00.000,2018-01-01T00:00:00.000,9999-12-31T00:00:00.000,1,43271ec8da6b5439a768f11e2bf0e38943271ec8da6b5439a768f11e2bf0e389
474,MWR000474,419,96,152,5,12,10,Orion MaintenanceWorkRequest 474,MWR000474,1,659.3800,1,1,2026-08-24T00:00:00.000,2018-01-01T00:00:00.000,9999-12-31T00:00:00.000,1,d7ddd2afc6a55591af1b1111592126b0d7ddd2afc6a55591af1b1111592126b0
475,MWR000475,136,206,22,1,4,8,Willow MaintenanceWorkRequest 475,MWR000475,0,660.7500,1,1,2026-08-24T00:00:00.000,2018-01-01T00:00:00.000,9999-12-31T00:00:00.000,1,f4f0339d1ed25eb1815ac87793e475a1f4f0339d1ed25eb1815ac87793e475a1
476,MWR000476,15,302,-1,3,3,6,Cedar MaintenanceWorkRequest 476,MWR000476,1,662.1200,1,1,2026-08-24T00:00:00.000,2018-01-01T00:00:00.000,9999-12-31T00:00:00.000,1,0d91186c9338547d908e8830aa59f7ee0d91186c9338547d908e8830aa59f7ee
477,MWR000477,123,130,426,3,6,2,Quartz MaintenanceWorkRequest 477,MWR000477,1,663.4900,1,1,2026-08-24T00:00:00.000,2018-01-01T00:00:00.000,9999-12-31T00:00:00.000,1,b3dc1682297351c99879cb3b5e61524db3dc1682297351c99879cb3b5e61524d
478,MWR000478,322,244,22,5,9,12,Pioneer MaintenanceWorkRequest 478,MWR000478,1,664.8600,1,1,2026-08-24T00:00:00.000,2018-01-01T00:00:00.000,9999-12-31T00:00:00.000,1,bb594900f1555094b6e99ed09093a607bb594900f1555094b6e99ed09093a607
479,MWR000479,303,296,241,5,8,7,Quartz MaintenanceWorkRequest 479,MWR000479,1,666.2300,1,1,2026-08-24T00:00:00.000,2018-01-01T00:00:00.000,9999-12-31T00:00:00.000,1,3ec2d57b7a25515fb96ef106d4bbc2f93ec2d57b7a25515fb96ef106d4bbc2f9
480,MWR000480,21,277,105,1,5,3,Riverton MaintenanceWorkRequest 480,MWR000480,0,667.6000,1,1,2026-08-24T00:00:00.000,2018-01-01T00:00:00.000,9999-12-31T00:00:00.000,1,c34789e117b25af6986b4b14e19f5312c34789e117b25af6986b4b14e19f5312
481,MWR000481,314,317,326,4,2,9,Harbor MaintenanceWorkRequest 481,MWR000481,1,668.9700,1,1,2026-08-24T00:00:00.000,2018-01-01T00:00:00.000,9999-12-31T00:00:00.000,1,04ee4f536aa351a8807e72861026b25e04ee4f536aa351a8807e72861026b25e
482,MWR000482,474,119,181,3,3,5,Meridian MaintenanceWorkRequest 482,MWR000482,1,670.3400,1,1,2026-08-24T00:00:00.000,2018-01-01T00:00:00.000,9999-12-31T00:00:00.000,1,9282d57680bb5d8eb235649f908c788e9282d57680bb5d8eb235649f908c788e
483,MWR000483,306,225,389,2,3,10,Summit MaintenanceWorkRequest 483,MWR000483,1,671.7100,1,1,2026-08-24T00:00:00.000,2018-01-01T00:00:00.000,9999-12-31T00:00:00.000,1,97bed43c83755a369bf0cf153bad24c297bed43c83755a369bf0cf153bad24c2
484,MWR000484,191,88,13,2,9,4,Vertex MaintenanceWorkRequest 484,MWR000484,1,673.0800,1,1,2026-08-24T00:00:00.000,2018-01-01T00:00:00.000,9999-12-31T00:00:00.000,1,d631e5e7aef65154872ca6ec92adaa08d631e5e7aef65154872ca6ec92adaa08
485,MWR000485,207,216,124,2,8,3,Vertex MaintenanceWorkRequest 485,MWR000485,0,674.4500,1,1,2026-08-24T00:00:00.000,2018-01-01T00:00:00.000,9999-12-31T00:00:00.000,1,87517c5c913f52d59ce2492d8aef4c3f87517c5c913f52d59ce2492d8aef4c3f
486,MWR000486,169,22,235,2,5,2,Northstar MaintenanceWorkRequest 486,MWR000486,1,675.8200,1,1,2026-08-24T00:00:00.000,2018-01-01T00:00:00.000,9999-12-31T00:00:00.000,1,feec91096e8b5c96bf5bd7f2ade477f4feec91096e8b5c96bf5bd7f2ade477f4
487,MWR000487,198,248,114,1,10,4,Pioneer MaintenanceWorkRequest 487,MWR000487,1,677.1900,1,1,2026-08-24T00:00:00.000,2018-01-01T00:00:00.000,9999-12-31T00:00:00.000,1,85250c7cfd1e5976a13fad2184a3bb3385250c7cfd1e5976a13fad2184a3bb33
488,MWR000488,318,96,408,5,4,1,Orion MaintenanceWorkRequest 488,MWR000488,1,678.5600,1,1,2026-08-24T00:00:00.000,2018-01-01T00:00:00.000,9999-12-31T00:00:00.000,1,b0e5450f13bf5470b53a7d771044af73b0e5450f13bf5470b53a7d771044af73
489,MWR000489,365,189,157,3,9,2,Unity MaintenanceWorkRequest 489,MWR000489,1,679.9300,1,1,2026-08-24T00:00:00.000,2018-01-01T00:00:00.000,9999-12-31T00:00:00.000,1,7f2fa762f1ce5b7b8580e11c9656b9327f2fa762f1ce5b7b8580e11c9656b932
490,MWR000490,134,255,477,2,3,1,Atlas MaintenanceWorkRequest 490,MWR000490,0,681.3000,1,1,2026-08-24T00:00:00.000,2018-01-01T00:00:00.000,9999-12-31T00:00:00.000,1,9f4fc3206b165088b2b4b5420a47b3f59f4fc3206b165088b2b4b5420a47b3f5
491,MWR000491,397,126,408,2,2,5,Junction MaintenanceWorkRequest 491,MWR000491,1,682.6700,1,1,2026-08-24T00:00:00.000,2018-01-01T00:00:00.000,9999-12-31T00:00:00.000,1,b3d750d71f8558869f42c0d4d117cb73b3d750d71f8558869f42c0d4d117cb73
492,MWR000492,23,97,263,1,9,9,Orion MaintenanceWorkRequest 492,MWR000492,1,684.0400,1,1,2026-08-24T00:00:00.000,2018-01-01T00:00:00.000,9999-12-31T00:00:00.000,1,1799391c21925074b6d57ec8310f9f6b1799391c21925074b6d57ec8310f9f6b
493,MWR000493,494,287,-1,3,6,7,Meridian MaintenanceWorkRequest 493,MWR000493,1,685.4100,1,1,2026-08-24T00:00:00.000,2018-01-01T00:00:00.000,9999-12-31T00:00:00.000,1,44bb584257d05bd49a4a3377f6f74e8744bb584257d05bd49a4a3377f6f74e87
494,MWR000494,239,298,107,2,3,2,Willow MaintenanceWorkRequest 494,MWR000494,1,686.7800,1,1,2026-08-24T00:00:00.000,2018-01-01T00:00:00.000,9999-12-31T00:00:00.000,1,c4ef3f0751775f0cb2ad1256a755be0cc4ef3f0751775f0cb2ad1256a755be0c
495,MWR000495,289,267,477,2,12,2,Forge MaintenanceWorkRequest 495,MWR000495,0,688.1500,1,1,2026-08-24T00:00:00.000,2018-01-01T00:00:00.000,9999-12-31T00:00:00.000,1,e74ddeae387853898f62c205a51de974e74ddeae387853898f62c205a51de974
496,MWR000496,497,131,135,5,11,4,Beacon MaintenanceWorkRequest 496,MWR000496,1,689.5200,1,1,2026-08-24T00:00:00.000,2018-01-01T00:00:00.000,9999-12-31T00:00:00.000,1,93b948a5985d589cbc30b836413ca9f393b948a5985d589cbc30b836413ca9f3
497,MWR000497,387,349,382,4,8,1,Zenith MaintenanceWorkRequest 497,MWR000497,1,690.8900,1,1,2026-08-24T00:00:00.000,2018-01-01T00:00:00.000,9999-12-31T00:00:00.000,1,16d4e258976b5935a3a3e5868065194916d4e258976b5935a3a3e58680651949
498,MWR000498,135,309,394,3,12,12,Quartz MaintenanceWorkRequest 498,MWR000498,1,692.2600,1,1,2026-08-24T00:00:00.000,2018-01-01T00:00:00.000,9999-12-31T00:00:00.000,1,e01ab75831895581a7a9104a64c6d44be01ab75831895581a7a9104a64c6d44b
499,MWR000499,379,1,111,1,7,11,Orion MaintenanceWorkRequest 499,MWR000499,1,693.6300,1,1,2026-08-24T00:00:00.000,2018-01-01T00:00:00.000,9999-12-31T00:00:00.000,1,8b2e5fc46d1a53618233ba6be802b42a8b2e5fc46d1a53618233ba6be802b42a
500,MWR000500,490,301,368,2,10,10,Evergreen MaintenanceWorkRequest 500,MWR000500,0,695.0000,1,1,2026-08-24T00:00:00.000,2018-01-01T00:00:00.000,9999-12-31T00:00:00.000,1,73ae33f4aa1453b0a9bc85ac066010c373ae33f4aa1453b0a9bc85ac066010c3
