ServiceTechnicianProfileKey,TechnicianProfileNumber,EmployeeKey,ServiceTerritoryKey,TechnicianDisplayName,DispatchRadiusKm,RemoteSupportEligible,SourceSystemKey,BatchId,LoadedAtUtc,EffectiveFromUtc,EffectiveToUtc,IsCurrent,RowHash
-1,UNKNOWN,-1,-1,Unknown,0.00,0,-1,0,1900-01-01T00:00:00.000,1900-01-01T00:00:00.000,1900-01-01T00:00:00.000,0,0000000000000000000000000000000000000000000000000000000000000000
1,STP000001,309,411,Keystone ServiceTechnicianProfile 1,2.00,1,1,1,2026-08-24T00:00:00.000,2018-01-01T00:00:00.000,9999-12-31T00:00:00.000,1,749b00e811285f848c1c04235c3a2515749b00e811285f848c1c04235c3a2515
2,STP000002,330,490,Harbor ServiceTechnicianProfile 2,3.00,0,1,1,2026-08-24T00:00:00.000,2018-01-01T00:00:00.000,9999-12-31T00:00:00.000,1,b1e2ff1f51fe5fe8942b8dd7afc4e477b1e2ff1f51fe5fe8942b8dd7afc4e477
3,STP000003,381,177,Atlas ServiceTechnicianProfile 3,4.00,1,1,1,2026-08-24T00:00:00.000,2018-01-01T00:00:00.000,9999-12-31T00:00:00.000,1,23560d22fa995a679e85700c0122bfb223560d22fa995a679e85700c0122bfb2
4,STP000004,135,113,Vertex ServiceTechnicianProfile 4,5.00,0,1,1,2026-08-24T00:00:00.000,2018-01-01T00:00:00.000,9999-12-31T00:00:00.000,1,11ac75b5017d5fdc9b6bcad0174a374811ac75b5017d5fdc9b6bcad0174a3748
5,STP000005,200,330,Junction ServiceTechnicianProfile 5,6.00,1,1,1,2026-08-24T00:00:00.000,2018-01-01T00:00:00.000,9999-12-31T00:00:00.000,1,dbc2e584a54f5bb98a3cd55dc3025c9fdbc2e584a54f5bb98a3cd55dc3025c9f
6,STP000006,327,333,Liberty ServiceTechnicianProfile 6,7.00,0,1,1,2026-08-24T00:00:00.000,2018-01-01T00:00:00.000,9999-12-31T00:00:00.000,1,73519a5e17755f0fa643bb3eef17c55b73519a5e17755f0fa643bb3eef17c55b
7,STP000007,256,265,Vertex ServiceTechnicianProfile 7,8.00,1,1,1,2026-08-24T00:00:00.000,2018-01-01T00:00:00.000,9999-12-31T00:00:00.000,1,c35a72009fa1570d84f8adfc0802f13ac35a72009fa1570d84f8adfc0802f13a
8,STP000008,247,40,Evergreen ServiceTechnicianProfile 8,9.00,0,1,1,2026-08-24T00:00:00.000,2018-01-01T00:00:00.000,9999-12-31T00:00:00.000,1,c56717aa451b553f8ea6356933781c15c56717aa451b553f8ea6356933781c15
9,STP000009,466,341,Evergreen ServiceTechnicianProfile 9,10.00,1,1,1,2026-08-24T00:00:00.000,2018-01-01T00:00:00.000,9999-12-31T00:00:00.000,1,3c3f173094685a7da7f4cca2cd2072523c3f173094685a7da7f4cca2cd207252
10,STP000010,235,411,Pioneer ServiceTechnicianProfile 10,11.00,0,1,1,2026-08-24T00:00:00.000,2018-01-01T00:00:00.000,9999-12-31T00:00:00.000,1,f9357090755b5590b5aa024dbaf17bd0f9357090755b5590b5aa024dbaf17bd0
11,STP000011,322,73,Atlas ServiceTechnicianProfile 11,12.00,1,1,1,2026-08-24T00:00:00.000,2018-01-01T00:00:00.000,9999-12-31T00:00:00.000,1,b0176a5de1c4550cb2e21b7053e0c6d3b0176a5de1c4550cb2e21b7053e0c6d3
12,STP000012,344,232,Forge ServiceTechnicianProfile 12,13.00,0,1,1,2026-08-24T00:00:00.000,2018-01-01T00:00:00.000,9999-12-31T00:00:00.000,1,04ba42e6559f55d8bebe0fadd1735b2404ba42e6559f55d8bebe0fadd1735b24
13,STP000013,155,233,Ion ServiceTechnicianProfile 13,14.00,1,1,1,2026-08-24T00:00:00.000,2018-01-01T00:00:00.000,9999-12-31T00:00:00.000,1,2c848c8db1005bd3be6ef87d5ad806082c848c8db1005bd3be6ef87d5ad80608
14,STP000014,460,358,Junction ServiceTechnicianProfile 14,15.00,0,1,1,2026-08-24T00:00:00.000,2018-01-01T00:00:00.000,9999-12-31T00:00:00.000,1,85fd66c05383583aa355ed5427e21d1485fd66c05383583aa355ed5427e21d14
15,STP000015,119,108,Zenith ServiceTechnicianProfile 15,16.00,1,1,1,2026-08-24T00:00:00.000,2018-01-01T00:00:00.000,9999-12-31T00:00:00.000,1,fdc6247bdcec5481abed36229bc5c921fdc6247bdcec5481abed36229bc5c921
16,STP000016,186,76,Harbor ServiceTechnicianProfile 16,17.00,0,1,1,2026-08-24T00:00:00.000,2018-01-01T00:00:00.000,9999-12-31T00:00:00.000,1,0b7c29d910c65844b93d8c9b6fe632540b7c29d910c65844b93d8c9b6fe63254
17,STP000017,291,348,Summit ServiceTechnicianProfile 17,18.00,1,1,1,2026-08-24T00:00:00.000,2018-01-01T00:00:00.000,9999-12-31T00:00:00.000,1,b72542d9e70352e68d731cb49fd05a76b72542d9e70352e68d731cb49fd05a76
18,STP000018,235,185,Granite ServiceTechnicianProfile 18,19.00,0,1,1,2026-08-24T00:00:00.000,2018-01-01T00:00:00.000,9999-12-31T00:00:00.000,1,66d2f6150c6d531489883cdbd69b624c66d2f6150c6d531489883cdbd69b624c
19,STP000019,13,106,Harbor ServiceTechnicianProfile 19,20.00,1,1,1,2026-08-24T00:00:00.000,2018-01-01T00:00:00.000,9999-12-31T00:00:00.000,1,32f8282200a75445811f9f3d7cc4d30d32f8282200a75445811f9f3d7cc4d30d
20,STP000020,29,121,Unity ServiceTechnicianProfile 20,21.00,0,1,1,2026-08-24T00:00:00.000,2018-01-01T00:00:00.000,9999-12-31T00:00:00.000,1,2a8c6e1c7eaf5802bf4881c12758122f2a8c6e1c7eaf5802bf4881c12758122f
21,STP000021,198,226,Northstar ServiceTechnicianProfile 21,22.00,1,1,1,2026-08-24T00:00:00.000,2018-01-01T00:00:00.000,9999-12-31T00:00:00.000,1,c001c5f5065658108e3b9e187f26c1a5c001c5f5065658108e3b9e187f26c1a5
22,STP000022,94,400,Evergreen ServiceTechnicianProfile 22,23.00,0,1,1,2026-08-24T00:00:00.000,2018-01-01T00:00:00.000,9999-12-31T00:00:00.000,1,499103fccad656e280850072b8b64e4c499103fccad656e280850072b8b64e4c
23,STP000023,303,129,Granite ServiceTechnicianProfile 23,24.00,1,1,1,2026-08-24T00:00:00.000,2018-01-01T00:00:00.000,9999-12-31T00:00:00.000,1,9fd293c216f05637a302b91052b7fea29fd293c216f05637a302b91052b7fea2
24,STP000024,149,376,Quartz ServiceTechnicianProfile 24,25.00,0,1,1,2026-08-24T00:00:00.000,2018-01-01T00:00:00.000,9999-12-31T00:00:00.000,1,206e304c41aa56f5bb6bdab2b7c9889d206e304c41aa56f5bb6bdab2b7c9889d
25,STP000025,69,199,Riverton ServiceTechnicianProfile 25,26.00,1,1,1,2026-08-24T00:00:00.000,2018-01-01T00:00:00.000,9999-12-31T00:00:00.000,1,85e8be4cb60153e484752daba506448285e8be4cb60153e484752daba5064482
26,STP000026,36,347,Willow ServiceTechnicianProfile 26,27.00,0,1,1,2026-08-24T00:00:00.000,2018-01-01T00:00:00.000,9999-12-31T00:00:00.000,1,7dc03666599358b897a6797744cd74d37dc03666599358b897a6797744cd74d3
27,STP000027,201,108,Quartz ServiceTechnicianProfile 27,28.00,1,1,1,2026-08-24T00:00:00.000,2018-01-01T00:00:00.000,9999-12-31T00:00:00.000,1,ffe01b3f237c57718480ba070da5324bffe01b3f237c57718480ba070da5324b
28,STP000028,343,384,Summit ServiceTechnicianProfile 28,29.00,0,1,1,2026-08-24T00:00:00.000,2018-01-01T00:00:00.000,9999-12-31T00:00:00.000,1,915d38c82dd35037a3b837305a454886915d38c82dd35037a3b837305a454886
29,STP000029,21,449,Quartz ServiceTechnicianProfile 29,30.00,1,1,1,2026-08-24T00:00:00.000,2018-01-01T00:00:00.000,9999-12-31T00:00:00.000,1,1c1f9f9b388c520fa471f83690a0fc681c1f9f9b388c520fa471f83690a0fc68
30,STP000030,252,151,Unity ServiceTechnicianProfile 30,31.00,0,1,1,2026-08-24T00:00:00.000,2018-01-01T00:00:00.000,9999-12-31T00:00:00.000,1,b8fa4dae66195f4083165d22cc3f05eab8fa4dae66195f4083165d22cc3f05ea
31,STP000031,173,216,Beacon ServiceTechnicianProfile 31,32.00,1,1,1,2026-08-24T00:00:00.000,2018-01-01T00:00:00.000,9999-12-31T00:00:00.000,1,7e235daf0ab25549a4d0e0dfe71b16067e235daf0ab25549a4d0e0dfe71b1606
32,STP000032,239,191,Unity ServiceTechnicianProfile 32,33.00,0,1,1,2026-08-24T00:00:00.000,2018-01-01T00:00:00.000,9999-12-31T00:00:00.000,1,da73f22fa3bc5306b919ca6d217f438fda73f22fa3bc5306b919ca6d217f438f
33,STP000033,42,322,Liberty ServiceTechnicianProfile 33,34.00,1,1,1,2026-08-24T00:00:00.000,2018-01-01T00:00:00.000,9999-12-31T00:00:00.000,1,2a657f8c7ee25cd1ba13728549ea1acb2a657f8c7ee25cd1ba13728549ea1acb
34,STP000034,382,403,Zenith ServiceTechnicianProfile 34,35.00,0,1,1,2026-08-24T00:00:00.000,2018-01-01T00:00:00.000,9999-12-31T00:00:00.000,1,d35fc92db59956309a7f1b8017e25276d35fc92db59956309a7f1b8017e25276
35,STP000035,463,127,Harbor ServiceTechnicianProfile 35,36.00,1,1,1,2026-08-24T00:00:00.000,2018-01-01T00:00:00.000,9999-12-31T00:00:00.000,1,5c6f08c3c46d582e93c0c5e09c4e63cd5c6f08c3c46d582e93c0c5e09c4e63cd
36,STP000036,441,115,Riverton ServiceTechnicianProfile 36,37.00,0,1,1,2026-08-24T00:00:00.000,2018-01-01T00:00:00.000,9999-12-31T00:00:00.000,1,ec0bab142452559baedfeb2adc8395f4ec0bab142452559baedfeb2adc8395f4
37,STP000037,435,85,Zenith ServiceTechnicianProfile 37,38.00,1,1,1,2026-08-24T00:00:00.000,2018-01-01T00:00:00.000,9999-12-31T00:00:00.000,1,c227e7b7069f56bf9d4291860246c5dbc227e7b7069f56bf9d4291860246c5db
38,STP000038,440,309,Quartz ServiceTechnicianProfile 38,39.00,0,1,1,2026-08-24T00:00:00.000,2018-01-01T00:00:00.000,9999-12-31T00:00:00.000,1,ab4940f9e74350faa831f9eb847c70afab4940f9e74350faa831f9eb847c70af
39,STP000039,147,135,Northstar ServiceTechnicianProfile 39,40.00,1,1,1,2026-08-24T00:00:00.000,2018-01-01T00:00:00.000,9999-12-31T00:00:00.000,1,9a93f8cb68a852a8afc67ab4df60cebe9a93f8cb68a852a8afc67ab4df60cebe
40,STP000040,93,76,Atlas ServiceTechnicianProfile 40,41.00,0,1,1,2026-08-24T00:00:00.000,2018-01-01T00:00:00.000,9999-12-31T00:00:00.000,1,5825af8fef11505cad2bd62f7c0a5b325825af8fef11505cad2bd62f7c0a5b32
41,STP000041,388,68,Meridian ServiceTechnicianProfile 41,42.00,1,1,1,2026-08-24T00:00:00.000,2018-01-01T00:00:00.000,9999-12-31T00:00:00.000,1,62bec1342e5d5826a1453ff4dcf2422e62bec1342e5d5826a1453ff4dcf2422e
42,STP000042,396,21,Unity ServiceTechnicianProfile 42,43.00,0,1,1,2026-08-24T00:00:00.000,2018-01-01T00:00:00.000,9999-12-31T00:00:00.000,1,3efcdfd6ac725ea0a6fbe522e1ca10c43efcdfd6ac725ea0a6fbe522e1ca10c4
43,STP000043,120,347,Vertex ServiceTechnicianProfile 43,44.00,1,1,1,2026-08-24T00:00:00.000,2018-01-01T00:00:00.000,9999-12-31T00:00:00.000,1,89d69da0c1e658f58be7b31b7f03fe4889d69da0c1e658f58be7b31b7f03fe48
44,STP000044,380,14,Junction ServiceTechnicianProfile 44,45.00,0,1,1,2026-08-24T00:00:00.000,2018-01-01T00:00:00.000,9999-12-31T00:00:00.000,1,38b7af96c8df52b1a1915ea2ff19b89638b7af96c8df52b1a1915ea2ff19b896
45,STP000045,24,308,Forge ServiceTechnicianProfile 45,46.00,1,1,1,2026-08-24T00:00:00.000,2018-01-01T00:00:00.000,9999-12-31T00:00:00.000,1,956446dd04e9575c81baef0de7e33f3d956446dd04e9575c81baef0de7e33f3d
46,STP000046,109,186,Ion ServiceTechnicianProfile 46,47.00,0,1,1,2026-08-24T00:00:00.000,2018-01-01T00:00:00.000,9999-12-31T00:00:00.000,1,41afdcdcbfe95b34b5d914e0a0a93d3f41afdcdcbfe95b34b5d914e0a0a93d3f
47,STP000047,402,291,Unity ServiceTechnicianProfile 47,48.00,1,1,1,2026-08-24T00:00:00.000,2018-01-01T00:00:00.000,9999-12-31T00:00:00.000,1,89bfe68771b3522aabd282cc5a2caf1e89bfe68771b3522aabd282cc5a2caf1e
48,STP000048,112,467,Meridian ServiceTechnicianProfile 48,49.00,0,1,1,2026-08-24T00:00:00.000,2018-01-01T00:00:00.000,9999-12-31T00:00:00.000,1,bd5b1844fa4056e3a3c089cee825d908bd5b1844fa4056e3a3c089cee825d908
49,STP000049,485,25,Titan ServiceTechnicianProfile 49,50.00,1,1,1,2026-08-24T00:00:00.000,2018-01-01T00:00:00.000,9999-12-31T00:00:00.000,1,795dc1eb0c545d1ab0491d5f695ad447795dc1eb0c545d1ab0491d5f695ad447
50,STP000050,446,465,Liberty ServiceTechnicianProfile 50,51.00,0,1,1,2026-08-24T00:00:00.000,2018-01-01T00:00:00.000,9999-12-31T00:00:00.000,1,95b1fb074dc659c3b11c440539e6835e95b1fb074dc659c3b11c440539e6835e
51,STP000051,9,147,Vertex ServiceTechnicianProfile 51,52.00,1,1,1,2026-08-24T00:00:00.000,2018-01-01T00:00:00.000,9999-12-31T00:00:00.000,1,4a257532a3e35950877ab23b50fdb2c04a257532a3e35950877ab23b50fdb2c0
52,STP000052,48,306,Orion ServiceTechnicianProfile 52,53.00,0,1,1,2026-08-24T00:00:00.000,2018-01-01T00:00:00.000,9999-12-31T00:00:00.000,1,13b6e769ac0f54a381bc35b5663db09c13b6e769ac0f54a381bc35b5663db09c
53,STP000053,234,194,Cedar ServiceTechnicianProfile 53,54.00,1,1,1,2026-08-24T00:00:00.000,2018-01-01T00:00:00.000,9999-12-31T00:00:00.000,1,b6c070fbe411599fa077bae1eb8752abb6c070fbe411599fa077bae1eb8752ab
54,STP000054,356,321,Forge ServiceTechnicianProfile 54,55.00,0,1,1,2026-08-24T00:00:00.000,2018-01-01T00:00:00.000,9999-12-31T00:00:00.000,1,2de217b0ab585bf38dd68b17314b7c622de217b0ab585bf38dd68b17314b7c62
55,STP000055,198,448,Forge ServiceTechnicianProfile 55,56.00,1,1,1,2026-08-24T00:00:00.000,2018-01-01T00:00:00.000,9999-12-31T00:00:00.000,1,86b8ed5edc765d73a94ab40c565dccaf86b8ed5edc765d73a94ab40c565dccaf
56,STP000056,443,491,Forge ServiceTechnicianProfile 56,57.00,0,1,1,2026-08-24T00:00:00.000,2018-01-01T00:00:00.000,9999-12-31T00:00:00.000,1,4b4b4f83595a5cdeb0e47784253bbf6a4b4b4f83595a5cdeb0e47784253bbf6a
57,STP000057,496,458,Zenith ServiceTechnicianProfile 57,58.00,1,1,1,2026-08-24T00:00:00.000,2018-01-01T00:00:00.000,9999-12-31T00:00:00.000,1,61a3498e581154c98991d04bf4006c8161a3498e581154c98991d04bf4006c81
58,STP000058,499,95,Pioneer ServiceTechnicianProfile 58,59.00,0,1,1,2026-08-24T00:00:00.000,2018-01-01T00:00:00.000,9999-12-31T00:00:00.000,1,8828558fe6ea5fa6886c34f4cfe3d18f8828558fe6ea5fa6886c34f4cfe3d18f
59,STP000059,199,336,Northstar ServiceTechnicianProfile 59,60.00,1,1,1,2026-08-24T00:00:00.000,2018-01-01T00:00:00.000,9999-12-31T00:00:00.000,1,9b2e260b00f151a7a80c69d7cbc814d89b2e260b00f151a7a80c69d7cbc814d8
60,STP000060,252,404,Unity ServiceTechnicianProfile 60,61.00,0,1,1,2026-08-24T00:00:00.000,2018-01-01T00:00:00.000,9999-12-31T00:00:00.000,1,cc64243e787556ea916922c7f238a748cc64243e787556ea916922c7f238a748
61,STP000061,152,392,Ion ServiceTechnicianProfile 61,62.00,1,1,1,2026-08-24T00:00:00.000,2018-01-01T00:00:00.000,9999-12-31T00:00:00.000,1,9774c1b3c91453b8b98564013408f4dd9774c1b3c91453b8b98564013408f4dd
62,STP000062,8,320,Willow ServiceTechnicianProfile 62,63.00,0,1,1,2026-08-24T00:00:00.000,2018-01-01T00:00:00.000,9999-12-31T00:00:00.000,1,d5006e348f525f7ab71bd4112a836a13d5006e348f525f7ab71bd4112a836a13
63,STP000063,172,386,Atlas ServiceTechnicianProfile 63,64.00,1,1,1,2026-08-24T00:00:00.000,2018-01-01T00:00:00.000,9999-12-31T00:00:00.000,1,ad91b499040254ce9245dc3b9a269304ad91b499040254ce9245dc3b9a269304
64,STP000064,195,439,Evergreen ServiceTechnicianProfile 64,65.00,0,1,1,2026-08-24T00:00:00.000,2018-01-01T00:00:00.000,9999-12-31T00:00:00.000,1,8fc1a91ea3d05f73983b40be4cb93fc08fc1a91ea3d05f73983b40be4cb93fc0
65,STP000065,425,437,Granite ServiceTechnicianProfile 65,66.00,1,1,1,2026-08-24T00:00:00.000,2018-01-01T00:00:00.000,9999-12-31T00:00:00.000,1,53c088f6390250419d0f8bacc629e95f53c088f6390250419d0f8bacc629e95f
66,STP000066,209,367,Evergreen ServiceTechnicianProfile 66,67.00,0,1,1,2026-08-24T00:00:00.000,2018-01-01T00:00:00.000,9999-12-31T00:00:00.000,1,b725a8bbb432508e8050b4f1adbbde98b725a8bbb432508e8050b4f1adbbde98
67,STP000067,496,183,Pioneer ServiceTechnicianProfile 67,68.00,1,1,1,2026-08-24T00:00:00.000,2018-01-01T00:00:00.000,9999-12-31T00:00:00.000,1,547fa11b3e585440ab02d35071b9f9e3547fa11b3e585440ab02d35071b9f9e3
68,STP000068,27,40,Atlas ServiceTechnicianProfile 68,69.00,0,1,1,2026-08-24T00:00:00.000,2018-01-01T00:00:00.000,9999-12-31T00:00:00.000,1,5659684b441b5a508725ed1ccbe3b35f5659684b441b5a508725ed1ccbe3b35f
69,STP000069,275,121,Unity ServiceTechnicianProfile 69,70.00,1,1,1,2026-08-24T00:00:00.000,2018-01-01T00:00:00.000,9999-12-31T00:00:00.000,1,a04f8a35ee715dc486b2fce97b2b60b3a04f8a35ee715dc486b2fce97b2b60b3
70,STP000070,245,206,Pioneer ServiceTechnicianProfile 70,71.00,0,1,1,2026-08-24T00:00:00.000,2018-01-01T00:00:00.000,9999-12-31T00:00:00.000,1,e3aef02cbdf95c049badea5055645bbae3aef02cbdf95c049badea5055645bba
71,STP000071,430,273,Vertex ServiceTechnicianProfile 71,72.00,1,1,1,2026-08-24T00:00:00.000,2018-01-01T00:00:00.000,9999-12-31T00:00:00.000,1,4cf9d4faff2153e3b56ea8ef32ffb7e64cf9d4faff2153e3b56ea8ef32ffb7e6
72,STP000072,439,56,Evergreen ServiceTechnicianProfile 72,73.00,0,1,1,2026-08-24T00:00:00.000,2018-01-01T00:00:00.000,9999-12-31T00:00:00.000,1,f354490ab87a5a0e8f42d1fd9b1303dcf354490ab87a5a0e8f42d1fd9b1303dc
73,STP000073,38,148,Quartz ServiceTechnicianProfile 73,74.00,1,1,1,2026-08-24T00:00:00.000,2018-01-01T00:00:00.000,9999-12-31T00:00:00.000,1,d7a4e72825895fc79bba43fd64be47b8d7a4e72825895fc79bba43fd64be47b8
74,STP000074,325,262,Quartz ServiceTechnicianProfile 74,75.00,0,1,1,2026-08-24T00:00:00.000,2018-01-01T00:00:00.000,9999-12-31T00:00:00.000,1,6b66b4b0dd275af6b52a69195ca3d0eb6b66b4b0dd275af6b52a69195ca3d0eb
75,STP000075,187,479,Keystone ServiceTechnicianProfile 75,76.00,1,1,1,2026-08-24T00:00:00.000,2018-01-01T00:00:00.000,9999-12-31T00:00:00.000,1,c02964f92efd5a3f85c267722c076d88c02964f92efd5a3f85c267722c076d88
76,STP000076,295,70,Northstar ServiceTechnicianProfile 76,77.00,0,1,1,2026-08-24T00:00:00.000,2018-01-01T00:00:00.000,9999-12-31T00:00:00.000,1,dae5d6ed284a519c975300628acb8677dae5d6ed284a519c975300628acb8677
77,STP000077,497,37,Atlas ServiceTechnicianProfile 77,78.00,1,1,1,2026-08-24T00:00:00.000,2018-01-01T00:00:00.000,9999-12-31T00:00:00.000,1,efe7ff6fe16a5c6c98248650482c3638efe7ff6fe16a5c6c98248650482c3638
78,STP000078,193,47,Unity ServiceTechnicianProfile 78,79.00,0,1,1,2026-08-24T00:00:00.000,2018-01-01T00:00:00.000,9999-12-31T00:00:00.000,1,7224d8aeb76954f09e7b755088a6b3ce7224d8aeb76954f09e7b755088a6b3ce
79,STP000079,134,221,Vertex ServiceTechnicianProfile 79,80.00,1,1,1,2026-08-24T00:00:00.000,2018-01-01T00:00:00.000,9999-12-31T00:00:00.000,1,2f8c2ca68136541db62980135be1db422f8c2ca68136541db62980135be1db42
80,STP000080,416,415,Forge ServiceTechnicianProfile 80,81.00,0,1,1,2026-08-24T00:00:00.000,2018-01-01T00:00:00.000,9999-12-31T00:00:00.000,1,136d7e294c3a57bebab30d70510633bf136d7e294c3a57bebab30d70510633bf
81,STP000081,51,431,Orion ServiceTechnicianProfile 81,82.00,1,1,1,2026-08-24T00:00:00.000,2018-01-01T00:00:00.000,9999-12-31T00:00:00.000,1,6ddfbe47032959a48a68f4f173f617da6ddfbe47032959a48a68f4f173f617da
82,STP000082,48,495,Summit ServiceTechnicianProfile 82,83.00,0,1,1,2026-08-24T00:00:00.000,2018-01-01T00:00:00.000,9999-12-31T00:00:00.000,1,46b8b53fb8cf5c45a3f99aaf8f345ffa46b8b53fb8cf5c45a3f99aaf8f345ffa
83,STP000083,373,372,Junction ServiceTechnicianProfile 83,84.00,1,1,1,2026-08-24T00:00:00.000,2018-01-01T00:00:00.000,9999-12-31T00:00:00.000,1,0e185653e78a5a9fa4f019fff663a3f20e185653e78a5a9fa4f019fff663a3f2
84,STP000084,436,275,Liberty ServiceTechnicianProfile 84,85.00,0,1,1,2026-08-24T00:00:00.000,2018-01-01T00:00:00.000,9999-12-31T00:00:00.000,1,5c53ef069c455a869030701d0bed14fa5c53ef069c455a869030701d0bed14fa
85,STP000085,336,129,Titan ServiceTechnicianProfile 85,86.00,1,1,1,2026-08-24T00:00:00.000,2018-01-01T00:00:00.000,9999-12-31T00:00:00.000,1,b5a1b624ff2057e1bf835c68f0930c93b5a1b624ff2057e1bf835c68f0930c93
86,STP000086,367,156,Cedar ServiceTechnicianProfile 86,87.00,0,1,1,2026-08-24T00:00:00.000,2018-01-01T00:00:00.000,9999-12-31T00:00:00.000,1,3d21387d64805afea8b695cc0fbc2d1e3d21387d64805afea8b695cc0fbc2d1e
87,STP000087,46,196,Evergreen ServiceTechnicianProfile 87,88.00,1,1,1,2026-08-24T00:00:00.000,2018-01-01T00:00:00.000,9999-12-31T00:00:00.000,1,d9721d230b365cf993edee45a6942a22d9721d230b365cf993edee45a6942a22
88,STP000088,120,344,Pioneer ServiceTechnicianProfile 88,89.00,0,1,1,2026-08-24T00:00:00.000,2018-01-01T00:00:00.000,9999-12-31T00:00:00.000,1,e49f0c6841ff504bb7203f7d2d253c90e49f0c6841ff504bb7203f7d2d253c90
89,STP000089,491,381,Meridian ServiceTechnicianProfile 89,90.00,1,1,1,2026-08-24T00:00:00.000,2018-01-01T00:00:00.000,9999-12-31T00:00:00.000,1,0188916885ea5551bfa3eb8d272a75a30188916885ea5551bfa3eb8d272a75a3
90,STP000090,117,15,Cedar ServiceTechnicianProfile 90,91.00,0,1,1,2026-08-24T00:00:00.000,2018-01-01T00:00:00.000,9999-12-31T00:00:00.000,1,df8768bf17b6500a8f6b1420c86eec7bdf8768bf17b6500a8f6b1420c86eec7b
91,STP000091,66,144,Keystone ServiceTechnicianProfile 91,92.00,1,1,1,2026-08-24T00:00:00.000,2018-01-01T00:00:00.000,9999-12-31T00:00:00.000,1,803062eb87705138999374a28236171b803062eb87705138999374a28236171b
92,STP000092,475,323,Summit ServiceTechnicianProfile 92,93.00,0,1,1,2026-08-24T00:00:00.000,2018-01-01T00:00:00.000,9999-12-31T00:00:00.000,1,6b20fe9c96ed50629ae0e82edaa4d9736b20fe9c96ed50629ae0e82edaa4d973
93,STP000093,391,155,Cedar ServiceTechnicianProfile 93,94.00,1,1,1,2026-08-24T00:00:00.000,2018-01-01T00:00:00.000,9999-12-31T00:00:00.000,1,7804ab2127935c96841e9b8e38896e877804ab2127935c96841e9b8e38896e87
94,STP000094,281,327,Liberty ServiceTechnicianProfile 94,95.00,0,1,1,2026-08-24T00:00:00.000,2018-01-01T00:00:00.000,9999-12-31T00:00:00.000,1,f502e1968c935f0eb4f7b0f0c991c88df502e1968c935f0eb4f7b0f0c991c88d
95,STP000095,201,136,Granite ServiceTechnicianProfile 95,96.00,1,1,1,2026-08-24T00:00:00.000,2018-01-01T00:00:00.000,9999-12-31T00:00:00.000,1,828527d1634b5ab2ac22e3c40fc9ce53828527d1634b5ab2ac22e3c40fc9ce53
96,STP000096,244,259,Harbor ServiceTechnicianProfile 96,97.00,0,1,1,2026-08-24T00:00:00.000,2018-01-01T00:00:00.000,9999-12-31T00:00:00.000,1,79c32cc13ea1573f8c53dc2d0bb08d0979c32cc13ea1573f8c53dc2d0bb08d09
97,STP000097,199,95,Orion ServiceTechnicianProfile 97,98.00,1,1,1,2026-08-24T00:00:00.000,2018-01-01T00:00:00.000,9999-12-31T00:00:00.000,1,bf05c2c2c550505dbad4e9462ef250ccbf05c2c2c550505dbad4e9462ef250cc
98,STP000098,199,422,Evergreen ServiceTechnicianProfile 98,99.00,0,1,1,2026-08-24T00:00:00.000,2018-01-01T00:00:00.000,9999-12-31T00:00:00.000,1,71b270e6fcf6524d9dd8ce2817a3e61371b270e6fcf6524d9dd8ce2817a3e613
99,STP000099,315,486,Beacon ServiceTechnicianProfile 99,100.00,1,1,1,2026-08-24T00:00:00.000,2018-01-01T00:00:00.000,9999-12-31T00:00:00.000,1,8e694d874ef1560ca51f9d7a02dea4028e694d874ef1560ca51f9d7a02dea402
100,STP000100,427,26,Zenith ServiceTechnicianProfile 100,101.00,0,1,1,2026-08-24T00:00:00.000,2018-01-01T00:00:00.000,9999-12-31T00:00:00.000,1,c814b3abba075a2bafb603c48b6de251c814b3abba075a2bafb603c48b6de251
101,STP000101,250,286,Pioneer ServiceTechnicianProfile 101,102.00,1,1,1,2026-08-24T00:00:00.000,2018-01-01T00:00:00.000,9999-12-31T00:00:00.000,1,dc22d4bdaa7e589c93f3ec3ae1daf7a0dc22d4bdaa7e589c93f3ec3ae1daf7a0
102,STP000102,154,267,Quartz ServiceTechnicianProfile 102,103.00,0,1,1,2026-08-24T00:00:00.000,2018-01-01T00:00:00.000,9999-12-31T00:00:00.000,1,fd22c78875d25aa5b64b70a93fffecaefd22c78875d25aa5b64b70a93fffecae
103,STP000103,315,440,Willow ServiceTechnicianProfile 103,104.00,1,1,1,2026-08-24T00:00:00.000,2018-01-01T00:00:00.000,9999-12-31T00:00:00.000,1,16f824266a305f458958fee6ff4a7d4316f824266a305f458958fee6ff4a7d43
104,STP000104,384,212,Orion ServiceTechnicianProfile 104,105.00,0,1,1,2026-08-24T00:00:00.000,2018-01-01T00:00:00.000,9999-12-31T00:00:00.000,1,3c93931357d0566692b127647eb47bc53c93931357d0566692b127647eb47bc5
105,STP000105,459,15,Evergreen ServiceTechnicianProfile 105,106.00,1,1,1,2026-08-24T00:00:00.000,2018-01-01T00:00:00.000,9999-12-31T00:00:00.000,1,2001f3cd2d8e55fab00ced2440d6575f2001f3cd2d8e55fab00ced2440d6575f
106,STP000106,342,462,Zenith ServiceTechnicianProfile 106,107.00,0,1,1,2026-08-24T00:00:00.000,2018-01-01T00:00:00.000,9999-12-31T00:00:00.000,1,f213054ef7fb596a80670b95cfd05d4ff213054ef7fb596a80670b95cfd05d4f
107,STP000107,327,449,Summit ServiceTechnicianProfile 107,108.00,1,1,1,2026-08-24T00:00:00.000,2018-01-01T00:00:00.000,9999-12-31T00:00:00.000,1,9899ac1211e35626ac2874fa36f21e6b9899ac1211e35626ac2874fa36f21e6b
108,STP000108,164,83,Northstar ServiceTechnicianProfile 108,109.00,0,1,1,2026-08-24T00:00:00.000,2018-01-01T00:00:00.000,9999-12-31T00:00:00.000,1,ef443923e9d053f09cdc90f7dc13720bef443923e9d053f09cdc90f7dc13720b
109,STP000109,53,423,Junction ServiceTechnicianProfile 109,110.00,1,1,1,2026-08-24T00:00:00.000,2018-01-01T00:00:00.000,9999-12-31T00:00:00.000,1,c6ae128fdc915ab6a1d230bdd586d1c3c6ae128fdc915ab6a1d230bdd586d1c3
110,STP000110,406,180,Evergreen ServiceTechnicianProfile 110,111.00,0,1,1,2026-08-24T00:00:00.000,2018-01-01T00:00:00.000,9999-12-31T00:00:00.000,1,695a7d61bed059b0813580206b4e966d695a7d61bed059b0813580206b4e966d
111,STP000111,403,284,Orion ServiceTechnicianProfile 111,112.00,1,1,1,2026-08-24T00:00:00.000,2018-01-01T00:00:00.000,9999-12-31T00:00:00.000,1,d935224e97335d30bc79da5229fcc723d935224e97335d30bc79da5229fcc723
112,STP000112,227,235,Beacon ServiceTechnicianProfile 112,113.00,0,1,1,2026-08-24T00:00:00.000,2018-01-01T00:00:00.000,9999-12-31T00:00:00.000,1,4b5d8c94048e56ad912b7c1981d2da024b5d8c94048e56ad912b7c1981d2da02
113,STP000113,107,266,Titan ServiceTechnicianProfile 113,114.00,1,1,1,2026-08-24T00:00:00.000,2018-01-01T00:00:00.000,9999-12-31T00:00:00.000,1,0a51148c98545979b9acebdd47face310a51148c98545979b9acebdd47face31
114,STP000114,355,340,Evergreen ServiceTechnicianProfile 114,115.00,0,1,1,2026-08-24T00:00:00.000,2018-01-01T00:00:00.000,9999-12-31T00:00:00.000,1,e61e4cb885785c52b4845ed419d92e93e61e4cb885785c52b4845ed419d92e93
115,STP000115,119,392,Willow ServiceTechnicianProfile 115,116.00,1,1,1,2026-08-24T00:00:00.000,2018-01-01T00:00:00.000,9999-12-31T00:00:00.000,1,6fd5fc26fa685e389aab0734915c9de36fd5fc26fa685e389aab0734915c9de3
116,STP000116,415,267,Riverton ServiceTechnicianProfile 116,117.00,0,1,1,2026-08-24T00:00:00.000,2018-01-01T00:00:00.000,9999-12-31T00:00:00.000,1,1e986e3dd07257958d79e69e79fd828c1e986e3dd07257958d79e69e79fd828c
117,STP000117,415,451,Ion ServiceTechnicianProfile 117,118.00,1,1,1,2026-08-24T00:00:00.000,2018-01-01T00:00:00.000,9999-12-31T00:00:00.000,1,2082e62692d759b482851b6275a1a3ab2082e62692d759b482851b6275a1a3ab
118,STP000118,156,363,Quartz ServiceTechnicianProfile 118,119.00,0,1,1,2026-08-24T00:00:00.000,2018-01-01T00:00:00.000,9999-12-31T00:00:00.000,1,840f30c87a9858f3a394ec488bcd0006840f30c87a9858f3a394ec488bcd0006
119,STP000119,39,100,Granite ServiceTechnicianProfile 119,120.00,1,1,1,2026-08-24T00:00:00.000,2018-01-01T00:00:00.000,9999-12-31T00:00:00.000,1,b369d57f77dc5333adb2e773aea108eeb369d57f77dc5333adb2e773aea108ee
120,STP000120,376,389,Titan ServiceTechnicianProfile 120,121.00,0,1,1,2026-08-24T00:00:00.000,2018-01-01T00:00:00.000,9999-12-31T00:00:00.000,1,f9d4009b438f5087b19348088bf2a33bf9d4009b438f5087b19348088bf2a33b
121,STP000121,473,373,Pioneer ServiceTechnicianProfile 121,122.00,1,1,1,2026-08-24T00:00:00.000,2018-01-01T00:00:00.000,9999-12-31T00:00:00.000,1,0e4f3e70704b5192aa376bce3f73c2970e4f3e70704b5192aa376bce3f73c297
122,STP000122,110,469,Ion ServiceTechnicianProfile 122,123.00,0,1,1,2026-08-24T00:00:00.000,2018-01-01T00:00:00.000,9999-12-31T00:00:00.000,1,2584f751b4c253049876895f153679112584f751b4c253049876895f15367911
123,STP000123,499,299,Vertex ServiceTechnicianProfile 123,124.00,1,1,1,2026-08-24T00:00:00.000,2018-01-01T00:00:00.000,9999-12-31T00:00:00.000,1,b25d8aa6866e5d7ebc5959bd901a2bc6b25d8aa6866e5d7ebc5959bd901a2bc6
124,STP000124,129,10,Junction ServiceTechnicianProfile 124,125.00,0,1,1,2026-08-24T00:00:00.000,2018-01-01T00:00:00.000,9999-12-31T00:00:00.000,1,c7574e27fe83533f8e0f65f77545eddac7574e27fe83533f8e0f65f77545edda
125,STP000125,179,393,Zenith ServiceTechnicianProfile 125,126.00,1,1,1,2026-08-24T00:00:00.000,2018-01-01T00:00:00.000,9999-12-31T00:00:00.000,1,8def9f3a0f425558bfe474e9d643bdd08def9f3a0f425558bfe474e9d643bdd0
126,STP000126,69,114,Beacon ServiceTechnicianProfile 126,127.00,0,1,1,2026-08-24T00:00:00.000,2018-01-01T00:00:00.000,9999-12-31T00:00:00.000,1,3569bed556b65318b1db2db8274309733569bed556b65318b1db2db827430973
127,STP000127,262,39,Liberty ServiceTechnicianProfile 127,128.00,1,1,1,2026-08-24T00:00:00.000,2018-01-01T00:00:00.000,9999-12-31T00:00:00.000,1,640392519f9253479eb9072c071d2fcc640392519f9253479eb9072c071d2fcc
128,STP000128,27,109,Orion ServiceTechnicianProfile 128,129.00,0,1,1,2026-08-24T00:00:00.000,2018-01-01T00:00:00.000,9999-12-31T00:00:00.000,1,4e44fd8f49e25c518e5248a4ef2bd72a4e44fd8f49e25c518e5248a4ef2bd72a
129,STP000129,95,100,Meridian ServiceTechnicianProfile 129,130.00,1,1,1,2026-08-24T00:00:00.000,2018-01-01T00:00:00.000,9999-12-31T00:00:00.000,1,93ecceaca10f56e0b5e446ba25f5f46693ecceaca10f56e0b5e446ba25f5f466
130,STP000130,80,438,Titan ServiceTechnicianProfile 130,131.00,0,1,1,2026-08-24T00:00:00.000,2018-01-01T00:00:00.000,9999-12-31T00:00:00.000,1,207df20cfa415af2bbc946d3305c7188207df20cfa415af2bbc946d3305c7188
131,STP000131,69,380,Granite ServiceTechnicianProfile 131,132.00,1,1,1,2026-08-24T00:00:00.000,2018-01-01T00:00:00.000,9999-12-31T00:00:00.000,1,8786fa54a1ce59138925d8c5f202c52f8786fa54a1ce59138925d8c5f202c52f
132,STP000132,29,195,Zenith ServiceTechnicianProfile 132,133.00,0,1,1,2026-08-24T00:00:00.000,2018-01-01T00:00:00.000,9999-12-31T00:00:00.000,1,37ef3970b38a55c38e4c4dcb194be2d237ef3970b38a55c38e4c4dcb194be2d2
133,STP000133,330,251,Cedar ServiceTechnicianProfile 133,134.00,1,1,1,2026-08-24T00:00:00.000,2018-01-01T00:00:00.000,9999-12-31T00:00:00.000,1,791ae39a33d55ab9b39a67de8e2cd81b791ae39a33d55ab9b39a67de8e2cd81b
134,STP000134,212,464,Evergreen ServiceTechnicianProfile 134,135.00,0,1,1,2026-08-24T00:00:00.000,2018-01-01T00:00:00.000,9999-12-31T00:00:00.000,1,9fe322ef48195b4297a55042d30837259fe322ef48195b4297a55042d3083725
135,STP000135,6,363,Summit ServiceTechnicianProfile 135,136.00,1,1,1,2026-08-24T00:00:00.000,2018-01-01T00:00:00.000,9999-12-31T00:00:00.000,1,56fee0432b67515180bbaaff08d5d3d356fee0432b67515180bbaaff08d5d3d3
136,STP000136,317,132,Riverton ServiceTechnicianProfile 136,137.00,0,1,1,2026-08-24T00:00:00.000,2018-01-01T00:00:00.000,9999-12-31T00:00:00.000,1,1917429f0f725a8ab92efec39012fa591917429f0f725a8ab92efec39012fa59
137,STP000137,332,420,Northstar ServiceTechnicianProfile 137,138.00,1,1,1,2026-08-24T00:00:00.000,2018-01-01T00:00:00.000,9999-12-31T00:00:00.000,1,329120853b89533e9d47250b98519160329120853b89533e9d47250b98519160
138,STP000138,348,469,Riverton ServiceTechnicianProfile 138,139.00,0,1,1,2026-08-24T00:00:00.000,2018-01-01T00:00:00.000,9999-12-31T00:00:00.000,1,e6b1ce073340583caede612564b9113ae6b1ce073340583caede612564b9113a
139,STP000139,230,491,Northstar ServiceTechnicianProfile 139,140.00,1,1,1,2026-08-24T00:00:00.000,2018-01-01T00:00:00.000,9999-12-31T00:00:00.000,1,d5ebd0eba1c55ad79a33db858e7dd851d5ebd0eba1c55ad79a33db858e7dd851
140,STP000140,124,413,Willow ServiceTechnicianProfile 140,141.00,0,1,1,2026-08-24T00:00:00.000,2018-01-01T00:00:00.000,9999-12-31T00:00:00.000,1,2af46cff4feb5f9faeb14f08e0761c9a2af46cff4feb5f9faeb14f08e0761c9a
141,STP000141,52,350,Titan ServiceTechnicianProfile 141,142.00,1,1,1,2026-08-24T00:00:00.000,2018-01-01T00:00:00.000,9999-12-31T00:00:00.000,1,e3dd1db0706e51fead9d51097cfadecae3dd1db0706e51fead9d51097cfadeca
142,STP000142,116,395,Delta ServiceTechnicianProfile 142,143.00,0,1,1,2026-08-24T00:00:00.000,2018-01-01T00:00:00.000,9999-12-31T00:00:00.000,1,fe40c1bbd53857fcbc852bbc889e7d59fe40c1bbd53857fcbc852bbc889e7d59
143,STP000143,171,466,Titan ServiceTechnicianProfile 143,144.00,1,1,1,2026-08-24T00:00:00.000,2018-01-01T00:00:00.000,9999-12-31T00:00:00.000,1,ed3b9adfb9315aeea2913772ab7b1fe4ed3b9adfb9315aeea2913772ab7b1fe4
144,STP000144,228,339,Ion ServiceTechnicianProfile 144,145.00,0,1,1,2026-08-24T00:00:00.000,2018-01-01T00:00:00.000,9999-12-31T00:00:00.000,1,b757eb76273450d58f8877557731266fb757eb76273450d58f8877557731266f
145,STP000145,310,320,Ion ServiceTechnicianProfile 145,146.00,1,1,1,2026-08-24T00:00:00.000,2018-01-01T00:00:00.000,9999-12-31T00:00:00.000,1,11d2daffca39590aaa6fbf3daf86fbde11d2daffca39590aaa6fbf3daf86fbde
146,STP000146,184,51,Pioneer ServiceTechnicianProfile 146,147.00,0,1,1,2026-08-24T00:00:00.000,2018-01-01T00:00:00.000,9999-12-31T00:00:00.000,1,98cbfeae87e8585388091b7085ccb26798cbfeae87e8585388091b7085ccb267
147,STP000147,467,342,Orion ServiceTechnicianProfile 147,148.00,1,1,1,2026-08-24T00:00:00.000,2018-01-01T00:00:00.000,9999-12-31T00:00:00.000,1,0570459dd10854fa878d5abfe3f9b65e0570459dd10854fa878d5abfe3f9b65e
148,STP000148,34,388,Summit ServiceTechnicianProfile 148,149.00,0,1,1,2026-08-24T00:00:00.000,2018-01-01T00:00:00.000,9999-12-31T00:00:00.000,1,ba597a931c7650a4a8f5b7a6e4d48961ba597a931c7650a4a8f5b7a6e4d48961
149,STP000149,157,333,Keystone ServiceTechnicianProfile 149,150.00,1,1,1,2026-08-24T00:00:00.000,2018-01-01T00:00:00.000,9999-12-31T00:00:00.000,1,0ffd2129415f5bd29b2f26f78b2a7c160ffd2129415f5bd29b2f26f78b2a7c16
150,STP000150,104,44,Orion ServiceTechnicianProfile 150,151.00,0,1,1,2026-08-24T00:00:00.000,2018-01-01T00:00:00.000,9999-12-31T00:00:00.000,1,debce724fe2a517997e3c3e6dcff25f2debce724fe2a517997e3c3e6dcff25f2
151,STP000151,421,424,Quartz ServiceTechnicianProfile 151,152.00,1,1,1,2026-08-24T00:00:00.000,2018-01-01T00:00:00.000,9999-12-31T00:00:00.000,1,ff9db4977e3e59d092df9aac4a3ae568ff9db4977e3e59d092df9aac4a3ae568
152,STP000152,287,132,Atlas ServiceTechnicianProfile 152,153.00,0,1,1,2026-08-24T00:00:00.000,2018-01-01T00:00:00.000,9999-12-31T00:00:00.000,1,8fb597a8eaaa5822aa685b7238ecf6f58fb597a8eaaa5822aa685b7238ecf6f5
153,STP000153,174,106,Granite ServiceTechnicianProfile 153,154.00,1,1,1,2026-08-24T00:00:00.000,2018-01-01T00:00:00.000,9999-12-31T00:00:00.000,1,d1c1c0bdcce153389c0160e1a5986276d1c1c0bdcce153389c0160e1a5986276
154,STP000154,158,237,Forge ServiceTechnicianProfile 154,155.00,0,1,1,2026-08-24T00:00:00.000,2018-01-01T00:00:00.000,9999-12-31T00:00:00.000,1,f86b0268f9315b558c15e442f74308baf86b0268f9315b558c15e442f74308ba
155,STP000155,26,2,Summit ServiceTechnicianProfile 155,156.00,1,1,1,2026-08-24T00:00:00.000,2018-01-01T00:00:00.000,9999-12-31T00:00:00.000,1,699687a564175a458ec934fe33352e2a699687a564175a458ec934fe33352e2a
156,STP000156,260,278,Riverton ServiceTechnicianProfile 156,157.00,0,1,1,2026-08-24T00:00:00.000,2018-01-01T00:00:00.000,9999-12-31T00:00:00.000,1,f0f29c7859a559f385507744017589c1f0f29c7859a559f385507744017589c1
157,STP000157,385,426,Harbor ServiceTechnicianProfile 157,158.00,1,1,1,2026-08-24T00:00:00.000,2018-01-01T00:00:00.000,9999-12-31T00:00:00.000,1,4207eaa7fc6650efb88c6f8695f0f19d4207eaa7fc6650efb88c6f8695f0f19d
158,STP000158,260,138,Orion ServiceTechnicianProfile 158,159.00,0,1,1,2026-08-24T00:00:00.000,2018-01-01T00:00:00.000,9999-12-31T00:00:00.000,1,c519c4c39989532baf478dc6cc5c11c8c519c4c39989532baf478dc6cc5c11c8
159,STP000159,488,233,Titan ServiceTechnicianProfile 159,160.00,1,1,1,2026-08-24T00:00:00.000,2018-01-01T00:00:00.000,9999-12-31T00:00:00.000,1,240f690db3f05859b9977eb94e2b1b62240f690db3f05859b9977eb94e2b1b62
160,STP000160,46,17,Cedar ServiceTechnicianProfile 160,161.00,0,1,1,2026-08-24T00:00:00.000,2018-01-01T00:00:00.000,9999-12-31T00:00:00.000,1,c24c6f7f5b135da6a474114a99e5983cc24c6f7f5b135da6a474114a99e5983c
161,STP000161,231,119,Willow ServiceTechnicianProfile 161,162.00,1,1,1,2026-08-24T00:00:00.000,2018-01-01T00:00:00.000,9999-12-31T00:00:00.000,1,01077447b7ea5b55b5a8d2b58dc536ec01077447b7ea5b55b5a8d2b58dc536ec
162,STP000162,195,99,Keystone ServiceTechnicianProfile 162,163.00,0,1,1,2026-08-24T00:00:00.000,2018-01-01T00:00:00.000,9999-12-31T00:00:00.000,1,3f28ecc98994518abd536066ef2f6ec33f28ecc98994518abd536066ef2f6ec3
163,STP000163,323,275,Beacon ServiceTechnicianProfile 163,164.00,1,1,1,2026-08-24T00:00:00.000,2018-01-01T00:00:00.000,9999-12-31T00:00:00.000,1,59c088562f71568aafbe851522ffc9f759c088562f71568aafbe851522ffc9f7
164,STP000164,149,10,Riverton ServiceTechnicianProfile 164,165.00,0,1,1,2026-08-24T00:00:00.000,2018-01-01T00:00:00.000,9999-12-31T00:00:00.000,1,596f8b571eeb5361ae35c53c6996587e596f8b571eeb5361ae35c53c6996587e
165,STP000165,155,260,Liberty ServiceTechnicianProfile 165,166.00,1,1,1,2026-08-24T00:00:00.000,2018-01-01T00:00:00.000,9999-12-31T00:00:00.000,1,7df585e6ddaa5ebcb3f78905945dd8887df585e6ddaa5ebcb3f78905945dd888
166,STP000166,309,322,Liberty ServiceTechnicianProfile 166,167.00,0,1,1,2026-08-24T00:00:00.000,2018-01-01T00:00:00.000,9999-12-31T00:00:00.000,1,f4e7c7b937ce5b0281fc6fdb270f9c96f4e7c7b937ce5b0281fc6fdb270f9c96
167,STP000167,210,212,Harbor ServiceTechnicianProfile 167,168.00,1,1,1,2026-08-24T00:00:00.000,2018-01-01T00:00:00.000,9999-12-31T00:00:00.000,1,e9763b73a496503fa1ecf9882aca6d83e9763b73a496503fa1ecf9882aca6d83
168,STP000168,256,217,Willow ServiceTechnicianProfile 168,169.00,0,1,1,2026-08-24T00:00:00.000,2018-01-01T00:00:00.000,9999-12-31T00:00:00.000,1,8a3006fc4bf85db9ac415445380279a18a3006fc4bf85db9ac415445380279a1
169,STP000169,377,205,Harbor ServiceTechnicianProfile 169,170.00,1,1,1,2026-08-24T00:00:00.000,2018-01-01T00:00:00.000,9999-12-31T00:00:00.000,1,2674b8914460579c9c8703d7c6b713162674b8914460579c9c8703d7c6b71316
170,STP000170,476,428,Atlas ServiceTechnicianProfile 170,171.00,0,1,1,2026-08-24T00:00:00.000,2018-01-01T00:00:00.000,9999-12-31T00:00:00.000,1,0df34f361e53505fba2a72f8bdae488c0df34f361e53505fba2a72f8bdae488c
171,STP000171,485,94,Forge ServiceTechnicianProfile 171,172.00,1,1,1,2026-08-24T00:00:00.000,2018-01-01T00:00:00.000,9999-12-31T00:00:00.000,1,489959a35628575ba29d9cceee2dcfad489959a35628575ba29d9cceee2dcfad
172,STP000172,451,427,Junction ServiceTechnicianProfile 172,173.00,0,1,1,2026-08-24T00:00:00.000,2018-01-01T00:00:00.000,9999-12-31T00:00:00.000,1,83b5094b48b157fa8ad76eeadc4e84eb83b5094b48b157fa8ad76eeadc4e84eb
173,STP000173,460,436,Willow ServiceTechnicianProfile 173,174.00,1,1,1,2026-08-24T00:00:00.000,2018-01-01T00:00:00.000,9999-12-31T00:00:00.000,1,78a99123078057c6b6481940c2ae8f5278a99123078057c6b6481940c2ae8f52
174,STP000174,422,478,Granite ServiceTechnicianProfile 174,175.00,0,1,1,2026-08-24T00:00:00.000,2018-01-01T00:00:00.000,9999-12-31T00:00:00.000,1,b94e4e8f8f865a9595d29f4148332165b94e4e8f8f865a9595d29f4148332165
175,STP000175,8,374,Northstar ServiceTechnicianProfile 175,176.00,1,1,1,2026-08-24T00:00:00.000,2018-01-01T00:00:00.000,9999-12-31T00:00:00.000,1,6428ed6870e65828bbf01f92313c53286428ed6870e65828bbf01f92313c5328
176,STP000176,39,180,Forge ServiceTechnicianProfile 176,177.00,0,1,1,2026-08-24T00:00:00.000,2018-01-01T00:00:00.000,9999-12-31T00:00:00.000,1,1fb55826974459f8928d20c463630cab1fb55826974459f8928d20c463630cab
177,STP000177,44,133,Junction ServiceTechnicianProfile 177,178.00,1,1,1,2026-08-24T00:00:00.000,2018-01-01T00:00:00.000,9999-12-31T00:00:00.000,1,1e9a59f0adf25a2c9c67634c8c474bb91e9a59f0adf25a2c9c67634c8c474bb9
178,STP000178,220,393,Orion ServiceTechnicianProfile 178,179.00,0,1,1,2026-08-24T00:00:00.000,2018-01-01T00:00:00.000,9999-12-31T00:00:00.000,1,8cc7d7bdcd8656c28dca5a64bddbd5b98cc7d7bdcd8656c28dca5a64bddbd5b9
179,STP000179,110,214,Atlas ServiceTechnicianProfile 179,180.00,1,1,1,2026-08-24T00:00:00.000,2018-01-01T00:00:00.000,9999-12-31T00:00:00.000,1,02347a34fb695452b4d2de4539e6d0ea02347a34fb695452b4d2de4539e6d0ea
180,STP000180,456,206,Pioneer ServiceTechnicianProfile 180,181.00,0,1,1,2026-08-24T00:00:00.000,2018-01-01T00:00:00.000,9999-12-31T00:00:00.000,1,85f05eca5f835c3cafce4f0004a7c97985f05eca5f835c3cafce4f0004a7c979
181,STP000181,335,114,Delta ServiceTechnicianProfile 181,182.00,1,1,1,2026-08-24T00:00:00.000,2018-01-01T00:00:00.000,9999-12-31T00:00:00.000,1,5726f58bf2175fb88ce5b6dd616a41635726f58bf2175fb88ce5b6dd616a4163
182,STP000182,391,414,Pioneer ServiceTechnicianProfile 182,183.00,0,1,1,2026-08-24T00:00:00.000,2018-01-01T00:00:00.000,9999-12-31T00:00:00.000,1,c00d964456f559358f46da88a99fbb2bc00d964456f559358f46da88a99fbb2b
183,STP000183,151,405,Summit ServiceTechnicianProfile 183,184.00,1,1,1,2026-08-24T00:00:00.000,2018-01-01T00:00:00.000,9999-12-31T00:00:00.000,1,1e24c7a928fa5dbe957f256c1b63d1861e24c7a928fa5dbe957f256c1b63d186
184,STP000184,386,141,Titan ServiceTechnicianProfile 184,185.00,0,1,1,2026-08-24T00:00:00.000,2018-01-01T00:00:00.000,9999-12-31T00:00:00.000,1,09f1230b4af05baeaa1114eac197556d09f1230b4af05baeaa1114eac197556d
185,STP000185,49,300,Ion ServiceTechnicianProfile 185,186.00,1,1,1,2026-08-24T00:00:00.000,2018-01-01T00:00:00.000,9999-12-31T00:00:00.000,1,385a03ffa4a75e71bbbe8c3b6be2c9cd385a03ffa4a75e71bbbe8c3b6be2c9cd
186,STP000186,486,260,Riverton ServiceTechnicianProfile 186,187.00,0,1,1,2026-08-24T00:00:00.000,2018-01-01T00:00:00.000,9999-12-31T00:00:00.000,1,bdf826c491fc5ceab29a9290039ab635bdf826c491fc5ceab29a9290039ab635
187,STP000187,332,127,Keystone ServiceTechnicianProfile 187,188.00,1,1,1,2026-08-24T00:00:00.000,2018-01-01T00:00:00.000,9999-12-31T00:00:00.000,1,8d4798da54bd5864b4d44ab30447b2868d4798da54bd5864b4d44ab30447b286
188,STP000188,265,139,Vertex ServiceTechnicianProfile 188,189.00,0,1,1,2026-08-24T00:00:00.000,2018-01-01T00:00:00.000,9999-12-31T00:00:00.000,1,392fd2f1b1fb5a89a5b89eb0560893a8392fd2f1b1fb5a89a5b89eb0560893a8
189,STP000189,47,339,Atlas ServiceTechnicianProfile 189,190.00,1,1,1,2026-08-24T00:00:00.000,2018-01-01T00:00:00.000,9999-12-31T00:00:00.000,1,8b49b590e39a556f8ce42b47d88853fb8b49b590e39a556f8ce42b47d88853fb
190,STP000190,467,259,Beacon ServiceTechnicianProfile 190,191.00,0,1,1,2026-08-24T00:00:00.000,2018-01-01T00:00:00.000,9999-12-31T00:00:00.000,1,b5901421074b576abf152c5dbad7d015b5901421074b576abf152c5dbad7d015
191,STP000191,297,426,Titan ServiceTechnicianProfile 191,192.00,1,1,1,2026-08-24T00:00:00.000,2018-01-01T00:00:00.000,9999-12-31T00:00:00.000,1,e57359bd9a665e77a79d551eb4384c37e57359bd9a665e77a79d551eb4384c37
192,STP000192,442,41,Beacon ServiceTechnicianProfile 192,193.00,0,1,1,2026-08-24T00:00:00.000,2018-01-01T00:00:00.000,9999-12-31T00:00:00.000,1,e2c70cf15bbb5121a5c62bb45ba6d511e2c70cf15bbb5121a5c62bb45ba6d511
193,STP000193,285,146,Harbor ServiceTechnicianProfile 193,194.00,1,1,1,2026-08-24T00:00:00.000,2018-01-01T00:00:00.000,9999-12-31T00:00:00.000,1,2b3eda22b0735999ba45ac6365b188da2b3eda22b0735999ba45ac6365b188da
194,STP000194,418,485,Forge ServiceTechnicianProfile 194,195.00,0,1,1,2026-08-24T00:00:00.000,2018-01-01T00:00:00.000,9999-12-31T00:00:00.000,1,20a51d4667f75db4acc5b40db64e6db920a51d4667f75db4acc5b40db64e6db9
195,STP000195,395,164,Cedar ServiceTechnicianProfile 195,196.00,1,1,1,2026-08-24T00:00:00.000,2018-01-01T00:00:00.000,9999-12-31T00:00:00.000,1,0dbd9c1881c95b5dbda9c19d3d0774fb0dbd9c1881c95b5dbda9c19d3d0774fb
196,STP000196,82,116,Riverton ServiceTechnicianProfile 196,197.00,0,1,1,2026-08-24T00:00:00.000,2018-01-01T00:00:00.000,9999-12-31T00:00:00.000,1,cbe1f410756654e3abc969fdc17cb10ecbe1f410756654e3abc969fdc17cb10e
197,STP000197,453,385,Forge ServiceTechnicianProfile 197,198.00,1,1,1,2026-08-24T00:00:00.000,2018-01-01T00:00:00.000,9999-12-31T00:00:00.000,1,94c2dd3cb1865795b379adefab8232bd94c2dd3cb1865795b379adefab8232bd
198,STP000198,290,97,Atlas ServiceTechnicianProfile 198,199.00,0,1,1,2026-08-24T00:00:00.000,2018-01-01T00:00:00.000,9999-12-31T00:00:00.000,1,534dbbad3f9f5f16acdcc464c71b43c7534dbbad3f9f5f16acdcc464c71b43c7
199,STP000199,179,180,Northstar ServiceTechnicianProfile 199,200.00,1,1,1,2026-08-24T00:00:00.000,2018-01-01T00:00:00.000,9999-12-31T00:00:00.000,1,5814d0caede558448f8ced5d79981eb35814d0caede558448f8ced5d79981eb3
200,STP000200,88,78,Northstar ServiceTechnicianProfile 200,201.00,0,1,1,2026-08-24T00:00:00.000,2018-01-01T00:00:00.000,9999-12-31T00:00:00.000,1,48c4ccaae61856b48628e97d1634866148c4ccaae61856b48628e97d16348661
201,STP000201,439,312,Vertex ServiceTechnicianProfile 201,202.00,1,1,1,2026-08-24T00:00:00.000,2018-01-01T00:00:00.000,9999-12-31T00:00:00.000,1,127a925637cd57dd9c1b0c4209ee2308127a925637cd57dd9c1b0c4209ee2308
202,STP000202,451,150,Quartz ServiceTechnicianProfile 202,203.00,0,1,1,2026-08-24T00:00:00.000,2018-01-01T00:00:00.000,9999-12-31T00:00:00.000,1,e5da52203583596cb21121bef0f4b406e5da52203583596cb21121bef0f4b406
203,STP000203,479,418,Riverton ServiceTechnicianProfile 203,204.00,1,1,1,2026-08-24T00:00:00.000,2018-01-01T00:00:00.000,9999-12-31T00:00:00.000,1,58a58b4b21685d938c6f692d06ba85a158a58b4b21685d938c6f692d06ba85a1
204,STP000204,342,489,Ion ServiceTechnicianProfile 204,205.00,0,1,1,2026-08-24T00:00:00.000,2018-01-01T00:00:00.000,9999-12-31T00:00:00.000,1,584f5c050cae55f7bfd5005c753bb0bb584f5c050cae55f7bfd5005c753bb0bb
205,STP000205,339,195,Vertex ServiceTechnicianProfile 205,206.00,1,1,1,2026-08-24T00:00:00.000,2018-01-01T00:00:00.000,9999-12-31T00:00:00.000,1,069c8283fd525f0baf0a8d1e460f1b9b069c8283fd525f0baf0a8d1e460f1b9b
206,STP000206,454,168,Unity ServiceTechnicianProfile 206,207.00,0,1,1,2026-08-24T00:00:00.000,2018-01-01T00:00:00.000,9999-12-31T00:00:00.000,1,b4d38e80946c5678a2c1716134d320d2b4d38e80946c5678a2c1716134d320d2
207,STP000207,322,245,Summit ServiceTechnicianProfile 207,208.00,1,1,1,2026-08-24T00:00:00.000,2018-01-01T00:00:00.000,9999-12-31T00:00:00.000,1,ac349202aebc5fcfa93f02b7db3c370bac349202aebc5fcfa93f02b7db3c370b
208,STP000208,180,490,Summit ServiceTechnicianProfile 208,209.00,0,1,1,2026-08-24T00:00:00.000,2018-01-01T00:00:00.000,9999-12-31T00:00:00.000,1,e570b3f61eea54bfa6f1f99bb45e590fe570b3f61eea54bfa6f1f99bb45e590f
209,STP000209,121,153,Meridian ServiceTechnicianProfile 209,210.00,1,1,1,2026-08-24T00:00:00.000,2018-01-01T00:00:00.000,9999-12-31T00:00:00.000,1,9a8cef7cf2125d148e507658c6e4c88d9a8cef7cf2125d148e507658c6e4c88d
210,STP000210,325,290,Liberty ServiceTechnicianProfile 210,211.00,0,1,1,2026-08-24T00:00:00.000,2018-01-01T00:00:00.000,9999-12-31T00:00:00.000,1,d3e6f2f8eac9561e80316ea5059f65f7d3e6f2f8eac9561e80316ea5059f65f7
211,STP000211,329,411,Northstar ServiceTechnicianProfile 211,212.00,1,1,1,2026-08-24T00:00:00.000,2018-01-01T00:00:00.000,9999-12-31T00:00:00.000,1,eebf4683947f5ad393da757f88f7d764eebf4683947f5ad393da757f88f7d764
212,STP000212,450,452,Ion ServiceTechnicianProfile 212,213.00,0,1,1,2026-08-24T00:00:00.000,2018-01-01T00:00:00.000,9999-12-31T00:00:00.000,1,b256bfce271c5bbb9b280e82f0978157b256bfce271c5bbb9b280e82f0978157
213,STP000213,330,455,Keystone ServiceTechnicianProfile 213,214.00,1,1,1,2026-08-24T00:00:00.000,2018-01-01T00:00:00.000,9999-12-31T00:00:00.000,1,85b65a1b935e5795a0bc1adcc64f585485b65a1b935e5795a0bc1adcc64f5854
214,STP000214,152,135,Pioneer ServiceTechnicianProfile 214,215.00,0,1,1,2026-08-24T00:00:00.000,2018-01-01T00:00:00.000,9999-12-31T00:00:00.000,1,4f62781d05a751808baac767c978bf074f62781d05a751808baac767c978bf07
215,STP000215,176,179,Granite ServiceTechnicianProfile 215,216.00,1,1,1,2026-08-24T00:00:00.000,2018-01-01T00:00:00.000,9999-12-31T00:00:00.000,1,c8406e7b29a7564aaca4d2f63a751c5fc8406e7b29a7564aaca4d2f63a751c5f
216,STP000216,57,93,Harbor ServiceTechnicianProfile 216,217.00,0,1,1,2026-08-24T00:00:00.000,2018-01-01T00:00:00.000,9999-12-31T00:00:00.000,1,f79f13da17aa58808dcfd0be2b49615ff79f13da17aa58808dcfd0be2b49615f
217,STP000217,71,129,Ion ServiceTechnicianProfile 217,218.00,1,1,1,2026-08-24T00:00:00.000,2018-01-01T00:00:00.000,9999-12-31T00:00:00.000,1,c68e49cc31b3572c901afb5b4b61b3acc68e49cc31b3572c901afb5b4b61b3ac
218,STP000218,174,458,Quartz ServiceTechnicianProfile 218,219.00,0,1,1,2026-08-24T00:00:00.000,2018-01-01T00:00:00.000,9999-12-31T00:00:00.000,1,fa03db68d509569bbb341b5beff8b9c7fa03db68d509569bbb341b5beff8b9c7
219,STP000219,355,331,Pioneer ServiceTechnicianProfile 219,220.00,1,1,1,2026-08-24T00:00:00.000,2018-01-01T00:00:00.000,9999-12-31T00:00:00.000,1,9c7d4536c05352d3bca29af2e805864f9c7d4536c05352d3bca29af2e805864f
220,STP000220,84,360,Titan ServiceTechnicianProfile 220,221.00,0,1,1,2026-08-24T00:00:00.000,2018-01-01T00:00:00.000,9999-12-31T00:00:00.000,1,f9025b7399cc55578ca346ba9c8e5501f9025b7399cc55578ca346ba9c8e5501
221,STP000221,283,365,Granite ServiceTechnicianProfile 221,222.00,1,1,1,2026-08-24T00:00:00.000,2018-01-01T00:00:00.000,9999-12-31T00:00:00.000,1,2c7d2f74772d5849849f09130e54658f2c7d2f74772d5849849f09130e54658f
222,STP000222,96,486,Ion ServiceTechnicianProfile 222,223.00,0,1,1,2026-08-24T00:00:00.000,2018-01-01T00:00:00.000,9999-12-31T00:00:00.000,1,aa4e48ef4f84574a9a9eced3f6ba8d52aa4e48ef4f84574a9a9eced3f6ba8d52
223,STP000223,259,339,Cedar ServiceTechnicianProfile 223,224.00,1,1,1,2026-08-24T00:00:00.000,2018-01-01T00:00:00.000,9999-12-31T00:00:00.000,1,b87a0c1ee8555337b9b7e1a237fb89fdb87a0c1ee8555337b9b7e1a237fb89fd
224,STP000224,408,200,Titan ServiceTechnicianProfile 224,225.00,0,1,1,2026-08-24T00:00:00.000,2018-01-01T00:00:00.000,9999-12-31T00:00:00.000,1,58adf587acdb5ab89cfb68a782d9022858adf587acdb5ab89cfb68a782d90228
225,STP000225,453,64,Evergreen ServiceTechnicianProfile 225,226.00,1,1,1,2026-08-24T00:00:00.000,2018-01-01T00:00:00.000,9999-12-31T00:00:00.000,1,8943d5724c855cd7adbd4e4d72eabd388943d5724c855cd7adbd4e4d72eabd38
226,STP000226,371,44,Orion ServiceTechnicianProfile 226,227.00,0,1,1,2026-08-24T00:00:00.000,2018-01-01T00:00:00.000,9999-12-31T00:00:00.000,1,3006dd5fd50759b98351bec58e970ba13006dd5fd50759b98351bec58e970ba1
227,STP000227,447,269,Unity ServiceTechnicianProfile 227,228.00,1,1,1,2026-08-24T00:00:00.000,2018-01-01T00:00:00.000,9999-12-31T00:00:00.000,1,814473c10cdc5d669d3b5dfb3959525f814473c10cdc5d669d3b5dfb3959525f
228,STP000228,282,247,Granite ServiceTechnicianProfile 228,229.00,0,1,1,2026-08-24T00:00:00.000,2018-01-01T00:00:00.000,9999-12-31T00:00:00.000,1,979d3355d2b953b9845ebe6073346887979d3355d2b953b9845ebe6073346887
229,STP000229,232,244,Pioneer ServiceTechnicianProfile 229,230.00,1,1,1,2026-08-24T00:00:00.000,2018-01-01T00:00:00.000,9999-12-31T00:00:00.000,1,ff09ca06b8375482847e22908a10045eff09ca06b8375482847e22908a10045e
230,STP000230,368,199,Pioneer ServiceTechnicianProfile 230,231.00,0,1,1,2026-08-24T00:00:00.000,2018-01-01T00:00:00.000,9999-12-31T00:00:00.000,1,14d251420d615705b97f67365150fa1314d251420d615705b97f67365150fa13
231,STP000231,282,40,Forge ServiceTechnicianProfile 231,232.00,1,1,1,2026-08-24T00:00:00.000,2018-01-01T00:00:00.000,9999-12-31T00:00:00.000,1,1e8d06a4147d52a5b03ccec0763daa451e8d06a4147d52a5b03ccec0763daa45
232,STP000232,328,306,Unity ServiceTechnicianProfile 232,233.00,0,1,1,2026-08-24T00:00:00.000,2018-01-01T00:00:00.000,9999-12-31T00:00:00.000,1,d7bc6c85f9e055ba821cab23abc87f1dd7bc6c85f9e055ba821cab23abc87f1d
233,STP000233,331,180,Zenith ServiceTechnicianProfile 233,234.00,1,1,1,2026-08-24T00:00:00.000,2018-01-01T00:00:00.000,9999-12-31T00:00:00.000,1,cf0160155ecb5d4696b20de8bee65801cf0160155ecb5d4696b20de8bee65801
234,STP000234,470,127,Zenith ServiceTechnicianProfile 234,235.00,0,1,1,2026-08-24T00:00:00.000,2018-01-01T00:00:00.000,9999-12-31T00:00:00.000,1,068360d27b205d74ba786ad226461ea9068360d27b205d74ba786ad226461ea9
235,STP000235,322,169,Ion ServiceTechnicianProfile 235,236.00,1,1,1,2026-08-24T00:00:00.000,2018-01-01T00:00:00.000,9999-12-31T00:00:00.000,1,22449d62627c5fc08d8af36102fb71da22449d62627c5fc08d8af36102fb71da
236,STP000236,344,486,Ion ServiceTechnicianProfile 236,237.00,0,1,1,2026-08-24T00:00:00.000,2018-01-01T00:00:00.000,9999-12-31T00:00:00.000,1,0a0a85faef4e5b0e9eedf3289cfeab360a0a85faef4e5b0e9eedf3289cfeab36
237,STP000237,84,347,Forge ServiceTechnicianProfile 237,238.00,1,1,1,2026-08-24T00:00:00.000,2018-01-01T00:00:00.000,9999-12-31T00:00:00.000,1,fd5e64d238e450ff9667ded98a9ab0f4fd5e64d238e450ff9667ded98a9ab0f4
238,STP000238,122,286,Willow ServiceTechnicianProfile 238,239.00,0,1,1,2026-08-24T00:00:00.000,2018-01-01T00:00:00.000,9999-12-31T00:00:00.000,1,2f7f4fff841b52dc85a743b853eb1f702f7f4fff841b52dc85a743b853eb1f70
239,STP000239,1,322,Cedar ServiceTechnicianProfile 239,240.00,1,1,1,2026-08-24T00:00:00.000,2018-01-01T00:00:00.000,9999-12-31T00:00:00.000,1,1c674cc5bf7b5b5a849d88ab621271841c674cc5bf7b5b5a849d88ab62127184
240,STP000240,148,181,Granite ServiceTechnicianProfile 240,241.00,0,1,1,2026-08-24T00:00:00.000,2018-01-01T00:00:00.000,9999-12-31T00:00:00.000,1,f5b45f4657555f8b93cd6c122a4e471bf5b45f4657555f8b93cd6c122a4e471b
241,STP000241,366,422,Riverton ServiceTechnicianProfile 241,242.00,1,1,1,2026-08-24T00:00:00.000,2018-01-01T00:00:00.000,9999-12-31T00:00:00.000,1,ec74d282a62c5a169d9f9895c76b0289ec74d282a62c5a169d9f9895c76b0289
242,STP000242,301,398,Junction ServiceTechnicianProfile 242,243.00,0,1,1,2026-08-24T00:00:00.000,2018-01-01T00:00:00.000,9999-12-31T00:00:00.000,1,2f94a1f6f4a35793924b4cd7528a70ec2f94a1f6f4a35793924b4cd7528a70ec
243,STP000243,176,373,Zenith ServiceTechnicianProfile 243,244.00,1,1,1,2026-08-24T00:00:00.000,2018-01-01T00:00:00.000,9999-12-31T00:00:00.000,1,f961055da5dd541a9e96f055c6f278adf961055da5dd541a9e96f055c6f278ad
244,STP000244,490,386,Atlas ServiceTechnicianProfile 244,245.00,0,1,1,2026-08-24T00:00:00.000,2018-01-01T00:00:00.000,9999-12-31T00:00:00.000,1,0e47684978fc541fb8ddc4359456e2b30e47684978fc541fb8ddc4359456e2b3
245,STP000245,427,113,Unity ServiceTechnicianProfile 245,246.00,1,1,1,2026-08-24T00:00:00.000,2018-01-01T00:00:00.000,9999-12-31T00:00:00.000,1,1a4d1806b5f658aca4920301a20ff6521a4d1806b5f658aca4920301a20ff652
246,STP000246,449,148,Unity ServiceTechnicianProfile 246,247.00,0,1,1,2026-08-24T00:00:00.000,2018-01-01T00:00:00.000,9999-12-31T00:00:00.000,1,748e836f2757508895e059cc80bbb3a4748e836f2757508895e059cc80bbb3a4
247,STP000247,154,34,Cedar ServiceTechnicianProfile 247,248.00,1,1,1,2026-08-24T00:00:00.000,2018-01-01T00:00:00.000,9999-12-31T00:00:00.000,1,3110d29faae5563f9d4fefb5fa803f3c3110d29faae5563f9d4fefb5fa803f3c
248,STP000248,400,94,Summit ServiceTechnicianProfile 248,249.00,0,1,1,2026-08-24T00:00:00.000,2018-01-01T00:00:00.000,9999-12-31T00:00:00.000,1,1507e8bd144452cb96f2a6a1829f7a7e1507e8bd144452cb96f2a6a1829f7a7e
249,STP000249,484,102,Northstar ServiceTechnicianProfile 249,250.00,1,1,1,2026-08-24T00:00:00.000,2018-01-01T00:00:00.000,9999-12-31T00:00:00.000,1,7dad2321d7d8544e9ae9dc45467d0b677dad2321d7d8544e9ae9dc45467d0b67
250,STP000250,81,156,Cedar ServiceTechnicianProfile 250,251.00,0,1,1,2026-08-24T00:00:00.000,2018-01-01T00:00:00.000,9999-12-31T00:00:00.000,1,de17bb244b3b55889471f0ad599a19adde17bb244b3b55889471f0ad599a19ad
251,STP000251,92,100,Keystone ServiceTechnicianProfile 251,252.00,1,1,1,2026-08-24T00:00:00.000,2018-01-01T00:00:00.000,9999-12-31T00:00:00.000,1,8e5520e4abf55a8290b73acf68d36e8a8e5520e4abf55a8290b73acf68d36e8a
252,STP000252,337,6,Granite ServiceTechnicianProfile 252,253.00,0,1,1,2026-08-24T00:00:00.000,2018-01-01T00:00:00.000,9999-12-31T00:00:00.000,1,649973d5aa2d57e695a78d75855cfaaa649973d5aa2d57e695a78d75855cfaaa
253,STP000253,325,48,Summit ServiceTechnicianProfile 253,254.00,1,1,1,2026-08-24T00:00:00.000,2018-01-01T00:00:00.000,9999-12-31T00:00:00.000,1,aa1f178b815a5b0b842008105fcaf929aa1f178b815a5b0b842008105fcaf929
254,STP000254,222,196,Vertex ServiceTechnicianProfile 254,255.00,0,1,1,2026-08-24T00:00:00.000,2018-01-01T00:00:00.000,9999-12-31T00:00:00.000,1,e141b5efc77556709b1ce1141cba4e26e141b5efc77556709b1ce1141cba4e26
255,STP000255,466,94,Cedar ServiceTechnicianProfile 255,256.00,1,1,1,2026-08-24T00:00:00.000,2018-01-01T00:00:00.000,9999-12-31T00:00:00.000,1,896dae5b00935b788ee34452a8c9415f896dae5b00935b788ee34452a8c9415f
256,STP000256,37,9,Evergreen ServiceTechnicianProfile 256,257.00,0,1,1,2026-08-24T00:00:00.000,2018-01-01T00:00:00.000,9999-12-31T00:00:00.000,1,ed5df84872e75f35a3adcd0a5f9da3bded5df84872e75f35a3adcd0a5f9da3bd
257,STP000257,237,453,Pioneer ServiceTechnicianProfile 257,258.00,1,1,1,2026-08-24T00:00:00.000,2018-01-01T00:00:00.000,9999-12-31T00:00:00.000,1,d0c6855549aa507382fa34039f94766ad0c6855549aa507382fa34039f94766a
258,STP000258,177,243,Forge ServiceTechnicianProfile 258,259.00,0,1,1,2026-08-24T00:00:00.000,2018-01-01T00:00:00.000,9999-12-31T00:00:00.000,1,ab71f7c2b1ad57b38b0d5337efe31f3bab71f7c2b1ad57b38b0d5337efe31f3b
259,STP000259,359,46,Evergreen ServiceTechnicianProfile 259,260.00,1,1,1,2026-08-24T00:00:00.000,2018-01-01T00:00:00.000,9999-12-31T00:00:00.000,1,de29ad9ef96d5ab299be08d442f91d98de29ad9ef96d5ab299be08d442f91d98
260,STP000260,208,211,Harbor ServiceTechnicianProfile 260,261.00,0,1,1,2026-08-24T00:00:00.000,2018-01-01T00:00:00.000,9999-12-31T00:00:00.000,1,0e9b1a4d4a8950c4abe19dc1f1cab9760e9b1a4d4a8950c4abe19dc1f1cab976
261,STP000261,75,259,Zenith ServiceTechnicianProfile 261,262.00,1,1,1,2026-08-24T00:00:00.000,2018-01-01T00:00:00.000,9999-12-31T00:00:00.000,1,c94c9c729b1a55b1b2a79cbede958ce2c94c9c729b1a55b1b2a79cbede958ce2
262,STP000262,199,89,Northstar ServiceTechnicianProfile 262,263.00,0,1,1,2026-08-24T00:00:00.000,2018-01-01T00:00:00.000,9999-12-31T00:00:00.000,1,ba9e5dda065f530f823a2b25b4507cafba9e5dda065f530f823a2b25b4507caf
263,STP000263,499,303,Granite ServiceTechnicianProfile 263,264.00,1,1,1,2026-08-24T00:00:00.000,2018-01-01T00:00:00.000,9999-12-31T00:00:00.000,1,8280ae5b9fc9547a9976af61aa10ea668280ae5b9fc9547a9976af61aa10ea66
264,STP000264,334,496,Orion ServiceTechnicianProfile 264,265.00,0,1,1,2026-08-24T00:00:00.000,2018-01-01T00:00:00.000,9999-12-31T00:00:00.000,1,1695727f469756a280a724988ca556b91695727f469756a280a724988ca556b9
265,STP000265,460,50,Granite ServiceTechnicianProfile 265,266.00,1,1,1,2026-08-24T00:00:00.000,2018-01-01T00:00:00.000,9999-12-31T00:00:00.000,1,6d5b3f55624854368ecf9d5b5cdd20986d5b3f55624854368ecf9d5b5cdd2098
266,STP000266,301,265,Ion ServiceTechnicianProfile 266,267.00,0,1,1,2026-08-24T00:00:00.000,2018-01-01T00:00:00.000,9999-12-31T00:00:00.000,1,22780f0ea976557bb62d806f102842ca22780f0ea976557bb62d806f102842ca
267,STP000267,294,249,Vertex ServiceTechnicianProfile 267,268.00,1,1,1,2026-08-24T00:00:00.000,2018-01-01T00:00:00.000,9999-12-31T00:00:00.000,1,88a094c76b7f558db0bd74b38bc1987188a094c76b7f558db0bd74b38bc19871
268,STP000268,359,132,Vertex ServiceTechnicianProfile 268,269.00,0,1,1,2026-08-24T00:00:00.000,2018-01-01T00:00:00.000,9999-12-31T00:00:00.000,1,392e288606b0598a92eb1e8e03f245d6392e288606b0598a92eb1e8e03f245d6
269,STP000269,212,346,Evergreen ServiceTechnicianProfile 269,270.00,1,1,1,2026-08-24T00:00:00.000,2018-01-01T00:00:00.000,9999-12-31T00:00:00.000,1,451a7f5178675852b625a28e5fa72a2b451a7f5178675852b625a28e5fa72a2b
270,STP000270,193,136,Ion ServiceTechnicianProfile 270,271.00,0,1,1,2026-08-24T00:00:00.000,2018-01-01T00:00:00.000,9999-12-31T00:00:00.000,1,bd7fd4304f8057eaa6a7804ba2c17dc5bd7fd4304f8057eaa6a7804ba2c17dc5
271,STP000271,92,108,Meridian ServiceTechnicianProfile 271,272.00,1,1,1,2026-08-24T00:00:00.000,2018-01-01T00:00:00.000,9999-12-31T00:00:00.000,1,ba38af66254b5d8b94b258c74098bbe0ba38af66254b5d8b94b258c74098bbe0
272,STP000272,45,407,Quartz ServiceTechnicianProfile 272,273.00,0,1,1,2026-08-24T00:00:00.000,2018-01-01T00:00:00.000,9999-12-31T00:00:00.000,1,2738003e77bf51dabc036f653b3c29052738003e77bf51dabc036f653b3c2905
273,STP000273,265,35,Keystone ServiceTechnicianProfile 273,274.00,1,1,1,2026-08-24T00:00:00.000,2018-01-01T00:00:00.000,9999-12-31T00:00:00.000,1,f009d2bf610b5e00a867ce08991cf4d0f009d2bf610b5e00a867ce08991cf4d0
274,STP000274,269,281,Delta ServiceTechnicianProfile 274,275.00,0,1,1,2026-08-24T00:00:00.000,2018-01-01T00:00:00.000,9999-12-31T00:00:00.000,1,ae582d4a6b72548090c0cbd1ba8ef3a8ae582d4a6b72548090c0cbd1ba8ef3a8
275,STP000275,283,422,Delta ServiceTechnicianProfile 275,276.00,1,1,1,2026-08-24T00:00:00.000,2018-01-01T00:00:00.000,9999-12-31T00:00:00.000,1,1a2460aa66d15f1395b0ccbcee5d7f121a2460aa66d15f1395b0ccbcee5d7f12
276,STP000276,76,268,Delta ServiceTechnicianProfile 276,277.00,0,1,1,2026-08-24T00:00:00.000,2018-01-01T00:00:00.000,9999-12-31T00:00:00.000,1,0eeaf8d0987e58e7919482b4d547a6db0eeaf8d0987e58e7919482b4d547a6db
277,STP000277,225,183,Quartz ServiceTechnicianProfile 277,278.00,1,1,1,2026-08-24T00:00:00.000,2018-01-01T00:00:00.000,9999-12-31T00:00:00.000,1,ad5c0edd13cc55b99031f91432a5c2d6ad5c0edd13cc55b99031f91432a5c2d6
278,STP000278,490,453,Atlas ServiceTechnicianProfile 278,279.00,0,1,1,2026-08-24T00:00:00.000,2018-01-01T00:00:00.000,9999-12-31T00:00:00.000,1,9a3f444975a758c287e99616e4f58ead9a3f444975a758c287e99616e4f58ead
279,STP000279,198,118,Harbor ServiceTechnicianProfile 279,280.00,1,1,1,2026-08-24T00:00:00.000,2018-01-01T00:00:00.000,9999-12-31T00:00:00.000,1,27540f16716e5615be160361b5d24d6d27540f16716e5615be160361b5d24d6d
280,STP000280,404,58,Granite ServiceTechnicianProfile 280,281.00,0,1,1,2026-08-24T00:00:00.000,2018-01-01T00:00:00.000,9999-12-31T00:00:00.000,1,ce1f3a53e07e5056a86239c202425c31ce1f3a53e07e5056a86239c202425c31
281,STP000281,89,353,Vertex ServiceTechnicianProfile 281,282.00,1,1,1,2026-08-24T00:00:00.000,2018-01-01T00:00:00.000,9999-12-31T00:00:00.000,1,299400a9fe7553f68c4c1ec38521da3b299400a9fe7553f68c4c1ec38521da3b
282,STP000282,247,453,Titan ServiceTechnicianProfile 282,283.00,0,1,1,2026-08-24T00:00:00.000,2018-01-01T00:00:00.000,9999-12-31T00:00:00.000,1,927134acfb725862bc815b760d239567927134acfb725862bc815b760d239567
283,STP000283,14,232,Junction ServiceTechnicianProfile 283,284.00,1,1,1,2026-08-24T00:00:00.000,2018-01-01T00:00:00.000,9999-12-31T00:00:00.000,1,e5fdbcce67585cdf9ec0751b68bd9031e5fdbcce67585cdf9ec0751b68bd9031
284,STP000284,180,391,Titan ServiceTechnicianProfile 284,285.00,0,1,1,2026-08-24T00:00:00.000,2018-01-01T00:00:00.000,9999-12-31T00:00:00.000,1,d6187e0e20995b45b9de9e36e7b87549d6187e0e20995b45b9de9e36e7b87549
285,STP000285,278,164,Junction ServiceTechnicianProfile 285,286.00,1,1,1,2026-08-24T00:00:00.000,2018-01-01T00:00:00.000,9999-12-31T00:00:00.000,1,cec769b1183952208821f5d7193141e6cec769b1183952208821f5d7193141e6
286,STP000286,201,45,Cedar ServiceTechnicianProfile 286,287.00,0,1,1,2026-08-24T00:00:00.000,2018-01-01T00:00:00.000,9999-12-31T00:00:00.000,1,8aee52bb7f3558d898abc9d34e9b34c68aee52bb7f3558d898abc9d34e9b34c6
287,STP000287,246,273,Atlas ServiceTechnicianProfile 287,288.00,1,1,1,2026-08-24T00:00:00.000,2018-01-01T00:00:00.000,9999-12-31T00:00:00.000,1,7265d32efd1655bfa3e55555818329be7265d32efd1655bfa3e55555818329be
288,STP000288,39,253,Ion ServiceTechnicianProfile 288,289.00,0,1,1,2026-08-24T00:00:00.000,2018-01-01T00:00:00.000,9999-12-31T00:00:00.000,1,3af8156e2d15578bb5fecb77eafd5b0c3af8156e2d15578bb5fecb77eafd5b0c
289,STP000289,206,226,Cedar ServiceTechnicianProfile 289,290.00,1,1,1,2026-08-24T00:00:00.000,2018-01-01T00:00:00.000,9999-12-31T00:00:00.000,1,93d6f62e272c567ca74ab18bc0f9748293d6f62e272c567ca74ab18bc0f97482
290,STP000290,78,471,Orion ServiceTechnicianProfile 290,291.00,0,1,1,2026-08-24T00:00:00.000,2018-01-01T00:00:00.000,9999-12-31T00:00:00.000,1,276fa63a67555b3397a0d4c3bc5c093f276fa63a67555b3397a0d4c3bc5c093f
291,STP000291,15,447,Ion ServiceTechnicianProfile 291,292.00,1,1,1,2026-08-24T00:00:00.000,2018-01-01T00:00:00.000,9999-12-31T00:00:00.000,1,30fb8caf367659d4bd665fe0481745cb30fb8caf367659d4bd665fe0481745cb
292,STP000292,219,152,Ion ServiceTechnicianProfile 292,293.00,0,1,1,2026-08-24T00:00:00.000,2018-01-01T00:00:00.000,9999-12-31T00:00:00.000,1,95701380b9a557c496cb7dbec16f7a1295701380b9a557c496cb7dbec16f7a12
293,STP000293,260,248,Delta ServiceTechnicianProfile 293,294.00,1,1,1,2026-08-24T00:00:00.000,2018-01-01T00:00:00.000,9999-12-31T00:00:00.000,1,a76f516edfd950b689628626da740606a76f516edfd950b689628626da740606
294,STP000294,393,213,Ion ServiceTechnicianProfile 294,295.00,0,1,1,2026-08-24T00:00:00.000,2018-01-01T00:00:00.000,9999-12-31T00:00:00.000,1,78ad4712f69f5bb1a64a1ffe44dde86378ad4712f69f5bb1a64a1ffe44dde863
295,STP000295,344,424,Atlas ServiceTechnicianProfile 295,296.00,1,1,1,2026-08-24T00:00:00.000,2018-01-01T00:00:00.000,9999-12-31T00:00:00.000,1,5e81ec24e3085e98b2a3ca1014ba0ce35e81ec24e3085e98b2a3ca1014ba0ce3
296,STP000296,483,365,Atlas ServiceTechnicianProfile 296,297.00,0,1,1,2026-08-24T00:00:00.000,2018-01-01T00:00:00.000,9999-12-31T00:00:00.000,1,284947d5f2fb5fbbb42797f52bdcd663284947d5f2fb5fbbb42797f52bdcd663
297,STP000297,253,356,Meridian ServiceTechnicianProfile 297,298.00,1,1,1,2026-08-24T00:00:00.000,2018-01-01T00:00:00.000,9999-12-31T00:00:00.000,1,fbf875c0823259aa80dae3fa51490cf2fbf875c0823259aa80dae3fa51490cf2
298,STP000298,21,243,Willow ServiceTechnicianProfile 298,299.00,0,1,1,2026-08-24T00:00:00.000,2018-01-01T00:00:00.000,9999-12-31T00:00:00.000,1,6784ab2af4e853b3abf99762fa805c8d6784ab2af4e853b3abf99762fa805c8d
299,STP000299,121,180,Unity ServiceTechnicianProfile 299,300.00,1,1,1,2026-08-24T00:00:00.000,2018-01-01T00:00:00.000,9999-12-31T00:00:00.000,1,3606002b52775d0b914875d44d8c00b63606002b52775d0b914875d44d8c00b6
300,STP000300,313,312,Riverton ServiceTechnicianProfile 300,301.00,0,1,1,2026-08-24T00:00:00.000,2018-01-01T00:00:00.000,9999-12-31T00:00:00.000,1,dd85d80d86d25c6f8079d54ed0bb6c42dd85d80d86d25c6f8079d54ed0bb6c42
301,STP000301,422,305,Meridian ServiceTechnicianProfile 301,302.00,1,1,1,2026-08-24T00:00:00.000,2018-01-01T00:00:00.000,9999-12-31T00:00:00.000,1,1ad1e3f3ef955303a3c2fbb86a5938221ad1e3f3ef955303a3c2fbb86a593822
302,STP000302,422,205,Atlas ServiceTechnicianProfile 302,303.00,0,1,1,2026-08-24T00:00:00.000,2018-01-01T00:00:00.000,9999-12-31T00:00:00.000,1,4ca54c740e4456cfb7ba46f9c6a6dec14ca54c740e4456cfb7ba46f9c6a6dec1
303,STP000303,387,148,Quartz ServiceTechnicianProfile 303,304.00,1,1,1,2026-08-24T00:00:00.000,2018-01-01T00:00:00.000,9999-12-31T00:00:00.000,1,fb0d97301dac5329b3fbc5305375f671fb0d97301dac5329b3fbc5305375f671
304,STP000304,318,416,Granite ServiceTechnicianProfile 304,305.00,0,1,1,2026-08-24T00:00:00.000,2018-01-01T00:00:00.000,9999-12-31T00:00:00.000,1,207f9b3f5d9c56d191c4bc91b42d9c0d207f9b3f5d9c56d191c4bc91b42d9c0d
305,STP000305,26,417,Forge ServiceTechnicianProfile 305,306.00,1,1,1,2026-08-24T00:00:00.000,2018-01-01T00:00:00.000,9999-12-31T00:00:00.000,1,b922e49ece2d5360a84fd2cae7591dfeb922e49ece2d5360a84fd2cae7591dfe
306,STP000306,302,105,Willow ServiceTechnicianProfile 306,307.00,0,1,1,2026-08-24T00:00:00.000,2018-01-01T00:00:00.000,9999-12-31T00:00:00.000,1,7fb8a071e9fc5754ad17195b5f5937ec7fb8a071e9fc5754ad17195b5f5937ec
307,STP000307,265,324,Atlas ServiceTechnicianProfile 307,308.00,1,1,1,2026-08-24T00:00:00.000,2018-01-01T00:00:00.000,9999-12-31T00:00:00.000,1,bbd10e6ca7ec5f80b44d31f25c058f55bbd10e6ca7ec5f80b44d31f25c058f55
308,STP000308,101,253,Pioneer ServiceTechnicianProfile 308,309.00,0,1,1,2026-08-24T00:00:00.000,2018-01-01T00:00:00.000,9999-12-31T00:00:00.000,1,112ab7a94c655470a8cec0cd42287180112ab7a94c655470a8cec0cd42287180
309,STP000309,395,353,Liberty ServiceTechnicianProfile 309,310.00,1,1,1,2026-08-24T00:00:00.000,2018-01-01T00:00:00.000,9999-12-31T00:00:00.000,1,08cecfbfe87a5b5f81897781baa722ef08cecfbfe87a5b5f81897781baa722ef
310,STP000310,66,461,Evergreen ServiceTechnicianProfile 310,311.00,0,1,1,2026-08-24T00:00:00.000,2018-01-01T00:00:00.000,9999-12-31T00:00:00.000,1,64dc346720b85ec687b0cdeab8d453ff64dc346720b85ec687b0cdeab8d453ff
311,STP000311,196,21,Ion ServiceTechnicianProfile 311,312.00,1,1,1,2026-08-24T00:00:00.000,2018-01-01T00:00:00.000,9999-12-31T00:00:00.000,1,36c0eff68783508da19e9f3fe1c5713a36c0eff68783508da19e9f3fe1c5713a
312,STP000312,84,251,Granite ServiceTechnicianProfile 312,313.00,0,1,1,2026-08-24T00:00:00.000,2018-01-01T00:00:00.000,9999-12-31T00:00:00.000,1,60f2a8d374c55562b3c7f7cb7b5add6c60f2a8d374c55562b3c7f7cb7b5add6c
313,STP000313,74,87,Evergreen ServiceTechnicianProfile 313,314.00,1,1,1,2026-08-24T00:00:00.000,2018-01-01T00:00:00.000,9999-12-31T00:00:00.000,1,ed55acec4f575713adade776dbbde7d4ed55acec4f575713adade776dbbde7d4
314,STP000314,435,46,Beacon ServiceTechnicianProfile 314,315.00,0,1,1,2026-08-24T00:00:00.000,2018-01-01T00:00:00.000,9999-12-31T00:00:00.000,1,65d1ac8d1b9d5579bda55dcc43610a6d65d1ac8d1b9d5579bda55dcc43610a6d
315,STP000315,171,125,Riverton ServiceTechnicianProfile 315,316.00,1,1,1,2026-08-24T00:00:00.000,2018-01-01T00:00:00.000,9999-12-31T00:00:00.000,1,872c689783605757abebb64b7020b9d4872c689783605757abebb64b7020b9d4
316,STP000316,322,192,Junction ServiceTechnicianProfile 316,317.00,0,1,1,2026-08-24T00:00:00.000,2018-01-01T00:00:00.000,9999-12-31T00:00:00.000,1,c0f13240b945521bbc6973e083fcbb23c0f13240b945521bbc6973e083fcbb23
317,STP000317,408,253,Beacon ServiceTechnicianProfile 317,318.00,1,1,1,2026-08-24T00:00:00.000,2018-01-01T00:00:00.000,9999-12-31T00:00:00.000,1,fd4d31d94c495313890cd7be8d6892dffd4d31d94c495313890cd7be8d6892df
318,STP000318,262,119,Liberty ServiceTechnicianProfile 318,319.00,0,1,1,2026-08-24T00:00:00.000,2018-01-01T00:00:00.000,9999-12-31T00:00:00.000,1,1e265bd37a8f569a99c21fda7c7cc4d21e265bd37a8f569a99c21fda7c7cc4d2
319,STP000319,107,294,Summit ServiceTechnicianProfile 319,320.00,1,1,1,2026-08-24T00:00:00.000,2018-01-01T00:00:00.000,9999-12-31T00:00:00.000,1,4196175e02535af8918c94afbd2f2e864196175e02535af8918c94afbd2f2e86
320,STP000320,313,232,Northstar ServiceTechnicianProfile 320,321.00,0,1,1,2026-08-24T00:00:00.000,2018-01-01T00:00:00.000,9999-12-31T00:00:00.000,1,a6e51db4cb5f5a46a81df8ca31bc3755a6e51db4cb5f5a46a81df8ca31bc3755
321,STP000321,119,36,Quartz ServiceTechnicianProfile 321,322.00,1,1,1,2026-08-24T00:00:00.000,2018-01-01T00:00:00.000,9999-12-31T00:00:00.000,1,0d6cb0978c325e55850537473f2b34940d6cb0978c325e55850537473f2b3494
322,STP000322,102,302,Junction ServiceTechnicianProfile 322,323.00,0,1,1,2026-08-24T00:00:00.000,2018-01-01T00:00:00.000,9999-12-31T00:00:00.000,1,dafcef1dc84d50ad98e15d8fdd68db70dafcef1dc84d50ad98e15d8fdd68db70
323,STP000323,74,185,Orion ServiceTechnicianProfile 323,324.00,1,1,1,2026-08-24T00:00:00.000,2018-01-01T00:00:00.000,9999-12-31T00:00:00.000,1,d150e0843ef8587fa84e5b332c3bb15fd150e0843ef8587fa84e5b332c3bb15f
324,STP000324,59,131,Vertex ServiceTechnicianProfile 324,325.00,0,1,1,2026-08-24T00:00:00.000,2018-01-01T00:00:00.000,9999-12-31T00:00:00.000,1,9c4c3821f31c5dd4bcaec8f64d3db8ba9c4c3821f31c5dd4bcaec8f64d3db8ba
325,STP000325,226,107,Orion ServiceTechnicianProfile 325,326.00,1,1,1,2026-08-24T00:00:00.000,2018-01-01T00:00:00.000,9999-12-31T00:00:00.000,1,7bfb550e2ef25328876fbe6740151fdd7bfb550e2ef25328876fbe6740151fdd
326,STP000326,419,322,Beacon ServiceTechnicianProfile 326,327.00,0,1,1,2026-08-24T00:00:00.000,2018-01-01T00:00:00.000,9999-12-31T00:00:00.000,1,3b716ddc500153929d2444856d7da8153b716ddc500153929d2444856d7da815
327,STP000327,193,97,Junction ServiceTechnicianProfile 327,328.00,1,1,1,2026-08-24T00:00:00.000,2018-01-01T00:00:00.000,9999-12-31T00:00:00.000,1,ef1144b41ba15b4e91413feb9162125bef1144b41ba15b4e91413feb9162125b
328,STP000328,94,473,Ion ServiceTechnicianProfile 328,329.00,0,1,1,2026-08-24T00:00:00.000,2018-01-01T00:00:00.000,9999-12-31T00:00:00.000,1,ddc769b7edca5137b47c75862a7a9494ddc769b7edca5137b47c75862a7a9494
329,STP000329,62,316,Quartz ServiceTechnicianProfile 329,330.00,1,1,1,2026-08-24T00:00:00.000,2018-01-01T00:00:00.000,9999-12-31T00:00:00.000,1,27920f31b7d556f7a97eb9342caaa60627920f31b7d556f7a97eb9342caaa606
330,STP000330,1,20,Forge ServiceTechnicianProfile 330,331.00,0,1,1,2026-08-24T00:00:00.000,2018-01-01T00:00:00.000,9999-12-31T00:00:00.000,1,83c11a0decff509d812e82f6cf4ec5ae83c11a0decff509d812e82f6cf4ec5ae
331,STP000331,409,413,Unity ServiceTechnicianProfile 331,332.00,1,1,1,2026-08-24T00:00:00.000,2018-01-01T00:00:00.000,9999-12-31T00:00:00.000,1,f3c2ddf57b195401b11803bc24e02255f3c2ddf57b195401b11803bc24e02255
332,STP000332,212,158,Pioneer ServiceTechnicianProfile 332,333.00,0,1,1,2026-08-24T00:00:00.000,2018-01-01T00:00:00.000,9999-12-31T00:00:00.000,1,eb3f698655e554febb6a7a6c5eaf29a4eb3f698655e554febb6a7a6c5eaf29a4
333,STP000333,264,178,Ion ServiceTechnicianProfile 333,334.00,1,1,1,2026-08-24T00:00:00.000,2018-01-01T00:00:00.000,9999-12-31T00:00:00.000,1,0f8382db686b5be2a3806e4d64ef72060f8382db686b5be2a3806e4d64ef7206
334,STP000334,485,396,Zenith ServiceTechnicianProfile 334,335.00,0,1,1,2026-08-24T00:00:00.000,2018-01-01T00:00:00.000,9999-12-31T00:00:00.000,1,882a9208e5f25058a0ed972c12954562882a9208e5f25058a0ed972c12954562
335,STP000335,415,230,Willow ServiceTechnicianProfile 335,336.00,1,1,1,2026-08-24T00:00:00.000,2018-01-01T00:00:00.000,9999-12-31T00:00:00.000,1,ac06544605a2582390ae4f37a0910a76ac06544605a2582390ae4f37a0910a76
336,STP000336,123,312,Unity ServiceTechnicianProfile 336,337.00,0,1,1,2026-08-24T00:00:00.000,2018-01-01T00:00:00.000,9999-12-31T00:00:00.000,1,ba3d58307faa5df5af12e8dbb8a0717aba3d58307faa5df5af12e8dbb8a0717a
337,STP000337,403,474,Atlas ServiceTechnicianProfile 337,338.00,1,1,1,2026-08-24T00:00:00.000,2018-01-01T00:00:00.000,9999-12-31T00:00:00.000,1,b0de2f9e8a2856f39748201bbc7e2707b0de2f9e8a2856f39748201bbc7e2707
338,STP000338,7,353,Cedar ServiceTechnicianProfile 338,339.00,0,1,1,2026-08-24T00:00:00.000,2018-01-01T00:00:00.000,9999-12-31T00:00:00.000,1,6b7a978d2b04583e8a9feaac13a827cb6b7a978d2b04583e8a9feaac13a827cb
339,STP000339,202,190,Meridian ServiceTechnicianProfile 339,340.00,1,1,1,2026-08-24T00:00:00.000,2018-01-01T00:00:00.000,9999-12-31T00:00:00.000,1,8c136a7e0ddc5f5581f274f60aed38c68c136a7e0ddc5f5581f274f60aed38c6
340,STP000340,35,260,Ion ServiceTechnicianProfile 340,341.00,0,1,1,2026-08-24T00:00:00.000,2018-01-01T00:00:00.000,9999-12-31T00:00:00.000,1,d9eae70363205f3a8a6e84e377a72318d9eae70363205f3a8a6e84e377a72318
341,STP000341,79,369,Willow ServiceTechnicianProfile 341,342.00,1,1,1,2026-08-24T00:00:00.000,2018-01-01T00:00:00.000,9999-12-31T00:00:00.000,1,9361677eabad5bb984457ce431a649829361677eabad5bb984457ce431a64982
342,STP000342,254,324,Willow ServiceTechnicianProfile 342,343.00,0,1,1,2026-08-24T00:00:00.000,2018-01-01T00:00:00.000,9999-12-31T00:00:00.000,1,5fc2a16e5afe5209929965843927d4385fc2a16e5afe5209929965843927d438
343,STP000343,193,26,Atlas ServiceTechnicianProfile 343,344.00,1,1,1,2026-08-24T00:00:00.000,2018-01-01T00:00:00.000,9999-12-31T00:00:00.000,1,e01ba58ea4e35984aea63160351e41fee01ba58ea4e35984aea63160351e41fe
344,STP000344,54,248,Forge ServiceTechnicianProfile 344,345.00,0,1,1,2026-08-24T00:00:00.000,2018-01-01T00:00:00.000,9999-12-31T00:00:00.000,1,3286f916feed58668746728a31202ad63286f916feed58668746728a31202ad6
345,STP000345,230,86,Summit ServiceTechnicianProfile 345,346.00,1,1,1,2026-08-24T00:00:00.000,2018-01-01T00:00:00.000,9999-12-31T00:00:00.000,1,89d4a3010d975ee682640072df7e7bcc89d4a3010d975ee682640072df7e7bcc
346,STP000346,215,429,Meridian ServiceTechnicianProfile 346,347.00,0,1,1,2026-08-24T00:00:00.000,2018-01-01T00:00:00.000,9999-12-31T00:00:00.000,1,a20ab4cf22435c3c8663b1a8e4e5f766a20ab4cf22435c3c8663b1a8e4e5f766
347,STP000347,393,185,Beacon ServiceTechnicianProfile 347,348.00,1,1,1,2026-08-24T00:00:00.000,2018-01-01T00:00:00.000,9999-12-31T00:00:00.000,1,d0fa15baf3c85eefae4f0d58d2d343fbd0fa15baf3c85eefae4f0d58d2d343fb
348,STP000348,275,28,Harbor ServiceTechnicianProfile 348,349.00,0,1,1,2026-08-24T00:00:00.000,2018-01-01T00:00:00.000,9999-12-31T00:00:00.000,1,07c6100534805ba08c4a2c90b947f37a07c6100534805ba08c4a2c90b947f37a
349,STP000349,325,425,Cedar ServiceTechnicianProfile 349,350.00,1,1,1,2026-08-24T00:00:00.000,2018-01-01T00:00:00.000,9999-12-31T00:00:00.000,1,f199023b34fe5d948728ee65c8fd126df199023b34fe5d948728ee65c8fd126d
350,STP000350,122,102,Ion ServiceTechnicianProfile 350,351.00,0,1,1,2026-08-24T00:00:00.000,2018-01-01T00:00:00.000,9999-12-31T00:00:00.000,1,d2a1b57dde5c59beb809e012805338a3d2a1b57dde5c59beb809e012805338a3
351,STP000351,223,292,Zenith ServiceTechnicianProfile 351,352.00,1,1,1,2026-08-24T00:00:00.000,2018-01-01T00:00:00.000,9999-12-31T00:00:00.000,1,1ee899a10c255a168a770609f5b5cd6c1ee899a10c255a168a770609f5b5cd6c
352,STP000352,17,129,Willow ServiceTechnicianProfile 352,353.00,0,1,1,2026-08-24T00:00:00.000,2018-01-01T00:00:00.000,9999-12-31T00:00:00.000,1,0d6d8a05090a5055be691a66674f34e20d6d8a05090a5055be691a66674f34e2
353,STP000353,33,487,Atlas ServiceTechnicianProfile 353,354.00,1,1,1,2026-08-24T00:00:00.000,2018-01-01T00:00:00.000,9999-12-31T00:00:00.000,1,2e2bade4f2dd5aec8016643772c389542e2bade4f2dd5aec8016643772c38954
354,STP000354,30,119,Orion ServiceTechnicianProfile 354,355.00,0,1,1,2026-08-24T00:00:00.000,2018-01-01T00:00:00.000,9999-12-31T00:00:00.000,1,9e952cc08c5757c2aaaee24a53ccbdcc9e952cc08c5757c2aaaee24a53ccbdcc
355,STP000355,346,8,Pioneer ServiceTechnicianProfile 355,356.00,1,1,1,2026-08-24T00:00:00.000,2018-01-01T00:00:00.000,9999-12-31T00:00:00.000,1,828731ebe96250a599ebb5f592cbeeb0828731ebe96250a599ebb5f592cbeeb0
356,STP000356,260,173,Ion ServiceTechnicianProfile 356,357.00,0,1,1,2026-08-24T00:00:00.000,2018-01-01T00:00:00.000,9999-12-31T00:00:00.000,1,e3b20c045f1a57be9b9f6f4df7a82937e3b20c045f1a57be9b9f6f4df7a82937
357,STP000357,265,6,Willow ServiceTechnicianProfile 357,358.00,1,1,1,2026-08-24T00:00:00.000,2018-01-01T00:00:00.000,9999-12-31T00:00:00.000,1,d20ef91bc32156d785437faff7c7c712d20ef91bc32156d785437faff7c7c712
358,STP000358,73,316,Orion ServiceTechnicianProfile 358,359.00,0,1,1,2026-08-24T00:00:00.000,2018-01-01T00:00:00.000,9999-12-31T00:00:00.000,1,c361bb8073b55f37a13845fc5f8a3fc4c361bb8073b55f37a13845fc5f8a3fc4
359,STP000359,488,319,Orion ServiceTechnicianProfile 359,360.00,1,1,1,2026-08-24T00:00:00.000,2018-01-01T00:00:00.000,9999-12-31T00:00:00.000,1,68de9bf84282509da60de189c897fd7468de9bf84282509da60de189c897fd74
360,STP000360,20,373,Harbor ServiceTechnicianProfile 360,361.00,0,1,1,2026-08-24T00:00:00.000,2018-01-01T00:00:00.000,9999-12-31T00:00:00.000,1,9249e69c30ac57efb39c7740d5f9b7fd9249e69c30ac57efb39c7740d5f9b7fd
361,STP000361,305,337,Evergreen ServiceTechnicianProfile 361,362.00,1,1,1,2026-08-24T00:00:00.000,2018-01-01T00:00:00.000,9999-12-31T00:00:00.000,1,63ddef133a5254f08ca4a7d83fa89c7b63ddef133a5254f08ca4a7d83fa89c7b
362,STP000362,215,276,Atlas ServiceTechnicianProfile 362,363.00,0,1,1,2026-08-24T00:00:00.000,2018-01-01T00:00:00.000,9999-12-31T00:00:00.000,1,650985a02c4f513798c2ba19c20f79cc650985a02c4f513798c2ba19c20f79cc
363,STP000363,133,423,Pioneer ServiceTechnicianProfile 363,364.00,1,1,1,2026-08-24T00:00:00.000,2018-01-01T00:00:00.000,9999-12-31T00:00:00.000,1,fb7f51e792fc52f597efdb8c2c49f765fb7f51e792fc52f597efdb8c2c49f765
364,STP000364,463,293,Titan ServiceTechnicianProfile 364,365.00,0,1,1,2026-08-24T00:00:00.000,2018-01-01T00:00:00.000,9999-12-31T00:00:00.000,1,6513e249b4db5374b6387fae14d9cb0f6513e249b4db5374b6387fae14d9cb0f
365,STP000365,496,423,Cedar ServiceTechnicianProfile 365,366.00,1,1,1,2026-08-24T00:00:00.000,2018-01-01T00:00:00.000,9999-12-31T00:00:00.000,1,3c32cfa5942a52758888d3ded1a500713c32cfa5942a52758888d3ded1a50071
366,STP000366,451,270,Granite ServiceTechnicianProfile 366,367.00,0,1,1,2026-08-24T00:00:00.000,2018-01-01T00:00:00.000,9999-12-31T00:00:00.000,1,a4ec82ed685652eb82b87f4ab9c8d416a4ec82ed685652eb82b87f4ab9c8d416
367,STP000367,57,293,Delta ServiceTechnicianProfile 367,368.00,1,1,1,2026-08-24T00:00:00.000,2018-01-01T00:00:00.000,9999-12-31T00:00:00.000,1,d75ab846a86d51d6a44c2a77580d3787d75ab846a86d51d6a44c2a77580d3787
368,STP000368,363,106,Cedar ServiceTechnicianProfile 368,369.00,0,1,1,2026-08-24T00:00:00.000,2018-01-01T00:00:00.000,9999-12-31T00:00:00.000,1,06b952c19ca6542cb3c6d66aafcc590f06b952c19ca6542cb3c6d66aafcc590f
369,STP000369,230,437,Forge ServiceTechnicianProfile 369,370.00,1,1,1,2026-08-24T00:00:00.000,2018-01-01T00:00:00.000,9999-12-31T00:00:00.000,1,f9ac21a1d15a5511a382ccbcd638bde7f9ac21a1d15a5511a382ccbcd638bde7
370,STP000370,383,151,Orion ServiceTechnicianProfile 370,371.00,0,1,1,2026-08-24T00:00:00.000,2018-01-01T00:00:00.000,9999-12-31T00:00:00.000,1,2ef92e5072ea5ad2947826d42c80acc52ef92e5072ea5ad2947826d42c80acc5
371,STP000371,203,266,Evergreen ServiceTechnicianProfile 371,372.00,1,1,1,2026-08-24T00:00:00.000,2018-01-01T00:00:00.000,9999-12-31T00:00:00.000,1,05afd35719545e02950beddbb09f133605afd35719545e02950beddbb09f1336
372,STP000372,428,366,Keystone ServiceTechnicianProfile 372,373.00,0,1,1,2026-08-24T00:00:00.000,2018-01-01T00:00:00.000,9999-12-31T00:00:00.000,1,f5e3848cd6ad5bc2b210bb3bcc4758d9f5e3848cd6ad5bc2b210bb3bcc4758d9
373,STP000373,17,9,Granite ServiceTechnicianProfile 373,374.00,1,1,1,2026-08-24T00:00:00.000,2018-01-01T00:00:00.000,9999-12-31T00:00:00.000,1,31d439ee16b153a59e6d607423c9c5dc31d439ee16b153a59e6d607423c9c5dc
374,STP000374,337,109,Ion ServiceTechnicianProfile 374,375.00,0,1,1,2026-08-24T00:00:00.000,2018-01-01T00:00:00.000,9999-12-31T00:00:00.000,1,a113ed5102a95d7f961336837f1c1ec7a113ed5102a95d7f961336837f1c1ec7
375,STP000375,220,64,Willow ServiceTechnicianProfile 375,376.00,1,1,1,2026-08-24T00:00:00.000,2018-01-01T00:00:00.000,9999-12-31T00:00:00.000,1,d9a098beb9b755debb25ec66204b3a77d9a098beb9b755debb25ec66204b3a77
376,STP000376,334,119,Riverton ServiceTechnicianProfile 376,377.00,0,1,1,2026-08-24T00:00:00.000,2018-01-01T00:00:00.000,9999-12-31T00:00:00.000,1,16854a55e77f5694b31c7929d050b11416854a55e77f5694b31c7929d050b114
377,STP000377,72,464,Liberty ServiceTechnicianProfile 377,378.00,1,1,1,2026-08-24T00:00:00.000,2018-01-01T00:00:00.000,9999-12-31T00:00:00.000,1,a4874f394b9f505784e5c9feb34867f7a4874f394b9f505784e5c9feb34867f7
378,STP000378,319,328,Ion ServiceTechnicianProfile 378,379.00,0,1,1,2026-08-24T00:00:00.000,2018-01-01T00:00:00.000,9999-12-31T00:00:00.000,1,20158b49f9085d8d9cd5f4a86b2b095820158b49f9085d8d9cd5f4a86b2b0958
379,STP000379,440,252,Forge ServiceTechnicianProfile 379,380.00,1,1,1,2026-08-24T00:00:00.000,2018-01-01T00:00:00.000,9999-12-31T00:00:00.000,1,039326f8086950afab2d48b7ec8e6776039326f8086950afab2d48b7ec8e6776
380,STP000380,376,29,Willow ServiceTechnicianProfile 380,381.00,0,1,1,2026-08-24T00:00:00.000,2018-01-01T00:00:00.000,9999-12-31T00:00:00.000,1,d41dfa3236b15c5e98646b3c90a4d0bed41dfa3236b15c5e98646b3c90a4d0be
381,STP000381,320,216,Beacon ServiceTechnicianProfile 381,382.00,1,1,1,2026-08-24T00:00:00.000,2018-01-01T00:00:00.000,9999-12-31T00:00:00.000,1,29b2caa5ab0c5a92bcfe6c24003d0a6729b2caa5ab0c5a92bcfe6c24003d0a67
382,STP000382,149,224,Meridian ServiceTechnicianProfile 382,383.00,0,1,1,2026-08-24T00:00:00.000,2018-01-01T00:00:00.000,9999-12-31T00:00:00.000,1,14803084241e5f278eb57989d42f19f814803084241e5f278eb57989d42f19f8
383,STP000383,11,7,Liberty ServiceTechnicianProfile 383,384.00,1,1,1,2026-08-24T00:00:00.000,2018-01-01T00:00:00.000,9999-12-31T00:00:00.000,1,e66f028a49405bdcb50b68d0515a4751e66f028a49405bdcb50b68d0515a4751
384,STP000384,404,54,Liberty ServiceTechnicianProfile 384,385.00,0,1,1,2026-08-24T00:00:00.000,2018-01-01T00:00:00.000,9999-12-31T00:00:00.000,1,78b20c13982a542fa6cb6786fbeefe2978b20c13982a542fa6cb6786fbeefe29
385,STP000385,442,7,Summit ServiceTechnicianProfile 385,386.00,1,1,1,2026-08-24T00:00:00.000,2018-01-01T00:00:00.000,9999-12-31T00:00:00.000,1,6a2a04db2b6f5fb4945cd8f80d937bec6a2a04db2b6f5fb4945cd8f80d937bec
386,STP000386,170,117,Granite ServiceTechnicianProfile 386,387.00,0,1,1,2026-08-24T00:00:00.000,2018-01-01T00:00:00.000,9999-12-31T00:00:00.000,1,155aa94964e05bc2bcd4c7ccffedb5d4155aa94964e05bc2bcd4c7ccffedb5d4
387,STP000387,282,352,Riverton ServiceTechnicianProfile 387,388.00,1,1,1,2026-08-24T00:00:00.000,2018-01-01T00:00:00.000,9999-12-31T00:00:00.000,1,45e806676e415e5d8ad8de8eb915e66745e806676e415e5d8ad8de8eb915e667
388,STP000388,370,473,Ion ServiceTechnicianProfile 388,389.00,0,1,1,2026-08-24T00:00:00.000,2018-01-01T00:00:00.000,9999-12-31T00:00:00.000,1,36fabde2fb225d0e912639450aa67d1d36fabde2fb225d0e912639450aa67d1d
389,STP000389,81,424,Forge ServiceTechnicianProfile 389,390.00,1,1,1,2026-08-24T00:00:00.000,2018-01-01T00:00:00.000,9999-12-31T00:00:00.000,1,d7c98c2458465363935887b9bc30a2d1d7c98c2458465363935887b9bc30a2d1
390,STP000390,166,238,Summit ServiceTechnicianProfile 390,391.00,0,1,1,2026-08-24T00:00:00.000,2018-01-01T00:00:00.000,9999-12-31T00:00:00.000,1,f14f399b58fe556e81f4c420ef9d95bff14f399b58fe556e81f4c420ef9d95bf
391,STP000391,416,364,Quartz ServiceTechnicianProfile 391,392.00,1,1,1,2026-08-24T00:00:00.000,2018-01-01T00:00:00.000,9999-12-31T00:00:00.000,1,ccab558888da5e33bd0a49a8cbfe620eccab558888da5e33bd0a49a8cbfe620e
392,STP000392,243,8,Northstar ServiceTechnicianProfile 392,393.00,0,1,1,2026-08-24T00:00:00.000,2018-01-01T00:00:00.000,9999-12-31T00:00:00.000,1,d037707702d05897856ca8eaee1f7ec7d037707702d05897856ca8eaee1f7ec7
393,STP000393,131,324,Riverton ServiceTechnicianProfile 393,394.00,1,1,1,2026-08-24T00:00:00.000,2018-01-01T00:00:00.000,9999-12-31T00:00:00.000,1,587b383e48885d79b74957a558c39670587b383e48885d79b74957a558c39670
394,STP000394,185,108,Keystone ServiceTechnicianProfile 394,395.00,0,1,1,2026-08-24T00:00:00.000,2018-01-01T00:00:00.000,9999-12-31T00:00:00.000,1,d97dd70d736f5ed1ac420ff6dce77f59d97dd70d736f5ed1ac420ff6dce77f59
395,STP000395,317,37,Atlas ServiceTechnicianProfile 395,396.00,1,1,1,2026-08-24T00:00:00.000,2018-01-01T00:00:00.000,9999-12-31T00:00:00.000,1,c8645fe08c3f51cdba05c0c0af9ef0d9c8645fe08c3f51cdba05c0c0af9ef0d9
396,STP000396,490,409,Willow ServiceTechnicianProfile 396,397.00,0,1,1,2026-08-24T00:00:00.000,2018-01-01T00:00:00.000,9999-12-31T00:00:00.000,1,4a5f36f1dec456deaca883179cbf22824a5f36f1dec456deaca883179cbf2282
397,STP000397,159,112,Forge ServiceTechnicianProfile 397,398.00,1,1,1,2026-08-24T00:00:00.000,2018-01-01T00:00:00.000,9999-12-31T00:00:00.000,1,5cc8d43b302e5d69a52fa877b3a4086f5cc8d43b302e5d69a52fa877b3a4086f
398,STP000398,484,452,Summit ServiceTechnicianProfile 398,399.00,0,1,1,2026-08-24T00:00:00.000,2018-01-01T00:00:00.000,9999-12-31T00:00:00.000,1,c8072fa3dae7543c962c70d7d333db89c8072fa3dae7543c962c70d7d333db89
399,STP000399,134,352,Ion ServiceTechnicianProfile 399,400.00,1,1,1,2026-08-24T00:00:00.000,2018-01-01T00:00:00.000,9999-12-31T00:00:00.000,1,93bfe6bb33ae5521a224e0c1f671439d93bfe6bb33ae5521a224e0c1f671439d
400,STP000400,330,25,Junction ServiceTechnicianProfile 400,401.00,0,1,1,2026-08-24T00:00:00.000,2018-01-01T00:00:00.000,9999-12-31T00:00:00.000,1,884780db510750c68d2ee3e62a115b89884780db510750c68d2ee3e62a115b89
401,STP000401,342,470,Junction ServiceTechnicianProfile 401,402.00,1,1,1,2026-08-24T00:00:00.000,2018-01-01T00:00:00.000,9999-12-31T00:00:00.000,1,5354c0b52cd85bc19608ec9952a3bf315354c0b52cd85bc19608ec9952a3bf31
402,STP000402,93,118,Liberty ServiceTechnicianProfile 402,403.00,0,1,1,2026-08-24T00:00:00.000,2018-01-01T00:00:00.000,9999-12-31T00:00:00.000,1,d83fbf4230885b098e631777be200f3ad83fbf4230885b098e631777be200f3a
403,STP000403,375,73,Northstar ServiceTechnicianProfile 403,404.00,1,1,1,2026-08-24T00:00:00.000,2018-01-01T00:00:00.000,9999-12-31T00:00:00.000,1,55aff014e628505ebd2cf9b71bcd0a1155aff014e628505ebd2cf9b71bcd0a11
404,STP000404,122,328,Willow ServiceTechnicianProfile 404,405.00,0,1,1,2026-08-24T00:00:00.000,2018-01-01T00:00:00.000,9999-12-31T00:00:00.000,1,a5d8a91fbb2159458f22d59327fa64d5a5d8a91fbb2159458f22d59327fa64d5
405,STP000405,59,193,Cedar ServiceTechnicianProfile 405,406.00,1,1,1,2026-08-24T00:00:00.000,2018-01-01T00:00:00.000,9999-12-31T00:00:00.000,1,159f3df87a525c7ebb3b33e1e19c5204159f3df87a525c7ebb3b33e1e19c5204
406,STP000406,103,330,Titan ServiceTechnicianProfile 406,407.00,0,1,1,2026-08-24T00:00:00.000,2018-01-01T00:00:00.000,9999-12-31T00:00:00.000,1,e47af76b4c7e53b8a92f9690ec122f26e47af76b4c7e53b8a92f9690ec122f26
407,STP000407,12,46,Beacon ServiceTechnicianProfile 407,408.00,1,1,1,2026-08-24T00:00:00.000,2018-01-01T00:00:00.000,9999-12-31T00:00:00.000,1,0ca0755fe8e95828a3c6c69e56cf6d560ca0755fe8e95828a3c6c69e56cf6d56
408,STP000408,70,142,Quartz ServiceTechnicianProfile 408,409.00,0,1,1,2026-08-24T00:00:00.000,2018-01-01T00:00:00.000,9999-12-31T00:00:00.000,1,787ee60e6e1c5964a50a350209705030787ee60e6e1c5964a50a350209705030
409,STP000409,388,281,Junction ServiceTechnicianProfile 409,410.00,1,1,1,2026-08-24T00:00:00.000,2018-01-01T00:00:00.000,9999-12-31T00:00:00.000,1,9f3e5b7266295bb684373c0d89bfc15c9f3e5b7266295bb684373c0d89bfc15c
410,STP000410,53,422,Vertex ServiceTechnicianProfile 410,411.00,0,1,1,2026-08-24T00:00:00.000,2018-01-01T00:00:00.000,9999-12-31T00:00:00.000,1,6241a8d786d85b69be11cc85617a471f6241a8d786d85b69be11cc85617a471f
411,STP000411,100,80,Liberty ServiceTechnicianProfile 411,412.00,1,1,1,2026-08-24T00:00:00.000,2018-01-01T00:00:00.000,9999-12-31T00:00:00.000,1,65bfe0e983195cc4bbd6e557d6899feb65bfe0e983195cc4bbd6e557d6899feb
412,STP000412,209,301,Delta ServiceTechnicianProfile 412,413.00,0,1,1,2026-08-24T00:00:00.000,2018-01-01T00:00:00.000,9999-12-31T00:00:00.000,1,acd552ed3fc85513b979fac4328e2448acd552ed3fc85513b979fac4328e2448
413,STP000413,67,69,Pioneer ServiceTechnicianProfile 413,414.00,1,1,1,2026-08-24T00:00:00.000,2018-01-01T00:00:00.000,9999-12-31T00:00:00.000,1,325c59c5efba5ff7965e6f6ea54fb127325c59c5efba5ff7965e6f6ea54fb127
414,STP000414,470,65,Evergreen ServiceTechnicianProfile 414,415.00,0,1,1,2026-08-24T00:00:00.000,2018-01-01T00:00:00.000,9999-12-31T00:00:00.000,1,bb4f5941a0f75d0cbea035a579dcb9cbbb4f5941a0f75d0cbea035a579dcb9cb
415,STP000415,168,240,Liberty ServiceTechnicianProfile 415,416.00,1,1,1,2026-08-24T00:00:00.000,2018-01-01T00:00:00.000,9999-12-31T00:00:00.000,1,489ae75d518a572caafe55fd06705421489ae75d518a572caafe55fd06705421
416,STP000416,331,478,Quartz ServiceTechnicianProfile 416,417.00,0,1,1,2026-08-24T00:00:00.000,2018-01-01T00:00:00.000,9999-12-31T00:00:00.000,1,e6dfb24436b85e69a1aeef35404d77aee6dfb24436b85e69a1aeef35404d77ae
417,STP000417,451,229,Summit ServiceTechnicianProfile 417,418.00,1,1,1,2026-08-24T00:00:00.000,2018-01-01T00:00:00.000,9999-12-31T00:00:00.000,1,7f1eb616d72c5349bf446ce5bb0a62997f1eb616d72c5349bf446ce5bb0a6299
418,STP000418,107,140,Zenith ServiceTechnicianProfile 418,419.00,0,1,1,2026-08-24T00:00:00.000,2018-01-01T00:00:00.000,9999-12-31T00:00:00.000,1,4b730c820a9c538483cdbd7791a3681a4b730c820a9c538483cdbd7791a3681a
419,STP000419,462,119,Keystone ServiceTechnicianProfile 419,420.00,1,1,1,2026-08-24T00:00:00.000,2018-01-01T00:00:00.000,9999-12-31T00:00:00.000,1,95efb522c7fc5cd8b044798d8bc1783795efb522c7fc5cd8b044798d8bc17837
420,STP000420,464,138,Cedar ServiceTechnicianProfile 420,421.00,0,1,1,2026-08-24T00:00:00.000,2018-01-01T00:00:00.000,9999-12-31T00:00:00.000,1,9d21d178d1db502aaac5dedea70948bd9d21d178d1db502aaac5dedea70948bd
421,STP000421,282,192,Forge ServiceTechnicianProfile 421,422.00,1,1,1,2026-08-24T00:00:00.000,2018-01-01T00:00:00.000,9999-12-31T00:00:00.000,1,ed6399e0bfd95c2eb3cfe7b82b569bd9ed6399e0bfd95c2eb3cfe7b82b569bd9
422,STP000422,1,371,Granite ServiceTechnicianProfile 422,423.00,0,1,1,2026-08-24T00:00:00.000,2018-01-01T00:00:00.000,9999-12-31T00:00:00.000,1,18ca0e34b85a5d76aef24da21fe3289818ca0e34b85a5d76aef24da21fe32898
423,STP000423,272,208,Delta ServiceTechnicianProfile 423,424.00,1,1,1,2026-08-24T00:00:00.000,2018-01-01T00:00:00.000,9999-12-31T00:00:00.000,1,9a21c087676558828855920152511a119a21c087676558828855920152511a11
424,STP000424,89,303,Liberty ServiceTechnicianProfile 424,425.00,0,1,1,2026-08-24T00:00:00.000,2018-01-01T00:00:00.000,9999-12-31T00:00:00.000,1,c1b320a638ff5c6e9738b182abc27387c1b320a638ff5c6e9738b182abc27387
425,STP000425,206,476,Liberty ServiceTechnicianProfile 425,426.00,1,1,1,2026-08-24T00:00:00.000,2018-01-01T00:00:00.000,9999-12-31T00:00:00.000,1,b8517aa096f459c2bb4dec785a02875cb8517aa096f459c2bb4dec785a02875c
426,STP000426,455,289,Pioneer ServiceTechnicianProfile 426,427.00,0,1,1,2026-08-24T00:00:00.000,2018-01-01T00:00:00.000,9999-12-31T00:00:00.000,1,9ff9d056bdfc57e9b302bf601bfe72249ff9d056bdfc57e9b302bf601bfe7224
427,STP000427,331,94,Orion ServiceTechnicianProfile 427,428.00,1,1,1,2026-08-24T00:00:00.000,2018-01-01T00:00:00.000,9999-12-31T00:00:00.000,1,15f97efbe23a51728bc3d2acfca5b2bf15f97efbe23a51728bc3d2acfca5b2bf
428,STP000428,275,500,Meridian ServiceTechnicianProfile 428,429.00,0,1,1,2026-08-24T00:00:00.000,2018-01-01T00:00:00.000,9999-12-31T00:00:00.000,1,862687c061fe51398a9135eb97df1c47862687c061fe51398a9135eb97df1c47
429,STP000429,200,291,Liberty ServiceTechnicianProfile 429,430.00,1,1,1,2026-08-24T00:00:00.000,2018-01-01T00:00:00.000,9999-12-31T00:00:00.000,1,7f1df656a0db5dae89cdc69c54ff27387f1df656a0db5dae89cdc69c54ff2738
430,STP000430,437,290,Quartz ServiceTechnicianProfile 430,431.00,0,1,1,2026-08-24T00:00:00.000,2018-01-01T00:00:00.000,9999-12-31T00:00:00.000,1,03b432f3dc3550b1ab16b9519f2eba3103b432f3dc3550b1ab16b9519f2eba31
431,STP000431,391,161,Forge ServiceTechnicianProfile 431,432.00,1,1,1,2026-08-24T00:00:00.000,2018-01-01T00:00:00.000,9999-12-31T00:00:00.000,1,a9cd396beac05b34b2d5cd94abb6c55ca9cd396beac05b34b2d5cd94abb6c55c
432,STP000432,494,171,Riverton ServiceTechnicianProfile 432,433.00,0,1,1,2026-08-24T00:00:00.000,2018-01-01T00:00:00.000,9999-12-31T00:00:00.000,1,46bf95d763145d4f965cffe0ac39940446bf95d763145d4f965cffe0ac399404
433,STP000433,150,242,Forge ServiceTechnicianProfile 433,434.00,1,1,1,2026-08-24T00:00:00.000,2018-01-01T00:00:00.000,9999-12-31T00:00:00.000,1,00d755141a54509b80946e0eef8ee1a000d755141a54509b80946e0eef8ee1a0
434,STP000434,477,77,Quartz ServiceTechnicianProfile 434,435.00,0,1,1,2026-08-24T00:00:00.000,2018-01-01T00:00:00.000,9999-12-31T00:00:00.000,1,c5fece7520a25fc48a9e09708ab3bbedc5fece7520a25fc48a9e09708ab3bbed
435,STP000435,45,334,Atlas ServiceTechnicianProfile 435,436.00,1,1,1,2026-08-24T00:00:00.000,2018-01-01T00:00:00.000,9999-12-31T00:00:00.000,1,12ea9e4c8c2459fca40eeddc05efa55c12ea9e4c8c2459fca40eeddc05efa55c
436,STP000436,324,141,Orion ServiceTechnicianProfile 436,437.00,0,1,1,2026-08-24T00:00:00.000,2018-01-01T00:00:00.000,9999-12-31T00:00:00.000,1,fe72150ea91557e3a44e385670b85f68fe72150ea91557e3a44e385670b85f68
437,STP000437,27,197,Granite ServiceTechnicianProfile 437,438.00,1,1,1,2026-08-24T00:00:00.000,2018-01-01T00:00:00.000,9999-12-31T00:00:00.000,1,e5d38a276d4852c88acc779a70ef5ed7e5d38a276d4852c88acc779a70ef5ed7
438,STP000438,500,254,Keystone ServiceTechnicianProfile 438,439.00,0,1,1,2026-08-24T00:00:00.000,2018-01-01T00:00:00.000,9999-12-31T00:00:00.000,1,a9db668b111f52908f2c94b80cc92a9fa9db668b111f52908f2c94b80cc92a9f
439,STP000439,92,49,Evergreen ServiceTechnicianProfile 439,440.00,1,1,1,2026-08-24T00:00:00.000,2018-01-01T00:00:00.000,9999-12-31T00:00:00.000,1,e963ed319bf05fb785a107e0957bf553e963ed319bf05fb785a107e0957bf553
440,STP000440,279,315,Beacon ServiceTechnicianProfile 440,441.00,0,1,1,2026-08-24T00:00:00.000,2018-01-01T00:00:00.000,9999-12-31T00:00:00.000,1,89f4ed2632ea54f8891494c16dd5654689f4ed2632ea54f8891494c16dd56546
441,STP000441,16,280,Pioneer ServiceTechnicianProfile 441,442.00,1,1,1,2026-08-24T00:00:00.000,2018-01-01T00:00:00.000,9999-12-31T00:00:00.000,1,2aa29c46e3ff54699ae81638e74656982aa29c46e3ff54699ae81638e7465698
442,STP000442,383,205,Northstar ServiceTechnicianProfile 442,443.00,0,1,1,2026-08-24T00:00:00.000,2018-01-01T00:00:00.000,9999-12-31T00:00:00.000,1,1f76f4ba04cf5ab18234c1978d806a5e1f76f4ba04cf5ab18234c1978d806a5e
443,STP000443,448,339,Summit ServiceTechnicianProfile 443,444.00,1,1,1,2026-08-24T00:00:00.000,2018-01-01T00:00:00.000,9999-12-31T00:00:00.000,1,9642328b379e5ee5ab7b81ee27832eb59642328b379e5ee5ab7b81ee27832eb5
444,STP000444,361,211,Northstar ServiceTechnicianProfile 444,445.00,0,1,1,2026-08-24T00:00:00.000,2018-01-01T00:00:00.000,9999-12-31T00:00:00.000,1,d2e5fdd103e951c2839edc1677c4cb2cd2e5fdd103e951c2839edc1677c4cb2c
445,STP000445,94,210,Pioneer ServiceTechnicianProfile 445,446.00,1,1,1,2026-08-24T00:00:00.000,2018-01-01T00:00:00.000,9999-12-31T00:00:00.000,1,39b2592c9aa958d4bb0ed766a0d61ca639b2592c9aa958d4bb0ed766a0d61ca6
446,STP000446,385,399,Harbor ServiceTechnicianProfile 446,447.00,0,1,1,2026-08-24T00:00:00.000,2018-01-01T00:00:00.000,9999-12-31T00:00:00.000,1,ddffb08cdb2157f780761493579f2aedddffb08cdb2157f780761493579f2aed
447,STP000447,284,167,Atlas ServiceTechnicianProfile 447,448.00,1,1,1,2026-08-24T00:00:00.000,2018-01-01T00:00:00.000,9999-12-31T00:00:00.000,1,bc342fb36416512bb1a42f9c3817b98fbc342fb36416512bb1a42f9c3817b98f
448,STP000448,229,421,Liberty ServiceTechnicianProfile 448,449.00,0,1,1,2026-08-24T00:00:00.000,2018-01-01T00:00:00.000,9999-12-31T00:00:00.000,1,8017fde7c9345f8bb7685260e7ffc35d8017fde7c9345f8bb7685260e7ffc35d
449,STP000449,105,427,Riverton ServiceTechnicianProfile 449,450.00,1,1,1,2026-08-24T00:00:00.000,2018-01-01T00:00:00.000,9999-12-31T00:00:00.000,1,618413ffbecc5adf8cf6dfa947dc4206618413ffbecc5adf8cf6dfa947dc4206
450,STP000450,180,184,Zenith ServiceTechnicianProfile 450,451.00,0,1,1,2026-08-24T00:00:00.000,2018-01-01T00:00:00.000,9999-12-31T00:00:00.000,1,14218d80ba5c556c8a952221d7fcec9a14218d80ba5c556c8a952221d7fcec9a
451,STP000451,307,189,Summit ServiceTechnicianProfile 451,452.00,1,1,1,2026-08-24T00:00:00.000,2018-01-01T00:00:00.000,9999-12-31T00:00:00.000,1,2a3066e47ddd5f4ca9272132e7ae09b42a3066e47ddd5f4ca9272132e7ae09b4
452,STP000452,266,278,Unity ServiceTechnicianProfile 452,453.00,0,1,1,2026-08-24T00:00:00.000,2018-01-01T00:00:00.000,9999-12-31T00:00:00.000,1,d3b1cb0159d3542f98f22fcc9e5888fcd3b1cb0159d3542f98f22fcc9e5888fc
453,STP000453,459,350,Quartz ServiceTechnicianProfile 453,454.00,1,1,1,2026-08-24T00:00:00.000,2018-01-01T00:00:00.000,9999-12-31T00:00:00.000,1,304757ab5ac1511b820986abad7c0f13304757ab5ac1511b820986abad7c0f13
454,STP000454,106,320,Delta ServiceTechnicianProfile 454,455.00,0,1,1,2026-08-24T00:00:00.000,2018-01-01T00:00:00.000,9999-12-31T00:00:00.000,1,1481b694b0aa5c66bcd89ac7f096ae0c1481b694b0aa5c66bcd89ac7f096ae0c
455,STP000455,176,28,Orion ServiceTechnicianProfile 455,456.00,1,1,1,2026-08-24T00:00:00.000,2018-01-01T00:00:00.000,9999-12-31T00:00:00.000,1,134353d5b62c5d59a57809ee74b8be08134353d5b62c5d59a57809ee74b8be08
456,STP000456,444,166,Keystone ServiceTechnicianProfile 456,457.00,0,1,1,2026-08-24T00:00:00.000,2018-01-01T00:00:00.000,9999-12-31T00:00:00.000,1,95448f6265fb56fc954408044d4e512195448f6265fb56fc954408044d4e5121
457,STP000457,259,428,Evergreen ServiceTechnicianProfile 457,458.00,1,1,1,2026-08-24T00:00:00.000,2018-01-01T00:00:00.000,9999-12-31T00:00:00.000,1,a76eb36fb6cb5c4f9eb2a95b3c615e31a76eb36fb6cb5c4f9eb2a95b3c615e31
458,STP000458,257,50,Titan ServiceTechnicianProfile 458,459.00,0,1,1,2026-08-24T00:00:00.000,2018-01-01T00:00:00.000,9999-12-31T00:00:00.000,1,f6c7d11af8a454049755bc24f01159e4f6c7d11af8a454049755bc24f01159e4
459,STP000459,126,379,Delta ServiceTechnicianProfile 459,460.00,1,1,1,2026-08-24T00:00:00.000,2018-01-01T00:00:00.000,9999-12-31T00:00:00.000,1,cf926a82d4175edf9a96f1cc51e2c84ecf926a82d4175edf9a96f1cc51e2c84e
460,STP000460,123,498,Riverton ServiceTechnicianProfile 460,461.00,0,1,1,2026-08-24T00:00:00.000,2018-01-01T00:00:00.000,9999-12-31T00:00:00.000,1,de7fce44fadf56c581f809306a6dbda0de7fce44fadf56c581f809306a6dbda0
461,STP000461,87,245,Zenith ServiceTechnicianProfile 461,462.00,1,1,1,2026-08-24T00:00:00.000,2018-01-01T00:00:00.000,9999-12-31T00:00:00.000,1,8c020bc0f585503faa578102ebea43498c020bc0f585503faa578102ebea4349
462,STP000462,59,436,Ion ServiceTechnicianProfile 462,463.00,0,1,1,2026-08-24T00:00:00.000,2018-01-01T00:00:00.000,9999-12-31T00:00:00.000,1,be456f41b4ef5003b34dcffb023d183fbe456f41b4ef5003b34dcffb023d183f
463,STP000463,80,475,Northstar ServiceTechnicianProfile 463,464.00,1,1,1,2026-08-24T00:00:00.000,2018-01-01T00:00:00.000,9999-12-31T00:00:00.000,1,b631f5957f9c520db1bd900d5cc44d47b631f5957f9c520db1bd900d5cc44d47
464,STP000464,464,82,Liberty ServiceTechnicianProfile 464,465.00,0,1,1,2026-08-24T00:00:00.000,2018-01-01T00:00:00.000,9999-12-31T00:00:00.000,1,54905ba21e7e50e199052e87ea42ed9854905ba21e7e50e199052e87ea42ed98
465,STP000465,103,472,Atlas ServiceTechnicianProfile 465,466.00,1,1,1,2026-08-24T00:00:00.000,2018-01-01T00:00:00.000,9999-12-31T00:00:00.000,1,f3ec6a9a43925532b394029af7e7ebb9f3ec6a9a43925532b394029af7e7ebb9
466,STP000466,281,473,Ion ServiceTechnicianProfile 466,467.00,0,1,1,2026-08-24T00:00:00.000,2018-01-01T00:00:00.000,9999-12-31T00:00:00.000,1,880076e2c85a5a3ca9d4f4d603d5fc3b880076e2c85a5a3ca9d4f4d603d5fc3b
467,STP000467,466,58,Titan ServiceTechnicianProfile 467,468.00,1,1,1,2026-08-24T00:00:00.000,2018-01-01T00:00:00.000,9999-12-31T00:00:00.000,1,566a038c1fb5514bafb5e0a5705a5703566a038c1fb5514bafb5e0a5705a5703
468,STP000468,441,227,Atlas ServiceTechnicianProfile 468,469.00,0,1,1,2026-08-24T00:00:00.000,2018-01-01T00:00:00.000,9999-12-31T00:00:00.000,1,868f01c96595540faea574eb37e59131868f01c96595540faea574eb37e59131
469,STP000469,17,74,Pioneer ServiceTechnicianProfile 469,470.00,1,1,1,2026-08-24T00:00:00.000,2018-01-01T00:00:00.000,9999-12-31T00:00:00.000,1,7d4c400c312056ba87fcb13cfeca78697d4c400c312056ba87fcb13cfeca7869
470,STP000470,346,51,Riverton ServiceTechnicianProfile 470,471.00,0,1,1,2026-08-24T00:00:00.000,2018-01-01T00:00:00.000,9999-12-31T00:00:00.000,1,df7acec884c256dba196209c86ad5ddcdf7acec884c256dba196209c86ad5ddc
471,STP000471,88,394,Evergreen ServiceTechnicianProfile 471,472.00,1,1,1,2026-08-24T00:00:00.000,2018-01-01T00:00:00.000,9999-12-31T00:00:00.000,1,37d0b89c73fa5e9cb5624f4b6c2deeb337d0b89c73fa5e9cb5624f4b6c2deeb3
472,STP000472,436,178,Riverton ServiceTechnicianProfile 472,473.00,0,1,1,2026-08-24T00:00:00.000,2018-01-01T00:00:00.000,9999-12-31T00:00:00.000,1,6cf8f715872450b080ef551bbdf7d8636cf8f715872450b080ef551bbdf7d863
473,STP000473,367,22,Atlas ServiceTechnicianProfile 473,474.00,1,1,1,2026-08-24T00:00:00.000,2018-01-01T00:00:00.000,9999-12-31T00:00:00.000,1,63e467c025975c13bb123ec375ce218963e467c025975c13bb123ec375ce2189
474,STP000474,186,178,Unity ServiceTechnicianProfile 474,475.00,0,1,1,2026-08-24T00:00:00.000,2018-01-01T00:00:00.000,9999-12-31T00:00:00.000,1,e8f416959c235e0bb3d951fbaf6fc1f0e8f416959c235e0bb3d951fbaf6fc1f0
475,STP000475,336,293,Zenith ServiceTechnicianProfile 475,476.00,1,1,1,2026-08-24T00:00:00.000,2018-01-01T00:00:00.000,9999-12-31T00:00:00.000,1,94023cf25fa251078d855907821345a194023cf25fa251078d855907821345a1
476,STP000476,331,344,Ion ServiceTechnicianProfile 476,477.00,0,1,1,2026-08-24T00:00:00.000,2018-01-01T00:00:00.000,9999-12-31T00:00:00.000,1,726aac99879c5302b3a556c57bcfa037726aac99879c5302b3a556c57bcfa037
477,STP000477,471,232,Beacon ServiceTechnicianProfile 477,478.00,1,1,1,2026-08-24T00:00:00.000,2018-01-01T00:00:00.000,9999-12-31T00:00:00.000,1,ec3cb93856dd5080add47ba435b16e9cec3cb93856dd5080add47ba435b16e9c
478,STP000478,500,169,Zenith ServiceTechnicianProfile 478,479.00,0,1,1,2026-08-24T00:00:00.000,2018-01-01T00:00:00.000,9999-12-31T00:00:00.000,1,77650f4989025acd83b4bb43a0ac466c77650f4989025acd83b4bb43a0ac466c
479,STP000479,457,329,Liberty ServiceTechnicianProfile 479,480.00,1,1,1,2026-08-24T00:00:00.000,2018-01-01T00:00:00.000,9999-12-31T00:00:00.000,1,ea11cefc983651d485c80193bdd72bafea11cefc983651d485c80193bdd72baf
480,STP000480,138,210,Orion ServiceTechnicianProfile 480,481.00,0,1,1,2026-08-24T00:00:00.000,2018-01-01T00:00:00.000,9999-12-31T00:00:00.000,1,bfd3f4275b335fabb63d9d4477a2bb2cbfd3f4275b335fabb63d9d4477a2bb2c
481,STP000481,59,483,Meridian ServiceTechnicianProfile 481,482.00,1,1,1,2026-08-24T00:00:00.000,2018-01-01T00:00:00.000,9999-12-31T00:00:00.000,1,561b2665b95e57a4823e2558b2e5b17e561b2665b95e57a4823e2558b2e5b17e
482,STP000482,307,429,Evergreen ServiceTechnicianProfile 482,483.00,0,1,1,2026-08-24T00:00:00.000,2018-01-01T00:00:00.000,9999-12-31T00:00:00.000,1,f351fc55a56959a28891393cd1679826f351fc55a56959a28891393cd1679826
483,STP000483,38,478,Evergreen ServiceTechnicianProfile 483,484.00,1,1,1,2026-08-24T00:00:00.000,2018-01-01T00:00:00.000,9999-12-31T00:00:00.000,1,164a93596809589a82f2c6c21aca7239164a93596809589a82f2c6c21aca7239
484,STP000484,375,484,Summit ServiceTechnicianProfile 484,485.00,0,1,1,2026-08-24T00:00:00.000,2018-01-01T00:00:00.000,9999-12-31T00:00:00.000,1,2af0af1c6b605edaa1fd45bad89b9fb82af0af1c6b605edaa1fd45bad89b9fb8
485,STP000485,410,195,Vertex ServiceTechnicianProfile 485,486.00,1,1,1,2026-08-24T00:00:00.000,2018-01-01T00:00:00.000,9999-12-31T00:00:00.000,1,23c5417c569e59659f3afecaf3fe804423c5417c569e59659f3afecaf3fe8044
486,STP000486,49,327,Willow ServiceTechnicianProfile 486,487.00,0,1,1,2026-08-24T00:00:00.000,2018-01-01T00:00:00.000,9999-12-31T00:00:00.000,1,542990f1019756e997a585aac190256d542990f1019756e997a585aac190256d
487,STP000487,3,385,Harbor ServiceTechnicianProfile 487,488.00,1,1,1,2026-08-24T00:00:00.000,2018-01-01T00:00:00.000,9999-12-31T00:00:00.000,1,daa4919ecb345fd1a64a9c4cd02009a5daa4919ecb345fd1a64a9c4cd02009a5
488,STP000488,282,227,Liberty ServiceTechnicianProfile 488,489.00,0,1,1,2026-08-24T00:00:00.000,2018-01-01T00:00:00.000,9999-12-31T00:00:00.000,1,b1f9e34524d95938b22f368a0d957b8ab1f9e34524d95938b22f368a0d957b8a
489,STP000489,203,324,Northstar ServiceTechnicianProfile 489,490.00,1,1,1,2026-08-24T00:00:00.000,2018-01-01T00:00:00.000,9999-12-31T00:00:00.000,1,60c37d7fb16b5b028e04c4f5325ad79f60c37d7fb16b5b028e04c4f5325ad79f
490,STP000490,334,477,Summit ServiceTechnicianProfile 490,491.00,0,1,1,2026-08-24T00:00:00.000,2018-01-01T00:00:00.000,9999-12-31T00:00:00.000,1,d70ee47110225ab7af6858eb0937a917d70ee47110225ab7af6858eb0937a917
491,STP000491,38,428,Titan ServiceTechnicianProfile 491,492.00,1,1,1,2026-08-24T00:00:00.000,2018-01-01T00:00:00.000,9999-12-31T00:00:00.000,1,d4621339c10a51a8aba083dfa76a8c10d4621339c10a51a8aba083dfa76a8c10
492,STP000492,34,215,Vertex ServiceTechnicianProfile 492,493.00,0,1,1,2026-08-24T00:00:00.000,2018-01-01T00:00:00.000,9999-12-31T00:00:00.000,1,aa163b3e769457c2b7ccffac5298a2baaa163b3e769457c2b7ccffac5298a2ba
493,STP000493,228,466,Beacon ServiceTechnicianProfile 493,494.00,1,1,1,2026-08-24T00:00:00.000,2018-01-01T00:00:00.000,9999-12-31T00:00:00.000,1,e0f1b14dc6d6523ba25b2c0f6b27b379e0f1b14dc6d6523ba25b2c0f6b27b379
494,STP000494,474,37,Summit ServiceTechnicianProfile 494,495.00,0,1,1,2026-08-24T00:00:00.000,2018-01-01T00:00:00.000,9999-12-31T00:00:00.000,1,38e96e8b4fe95cc4a79f30587c7f6a7e38e96e8b4fe95cc4a79f30587c7f6a7e
495,STP000495,231,378,Meridian ServiceTechnicianProfile 495,496.00,1,1,1,2026-08-24T00:00:00.000,2018-01-01T00:00:00.000,9999-12-31T00:00:00.000,1,4174d803481c5eada0f16e5128ae0d3a4174d803481c5eada0f16e5128ae0d3a
496,STP000496,461,380,Cedar ServiceTechnicianProfile 496,497.00,0,1,1,2026-08-24T00:00:00.000,2018-01-01T00:00:00.000,9999-12-31T00:00:00.000,1,25565f3ab7b7521b827407ac833a3c3b25565f3ab7b7521b827407ac833a3c3b
497,STP000497,90,425,Liberty ServiceTechnicianProfile 497,498.00,1,1,1,2026-08-24T00:00:00.000,2018-01-01T00:00:00.000,9999-12-31T00:00:00.000,1,508f105cc8f755feb153f3d592c01156508f105cc8f755feb153f3d592c01156
498,STP000498,144,253,Unity ServiceTechnicianProfile 498,499.00,0,1,1,2026-08-24T00:00:00.000,2018-01-01T00:00:00.000,9999-12-31T00:00:00.000,1,3ccdd735802a53f9bb0905706b1bc8703ccdd735802a53f9bb0905706b1bc870
499,STP000499,49,489,Pioneer ServiceTechnicianProfile 499,500.00,1,1,1,2026-08-24T00:00:00.000,2018-01-01T00:00:00.000,9999-12-31T00:00:00.000,1,697195027a815d8d83f83bc93fd2c970697195027a815d8d83f83bc93fd2c970
500,STP000500,306,231,Willow ServiceTechnicianProfile 500,501.00,0,1,1,2026-08-24T00:00:00.000,2018-01-01T00:00:00.000,9999-12-31T00:00:00.000,1,4c37961734295a0eb4d2ac87b6d05a234c37961734295a0eb4d2ac87b6d05a23
