ServiceContractKey,ServiceContractNumber,CustomerKey,WarrantyTermKey,ServiceTerritoryKey,ServiceContractStatusKey,CurrencyKey,ServiceContractName,ContractValueAmount,ResponseTimeHours,SourceSystemKey,BatchId,LoadedAtUtc,EffectiveFromUtc,EffectiveToUtc,IsCurrent,RowHash
-1,UNKNOWN,-1,-1,-1,-1,-1,Unknown,0.0000,0.00,-1,0,1900-01-01T00:00:00.000,1900-01-01T00:00:00.000,1900-01-01T00:00:00.000,0,0000000000000000000000000000000000000000000000000000000000000000
1,SC000001,23,1,28,5,4,Atlas ServiceContract 1,11.3700,2.00,1,1,2026-08-24T00:00:00.000,2018-01-01T00:00:00.000,9999-12-31T00:00:00.000,1,88fec78869fe517fae86bef38b4f7bc088fec78869fe517fae86bef38b4f7bc0
2,SC000002,417,205,338,4,1,Titan ServiceContract 2,12.7400,3.00,1,1,2026-08-24T00:00:00.000,2018-01-01T00:00:00.000,9999-12-31T00:00:00.000,1,d85173af3cd05edd9934c0fe476fb60fd85173af3cd05edd9934c0fe476fb60f
3,SC000003,58,30,251,7,3,Forge ServiceContract 3,14.1100,4.00,1,1,2026-08-24T00:00:00.000,2018-01-01T00:00:00.000,9999-12-31T00:00:00.000,1,c94dda2babf65b56b7a99d1ba20fd179c94dda2babf65b56b7a99d1ba20fd179
4,SC000004,217,344,114,3,4,Ion ServiceContract 4,15.4800,5.00,1,1,2026-08-24T00:00:00.000,2018-01-01T00:00:00.000,9999-12-31T00:00:00.000,1,a6874047b222511f9620265479b7ca63a6874047b222511f9620265479b7ca63
5,SC000005,226,487,115,5,5,Keystone ServiceContract 5,16.8500,6.00,1,1,2026-08-24T00:00:00.000,2018-01-01T00:00:00.000,9999-12-31T00:00:00.000,1,e15f75eaf17453f8b068194f5ed9c202e15f75eaf17453f8b068194f5ed9c202
6,SC000006,203,388,498,4,4,Northstar ServiceContract 6,18.2200,7.00,1,1,2026-08-24T00:00:00.000,2018-01-01T00:00:00.000,9999-12-31T00:00:00.000,1,fac65483e5eb5b77b07507f2cd304b37fac65483e5eb5b77b07507f2cd304b37
7,SC000007,313,371,158,2,5,Meridian ServiceContract 7,19.5900,8.00,1,1,2026-08-24T00:00:00.000,2018-01-01T00:00:00.000,9999-12-31T00:00:00.000,1,cb519f543b495597b2b502601542ff1ecb519f543b495597b2b502601542ff1e
8,SC000008,486,474,376,7,2,Forge ServiceContract 8,20.9600,9.00,1,1,2026-08-24T00:00:00.000,2018-01-01T00:00:00.000,9999-12-31T00:00:00.000,1,1676ccb250d155ee807bc754af8787991676ccb250d155ee807bc754af878799
9,SC000009,389,330,94,1,1,Riverton ServiceContract 9,22.3300,10.00,1,1,2026-08-24T00:00:00.000,2018-01-01T00:00:00.000,9999-12-31T00:00:00.000,1,bfa79e1713325f78bab08b23a1d0da16bfa79e1713325f78bab08b23a1d0da16
10,SC000010,378,7,429,3,3,Keystone ServiceContract 10,23.7000,11.00,1,1,2026-08-24T00:00:00.000,2018-01-01T00:00:00.000,9999-12-31T00:00:00.000,1,8bc45107f2d453249ff35825e41c2a3c8bc45107f2d453249ff35825e41c2a3c
11,SC000011,251,197,489,4,5,Forge ServiceContract 11,25.0700,12.00,1,1,2026-08-24T00:00:00.000,2018-01-01T00:00:00.000,9999-12-31T00:00:00.000,1,3c2c9a736ccb57b5847ea2f259dbf2953c2c9a736ccb57b5847ea2f259dbf295
12,SC000012,131,135,340,6,5,Junction ServiceContract 12,26.4400,13.00,1,1,2026-08-24T00:00:00.000,2018-01-01T00:00:00.000,9999-12-31T00:00:00.000,1,0f83b9b8366358afbbabeabfef824c8c0f83b9b8366358afbbabeabfef824c8c
13,SC000013,170,167,233,4,3,Liberty ServiceContract 13,27.8100,14.00,1,1,2026-08-24T00:00:00.000,2018-01-01T00:00:00.000,9999-12-31T00:00:00.000,1,5ce6b28bef675adc93d65e5bb1e41eba5ce6b28bef675adc93d65e5bb1e41eba
14,SC000014,138,375,408,1,4,Northstar ServiceContract 14,29.1800,15.00,1,1,2026-08-24T00:00:00.000,2018-01-01T00:00:00.000,9999-12-31T00:00:00.000,1,f9e299786dc85d2caa6d339238edf880f9e299786dc85d2caa6d339238edf880
15,SC000015,334,364,288,6,4,Forge ServiceContract 15,30.5500,16.00,1,1,2026-08-24T00:00:00.000,2018-01-01T00:00:00.000,9999-12-31T00:00:00.000,1,245fbe9284825cee9eb5b35b4a4be76c245fbe9284825cee9eb5b35b4a4be76c
16,SC000016,159,475,193,6,1,Pioneer ServiceContract 16,31.9200,17.00,1,1,2026-08-24T00:00:00.000,2018-01-01T00:00:00.000,9999-12-31T00:00:00.000,1,d4a4e52509385341a69bd86f62b02f27d4a4e52509385341a69bd86f62b02f27
17,SC000017,180,259,221,5,5,Northstar ServiceContract 17,33.2900,18.00,1,1,2026-08-24T00:00:00.000,2018-01-01T00:00:00.000,9999-12-31T00:00:00.000,1,30bc789d3c0258e3ab527930df4f101330bc789d3c0258e3ab527930df4f1013
18,SC000018,114,143,289,5,4,Granite ServiceContract 18,34.6600,19.00,1,1,2026-08-24T00:00:00.000,2018-01-01T00:00:00.000,9999-12-31T00:00:00.000,1,939f0607a13253399ad34d0f856dc1c8939f0607a13253399ad34d0f856dc1c8
19,SC000019,255,337,373,7,1,Meridian ServiceContract 19,36.0300,20.00,1,1,2026-08-24T00:00:00.000,2018-01-01T00:00:00.000,9999-12-31T00:00:00.000,1,60f760ec0ec75b82997ee053e13b214360f760ec0ec75b82997ee053e13b2143
20,SC000020,249,306,135,6,3,Delta ServiceContract 20,37.4000,21.00,1,1,2026-08-24T00:00:00.000,2018-01-01T00:00:00.000,9999-12-31T00:00:00.000,1,21a5bd690da8593eac43e5f53ff4704f21a5bd690da8593eac43e5f53ff4704f
21,SC000021,419,143,355,5,4,Zenith ServiceContract 21,38.7700,22.00,1,1,2026-08-24T00:00:00.000,2018-01-01T00:00:00.000,9999-12-31T00:00:00.000,1,ee7817190f9b50a7a964de9729653a5aee7817190f9b50a7a964de9729653a5a
22,SC000022,37,221,430,5,2,Keystone ServiceContract 22,40.1400,23.00,1,1,2026-08-24T00:00:00.000,2018-01-01T00:00:00.000,9999-12-31T00:00:00.000,1,9954e305b9285a449c7d6805fc604a139954e305b9285a449c7d6805fc604a13
23,SC000023,96,396,322,1,3,Beacon ServiceContract 23,41.5100,24.00,1,1,2026-08-24T00:00:00.000,2018-01-01T00:00:00.000,9999-12-31T00:00:00.000,1,6a1e0cf2bcfa54d7924dc28b6d4c71156a1e0cf2bcfa54d7924dc28b6d4c7115
24,SC000024,143,299,102,7,1,Keystone ServiceContract 24,42.8800,1.00,1,1,2026-08-24T00:00:00.000,2018-01-01T00:00:00.000,9999-12-31T00:00:00.000,1,1f6cf7e83f775fb98e4e0dd38010f8c61f6cf7e83f775fb98e4e0dd38010f8c6
25,SC000025,426,223,237,7,4,Delta ServiceContract 25,44.2500,2.00,1,1,2026-08-24T00:00:00.000,2018-01-01T00:00:00.000,9999-12-31T00:00:00.000,1,47b48ed1a5df55858615ffe73a9374da47b48ed1a5df55858615ffe73a9374da
26,SC000026,414,463,171,7,2,Titan ServiceContract 26,45.6200,3.00,1,1,2026-08-24T00:00:00.000,2018-01-01T00:00:00.000,9999-12-31T00:00:00.000,1,840bc0272fc552f98b7fff31118880f2840bc0272fc552f98b7fff31118880f2
27,SC000027,260,220,361,4,2,Unity ServiceContract 27,46.9900,4.00,1,1,2026-08-24T00:00:00.000,2018-01-01T00:00:00.000,9999-12-31T00:00:00.000,1,dcd02bc294575cfa848146a03087f575dcd02bc294575cfa848146a03087f575
28,SC000028,358,223,178,1,4,Forge ServiceContract 28,48.3600,5.00,1,1,2026-08-24T00:00:00.000,2018-01-01T00:00:00.000,9999-12-31T00:00:00.000,1,320c5b15d5415601bd037993aa8e06fa320c5b15d5415601bd037993aa8e06fa
29,SC000029,62,314,68,2,4,Riverton ServiceContract 29,49.7300,6.00,1,1,2026-08-24T00:00:00.000,2018-01-01T00:00:00.000,9999-12-31T00:00:00.000,1,d41da474f7fc56e8a95023d2375750e5d41da474f7fc56e8a95023d2375750e5
30,SC000030,453,111,65,7,4,Willow ServiceContract 30,51.1000,7.00,1,1,2026-08-24T00:00:00.000,2018-01-01T00:00:00.000,9999-12-31T00:00:00.000,1,7abb29f340755e4bab0407c8631630de7abb29f340755e4bab0407c8631630de
31,SC000031,345,463,154,7,2,Harbor ServiceContract 31,52.4700,8.00,1,1,2026-08-24T00:00:00.000,2018-01-01T00:00:00.000,9999-12-31T00:00:00.000,1,7b1075d84e09513d9541783d94ab12e07b1075d84e09513d9541783d94ab12e0
32,SC000032,376,488,341,5,1,Quartz ServiceContract 32,53.8400,9.00,1,1,2026-08-24T00:00:00.000,2018-01-01T00:00:00.000,9999-12-31T00:00:00.000,1,81ad94415334589aac2027d34e48c0e481ad94415334589aac2027d34e48c0e4
33,SC000033,284,71,276,3,5,Junction ServiceContract 33,55.2100,10.00,1,1,2026-08-24T00:00:00.000,2018-01-01T00:00:00.000,9999-12-31T00:00:00.000,1,d11832b38ee4546e8cbbdba0ecbbc3e6d11832b38ee4546e8cbbdba0ecbbc3e6
34,SC000034,376,412,50,5,1,Meridian ServiceContract 34,56.5800,11.00,1,1,2026-08-24T00:00:00.000,2018-01-01T00:00:00.000,9999-12-31T00:00:00.000,1,4b245f7e084c5137aa8fa717f575b3e44b245f7e084c5137aa8fa717f575b3e4
35,SC000035,373,15,193,6,5,Quartz ServiceContract 35,57.9500,12.00,1,1,2026-08-24T00:00:00.000,2018-01-01T00:00:00.000,9999-12-31T00:00:00.000,1,02bbbae8a5fd573f8dba502c1334a5bd02bbbae8a5fd573f8dba502c1334a5bd
36,SC000036,94,67,208,3,3,Vertex ServiceContract 36,59.3200,13.00,1,1,2026-08-24T00:00:00.000,2018-01-01T00:00:00.000,9999-12-31T00:00:00.000,1,867ab7e2ab715cc5888a000c39d32a74867ab7e2ab715cc5888a000c39d32a74
37,SC000037,494,164,108,7,5,Harbor ServiceContract 37,60.6900,14.00,1,1,2026-08-24T00:00:00.000,2018-01-01T00:00:00.000,9999-12-31T00:00:00.000,1,7d0f3796792f5359a4b9c22e12b031637d0f3796792f5359a4b9c22e12b03163
38,SC000038,274,336,343,7,4,Junction ServiceContract 38,62.0600,15.00,1,1,2026-08-24T00:00:00.000,2018-01-01T00:00:00.000,9999-12-31T00:00:00.000,1,9cdb178d92435ec8b59d149fc01074c09cdb178d92435ec8b59d149fc01074c0
39,SC000039,396,401,15,3,5,Meridian ServiceContract 39,63.4300,16.00,1,1,2026-08-24T00:00:00.000,2018-01-01T00:00:00.000,9999-12-31T00:00:00.000,1,cc5a797d0fa5539f8e2fd2a375d85eb3cc5a797d0fa5539f8e2fd2a375d85eb3
40,SC000040,467,453,3,3,4,Ion ServiceContract 40,64.8000,17.00,1,1,2026-08-24T00:00:00.000,2018-01-01T00:00:00.000,9999-12-31T00:00:00.000,1,89804c3516fc5a21a9350bb8c117788a89804c3516fc5a21a9350bb8c117788a
41,SC000041,163,318,469,7,3,Cedar ServiceContract 41,66.1700,18.00,1,1,2026-08-24T00:00:00.000,2018-01-01T00:00:00.000,9999-12-31T00:00:00.000,1,c078348a64bb50208a92c74ed5982ee1c078348a64bb50208a92c74ed5982ee1
42,SC000042,467,209,443,3,4,Titan ServiceContract 42,67.5400,19.00,1,1,2026-08-24T00:00:00.000,2018-01-01T00:00:00.000,9999-12-31T00:00:00.000,1,17c686e7347c5a10bc32e219126fadee17c686e7347c5a10bc32e219126fadee
43,SC000043,118,28,432,3,5,Delta ServiceContract 43,68.9100,20.00,1,1,2026-08-24T00:00:00.000,2018-01-01T00:00:00.000,9999-12-31T00:00:00.000,1,fe2bef4393255038a9d6fd7cc9e1d9dcfe2bef4393255038a9d6fd7cc9e1d9dc
44,SC000044,379,230,448,5,1,Atlas ServiceContract 44,70.2800,21.00,1,1,2026-08-24T00:00:00.000,2018-01-01T00:00:00.000,9999-12-31T00:00:00.000,1,c73bc969254157479644cb69e3cebac9c73bc969254157479644cb69e3cebac9
45,SC000045,265,401,56,6,5,Junction ServiceContract 45,71.6500,22.00,1,1,2026-08-24T00:00:00.000,2018-01-01T00:00:00.000,9999-12-31T00:00:00.000,1,3c5e76aed9d75f16897e7b99c33852c63c5e76aed9d75f16897e7b99c33852c6
46,SC000046,149,486,63,5,4,Delta ServiceContract 46,73.0200,23.00,1,1,2026-08-24T00:00:00.000,2018-01-01T00:00:00.000,9999-12-31T00:00:00.000,1,61b1fd49cd3958bd94019cae41887fd061b1fd49cd3958bd94019cae41887fd0
47,SC000047,308,13,304,5,4,Atlas ServiceContract 47,74.3900,24.00,1,1,2026-08-24T00:00:00.000,2018-01-01T00:00:00.000,9999-12-31T00:00:00.000,1,6e5f1c2e01fe5e00ad66e2cdd9c7700d6e5f1c2e01fe5e00ad66e2cdd9c7700d
48,SC000048,302,475,469,6,5,Zenith ServiceContract 48,75.7600,1.00,1,1,2026-08-24T00:00:00.000,2018-01-01T00:00:00.000,9999-12-31T00:00:00.000,1,872752d6563c5b9e99d39e29eedac649872752d6563c5b9e99d39e29eedac649
49,SC000049,277,364,262,4,5,Unity ServiceContract 49,77.1300,2.00,1,1,2026-08-24T00:00:00.000,2018-01-01T00:00:00.000,9999-12-31T00:00:00.000,1,4949e183f18e590cb63383f1a5a5a0e24949e183f18e590cb63383f1a5a5a0e2
50,SC000050,495,212,333,6,4,Vertex ServiceContract 50,78.5000,3.00,1,1,2026-08-24T00:00:00.000,2018-01-01T00:00:00.000,9999-12-31T00:00:00.000,1,d43588e1d4315cbc8de03f4415ea9f4cd43588e1d4315cbc8de03f4415ea9f4c
51,SC000051,167,411,302,5,5,Titan ServiceContract 51,79.8700,4.00,1,1,2026-08-24T00:00:00.000,2018-01-01T00:00:00.000,9999-12-31T00:00:00.000,1,938b9970fd445c7b8ca7ad9fbb2f063f938b9970fd445c7b8ca7ad9fbb2f063f
52,SC000052,393,94,445,7,5,Ion ServiceContract 52,81.2400,5.00,1,1,2026-08-24T00:00:00.000,2018-01-01T00:00:00.000,9999-12-31T00:00:00.000,1,5f3cb6f3999952e2863a66f05d7abda95f3cb6f3999952e2863a66f05d7abda9
53,SC000053,229,74,293,1,4,Cedar ServiceContract 53,82.6100,6.00,1,1,2026-08-24T00:00:00.000,2018-01-01T00:00:00.000,9999-12-31T00:00:00.000,1,e7223bdf1ede54c28c0c6fe54a0bdc94e7223bdf1ede54c28c0c6fe54a0bdc94
54,SC000054,72,112,186,5,2,Meridian ServiceContract 54,83.9800,7.00,1,1,2026-08-24T00:00:00.000,2018-01-01T00:00:00.000,9999-12-31T00:00:00.000,1,766c19eaf845538992f2bd5e8fa0428a766c19eaf845538992f2bd5e8fa0428a
55,SC000055,494,349,289,2,2,Riverton ServiceContract 55,85.3500,8.00,1,1,2026-08-24T00:00:00.000,2018-01-01T00:00:00.000,9999-12-31T00:00:00.000,1,d92ac8368ad4515a8ceb59bdd241ebcfd92ac8368ad4515a8ceb59bdd241ebcf
56,SC000056,107,449,442,7,2,Keystone ServiceContract 56,86.7200,9.00,1,1,2026-08-24T00:00:00.000,2018-01-01T00:00:00.000,9999-12-31T00:00:00.000,1,f3861e15033256a09432190e5198394af3861e15033256a09432190e5198394a
57,SC000057,309,131,300,1,3,Harbor ServiceContract 57,88.0900,10.00,1,1,2026-08-24T00:00:00.000,2018-01-01T00:00:00.000,9999-12-31T00:00:00.000,1,8cfb0f4ac41052ff9f1d57f63cc0cbcb8cfb0f4ac41052ff9f1d57f63cc0cbcb
58,SC000058,453,216,173,1,2,Delta ServiceContract 58,89.4600,11.00,1,1,2026-08-24T00:00:00.000,2018-01-01T00:00:00.000,9999-12-31T00:00:00.000,1,91134b22d6bc59188d8800aa9fc300c191134b22d6bc59188d8800aa9fc300c1
59,SC000059,85,241,5,4,1,Liberty ServiceContract 59,90.8300,12.00,1,1,2026-08-24T00:00:00.000,2018-01-01T00:00:00.000,9999-12-31T00:00:00.000,1,4be54d83ed8b5f5b911e07340d0da4044be54d83ed8b5f5b911e07340d0da404
60,SC000060,194,42,251,1,2,Liberty ServiceContract 60,92.2000,13.00,1,1,2026-08-24T00:00:00.000,2018-01-01T00:00:00.000,9999-12-31T00:00:00.000,1,8176e9fe7d815b5092ead0034ea2fc928176e9fe7d815b5092ead0034ea2fc92
61,SC000061,52,164,414,5,1,Willow ServiceContract 61,93.5700,14.00,1,1,2026-08-24T00:00:00.000,2018-01-01T00:00:00.000,9999-12-31T00:00:00.000,1,20ee6c3558a05fd58ecd9ca97e8879a320ee6c3558a05fd58ecd9ca97e8879a3
62,SC000062,419,112,343,1,2,Pioneer ServiceContract 62,94.9400,15.00,1,1,2026-08-24T00:00:00.000,2018-01-01T00:00:00.000,9999-12-31T00:00:00.000,1,34a61e2749185513937a4835d78f2b9b34a61e2749185513937a4835d78f2b9b
63,SC000063,200,263,426,1,3,Riverton ServiceContract 63,96.3100,16.00,1,1,2026-08-24T00:00:00.000,2018-01-01T00:00:00.000,9999-12-31T00:00:00.000,1,a72f872b5dc05036acf49aa4d5424e52a72f872b5dc05036acf49aa4d5424e52
64,SC000064,364,35,410,1,4,Orion ServiceContract 64,97.6800,17.00,1,1,2026-08-24T00:00:00.000,2018-01-01T00:00:00.000,9999-12-31T00:00:00.000,1,180757cebbbd5ccab5f9b1eae7df5ea7180757cebbbd5ccab5f9b1eae7df5ea7
65,SC000065,71,350,126,5,2,Northstar ServiceContract 65,99.0500,18.00,1,1,2026-08-24T00:00:00.000,2018-01-01T00:00:00.000,9999-12-31T00:00:00.000,1,aa572d0fa7ff509aaa2d44623e434bcdaa572d0fa7ff509aaa2d44623e434bcd
66,SC000066,95,459,412,4,3,Beacon ServiceContract 66,100.4200,19.00,1,1,2026-08-24T00:00:00.000,2018-01-01T00:00:00.000,9999-12-31T00:00:00.000,1,5da27e735c4259d89df9ef913c85cd705da27e735c4259d89df9ef913c85cd70
67,SC000067,331,269,393,7,5,Meridian ServiceContract 67,101.7900,20.00,1,1,2026-08-24T00:00:00.000,2018-01-01T00:00:00.000,9999-12-31T00:00:00.000,1,6cf83b1ea5fa50bd8311f1a553a63c0e6cf83b1ea5fa50bd8311f1a553a63c0e
68,SC000068,173,462,321,5,1,Keystone ServiceContract 68,103.1600,21.00,1,1,2026-08-24T00:00:00.000,2018-01-01T00:00:00.000,9999-12-31T00:00:00.000,1,129aa88bcb9651999038d977760d872e129aa88bcb9651999038d977760d872e
69,SC000069,176,190,30,2,4,Northstar ServiceContract 69,104.5300,22.00,1,1,2026-08-24T00:00:00.000,2018-01-01T00:00:00.000,9999-12-31T00:00:00.000,1,d351d37b37515986a34fdc5ede3506c7d351d37b37515986a34fdc5ede3506c7
70,SC000070,441,41,226,7,3,Zenith ServiceContract 70,105.9000,23.00,1,1,2026-08-24T00:00:00.000,2018-01-01T00:00:00.000,9999-12-31T00:00:00.000,1,b797677c377658db99a1fc24f2a952f6b797677c377658db99a1fc24f2a952f6
71,SC000071,238,242,43,7,4,Beacon ServiceContract 71,107.2700,24.00,1,1,2026-08-24T00:00:00.000,2018-01-01T00:00:00.000,9999-12-31T00:00:00.000,1,0ac8a87c422c57349bf72d904355b9ce0ac8a87c422c57349bf72d904355b9ce
72,SC000072,438,93,21,7,5,Orion ServiceContract 72,108.6400,1.00,1,1,2026-08-24T00:00:00.000,2018-01-01T00:00:00.000,9999-12-31T00:00:00.000,1,81f04a5c88f751fa820531a78b0e7c9281f04a5c88f751fa820531a78b0e7c92
73,SC000073,380,369,171,3,5,Evergreen ServiceContract 73,110.0100,2.00,1,1,2026-08-24T00:00:00.000,2018-01-01T00:00:00.000,9999-12-31T00:00:00.000,1,1e2e73ddfb6a5c678704d12a6c0b336d1e2e73ddfb6a5c678704d12a6c0b336d
74,SC000074,236,447,415,4,3,Zenith ServiceContract 74,111.3800,3.00,1,1,2026-08-24T00:00:00.000,2018-01-01T00:00:00.000,9999-12-31T00:00:00.000,1,50ea04e67994593d86632cee299b32d850ea04e67994593d86632cee299b32d8
75,SC000075,192,111,196,2,3,Granite ServiceContract 75,112.7500,4.00,1,1,2026-08-24T00:00:00.000,2018-01-01T00:00:00.000,9999-12-31T00:00:00.000,1,d8c6b2a614ae56c6bd4e1b3648470cced8c6b2a614ae56c6bd4e1b3648470cce
76,SC000076,51,469,466,4,4,Forge ServiceContract 76,114.1200,5.00,1,1,2026-08-24T00:00:00.000,2018-01-01T00:00:00.000,9999-12-31T00:00:00.000,1,9b61de721e4155df85756ccd5fc680cf9b61de721e4155df85756ccd5fc680cf
77,SC000077,421,249,428,7,1,Evergreen ServiceContract 77,115.4900,6.00,1,1,2026-08-24T00:00:00.000,2018-01-01T00:00:00.000,9999-12-31T00:00:00.000,1,e0eb595306d752039953c0eabec85dd1e0eb595306d752039953c0eabec85dd1
78,SC000078,316,210,466,2,1,Forge ServiceContract 78,116.8600,7.00,1,1,2026-08-24T00:00:00.000,2018-01-01T00:00:00.000,9999-12-31T00:00:00.000,1,e1f57b1f07635cbd8928291be22f268be1f57b1f07635cbd8928291be22f268b
79,SC000079,449,62,200,1,1,Quartz ServiceContract 79,118.2300,8.00,1,1,2026-08-24T00:00:00.000,2018-01-01T00:00:00.000,9999-12-31T00:00:00.000,1,a309ca8416fe5087a8501ee65e04673da309ca8416fe5087a8501ee65e04673d
80,SC000080,56,239,214,1,4,Northstar ServiceContract 80,119.6000,9.00,1,1,2026-08-24T00:00:00.000,2018-01-01T00:00:00.000,9999-12-31T00:00:00.000,1,38e046481086561588117ba3a3b19af538e046481086561588117ba3a3b19af5
81,SC000081,440,123,128,5,3,Junction ServiceContract 81,120.9700,10.00,1,1,2026-08-24T00:00:00.000,2018-01-01T00:00:00.000,9999-12-31T00:00:00.000,1,971d9ca016c155b0ac1c9f0a05287528971d9ca016c155b0ac1c9f0a05287528
82,SC000082,119,388,108,7,2,Granite ServiceContract 82,122.3400,11.00,1,1,2026-08-24T00:00:00.000,2018-01-01T00:00:00.000,9999-12-31T00:00:00.000,1,f3df24dbba995ac29f9d88e176c516c7f3df24dbba995ac29f9d88e176c516c7
83,SC000083,186,110,104,6,5,Meridian ServiceContract 83,123.7100,12.00,1,1,2026-08-24T00:00:00.000,2018-01-01T00:00:00.000,9999-12-31T00:00:00.000,1,3bec2b14a987566cbe0f8c78ec044b733bec2b14a987566cbe0f8c78ec044b73
84,SC000084,178,76,365,3,2,Meridian ServiceContract 84,125.0800,13.00,1,1,2026-08-24T00:00:00.000,2018-01-01T00:00:00.000,9999-12-31T00:00:00.000,1,24502a75c84555a987d79ab11b73417224502a75c84555a987d79ab11b734172
85,SC000085,248,353,311,6,1,Meridian ServiceContract 85,126.4500,14.00,1,1,2026-08-24T00:00:00.000,2018-01-01T00:00:00.000,9999-12-31T00:00:00.000,1,d91de3d1a41350289aaac24eac764fccd91de3d1a41350289aaac24eac764fcc
86,SC000086,373,386,319,5,2,Titan ServiceContract 86,127.8200,15.00,1,1,2026-08-24T00:00:00.000,2018-01-01T00:00:00.000,9999-12-31T00:00:00.000,1,536b7a4793065ed68a8661a83bafb511536b7a4793065ed68a8661a83bafb511
87,SC000087,495,473,250,3,3,Granite ServiceContract 87,129.1900,16.00,1,1,2026-08-24T00:00:00.000,2018-01-01T00:00:00.000,9999-12-31T00:00:00.000,1,907261c9c4b35de48a85acb2b097c3ab907261c9c4b35de48a85acb2b097c3ab
88,SC000088,455,77,493,2,2,Granite ServiceContract 88,130.5600,17.00,1,1,2026-08-24T00:00:00.000,2018-01-01T00:00:00.000,9999-12-31T00:00:00.000,1,b60ba9c96a9154fda277d46deb0e1f8cb60ba9c96a9154fda277d46deb0e1f8c
89,SC000089,124,7,282,7,2,Junction ServiceContract 89,131.9300,18.00,1,1,2026-08-24T00:00:00.000,2018-01-01T00:00:00.000,9999-12-31T00:00:00.000,1,758ba6c43ac25b28ba5a289fcbef4781758ba6c43ac25b28ba5a289fcbef4781
90,SC000090,96,281,149,3,2,Willow ServiceContract 90,133.3000,19.00,1,1,2026-08-24T00:00:00.000,2018-01-01T00:00:00.000,9999-12-31T00:00:00.000,1,eae3835feb245889a8edcd95a3a2ecc6eae3835feb245889a8edcd95a3a2ecc6
91,SC000091,275,314,432,2,4,Zenith ServiceContract 91,134.6700,20.00,1,1,2026-08-24T00:00:00.000,2018-01-01T00:00:00.000,9999-12-31T00:00:00.000,1,fdf42e6c80b35813991881dcc64ad06ffdf42e6c80b35813991881dcc64ad06f
92,SC000092,399,393,448,4,4,Zenith ServiceContract 92,136.0400,21.00,1,1,2026-08-24T00:00:00.000,2018-01-01T00:00:00.000,9999-12-31T00:00:00.000,1,7f88f4dce6de5db597ea82b7cc89c1a27f88f4dce6de5db597ea82b7cc89c1a2
93,SC000093,245,442,81,3,3,Harbor ServiceContract 93,137.4100,22.00,1,1,2026-08-24T00:00:00.000,2018-01-01T00:00:00.000,9999-12-31T00:00:00.000,1,8926587292b55559a2eedff666a690b98926587292b55559a2eedff666a690b9
94,SC000094,71,97,153,4,3,Beacon ServiceContract 94,138.7800,23.00,1,1,2026-08-24T00:00:00.000,2018-01-01T00:00:00.000,9999-12-31T00:00:00.000,1,7863435b89c653f3b1eaa4682c01b1a97863435b89c653f3b1eaa4682c01b1a9
95,SC000095,337,47,76,4,4,Titan ServiceContract 95,140.1500,24.00,1,1,2026-08-24T00:00:00.000,2018-01-01T00:00:00.000,9999-12-31T00:00:00.000,1,2754dca026af5cc6b188fe945f518c562754dca026af5cc6b188fe945f518c56
96,SC000096,18,207,66,6,3,Cedar ServiceContract 96,141.5200,1.00,1,1,2026-08-24T00:00:00.000,2018-01-01T00:00:00.000,9999-12-31T00:00:00.000,1,c57bd604153a580d8b3f6256bfdb3153c57bd604153a580d8b3f6256bfdb3153
97,SC000097,471,279,182,1,4,Willow ServiceContract 97,142.8900,2.00,1,1,2026-08-24T00:00:00.000,2018-01-01T00:00:00.000,9999-12-31T00:00:00.000,1,5accaa08b8b35af685a0601a65af730d5accaa08b8b35af685a0601a65af730d
98,SC000098,376,1,470,1,3,Keystone ServiceContract 98,144.2600,3.00,1,1,2026-08-24T00:00:00.000,2018-01-01T00:00:00.000,9999-12-31T00:00:00.000,1,97a544e24e93565c9cd112e332be391e97a544e24e93565c9cd112e332be391e
99,SC000099,54,387,324,2,3,Unity ServiceContract 99,145.6300,4.00,1,1,2026-08-24T00:00:00.000,2018-01-01T00:00:00.000,9999-12-31T00:00:00.000,1,feb65ce6dec95b4091d6af51ed5c78fcfeb65ce6dec95b4091d6af51ed5c78fc
100,SC000100,448,386,128,1,2,Beacon ServiceContract 100,147.0000,5.00,1,1,2026-08-24T00:00:00.000,2018-01-01T00:00:00.000,9999-12-31T00:00:00.000,1,5461563191f757078f099a5c67e9992c5461563191f757078f099a5c67e9992c
101,SC000101,492,292,295,3,5,Forge ServiceContract 101,148.3700,6.00,1,1,2026-08-24T00:00:00.000,2018-01-01T00:00:00.000,9999-12-31T00:00:00.000,1,bce8931318e55eb5bfef4ca852cd9910bce8931318e55eb5bfef4ca852cd9910
102,SC000102,474,102,231,6,5,Quartz ServiceContract 102,149.7400,7.00,1,1,2026-08-24T00:00:00.000,2018-01-01T00:00:00.000,9999-12-31T00:00:00.000,1,babddb4598f15db18573246b49709ccebabddb4598f15db18573246b49709cce
103,SC000103,321,51,16,7,5,Vertex ServiceContract 103,151.1100,8.00,1,1,2026-08-24T00:00:00.000,2018-01-01T00:00:00.000,9999-12-31T00:00:00.000,1,bbaa3d1d35cb5439b3c5708ac4bceaddbbaa3d1d35cb5439b3c5708ac4bceadd
104,SC000104,488,456,4,4,2,Pioneer ServiceContract 104,152.4800,9.00,1,1,2026-08-24T00:00:00.000,2018-01-01T00:00:00.000,9999-12-31T00:00:00.000,1,9443799dbdc05eedb226b7e899412ec59443799dbdc05eedb226b7e899412ec5
105,SC000105,248,318,437,4,2,Unity ServiceContract 105,153.8500,10.00,1,1,2026-08-24T00:00:00.000,2018-01-01T00:00:00.000,9999-12-31T00:00:00.000,1,7c362d0e2e3b5c51b1f3e0c4448119277c362d0e2e3b5c51b1f3e0c444811927
106,SC000106,93,445,107,5,2,Pioneer ServiceContract 106,155.2200,11.00,1,1,2026-08-24T00:00:00.000,2018-01-01T00:00:00.000,9999-12-31T00:00:00.000,1,0eb5398981f95cbf9c8440875eda34a90eb5398981f95cbf9c8440875eda34a9
107,SC000107,183,152,316,1,3,Ion ServiceContract 107,156.5900,12.00,1,1,2026-08-24T00:00:00.000,2018-01-01T00:00:00.000,9999-12-31T00:00:00.000,1,64d3081565c75b6b9f2cd751363d61d864d3081565c75b6b9f2cd751363d61d8
108,SC000108,216,321,101,2,3,Cedar ServiceContract 108,157.9600,13.00,1,1,2026-08-24T00:00:00.000,2018-01-01T00:00:00.000,9999-12-31T00:00:00.000,1,2812b098483f5b488a43d83625af6bba2812b098483f5b488a43d83625af6bba
109,SC000109,325,361,109,2,5,Unity ServiceContract 109,159.3300,14.00,1,1,2026-08-24T00:00:00.000,2018-01-01T00:00:00.000,9999-12-31T00:00:00.000,1,35753469e40e58488cf22a0ea8d3a04a35753469e40e58488cf22a0ea8d3a04a
110,SC000110,104,132,249,2,5,Willow ServiceContract 110,160.7000,15.00,1,1,2026-08-24T00:00:00.000,2018-01-01T00:00:00.000,9999-12-31T00:00:00.000,1,2716a8ac31a45b178ac00990393fd5272716a8ac31a45b178ac00990393fd527
111,SC000111,73,423,243,2,3,Titan ServiceContract 111,162.0700,16.00,1,1,2026-08-24T00:00:00.000,2018-01-01T00:00:00.000,9999-12-31T00:00:00.000,1,f0592098afca5d07be453b41a7ba7cd7f0592098afca5d07be453b41a7ba7cd7
112,SC000112,347,370,229,1,2,Unity ServiceContract 112,163.4400,17.00,1,1,2026-08-24T00:00:00.000,2018-01-01T00:00:00.000,9999-12-31T00:00:00.000,1,61426fea11ce54b7a66e3cc9f2ada10261426fea11ce54b7a66e3cc9f2ada102
113,SC000113,271,378,301,4,2,Beacon ServiceContract 113,164.8100,18.00,1,1,2026-08-24T00:00:00.000,2018-01-01T00:00:00.000,9999-12-31T00:00:00.000,1,4a8641d8bde15f76b69ccfb0205c48dd4a8641d8bde15f76b69ccfb0205c48dd
114,SC000114,442,269,41,6,1,Summit ServiceContract 114,166.1800,19.00,1,1,2026-08-24T00:00:00.000,2018-01-01T00:00:00.000,9999-12-31T00:00:00.000,1,041697f55e1a5573a2fadc44e452834d041697f55e1a5573a2fadc44e452834d
115,SC000115,220,323,461,2,4,Junction ServiceContract 115,167.5500,20.00,1,1,2026-08-24T00:00:00.000,2018-01-01T00:00:00.000,9999-12-31T00:00:00.000,1,d760bc87b50351dfa29c66debe403cddd760bc87b50351dfa29c66debe403cdd
116,SC000116,139,375,244,4,3,Orion ServiceContract 116,168.9200,21.00,1,1,2026-08-24T00:00:00.000,2018-01-01T00:00:00.000,9999-12-31T00:00:00.000,1,740cd7d4263c58b1bf08478ddd684f51740cd7d4263c58b1bf08478ddd684f51
117,SC000117,233,144,453,3,2,Beacon ServiceContract 117,170.2900,22.00,1,1,2026-08-24T00:00:00.000,2018-01-01T00:00:00.000,9999-12-31T00:00:00.000,1,88a8cea31bbf5d3f82a29f14156ddf3888a8cea31bbf5d3f82a29f14156ddf38
118,SC000118,355,118,7,3,1,Willow ServiceContract 118,171.6600,23.00,1,1,2026-08-24T00:00:00.000,2018-01-01T00:00:00.000,9999-12-31T00:00:00.000,1,556cb7c795e75c4f8b4c0394255116cb556cb7c795e75c4f8b4c0394255116cb
119,SC000119,423,388,282,4,4,Unity ServiceContract 119,173.0300,24.00,1,1,2026-08-24T00:00:00.000,2018-01-01T00:00:00.000,9999-12-31T00:00:00.000,1,e2ee69b42d3e58b6ad64906877f9b604e2ee69b42d3e58b6ad64906877f9b604
120,SC000120,467,316,341,7,2,Ion ServiceContract 120,174.4000,1.00,1,1,2026-08-24T00:00:00.000,2018-01-01T00:00:00.000,9999-12-31T00:00:00.000,1,25d85b3b9d1f537d8c0a6ff31ee77fe025d85b3b9d1f537d8c0a6ff31ee77fe0
121,SC000121,31,258,423,1,2,Unity ServiceContract 121,175.7700,2.00,1,1,2026-08-24T00:00:00.000,2018-01-01T00:00:00.000,9999-12-31T00:00:00.000,1,4246fbfd18b6531eb9ecb21fa13900d94246fbfd18b6531eb9ecb21fa13900d9
122,SC000122,236,199,252,3,4,Unity ServiceContract 122,177.1400,3.00,1,1,2026-08-24T00:00:00.000,2018-01-01T00:00:00.000,9999-12-31T00:00:00.000,1,4bc611c448ef5274a11dd35919ee63ae4bc611c448ef5274a11dd35919ee63ae
123,SC000123,249,379,46,5,4,Quartz ServiceContract 123,178.5100,4.00,1,1,2026-08-24T00:00:00.000,2018-01-01T00:00:00.000,9999-12-31T00:00:00.000,1,745d3459effc5e09b63e948477073937745d3459effc5e09b63e948477073937
124,SC000124,391,77,286,5,1,Meridian ServiceContract 124,179.8800,5.00,1,1,2026-08-24T00:00:00.000,2018-01-01T00:00:00.000,9999-12-31T00:00:00.000,1,4303d036877a51189b55f22117a096604303d036877a51189b55f22117a09660
125,SC000125,67,312,268,7,1,Keystone ServiceContract 125,181.2500,6.00,1,1,2026-08-24T00:00:00.000,2018-01-01T00:00:00.000,9999-12-31T00:00:00.000,1,27d451821b125d1e8ea055676cc0fe6327d451821b125d1e8ea055676cc0fe63
126,SC000126,133,367,95,6,2,Northstar ServiceContract 126,182.6200,7.00,1,1,2026-08-24T00:00:00.000,2018-01-01T00:00:00.000,9999-12-31T00:00:00.000,1,63d5fb0d83e3519dba6aaa4c3fda0d4963d5fb0d83e3519dba6aaa4c3fda0d49
127,SC000127,205,327,388,5,5,Pioneer ServiceContract 127,183.9900,8.00,1,1,2026-08-24T00:00:00.000,2018-01-01T00:00:00.000,9999-12-31T00:00:00.000,1,72afa8284a025093891b3721ba22a0c572afa8284a025093891b3721ba22a0c5
128,SC000128,429,304,43,4,1,Summit ServiceContract 128,185.3600,9.00,1,1,2026-08-24T00:00:00.000,2018-01-01T00:00:00.000,9999-12-31T00:00:00.000,1,b653c9374509523888e3649956201cacb653c9374509523888e3649956201cac
129,SC000129,319,143,275,5,1,Orion ServiceContract 129,186.7300,10.00,1,1,2026-08-24T00:00:00.000,2018-01-01T00:00:00.000,9999-12-31T00:00:00.000,1,35f95413aee759e684fe3e0158b23f5335f95413aee759e684fe3e0158b23f53
130,SC000130,346,388,330,2,5,Willow ServiceContract 130,188.1000,11.00,1,1,2026-08-24T00:00:00.000,2018-01-01T00:00:00.000,9999-12-31T00:00:00.000,1,eddff018c7db5ca79598158c696eca07eddff018c7db5ca79598158c696eca07
131,SC000131,91,255,240,3,4,Cedar ServiceContract 131,189.4700,12.00,1,1,2026-08-24T00:00:00.000,2018-01-01T00:00:00.000,9999-12-31T00:00:00.000,1,6a6e4a9ca0555462802eac847e0a5e246a6e4a9ca0555462802eac847e0a5e24
132,SC000132,211,138,32,3,5,Cedar ServiceContract 132,190.8400,13.00,1,1,2026-08-24T00:00:00.000,2018-01-01T00:00:00.000,9999-12-31T00:00:00.000,1,cd6bcae6b8a85738b4dc03160fb7afb8cd6bcae6b8a85738b4dc03160fb7afb8
133,SC000133,207,387,460,2,1,Delta ServiceContract 133,192.2100,14.00,1,1,2026-08-24T00:00:00.000,2018-01-01T00:00:00.000,9999-12-31T00:00:00.000,1,de549f7097ef591e878bf64934965a86de549f7097ef591e878bf64934965a86
134,SC000134,388,89,244,5,2,Orion ServiceContract 134,193.5800,15.00,1,1,2026-08-24T00:00:00.000,2018-01-01T00:00:00.000,9999-12-31T00:00:00.000,1,6b8f3db9206f51d092fab90910c6fa186b8f3db9206f51d092fab90910c6fa18
135,SC000135,40,77,366,7,2,Keystone ServiceContract 135,194.9500,16.00,1,1,2026-08-24T00:00:00.000,2018-01-01T00:00:00.000,9999-12-31T00:00:00.000,1,7185aa4fb1725030822eb3f2838046e27185aa4fb1725030822eb3f2838046e2
136,SC000136,22,132,49,6,2,Riverton ServiceContract 136,196.3200,17.00,1,1,2026-08-24T00:00:00.000,2018-01-01T00:00:00.000,9999-12-31T00:00:00.000,1,2914666da1215f4785ddaa6f4b2972ce2914666da1215f4785ddaa6f4b2972ce
137,SC000137,68,98,128,1,2,Delta ServiceContract 137,197.6900,18.00,1,1,2026-08-24T00:00:00.000,2018-01-01T00:00:00.000,9999-12-31T00:00:00.000,1,c0094f04514c5339838d6404c55a5474c0094f04514c5339838d6404c55a5474
138,SC000138,81,357,159,7,4,Harbor ServiceContract 138,199.0600,19.00,1,1,2026-08-24T00:00:00.000,2018-01-01T00:00:00.000,9999-12-31T00:00:00.000,1,db8484972f0155c682703626fda4bd08db8484972f0155c682703626fda4bd08
139,SC000139,115,438,466,6,2,Harbor ServiceContract 139,200.4300,20.00,1,1,2026-08-24T00:00:00.000,2018-01-01T00:00:00.000,9999-12-31T00:00:00.000,1,da71717832545033860b08af7b0db98eda71717832545033860b08af7b0db98e
140,SC000140,2,173,83,2,1,Zenith ServiceContract 140,201.8000,21.00,1,1,2026-08-24T00:00:00.000,2018-01-01T00:00:00.000,9999-12-31T00:00:00.000,1,940568c67cef58aabcfd5ebb9fcd2697940568c67cef58aabcfd5ebb9fcd2697
141,SC000141,1,326,388,5,1,Junction ServiceContract 141,203.1700,22.00,1,1,2026-08-24T00:00:00.000,2018-01-01T00:00:00.000,9999-12-31T00:00:00.000,1,7549c78f2dea5a078642e39121b7fd7f7549c78f2dea5a078642e39121b7fd7f
142,SC000142,400,475,206,1,3,Atlas ServiceContract 142,204.5400,23.00,1,1,2026-08-24T00:00:00.000,2018-01-01T00:00:00.000,9999-12-31T00:00:00.000,1,f6349c2fd21a56488d7060d646613149f6349c2fd21a56488d7060d646613149
143,SC000143,122,68,390,6,5,Beacon ServiceContract 143,205.9100,24.00,1,1,2026-08-24T00:00:00.000,2018-01-01T00:00:00.000,9999-12-31T00:00:00.000,1,a21d5bee8d675da48847ac3ed6684170a21d5bee8d675da48847ac3ed6684170
144,SC000144,315,180,366,1,5,Cedar ServiceContract 144,207.2800,1.00,1,1,2026-08-24T00:00:00.000,2018-01-01T00:00:00.000,9999-12-31T00:00:00.000,1,40f8adf47dbd5c7aac4e9aed9701a51940f8adf47dbd5c7aac4e9aed9701a519
145,SC000145,162,190,223,6,4,Evergreen ServiceContract 145,208.6500,2.00,1,1,2026-08-24T00:00:00.000,2018-01-01T00:00:00.000,9999-12-31T00:00:00.000,1,13f8b4ee5dea51b290cda61ed94632f513f8b4ee5dea51b290cda61ed94632f5
146,SC000146,247,342,124,7,1,Riverton ServiceContract 146,210.0200,3.00,1,1,2026-08-24T00:00:00.000,2018-01-01T00:00:00.000,9999-12-31T00:00:00.000,1,bc683c60521d519f8e89dcf0d852b9b3bc683c60521d519f8e89dcf0d852b9b3
147,SC000147,113,88,92,3,1,Keystone ServiceContract 147,211.3900,4.00,1,1,2026-08-24T00:00:00.000,2018-01-01T00:00:00.000,9999-12-31T00:00:00.000,1,1166962f149f5f2bba98f75d39acaed51166962f149f5f2bba98f75d39acaed5
148,SC000148,500,260,108,2,4,Northstar ServiceContract 148,212.7600,5.00,1,1,2026-08-24T00:00:00.000,2018-01-01T00:00:00.000,9999-12-31T00:00:00.000,1,3d9f833c23415c8180a5b993a800982a3d9f833c23415c8180a5b993a800982a
149,SC000149,358,238,456,5,4,Summit ServiceContract 149,214.1300,6.00,1,1,2026-08-24T00:00:00.000,2018-01-01T00:00:00.000,9999-12-31T00:00:00.000,1,d51afd5de2d451f4a8aec4657523b807d51afd5de2d451f4a8aec4657523b807
150,SC000150,129,398,32,4,2,Harbor ServiceContract 150,215.5000,7.00,1,1,2026-08-24T00:00:00.000,2018-01-01T00:00:00.000,9999-12-31T00:00:00.000,1,3f42e56b897659dd9b21033d91cab06c3f42e56b897659dd9b21033d91cab06c
151,SC000151,26,326,298,1,5,Riverton ServiceContract 151,216.8700,8.00,1,1,2026-08-24T00:00:00.000,2018-01-01T00:00:00.000,9999-12-31T00:00:00.000,1,2dec9cbcad8855a5928834d61067c0262dec9cbcad8855a5928834d61067c026
152,SC000152,348,366,466,3,2,Unity ServiceContract 152,218.2400,9.00,1,1,2026-08-24T00:00:00.000,2018-01-01T00:00:00.000,9999-12-31T00:00:00.000,1,96e4faf6b3c95b94a3156144a1d595f996e4faf6b3c95b94a3156144a1d595f9
153,SC000153,326,105,415,3,4,Liberty ServiceContract 153,219.6100,10.00,1,1,2026-08-24T00:00:00.000,2018-01-01T00:00:00.000,9999-12-31T00:00:00.000,1,914724b498d455fab54dae3f827c3d3d914724b498d455fab54dae3f827c3d3d
154,SC000154,409,474,270,6,3,Northstar ServiceContract 154,220.9800,11.00,1,1,2026-08-24T00:00:00.000,2018-01-01T00:00:00.000,9999-12-31T00:00:00.000,1,f1a47602f7a45218b8b2d50db935b6def1a47602f7a45218b8b2d50db935b6de
155,SC000155,386,454,214,3,5,Zenith ServiceContract 155,222.3500,12.00,1,1,2026-08-24T00:00:00.000,2018-01-01T00:00:00.000,9999-12-31T00:00:00.000,1,3d1bf34f7aae5802829919869b5295f93d1bf34f7aae5802829919869b5295f9
156,SC000156,171,411,452,1,3,Zenith ServiceContract 156,223.7200,13.00,1,1,2026-08-24T00:00:00.000,2018-01-01T00:00:00.000,9999-12-31T00:00:00.000,1,67e229707fee567f9c650df7bbca93ee67e229707fee567f9c650df7bbca93ee
157,SC000157,28,160,191,1,2,Liberty ServiceContract 157,225.0900,14.00,1,1,2026-08-24T00:00:00.000,2018-01-01T00:00:00.000,9999-12-31T00:00:00.000,1,14a326b813cd5e23803f06f9679ffc1b14a326b813cd5e23803f06f9679ffc1b
158,SC000158,116,470,444,4,5,Quartz ServiceContract 158,226.4600,15.00,1,1,2026-08-24T00:00:00.000,2018-01-01T00:00:00.000,9999-12-31T00:00:00.000,1,8930b9c146985b548a06e75108d509268930b9c146985b548a06e75108d50926
159,SC000159,161,126,162,7,3,Riverton ServiceContract 159,227.8300,16.00,1,1,2026-08-24T00:00:00.000,2018-01-01T00:00:00.000,9999-12-31T00:00:00.000,1,ddd3040e3253564f99037ad9ae0b6b6bddd3040e3253564f99037ad9ae0b6b6b
160,SC000160,249,491,340,3,3,Granite ServiceContract 160,229.2000,17.00,1,1,2026-08-24T00:00:00.000,2018-01-01T00:00:00.000,9999-12-31T00:00:00.000,1,e28ca499633653eeb54e8cd48a155cf5e28ca499633653eeb54e8cd48a155cf5
161,SC000161,217,264,225,2,2,Zenith ServiceContract 161,230.5700,18.00,1,1,2026-08-24T00:00:00.000,2018-01-01T00:00:00.000,9999-12-31T00:00:00.000,1,bf5446deb93055e58339094f970ff78fbf5446deb93055e58339094f970ff78f
162,SC000162,128,10,386,6,2,Atlas ServiceContract 162,231.9400,19.00,1,1,2026-08-24T00:00:00.000,2018-01-01T00:00:00.000,9999-12-31T00:00:00.000,1,87511bd31acd583b8a5b5f504e7be3a687511bd31acd583b8a5b5f504e7be3a6
163,SC000163,314,43,233,7,5,Orion ServiceContract 163,233.3100,20.00,1,1,2026-08-24T00:00:00.000,2018-01-01T00:00:00.000,9999-12-31T00:00:00.000,1,df08bdd004ce5da0a79496f249c84643df08bdd004ce5da0a79496f249c84643
164,SC000164,153,108,287,6,5,Quartz ServiceContract 164,234.6800,21.00,1,1,2026-08-24T00:00:00.000,2018-01-01T00:00:00.000,9999-12-31T00:00:00.000,1,5bc850ddcef75833863468fe13f694d35bc850ddcef75833863468fe13f694d3
165,SC000165,192,266,330,3,3,Liberty ServiceContract 165,236.0500,22.00,1,1,2026-08-24T00:00:00.000,2018-01-01T00:00:00.000,9999-12-31T00:00:00.000,1,5cdc0ea7056f5ed186a8e1630785233a5cdc0ea7056f5ed186a8e1630785233a
166,SC000166,102,43,208,7,3,Ion ServiceContract 166,237.4200,23.00,1,1,2026-08-24T00:00:00.000,2018-01-01T00:00:00.000,9999-12-31T00:00:00.000,1,c0202df605325f228864d1f5b5d20c42c0202df605325f228864d1f5b5d20c42
167,SC000167,367,98,224,6,2,Vertex ServiceContract 167,238.7900,24.00,1,1,2026-08-24T00:00:00.000,2018-01-01T00:00:00.000,9999-12-31T00:00:00.000,1,f646303539ae5312ba8167a9c90f9d82f646303539ae5312ba8167a9c90f9d82
168,SC000168,35,219,332,5,4,Atlas ServiceContract 168,240.1600,1.00,1,1,2026-08-24T00:00:00.000,2018-01-01T00:00:00.000,9999-12-31T00:00:00.000,1,bd0d0e9b6d1451de95a8295ccd96a951bd0d0e9b6d1451de95a8295ccd96a951
169,SC000169,37,439,427,1,5,Liberty ServiceContract 169,241.5300,2.00,1,1,2026-08-24T00:00:00.000,2018-01-01T00:00:00.000,9999-12-31T00:00:00.000,1,6b04e9175d375a88a12bc612e3e18bef6b04e9175d375a88a12bc612e3e18bef
170,SC000170,420,225,267,6,2,Beacon ServiceContract 170,242.9000,3.00,1,1,2026-08-24T00:00:00.000,2018-01-01T00:00:00.000,9999-12-31T00:00:00.000,1,1b310b2cf8ae573bb53dec06b684d7af1b310b2cf8ae573bb53dec06b684d7af
171,SC000171,221,32,202,4,3,Willow ServiceContract 171,244.2700,4.00,1,1,2026-08-24T00:00:00.000,2018-01-01T00:00:00.000,9999-12-31T00:00:00.000,1,a066835438a25b6e95bb3ea6635f2b49a066835438a25b6e95bb3ea6635f2b49
172,SC000172,240,312,50,3,3,Titan ServiceContract 172,245.6400,5.00,1,1,2026-08-24T00:00:00.000,2018-01-01T00:00:00.000,9999-12-31T00:00:00.000,1,23f4fac9ca5d51098ad1ab7b3236bc0623f4fac9ca5d51098ad1ab7b3236bc06
173,SC000173,454,247,361,1,2,Cedar ServiceContract 173,247.0100,6.00,1,1,2026-08-24T00:00:00.000,2018-01-01T00:00:00.000,9999-12-31T00:00:00.000,1,839ba058745c5985a1e7984bc4c28af0839ba058745c5985a1e7984bc4c28af0
174,SC000174,79,123,149,4,4,Northstar ServiceContract 174,248.3800,7.00,1,1,2026-08-24T00:00:00.000,2018-01-01T00:00:00.000,9999-12-31T00:00:00.000,1,014c0dc267c65a03a4b7c91be918200f014c0dc267c65a03a4b7c91be918200f
175,SC000175,259,280,140,6,5,Forge ServiceContract 175,249.7500,8.00,1,1,2026-08-24T00:00:00.000,2018-01-01T00:00:00.000,9999-12-31T00:00:00.000,1,bff82948a73856a8b4269a2a6184e591bff82948a73856a8b4269a2a6184e591
176,SC000176,481,460,453,5,3,Willow ServiceContract 176,251.1200,9.00,1,1,2026-08-24T00:00:00.000,2018-01-01T00:00:00.000,9999-12-31T00:00:00.000,1,a5299eb894fc5233917f43bbdf41aa00a5299eb894fc5233917f43bbdf41aa00
177,SC000177,321,148,247,4,2,Zenith ServiceContract 177,252.4900,10.00,1,1,2026-08-24T00:00:00.000,2018-01-01T00:00:00.000,9999-12-31T00:00:00.000,1,f3b56a0b337d5113adc6a08bfd75e300f3b56a0b337d5113adc6a08bfd75e300
178,SC000178,155,160,289,7,1,Quartz ServiceContract 178,253.8600,11.00,1,1,2026-08-24T00:00:00.000,2018-01-01T00:00:00.000,9999-12-31T00:00:00.000,1,8ff0ecb590935715919ec2b3e1613f468ff0ecb590935715919ec2b3e1613f46
179,SC000179,362,158,270,6,4,Meridian ServiceContract 179,255.2300,12.00,1,1,2026-08-24T00:00:00.000,2018-01-01T00:00:00.000,9999-12-31T00:00:00.000,1,e543b9354b1e55d4a854af45e170a106e543b9354b1e55d4a854af45e170a106
180,SC000180,203,358,135,3,1,Harbor ServiceContract 180,256.6000,13.00,1,1,2026-08-24T00:00:00.000,2018-01-01T00:00:00.000,9999-12-31T00:00:00.000,1,f5113026426657a1856c72c112f66a02f5113026426657a1856c72c112f66a02
181,SC000181,47,75,311,2,3,Ion ServiceContract 181,257.9700,14.00,1,1,2026-08-24T00:00:00.000,2018-01-01T00:00:00.000,9999-12-31T00:00:00.000,1,0bb9dac9ee4a5e5e9cb25b250e6dca8b0bb9dac9ee4a5e5e9cb25b250e6dca8b
182,SC000182,398,193,188,4,1,Orion ServiceContract 182,259.3400,15.00,1,1,2026-08-24T00:00:00.000,2018-01-01T00:00:00.000,9999-12-31T00:00:00.000,1,8aef39a526ff529eb493b8912dbdf7b38aef39a526ff529eb493b8912dbdf7b3
183,SC000183,179,389,124,4,4,Meridian ServiceContract 183,260.7100,16.00,1,1,2026-08-24T00:00:00.000,2018-01-01T00:00:00.000,9999-12-31T00:00:00.000,1,c4c2ed331f0f55ba9ae461b5d4005bcac4c2ed331f0f55ba9ae461b5d4005bca
184,SC000184,15,443,364,3,1,Meridian ServiceContract 184,262.0800,17.00,1,1,2026-08-24T00:00:00.000,2018-01-01T00:00:00.000,9999-12-31T00:00:00.000,1,3bf5774c75065bcbb711ba7c3923e6e23bf5774c75065bcbb711ba7c3923e6e2
185,SC000185,85,48,108,6,1,Junction ServiceContract 185,263.4500,18.00,1,1,2026-08-24T00:00:00.000,2018-01-01T00:00:00.000,9999-12-31T00:00:00.000,1,071c491b959158c79de689b5b6dc4742071c491b959158c79de689b5b6dc4742
186,SC000186,5,119,266,1,3,Cedar ServiceContract 186,264.8200,19.00,1,1,2026-08-24T00:00:00.000,2018-01-01T00:00:00.000,9999-12-31T00:00:00.000,1,0e6e0fa6db9d553eb33b5e0c15735d9f0e6e0fa6db9d553eb33b5e0c15735d9f
187,SC000187,337,328,337,6,5,Granite ServiceContract 187,266.1900,20.00,1,1,2026-08-24T00:00:00.000,2018-01-01T00:00:00.000,9999-12-31T00:00:00.000,1,5b164771d1505bb9ae1e8af13de2fdd75b164771d1505bb9ae1e8af13de2fdd7
188,SC000188,208,223,242,7,4,Cedar ServiceContract 188,267.5600,21.00,1,1,2026-08-24T00:00:00.000,2018-01-01T00:00:00.000,9999-12-31T00:00:00.000,1,5e2082ac0af95c10baf99c577909b6135e2082ac0af95c10baf99c577909b613
189,SC000189,76,221,226,7,2,Harbor ServiceContract 189,268.9300,22.00,1,1,2026-08-24T00:00:00.000,2018-01-01T00:00:00.000,9999-12-31T00:00:00.000,1,e3f6b88d8aec580abbebf941d4931264e3f6b88d8aec580abbebf941d4931264
190,SC000190,479,324,174,7,4,Unity ServiceContract 190,270.3000,23.00,1,1,2026-08-24T00:00:00.000,2018-01-01T00:00:00.000,9999-12-31T00:00:00.000,1,d14081c6b6655a5697a8b57c95203b52d14081c6b6655a5697a8b57c95203b52
191,SC000191,80,266,22,3,5,Keystone ServiceContract 191,271.6700,24.00,1,1,2026-08-24T00:00:00.000,2018-01-01T00:00:00.000,9999-12-31T00:00:00.000,1,684ce4bef4c85e8aacc00aaf0970b749684ce4bef4c85e8aacc00aaf0970b749
192,SC000192,232,269,250,4,1,Harbor ServiceContract 192,273.0400,1.00,1,1,2026-08-24T00:00:00.000,2018-01-01T00:00:00.000,9999-12-31T00:00:00.000,1,45685b6c0d45553e89c21857f595a25c45685b6c0d45553e89c21857f595a25c
193,SC000193,152,89,393,2,1,Liberty ServiceContract 193,274.4100,2.00,1,1,2026-08-24T00:00:00.000,2018-01-01T00:00:00.000,9999-12-31T00:00:00.000,1,a91324247be65ce18aef2d7c1065f858a91324247be65ce18aef2d7c1065f858
194,SC000194,319,336,345,4,2,Riverton ServiceContract 194,275.7800,3.00,1,1,2026-08-24T00:00:00.000,2018-01-01T00:00:00.000,9999-12-31T00:00:00.000,1,d0a84a33d88e5be58a2422449fa314a0d0a84a33d88e5be58a2422449fa314a0
195,SC000195,348,393,486,2,3,Ion ServiceContract 195,277.1500,4.00,1,1,2026-08-24T00:00:00.000,2018-01-01T00:00:00.000,9999-12-31T00:00:00.000,1,3cdaa095958f52dabb09c87fb81d52ee3cdaa095958f52dabb09c87fb81d52ee
196,SC000196,210,25,467,4,4,Delta ServiceContract 196,278.5200,5.00,1,1,2026-08-24T00:00:00.000,2018-01-01T00:00:00.000,9999-12-31T00:00:00.000,1,d30e46d24abb5a93acc32b26283ce4eed30e46d24abb5a93acc32b26283ce4ee
197,SC000197,8,100,216,5,3,Liberty ServiceContract 197,279.8900,6.00,1,1,2026-08-24T00:00:00.000,2018-01-01T00:00:00.000,9999-12-31T00:00:00.000,1,615f8741fc1a57e896e93c29671f1c60615f8741fc1a57e896e93c29671f1c60
198,SC000198,82,459,325,4,5,Beacon ServiceContract 198,281.2600,7.00,1,1,2026-08-24T00:00:00.000,2018-01-01T00:00:00.000,9999-12-31T00:00:00.000,1,c0195a962a6750729a5f954c0ac6b363c0195a962a6750729a5f954c0ac6b363
199,SC000199,332,399,392,3,2,Junction ServiceContract 199,282.6300,8.00,1,1,2026-08-24T00:00:00.000,2018-01-01T00:00:00.000,9999-12-31T00:00:00.000,1,939fd36e0af15316835d7a08e6622868939fd36e0af15316835d7a08e6622868
200,SC000200,51,384,158,1,1,Willow ServiceContract 200,284.0000,9.00,1,1,2026-08-24T00:00:00.000,2018-01-01T00:00:00.000,9999-12-31T00:00:00.000,1,4447ed629ead5122a99a004da0f466fe4447ed629ead5122a99a004da0f466fe
201,SC000201,37,325,454,1,5,Summit ServiceContract 201,285.3700,10.00,1,1,2026-08-24T00:00:00.000,2018-01-01T00:00:00.000,9999-12-31T00:00:00.000,1,c5c94329c664553fa9733ee485312b0fc5c94329c664553fa9733ee485312b0f
202,SC000202,495,348,135,4,3,Forge ServiceContract 202,286.7400,11.00,1,1,2026-08-24T00:00:00.000,2018-01-01T00:00:00.000,9999-12-31T00:00:00.000,1,54b61c90673a559e99cc686dcfa725c154b61c90673a559e99cc686dcfa725c1
203,SC000203,204,174,210,3,5,Pioneer ServiceContract 203,288.1100,12.00,1,1,2026-08-24T00:00:00.000,2018-01-01T00:00:00.000,9999-12-31T00:00:00.000,1,183ea430b10e5f139d9fe3be0a32985c183ea430b10e5f139d9fe3be0a32985c
204,SC000204,233,160,338,5,5,Titan ServiceContract 204,289.4800,13.00,1,1,2026-08-24T00:00:00.000,2018-01-01T00:00:00.000,9999-12-31T00:00:00.000,1,abb5edaf07b55d5097b30257a7e20624abb5edaf07b55d5097b30257a7e20624
205,SC000205,250,294,371,4,4,Evergreen ServiceContract 205,290.8500,14.00,1,1,2026-08-24T00:00:00.000,2018-01-01T00:00:00.000,9999-12-31T00:00:00.000,1,06284fc973245250a71e81d15149e62a06284fc973245250a71e81d15149e62a
206,SC000206,480,484,335,3,5,Delta ServiceContract 206,292.2200,15.00,1,1,2026-08-24T00:00:00.000,2018-01-01T00:00:00.000,9999-12-31T00:00:00.000,1,b19de8bfb6115039bfee97172a8e7bafb19de8bfb6115039bfee97172a8e7baf
207,SC000207,59,136,196,2,3,Willow ServiceContract 207,293.5900,16.00,1,1,2026-08-24T00:00:00.000,2018-01-01T00:00:00.000,9999-12-31T00:00:00.000,1,a7a907d45db3509fb9e6aff1b27bc89aa7a907d45db3509fb9e6aff1b27bc89a
208,SC000208,93,494,222,3,5,Zenith ServiceContract 208,294.9600,17.00,1,1,2026-08-24T00:00:00.000,2018-01-01T00:00:00.000,9999-12-31T00:00:00.000,1,d9b16d74c7235178a4ca46d85c388d5ad9b16d74c7235178a4ca46d85c388d5a
209,SC000209,162,24,324,6,2,Cedar ServiceContract 209,296.3300,18.00,1,1,2026-08-24T00:00:00.000,2018-01-01T00:00:00.000,9999-12-31T00:00:00.000,1,431323c3a536589a958c632dafc2efd3431323c3a536589a958c632dafc2efd3
210,SC000210,43,95,441,5,3,Keystone ServiceContract 210,297.7000,19.00,1,1,2026-08-24T00:00:00.000,2018-01-01T00:00:00.000,9999-12-31T00:00:00.000,1,da95877d7d2f58c49a268392862184e3da95877d7d2f58c49a268392862184e3
211,SC000211,45,140,394,1,4,Pioneer ServiceContract 211,299.0700,20.00,1,1,2026-08-24T00:00:00.000,2018-01-01T00:00:00.000,9999-12-31T00:00:00.000,1,c1046fdb06775e779791fd686b5755efc1046fdb06775e779791fd686b5755ef
212,SC000212,122,481,424,3,4,Vertex ServiceContract 212,300.4400,21.00,1,1,2026-08-24T00:00:00.000,2018-01-01T00:00:00.000,9999-12-31T00:00:00.000,1,4194a9d622e251349f0fcb9c5e5e8a1b4194a9d622e251349f0fcb9c5e5e8a1b
213,SC000213,338,143,284,1,1,Riverton ServiceContract 213,301.8100,22.00,1,1,2026-08-24T00:00:00.000,2018-01-01T00:00:00.000,9999-12-31T00:00:00.000,1,2e2b6c473a58580098079191868e71412e2b6c473a58580098079191868e7141
214,SC000214,96,440,338,5,4,Riverton ServiceContract 214,303.1800,23.00,1,1,2026-08-24T00:00:00.000,2018-01-01T00:00:00.000,9999-12-31T00:00:00.000,1,278d0514a4cf52f69afd7b45507f2494278d0514a4cf52f69afd7b45507f2494
215,SC000215,488,247,173,2,4,Junction ServiceContract 215,304.5500,24.00,1,1,2026-08-24T00:00:00.000,2018-01-01T00:00:00.000,9999-12-31T00:00:00.000,1,693605d51d345ed2891a4dccb2a174fe693605d51d345ed2891a4dccb2a174fe
216,SC000216,192,311,196,1,2,Atlas ServiceContract 216,305.9200,1.00,1,1,2026-08-24T00:00:00.000,2018-01-01T00:00:00.000,9999-12-31T00:00:00.000,1,da972822ff035c92adb73db2e128d700da972822ff035c92adb73db2e128d700
217,SC000217,309,199,100,1,1,Quartz ServiceContract 217,307.2900,2.00,1,1,2026-08-24T00:00:00.000,2018-01-01T00:00:00.000,9999-12-31T00:00:00.000,1,7f9fbe6bb91a579aba74665c1808454c7f9fbe6bb91a579aba74665c1808454c
218,SC000218,80,267,390,7,2,Atlas ServiceContract 218,308.6600,3.00,1,1,2026-08-24T00:00:00.000,2018-01-01T00:00:00.000,9999-12-31T00:00:00.000,1,90e51b4bf5125b2789079d0cf22677e690e51b4bf5125b2789079d0cf22677e6
219,SC000219,95,348,341,7,4,Junction ServiceContract 219,310.0300,4.00,1,1,2026-08-24T00:00:00.000,2018-01-01T00:00:00.000,9999-12-31T00:00:00.000,1,d118f353b313581a87f1d3b4e20111f7d118f353b313581a87f1d3b4e20111f7
220,SC000220,298,395,498,7,1,Keystone ServiceContract 220,311.4000,5.00,1,1,2026-08-24T00:00:00.000,2018-01-01T00:00:00.000,9999-12-31T00:00:00.000,1,464a1cfafcc4578484d6b4c6f8471af6464a1cfafcc4578484d6b4c6f8471af6
221,SC000221,159,441,310,7,2,Keystone ServiceContract 221,312.7700,6.00,1,1,2026-08-24T00:00:00.000,2018-01-01T00:00:00.000,9999-12-31T00:00:00.000,1,d8b29acfb9ba518da57c9bb815699061d8b29acfb9ba518da57c9bb815699061
222,SC000222,338,345,218,5,2,Summit ServiceContract 222,314.1400,7.00,1,1,2026-08-24T00:00:00.000,2018-01-01T00:00:00.000,9999-12-31T00:00:00.000,1,c8de8664f71f5f78b130cb82fcba0ae2c8de8664f71f5f78b130cb82fcba0ae2
223,SC000223,313,372,58,1,2,Cedar ServiceContract 223,315.5100,8.00,1,1,2026-08-24T00:00:00.000,2018-01-01T00:00:00.000,9999-12-31T00:00:00.000,1,d0579b34ac155b8db5a9f338ac3d8cd4d0579b34ac155b8db5a9f338ac3d8cd4
224,SC000224,321,146,479,6,3,Forge ServiceContract 224,316.8800,9.00,1,1,2026-08-24T00:00:00.000,2018-01-01T00:00:00.000,9999-12-31T00:00:00.000,1,cee5ecc1655a5cc386254812f9f36f14cee5ecc1655a5cc386254812f9f36f14
225,SC000225,243,258,454,5,3,Unity ServiceContract 225,318.2500,10.00,1,1,2026-08-24T00:00:00.000,2018-01-01T00:00:00.000,9999-12-31T00:00:00.000,1,f7d9d5000dd85a74868e864ee5363d10f7d9d5000dd85a74868e864ee5363d10
226,SC000226,349,42,94,1,1,Granite ServiceContract 226,319.6200,11.00,1,1,2026-08-24T00:00:00.000,2018-01-01T00:00:00.000,9999-12-31T00:00:00.000,1,33501cdf40b1597a8eccb6e945dabfb033501cdf40b1597a8eccb6e945dabfb0
227,SC000227,7,284,239,3,4,Zenith ServiceContract 227,320.9900,12.00,1,1,2026-08-24T00:00:00.000,2018-01-01T00:00:00.000,9999-12-31T00:00:00.000,1,91fc1203af595a3da541f8addf3d83ba91fc1203af595a3da541f8addf3d83ba
228,SC000228,38,65,317,5,3,Orion ServiceContract 228,322.3600,13.00,1,1,2026-08-24T00:00:00.000,2018-01-01T00:00:00.000,9999-12-31T00:00:00.000,1,f1d1b6e79cf75fda87fdec564000823ff1d1b6e79cf75fda87fdec564000823f
229,SC000229,144,161,411,6,2,Riverton ServiceContract 229,323.7300,14.00,1,1,2026-08-24T00:00:00.000,2018-01-01T00:00:00.000,9999-12-31T00:00:00.000,1,04b36b99251755089de0042310022bea04b36b99251755089de0042310022bea
230,SC000230,191,82,296,4,5,Cedar ServiceContract 230,325.1000,15.00,1,1,2026-08-24T00:00:00.000,2018-01-01T00:00:00.000,9999-12-31T00:00:00.000,1,be1803bbb1be5bbba41e407392aa23c0be1803bbb1be5bbba41e407392aa23c0
231,SC000231,224,425,413,3,5,Granite ServiceContract 231,326.4700,16.00,1,1,2026-08-24T00:00:00.000,2018-01-01T00:00:00.000,9999-12-31T00:00:00.000,1,8912085abb535bb486d973675b31cc4e8912085abb535bb486d973675b31cc4e
232,SC000232,328,363,216,5,5,Forge ServiceContract 232,327.8400,17.00,1,1,2026-08-24T00:00:00.000,2018-01-01T00:00:00.000,9999-12-31T00:00:00.000,1,ff29239eaeb35052b3b41f5fe8a705f2ff29239eaeb35052b3b41f5fe8a705f2
233,SC000233,206,99,444,1,3,Keystone ServiceContract 233,329.2100,18.00,1,1,2026-08-24T00:00:00.000,2018-01-01T00:00:00.000,9999-12-31T00:00:00.000,1,02546a9ff9fc5498891623a016a9922b02546a9ff9fc5498891623a016a9922b
234,SC000234,116,240,180,6,4,Summit ServiceContract 234,330.5800,19.00,1,1,2026-08-24T00:00:00.000,2018-01-01T00:00:00.000,9999-12-31T00:00:00.000,1,054f39773b035fd78054a3d7285dbeb1054f39773b035fd78054a3d7285dbeb1
235,SC000235,96,287,406,3,5,Harbor ServiceContract 235,331.9500,20.00,1,1,2026-08-24T00:00:00.000,2018-01-01T00:00:00.000,9999-12-31T00:00:00.000,1,e207744a31eb5addaf9cd730318b4e26e207744a31eb5addaf9cd730318b4e26
236,SC000236,383,226,420,3,2,Keystone ServiceContract 236,333.3200,21.00,1,1,2026-08-24T00:00:00.000,2018-01-01T00:00:00.000,9999-12-31T00:00:00.000,1,ba58076875de5881bfca6573d6dee606ba58076875de5881bfca6573d6dee606
237,SC000237,365,277,344,2,2,Summit ServiceContract 237,334.6900,22.00,1,1,2026-08-24T00:00:00.000,2018-01-01T00:00:00.000,9999-12-31T00:00:00.000,1,1245e914dc9c593caee473cbabb590c71245e914dc9c593caee473cbabb590c7
238,SC000238,176,43,283,5,3,Harbor ServiceContract 238,336.0600,23.00,1,1,2026-08-24T00:00:00.000,2018-01-01T00:00:00.000,9999-12-31T00:00:00.000,1,a7a67a09272b51bfb26de1b9f3ac1c00a7a67a09272b51bfb26de1b9f3ac1c00
239,SC000239,350,296,219,6,2,Forge ServiceContract 239,337.4300,24.00,1,1,2026-08-24T00:00:00.000,2018-01-01T00:00:00.000,9999-12-31T00:00:00.000,1,354f96e3703552a689cc379128bc5b8d354f96e3703552a689cc379128bc5b8d
240,SC000240,88,84,64,2,5,Pioneer ServiceContract 240,338.8000,1.00,1,1,2026-08-24T00:00:00.000,2018-01-01T00:00:00.000,9999-12-31T00:00:00.000,1,7cc4fee8b01a5c0ea8ad61e48fc306ba7cc4fee8b01a5c0ea8ad61e48fc306ba
241,SC000241,171,53,119,4,5,Pioneer ServiceContract 241,340.1700,2.00,1,1,2026-08-24T00:00:00.000,2018-01-01T00:00:00.000,9999-12-31T00:00:00.000,1,f6e2fd621f505a6e9a1f14200162b517f6e2fd621f505a6e9a1f14200162b517
242,SC000242,174,114,143,5,2,Northstar ServiceContract 242,341.5400,3.00,1,1,2026-08-24T00:00:00.000,2018-01-01T00:00:00.000,9999-12-31T00:00:00.000,1,c9e4eb59cfc25e1b83f85b397c5b017ac9e4eb59cfc25e1b83f85b397c5b017a
243,SC000243,318,411,179,2,3,Forge ServiceContract 243,342.9100,4.00,1,1,2026-08-24T00:00:00.000,2018-01-01T00:00:00.000,9999-12-31T00:00:00.000,1,9a1e2c49a2e55cefb0bc675af81133709a1e2c49a2e55cefb0bc675af8113370
244,SC000244,82,345,152,2,1,Keystone ServiceContract 244,344.2800,5.00,1,1,2026-08-24T00:00:00.000,2018-01-01T00:00:00.000,9999-12-31T00:00:00.000,1,bedecd85a4815c80ba1a48af0d75a808bedecd85a4815c80ba1a48af0d75a808
245,SC000245,145,36,191,1,3,Keystone ServiceContract 245,345.6500,6.00,1,1,2026-08-24T00:00:00.000,2018-01-01T00:00:00.000,9999-12-31T00:00:00.000,1,b4c75681a09757d899f68e1a5a0f5e08b4c75681a09757d899f68e1a5a0f5e08
246,SC000246,461,279,195,3,1,Willow ServiceContract 246,347.0200,7.00,1,1,2026-08-24T00:00:00.000,2018-01-01T00:00:00.000,9999-12-31T00:00:00.000,1,c39077efc1a859939ef4a0b9990b0f35c39077efc1a859939ef4a0b9990b0f35
247,SC000247,234,244,53,3,1,Cedar ServiceContract 247,348.3900,8.00,1,1,2026-08-24T00:00:00.000,2018-01-01T00:00:00.000,9999-12-31T00:00:00.000,1,41a4680f08645648ae036562d361612541a4680f08645648ae036562d3616125
248,SC000248,170,340,391,6,1,Meridian ServiceContract 248,349.7600,9.00,1,1,2026-08-24T00:00:00.000,2018-01-01T00:00:00.000,9999-12-31T00:00:00.000,1,819b1c2be4035f6d9b87f270ea3cda62819b1c2be4035f6d9b87f270ea3cda62
249,SC000249,133,464,72,5,5,Granite ServiceContract 249,351.1300,10.00,1,1,2026-08-24T00:00:00.000,2018-01-01T00:00:00.000,9999-12-31T00:00:00.000,1,3b4c3f9513da58c382a3837427850be63b4c3f9513da58c382a3837427850be6
250,SC000250,343,313,318,7,5,Willow ServiceContract 250,352.5000,11.00,1,1,2026-08-24T00:00:00.000,2018-01-01T00:00:00.000,9999-12-31T00:00:00.000,1,0ed1ad4692875a65950bd4b62c509aae0ed1ad4692875a65950bd4b62c509aae
251,SC000251,98,252,304,3,4,Willow ServiceContract 251,353.8700,12.00,1,1,2026-08-24T00:00:00.000,2018-01-01T00:00:00.000,9999-12-31T00:00:00.000,1,8eaa492c645358459984ac77ba857ce98eaa492c645358459984ac77ba857ce9
252,SC000252,182,218,198,6,4,Vertex ServiceContract 252,355.2400,13.00,1,1,2026-08-24T00:00:00.000,2018-01-01T00:00:00.000,9999-12-31T00:00:00.000,1,bd03f669cc065a1fa24b90a9439af00cbd03f669cc065a1fa24b90a9439af00c
253,SC000253,150,161,184,1,5,Northstar ServiceContract 253,356.6100,14.00,1,1,2026-08-24T00:00:00.000,2018-01-01T00:00:00.000,9999-12-31T00:00:00.000,1,b9a73e912ffa5d0a9b7cf4892d8c8231b9a73e912ffa5d0a9b7cf4892d8c8231
254,SC000254,301,266,73,2,2,Junction ServiceContract 254,357.9800,15.00,1,1,2026-08-24T00:00:00.000,2018-01-01T00:00:00.000,9999-12-31T00:00:00.000,1,f332163268515979a640c89ca6ebbc53f332163268515979a640c89ca6ebbc53
255,SC000255,23,452,65,4,1,Willow ServiceContract 255,359.3500,16.00,1,1,2026-08-24T00:00:00.000,2018-01-01T00:00:00.000,9999-12-31T00:00:00.000,1,6ebeddfccb38507b9051ab91d6157a2b6ebeddfccb38507b9051ab91d6157a2b
256,SC000256,380,106,128,2,2,Cedar ServiceContract 256,360.7200,17.00,1,1,2026-08-24T00:00:00.000,2018-01-01T00:00:00.000,9999-12-31T00:00:00.000,1,5158fcee038358c59df8f22a6be6270b5158fcee038358c59df8f22a6be6270b
257,SC000257,227,212,409,7,2,Titan ServiceContract 257,362.0900,18.00,1,1,2026-08-24T00:00:00.000,2018-01-01T00:00:00.000,9999-12-31T00:00:00.000,1,26d1c651fe8155f79953a5c4a7d6805326d1c651fe8155f79953a5c4a7d68053
258,SC000258,109,453,220,5,3,Beacon ServiceContract 258,363.4600,19.00,1,1,2026-08-24T00:00:00.000,2018-01-01T00:00:00.000,9999-12-31T00:00:00.000,1,e8ac2205967858c38cf0288bb9f30f76e8ac2205967858c38cf0288bb9f30f76
259,SC000259,298,428,194,2,1,Evergreen ServiceContract 259,364.8300,20.00,1,1,2026-08-24T00:00:00.000,2018-01-01T00:00:00.000,9999-12-31T00:00:00.000,1,851158eaa6c4561b923a9b3289be0a49851158eaa6c4561b923a9b3289be0a49
260,SC000260,464,278,77,4,1,Granite ServiceContract 260,366.2000,21.00,1,1,2026-08-24T00:00:00.000,2018-01-01T00:00:00.000,9999-12-31T00:00:00.000,1,19c82f93099e5a70b9312fc16125c59119c82f93099e5a70b9312fc16125c591
261,SC000261,265,366,465,5,2,Harbor ServiceContract 261,367.5700,22.00,1,1,2026-08-24T00:00:00.000,2018-01-01T00:00:00.000,9999-12-31T00:00:00.000,1,b5c66139e4c9579cb23ac2d5943bd2e0b5c66139e4c9579cb23ac2d5943bd2e0
262,SC000262,150,436,336,5,5,Ion ServiceContract 262,368.9400,23.00,1,1,2026-08-24T00:00:00.000,2018-01-01T00:00:00.000,9999-12-31T00:00:00.000,1,1b497c7326a3537fbcf5c2598ab09c6b1b497c7326a3537fbcf5c2598ab09c6b
263,SC000263,405,142,265,7,5,Vertex ServiceContract 263,370.3100,24.00,1,1,2026-08-24T00:00:00.000,2018-01-01T00:00:00.000,9999-12-31T00:00:00.000,1,86b3285ff4b8542abaad009c93f2fcfd86b3285ff4b8542abaad009c93f2fcfd
264,SC000264,459,26,58,6,2,Titan ServiceContract 264,371.6800,1.00,1,1,2026-08-24T00:00:00.000,2018-01-01T00:00:00.000,9999-12-31T00:00:00.000,1,e5ede450dd2352e8bc54a501a4db7987e5ede450dd2352e8bc54a501a4db7987
265,SC000265,498,345,119,2,1,Junction ServiceContract 265,373.0500,2.00,1,1,2026-08-24T00:00:00.000,2018-01-01T00:00:00.000,9999-12-31T00:00:00.000,1,71d23c28f00d50ba9d11a79ccddc89a671d23c28f00d50ba9d11a79ccddc89a6
266,SC000266,30,53,467,2,5,Northstar ServiceContract 266,374.4200,3.00,1,1,2026-08-24T00:00:00.000,2018-01-01T00:00:00.000,9999-12-31T00:00:00.000,1,e3f2f4f6d2c55aca8ccd73d6445f330ce3f2f4f6d2c55aca8ccd73d6445f330c
267,SC000267,393,242,321,6,5,Vertex ServiceContract 267,375.7900,4.00,1,1,2026-08-24T00:00:00.000,2018-01-01T00:00:00.000,9999-12-31T00:00:00.000,1,e239d048cac3593197e16f7d5d909965e239d048cac3593197e16f7d5d909965
268,SC000268,446,360,380,7,4,Summit ServiceContract 268,377.1600,5.00,1,1,2026-08-24T00:00:00.000,2018-01-01T00:00:00.000,9999-12-31T00:00:00.000,1,6a53cc95662b54c68904e87f53c1aded6a53cc95662b54c68904e87f53c1aded
269,SC000269,180,268,72,2,3,Beacon ServiceContract 269,378.5300,6.00,1,1,2026-08-24T00:00:00.000,2018-01-01T00:00:00.000,9999-12-31T00:00:00.000,1,adacad43718757d5969a983e2690dfb0adacad43718757d5969a983e2690dfb0
270,SC000270,106,33,483,3,5,Meridian ServiceContract 270,379.9000,7.00,1,1,2026-08-24T00:00:00.000,2018-01-01T00:00:00.000,9999-12-31T00:00:00.000,1,9fd1e8dfb14757c6ba6716116326c3e19fd1e8dfb14757c6ba6716116326c3e1
271,SC000271,87,32,424,7,2,Titan ServiceContract 271,381.2700,8.00,1,1,2026-08-24T00:00:00.000,2018-01-01T00:00:00.000,9999-12-31T00:00:00.000,1,f12600c5423a5f25bfa57ff87a8e5c30f12600c5423a5f25bfa57ff87a8e5c30
272,SC000272,353,220,141,1,3,Summit ServiceContract 272,382.6400,9.00,1,1,2026-08-24T00:00:00.000,2018-01-01T00:00:00.000,9999-12-31T00:00:00.000,1,3f2b16d070115af29d47298cc27ff4a13f2b16d070115af29d47298cc27ff4a1
273,SC000273,155,90,62,7,2,Vertex ServiceContract 273,384.0100,10.00,1,1,2026-08-24T00:00:00.000,2018-01-01T00:00:00.000,9999-12-31T00:00:00.000,1,cfabf816208951fe8468b8d37b50facfcfabf816208951fe8468b8d37b50facf
274,SC000274,487,409,439,3,1,Harbor ServiceContract 274,385.3800,11.00,1,1,2026-08-24T00:00:00.000,2018-01-01T00:00:00.000,9999-12-31T00:00:00.000,1,c2cfe4233d1d5ed38e344caf7d501945c2cfe4233d1d5ed38e344caf7d501945
275,SC000275,35,263,166,4,2,Liberty ServiceContract 275,386.7500,12.00,1,1,2026-08-24T00:00:00.000,2018-01-01T00:00:00.000,9999-12-31T00:00:00.000,1,635e2bc74d5d5b9794620c6fe7300222635e2bc74d5d5b9794620c6fe7300222
276,SC000276,446,322,289,1,2,Titan ServiceContract 276,388.1200,13.00,1,1,2026-08-24T00:00:00.000,2018-01-01T00:00:00.000,9999-12-31T00:00:00.000,1,17f04ed7c0615a64b357f4a50f096c9d17f04ed7c0615a64b357f4a50f096c9d
277,SC000277,124,114,468,5,3,Pioneer ServiceContract 277,389.4900,14.00,1,1,2026-08-24T00:00:00.000,2018-01-01T00:00:00.000,9999-12-31T00:00:00.000,1,0332444c69a15caabbf949f56e9220430332444c69a15caabbf949f56e922043
278,SC000278,182,96,46,3,1,Evergreen ServiceContract 278,390.8600,15.00,1,1,2026-08-24T00:00:00.000,2018-01-01T00:00:00.000,9999-12-31T00:00:00.000,1,90f3c6c2a17d5d82ad44cff506b0ffa290f3c6c2a17d5d82ad44cff506b0ffa2
279,SC000279,245,430,233,3,1,Delta ServiceContract 279,392.2300,16.00,1,1,2026-08-24T00:00:00.000,2018-01-01T00:00:00.000,9999-12-31T00:00:00.000,1,76537bd9581253c2b79cabf2d554e81476537bd9581253c2b79cabf2d554e814
280,SC000280,340,360,218,1,3,Summit ServiceContract 280,393.6000,17.00,1,1,2026-08-24T00:00:00.000,2018-01-01T00:00:00.000,9999-12-31T00:00:00.000,1,79307b9254345e4bbf5eae2302af718e79307b9254345e4bbf5eae2302af718e
281,SC000281,312,35,178,6,4,Granite ServiceContract 281,394.9700,18.00,1,1,2026-08-24T00:00:00.000,2018-01-01T00:00:00.000,9999-12-31T00:00:00.000,1,135b8238691d57719edfc88f6b2c2b51135b8238691d57719edfc88f6b2c2b51
282,SC000282,471,44,285,6,1,Zenith ServiceContract 282,396.3400,19.00,1,1,2026-08-24T00:00:00.000,2018-01-01T00:00:00.000,9999-12-31T00:00:00.000,1,7b6e785629de5faeac025acd93c618ab7b6e785629de5faeac025acd93c618ab
283,SC000283,97,483,251,3,1,Atlas ServiceContract 283,397.7100,20.00,1,1,2026-08-24T00:00:00.000,2018-01-01T00:00:00.000,9999-12-31T00:00:00.000,1,b90aa242e16b580098e62abd1ee29e14b90aa242e16b580098e62abd1ee29e14
284,SC000284,223,62,50,7,5,Titan ServiceContract 284,399.0800,21.00,1,1,2026-08-24T00:00:00.000,2018-01-01T00:00:00.000,9999-12-31T00:00:00.000,1,6f114b5d50f15df1acc1f6f820b527d26f114b5d50f15df1acc1f6f820b527d2
285,SC000285,194,134,458,6,5,Beacon ServiceContract 285,400.4500,22.00,1,1,2026-08-24T00:00:00.000,2018-01-01T00:00:00.000,9999-12-31T00:00:00.000,1,4f258620f8b75ce6bc3054a9ae09d4c34f258620f8b75ce6bc3054a9ae09d4c3
286,SC000286,394,59,476,6,2,Titan ServiceContract 286,401.8200,23.00,1,1,2026-08-24T00:00:00.000,2018-01-01T00:00:00.000,9999-12-31T00:00:00.000,1,15fe1cabcdec54aebb4e2ecf69f3a5d615fe1cabcdec54aebb4e2ecf69f3a5d6
287,SC000287,156,480,79,6,3,Liberty ServiceContract 287,403.1900,24.00,1,1,2026-08-24T00:00:00.000,2018-01-01T00:00:00.000,9999-12-31T00:00:00.000,1,f2005db5e4d759e098f24501c3dfa6f5f2005db5e4d759e098f24501c3dfa6f5
288,SC000288,246,13,336,7,1,Ion ServiceContract 288,404.5600,1.00,1,1,2026-08-24T00:00:00.000,2018-01-01T00:00:00.000,9999-12-31T00:00:00.000,1,d5fb80733c1f5a399a5f5147e8707156d5fb80733c1f5a399a5f5147e8707156
289,SC000289,185,466,96,2,1,Orion ServiceContract 289,405.9300,2.00,1,1,2026-08-24T00:00:00.000,2018-01-01T00:00:00.000,9999-12-31T00:00:00.000,1,ff5f6065add3541ea87b7154ae4ab02cff5f6065add3541ea87b7154ae4ab02c
290,SC000290,385,280,425,1,5,Titan ServiceContract 290,407.3000,3.00,1,1,2026-08-24T00:00:00.000,2018-01-01T00:00:00.000,9999-12-31T00:00:00.000,1,e976e063b32b58a6b2bbdd74417b9441e976e063b32b58a6b2bbdd74417b9441
291,SC000291,157,119,396,7,3,Northstar ServiceContract 291,408.6700,4.00,1,1,2026-08-24T00:00:00.000,2018-01-01T00:00:00.000,9999-12-31T00:00:00.000,1,c7c94ed6b9ab5aeb838d0886b0f7d268c7c94ed6b9ab5aeb838d0886b0f7d268
292,SC000292,85,295,173,3,4,Delta ServiceContract 292,410.0400,5.00,1,1,2026-08-24T00:00:00.000,2018-01-01T00:00:00.000,9999-12-31T00:00:00.000,1,8816ab86d99756fe9da336a9297fdd918816ab86d99756fe9da336a9297fdd91
293,SC000293,352,496,239,5,1,Northstar ServiceContract 293,411.4100,6.00,1,1,2026-08-24T00:00:00.000,2018-01-01T00:00:00.000,9999-12-31T00:00:00.000,1,4509ffa337f45f20a7a07c3c42247d164509ffa337f45f20a7a07c3c42247d16
294,SC000294,155,345,222,2,4,Harbor ServiceContract 294,412.7800,7.00,1,1,2026-08-24T00:00:00.000,2018-01-01T00:00:00.000,9999-12-31T00:00:00.000,1,0709b010755158398f5a0342abdd68b80709b010755158398f5a0342abdd68b8
295,SC000295,99,59,130,5,2,Atlas ServiceContract 295,414.1500,8.00,1,1,2026-08-24T00:00:00.000,2018-01-01T00:00:00.000,9999-12-31T00:00:00.000,1,64a195d381e95c7aa1fdbdcc93a1bc6a64a195d381e95c7aa1fdbdcc93a1bc6a
296,SC000296,339,227,40,3,1,Quartz ServiceContract 296,415.5200,9.00,1,1,2026-08-24T00:00:00.000,2018-01-01T00:00:00.000,9999-12-31T00:00:00.000,1,0e6f54e19e8e5db29f1d3e669baa74300e6f54e19e8e5db29f1d3e669baa7430
297,SC000297,138,458,118,1,5,Ion ServiceContract 297,416.8900,10.00,1,1,2026-08-24T00:00:00.000,2018-01-01T00:00:00.000,9999-12-31T00:00:00.000,1,bca24fb238e15c0bb9b4405d3631e358bca24fb238e15c0bb9b4405d3631e358
298,SC000298,288,118,9,2,3,Cedar ServiceContract 298,418.2600,11.00,1,1,2026-08-24T00:00:00.000,2018-01-01T00:00:00.000,9999-12-31T00:00:00.000,1,06c5386ceb6350e2b55f41d943537b3806c5386ceb6350e2b55f41d943537b38
299,SC000299,177,119,400,2,5,Zenith ServiceContract 299,419.6300,12.00,1,1,2026-08-24T00:00:00.000,2018-01-01T00:00:00.000,9999-12-31T00:00:00.000,1,6c2e505dfc595c2ea329b3f924ad06106c2e505dfc595c2ea329b3f924ad0610
300,SC000300,49,36,363,3,5,Delta ServiceContract 300,421.0000,13.00,1,1,2026-08-24T00:00:00.000,2018-01-01T00:00:00.000,9999-12-31T00:00:00.000,1,c3bd19c9241550c6b397c66b83a366fdc3bd19c9241550c6b397c66b83a366fd
301,SC000301,388,264,490,7,5,Evergreen ServiceContract 301,422.3700,14.00,1,1,2026-08-24T00:00:00.000,2018-01-01T00:00:00.000,9999-12-31T00:00:00.000,1,1e66fe8783135ff8a67b665c166641cd1e66fe8783135ff8a67b665c166641cd
302,SC000302,132,136,389,7,1,Delta ServiceContract 302,423.7400,15.00,1,1,2026-08-24T00:00:00.000,2018-01-01T00:00:00.000,9999-12-31T00:00:00.000,1,b07ac96edff85ba9a9d8c65a3399c5bbb07ac96edff85ba9a9d8c65a3399c5bb
303,SC000303,203,464,136,7,1,Keystone ServiceContract 303,425.1100,16.00,1,1,2026-08-24T00:00:00.000,2018-01-01T00:00:00.000,9999-12-31T00:00:00.000,1,2571566b49d0534ba96bc35ae47eb1b42571566b49d0534ba96bc35ae47eb1b4
304,SC000304,402,461,345,1,5,Zenith ServiceContract 304,426.4800,17.00,1,1,2026-08-24T00:00:00.000,2018-01-01T00:00:00.000,9999-12-31T00:00:00.000,1,29334fbd36875449bb2d3a865efc54b729334fbd36875449bb2d3a865efc54b7
305,SC000305,190,493,97,6,5,Unity ServiceContract 305,427.8500,18.00,1,1,2026-08-24T00:00:00.000,2018-01-01T00:00:00.000,9999-12-31T00:00:00.000,1,eafc71ef4360541587628db54bf66c7eeafc71ef4360541587628db54bf66c7e
306,SC000306,103,165,223,1,3,Pioneer ServiceContract 306,429.2200,19.00,1,1,2026-08-24T00:00:00.000,2018-01-01T00:00:00.000,9999-12-31T00:00:00.000,1,9186be01f40159c9bdc00b9af68379329186be01f40159c9bdc00b9af6837932
307,SC000307,127,452,127,2,3,Liberty ServiceContract 307,430.5900,20.00,1,1,2026-08-24T00:00:00.000,2018-01-01T00:00:00.000,9999-12-31T00:00:00.000,1,92b5e0a849515929b74c33eabb7d8a1492b5e0a849515929b74c33eabb7d8a14
308,SC000308,167,128,305,4,1,Atlas ServiceContract 308,431.9600,21.00,1,1,2026-08-24T00:00:00.000,2018-01-01T00:00:00.000,9999-12-31T00:00:00.000,1,352cd82f29455275970255506395535e352cd82f29455275970255506395535e
309,SC000309,190,366,244,3,1,Delta ServiceContract 309,433.3300,22.00,1,1,2026-08-24T00:00:00.000,2018-01-01T00:00:00.000,9999-12-31T00:00:00.000,1,81bb4425493e5d548cc689d9341f6a3981bb4425493e5d548cc689d9341f6a39
310,SC000310,121,399,116,5,4,Willow ServiceContract 310,434.7000,23.00,1,1,2026-08-24T00:00:00.000,2018-01-01T00:00:00.000,9999-12-31T00:00:00.000,1,00866a176aae5618871202f032091b7e00866a176aae5618871202f032091b7e
311,SC000311,465,280,387,2,3,Forge ServiceContract 311,436.0700,24.00,1,1,2026-08-24T00:00:00.000,2018-01-01T00:00:00.000,9999-12-31T00:00:00.000,1,64872ba067475945afce0182a69d01fe64872ba067475945afce0182a69d01fe
312,SC000312,297,43,191,3,1,Evergreen ServiceContract 312,437.4400,1.00,1,1,2026-08-24T00:00:00.000,2018-01-01T00:00:00.000,9999-12-31T00:00:00.000,1,84ba08a04816520c87fca1f1f6187e1a84ba08a04816520c87fca1f1f6187e1a
313,SC000313,12,200,422,6,5,Harbor ServiceContract 313,438.8100,2.00,1,1,2026-08-24T00:00:00.000,2018-01-01T00:00:00.000,9999-12-31T00:00:00.000,1,e89f72eb74605f8b9286a5b5054706dee89f72eb74605f8b9286a5b5054706de
314,SC000314,412,82,294,1,1,Unity ServiceContract 314,440.1800,3.00,1,1,2026-08-24T00:00:00.000,2018-01-01T00:00:00.000,9999-12-31T00:00:00.000,1,ca9a3b7932d5586a9eb0adf6a6c82fdfca9a3b7932d5586a9eb0adf6a6c82fdf
315,SC000315,440,407,132,7,3,Granite ServiceContract 315,441.5500,4.00,1,1,2026-08-24T00:00:00.000,2018-01-01T00:00:00.000,9999-12-31T00:00:00.000,1,37fed00196e9581fb0908e87b759057637fed00196e9581fb0908e87b7590576
316,SC000316,281,102,1,2,5,Evergreen ServiceContract 316,442.9200,5.00,1,1,2026-08-24T00:00:00.000,2018-01-01T00:00:00.000,9999-12-31T00:00:00.000,1,4e9a5061568c5e378be1407e8d22d5994e9a5061568c5e378be1407e8d22d599
317,SC000317,159,19,162,4,3,Titan ServiceContract 317,444.2900,6.00,1,1,2026-08-24T00:00:00.000,2018-01-01T00:00:00.000,9999-12-31T00:00:00.000,1,dfb416ce122155ecaf90c4fc0b6eff1cdfb416ce122155ecaf90c4fc0b6eff1c
318,SC000318,79,411,343,5,1,Pioneer ServiceContract 318,445.6600,7.00,1,1,2026-08-24T00:00:00.000,2018-01-01T00:00:00.000,9999-12-31T00:00:00.000,1,480fbee463b15dfbbcbaab7ecd0865e5480fbee463b15dfbbcbaab7ecd0865e5
319,SC000319,467,153,440,5,1,Titan ServiceContract 319,447.0300,8.00,1,1,2026-08-24T00:00:00.000,2018-01-01T00:00:00.000,9999-12-31T00:00:00.000,1,4d59464f7f785abe9858fc4070dd151f4d59464f7f785abe9858fc4070dd151f
320,SC000320,327,180,137,7,2,Meridian ServiceContract 320,448.4000,9.00,1,1,2026-08-24T00:00:00.000,2018-01-01T00:00:00.000,9999-12-31T00:00:00.000,1,39111d4b2bbd51b180e46f0d7264ec4839111d4b2bbd51b180e46f0d7264ec48
321,SC000321,386,251,320,6,2,Vertex ServiceContract 321,449.7700,10.00,1,1,2026-08-24T00:00:00.000,2018-01-01T00:00:00.000,9999-12-31T00:00:00.000,1,2d10d6e1ba42587680d8d20a78dd0edf2d10d6e1ba42587680d8d20a78dd0edf
322,SC000322,443,300,346,1,1,Cedar ServiceContract 322,451.1400,11.00,1,1,2026-08-24T00:00:00.000,2018-01-01T00:00:00.000,9999-12-31T00:00:00.000,1,d6e14894b584590c81837831b3a82007d6e14894b584590c81837831b3a82007
323,SC000323,90,102,399,7,4,Pioneer ServiceContract 323,452.5100,12.00,1,1,2026-08-24T00:00:00.000,2018-01-01T00:00:00.000,9999-12-31T00:00:00.000,1,fb8bee88fadc5e1f8268fb6f87b12e18fb8bee88fadc5e1f8268fb6f87b12e18
324,SC000324,295,284,361,5,3,Titan ServiceContract 324,453.8800,13.00,1,1,2026-08-24T00:00:00.000,2018-01-01T00:00:00.000,9999-12-31T00:00:00.000,1,ca19f49ca74a525aa3c3e43f68517f4bca19f49ca74a525aa3c3e43f68517f4b
325,SC000325,431,313,493,5,3,Vertex ServiceContract 325,455.2500,14.00,1,1,2026-08-24T00:00:00.000,2018-01-01T00:00:00.000,9999-12-31T00:00:00.000,1,2b3924c74ed757368c0b88bcdee18dfb2b3924c74ed757368c0b88bcdee18dfb
326,SC000326,399,282,205,1,5,Unity ServiceContract 326,456.6200,15.00,1,1,2026-08-24T00:00:00.000,2018-01-01T00:00:00.000,9999-12-31T00:00:00.000,1,f766855446f4521785f638cc7497c7baf766855446f4521785f638cc7497c7ba
327,SC000327,80,392,148,4,3,Ion ServiceContract 327,457.9900,16.00,1,1,2026-08-24T00:00:00.000,2018-01-01T00:00:00.000,9999-12-31T00:00:00.000,1,82b526eac4e55af2877b901fc322147c82b526eac4e55af2877b901fc322147c
328,SC000328,384,202,226,1,4,Pioneer ServiceContract 328,459.3600,17.00,1,1,2026-08-24T00:00:00.000,2018-01-01T00:00:00.000,9999-12-31T00:00:00.000,1,d19122953de35d2993625407426e9e76d19122953de35d2993625407426e9e76
329,SC000329,336,27,256,1,1,Meridian ServiceContract 329,460.7300,18.00,1,1,2026-08-24T00:00:00.000,2018-01-01T00:00:00.000,9999-12-31T00:00:00.000,1,45b116353aee59a399eb91d07bc806be45b116353aee59a399eb91d07bc806be
330,SC000330,179,121,168,7,2,Orion ServiceContract 330,462.1000,19.00,1,1,2026-08-24T00:00:00.000,2018-01-01T00:00:00.000,9999-12-31T00:00:00.000,1,c54c717446915156aedf554336bd823fc54c717446915156aedf554336bd823f
331,SC000331,489,470,212,2,1,Harbor ServiceContract 331,463.4700,20.00,1,1,2026-08-24T00:00:00.000,2018-01-01T00:00:00.000,9999-12-31T00:00:00.000,1,d7b216e56dca5be9a8f9c6aeeb029212d7b216e56dca5be9a8f9c6aeeb029212
332,SC000332,228,315,378,1,4,Northstar ServiceContract 332,464.8400,21.00,1,1,2026-08-24T00:00:00.000,2018-01-01T00:00:00.000,9999-12-31T00:00:00.000,1,1a48d8f9b4235fda832447ce7becba851a48d8f9b4235fda832447ce7becba85
333,SC000333,171,297,3,2,1,Ion ServiceContract 333,466.2100,22.00,1,1,2026-08-24T00:00:00.000,2018-01-01T00:00:00.000,9999-12-31T00:00:00.000,1,4753148aec075fcfadffe369e01e70594753148aec075fcfadffe369e01e7059
334,SC000334,8,142,429,3,3,Beacon ServiceContract 334,467.5800,23.00,1,1,2026-08-24T00:00:00.000,2018-01-01T00:00:00.000,9999-12-31T00:00:00.000,1,64afc665114d5fb7b2cc5bc1e680f1a064afc665114d5fb7b2cc5bc1e680f1a0
335,SC000335,306,264,311,2,3,Vertex ServiceContract 335,468.9500,24.00,1,1,2026-08-24T00:00:00.000,2018-01-01T00:00:00.000,9999-12-31T00:00:00.000,1,5a58e22be360528993e648a06e7ca6265a58e22be360528993e648a06e7ca626
336,SC000336,15,233,147,3,5,Beacon ServiceContract 336,470.3200,1.00,1,1,2026-08-24T00:00:00.000,2018-01-01T00:00:00.000,9999-12-31T00:00:00.000,1,7ba78ef3121e550894287c33e00d0c597ba78ef3121e550894287c33e00d0c59
337,SC000337,396,272,71,3,5,Meridian ServiceContract 337,471.6900,2.00,1,1,2026-08-24T00:00:00.000,2018-01-01T00:00:00.000,9999-12-31T00:00:00.000,1,aefa7b5e0f8b5ab7bf0aa1ec550c8605aefa7b5e0f8b5ab7bf0aa1ec550c8605
338,SC000338,229,439,356,4,1,Forge ServiceContract 338,473.0600,3.00,1,1,2026-08-24T00:00:00.000,2018-01-01T00:00:00.000,9999-12-31T00:00:00.000,1,9e8ce96cba255f418e116022542b94ae9e8ce96cba255f418e116022542b94ae
339,SC000339,254,471,284,6,4,Quartz ServiceContract 339,474.4300,4.00,1,1,2026-08-24T00:00:00.000,2018-01-01T00:00:00.000,9999-12-31T00:00:00.000,1,58ea69b014585ba08cb708d7952c0cbc58ea69b014585ba08cb708d7952c0cbc
340,SC000340,41,40,280,4,4,Northstar ServiceContract 340,475.8000,5.00,1,1,2026-08-24T00:00:00.000,2018-01-01T00:00:00.000,9999-12-31T00:00:00.000,1,7e7aac2fdd475d388c687d44a068a6e47e7aac2fdd475d388c687d44a068a6e4
341,SC000341,94,463,395,2,3,Willow ServiceContract 341,477.1700,6.00,1,1,2026-08-24T00:00:00.000,2018-01-01T00:00:00.000,9999-12-31T00:00:00.000,1,b53126fd43365fd8a388398464836b8db53126fd43365fd8a388398464836b8d
342,SC000342,381,109,236,6,2,Liberty ServiceContract 342,478.5400,7.00,1,1,2026-08-24T00:00:00.000,2018-01-01T00:00:00.000,9999-12-31T00:00:00.000,1,5a17aee8ef685feeaeef89ad7635dc185a17aee8ef685feeaeef89ad7635dc18
343,SC000343,112,437,496,4,3,Pioneer ServiceContract 343,479.9100,8.00,1,1,2026-08-24T00:00:00.000,2018-01-01T00:00:00.000,9999-12-31T00:00:00.000,1,822c6bc3f5fa5b6a866f63d0dbd17fd7822c6bc3f5fa5b6a866f63d0dbd17fd7
344,SC000344,126,57,355,5,3,Junction ServiceContract 344,481.2800,9.00,1,1,2026-08-24T00:00:00.000,2018-01-01T00:00:00.000,9999-12-31T00:00:00.000,1,43678a49eb2e52ecb33635a5424f58db43678a49eb2e52ecb33635a5424f58db
345,SC000345,165,471,279,6,3,Delta ServiceContract 345,482.6500,10.00,1,1,2026-08-24T00:00:00.000,2018-01-01T00:00:00.000,9999-12-31T00:00:00.000,1,39e4cd3c15635a76ab11aa9593c99c0e39e4cd3c15635a76ab11aa9593c99c0e
346,SC000346,211,29,386,6,2,Pioneer ServiceContract 346,484.0200,11.00,1,1,2026-08-24T00:00:00.000,2018-01-01T00:00:00.000,9999-12-31T00:00:00.000,1,f655f77e108b53158eaaa75a65451303f655f77e108b53158eaaa75a65451303
347,SC000347,177,343,205,1,3,Forge ServiceContract 347,485.3900,12.00,1,1,2026-08-24T00:00:00.000,2018-01-01T00:00:00.000,9999-12-31T00:00:00.000,1,0528f3c8e179599abd6c82dac1aa90a20528f3c8e179599abd6c82dac1aa90a2
348,SC000348,20,15,263,4,3,Willow ServiceContract 348,486.7600,13.00,1,1,2026-08-24T00:00:00.000,2018-01-01T00:00:00.000,9999-12-31T00:00:00.000,1,18be283a1d2b592a98774658d27a31e918be283a1d2b592a98774658d27a31e9
349,SC000349,41,55,314,2,5,Northstar ServiceContract 349,488.1300,14.00,1,1,2026-08-24T00:00:00.000,2018-01-01T00:00:00.000,9999-12-31T00:00:00.000,1,5224a6ba5f1d50fcbcb5a34a5a180c2f5224a6ba5f1d50fcbcb5a34a5a180c2f
350,SC000350,87,165,197,5,3,Meridian ServiceContract 350,489.5000,15.00,1,1,2026-08-24T00:00:00.000,2018-01-01T00:00:00.000,9999-12-31T00:00:00.000,1,ae12f2d9a39d562c99801a6203143708ae12f2d9a39d562c99801a6203143708
351,SC000351,435,469,266,3,4,Keystone ServiceContract 351,490.8700,16.00,1,1,2026-08-24T00:00:00.000,2018-01-01T00:00:00.000,9999-12-31T00:00:00.000,1,ffcceac6b3f35c0d86e622dc84f6cff1ffcceac6b3f35c0d86e622dc84f6cff1
352,SC000352,193,45,5,1,3,Delta ServiceContract 352,492.2400,17.00,1,1,2026-08-24T00:00:00.000,2018-01-01T00:00:00.000,9999-12-31T00:00:00.000,1,d9ebd6f2393f56dc81b02063d3d2a93fd9ebd6f2393f56dc81b02063d3d2a93f
353,SC000353,411,218,321,1,1,Vertex ServiceContract 353,493.6100,18.00,1,1,2026-08-24T00:00:00.000,2018-01-01T00:00:00.000,9999-12-31T00:00:00.000,1,99eba309a5925222835fbcf60c5d4dcc99eba309a5925222835fbcf60c5d4dcc
354,SC000354,370,255,316,4,1,Meridian ServiceContract 354,494.9800,19.00,1,1,2026-08-24T00:00:00.000,2018-01-01T00:00:00.000,9999-12-31T00:00:00.000,1,967dae99000950109fbf7370430658f0967dae99000950109fbf7370430658f0
355,SC000355,403,201,211,1,3,Liberty ServiceContract 355,496.3500,20.00,1,1,2026-08-24T00:00:00.000,2018-01-01T00:00:00.000,9999-12-31T00:00:00.000,1,3c921c92e919558ab59cce29529273c53c921c92e919558ab59cce29529273c5
356,SC000356,286,11,4,7,2,Forge ServiceContract 356,497.7200,21.00,1,1,2026-08-24T00:00:00.000,2018-01-01T00:00:00.000,9999-12-31T00:00:00.000,1,e831c57b1d7451f183cdd42ff98840efe831c57b1d7451f183cdd42ff98840ef
357,SC000357,105,134,93,3,2,Meridian ServiceContract 357,499.0900,22.00,1,1,2026-08-24T00:00:00.000,2018-01-01T00:00:00.000,9999-12-31T00:00:00.000,1,2b688f92d41d5493a32d95faa4302d0e2b688f92d41d5493a32d95faa4302d0e
358,SC000358,324,329,436,1,1,Atlas ServiceContract 358,500.4600,23.00,1,1,2026-08-24T00:00:00.000,2018-01-01T00:00:00.000,9999-12-31T00:00:00.000,1,7acec49c688e5e0ba40bdced35d5a5d57acec49c688e5e0ba40bdced35d5a5d5
359,SC000359,273,382,159,6,2,Summit ServiceContract 359,501.8300,24.00,1,1,2026-08-24T00:00:00.000,2018-01-01T00:00:00.000,9999-12-31T00:00:00.000,1,50f07428e14e5ae88dfe3e9a13ada01c50f07428e14e5ae88dfe3e9a13ada01c
360,SC000360,388,291,321,4,3,Cedar ServiceContract 360,503.2000,1.00,1,1,2026-08-24T00:00:00.000,2018-01-01T00:00:00.000,9999-12-31T00:00:00.000,1,92517fa2a6f15f20a1162b9d72a6506892517fa2a6f15f20a1162b9d72a65068
361,SC000361,313,429,143,6,3,Riverton ServiceContract 361,504.5700,2.00,1,1,2026-08-24T00:00:00.000,2018-01-01T00:00:00.000,9999-12-31T00:00:00.000,1,34a00a8ebced5148862f720fcd1e86fc34a00a8ebced5148862f720fcd1e86fc
362,SC000362,331,262,97,7,1,Keystone ServiceContract 362,505.9400,3.00,1,1,2026-08-24T00:00:00.000,2018-01-01T00:00:00.000,9999-12-31T00:00:00.000,1,9d8eb839328a5e46a0e23fa2ed1e07e49d8eb839328a5e46a0e23fa2ed1e07e4
363,SC000363,380,191,2,7,1,Atlas ServiceContract 363,507.3100,4.00,1,1,2026-08-24T00:00:00.000,2018-01-01T00:00:00.000,9999-12-31T00:00:00.000,1,64b2ecfbe23353a3a330a98999d453eb64b2ecfbe23353a3a330a98999d453eb
364,SC000364,108,47,144,1,4,Evergreen ServiceContract 364,508.6800,5.00,1,1,2026-08-24T00:00:00.000,2018-01-01T00:00:00.000,9999-12-31T00:00:00.000,1,4b7bef0b3ad25e1e8871ae8ee2c4b9284b7bef0b3ad25e1e8871ae8ee2c4b928
365,SC000365,483,192,488,1,4,Delta ServiceContract 365,510.0500,6.00,1,1,2026-08-24T00:00:00.000,2018-01-01T00:00:00.000,9999-12-31T00:00:00.000,1,342837b3eee556208bf41a35168aa52b342837b3eee556208bf41a35168aa52b
366,SC000366,321,150,478,2,5,Keystone ServiceContract 366,511.4200,7.00,1,1,2026-08-24T00:00:00.000,2018-01-01T00:00:00.000,9999-12-31T00:00:00.000,1,12bdf9705ea154cba847751c87ec02ec12bdf9705ea154cba847751c87ec02ec
367,SC000367,72,450,153,7,4,Keystone ServiceContract 367,512.7900,8.00,1,1,2026-08-24T00:00:00.000,2018-01-01T00:00:00.000,9999-12-31T00:00:00.000,1,aca9bdd1290f504ba9331961cd51d727aca9bdd1290f504ba9331961cd51d727
368,SC000368,116,324,413,6,2,Junction ServiceContract 368,514.1600,9.00,1,1,2026-08-24T00:00:00.000,2018-01-01T00:00:00.000,9999-12-31T00:00:00.000,1,d75192fc397e5158a832811660896d61d75192fc397e5158a832811660896d61
369,SC000369,289,50,49,4,3,Zenith ServiceContract 369,515.5300,10.00,1,1,2026-08-24T00:00:00.000,2018-01-01T00:00:00.000,9999-12-31T00:00:00.000,1,aa26850e694e51fb83303ff5bdb2f1bcaa26850e694e51fb83303ff5bdb2f1bc
370,SC000370,133,170,219,6,1,Forge ServiceContract 370,516.9000,11.00,1,1,2026-08-24T00:00:00.000,2018-01-01T00:00:00.000,9999-12-31T00:00:00.000,1,8db2d845e11b5dc49ee9411678aee7068db2d845e11b5dc49ee9411678aee706
371,SC000371,196,20,473,7,5,Cedar ServiceContract 371,518.2700,12.00,1,1,2026-08-24T00:00:00.000,2018-01-01T00:00:00.000,9999-12-31T00:00:00.000,1,e98046866c75598ab5fd579b866bf322e98046866c75598ab5fd579b866bf322
372,SC000372,431,150,131,7,2,Liberty ServiceContract 372,519.6400,13.00,1,1,2026-08-24T00:00:00.000,2018-01-01T00:00:00.000,9999-12-31T00:00:00.000,1,0f4542e6c89551738ab23101b295f14b0f4542e6c89551738ab23101b295f14b
373,SC000373,225,340,97,5,5,Cedar ServiceContract 373,521.0100,14.00,1,1,2026-08-24T00:00:00.000,2018-01-01T00:00:00.000,9999-12-31T00:00:00.000,1,3eea1ca237115d44b88c9986f092e3cb3eea1ca237115d44b88c9986f092e3cb
374,SC000374,402,276,109,7,3,Vertex ServiceContract 374,522.3800,15.00,1,1,2026-08-24T00:00:00.000,2018-01-01T00:00:00.000,9999-12-31T00:00:00.000,1,33914b2812235c89826f6e309885b7e033914b2812235c89826f6e309885b7e0
375,SC000375,118,470,65,5,3,Beacon ServiceContract 375,523.7500,16.00,1,1,2026-08-24T00:00:00.000,2018-01-01T00:00:00.000,9999-12-31T00:00:00.000,1,f3893c642e2b5c1cb0eeef2ecba5aa37f3893c642e2b5c1cb0eeef2ecba5aa37
376,SC000376,123,299,237,5,2,Evergreen ServiceContract 376,525.1200,17.00,1,1,2026-08-24T00:00:00.000,2018-01-01T00:00:00.000,9999-12-31T00:00:00.000,1,f442a928def5571d94b860909aa60df0f442a928def5571d94b860909aa60df0
377,SC000377,241,347,235,1,5,Cedar ServiceContract 377,526.4900,18.00,1,1,2026-08-24T00:00:00.000,2018-01-01T00:00:00.000,9999-12-31T00:00:00.000,1,bbf905c89a0c50c8ab3a631363f05343bbf905c89a0c50c8ab3a631363f05343
378,SC000378,231,95,456,4,4,Vertex ServiceContract 378,527.8600,19.00,1,1,2026-08-24T00:00:00.000,2018-01-01T00:00:00.000,9999-12-31T00:00:00.000,1,073fa5d3e79d55799640c0576f43ca3f073fa5d3e79d55799640c0576f43ca3f
379,SC000379,434,481,134,1,4,Vertex ServiceContract 379,529.2300,20.00,1,1,2026-08-24T00:00:00.000,2018-01-01T00:00:00.000,9999-12-31T00:00:00.000,1,bd50ac70abcd5a50a6fd89c45590b9edbd50ac70abcd5a50a6fd89c45590b9ed
380,SC000380,267,197,302,3,3,Keystone ServiceContract 380,530.6000,21.00,1,1,2026-08-24T00:00:00.000,2018-01-01T00:00:00.000,9999-12-31T00:00:00.000,1,1ef766ae1e94559da441a9620fdfff991ef766ae1e94559da441a9620fdfff99
381,SC000381,438,463,176,7,1,Vertex ServiceContract 381,531.9700,22.00,1,1,2026-08-24T00:00:00.000,2018-01-01T00:00:00.000,9999-12-31T00:00:00.000,1,887a22bf6e245d419daab68f64a507c6887a22bf6e245d419daab68f64a507c6
382,SC000382,418,295,260,5,2,Junction ServiceContract 382,533.3400,23.00,1,1,2026-08-24T00:00:00.000,2018-01-01T00:00:00.000,9999-12-31T00:00:00.000,1,8b39b6b8005f53e19d3ac88c86d25f208b39b6b8005f53e19d3ac88c86d25f20
383,SC000383,16,481,117,5,4,Summit ServiceContract 383,534.7100,24.00,1,1,2026-08-24T00:00:00.000,2018-01-01T00:00:00.000,9999-12-31T00:00:00.000,1,fc41187a703e5026acc38867c8e4494efc41187a703e5026acc38867c8e4494e
384,SC000384,215,220,89,3,1,Vertex ServiceContract 384,536.0800,1.00,1,1,2026-08-24T00:00:00.000,2018-01-01T00:00:00.000,9999-12-31T00:00:00.000,1,793e861df6af5bf5afac83a8d185fc6e793e861df6af5bf5afac83a8d185fc6e
385,SC000385,275,341,261,4,1,Riverton ServiceContract 385,537.4500,2.00,1,1,2026-08-24T00:00:00.000,2018-01-01T00:00:00.000,9999-12-31T00:00:00.000,1,c601f4c853615a3f831d127c02a2fea1c601f4c853615a3f831d127c02a2fea1
386,SC000386,328,108,391,2,5,Beacon ServiceContract 386,538.8200,3.00,1,1,2026-08-24T00:00:00.000,2018-01-01T00:00:00.000,9999-12-31T00:00:00.000,1,e23726f0d40857d99e623443b50cba00e23726f0d40857d99e623443b50cba00
387,SC000387,320,489,492,3,3,Forge ServiceContract 387,540.1900,4.00,1,1,2026-08-24T00:00:00.000,2018-01-01T00:00:00.000,9999-12-31T00:00:00.000,1,a8326fc35d1559039e14c84b2abd369ca8326fc35d1559039e14c84b2abd369c
388,SC000388,444,262,460,4,5,Delta ServiceContract 388,541.5600,5.00,1,1,2026-08-24T00:00:00.000,2018-01-01T00:00:00.000,9999-12-31T00:00:00.000,1,e4cb0ebda6f65dbcb6541c76f1e91d46e4cb0ebda6f65dbcb6541c76f1e91d46
389,SC000389,383,389,396,2,3,Northstar ServiceContract 389,542.9300,6.00,1,1,2026-08-24T00:00:00.000,2018-01-01T00:00:00.000,9999-12-31T00:00:00.000,1,1642a5ba1d6a5d9a9a493d96f9e256561642a5ba1d6a5d9a9a493d96f9e25656
390,SC000390,416,70,376,6,3,Riverton ServiceContract 390,544.3000,7.00,1,1,2026-08-24T00:00:00.000,2018-01-01T00:00:00.000,9999-12-31T00:00:00.000,1,b0538dff4e96523786f2a7aa43435cafb0538dff4e96523786f2a7aa43435caf
391,SC000391,306,200,291,1,3,Delta ServiceContract 391,545.6700,8.00,1,1,2026-08-24T00:00:00.000,2018-01-01T00:00:00.000,9999-12-31T00:00:00.000,1,1ccc2614cf87567daee0a74dea13d76c1ccc2614cf87567daee0a74dea13d76c
392,SC000392,176,184,373,6,4,Atlas ServiceContract 392,547.0400,9.00,1,1,2026-08-24T00:00:00.000,2018-01-01T00:00:00.000,9999-12-31T00:00:00.000,1,acea338a0a335f0f9b47d16efccb8f50acea338a0a335f0f9b47d16efccb8f50
393,SC000393,233,7,342,5,5,Northstar ServiceContract 393,548.4100,10.00,1,1,2026-08-24T00:00:00.000,2018-01-01T00:00:00.000,9999-12-31T00:00:00.000,1,eaf398e5f88d534284c2a4fc5548e882eaf398e5f88d534284c2a4fc5548e882
394,SC000394,479,155,415,5,1,Ion ServiceContract 394,549.7800,11.00,1,1,2026-08-24T00:00:00.000,2018-01-01T00:00:00.000,9999-12-31T00:00:00.000,1,5b566710bbf95417a6dad11762bde0505b566710bbf95417a6dad11762bde050
395,SC000395,259,204,294,5,3,Vertex ServiceContract 395,551.1500,12.00,1,1,2026-08-24T00:00:00.000,2018-01-01T00:00:00.000,9999-12-31T00:00:00.000,1,14adde0db7a75bdb8e4d948449d2d1c314adde0db7a75bdb8e4d948449d2d1c3
396,SC000396,161,218,79,2,5,Willow ServiceContract 396,552.5200,13.00,1,1,2026-08-24T00:00:00.000,2018-01-01T00:00:00.000,9999-12-31T00:00:00.000,1,67ecc825285c5bf08994d4febe8b83d967ecc825285c5bf08994d4febe8b83d9
397,SC000397,141,97,360,5,3,Riverton ServiceContract 397,553.8900,14.00,1,1,2026-08-24T00:00:00.000,2018-01-01T00:00:00.000,9999-12-31T00:00:00.000,1,5a6cdcfd19375a348fc29df6c9fe709b5a6cdcfd19375a348fc29df6c9fe709b
398,SC000398,75,129,369,6,1,Cedar ServiceContract 398,555.2600,15.00,1,1,2026-08-24T00:00:00.000,2018-01-01T00:00:00.000,9999-12-31T00:00:00.000,1,92bc9ad0c7fe5d1fb43651f93045e81b92bc9ad0c7fe5d1fb43651f93045e81b
399,SC000399,395,151,154,3,1,Delta ServiceContract 399,556.6300,16.00,1,1,2026-08-24T00:00:00.000,2018-01-01T00:00:00.000,9999-12-31T00:00:00.000,1,ea03b86278c35e119180f0cf51753bd5ea03b86278c35e119180f0cf51753bd5
400,SC000400,316,319,217,7,1,Summit ServiceContract 400,558.0000,17.00,1,1,2026-08-24T00:00:00.000,2018-01-01T00:00:00.000,9999-12-31T00:00:00.000,1,7b9e7403ed655c6b8ada43cc605400667b9e7403ed655c6b8ada43cc60540066
401,SC000401,420,476,20,6,1,Summit ServiceContract 401,559.3700,18.00,1,1,2026-08-24T00:00:00.000,2018-01-01T00:00:00.000,9999-12-31T00:00:00.000,1,9858a2ac09b555568f44f1b5d975d5d79858a2ac09b555568f44f1b5d975d5d7
402,SC000402,178,284,37,7,4,Riverton ServiceContract 402,560.7400,19.00,1,1,2026-08-24T00:00:00.000,2018-01-01T00:00:00.000,9999-12-31T00:00:00.000,1,f74d25e5cb82549ebd836f6fa3ff60f1f74d25e5cb82549ebd836f6fa3ff60f1
403,SC000403,96,353,492,2,5,Atlas ServiceContract 403,562.1100,20.00,1,1,2026-08-24T00:00:00.000,2018-01-01T00:00:00.000,9999-12-31T00:00:00.000,1,210bc87c77175e35ad198e03d26a4b72210bc87c77175e35ad198e03d26a4b72
404,SC000404,285,22,16,7,3,Delta ServiceContract 404,563.4800,21.00,1,1,2026-08-24T00:00:00.000,2018-01-01T00:00:00.000,9999-12-31T00:00:00.000,1,653a5355ff6b580ea0610bde6a44295d653a5355ff6b580ea0610bde6a44295d
405,SC000405,316,415,51,6,4,Orion ServiceContract 405,564.8500,22.00,1,1,2026-08-24T00:00:00.000,2018-01-01T00:00:00.000,9999-12-31T00:00:00.000,1,348159d1591951c1952f42241fd2d345348159d1591951c1952f42241fd2d345
406,SC000406,288,32,208,4,2,Harbor ServiceContract 406,566.2200,23.00,1,1,2026-08-24T00:00:00.000,2018-01-01T00:00:00.000,9999-12-31T00:00:00.000,1,e775b374c70a5e76a4d340f9bf7c62f8e775b374c70a5e76a4d340f9bf7c62f8
407,SC000407,103,212,350,7,1,Quartz ServiceContract 407,567.5900,24.00,1,1,2026-08-24T00:00:00.000,2018-01-01T00:00:00.000,9999-12-31T00:00:00.000,1,843c609986b655a6b20dbc3b43374a28843c609986b655a6b20dbc3b43374a28
408,SC000408,311,473,121,2,2,Titan ServiceContract 408,568.9600,1.00,1,1,2026-08-24T00:00:00.000,2018-01-01T00:00:00.000,9999-12-31T00:00:00.000,1,ef5fc5d6d2aa5883b68cbc1e2edadf32ef5fc5d6d2aa5883b68cbc1e2edadf32
409,SC000409,484,378,157,6,2,Unity ServiceContract 409,570.3300,2.00,1,1,2026-08-24T00:00:00.000,2018-01-01T00:00:00.000,9999-12-31T00:00:00.000,1,b7b61d68328854dba31cf6e1c8aa1893b7b61d68328854dba31cf6e1c8aa1893
410,SC000410,191,457,148,1,1,Delta ServiceContract 410,571.7000,3.00,1,1,2026-08-24T00:00:00.000,2018-01-01T00:00:00.000,9999-12-31T00:00:00.000,1,f601be68bf9b55b4ac8d16da751e1661f601be68bf9b55b4ac8d16da751e1661
411,SC000411,120,69,284,7,3,Evergreen ServiceContract 411,573.0700,4.00,1,1,2026-08-24T00:00:00.000,2018-01-01T00:00:00.000,9999-12-31T00:00:00.000,1,e9ce5d897b3850538ac345cea3c593f9e9ce5d897b3850538ac345cea3c593f9
412,SC000412,382,164,122,7,1,Keystone ServiceContract 412,574.4400,5.00,1,1,2026-08-24T00:00:00.000,2018-01-01T00:00:00.000,9999-12-31T00:00:00.000,1,f7db178d490a5e948375612652a12911f7db178d490a5e948375612652a12911
413,SC000413,152,415,182,3,3,Willow ServiceContract 413,575.8100,6.00,1,1,2026-08-24T00:00:00.000,2018-01-01T00:00:00.000,9999-12-31T00:00:00.000,1,49083a6ad5215c5d9d2216b86348fc7249083a6ad5215c5d9d2216b86348fc72
414,SC000414,319,191,361,4,5,Beacon ServiceContract 414,577.1800,7.00,1,1,2026-08-24T00:00:00.000,2018-01-01T00:00:00.000,9999-12-31T00:00:00.000,1,77d1025065fe5866ab5fda3e4fb7f3c877d1025065fe5866ab5fda3e4fb7f3c8
415,SC000415,56,299,473,3,2,Forge ServiceContract 415,578.5500,8.00,1,1,2026-08-24T00:00:00.000,2018-01-01T00:00:00.000,9999-12-31T00:00:00.000,1,fd5babd4c9375616b033aa71d86a03cffd5babd4c9375616b033aa71d86a03cf
416,SC000416,436,417,140,1,2,Forge ServiceContract 416,579.9200,9.00,1,1,2026-08-24T00:00:00.000,2018-01-01T00:00:00.000,9999-12-31T00:00:00.000,1,8709e572d90d5f8189cac6ad007fd7988709e572d90d5f8189cac6ad007fd798
417,SC000417,96,265,245,6,3,Summit ServiceContract 417,581.2900,10.00,1,1,2026-08-24T00:00:00.000,2018-01-01T00:00:00.000,9999-12-31T00:00:00.000,1,c4bce6b3272b566fbb277ebb02cb8cc1c4bce6b3272b566fbb277ebb02cb8cc1
418,SC000418,234,89,205,4,3,Beacon ServiceContract 418,582.6600,11.00,1,1,2026-08-24T00:00:00.000,2018-01-01T00:00:00.000,9999-12-31T00:00:00.000,1,53c8036316595bf0975f7415ece8450053c8036316595bf0975f7415ece84500
419,SC000419,70,242,231,6,3,Ion ServiceContract 419,584.0300,12.00,1,1,2026-08-24T00:00:00.000,2018-01-01T00:00:00.000,9999-12-31T00:00:00.000,1,26c891d977015fb285d8c8280541c5e926c891d977015fb285d8c8280541c5e9
420,SC000420,260,373,58,1,4,Atlas ServiceContract 420,585.4000,13.00,1,1,2026-08-24T00:00:00.000,2018-01-01T00:00:00.000,9999-12-31T00:00:00.000,1,d270112a64e75f89824239f149778cfdd270112a64e75f89824239f149778cfd
421,SC000421,24,125,304,1,5,Quartz ServiceContract 421,586.7700,14.00,1,1,2026-08-24T00:00:00.000,2018-01-01T00:00:00.000,9999-12-31T00:00:00.000,1,1e2b5afcfcfc52a290348cdbde2c9b731e2b5afcfcfc52a290348cdbde2c9b73
422,SC000422,337,499,337,3,4,Vertex ServiceContract 422,588.1400,15.00,1,1,2026-08-24T00:00:00.000,2018-01-01T00:00:00.000,9999-12-31T00:00:00.000,1,42398d88ffe956589cae7d83c84d589342398d88ffe956589cae7d83c84d5893
423,SC000423,222,326,220,1,2,Granite ServiceContract 423,589.5100,16.00,1,1,2026-08-24T00:00:00.000,2018-01-01T00:00:00.000,9999-12-31T00:00:00.000,1,a7d89c67035a5dc1a062c85d3dd03927a7d89c67035a5dc1a062c85d3dd03927
424,SC000424,479,61,252,1,3,Summit ServiceContract 424,590.8800,17.00,1,1,2026-08-24T00:00:00.000,2018-01-01T00:00:00.000,9999-12-31T00:00:00.000,1,f98ffd6971ee5bf5915cfe53fbce01faf98ffd6971ee5bf5915cfe53fbce01fa
425,SC000425,248,185,30,4,4,Harbor ServiceContract 425,592.2500,18.00,1,1,2026-08-24T00:00:00.000,2018-01-01T00:00:00.000,9999-12-31T00:00:00.000,1,b65c39e8684d5ab38c80c72ab568618eb65c39e8684d5ab38c80c72ab568618e
426,SC000426,370,241,258,7,4,Atlas ServiceContract 426,593.6200,19.00,1,1,2026-08-24T00:00:00.000,2018-01-01T00:00:00.000,9999-12-31T00:00:00.000,1,0a83ff7ee6ca50f89cdfbfa32b6f24c10a83ff7ee6ca50f89cdfbfa32b6f24c1
427,SC000427,57,421,13,3,2,Quartz ServiceContract 427,594.9900,20.00,1,1,2026-08-24T00:00:00.000,2018-01-01T00:00:00.000,9999-12-31T00:00:00.000,1,a734f0fd524851eea7102ceabe1d710da734f0fd524851eea7102ceabe1d710d
428,SC000428,144,176,257,4,1,Cedar ServiceContract 428,596.3600,21.00,1,1,2026-08-24T00:00:00.000,2018-01-01T00:00:00.000,9999-12-31T00:00:00.000,1,0897bcb01bdd5c7c921b6740ccdfbca80897bcb01bdd5c7c921b6740ccdfbca8
429,SC000429,153,225,430,5,2,Summit ServiceContract 429,597.7300,22.00,1,1,2026-08-24T00:00:00.000,2018-01-01T00:00:00.000,9999-12-31T00:00:00.000,1,811deff5b1265a3b9b7f9482294e12e1811deff5b1265a3b9b7f9482294e12e1
430,SC000430,146,43,95,3,2,Unity ServiceContract 430,599.1000,23.00,1,1,2026-08-24T00:00:00.000,2018-01-01T00:00:00.000,9999-12-31T00:00:00.000,1,094de740a2375108a990025cdd72be04094de740a2375108a990025cdd72be04
431,SC000431,206,16,441,1,5,Keystone ServiceContract 431,600.4700,24.00,1,1,2026-08-24T00:00:00.000,2018-01-01T00:00:00.000,9999-12-31T00:00:00.000,1,300e9b97453c5482b00a94db0a8096df300e9b97453c5482b00a94db0a8096df
432,SC000432,45,43,330,1,4,Willow ServiceContract 432,601.8400,1.00,1,1,2026-08-24T00:00:00.000,2018-01-01T00:00:00.000,9999-12-31T00:00:00.000,1,5e758cf5775f50d390d2cb6f8b46cc0b5e758cf5775f50d390d2cb6f8b46cc0b
433,SC000433,318,104,449,1,3,Ion ServiceContract 433,603.2100,2.00,1,1,2026-08-24T00:00:00.000,2018-01-01T00:00:00.000,9999-12-31T00:00:00.000,1,8bb44777bf4b5415a725338b640da9858bb44777bf4b5415a725338b640da985
434,SC000434,224,499,453,6,1,Delta ServiceContract 434,604.5800,3.00,1,1,2026-08-24T00:00:00.000,2018-01-01T00:00:00.000,9999-12-31T00:00:00.000,1,7e55969b86c6593494c24edf3ccb2abf7e55969b86c6593494c24edf3ccb2abf
435,SC000435,477,353,492,5,1,Ion ServiceContract 435,605.9500,4.00,1,1,2026-08-24T00:00:00.000,2018-01-01T00:00:00.000,9999-12-31T00:00:00.000,1,8506af95831c5f4fac88f931c14433338506af95831c5f4fac88f931c1443333
436,SC000436,50,152,394,1,3,Willow ServiceContract 436,607.3200,5.00,1,1,2026-08-24T00:00:00.000,2018-01-01T00:00:00.000,9999-12-31T00:00:00.000,1,02c2502bb0ad54dba05fa319e55e569202c2502bb0ad54dba05fa319e55e5692
437,SC000437,178,153,102,6,2,Atlas ServiceContract 437,608.6900,6.00,1,1,2026-08-24T00:00:00.000,2018-01-01T00:00:00.000,9999-12-31T00:00:00.000,1,fe305b21c9235979af153672a629da09fe305b21c9235979af153672a629da09
438,SC000438,368,366,334,2,5,Riverton ServiceContract 438,610.0600,7.00,1,1,2026-08-24T00:00:00.000,2018-01-01T00:00:00.000,9999-12-31T00:00:00.000,1,45a00070b71651b6a5013b8d85c7c65745a00070b71651b6a5013b8d85c7c657
439,SC000439,117,455,189,6,2,Keystone ServiceContract 439,611.4300,8.00,1,1,2026-08-24T00:00:00.000,2018-01-01T00:00:00.000,9999-12-31T00:00:00.000,1,627a7fcbc7a3518bac8cfc29e1739852627a7fcbc7a3518bac8cfc29e1739852
440,SC000440,247,482,310,5,4,Willow ServiceContract 440,612.8000,9.00,1,1,2026-08-24T00:00:00.000,2018-01-01T00:00:00.000,9999-12-31T00:00:00.000,1,946b37620a225deda4d9e7b6220e8c26946b37620a225deda4d9e7b6220e8c26
441,SC000441,243,166,397,5,5,Orion ServiceContract 441,614.1700,10.00,1,1,2026-08-24T00:00:00.000,2018-01-01T00:00:00.000,9999-12-31T00:00:00.000,1,91490ae3d32f5db9a9fd039ff9cb4ee591490ae3d32f5db9a9fd039ff9cb4ee5
442,SC000442,500,52,424,6,2,Delta ServiceContract 442,615.5400,11.00,1,1,2026-08-24T00:00:00.000,2018-01-01T00:00:00.000,9999-12-31T00:00:00.000,1,eb310b49b501591eb9ef5a0ff7724ee6eb310b49b501591eb9ef5a0ff7724ee6
443,SC000443,186,401,16,7,1,Junction ServiceContract 443,616.9100,12.00,1,1,2026-08-24T00:00:00.000,2018-01-01T00:00:00.000,9999-12-31T00:00:00.000,1,5bd03198c1a65d26b841760f3e8e6d375bd03198c1a65d26b841760f3e8e6d37
444,SC000444,479,182,226,4,5,Harbor ServiceContract 444,618.2800,13.00,1,1,2026-08-24T00:00:00.000,2018-01-01T00:00:00.000,9999-12-31T00:00:00.000,1,9d0ebbfaa6575e29805e959d97b30dfd9d0ebbfaa6575e29805e959d97b30dfd
445,SC000445,447,336,290,1,5,Willow ServiceContract 445,619.6500,14.00,1,1,2026-08-24T00:00:00.000,2018-01-01T00:00:00.000,9999-12-31T00:00:00.000,1,6cb822d9d0cc5b1db233b065767781d96cb822d9d0cc5b1db233b065767781d9
446,SC000446,97,318,345,1,4,Evergreen ServiceContract 446,621.0200,15.00,1,1,2026-08-24T00:00:00.000,2018-01-01T00:00:00.000,9999-12-31T00:00:00.000,1,042ffd875b6b59328a57dac2c46c3bda042ffd875b6b59328a57dac2c46c3bda
447,SC000447,180,62,81,2,5,Ion ServiceContract 447,622.3900,16.00,1,1,2026-08-24T00:00:00.000,2018-01-01T00:00:00.000,9999-12-31T00:00:00.000,1,34696092ff0c553cb2c736b77f9b220134696092ff0c553cb2c736b77f9b2201
448,SC000448,282,441,80,5,1,Beacon ServiceContract 448,623.7600,17.00,1,1,2026-08-24T00:00:00.000,2018-01-01T00:00:00.000,9999-12-31T00:00:00.000,1,6a9bbf8e3b9f550f8f7bf864ca51c42a6a9bbf8e3b9f550f8f7bf864ca51c42a
449,SC000449,232,430,247,4,2,Orion ServiceContract 449,625.1300,18.00,1,1,2026-08-24T00:00:00.000,2018-01-01T00:00:00.000,9999-12-31T00:00:00.000,1,01833f3ff2e4541db34e1d1df5b5dfba01833f3ff2e4541db34e1d1df5b5dfba
450,SC000450,281,231,223,1,3,Pioneer ServiceContract 450,626.5000,19.00,1,1,2026-08-24T00:00:00.000,2018-01-01T00:00:00.000,9999-12-31T00:00:00.000,1,7413f18a6c1b5a32b99f05808f9239987413f18a6c1b5a32b99f05808f923998
451,SC000451,100,378,440,6,3,Beacon ServiceContract 451,627.8700,20.00,1,1,2026-08-24T00:00:00.000,2018-01-01T00:00:00.000,9999-12-31T00:00:00.000,1,ef9b385d89055427b26b09bdad4e0619ef9b385d89055427b26b09bdad4e0619
452,SC000452,7,199,87,7,4,Summit ServiceContract 452,629.2400,21.00,1,1,2026-08-24T00:00:00.000,2018-01-01T00:00:00.000,9999-12-31T00:00:00.000,1,a0735a1c5eb559be84ec2fa08981fcfba0735a1c5eb559be84ec2fa08981fcfb
453,SC000453,82,68,381,6,5,Riverton ServiceContract 453,630.6100,22.00,1,1,2026-08-24T00:00:00.000,2018-01-01T00:00:00.000,9999-12-31T00:00:00.000,1,bfa51f25e6b955ffb2321a9dd0c45b2fbfa51f25e6b955ffb2321a9dd0c45b2f
454,SC000454,440,403,229,4,1,Evergreen ServiceContract 454,631.9800,23.00,1,1,2026-08-24T00:00:00.000,2018-01-01T00:00:00.000,9999-12-31T00:00:00.000,1,8e2dafd55181550faae79e8f2efb67e98e2dafd55181550faae79e8f2efb67e9
455,SC000455,483,278,436,4,5,Forge ServiceContract 455,633.3500,24.00,1,1,2026-08-24T00:00:00.000,2018-01-01T00:00:00.000,9999-12-31T00:00:00.000,1,44144eac5b18544dae6501bd7858187644144eac5b18544dae6501bd78581876
456,SC000456,98,245,182,6,5,Riverton ServiceContract 456,634.7200,1.00,1,1,2026-08-24T00:00:00.000,2018-01-01T00:00:00.000,9999-12-31T00:00:00.000,1,2b03abbec99a59caba091c587fc273882b03abbec99a59caba091c587fc27388
457,SC000457,407,143,492,7,4,Junction ServiceContract 457,636.0900,2.00,1,1,2026-08-24T00:00:00.000,2018-01-01T00:00:00.000,9999-12-31T00:00:00.000,1,584ccb222d885601b40af2b56c070a07584ccb222d885601b40af2b56c070a07
458,SC000458,261,23,373,1,1,Meridian ServiceContract 458,637.4600,3.00,1,1,2026-08-24T00:00:00.000,2018-01-01T00:00:00.000,9999-12-31T00:00:00.000,1,e063ceb1c1ae53e1a428b6dd4ad10d34e063ceb1c1ae53e1a428b6dd4ad10d34
459,SC000459,264,83,304,6,4,Pioneer ServiceContract 459,638.8300,4.00,1,1,2026-08-24T00:00:00.000,2018-01-01T00:00:00.000,9999-12-31T00:00:00.000,1,bba252b88d0a5af7b6d1fe37fba796c3bba252b88d0a5af7b6d1fe37fba796c3
460,SC000460,356,227,362,6,4,Atlas ServiceContract 460,640.2000,5.00,1,1,2026-08-24T00:00:00.000,2018-01-01T00:00:00.000,9999-12-31T00:00:00.000,1,fa1d5f86a5e856f6ba1ce5407932c033fa1d5f86a5e856f6ba1ce5407932c033
461,SC000461,39,417,212,6,4,Pioneer ServiceContract 461,641.5700,6.00,1,1,2026-08-24T00:00:00.000,2018-01-01T00:00:00.000,9999-12-31T00:00:00.000,1,ad73df42e93350769f9d8447d3c54fcfad73df42e93350769f9d8447d3c54fcf
462,SC000462,1,482,3,1,4,Beacon ServiceContract 462,642.9400,7.00,1,1,2026-08-24T00:00:00.000,2018-01-01T00:00:00.000,9999-12-31T00:00:00.000,1,5e2e98d094355a1288ad8f3894c385cf5e2e98d094355a1288ad8f3894c385cf
463,SC000463,246,330,166,3,4,Titan ServiceContract 463,644.3100,8.00,1,1,2026-08-24T00:00:00.000,2018-01-01T00:00:00.000,9999-12-31T00:00:00.000,1,3bc6239970615864ae38c977e1eb66bf3bc6239970615864ae38c977e1eb66bf
464,SC000464,264,497,78,4,1,Zenith ServiceContract 464,645.6800,9.00,1,1,2026-08-24T00:00:00.000,2018-01-01T00:00:00.000,9999-12-31T00:00:00.000,1,4c1d1d4b4448511ca88684b4fd7ee25e4c1d1d4b4448511ca88684b4fd7ee25e
465,SC000465,293,340,306,3,5,Northstar ServiceContract 465,647.0500,10.00,1,1,2026-08-24T00:00:00.000,2018-01-01T00:00:00.000,9999-12-31T00:00:00.000,1,4ca40aab714f59cea4f76370035b82494ca40aab714f59cea4f76370035b8249
466,SC000466,100,119,312,3,5,Atlas ServiceContract 466,648.4200,11.00,1,1,2026-08-24T00:00:00.000,2018-01-01T00:00:00.000,9999-12-31T00:00:00.000,1,7d5f4fdee508559c9cbe5220670a72e57d5f4fdee508559c9cbe5220670a72e5
467,SC000467,26,411,171,6,4,Harbor ServiceContract 467,649.7900,12.00,1,1,2026-08-24T00:00:00.000,2018-01-01T00:00:00.000,9999-12-31T00:00:00.000,1,1f293003931b52cf8af93335f2c2a7b41f293003931b52cf8af93335f2c2a7b4
468,SC000468,53,367,88,3,3,Titan ServiceContract 468,651.1600,13.00,1,1,2026-08-24T00:00:00.000,2018-01-01T00:00:00.000,9999-12-31T00:00:00.000,1,920aff31c3eb5189a38aa3a9bb1a616f920aff31c3eb5189a38aa3a9bb1a616f
469,SC000469,246,212,350,1,3,Vertex ServiceContract 469,652.5300,14.00,1,1,2026-08-24T00:00:00.000,2018-01-01T00:00:00.000,9999-12-31T00:00:00.000,1,d4ee0e9a17ad5ba3b091e844679eabbed4ee0e9a17ad5ba3b091e844679eabbe
470,SC000470,180,354,262,2,1,Unity ServiceContract 470,653.9000,15.00,1,1,2026-08-24T00:00:00.000,2018-01-01T00:00:00.000,9999-12-31T00:00:00.000,1,94ab72bf2e0859c39c1b229c203a41f194ab72bf2e0859c39c1b229c203a41f1
471,SC000471,142,207,247,4,2,Keystone ServiceContract 471,655.2700,16.00,1,1,2026-08-24T00:00:00.000,2018-01-01T00:00:00.000,9999-12-31T00:00:00.000,1,e248766857765defb713b5e5a50076b0e248766857765defb713b5e5a50076b0
472,SC000472,348,230,298,3,4,Atlas ServiceContract 472,656.6400,17.00,1,1,2026-08-24T00:00:00.000,2018-01-01T00:00:00.000,9999-12-31T00:00:00.000,1,1c3614e8a25c5611a053b00c05e018d11c3614e8a25c5611a053b00c05e018d1
473,SC000473,5,22,7,2,5,Forge ServiceContract 473,658.0100,18.00,1,1,2026-08-24T00:00:00.000,2018-01-01T00:00:00.000,9999-12-31T00:00:00.000,1,c2dfc0a252785eb380302e1d31ca27ecc2dfc0a252785eb380302e1d31ca27ec
474,SC000474,436,129,236,7,5,Willow ServiceContract 474,659.3800,19.00,1,1,2026-08-24T00:00:00.000,2018-01-01T00:00:00.000,9999-12-31T00:00:00.000,1,8f9796db295054019c9226371731927b8f9796db295054019c9226371731927b
475,SC000475,129,213,285,6,3,Meridian ServiceContract 475,660.7500,20.00,1,1,2026-08-24T00:00:00.000,2018-01-01T00:00:00.000,9999-12-31T00:00:00.000,1,691d392aeb0e50a7890b22f46f545fba691d392aeb0e50a7890b22f46f545fba
476,SC000476,491,301,228,4,3,Junction ServiceContract 476,662.1200,21.00,1,1,2026-08-24T00:00:00.000,2018-01-01T00:00:00.000,9999-12-31T00:00:00.000,1,af08fd7ccd1f5dd5a764cde7856b0896af08fd7ccd1f5dd5a764cde7856b0896
477,SC000477,135,129,232,2,3,Cedar ServiceContract 477,663.4900,22.00,1,1,2026-08-24T00:00:00.000,2018-01-01T00:00:00.000,9999-12-31T00:00:00.000,1,81fce0af89095e3eb17f8faa22204dc881fce0af89095e3eb17f8faa22204dc8
478,SC000478,159,153,452,4,2,Forge ServiceContract 478,664.8600,23.00,1,1,2026-08-24T00:00:00.000,2018-01-01T00:00:00.000,9999-12-31T00:00:00.000,1,eb80f425fa9b5321bdd17ab73e09b9c8eb80f425fa9b5321bdd17ab73e09b9c8
479,SC000479,320,310,154,1,1,Orion ServiceContract 479,666.2300,24.00,1,1,2026-08-24T00:00:00.000,2018-01-01T00:00:00.000,9999-12-31T00:00:00.000,1,b895188bbe0d51278c1c5121ead328a4b895188bbe0d51278c1c5121ead328a4
480,SC000480,42,20,406,2,3,Willow ServiceContract 480,667.6000,1.00,1,1,2026-08-24T00:00:00.000,2018-01-01T00:00:00.000,9999-12-31T00:00:00.000,1,7cac5f8be147540f85b83e9bd47cc2ee7cac5f8be147540f85b83e9bd47cc2ee
481,SC000481,157,268,183,7,3,Keystone ServiceContract 481,668.9700,2.00,1,1,2026-08-24T00:00:00.000,2018-01-01T00:00:00.000,9999-12-31T00:00:00.000,1,948ec7ddea1f5f35a27d1f8970444c85948ec7ddea1f5f35a27d1f8970444c85
482,SC000482,204,404,493,6,5,Liberty ServiceContract 482,670.3400,3.00,1,1,2026-08-24T00:00:00.000,2018-01-01T00:00:00.000,9999-12-31T00:00:00.000,1,635ba6344f825669901554f673f9a3d3635ba6344f825669901554f673f9a3d3
483,SC000483,79,331,293,7,1,Atlas ServiceContract 483,671.7100,4.00,1,1,2026-08-24T00:00:00.000,2018-01-01T00:00:00.000,9999-12-31T00:00:00.000,1,c5d95d2e8d7d5821b6acf480158b6b9bc5d95d2e8d7d5821b6acf480158b6b9b
484,SC000484,402,13,226,3,5,Beacon ServiceContract 484,673.0800,5.00,1,1,2026-08-24T00:00:00.000,2018-01-01T00:00:00.000,9999-12-31T00:00:00.000,1,7f956b24465056bb943e12357401265b7f956b24465056bb943e12357401265b
485,SC000485,414,392,23,7,3,Liberty ServiceContract 485,674.4500,6.00,1,1,2026-08-24T00:00:00.000,2018-01-01T00:00:00.000,9999-12-31T00:00:00.000,1,9c367fa956dd522d9297f4557726fad39c367fa956dd522d9297f4557726fad3
486,SC000486,424,174,11,6,5,Harbor ServiceContract 486,675.8200,7.00,1,1,2026-08-24T00:00:00.000,2018-01-01T00:00:00.000,9999-12-31T00:00:00.000,1,35d8f2d65d875bbdacc9d1f19f27280d35d8f2d65d875bbdacc9d1f19f27280d
487,SC000487,330,486,392,1,5,Cedar ServiceContract 487,677.1900,8.00,1,1,2026-08-24T00:00:00.000,2018-01-01T00:00:00.000,9999-12-31T00:00:00.000,1,60d1c40876fa5fd2aff301005b4698af60d1c40876fa5fd2aff301005b4698af
488,SC000488,203,153,39,1,5,Zenith ServiceContract 488,678.5600,9.00,1,1,2026-08-24T00:00:00.000,2018-01-01T00:00:00.000,9999-12-31T00:00:00.000,1,f6f35587572e5c9abb024b39c7144c7af6f35587572e5c9abb024b39c7144c7a
489,SC000489,227,352,18,2,5,Unity ServiceContract 489,679.9300,10.00,1,1,2026-08-24T00:00:00.000,2018-01-01T00:00:00.000,9999-12-31T00:00:00.000,1,683ad54e460656c9b1716da5f8bf9179683ad54e460656c9b1716da5f8bf9179
490,SC000490,292,265,2,4,5,Forge ServiceContract 490,681.3000,11.00,1,1,2026-08-24T00:00:00.000,2018-01-01T00:00:00.000,9999-12-31T00:00:00.000,1,4c1d45766b0b513abde29064acd9e3c24c1d45766b0b513abde29064acd9e3c2
491,SC000491,353,152,272,6,1,Forge ServiceContract 491,682.6700,12.00,1,1,2026-08-24T00:00:00.000,2018-01-01T00:00:00.000,9999-12-31T00:00:00.000,1,181835915e9f5dcfbd71a8e76c88deeb181835915e9f5dcfbd71a8e76c88deeb
492,SC000492,125,383,66,5,1,Meridian ServiceContract 492,684.0400,13.00,1,1,2026-08-24T00:00:00.000,2018-01-01T00:00:00.000,9999-12-31T00:00:00.000,1,89182e5509d55ca4b24e28358ac2715989182e5509d55ca4b24e28358ac27159
493,SC000493,410,39,141,3,5,Meridian ServiceContract 493,685.4100,14.00,1,1,2026-08-24T00:00:00.000,2018-01-01T00:00:00.000,9999-12-31T00:00:00.000,1,660d6b5114665db2be06d884993aed0d660d6b5114665db2be06d884993aed0d
494,SC000494,372,453,47,7,3,Quartz ServiceContract 494,686.7800,15.00,1,1,2026-08-24T00:00:00.000,2018-01-01T00:00:00.000,9999-12-31T00:00:00.000,1,3502d21c24315a808379f28c8fc3bbfe3502d21c24315a808379f28c8fc3bbfe
495,SC000495,359,228,460,5,2,Harbor ServiceContract 495,688.1500,16.00,1,1,2026-08-24T00:00:00.000,2018-01-01T00:00:00.000,9999-12-31T00:00:00.000,1,310eaf77b264538fa0f6b9dec1487497310eaf77b264538fa0f6b9dec1487497
496,SC000496,400,130,198,4,5,Cedar ServiceContract 496,689.5200,17.00,1,1,2026-08-24T00:00:00.000,2018-01-01T00:00:00.000,9999-12-31T00:00:00.000,1,a01bf046d5eb5c77bc438493707bcabea01bf046d5eb5c77bc438493707bcabe
497,SC000497,226,166,346,3,5,Evergreen ServiceContract 497,690.8900,18.00,1,1,2026-08-24T00:00:00.000,2018-01-01T00:00:00.000,9999-12-31T00:00:00.000,1,288ff2cbee1156c0b70d6f60b8eed32b288ff2cbee1156c0b70d6f60b8eed32b
498,SC000498,482,199,459,5,5,Northstar ServiceContract 498,692.2600,19.00,1,1,2026-08-24T00:00:00.000,2018-01-01T00:00:00.000,9999-12-31T00:00:00.000,1,cae71a69401d563db8921ba88b0f2f0acae71a69401d563db8921ba88b0f2f0a
499,SC000499,495,499,410,4,2,Forge ServiceContract 499,693.6300,20.00,1,1,2026-08-24T00:00:00.000,2018-01-01T00:00:00.000,9999-12-31T00:00:00.000,1,37361bdca34b5ec1a04d57dfeaaad34c37361bdca34b5ec1a04d57dfeaaad34c
500,SC000500,180,176,273,4,1,Quartz ServiceContract 500,695.0000,21.00,1,1,2026-08-24T00:00:00.000,2018-01-01T00:00:00.000,9999-12-31T00:00:00.000,1,dc171620dcf55b1f9fca047aa30f0b2bdc171620dcf55b1f9fca047aa30f0b2b
