WorkCenterKey,WorkCenterCode,SiteKey,WorkCenterTypeKey,WorkCenterCapabilityKey,UnitOfMeasureKey,RecordStatusKey,ShiftCodeKey,WorkCenterName,WorkCenterDescription,CapacityPerHourValue,CrewSizeValue,SetupTimeMinutes,QueueTimeMinutes,FiniteCapacityFlag,BottleneckFlag,SourceSystemKey,BatchId,LoadedAtUtc,EffectiveFromUtc,EffectiveToUtc,IsCurrent,RowHash
-1,UNKNOWN,-1,-1,-1,-1,-1,-1,Unknown,N/A,0.0000,0.00,0.0000,0.0000,0,0,-1,0,1900-01-01T00:00:00.000,1900-01-01T00:00:00.000,1900-01-01T00:00:00.000,0,0000000000000000000000000000000000000000000000000000000000000000
1,WC000001,383,21,322,2,1,9,Northstar WorkCenter 1,WorkCenter starter record 1,11.3700,11.37,6.0000,6.0000,1,1,1,1,2026-08-24T00:00:00.000,2018-01-01T00:00:00.000,9999-12-31T00:00:00.000,1,7ea42a92a62f5ff08632dcd2df7bfef47ea42a92a62f5ff08632dcd2df7bfef4
2,WC000002,133,2,366,6,3,9,Zenith WorkCenter 2,WorkCenter starter record 2,12.7400,12.74,7.0000,7.0000,1,1,1,1,2026-08-24T00:00:00.000,2018-01-01T00:00:00.000,9999-12-31T00:00:00.000,1,92d0d98fc70953a39bf39aba68db3a3e92d0d98fc70953a39bf39aba68db3a3e
3,WC000003,118,25,353,4,4,5,Junction WorkCenter 3,WorkCenter starter record 3,14.1100,14.11,8.0000,8.0000,1,1,1,1,2026-08-24T00:00:00.000,2018-01-01T00:00:00.000,9999-12-31T00:00:00.000,1,77ab9c23ff3459659faaed3f4813d5ee77ab9c23ff3459659faaed3f4813d5ee
4,WC000004,302,2,234,6,1,6,Keystone WorkCenter 4,WorkCenter starter record 4,15.4800,15.48,9.0000,9.0000,1,1,1,1,2026-08-24T00:00:00.000,2018-01-01T00:00:00.000,9999-12-31T00:00:00.000,1,96b5b206157655769b669cfc7afe8c0796b5b206157655769b669cfc7afe8c07
5,WC000005,29,5,329,5,4,6,Orion WorkCenter 5,WorkCenter starter record 5,16.8500,16.85,10.0000,10.0000,0,0,1,1,2026-08-24T00:00:00.000,2018-01-01T00:00:00.000,9999-12-31T00:00:00.000,1,24fb6a8e190b5ad78ab191d1df854d2524fb6a8e190b5ad78ab191d1df854d25
6,WC000006,492,28,193,1,2,3,Delta WorkCenter 6,WorkCenter starter record 6,18.2200,18.22,11.0000,11.0000,1,1,1,1,2026-08-24T00:00:00.000,2018-01-01T00:00:00.000,9999-12-31T00:00:00.000,1,88a5b73ccc1256e2befe7782dd6221b688a5b73ccc1256e2befe7782dd6221b6
7,WC000007,258,8,478,4,3,11,Orion WorkCenter 7,WorkCenter starter record 7,19.5900,19.59,12.0000,12.0000,1,1,1,1,2026-08-24T00:00:00.000,2018-01-01T00:00:00.000,9999-12-31T00:00:00.000,1,ed302b0430b05bcea28b187d8ef4bc8bed302b0430b05bcea28b187d8ef4bc8b
8,WC000008,377,27,359,6,2,6,Atlas WorkCenter 8,WorkCenter starter record 8,20.9600,20.96,13.0000,13.0000,1,1,1,1,2026-08-24T00:00:00.000,2018-01-01T00:00:00.000,9999-12-31T00:00:00.000,1,f89b199cda8b5e738fa1efb877afaba8f89b199cda8b5e738fa1efb877afaba8
9,WC000009,455,40,51,6,3,6,Pioneer WorkCenter 9,WorkCenter starter record 9,22.3300,22.33,14.0000,14.0000,1,1,1,1,2026-08-24T00:00:00.000,2018-01-01T00:00:00.000,9999-12-31T00:00:00.000,1,eb6c993ea5b35aa88e36584a189aca37eb6c993ea5b35aa88e36584a189aca37
10,WC000010,225,32,500,1,2,3,Delta WorkCenter 10,WorkCenter starter record 10,23.7000,23.70,15.0000,15.0000,0,0,1,1,2026-08-24T00:00:00.000,2018-01-01T00:00:00.000,9999-12-31T00:00:00.000,1,bc54d775205d5c19a10823697e23c203bc54d775205d5c19a10823697e23c203
11,WC000011,450,4,93,2,1,3,Meridian WorkCenter 11,WorkCenter starter record 11,25.0700,25.07,16.0000,16.0000,1,1,1,1,2026-08-24T00:00:00.000,2018-01-01T00:00:00.000,9999-12-31T00:00:00.000,1,e2592f11c4045392b551dcb3b905b2a2e2592f11c4045392b551dcb3b905b2a2
12,WC000012,82,26,452,4,1,3,Beacon WorkCenter 12,WorkCenter starter record 12,26.4400,26.44,17.0000,17.0000,1,1,1,1,2026-08-24T00:00:00.000,2018-01-01T00:00:00.000,9999-12-31T00:00:00.000,1,2210d3965cec5099b7126b1264102a072210d3965cec5099b7126b1264102a07
13,WC000013,208,23,158,6,2,3,Granite WorkCenter 13,WorkCenter starter record 13,27.8100,27.81,18.0000,18.0000,1,1,1,1,2026-08-24T00:00:00.000,2018-01-01T00:00:00.000,9999-12-31T00:00:00.000,1,bb1f3a389b5952b195f626f6cf45b564bb1f3a389b5952b195f626f6cf45b564
14,WC000014,399,6,5,5,4,3,Junction WorkCenter 14,WorkCenter starter record 14,29.1800,29.18,19.0000,19.0000,1,1,1,1,2026-08-24T00:00:00.000,2018-01-01T00:00:00.000,9999-12-31T00:00:00.000,1,b11387f798c059f5a7f8ccf636a15179b11387f798c059f5a7f8ccf636a15179
15,WC000015,130,10,451,4,4,6,Evergreen WorkCenter 15,WorkCenter starter record 15,30.5500,30.55,20.0000,20.0000,0,0,1,1,2026-08-24T00:00:00.000,2018-01-01T00:00:00.000,9999-12-31T00:00:00.000,1,d9839aaed1ed597b8917e7f3934fa49dd9839aaed1ed597b8917e7f3934fa49d
16,WC000016,168,26,57,1,4,10,Harbor WorkCenter 16,WorkCenter starter record 16,31.9200,31.92,21.0000,21.0000,1,1,1,1,2026-08-24T00:00:00.000,2018-01-01T00:00:00.000,9999-12-31T00:00:00.000,1,72683be2997e55a3a64017439f9df67272683be2997e55a3a64017439f9df672
17,WC000017,485,23,316,4,2,10,Zenith WorkCenter 17,WorkCenter starter record 17,33.2900,33.29,22.0000,22.0000,1,1,1,1,2026-08-24T00:00:00.000,2018-01-01T00:00:00.000,9999-12-31T00:00:00.000,1,365b54d6be9b591d8dc55789d870ee61365b54d6be9b591d8dc55789d870ee61
18,WC000018,58,10,180,5,4,8,Riverton WorkCenter 18,WorkCenter starter record 18,34.6600,34.66,23.0000,23.0000,1,1,1,1,2026-08-24T00:00:00.000,2018-01-01T00:00:00.000,9999-12-31T00:00:00.000,1,49d76beb35bd557f8b266461c45d9a6c49d76beb35bd557f8b266461c45d9a6c
19,WC000019,81,13,440,5,1,11,Granite WorkCenter 19,WorkCenter starter record 19,36.0300,36.03,24.0000,24.0000,1,1,1,1,2026-08-24T00:00:00.000,2018-01-01T00:00:00.000,9999-12-31T00:00:00.000,1,2bad9a2f04a2562ba4693cab65ccd2452bad9a2f04a2562ba4693cab65ccd245
20,WC000020,203,33,360,6,3,12,Pioneer WorkCenter 20,WorkCenter starter record 20,37.4000,37.40,25.0000,25.0000,0,0,1,1,2026-08-24T00:00:00.000,2018-01-01T00:00:00.000,9999-12-31T00:00:00.000,1,f1f37e51acc752199ee1b00ff8ed3e09f1f37e51acc752199ee1b00ff8ed3e09
21,WC000021,232,7,462,6,1,1,Liberty WorkCenter 21,WorkCenter starter record 21,38.7700,38.77,26.0000,26.0000,1,1,1,1,2026-08-24T00:00:00.000,2018-01-01T00:00:00.000,9999-12-31T00:00:00.000,1,98e41341167858df8e1be1d414044a0298e41341167858df8e1be1d414044a02
22,WC000022,326,4,81,7,3,5,Junction WorkCenter 22,WorkCenter starter record 22,40.1400,40.14,27.0000,27.0000,1,1,1,1,2026-08-24T00:00:00.000,2018-01-01T00:00:00.000,9999-12-31T00:00:00.000,1,8aafd0db7913591e8a2d1ec76d70b8758aafd0db7913591e8a2d1ec76d70b875
23,WC000023,492,28,329,1,2,3,Titan WorkCenter 23,WorkCenter starter record 23,41.5100,41.51,28.0000,28.0000,1,1,1,1,2026-08-24T00:00:00.000,2018-01-01T00:00:00.000,9999-12-31T00:00:00.000,1,68036e49ad625e11916674262c0dee0368036e49ad625e11916674262c0dee03
24,WC000024,443,20,22,6,4,7,Granite WorkCenter 24,WorkCenter starter record 24,42.8800,42.88,29.0000,29.0000,1,1,1,1,2026-08-24T00:00:00.000,2018-01-01T00:00:00.000,9999-12-31T00:00:00.000,1,dfba8f17daa15096a4710917f0867407dfba8f17daa15096a4710917f0867407
25,WC000025,237,14,489,3,1,8,Meridian WorkCenter 25,WorkCenter starter record 25,44.2500,44.25,30.0000,30.0000,0,0,1,1,2026-08-24T00:00:00.000,2018-01-01T00:00:00.000,9999-12-31T00:00:00.000,1,22267b1f13b2519f8ebab8c808dba63322267b1f13b2519f8ebab8c808dba633
26,WC000026,454,3,179,6,1,1,Northstar WorkCenter 26,WorkCenter starter record 26,45.6200,45.62,31.0000,31.0000,1,1,1,1,2026-08-24T00:00:00.000,2018-01-01T00:00:00.000,9999-12-31T00:00:00.000,1,5724774353835ffaab2e17ac698170335724774353835ffaab2e17ac69817033
27,WC000027,372,40,488,7,1,7,Willow WorkCenter 27,WorkCenter starter record 27,46.9900,46.99,32.0000,32.0000,1,1,1,1,2026-08-24T00:00:00.000,2018-01-01T00:00:00.000,9999-12-31T00:00:00.000,1,36f579c4092d53de91f7102121762e0a36f579c4092d53de91f7102121762e0a
28,WC000028,98,13,358,5,4,2,Atlas WorkCenter 28,WorkCenter starter record 28,48.3600,48.36,33.0000,33.0000,1,1,1,1,2026-08-24T00:00:00.000,2018-01-01T00:00:00.000,9999-12-31T00:00:00.000,1,daabff57fc395722892f8830e14c8b54daabff57fc395722892f8830e14c8b54
29,WC000029,139,21,59,4,4,7,Titan WorkCenter 29,WorkCenter starter record 29,49.7300,49.73,34.0000,34.0000,1,1,1,1,2026-08-24T00:00:00.000,2018-01-01T00:00:00.000,9999-12-31T00:00:00.000,1,17120706a26f554381ad258228643b2817120706a26f554381ad258228643b28
30,WC000030,479,22,134,7,2,11,Liberty WorkCenter 30,WorkCenter starter record 30,51.1000,51.10,35.0000,35.0000,0,0,1,1,2026-08-24T00:00:00.000,2018-01-01T00:00:00.000,9999-12-31T00:00:00.000,1,c4cd7134ca545c1ab78a5c1f876cbd28c4cd7134ca545c1ab78a5c1f876cbd28
31,WC000031,11,39,450,2,3,8,Harbor WorkCenter 31,WorkCenter starter record 31,52.4700,52.47,36.0000,36.0000,1,1,1,1,2026-08-24T00:00:00.000,2018-01-01T00:00:00.000,9999-12-31T00:00:00.000,1,895ca8d04b1750f284bdadd158a7464b895ca8d04b1750f284bdadd158a7464b
32,WC000032,432,21,499,5,1,9,Northstar WorkCenter 32,WorkCenter starter record 32,53.8400,53.84,37.0000,37.0000,1,1,1,1,2026-08-24T00:00:00.000,2018-01-01T00:00:00.000,9999-12-31T00:00:00.000,1,d70c90a0a8f250b0a860c6ce203c85f1d70c90a0a8f250b0a860c6ce203c85f1
33,WC000033,44,36,241,5,4,7,Zenith WorkCenter 33,WorkCenter starter record 33,55.2100,55.21,38.0000,38.0000,1,1,1,1,2026-08-24T00:00:00.000,2018-01-01T00:00:00.000,9999-12-31T00:00:00.000,1,387a4cdfa8df5bc29ef37df5872334e9387a4cdfa8df5bc29ef37df5872334e9
34,WC000034,90,22,347,1,1,11,Zenith WorkCenter 34,WorkCenter starter record 34,56.5800,56.58,39.0000,39.0000,1,1,1,1,2026-08-24T00:00:00.000,2018-01-01T00:00:00.000,9999-12-31T00:00:00.000,1,f4f28074e5365445895f9bd373dbbdb5f4f28074e5365445895f9bd373dbbdb5
35,WC000035,449,30,177,4,4,6,Granite WorkCenter 35,WorkCenter starter record 35,57.9500,57.95,40.0000,40.0000,0,0,1,1,2026-08-24T00:00:00.000,2018-01-01T00:00:00.000,9999-12-31T00:00:00.000,1,85bb7d46eeec513a9c76a1932ebc35d085bb7d46eeec513a9c76a1932ebc35d0
36,WC000036,193,13,122,2,2,2,Northstar WorkCenter 36,WorkCenter starter record 36,59.3200,59.32,41.0000,41.0000,1,1,1,1,2026-08-24T00:00:00.000,2018-01-01T00:00:00.000,9999-12-31T00:00:00.000,1,559c24d507ac529c8a3081d77a5f018d559c24d507ac529c8a3081d77a5f018d
37,WC000037,333,12,85,2,1,4,Vertex WorkCenter 37,WorkCenter starter record 37,60.6900,60.69,42.0000,42.0000,1,1,1,1,2026-08-24T00:00:00.000,2018-01-01T00:00:00.000,9999-12-31T00:00:00.000,1,960f2b1c23de56c998cc4e2202eceeac960f2b1c23de56c998cc4e2202eceeac
38,WC000038,116,34,48,5,4,3,Meridian WorkCenter 38,WorkCenter starter record 38,62.0600,62.06,43.0000,43.0000,1,1,1,1,2026-08-24T00:00:00.000,2018-01-01T00:00:00.000,9999-12-31T00:00:00.000,1,761ee4cec4615600866951af221c45f5761ee4cec4615600866951af221c45f5
39,WC000039,25,26,424,6,3,6,Titan WorkCenter 39,WorkCenter starter record 39,63.4300,63.43,44.0000,44.0000,1,1,1,1,2026-08-24T00:00:00.000,2018-01-01T00:00:00.000,9999-12-31T00:00:00.000,1,4902169e2cc25c95aadf4b3237e91cd64902169e2cc25c95aadf4b3237e91cd6
40,WC000040,212,36,321,6,3,1,Summit WorkCenter 40,WorkCenter starter record 40,64.8000,64.80,45.0000,45.0000,0,0,1,1,2026-08-24T00:00:00.000,2018-01-01T00:00:00.000,9999-12-31T00:00:00.000,1,6a0eed1783545ba2b10970d337ddb5706a0eed1783545ba2b10970d337ddb570
41,WC000041,139,25,52,7,1,1,Keystone WorkCenter 41,WorkCenter starter record 41,66.1700,66.17,46.0000,46.0000,1,1,1,1,2026-08-24T00:00:00.000,2018-01-01T00:00:00.000,9999-12-31T00:00:00.000,1,919c40d7ea205e42b0cc62f592c0abf9919c40d7ea205e42b0cc62f592c0abf9
42,WC000042,418,15,91,3,2,8,Granite WorkCenter 42,WorkCenter starter record 42,67.5400,67.54,47.0000,47.0000,1,1,1,1,2026-08-24T00:00:00.000,2018-01-01T00:00:00.000,9999-12-31T00:00:00.000,1,650da81ec81f59f0a7dc5427838bee50650da81ec81f59f0a7dc5427838bee50
43,WC000043,477,38,308,1,1,3,Atlas WorkCenter 43,WorkCenter starter record 43,68.9100,68.91,48.0000,48.0000,1,1,1,1,2026-08-24T00:00:00.000,2018-01-01T00:00:00.000,9999-12-31T00:00:00.000,1,481d3248a45058c7a56f3d5ff4c69c1a481d3248a45058c7a56f3d5ff4c69c1a
44,WC000044,211,22,313,1,1,5,Liberty WorkCenter 44,WorkCenter starter record 44,70.2800,70.28,49.0000,49.0000,1,1,1,1,2026-08-24T00:00:00.000,2018-01-01T00:00:00.000,9999-12-31T00:00:00.000,1,3e6b001bdb25525c93c5260bd014932d3e6b001bdb25525c93c5260bd014932d
45,WC000045,359,40,61,5,4,3,Evergreen WorkCenter 45,WorkCenter starter record 45,71.6500,71.65,50.0000,50.0000,0,0,1,1,2026-08-24T00:00:00.000,2018-01-01T00:00:00.000,9999-12-31T00:00:00.000,1,afddbeab5a3e50ac8e53e5689f07c5d8afddbeab5a3e50ac8e53e5689f07c5d8
46,WC000046,279,40,368,1,2,12,Vertex WorkCenter 46,WorkCenter starter record 46,73.0200,73.02,51.0000,51.0000,1,1,1,1,2026-08-24T00:00:00.000,2018-01-01T00:00:00.000,9999-12-31T00:00:00.000,1,375d37343b905913a5e6ded2129381a1375d37343b905913a5e6ded2129381a1
47,WC000047,108,32,371,3,4,6,Liberty WorkCenter 47,WorkCenter starter record 47,74.3900,74.39,52.0000,52.0000,1,1,1,1,2026-08-24T00:00:00.000,2018-01-01T00:00:00.000,9999-12-31T00:00:00.000,1,ab5deda3a0205a889a755a47d16d3718ab5deda3a0205a889a755a47d16d3718
48,WC000048,440,15,426,2,4,7,Junction WorkCenter 48,WorkCenter starter record 48,75.7600,75.76,53.0000,53.0000,1,1,1,1,2026-08-24T00:00:00.000,2018-01-01T00:00:00.000,9999-12-31T00:00:00.000,1,8af209425977555092bda040ab1eada98af209425977555092bda040ab1eada9
49,WC000049,183,10,157,6,4,8,Willow WorkCenter 49,WorkCenter starter record 49,77.1300,77.13,54.0000,54.0000,1,1,1,1,2026-08-24T00:00:00.000,2018-01-01T00:00:00.000,9999-12-31T00:00:00.000,1,4695675d45b35ec79d9528119f54ce7c4695675d45b35ec79d9528119f54ce7c
50,WC000050,264,31,301,6,1,11,Keystone WorkCenter 50,WorkCenter starter record 50,78.5000,78.50,55.0000,55.0000,0,0,1,1,2026-08-24T00:00:00.000,2018-01-01T00:00:00.000,9999-12-31T00:00:00.000,1,a1a5bfbc485c5ed8815ed35c55b8667da1a5bfbc485c5ed8815ed35c55b8667d
51,WC000051,346,21,25,5,3,6,Delta WorkCenter 51,WorkCenter starter record 51,79.8700,79.87,56.0000,56.0000,1,1,1,1,2026-08-24T00:00:00.000,2018-01-01T00:00:00.000,9999-12-31T00:00:00.000,1,9bc0dffcd2a25445b982ac2df28c1a329bc0dffcd2a25445b982ac2df28c1a32
52,WC000052,216,26,134,5,1,5,Riverton WorkCenter 52,WorkCenter starter record 52,81.2400,81.24,57.0000,57.0000,1,1,1,1,2026-08-24T00:00:00.000,2018-01-01T00:00:00.000,9999-12-31T00:00:00.000,1,df65c6dfa7ba5001b4126adba88a7a74df65c6dfa7ba5001b4126adba88a7a74
53,WC000053,304,21,359,7,1,1,Vertex WorkCenter 53,WorkCenter starter record 53,82.6100,82.61,58.0000,58.0000,1,1,1,1,2026-08-24T00:00:00.000,2018-01-01T00:00:00.000,9999-12-31T00:00:00.000,1,551b3c6201b7554cac912e56f26321a1551b3c6201b7554cac912e56f26321a1
54,WC000054,355,28,6,7,2,7,Vertex WorkCenter 54,WorkCenter starter record 54,83.9800,83.98,59.0000,59.0000,1,1,1,1,2026-08-24T00:00:00.000,2018-01-01T00:00:00.000,9999-12-31T00:00:00.000,1,a22a166332725ea4abc1ba5cc0e9441ca22a166332725ea4abc1ba5cc0e9441c
55,WC000055,419,13,384,7,1,5,Harbor WorkCenter 55,WorkCenter starter record 55,85.3500,85.35,60.0000,60.0000,0,0,1,1,2026-08-24T00:00:00.000,2018-01-01T00:00:00.000,9999-12-31T00:00:00.000,1,b755f2cb235e567890cf53e86e083e17b755f2cb235e567890cf53e86e083e17
56,WC000056,386,11,347,1,4,5,Atlas WorkCenter 56,WorkCenter starter record 56,86.7200,86.72,61.0000,61.0000,1,1,1,1,2026-08-24T00:00:00.000,2018-01-01T00:00:00.000,9999-12-31T00:00:00.000,1,e38a8ca9be2b55029e61f80411ed0710e38a8ca9be2b55029e61f80411ed0710
57,WC000057,97,22,273,7,3,12,Titan WorkCenter 57,WorkCenter starter record 57,88.0900,88.09,62.0000,62.0000,1,1,1,1,2026-08-24T00:00:00.000,2018-01-01T00:00:00.000,9999-12-31T00:00:00.000,1,4417021add2a501d90a4cf291aa2bad44417021add2a501d90a4cf291aa2bad4
58,WC000058,12,27,153,5,1,9,Orion WorkCenter 58,WorkCenter starter record 58,89.4600,89.46,63.0000,63.0000,1,1,1,1,2026-08-24T00:00:00.000,2018-01-01T00:00:00.000,9999-12-31T00:00:00.000,1,b1b3c94f679e569185dcf47a68169fc9b1b3c94f679e569185dcf47a68169fc9
59,WC000059,108,37,180,3,4,6,Riverton WorkCenter 59,WorkCenter starter record 59,90.8300,90.83,64.0000,64.0000,1,1,1,1,2026-08-24T00:00:00.000,2018-01-01T00:00:00.000,9999-12-31T00:00:00.000,1,7814ee3dd45e58d190d1556fc407436d7814ee3dd45e58d190d1556fc407436d
60,WC000060,268,29,493,6,4,3,Orion WorkCenter 60,WorkCenter starter record 60,92.2000,92.20,65.0000,65.0000,0,0,1,1,2026-08-24T00:00:00.000,2018-01-01T00:00:00.000,9999-12-31T00:00:00.000,1,6d92e25475a8554c855fa85b6c6ae9866d92e25475a8554c855fa85b6c6ae986
61,WC000061,488,24,312,4,2,12,Pioneer WorkCenter 61,WorkCenter starter record 61,93.5700,93.57,66.0000,66.0000,1,1,1,1,2026-08-24T00:00:00.000,2018-01-01T00:00:00.000,9999-12-31T00:00:00.000,1,db4922806d9b572a8616fe97d437f5b8db4922806d9b572a8616fe97d437f5b8
62,WC000062,198,29,3,2,3,5,Keystone WorkCenter 62,WorkCenter starter record 62,94.9400,94.94,67.0000,67.0000,1,1,1,1,2026-08-24T00:00:00.000,2018-01-01T00:00:00.000,9999-12-31T00:00:00.000,1,2354f06271365ddd8115aa79a4988f662354f06271365ddd8115aa79a4988f66
63,WC000063,174,3,309,1,2,1,Atlas WorkCenter 63,WorkCenter starter record 63,96.3100,96.31,68.0000,68.0000,1,1,1,1,2026-08-24T00:00:00.000,2018-01-01T00:00:00.000,9999-12-31T00:00:00.000,1,7a94525c6ba75acb8ce022840f9b77b37a94525c6ba75acb8ce022840f9b77b3
64,WC000064,265,29,265,5,2,7,Evergreen WorkCenter 64,WorkCenter starter record 64,97.6800,97.68,69.0000,69.0000,1,1,1,1,2026-08-24T00:00:00.000,2018-01-01T00:00:00.000,9999-12-31T00:00:00.000,1,4243f17a02a653a18bec9fb5891c99b04243f17a02a653a18bec9fb5891c99b0
65,WC000065,58,7,27,3,1,1,Harbor WorkCenter 65,WorkCenter starter record 65,99.0500,99.05,70.0000,70.0000,0,0,1,1,2026-08-24T00:00:00.000,2018-01-01T00:00:00.000,9999-12-31T00:00:00.000,1,33d979a52047597a887662cc963c08cd33d979a52047597a887662cc963c08cd
66,WC000066,96,35,212,5,3,7,Pioneer WorkCenter 66,WorkCenter starter record 66,100.4200,100.42,71.0000,71.0000,1,1,1,1,2026-08-24T00:00:00.000,2018-01-01T00:00:00.000,9999-12-31T00:00:00.000,1,fe57d13818b2581885091324ce138bf1fe57d13818b2581885091324ce138bf1
67,WC000067,461,9,319,6,1,12,Granite WorkCenter 67,WorkCenter starter record 67,101.7900,101.79,72.0000,72.0000,1,1,1,1,2026-08-24T00:00:00.000,2018-01-01T00:00:00.000,9999-12-31T00:00:00.000,1,a3293a5e46935e3eac628bd2b7b9eb73a3293a5e46935e3eac628bd2b7b9eb73
68,WC000068,303,14,245,5,4,3,Atlas WorkCenter 68,WorkCenter starter record 68,103.1600,103.16,73.0000,73.0000,1,1,1,1,2026-08-24T00:00:00.000,2018-01-01T00:00:00.000,9999-12-31T00:00:00.000,1,ae8d2e56ba1d50ddaf8127de3c97c561ae8d2e56ba1d50ddaf8127de3c97c561
69,WC000069,274,23,231,5,3,11,Ion WorkCenter 69,WorkCenter starter record 69,104.5300,104.53,74.0000,74.0000,1,1,1,1,2026-08-24T00:00:00.000,2018-01-01T00:00:00.000,9999-12-31T00:00:00.000,1,7f806bd5594f5df6b65fe22ba697da117f806bd5594f5df6b65fe22ba697da11
70,WC000070,485,29,219,6,4,3,Orion WorkCenter 70,WorkCenter starter record 70,105.9000,105.90,75.0000,75.0000,0,0,1,1,2026-08-24T00:00:00.000,2018-01-01T00:00:00.000,9999-12-31T00:00:00.000,1,3ad8034336185d98bccea874c4b7207d3ad8034336185d98bccea874c4b7207d
71,WC000071,285,13,265,4,1,5,Granite WorkCenter 71,WorkCenter starter record 71,107.2700,107.27,76.0000,76.0000,1,1,1,1,2026-08-24T00:00:00.000,2018-01-01T00:00:00.000,9999-12-31T00:00:00.000,1,d2444bf2cd9a5e12b98b3744f1a7df28d2444bf2cd9a5e12b98b3744f1a7df28
72,WC000072,102,3,451,1,2,6,Vertex WorkCenter 72,WorkCenter starter record 72,108.6400,108.64,77.0000,77.0000,1,1,1,1,2026-08-24T00:00:00.000,2018-01-01T00:00:00.000,9999-12-31T00:00:00.000,1,e31c61f1368f505da297f99a36a4e390e31c61f1368f505da297f99a36a4e390
73,WC000073,290,40,23,7,2,9,Keystone WorkCenter 73,WorkCenter starter record 73,110.0100,110.01,78.0000,78.0000,1,1,1,1,2026-08-24T00:00:00.000,2018-01-01T00:00:00.000,9999-12-31T00:00:00.000,1,df4b96583cea5d3d921618a105fd6ed2df4b96583cea5d3d921618a105fd6ed2
74,WC000074,195,36,389,4,1,5,Junction WorkCenter 74,WorkCenter starter record 74,111.3800,111.38,79.0000,79.0000,1,1,1,1,2026-08-24T00:00:00.000,2018-01-01T00:00:00.000,9999-12-31T00:00:00.000,1,12d5c94da9485a40820226ac1387a00112d5c94da9485a40820226ac1387a001
75,WC000075,454,12,272,5,4,11,Granite WorkCenter 75,WorkCenter starter record 75,112.7500,112.75,80.0000,80.0000,0,0,1,1,2026-08-24T00:00:00.000,2018-01-01T00:00:00.000,9999-12-31T00:00:00.000,1,07c4d7a9e8db5142a5f0ea2c11d7525c07c4d7a9e8db5142a5f0ea2c11d7525c
76,WC000076,85,16,418,7,2,11,Zenith WorkCenter 76,WorkCenter starter record 76,114.1200,114.12,81.0000,81.0000,1,1,1,1,2026-08-24T00:00:00.000,2018-01-01T00:00:00.000,9999-12-31T00:00:00.000,1,aeb65da9b00e5124823a867d1d795034aeb65da9b00e5124823a867d1d795034
77,WC000077,378,26,139,5,1,9,Pioneer WorkCenter 77,WorkCenter starter record 77,115.4900,115.49,82.0000,82.0000,1,1,1,1,2026-08-24T00:00:00.000,2018-01-01T00:00:00.000,9999-12-31T00:00:00.000,1,e1e1dce244de5f9296c71a8addcc12a5e1e1dce244de5f9296c71a8addcc12a5
78,WC000078,478,30,105,1,1,4,Pioneer WorkCenter 78,WorkCenter starter record 78,116.8600,116.86,83.0000,83.0000,1,1,1,1,2026-08-24T00:00:00.000,2018-01-01T00:00:00.000,9999-12-31T00:00:00.000,1,5a3468f13e69575ca2aa91e21c26df5e5a3468f13e69575ca2aa91e21c26df5e
79,WC000079,398,27,98,1,3,6,Junction WorkCenter 79,WorkCenter starter record 79,118.2300,118.23,84.0000,84.0000,1,1,1,1,2026-08-24T00:00:00.000,2018-01-01T00:00:00.000,9999-12-31T00:00:00.000,1,ddb9d9d8937f53408ecf42de32404a32ddb9d9d8937f53408ecf42de32404a32
80,WC000080,118,32,324,2,3,9,Evergreen WorkCenter 80,WorkCenter starter record 80,119.6000,119.60,85.0000,85.0000,0,0,1,1,2026-08-24T00:00:00.000,2018-01-01T00:00:00.000,9999-12-31T00:00:00.000,1,d84b95ecb91454c9bb9379b6e09346e4d84b95ecb91454c9bb9379b6e09346e4
81,WC000081,152,8,282,7,4,11,Atlas WorkCenter 81,WorkCenter starter record 81,120.9700,120.97,86.0000,86.0000,1,1,1,1,2026-08-24T00:00:00.000,2018-01-01T00:00:00.000,9999-12-31T00:00:00.000,1,786ee231e2245a609f6bd17b13fec890786ee231e2245a609f6bd17b13fec890
82,WC000082,355,4,32,7,2,1,Quartz WorkCenter 82,WorkCenter starter record 82,122.3400,122.34,87.0000,87.0000,1,1,1,1,2026-08-24T00:00:00.000,2018-01-01T00:00:00.000,9999-12-31T00:00:00.000,1,09b3e1defe725f46a5bb9a56f419423e09b3e1defe725f46a5bb9a56f419423e
83,WC000083,155,5,336,6,1,3,Beacon WorkCenter 83,WorkCenter starter record 83,123.7100,123.71,88.0000,88.0000,1,1,1,1,2026-08-24T00:00:00.000,2018-01-01T00:00:00.000,9999-12-31T00:00:00.000,1,faa68fe350ff5a28bde24a34a0d7f2c5faa68fe350ff5a28bde24a34a0d7f2c5
84,WC000084,413,4,489,3,2,8,Orion WorkCenter 84,WorkCenter starter record 84,125.0800,125.08,89.0000,89.0000,1,1,1,1,2026-08-24T00:00:00.000,2018-01-01T00:00:00.000,9999-12-31T00:00:00.000,1,95aa03ea834d5135b394b67b7540fc0095aa03ea834d5135b394b67b7540fc00
85,WC000085,221,20,331,4,3,4,Meridian WorkCenter 85,WorkCenter starter record 85,126.4500,126.45,90.0000,90.0000,0,0,1,1,2026-08-24T00:00:00.000,2018-01-01T00:00:00.000,9999-12-31T00:00:00.000,1,67772d55d97c5ef594a606837025c15e67772d55d97c5ef594a606837025c15e
86,WC000086,43,16,340,2,4,4,Summit WorkCenter 86,WorkCenter starter record 86,127.8200,127.82,91.0000,91.0000,1,1,1,1,2026-08-24T00:00:00.000,2018-01-01T00:00:00.000,9999-12-31T00:00:00.000,1,c7897e815d475361921c93a3903b7ed3c7897e815d475361921c93a3903b7ed3
87,WC000087,368,15,13,3,1,2,Pioneer WorkCenter 87,WorkCenter starter record 87,129.1900,129.19,92.0000,92.0000,1,1,1,1,2026-08-24T00:00:00.000,2018-01-01T00:00:00.000,9999-12-31T00:00:00.000,1,ceed9306ae7457febd6fb58499856bc0ceed9306ae7457febd6fb58499856bc0
88,WC000088,74,16,435,2,4,2,Willow WorkCenter 88,WorkCenter starter record 88,130.5600,130.56,93.0000,93.0000,1,1,1,1,2026-08-24T00:00:00.000,2018-01-01T00:00:00.000,9999-12-31T00:00:00.000,1,1cdb901c678c583abe2d30978569666d1cdb901c678c583abe2d30978569666d
89,WC000089,249,2,476,4,1,3,Liberty WorkCenter 89,WorkCenter starter record 89,131.9300,131.93,94.0000,94.0000,1,1,1,1,2026-08-24T00:00:00.000,2018-01-01T00:00:00.000,9999-12-31T00:00:00.000,1,f35beaff6357563798df493cf7fedcdbf35beaff6357563798df493cf7fedcdb
90,WC000090,279,13,335,6,2,4,Delta WorkCenter 90,WorkCenter starter record 90,133.3000,133.30,95.0000,95.0000,0,0,1,1,2026-08-24T00:00:00.000,2018-01-01T00:00:00.000,9999-12-31T00:00:00.000,1,2b330d8c159055f6ae817ae0ab83be982b330d8c159055f6ae817ae0ab83be98
91,WC000091,429,20,387,1,4,8,Ion WorkCenter 91,WorkCenter starter record 91,134.6700,134.67,96.0000,96.0000,1,1,1,1,2026-08-24T00:00:00.000,2018-01-01T00:00:00.000,9999-12-31T00:00:00.000,1,44f1cb86e1b051529ba9ddbf8673149f44f1cb86e1b051529ba9ddbf8673149f
92,WC000092,389,21,296,1,4,8,Beacon WorkCenter 92,WorkCenter starter record 92,136.0400,136.04,97.0000,97.0000,1,1,1,1,2026-08-24T00:00:00.000,2018-01-01T00:00:00.000,9999-12-31T00:00:00.000,1,13bf71df46e550dbb0f289ad4ef3df0713bf71df46e550dbb0f289ad4ef3df07
93,WC000093,359,15,442,5,3,7,Junction WorkCenter 93,WorkCenter starter record 93,137.4100,137.41,98.0000,98.0000,1,1,1,1,2026-08-24T00:00:00.000,2018-01-01T00:00:00.000,9999-12-31T00:00:00.000,1,cb361a6b93f655688c4b32a08de01dfacb361a6b93f655688c4b32a08de01dfa
94,WC000094,432,39,380,5,4,4,Forge WorkCenter 94,WorkCenter starter record 94,138.7800,138.78,99.0000,99.0000,1,1,1,1,2026-08-24T00:00:00.000,2018-01-01T00:00:00.000,9999-12-31T00:00:00.000,1,ae7f247d0e94579fb87d07dca62f829aae7f247d0e94579fb87d07dca62f829a
95,WC000095,38,19,15,4,1,4,Atlas WorkCenter 95,WorkCenter starter record 95,140.1500,140.15,100.0000,100.0000,0,0,1,1,2026-08-24T00:00:00.000,2018-01-01T00:00:00.000,9999-12-31T00:00:00.000,1,83c8717b1bca58ac8029df0e8118655a83c8717b1bca58ac8029df0e8118655a
96,WC000096,42,3,255,3,1,12,Summit WorkCenter 96,WorkCenter starter record 96,141.5200,141.52,101.0000,101.0000,1,1,1,1,2026-08-24T00:00:00.000,2018-01-01T00:00:00.000,9999-12-31T00:00:00.000,1,ce3032ac0b8558db853d639422f93de1ce3032ac0b8558db853d639422f93de1
97,WC000097,269,34,58,6,2,7,Evergreen WorkCenter 97,WorkCenter starter record 97,142.8900,142.89,102.0000,102.0000,1,1,1,1,2026-08-24T00:00:00.000,2018-01-01T00:00:00.000,9999-12-31T00:00:00.000,1,7749da720ec65e20a6e77102183c03f57749da720ec65e20a6e77102183c03f5
98,WC000098,222,11,472,7,4,9,Orion WorkCenter 98,WorkCenter starter record 98,144.2600,144.26,103.0000,103.0000,1,1,1,1,2026-08-24T00:00:00.000,2018-01-01T00:00:00.000,9999-12-31T00:00:00.000,1,de5b4be2243e5ff0a65064e2d7db51ccde5b4be2243e5ff0a65064e2d7db51cc
99,WC000099,377,7,351,1,1,8,Zenith WorkCenter 99,WorkCenter starter record 99,145.6300,145.63,104.0000,104.0000,1,1,1,1,2026-08-24T00:00:00.000,2018-01-01T00:00:00.000,9999-12-31T00:00:00.000,1,e002deef33e559ec82dd57b25bc20361e002deef33e559ec82dd57b25bc20361
100,WC000100,29,6,344,7,4,8,Atlas WorkCenter 100,WorkCenter starter record 100,147.0000,147.00,105.0000,105.0000,0,0,1,1,2026-08-24T00:00:00.000,2018-01-01T00:00:00.000,9999-12-31T00:00:00.000,1,11808f0d390651019b5b1ed11c495af811808f0d390651019b5b1ed11c495af8
101,WC000101,124,18,479,6,4,10,Delta WorkCenter 101,WorkCenter starter record 101,148.3700,148.37,106.0000,106.0000,1,1,1,1,2026-08-24T00:00:00.000,2018-01-01T00:00:00.000,9999-12-31T00:00:00.000,1,dbdc885ccea05d4a8316ce812e93bf36dbdc885ccea05d4a8316ce812e93bf36
102,WC000102,453,11,322,6,2,9,Keystone WorkCenter 102,WorkCenter starter record 102,149.7400,149.74,107.0000,107.0000,1,1,1,1,2026-08-24T00:00:00.000,2018-01-01T00:00:00.000,9999-12-31T00:00:00.000,1,729e701b204951b88d685a46e13a4c85729e701b204951b88d685a46e13a4c85
103,WC000103,488,36,249,7,3,3,Unity WorkCenter 103,WorkCenter starter record 103,151.1100,151.11,108.0000,108.0000,1,1,1,1,2026-08-24T00:00:00.000,2018-01-01T00:00:00.000,9999-12-31T00:00:00.000,1,20eb2eb389b25922a9a0d83cb414776a20eb2eb389b25922a9a0d83cb414776a
104,WC000104,191,39,356,1,4,5,Keystone WorkCenter 104,WorkCenter starter record 104,152.4800,152.48,109.0000,109.0000,1,1,1,1,2026-08-24T00:00:00.000,2018-01-01T00:00:00.000,9999-12-31T00:00:00.000,1,4ded37ab7d0f59ca91e5888d9bf3cff94ded37ab7d0f59ca91e5888d9bf3cff9
105,WC000105,470,14,347,4,2,12,Ion WorkCenter 105,WorkCenter starter record 105,153.8500,153.85,110.0000,110.0000,0,0,1,1,2026-08-24T00:00:00.000,2018-01-01T00:00:00.000,9999-12-31T00:00:00.000,1,656f57302d8c5277a9c47adc175ae12a656f57302d8c5277a9c47adc175ae12a
106,WC000106,243,40,233,6,2,12,Riverton WorkCenter 106,WorkCenter starter record 106,155.2200,155.22,111.0000,111.0000,1,1,1,1,2026-08-24T00:00:00.000,2018-01-01T00:00:00.000,9999-12-31T00:00:00.000,1,85a85616dba2534e934f79dfd085edcf85a85616dba2534e934f79dfd085edcf
107,WC000107,136,20,441,3,3,3,Beacon WorkCenter 107,WorkCenter starter record 107,156.5900,156.59,112.0000,112.0000,1,1,1,1,2026-08-24T00:00:00.000,2018-01-01T00:00:00.000,9999-12-31T00:00:00.000,1,601ac1e93e4f5536ab9d0948b2cca27d601ac1e93e4f5536ab9d0948b2cca27d
108,WC000108,71,10,449,1,2,5,Beacon WorkCenter 108,WorkCenter starter record 108,157.9600,157.96,113.0000,113.0000,1,1,1,1,2026-08-24T00:00:00.000,2018-01-01T00:00:00.000,9999-12-31T00:00:00.000,1,ba0aa65880da59dda7df1c4acdc98b2bba0aa65880da59dda7df1c4acdc98b2b
109,WC000109,107,25,464,1,2,8,Harbor WorkCenter 109,WorkCenter starter record 109,159.3300,159.33,114.0000,114.0000,1,1,1,1,2026-08-24T00:00:00.000,2018-01-01T00:00:00.000,9999-12-31T00:00:00.000,1,362961360f7d57918dfdf25ed8dbb060362961360f7d57918dfdf25ed8dbb060
110,WC000110,51,15,243,7,1,10,Ion WorkCenter 110,WorkCenter starter record 110,160.7000,160.70,115.0000,115.0000,0,0,1,1,2026-08-24T00:00:00.000,2018-01-01T00:00:00.000,9999-12-31T00:00:00.000,1,d459a18720385fcc849259d6d8db9e32d459a18720385fcc849259d6d8db9e32
111,WC000111,214,34,18,2,2,7,Quartz WorkCenter 111,WorkCenter starter record 111,162.0700,162.07,116.0000,116.0000,1,1,1,1,2026-08-24T00:00:00.000,2018-01-01T00:00:00.000,9999-12-31T00:00:00.000,1,be0ca04ea92d5df79ae3ed9000396f05be0ca04ea92d5df79ae3ed9000396f05
112,WC000112,97,20,56,3,4,1,Cedar WorkCenter 112,WorkCenter starter record 112,163.4400,163.44,117.0000,117.0000,1,1,1,1,2026-08-24T00:00:00.000,2018-01-01T00:00:00.000,9999-12-31T00:00:00.000,1,450483943f6f56918fe03df5105f55b0450483943f6f56918fe03df5105f55b0
113,WC000113,456,18,374,2,3,1,Beacon WorkCenter 113,WorkCenter starter record 113,164.8100,164.81,118.0000,118.0000,1,1,1,1,2026-08-24T00:00:00.000,2018-01-01T00:00:00.000,9999-12-31T00:00:00.000,1,0b359e22aa0656aeaa5b11a2ef41d7790b359e22aa0656aeaa5b11a2ef41d779
114,WC000114,491,23,261,1,1,10,Meridian WorkCenter 114,WorkCenter starter record 114,166.1800,166.18,119.0000,119.0000,1,1,1,1,2026-08-24T00:00:00.000,2018-01-01T00:00:00.000,9999-12-31T00:00:00.000,1,670b13e635c551d2bb00d493691adc03670b13e635c551d2bb00d493691adc03
115,WC000115,28,37,173,5,1,11,Northstar WorkCenter 115,WorkCenter starter record 115,167.5500,167.55,120.0000,120.0000,0,0,1,1,2026-08-24T00:00:00.000,2018-01-01T00:00:00.000,9999-12-31T00:00:00.000,1,29b688b6fd8f58eb993ac148dd23b34129b688b6fd8f58eb993ac148dd23b341
116,WC000116,248,3,78,5,3,8,Harbor WorkCenter 116,WorkCenter starter record 116,168.9200,168.92,121.0000,121.0000,1,1,1,1,2026-08-24T00:00:00.000,2018-01-01T00:00:00.000,9999-12-31T00:00:00.000,1,4e4db2041e565429af6451b6443ba8f24e4db2041e565429af6451b6443ba8f2
117,WC000117,243,9,380,6,2,9,Orion WorkCenter 117,WorkCenter starter record 117,170.2900,170.29,122.0000,122.0000,1,1,1,1,2026-08-24T00:00:00.000,2018-01-01T00:00:00.000,9999-12-31T00:00:00.000,1,5597f3c07e9a5e2aaa18b3daea93b36a5597f3c07e9a5e2aaa18b3daea93b36a
118,WC000118,163,23,20,1,1,3,Willow WorkCenter 118,WorkCenter starter record 118,171.6600,171.66,123.0000,123.0000,1,1,1,1,2026-08-24T00:00:00.000,2018-01-01T00:00:00.000,9999-12-31T00:00:00.000,1,858e1c85e0605bc2a268de08cdc41ea0858e1c85e0605bc2a268de08cdc41ea0
119,WC000119,334,25,314,4,4,12,Keystone WorkCenter 119,WorkCenter starter record 119,173.0300,173.03,124.0000,124.0000,1,1,1,1,2026-08-24T00:00:00.000,2018-01-01T00:00:00.000,9999-12-31T00:00:00.000,1,9110174abfb05f4a95422678f9856e9a9110174abfb05f4a95422678f9856e9a
120,WC000120,376,38,193,7,4,5,Riverton WorkCenter 120,WorkCenter starter record 120,174.4000,174.40,125.0000,125.0000,0,0,1,1,2026-08-24T00:00:00.000,2018-01-01T00:00:00.000,9999-12-31T00:00:00.000,1,b8bf8d0356ac55a0a7fcaa1d598b7fa6b8bf8d0356ac55a0a7fcaa1d598b7fa6
121,WC000121,111,40,242,1,1,2,Evergreen WorkCenter 121,WorkCenter starter record 121,175.7700,175.77,126.0000,126.0000,1,1,1,1,2026-08-24T00:00:00.000,2018-01-01T00:00:00.000,9999-12-31T00:00:00.000,1,c67e937cb5bd525fb5c9ee6cfde057a3c67e937cb5bd525fb5c9ee6cfde057a3
122,WC000122,436,29,68,1,2,3,Atlas WorkCenter 122,WorkCenter starter record 122,177.1400,177.14,127.0000,127.0000,1,1,1,1,2026-08-24T00:00:00.000,2018-01-01T00:00:00.000,9999-12-31T00:00:00.000,1,cd14e4eec7bb5a799c523f3b2a3eb8efcd14e4eec7bb5a799c523f3b2a3eb8ef
123,WC000123,279,28,204,6,4,10,Cedar WorkCenter 123,WorkCenter starter record 123,178.5100,178.51,128.0000,128.0000,1,1,1,1,2026-08-24T00:00:00.000,2018-01-01T00:00:00.000,9999-12-31T00:00:00.000,1,5b1a3269c89a531880e8022ef98fc1e55b1a3269c89a531880e8022ef98fc1e5
124,WC000124,389,16,319,7,2,1,Atlas WorkCenter 124,WorkCenter starter record 124,179.8800,179.88,129.0000,129.0000,1,1,1,1,2026-08-24T00:00:00.000,2018-01-01T00:00:00.000,9999-12-31T00:00:00.000,1,b89d27e5d73357b589e066cf671c9222b89d27e5d73357b589e066cf671c9222
125,WC000125,421,29,148,1,2,7,Quartz WorkCenter 125,WorkCenter starter record 125,181.2500,181.25,130.0000,130.0000,0,0,1,1,2026-08-24T00:00:00.000,2018-01-01T00:00:00.000,9999-12-31T00:00:00.000,1,38208892939b53cf9a7598d8ab8de32238208892939b53cf9a7598d8ab8de322
126,WC000126,254,25,33,6,1,1,Ion WorkCenter 126,WorkCenter starter record 126,182.6200,182.62,131.0000,131.0000,1,1,1,1,2026-08-24T00:00:00.000,2018-01-01T00:00:00.000,9999-12-31T00:00:00.000,1,83cdb4c259225f26a4c0ed257ef7623383cdb4c259225f26a4c0ed257ef76233
127,WC000127,141,12,389,5,4,11,Unity WorkCenter 127,WorkCenter starter record 127,183.9900,183.99,132.0000,132.0000,1,1,1,1,2026-08-24T00:00:00.000,2018-01-01T00:00:00.000,9999-12-31T00:00:00.000,1,9d4b974c8cf35dd38763a58b083a99829d4b974c8cf35dd38763a58b083a9982
128,WC000128,239,12,31,6,3,9,Atlas WorkCenter 128,WorkCenter starter record 128,185.3600,185.36,133.0000,133.0000,1,1,1,1,2026-08-24T00:00:00.000,2018-01-01T00:00:00.000,9999-12-31T00:00:00.000,1,20eb405b3a965e15b7cd81df749b89ef20eb405b3a965e15b7cd81df749b89ef
129,WC000129,313,2,138,2,2,7,Granite WorkCenter 129,WorkCenter starter record 129,186.7300,186.73,134.0000,134.0000,1,1,1,1,2026-08-24T00:00:00.000,2018-01-01T00:00:00.000,9999-12-31T00:00:00.000,1,e9e8c90ac3845b1d82c53f9e430fedefe9e8c90ac3845b1d82c53f9e430fedef
130,WC000130,74,7,91,6,3,12,Harbor WorkCenter 130,WorkCenter starter record 130,188.1000,188.10,135.0000,135.0000,0,0,1,1,2026-08-24T00:00:00.000,2018-01-01T00:00:00.000,9999-12-31T00:00:00.000,1,285a98b408de5925b029b66119fc1564285a98b408de5925b029b66119fc1564
131,WC000131,316,2,461,6,4,10,Atlas WorkCenter 131,WorkCenter starter record 131,189.4700,189.47,136.0000,136.0000,1,1,1,1,2026-08-24T00:00:00.000,2018-01-01T00:00:00.000,9999-12-31T00:00:00.000,1,02fb1ddf26e05facbd47ea94cd4cc0bd02fb1ddf26e05facbd47ea94cd4cc0bd
132,WC000132,101,10,54,1,3,5,Junction WorkCenter 132,WorkCenter starter record 132,190.8400,190.84,137.0000,137.0000,1,1,1,1,2026-08-24T00:00:00.000,2018-01-01T00:00:00.000,9999-12-31T00:00:00.000,1,50ec64d861135b07b1ad14ab0e10f6f550ec64d861135b07b1ad14ab0e10f6f5
133,WC000133,314,15,264,7,1,12,Willow WorkCenter 133,WorkCenter starter record 133,192.2100,192.21,138.0000,138.0000,1,1,1,1,2026-08-24T00:00:00.000,2018-01-01T00:00:00.000,9999-12-31T00:00:00.000,1,226e347887275ed19a7d053a04cd5e32226e347887275ed19a7d053a04cd5e32
134,WC000134,366,6,47,7,2,8,Meridian WorkCenter 134,WorkCenter starter record 134,193.5800,193.58,139.0000,139.0000,1,1,1,1,2026-08-24T00:00:00.000,2018-01-01T00:00:00.000,9999-12-31T00:00:00.000,1,7dff12822d6a59868a75e463afdb79617dff12822d6a59868a75e463afdb7961
135,WC000135,78,33,25,1,1,6,Riverton WorkCenter 135,WorkCenter starter record 135,194.9500,194.95,140.0000,140.0000,0,0,1,1,2026-08-24T00:00:00.000,2018-01-01T00:00:00.000,9999-12-31T00:00:00.000,1,2a24fd55533a567f8d13d07c845175722a24fd55533a567f8d13d07c84517572
136,WC000136,93,19,144,6,4,3,Beacon WorkCenter 136,WorkCenter starter record 136,196.3200,196.32,141.0000,141.0000,1,1,1,1,2026-08-24T00:00:00.000,2018-01-01T00:00:00.000,9999-12-31T00:00:00.000,1,ff96a69c44a95fb8b05a5d8412a20e6bff96a69c44a95fb8b05a5d8412a20e6b
137,WC000137,310,21,414,3,2,11,Vertex WorkCenter 137,WorkCenter starter record 137,197.6900,197.69,142.0000,142.0000,1,1,1,1,2026-08-24T00:00:00.000,2018-01-01T00:00:00.000,9999-12-31T00:00:00.000,1,9786398b54155057808cbfb0fb805cfe9786398b54155057808cbfb0fb805cfe
138,WC000138,80,31,451,4,4,5,Beacon WorkCenter 138,WorkCenter starter record 138,199.0600,199.06,143.0000,143.0000,1,1,1,1,2026-08-24T00:00:00.000,2018-01-01T00:00:00.000,9999-12-31T00:00:00.000,1,b452c7994cfd56cf8eed8d9371c72320b452c7994cfd56cf8eed8d9371c72320
139,WC000139,242,4,79,4,2,2,Orion WorkCenter 139,WorkCenter starter record 139,200.4300,200.43,144.0000,144.0000,1,1,1,1,2026-08-24T00:00:00.000,2018-01-01T00:00:00.000,9999-12-31T00:00:00.000,1,8ee5c6d2881654558e2680ec5e05c6538ee5c6d2881654558e2680ec5e05c653
140,WC000140,492,40,109,2,4,6,Keystone WorkCenter 140,WorkCenter starter record 140,201.8000,201.80,145.0000,145.0000,0,0,1,1,2026-08-24T00:00:00.000,2018-01-01T00:00:00.000,9999-12-31T00:00:00.000,1,cc4bff6573e95be89becdad230232131cc4bff6573e95be89becdad230232131
141,WC000141,35,12,273,2,4,3,Unity WorkCenter 141,WorkCenter starter record 141,203.1700,203.17,146.0000,146.0000,1,1,1,1,2026-08-24T00:00:00.000,2018-01-01T00:00:00.000,9999-12-31T00:00:00.000,1,f84b08507fb75854b5bd9cfb37a9b724f84b08507fb75854b5bd9cfb37a9b724
142,WC000142,250,2,415,3,3,11,Harbor WorkCenter 142,WorkCenter starter record 142,204.5400,204.54,147.0000,147.0000,1,1,1,1,2026-08-24T00:00:00.000,2018-01-01T00:00:00.000,9999-12-31T00:00:00.000,1,0bc24569dc995ddc97adb7c29a1c62cf0bc24569dc995ddc97adb7c29a1c62cf
143,WC000143,144,5,146,2,4,12,Vertex WorkCenter 143,WorkCenter starter record 143,205.9100,205.91,148.0000,148.0000,1,1,1,1,2026-08-24T00:00:00.000,2018-01-01T00:00:00.000,9999-12-31T00:00:00.000,1,2241238fa4a05b5daacf63cf91e160ef2241238fa4a05b5daacf63cf91e160ef
144,WC000144,431,13,99,3,1,10,Cedar WorkCenter 144,WorkCenter starter record 144,207.2800,207.28,149.0000,149.0000,1,1,1,1,2026-08-24T00:00:00.000,2018-01-01T00:00:00.000,9999-12-31T00:00:00.000,1,05a95953f9aa5f6a9b065785c8f5bed605a95953f9aa5f6a9b065785c8f5bed6
145,WC000145,246,10,47,3,3,12,Junction WorkCenter 145,WorkCenter starter record 145,208.6500,208.65,150.0000,150.0000,0,0,1,1,2026-08-24T00:00:00.000,2018-01-01T00:00:00.000,9999-12-31T00:00:00.000,1,2b8b71485b955bba9fae44d3c647273e2b8b71485b955bba9fae44d3c647273e
146,WC000146,160,22,15,6,1,2,Summit WorkCenter 146,WorkCenter starter record 146,210.0200,210.02,151.0000,151.0000,1,1,1,1,2026-08-24T00:00:00.000,2018-01-01T00:00:00.000,9999-12-31T00:00:00.000,1,8ad79d44e0d25c1a8c97bc50f599f39d8ad79d44e0d25c1a8c97bc50f599f39d
147,WC000147,165,23,243,1,4,11,Evergreen WorkCenter 147,WorkCenter starter record 147,211.3900,211.39,152.0000,152.0000,1,1,1,1,2026-08-24T00:00:00.000,2018-01-01T00:00:00.000,9999-12-31T00:00:00.000,1,e9263be4b6dd594295eedeb118e13ea0e9263be4b6dd594295eedeb118e13ea0
148,WC000148,337,12,486,5,2,11,Granite WorkCenter 148,WorkCenter starter record 148,212.7600,212.76,153.0000,153.0000,1,1,1,1,2026-08-24T00:00:00.000,2018-01-01T00:00:00.000,9999-12-31T00:00:00.000,1,cd3e627c4a47528e9fa4402e67bc37b0cd3e627c4a47528e9fa4402e67bc37b0
149,WC000149,439,2,409,1,2,12,Summit WorkCenter 149,WorkCenter starter record 149,214.1300,214.13,154.0000,154.0000,1,1,1,1,2026-08-24T00:00:00.000,2018-01-01T00:00:00.000,9999-12-31T00:00:00.000,1,408eb2c6452f54c7b8000345c9957a52408eb2c6452f54c7b8000345c9957a52
150,WC000150,101,14,194,6,2,8,Cedar WorkCenter 150,WorkCenter starter record 150,215.5000,215.50,155.0000,155.0000,0,0,1,1,2026-08-24T00:00:00.000,2018-01-01T00:00:00.000,9999-12-31T00:00:00.000,1,0f19d33bc9bd58bd8dd0319fe1f1217a0f19d33bc9bd58bd8dd0319fe1f1217a
151,WC000151,145,6,177,6,3,2,Evergreen WorkCenter 151,WorkCenter starter record 151,216.8700,216.87,156.0000,156.0000,1,1,1,1,2026-08-24T00:00:00.000,2018-01-01T00:00:00.000,9999-12-31T00:00:00.000,1,acb59c0219045fefbdc87794be403780acb59c0219045fefbdc87794be403780
152,WC000152,327,36,125,5,1,1,Vertex WorkCenter 152,WorkCenter starter record 152,218.2400,218.24,157.0000,157.0000,1,1,1,1,2026-08-24T00:00:00.000,2018-01-01T00:00:00.000,9999-12-31T00:00:00.000,1,ba422496a87c5e0c8ed25a38f55098e0ba422496a87c5e0c8ed25a38f55098e0
153,WC000153,254,5,386,2,2,1,Granite WorkCenter 153,WorkCenter starter record 153,219.6100,219.61,158.0000,158.0000,1,1,1,1,2026-08-24T00:00:00.000,2018-01-01T00:00:00.000,9999-12-31T00:00:00.000,1,85b181574dcc5a1fb505394a7296423785b181574dcc5a1fb505394a72964237
154,WC000154,124,10,114,1,2,7,Atlas WorkCenter 154,WorkCenter starter record 154,220.9800,220.98,159.0000,159.0000,1,1,1,1,2026-08-24T00:00:00.000,2018-01-01T00:00:00.000,9999-12-31T00:00:00.000,1,8bffc4996d875c9b9909960b8bd340ce8bffc4996d875c9b9909960b8bd340ce
155,WC000155,340,32,389,5,3,11,Titan WorkCenter 155,WorkCenter starter record 155,222.3500,222.35,160.0000,160.0000,0,0,1,1,2026-08-24T00:00:00.000,2018-01-01T00:00:00.000,9999-12-31T00:00:00.000,1,76a88c23b069550b9d7d57ed92955e3e76a88c23b069550b9d7d57ed92955e3e
156,WC000156,307,28,225,5,4,10,Orion WorkCenter 156,WorkCenter starter record 156,223.7200,223.72,161.0000,161.0000,1,1,1,1,2026-08-24T00:00:00.000,2018-01-01T00:00:00.000,9999-12-31T00:00:00.000,1,c3f71e5e0830542c827b240ac0be4638c3f71e5e0830542c827b240ac0be4638
157,WC000157,360,37,188,6,1,3,Keystone WorkCenter 157,WorkCenter starter record 157,225.0900,225.09,162.0000,162.0000,1,1,1,1,2026-08-24T00:00:00.000,2018-01-01T00:00:00.000,9999-12-31T00:00:00.000,1,f2feb446005a507a843e090c05c7d1cbf2feb446005a507a843e090c05c7d1cb
158,WC000158,349,9,64,1,2,2,Junction WorkCenter 158,WorkCenter starter record 158,226.4600,226.46,163.0000,163.0000,1,1,1,1,2026-08-24T00:00:00.000,2018-01-01T00:00:00.000,9999-12-31T00:00:00.000,1,6f9b091302dc5dee8001a35a821281146f9b091302dc5dee8001a35a82128114
159,WC000159,324,5,495,7,3,3,Zenith WorkCenter 159,WorkCenter starter record 159,227.8300,227.83,164.0000,164.0000,1,1,1,1,2026-08-24T00:00:00.000,2018-01-01T00:00:00.000,9999-12-31T00:00:00.000,1,d36e70639e185869b9969905094e800ed36e70639e185869b9969905094e800e
160,WC000160,353,15,73,7,1,1,Riverton WorkCenter 160,WorkCenter starter record 160,229.2000,229.20,165.0000,165.0000,0,0,1,1,2026-08-24T00:00:00.000,2018-01-01T00:00:00.000,9999-12-31T00:00:00.000,1,30d20efd34405abeab0590909ba51fb730d20efd34405abeab0590909ba51fb7
161,WC000161,269,7,48,3,3,9,Summit WorkCenter 161,WorkCenter starter record 161,230.5700,230.57,166.0000,166.0000,1,1,1,1,2026-08-24T00:00:00.000,2018-01-01T00:00:00.000,9999-12-31T00:00:00.000,1,095e67eb6a44502dacafad2a15819a9a095e67eb6a44502dacafad2a15819a9a
162,WC000162,484,3,69,5,1,6,Delta WorkCenter 162,WorkCenter starter record 162,231.9400,231.94,167.0000,167.0000,1,1,1,1,2026-08-24T00:00:00.000,2018-01-01T00:00:00.000,9999-12-31T00:00:00.000,1,e11c1fee77e35ad1824190bb40b4dfdfe11c1fee77e35ad1824190bb40b4dfdf
163,WC000163,409,39,238,3,3,7,Riverton WorkCenter 163,WorkCenter starter record 163,233.3100,233.31,168.0000,168.0000,1,1,1,1,2026-08-24T00:00:00.000,2018-01-01T00:00:00.000,9999-12-31T00:00:00.000,1,cad2345c4af8561baccbeddd0917d3d7cad2345c4af8561baccbeddd0917d3d7
164,WC000164,2,30,114,5,4,10,Quartz WorkCenter 164,WorkCenter starter record 164,234.6800,234.68,169.0000,169.0000,1,1,1,1,2026-08-24T00:00:00.000,2018-01-01T00:00:00.000,9999-12-31T00:00:00.000,1,b7dd21a446375ded9b9befd3d918793cb7dd21a446375ded9b9befd3d918793c
165,WC000165,47,22,396,2,4,10,Zenith WorkCenter 165,WorkCenter starter record 165,236.0500,236.05,170.0000,170.0000,0,0,1,1,2026-08-24T00:00:00.000,2018-01-01T00:00:00.000,9999-12-31T00:00:00.000,1,28474c9b76145fc5a27d83369f21388928474c9b76145fc5a27d83369f213889
166,WC000166,350,11,499,6,3,11,Willow WorkCenter 166,WorkCenter starter record 166,237.4200,237.42,171.0000,171.0000,1,1,1,1,2026-08-24T00:00:00.000,2018-01-01T00:00:00.000,9999-12-31T00:00:00.000,1,84bd3a5ca9305aa982b9167980dc6e4a84bd3a5ca9305aa982b9167980dc6e4a
167,WC000167,249,9,109,7,2,1,Summit WorkCenter 167,WorkCenter starter record 167,238.7900,238.79,172.0000,172.0000,1,1,1,1,2026-08-24T00:00:00.000,2018-01-01T00:00:00.000,9999-12-31T00:00:00.000,1,01178418f9bf521db790a028320588c401178418f9bf521db790a028320588c4
168,WC000168,205,32,408,6,3,9,Evergreen WorkCenter 168,WorkCenter starter record 168,240.1600,240.16,173.0000,173.0000,1,1,1,1,2026-08-24T00:00:00.000,2018-01-01T00:00:00.000,9999-12-31T00:00:00.000,1,4a49fdf8b7c2523eb1f1c7a9cd3417344a49fdf8b7c2523eb1f1c7a9cd341734
169,WC000169,78,9,54,6,4,2,Riverton WorkCenter 169,WorkCenter starter record 169,241.5300,241.53,174.0000,174.0000,1,1,1,1,2026-08-24T00:00:00.000,2018-01-01T00:00:00.000,9999-12-31T00:00:00.000,1,f7212d84279c5a15a61906133b7342ebf7212d84279c5a15a61906133b7342eb
170,WC000170,23,26,226,2,1,6,Liberty WorkCenter 170,WorkCenter starter record 170,242.9000,242.90,175.0000,175.0000,0,0,1,1,2026-08-24T00:00:00.000,2018-01-01T00:00:00.000,9999-12-31T00:00:00.000,1,745e8a97cf9054bc9af831d3647e30e5745e8a97cf9054bc9af831d3647e30e5
171,WC000171,179,15,221,6,1,2,Ion WorkCenter 171,WorkCenter starter record 171,244.2700,244.27,176.0000,176.0000,1,1,1,1,2026-08-24T00:00:00.000,2018-01-01T00:00:00.000,9999-12-31T00:00:00.000,1,946e60f9715758bbae1d8ff0ff9fe512946e60f9715758bbae1d8ff0ff9fe512
172,WC000172,295,40,398,6,3,5,Keystone WorkCenter 172,WorkCenter starter record 172,245.6400,245.64,177.0000,177.0000,1,1,1,1,2026-08-24T00:00:00.000,2018-01-01T00:00:00.000,9999-12-31T00:00:00.000,1,7cf61b75a9105e99aa0eb637ca1c5a337cf61b75a9105e99aa0eb637ca1c5a33
173,WC000173,274,37,164,6,3,9,Riverton WorkCenter 173,WorkCenter starter record 173,247.0100,247.01,178.0000,178.0000,1,1,1,1,2026-08-24T00:00:00.000,2018-01-01T00:00:00.000,9999-12-31T00:00:00.000,1,32f2577665dc575fb6ef13f04bfb6dd032f2577665dc575fb6ef13f04bfb6dd0
174,WC000174,254,32,83,4,2,6,Beacon WorkCenter 174,WorkCenter starter record 174,248.3800,248.38,179.0000,179.0000,1,1,1,1,2026-08-24T00:00:00.000,2018-01-01T00:00:00.000,9999-12-31T00:00:00.000,1,c03c6305b44c552598c8bbdc6993e77ac03c6305b44c552598c8bbdc6993e77a
175,WC000175,433,26,111,5,3,5,Delta WorkCenter 175,WorkCenter starter record 175,249.7500,249.75,180.0000,180.0000,0,0,1,1,2026-08-24T00:00:00.000,2018-01-01T00:00:00.000,9999-12-31T00:00:00.000,1,49c0838498215abc80c5e807098dc78149c0838498215abc80c5e807098dc781
176,WC000176,367,12,451,6,1,5,Riverton WorkCenter 176,WorkCenter starter record 176,251.1200,251.12,181.0000,181.0000,1,1,1,1,2026-08-24T00:00:00.000,2018-01-01T00:00:00.000,9999-12-31T00:00:00.000,1,c6d3e81acc8755f3bdfc491572fed843c6d3e81acc8755f3bdfc491572fed843
177,WC000177,243,16,314,2,1,4,Unity WorkCenter 177,WorkCenter starter record 177,252.4900,252.49,182.0000,182.0000,1,1,1,1,2026-08-24T00:00:00.000,2018-01-01T00:00:00.000,9999-12-31T00:00:00.000,1,67e179a049915f379963ab2e847e08bd67e179a049915f379963ab2e847e08bd
178,WC000178,474,30,473,2,3,1,Meridian WorkCenter 178,WorkCenter starter record 178,253.8600,253.86,183.0000,183.0000,1,1,1,1,2026-08-24T00:00:00.000,2018-01-01T00:00:00.000,9999-12-31T00:00:00.000,1,566db8c3e18f590f8c4a21da2f18e909566db8c3e18f590f8c4a21da2f18e909
179,WC000179,158,33,331,5,2,6,Summit WorkCenter 179,WorkCenter starter record 179,255.2300,255.23,184.0000,184.0000,1,1,1,1,2026-08-24T00:00:00.000,2018-01-01T00:00:00.000,9999-12-31T00:00:00.000,1,38ef44cc09965fb2b0560ac9db9917f938ef44cc09965fb2b0560ac9db9917f9
180,WC000180,42,28,143,3,1,1,Zenith WorkCenter 180,WorkCenter starter record 180,256.6000,256.60,185.0000,185.0000,0,0,1,1,2026-08-24T00:00:00.000,2018-01-01T00:00:00.000,9999-12-31T00:00:00.000,1,b2ece548a0315b20ada73c12b6865f72b2ece548a0315b20ada73c12b6865f72
181,WC000181,107,35,464,4,3,9,Beacon WorkCenter 181,WorkCenter starter record 181,257.9700,257.97,186.0000,186.0000,1,1,1,1,2026-08-24T00:00:00.000,2018-01-01T00:00:00.000,9999-12-31T00:00:00.000,1,39ea4e8f1e9853238ae1cc0eb7607f3a39ea4e8f1e9853238ae1cc0eb7607f3a
182,WC000182,264,29,20,2,2,7,Pioneer WorkCenter 182,WorkCenter starter record 182,259.3400,259.34,187.0000,187.0000,1,1,1,1,2026-08-24T00:00:00.000,2018-01-01T00:00:00.000,9999-12-31T00:00:00.000,1,17749115f9aa53a49d38601e1976e96517749115f9aa53a49d38601e1976e965
183,WC000183,10,31,169,5,3,10,Titan WorkCenter 183,WorkCenter starter record 183,260.7100,260.71,188.0000,188.0000,1,1,1,1,2026-08-24T00:00:00.000,2018-01-01T00:00:00.000,9999-12-31T00:00:00.000,1,c10c9925767d5eb6b39cce29ce5b5975c10c9925767d5eb6b39cce29ce5b5975
184,WC000184,76,23,369,6,1,3,Summit WorkCenter 184,WorkCenter starter record 184,262.0800,262.08,189.0000,189.0000,1,1,1,1,2026-08-24T00:00:00.000,2018-01-01T00:00:00.000,9999-12-31T00:00:00.000,1,b3d0e29e9a0c5418b63972624916a04ab3d0e29e9a0c5418b63972624916a04a
185,WC000185,221,35,20,4,2,2,Harbor WorkCenter 185,WorkCenter starter record 185,263.4500,263.45,190.0000,190.0000,0,0,1,1,2026-08-24T00:00:00.000,2018-01-01T00:00:00.000,9999-12-31T00:00:00.000,1,1f99e8b6b4ed5a018312ed4111775de71f99e8b6b4ed5a018312ed4111775de7
186,WC000186,427,1,389,7,4,3,Meridian WorkCenter 186,WorkCenter starter record 186,264.8200,264.82,191.0000,191.0000,1,1,1,1,2026-08-24T00:00:00.000,2018-01-01T00:00:00.000,9999-12-31T00:00:00.000,1,7be1a62b05e0571e865af470ad05fd777be1a62b05e0571e865af470ad05fd77
187,WC000187,139,13,246,6,3,6,Liberty WorkCenter 187,WorkCenter starter record 187,266.1900,266.19,192.0000,192.0000,1,1,1,1,2026-08-24T00:00:00.000,2018-01-01T00:00:00.000,9999-12-31T00:00:00.000,1,0f6f0c63a51e57469cc2cb57c14451d90f6f0c63a51e57469cc2cb57c14451d9
188,WC000188,175,22,466,6,1,11,Forge WorkCenter 188,WorkCenter starter record 188,267.5600,267.56,193.0000,193.0000,1,1,1,1,2026-08-24T00:00:00.000,2018-01-01T00:00:00.000,9999-12-31T00:00:00.000,1,917a0929560859c796e262aeeeaaf225917a0929560859c796e262aeeeaaf225
189,WC000189,88,4,397,7,4,9,Meridian WorkCenter 189,WorkCenter starter record 189,268.9300,268.93,194.0000,194.0000,1,1,1,1,2026-08-24T00:00:00.000,2018-01-01T00:00:00.000,9999-12-31T00:00:00.000,1,b9499598dc63512391ae7da36c0c775eb9499598dc63512391ae7da36c0c775e
190,WC000190,472,37,325,4,2,10,Granite WorkCenter 190,WorkCenter starter record 190,270.3000,270.30,195.0000,195.0000,0,0,1,1,2026-08-24T00:00:00.000,2018-01-01T00:00:00.000,9999-12-31T00:00:00.000,1,8580adda534752e2adf02c177f435cd78580adda534752e2adf02c177f435cd7
191,WC000191,106,8,9,4,4,4,Cedar WorkCenter 191,WorkCenter starter record 191,271.6700,271.67,196.0000,196.0000,1,1,1,1,2026-08-24T00:00:00.000,2018-01-01T00:00:00.000,9999-12-31T00:00:00.000,1,7a0150412e8750d18a1367ecb3c8ccc37a0150412e8750d18a1367ecb3c8ccc3
192,WC000192,278,39,345,6,1,7,Atlas WorkCenter 192,WorkCenter starter record 192,273.0400,273.04,197.0000,197.0000,1,1,1,1,2026-08-24T00:00:00.000,2018-01-01T00:00:00.000,9999-12-31T00:00:00.000,1,2de3bc1921ae5ff3bd89afd9c41bdf892de3bc1921ae5ff3bd89afd9c41bdf89
193,WC000193,104,6,376,7,1,11,Quartz WorkCenter 193,WorkCenter starter record 193,274.4100,274.41,198.0000,198.0000,1,1,1,1,2026-08-24T00:00:00.000,2018-01-01T00:00:00.000,9999-12-31T00:00:00.000,1,e94be196940f5951b9c65279f77f1606e94be196940f5951b9c65279f77f1606
194,WC000194,94,16,408,1,4,5,Meridian WorkCenter 194,WorkCenter starter record 194,275.7800,275.78,199.0000,199.0000,1,1,1,1,2026-08-24T00:00:00.000,2018-01-01T00:00:00.000,9999-12-31T00:00:00.000,1,ce1e28cb993956d195ec2ac920df55a0ce1e28cb993956d195ec2ac920df55a0
195,WC000195,362,14,252,7,2,2,Pioneer WorkCenter 195,WorkCenter starter record 195,277.1500,277.15,200.0000,200.0000,0,0,1,1,2026-08-24T00:00:00.000,2018-01-01T00:00:00.000,9999-12-31T00:00:00.000,1,37c96dce123e5891875a10eded98067337c96dce123e5891875a10eded980673
196,WC000196,211,29,207,7,1,1,Quartz WorkCenter 196,WorkCenter starter record 196,278.5200,278.52,201.0000,201.0000,1,1,1,1,2026-08-24T00:00:00.000,2018-01-01T00:00:00.000,9999-12-31T00:00:00.000,1,9507b911249954a7a4ad549ba86923029507b911249954a7a4ad549ba8692302
197,WC000197,193,21,236,4,3,12,Riverton WorkCenter 197,WorkCenter starter record 197,279.8900,279.89,202.0000,202.0000,1,1,1,1,2026-08-24T00:00:00.000,2018-01-01T00:00:00.000,9999-12-31T00:00:00.000,1,98019df6cf405a678ce80b34e376a6f998019df6cf405a678ce80b34e376a6f9
198,WC000198,275,11,159,1,1,5,Meridian WorkCenter 198,WorkCenter starter record 198,281.2600,281.26,203.0000,203.0000,1,1,1,1,2026-08-24T00:00:00.000,2018-01-01T00:00:00.000,9999-12-31T00:00:00.000,1,7f5417b2fefe55ce994a0af3a1d90cf77f5417b2fefe55ce994a0af3a1d90cf7
199,WC000199,278,19,402,4,1,6,Cedar WorkCenter 199,WorkCenter starter record 199,282.6300,282.63,204.0000,204.0000,1,1,1,1,2026-08-24T00:00:00.000,2018-01-01T00:00:00.000,9999-12-31T00:00:00.000,1,12537eea5bc152448d9f2dbd391493a512537eea5bc152448d9f2dbd391493a5
200,WC000200,309,34,203,2,2,5,Willow WorkCenter 200,WorkCenter starter record 200,284.0000,284.00,205.0000,205.0000,0,0,1,1,2026-08-24T00:00:00.000,2018-01-01T00:00:00.000,9999-12-31T00:00:00.000,1,85adb9d60a9d552c8c3f58b0b53f90f885adb9d60a9d552c8c3f58b0b53f90f8
201,WC000201,266,35,308,6,4,10,Ion WorkCenter 201,WorkCenter starter record 201,285.3700,285.37,206.0000,206.0000,1,1,1,1,2026-08-24T00:00:00.000,2018-01-01T00:00:00.000,9999-12-31T00:00:00.000,1,d597cded1cc45986af9ae31215df2f38d597cded1cc45986af9ae31215df2f38
202,WC000202,34,14,400,6,4,9,Forge WorkCenter 202,WorkCenter starter record 202,286.7400,286.74,207.0000,207.0000,1,1,1,1,2026-08-24T00:00:00.000,2018-01-01T00:00:00.000,9999-12-31T00:00:00.000,1,8534bded38675b8590ae74a22052af058534bded38675b8590ae74a22052af05
203,WC000203,474,25,126,3,3,6,Meridian WorkCenter 203,WorkCenter starter record 203,288.1100,288.11,208.0000,208.0000,1,1,1,1,2026-08-24T00:00:00.000,2018-01-01T00:00:00.000,9999-12-31T00:00:00.000,1,3ab404612de45a1389d29f3c7087a1c43ab404612de45a1389d29f3c7087a1c4
204,WC000204,361,7,365,5,4,8,Vertex WorkCenter 204,WorkCenter starter record 204,289.4800,289.48,209.0000,209.0000,1,1,1,1,2026-08-24T00:00:00.000,2018-01-01T00:00:00.000,9999-12-31T00:00:00.000,1,d73e43cb0d5a5b31ae853a1c2799e0c7d73e43cb0d5a5b31ae853a1c2799e0c7
205,WC000205,436,3,139,4,4,11,Ion WorkCenter 205,WorkCenter starter record 205,290.8500,290.85,210.0000,210.0000,0,0,1,1,2026-08-24T00:00:00.000,2018-01-01T00:00:00.000,9999-12-31T00:00:00.000,1,cfc7961e7b795c068e016874252c2ef8cfc7961e7b795c068e016874252c2ef8
206,WC000206,274,8,342,1,1,7,Junction WorkCenter 206,WorkCenter starter record 206,292.2200,292.22,211.0000,211.0000,1,1,1,1,2026-08-24T00:00:00.000,2018-01-01T00:00:00.000,9999-12-31T00:00:00.000,1,fcc876d4508d5e669856efb2113adb4ffcc876d4508d5e669856efb2113adb4f
207,WC000207,268,2,171,3,1,1,Unity WorkCenter 207,WorkCenter starter record 207,293.5900,293.59,212.0000,212.0000,1,1,1,1,2026-08-24T00:00:00.000,2018-01-01T00:00:00.000,9999-12-31T00:00:00.000,1,fee5d36c4c225bb4b58a6c08488cc696fee5d36c4c225bb4b58a6c08488cc696
208,WC000208,228,18,301,4,4,4,Pioneer WorkCenter 208,WorkCenter starter record 208,294.9600,294.96,213.0000,213.0000,1,1,1,1,2026-08-24T00:00:00.000,2018-01-01T00:00:00.000,9999-12-31T00:00:00.000,1,20455d5e62cd5b29910bc13dd2c53e6c20455d5e62cd5b29910bc13dd2c53e6c
209,WC000209,383,16,255,3,2,6,Forge WorkCenter 209,WorkCenter starter record 209,296.3300,296.33,214.0000,214.0000,1,1,1,1,2026-08-24T00:00:00.000,2018-01-01T00:00:00.000,9999-12-31T00:00:00.000,1,c21c05235fd15094b3be27b8e9363ec5c21c05235fd15094b3be27b8e9363ec5
210,WC000210,412,20,428,4,2,5,Cedar WorkCenter 210,WorkCenter starter record 210,297.7000,297.70,215.0000,215.0000,0,0,1,1,2026-08-24T00:00:00.000,2018-01-01T00:00:00.000,9999-12-31T00:00:00.000,1,35c4bef50b085ce9a1ea4ceb3ca4adde35c4bef50b085ce9a1ea4ceb3ca4adde
211,WC000211,96,34,233,5,1,2,Titan WorkCenter 211,WorkCenter starter record 211,299.0700,299.07,216.0000,216.0000,1,1,1,1,2026-08-24T00:00:00.000,2018-01-01T00:00:00.000,9999-12-31T00:00:00.000,1,b5269461af2a56e594a90a468b4da405b5269461af2a56e594a90a468b4da405
212,WC000212,127,25,338,6,4,11,Zenith WorkCenter 212,WorkCenter starter record 212,300.4400,300.44,217.0000,217.0000,1,1,1,1,2026-08-24T00:00:00.000,2018-01-01T00:00:00.000,9999-12-31T00:00:00.000,1,09837c65db0057ef9cbdf4a8fdfebb5a09837c65db0057ef9cbdf4a8fdfebb5a
213,WC000213,69,17,301,7,3,6,Keystone WorkCenter 213,WorkCenter starter record 213,301.8100,301.81,218.0000,218.0000,1,1,1,1,2026-08-24T00:00:00.000,2018-01-01T00:00:00.000,9999-12-31T00:00:00.000,1,1d03d375751c52d39f1e1d3eb76390101d03d375751c52d39f1e1d3eb7639010
214,WC000214,238,16,387,1,3,1,Zenith WorkCenter 214,WorkCenter starter record 214,303.1800,303.18,219.0000,219.0000,1,1,1,1,2026-08-24T00:00:00.000,2018-01-01T00:00:00.000,9999-12-31T00:00:00.000,1,d6c3057f781558fb86c447f3a25a8515d6c3057f781558fb86c447f3a25a8515
215,WC000215,154,20,276,2,2,1,Vertex WorkCenter 215,WorkCenter starter record 215,304.5500,304.55,220.0000,220.0000,0,0,1,1,2026-08-24T00:00:00.000,2018-01-01T00:00:00.000,9999-12-31T00:00:00.000,1,c16794b192b95d67a0c65997a616185cc16794b192b95d67a0c65997a616185c
216,WC000216,306,36,271,2,3,10,Keystone WorkCenter 216,WorkCenter starter record 216,305.9200,305.92,221.0000,221.0000,1,1,1,1,2026-08-24T00:00:00.000,2018-01-01T00:00:00.000,9999-12-31T00:00:00.000,1,a73cc21582d151c0801946ecd71c6a8da73cc21582d151c0801946ecd71c6a8d
217,WC000217,268,1,29,4,2,7,Orion WorkCenter 217,WorkCenter starter record 217,307.2900,307.29,222.0000,222.0000,1,1,1,1,2026-08-24T00:00:00.000,2018-01-01T00:00:00.000,9999-12-31T00:00:00.000,1,4cda92962a06567d9a244a17888b8d9c4cda92962a06567d9a244a17888b8d9c
218,WC000218,23,3,178,7,2,5,Granite WorkCenter 218,WorkCenter starter record 218,308.6600,308.66,223.0000,223.0000,1,1,1,1,2026-08-24T00:00:00.000,2018-01-01T00:00:00.000,9999-12-31T00:00:00.000,1,12f75da9868c53d587f7525a7f82f6a612f75da9868c53d587f7525a7f82f6a6
219,WC000219,281,21,58,7,4,7,Vertex WorkCenter 219,WorkCenter starter record 219,310.0300,310.03,224.0000,224.0000,1,1,1,1,2026-08-24T00:00:00.000,2018-01-01T00:00:00.000,9999-12-31T00:00:00.000,1,4324f0083bcc5dfb8b0d0306b6e9950c4324f0083bcc5dfb8b0d0306b6e9950c
220,WC000220,478,29,24,1,4,7,Riverton WorkCenter 220,WorkCenter starter record 220,311.4000,311.40,225.0000,225.0000,0,0,1,1,2026-08-24T00:00:00.000,2018-01-01T00:00:00.000,9999-12-31T00:00:00.000,1,51fd377e99a05f16b030e12498ab3fbf51fd377e99a05f16b030e12498ab3fbf
221,WC000221,431,31,147,7,1,5,Junction WorkCenter 221,WorkCenter starter record 221,312.7700,312.77,226.0000,226.0000,1,1,1,1,2026-08-24T00:00:00.000,2018-01-01T00:00:00.000,9999-12-31T00:00:00.000,1,ddbb97fba15154c3a3c83f1582459abaddbb97fba15154c3a3c83f1582459aba
222,WC000222,68,4,95,6,2,10,Cedar WorkCenter 222,WorkCenter starter record 222,314.1400,314.14,227.0000,227.0000,1,1,1,1,2026-08-24T00:00:00.000,2018-01-01T00:00:00.000,9999-12-31T00:00:00.000,1,db7105bb49685d379df03812031fd2a4db7105bb49685d379df03812031fd2a4
223,WC000223,195,20,407,7,4,11,Keystone WorkCenter 223,WorkCenter starter record 223,315.5100,315.51,228.0000,228.0000,1,1,1,1,2026-08-24T00:00:00.000,2018-01-01T00:00:00.000,9999-12-31T00:00:00.000,1,9c29e6942edd5c7e94e88e88356fe5b09c29e6942edd5c7e94e88e88356fe5b0
224,WC000224,380,14,285,1,4,4,Delta WorkCenter 224,WorkCenter starter record 224,316.8800,316.88,229.0000,229.0000,1,1,1,1,2026-08-24T00:00:00.000,2018-01-01T00:00:00.000,9999-12-31T00:00:00.000,1,497418fb0ce853b0b09155f01ed6468d497418fb0ce853b0b09155f01ed6468d
225,WC000225,332,12,464,2,1,7,Willow WorkCenter 225,WorkCenter starter record 225,318.2500,318.25,230.0000,230.0000,0,0,1,1,2026-08-24T00:00:00.000,2018-01-01T00:00:00.000,9999-12-31T00:00:00.000,1,a6e3d9ccec12514ea3675600fac94b3fa6e3d9ccec12514ea3675600fac94b3f
226,WC000226,233,26,187,7,3,3,Pioneer WorkCenter 226,WorkCenter starter record 226,319.6200,319.62,231.0000,231.0000,1,1,1,1,2026-08-24T00:00:00.000,2018-01-01T00:00:00.000,9999-12-31T00:00:00.000,1,5932672db17855df877ee30032d569c05932672db17855df877ee30032d569c0
227,WC000227,15,25,430,7,2,9,Summit WorkCenter 227,WorkCenter starter record 227,320.9900,320.99,232.0000,232.0000,1,1,1,1,2026-08-24T00:00:00.000,2018-01-01T00:00:00.000,9999-12-31T00:00:00.000,1,a8be829419e15e33b7649245f6ef6d92a8be829419e15e33b7649245f6ef6d92
228,WC000228,196,35,309,3,3,11,Willow WorkCenter 228,WorkCenter starter record 228,322.3600,322.36,233.0000,233.0000,1,1,1,1,2026-08-24T00:00:00.000,2018-01-01T00:00:00.000,9999-12-31T00:00:00.000,1,83f60449eb275b9db1a6ee20ed268f8c83f60449eb275b9db1a6ee20ed268f8c
229,WC000229,452,1,171,7,2,10,Orion WorkCenter 229,WorkCenter starter record 229,323.7300,323.73,234.0000,234.0000,1,1,1,1,2026-08-24T00:00:00.000,2018-01-01T00:00:00.000,9999-12-31T00:00:00.000,1,366062a0369352e2b70b2bc51f39b0d8366062a0369352e2b70b2bc51f39b0d8
230,WC000230,397,21,2,4,4,6,Forge WorkCenter 230,WorkCenter starter record 230,325.1000,325.10,235.0000,235.0000,0,0,1,1,2026-08-24T00:00:00.000,2018-01-01T00:00:00.000,9999-12-31T00:00:00.000,1,d0d53c2dc1ec5456866d5bda6d3073c8d0d53c2dc1ec5456866d5bda6d3073c8
231,WC000231,193,7,215,2,3,10,Titan WorkCenter 231,WorkCenter starter record 231,326.4700,326.47,236.0000,236.0000,1,1,1,1,2026-08-24T00:00:00.000,2018-01-01T00:00:00.000,9999-12-31T00:00:00.000,1,9dd7b68b07e85588908d63b0cb9df5519dd7b68b07e85588908d63b0cb9df551
232,WC000232,326,7,399,1,2,6,Unity WorkCenter 232,WorkCenter starter record 232,327.8400,327.84,237.0000,237.0000,1,1,1,1,2026-08-24T00:00:00.000,2018-01-01T00:00:00.000,9999-12-31T00:00:00.000,1,ac02640a6f0f50e6bb3bf46bda39a025ac02640a6f0f50e6bb3bf46bda39a025
233,WC000233,398,27,250,6,4,1,Quartz WorkCenter 233,WorkCenter starter record 233,329.2100,329.21,238.0000,238.0000,1,1,1,1,2026-08-24T00:00:00.000,2018-01-01T00:00:00.000,9999-12-31T00:00:00.000,1,ff9bff8c97315d1abd4360b5ce10d474ff9bff8c97315d1abd4360b5ce10d474
234,WC000234,414,10,112,3,2,7,Quartz WorkCenter 234,WorkCenter starter record 234,330.5800,330.58,239.0000,239.0000,1,1,1,1,2026-08-24T00:00:00.000,2018-01-01T00:00:00.000,9999-12-31T00:00:00.000,1,5f65f12c72a55f7e800e16a73e856c795f65f12c72a55f7e800e16a73e856c79
235,WC000235,6,10,155,6,4,11,Keystone WorkCenter 235,WorkCenter starter record 235,331.9500,331.95,240.0000,240.0000,0,0,1,1,2026-08-24T00:00:00.000,2018-01-01T00:00:00.000,9999-12-31T00:00:00.000,1,0bf8ea999ea55378947ecdf5c68d75940bf8ea999ea55378947ecdf5c68d7594
236,WC000236,379,8,78,4,2,4,Cedar WorkCenter 236,WorkCenter starter record 236,333.3200,333.32,241.0000,241.0000,1,1,1,1,2026-08-24T00:00:00.000,2018-01-01T00:00:00.000,9999-12-31T00:00:00.000,1,0ea6571fc1225f349b7172e7d16117b60ea6571fc1225f349b7172e7d16117b6
237,WC000237,236,13,307,3,2,7,Delta WorkCenter 237,WorkCenter starter record 237,334.6900,334.69,242.0000,242.0000,1,1,1,1,2026-08-24T00:00:00.000,2018-01-01T00:00:00.000,9999-12-31T00:00:00.000,1,966d3da40a7d5c0a90ffc3b93add8973966d3da40a7d5c0a90ffc3b93add8973
238,WC000238,342,24,323,1,1,4,Summit WorkCenter 238,WorkCenter starter record 238,336.0600,336.06,243.0000,243.0000,1,1,1,1,2026-08-24T00:00:00.000,2018-01-01T00:00:00.000,9999-12-31T00:00:00.000,1,51caf23b81075724b21e6b7ab3bb0a0f51caf23b81075724b21e6b7ab3bb0a0f
239,WC000239,270,25,95,5,2,2,Junction WorkCenter 239,WorkCenter starter record 239,337.4300,337.43,244.0000,244.0000,1,1,1,1,2026-08-24T00:00:00.000,2018-01-01T00:00:00.000,9999-12-31T00:00:00.000,1,6906cd9e11ca58b5a2f4bac79889d9776906cd9e11ca58b5a2f4bac79889d977
240,WC000240,251,17,498,3,3,8,Granite WorkCenter 240,WorkCenter starter record 240,338.8000,338.80,245.0000,245.0000,0,0,1,1,2026-08-24T00:00:00.000,2018-01-01T00:00:00.000,9999-12-31T00:00:00.000,1,aeb3ca6bde5b5f03a6b22529ed3d35c6aeb3ca6bde5b5f03a6b22529ed3d35c6
241,WC000241,166,5,194,2,4,5,Vertex WorkCenter 241,WorkCenter starter record 241,340.1700,340.17,246.0000,246.0000,1,1,1,1,2026-08-24T00:00:00.000,2018-01-01T00:00:00.000,9999-12-31T00:00:00.000,1,754a04b746ee5cc09362bdf064c5c745754a04b746ee5cc09362bdf064c5c745
242,WC000242,87,33,338,7,4,4,Beacon WorkCenter 242,WorkCenter starter record 242,341.5400,341.54,247.0000,247.0000,1,1,1,1,2026-08-24T00:00:00.000,2018-01-01T00:00:00.000,9999-12-31T00:00:00.000,1,e217adda65a15bf291ff6e1d320b6f20e217adda65a15bf291ff6e1d320b6f20
243,WC000243,410,17,77,5,4,2,Atlas WorkCenter 243,WorkCenter starter record 243,342.9100,342.91,248.0000,248.0000,1,1,1,1,2026-08-24T00:00:00.000,2018-01-01T00:00:00.000,9999-12-31T00:00:00.000,1,780ce6f992905aba9b71deba0aee84c9780ce6f992905aba9b71deba0aee84c9
244,WC000244,106,37,1,7,2,3,Vertex WorkCenter 244,WorkCenter starter record 244,344.2800,344.28,249.0000,249.0000,1,1,1,1,2026-08-24T00:00:00.000,2018-01-01T00:00:00.000,9999-12-31T00:00:00.000,1,f4ded70b5e39513cb07e6b21ecfbd65ef4ded70b5e39513cb07e6b21ecfbd65e
245,WC000245,313,4,348,2,3,11,Vertex WorkCenter 245,WorkCenter starter record 245,345.6500,345.65,250.0000,250.0000,0,0,1,1,2026-08-24T00:00:00.000,2018-01-01T00:00:00.000,9999-12-31T00:00:00.000,1,9c29801eba3b57f6a3498108b64b66729c29801eba3b57f6a3498108b64b6672
246,WC000246,391,6,112,4,4,10,Meridian WorkCenter 246,WorkCenter starter record 246,347.0200,347.02,251.0000,251.0000,1,1,1,1,2026-08-24T00:00:00.000,2018-01-01T00:00:00.000,9999-12-31T00:00:00.000,1,9a6901430c4554c6a2798cc2fc6d03319a6901430c4554c6a2798cc2fc6d0331
247,WC000247,306,26,272,5,2,7,Zenith WorkCenter 247,WorkCenter starter record 247,348.3900,348.39,252.0000,252.0000,1,1,1,1,2026-08-24T00:00:00.000,2018-01-01T00:00:00.000,9999-12-31T00:00:00.000,1,f8996677348a56e7b29cac497605e6ddf8996677348a56e7b29cac497605e6dd
248,WC000248,166,5,412,1,1,12,Titan WorkCenter 248,WorkCenter starter record 248,349.7600,349.76,253.0000,253.0000,1,1,1,1,2026-08-24T00:00:00.000,2018-01-01T00:00:00.000,9999-12-31T00:00:00.000,1,31baa6d38308579c9d3eaec1cde8e51531baa6d38308579c9d3eaec1cde8e515
249,WC000249,32,14,449,3,1,8,Ion WorkCenter 249,WorkCenter starter record 249,351.1300,351.13,254.0000,254.0000,1,1,1,1,2026-08-24T00:00:00.000,2018-01-01T00:00:00.000,9999-12-31T00:00:00.000,1,c6cd9e35bff8575792c5abe04cc0365bc6cd9e35bff8575792c5abe04cc0365b
250,WC000250,158,3,453,3,2,9,Pioneer WorkCenter 250,WorkCenter starter record 250,352.5000,352.50,255.0000,255.0000,0,0,1,1,2026-08-24T00:00:00.000,2018-01-01T00:00:00.000,9999-12-31T00:00:00.000,1,654e1d32a67d53c981dcebdd68688cc7654e1d32a67d53c981dcebdd68688cc7
251,WC000251,37,4,290,7,3,2,Vertex WorkCenter 251,WorkCenter starter record 251,353.8700,353.87,256.0000,256.0000,1,1,1,1,2026-08-24T00:00:00.000,2018-01-01T00:00:00.000,9999-12-31T00:00:00.000,1,50cc977f730a5a01b0d9b16a810faa4050cc977f730a5a01b0d9b16a810faa40
252,WC000252,132,26,485,7,1,3,Ion WorkCenter 252,WorkCenter starter record 252,355.2400,355.24,257.0000,257.0000,1,1,1,1,2026-08-24T00:00:00.000,2018-01-01T00:00:00.000,9999-12-31T00:00:00.000,1,aa308eaeda2156c88021d0dd2ef4cab4aa308eaeda2156c88021d0dd2ef4cab4
253,WC000253,144,14,127,6,2,1,Keystone WorkCenter 253,WorkCenter starter record 253,356.6100,356.61,258.0000,258.0000,1,1,1,1,2026-08-24T00:00:00.000,2018-01-01T00:00:00.000,9999-12-31T00:00:00.000,1,2ae7963b4f925d029baeb043427837b92ae7963b4f925d029baeb043427837b9
254,WC000254,179,1,238,2,2,9,Delta WorkCenter 254,WorkCenter starter record 254,357.9800,357.98,259.0000,259.0000,1,1,1,1,2026-08-24T00:00:00.000,2018-01-01T00:00:00.000,9999-12-31T00:00:00.000,1,7500181d93795413b25c5cb815497c197500181d93795413b25c5cb815497c19
255,WC000255,128,13,3,3,2,4,Quartz WorkCenter 255,WorkCenter starter record 255,359.3500,359.35,260.0000,260.0000,0,0,1,1,2026-08-24T00:00:00.000,2018-01-01T00:00:00.000,9999-12-31T00:00:00.000,1,8b484d8f31915b7d9e437e973fa9dde38b484d8f31915b7d9e437e973fa9dde3
256,WC000256,408,40,233,5,1,7,Granite WorkCenter 256,WorkCenter starter record 256,360.7200,360.72,261.0000,261.0000,1,1,1,1,2026-08-24T00:00:00.000,2018-01-01T00:00:00.000,9999-12-31T00:00:00.000,1,8bd7a73ef1a157f29941ca28949331b18bd7a73ef1a157f29941ca28949331b1
257,WC000257,54,40,358,4,2,4,Junction WorkCenter 257,WorkCenter starter record 257,362.0900,362.09,262.0000,262.0000,1,1,1,1,2026-08-24T00:00:00.000,2018-01-01T00:00:00.000,9999-12-31T00:00:00.000,1,ff136c9734095aa5b4baa9ca688d93ebff136c9734095aa5b4baa9ca688d93eb
258,WC000258,180,18,215,1,1,6,Cedar WorkCenter 258,WorkCenter starter record 258,363.4600,363.46,263.0000,263.0000,1,1,1,1,2026-08-24T00:00:00.000,2018-01-01T00:00:00.000,9999-12-31T00:00:00.000,1,aa13165923ba558e9fba71240d88b6c2aa13165923ba558e9fba71240d88b6c2
259,WC000259,371,6,390,5,4,11,Beacon WorkCenter 259,WorkCenter starter record 259,364.8300,364.83,264.0000,264.0000,1,1,1,1,2026-08-24T00:00:00.000,2018-01-01T00:00:00.000,9999-12-31T00:00:00.000,1,18e9372b9d015c92b9e7705053fd2fa918e9372b9d015c92b9e7705053fd2fa9
260,WC000260,79,17,395,4,4,9,Delta WorkCenter 260,WorkCenter starter record 260,366.2000,366.20,265.0000,265.0000,0,0,1,1,2026-08-24T00:00:00.000,2018-01-01T00:00:00.000,9999-12-31T00:00:00.000,1,c9aceceb74b356878f6252f1d0d60e81c9aceceb74b356878f6252f1d0d60e81
261,WC000261,224,11,225,3,4,8,Evergreen WorkCenter 261,WorkCenter starter record 261,367.5700,367.57,266.0000,266.0000,1,1,1,1,2026-08-24T00:00:00.000,2018-01-01T00:00:00.000,9999-12-31T00:00:00.000,1,6266fe4c6bbb54acadadcee8bda358636266fe4c6bbb54acadadcee8bda35863
262,WC000262,428,22,441,2,2,8,Unity WorkCenter 262,WorkCenter starter record 262,368.9400,368.94,267.0000,267.0000,1,1,1,1,2026-08-24T00:00:00.000,2018-01-01T00:00:00.000,9999-12-31T00:00:00.000,1,d4b34a8914555aca9c4e1b992ec2cf5cd4b34a8914555aca9c4e1b992ec2cf5c
263,WC000263,283,35,454,1,4,3,Zenith WorkCenter 263,WorkCenter starter record 263,370.3100,370.31,268.0000,268.0000,1,1,1,1,2026-08-24T00:00:00.000,2018-01-01T00:00:00.000,9999-12-31T00:00:00.000,1,21002ce878fd5721a0666af3f6b0759c21002ce878fd5721a0666af3f6b0759c
264,WC000264,52,18,243,5,2,6,Atlas WorkCenter 264,WorkCenter starter record 264,371.6800,371.68,269.0000,269.0000,1,1,1,1,2026-08-24T00:00:00.000,2018-01-01T00:00:00.000,9999-12-31T00:00:00.000,1,8c4137d9e9085d8ba90ef76087053fce8c4137d9e9085d8ba90ef76087053fce
265,WC000265,95,12,434,3,4,6,Northstar WorkCenter 265,WorkCenter starter record 265,373.0500,373.05,270.0000,270.0000,0,0,1,1,2026-08-24T00:00:00.000,2018-01-01T00:00:00.000,9999-12-31T00:00:00.000,1,f7964c9e9c3b5db4b9b81e94249e142af7964c9e9c3b5db4b9b81e94249e142a
266,WC000266,321,10,432,1,4,8,Titan WorkCenter 266,WorkCenter starter record 266,374.4200,374.42,271.0000,271.0000,1,1,1,1,2026-08-24T00:00:00.000,2018-01-01T00:00:00.000,9999-12-31T00:00:00.000,1,31ed82b45d8e5265959219687b87a58b31ed82b45d8e5265959219687b87a58b
267,WC000267,110,17,156,1,1,11,Orion WorkCenter 267,WorkCenter starter record 267,375.7900,375.79,272.0000,272.0000,1,1,1,1,2026-08-24T00:00:00.000,2018-01-01T00:00:00.000,9999-12-31T00:00:00.000,1,43b4ba555bc55166809046c26c74e25a43b4ba555bc55166809046c26c74e25a
268,WC000268,160,17,462,2,1,9,Summit WorkCenter 268,WorkCenter starter record 268,377.1600,377.16,273.0000,273.0000,1,1,1,1,2026-08-24T00:00:00.000,2018-01-01T00:00:00.000,9999-12-31T00:00:00.000,1,94a0591a99ff5f29a512611df2771ba594a0591a99ff5f29a512611df2771ba5
269,WC000269,388,2,426,2,4,1,Junction WorkCenter 269,WorkCenter starter record 269,378.5300,378.53,274.0000,274.0000,1,1,1,1,2026-08-24T00:00:00.000,2018-01-01T00:00:00.000,9999-12-31T00:00:00.000,1,8ad56eb2dfc551fcaeaf4676554697168ad56eb2dfc551fcaeaf467655469716
270,WC000270,334,13,68,4,1,3,Liberty WorkCenter 270,WorkCenter starter record 270,379.9000,379.90,275.0000,275.0000,0,0,1,1,2026-08-24T00:00:00.000,2018-01-01T00:00:00.000,9999-12-31T00:00:00.000,1,cd408fb290da528db3ad0dda2d748b73cd408fb290da528db3ad0dda2d748b73
271,WC000271,19,18,460,7,4,9,Titan WorkCenter 271,WorkCenter starter record 271,381.2700,381.27,276.0000,276.0000,1,1,1,1,2026-08-24T00:00:00.000,2018-01-01T00:00:00.000,9999-12-31T00:00:00.000,1,ac86cf4058d55af4b990e162bf35f138ac86cf4058d55af4b990e162bf35f138
272,WC000272,485,2,57,3,3,7,Granite WorkCenter 272,WorkCenter starter record 272,382.6400,382.64,277.0000,277.0000,1,1,1,1,2026-08-24T00:00:00.000,2018-01-01T00:00:00.000,9999-12-31T00:00:00.000,1,a1b5f4551431572fafd648fe82663f63a1b5f4551431572fafd648fe82663f63
273,WC000273,442,8,330,4,1,5,Pioneer WorkCenter 273,WorkCenter starter record 273,384.0100,384.01,278.0000,278.0000,1,1,1,1,2026-08-24T00:00:00.000,2018-01-01T00:00:00.000,9999-12-31T00:00:00.000,1,f51929a92a6756339b5ce6c2d4d0ecb3f51929a92a6756339b5ce6c2d4d0ecb3
274,WC000274,58,35,424,2,2,3,Atlas WorkCenter 274,WorkCenter starter record 274,385.3800,385.38,279.0000,279.0000,1,1,1,1,2026-08-24T00:00:00.000,2018-01-01T00:00:00.000,9999-12-31T00:00:00.000,1,5ed2d9719c46568abd0058806225d2bf5ed2d9719c46568abd0058806225d2bf
275,WC000275,251,28,11,1,1,3,Unity WorkCenter 275,WorkCenter starter record 275,386.7500,386.75,280.0000,280.0000,0,0,1,1,2026-08-24T00:00:00.000,2018-01-01T00:00:00.000,9999-12-31T00:00:00.000,1,dbe3ac5c6b455271878bb46b37426579dbe3ac5c6b455271878bb46b37426579
276,WC000276,224,17,490,2,2,4,Granite WorkCenter 276,WorkCenter starter record 276,388.1200,388.12,281.0000,281.0000,1,1,1,1,2026-08-24T00:00:00.000,2018-01-01T00:00:00.000,9999-12-31T00:00:00.000,1,a3e303f1f036503e819b22dcf023cc83a3e303f1f036503e819b22dcf023cc83
277,WC000277,262,8,118,7,4,12,Orion WorkCenter 277,WorkCenter starter record 277,389.4900,389.49,282.0000,282.0000,1,1,1,1,2026-08-24T00:00:00.000,2018-01-01T00:00:00.000,9999-12-31T00:00:00.000,1,3c3a1ed3f1255f9aa9f99ef698586b1c3c3a1ed3f1255f9aa9f99ef698586b1c
278,WC000278,97,33,435,2,3,2,Northstar WorkCenter 278,WorkCenter starter record 278,390.8600,390.86,283.0000,283.0000,1,1,1,1,2026-08-24T00:00:00.000,2018-01-01T00:00:00.000,9999-12-31T00:00:00.000,1,36515bb8e4bb5a2aa362496eddbb4e6a36515bb8e4bb5a2aa362496eddbb4e6a
279,WC000279,86,35,397,3,1,12,Quartz WorkCenter 279,WorkCenter starter record 279,392.2300,392.23,284.0000,284.0000,1,1,1,1,2026-08-24T00:00:00.000,2018-01-01T00:00:00.000,9999-12-31T00:00:00.000,1,6af5d7151cc0537fbf435dbea2e1f7556af5d7151cc0537fbf435dbea2e1f755
280,WC000280,227,30,68,7,1,4,Cedar WorkCenter 280,WorkCenter starter record 280,393.6000,393.60,285.0000,285.0000,0,0,1,1,2026-08-24T00:00:00.000,2018-01-01T00:00:00.000,9999-12-31T00:00:00.000,1,a583d692871157bdad120cef4b4eb8caa583d692871157bdad120cef4b4eb8ca
281,WC000281,278,18,263,7,1,1,Zenith WorkCenter 281,WorkCenter starter record 281,394.9700,394.97,286.0000,286.0000,1,1,1,1,2026-08-24T00:00:00.000,2018-01-01T00:00:00.000,9999-12-31T00:00:00.000,1,318c6802e1dd52ba8c8c9a8297c78b24318c6802e1dd52ba8c8c9a8297c78b24
282,WC000282,364,29,138,6,1,6,Atlas WorkCenter 282,WorkCenter starter record 282,396.3400,396.34,287.0000,287.0000,1,1,1,1,2026-08-24T00:00:00.000,2018-01-01T00:00:00.000,9999-12-31T00:00:00.000,1,03ac0a0ec1475d228d524869e4a99d8603ac0a0ec1475d228d524869e4a99d86
283,WC000283,44,11,7,4,3,12,Vertex WorkCenter 283,WorkCenter starter record 283,397.7100,397.71,288.0000,288.0000,1,1,1,1,2026-08-24T00:00:00.000,2018-01-01T00:00:00.000,9999-12-31T00:00:00.000,1,2e66f0d799775b5b856ea2717e403fc02e66f0d799775b5b856ea2717e403fc0
284,WC000284,125,19,56,1,2,11,Ion WorkCenter 284,WorkCenter starter record 284,399.0800,399.08,289.0000,289.0000,1,1,1,1,2026-08-24T00:00:00.000,2018-01-01T00:00:00.000,9999-12-31T00:00:00.000,1,f0e7eb7dd21d50c6a2e4d4bffe3d652cf0e7eb7dd21d50c6a2e4d4bffe3d652c
285,WC000285,238,22,399,4,2,3,Delta WorkCenter 285,WorkCenter starter record 285,400.4500,400.45,290.0000,290.0000,0,0,1,1,2026-08-24T00:00:00.000,2018-01-01T00:00:00.000,9999-12-31T00:00:00.000,1,757986d282fc53b294fdbe5f5f073e01757986d282fc53b294fdbe5f5f073e01
286,WC000286,118,12,271,3,3,6,Quartz WorkCenter 286,WorkCenter starter record 286,401.8200,401.82,291.0000,291.0000,1,1,1,1,2026-08-24T00:00:00.000,2018-01-01T00:00:00.000,9999-12-31T00:00:00.000,1,d99981c0fdae58d599712b3e5ace07ddd99981c0fdae58d599712b3e5ace07dd
287,WC000287,138,34,173,3,4,6,Cedar WorkCenter 287,WorkCenter starter record 287,403.1900,403.19,292.0000,292.0000,1,1,1,1,2026-08-24T00:00:00.000,2018-01-01T00:00:00.000,9999-12-31T00:00:00.000,1,bac50c14c79057fb98f79fd716c622fcbac50c14c79057fb98f79fd716c622fc
288,WC000288,397,2,407,2,4,5,Titan WorkCenter 288,WorkCenter starter record 288,404.5600,404.56,293.0000,293.0000,1,1,1,1,2026-08-24T00:00:00.000,2018-01-01T00:00:00.000,9999-12-31T00:00:00.000,1,7da719aef04b5eefb530c5e54c4e84d57da719aef04b5eefb530c5e54c4e84d5
289,WC000289,378,19,256,4,3,12,Ion WorkCenter 289,WorkCenter starter record 289,405.9300,405.93,294.0000,294.0000,1,1,1,1,2026-08-24T00:00:00.000,2018-01-01T00:00:00.000,9999-12-31T00:00:00.000,1,38d73dfcf6ec52a7a0def69db6bc604f38d73dfcf6ec52a7a0def69db6bc604f
290,WC000290,299,13,12,1,3,8,Northstar WorkCenter 290,WorkCenter starter record 290,407.3000,407.30,295.0000,295.0000,0,0,1,1,2026-08-24T00:00:00.000,2018-01-01T00:00:00.000,9999-12-31T00:00:00.000,1,a9852e862029510cbe0679d6f419b6d2a9852e862029510cbe0679d6f419b6d2
291,WC000291,374,17,152,6,2,9,Beacon WorkCenter 291,WorkCenter starter record 291,408.6700,408.67,296.0000,296.0000,1,1,1,1,2026-08-24T00:00:00.000,2018-01-01T00:00:00.000,9999-12-31T00:00:00.000,1,1352017d45835cdea58f0f27913eda401352017d45835cdea58f0f27913eda40
292,WC000292,34,34,323,5,1,4,Summit WorkCenter 292,WorkCenter starter record 292,410.0400,410.04,297.0000,297.0000,1,1,1,1,2026-08-24T00:00:00.000,2018-01-01T00:00:00.000,9999-12-31T00:00:00.000,1,2ff54ada9aa7576bbbaed6acc724d6df2ff54ada9aa7576bbbaed6acc724d6df
293,WC000293,93,34,36,6,4,7,Meridian WorkCenter 293,WorkCenter starter record 293,411.4100,411.41,298.0000,298.0000,1,1,1,1,2026-08-24T00:00:00.000,2018-01-01T00:00:00.000,9999-12-31T00:00:00.000,1,727d1a3f2a6d52a094a14ea5fdfbd9c3727d1a3f2a6d52a094a14ea5fdfbd9c3
294,WC000294,430,13,259,5,3,11,Liberty WorkCenter 294,WorkCenter starter record 294,412.7800,412.78,299.0000,299.0000,1,1,1,1,2026-08-24T00:00:00.000,2018-01-01T00:00:00.000,9999-12-31T00:00:00.000,1,9777272bfc2c5e36ac67aa86f699f9499777272bfc2c5e36ac67aa86f699f949
295,WC000295,247,22,241,4,3,12,Cedar WorkCenter 295,WorkCenter starter record 295,414.1500,414.15,300.0000,300.0000,0,0,1,1,2026-08-24T00:00:00.000,2018-01-01T00:00:00.000,9999-12-31T00:00:00.000,1,8afd42fe0a115173854ac0ab37370f4f8afd42fe0a115173854ac0ab37370f4f
296,WC000296,2,16,277,1,2,8,Northstar WorkCenter 296,WorkCenter starter record 296,415.5200,415.52,301.0000,301.0000,1,1,1,1,2026-08-24T00:00:00.000,2018-01-01T00:00:00.000,9999-12-31T00:00:00.000,1,eb00254748ef5e71b119b2dfc2788497eb00254748ef5e71b119b2dfc2788497
297,WC000297,33,23,117,5,4,8,Vertex WorkCenter 297,WorkCenter starter record 297,416.8900,416.89,302.0000,302.0000,1,1,1,1,2026-08-24T00:00:00.000,2018-01-01T00:00:00.000,9999-12-31T00:00:00.000,1,1b656b2b1d40531393478c5437923ed01b656b2b1d40531393478c5437923ed0
298,WC000298,288,28,195,6,2,7,Orion WorkCenter 298,WorkCenter starter record 298,418.2600,418.26,303.0000,303.0000,1,1,1,1,2026-08-24T00:00:00.000,2018-01-01T00:00:00.000,9999-12-31T00:00:00.000,1,df3ce13f55aa5d55b679a4ef451f6235df3ce13f55aa5d55b679a4ef451f6235
299,WC000299,169,40,474,4,2,12,Keystone WorkCenter 299,WorkCenter starter record 299,419.6300,419.63,304.0000,304.0000,1,1,1,1,2026-08-24T00:00:00.000,2018-01-01T00:00:00.000,9999-12-31T00:00:00.000,1,7f54a5d7501653af9ffebd0c2875c3be7f54a5d7501653af9ffebd0c2875c3be
300,WC000300,97,25,213,5,1,8,Vertex WorkCenter 300,WorkCenter starter record 300,421.0000,421.00,305.0000,305.0000,0,0,1,1,2026-08-24T00:00:00.000,2018-01-01T00:00:00.000,9999-12-31T00:00:00.000,1,8e72aff5222650ae90afceeedaa0906d8e72aff5222650ae90afceeedaa0906d
301,WC000301,31,34,177,1,4,12,Meridian WorkCenter 301,WorkCenter starter record 301,422.3700,422.37,306.0000,306.0000,1,1,1,1,2026-08-24T00:00:00.000,2018-01-01T00:00:00.000,9999-12-31T00:00:00.000,1,cdeae75796a757e2ab6f2a1506411ba2cdeae75796a757e2ab6f2a1506411ba2
302,WC000302,8,6,456,4,3,5,Northstar WorkCenter 302,WorkCenter starter record 302,423.7400,423.74,307.0000,307.0000,1,1,1,1,2026-08-24T00:00:00.000,2018-01-01T00:00:00.000,9999-12-31T00:00:00.000,1,31074e537f415cad8db1bc96948df8ab31074e537f415cad8db1bc96948df8ab
303,WC000303,163,28,487,5,1,5,Junction WorkCenter 303,WorkCenter starter record 303,425.1100,425.11,308.0000,308.0000,1,1,1,1,2026-08-24T00:00:00.000,2018-01-01T00:00:00.000,9999-12-31T00:00:00.000,1,b826841a85d45fea824fa7d41532215cb826841a85d45fea824fa7d41532215c
304,WC000304,336,7,396,4,3,5,Summit WorkCenter 304,WorkCenter starter record 304,426.4800,426.48,309.0000,309.0000,1,1,1,1,2026-08-24T00:00:00.000,2018-01-01T00:00:00.000,9999-12-31T00:00:00.000,1,31b0b4f2048453689da0d7a07d71d84b31b0b4f2048453689da0d7a07d71d84b
305,WC000305,289,2,213,2,4,3,Unity WorkCenter 305,WorkCenter starter record 305,427.8500,427.85,310.0000,310.0000,0,0,1,1,2026-08-24T00:00:00.000,2018-01-01T00:00:00.000,9999-12-31T00:00:00.000,1,20c72873292f5b9b9fe834de8fdbce4320c72873292f5b9b9fe834de8fdbce43
306,WC000306,354,35,63,3,3,1,Liberty WorkCenter 306,WorkCenter starter record 306,429.2200,429.22,311.0000,311.0000,1,1,1,1,2026-08-24T00:00:00.000,2018-01-01T00:00:00.000,9999-12-31T00:00:00.000,1,3c3d80c595005466b99ee4c92be8b9b73c3d80c595005466b99ee4c92be8b9b7
307,WC000307,140,26,227,7,4,10,Beacon WorkCenter 307,WorkCenter starter record 307,430.5900,430.59,312.0000,312.0000,1,1,1,1,2026-08-24T00:00:00.000,2018-01-01T00:00:00.000,9999-12-31T00:00:00.000,1,fb08520d81f358bdbc0afcc3032c34b8fb08520d81f358bdbc0afcc3032c34b8
308,WC000308,188,31,300,7,4,7,Beacon WorkCenter 308,WorkCenter starter record 308,431.9600,431.96,313.0000,313.0000,1,1,1,1,2026-08-24T00:00:00.000,2018-01-01T00:00:00.000,9999-12-31T00:00:00.000,1,34e03a07241a513d9f666d2446505ac534e03a07241a513d9f666d2446505ac5
309,WC000309,381,12,243,4,4,1,Granite WorkCenter 309,WorkCenter starter record 309,433.3300,433.33,314.0000,314.0000,1,1,1,1,2026-08-24T00:00:00.000,2018-01-01T00:00:00.000,9999-12-31T00:00:00.000,1,0e621e54007c59eeaf90f0fe219e9c040e621e54007c59eeaf90f0fe219e9c04
310,WC000310,89,38,35,3,3,6,Unity WorkCenter 310,WorkCenter starter record 310,434.7000,434.70,315.0000,315.0000,0,0,1,1,2026-08-24T00:00:00.000,2018-01-01T00:00:00.000,9999-12-31T00:00:00.000,1,bc6e1dfa00e75beda684526b1cca0cf1bc6e1dfa00e75beda684526b1cca0cf1
311,WC000311,142,30,15,5,4,11,Liberty WorkCenter 311,WorkCenter starter record 311,436.0700,436.07,316.0000,316.0000,1,1,1,1,2026-08-24T00:00:00.000,2018-01-01T00:00:00.000,9999-12-31T00:00:00.000,1,0b18d7727322510985a2f3dc04e4137a0b18d7727322510985a2f3dc04e4137a
312,WC000312,1,40,426,4,4,8,Granite WorkCenter 312,WorkCenter starter record 312,437.4400,437.44,317.0000,317.0000,1,1,1,1,2026-08-24T00:00:00.000,2018-01-01T00:00:00.000,9999-12-31T00:00:00.000,1,7f168ca9b32b56d59d6239ca52cbc1cc7f168ca9b32b56d59d6239ca52cbc1cc
313,WC000313,322,18,72,5,1,1,Granite WorkCenter 313,WorkCenter starter record 313,438.8100,438.81,318.0000,318.0000,1,1,1,1,2026-08-24T00:00:00.000,2018-01-01T00:00:00.000,9999-12-31T00:00:00.000,1,884a222b7a9b5dbc851985937a941bf9884a222b7a9b5dbc851985937a941bf9
314,WC000314,446,3,478,6,1,11,Evergreen WorkCenter 314,WorkCenter starter record 314,440.1800,440.18,319.0000,319.0000,1,1,1,1,2026-08-24T00:00:00.000,2018-01-01T00:00:00.000,9999-12-31T00:00:00.000,1,b9661803ac195673b7f06493828cc411b9661803ac195673b7f06493828cc411
315,WC000315,233,7,345,3,4,7,Cedar WorkCenter 315,WorkCenter starter record 315,441.5500,441.55,320.0000,320.0000,0,0,1,1,2026-08-24T00:00:00.000,2018-01-01T00:00:00.000,9999-12-31T00:00:00.000,1,e5f0e3e16d775243a793615886bafc16e5f0e3e16d775243a793615886bafc16
316,WC000316,491,21,22,2,4,10,Titan WorkCenter 316,WorkCenter starter record 316,442.9200,442.92,321.0000,321.0000,1,1,1,1,2026-08-24T00:00:00.000,2018-01-01T00:00:00.000,9999-12-31T00:00:00.000,1,e7e5566b006158f3b7bc69872f158e08e7e5566b006158f3b7bc69872f158e08
317,WC000317,156,13,137,5,3,6,Unity WorkCenter 317,WorkCenter starter record 317,444.2900,444.29,322.0000,322.0000,1,1,1,1,2026-08-24T00:00:00.000,2018-01-01T00:00:00.000,9999-12-31T00:00:00.000,1,78a91102dd845c47ac591f1ae3d6214a78a91102dd845c47ac591f1ae3d6214a
318,WC000318,143,29,266,6,1,12,Riverton WorkCenter 318,WorkCenter starter record 318,445.6600,445.66,323.0000,323.0000,1,1,1,1,2026-08-24T00:00:00.000,2018-01-01T00:00:00.000,9999-12-31T00:00:00.000,1,c89409708ff75545a9b218f9e0ed986fc89409708ff75545a9b218f9e0ed986f
319,WC000319,245,26,143,4,3,6,Pioneer WorkCenter 319,WorkCenter starter record 319,447.0300,447.03,324.0000,324.0000,1,1,1,1,2026-08-24T00:00:00.000,2018-01-01T00:00:00.000,9999-12-31T00:00:00.000,1,e60f32c62a045e91a0b474986308f6bee60f32c62a045e91a0b474986308f6be
320,WC000320,384,27,82,4,2,4,Forge WorkCenter 320,WorkCenter starter record 320,448.4000,448.40,325.0000,325.0000,0,0,1,1,2026-08-24T00:00:00.000,2018-01-01T00:00:00.000,9999-12-31T00:00:00.000,1,7538fa68ddf0505880e37d40fe543a3f7538fa68ddf0505880e37d40fe543a3f
321,WC000321,15,33,95,5,1,3,Quartz WorkCenter 321,WorkCenter starter record 321,449.7700,449.77,326.0000,326.0000,1,1,1,1,2026-08-24T00:00:00.000,2018-01-01T00:00:00.000,9999-12-31T00:00:00.000,1,63fb1c6e581c5644b1bec4d4fc9f7fd063fb1c6e581c5644b1bec4d4fc9f7fd0
322,WC000322,131,13,260,2,1,11,Keystone WorkCenter 322,WorkCenter starter record 322,451.1400,451.14,327.0000,327.0000,1,1,1,1,2026-08-24T00:00:00.000,2018-01-01T00:00:00.000,9999-12-31T00:00:00.000,1,2eebf29881db5a45a022f7f5d0e851062eebf29881db5a45a022f7f5d0e85106
323,WC000323,236,34,466,4,4,3,Summit WorkCenter 323,WorkCenter starter record 323,452.5100,452.51,328.0000,328.0000,1,1,1,1,2026-08-24T00:00:00.000,2018-01-01T00:00:00.000,9999-12-31T00:00:00.000,1,6148e8b8e9e65740badca0ccd0b47fe86148e8b8e9e65740badca0ccd0b47fe8
324,WC000324,485,35,75,4,4,6,Cedar WorkCenter 324,WorkCenter starter record 324,453.8800,453.88,329.0000,329.0000,1,1,1,1,2026-08-24T00:00:00.000,2018-01-01T00:00:00.000,9999-12-31T00:00:00.000,1,4142ca8fb6645d6c9baf564cbaf0965f4142ca8fb6645d6c9baf564cbaf0965f
325,WC000325,82,33,65,3,3,12,Orion WorkCenter 325,WorkCenter starter record 325,455.2500,455.25,330.0000,330.0000,0,0,1,1,2026-08-24T00:00:00.000,2018-01-01T00:00:00.000,9999-12-31T00:00:00.000,1,4e57b52c7a7a57e0aa618171be5bcbf54e57b52c7a7a57e0aa618171be5bcbf5
326,WC000326,129,17,45,6,3,7,Forge WorkCenter 326,WorkCenter starter record 326,456.6200,456.62,331.0000,331.0000,1,1,1,1,2026-08-24T00:00:00.000,2018-01-01T00:00:00.000,9999-12-31T00:00:00.000,1,2418b5a351a859f9b0b4a614a9f213de2418b5a351a859f9b0b4a614a9f213de
327,WC000327,359,21,355,7,3,9,Beacon WorkCenter 327,WorkCenter starter record 327,457.9900,457.99,332.0000,332.0000,1,1,1,1,2026-08-24T00:00:00.000,2018-01-01T00:00:00.000,9999-12-31T00:00:00.000,1,a1411123a1705d3db0f2cb13a9b87e87a1411123a1705d3db0f2cb13a9b87e87
328,WC000328,145,40,369,2,3,7,Vertex WorkCenter 328,WorkCenter starter record 328,459.3600,459.36,333.0000,333.0000,1,1,1,1,2026-08-24T00:00:00.000,2018-01-01T00:00:00.000,9999-12-31T00:00:00.000,1,be0e07db1506527ba8183d3c44dbfab1be0e07db1506527ba8183d3c44dbfab1
329,WC000329,457,15,277,5,3,7,Cedar WorkCenter 329,WorkCenter starter record 329,460.7300,460.73,334.0000,334.0000,1,1,1,1,2026-08-24T00:00:00.000,2018-01-01T00:00:00.000,9999-12-31T00:00:00.000,1,11f32f9c95445d1894158185712e56e311f32f9c95445d1894158185712e56e3
330,WC000330,407,26,56,2,2,8,Unity WorkCenter 330,WorkCenter starter record 330,462.1000,462.10,335.0000,335.0000,0,0,1,1,2026-08-24T00:00:00.000,2018-01-01T00:00:00.000,9999-12-31T00:00:00.000,1,f84f2f0701f25d91919a09ca112f9392f84f2f0701f25d91919a09ca112f9392
331,WC000331,448,5,22,5,1,4,Evergreen WorkCenter 331,WorkCenter starter record 331,463.4700,463.47,336.0000,336.0000,1,1,1,1,2026-08-24T00:00:00.000,2018-01-01T00:00:00.000,9999-12-31T00:00:00.000,1,f0ec99aef07f56c1b55b5ab6563628ebf0ec99aef07f56c1b55b5ab6563628eb
332,WC000332,319,40,356,5,3,2,Vertex WorkCenter 332,WorkCenter starter record 332,464.8400,464.84,337.0000,337.0000,1,1,1,1,2026-08-24T00:00:00.000,2018-01-01T00:00:00.000,9999-12-31T00:00:00.000,1,9f73bc3ecc2857aaa41faa701e1d32629f73bc3ecc2857aaa41faa701e1d3262
333,WC000333,132,13,92,6,4,9,Granite WorkCenter 333,WorkCenter starter record 333,466.2100,466.21,338.0000,338.0000,1,1,1,1,2026-08-24T00:00:00.000,2018-01-01T00:00:00.000,9999-12-31T00:00:00.000,1,54931863dce752cd82e87b7879afb8ec54931863dce752cd82e87b7879afb8ec
334,WC000334,374,29,313,5,1,3,Quartz WorkCenter 334,WorkCenter starter record 334,467.5800,467.58,339.0000,339.0000,1,1,1,1,2026-08-24T00:00:00.000,2018-01-01T00:00:00.000,9999-12-31T00:00:00.000,1,bb0cef84811252afb888707dac3f5c4fbb0cef84811252afb888707dac3f5c4f
335,WC000335,126,2,157,4,3,10,Ion WorkCenter 335,WorkCenter starter record 335,468.9500,468.95,340.0000,340.0000,0,0,1,1,2026-08-24T00:00:00.000,2018-01-01T00:00:00.000,9999-12-31T00:00:00.000,1,eb3170fede1b5c908bbeb387d943ba32eb3170fede1b5c908bbeb387d943ba32
336,WC000336,266,26,134,6,4,12,Orion WorkCenter 336,WorkCenter starter record 336,470.3200,470.32,341.0000,341.0000,1,1,1,1,2026-08-24T00:00:00.000,2018-01-01T00:00:00.000,9999-12-31T00:00:00.000,1,b0c165d8595c57e2ba83c448a0cda5b2b0c165d8595c57e2ba83c448a0cda5b2
337,WC000337,345,18,457,3,3,4,Cedar WorkCenter 337,WorkCenter starter record 337,471.6900,471.69,342.0000,342.0000,1,1,1,1,2026-08-24T00:00:00.000,2018-01-01T00:00:00.000,9999-12-31T00:00:00.000,1,b5ec6f2dc0a053659f9682d61659afedb5ec6f2dc0a053659f9682d61659afed
338,WC000338,214,39,143,4,4,5,Cedar WorkCenter 338,WorkCenter starter record 338,473.0600,473.06,343.0000,343.0000,1,1,1,1,2026-08-24T00:00:00.000,2018-01-01T00:00:00.000,9999-12-31T00:00:00.000,1,a5a3b35d630a5792a3608a1f79ac35ada5a3b35d630a5792a3608a1f79ac35ad
339,WC000339,481,26,151,3,4,9,Willow WorkCenter 339,WorkCenter starter record 339,474.4300,474.43,344.0000,344.0000,1,1,1,1,2026-08-24T00:00:00.000,2018-01-01T00:00:00.000,9999-12-31T00:00:00.000,1,0d063c0dc2fd574181e004bbd1a6978a0d063c0dc2fd574181e004bbd1a6978a
340,WC000340,434,25,283,7,3,12,Riverton WorkCenter 340,WorkCenter starter record 340,475.8000,475.80,345.0000,345.0000,0,0,1,1,2026-08-24T00:00:00.000,2018-01-01T00:00:00.000,9999-12-31T00:00:00.000,1,6fa38a1d7cd65e4da2853884ae8f54996fa38a1d7cd65e4da2853884ae8f5499
341,WC000341,8,30,371,3,1,11,Summit WorkCenter 341,WorkCenter starter record 341,477.1700,477.17,346.0000,346.0000,1,1,1,1,2026-08-24T00:00:00.000,2018-01-01T00:00:00.000,9999-12-31T00:00:00.000,1,4e4ab02ef2bd5e1191672c77062406ea4e4ab02ef2bd5e1191672c77062406ea
342,WC000342,270,13,299,4,3,12,Orion WorkCenter 342,WorkCenter starter record 342,478.5400,478.54,347.0000,347.0000,1,1,1,1,2026-08-24T00:00:00.000,2018-01-01T00:00:00.000,9999-12-31T00:00:00.000,1,9f2d154abe735d28b63ae26a510719ca9f2d154abe735d28b63ae26a510719ca
343,WC000343,213,5,347,5,2,11,Meridian WorkCenter 343,WorkCenter starter record 343,479.9100,479.91,348.0000,348.0000,1,1,1,1,2026-08-24T00:00:00.000,2018-01-01T00:00:00.000,9999-12-31T00:00:00.000,1,58f76fd24cbc5b3a8c21531b4941de4658f76fd24cbc5b3a8c21531b4941de46
344,WC000344,396,2,379,4,2,2,Pioneer WorkCenter 344,WorkCenter starter record 344,481.2800,481.28,349.0000,349.0000,1,1,1,1,2026-08-24T00:00:00.000,2018-01-01T00:00:00.000,9999-12-31T00:00:00.000,1,61ff61f36b7f5637aabd2d4e811688c761ff61f36b7f5637aabd2d4e811688c7
345,WC000345,146,14,449,1,3,12,Ion WorkCenter 345,WorkCenter starter record 345,482.6500,482.65,350.0000,350.0000,0,0,1,1,2026-08-24T00:00:00.000,2018-01-01T00:00:00.000,9999-12-31T00:00:00.000,1,e1a282ec6c1f572bb14ea75acd6bd11be1a282ec6c1f572bb14ea75acd6bd11b
346,WC000346,161,29,499,4,2,1,Beacon WorkCenter 346,WorkCenter starter record 346,484.0200,484.02,351.0000,351.0000,1,1,1,1,2026-08-24T00:00:00.000,2018-01-01T00:00:00.000,9999-12-31T00:00:00.000,1,64bc2bc5b1905b7193f76a3010c109ab64bc2bc5b1905b7193f76a3010c109ab
347,WC000347,188,11,247,1,1,6,Beacon WorkCenter 347,WorkCenter starter record 347,485.3900,485.39,352.0000,352.0000,1,1,1,1,2026-08-24T00:00:00.000,2018-01-01T00:00:00.000,9999-12-31T00:00:00.000,1,eb17f10d73735f3e978aeb819e7518eaeb17f10d73735f3e978aeb819e7518ea
348,WC000348,162,13,169,7,3,3,Vertex WorkCenter 348,WorkCenter starter record 348,486.7600,486.76,353.0000,353.0000,1,1,1,1,2026-08-24T00:00:00.000,2018-01-01T00:00:00.000,9999-12-31T00:00:00.000,1,20680bc57d185b61ba27893c0e7fc0b720680bc57d185b61ba27893c0e7fc0b7
349,WC000349,272,24,445,2,4,1,Forge WorkCenter 349,WorkCenter starter record 349,488.1300,488.13,354.0000,354.0000,1,1,1,1,2026-08-24T00:00:00.000,2018-01-01T00:00:00.000,9999-12-31T00:00:00.000,1,eb92563296ba568a9bf4b0c5cdbed8aeeb92563296ba568a9bf4b0c5cdbed8ae
350,WC000350,319,6,108,7,2,11,Meridian WorkCenter 350,WorkCenter starter record 350,489.5000,489.50,355.0000,355.0000,0,0,1,1,2026-08-24T00:00:00.000,2018-01-01T00:00:00.000,9999-12-31T00:00:00.000,1,248053cc964f586c8b6a2875195b342a248053cc964f586c8b6a2875195b342a
351,WC000351,110,6,31,3,4,2,Meridian WorkCenter 351,WorkCenter starter record 351,490.8700,490.87,356.0000,356.0000,1,1,1,1,2026-08-24T00:00:00.000,2018-01-01T00:00:00.000,9999-12-31T00:00:00.000,1,6974587be2f05a2f8f8c613b1617e4416974587be2f05a2f8f8c613b1617e441
352,WC000352,4,29,429,4,4,9,Orion WorkCenter 352,WorkCenter starter record 352,492.2400,492.24,357.0000,357.0000,1,1,1,1,2026-08-24T00:00:00.000,2018-01-01T00:00:00.000,9999-12-31T00:00:00.000,1,ac5d04b9b71a50eeaa5107d9c22cd408ac5d04b9b71a50eeaa5107d9c22cd408
353,WC000353,180,40,218,2,2,4,Cedar WorkCenter 353,WorkCenter starter record 353,493.6100,493.61,358.0000,358.0000,1,1,1,1,2026-08-24T00:00:00.000,2018-01-01T00:00:00.000,9999-12-31T00:00:00.000,1,37cc5b85f5b75707b899079d8e15d57c37cc5b85f5b75707b899079d8e15d57c
354,WC000354,129,26,189,2,2,3,Harbor WorkCenter 354,WorkCenter starter record 354,494.9800,494.98,359.0000,359.0000,1,1,1,1,2026-08-24T00:00:00.000,2018-01-01T00:00:00.000,9999-12-31T00:00:00.000,1,03a1f8d32a8e5610a054348792e01ca703a1f8d32a8e5610a054348792e01ca7
355,WC000355,252,37,460,7,2,5,Riverton WorkCenter 355,WorkCenter starter record 355,496.3500,496.35,360.0000,360.0000,0,0,1,1,2026-08-24T00:00:00.000,2018-01-01T00:00:00.000,9999-12-31T00:00:00.000,1,7d5949dee33f55e6b9b65c3065074b487d5949dee33f55e6b9b65c3065074b48
356,WC000356,458,1,383,3,4,7,Ion WorkCenter 356,WorkCenter starter record 356,497.7200,497.72,361.0000,361.0000,1,1,1,1,2026-08-24T00:00:00.000,2018-01-01T00:00:00.000,9999-12-31T00:00:00.000,1,1163b5c1c5815da0ac79b225206c8fe21163b5c1c5815da0ac79b225206c8fe2
357,WC000357,141,10,87,4,3,7,Northstar WorkCenter 357,WorkCenter starter record 357,499.0900,499.09,362.0000,362.0000,1,1,1,1,2026-08-24T00:00:00.000,2018-01-01T00:00:00.000,9999-12-31T00:00:00.000,1,cfce1abed7ca54b6b7fd30d8531c5da2cfce1abed7ca54b6b7fd30d8531c5da2
358,WC000358,474,5,470,2,2,6,Granite WorkCenter 358,WorkCenter starter record 358,500.4600,500.46,363.0000,363.0000,1,1,1,1,2026-08-24T00:00:00.000,2018-01-01T00:00:00.000,9999-12-31T00:00:00.000,1,cbabfb54a4355fb28f9b2b069388666ccbabfb54a4355fb28f9b2b069388666c
359,WC000359,46,2,441,3,1,5,Cedar WorkCenter 359,WorkCenter starter record 359,501.8300,501.83,364.0000,364.0000,1,1,1,1,2026-08-24T00:00:00.000,2018-01-01T00:00:00.000,9999-12-31T00:00:00.000,1,47dfa57691365b959e411618af73ed0047dfa57691365b959e411618af73ed00
360,WC000360,182,18,264,3,4,11,Vertex WorkCenter 360,WorkCenter starter record 360,503.2000,503.20,365.0000,365.0000,0,0,1,1,2026-08-24T00:00:00.000,2018-01-01T00:00:00.000,9999-12-31T00:00:00.000,1,702fd9e385725f0499c1ec2c73ef38ac702fd9e385725f0499c1ec2c73ef38ac
361,WC000361,77,19,382,7,2,10,Orion WorkCenter 361,WorkCenter starter record 361,504.5700,504.57,366.0000,366.0000,1,1,1,1,2026-08-24T00:00:00.000,2018-01-01T00:00:00.000,9999-12-31T00:00:00.000,1,831c3f5147ad550ab849b6c06d03f332831c3f5147ad550ab849b6c06d03f332
362,WC000362,475,39,421,7,1,11,Harbor WorkCenter 362,WorkCenter starter record 362,505.9400,505.94,367.0000,367.0000,1,1,1,1,2026-08-24T00:00:00.000,2018-01-01T00:00:00.000,9999-12-31T00:00:00.000,1,f9e129cac82f54e9857567e501e89c2ff9e129cac82f54e9857567e501e89c2f
363,WC000363,394,32,467,2,1,6,Granite WorkCenter 363,WorkCenter starter record 363,507.3100,507.31,368.0000,368.0000,1,1,1,1,2026-08-24T00:00:00.000,2018-01-01T00:00:00.000,9999-12-31T00:00:00.000,1,3528502178095594b7daf93004966dbb3528502178095594b7daf93004966dbb
364,WC000364,140,19,83,1,4,1,Beacon WorkCenter 364,WorkCenter starter record 364,508.6800,508.68,369.0000,369.0000,1,1,1,1,2026-08-24T00:00:00.000,2018-01-01T00:00:00.000,9999-12-31T00:00:00.000,1,bda86a1ebf90506fb828f91b86b733c6bda86a1ebf90506fb828f91b86b733c6
365,WC000365,201,2,254,7,3,7,Titan WorkCenter 365,WorkCenter starter record 365,510.0500,510.05,370.0000,370.0000,0,0,1,1,2026-08-24T00:00:00.000,2018-01-01T00:00:00.000,9999-12-31T00:00:00.000,1,177cceb9670451ac986144a2a790ac45177cceb9670451ac986144a2a790ac45
366,WC000366,206,28,412,3,1,3,Vertex WorkCenter 366,WorkCenter starter record 366,511.4200,511.42,371.0000,371.0000,1,1,1,1,2026-08-24T00:00:00.000,2018-01-01T00:00:00.000,9999-12-31T00:00:00.000,1,f2134085b59f5a66b5e47f14ae969000f2134085b59f5a66b5e47f14ae969000
367,WC000367,51,4,424,3,2,11,Quartz WorkCenter 367,WorkCenter starter record 367,512.7900,512.79,372.0000,372.0000,1,1,1,1,2026-08-24T00:00:00.000,2018-01-01T00:00:00.000,9999-12-31T00:00:00.000,1,0052f2ffb9c85203ac919554fd41182c0052f2ffb9c85203ac919554fd41182c
368,WC000368,24,5,64,3,1,12,Liberty WorkCenter 368,WorkCenter starter record 368,514.1600,514.16,373.0000,373.0000,1,1,1,1,2026-08-24T00:00:00.000,2018-01-01T00:00:00.000,9999-12-31T00:00:00.000,1,6e12d73e74aa5ee8b7d1fe5b2371049a6e12d73e74aa5ee8b7d1fe5b2371049a
369,WC000369,86,25,220,7,2,9,Junction WorkCenter 369,WorkCenter starter record 369,515.5300,515.53,374.0000,374.0000,1,1,1,1,2026-08-24T00:00:00.000,2018-01-01T00:00:00.000,9999-12-31T00:00:00.000,1,2661773b7e075dc68af7115add59c5012661773b7e075dc68af7115add59c501
370,WC000370,293,37,431,5,3,5,Pioneer WorkCenter 370,WorkCenter starter record 370,516.9000,516.90,375.0000,375.0000,0,0,1,1,2026-08-24T00:00:00.000,2018-01-01T00:00:00.000,9999-12-31T00:00:00.000,1,980627b63d795806b16ceb26cb9036f1980627b63d795806b16ceb26cb9036f1
371,WC000371,33,23,8,6,3,2,Granite WorkCenter 371,WorkCenter starter record 371,518.2700,518.27,376.0000,376.0000,1,1,1,1,2026-08-24T00:00:00.000,2018-01-01T00:00:00.000,9999-12-31T00:00:00.000,1,01d5b375d03f5cbdac24ad784234ecde01d5b375d03f5cbdac24ad784234ecde
372,WC000372,106,35,196,1,4,7,Forge WorkCenter 372,WorkCenter starter record 372,519.6400,519.64,377.0000,377.0000,1,1,1,1,2026-08-24T00:00:00.000,2018-01-01T00:00:00.000,9999-12-31T00:00:00.000,1,17cf67639b015cd99c1b3d7aafd5025b17cf67639b015cd99c1b3d7aafd5025b
373,WC000373,429,35,466,6,3,12,Liberty WorkCenter 373,WorkCenter starter record 373,521.0100,521.01,378.0000,378.0000,1,1,1,1,2026-08-24T00:00:00.000,2018-01-01T00:00:00.000,9999-12-31T00:00:00.000,1,c120d665f5a154b98d51b3a97a633c79c120d665f5a154b98d51b3a97a633c79
374,WC000374,38,1,325,7,3,7,Riverton WorkCenter 374,WorkCenter starter record 374,522.3800,522.38,379.0000,379.0000,1,1,1,1,2026-08-24T00:00:00.000,2018-01-01T00:00:00.000,9999-12-31T00:00:00.000,1,1f524bbf33a45479899dfed06d6beae71f524bbf33a45479899dfed06d6beae7
375,WC000375,306,26,434,7,2,2,Cedar WorkCenter 375,WorkCenter starter record 375,523.7500,523.75,380.0000,380.0000,0,0,1,1,2026-08-24T00:00:00.000,2018-01-01T00:00:00.000,9999-12-31T00:00:00.000,1,5795957f47775707b9214fc2aa9fac805795957f47775707b9214fc2aa9fac80
376,WC000376,236,30,432,3,3,12,Willow WorkCenter 376,WorkCenter starter record 376,525.1200,525.12,381.0000,381.0000,1,1,1,1,2026-08-24T00:00:00.000,2018-01-01T00:00:00.000,9999-12-31T00:00:00.000,1,2c286f6c1f8658bb809d0d48a8851eff2c286f6c1f8658bb809d0d48a8851eff
377,WC000377,70,35,275,1,3,8,Granite WorkCenter 377,WorkCenter starter record 377,526.4900,526.49,382.0000,382.0000,1,1,1,1,2026-08-24T00:00:00.000,2018-01-01T00:00:00.000,9999-12-31T00:00:00.000,1,1713f0b4484555c6b767d13440892a5f1713f0b4484555c6b767d13440892a5f
378,WC000378,409,33,268,1,1,11,Riverton WorkCenter 378,WorkCenter starter record 378,527.8600,527.86,383.0000,383.0000,1,1,1,1,2026-08-24T00:00:00.000,2018-01-01T00:00:00.000,9999-12-31T00:00:00.000,1,3501f8e4c82a5eb3b90dc422f3df87543501f8e4c82a5eb3b90dc422f3df8754
379,WC000379,334,6,77,6,3,2,Keystone WorkCenter 379,WorkCenter starter record 379,529.2300,529.23,384.0000,384.0000,1,1,1,1,2026-08-24T00:00:00.000,2018-01-01T00:00:00.000,9999-12-31T00:00:00.000,1,0c044d6f967752b9af8955ec878cda530c044d6f967752b9af8955ec878cda53
380,WC000380,35,17,389,4,3,12,Riverton WorkCenter 380,WorkCenter starter record 380,530.6000,530.60,385.0000,385.0000,0,0,1,1,2026-08-24T00:00:00.000,2018-01-01T00:00:00.000,9999-12-31T00:00:00.000,1,ab31e82efdf25d7bbce10e10958ade7cab31e82efdf25d7bbce10e10958ade7c
381,WC000381,27,35,238,6,4,4,Riverton WorkCenter 381,WorkCenter starter record 381,531.9700,531.97,386.0000,386.0000,1,1,1,1,2026-08-24T00:00:00.000,2018-01-01T00:00:00.000,9999-12-31T00:00:00.000,1,50da083e01615391904f0e5717081cb850da083e01615391904f0e5717081cb8
382,WC000382,82,19,218,2,1,12,Titan WorkCenter 382,WorkCenter starter record 382,533.3400,533.34,387.0000,387.0000,1,1,1,1,2026-08-24T00:00:00.000,2018-01-01T00:00:00.000,9999-12-31T00:00:00.000,1,23c8856d9a075c2eaa398a3b9dcde98b23c8856d9a075c2eaa398a3b9dcde98b
383,WC000383,385,9,70,6,2,9,Delta WorkCenter 383,WorkCenter starter record 383,534.7100,534.71,388.0000,388.0000,1,1,1,1,2026-08-24T00:00:00.000,2018-01-01T00:00:00.000,9999-12-31T00:00:00.000,1,4450ca76a7645eee9aedc90f0a0bfb924450ca76a7645eee9aedc90f0a0bfb92
384,WC000384,277,39,490,2,2,11,Orion WorkCenter 384,WorkCenter starter record 384,536.0800,536.08,389.0000,389.0000,1,1,1,1,2026-08-24T00:00:00.000,2018-01-01T00:00:00.000,9999-12-31T00:00:00.000,1,6619f93ed6405212852f1239d05999966619f93ed6405212852f1239d0599996
385,WC000385,99,20,104,1,2,8,Ion WorkCenter 385,WorkCenter starter record 385,537.4500,537.45,390.0000,390.0000,0,0,1,1,2026-08-24T00:00:00.000,2018-01-01T00:00:00.000,9999-12-31T00:00:00.000,1,a3a8970ff91f5d679c19fa64d60aca27a3a8970ff91f5d679c19fa64d60aca27
386,WC000386,6,37,66,3,4,4,Delta WorkCenter 386,WorkCenter starter record 386,538.8200,538.82,391.0000,391.0000,1,1,1,1,2026-08-24T00:00:00.000,2018-01-01T00:00:00.000,9999-12-31T00:00:00.000,1,93b9233e3b855020a18d25c9686c0adf93b9233e3b855020a18d25c9686c0adf
387,WC000387,104,39,274,5,4,11,Vertex WorkCenter 387,WorkCenter starter record 387,540.1900,540.19,392.0000,392.0000,1,1,1,1,2026-08-24T00:00:00.000,2018-01-01T00:00:00.000,9999-12-31T00:00:00.000,1,75d08ce97e8551058f99835eb1c72b3875d08ce97e8551058f99835eb1c72b38
388,WC000388,144,30,121,7,4,2,Willow WorkCenter 388,WorkCenter starter record 388,541.5600,541.56,393.0000,393.0000,1,1,1,1,2026-08-24T00:00:00.000,2018-01-01T00:00:00.000,9999-12-31T00:00:00.000,1,edc53b039a7852dba1159b8658ca75ffedc53b039a7852dba1159b8658ca75ff
389,WC000389,268,9,294,5,1,1,Atlas WorkCenter 389,WorkCenter starter record 389,542.9300,542.93,394.0000,394.0000,1,1,1,1,2026-08-24T00:00:00.000,2018-01-01T00:00:00.000,9999-12-31T00:00:00.000,1,cad8aeb6f90c56fb967e4895c73bd49fcad8aeb6f90c56fb967e4895c73bd49f
390,WC000390,129,23,8,7,4,11,Granite WorkCenter 390,WorkCenter starter record 390,544.3000,544.30,395.0000,395.0000,0,0,1,1,2026-08-24T00:00:00.000,2018-01-01T00:00:00.000,9999-12-31T00:00:00.000,1,c32d8ee48c635f99b64030aaf04e9343c32d8ee48c635f99b64030aaf04e9343
391,WC000391,486,1,59,7,4,3,Delta WorkCenter 391,WorkCenter starter record 391,545.6700,545.67,396.0000,396.0000,1,1,1,1,2026-08-24T00:00:00.000,2018-01-01T00:00:00.000,9999-12-31T00:00:00.000,1,2494b496a65c50ae956e7799b0c29f912494b496a65c50ae956e7799b0c29f91
392,WC000392,203,36,220,1,3,8,Liberty WorkCenter 392,WorkCenter starter record 392,547.0400,547.04,397.0000,397.0000,1,1,1,1,2026-08-24T00:00:00.000,2018-01-01T00:00:00.000,9999-12-31T00:00:00.000,1,12ad5dac8750559482b5b14187e27e2112ad5dac8750559482b5b14187e27e21
393,WC000393,269,8,179,4,3,9,Northstar WorkCenter 393,WorkCenter starter record 393,548.4100,548.41,398.0000,398.0000,1,1,1,1,2026-08-24T00:00:00.000,2018-01-01T00:00:00.000,9999-12-31T00:00:00.000,1,eae4ba9c1797517499a9e6f7543a62abeae4ba9c1797517499a9e6f7543a62ab
394,WC000394,149,28,69,1,4,7,Northstar WorkCenter 394,WorkCenter starter record 394,549.7800,549.78,399.0000,399.0000,1,1,1,1,2026-08-24T00:00:00.000,2018-01-01T00:00:00.000,9999-12-31T00:00:00.000,1,84775956d0c95522b2f50ed2be86a05084775956d0c95522b2f50ed2be86a050
395,WC000395,198,8,193,5,2,5,Quartz WorkCenter 395,WorkCenter starter record 395,551.1500,551.15,400.0000,400.0000,0,0,1,1,2026-08-24T00:00:00.000,2018-01-01T00:00:00.000,9999-12-31T00:00:00.000,1,6e047391b41e5c43b64932aee3533e256e047391b41e5c43b64932aee3533e25
396,WC000396,197,32,335,4,4,8,Quartz WorkCenter 396,WorkCenter starter record 396,552.5200,552.52,401.0000,401.0000,1,1,1,1,2026-08-24T00:00:00.000,2018-01-01T00:00:00.000,9999-12-31T00:00:00.000,1,561a97a1e01e5ebe9828808e19865b59561a97a1e01e5ebe9828808e19865b59
397,WC000397,136,22,159,2,4,3,Orion WorkCenter 397,WorkCenter starter record 397,553.8900,553.89,402.0000,402.0000,1,1,1,1,2026-08-24T00:00:00.000,2018-01-01T00:00:00.000,9999-12-31T00:00:00.000,1,a2382ef17e755a7d9b3f7880af885683a2382ef17e755a7d9b3f7880af885683
398,WC000398,249,2,484,6,4,4,Keystone WorkCenter 398,WorkCenter starter record 398,555.2600,555.26,403.0000,403.0000,1,1,1,1,2026-08-24T00:00:00.000,2018-01-01T00:00:00.000,9999-12-31T00:00:00.000,1,9891900fbe17510694636bdc8b5355e79891900fbe17510694636bdc8b5355e7
399,WC000399,87,17,81,5,1,4,Quartz WorkCenter 399,WorkCenter starter record 399,556.6300,556.63,404.0000,404.0000,1,1,1,1,2026-08-24T00:00:00.000,2018-01-01T00:00:00.000,9999-12-31T00:00:00.000,1,642159afa50b5ed591170e2264051782642159afa50b5ed591170e2264051782
400,WC000400,349,40,304,3,3,3,Riverton WorkCenter 400,WorkCenter starter record 400,558.0000,558.00,405.0000,405.0000,0,0,1,1,2026-08-24T00:00:00.000,2018-01-01T00:00:00.000,9999-12-31T00:00:00.000,1,b2741642aa605104be10af3289078286b2741642aa605104be10af3289078286
401,WC000401,404,23,397,2,2,8,Cedar WorkCenter 401,WorkCenter starter record 401,559.3700,559.37,406.0000,406.0000,1,1,1,1,2026-08-24T00:00:00.000,2018-01-01T00:00:00.000,9999-12-31T00:00:00.000,1,2c2dc7a044bc537699410b38573af3612c2dc7a044bc537699410b38573af361
402,WC000402,348,37,216,1,2,5,Harbor WorkCenter 402,WorkCenter starter record 402,560.7400,560.74,407.0000,407.0000,1,1,1,1,2026-08-24T00:00:00.000,2018-01-01T00:00:00.000,9999-12-31T00:00:00.000,1,9f57915b5e6359e8944dd9bdae6f70389f57915b5e6359e8944dd9bdae6f7038
403,WC000403,471,39,41,7,1,10,Meridian WorkCenter 403,WorkCenter starter record 403,562.1100,562.11,408.0000,408.0000,1,1,1,1,2026-08-24T00:00:00.000,2018-01-01T00:00:00.000,9999-12-31T00:00:00.000,1,7e42fba98f43524196ecefe1e457928c7e42fba98f43524196ecefe1e457928c
404,WC000404,167,33,263,7,4,1,Zenith WorkCenter 404,WorkCenter starter record 404,563.4800,563.48,409.0000,409.0000,1,1,1,1,2026-08-24T00:00:00.000,2018-01-01T00:00:00.000,9999-12-31T00:00:00.000,1,44458a1d3a555e8ba1dabfdffb282d8644458a1d3a555e8ba1dabfdffb282d86
405,WC000405,476,14,167,3,2,9,Willow WorkCenter 405,WorkCenter starter record 405,564.8500,564.85,410.0000,410.0000,0,0,1,1,2026-08-24T00:00:00.000,2018-01-01T00:00:00.000,9999-12-31T00:00:00.000,1,77d90e023bc65f30b476eb7632b05c4a77d90e023bc65f30b476eb7632b05c4a
406,WC000406,402,37,398,2,3,3,Pioneer WorkCenter 406,WorkCenter starter record 406,566.2200,566.22,411.0000,411.0000,1,1,1,1,2026-08-24T00:00:00.000,2018-01-01T00:00:00.000,9999-12-31T00:00:00.000,1,470744066ee052219bdfcb4bf465b033470744066ee052219bdfcb4bf465b033
407,WC000407,44,37,142,2,2,7,Vertex WorkCenter 407,WorkCenter starter record 407,567.5900,567.59,412.0000,412.0000,1,1,1,1,2026-08-24T00:00:00.000,2018-01-01T00:00:00.000,9999-12-31T00:00:00.000,1,7a67d066516055299fbb90e48928cb9e7a67d066516055299fbb90e48928cb9e
408,WC000408,83,37,146,6,3,2,Zenith WorkCenter 408,WorkCenter starter record 408,568.9600,568.96,413.0000,413.0000,1,1,1,1,2026-08-24T00:00:00.000,2018-01-01T00:00:00.000,9999-12-31T00:00:00.000,1,e9d4d6b8e0465467943988f9691cb833e9d4d6b8e0465467943988f9691cb833
409,WC000409,157,11,277,3,2,9,Orion WorkCenter 409,WorkCenter starter record 409,570.3300,570.33,414.0000,414.0000,1,1,1,1,2026-08-24T00:00:00.000,2018-01-01T00:00:00.000,9999-12-31T00:00:00.000,1,bb3cd3d74c4d5ef4b668fbde9fd10be4bb3cd3d74c4d5ef4b668fbde9fd10be4
410,WC000410,475,28,428,4,4,3,Keystone WorkCenter 410,WorkCenter starter record 410,571.7000,571.70,415.0000,415.0000,0,0,1,1,2026-08-24T00:00:00.000,2018-01-01T00:00:00.000,9999-12-31T00:00:00.000,1,9bae66a5d33f5bb59122ed78889a5e3e9bae66a5d33f5bb59122ed78889a5e3e
411,WC000411,107,8,496,1,1,3,Pioneer WorkCenter 411,WorkCenter starter record 411,573.0700,573.07,416.0000,416.0000,1,1,1,1,2026-08-24T00:00:00.000,2018-01-01T00:00:00.000,9999-12-31T00:00:00.000,1,88e2c8bea43b52cda952eef9b239db5788e2c8bea43b52cda952eef9b239db57
412,WC000412,260,23,62,3,1,10,Keystone WorkCenter 412,WorkCenter starter record 412,574.4400,574.44,417.0000,417.0000,1,1,1,1,2026-08-24T00:00:00.000,2018-01-01T00:00:00.000,9999-12-31T00:00:00.000,1,00cd0db4d73558adbc26f7d747c22a5200cd0db4d73558adbc26f7d747c22a52
413,WC000413,165,5,174,7,3,9,Keystone WorkCenter 413,WorkCenter starter record 413,575.8100,575.81,418.0000,418.0000,1,1,1,1,2026-08-24T00:00:00.000,2018-01-01T00:00:00.000,9999-12-31T00:00:00.000,1,8dd331f472e756b8a459dcef2d7e16fa8dd331f472e756b8a459dcef2d7e16fa
414,WC000414,96,12,185,3,3,2,Keystone WorkCenter 414,WorkCenter starter record 414,577.1800,577.18,419.0000,419.0000,1,1,1,1,2026-08-24T00:00:00.000,2018-01-01T00:00:00.000,9999-12-31T00:00:00.000,1,cf60764cc1ad5c48a4a4e61e24bbe2cccf60764cc1ad5c48a4a4e61e24bbe2cc
415,WC000415,271,15,371,7,4,8,Orion WorkCenter 415,WorkCenter starter record 415,578.5500,578.55,420.0000,420.0000,0,0,1,1,2026-08-24T00:00:00.000,2018-01-01T00:00:00.000,9999-12-31T00:00:00.000,1,39802cd2bbb6566a9fa80618b6a775ad39802cd2bbb6566a9fa80618b6a775ad
416,WC000416,413,19,122,2,2,1,Atlas WorkCenter 416,WorkCenter starter record 416,579.9200,579.92,421.0000,421.0000,1,1,1,1,2026-08-24T00:00:00.000,2018-01-01T00:00:00.000,9999-12-31T00:00:00.000,1,5796e097537f582ca8bdc97b9280947f5796e097537f582ca8bdc97b9280947f
417,WC000417,9,28,490,5,3,7,Junction WorkCenter 417,WorkCenter starter record 417,581.2900,581.29,422.0000,422.0000,1,1,1,1,2026-08-24T00:00:00.000,2018-01-01T00:00:00.000,9999-12-31T00:00:00.000,1,de532a962a1954d1b3532a289b59128fde532a962a1954d1b3532a289b59128f
418,WC000418,182,17,109,2,1,5,Titan WorkCenter 418,WorkCenter starter record 418,582.6600,582.66,423.0000,423.0000,1,1,1,1,2026-08-24T00:00:00.000,2018-01-01T00:00:00.000,9999-12-31T00:00:00.000,1,9977820bc9e850b38804749ca593c83b9977820bc9e850b38804749ca593c83b
419,WC000419,225,21,243,5,1,11,Unity WorkCenter 419,WorkCenter starter record 419,584.0300,584.03,424.0000,424.0000,1,1,1,1,2026-08-24T00:00:00.000,2018-01-01T00:00:00.000,9999-12-31T00:00:00.000,1,0bd76964ad305735b6c02bb543eaaca30bd76964ad305735b6c02bb543eaaca3
420,WC000420,493,15,55,3,1,9,Summit WorkCenter 420,WorkCenter starter record 420,585.4000,585.40,425.0000,425.0000,0,0,1,1,2026-08-24T00:00:00.000,2018-01-01T00:00:00.000,9999-12-31T00:00:00.000,1,2d6efb47a5a85d918f21effe96406b052d6efb47a5a85d918f21effe96406b05
421,WC000421,451,34,404,7,1,2,Keystone WorkCenter 421,WorkCenter starter record 421,586.7700,586.77,426.0000,426.0000,1,1,1,1,2026-08-24T00:00:00.000,2018-01-01T00:00:00.000,9999-12-31T00:00:00.000,1,d535debee1f35052b6aeefdd0fcaba17d535debee1f35052b6aeefdd0fcaba17
422,WC000422,378,32,237,7,1,12,Keystone WorkCenter 422,WorkCenter starter record 422,588.1400,588.14,427.0000,427.0000,1,1,1,1,2026-08-24T00:00:00.000,2018-01-01T00:00:00.000,9999-12-31T00:00:00.000,1,a33e54a75f765e11a51bef8eb32b0d48a33e54a75f765e11a51bef8eb32b0d48
423,WC000423,338,40,310,6,3,12,Harbor WorkCenter 423,WorkCenter starter record 423,589.5100,589.51,428.0000,428.0000,1,1,1,1,2026-08-24T00:00:00.000,2018-01-01T00:00:00.000,9999-12-31T00:00:00.000,1,b8562ff83bbb5aa0bf8beef32749f502b8562ff83bbb5aa0bf8beef32749f502
424,WC000424,184,34,195,6,3,10,Pioneer WorkCenter 424,WorkCenter starter record 424,590.8800,590.88,429.0000,429.0000,1,1,1,1,2026-08-24T00:00:00.000,2018-01-01T00:00:00.000,9999-12-31T00:00:00.000,1,4be329c3c665596ba8538e8932f3631e4be329c3c665596ba8538e8932f3631e
425,WC000425,203,39,276,1,1,5,Summit WorkCenter 425,WorkCenter starter record 425,592.2500,592.25,430.0000,430.0000,0,0,1,1,2026-08-24T00:00:00.000,2018-01-01T00:00:00.000,9999-12-31T00:00:00.000,1,f4b84111fa925424aa48289e95342803f4b84111fa925424aa48289e95342803
426,WC000426,291,21,126,6,1,1,Zenith WorkCenter 426,WorkCenter starter record 426,593.6200,593.62,431.0000,431.0000,1,1,1,1,2026-08-24T00:00:00.000,2018-01-01T00:00:00.000,9999-12-31T00:00:00.000,1,eb25774d171f54dcbbd17c083625a314eb25774d171f54dcbbd17c083625a314
427,WC000427,254,22,251,2,1,8,Junction WorkCenter 427,WorkCenter starter record 427,594.9900,594.99,432.0000,432.0000,1,1,1,1,2026-08-24T00:00:00.000,2018-01-01T00:00:00.000,9999-12-31T00:00:00.000,1,26e91ffdf4955884b6aae9efbeb24a4226e91ffdf4955884b6aae9efbeb24a42
428,WC000428,283,37,87,7,1,9,Zenith WorkCenter 428,WorkCenter starter record 428,596.3600,596.36,433.0000,433.0000,1,1,1,1,2026-08-24T00:00:00.000,2018-01-01T00:00:00.000,9999-12-31T00:00:00.000,1,768b581d959d51f1a2933b8c82dfb85d768b581d959d51f1a2933b8c82dfb85d
429,WC000429,397,14,410,1,4,6,Junction WorkCenter 429,WorkCenter starter record 429,597.7300,597.73,434.0000,434.0000,1,1,1,1,2026-08-24T00:00:00.000,2018-01-01T00:00:00.000,9999-12-31T00:00:00.000,1,39a44174e5a758bcb5e93264e94f744039a44174e5a758bcb5e93264e94f7440
430,WC000430,272,27,318,5,4,8,Atlas WorkCenter 430,WorkCenter starter record 430,599.1000,599.10,435.0000,435.0000,0,0,1,1,2026-08-24T00:00:00.000,2018-01-01T00:00:00.000,9999-12-31T00:00:00.000,1,c55e8f1deb115eddb10c477972977870c55e8f1deb115eddb10c477972977870
431,WC000431,474,30,119,6,2,10,Delta WorkCenter 431,WorkCenter starter record 431,600.4700,600.47,436.0000,436.0000,1,1,1,1,2026-08-24T00:00:00.000,2018-01-01T00:00:00.000,9999-12-31T00:00:00.000,1,f37e1e95670b5fb8a3c53cb0e4a8adfff37e1e95670b5fb8a3c53cb0e4a8adff
432,WC000432,102,20,415,2,1,4,Unity WorkCenter 432,WorkCenter starter record 432,601.8400,601.84,437.0000,437.0000,1,1,1,1,2026-08-24T00:00:00.000,2018-01-01T00:00:00.000,9999-12-31T00:00:00.000,1,e62219ab205f57d69587fc3e41564e66e62219ab205f57d69587fc3e41564e66
433,WC000433,468,4,109,5,4,11,Evergreen WorkCenter 433,WorkCenter starter record 433,603.2100,603.21,438.0000,438.0000,1,1,1,1,2026-08-24T00:00:00.000,2018-01-01T00:00:00.000,9999-12-31T00:00:00.000,1,5aae6bd3f81f558bb1527136f3d0d0c45aae6bd3f81f558bb1527136f3d0d0c4
434,WC000434,402,40,207,6,3,5,Willow WorkCenter 434,WorkCenter starter record 434,604.5800,604.58,439.0000,439.0000,1,1,1,1,2026-08-24T00:00:00.000,2018-01-01T00:00:00.000,9999-12-31T00:00:00.000,1,466db01553495518a5ada6bcf762d396466db01553495518a5ada6bcf762d396
435,WC000435,330,18,112,4,1,7,Riverton WorkCenter 435,WorkCenter starter record 435,605.9500,605.95,440.0000,440.0000,0,0,1,1,2026-08-24T00:00:00.000,2018-01-01T00:00:00.000,9999-12-31T00:00:00.000,1,2a371f0940105e3ca5a703a2261432ba2a371f0940105e3ca5a703a2261432ba
436,WC000436,351,20,57,7,3,1,Keystone WorkCenter 436,WorkCenter starter record 436,607.3200,607.32,441.0000,441.0000,1,1,1,1,2026-08-24T00:00:00.000,2018-01-01T00:00:00.000,9999-12-31T00:00:00.000,1,bbf21fec865e5c678f42f6d9dc84cb7abbf21fec865e5c678f42f6d9dc84cb7a
437,WC000437,159,1,312,5,1,1,Pioneer WorkCenter 437,WorkCenter starter record 437,608.6900,608.69,442.0000,442.0000,1,1,1,1,2026-08-24T00:00:00.000,2018-01-01T00:00:00.000,9999-12-31T00:00:00.000,1,654cd03fe2e25c059197c94dd776900f654cd03fe2e25c059197c94dd776900f
438,WC000438,187,17,67,2,3,9,Beacon WorkCenter 438,WorkCenter starter record 438,610.0600,610.06,443.0000,443.0000,1,1,1,1,2026-08-24T00:00:00.000,2018-01-01T00:00:00.000,9999-12-31T00:00:00.000,1,de88e3c06fd15bfda3b2c791164e4b7dde88e3c06fd15bfda3b2c791164e4b7d
439,WC000439,370,39,197,3,1,7,Beacon WorkCenter 439,WorkCenter starter record 439,611.4300,611.43,444.0000,444.0000,1,1,1,1,2026-08-24T00:00:00.000,2018-01-01T00:00:00.000,9999-12-31T00:00:00.000,1,aeea74d09a7a53c687a04e65394859edaeea74d09a7a53c687a04e65394859ed
440,WC000440,440,35,466,1,2,9,Harbor WorkCenter 440,WorkCenter starter record 440,612.8000,612.80,445.0000,445.0000,0,0,1,1,2026-08-24T00:00:00.000,2018-01-01T00:00:00.000,9999-12-31T00:00:00.000,1,37dec967d6ad5c35899c2a1f2377b9b637dec967d6ad5c35899c2a1f2377b9b6
441,WC000441,405,24,175,7,3,7,Keystone WorkCenter 441,WorkCenter starter record 441,614.1700,614.17,446.0000,446.0000,1,1,1,1,2026-08-24T00:00:00.000,2018-01-01T00:00:00.000,9999-12-31T00:00:00.000,1,7219a8163939570da7dca8febca492617219a8163939570da7dca8febca49261
442,WC000442,488,5,84,1,3,2,Zenith WorkCenter 442,WorkCenter starter record 442,615.5400,615.54,447.0000,447.0000,1,1,1,1,2026-08-24T00:00:00.000,2018-01-01T00:00:00.000,9999-12-31T00:00:00.000,1,f616a65c192459b383c3a215f38b2b01f616a65c192459b383c3a215f38b2b01
443,WC000443,373,20,469,1,1,12,Forge WorkCenter 443,WorkCenter starter record 443,616.9100,616.91,448.0000,448.0000,1,1,1,1,2026-08-24T00:00:00.000,2018-01-01T00:00:00.000,9999-12-31T00:00:00.000,1,8dfdd4418f835d28a65e87fc6dee1e4a8dfdd4418f835d28a65e87fc6dee1e4a
444,WC000444,123,12,54,2,4,6,Titan WorkCenter 444,WorkCenter starter record 444,618.2800,618.28,449.0000,449.0000,1,1,1,1,2026-08-24T00:00:00.000,2018-01-01T00:00:00.000,9999-12-31T00:00:00.000,1,5859d014ad805938932519e3480d8f675859d014ad805938932519e3480d8f67
445,WC000445,344,21,433,2,4,3,Liberty WorkCenter 445,WorkCenter starter record 445,619.6500,619.65,450.0000,450.0000,0,0,1,1,2026-08-24T00:00:00.000,2018-01-01T00:00:00.000,9999-12-31T00:00:00.000,1,f6aa823d3821538d9ac9309fb8d9ab57f6aa823d3821538d9ac9309fb8d9ab57
446,WC000446,471,16,217,6,4,4,Northstar WorkCenter 446,WorkCenter starter record 446,621.0200,621.02,451.0000,451.0000,1,1,1,1,2026-08-24T00:00:00.000,2018-01-01T00:00:00.000,9999-12-31T00:00:00.000,1,2db2f5bf64d753d6bd4f3b9451dec3a32db2f5bf64d753d6bd4f3b9451dec3a3
447,WC000447,155,10,216,1,2,4,Quartz WorkCenter 447,WorkCenter starter record 447,622.3900,622.39,452.0000,452.0000,1,1,1,1,2026-08-24T00:00:00.000,2018-01-01T00:00:00.000,9999-12-31T00:00:00.000,1,c1cc7296421d5eb9950255127a7dbe28c1cc7296421d5eb9950255127a7dbe28
448,WC000448,389,10,282,4,2,6,Liberty WorkCenter 448,WorkCenter starter record 448,623.7600,623.76,453.0000,453.0000,1,1,1,1,2026-08-24T00:00:00.000,2018-01-01T00:00:00.000,9999-12-31T00:00:00.000,1,ba1a7582bf3959b18a300e51ea9f8ea6ba1a7582bf3959b18a300e51ea9f8ea6
449,WC000449,90,2,220,7,1,12,Ion WorkCenter 449,WorkCenter starter record 449,625.1300,625.13,454.0000,454.0000,1,1,1,1,2026-08-24T00:00:00.000,2018-01-01T00:00:00.000,9999-12-31T00:00:00.000,1,a0775b403655586a84fa6be53427341ea0775b403655586a84fa6be53427341e
450,WC000450,384,13,277,2,2,4,Quartz WorkCenter 450,WorkCenter starter record 450,626.5000,626.50,455.0000,455.0000,0,0,1,1,2026-08-24T00:00:00.000,2018-01-01T00:00:00.000,9999-12-31T00:00:00.000,1,ff3d8f246ab159dca85948d327feed13ff3d8f246ab159dca85948d327feed13
451,WC000451,273,39,13,1,4,10,Orion WorkCenter 451,WorkCenter starter record 451,627.8700,627.87,456.0000,456.0000,1,1,1,1,2026-08-24T00:00:00.000,2018-01-01T00:00:00.000,9999-12-31T00:00:00.000,1,f97c91b1fc2b54339b99cdb5ec5263a5f97c91b1fc2b54339b99cdb5ec5263a5
452,WC000452,379,36,8,7,1,9,Unity WorkCenter 452,WorkCenter starter record 452,629.2400,629.24,457.0000,457.0000,1,1,1,1,2026-08-24T00:00:00.000,2018-01-01T00:00:00.000,9999-12-31T00:00:00.000,1,5861060f1dac5e719569f804e038ebd35861060f1dac5e719569f804e038ebd3
453,WC000453,476,5,211,6,4,9,Cedar WorkCenter 453,WorkCenter starter record 453,630.6100,630.61,458.0000,458.0000,1,1,1,1,2026-08-24T00:00:00.000,2018-01-01T00:00:00.000,9999-12-31T00:00:00.000,1,4daf902f06ca524f911f54ff9c64ed054daf902f06ca524f911f54ff9c64ed05
454,WC000454,463,29,255,1,2,1,Delta WorkCenter 454,WorkCenter starter record 454,631.9800,631.98,459.0000,459.0000,1,1,1,1,2026-08-24T00:00:00.000,2018-01-01T00:00:00.000,9999-12-31T00:00:00.000,1,374d7961916d5878a9cb6f68379bddca374d7961916d5878a9cb6f68379bddca
455,WC000455,385,18,241,4,4,1,Meridian WorkCenter 455,WorkCenter starter record 455,633.3500,633.35,460.0000,460.0000,0,0,1,1,2026-08-24T00:00:00.000,2018-01-01T00:00:00.000,9999-12-31T00:00:00.000,1,15b79ade95765824bb1cf14093dfc79915b79ade95765824bb1cf14093dfc799
456,WC000456,312,40,40,1,4,11,Atlas WorkCenter 456,WorkCenter starter record 456,634.7200,634.72,461.0000,461.0000,1,1,1,1,2026-08-24T00:00:00.000,2018-01-01T00:00:00.000,9999-12-31T00:00:00.000,1,18c20b3e78875fb79082561aa248503a18c20b3e78875fb79082561aa248503a
457,WC000457,463,39,74,1,1,11,Granite WorkCenter 457,WorkCenter starter record 457,636.0900,636.09,462.0000,462.0000,1,1,1,1,2026-08-24T00:00:00.000,2018-01-01T00:00:00.000,9999-12-31T00:00:00.000,1,5480c9a4331c55bfa046d74cb8a0f0b05480c9a4331c55bfa046d74cb8a0f0b0
458,WC000458,219,21,310,1,1,6,Harbor WorkCenter 458,WorkCenter starter record 458,637.4600,637.46,463.0000,463.0000,1,1,1,1,2026-08-24T00:00:00.000,2018-01-01T00:00:00.000,9999-12-31T00:00:00.000,1,35a93cdb38525d74a151bbd1b477c04335a93cdb38525d74a151bbd1b477c043
459,WC000459,30,9,55,6,3,4,Zenith WorkCenter 459,WorkCenter starter record 459,638.8300,638.83,464.0000,464.0000,1,1,1,1,2026-08-24T00:00:00.000,2018-01-01T00:00:00.000,9999-12-31T00:00:00.000,1,76e79471f6cf5e64bea2d59777eb891b76e79471f6cf5e64bea2d59777eb891b
460,WC000460,173,1,421,5,3,10,Unity WorkCenter 460,WorkCenter starter record 460,640.2000,640.20,465.0000,465.0000,0,0,1,1,2026-08-24T00:00:00.000,2018-01-01T00:00:00.000,9999-12-31T00:00:00.000,1,6400eacdf7975ed9bcdc108828c9e02f6400eacdf7975ed9bcdc108828c9e02f
461,WC000461,458,1,393,4,1,6,Keystone WorkCenter 461,WorkCenter starter record 461,641.5700,641.57,466.0000,466.0000,1,1,1,1,2026-08-24T00:00:00.000,2018-01-01T00:00:00.000,9999-12-31T00:00:00.000,1,379e46b07c5652f8a881ca89ba3f04fb379e46b07c5652f8a881ca89ba3f04fb
462,WC000462,9,4,328,3,4,8,Forge WorkCenter 462,WorkCenter starter record 462,642.9400,642.94,467.0000,467.0000,1,1,1,1,2026-08-24T00:00:00.000,2018-01-01T00:00:00.000,9999-12-31T00:00:00.000,1,d14f51f6f5bf599bb32fc2e88febdf9ed14f51f6f5bf599bb32fc2e88febdf9e
463,WC000463,62,38,237,2,2,7,Evergreen WorkCenter 463,WorkCenter starter record 463,644.3100,644.31,468.0000,468.0000,1,1,1,1,2026-08-24T00:00:00.000,2018-01-01T00:00:00.000,9999-12-31T00:00:00.000,1,60400e03854d5708a033ae6eac71bc2960400e03854d5708a033ae6eac71bc29
464,WC000464,245,18,13,5,3,9,Northstar WorkCenter 464,WorkCenter starter record 464,645.6800,645.68,469.0000,469.0000,1,1,1,1,2026-08-24T00:00:00.000,2018-01-01T00:00:00.000,9999-12-31T00:00:00.000,1,9daa600334735690b79b04e88bcb4ea29daa600334735690b79b04e88bcb4ea2
465,WC000465,256,26,36,3,2,10,Pioneer WorkCenter 465,WorkCenter starter record 465,647.0500,647.05,470.0000,470.0000,0,0,1,1,2026-08-24T00:00:00.000,2018-01-01T00:00:00.000,9999-12-31T00:00:00.000,1,1134512b90ab5b7ead7436843c4622a71134512b90ab5b7ead7436843c4622a7
466,WC000466,486,11,370,7,2,11,Junction WorkCenter 466,WorkCenter starter record 466,648.4200,648.42,471.0000,471.0000,1,1,1,1,2026-08-24T00:00:00.000,2018-01-01T00:00:00.000,9999-12-31T00:00:00.000,1,255b25cc99885de190865ea79c5fed4f255b25cc99885de190865ea79c5fed4f
467,WC000467,253,3,145,4,4,12,Unity WorkCenter 467,WorkCenter starter record 467,649.7900,649.79,472.0000,472.0000,1,1,1,1,2026-08-24T00:00:00.000,2018-01-01T00:00:00.000,9999-12-31T00:00:00.000,1,4c37413869c15e98bf264fc6766287454c37413869c15e98bf264fc676628745
468,WC000468,182,8,64,6,4,10,Northstar WorkCenter 468,WorkCenter starter record 468,651.1600,651.16,473.0000,473.0000,1,1,1,1,2026-08-24T00:00:00.000,2018-01-01T00:00:00.000,9999-12-31T00:00:00.000,1,d5436fd1a0495ebf901187276f177ea6d5436fd1a0495ebf901187276f177ea6
469,WC000469,146,39,270,4,4,1,Vertex WorkCenter 469,WorkCenter starter record 469,652.5300,652.53,474.0000,474.0000,1,1,1,1,2026-08-24T00:00:00.000,2018-01-01T00:00:00.000,9999-12-31T00:00:00.000,1,56a4ca4e648951409aed0b12dba9f64856a4ca4e648951409aed0b12dba9f648
470,WC000470,29,13,213,3,2,6,Forge WorkCenter 470,WorkCenter starter record 470,653.9000,653.90,475.0000,475.0000,0,0,1,1,2026-08-24T00:00:00.000,2018-01-01T00:00:00.000,9999-12-31T00:00:00.000,1,014ebd17c822570bb34e4b2ea155d808014ebd17c822570bb34e4b2ea155d808
471,WC000471,90,5,53,3,4,9,Summit WorkCenter 471,WorkCenter starter record 471,655.2700,655.27,476.0000,476.0000,1,1,1,1,2026-08-24T00:00:00.000,2018-01-01T00:00:00.000,9999-12-31T00:00:00.000,1,b87107e1ec3650a0bf452e2f38e7211cb87107e1ec3650a0bf452e2f38e7211c
472,WC000472,270,13,64,6,1,10,Cedar WorkCenter 472,WorkCenter starter record 472,656.6400,656.64,477.0000,477.0000,1,1,1,1,2026-08-24T00:00:00.000,2018-01-01T00:00:00.000,9999-12-31T00:00:00.000,1,702a6b7942055cfa8fef5589a3b19687702a6b7942055cfa8fef5589a3b19687
473,WC000473,340,17,428,6,2,9,Quartz WorkCenter 473,WorkCenter starter record 473,658.0100,658.01,478.0000,478.0000,1,1,1,1,2026-08-24T00:00:00.000,2018-01-01T00:00:00.000,9999-12-31T00:00:00.000,1,8284ad85dcb35d8d9a74cfedd305b1908284ad85dcb35d8d9a74cfedd305b190
474,WC000474,207,19,499,4,2,12,Willow WorkCenter 474,WorkCenter starter record 474,659.3800,659.38,479.0000,479.0000,1,1,1,1,2026-08-24T00:00:00.000,2018-01-01T00:00:00.000,9999-12-31T00:00:00.000,1,b8d41db41d8c5cc88be4ef4396f8e480b8d41db41d8c5cc88be4ef4396f8e480
475,WC000475,1,35,378,4,3,4,Pioneer WorkCenter 475,WorkCenter starter record 475,660.7500,660.75,480.0000,480.0000,0,0,1,1,2026-08-24T00:00:00.000,2018-01-01T00:00:00.000,9999-12-31T00:00:00.000,1,6f5d8a3107a356e5abb7b4750bf4b2ae6f5d8a3107a356e5abb7b4750bf4b2ae
476,WC000476,47,15,454,3,4,9,Quartz WorkCenter 476,WorkCenter starter record 476,662.1200,662.12,481.0000,481.0000,1,1,1,1,2026-08-24T00:00:00.000,2018-01-01T00:00:00.000,9999-12-31T00:00:00.000,1,896db354fd7c52919bd29ff7b2484a52896db354fd7c52919bd29ff7b2484a52
477,WC000477,393,5,422,5,1,5,Ion WorkCenter 477,WorkCenter starter record 477,663.4900,663.49,482.0000,482.0000,1,1,1,1,2026-08-24T00:00:00.000,2018-01-01T00:00:00.000,9999-12-31T00:00:00.000,1,32b442f4e359511aac0e9ed60575d89732b442f4e359511aac0e9ed60575d897
478,WC000478,128,8,185,7,2,11,Titan WorkCenter 478,WorkCenter starter record 478,664.8600,664.86,483.0000,483.0000,1,1,1,1,2026-08-24T00:00:00.000,2018-01-01T00:00:00.000,9999-12-31T00:00:00.000,1,428d46574e2452af960322a6e93b31a6428d46574e2452af960322a6e93b31a6
479,WC000479,95,18,449,2,3,4,Beacon WorkCenter 479,WorkCenter starter record 479,666.2300,666.23,484.0000,484.0000,1,1,1,1,2026-08-24T00:00:00.000,2018-01-01T00:00:00.000,9999-12-31T00:00:00.000,1,5f82358393c25e889746ca157a886cd15f82358393c25e889746ca157a886cd1
480,WC000480,352,17,419,6,2,6,Cedar WorkCenter 480,WorkCenter starter record 480,667.6000,667.60,485.0000,485.0000,0,0,1,1,2026-08-24T00:00:00.000,2018-01-01T00:00:00.000,9999-12-31T00:00:00.000,1,357d64d14cc551d799fd1bac06a1a03c357d64d14cc551d799fd1bac06a1a03c
481,WC000481,96,19,263,2,1,7,Northstar WorkCenter 481,WorkCenter starter record 481,668.9700,668.97,486.0000,486.0000,1,1,1,1,2026-08-24T00:00:00.000,2018-01-01T00:00:00.000,9999-12-31T00:00:00.000,1,819e5df7a37f5e1999e6d57d9c848027819e5df7a37f5e1999e6d57d9c848027
482,WC000482,402,20,130,5,3,11,Cedar WorkCenter 482,WorkCenter starter record 482,670.3400,670.34,487.0000,487.0000,1,1,1,1,2026-08-24T00:00:00.000,2018-01-01T00:00:00.000,9999-12-31T00:00:00.000,1,f366cacf7ba35210b3adfc5e50ecb2edf366cacf7ba35210b3adfc5e50ecb2ed
483,WC000483,438,26,146,3,4,8,Orion WorkCenter 483,WorkCenter starter record 483,671.7100,671.71,488.0000,488.0000,1,1,1,1,2026-08-24T00:00:00.000,2018-01-01T00:00:00.000,9999-12-31T00:00:00.000,1,b14c782a61005a61ba58705d89f3011ab14c782a61005a61ba58705d89f3011a
484,WC000484,355,18,226,1,4,7,Pioneer WorkCenter 484,WorkCenter starter record 484,673.0800,673.08,489.0000,489.0000,1,1,1,1,2026-08-24T00:00:00.000,2018-01-01T00:00:00.000,9999-12-31T00:00:00.000,1,e7323438e5fe5c638baaaea2a45f309de7323438e5fe5c638baaaea2a45f309d
485,WC000485,499,25,452,4,2,11,Quartz WorkCenter 485,WorkCenter starter record 485,674.4500,674.45,490.0000,490.0000,0,0,1,1,2026-08-24T00:00:00.000,2018-01-01T00:00:00.000,9999-12-31T00:00:00.000,1,79fedf81347551aeb067aeb308ed833979fedf81347551aeb067aeb308ed8339
486,WC000486,372,28,314,2,1,11,Ion WorkCenter 486,WorkCenter starter record 486,675.8200,675.82,491.0000,491.0000,1,1,1,1,2026-08-24T00:00:00.000,2018-01-01T00:00:00.000,9999-12-31T00:00:00.000,1,759d3b1bafd352b48ca297b0361db231759d3b1bafd352b48ca297b0361db231
487,WC000487,308,25,362,1,3,6,Forge WorkCenter 487,WorkCenter starter record 487,677.1900,677.19,492.0000,492.0000,1,1,1,1,2026-08-24T00:00:00.000,2018-01-01T00:00:00.000,9999-12-31T00:00:00.000,1,c99fa5b3b1f9583c94430fe2eb3b3349c99fa5b3b1f9583c94430fe2eb3b3349
488,WC000488,24,34,494,7,4,1,Summit WorkCenter 488,WorkCenter starter record 488,678.5600,678.56,493.0000,493.0000,1,1,1,1,2026-08-24T00:00:00.000,2018-01-01T00:00:00.000,9999-12-31T00:00:00.000,1,ca79ec37a3e8561b9987e53b6e3e99ddca79ec37a3e8561b9987e53b6e3e99dd
489,WC000489,266,27,478,4,4,1,Junction WorkCenter 489,WorkCenter starter record 489,679.9300,679.93,494.0000,494.0000,1,1,1,1,2026-08-24T00:00:00.000,2018-01-01T00:00:00.000,9999-12-31T00:00:00.000,1,8d143b50738e55c78a006001f365306c8d143b50738e55c78a006001f365306c
490,WC000490,270,19,346,4,1,6,Ion WorkCenter 490,WorkCenter starter record 490,681.3000,681.30,495.0000,495.0000,0,0,1,1,2026-08-24T00:00:00.000,2018-01-01T00:00:00.000,9999-12-31T00:00:00.000,1,56e4565ffda55049a55efb39ade177a156e4565ffda55049a55efb39ade177a1
491,WC000491,466,15,202,3,2,4,Liberty WorkCenter 491,WorkCenter starter record 491,682.6700,682.67,496.0000,496.0000,1,1,1,1,2026-08-24T00:00:00.000,2018-01-01T00:00:00.000,9999-12-31T00:00:00.000,1,e78ea27ea69354d6b139de524702a6c9e78ea27ea69354d6b139de524702a6c9
492,WC000492,71,25,467,7,4,7,Atlas WorkCenter 492,WorkCenter starter record 492,684.0400,684.04,497.0000,497.0000,1,1,1,1,2026-08-24T00:00:00.000,2018-01-01T00:00:00.000,9999-12-31T00:00:00.000,1,4d26743c6d5a54a8ba2c03604c364acf4d26743c6d5a54a8ba2c03604c364acf
493,WC000493,243,8,406,7,3,2,Evergreen WorkCenter 493,WorkCenter starter record 493,685.4100,685.41,498.0000,498.0000,1,1,1,1,2026-08-24T00:00:00.000,2018-01-01T00:00:00.000,9999-12-31T00:00:00.000,1,54d2509f2f1c506fbe3a8f86db1e60ef54d2509f2f1c506fbe3a8f86db1e60ef
494,WC000494,398,33,117,5,4,2,Summit WorkCenter 494,WorkCenter starter record 494,686.7800,686.78,499.0000,499.0000,1,1,1,1,2026-08-24T00:00:00.000,2018-01-01T00:00:00.000,9999-12-31T00:00:00.000,1,d627d4bcdc675b7c8d477d462b4d89fdd627d4bcdc675b7c8d477d462b4d89fd
495,WC000495,232,14,273,1,1,3,Cedar WorkCenter 495,WorkCenter starter record 495,688.1500,688.15,500.0000,500.0000,0,0,1,1,2026-08-24T00:00:00.000,2018-01-01T00:00:00.000,9999-12-31T00:00:00.000,1,de30ca09ce09583fb4ab25414e2e9bffde30ca09ce09583fb4ab25414e2e9bff
496,WC000496,70,12,128,2,4,8,Junction WorkCenter 496,WorkCenter starter record 496,689.5200,689.52,501.0000,501.0000,1,1,1,1,2026-08-24T00:00:00.000,2018-01-01T00:00:00.000,9999-12-31T00:00:00.000,1,797221aa739551c2a31b34db461528fb797221aa739551c2a31b34db461528fb
497,WC000497,57,12,239,4,4,2,Junction WorkCenter 497,WorkCenter starter record 497,690.8900,690.89,502.0000,502.0000,1,1,1,1,2026-08-24T00:00:00.000,2018-01-01T00:00:00.000,9999-12-31T00:00:00.000,1,1691350e80995f49a08c96ab5cf481191691350e80995f49a08c96ab5cf48119
498,WC000498,458,25,179,2,3,9,Cedar WorkCenter 498,WorkCenter starter record 498,692.2600,692.26,503.0000,503.0000,1,1,1,1,2026-08-24T00:00:00.000,2018-01-01T00:00:00.000,9999-12-31T00:00:00.000,1,c82ea8a952675e4ba2a026da18abea34c82ea8a952675e4ba2a026da18abea34
499,WC000499,260,13,153,2,2,2,Atlas WorkCenter 499,WorkCenter starter record 499,693.6300,693.63,504.0000,504.0000,1,1,1,1,2026-08-24T00:00:00.000,2018-01-01T00:00:00.000,9999-12-31T00:00:00.000,1,7fbdb0b822ab5469869bf96a0cd019227fbdb0b822ab5469869bf96a0cd01922
500,WC000500,481,22,165,5,1,11,Northstar WorkCenter 500,WorkCenter starter record 500,695.0000,695.00,505.0000,505.0000,0,0,1,1,2026-08-24T00:00:00.000,2018-01-01T00:00:00.000,9999-12-31T00:00:00.000,1,3d71c8089c5256c49f8487897266bbc13d71c8089c5256c49f8487897266bbc1
